title_supplier,artist,title_norm,author_norm,title_ref,author,author_norm_supplier,author_norm_ref,provider,file
Terremoto,"Gloria Groove,Lia Clark",terremoto,,TERREMOTO,T-307.297.647-3,"gloria groove,lia clark",t-307.297.647-3,Clipes Unificados_nov Dez 2023,Clipes Unificados_nov Dez 2023.xlsx
Vagabundo,Aretuza Lovi,vagabundo,,VAGABUNDO,T-303.761.712-8,aretuza lovi,t-303.761.712-8,Clipes Unificados_nov Dez 2023,Clipes Unificados_nov Dez 2023.xlsx
Vagabundo,Aretuza Lovi,vagabundo,,VAGABUNDO,,aretuza lovi,nan,Clipes Unificados_nov Dez 2023,Clipes Unificados_nov Dez 2023.xlsx
Meu Mundo,Orochi,meu mundo,,MEU MUNDO,,orochi,nan,Clipes Unificados_nov Dez 2023,Clipes Unificados_nov Dez 2023.xlsx
Reverse,Azzy,reverse,,REVERSE,,azzy,nan,Clipes Unificados_nov Dez 2023,Clipes Unificados_nov Dez 2023.xlsx
Sereia,Orochi,sereia,,SEREIA,T-316.183.205-5,orochi,t-316.183.205-5,Clipes Unificados_nov Dez 2023,Clipes Unificados_nov Dez 2023.xlsx
Sereia,Orochi,sereia,,SEREIA,T-324.241.294-4,orochi,t-324.241.294-4,Clipes Unificados_nov Dez 2023,Clipes Unificados_nov Dez 2023.xlsx
Tanto Faz,Orochi,tanto faz,,TANTO FAZ,,orochi,nan,Clipes Unificados_nov Dez 2023,Clipes Unificados_nov Dez 2023.xlsx
Agô,Majur,ago,,AGÔ,,majur,nan,Clipes Unificados_nov Dez 2023,Clipes Unificados_nov Dez 2023.xlsx
Mob,Fenda,mob,,MOB,T-321.926.585-3,fenda,t-321.926.585-3,Clipes Unificados_nov Dez 2023,Clipes Unificados_nov Dez 2023.xlsx
Colombina,Ed Motta,colombina,,COLOMBINA,T-932.738.152-2,ed motta,t-932.738.152-2,Clipes Unificados_nov Dez 2023,Clipes Unificados_nov Dez 2023.xlsx
Fora Da Lei,Ed Motta,fora da lei,,FORA DA LEI,T-931.477.257-1,ed motta,t-931.477.257-1,Clipes Unificados_nov Dez 2023,Clipes Unificados_nov Dez 2023.xlsx
Fora Da Lei,Ed Motta,fora da lei,,FORA DA LEI,T-324.241.341-4,ed motta,t-324.241.341-4,Clipes Unificados_nov Dez 2023,Clipes Unificados_nov Dez 2023.xlsx
Deja Vu,Day,deja vu,,DÉJÀ VU,T-308.187.765-4,day,t-308.187.765-4,Clipes Unificados_nov Dez 2023,Clipes Unificados_nov Dez 2023.xlsx
Máscara,Day,mascara,,MÁSCARA,,day,nan,Clipes Unificados_nov Dez 2023,Clipes Unificados_nov Dez 2023.xlsx
Teto De Vidro,Day,teto de vidro,,TETO DE VIDRO,T-321.537.364-7,day,t-321.537.364-7,Clipes Unificados_nov Dez 2023,Clipes Unificados_nov Dez 2023.xlsx
Terremoto,"Gloria Groove,Lia Clark",terremoto,,TERREMOTO,T-307.297.647-3,"gloria groove,lia clark",t-307.297.647-3,Clipes Unificados_nov Dez 2023,Clipes Unificados_nov Dez 2023.xlsx
Vagabundo,Aretuza Lovi,vagabundo,,VAGABUNDO,T-303.761.712-8,aretuza lovi,t-303.761.712-8,Clipes Unificados_nov Dez 2023,Clipes Unificados_nov Dez 2023.xlsx
Vagabundo,Aretuza Lovi,vagabundo,,VAGABUNDO,,aretuza lovi,nan,Clipes Unificados_nov Dez 2023,Clipes Unificados_nov Dez 2023.xlsx
Meu Mundo,Orochi,meu mundo,,MEU MUNDO,,orochi,nan,Clipes Unificados_nov Dez 2023,Clipes Unificados_nov Dez 2023.xlsx
Reverse,Azzy,reverse,,REVERSE,,azzy,nan,Clipes Unificados_nov Dez 2023,Clipes Unificados_nov Dez 2023.xlsx
Sereia,Orochi,sereia,,SEREIA,T-316.183.205-5,orochi,t-316.183.205-5,Clipes Unificados_nov Dez 2023,Clipes Unificados_nov Dez 2023.xlsx
Sereia,Orochi,sereia,,SEREIA,T-324.241.294-4,orochi,t-324.241.294-4,Clipes Unificados_nov Dez 2023,Clipes Unificados_nov Dez 2023.xlsx
Tanto Faz,Orochi,tanto faz,,TANTO FAZ,,orochi,nan,Clipes Unificados_nov Dez 2023,Clipes Unificados_nov Dez 2023.xlsx
Confesso,Ana Gabriela,confesso,,CONFESSO,T-324.068.646-4,ana gabriela,t-324.068.646-4,Clipes Unificados_nov Dez 2023,Clipes Unificados_nov Dez 2023.xlsx
Tudo E Mais Um Pouco,Ana Gabriela,tudo e mais um pouco,,TUDO E MAIS UM POUCO,T-040.427.533-7,ana gabriela,t-040.427.533-7,Clipes Unificados_nov Dez 2023,Clipes Unificados_nov Dez 2023.xlsx
Deja Vu,Day,deja vu,,DÉJÀ VU,T-308.187.765-4,day,t-308.187.765-4,Clipes Unificados_nov Dez 2023,Clipes Unificados_nov Dez 2023.xlsx
Máscara,Day,mascara,,MÁSCARA,,day,nan,Clipes Unificados_nov Dez 2023,Clipes Unificados_nov Dez 2023.xlsx
Teto De Vidro,Day,teto de vidro,,TETO DE VIDRO,T-321.537.364-7,day,t-321.537.364-7,Clipes Unificados_nov Dez 2023,Clipes Unificados_nov Dez 2023.xlsx
Estações,Haikaiss,estacoes,,ESTACOES,T-307.587.838-1,haikaiss,t-307.587.838-1,Clipes Unificados_nov Dez 2023,Clipes Unificados_nov Dez 2023.xlsx
Estações,Haikaiss,estacoes,,ESTAÇÕES,T-332.348.889-3,haikaiss,t-332.348.889-3,Clipes Unificados_nov Dez 2023,Clipes Unificados_nov Dez 2023.xlsx
Gangorra,Haikaiss,gangorra,,GANGORRA,T-040.511.906-3,haikaiss,t-040.511.906-3,Clipes Unificados_nov Dez 2023,Clipes Unificados_nov Dez 2023.xlsx
Gangorra,Haikaiss,gangorra,,GANGORRA,,haikaiss,nan,Clipes Unificados_nov Dez 2023,Clipes Unificados_nov Dez 2023.xlsx
Ninguém Ama Os Náufragos,Haikaiss,ninguem ama os naufragos,,NINGUÉM AMA OS NÁUFRAGOS,T-311.596.058-8,haikaiss,t-311.596.058-8,Clipes Unificados_nov Dez 2023,Clipes Unificados_nov Dez 2023.xlsx
Terremoto,"Gloria Groove,Lia Clark",terremoto,,TERREMOTO,T-307.297.647-3,"gloria groove,lia clark",t-307.297.647-3,Clipes Unificados_nov Dez 2023,Clipes Unificados_nov Dez 2023.xlsx
Vagabundo,Aretuza Lovi,vagabundo,,VAGABUNDO,T-303.761.712-8,aretuza lovi,t-303.761.712-8,Clipes Unificados_nov Dez 2023,Clipes Unificados_nov Dez 2023.xlsx
Vagabundo,Aretuza Lovi,vagabundo,,VAGABUNDO,,aretuza lovi,nan,Clipes Unificados_nov Dez 2023,Clipes Unificados_nov Dez 2023.xlsx
Agô,Majur,ago,,AGÔ,,majur,nan,Clipes Unificados_nov Dez 2023,Clipes Unificados_nov Dez 2023.xlsx
Mob,Fenda,mob,,MOB,T-321.926.585-3,fenda,t-321.926.585-3,Clipes Unificados_nov Dez 2023,Clipes Unificados_nov Dez 2023.xlsx
Delírio,Roberta Sá,delirio,,DELIRIO,T-301.566.979-7,roberta sa,t-301.566.979-7,Clipes Unificados_nov Dez 2023,Clipes Unificados_nov Dez 2023.xlsx
Colombina,Ed Motta,colombina,,COLOMBINA,T-932.738.152-2,ed motta,t-932.738.152-2,Clipes Unificados_nov Dez 2023,Clipes Unificados_nov Dez 2023.xlsx
Fora Da Lei,Ed Motta,fora da lei,,FORA DA LEI,T-931.477.257-1,ed motta,t-931.477.257-1,Clipes Unificados_nov Dez 2023,Clipes Unificados_nov Dez 2023.xlsx
Fora Da Lei,Ed Motta,fora da lei,,FORA DA LEI,T-324.241.341-4,ed motta,t-324.241.341-4,Clipes Unificados_nov Dez 2023,Clipes Unificados_nov Dez 2023.xlsx
Mob,Fenda,mob,,MOB,T-321.926.585-3,fenda,t-321.926.585-3,Clipes Unificados_nov Dez 2023,Clipes Unificados_nov Dez 2023.xlsx
Terremoto,"Gloria Groove,Lia Clark",terremoto,,TERREMOTO,T-307.297.647-3,"gloria groove,lia clark",t-307.297.647-3,Clipes Unificados_nov Dez 2023,Clipes Unificados_nov Dez 2023.xlsx
Vagabundo,Aretuza Lovi,vagabundo,,VAGABUNDO,T-303.761.712-8,aretuza lovi,t-303.761.712-8,Clipes Unificados_nov Dez 2023,Clipes Unificados_nov Dez 2023.xlsx
Vagabundo,Aretuza Lovi,vagabundo,,VAGABUNDO,,aretuza lovi,nan,Clipes Unificados_nov Dez 2023,Clipes Unificados_nov Dez 2023.xlsx
Temporal,Marina Sena,temporal,,TEMPORAL,T-307.003.180-6,marina sena,t-307.003.180-6,Clipes Unificados_nov Dez 2023,Clipes Unificados_nov Dez 2023.xlsx
Me Chama,"Leo Gandelman,Lobão",me chama,,ME CHAMA,T-311.953.645-3,"leo gandelman,lobao",t-311.953.645-3,Clipes Unificados_nov Dez 2023,Clipes Unificados_nov Dez 2023.xlsx
Eu Sei,Gabriel Elias,eu sei,,EU SEI,T-323.310.474-6,gabriel elias,t-323.310.474-6,Clipes Unificados_nov Dez 2023,Clipes Unificados_nov Dez 2023.xlsx
Vamos Fugir,Gabriel Elias,vamos fugir,,VAMOS FUGIR,T-305.415.581-2,gabriel elias,t-305.415.581-2,Clipes Unificados_nov Dez 2023,Clipes Unificados_nov Dez 2023.xlsx
Temporal,Marina Sena,temporal,,TEMPORAL,T-307.003.180-6,marina sena,t-307.003.180-6,Clipes Unificados_nov Dez 2023,Clipes Unificados_nov Dez 2023.xlsx
Welcome,Yoùn,welcome,,WELCOME,,youn,nan,Clipes Unificados_nov Dez 2023,Clipes Unificados_nov Dez 2023.xlsx
Me Chama,"Leo Gandelman,Lobão",me chama,,ME CHAMA,T-311.953.645-3,"leo gandelman,lobao",t-311.953.645-3,Clipes Unificados_nov Dez 2023,Clipes Unificados_nov Dez 2023.xlsx
Welcome,Yoùn,welcome,,WELCOME,,youn,nan,Clipes Unificados_nov Dez 2023,Clipes Unificados_nov Dez 2023.xlsx
Visceral,Fran,visceral,,VISCERAL,,fran,nan,Clipes Unificados_nov Dez 2023,Clipes Unificados_nov Dez 2023.xlsx
Camomila,Kell Smith,camomila,,CAMOMILA,T-322.010.798-8,kell smith,t-322.010.798-8,Clipes Unificados_nov Dez 2023,Clipes Unificados_nov Dez 2023.xlsx
Visceral,Fran,visceral,,VISCERAL,,fran,nan,Clipes Unificados_nov Dez 2023,Clipes Unificados_nov Dez 2023.xlsx
Camomila,Kell Smith,camomila,,CAMOMILA,T-322.010.798-8,kell smith,t-322.010.798-8,Clipes Unificados_nov Dez 2023,Clipes Unificados_nov Dez 2023.xlsx
Carolina,Rodrigo Lampreia,carolina,,CAROLINA,,rodrigo lampreia,nan,Clipes Unificados_nov Dez 2023,Clipes Unificados_nov Dez 2023.xlsx
Felicidade,Rodrigo Lampreia,felicidade,,FELICIDADE,,rodrigo lampreia,nan,Clipes Unificados_nov Dez 2023,Clipes Unificados_nov Dez 2023.xlsx
Eu Sei,Gabriel Elias,eu sei,,EU SEI,T-323.310.474-6,gabriel elias,t-323.310.474-6,Clipes Unificados_nov Dez 2023,Clipes Unificados_nov Dez 2023.xlsx
Vamos Fugir,Gabriel Elias,vamos fugir,,VAMOS FUGIR,T-305.415.581-2,gabriel elias,t-305.415.581-2,Clipes Unificados_nov Dez 2023,Clipes Unificados_nov Dez 2023.xlsx
Camomila,Kell Smith,camomila,,CAMOMILA,T-322.010.798-8,kell smith,t-322.010.798-8,Clipes Unificados_nov Dez 2023,Clipes Unificados_nov Dez 2023.xlsx
Carolina,Rodrigo Lampreia,carolina,,CAROLINA,,rodrigo lampreia,nan,Clipes Unificados_nov Dez 2023,Clipes Unificados_nov Dez 2023.xlsx
Felicidade,Rodrigo Lampreia,felicidade,,FELICIDADE,,rodrigo lampreia,nan,Clipes Unificados_nov Dez 2023,Clipes Unificados_nov Dez 2023.xlsx
Temporal,Marina Sena,temporal,,TEMPORAL,T-307.003.180-6,marina sena,t-307.003.180-6,Clipes Unificados_nov Dez 2023,Clipes Unificados_nov Dez 2023.xlsx
Welcome,Yoùn,welcome,,WELCOME,,youn,nan,Clipes Unificados_nov Dez 2023,Clipes Unificados_nov Dez 2023.xlsx
Visceral,Fran,visceral,,VISCERAL,,fran,nan,Clipes Unificados_nov Dez 2023,Clipes Unificados_nov Dez 2023.xlsx
Penumbra,Djonga,penumbra,,PENUMBRA,T-040.011.904-1,djonga,t-040.011.904-1,Clipes Unificados_nov Dez 2023,Clipes Unificados_nov Dez 2023.xlsx
Me Chama,"Leo Gandelman,Lobão",me chama,,ME CHAMA,T-311.953.645-3,"leo gandelman,lobao",t-311.953.645-3,Clipes Unificados_nov Dez 2023,Clipes Unificados_nov Dez 2023.xlsx
Carolina,Rodrigo Lampreia,carolina,,CAROLINA,,rodrigo lampreia,nan,Clipes Unificados_nov Dez 2023,Clipes Unificados_nov Dez 2023.xlsx
Felicidade,Rodrigo Lampreia,felicidade,,FELICIDADE,,rodrigo lampreia,nan,Clipes Unificados_nov Dez 2023,Clipes Unificados_nov Dez 2023.xlsx
Tentação,Drik Barbosa,tentacao,,TENTAÇÃO,T-322.163.164-3,drik barbosa,t-322.163.164-3,Clipes Unificados_nov Dez 2023,Clipes Unificados_nov Dez 2023.xlsx
Te Amo,Morenna,te amo,,TE AMO,,morenna,nan,Clipes Unificados_nov Dez 2023,Clipes Unificados_nov Dez 2023.xlsx
Tentação,Drik Barbosa,tentacao,,TENTAÇÃO,T-322.163.164-3,drik barbosa,t-322.163.164-3,Clipes Unificados_nov Dez 2023,Clipes Unificados_nov Dez 2023.xlsx
Te Amo,Morenna,te amo,,TE AMO,,morenna,nan,Clipes Unificados_nov Dez 2023,Clipes Unificados_nov Dez 2023.xlsx
Oi,Sd9,oi,,OI,,sd9,nan,Clipes Unificados_nov Dez 2023,Clipes Unificados_nov Dez 2023.xlsx
Miragem,Karinah,miragem,,MIRAGEM,T-305.619.017-7,karinah,t-305.619.017-7,Clipes Unificados_nov Dez 2023,Clipes Unificados_nov Dez 2023.xlsx
Miragem,Karinah,miragem,,MIRAGEM,,karinah,nan,Clipes Unificados_nov Dez 2023,Clipes Unificados_nov Dez 2023.xlsx
Oi,Sd9,oi,,OI,,sd9,nan,Clipes Unificados_nov Dez 2023,Clipes Unificados_nov Dez 2023.xlsx
Miragem,Karinah,miragem,,MIRAGEM,T-305.619.017-7,karinah,t-305.619.017-7,Clipes Unificados_nov Dez 2023,Clipes Unificados_nov Dez 2023.xlsx
Miragem,Karinah,miragem,,MIRAGEM,,karinah,nan,Clipes Unificados_nov Dez 2023,Clipes Unificados_nov Dez 2023.xlsx
Se Joga,Lary,se joga,,SE JOGA,T-931.480.187-1,lary,t-931.480.187-1,Clipes Unificados_nov Dez 2023,Clipes Unificados_nov Dez 2023.xlsx
Se Joga,Lary,se joga,,SE JOGA,T-931.480.187-1,lary,t-931.480.187-1,Clipes Unificados_nov Dez 2023,Clipes Unificados_nov Dez 2023.xlsx
Fica,Lukinhas,fica,,FICA,,lukinhas,nan,Clipes Unificados_nov Dez 2023,Clipes Unificados_nov Dez 2023.xlsx
Sinais,Lukinhas,sinais,,SINAIS,T-039.662.232-4,lukinhas,t-039.662.232-4,Clipes Unificados_nov Dez 2023,Clipes Unificados_nov Dez 2023.xlsx
Talvez,Lukinhas,talvez,,TALVEZ,T-039.758.808-7,lukinhas,t-039.758.808-7,Clipes Unificados_nov Dez 2023,Clipes Unificados_nov Dez 2023.xlsx
Talvez,Lukinhas,talvez,,TALVEZ,T-040.081.810-1,lukinhas,t-040.081.810-1,Clipes Unificados_nov Dez 2023,Clipes Unificados_nov Dez 2023.xlsx
Utopia,Lukinhas,utopia,,UTOPIA,T-040.522.248-1,lukinhas,t-040.522.248-1,Clipes Unificados_nov Dez 2023,Clipes Unificados_nov Dez 2023.xlsx
Utopia,Lukinhas,utopia,,UTOPIA,T-329.283.611-0,lukinhas,t-329.283.611-0,Clipes Unificados_nov Dez 2023,Clipes Unificados_nov Dez 2023.xlsx
Miragem,Karinah,miragem,,MIRAGEM,T-305.619.017-7,karinah,t-305.619.017-7,Clipes Unificados_nov Dez 2023,Clipes Unificados_nov Dez 2023.xlsx
Miragem,Karinah,miragem,,MIRAGEM,,karinah,nan,Clipes Unificados_nov Dez 2023,Clipes Unificados_nov Dez 2023.xlsx
Se Joga,Lary,se joga,,SE JOGA,T-931.480.187-1,lary,t-931.480.187-1,Clipes Unificados_nov Dez 2023,Clipes Unificados_nov Dez 2023.xlsx
Fica,Lukinhas,fica,,FICA,,lukinhas,nan,Clipes Unificados_nov Dez 2023,Clipes Unificados_nov Dez 2023.xlsx
Sinais,Lukinhas,sinais,,SINAIS,T-039.662.232-4,lukinhas,t-039.662.232-4,Clipes Unificados_nov Dez 2023,Clipes Unificados_nov Dez 2023.xlsx
Talvez,Lukinhas,talvez,,TALVEZ,T-039.758.808-7,lukinhas,t-039.758.808-7,Clipes Unificados_nov Dez 2023,Clipes Unificados_nov Dez 2023.xlsx
Talvez,Lukinhas,talvez,,TALVEZ,T-040.081.810-1,lukinhas,t-040.081.810-1,Clipes Unificados_nov Dez 2023,Clipes Unificados_nov Dez 2023.xlsx
Utopia,Lukinhas,utopia,,UTOPIA,T-040.522.248-1,lukinhas,t-040.522.248-1,Clipes Unificados_nov Dez 2023,Clipes Unificados_nov Dez 2023.xlsx
Utopia,Lukinhas,utopia,,UTOPIA,T-329.283.611-0,lukinhas,t-329.283.611-0,Clipes Unificados_nov Dez 2023,Clipes Unificados_nov Dez 2023.xlsx
Tentação,Drik Barbosa,tentacao,,TENTAÇÃO,T-322.163.164-3,drik barbosa,t-322.163.164-3,Clipes Unificados_nov Dez 2023,Clipes Unificados_nov Dez 2023.xlsx
Te Amo,Morenna,te amo,,TE AMO,,morenna,nan,Clipes Unificados_nov Dez 2023,Clipes Unificados_nov Dez 2023.xlsx
Oi,Sd9,oi,,OI,,sd9,nan,Clipes Unificados_nov Dez 2023,Clipes Unificados_nov Dez 2023.xlsx
Fica,Lukinhas,fica,,FICA,,lukinhas,nan,Clipes Unificados_nov Dez 2023,Clipes Unificados_nov Dez 2023.xlsx
Sinais,Lukinhas,sinais,,SINAIS,T-039.662.232-4,lukinhas,t-039.662.232-4,Clipes Unificados_nov Dez 2023,Clipes Unificados_nov Dez 2023.xlsx
Talvez,Lukinhas,talvez,,TALVEZ,T-039.758.808-7,lukinhas,t-039.758.808-7,Clipes Unificados_nov Dez 2023,Clipes Unificados_nov Dez 2023.xlsx
Talvez,Lukinhas,talvez,,TALVEZ,T-040.081.810-1,lukinhas,t-040.081.810-1,Clipes Unificados_nov Dez 2023,Clipes Unificados_nov Dez 2023.xlsx
Utopia,Lukinhas,utopia,,UTOPIA,T-040.522.248-1,lukinhas,t-040.522.248-1,Clipes Unificados_nov Dez 2023,Clipes Unificados_nov Dez 2023.xlsx
Utopia,Lukinhas,utopia,,UTOPIA,T-329.283.611-0,lukinhas,t-329.283.611-0,Clipes Unificados_nov Dez 2023,Clipes Unificados_nov Dez 2023.xlsx
Salve,Tasha & Tracie,salve,,SALVE,T-040.396.795-2,tasha & tracie,t-040.396.795-2,Clipes Unificados_nov Dez 2023,Clipes Unificados_nov Dez 2023.xlsx
Salve,Tasha & Tracie,salve,,SALVE,,tasha & tracie,nan,Clipes Unificados_nov Dez 2023,Clipes Unificados_nov Dez 2023.xlsx
Salve,Tasha & Tracie,salve,,SALVE,T-316.303.285-3,tasha & tracie,t-316.303.285-3,Clipes Unificados_nov Dez 2023,Clipes Unificados_nov Dez 2023.xlsx
Morena,Vitor Kley,morena,,MORENA,,vitor kley,nan,Clipes Unificados_nov Dez 2023,Clipes Unificados_nov Dez 2023.xlsx
Morena,Vitor Kley,morena,,MORENA,T-312.550.698-7,vitor kley,t-312.550.698-7,Clipes Unificados_nov Dez 2023,Clipes Unificados_nov Dez 2023.xlsx
Salve,Tasha & Tracie,salve,,SALVE,T-040.396.795-2,tasha & tracie,t-040.396.795-2,Clipes Unificados_nov Dez 2023,Clipes Unificados_nov Dez 2023.xlsx
Salve,Tasha & Tracie,salve,,SALVE,,tasha & tracie,nan,Clipes Unificados_nov Dez 2023,Clipes Unificados_nov Dez 2023.xlsx
Salve,Tasha & Tracie,salve,,SALVE,T-316.303.285-3,tasha & tracie,t-316.303.285-3,Clipes Unificados_nov Dez 2023,Clipes Unificados_nov Dez 2023.xlsx
Eu Te Avisei,Mc Cabelinho,eu te avisei,,EU TE AVISEI,,mc cabelinho,nan,Clipes Unificados_nov Dez 2023,Clipes Unificados_nov Dez 2023.xlsx
Morena,Vitor Kley,morena,,MORENA,,vitor kley,nan,Clipes Unificados_nov Dez 2023,Clipes Unificados_nov Dez 2023.xlsx
Morena,Vitor Kley,morena,,MORENA,T-312.550.698-7,vitor kley,t-312.550.698-7,Clipes Unificados_nov Dez 2023,Clipes Unificados_nov Dez 2023.xlsx
Agora,Antonia Morais,agora,,AGORA,T-040.285.611-4,antonia morais,t-040.285.611-4,Clipes Unificados_nov Dez 2023,Clipes Unificados_nov Dez 2023.xlsx
Eu Te Avisei,Mc Cabelinho,eu te avisei,,EU TE AVISEI,,mc cabelinho,nan,Clipes Unificados_nov Dez 2023,Clipes Unificados_nov Dez 2023.xlsx
Armadilha,Juliana Linhares,armadilha,,ARMADILHA,,juliana linhares,nan,Clipes Unificados_nov Dez 2023,Clipes Unificados_nov Dez 2023.xlsx
Agora,Antonia Morais,agora,,AGORA,T-040.285.611-4,antonia morais,t-040.285.611-4,Clipes Unificados_nov Dez 2023,Clipes Unificados_nov Dez 2023.xlsx
Armadilha,Juliana Linhares,armadilha,,ARMADILHA,,juliana linhares,nan,Clipes Unificados_nov Dez 2023,Clipes Unificados_nov Dez 2023.xlsx
Agora,Antonia Morais,agora,,AGORA,T-040.285.611-4,antonia morais,t-040.285.611-4,Clipes Unificados_nov Dez 2023,Clipes Unificados_nov Dez 2023.xlsx
Salve,Tasha & Tracie,salve,,SALVE,T-040.396.795-2,tasha & tracie,t-040.396.795-2,Clipes Unificados_nov Dez 2023,Clipes Unificados_nov Dez 2023.xlsx
Salve,Tasha & Tracie,salve,,SALVE,,tasha & tracie,nan,Clipes Unificados_nov Dez 2023,Clipes Unificados_nov Dez 2023.xlsx
Salve,Tasha & Tracie,salve,,SALVE,T-316.303.285-3,tasha & tracie,t-316.303.285-3,Clipes Unificados_nov Dez 2023,Clipes Unificados_nov Dez 2023.xlsx
Eu Te Avisei,Mc Cabelinho,eu te avisei,,EU TE AVISEI,,mc cabelinho,nan,Clipes Unificados_nov Dez 2023,Clipes Unificados_nov Dez 2023.xlsx
Armadilha,Juliana Linhares,armadilha,,ARMADILHA,,juliana linhares,nan,Clipes Unificados_nov Dez 2023,Clipes Unificados_nov Dez 2023.xlsx
Morena,Vitor Kley,morena,,MORENA,,vitor kley,nan,Clipes Unificados_nov Dez 2023,Clipes Unificados_nov Dez 2023.xlsx
Morena,Vitor Kley,morena,,MORENA,T-312.550.698-7,vitor kley,t-312.550.698-7,Clipes Unificados_nov Dez 2023,Clipes Unificados_nov Dez 2023.xlsx
Se,Dani Black,se,,SE,T-306.925.949-6,dani black,t-306.925.949-6,Clipes Unificados_nov Dez 2023,Clipes Unificados_nov Dez 2023.xlsx
Mais Uma Vez,"Jota Quest,Maria Gadú",mais uma vez,,MAIS UMA VEZ,T-330.191.320-8,"jota quest,maria gadu",t-330.191.320-8,Clipes Unificados_nov Dez 2023,Clipes Unificados_nov Dez 2023.xlsx
Carcará,Otto,carcara,,CARCARA,T-040.347.911-7,otto,t-040.347.911-7,Clipes Unificados_nov Dez 2023,Clipes Unificados_nov Dez 2023.xlsx
Carcará,Otto,carcara,,CARCARÁ,T-308.468.519-4,otto,t-308.468.519-4,Clipes Unificados_nov Dez 2023,Clipes Unificados_nov Dez 2023.xlsx
Se,Dani Black,se,,SE,T-306.925.949-6,dani black,t-306.925.949-6,Clipes Unificados_nov Dez 2023,Clipes Unificados_nov Dez 2023.xlsx
Linha De Frente,Cpm 22,linha de frente,,LINHA DE FRENTE,T-308.636.270-7,cpm 22,t-308.636.270-7,Clipes Unificados_nov Dez 2023,Clipes Unificados_nov Dez 2023.xlsx
Carcará,Otto,carcara,,CARCARA,T-040.347.911-7,otto,t-040.347.911-7,Clipes Unificados_nov Dez 2023,Clipes Unificados_nov Dez 2023.xlsx
Carcará,Otto,carcara,,CARCARÁ,T-308.468.519-4,otto,t-308.468.519-4,Clipes Unificados_nov Dez 2023,Clipes Unificados_nov Dez 2023.xlsx
Namora Comigo,Moska,namora comigo,,NAMORA COMIGO,T-317.623.017-0,moska,t-317.623.017-0,Clipes Unificados_nov Dez 2023,Clipes Unificados_nov Dez 2023.xlsx
Trevo,Anavitória,trevo,,TREVO,T-335.572.092-8,anavitoria,t-335.572.092-8,Clipes Unificados_nov Dez 2023,Clipes Unificados_nov Dez 2023.xlsx
Jovem,Julio Secchin,jovem,,JOVEM,T-333.655.332-9,julio secchin,t-333.655.332-9,Clipes Unificados_nov Dez 2023,Clipes Unificados_nov Dez 2023.xlsx
Linha De Frente,Cpm 22,linha de frente,,LINHA DE FRENTE,T-308.636.270-7,cpm 22,t-308.636.270-7,Clipes Unificados_nov Dez 2023,Clipes Unificados_nov Dez 2023.xlsx
Namora Comigo,Moska,namora comigo,,NAMORA COMIGO,T-317.623.017-0,moska,t-317.623.017-0,Clipes Unificados_nov Dez 2023,Clipes Unificados_nov Dez 2023.xlsx
Trevo,Anavitória,trevo,,TREVO,T-335.572.092-8,anavitoria,t-335.572.092-8,Clipes Unificados_nov Dez 2023,Clipes Unificados_nov Dez 2023.xlsx
Sol,Bebé Salvego,sol,,SOL,,bebe salvego,nan,Clipes Unificados_nov Dez 2023,Clipes Unificados_nov Dez 2023.xlsx
Linha De Frente,Cpm 22,linha de frente,,LINHA DE FRENTE,T-308.636.270-7,cpm 22,t-308.636.270-7,Clipes Unificados_nov Dez 2023,Clipes Unificados_nov Dez 2023.xlsx
Caos,Titãs,caos,,CAOS,T-039.593.535-9,titas,t-039.593.535-9,Clipes Unificados_nov Dez 2023,Clipes Unificados_nov Dez 2023.xlsx
Caos,Titãs,caos,,CAOS,T-322.966.870-2,titas,t-322.966.870-2,Clipes Unificados_nov Dez 2023,Clipes Unificados_nov Dez 2023.xlsx
Caos,Titãs,caos,,CAOS,T-335.571.856-4,titas,t-335.571.856-4,Clipes Unificados_nov Dez 2023,Clipes Unificados_nov Dez 2023.xlsx
Vôo,Lucy Alves,voo,,VOO,T-301.721.471-6,lucy alves,t-301.721.471-6,Clipes Unificados_nov Dez 2023,Clipes Unificados_nov Dez 2023.xlsx
Se,Dani Black,se,,SE,T-306.925.949-6,dani black,t-306.925.949-6,Clipes Unificados_nov Dez 2023,Clipes Unificados_nov Dez 2023.xlsx
Trevo,Anavitória,trevo,,TREVO,T-335.572.092-8,anavitoria,t-335.572.092-8,Clipes Unificados_nov Dez 2023,Clipes Unificados_nov Dez 2023.xlsx
Vôo,Lucy Alves,voo,,VOO,T-301.721.471-6,lucy alves,t-301.721.471-6,Clipes Unificados_nov Dez 2023,Clipes Unificados_nov Dez 2023.xlsx
Jovem,Julio Secchin,jovem,,JOVEM,T-333.655.332-9,julio secchin,t-333.655.332-9,Clipes Unificados_nov Dez 2023,Clipes Unificados_nov Dez 2023.xlsx
Carcará,Otto,carcara,,CARCARA,T-040.347.911-7,otto,t-040.347.911-7,Clipes Unificados_nov Dez 2023,Clipes Unificados_nov Dez 2023.xlsx
Carcará,Otto,carcara,,CARCARÁ,T-308.468.519-4,otto,t-308.468.519-4,Clipes Unificados_nov Dez 2023,Clipes Unificados_nov Dez 2023.xlsx
Namora Comigo,Moska,namora comigo,,NAMORA COMIGO,T-317.623.017-0,moska,t-317.623.017-0,Clipes Unificados_nov Dez 2023,Clipes Unificados_nov Dez 2023.xlsx
Desafio,Tom Zé,desafio,,DESAFIO,T-040.453.293-9,tom ze,t-040.453.293-9,Clipes Unificados_nov Dez 2023,Clipes Unificados_nov Dez 2023.xlsx
Desafio,Tom Zé,desafio,,DESAFIO,T-312.554.786-2,tom ze,t-312.554.786-2,Clipes Unificados_nov Dez 2023,Clipes Unificados_nov Dez 2023.xlsx
Desafio,Tom Zé,desafio,,DESAFIO,T-040.453.293-9,tom ze,t-040.453.293-9,Clipes Unificados_nov Dez 2023,Clipes Unificados_nov Dez 2023.xlsx
Desafio,Tom Zé,desafio,,DESAFIO,T-312.554.786-2,tom ze,t-312.554.786-2,Clipes Unificados_nov Dez 2023,Clipes Unificados_nov Dez 2023.xlsx
Vencedor,Calcinha Preta,vencedor,,VENCEDOR,T-313.263.562-8,calcinha preta,t-313.263.562-8,Clipes Unificados_nov Dez 2023,Clipes Unificados_nov Dez 2023.xlsx
Sugar,Maroon 5,sugar,,SUGAR,T-039.948.077-3,maroon 5,t-039.948.077-3,Clipes Unificados_nov Dez 2023,Clipes Unificados_nov Dez 2023.xlsx
Manifesto,Rita Dias,manifesto,,MANIFESTO,T-040.226.898-7,rita dias,t-040.226.898-7,Clipes Unificados_nov Dez 2023,Clipes Unificados_nov Dez 2023.xlsx
Essa É Pra Você,Arthur Espindola,essa e pra voce,,ESSA É PRA VOCE,T-040.048.737-7,arthur espindola,t-040.048.737-7,Clipes Unificados_nov Dez 2023,Clipes Unificados_nov Dez 2023.xlsx
Vermelho,Chico Da Silva,vermelho,,VERMELHO,T-313.315.106-7,chico da silva,t-313.315.106-7,Clipes Unificados_nov Dez 2023,Clipes Unificados_nov Dez 2023.xlsx
Manifesto,Rita Dias,manifesto,,MANIFESTO,T-040.226.898-7,rita dias,t-040.226.898-7,Clipes Unificados_nov Dez 2023,Clipes Unificados_nov Dez 2023.xlsx
Essa É Pra Você,Arthur Espindola,essa e pra voce,,ESSA É PRA VOCE,T-040.048.737-7,arthur espindola,t-040.048.737-7,Clipes Unificados_nov Dez 2023,Clipes Unificados_nov Dez 2023.xlsx
Vermelho,Chico Da Silva,vermelho,,VERMELHO,T-313.315.106-7,chico da silva,t-313.315.106-7,Clipes Unificados_nov Dez 2023,Clipes Unificados_nov Dez 2023.xlsx
Essa É Pra Você,Arthur Espindola,essa e pra voce,,ESSA É PRA VOCE,T-040.048.737-7,arthur espindola,t-040.048.737-7,Clipes Unificados_nov Dez 2023,Clipes Unificados_nov Dez 2023.xlsx
Vermelho,Chico Da Silva,vermelho,,VERMELHO,T-313.315.106-7,chico da silva,t-313.315.106-7,Clipes Unificados_nov Dez 2023,Clipes Unificados_nov Dez 2023.xlsx
Modern Love,David Bowie,modern love,,MODERN LOVE,T-306.926.955-8,david bowie,t-306.926.955-8,Clipes Unificados_nov Dez 2023,Clipes Unificados_nov Dez 2023.xlsx
Modern Love,David Bowie,modern love,,MODERN LOVE,T-040.081.807-6,david bowie,t-040.081.807-6,Clipes Unificados_nov Dez 2023,Clipes Unificados_nov Dez 2023.xlsx
Sebastiana,Luiz Gonzaga,sebastiana,,SEBASTIANA,,luiz gonzaga,nan,Clipes Unificados_nov Dez 2023,Clipes Unificados_nov Dez 2023.xlsx
Chega,"Duda Beat,Jaloo,Mateus Carrilho",chega,,CHÊGA,T-312.562.445-1,"duda beat,jaloo,mateus carrilho",t-312.562.445-1,Clipes Unificados_nov Dez 2023,Clipes Unificados_nov Dez 2023.xlsx
Sugar,Robin Schulz,sugar,,SUGAR,T-039.948.077-3,robin schulz,t-039.948.077-3,Clipes Unificados_nov Dez 2023,Clipes Unificados_nov Dez 2023.xlsx
Imortal,Ana Carolina Raimundi,imortal,,IMORTAL,T-307.118.165-8,ana carolina raimundi,t-307.118.165-8,Clipes Unificados_nov Dez 2023,Clipes Unificados_nov Dez 2023.xlsx
Modern Love,David Bowie,modern love,,MODERN LOVE,T-306.926.955-8,david bowie,t-306.926.955-8,Clipes Unificados_nov Dez 2023,Clipes Unificados_nov Dez 2023.xlsx
Modern Love,David Bowie,modern love,,MODERN LOVE,T-040.081.807-6,david bowie,t-040.081.807-6,Clipes Unificados_nov Dez 2023,Clipes Unificados_nov Dez 2023.xlsx
Revoada,Quinteto Armorial,revoada,,REVOADA,T-306.358.236-1,quinteto armorial,t-306.358.236-1,Clipes Unificados_nov Dez 2023,Clipes Unificados_nov Dez 2023.xlsx
Sebastiana,Luiz Gonzaga,sebastiana,,SEBASTIANA,,luiz gonzaga,nan,Clipes Unificados_nov Dez 2023,Clipes Unificados_nov Dez 2023.xlsx
Sugar,Robin Schulz,sugar,,SUGAR,T-039.948.077-3,robin schulz,t-039.948.077-3,Clipes Unificados_nov Dez 2023,Clipes Unificados_nov Dez 2023.xlsx
Quem É Essa Menina De Vermelho,Gloria Groove,quem e essa menina de vermelho,,QUEM É ESSA MENINA DE VERMELHO,,gloria groove,nan,Clipes Unificados_nov Dez 2023,Clipes Unificados_nov Dez 2023.xlsx
Poeira,Pena Branca E Xavantinho,poeira,,POEIRA,T-039.268.869-5,pena branca e xavantinho,t-039.268.869-5,Clipes Unificados_nov Dez 2023,Clipes Unificados_nov Dez 2023.xlsx
Poeira,Pena Branca E Xavantinho,poeira,,POEIRA,T-306.792.999-7,pena branca e xavantinho,t-306.792.999-7,Clipes Unificados_nov Dez 2023,Clipes Unificados_nov Dez 2023.xlsx
Girassol,Fábio Porchat,girassol,,GIRASSOL,T-335.572.256-0,fabio porchat,t-335.572.256-0,Clipes Unificados_nov Dez 2023,Clipes Unificados_nov Dez 2023.xlsx
Girassol,Fábio Porchat,girassol,,GIRASSOL,T-335.572.256-0,fabio porchat,t-335.572.256-0,Clipes Unificados_nov Dez 2023,Clipes Unificados_nov Dez 2023.xlsx
Ano Novo,Chico Buarque,ano novo,,ANO NOVO,T-040.160.951-5,chico buarque,t-040.160.951-5,Clipes Unificados_nov Dez 2023,Clipes Unificados_nov Dez 2023.xlsx
Fim De Ano,Turminha Do Tio Marcelo (Marcelo Serralva),fim de ano,,FIM DE ANO,T-322.186.020-0,turminha do tio marcelo (marcelo serralva),t-322.186.020-0,Clipes Unificados_nov Dez 2023,Clipes Unificados_nov Dez 2023.xlsx
Vencedor,Calcinha Preta,vencedor,,VENCEDOR,T-313.263.562-8,calcinha preta,t-313.263.562-8,Clipes Unificados_nov Dez 2023,Clipes Unificados_nov Dez 2023.xlsx
Girassol,Fábio Porchat,girassol,,GIRASSOL,T-335.572.256-0,fabio porchat,t-335.572.256-0,Clipes Unificados_nov Dez 2023,Clipes Unificados_nov Dez 2023.xlsx
Poeira,Pena Branca E Xavantinho,poeira,,POEIRA,T-039.268.869-5,pena branca e xavantinho,t-039.268.869-5,Clipes Unificados_nov Dez 2023,Clipes Unificados_nov Dez 2023.xlsx
Poeira,Pena Branca E Xavantinho,poeira,,POEIRA,T-306.792.999-7,pena branca e xavantinho,t-306.792.999-7,Clipes Unificados_nov Dez 2023,Clipes Unificados_nov Dez 2023.xlsx
Essa É Pra Você,Arthur Espindola,essa e pra voce,,ESSA É PRA VOCE,T-040.048.737-7,arthur espindola,t-040.048.737-7,Clipes Unificados_nov Dez 2023,Clipes Unificados_nov Dez 2023.xlsx
Vermelho,Chico Da Silva,vermelho,,VERMELHO,T-313.315.106-7,chico da silva,t-313.315.106-7,Clipes Unificados_nov Dez 2023,Clipes Unificados_nov Dez 2023.xlsx
Sebastiana,Pitanguinhas,sebastiana,,SEBASTIANA,,pitanguinhas,nan,Clipes Unificados_nov Dez 2023,Clipes Unificados_nov Dez 2023.xlsx
Ano Novo,Chico Buarque,ano novo,,ANO NOVO,T-040.160.951-5,chico buarque,t-040.160.951-5,Clipes Unificados_nov Dez 2023,Clipes Unificados_nov Dez 2023.xlsx
Fim De Ano,Turminha Do Tio Marcelo (Marcelo Serralva),fim de ano,,FIM DE ANO,T-322.186.020-0,turminha do tio marcelo (marcelo serralva),t-322.186.020-0,Clipes Unificados_nov Dez 2023,Clipes Unificados_nov Dez 2023.xlsx
Vermelho,Gloria Groove,vermelho,,VERMELHO,T-313.315.106-7,gloria groove,t-313.315.106-7,Clipes Unificados_nov Dez 2023,Clipes Unificados_nov Dez 2023.xlsx
Leve,Mahmundi,leve,,LEVE,T-315.958.048-6,mahmundi,t-315.958.048-6,Clipes Unificados_nov Dez 2023,Clipes Unificados_nov Dez 2023.xlsx
Leve,Mahmundi,leve,,LEVE,,mahmundi,nan,Clipes Unificados_nov Dez 2023,Clipes Unificados_nov Dez 2023.xlsx
Leve,Mahmundi,leve,,LEVE,T-335.482.970-8,mahmundi,t-335.482.970-8,Clipes Unificados_nov Dez 2023,Clipes Unificados_nov Dez 2023.xlsx
Leve,Mahmundi,leve,,LEVE,T-315.958.048-6,mahmundi,t-315.958.048-6,Clipes Unificados_nov Dez 2023,Clipes Unificados_nov Dez 2023.xlsx
Leve,Mahmundi,leve,,LEVE,,mahmundi,nan,Clipes Unificados_nov Dez 2023,Clipes Unificados_nov Dez 2023.xlsx
Leve,Mahmundi,leve,,LEVE,T-335.482.970-8,mahmundi,t-335.482.970-8,Clipes Unificados_nov Dez 2023,Clipes Unificados_nov Dez 2023.xlsx
Leve,Mahmundi,leve,,LEVE,T-315.958.048-6,mahmundi,t-315.958.048-6,Clipes Unificados_nov Dez 2023,Clipes Unificados_nov Dez 2023.xlsx
Leve,Mahmundi,leve,,LEVE,,mahmundi,nan,Clipes Unificados_nov Dez 2023,Clipes Unificados_nov Dez 2023.xlsx
Leve,Mahmundi,leve,,LEVE,T-335.482.970-8,mahmundi,t-335.482.970-8,Clipes Unificados_nov Dez 2023,Clipes Unificados_nov Dez 2023.xlsx
Malvada,Zé Felipe,malvada,,MALVADA,T-303.019.880-8,ze felipe,t-303.019.880-8,Clipes Unificados_nov Dez 2023,Clipes Unificados_nov Dez 2023.xlsx
Malvada,Zé Felipe,malvada,,MALVADA,,ze felipe,nan,Clipes Unificados_nov Dez 2023,Clipes Unificados_nov Dez 2023.xlsx
Mulheres,Martinho Da Vila,mulheres,,MULHERES,T-330.488.001-7,martinho da vila,t-330.488.001-7,Clipes Unificados_nov Dez 2023,Clipes Unificados_nov Dez 2023.xlsx
Vida Loka,Racionais Mc's,vida loka,,VIDA LOKA,T-304.714.866-9,racionais mc's,t-304.714.866-9,Clipes Unificados_nov Dez 2023,Clipes Unificados_nov Dez 2023.xlsx
Beijinho No Ombro,"Marcus Majella,Valesca Popozuda",beijinho no ombro,,BEIJINHO NO OMBRO,T-311.569.064-3,"marcus majella,valesca popozuda",t-311.569.064-3,Clipes Unificados_nov Dez 2023,Clipes Unificados_nov Dez 2023.xlsx
Banho De Espuma,Rita Lee,banho de espuma,,BANHO DE ESPUMA,T-311.604.310-4,rita lee,t-311.604.310-4,Clipes Unificados_nov Dez 2023,Clipes Unificados_nov Dez 2023.xlsx
Tubarão,"Fabiano Krieger,Lucas Marcier",tubarao,,TUBARÃO,,"fabiano krieger,lucas marcier",nan,Clipes Unificados_nov Dez 2023,Clipes Unificados_nov Dez 2023.xlsx
Vermelho,Gloria Groove,vermelho,,VERMELHO,T-313.315.106-7,gloria groove,t-313.315.106-7,Clipes Unificados_nov Dez 2023,Clipes Unificados_nov Dez 2023.xlsx
Banho De Espuma,Rita Lee,banho de espuma,,BANHO DE ESPUMA,T-311.604.310-4,rita lee,t-311.604.310-4,Clipes Unificados_nov Dez 2023,Clipes Unificados_nov Dez 2023.xlsx
Chocolate,Tim Maia,chocolate,,CHOCOLATE,T-322.528.891-1,tim maia,t-322.528.891-1,Clipes Unificados_nov Dez 2023,Clipes Unificados_nov Dez 2023.xlsx
Malvada,Zé Felipe,malvada,,MALVADA,T-303.019.880-8,ze felipe,t-303.019.880-8,Clipes Unificados_nov Dez 2023,Clipes Unificados_nov Dez 2023.xlsx
Malvada,Zé Felipe,malvada,,MALVADA,,ze felipe,nan,Clipes Unificados_nov Dez 2023,Clipes Unificados_nov Dez 2023.xlsx
Mulheres,Martinho Da Vila,mulheres,,MULHERES,T-330.488.001-7,martinho da vila,t-330.488.001-7,Clipes Unificados_nov Dez 2023,Clipes Unificados_nov Dez 2023.xlsx
Tatuagem,Mastruz Com Leite,tatuagem,,TATUAGEM,,mastruz com leite,nan,Clipes Unificados_nov Dez 2023,Clipes Unificados_nov Dez 2023.xlsx
Vida Loka,Racionais Mc's,vida loka,,VIDA LOKA,T-304.714.866-9,racionais mc's,t-304.714.866-9,Clipes Unificados_nov Dez 2023,Clipes Unificados_nov Dez 2023.xlsx
Tatuagem,Mastruz Com Leite,tatuagem,,TATUAGEM,,mastruz com leite,nan,Clipes Unificados_nov Dez 2023,Clipes Unificados_nov Dez 2023.xlsx
Vida Loka,Racionais Mc's,vida loka,,VIDA LOKA,T-304.714.866-9,racionais mc's,t-304.714.866-9,Clipes Unificados_nov Dez 2023,Clipes Unificados_nov Dez 2023.xlsx
Beijinho No Ombro,Valesca Popozuda,beijinho no ombro,,BEIJINHO NO OMBRO,T-311.569.064-3,valesca popozuda,t-311.569.064-3,Clipes Unificados_nov Dez 2023,Clipes Unificados_nov Dez 2023.xlsx
Tudo Ok,"Js Mão De Ouro,Mila,Thiaguinho Mt",tudo ok,,TUDO OK,T-040.059.792-3,"js mao de ouro,mila,thiaguinho mt",t-040.059.792-3,Clipes Unificados_nov Dez 2023,Clipes Unificados_nov Dez 2023.xlsx
Beijinho No Ombro,"Marcus Majella,Valesca Popozuda",beijinho no ombro,,BEIJINHO NO OMBRO,T-311.569.064-3,"marcus majella,valesca popozuda",t-311.569.064-3,Clipes Unificados_nov Dez 2023,Clipes Unificados_nov Dez 2023.xlsx
Barbie,Rebecca,barbie,,BARBIE,T-321.330.288-2,rebecca,t-321.330.288-2,Clipes Unificados_nov Dez 2023,Clipes Unificados_nov Dez 2023.xlsx
Balança,"Fp Do Trem Bala,Pedro Sampaio,Wc No Beat",balanca,,BALANÇA,T-306.855.597-1,"fp do trem bala,pedro sampaio,wc no beat",t-306.855.597-1,Clipes Unificados_nov Dez 2023,Clipes Unificados_nov Dez 2023.xlsx
Balança,"Fp Do Trem Bala,Pedro Sampaio,Wc No Beat",balanca,,BALANÇA,T-321.980.610-3,"fp do trem bala,pedro sampaio,wc no beat",t-321.980.610-3,Clipes Unificados_nov Dez 2023,Clipes Unificados_nov Dez 2023.xlsx
Beijinho No Ombro,"Marcus Majella,Valesca Popozuda",beijinho no ombro,,BEIJINHO NO OMBRO,T-311.569.064-3,"marcus majella,valesca popozuda",t-311.569.064-3,Clipes Unificados_nov Dez 2023,Clipes Unificados_nov Dez 2023.xlsx
Amanhã,"Reginaldo Rossi,Roberta Miranda",amanha,,AMANHÃ,T-307.004.953-1,"reginaldo rossi,roberta miranda",t-307.004.953-1,Clipes Unificados_nov Dez 2023,Clipes Unificados_nov Dez 2023.xlsx
Chocolate,Tim Maia,chocolate,,CHOCOLATE,T-322.528.891-1,tim maia,t-322.528.891-1,Clipes Unificados_nov Dez 2023,Clipes Unificados_nov Dez 2023.xlsx
Vida Loka,Racionais Mc's,vida loka,,VIDA LOKA,T-304.714.866-9,racionais mc's,t-304.714.866-9,Clipes Unificados_nov Dez 2023,Clipes Unificados_nov Dez 2023.xlsx
Banho De Espuma,Rita Lee,banho de espuma,,BANHO DE ESPUMA,T-311.604.310-4,rita lee,t-311.604.310-4,Clipes Unificados_nov Dez 2023,Clipes Unificados_nov Dez 2023.xlsx
Beijinho No Ombro,Valesca Popozuda,beijinho no ombro,,BEIJINHO NO OMBRO,T-311.569.064-3,valesca popozuda,t-311.569.064-3,Clipes Unificados_nov Dez 2023,Clipes Unificados_nov Dez 2023.xlsx
Malvada,Zé Felipe,malvada,,MALVADA,T-303.019.880-8,ze felipe,t-303.019.880-8,Clipes Unificados_nov Dez 2023,Clipes Unificados_nov Dez 2023.xlsx
Malvada,Zé Felipe,malvada,,MALVADA,,ze felipe,nan,Clipes Unificados_nov Dez 2023,Clipes Unificados_nov Dez 2023.xlsx
Mulheres,Martinho Da Vila,mulheres,,MULHERES,T-330.488.001-7,martinho da vila,t-330.488.001-7,Clipes Unificados_nov Dez 2023,Clipes Unificados_nov Dez 2023.xlsx
Tatuagem,Mastruz Com Leite,tatuagem,,TATUAGEM,,mastruz com leite,nan,Clipes Unificados_nov Dez 2023,Clipes Unificados_nov Dez 2023.xlsx
Beijinho No Ombro,Valesca Popozuda,beijinho no ombro,,BEIJINHO NO OMBRO,T-311.569.064-3,valesca popozuda,t-311.569.064-3,Clipes Unificados_nov Dez 2023,Clipes Unificados_nov Dez 2023.xlsx
Tudo Ok,"Js Mão De Ouro,Mila,Thiaguinho Mt",tudo ok,,TUDO OK,T-040.059.792-3,"js mao de ouro,mila,thiaguinho mt",t-040.059.792-3,Clipes Unificados_nov Dez 2023,Clipes Unificados_nov Dez 2023.xlsx
Era Uma Vez,Sandy & Junior,era uma vez,,ERA UMA VEZ,,sandy & junior,nan,Clipes Unificados_nov Dez 2023,Clipes Unificados_nov Dez 2023.xlsx
Barbie,Rebecca,barbie,,BARBIE,T-321.330.288-2,rebecca,t-321.330.288-2,Clipes Unificados_nov Dez 2023,Clipes Unificados_nov Dez 2023.xlsx
Balança,"Fp Do Trem Bala,Pedro Sampaio,Wc No Beat",balanca,,BALANÇA,T-306.855.597-1,"fp do trem bala,pedro sampaio,wc no beat",t-306.855.597-1,Clipes Unificados_nov Dez 2023,Clipes Unificados_nov Dez 2023.xlsx
Balança,"Fp Do Trem Bala,Pedro Sampaio,Wc No Beat",balanca,,BALANÇA,T-321.980.610-3,"fp do trem bala,pedro sampaio,wc no beat",t-321.980.610-3,Clipes Unificados_nov Dez 2023,Clipes Unificados_nov Dez 2023.xlsx
Amanhã,"Reginaldo Rossi,Roberta Miranda",amanha,,AMANHÃ,T-307.004.953-1,"reginaldo rossi,roberta miranda",t-307.004.953-1,Clipes Unificados_nov Dez 2023,Clipes Unificados_nov Dez 2023.xlsx
Domingo,Tatá Werneck,domingo,,DOMINGO,T-307.003.485-0,tata werneck,t-307.003.485-0,Clipes Unificados_nov Dez 2023,Clipes Unificados_nov Dez 2023.xlsx
Domingo,Tatá Werneck,domingo,,DOMINGO,T-301.991.455-3,tata werneck,t-301.991.455-3,Clipes Unificados_nov Dez 2023,Clipes Unificados_nov Dez 2023.xlsx
Xerecard,Mc Danny,xerecard,,XERECARD,T-305.213.989-2,mc danny,t-305.213.989-2,Clipes Unificados_nov Dez 2023,Clipes Unificados_nov Dez 2023.xlsx
Felicidade,Fábio Jr.,felicidade,,FELICIDADE,,fabio jr.,nan,Clipes Unificados_nov Dez 2023,Clipes Unificados_nov Dez 2023.xlsx
Era Uma Vez,Sandy & Junior,era uma vez,,ERA UMA VEZ,,sandy & junior,nan,Clipes Unificados_nov Dez 2023,Clipes Unificados_nov Dez 2023.xlsx
Baile De Favela,Mc João,baile de favela,,BAILE DE FAVELA,T-303.383.693-6,mc joao,t-303.383.693-6,Clipes Unificados_nov Dez 2023,Clipes Unificados_nov Dez 2023.xlsx
Balança,"Fp Do Trem Bala,Pedro Sampaio,Wc No Beat",balanca,,BALANÇA,T-306.855.597-1,"fp do trem bala,pedro sampaio,wc no beat",t-306.855.597-1,Clipes Unificados_nov Dez 2023,Clipes Unificados_nov Dez 2023.xlsx
Balança,"Fp Do Trem Bala,Pedro Sampaio,Wc No Beat",balanca,,BALANÇA,T-321.980.610-3,"fp do trem bala,pedro sampaio,wc no beat",t-321.980.610-3,Clipes Unificados_nov Dez 2023,Clipes Unificados_nov Dez 2023.xlsx
Sigilinho,"Os Barões Da Pisadinha,Psirico",sigilinho,,SIGILINHO,,"os baroes da pisadinha,psirico",nan,Clipes Unificados_nov Dez 2023,Clipes Unificados_nov Dez 2023.xlsx
Terremoto,"Gloria Groove,Lia Clark",terremoto,,TERREMOTO,T-307.297.647-3,"gloria groove,lia clark",t-307.297.647-3,Clipes Unificados_nov Dez 2023,Clipes Unificados_nov Dez 2023.xlsx
Verdade,Elenco Tô De Graça,verdade,,VERDADE,T-302.003.913-4,elenco to de graca,t-302.003.913-4,Clipes Unificados_nov Dez 2023,Clipes Unificados_nov Dez 2023.xlsx
Era Uma Vez,Sandy & Junior,era uma vez,,ERA UMA VEZ,,sandy & junior,nan,Clipes Unificados_nov Dez 2023,Clipes Unificados_nov Dez 2023.xlsx
Xerecard,Mc Danny,xerecard,,XERECARD,T-305.213.989-2,mc danny,t-305.213.989-2,Clipes Unificados_nov Dez 2023,Clipes Unificados_nov Dez 2023.xlsx
Sigilinho,"Os Barões Da Pisadinha,Psirico",sigilinho,,SIGILINHO,,"os baroes da pisadinha,psirico",nan,Clipes Unificados_nov Dez 2023,Clipes Unificados_nov Dez 2023.xlsx
Terremoto,"Gloria Groove,Lia Clark",terremoto,,TERREMOTO,T-307.297.647-3,"gloria groove,lia clark",t-307.297.647-3,Clipes Unificados_nov Dez 2023,Clipes Unificados_nov Dez 2023.xlsx
Verdade,Elenco Tô De Graça,verdade,,VERDADE,T-302.003.913-4,elenco to de graca,t-302.003.913-4,Clipes Unificados_nov Dez 2023,Clipes Unificados_nov Dez 2023.xlsx
Xerecard,Mc Danny,xerecard,,XERECARD,T-305.213.989-2,mc danny,t-305.213.989-2,Clipes Unificados_nov Dez 2023,Clipes Unificados_nov Dez 2023.xlsx
Fora Da Lei,"Belo,Thiago Pantaleão",fora da lei,,FORA DA LEI,T-931.477.257-1,"belo,thiago pantaleao",t-931.477.257-1,Clipes Unificados_nov Dez 2023,Clipes Unificados_nov Dez 2023.xlsx
Fora Da Lei,"Belo,Thiago Pantaleão",fora da lei,,FORA DA LEI,T-324.241.341-4,"belo,thiago pantaleao",t-324.241.341-4,Clipes Unificados_nov Dez 2023,Clipes Unificados_nov Dez 2023.xlsx
Tatuagem,"Caetano Veloso,Chico Buarque",tatuagem,,TATUAGEM,,"caetano veloso,chico buarque",nan,Clipes Unificados_nov Dez 2023,Clipes Unificados_nov Dez 2023.xlsx
Era Uma Vez,Sandy & Junior,era uma vez,,ERA UMA VEZ,,sandy & junior,nan,Clipes Unificados_nov Dez 2023,Clipes Unificados_nov Dez 2023.xlsx
Balança,"Fp Do Trem Bala,Pedro Sampaio,Wc No Beat",balanca,,BALANÇA,T-306.855.597-1,"fp do trem bala,pedro sampaio,wc no beat",t-306.855.597-1,Clipes Unificados_nov Dez 2023,Clipes Unificados_nov Dez 2023.xlsx
Balança,"Fp Do Trem Bala,Pedro Sampaio,Wc No Beat",balanca,,BALANÇA,T-321.980.610-3,"fp do trem bala,pedro sampaio,wc no beat",t-321.980.610-3,Clipes Unificados_nov Dez 2023,Clipes Unificados_nov Dez 2023.xlsx
Xerecard,Mc Danny,xerecard,,XERECARD,T-305.213.989-2,mc danny,t-305.213.989-2,Clipes Unificados_nov Dez 2023,Clipes Unificados_nov Dez 2023.xlsx
Sigilinho,"Os Barões Da Pisadinha,Psirico",sigilinho,,SIGILINHO,,"os baroes da pisadinha,psirico",nan,Clipes Unificados_nov Dez 2023,Clipes Unificados_nov Dez 2023.xlsx
Terremoto,"Gloria Groove,Lia Clark",terremoto,,TERREMOTO,T-307.297.647-3,"gloria groove,lia clark",t-307.297.647-3,Clipes Unificados_nov Dez 2023,Clipes Unificados_nov Dez 2023.xlsx
Verdade,Elenco Tô De Graça,verdade,,VERDADE,T-302.003.913-4,elenco to de graca,t-302.003.913-4,Clipes Unificados_nov Dez 2023,Clipes Unificados_nov Dez 2023.xlsx
Beijinho No Ombro,"Dulce Maria,Mariana Ximenes,Valesca Popozuda,Samantha Schmütz,Marcus Majella",beijinho no ombro,,BEIJINHO NO OMBRO,T-311.569.064-3,"dulce maria,mariana ximenes,valesca popozuda,samantha schmutz,marcus majella",t-311.569.064-3,Clipes Unificados_nov Dez 2023,Clipes Unificados_nov Dez 2023.xlsx
Beijinho No Ombro,Valesca Popozuda,beijinho no ombro,,BEIJINHO NO OMBRO,T-311.569.064-3,valesca popozuda,t-311.569.064-3,Clipes Unificados_nov Dez 2023,Clipes Unificados_nov Dez 2023.xlsx
Beijinho No Ombro,Valesca Popozuda,beijinho no ombro,,BEIJINHO NO OMBRO,T-311.569.064-3,valesca popozuda,t-311.569.064-3,Clipes Unificados_nov Dez 2023,Clipes Unificados_nov Dez 2023.xlsx
Cinderela,Mc Guimê,cinderela,,CINDERELA,T-039.134.790-2,mc guime,t-039.134.790-2,Clipes Unificados_nov Dez 2023,Clipes Unificados_nov Dez 2023.xlsx
Cinderela,Mc Guimê,cinderela,,CINDERELA,T-040.453.901-0,mc guime,t-040.453.901-0,Clipes Unificados_nov Dez 2023,Clipes Unificados_nov Dez 2023.xlsx
Fogo,"Lexa,Mc Guimê",fogo,,FOGO,T-323.310.361-8,"lexa,mc guime",t-323.310.361-8,Clipes Unificados_nov Dez 2023,Clipes Unificados_nov Dez 2023.xlsx
Beijinho No Ombro,"Dulce Maria,Mariana Ximenes,Valesca Popozuda,Samantha Schmütz,Marcus Majella",beijinho no ombro,,BEIJINHO NO OMBRO,T-311.569.064-3,"dulce maria,mariana ximenes,valesca popozuda,samantha schmutz,marcus majella",t-311.569.064-3,Clipes Unificados_nov Dez 2023,Clipes Unificados_nov Dez 2023.xlsx
Beijinho No Ombro,Valesca Popozuda,beijinho no ombro,,BEIJINHO NO OMBRO,T-311.569.064-3,valesca popozuda,t-311.569.064-3,Clipes Unificados_nov Dez 2023,Clipes Unificados_nov Dez 2023.xlsx
Beijinho No Ombro,"Dulce Maria,Mariana Ximenes,Valesca Popozuda,Samantha Schmütz,Marcus Majella",beijinho no ombro,,BEIJINHO NO OMBRO,T-311.569.064-3,"dulce maria,mariana ximenes,valesca popozuda,samantha schmutz,marcus majella",t-311.569.064-3,Clipes Unificados_nov Dez 2023,Clipes Unificados_nov Dez 2023.xlsx
Brisa,Iza,brisa,,BRISA,T-315.799.145-8,iza,t-315.799.145-8,Clipes Unificados_nov Dez 2023,Clipes Unificados_nov Dez 2023.xlsx
Brisa,Iza,brisa,,BRISA,T-316.180.981-6,iza,t-316.180.981-6,Clipes Unificados_nov Dez 2023,Clipes Unificados_nov Dez 2023.xlsx
Brisa,Iza,brisa,,BRISA,T-326.766.166-1,iza,t-326.766.166-1,Clipes Unificados_nov Dez 2023,Clipes Unificados_nov Dez 2023.xlsx
Beijinho No Ombro,"Dulce Maria,Mariana Ximenes,Valesca Popozuda,Samantha Schmütz,Marcus Majella",beijinho no ombro,,BEIJINHO NO OMBRO,T-311.569.064-3,"dulce maria,mariana ximenes,valesca popozuda,samantha schmutz,marcus majella",t-311.569.064-3,Clipes Unificados_nov Dez 2023,Clipes Unificados_nov Dez 2023.xlsx
Amigo,"Elenco Família Paraíso,Roberto Carlos",amigo,,AMIGO,,"elenco familia paraiso,roberto carlos",nan,Clipes Unificados_nov Dez 2023,Clipes Unificados_nov Dez 2023.xlsx
Brisa,Iza,brisa,,BRISA,T-315.799.145-8,iza,t-315.799.145-8,Clipes Unificados_nov Dez 2023,Clipes Unificados_nov Dez 2023.xlsx
Brisa,Iza,brisa,,BRISA,T-316.180.981-6,iza,t-316.180.981-6,Clipes Unificados_nov Dez 2023,Clipes Unificados_nov Dez 2023.xlsx
Brisa,Iza,brisa,,BRISA,T-326.766.166-1,iza,t-326.766.166-1,Clipes Unificados_nov Dez 2023,Clipes Unificados_nov Dez 2023.xlsx
Beijinho No Ombro,Valesca Popozuda,beijinho no ombro,,BEIJINHO NO OMBRO,T-311.569.064-3,valesca popozuda,t-311.569.064-3,Clipes Unificados_nov Dez 2023,Clipes Unificados_nov Dez 2023.xlsx
Beijinho No Ombro,Valesca Popozuda,beijinho no ombro,,BEIJINHO NO OMBRO,T-311.569.064-3,valesca popozuda,t-311.569.064-3,Clipes Unificados_nov Dez 2023,Clipes Unificados_nov Dez 2023.xlsx
Beijinho No Ombro,Valesca Popozuda,beijinho no ombro,,BEIJINHO NO OMBRO,T-311.569.064-3,valesca popozuda,t-311.569.064-3,Clipes Unificados_nov Dez 2023,Clipes Unificados_nov Dez 2023.xlsx
Oração,Mumuzinho,oracao,,ORACAO,T-040.521.423-4,mumuzinho,t-040.521.423-4,Clipes Unificados_nov Dez 2023,Clipes Unificados_nov Dez 2023.xlsx
Sou Eu,Ludmilla,sou eu,,SOU EU,T-042.615.532-9,ludmilla,t-042.615.532-9,Clipes Unificados_nov Dez 2023,Clipes Unificados_nov Dez 2023.xlsx
Bigode Grosso,Mc Marcelly,bigode grosso,,BIGODE GROSSO,T-040.000.440-1,mc marcelly,t-040.000.440-1,Clipes Unificados_nov Dez 2023,Clipes Unificados_nov Dez 2023.xlsx
Abençoado,Filipe Ret,abencoado,,ABENÇOADO,T-317.707.397-7,filipe ret,t-317.707.397-7,Clipes Unificados_nov Dez 2023,Clipes Unificados_nov Dez 2023.xlsx
Ilusão,Filipe Ret,ilusao,,ILUSAO,T-040.011.902-9,filipe ret,t-040.011.902-9,Clipes Unificados_nov Dez 2023,Clipes Unificados_nov Dez 2023.xlsx
Ilusão,Filipe Ret,ilusao,,ILUSÃO,,filipe ret,nan,Clipes Unificados_nov Dez 2023,Clipes Unificados_nov Dez 2023.xlsx
Oração,Mumuzinho,oracao,,ORACAO,T-040.521.423-4,mumuzinho,t-040.521.423-4,Clipes Unificados_nov Dez 2023,Clipes Unificados_nov Dez 2023.xlsx
Sou Eu,Ludmilla,sou eu,,SOU EU,T-042.615.532-9,ludmilla,t-042.615.532-9,Clipes Unificados_nov Dez 2023,Clipes Unificados_nov Dez 2023.xlsx
Bigode Grosso,Mc Marcelly,bigode grosso,,BIGODE GROSSO,T-040.000.440-1,mc marcelly,t-040.000.440-1,Clipes Unificados_nov Dez 2023,Clipes Unificados_nov Dez 2023.xlsx
Baile De Favela,Mc João,baile de favela,,BAILE DE FAVELA,T-303.383.693-6,mc joao,t-303.383.693-6,Clipes Unificados_nov Dez 2023,Clipes Unificados_nov Dez 2023.xlsx
Beijinho No Ombro,Valesca Popozuda,beijinho no ombro,,BEIJINHO NO OMBRO,T-311.569.064-3,valesca popozuda,t-311.569.064-3,Clipes Unificados_nov Dez 2023,Clipes Unificados_nov Dez 2023.xlsx
Maria,Ricky Martin,maria,,MARIA,T-307.006.304-2,ricky martin,t-307.006.304-2,Clipes Unificados_nov Dez 2023,Clipes Unificados_nov Dez 2023.xlsx
Maria,Ricky Martin,maria,,MARIA,T-311.953.638-4,ricky martin,t-311.953.638-4,Clipes Unificados_nov Dez 2023,Clipes Unificados_nov Dez 2023.xlsx
Bigode Grosso,Mc Marcelly,bigode grosso,,BIGODE GROSSO,T-040.000.440-1,mc marcelly,t-040.000.440-1,Clipes Unificados_nov Dez 2023,Clipes Unificados_nov Dez 2023.xlsx
Malandramente,"Dennis Dj,Nandinho,Nego Bam",malandramente,,MALANDRAMENTE,T-308.115.009-2,"dennis dj,nandinho,nego bam",t-308.115.009-2,Clipes Unificados_nov Dez 2023,Clipes Unificados_nov Dez 2023.xlsx
Baile De Favela,Mc João,baile de favela,,BAILE DE FAVELA,T-303.383.693-6,mc joao,t-303.383.693-6,Clipes Unificados_nov Dez 2023,Clipes Unificados_nov Dez 2023.xlsx
Dois Amores,Vitor Kley,dois amores,,DOIS AMORES,T-040.076.544-7,vitor kley,t-040.076.544-7,Clipes Unificados_nov Dez 2023,Clipes Unificados_nov Dez 2023.xlsx
Farol,Vitor Kley,farol,,FAROL,T-303.390.205-1,vitor kley,t-303.390.205-1,Clipes Unificados_nov Dez 2023,Clipes Unificados_nov Dez 2023.xlsx
Farol,Vitor Kley,farol,,FAROL,T-311.699.420-4,vitor kley,t-311.699.420-4,Clipes Unificados_nov Dez 2023,Clipes Unificados_nov Dez 2023.xlsx
Farol,Vitor Kley,farol,,FAROL,T-312.562.012-0,vitor kley,t-312.562.012-0,Clipes Unificados_nov Dez 2023,Clipes Unificados_nov Dez 2023.xlsx
Farol,Vitor Kley,farol,,FAROL,,vitor kley,nan,Clipes Unificados_nov Dez 2023,Clipes Unificados_nov Dez 2023.xlsx
Ponto De Paz,Vitor Kley,ponto de paz,,PONTO DE PAZ,T-302.003.849-3,vitor kley,t-302.003.849-3,Clipes Unificados_nov Dez 2023,Clipes Unificados_nov Dez 2023.xlsx
Sem Querer,Ludmilla,sem querer,,SEM QUERER,T-321.926.364-2,ludmilla,t-321.926.364-2,Clipes Unificados_nov Dez 2023,Clipes Unificados_nov Dez 2023.xlsx
Beijinho No Ombro,Valesca Popozuda,beijinho no ombro,,BEIJINHO NO OMBRO,T-311.569.064-3,valesca popozuda,t-311.569.064-3,Clipes Unificados_nov Dez 2023,Clipes Unificados_nov Dez 2023.xlsx
Beijinho No Ombro,Valesca Popozuda,beijinho no ombro,,BEIJINHO NO OMBRO,T-311.569.064-3,valesca popozuda,t-311.569.064-3,Clipes Unificados_nov Dez 2023,Clipes Unificados_nov Dez 2023.xlsx
Maria,Ricky Martin,maria,,MARIA,T-307.006.304-2,ricky martin,t-307.006.304-2,Clipes Unificados_nov Dez 2023,Clipes Unificados_nov Dez 2023.xlsx
Maria,Ricky Martin,maria,,MARIA,T-311.953.638-4,ricky martin,t-311.953.638-4,Clipes Unificados_nov Dez 2023,Clipes Unificados_nov Dez 2023.xlsx
Sem Querer,Ludmilla,sem querer,,SEM QUERER,T-321.926.364-2,ludmilla,t-321.926.364-2,Clipes Unificados_nov Dez 2023,Clipes Unificados_nov Dez 2023.xlsx
Oração,Mumuzinho,oracao,,ORACAO,T-040.521.423-4,mumuzinho,t-040.521.423-4,Clipes Unificados_nov Dez 2023,Clipes Unificados_nov Dez 2023.xlsx
Sou Eu,Ludmilla,sou eu,,SOU EU,T-042.615.532-9,ludmilla,t-042.615.532-9,Clipes Unificados_nov Dez 2023,Clipes Unificados_nov Dez 2023.xlsx
Bigode Grosso,Mc Marcelly,bigode grosso,,BIGODE GROSSO,T-040.000.440-1,mc marcelly,t-040.000.440-1,Clipes Unificados_nov Dez 2023,Clipes Unificados_nov Dez 2023.xlsx
Sugar,City Of The Sun,sugar,,SUGAR,T-039.948.077-3,city of the sun,t-039.948.077-3,Clipes Unificados_nov Dez 2023,Clipes Unificados_nov Dez 2023.xlsx
Champion,Champion,champion,,CHAMPION,T-320.126.130-1,champion,t-320.126.130-1,Clipes Unificados_nov Dez 2023,Clipes Unificados_nov Dez 2023.xlsx
Grave,Nono,grave,,GRAVE,,nono,nan,Clipes Unificados_nov Dez 2023,Clipes Unificados_nov Dez 2023.xlsx
Champion,Champion,champion,,CHAMPION,T-320.126.130-1,champion,t-320.126.130-1,Clipes Unificados_nov Dez 2023,Clipes Unificados_nov Dez 2023.xlsx
Grave,Nono,grave,,GRAVE,,nono,nan,Clipes Unificados_nov Dez 2023,Clipes Unificados_nov Dez 2023.xlsx
Instrumental,Jose´ Gonza´lez,instrumental,,INSTRUMENTAL,T-039.312.261-6,jose  gonza lez,t-039.312.261-6,Clipes Unificados_nov Dez 2023,Clipes Unificados_nov Dez 2023.xlsx
Instrumental,Jose´ Gonza´lez,instrumental,,INSTRUMENTAL,,jose  gonza lez,nan,Clipes Unificados_nov Dez 2023,Clipes Unificados_nov Dez 2023.xlsx
Intro,Sea Wolf,intro,,INTRO,T-301.569.273-2,sea wolf,t-301.569.273-2,Clipes Unificados_nov Dez 2023,Clipes Unificados_nov Dez 2023.xlsx
Intro,Sea Wolf,intro,,INTRO,T-304.306.407-5,sea wolf,t-304.306.407-5,Clipes Unificados_nov Dez 2023,Clipes Unificados_nov Dez 2023.xlsx
Intro,Sea Wolf,intro,,INTRO,T-309.423.419-8,sea wolf,t-309.423.419-8,Clipes Unificados_nov Dez 2023,Clipes Unificados_nov Dez 2023.xlsx
Intro,Sea Wolf,intro,,INTRO,T-311.595.435-9,sea wolf,t-311.595.435-9,Clipes Unificados_nov Dez 2023,Clipes Unificados_nov Dez 2023.xlsx
Intro,Sea Wolf,intro,,INTRO,,sea wolf,nan,Clipes Unificados_nov Dez 2023,Clipes Unificados_nov Dez 2023.xlsx
Intro,Sea Wolf,intro,,INTRO,T-317.818.173-8,sea wolf,t-317.818.173-8,Clipes Unificados_nov Dez 2023,Clipes Unificados_nov Dez 2023.xlsx
Restless,New Order,restless,,RESTLESS,,new order,nan,Clipes Unificados_nov Dez 2023,Clipes Unificados_nov Dez 2023.xlsx
Champion,Champion,champion,,CHAMPION,T-320.126.130-1,champion,t-320.126.130-1,Clipes Unificados_nov Dez 2023,Clipes Unificados_nov Dez 2023.xlsx
Grave,Nono,grave,,GRAVE,,nono,nan,Clipes Unificados_nov Dez 2023,Clipes Unificados_nov Dez 2023.xlsx
Instrumental,Jose´ Gonza´lez,instrumental,,INSTRUMENTAL,T-039.312.261-6,jose  gonza lez,t-039.312.261-6,Clipes Unificados_nov Dez 2023,Clipes Unificados_nov Dez 2023.xlsx
Instrumental,Jose´ Gonza´lez,instrumental,,INSTRUMENTAL,,jose  gonza lez,nan,Clipes Unificados_nov Dez 2023,Clipes Unificados_nov Dez 2023.xlsx
Intro,Sea Wolf,intro,,INTRO,T-301.569.273-2,sea wolf,t-301.569.273-2,Clipes Unificados_nov Dez 2023,Clipes Unificados_nov Dez 2023.xlsx
Intro,Sea Wolf,intro,,INTRO,T-304.306.407-5,sea wolf,t-304.306.407-5,Clipes Unificados_nov Dez 2023,Clipes Unificados_nov Dez 2023.xlsx
Intro,Sea Wolf,intro,,INTRO,T-309.423.419-8,sea wolf,t-309.423.419-8,Clipes Unificados_nov Dez 2023,Clipes Unificados_nov Dez 2023.xlsx
Intro,Sea Wolf,intro,,INTRO,T-311.595.435-9,sea wolf,t-311.595.435-9,Clipes Unificados_nov Dez 2023,Clipes Unificados_nov Dez 2023.xlsx
Intro,Sea Wolf,intro,,INTRO,,sea wolf,nan,Clipes Unificados_nov Dez 2023,Clipes Unificados_nov Dez 2023.xlsx
Intro,Sea Wolf,intro,,INTRO,T-317.818.173-8,sea wolf,t-317.818.173-8,Clipes Unificados_nov Dez 2023,Clipes Unificados_nov Dez 2023.xlsx
Vamos Fugir,Gilberto Gil,vamos fugir,,VAMOS FUGIR,T-305.415.581-2,gilberto gil,t-305.415.581-2,Clipes Unificados_nov Dez 2023,Clipes Unificados_nov Dez 2023.xlsx
Champion,Champion,champion,,CHAMPION,T-320.126.130-1,champion,t-320.126.130-1,Clipes Unificados_nov Dez 2023,Clipes Unificados_nov Dez 2023.xlsx
Grave,Nono,grave,,GRAVE,,nono,nan,Clipes Unificados_nov Dez 2023,Clipes Unificados_nov Dez 2023.xlsx
Instrumental,Jose´ Gonza´lez,instrumental,,INSTRUMENTAL,T-039.312.261-6,jose  gonza lez,t-039.312.261-6,Clipes Unificados_nov Dez 2023,Clipes Unificados_nov Dez 2023.xlsx
Instrumental,Jose´ Gonza´lez,instrumental,,INSTRUMENTAL,,jose  gonza lez,nan,Clipes Unificados_nov Dez 2023,Clipes Unificados_nov Dez 2023.xlsx
Intro,Sea Wolf,intro,,INTRO,T-301.569.273-2,sea wolf,t-301.569.273-2,Clipes Unificados_nov Dez 2023,Clipes Unificados_nov Dez 2023.xlsx
Intro,Sea Wolf,intro,,INTRO,T-304.306.407-5,sea wolf,t-304.306.407-5,Clipes Unificados_nov Dez 2023,Clipes Unificados_nov Dez 2023.xlsx
Intro,Sea Wolf,intro,,INTRO,T-309.423.419-8,sea wolf,t-309.423.419-8,Clipes Unificados_nov Dez 2023,Clipes Unificados_nov Dez 2023.xlsx
Intro,Sea Wolf,intro,,INTRO,T-311.595.435-9,sea wolf,t-311.595.435-9,Clipes Unificados_nov Dez 2023,Clipes Unificados_nov Dez 2023.xlsx
Intro,Sea Wolf,intro,,INTRO,,sea wolf,nan,Clipes Unificados_nov Dez 2023,Clipes Unificados_nov Dez 2023.xlsx
Intro,Sea Wolf,intro,,INTRO,T-317.818.173-8,sea wolf,t-317.818.173-8,Clipes Unificados_nov Dez 2023,Clipes Unificados_nov Dez 2023.xlsx
Heartbeats,Jose Gonzalez,heartbeats,,HEARTBEATS,T-040.106.209-6,jose gonzalez,t-040.106.209-6,Clipes Unificados_nov Dez 2023,Clipes Unificados_nov Dez 2023.xlsx
Champion,Champion,champion,,CHAMPION,T-320.126.130-1,champion,t-320.126.130-1,Clipes Unificados_nov Dez 2023,Clipes Unificados_nov Dez 2023.xlsx
Grave,Nono,grave,,GRAVE,,nono,nan,Clipes Unificados_nov Dez 2023,Clipes Unificados_nov Dez 2023.xlsx
Instrumental,Jose´ Gonza´lez,instrumental,,INSTRUMENTAL,T-039.312.261-6,jose  gonza lez,t-039.312.261-6,Clipes Unificados_nov Dez 2023,Clipes Unificados_nov Dez 2023.xlsx
Instrumental,Jose´ Gonza´lez,instrumental,,INSTRUMENTAL,,jose  gonza lez,nan,Clipes Unificados_nov Dez 2023,Clipes Unificados_nov Dez 2023.xlsx
Intro,Sea Wolf,intro,,INTRO,T-301.569.273-2,sea wolf,t-301.569.273-2,Clipes Unificados_nov Dez 2023,Clipes Unificados_nov Dez 2023.xlsx
Intro,Sea Wolf,intro,,INTRO,T-304.306.407-5,sea wolf,t-304.306.407-5,Clipes Unificados_nov Dez 2023,Clipes Unificados_nov Dez 2023.xlsx
Intro,Sea Wolf,intro,,INTRO,T-309.423.419-8,sea wolf,t-309.423.419-8,Clipes Unificados_nov Dez 2023,Clipes Unificados_nov Dez 2023.xlsx
Intro,Sea Wolf,intro,,INTRO,T-311.595.435-9,sea wolf,t-311.595.435-9,Clipes Unificados_nov Dez 2023,Clipes Unificados_nov Dez 2023.xlsx
Intro,Sea Wolf,intro,,INTRO,,sea wolf,nan,Clipes Unificados_nov Dez 2023,Clipes Unificados_nov Dez 2023.xlsx
Intro,Sea Wolf,intro,,INTRO,T-317.818.173-8,sea wolf,t-317.818.173-8,Clipes Unificados_nov Dez 2023,Clipes Unificados_nov Dez 2023.xlsx
Instrumental,Jose´ Gonza´lez,instrumental,,INSTRUMENTAL,T-039.312.261-6,jose  gonza lez,t-039.312.261-6,Clipes Unificados_nov Dez 2023,Clipes Unificados_nov Dez 2023.xlsx
Instrumental,Jose´ Gonza´lez,instrumental,,INSTRUMENTAL,,jose  gonza lez,nan,Clipes Unificados_nov Dez 2023,Clipes Unificados_nov Dez 2023.xlsx
Intro,Sea Wolf,intro,,INTRO,T-301.569.273-2,sea wolf,t-301.569.273-2,Clipes Unificados_nov Dez 2023,Clipes Unificados_nov Dez 2023.xlsx
Intro,Sea Wolf,intro,,INTRO,T-304.306.407-5,sea wolf,t-304.306.407-5,Clipes Unificados_nov Dez 2023,Clipes Unificados_nov Dez 2023.xlsx
Intro,Sea Wolf,intro,,INTRO,T-309.423.419-8,sea wolf,t-309.423.419-8,Clipes Unificados_nov Dez 2023,Clipes Unificados_nov Dez 2023.xlsx
Intro,Sea Wolf,intro,,INTRO,T-311.595.435-9,sea wolf,t-311.595.435-9,Clipes Unificados_nov Dez 2023,Clipes Unificados_nov Dez 2023.xlsx
Intro,Sea Wolf,intro,,INTRO,,sea wolf,nan,Clipes Unificados_nov Dez 2023,Clipes Unificados_nov Dez 2023.xlsx
Intro,Sea Wolf,intro,,INTRO,T-317.818.173-8,sea wolf,t-317.818.173-8,Clipes Unificados_nov Dez 2023,Clipes Unificados_nov Dez 2023.xlsx
Restless,New Order,restless,,RESTLESS,,new order,nan,Clipes Unificados_nov Dez 2023,Clipes Unificados_nov Dez 2023.xlsx
Instrumental,Jose´ Gonza´lez,instrumental,,INSTRUMENTAL,T-039.312.261-6,jose  gonza lez,t-039.312.261-6,Clipes Unificados_nov Dez 2023,Clipes Unificados_nov Dez 2023.xlsx
Instrumental,Jose´ Gonza´lez,instrumental,,INSTRUMENTAL,,jose  gonza lez,nan,Clipes Unificados_nov Dez 2023,Clipes Unificados_nov Dez 2023.xlsx
Intro,Sea Wolf,intro,,INTRO,T-301.569.273-2,sea wolf,t-301.569.273-2,Clipes Unificados_nov Dez 2023,Clipes Unificados_nov Dez 2023.xlsx
Intro,Sea Wolf,intro,,INTRO,T-304.306.407-5,sea wolf,t-304.306.407-5,Clipes Unificados_nov Dez 2023,Clipes Unificados_nov Dez 2023.xlsx
Intro,Sea Wolf,intro,,INTRO,T-309.423.419-8,sea wolf,t-309.423.419-8,Clipes Unificados_nov Dez 2023,Clipes Unificados_nov Dez 2023.xlsx
Intro,Sea Wolf,intro,,INTRO,T-311.595.435-9,sea wolf,t-311.595.435-9,Clipes Unificados_nov Dez 2023,Clipes Unificados_nov Dez 2023.xlsx
Intro,Sea Wolf,intro,,INTRO,,sea wolf,nan,Clipes Unificados_nov Dez 2023,Clipes Unificados_nov Dez 2023.xlsx
Intro,Sea Wolf,intro,,INTRO,T-317.818.173-8,sea wolf,t-317.818.173-8,Clipes Unificados_nov Dez 2023,Clipes Unificados_nov Dez 2023.xlsx
Heartbeats,Jose Gonzalez,heartbeats,,HEARTBEATS,T-040.106.209-6,jose gonzalez,t-040.106.209-6,Clipes Unificados_nov Dez 2023,Clipes Unificados_nov Dez 2023.xlsx
Restless,New Order,restless,,RESTLESS,,new order,nan,Clipes Unificados_nov Dez 2023,Clipes Unificados_nov Dez 2023.xlsx
Elevate,Winery Dogs,elevate,,ELEVATE,T-333.723.618-3,winery dogs,t-333.723.618-3,Clipes Unificados_nov Dez 2023,Clipes Unificados_nov Dez 2023.xlsx
Elevate,Winery Dogs,elevate,,ELEVATE,T-333.723.618-3,winery dogs,t-333.723.618-3,Clipes Unificados_nov Dez 2023,Clipes Unificados_nov Dez 2023.xlsx
Elevate,Winery Dogs,elevate,,ELEVATE,T-333.723.618-3,winery dogs,t-333.723.618-3,Clipes Unificados_nov Dez 2023,Clipes Unificados_nov Dez 2023.xlsx
Elevate,Winery Dogs,elevate,,ELEVATE,T-333.723.618-3,winery dogs,t-333.723.618-3,Clipes Unificados_nov Dez 2023,Clipes Unificados_nov Dez 2023.xlsx
Felicidade,Marcelo Jeneci,felicidade,,FELICIDADE,,marcelo jeneci,nan,Clipes Unificados_nov Dez 2023,Clipes Unificados_nov Dez 2023.xlsx
Elevate,Winery Dogs,elevate,,ELEVATE,T-333.723.618-3,winery dogs,t-333.723.618-3,Clipes Unificados_nov Dez 2023,Clipes Unificados_nov Dez 2023.xlsx
Elevate,Winery Dogs,elevate,,ELEVATE,T-333.723.618-3,winery dogs,t-333.723.618-3,Clipes Unificados_nov Dez 2023,Clipes Unificados_nov Dez 2023.xlsx
Midnight,Dhruv Visvanath,midnight,,MIDNIGHT,T-300.963.818-6,dhruv visvanath,t-300.963.818-6,Clipes Unificados_nov Dez 2023,Clipes Unificados_nov Dez 2023.xlsx
Downtown,"Cactus Blossoms, The",downtown,,DOWNTOWN,,"cactus blossoms, the",nan,Clipes Unificados_nov Dez 2023,Clipes Unificados_nov Dez 2023.xlsx
Instrumental,Groupe Mazagan,instrumental,,INSTRUMENTAL,T-039.312.261-6,groupe mazagan,t-039.312.261-6,Clipes Unificados_nov Dez 2023,Clipes Unificados_nov Dez 2023.xlsx
Instrumental,Groupe Mazagan,instrumental,,INSTRUMENTAL,,groupe mazagan,nan,Clipes Unificados_nov Dez 2023,Clipes Unificados_nov Dez 2023.xlsx
Felicidade,Marcelo Jeneci,felicidade,,FELICIDADE,,marcelo jeneci,nan,Clipes Unificados_nov Dez 2023,Clipes Unificados_nov Dez 2023.xlsx
Midnight,Dhruv Visvanath,midnight,,MIDNIGHT,T-300.963.818-6,dhruv visvanath,t-300.963.818-6,Clipes Unificados_nov Dez 2023,Clipes Unificados_nov Dez 2023.xlsx
Felicidade,Marcelo Jeneci,felicidade,,FELICIDADE,,marcelo jeneci,nan,Clipes Unificados_nov Dez 2023,Clipes Unificados_nov Dez 2023.xlsx
Midnight,Dhruv Visvanath,midnight,,MIDNIGHT,T-300.963.818-6,dhruv visvanath,t-300.963.818-6,Clipes Unificados_nov Dez 2023,Clipes Unificados_nov Dez 2023.xlsx
Deserto,Carvel,deserto,,DESERTO,T-039.611.378-2,carvel,t-039.611.378-2,Clipes Unificados_nov Dez 2023,Clipes Unificados_nov Dez 2023.xlsx
Enigma,"Carol Biazin,Chameleo",enigma,,ENIGMA,T-313.268.061-2,"carol biazin,chameleo",t-313.268.061-2,Clipes Unificados_nov Dez 2023,Clipes Unificados_nov Dez 2023.xlsx
Enigma,"Carol Biazin,Chameleo",enigma,,ENIGMA,T-328.439.218-9,"carol biazin,chameleo",t-328.439.218-9,Clipes Unificados_nov Dez 2023,Clipes Unificados_nov Dez 2023.xlsx
Lua Nova,"Flavia K,Flora Piquerobí",lua nova,,LUA NOVA,T-302.129.848-2,"flavia k,flora piquerobi",t-302.129.848-2,Clipes Unificados_nov Dez 2023,Clipes Unificados_nov Dez 2023.xlsx
Sinais,Lala Dias,sinais,,SINAIS,T-039.662.232-4,lala dias,t-039.662.232-4,Clipes Unificados_nov Dez 2023,Clipes Unificados_nov Dez 2023.xlsx
Deserto,Carvel,deserto,,DESERTO,T-039.611.378-2,carvel,t-039.611.378-2,Clipes Unificados_nov Dez 2023,Clipes Unificados_nov Dez 2023.xlsx
Enigma,"Carol Biazin,Chameleo",enigma,,ENIGMA,T-313.268.061-2,"carol biazin,chameleo",t-313.268.061-2,Clipes Unificados_nov Dez 2023,Clipes Unificados_nov Dez 2023.xlsx
Enigma,"Carol Biazin,Chameleo",enigma,,ENIGMA,T-328.439.218-9,"carol biazin,chameleo",t-328.439.218-9,Clipes Unificados_nov Dez 2023,Clipes Unificados_nov Dez 2023.xlsx
Lua Nova,"Flavia K,Flora Piquerobí",lua nova,,LUA NOVA,T-302.129.848-2,"flavia k,flora piquerobi",t-302.129.848-2,Clipes Unificados_nov Dez 2023,Clipes Unificados_nov Dez 2023.xlsx
Sinais,Lala Dias,sinais,,SINAIS,T-039.662.232-4,lala dias,t-039.662.232-4,Clipes Unificados_nov Dez 2023,Clipes Unificados_nov Dez 2023.xlsx
Deserto,Carvel,deserto,,DESERTO,T-039.611.378-2,carvel,t-039.611.378-2,Clipes Unificados_nov Dez 2023,Clipes Unificados_nov Dez 2023.xlsx
Enigma,"Carol Biazin,Chameleo",enigma,,ENIGMA,T-313.268.061-2,"carol biazin,chameleo",t-313.268.061-2,Clipes Unificados_nov Dez 2023,Clipes Unificados_nov Dez 2023.xlsx
Enigma,"Carol Biazin,Chameleo",enigma,,ENIGMA,T-328.439.218-9,"carol biazin,chameleo",t-328.439.218-9,Clipes Unificados_nov Dez 2023,Clipes Unificados_nov Dez 2023.xlsx
Lua Nova,"Flavia K,Flora Piquerobí",lua nova,,LUA NOVA,T-302.129.848-2,"flavia k,flora piquerobi",t-302.129.848-2,Clipes Unificados_nov Dez 2023,Clipes Unificados_nov Dez 2023.xlsx
Nó,Pedro Mann,no,,NÓ,,pedro mann,nan,Clipes Unificados_nov Dez 2023,Clipes Unificados_nov Dez 2023.xlsx
Sempre Sonhei,Samantha Mainine,sempre sonhei,,SEMPRE SONHEI,T-301.989.530-4,samantha mainine,t-301.989.530-4,Clipes Unificados_nov Dez 2023,Clipes Unificados_nov Dez 2023.xlsx
Sinais,Lala Dias,sinais,,SINAIS,T-039.662.232-4,lala dias,t-039.662.232-4,Clipes Unificados_nov Dez 2023,Clipes Unificados_nov Dez 2023.xlsx
Tão A Sério,Tati Falcão,tao a serio,,TAO A SERIO,T-039.768.313-4,tati falcao,t-039.768.313-4,Clipes Unificados_nov Dez 2023,Clipes Unificados_nov Dez 2023.xlsx
Tão Só,Mariana Gambôa,tao so,,TÃO SÓ,T-318.297.783-5,mariana gamboa,t-318.297.783-5,Clipes Unificados_nov Dez 2023,Clipes Unificados_nov Dez 2023.xlsx
Lua Nova,"Flavia K,Flora Piquerobí",lua nova,,LUA NOVA,T-302.129.848-2,"flavia k,flora piquerobi",t-302.129.848-2,Clipes Unificados_nov Dez 2023,Clipes Unificados_nov Dez 2023.xlsx
Nó,Pedro Mann,no,,NÓ,,pedro mann,nan,Clipes Unificados_nov Dez 2023,Clipes Unificados_nov Dez 2023.xlsx
Sempre Sonhei,Samantha Mainine,sempre sonhei,,SEMPRE SONHEI,T-301.989.530-4,samantha mainine,t-301.989.530-4,Clipes Unificados_nov Dez 2023,Clipes Unificados_nov Dez 2023.xlsx
Tão A Sério,Tati Falcão,tao a serio,,TAO A SERIO,T-039.768.313-4,tati falcao,t-039.768.313-4,Clipes Unificados_nov Dez 2023,Clipes Unificados_nov Dez 2023.xlsx
Tão Só,Mariana Gambôa,tao so,,TÃO SÓ,T-318.297.783-5,mariana gamboa,t-318.297.783-5,Clipes Unificados_nov Dez 2023,Clipes Unificados_nov Dez 2023.xlsx
Manifesto,Péricles Cavalcanti,manifesto,,MANIFESTO,T-040.226.898-7,pericles cavalcanti,t-040.226.898-7,Clipes Unificados_nov Dez 2023,Clipes Unificados_nov Dez 2023.xlsx
Nó,Pedro Mann,no,,NÓ,,pedro mann,nan,Clipes Unificados_nov Dez 2023,Clipes Unificados_nov Dez 2023.xlsx
Sempre Sonhei,Samantha Mainine,sempre sonhei,,SEMPRE SONHEI,T-301.989.530-4,samantha mainine,t-301.989.530-4,Clipes Unificados_nov Dez 2023,Clipes Unificados_nov Dez 2023.xlsx
Tão A Sério,Tati Falcão,tao a serio,,TAO A SERIO,T-039.768.313-4,tati falcao,t-039.768.313-4,Clipes Unificados_nov Dez 2023,Clipes Unificados_nov Dez 2023.xlsx
Tão Só,Mariana Gambôa,tao so,,TÃO SÓ,T-318.297.783-5,mariana gamboa,t-318.297.783-5,Clipes Unificados_nov Dez 2023,Clipes Unificados_nov Dez 2023.xlsx
Manifesto,Péricles Cavalcanti,manifesto,,MANIFESTO,T-040.226.898-7,pericles cavalcanti,t-040.226.898-7,Clipes Unificados_nov Dez 2023,Clipes Unificados_nov Dez 2023.xlsx
Me Perdoa,"Ferrugem,Iza",me perdoa,,ME PERDOA,,"ferrugem,iza",nan,Clipes Unificados_nov Dez 2023,Clipes Unificados_nov Dez 2023.xlsx
Pássaros,"Lourena,Projota",passaros,,PÁSSAROS,,"lourena,projota",nan,Clipes Unificados_nov Dez 2023,Clipes Unificados_nov Dez 2023.xlsx
Manifesto,Péricles Cavalcanti,manifesto,,MANIFESTO,T-040.226.898-7,pericles cavalcanti,t-040.226.898-7,Clipes Unificados_nov Dez 2023,Clipes Unificados_nov Dez 2023.xlsx
Me Perdoa,"Ferrugem,Iza",me perdoa,,ME PERDOA,,"ferrugem,iza",nan,Clipes Unificados_nov Dez 2023,Clipes Unificados_nov Dez 2023.xlsx
Pássaros,"Lourena,Projota",passaros,,PÁSSAROS,,"lourena,projota",nan,Clipes Unificados_nov Dez 2023,Clipes Unificados_nov Dez 2023.xlsx
Me Perdoa,"Ferrugem,Iza",me perdoa,,ME PERDOA,,"ferrugem,iza",nan,Clipes Unificados_nov Dez 2023,Clipes Unificados_nov Dez 2023.xlsx
Pássaros,"Lourena,Projota",passaros,,PÁSSAROS,,"lourena,projota",nan,Clipes Unificados_nov Dez 2023,Clipes Unificados_nov Dez 2023.xlsx
Carnaval,Atitude 67,carnaval,,CARNAVAL,T-039.269.033-3,atitude 67,t-039.269.033-3,Clipes Unificados_nov Dez 2023,Clipes Unificados_nov Dez 2023.xlsx
Carnaval,Atitude 67,carnaval,,CARNAVAL,T-040.344.097-0,atitude 67,t-040.344.097-0,Clipes Unificados_nov Dez 2023,Clipes Unificados_nov Dez 2023.xlsx
Carnaval,Atitude 67,carnaval,,CARNAVAL,,atitude 67,nan,Clipes Unificados_nov Dez 2023,Clipes Unificados_nov Dez 2023.xlsx
Me Perdoa,"Ferrugem,Iza",me perdoa,,ME PERDOA,,"ferrugem,iza",nan,Clipes Unificados_nov Dez 2023,Clipes Unificados_nov Dez 2023.xlsx
Nó,Pedro Mann,no,,NÓ,,pedro mann,nan,Clipes Unificados_nov Dez 2023,Clipes Unificados_nov Dez 2023.xlsx
Pássaros,"Lourena,Projota",passaros,,PÁSSAROS,,"lourena,projota",nan,Clipes Unificados_nov Dez 2023,Clipes Unificados_nov Dez 2023.xlsx
Sempre Sonhei,Samantha Mainine,sempre sonhei,,SEMPRE SONHEI,T-301.989.530-4,samantha mainine,t-301.989.530-4,Clipes Unificados_nov Dez 2023,Clipes Unificados_nov Dez 2023.xlsx
Tão A Sério,Tati Falcão,tao a serio,,TAO A SERIO,T-039.768.313-4,tati falcao,t-039.768.313-4,Clipes Unificados_nov Dez 2023,Clipes Unificados_nov Dez 2023.xlsx
Tão Só,Mariana Gambôa,tao so,,TÃO SÓ,T-318.297.783-5,mariana gamboa,t-318.297.783-5,Clipes Unificados_nov Dez 2023,Clipes Unificados_nov Dez 2023.xlsx
Carnaval,Atitude 67,carnaval,,CARNAVAL,T-039.269.033-3,atitude 67,t-039.269.033-3,Clipes Unificados_nov Dez 2023,Clipes Unificados_nov Dez 2023.xlsx
Carnaval,Atitude 67,carnaval,,CARNAVAL,T-040.344.097-0,atitude 67,t-040.344.097-0,Clipes Unificados_nov Dez 2023,Clipes Unificados_nov Dez 2023.xlsx
Carnaval,Atitude 67,carnaval,,CARNAVAL,,atitude 67,nan,Clipes Unificados_nov Dez 2023,Clipes Unificados_nov Dez 2023.xlsx
Tão Só,Mariana Gambôa,tao so,,TÃO SÓ,T-318.297.783-5,mariana gamboa,t-318.297.783-5,Clipes Unificados_nov Dez 2023,Clipes Unificados_nov Dez 2023.xlsx
Nó,Pedro Mann,no,,NÓ,,pedro mann,nan,Clipes Unificados_nov Dez 2023,Clipes Unificados_nov Dez 2023.xlsx
Sempre Sonhei,Samantha Mainine,sempre sonhei,,SEMPRE SONHEI,T-301.989.530-4,samantha mainine,t-301.989.530-4,Clipes Unificados_nov Dez 2023,Clipes Unificados_nov Dez 2023.xlsx
Tão A Sério,Tati Falcão,tao a serio,,TAO A SERIO,T-039.768.313-4,tati falcao,t-039.768.313-4,Clipes Unificados_nov Dez 2023,Clipes Unificados_nov Dez 2023.xlsx
Tão Só,Mariana Gambôa,tao so,,TÃO SÓ,T-318.297.783-5,mariana gamboa,t-318.297.783-5,Clipes Unificados_nov Dez 2023,Clipes Unificados_nov Dez 2023.xlsx
Aquelas Coisas,Choice,aquelas coisas,,AQUELAS COISAS,T-317.817.145-0,choice,t-317.817.145-0,Clipes Unificados_nov Dez 2023,Clipes Unificados_nov Dez 2023.xlsx
Ela,Clarissa,ela,,ELA,T-322.696.235-8,clarissa,t-322.696.235-8,Clipes Unificados_nov Dez 2023,Clipes Unificados_nov Dez 2023.xlsx
Ela,De Maria,ela,,ELA,T-322.696.235-8,de maria,t-322.696.235-8,Clipes Unificados_nov Dez 2023,Clipes Unificados_nov Dez 2023.xlsx
Aquelas Coisas,Choice,aquelas coisas,,AQUELAS COISAS,T-317.817.145-0,choice,t-317.817.145-0,Clipes Unificados_nov Dez 2023,Clipes Unificados_nov Dez 2023.xlsx
Ela,Clarissa,ela,,ELA,T-322.696.235-8,clarissa,t-322.696.235-8,Clipes Unificados_nov Dez 2023,Clipes Unificados_nov Dez 2023.xlsx
Ela,De Maria,ela,,ELA,T-322.696.235-8,de maria,t-322.696.235-8,Clipes Unificados_nov Dez 2023,Clipes Unificados_nov Dez 2023.xlsx
Aquelas Coisas,Choice,aquelas coisas,,AQUELAS COISAS,T-317.817.145-0,choice,t-317.817.145-0,Clipes Unificados_nov Dez 2023,Clipes Unificados_nov Dez 2023.xlsx
Ela,Clarissa,ela,,ELA,T-322.696.235-8,clarissa,t-322.696.235-8,Clipes Unificados_nov Dez 2023,Clipes Unificados_nov Dez 2023.xlsx
Ela,De Maria,ela,,ELA,T-322.696.235-8,de maria,t-322.696.235-8,Clipes Unificados_nov Dez 2023,Clipes Unificados_nov Dez 2023.xlsx
Ancestral,Alteris,ancestral,,ANCESTRAL,T-040.340.380-4,alteris,t-040.340.380-4,Clipes Unificados_nov Dez 2023,Clipes Unificados_nov Dez 2023.xlsx
Aquelas Coisas,Choice,aquelas coisas,,AQUELAS COISAS,T-317.817.145-0,choice,t-317.817.145-0,Clipes Unificados_nov Dez 2023,Clipes Unificados_nov Dez 2023.xlsx
Ela,Clarissa,ela,,ELA,T-322.696.235-8,clarissa,t-322.696.235-8,Clipes Unificados_nov Dez 2023,Clipes Unificados_nov Dez 2023.xlsx
Ela,De Maria,ela,,ELA,T-322.696.235-8,de maria,t-322.696.235-8,Clipes Unificados_nov Dez 2023,Clipes Unificados_nov Dez 2023.xlsx
Meu Bem,"Sunflower Jam,Thiago Muller",meu bem,,MEU BEM,,"sunflower jam,thiago muller",nan,Clipes Unificados_nov Dez 2023,Clipes Unificados_nov Dez 2023.xlsx
Se Foi,Yoùn,se foi,,SE FOI,T-039.497.697-6,youn,t-039.497.697-6,Clipes Unificados_nov Dez 2023,Clipes Unificados_nov Dez 2023.xlsx
Ancestral,Alteris,ancestral,,ANCESTRAL,T-040.340.380-4,alteris,t-040.340.380-4,Clipes Unificados_nov Dez 2023,Clipes Unificados_nov Dez 2023.xlsx
De Novo,Barro Part. Luísa Nascim (Prod. Maley No Beat E Tombc),de novo,,DE NOVO,T-319.876.158-5,barro part. luisa nascim (prod. maley no beat e tombc),t-319.876.158-5,Clipes Unificados_nov Dez 2023,Clipes Unificados_nov Dez 2023.xlsx
Garoa,Jota.Pê,garoa,,GAROA,T-040.279.889-3,jota.pe,t-040.279.889-3,Clipes Unificados_nov Dez 2023,Clipes Unificados_nov Dez 2023.xlsx
Meu Bem,"Sunflower Jam,Thiago Muller",meu bem,,MEU BEM,,"sunflower jam,thiago muller",nan,Clipes Unificados_nov Dez 2023,Clipes Unificados_nov Dez 2023.xlsx
Se Foi,Yoùn,se foi,,SE FOI,T-039.497.697-6,youn,t-039.497.697-6,Clipes Unificados_nov Dez 2023,Clipes Unificados_nov Dez 2023.xlsx
Ancestral,Alteris,ancestral,,ANCESTRAL,T-040.340.380-4,alteris,t-040.340.380-4,Clipes Unificados_nov Dez 2023,Clipes Unificados_nov Dez 2023.xlsx
Brisa,Bruna Prado,brisa,,BRISA,T-315.799.145-8,bruna prado,t-315.799.145-8,Clipes Unificados_nov Dez 2023,Clipes Unificados_nov Dez 2023.xlsx
Brisa,Bruna Prado,brisa,,BRISA,T-316.180.981-6,bruna prado,t-316.180.981-6,Clipes Unificados_nov Dez 2023,Clipes Unificados_nov Dez 2023.xlsx
Brisa,Bruna Prado,brisa,,BRISA,T-326.766.166-1,bruna prado,t-326.766.166-1,Clipes Unificados_nov Dez 2023,Clipes Unificados_nov Dez 2023.xlsx
De Novo,Barro Part. Luísa Nascim (Prod. Maley No Beat E Tombc),de novo,,DE NOVO,T-319.876.158-5,barro part. luisa nascim (prod. maley no beat e tombc),t-319.876.158-5,Clipes Unificados_nov Dez 2023,Clipes Unificados_nov Dez 2023.xlsx
Ela,De Maria,ela,,ELA,T-322.696.235-8,de maria,t-322.696.235-8,Clipes Unificados_nov Dez 2023,Clipes Unificados_nov Dez 2023.xlsx
Enigma,"Carol Biazin,Chameleo",enigma,,ENIGMA,T-313.268.061-2,"carol biazin,chameleo",t-313.268.061-2,Clipes Unificados_nov Dez 2023,Clipes Unificados_nov Dez 2023.xlsx
Enigma,"Carol Biazin,Chameleo",enigma,,ENIGMA,T-328.439.218-9,"carol biazin,chameleo",t-328.439.218-9,Clipes Unificados_nov Dez 2023,Clipes Unificados_nov Dez 2023.xlsx
Meu Bem,"Sunflower Jam,Thiago Muller",meu bem,,MEU BEM,,"sunflower jam,thiago muller",nan,Clipes Unificados_nov Dez 2023,Clipes Unificados_nov Dez 2023.xlsx
Se Foi,Yoùn,se foi,,SE FOI,T-039.497.697-6,youn,t-039.497.697-6,Clipes Unificados_nov Dez 2023,Clipes Unificados_nov Dez 2023.xlsx
Brisa,Bruna Prado,brisa,,BRISA,T-315.799.145-8,bruna prado,t-315.799.145-8,Clipes Unificados_nov Dez 2023,Clipes Unificados_nov Dez 2023.xlsx
Brisa,Bruna Prado,brisa,,BRISA,T-316.180.981-6,bruna prado,t-316.180.981-6,Clipes Unificados_nov Dez 2023,Clipes Unificados_nov Dez 2023.xlsx
Brisa,Bruna Prado,brisa,,BRISA,T-326.766.166-1,bruna prado,t-326.766.166-1,Clipes Unificados_nov Dez 2023,Clipes Unificados_nov Dez 2023.xlsx
De Novo,Barro Part. Luísa Nascim (Prod. Maley No Beat E Tombc),de novo,,DE NOVO,T-319.876.158-5,barro part. luisa nascim (prod. maley no beat e tombc),t-319.876.158-5,Clipes Unificados_nov Dez 2023,Clipes Unificados_nov Dez 2023.xlsx
Ela,De Maria,ela,,ELA,T-322.696.235-8,de maria,t-322.696.235-8,Clipes Unificados_nov Dez 2023,Clipes Unificados_nov Dez 2023.xlsx
Enigma,"Carol Biazin,Chameleo",enigma,,ENIGMA,T-313.268.061-2,"carol biazin,chameleo",t-313.268.061-2,Clipes Unificados_nov Dez 2023,Clipes Unificados_nov Dez 2023.xlsx
Enigma,"Carol Biazin,Chameleo",enigma,,ENIGMA,T-328.439.218-9,"carol biazin,chameleo",t-328.439.218-9,Clipes Unificados_nov Dez 2023,Clipes Unificados_nov Dez 2023.xlsx
Garoa,Jota.Pê,garoa,,GAROA,T-040.279.889-3,jota.pe,t-040.279.889-3,Clipes Unificados_nov Dez 2023,Clipes Unificados_nov Dez 2023.xlsx
Brisa,Bruna Prado,brisa,,BRISA,T-315.799.145-8,bruna prado,t-315.799.145-8,Clipes Unificados_nov Dez 2023,Clipes Unificados_nov Dez 2023.xlsx
Brisa,Bruna Prado,brisa,,BRISA,T-316.180.981-6,bruna prado,t-316.180.981-6,Clipes Unificados_nov Dez 2023,Clipes Unificados_nov Dez 2023.xlsx
Brisa,Bruna Prado,brisa,,BRISA,T-326.766.166-1,bruna prado,t-326.766.166-1,Clipes Unificados_nov Dez 2023,Clipes Unificados_nov Dez 2023.xlsx
Enigma,"Carol Biazin,Chameleo",enigma,,ENIGMA,T-313.268.061-2,"carol biazin,chameleo",t-313.268.061-2,Clipes Unificados_nov Dez 2023,Clipes Unificados_nov Dez 2023.xlsx
Enigma,"Carol Biazin,Chameleo",enigma,,ENIGMA,T-328.439.218-9,"carol biazin,chameleo",t-328.439.218-9,Clipes Unificados_nov Dez 2023,Clipes Unificados_nov Dez 2023.xlsx
Delírio,"Clarissa,Outroeu",delirio,,DELIRIO,T-301.566.979-7,"clarissa,outroeu",t-301.566.979-7,Clipes Unificados_nov Dez 2023,Clipes Unificados_nov Dez 2023.xlsx
Dia De Sorte,Mariana Nolasco,dia de sorte,,DIA DE SORTE,T-305.220.242-9,mariana nolasco,t-305.220.242-9,Clipes Unificados_nov Dez 2023,Clipes Unificados_nov Dez 2023.xlsx
De Novo,Barro Part. Luísa Nascim (Prod. Maley No Beat E Tombc),de novo,,DE NOVO,T-319.876.158-5,barro part. luisa nascim (prod. maley no beat e tombc),t-319.876.158-5,Clipes Unificados_nov Dez 2023,Clipes Unificados_nov Dez 2023.xlsx
Dia De Sorte,Mariana Nolasco,dia de sorte,,DIA DE SORTE,T-305.220.242-9,mariana nolasco,t-305.220.242-9,Clipes Unificados_nov Dez 2023,Clipes Unificados_nov Dez 2023.xlsx
Chama,"Gloria Groove,Kafé",chama,,CHAMA,T-303.013.981-8,"gloria groove,kafe",t-303.013.981-8,Clipes Unificados_nov Dez 2023,Clipes Unificados_nov Dez 2023.xlsx
De Novo,Barro Part. Luísa Nascim (Prod. Maley No Beat E Tombc),de novo,,DE NOVO,T-319.876.158-5,barro part. luisa nascim (prod. maley no beat e tombc),t-319.876.158-5,Clipes Unificados_nov Dez 2023,Clipes Unificados_nov Dez 2023.xlsx
Delírio,"Clarissa,Outroeu",delirio,,DELIRIO,T-301.566.979-7,"clarissa,outroeu",t-301.566.979-7,Clipes Unificados_nov Dez 2023,Clipes Unificados_nov Dez 2023.xlsx
Dia De Sorte,Mariana Nolasco,dia de sorte,,DIA DE SORTE,T-305.220.242-9,mariana nolasco,t-305.220.242-9,Clipes Unificados_nov Dez 2023,Clipes Unificados_nov Dez 2023.xlsx
Chama,"Gloria Groove,Kafé",chama,,CHAMA,T-303.013.981-8,"gloria groove,kafe",t-303.013.981-8,Clipes Unificados_nov Dez 2023,Clipes Unificados_nov Dez 2023.xlsx
Chama,"Gloria Groove,Kafé",chama,,CHAMA,T-303.013.981-8,"gloria groove,kafe",t-303.013.981-8,Clipes Unificados_nov Dez 2023,Clipes Unificados_nov Dez 2023.xlsx
Sinais,"Ferrugem,Péricles,Sorriso Maroto",sinais,,SINAIS,T-039.662.232-4,"ferrugem,pericles,sorriso maroto",t-039.662.232-4,Clipes Unificados_nov Dez 2023,Clipes Unificados_nov Dez 2023.xlsx
Bandida,Melly,bandida,,BANDIDA,,melly,nan,Clipes Unificados_nov Dez 2023,Clipes Unificados_nov Dez 2023.xlsx
Bandida,Melly,bandida,,BANDIDA,T-313.263.400-1,melly,t-313.263.400-1,Clipes Unificados_nov Dez 2023,Clipes Unificados_nov Dez 2023.xlsx
Domingo,Só Pra Contrariar,domingo,,DOMINGO,T-307.003.485-0,so pra contrariar,t-307.003.485-0,Clipes Unificados_nov Dez 2023,Clipes Unificados_nov Dez 2023.xlsx
Domingo,Só Pra Contrariar,domingo,,DOMINGO,T-301.991.455-3,so pra contrariar,t-301.991.455-3,Clipes Unificados_nov Dez 2023,Clipes Unificados_nov Dez 2023.xlsx
Me Gusta,"Anitta,Cardi B,Myke Towers",me gusta,,ME GUSTA,,"anitta,cardi b,myke towers",nan,Clipes Unificados_nov Dez 2023,Clipes Unificados_nov Dez 2023.xlsx
Domingo,Só Pra Contrariar,domingo,,DOMINGO,T-307.003.485-0,so pra contrariar,t-307.003.485-0,Clipes Unificados_nov Dez 2023,Clipes Unificados_nov Dez 2023.xlsx
Domingo,Só Pra Contrariar,domingo,,DOMINGO,T-301.991.455-3,so pra contrariar,t-301.991.455-3,Clipes Unificados_nov Dez 2023,Clipes Unificados_nov Dez 2023.xlsx
Me Gusta,"Anitta,Cardi B,Myke Towers",me gusta,,ME GUSTA,,"anitta,cardi b,myke towers",nan,Clipes Unificados_nov Dez 2023,Clipes Unificados_nov Dez 2023.xlsx
Sem Sentimento,Luan Santana,sem sentimento,,SEM SENTIMENTO,,luan santana,nan,Clipes Unificados_nov Dez 2023,Clipes Unificados_nov Dez 2023.xlsx
Sem Sentimento,Luan Santana,sem sentimento,,SEM SENTIMENTO,T-323.105.005-4,luan santana,t-323.105.005-4,Clipes Unificados_nov Dez 2023,Clipes Unificados_nov Dez 2023.xlsx
Sinais,"Ferrugem,Péricles,Sorriso Maroto",sinais,,SINAIS,T-039.662.232-4,"ferrugem,pericles,sorriso maroto",t-039.662.232-4,Clipes Unificados_nov Dez 2023,Clipes Unificados_nov Dez 2023.xlsx
Saudade,Lauana Prado,saudade,,SAUDADE,T-306.509.964-7,lauana prado,t-306.509.964-7,Clipes Unificados_nov Dez 2023,Clipes Unificados_nov Dez 2023.xlsx
Saudade,Lauana Prado,saudade,,SAUDADE,T-039.751.632-3,lauana prado,t-039.751.632-3,Clipes Unificados_nov Dez 2023,Clipes Unificados_nov Dez 2023.xlsx
Saudade,Lauana Prado,saudade,,SAUDADE,,lauana prado,nan,Clipes Unificados_nov Dez 2023,Clipes Unificados_nov Dez 2023.xlsx
Saudade,Lauana Prado,saudade,,SAUDADE,T-305.264.938-0,lauana prado,t-305.264.938-0,Clipes Unificados_nov Dez 2023,Clipes Unificados_nov Dez 2023.xlsx
Tik Tok,Kesha,tik tok,,TIK TOK,T-304.715.444-5,kesha,t-304.715.444-5,Clipes Unificados_nov Dez 2023,Clipes Unificados_nov Dez 2023.xlsx
Sentadão,"Felipe Original,Js,Pedro Sampaio",sentadao,,SENTADÃO,T-303.014.916-3,"felipe original,js,pedro sampaio",t-303.014.916-3,Clipes Unificados_nov Dez 2023,Clipes Unificados_nov Dez 2023.xlsx
Sentadão,"Felipe Original,Js,Pedro Sampaio",sentadao,,SENTADÃO,T-304.715.440-1,"felipe original,js,pedro sampaio",t-304.715.440-1,Clipes Unificados_nov Dez 2023,Clipes Unificados_nov Dez 2023.xlsx
Sentadão,"Felipe Original,Js,Pedro Sampaio",sentadao,,SENTADÃO,T-325.955.974-1,"felipe original,js,pedro sampaio",t-325.955.974-1,Clipes Unificados_nov Dez 2023,Clipes Unificados_nov Dez 2023.xlsx
Tik Tok,Kesha,tik tok,,TIK TOK,T-304.715.444-5,kesha,t-304.715.444-5,Clipes Unificados_nov Dez 2023,Clipes Unificados_nov Dez 2023.xlsx
Idgaf,Dua Lipa,idgaf,,IDGAF,T-304.308.877-9,dua lipa,t-304.308.877-9,Clipes Unificados_nov Dez 2023,Clipes Unificados_nov Dez 2023.xlsx
Sem Sentimento,Luan Santana,sem sentimento,,SEM SENTIMENTO,,luan santana,nan,Clipes Unificados_nov Dez 2023,Clipes Unificados_nov Dez 2023.xlsx
Sem Sentimento,Luan Santana,sem sentimento,,SEM SENTIMENTO,T-323.105.005-4,luan santana,t-323.105.005-4,Clipes Unificados_nov Dez 2023,Clipes Unificados_nov Dez 2023.xlsx
Saudade,"Ferrugem,Luísa Sonza",saudade,,SAUDADE,T-306.509.964-7,"ferrugem,luisa sonza",t-306.509.964-7,Clipes Unificados_nov Dez 2023,Clipes Unificados_nov Dez 2023.xlsx
Saudade,"Ferrugem,Luísa Sonza",saudade,,SAUDADE,T-039.751.632-3,"ferrugem,luisa sonza",t-039.751.632-3,Clipes Unificados_nov Dez 2023,Clipes Unificados_nov Dez 2023.xlsx
Saudade,"Ferrugem,Luísa Sonza",saudade,,SAUDADE,,"ferrugem,luisa sonza",nan,Clipes Unificados_nov Dez 2023,Clipes Unificados_nov Dez 2023.xlsx
Saudade,"Ferrugem,Luísa Sonza",saudade,,SAUDADE,T-305.264.938-0,"ferrugem,luisa sonza",t-305.264.938-0,Clipes Unificados_nov Dez 2023,Clipes Unificados_nov Dez 2023.xlsx
Saudade,"Ferrugem,Luísa Sonza",saudade,,SAUDADE,T-306.509.964-7,"ferrugem,luisa sonza",t-306.509.964-7,Clipes Unificados_nov Dez 2023,Clipes Unificados_nov Dez 2023.xlsx
Saudade,"Ferrugem,Luísa Sonza",saudade,,SAUDADE,T-039.751.632-3,"ferrugem,luisa sonza",t-039.751.632-3,Clipes Unificados_nov Dez 2023,Clipes Unificados_nov Dez 2023.xlsx
Saudade,"Ferrugem,Luísa Sonza",saudade,,SAUDADE,,"ferrugem,luisa sonza",nan,Clipes Unificados_nov Dez 2023,Clipes Unificados_nov Dez 2023.xlsx
Saudade,"Ferrugem,Luísa Sonza",saudade,,SAUDADE,T-305.264.938-0,"ferrugem,luisa sonza",t-305.264.938-0,Clipes Unificados_nov Dez 2023,Clipes Unificados_nov Dez 2023.xlsx
Paciência,"Alcione,Ferrugem",paciencia,,PACIENCIA,T-039.497.721-9,"alcione,ferrugem",t-039.497.721-9,Clipes Unificados_nov Dez 2023,Clipes Unificados_nov Dez 2023.xlsx
Paciência,"Alcione,Ferrugem",paciencia,,PACIÊNCIA,T-040.522.253-8,"alcione,ferrugem",t-040.522.253-8,Clipes Unificados_nov Dez 2023,Clipes Unificados_nov Dez 2023.xlsx
Vermelho,Gloria Groove,vermelho,,VERMELHO,T-313.315.106-7,gloria groove,t-313.315.106-7,Clipes Unificados_nov Dez 2023,Clipes Unificados_nov Dez 2023.xlsx
Ego,Beyoncé,ego,,EGO,T-932.207.168-1,beyonce,t-932.207.168-1,Clipes Unificados_nov Dez 2023,Clipes Unificados_nov Dez 2023.xlsx
Vermelho,Gloria Groove,vermelho,,VERMELHO,T-313.315.106-7,gloria groove,t-313.315.106-7,Clipes Unificados_nov Dez 2023,Clipes Unificados_nov Dez 2023.xlsx
Ela,"Ferrugem,Sorriso Maroto",ela,,ELA,T-322.696.235-8,"ferrugem,sorriso maroto",t-322.696.235-8,Clipes Unificados_nov Dez 2023,Clipes Unificados_nov Dez 2023.xlsx
Fome,"Amanda Coronha,Fp Do Trem Bala",fome,,FOME,T-313.795.616-8,"amanda coronha,fp do trem bala",t-313.795.616-8,Clipes Unificados_nov Dez 2023,Clipes Unificados_nov Dez 2023.xlsx
Ego,Beyoncé,ego,,EGO,T-932.207.168-1,beyonce,t-932.207.168-1,Clipes Unificados_nov Dez 2023,Clipes Unificados_nov Dez 2023.xlsx
Noite Passada,Thais,noite passada,,NOITE PASSADA,T-301.099.939-6,thais,t-301.099.939-6,Clipes Unificados_nov Dez 2023,Clipes Unificados_nov Dez 2023.xlsx
Idgaf,Dua Lipa,idgaf,,IDGAF,T-304.308.877-9,dua lipa,t-304.308.877-9,Clipes Unificados_nov Dez 2023,Clipes Unificados_nov Dez 2023.xlsx
Man Down,Rihanna,man down,,MAN DOWN,T-040.106.196-8,rihanna,t-040.106.196-8,Clipes Unificados_nov Dez 2023,Clipes Unificados_nov Dez 2023.xlsx
Sentadão,"Felipe Original,Js,Pedro Sampaio",sentadao,,SENTADÃO,T-303.014.916-3,"felipe original,js,pedro sampaio",t-303.014.916-3,Clipes Unificados_nov Dez 2023,Clipes Unificados_nov Dez 2023.xlsx
Sentadão,"Felipe Original,Js,Pedro Sampaio",sentadao,,SENTADÃO,T-304.715.440-1,"felipe original,js,pedro sampaio",t-304.715.440-1,Clipes Unificados_nov Dez 2023,Clipes Unificados_nov Dez 2023.xlsx
Sentadão,"Felipe Original,Js,Pedro Sampaio",sentadao,,SENTADÃO,T-325.955.974-1,"felipe original,js,pedro sampaio",t-325.955.974-1,Clipes Unificados_nov Dez 2023,Clipes Unificados_nov Dez 2023.xlsx
Vermelho,Gloria Groove,vermelho,,VERMELHO,T-313.315.106-7,gloria groove,t-313.315.106-7,Clipes Unificados_nov Dez 2023,Clipes Unificados_nov Dez 2023.xlsx
Amanhã,Guilherme Arantes,amanha,,AMANHÃ,T-307.004.953-1,guilherme arantes,t-307.004.953-1,Clipes Unificados_nov Dez 2023,Clipes Unificados_nov Dez 2023.xlsx
Eu Sei,Gabriel Elias,eu sei,,EU SEI,T-323.310.474-6,gabriel elias,t-323.310.474-6,Clipes Unificados_nov Dez 2023,Clipes Unificados_nov Dez 2023.xlsx
Vamos Fugir,Gabriel Elias,vamos fugir,,VAMOS FUGIR,T-305.415.581-2,gabriel elias,t-305.415.581-2,Clipes Unificados_nov Dez 2023,Clipes Unificados_nov Dez 2023.xlsx
Máscara,Pitty,mascara,,MÁSCARA,,pitty,nan,Clipes Unificados_nov Dez 2023,Clipes Unificados_nov Dez 2023.xlsx
Temporal,Pitty,temporal,,TEMPORAL,T-307.003.180-6,pitty,t-307.003.180-6,Clipes Unificados_nov Dez 2023,Clipes Unificados_nov Dez 2023.xlsx
Teto De Vidro,Pitty,teto de vidro,,TETO DE VIDRO,T-321.537.364-7,pitty,t-321.537.364-7,Clipes Unificados_nov Dez 2023,Clipes Unificados_nov Dez 2023.xlsx
Apreciação,Josyara,apreciacao,,APRECIACAO,T-040.035.348-1,josyara,t-040.035.348-1,Clipes Unificados_nov Dez 2023,Clipes Unificados_nov Dez 2023.xlsx
Gratidão,L7nnon,gratidao,,GRATIDÃO,T-305.217.523-8,l7nnon,t-305.217.523-8,Clipes Unificados_nov Dez 2023,Clipes Unificados_nov Dez 2023.xlsx
Amanhã,Guilherme Arantes,amanha,,AMANHÃ,T-307.004.953-1,guilherme arantes,t-307.004.953-1,Clipes Unificados_nov Dez 2023,Clipes Unificados_nov Dez 2023.xlsx
Eu Sei,Gabriel Elias,eu sei,,EU SEI,T-323.310.474-6,gabriel elias,t-323.310.474-6,Clipes Unificados_nov Dez 2023,Clipes Unificados_nov Dez 2023.xlsx
Vamos Fugir,Gabriel Elias,vamos fugir,,VAMOS FUGIR,T-305.415.581-2,gabriel elias,t-305.415.581-2,Clipes Unificados_nov Dez 2023,Clipes Unificados_nov Dez 2023.xlsx
Máscara,Pitty,mascara,,MÁSCARA,,pitty,nan,Clipes Unificados_nov Dez 2023,Clipes Unificados_nov Dez 2023.xlsx
Temporal,Pitty,temporal,,TEMPORAL,T-307.003.180-6,pitty,t-307.003.180-6,Clipes Unificados_nov Dez 2023,Clipes Unificados_nov Dez 2023.xlsx
Teto De Vidro,Pitty,teto de vidro,,TETO DE VIDRO,T-321.537.364-7,pitty,t-321.537.364-7,Clipes Unificados_nov Dez 2023,Clipes Unificados_nov Dez 2023.xlsx
Apreciação,Josyara,apreciacao,,APRECIACAO,T-040.035.348-1,josyara,t-040.035.348-1,Clipes Unificados_nov Dez 2023,Clipes Unificados_nov Dez 2023.xlsx
Gratidão,L7nnon,gratidao,,GRATIDÃO,T-305.217.523-8,l7nnon,t-305.217.523-8,Clipes Unificados_nov Dez 2023,Clipes Unificados_nov Dez 2023.xlsx
Camomila,Kell Smith,camomila,,CAMOMILA,T-322.010.798-8,kell smith,t-322.010.798-8,Clipes Unificados_nov Dez 2023,Clipes Unificados_nov Dez 2023.xlsx
Máscara,Pitty,mascara,,MÁSCARA,,pitty,nan,Clipes Unificados_nov Dez 2023,Clipes Unificados_nov Dez 2023.xlsx
Temporal,Pitty,temporal,,TEMPORAL,T-307.003.180-6,pitty,t-307.003.180-6,Clipes Unificados_nov Dez 2023,Clipes Unificados_nov Dez 2023.xlsx
Teto De Vidro,Pitty,teto de vidro,,TETO DE VIDRO,T-321.537.364-7,pitty,t-321.537.364-7,Clipes Unificados_nov Dez 2023,Clipes Unificados_nov Dez 2023.xlsx
Gratidão,L7nnon,gratidao,,GRATIDÃO,T-305.217.523-8,l7nnon,t-305.217.523-8,Clipes Unificados_nov Dez 2023,Clipes Unificados_nov Dez 2023.xlsx
Eu Sei,Gabriel Elias,eu sei,,EU SEI,T-323.310.474-6,gabriel elias,t-323.310.474-6,Clipes Unificados_nov Dez 2023,Clipes Unificados_nov Dez 2023.xlsx
Vamos Fugir,Gabriel Elias,vamos fugir,,VAMOS FUGIR,T-305.415.581-2,gabriel elias,t-305.415.581-2,Clipes Unificados_nov Dez 2023,Clipes Unificados_nov Dez 2023.xlsx
Camomila,Kell Smith,camomila,,CAMOMILA,T-322.010.798-8,kell smith,t-322.010.798-8,Clipes Unificados_nov Dez 2023,Clipes Unificados_nov Dez 2023.xlsx
Apreciação,Josyara,apreciacao,,APRECIACAO,T-040.035.348-1,josyara,t-040.035.348-1,Clipes Unificados_nov Dez 2023,Clipes Unificados_nov Dez 2023.xlsx
Gratidão,L7nnon,gratidao,,GRATIDÃO,T-305.217.523-8,l7nnon,t-305.217.523-8,Clipes Unificados_nov Dez 2023,Clipes Unificados_nov Dez 2023.xlsx
Amanhã,Guilherme Arantes,amanha,,AMANHÃ,T-307.004.953-1,guilherme arantes,t-307.004.953-1,Clipes Unificados_nov Dez 2023,Clipes Unificados_nov Dez 2023.xlsx
Se Joga,Lary,se joga,,SE JOGA,T-931.480.187-1,lary,t-931.480.187-1,Clipes Unificados_nov Dez 2023,Clipes Unificados_nov Dez 2023.xlsx
Camomila,Kell Smith,camomila,,CAMOMILA,T-322.010.798-8,kell smith,t-322.010.798-8,Clipes Unificados_nov Dez 2023,Clipes Unificados_nov Dez 2023.xlsx
Carolina,Rodrigo Lampreia,carolina,,CAROLINA,,rodrigo lampreia,nan,Clipes Unificados_nov Dez 2023,Clipes Unificados_nov Dez 2023.xlsx
Felicidade,Rodrigo Lampreia,felicidade,,FELICIDADE,,rodrigo lampreia,nan,Clipes Unificados_nov Dez 2023,Clipes Unificados_nov Dez 2023.xlsx
Perigo,Jade Baraldo,perigo,,PERIGO,T-301.572.557-8,jade baraldo,t-301.572.557-8,Clipes Unificados_nov Dez 2023,Clipes Unificados_nov Dez 2023.xlsx
Perigo,Jade Baraldo,perigo,,PERIGO,T-302.809.006-0,jade baraldo,t-302.809.006-0,Clipes Unificados_nov Dez 2023,Clipes Unificados_nov Dez 2023.xlsx
Carolina,Rodrigo Lampreia,carolina,,CAROLINA,,rodrigo lampreia,nan,Clipes Unificados_nov Dez 2023,Clipes Unificados_nov Dez 2023.xlsx
Felicidade,Rodrigo Lampreia,felicidade,,FELICIDADE,,rodrigo lampreia,nan,Clipes Unificados_nov Dez 2023,Clipes Unificados_nov Dez 2023.xlsx
Tentação,Drik Barbosa,tentacao,,TENTAÇÃO,T-322.163.164-3,drik barbosa,t-322.163.164-3,Clipes Unificados_nov Dez 2023,Clipes Unificados_nov Dez 2023.xlsx
Perigo,Jade Baraldo,perigo,,PERIGO,T-301.572.557-8,jade baraldo,t-301.572.557-8,Clipes Unificados_nov Dez 2023,Clipes Unificados_nov Dez 2023.xlsx
Perigo,Jade Baraldo,perigo,,PERIGO,T-302.809.006-0,jade baraldo,t-302.809.006-0,Clipes Unificados_nov Dez 2023,Clipes Unificados_nov Dez 2023.xlsx
Tentação,Drik Barbosa,tentacao,,TENTAÇÃO,T-322.163.164-3,drik barbosa,t-322.163.164-3,Clipes Unificados_nov Dez 2023,Clipes Unificados_nov Dez 2023.xlsx
Sampa,Caetano Veloso,sampa,,SAMPA,,caetano veloso,nan,Clipes Unificados_nov Dez 2023,Clipes Unificados_nov Dez 2023.xlsx
Sampa,Caetano Veloso,sampa,,SAMPA,,caetano veloso,nan,Clipes Unificados_nov Dez 2023,Clipes Unificados_nov Dez 2023.xlsx
Amanhecer,Bk,amanhecer,,AMANHECER,T-040.285.612-5,bk,t-040.285.612-5,Clipes Unificados_nov Dez 2023,Clipes Unificados_nov Dez 2023.xlsx
Amanhecer,Bk,amanhecer,,AMANHECER,T-040.285.612-5,bk,t-040.285.612-5,Clipes Unificados_nov Dez 2023,Clipes Unificados_nov Dez 2023.xlsx
Penumbra,"Djonga,Rapaz Do Dread,Sarah Guedes",penumbra,,PENUMBRA,T-040.011.904-1,"djonga,rapaz do dread,sarah guedes",t-040.011.904-1,Clipes Unificados_nov Dez 2023,Clipes Unificados_nov Dez 2023.xlsx
Carolina,Rodrigo Lampreia,carolina,,CAROLINA,,rodrigo lampreia,nan,Clipes Unificados_nov Dez 2023,Clipes Unificados_nov Dez 2023.xlsx
Felicidade,Rodrigo Lampreia,felicidade,,FELICIDADE,,rodrigo lampreia,nan,Clipes Unificados_nov Dez 2023,Clipes Unificados_nov Dez 2023.xlsx
Tentação,Drik Barbosa,tentacao,,TENTAÇÃO,T-322.163.164-3,drik barbosa,t-322.163.164-3,Clipes Unificados_nov Dez 2023,Clipes Unificados_nov Dez 2023.xlsx
Amanhecer,Bk,amanhecer,,AMANHECER,T-040.285.612-5,bk,t-040.285.612-5,Clipes Unificados_nov Dez 2023,Clipes Unificados_nov Dez 2023.xlsx
Amanhecer,Bk,amanhecer,,AMANHECER,T-040.285.612-5,bk,t-040.285.612-5,Clipes Unificados_nov Dez 2023,Clipes Unificados_nov Dez 2023.xlsx
Penumbra,"Djonga,Rapaz Do Dread,Sarah Guedes",penumbra,,PENUMBRA,T-040.011.904-1,"djonga,rapaz do dread,sarah guedes",t-040.011.904-1,Clipes Unificados_nov Dez 2023,Clipes Unificados_nov Dez 2023.xlsx
Amanhecer,Bk,amanhecer,,AMANHECER,T-040.285.612-5,bk,t-040.285.612-5,Clipes Unificados_nov Dez 2023,Clipes Unificados_nov Dez 2023.xlsx
Amanhecer,Bk,amanhecer,,AMANHECER,T-040.285.612-5,bk,t-040.285.612-5,Clipes Unificados_nov Dez 2023,Clipes Unificados_nov Dez 2023.xlsx
Penumbra,"Djonga,Rapaz Do Dread,Sarah Guedes",penumbra,,PENUMBRA,T-040.011.904-1,"djonga,rapaz do dread,sarah guedes",t-040.011.904-1,Clipes Unificados_nov Dez 2023,Clipes Unificados_nov Dez 2023.xlsx
Era Uma Vez,Gloria Groove,era uma vez,,ERA UMA VEZ,,gloria groove,nan,Clipes Unificados_nov Dez 2023,Clipes Unificados_nov Dez 2023.xlsx
Imortal,Gloria Groove,imortal,,IMORTAL,T-307.118.165-8,gloria groove,t-307.118.165-8,Clipes Unificados_nov Dez 2023,Clipes Unificados_nov Dez 2023.xlsx
Cuidado,Tuyo,cuidado,,CUIDADO,T-317.794.225-1,tuyo,t-317.794.225-1,Clipes Unificados_nov Dez 2023,Clipes Unificados_nov Dez 2023.xlsx
Cuidado,Tuyo,cuidado,,CUIDADO,,tuyo,nan,Clipes Unificados_nov Dez 2023,Clipes Unificados_nov Dez 2023.xlsx
Amanhecer,Bk,amanhecer,,AMANHECER,T-040.285.612-5,bk,t-040.285.612-5,Clipes Unificados_nov Dez 2023,Clipes Unificados_nov Dez 2023.xlsx
Era Uma Vez,Gloria Groove,era uma vez,,ERA UMA VEZ,,gloria groove,nan,Clipes Unificados_nov Dez 2023,Clipes Unificados_nov Dez 2023.xlsx
Imortal,Gloria Groove,imortal,,IMORTAL,T-307.118.165-8,gloria groove,t-307.118.165-8,Clipes Unificados_nov Dez 2023,Clipes Unificados_nov Dez 2023.xlsx
Cuidado,Tuyo,cuidado,,CUIDADO,T-317.794.225-1,tuyo,t-317.794.225-1,Clipes Unificados_nov Dez 2023,Clipes Unificados_nov Dez 2023.xlsx
Cuidado,Tuyo,cuidado,,CUIDADO,,tuyo,nan,Clipes Unificados_nov Dez 2023,Clipes Unificados_nov Dez 2023.xlsx
Samurai,Thiaguinho,samurai,,SAMURAI,T-300.960.761-4,thiaguinho,t-300.960.761-4,Clipes Unificados_nov Dez 2023,Clipes Unificados_nov Dez 2023.xlsx
Se,Thiaguinho,se,,SE,T-306.925.949-6,thiaguinho,t-306.925.949-6,Clipes Unificados_nov Dez 2023,Clipes Unificados_nov Dez 2023.xlsx
Samurai,Thiaguinho,samurai,,SAMURAI,T-300.960.761-4,thiaguinho,t-300.960.761-4,Clipes Unificados_nov Dez 2023,Clipes Unificados_nov Dez 2023.xlsx
Se,Thiaguinho,se,,SE,T-306.925.949-6,thiaguinho,t-306.925.949-6,Clipes Unificados_nov Dez 2023,Clipes Unificados_nov Dez 2023.xlsx
Selvagem,Biquini Cavadão,selvagem,,SELVAGEM,T-304.714.892-1,biquini cavadao,t-304.714.892-1,Clipes Unificados_nov Dez 2023,Clipes Unificados_nov Dez 2023.xlsx
Selvagem,Biquini Cavadão,selvagem,,SELVAGEM,T-304.714.892-1,biquini cavadao,t-304.714.892-1,Clipes Unificados_nov Dez 2023,Clipes Unificados_nov Dez 2023.xlsx
Era Uma Vez,Gloria Groove,era uma vez,,ERA UMA VEZ,,gloria groove,nan,Clipes Unificados_nov Dez 2023,Clipes Unificados_nov Dez 2023.xlsx
Imortal,Gloria Groove,imortal,,IMORTAL,T-307.118.165-8,gloria groove,t-307.118.165-8,Clipes Unificados_nov Dez 2023,Clipes Unificados_nov Dez 2023.xlsx
Samurai,Thiaguinho,samurai,,SAMURAI,T-300.960.761-4,thiaguinho,t-300.960.761-4,Clipes Unificados_nov Dez 2023,Clipes Unificados_nov Dez 2023.xlsx
Se,Thiaguinho,se,,SE,T-306.925.949-6,thiaguinho,t-306.925.949-6,Clipes Unificados_nov Dez 2023,Clipes Unificados_nov Dez 2023.xlsx
Selvagem,Biquini Cavadão,selvagem,,SELVAGEM,T-304.714.892-1,biquini cavadao,t-304.714.892-1,Clipes Unificados_nov Dez 2023,Clipes Unificados_nov Dez 2023.xlsx
5 Minutos,"Ebony,Larinhx",5 minutos,,5 MINUTOS,T-306.925.953-2,"ebony,larinhx",t-306.925.953-2,Clipes Unificados_nov Dez 2023,Clipes Unificados_nov Dez 2023.xlsx
Carolina,Seu Jorge,carolina,,CAROLINA,,seu jorge,nan,Clipes Unificados_nov Dez 2023,Clipes Unificados_nov Dez 2023.xlsx
Brisa,Iza,brisa,,BRISA,T-315.799.145-8,iza,t-315.799.145-8,Clipes Unificados_nov Dez 2023,Clipes Unificados_nov Dez 2023.xlsx
Brisa,Iza,brisa,,BRISA,T-316.180.981-6,iza,t-316.180.981-6,Clipes Unificados_nov Dez 2023,Clipes Unificados_nov Dez 2023.xlsx
Brisa,Iza,brisa,,BRISA,T-326.766.166-1,iza,t-326.766.166-1,Clipes Unificados_nov Dez 2023,Clipes Unificados_nov Dez 2023.xlsx
Sem Filtro,Iza,sem filtro,,SEM FILTRO,T-335.572.263-9,iza,t-335.572.263-9,Clipes Unificados_nov Dez 2023,Clipes Unificados_nov Dez 2023.xlsx
5 Minutos,"Ebony,Larinhx",5 minutos,,5 MINUTOS,T-306.925.953-2,"ebony,larinhx",t-306.925.953-2,Clipes Unificados_nov Dez 2023,Clipes Unificados_nov Dez 2023.xlsx
Carolina,Seu Jorge,carolina,,CAROLINA,,seu jorge,nan,Clipes Unificados_nov Dez 2023,Clipes Unificados_nov Dez 2023.xlsx
Jogo Da Vida,Potyguara Bardo,jogo da vida,,JOGO DA VIDA,T-306.795.376-4,potyguara bardo,t-306.795.376-4,Clipes Unificados_nov Dez 2023,Clipes Unificados_nov Dez 2023.xlsx
Escuta,Malia,escuta,,ESCUTA,T-042.615.527-2,malia,t-042.615.527-2,Clipes Unificados_nov Dez 2023,Clipes Unificados_nov Dez 2023.xlsx
Brisa,Iza,brisa,,BRISA,T-315.799.145-8,iza,t-315.799.145-8,Clipes Unificados_nov Dez 2023,Clipes Unificados_nov Dez 2023.xlsx
Brisa,Iza,brisa,,BRISA,T-316.180.981-6,iza,t-316.180.981-6,Clipes Unificados_nov Dez 2023,Clipes Unificados_nov Dez 2023.xlsx
Brisa,Iza,brisa,,BRISA,T-326.766.166-1,iza,t-326.766.166-1,Clipes Unificados_nov Dez 2023,Clipes Unificados_nov Dez 2023.xlsx
Sem Filtro,Iza,sem filtro,,SEM FILTRO,T-335.572.263-9,iza,t-335.572.263-9,Clipes Unificados_nov Dez 2023,Clipes Unificados_nov Dez 2023.xlsx
Jogo Da Vida,Potyguara Bardo,jogo da vida,,JOGO DA VIDA,T-306.795.376-4,potyguara bardo,t-306.795.376-4,Clipes Unificados_nov Dez 2023,Clipes Unificados_nov Dez 2023.xlsx
Recomeçar,Tim Bernardes,recomecar,,RECOMECAR,T-039.311.437-8,tim bernardes,t-039.311.437-8,Clipes Unificados_nov Dez 2023,Clipes Unificados_nov Dez 2023.xlsx
Recomeçar,Tim Bernardes,recomecar,,RECOMEÇAR,T-308.840.890-2,tim bernardes,t-308.840.890-2,Clipes Unificados_nov Dez 2023,Clipes Unificados_nov Dez 2023.xlsx
Recomeçar,Tim Bernardes,recomecar,,RECOMEÇAR,T-316.010.042-1,tim bernardes,t-316.010.042-1,Clipes Unificados_nov Dez 2023,Clipes Unificados_nov Dez 2023.xlsx
Recomeçar,Tim Bernardes,recomecar,,RECOMEÇAR,,tim bernardes,nan,Clipes Unificados_nov Dez 2023,Clipes Unificados_nov Dez 2023.xlsx
Talvez,Tim Bernardes,talvez,,TALVEZ,T-039.758.808-7,tim bernardes,t-039.758.808-7,Clipes Unificados_nov Dez 2023,Clipes Unificados_nov Dez 2023.xlsx
Talvez,Tim Bernardes,talvez,,TALVEZ,T-040.081.810-1,tim bernardes,t-040.081.810-1,Clipes Unificados_nov Dez 2023,Clipes Unificados_nov Dez 2023.xlsx
Brisa,Iza,brisa,,BRISA,T-315.799.145-8,iza,t-315.799.145-8,Clipes Unificados_nov Dez 2023,Clipes Unificados_nov Dez 2023.xlsx
Brisa,Iza,brisa,,BRISA,T-316.180.981-6,iza,t-316.180.981-6,Clipes Unificados_nov Dez 2023,Clipes Unificados_nov Dez 2023.xlsx
Brisa,Iza,brisa,,BRISA,T-326.766.166-1,iza,t-326.766.166-1,Clipes Unificados_nov Dez 2023,Clipes Unificados_nov Dez 2023.xlsx
Sem Filtro,Iza,sem filtro,,SEM FILTRO,T-335.572.263-9,iza,t-335.572.263-9,Clipes Unificados_nov Dez 2023,Clipes Unificados_nov Dez 2023.xlsx
Sonhos,Jonathan Ferrer,sonhos,,SONHOS,,jonathan ferrer,nan,Clipes Unificados_nov Dez 2023,Clipes Unificados_nov Dez 2023.xlsx
Talvez,Saulo Fernandes,talvez,,TALVEZ,T-039.758.808-7,saulo fernandes,t-039.758.808-7,Clipes Unificados_nov Dez 2023,Clipes Unificados_nov Dez 2023.xlsx
Talvez,Saulo Fernandes,talvez,,TALVEZ,T-040.081.810-1,saulo fernandes,t-040.081.810-1,Clipes Unificados_nov Dez 2023,Clipes Unificados_nov Dez 2023.xlsx
Recomeçar,Tim Bernardes,recomecar,,RECOMECAR,T-039.311.437-8,tim bernardes,t-039.311.437-8,Clipes Unificados_nov Dez 2023,Clipes Unificados_nov Dez 2023.xlsx
Recomeçar,Tim Bernardes,recomecar,,RECOMEÇAR,T-308.840.890-2,tim bernardes,t-308.840.890-2,Clipes Unificados_nov Dez 2023,Clipes Unificados_nov Dez 2023.xlsx
Recomeçar,Tim Bernardes,recomecar,,RECOMEÇAR,T-316.010.042-1,tim bernardes,t-316.010.042-1,Clipes Unificados_nov Dez 2023,Clipes Unificados_nov Dez 2023.xlsx
Recomeçar,Tim Bernardes,recomecar,,RECOMEÇAR,,tim bernardes,nan,Clipes Unificados_nov Dez 2023,Clipes Unificados_nov Dez 2023.xlsx
Talvez,Tim Bernardes,talvez,,TALVEZ,T-039.758.808-7,tim bernardes,t-039.758.808-7,Clipes Unificados_nov Dez 2023,Clipes Unificados_nov Dez 2023.xlsx
Talvez,Tim Bernardes,talvez,,TALVEZ,T-040.081.810-1,tim bernardes,t-040.081.810-1,Clipes Unificados_nov Dez 2023,Clipes Unificados_nov Dez 2023.xlsx
Brisa,Iza,brisa,,BRISA,T-315.799.145-8,iza,t-315.799.145-8,Clipes Unificados_nov Dez 2023,Clipes Unificados_nov Dez 2023.xlsx
Brisa,Iza,brisa,,BRISA,T-316.180.981-6,iza,t-316.180.981-6,Clipes Unificados_nov Dez 2023,Clipes Unificados_nov Dez 2023.xlsx
Brisa,Iza,brisa,,BRISA,T-326.766.166-1,iza,t-326.766.166-1,Clipes Unificados_nov Dez 2023,Clipes Unificados_nov Dez 2023.xlsx
Sem Filtro,Iza,sem filtro,,SEM FILTRO,T-335.572.263-9,iza,t-335.572.263-9,Clipes Unificados_nov Dez 2023,Clipes Unificados_nov Dez 2023.xlsx
5 Minutos,"Ebony,Larinhx",5 minutos,,5 MINUTOS,T-306.925.953-2,"ebony,larinhx",t-306.925.953-2,Clipes Unificados_nov Dez 2023,Clipes Unificados_nov Dez 2023.xlsx
Talvez,Saulo Fernandes,talvez,,TALVEZ,T-039.758.808-7,saulo fernandes,t-039.758.808-7,Clipes Unificados_nov Dez 2023,Clipes Unificados_nov Dez 2023.xlsx
Talvez,Saulo Fernandes,talvez,,TALVEZ,T-040.081.810-1,saulo fernandes,t-040.081.810-1,Clipes Unificados_nov Dez 2023,Clipes Unificados_nov Dez 2023.xlsx
Escuta,Malia,escuta,,ESCUTA,T-042.615.527-2,malia,t-042.615.527-2,Clipes Unificados_nov Dez 2023,Clipes Unificados_nov Dez 2023.xlsx
Recomeçar,Tim Bernardes,recomecar,,RECOMECAR,T-039.311.437-8,tim bernardes,t-039.311.437-8,Clipes Unificados_nov Dez 2023,Clipes Unificados_nov Dez 2023.xlsx
Recomeçar,Tim Bernardes,recomecar,,RECOMEÇAR,T-308.840.890-2,tim bernardes,t-308.840.890-2,Clipes Unificados_nov Dez 2023,Clipes Unificados_nov Dez 2023.xlsx
Recomeçar,Tim Bernardes,recomecar,,RECOMEÇAR,T-316.010.042-1,tim bernardes,t-316.010.042-1,Clipes Unificados_nov Dez 2023,Clipes Unificados_nov Dez 2023.xlsx
Recomeçar,Tim Bernardes,recomecar,,RECOMEÇAR,,tim bernardes,nan,Clipes Unificados_nov Dez 2023,Clipes Unificados_nov Dez 2023.xlsx
Talvez,Tim Bernardes,talvez,,TALVEZ,T-039.758.808-7,tim bernardes,t-039.758.808-7,Clipes Unificados_nov Dez 2023,Clipes Unificados_nov Dez 2023.xlsx
Talvez,Tim Bernardes,talvez,,TALVEZ,T-040.081.810-1,tim bernardes,t-040.081.810-1,Clipes Unificados_nov Dez 2023,Clipes Unificados_nov Dez 2023.xlsx
Sonhos,Jonathan Ferrer,sonhos,,SONHOS,,jonathan ferrer,nan,Clipes Unificados_nov Dez 2023,Clipes Unificados_nov Dez 2023.xlsx
Jogo Da Vida,Potyguara Bardo,jogo da vida,,JOGO DA VIDA,T-306.795.376-4,potyguara bardo,t-306.795.376-4,Clipes Unificados_nov Dez 2023,Clipes Unificados_nov Dez 2023.xlsx
Carolina,Seu Jorge,carolina,,CAROLINA,,seu jorge,nan,Clipes Unificados_nov Dez 2023,Clipes Unificados_nov Dez 2023.xlsx
Sonhos,Jonathan Ferrer,sonhos,,SONHOS,,jonathan ferrer,nan,Clipes Unificados_nov Dez 2023,Clipes Unificados_nov Dez 2023.xlsx
Talvez,Saulo Fernandes,talvez,,TALVEZ,T-039.758.808-7,saulo fernandes,t-039.758.808-7,Clipes Unificados_nov Dez 2023,Clipes Unificados_nov Dez 2023.xlsx
Talvez,Saulo Fernandes,talvez,,TALVEZ,T-040.081.810-1,saulo fernandes,t-040.081.810-1,Clipes Unificados_nov Dez 2023,Clipes Unificados_nov Dez 2023.xlsx
Estações,Haikaiss,estacoes,,ESTACOES,T-307.587.838-1,haikaiss,t-307.587.838-1,Clipes Unificados_nov Dez 2023,Clipes Unificados_nov Dez 2023.xlsx
Estações,Haikaiss,estacoes,,ESTAÇÕES,T-332.348.889-3,haikaiss,t-332.348.889-3,Clipes Unificados_nov Dez 2023,Clipes Unificados_nov Dez 2023.xlsx
Gangorra,Haikaiss,gangorra,,GANGORRA,T-040.511.906-3,haikaiss,t-040.511.906-3,Clipes Unificados_nov Dez 2023,Clipes Unificados_nov Dez 2023.xlsx
Gangorra,Haikaiss,gangorra,,GANGORRA,,haikaiss,nan,Clipes Unificados_nov Dez 2023,Clipes Unificados_nov Dez 2023.xlsx
Ninguém Ama Os Náufragos,Haikaiss,ninguem ama os naufragos,,NINGUÉM AMA OS NÁUFRAGOS,T-311.596.058-8,haikaiss,t-311.596.058-8,Clipes Unificados_nov Dez 2023,Clipes Unificados_nov Dez 2023.xlsx
Estações,Haikaiss,estacoes,,ESTACOES,T-307.587.838-1,haikaiss,t-307.587.838-1,Clipes Unificados_nov Dez 2023,Clipes Unificados_nov Dez 2023.xlsx
Estações,Haikaiss,estacoes,,ESTAÇÕES,T-332.348.889-3,haikaiss,t-332.348.889-3,Clipes Unificados_nov Dez 2023,Clipes Unificados_nov Dez 2023.xlsx
Gangorra,Haikaiss,gangorra,,GANGORRA,T-040.511.906-3,haikaiss,t-040.511.906-3,Clipes Unificados_nov Dez 2023,Clipes Unificados_nov Dez 2023.xlsx
Gangorra,Haikaiss,gangorra,,GANGORRA,,haikaiss,nan,Clipes Unificados_nov Dez 2023,Clipes Unificados_nov Dez 2023.xlsx
Ninguém Ama Os Náufragos,Haikaiss,ninguem ama os naufragos,,NINGUÉM AMA OS NÁUFRAGOS,T-311.596.058-8,haikaiss,t-311.596.058-8,Clipes Unificados_nov Dez 2023,Clipes Unificados_nov Dez 2023.xlsx
Terremoto,"Gloria Groove,Lia Clark",terremoto,,TERREMOTO,T-307.297.647-3,"gloria groove,lia clark",t-307.297.647-3,Clipes Unificados_nov Dez 2023,Clipes Unificados_nov Dez 2023.xlsx
Vagabundo,Aretuza Lovi,vagabundo,,VAGABUNDO,T-303.761.712-8,aretuza lovi,t-303.761.712-8,Clipes Unificados_nov Dez 2023,Clipes Unificados_nov Dez 2023.xlsx
Vagabundo,Aretuza Lovi,vagabundo,,VAGABUNDO,,aretuza lovi,nan,Clipes Unificados_nov Dez 2023,Clipes Unificados_nov Dez 2023.xlsx
Delírio,Roberta Sá,delirio,,DELIRIO,T-301.566.979-7,roberta sa,t-301.566.979-7,Clipes Unificados_nov Dez 2023,Clipes Unificados_nov Dez 2023.xlsx
Confesso,Ana Gabriela,confesso,,CONFESSO,T-324.068.646-4,ana gabriela,t-324.068.646-4,Clipes Unificados_nov Dez 2023,Clipes Unificados_nov Dez 2023.xlsx
Tudo E Mais Um Pouco,Ana Gabriela,tudo e mais um pouco,,TUDO E MAIS UM POUCO,T-040.427.533-7,ana gabriela,t-040.427.533-7,Clipes Unificados_nov Dez 2023,Clipes Unificados_nov Dez 2023.xlsx
Agô,Majur,ago,,AGÔ,,majur,nan,Clipes Unificados_nov Dez 2023,Clipes Unificados_nov Dez 2023.xlsx
Colombina,Ed Motta,colombina,,COLOMBINA,T-932.738.152-2,ed motta,t-932.738.152-2,Clipes Unificados_nov Dez 2023,Clipes Unificados_nov Dez 2023.xlsx
Fora Da Lei,Ed Motta,fora da lei,,FORA DA LEI,T-931.477.257-1,ed motta,t-931.477.257-1,Clipes Unificados_nov Dez 2023,Clipes Unificados_nov Dez 2023.xlsx
Fora Da Lei,Ed Motta,fora da lei,,FORA DA LEI,T-324.241.341-4,ed motta,t-324.241.341-4,Clipes Unificados_nov Dez 2023,Clipes Unificados_nov Dez 2023.xlsx
Delírio,Roberta Sá,delirio,,DELIRIO,T-301.566.979-7,roberta sa,t-301.566.979-7,Clipes Unificados_nov Dez 2023,Clipes Unificados_nov Dez 2023.xlsx
Confesso,Ana Gabriela,confesso,,CONFESSO,T-324.068.646-4,ana gabriela,t-324.068.646-4,Clipes Unificados_nov Dez 2023,Clipes Unificados_nov Dez 2023.xlsx
Tudo E Mais Um Pouco,Ana Gabriela,tudo e mais um pouco,,TUDO E MAIS UM POUCO,T-040.427.533-7,ana gabriela,t-040.427.533-7,Clipes Unificados_nov Dez 2023,Clipes Unificados_nov Dez 2023.xlsx
Deja Vu,Day,deja vu,,DÉJÀ VU,T-308.187.765-4,day,t-308.187.765-4,Clipes Unificados_nov Dez 2023,Clipes Unificados_nov Dez 2023.xlsx
Máscara,Day,mascara,,MÁSCARA,,day,nan,Clipes Unificados_nov Dez 2023,Clipes Unificados_nov Dez 2023.xlsx
Teto De Vidro,Day,teto de vidro,,TETO DE VIDRO,T-321.537.364-7,day,t-321.537.364-7,Clipes Unificados_nov Dez 2023,Clipes Unificados_nov Dez 2023.xlsx
Desafio,Tom Zé,desafio,,DESAFIO,T-040.453.293-9,tom ze,t-040.453.293-9,Clipes Unificados_nov Dez 2023,Clipes Unificados_nov Dez 2023.xlsx
Desafio,Tom Zé,desafio,,DESAFIO,T-312.554.786-2,tom ze,t-312.554.786-2,Clipes Unificados_nov Dez 2023,Clipes Unificados_nov Dez 2023.xlsx
Desafio,Tom Zé,desafio,,DESAFIO,T-040.453.293-9,tom ze,t-040.453.293-9,Clipes Unificados_nov Dez 2023,Clipes Unificados_nov Dez 2023.xlsx
Desafio,Tom Zé,desafio,,DESAFIO,T-312.554.786-2,tom ze,t-312.554.786-2,Clipes Unificados_nov Dez 2023,Clipes Unificados_nov Dez 2023.xlsx
Sebastiana,Luiz Gonzaga,sebastiana,,SEBASTIANA,,luiz gonzaga,nan,Clipes Unificados_nov Dez 2023,Clipes Unificados_nov Dez 2023.xlsx
Sebastiana,Luiz Gonzaga,sebastiana,,SEBASTIANA,,luiz gonzaga,nan,Clipes Unificados_nov Dez 2023,Clipes Unificados_nov Dez 2023.xlsx
Saudade,"Karol Conká,Larissa Luz",saudade,,SAUDADE,T-306.509.964-7,"karol conka,larissa luz",t-306.509.964-7,Clipes Unificados_nov Dez 2023,Clipes Unificados_nov Dez 2023.xlsx
Saudade,"Karol Conká,Larissa Luz",saudade,,SAUDADE,T-039.751.632-3,"karol conka,larissa luz",t-039.751.632-3,Clipes Unificados_nov Dez 2023,Clipes Unificados_nov Dez 2023.xlsx
Saudade,"Karol Conká,Larissa Luz",saudade,,SAUDADE,,"karol conka,larissa luz",nan,Clipes Unificados_nov Dez 2023,Clipes Unificados_nov Dez 2023.xlsx
Saudade,"Karol Conká,Larissa Luz",saudade,,SAUDADE,T-305.264.938-0,"karol conka,larissa luz",t-305.264.938-0,Clipes Unificados_nov Dez 2023,Clipes Unificados_nov Dez 2023.xlsx
Sebastiana,Luiz Gonzaga,sebastiana,,SEBASTIANA,,luiz gonzaga,nan,Clipes Unificados_nov Dez 2023,Clipes Unificados_nov Dez 2023.xlsx
Sebastiana,Luiz Gonzaga,sebastiana,,SEBASTIANA,,luiz gonzaga,nan,Clipes Unificados_nov Dez 2023,Clipes Unificados_nov Dez 2023.xlsx
Saudade,"Karol Conká,Larissa Luz",saudade,,SAUDADE,T-306.509.964-7,"karol conka,larissa luz",t-306.509.964-7,Clipes Unificados_nov Dez 2023,Clipes Unificados_nov Dez 2023.xlsx
Saudade,"Karol Conká,Larissa Luz",saudade,,SAUDADE,T-039.751.632-3,"karol conka,larissa luz",t-039.751.632-3,Clipes Unificados_nov Dez 2023,Clipes Unificados_nov Dez 2023.xlsx
Saudade,"Karol Conká,Larissa Luz",saudade,,SAUDADE,,"karol conka,larissa luz",nan,Clipes Unificados_nov Dez 2023,Clipes Unificados_nov Dez 2023.xlsx
Saudade,"Karol Conká,Larissa Luz",saudade,,SAUDADE,T-305.264.938-0,"karol conka,larissa luz",t-305.264.938-0,Clipes Unificados_nov Dez 2023,Clipes Unificados_nov Dez 2023.xlsx
Saudade,"Karol Conká,Larissa Luz",saudade,,SAUDADE,T-306.509.964-7,"karol conka,larissa luz",t-306.509.964-7,Clipes Unificados_nov Dez 2023,Clipes Unificados_nov Dez 2023.xlsx
Saudade,"Karol Conká,Larissa Luz",saudade,,SAUDADE,T-039.751.632-3,"karol conka,larissa luz",t-039.751.632-3,Clipes Unificados_nov Dez 2023,Clipes Unificados_nov Dez 2023.xlsx
Saudade,"Karol Conká,Larissa Luz",saudade,,SAUDADE,,"karol conka,larissa luz",nan,Clipes Unificados_nov Dez 2023,Clipes Unificados_nov Dez 2023.xlsx
Saudade,"Karol Conká,Larissa Luz",saudade,,SAUDADE,T-305.264.938-0,"karol conka,larissa luz",t-305.264.938-0,Clipes Unificados_nov Dez 2023,Clipes Unificados_nov Dez 2023.xlsx
O Vento,Los Hermanos,o vento,,O VENTO,T-039.311.309-1,los hermanos,t-039.311.309-1,Clipes Unificados_nov Dez 2023,Clipes Unificados_nov Dez 2023.xlsx
Feliz,Gonzaguinha,feliz,,FELIZ,T-042.032.139-6,gonzaguinha,t-042.032.139-6,Clipes Unificados_nov Dez 2023,Clipes Unificados_nov Dez 2023.xlsx
Feliz,Gonzaguinha,feliz,,FELIZ,T-042.032.139-6,gonzaguinha,t-042.032.139-6,Clipes Unificados_nov Dez 2023,Clipes Unificados_nov Dez 2023.xlsx
Modern Love,David Bowie,modern love,,MODERN LOVE,T-306.926.955-8,david bowie,t-306.926.955-8,Clipes Unificados_nov Dez 2023,Clipes Unificados_nov Dez 2023.xlsx
Modern Love,David Bowie,modern love,,MODERN LOVE,T-040.081.807-6,david bowie,t-040.081.807-6,Clipes Unificados_nov Dez 2023,Clipes Unificados_nov Dez 2023.xlsx
Sugar,Maroon 5,sugar,,SUGAR,T-039.948.077-3,maroon 5,t-039.948.077-3,Clipes Unificados_nov Dez 2023,Clipes Unificados_nov Dez 2023.xlsx
Vencedor,Calcinha Preta,vencedor,,VENCEDOR,T-313.263.562-8,calcinha preta,t-313.263.562-8,Clipes Unificados_nov Dez 2023,Clipes Unificados_nov Dez 2023.xlsx
Baile De Favela,Mc João,baile de favela,,BAILE DE FAVELA,T-303.383.693-6,mc joao,t-303.383.693-6,Clipes Unificados_nov Dez 2023,Clipes Unificados_nov Dez 2023.xlsx
Mulher Rendeira,Daniela Mercury,mulher rendeira,,MULHER RENDEIRA,T-039.167.658-6,daniela mercury,t-039.167.658-6,Clipes Unificados_nov Dez 2023,Clipes Unificados_nov Dez 2023.xlsx
Nobre Vagabundo,"Banda Lady Night,Daniela Mercury",nobre vagabundo,,NOBRE VAGABUNDO,T-300.975.560-2,"banda lady night,daniela mercury",t-300.975.560-2,Clipes Unificados_nov Dez 2023,Clipes Unificados_nov Dez 2023.xlsx
Gratidão,L7nnon,gratidao,,GRATIDÃO,T-305.217.523-8,l7nnon,t-305.217.523-8,Clipes Unificados_nov Dez 2023,Clipes Unificados_nov Dez 2023.xlsx
Brisa,"Andy Gercker,Evelyn Castro,Roberta Rodrigues,Rodrigo Sant'anna",brisa,,BRISA,T-315.799.145-8,"andy gercker,evelyn castro,roberta rodrigues,rodrigo sant'anna",t-315.799.145-8,Clipes Unificados_nov Dez 2023,Clipes Unificados_nov Dez 2023.xlsx
Brisa,"Andy Gercker,Evelyn Castro,Roberta Rodrigues,Rodrigo Sant'anna",brisa,,BRISA,T-316.180.981-6,"andy gercker,evelyn castro,roberta rodrigues,rodrigo sant'anna",t-316.180.981-6,Clipes Unificados_nov Dez 2023,Clipes Unificados_nov Dez 2023.xlsx
Brisa,"Andy Gercker,Evelyn Castro,Roberta Rodrigues,Rodrigo Sant'anna",brisa,,BRISA,T-326.766.166-1,"andy gercker,evelyn castro,roberta rodrigues,rodrigo sant'anna",t-326.766.166-1,Clipes Unificados_nov Dez 2023,Clipes Unificados_nov Dez 2023.xlsx
O Corre,"Jup Do Bairro,Pabllo Vittar",o corre,,O CORRE,T-930.846.233-1,"jup do bairro,pabllo vittar",t-930.846.233-1,Clipes Unificados_nov Dez 2023,Clipes Unificados_nov Dez 2023.xlsx
Rajadão,Pabllo Vittar,rajadao,,RAJADÃO,T-306.926.960-5,pabllo vittar,t-306.926.960-5,Clipes Unificados_nov Dez 2023,Clipes Unificados_nov Dez 2023.xlsx
Mulher Rendeira,Daniela Mercury,mulher rendeira,,MULHER RENDEIRA,T-039.167.658-6,daniela mercury,t-039.167.658-6,Clipes Unificados_nov Dez 2023,Clipes Unificados_nov Dez 2023.xlsx
Nobre Vagabundo,"Banda Lady Night,Daniela Mercury",nobre vagabundo,,NOBRE VAGABUNDO,T-300.975.560-2,"banda lady night,daniela mercury",t-300.975.560-2,Clipes Unificados_nov Dez 2023,Clipes Unificados_nov Dez 2023.xlsx
Gratidão,L7nnon,gratidao,,GRATIDÃO,T-305.217.523-8,l7nnon,t-305.217.523-8,Clipes Unificados_nov Dez 2023,Clipes Unificados_nov Dez 2023.xlsx
Barbie,Rebecca,barbie,,BARBIE,T-321.330.288-2,rebecca,t-321.330.288-2,Clipes Unificados_nov Dez 2023,Clipes Unificados_nov Dez 2023.xlsx
Gratidão,L7nnon,gratidao,,GRATIDÃO,T-305.217.523-8,l7nnon,t-305.217.523-8,Clipes Unificados_nov Dez 2023,Clipes Unificados_nov Dez 2023.xlsx
Maria,Ricky Martin,maria,,MARIA,T-307.006.304-2,ricky martin,t-307.006.304-2,Clipes Unificados_nov Dez 2023,Clipes Unificados_nov Dez 2023.xlsx
Maria,Ricky Martin,maria,,MARIA,T-311.953.638-4,ricky martin,t-311.953.638-4,Clipes Unificados_nov Dez 2023,Clipes Unificados_nov Dez 2023.xlsx
Na Ponta Do Pé,Inspirasom,na ponta do pe,,NA PONTA DO PE,T-305.264.223-2,inspirasom,t-305.264.223-2,Clipes Unificados_nov Dez 2023,Clipes Unificados_nov Dez 2023.xlsx
Gratidão,L7nnon,gratidao,,GRATIDÃO,T-305.217.523-8,l7nnon,t-305.217.523-8,Clipes Unificados_nov Dez 2023,Clipes Unificados_nov Dez 2023.xlsx
Até O Céu,"Anitta,Mc Cabelinho",ate o ceu,,ATÉ O CÉU,T-333.819.469-3,"anitta,mc cabelinho",t-333.819.469-3,Clipes Unificados_nov Dez 2023,Clipes Unificados_nov Dez 2023.xlsx
Brisa,"Andy Gercker,Evelyn Castro,Roberta Rodrigues,Rodrigo Sant'anna",brisa,,BRISA,T-315.799.145-8,"andy gercker,evelyn castro,roberta rodrigues,rodrigo sant'anna",t-315.799.145-8,Clipes Unificados_nov Dez 2023,Clipes Unificados_nov Dez 2023.xlsx
Brisa,"Andy Gercker,Evelyn Castro,Roberta Rodrigues,Rodrigo Sant'anna",brisa,,BRISA,T-316.180.981-6,"andy gercker,evelyn castro,roberta rodrigues,rodrigo sant'anna",t-316.180.981-6,Clipes Unificados_nov Dez 2023,Clipes Unificados_nov Dez 2023.xlsx
Brisa,"Andy Gercker,Evelyn Castro,Roberta Rodrigues,Rodrigo Sant'anna",brisa,,BRISA,T-326.766.166-1,"andy gercker,evelyn castro,roberta rodrigues,rodrigo sant'anna",t-326.766.166-1,Clipes Unificados_nov Dez 2023,Clipes Unificados_nov Dez 2023.xlsx
Na Ponta Do Pé,Inspirasom,na ponta do pe,,NA PONTA DO PE,T-305.264.223-2,inspirasom,t-305.264.223-2,Clipes Unificados_nov Dez 2023,Clipes Unificados_nov Dez 2023.xlsx
Até O Céu,"Anitta,Mc Cabelinho",ate o ceu,,ATÉ O CÉU,T-333.819.469-3,"anitta,mc cabelinho",t-333.819.469-3,Clipes Unificados_nov Dez 2023,Clipes Unificados_nov Dez 2023.xlsx
Brisa,"Andy Gercker,Evelyn Castro,Roberta Rodrigues,Rodrigo Sant'anna",brisa,,BRISA,T-315.799.145-8,"andy gercker,evelyn castro,roberta rodrigues,rodrigo sant'anna",t-315.799.145-8,Clipes Unificados_nov Dez 2023,Clipes Unificados_nov Dez 2023.xlsx
Brisa,"Andy Gercker,Evelyn Castro,Roberta Rodrigues,Rodrigo Sant'anna",brisa,,BRISA,T-316.180.981-6,"andy gercker,evelyn castro,roberta rodrigues,rodrigo sant'anna",t-316.180.981-6,Clipes Unificados_nov Dez 2023,Clipes Unificados_nov Dez 2023.xlsx
Brisa,"Andy Gercker,Evelyn Castro,Roberta Rodrigues,Rodrigo Sant'anna",brisa,,BRISA,T-326.766.166-1,"andy gercker,evelyn castro,roberta rodrigues,rodrigo sant'anna",t-326.766.166-1,Clipes Unificados_nov Dez 2023,Clipes Unificados_nov Dez 2023.xlsx
Beijinho No Ombro,"Andy Gercker,Valesca Popozuda",beijinho no ombro,,BEIJINHO NO OMBRO,T-311.569.064-3,"andy gercker,valesca popozuda",t-311.569.064-3,Clipes Unificados_nov Dez 2023,Clipes Unificados_nov Dez 2023.xlsx
Beijinho No Ombro,Valesca Popozuda,beijinho no ombro,,BEIJINHO NO OMBRO,T-311.569.064-3,valesca popozuda,t-311.569.064-3,Clipes Unificados_nov Dez 2023,Clipes Unificados_nov Dez 2023.xlsx
Sentadinha,Léo Santana,sentadinha,,SENTADINHA,T-306.792.989-5,leo santana,t-306.792.989-5,Clipes Unificados_nov Dez 2023,Clipes Unificados_nov Dez 2023.xlsx
Sentadinha,Léo Santana,sentadinha,,SENTADINHA,T-308.506.890-8,leo santana,t-308.506.890-8,Clipes Unificados_nov Dez 2023,Clipes Unificados_nov Dez 2023.xlsx
Baile De Favela,Mc João,baile de favela,,BAILE DE FAVELA,T-303.383.693-6,mc joao,t-303.383.693-6,Clipes Unificados_nov Dez 2023,Clipes Unificados_nov Dez 2023.xlsx
Amanhecer,Bk,amanhecer,,AMANHECER,T-040.285.612-5,bk,t-040.285.612-5,Clipes Unificados_nov Dez 2023,Clipes Unificados_nov Dez 2023.xlsx
Penumbra,"Djonga,Rapaz Do Dread,Sarah Guedes",penumbra,,PENUMBRA,T-040.011.904-1,"djonga,rapaz do dread,sarah guedes",t-040.011.904-1,Clipes Unificados_nov Dez 2023,Clipes Unificados_nov Dez 2023.xlsx
Amanhã,"Reginaldo Rossi,Roberta Miranda",amanha,,AMANHÃ,T-307.004.953-1,"reginaldo rossi,roberta miranda",t-307.004.953-1,Clipes Unificados_nov Dez 2023,Clipes Unificados_nov Dez 2023.xlsx
Amanhecer,Bk,amanhecer,,AMANHECER,T-040.285.612-5,bk,t-040.285.612-5,Clipes Unificados_nov Dez 2023,Clipes Unificados_nov Dez 2023.xlsx
Amanhecer,Bk,amanhecer,,AMANHECER,T-040.285.612-5,bk,t-040.285.612-5,Clipes Unificados_nov Dez 2023,Clipes Unificados_nov Dez 2023.xlsx
Penumbra,"Djonga,Rapaz Do Dread,Sarah Guedes",penumbra,,PENUMBRA,T-040.011.904-1,"djonga,rapaz do dread,sarah guedes",t-040.011.904-1,Clipes Unificados_nov Dez 2023,Clipes Unificados_nov Dez 2023.xlsx
Sentadinha,Léo Santana,sentadinha,,SENTADINHA,T-306.792.989-5,leo santana,t-306.792.989-5,Clipes Unificados_nov Dez 2023,Clipes Unificados_nov Dez 2023.xlsx
Sentadinha,Léo Santana,sentadinha,,SENTADINHA,T-308.506.890-8,leo santana,t-308.506.890-8,Clipes Unificados_nov Dez 2023,Clipes Unificados_nov Dez 2023.xlsx
Tudo Ok,"Js Mão De Ouro,Mila,Thiaguinho Mt",tudo ok,,TUDO OK,T-040.059.792-3,"js mao de ouro,mila,thiaguinho mt",t-040.059.792-3,Clipes Unificados_nov Dez 2023,Clipes Unificados_nov Dez 2023.xlsx
Socadona,Elenco O Dono Do Lar,socadona,,SOCADONA,T-305.217.548-7,elenco o dono do lar,t-305.217.548-7,Clipes Unificados_nov Dez 2023,Clipes Unificados_nov Dez 2023.xlsx
Socadona,Elenco O Dono Do Lar,socadona,,SOCADONA,,elenco o dono do lar,nan,Clipes Unificados_nov Dez 2023,Clipes Unificados_nov Dez 2023.xlsx
Amanhecer,Bk,amanhecer,,AMANHECER,T-040.285.612-5,bk,t-040.285.612-5,Clipes Unificados_nov Dez 2023,Clipes Unificados_nov Dez 2023.xlsx
Amanhecer,Bk,amanhecer,,AMANHECER,T-040.285.612-5,bk,t-040.285.612-5,Clipes Unificados_nov Dez 2023,Clipes Unificados_nov Dez 2023.xlsx
Penumbra,"Djonga,Rapaz Do Dread,Sarah Guedes",penumbra,,PENUMBRA,T-040.011.904-1,"djonga,rapaz do dread,sarah guedes",t-040.011.904-1,Clipes Unificados_nov Dez 2023,Clipes Unificados_nov Dez 2023.xlsx
Socadona,Elenco O Dono Do Lar,socadona,,SOCADONA,T-305.217.548-7,elenco o dono do lar,t-305.217.548-7,Clipes Unificados_nov Dez 2023,Clipes Unificados_nov Dez 2023.xlsx
Socadona,Elenco O Dono Do Lar,socadona,,SOCADONA,,elenco o dono do lar,nan,Clipes Unificados_nov Dez 2023,Clipes Unificados_nov Dez 2023.xlsx
Amanhecer,Bk,amanhecer,,AMANHECER,T-040.285.612-5,bk,t-040.285.612-5,Clipes Unificados_nov Dez 2023,Clipes Unificados_nov Dez 2023.xlsx
Amigo,Banda Lady Night,amigo,,AMIGO,,banda lady night,nan,Clipes Unificados_nov Dez 2023,Clipes Unificados_nov Dez 2023.xlsx
Socadona,Elenco O Dono Do Lar,socadona,,SOCADONA,T-305.217.548-7,elenco o dono do lar,t-305.217.548-7,Clipes Unificados_nov Dez 2023,Clipes Unificados_nov Dez 2023.xlsx
Socadona,Elenco O Dono Do Lar,socadona,,SOCADONA,,elenco o dono do lar,nan,Clipes Unificados_nov Dez 2023,Clipes Unificados_nov Dez 2023.xlsx
Tudo Ok,"Js Mão De Ouro,Mila,Thiaguinho Mt",tudo ok,,TUDO OK,T-040.059.792-3,"js mao de ouro,mila,thiaguinho mt",t-040.059.792-3,Clipes Unificados_nov Dez 2023,Clipes Unificados_nov Dez 2023.xlsx
Sampa,"Tuca Tqs,Caetano Veloso",sampa,,SAMPA,,"tuca tqs,caetano veloso",nan,Clipes Unificados_nov Dez 2023,Clipes Unificados_nov Dez 2023.xlsx
Mantra,Nando Reis,mantra,,MANTRA,T-301.577.149-6,nando reis,t-301.577.149-6,Clipes Unificados_nov Dez 2023,Clipes Unificados_nov Dez 2023.xlsx
Outdoor,"Inspirasom,Rodrigo Sant'anna",outdoor,,OUTDOOR,T-301.719.331-2,"inspirasom,rodrigo sant'anna",t-301.719.331-2,Clipes Unificados_nov Dez 2023,Clipes Unificados_nov Dez 2023.xlsx
Amigo,"Erasmo Carlos,Roberto Carlos",amigo,,AMIGO,,"erasmo carlos,roberto carlos",nan,Clipes Unificados_nov Dez 2023,Clipes Unificados_nov Dez 2023.xlsx
Baile De Favela,Mc João,baile de favela,,BAILE DE FAVELA,T-303.383.693-6,mc joao,t-303.383.693-6,Clipes Unificados_nov Dez 2023,Clipes Unificados_nov Dez 2023.xlsx
Sampa,Tuca Tqs,sampa,,SAMPA,,tuca tqs,nan,Clipes Unificados_nov Dez 2023,Clipes Unificados_nov Dez 2023.xlsx
Amigo,"Erasmo Carlos,Roberto Carlos",amigo,,AMIGO,,"erasmo carlos,roberto carlos",nan,Clipes Unificados_nov Dez 2023,Clipes Unificados_nov Dez 2023.xlsx
Granada,Andrea Bocelli,granada,,GRANADA,T-040.348.474-1,andrea bocelli,t-040.348.474-1,Clipes Unificados_nov Dez 2023,Clipes Unificados_nov Dez 2023.xlsx
Vagabundo,Sebastián Yatra,vagabundo,,VAGABUNDO,T-303.761.712-8,sebastian yatra,t-303.761.712-8,Clipes Unificados_nov Dez 2023,Clipes Unificados_nov Dez 2023.xlsx
Vagabundo,Sebastián Yatra,vagabundo,,VAGABUNDO,,sebastian yatra,nan,Clipes Unificados_nov Dez 2023,Clipes Unificados_nov Dez 2023.xlsx
Coração Blindado,Inspirasom,coracao blindado,,CORACAO BLINDADO,T-040.317.980-5,inspirasom,t-040.317.980-5,Clipes Unificados_nov Dez 2023,Clipes Unificados_nov Dez 2023.xlsx
Malandramente,Dennis,malandramente,,MALANDRAMENTE,T-308.115.009-2,dennis,t-308.115.009-2,Clipes Unificados_nov Dez 2023,Clipes Unificados_nov Dez 2023.xlsx
Baile De Favela,Mc João,baile de favela,,BAILE DE FAVELA,T-303.383.693-6,mc joao,t-303.383.693-6,Clipes Unificados_nov Dez 2023,Clipes Unificados_nov Dez 2023.xlsx
Xerecard,Mc Danny,xerecard,,XERECARD,T-305.213.989-2,mc danny,t-305.213.989-2,Clipes Unificados_nov Dez 2023,Clipes Unificados_nov Dez 2023.xlsx
Recomeçar,Tim Bernardes,recomecar,,RECOMECAR,T-039.311.437-8,tim bernardes,t-039.311.437-8,Clipes Unificados_nov Dez 2023,Clipes Unificados_nov Dez 2023.xlsx
Recomeçar,Tim Bernardes,recomecar,,RECOMEÇAR,T-308.840.890-2,tim bernardes,t-308.840.890-2,Clipes Unificados_nov Dez 2023,Clipes Unificados_nov Dez 2023.xlsx
Recomeçar,Tim Bernardes,recomecar,,RECOMEÇAR,T-316.010.042-1,tim bernardes,t-316.010.042-1,Clipes Unificados_nov Dez 2023,Clipes Unificados_nov Dez 2023.xlsx
Recomeçar,Tim Bernardes,recomecar,,RECOMEÇAR,,tim bernardes,nan,Clipes Unificados_nov Dez 2023,Clipes Unificados_nov Dez 2023.xlsx
Beijinho No Ombro,Valesca Popozuda,beijinho no ombro,,BEIJINHO NO OMBRO,T-311.569.064-3,valesca popozuda,t-311.569.064-3,Clipes Unificados_nov Dez 2023,Clipes Unificados_nov Dez 2023.xlsx
Coração Blindado,Inspirasom,coracao blindado,,CORACAO BLINDADO,T-040.317.980-5,inspirasom,t-040.317.980-5,Clipes Unificados_nov Dez 2023,Clipes Unificados_nov Dez 2023.xlsx
Gratidão,L7nnon,gratidao,,GRATIDÃO,T-305.217.523-8,l7nnon,t-305.217.523-8,Clipes Unificados_nov Dez 2023,Clipes Unificados_nov Dez 2023.xlsx
Beijinho No Ombro,"Andy Gercker,Valesca Popozuda",beijinho no ombro,,BEIJINHO NO OMBRO,T-311.569.064-3,"andy gercker,valesca popozuda",t-311.569.064-3,Clipes Unificados_nov Dez 2023,Clipes Unificados_nov Dez 2023.xlsx
Beijinho No Ombro,Valesca Popozuda,beijinho no ombro,,BEIJINHO NO OMBRO,T-311.569.064-3,valesca popozuda,t-311.569.064-3,Clipes Unificados_nov Dez 2023,Clipes Unificados_nov Dez 2023.xlsx
Baile De Favela,Mc João,baile de favela,,BAILE DE FAVELA,T-303.383.693-6,mc joao,t-303.383.693-6,Clipes Unificados_nov Dez 2023,Clipes Unificados_nov Dez 2023.xlsx
Por Enquanto,Cássia Eller,por enquanto,,POR ENQUANTO,,cassia eller,nan,Clipes Unificados_nov Dez 2023,Clipes Unificados_nov Dez 2023.xlsx
Maria,Ricky Martin,maria,,MARIA,T-307.006.304-2,ricky martin,t-307.006.304-2,Clipes Unificados_nov Dez 2023,Clipes Unificados_nov Dez 2023.xlsx
Maria,Ricky Martin,maria,,MARIA,T-311.953.638-4,ricky martin,t-311.953.638-4,Clipes Unificados_nov Dez 2023,Clipes Unificados_nov Dez 2023.xlsx
Pegando Fogo,Marcus Majella,pegando fogo,,PEGANDO FOGO,T-305.213.998-3,marcus majella,t-305.213.998-3,Clipes Unificados_nov Dez 2023,Clipes Unificados_nov Dez 2023.xlsx
Psicose,Eclipse Soul,psicose,,PSICOSE,T-312.553.380-0,eclipse soul,t-312.553.380-0,Clipes Unificados_nov Dez 2023,Clipes Unificados_nov Dez 2023.xlsx
Xerecard,Rodrigo Sant'anna,xerecard,,XERECARD,T-305.213.989-2,rodrigo sant'anna,t-305.213.989-2,Clipes Unificados_nov Dez 2023,Clipes Unificados_nov Dez 2023.xlsx
Amanhecer,Bk,amanhecer,,AMANHECER,T-040.285.612-5,bk,t-040.285.612-5,Clipes Unificados_nov Dez 2023,Clipes Unificados_nov Dez 2023.xlsx
Pegando Fogo,Marcus Majella,pegando fogo,,PEGANDO FOGO,T-305.213.998-3,marcus majella,t-305.213.998-3,Clipes Unificados_nov Dez 2023,Clipes Unificados_nov Dez 2023.xlsx
Psicose,Eclipse Soul,psicose,,PSICOSE,T-312.553.380-0,eclipse soul,t-312.553.380-0,Clipes Unificados_nov Dez 2023,Clipes Unificados_nov Dez 2023.xlsx
Recomeçar,Tim Bernardes,recomecar,,RECOMECAR,T-039.311.437-8,tim bernardes,t-039.311.437-8,Clipes Unificados_nov Dez 2023,Clipes Unificados_nov Dez 2023.xlsx
Recomeçar,Tim Bernardes,recomecar,,RECOMEÇAR,T-308.840.890-2,tim bernardes,t-308.840.890-2,Clipes Unificados_nov Dez 2023,Clipes Unificados_nov Dez 2023.xlsx
Recomeçar,Tim Bernardes,recomecar,,RECOMEÇAR,T-316.010.042-1,tim bernardes,t-316.010.042-1,Clipes Unificados_nov Dez 2023,Clipes Unificados_nov Dez 2023.xlsx
Recomeçar,Tim Bernardes,recomecar,,RECOMEÇAR,,tim bernardes,nan,Clipes Unificados_nov Dez 2023,Clipes Unificados_nov Dez 2023.xlsx
Por Enquanto,Cássia Eller,por enquanto,,POR ENQUANTO,,cassia eller,nan,Clipes Unificados_nov Dez 2023,Clipes Unificados_nov Dez 2023.xlsx
Imortal,Rafael Portugal,imortal,,IMORTAL,T-307.118.165-8,rafael portugal,t-307.118.165-8,Clipes Unificados_nov Dez 2023,Clipes Unificados_nov Dez 2023.xlsx
Maria,Ricky Martin,maria,,MARIA,T-307.006.304-2,ricky martin,t-307.006.304-2,Clipes Unificados_nov Dez 2023,Clipes Unificados_nov Dez 2023.xlsx
Maria,Ricky Martin,maria,,MARIA,T-311.953.638-4,ricky martin,t-311.953.638-4,Clipes Unificados_nov Dez 2023,Clipes Unificados_nov Dez 2023.xlsx
Baile De Favela,Mc João,baile de favela,,BAILE DE FAVELA,T-303.383.693-6,mc joao,t-303.383.693-6,Clipes Unificados_nov Dez 2023,Clipes Unificados_nov Dez 2023.xlsx
Pegando Fogo,Marcus Majella,pegando fogo,,PEGANDO FOGO,T-305.213.998-3,marcus majella,t-305.213.998-3,Clipes Unificados_nov Dez 2023,Clipes Unificados_nov Dez 2023.xlsx
Psicose,Eclipse Soul,psicose,,PSICOSE,T-312.553.380-0,eclipse soul,t-312.553.380-0,Clipes Unificados_nov Dez 2023,Clipes Unificados_nov Dez 2023.xlsx
Beijinho No Ombro,Valesca Popozuda,beijinho no ombro,,BEIJINHO NO OMBRO,T-311.569.064-3,valesca popozuda,t-311.569.064-3,Clipes Unificados_nov Dez 2023,Clipes Unificados_nov Dez 2023.xlsx
Coração Blindado,Inspirasom,coracao blindado,,CORACAO BLINDADO,T-040.317.980-5,inspirasom,t-040.317.980-5,Clipes Unificados_nov Dez 2023,Clipes Unificados_nov Dez 2023.xlsx
Imortal,Rafael Portugal,imortal,,IMORTAL,T-307.118.165-8,rafael portugal,t-307.118.165-8,Clipes Unificados_nov Dez 2023,Clipes Unificados_nov Dez 2023.xlsx
Baile De Favela,Mc João,baile de favela,,BAILE DE FAVELA,T-303.383.693-6,mc joao,t-303.383.693-6,Clipes Unificados_nov Dez 2023,Clipes Unificados_nov Dez 2023.xlsx
Mulheres,Talita Werneck,mulheres,,MULHERES,T-330.488.001-7,talita werneck,t-330.488.001-7,Clipes Unificados_nov Dez 2023,Clipes Unificados_nov Dez 2023.xlsx
Mãe,Lexa,mae,,MÃE,T-306.800.395-8,lexa,t-306.800.395-8,Clipes Unificados_nov Dez 2023,Clipes Unificados_nov Dez 2023.xlsx
Mãe,Lexa,mae,,MÃE,,lexa,nan,Clipes Unificados_nov Dez 2023,Clipes Unificados_nov Dez 2023.xlsx
Mistério,Ivete Sangalo,misterio,,MISTERIO,T-040.150.639-5,ivete sangalo,t-040.150.639-5,Clipes Unificados_nov Dez 2023,Clipes Unificados_nov Dez 2023.xlsx
Sampa,Talita Werneck,sampa,,SAMPA,,talita werneck,nan,Clipes Unificados_nov Dez 2023,Clipes Unificados_nov Dez 2023.xlsx
Leve,Mahmundi,leve,,LEVE,T-315.958.048-6,mahmundi,t-315.958.048-6,Clipes Unificados_nov Dez 2023,Clipes Unificados_nov Dez 2023.xlsx
Leve,Mahmundi,leve,,LEVE,,mahmundi,nan,Clipes Unificados_nov Dez 2023,Clipes Unificados_nov Dez 2023.xlsx
Leve,Mahmundi,leve,,LEVE,T-335.482.970-8,mahmundi,t-335.482.970-8,Clipes Unificados_nov Dez 2023,Clipes Unificados_nov Dez 2023.xlsx
Sou Eu,Ludmilla,sou eu,,SOU EU,T-042.615.532-9,ludmilla,t-042.615.532-9,Clipes Unificados_nov Dez 2023,Clipes Unificados_nov Dez 2023.xlsx
Vida Loka,Racionais Mc's,vida loka,,VIDA LOKA,T-304.714.866-9,racionais mc's,t-304.714.866-9,Clipes Unificados_nov Dez 2023,Clipes Unificados_nov Dez 2023.xlsx
Leve,Mahmundi,leve,,LEVE,T-315.958.048-6,mahmundi,t-315.958.048-6,Clipes Unificados_nov Dez 2023,Clipes Unificados_nov Dez 2023.xlsx
Leve,Mahmundi,leve,,LEVE,,mahmundi,nan,Clipes Unificados_nov Dez 2023,Clipes Unificados_nov Dez 2023.xlsx
Leve,Mahmundi,leve,,LEVE,T-335.482.970-8,mahmundi,t-335.482.970-8,Clipes Unificados_nov Dez 2023,Clipes Unificados_nov Dez 2023.xlsx
Tatuagem,Mastruz Com Leite,tatuagem,,TATUAGEM,,mastruz com leite,nan,Clipes Unificados_nov Dez 2023,Clipes Unificados_nov Dez 2023.xlsx
Malvada,Zé Felipe,malvada,,MALVADA,T-303.019.880-8,ze felipe,t-303.019.880-8,Clipes Unificados_nov Dez 2023,Clipes Unificados_nov Dez 2023.xlsx
Malvada,Zé Felipe,malvada,,MALVADA,,ze felipe,nan,Clipes Unificados_nov Dez 2023,Clipes Unificados_nov Dez 2023.xlsx
Mulheres,Martinho Da Vila,mulheres,,MULHERES,T-330.488.001-7,martinho da vila,t-330.488.001-7,Clipes Unificados_nov Dez 2023,Clipes Unificados_nov Dez 2023.xlsx
Ghost,Galileo Galilei,ghost,,GHOST,,galileo galilei,nan,Clipes Unificados_nov Dez 2023,Clipes Unificados_nov Dez 2023.xlsx
Intro,"Xx, The",intro,,INTRO,T-301.569.273-2,"xx, the",t-301.569.273-2,Clipes Unificados_nov Dez 2023,Clipes Unificados_nov Dez 2023.xlsx
Intro,"Xx, The",intro,,INTRO,T-304.306.407-5,"xx, the",t-304.306.407-5,Clipes Unificados_nov Dez 2023,Clipes Unificados_nov Dez 2023.xlsx
Intro,"Xx, The",intro,,INTRO,T-309.423.419-8,"xx, the",t-309.423.419-8,Clipes Unificados_nov Dez 2023,Clipes Unificados_nov Dez 2023.xlsx
Intro,"Xx, The",intro,,INTRO,T-311.595.435-9,"xx, the",t-311.595.435-9,Clipes Unificados_nov Dez 2023,Clipes Unificados_nov Dez 2023.xlsx
Intro,"Xx, The",intro,,INTRO,,"xx, the",nan,Clipes Unificados_nov Dez 2023,Clipes Unificados_nov Dez 2023.xlsx
Intro,"Xx, The",intro,,INTRO,T-317.818.173-8,"xx, the",t-317.818.173-8,Clipes Unificados_nov Dez 2023,Clipes Unificados_nov Dez 2023.xlsx
Ghost,"Acid, The",ghost,,GHOST,,"acid, the",nan,Clipes Unificados_nov Dez 2023,Clipes Unificados_nov Dez 2023.xlsx
Ghost,Galileo Galilei,ghost,,GHOST,,galileo galilei,nan,Clipes Unificados_nov Dez 2023,Clipes Unificados_nov Dez 2023.xlsx
Ritual,Síntese,ritual,,RITUAL,T-040.150.641-9,sintese,t-040.150.641-9,Clipes Unificados_nov Dez 2023,Clipes Unificados_nov Dez 2023.xlsx
Slow Down,Brand Nubian,slow down,,SLOW DOWN,T-039.947.955-0,brand nubian,t-039.947.955-0,Clipes Unificados_nov Dez 2023,Clipes Unificados_nov Dez 2023.xlsx
Intro,"Xx, The",intro,,INTRO,T-301.569.273-2,"xx, the",t-301.569.273-2,Clipes Unificados_nov Dez 2023,Clipes Unificados_nov Dez 2023.xlsx
Intro,"Xx, The",intro,,INTRO,T-304.306.407-5,"xx, the",t-304.306.407-5,Clipes Unificados_nov Dez 2023,Clipes Unificados_nov Dez 2023.xlsx
Intro,"Xx, The",intro,,INTRO,T-309.423.419-8,"xx, the",t-309.423.419-8,Clipes Unificados_nov Dez 2023,Clipes Unificados_nov Dez 2023.xlsx
Intro,"Xx, The",intro,,INTRO,T-311.595.435-9,"xx, the",t-311.595.435-9,Clipes Unificados_nov Dez 2023,Clipes Unificados_nov Dez 2023.xlsx
Intro,"Xx, The",intro,,INTRO,,"xx, the",nan,Clipes Unificados_nov Dez 2023,Clipes Unificados_nov Dez 2023.xlsx
Intro,"Xx, The",intro,,INTRO,T-317.818.173-8,"xx, the",t-317.818.173-8,Clipes Unificados_nov Dez 2023,Clipes Unificados_nov Dez 2023.xlsx
Chocolate,"1975, The",chocolate,,CHOCOLATE,T-322.528.891-1,"1975, the",t-322.528.891-1,Clipes Unificados_nov Dez 2023,Clipes Unificados_nov Dez 2023.xlsx
Ritual,Síntese,ritual,,RITUAL,T-040.150.641-9,sintese,t-040.150.641-9,Clipes Unificados_nov Dez 2023,Clipes Unificados_nov Dez 2023.xlsx
Slow Down,Brand Nubian,slow down,,SLOW DOWN,T-039.947.955-0,brand nubian,t-039.947.955-0,Clipes Unificados_nov Dez 2023,Clipes Unificados_nov Dez 2023.xlsx
Intro,"Xx, The",intro,,INTRO,T-301.569.273-2,"xx, the",t-301.569.273-2,Clipes Unificados_nov Dez 2023,Clipes Unificados_nov Dez 2023.xlsx
Intro,"Xx, The",intro,,INTRO,T-304.306.407-5,"xx, the",t-304.306.407-5,Clipes Unificados_nov Dez 2023,Clipes Unificados_nov Dez 2023.xlsx
Intro,"Xx, The",intro,,INTRO,T-309.423.419-8,"xx, the",t-309.423.419-8,Clipes Unificados_nov Dez 2023,Clipes Unificados_nov Dez 2023.xlsx
Intro,"Xx, The",intro,,INTRO,T-311.595.435-9,"xx, the",t-311.595.435-9,Clipes Unificados_nov Dez 2023,Clipes Unificados_nov Dez 2023.xlsx
Intro,"Xx, The",intro,,INTRO,,"xx, the",nan,Clipes Unificados_nov Dez 2023,Clipes Unificados_nov Dez 2023.xlsx
Intro,"Xx, The",intro,,INTRO,T-317.818.173-8,"xx, the",t-317.818.173-8,Clipes Unificados_nov Dez 2023,Clipes Unificados_nov Dez 2023.xlsx
Ritual,Síntese,ritual,,RITUAL,T-040.150.641-9,sintese,t-040.150.641-9,Clipes Unificados_nov Dez 2023,Clipes Unificados_nov Dez 2023.xlsx
Slow Down,Brand Nubian,slow down,,SLOW DOWN,T-039.947.955-0,brand nubian,t-039.947.955-0,Clipes Unificados_nov Dez 2023,Clipes Unificados_nov Dez 2023.xlsx
Intro,"Xx, The",intro,,INTRO,T-301.569.273-2,"xx, the",t-301.569.273-2,Clipes Unificados_nov Dez 2023,Clipes Unificados_nov Dez 2023.xlsx
Intro,"Xx, The",intro,,INTRO,T-304.306.407-5,"xx, the",t-304.306.407-5,Clipes Unificados_nov Dez 2023,Clipes Unificados_nov Dez 2023.xlsx
Intro,"Xx, The",intro,,INTRO,T-309.423.419-8,"xx, the",t-309.423.419-8,Clipes Unificados_nov Dez 2023,Clipes Unificados_nov Dez 2023.xlsx
Intro,"Xx, The",intro,,INTRO,T-311.595.435-9,"xx, the",t-311.595.435-9,Clipes Unificados_nov Dez 2023,Clipes Unificados_nov Dez 2023.xlsx
Intro,"Xx, The",intro,,INTRO,,"xx, the",nan,Clipes Unificados_nov Dez 2023,Clipes Unificados_nov Dez 2023.xlsx
Intro,"Xx, The",intro,,INTRO,T-317.818.173-8,"xx, the",t-317.818.173-8,Clipes Unificados_nov Dez 2023,Clipes Unificados_nov Dez 2023.xlsx
Ritual,Síntese,ritual,,RITUAL,T-040.150.641-9,sintese,t-040.150.641-9,Clipes Unificados_nov Dez 2023,Clipes Unificados_nov Dez 2023.xlsx
Slow Down,Brand Nubian,slow down,,SLOW DOWN,T-039.947.955-0,brand nubian,t-039.947.955-0,Clipes Unificados_nov Dez 2023,Clipes Unificados_nov Dez 2023.xlsx
Intro,"Xx, The",intro,,INTRO,T-301.569.273-2,"xx, the",t-301.569.273-2,Clipes Unificados_nov Dez 2023,Clipes Unificados_nov Dez 2023.xlsx
Intro,"Xx, The",intro,,INTRO,T-304.306.407-5,"xx, the",t-304.306.407-5,Clipes Unificados_nov Dez 2023,Clipes Unificados_nov Dez 2023.xlsx
Intro,"Xx, The",intro,,INTRO,T-309.423.419-8,"xx, the",t-309.423.419-8,Clipes Unificados_nov Dez 2023,Clipes Unificados_nov Dez 2023.xlsx
Intro,"Xx, The",intro,,INTRO,T-311.595.435-9,"xx, the",t-311.595.435-9,Clipes Unificados_nov Dez 2023,Clipes Unificados_nov Dez 2023.xlsx
Intro,"Xx, The",intro,,INTRO,,"xx, the",nan,Clipes Unificados_nov Dez 2023,Clipes Unificados_nov Dez 2023.xlsx
Intro,"Xx, The",intro,,INTRO,T-317.818.173-8,"xx, the",t-317.818.173-8,Clipes Unificados_nov Dez 2023,Clipes Unificados_nov Dez 2023.xlsx
Ritual,Síntese,ritual,,RITUAL,T-040.150.641-9,sintese,t-040.150.641-9,Clipes Unificados_nov Dez 2023,Clipes Unificados_nov Dez 2023.xlsx
Slow Down,Brand Nubian,slow down,,SLOW DOWN,T-039.947.955-0,brand nubian,t-039.947.955-0,Clipes Unificados_nov Dez 2023,Clipes Unificados_nov Dez 2023.xlsx
Intro,"Xx, The",intro,,INTRO,T-301.569.273-2,"xx, the",t-301.569.273-2,Clipes Unificados_nov Dez 2023,Clipes Unificados_nov Dez 2023.xlsx
Intro,"Xx, The",intro,,INTRO,T-304.306.407-5,"xx, the",t-304.306.407-5,Clipes Unificados_nov Dez 2023,Clipes Unificados_nov Dez 2023.xlsx
Intro,"Xx, The",intro,,INTRO,T-309.423.419-8,"xx, the",t-309.423.419-8,Clipes Unificados_nov Dez 2023,Clipes Unificados_nov Dez 2023.xlsx
Intro,"Xx, The",intro,,INTRO,T-311.595.435-9,"xx, the",t-311.595.435-9,Clipes Unificados_nov Dez 2023,Clipes Unificados_nov Dez 2023.xlsx
Intro,"Xx, The",intro,,INTRO,,"xx, the",nan,Clipes Unificados_nov Dez 2023,Clipes Unificados_nov Dez 2023.xlsx
Intro,"Xx, The",intro,,INTRO,T-317.818.173-8,"xx, the",t-317.818.173-8,Clipes Unificados_nov Dez 2023,Clipes Unificados_nov Dez 2023.xlsx
Devil,Electro Deluxe,devil,,DEVIL,T-333.723.620-7,electro deluxe,t-333.723.620-7,Clipes Unificados_nov Dez 2023,Clipes Unificados_nov Dez 2023.xlsx
Ritual,Síntese,ritual,,RITUAL,T-040.150.641-9,sintese,t-040.150.641-9,Clipes Unificados_nov Dez 2023,Clipes Unificados_nov Dez 2023.xlsx
Slow Down,Brand Nubian,slow down,,SLOW DOWN,T-039.947.955-0,brand nubian,t-039.947.955-0,Clipes Unificados_nov Dez 2023,Clipes Unificados_nov Dez 2023.xlsx
Intro,"Xx, The",intro,,INTRO,T-301.569.273-2,"xx, the",t-301.569.273-2,Clipes Unificados_nov Dez 2023,Clipes Unificados_nov Dez 2023.xlsx
Intro,"Xx, The",intro,,INTRO,T-304.306.407-5,"xx, the",t-304.306.407-5,Clipes Unificados_nov Dez 2023,Clipes Unificados_nov Dez 2023.xlsx
Intro,"Xx, The",intro,,INTRO,T-309.423.419-8,"xx, the",t-309.423.419-8,Clipes Unificados_nov Dez 2023,Clipes Unificados_nov Dez 2023.xlsx
Intro,"Xx, The",intro,,INTRO,T-311.595.435-9,"xx, the",t-311.595.435-9,Clipes Unificados_nov Dez 2023,Clipes Unificados_nov Dez 2023.xlsx
Intro,"Xx, The",intro,,INTRO,,"xx, the",nan,Clipes Unificados_nov Dez 2023,Clipes Unificados_nov Dez 2023.xlsx
Intro,"Xx, The",intro,,INTRO,T-317.818.173-8,"xx, the",t-317.818.173-8,Clipes Unificados_nov Dez 2023,Clipes Unificados_nov Dez 2023.xlsx
Dna,"Kills, The",dna,,DNA,,"kills, the",nan,Clipes Unificados_nov Dez 2023,Clipes Unificados_nov Dez 2023.xlsx
Pedra,Technobrass,pedra,,PEDRA,,technobrass,nan,Clipes Unificados_nov Dez 2023,Clipes Unificados_nov Dez 2023.xlsx
Dna,"Kills, The",dna,,DNA,,"kills, the",nan,Clipes Unificados_nov Dez 2023,Clipes Unificados_nov Dez 2023.xlsx
Pedra,Technobrass,pedra,,PEDRA,,technobrass,nan,Clipes Unificados_nov Dez 2023,Clipes Unificados_nov Dez 2023.xlsx
Dna,"Kills, The",dna,,DNA,,"kills, the",nan,Clipes Unificados_nov Dez 2023,Clipes Unificados_nov Dez 2023.xlsx
Pedra,Technobrass,pedra,,PEDRA,,technobrass,nan,Clipes Unificados_nov Dez 2023,Clipes Unificados_nov Dez 2023.xlsx
Overboard,"Fathoms, The",overboard,,OVERBOARD,T-307.003.487-2,"fathoms, the",t-307.003.487-2,Clipes Unificados_nov Dez 2023,Clipes Unificados_nov Dez 2023.xlsx
Dna,"Kills, The",dna,,DNA,,"kills, the",nan,Clipes Unificados_nov Dez 2023,Clipes Unificados_nov Dez 2023.xlsx
Pedra,Technobrass,pedra,,PEDRA,,technobrass,nan,Clipes Unificados_nov Dez 2023,Clipes Unificados_nov Dez 2023.xlsx
Overboard,"Fathoms, The",overboard,,OVERBOARD,T-307.003.487-2,"fathoms, the",t-307.003.487-2,Clipes Unificados_nov Dez 2023,Clipes Unificados_nov Dez 2023.xlsx
Devil,Electro Deluxe,devil,,DEVIL,T-333.723.620-7,electro deluxe,t-333.723.620-7,Clipes Unificados_nov Dez 2023,Clipes Unificados_nov Dez 2023.xlsx
Dna,"Kills, The",dna,,DNA,,"kills, the",nan,Clipes Unificados_nov Dez 2023,Clipes Unificados_nov Dez 2023.xlsx
Pedra,Technobrass,pedra,,PEDRA,,technobrass,nan,Clipes Unificados_nov Dez 2023,Clipes Unificados_nov Dez 2023.xlsx
Overboard,"Fathoms, The",overboard,,OVERBOARD,T-307.003.487-2,"fathoms, the",t-307.003.487-2,Clipes Unificados_nov Dez 2023,Clipes Unificados_nov Dez 2023.xlsx
Devil,Electro Deluxe,devil,,DEVIL,T-333.723.620-7,electro deluxe,t-333.723.620-7,Clipes Unificados_nov Dez 2023,Clipes Unificados_nov Dez 2023.xlsx
Summertime,Janis Joplin,summertime,,SUMMERTIME,T-317.793.940-7,janis joplin,t-317.793.940-7,Clipes Unificados_nov Dez 2023,Clipes Unificados_nov Dez 2023.xlsx
Overboard,"Fathoms, The",overboard,,OVERBOARD,T-307.003.487-2,"fathoms, the",t-307.003.487-2,Clipes Unificados_nov Dez 2023,Clipes Unificados_nov Dez 2023.xlsx
Summertime,Janis Joplin,summertime,,SUMMERTIME,T-317.793.940-7,janis joplin,t-317.793.940-7,Clipes Unificados_nov Dez 2023,Clipes Unificados_nov Dez 2023.xlsx
Dna,"Kills, The",dna,,DNA,,"kills, the",nan,Clipes Unificados_nov Dez 2023,Clipes Unificados_nov Dez 2023.xlsx
Pedra,Technobrass,pedra,,PEDRA,,technobrass,nan,Clipes Unificados_nov Dez 2023,Clipes Unificados_nov Dez 2023.xlsx
Overboard,"Fathoms, The",overboard,,OVERBOARD,T-307.003.487-2,"fathoms, the",t-307.003.487-2,Clipes Unificados_nov Dez 2023,Clipes Unificados_nov Dez 2023.xlsx
High,Sir Sly,high,,HIGH,T-317.794.087-9,sir sly,t-317.794.087-9,Clipes Unificados_nov Dez 2023,Clipes Unificados_nov Dez 2023.xlsx
Summertime,Janis Joplin,summertime,,SUMMERTIME,T-317.793.940-7,janis joplin,t-317.793.940-7,Clipes Unificados_nov Dez 2023,Clipes Unificados_nov Dez 2023.xlsx
Overboard,"Fathoms, The",overboard,,OVERBOARD,T-307.003.487-2,"fathoms, the",t-307.003.487-2,Clipes Unificados_nov Dez 2023,Clipes Unificados_nov Dez 2023.xlsx
Summertime,Janis Joplin,summertime,,SUMMERTIME,T-317.793.940-7,janis joplin,t-317.793.940-7,Clipes Unificados_nov Dez 2023,Clipes Unificados_nov Dez 2023.xlsx
Summertime,Janis Joplin,summertime,,SUMMERTIME,T-317.793.940-7,janis joplin,t-317.793.940-7,Clipes Unificados_nov Dez 2023,Clipes Unificados_nov Dez 2023.xlsx
High,Sir Sly,high,,HIGH,T-317.794.087-9,sir sly,t-317.794.087-9,Clipes Unificados_nov Dez 2023,Clipes Unificados_nov Dez 2023.xlsx
Summertime,Janis Joplin,summertime,,SUMMERTIME,T-317.793.940-7,janis joplin,t-317.793.940-7,Clipes Unificados_nov Dez 2023,Clipes Unificados_nov Dez 2023.xlsx
High,Sir Sly,high,,HIGH,T-317.794.087-9,sir sly,t-317.794.087-9,Clipes Unificados_nov Dez 2023,Clipes Unificados_nov Dez 2023.xlsx
Astronauta,Gabriel O Pensador,astronauta,,ASTRONAUTA,T-306.794.336-2,gabriel o pensador,t-306.794.336-2,Clipes Unificados_nov Dez 2023,Clipes Unificados_nov Dez 2023.xlsx
Baile De Favela,Mc João,baile de favela,,BAILE DE FAVELA,T-303.383.693-6,mc joao,t-303.383.693-6,Clipes Unificados_nov Dez 2023,Clipes Unificados_nov Dez 2023.xlsx
Bala Perdida,Nação Zumbi,bala perdida,,BALA PERDIDA,T-330.774.826-7,nacao zumbi,t-330.774.826-7,Clipes Unificados_nov Dez 2023,Clipes Unificados_nov Dez 2023.xlsx
Baile De Favela,Mc João,baile de favela,,BAILE DE FAVELA,T-303.383.693-6,mc joao,t-303.383.693-6,Clipes Unificados_nov Dez 2023,Clipes Unificados_nov Dez 2023.xlsx
Baile De Favela,Mc João,baile de favela,,BAILE DE FAVELA,T-303.383.693-6,mc joao,t-303.383.693-6,Clipes Unificados_nov Dez 2023,Clipes Unificados_nov Dez 2023.xlsx
Bala Perdida,Nação Zumbi,bala perdida,,BALA PERDIDA,T-330.774.826-7,nacao zumbi,t-330.774.826-7,Clipes Unificados_nov Dez 2023,Clipes Unificados_nov Dez 2023.xlsx
Baile De Favela,Mc João,baile de favela,,BAILE DE FAVELA,T-303.383.693-6,mc joao,t-303.383.693-6,Clipes Unificados_nov Dez 2023,Clipes Unificados_nov Dez 2023.xlsx
Astronauta,Gabriel O Pensador,astronauta,,ASTRONAUTA,T-306.794.336-2,gabriel o pensador,t-306.794.336-2,Clipes Unificados_nov Dez 2023,Clipes Unificados_nov Dez 2023.xlsx
Baile De Favela,Mc João,baile de favela,,BAILE DE FAVELA,T-303.383.693-6,mc joao,t-303.383.693-6,Clipes Unificados_nov Dez 2023,Clipes Unificados_nov Dez 2023.xlsx
Astronauta,Gabriel O Pensador,astronauta,,ASTRONAUTA,T-306.794.336-2,gabriel o pensador,t-306.794.336-2,Clipes Unificados_nov Dez 2023,Clipes Unificados_nov Dez 2023.xlsx
Bala Perdida,Nação Zumbi,bala perdida,,BALA PERDIDA,T-330.774.826-7,nacao zumbi,t-330.774.826-7,Clipes Unificados_nov Dez 2023,Clipes Unificados_nov Dez 2023.xlsx
Baile De Favela,Mc João,baile de favela,,BAILE DE FAVELA,T-303.383.693-6,mc joao,t-303.383.693-6,Clipes Unificados_nov Dez 2023,Clipes Unificados_nov Dez 2023.xlsx
Bala Perdida,Nação Zumbi,bala perdida,,BALA PERDIDA,T-330.774.826-7,nacao zumbi,t-330.774.826-7,Clipes Unificados_nov Dez 2023,Clipes Unificados_nov Dez 2023.xlsx
Girassol,Kell Smith,girassol,,GIRASSOL,T-335.572.256-0,kell smith,t-335.572.256-0,Clipes Unificados_nov Dez 2023,Clipes Unificados_nov Dez 2023.xlsx
Rajadão,Pabllo Vittar,rajadao,,RAJADÃO,T-306.926.960-5,pabllo vittar,t-306.926.960-5,Clipes Unificados_nov Dez 2023,Clipes Unificados_nov Dez 2023.xlsx
Mais Amor,"Ponto De Equilíbrio,Tati Portella",mais amor,,MAIS AMOR,,"ponto de equilibrio,tati portella",nan,Clipes Unificados_nov Dez 2023,Clipes Unificados_nov Dez 2023.xlsx
Se Foi,Yoùn,se foi,,SE FOI,T-039.497.697-6,youn,t-039.497.697-6,Clipes Unificados_nov Dez 2023,Clipes Unificados_nov Dez 2023.xlsx
Rajadão,Pabllo Vittar,rajadao,,RAJADÃO,T-306.926.960-5,pabllo vittar,t-306.926.960-5,Clipes Unificados_nov Dez 2023,Clipes Unificados_nov Dez 2023.xlsx
Rajadão,Pabllo Vittar,rajadao,,RAJADÃO,T-306.926.960-5,pabllo vittar,t-306.926.960-5,Clipes Unificados_nov Dez 2023,Clipes Unificados_nov Dez 2023.xlsx
Dia De Sorte,Mariana Nolasco,dia de sorte,,DIA DE SORTE,T-305.220.242-9,mariana nolasco,t-305.220.242-9,Clipes Unificados_nov Dez 2023,Clipes Unificados_nov Dez 2023.xlsx
Se Foi,Yoùn,se foi,,SE FOI,T-039.497.697-6,youn,t-039.497.697-6,Clipes Unificados_nov Dez 2023,Clipes Unificados_nov Dez 2023.xlsx
Dia De Sorte,Mariana Nolasco,dia de sorte,,DIA DE SORTE,T-305.220.242-9,mariana nolasco,t-305.220.242-9,Clipes Unificados_nov Dez 2023,Clipes Unificados_nov Dez 2023.xlsx
Nó,Pedro Mann,no,,NÓ,,pedro mann,nan,Clipes Unificados_nov Dez 2023,Clipes Unificados_nov Dez 2023.xlsx
Sereia,"Dani Gondim,Rodrigo Sá",sereia,,SEREIA,T-316.183.205-5,"dani gondim,rodrigo sa",t-316.183.205-5,Clipes Unificados_nov Dez 2023,Clipes Unificados_nov Dez 2023.xlsx
Sereia,"Dani Gondim,Rodrigo Sá",sereia,,SEREIA,T-324.241.294-4,"dani gondim,rodrigo sa",t-324.241.294-4,Clipes Unificados_nov Dez 2023,Clipes Unificados_nov Dez 2023.xlsx
Se Foi,Yoùn,se foi,,SE FOI,T-039.497.697-6,youn,t-039.497.697-6,Clipes Unificados_nov Dez 2023,Clipes Unificados_nov Dez 2023.xlsx
Nó,Pedro Mann,no,,NÓ,,pedro mann,nan,Clipes Unificados_nov Dez 2023,Clipes Unificados_nov Dez 2023.xlsx
Sereia,"Dani Gondim,Rodrigo Sá",sereia,,SEREIA,T-316.183.205-5,"dani gondim,rodrigo sa",t-316.183.205-5,Clipes Unificados_nov Dez 2023,Clipes Unificados_nov Dez 2023.xlsx
Sereia,"Dani Gondim,Rodrigo Sá",sereia,,SEREIA,T-324.241.294-4,"dani gondim,rodrigo sa",t-324.241.294-4,Clipes Unificados_nov Dez 2023,Clipes Unificados_nov Dez 2023.xlsx
Meu Mundo,Felipe Flip,meu mundo,,MEU MUNDO,,felipe flip,nan,Clipes Unificados_nov Dez 2023,Clipes Unificados_nov Dez 2023.xlsx
Na Mão De Quem,"Dow Raiz,Marina Peralta",na mao de quem,,NA MÃO DE QUEM,T-325.956.784-1,"dow raiz,marina peralta",t-325.956.784-1,Clipes Unificados_nov Dez 2023,Clipes Unificados_nov Dez 2023.xlsx
Ancestral,Alteris,ancestral,,ANCESTRAL,T-040.340.380-4,alteris,t-040.340.380-4,Clipes Unificados_nov Dez 2023,Clipes Unificados_nov Dez 2023.xlsx
Tamo Junto,"Carlinhos Brown,Lexa",tamo junto,,TAMO JUNTO,,"carlinhos brown,lexa",nan,Clipes Unificados_nov Dez 2023,Clipes Unificados_nov Dez 2023.xlsx
Manifesto,Péricles Cavalcanti,manifesto,,MANIFESTO,T-040.226.898-7,pericles cavalcanti,t-040.226.898-7,Clipes Unificados_nov Dez 2023,Clipes Unificados_nov Dez 2023.xlsx
Ancestral,Alteris,ancestral,,ANCESTRAL,T-040.340.380-4,alteris,t-040.340.380-4,Clipes Unificados_nov Dez 2023,Clipes Unificados_nov Dez 2023.xlsx
Tamo Junto,"Carlinhos Brown,Lexa",tamo junto,,TAMO JUNTO,,"carlinhos brown,lexa",nan,Clipes Unificados_nov Dez 2023,Clipes Unificados_nov Dez 2023.xlsx
Manifesto,Péricles Cavalcanti,manifesto,,MANIFESTO,T-040.226.898-7,pericles cavalcanti,t-040.226.898-7,Clipes Unificados_nov Dez 2023,Clipes Unificados_nov Dez 2023.xlsx
Ancestral,Alteris,ancestral,,ANCESTRAL,T-040.340.380-4,alteris,t-040.340.380-4,Clipes Unificados_nov Dez 2023,Clipes Unificados_nov Dez 2023.xlsx
Vem,Guilherme Schwab,vem,,VEM,,guilherme schwab,nan,Clipes Unificados_nov Dez 2023,Clipes Unificados_nov Dez 2023.xlsx
Tamo Junto,"Carlinhos Brown,Lexa",tamo junto,,TAMO JUNTO,,"carlinhos brown,lexa",nan,Clipes Unificados_nov Dez 2023,Clipes Unificados_nov Dez 2023.xlsx
Me Chama,Lucas Pretti,me chama,,ME CHAMA,T-311.953.645-3,lucas pretti,t-311.953.645-3,Clipes Unificados_nov Dez 2023,Clipes Unificados_nov Dez 2023.xlsx
Manifesto,Péricles Cavalcanti,manifesto,,MANIFESTO,T-040.226.898-7,pericles cavalcanti,t-040.226.898-7,Clipes Unificados_nov Dez 2023,Clipes Unificados_nov Dez 2023.xlsx
Ancestral,Alteris,ancestral,,ANCESTRAL,T-040.340.380-4,alteris,t-040.340.380-4,Clipes Unificados_nov Dez 2023,Clipes Unificados_nov Dez 2023.xlsx
Se Foi,Aninha Portal,se foi,,SE FOI,T-039.497.697-6,aninha portal,t-039.497.697-6,Clipes Unificados_nov Dez 2023,Clipes Unificados_nov Dez 2023.xlsx
Tamo Junto,"Carlinhos Brown,Lexa",tamo junto,,TAMO JUNTO,,"carlinhos brown,lexa",nan,Clipes Unificados_nov Dez 2023,Clipes Unificados_nov Dez 2023.xlsx
Ancestral,Alteris,ancestral,,ANCESTRAL,T-040.340.380-4,alteris,t-040.340.380-4,Clipes Unificados_nov Dez 2023,Clipes Unificados_nov Dez 2023.xlsx
Se Foi,Aninha Portal,se foi,,SE FOI,T-039.497.697-6,aninha portal,t-039.497.697-6,Clipes Unificados_nov Dez 2023,Clipes Unificados_nov Dez 2023.xlsx
Ela,Clarissa,ela,,ELA,T-322.696.235-8,clarissa,t-322.696.235-8,Clipes Unificados_nov Dez 2023,Clipes Unificados_nov Dez 2023.xlsx
Tamo Junto,"Carlinhos Brown,Lexa",tamo junto,,TAMO JUNTO,,"carlinhos brown,lexa",nan,Clipes Unificados_nov Dez 2023,Clipes Unificados_nov Dez 2023.xlsx
Diamante,"Drik Barbosa,Pitty,Weks",diamante,,DIAMANTE,,"drik barbosa,pitty,weks",nan,Clipes Unificados_nov Dez 2023,Clipes Unificados_nov Dez 2023.xlsx
Ancestral,Alteris,ancestral,,ANCESTRAL,T-040.340.380-4,alteris,t-040.340.380-4,Clipes Unificados_nov Dez 2023,Clipes Unificados_nov Dez 2023.xlsx
Se Foi,Aninha Portal,se foi,,SE FOI,T-039.497.697-6,aninha portal,t-039.497.697-6,Clipes Unificados_nov Dez 2023,Clipes Unificados_nov Dez 2023.xlsx
Ela,Clarissa,ela,,ELA,T-322.696.235-8,clarissa,t-322.696.235-8,Clipes Unificados_nov Dez 2023,Clipes Unificados_nov Dez 2023.xlsx
Tamo Junto,"Carlinhos Brown,Lexa",tamo junto,,TAMO JUNTO,,"carlinhos brown,lexa",nan,Clipes Unificados_nov Dez 2023,Clipes Unificados_nov Dez 2023.xlsx
Dia De Sorte,Mariana Nolasco,dia de sorte,,DIA DE SORTE,T-305.220.242-9,mariana nolasco,t-305.220.242-9,Clipes Unificados_nov Dez 2023,Clipes Unificados_nov Dez 2023.xlsx
Diamante,"Drik Barbosa,Pitty,Weks",diamante,,DIAMANTE,,"drik barbosa,pitty,weks",nan,Clipes Unificados_nov Dez 2023,Clipes Unificados_nov Dez 2023.xlsx
Ela,Clarissa,ela,,ELA,T-322.696.235-8,clarissa,t-322.696.235-8,Clipes Unificados_nov Dez 2023,Clipes Unificados_nov Dez 2023.xlsx
Dia De Sorte,Mariana Nolasco,dia de sorte,,DIA DE SORTE,T-305.220.242-9,mariana nolasco,t-305.220.242-9,Clipes Unificados_nov Dez 2023,Clipes Unificados_nov Dez 2023.xlsx
Leve,Pedro Mann,leve,,LEVE,T-315.958.048-6,pedro mann,t-315.958.048-6,Clipes Unificados_nov Dez 2023,Clipes Unificados_nov Dez 2023.xlsx
Leve,Pedro Mann,leve,,LEVE,,pedro mann,nan,Clipes Unificados_nov Dez 2023,Clipes Unificados_nov Dez 2023.xlsx
Leve,Pedro Mann,leve,,LEVE,T-335.482.970-8,pedro mann,t-335.482.970-8,Clipes Unificados_nov Dez 2023,Clipes Unificados_nov Dez 2023.xlsx
Diamante,"Drik Barbosa,Pitty,Weks",diamante,,DIAMANTE,,"drik barbosa,pitty,weks",nan,Clipes Unificados_nov Dez 2023,Clipes Unificados_nov Dez 2023.xlsx
Lua Nova,"Flavia K,Flora Piquerobí",lua nova,,LUA NOVA,T-302.129.848-2,"flavia k,flora piquerobi",t-302.129.848-2,Clipes Unificados_nov Dez 2023,Clipes Unificados_nov Dez 2023.xlsx
Dia De Sorte,Mariana Nolasco,dia de sorte,,DIA DE SORTE,T-305.220.242-9,mariana nolasco,t-305.220.242-9,Clipes Unificados_nov Dez 2023,Clipes Unificados_nov Dez 2023.xlsx
Lua Nova,"Flavia K,Flora Piquerobí",lua nova,,LUA NOVA,T-302.129.848-2,"flavia k,flora piquerobi",t-302.129.848-2,Clipes Unificados_nov Dez 2023,Clipes Unificados_nov Dez 2023.xlsx
Leve,Pedro Mann,leve,,LEVE,T-315.958.048-6,pedro mann,t-315.958.048-6,Clipes Unificados_nov Dez 2023,Clipes Unificados_nov Dez 2023.xlsx
Leve,Pedro Mann,leve,,LEVE,,pedro mann,nan,Clipes Unificados_nov Dez 2023,Clipes Unificados_nov Dez 2023.xlsx
Leve,Pedro Mann,leve,,LEVE,T-335.482.970-8,pedro mann,t-335.482.970-8,Clipes Unificados_nov Dez 2023,Clipes Unificados_nov Dez 2023.xlsx
Lua Nova,"Flavia K,Flora Piquerobí",lua nova,,LUA NOVA,T-302.129.848-2,"flavia k,flora piquerobi",t-302.129.848-2,Clipes Unificados_nov Dez 2023,Clipes Unificados_nov Dez 2023.xlsx
Leve,Pedro Mann,leve,,LEVE,T-315.958.048-6,pedro mann,t-315.958.048-6,Clipes Unificados_nov Dez 2023,Clipes Unificados_nov Dez 2023.xlsx
Leve,Pedro Mann,leve,,LEVE,,pedro mann,nan,Clipes Unificados_nov Dez 2023,Clipes Unificados_nov Dez 2023.xlsx
Leve,Pedro Mann,leve,,LEVE,T-335.482.970-8,pedro mann,t-335.482.970-8,Clipes Unificados_nov Dez 2023,Clipes Unificados_nov Dez 2023.xlsx
Brisa,Bruna Prado,brisa,,BRISA,T-315.799.145-8,bruna prado,t-315.799.145-8,Clipes Unificados_nov Dez 2023,Clipes Unificados_nov Dez 2023.xlsx
Brisa,Bruna Prado,brisa,,BRISA,T-316.180.981-6,bruna prado,t-316.180.981-6,Clipes Unificados_nov Dez 2023,Clipes Unificados_nov Dez 2023.xlsx
Brisa,Bruna Prado,brisa,,BRISA,T-326.766.166-1,bruna prado,t-326.766.166-1,Clipes Unificados_nov Dez 2023,Clipes Unificados_nov Dez 2023.xlsx
Aquelas Coisas,Choice,aquelas coisas,,AQUELAS COISAS,T-317.817.145-0,choice,t-317.817.145-0,Clipes Unificados_nov Dez 2023,Clipes Unificados_nov Dez 2023.xlsx
Lua Nova,"Flavia K,Flora Piquerobí",lua nova,,LUA NOVA,T-302.129.848-2,"flavia k,flora piquerobi",t-302.129.848-2,Clipes Unificados_nov Dez 2023,Clipes Unificados_nov Dez 2023.xlsx
Brisa,Bruna Prado,brisa,,BRISA,T-315.799.145-8,bruna prado,t-315.799.145-8,Clipes Unificados_nov Dez 2023,Clipes Unificados_nov Dez 2023.xlsx
Brisa,Bruna Prado,brisa,,BRISA,T-316.180.981-6,bruna prado,t-316.180.981-6,Clipes Unificados_nov Dez 2023,Clipes Unificados_nov Dez 2023.xlsx
Brisa,Bruna Prado,brisa,,BRISA,T-326.766.166-1,bruna prado,t-326.766.166-1,Clipes Unificados_nov Dez 2023,Clipes Unificados_nov Dez 2023.xlsx
Deserto,Carvel,deserto,,DESERTO,T-039.611.378-2,carvel,t-039.611.378-2,Clipes Unificados_nov Dez 2023,Clipes Unificados_nov Dez 2023.xlsx
Enigma,"Carol Biazin,Chameleo",enigma,,ENIGMA,T-313.268.061-2,"carol biazin,chameleo",t-313.268.061-2,Clipes Unificados_nov Dez 2023,Clipes Unificados_nov Dez 2023.xlsx
Enigma,"Carol Biazin,Chameleo",enigma,,ENIGMA,T-328.439.218-9,"carol biazin,chameleo",t-328.439.218-9,Clipes Unificados_nov Dez 2023,Clipes Unificados_nov Dez 2023.xlsx
Aquelas Coisas,Choice,aquelas coisas,,AQUELAS COISAS,T-317.817.145-0,choice,t-317.817.145-0,Clipes Unificados_nov Dez 2023,Clipes Unificados_nov Dez 2023.xlsx
Lua Nova,"Flavia K,Flora Piquerobí",lua nova,,LUA NOVA,T-302.129.848-2,"flavia k,flora piquerobi",t-302.129.848-2,Clipes Unificados_nov Dez 2023,Clipes Unificados_nov Dez 2023.xlsx
Sinais,Lala Dias,sinais,,SINAIS,T-039.662.232-4,lala dias,t-039.662.232-4,Clipes Unificados_nov Dez 2023,Clipes Unificados_nov Dez 2023.xlsx
Brisa,Bruna Prado,brisa,,BRISA,T-315.799.145-8,bruna prado,t-315.799.145-8,Clipes Unificados_nov Dez 2023,Clipes Unificados_nov Dez 2023.xlsx
Brisa,Bruna Prado,brisa,,BRISA,T-316.180.981-6,bruna prado,t-316.180.981-6,Clipes Unificados_nov Dez 2023,Clipes Unificados_nov Dez 2023.xlsx
Brisa,Bruna Prado,brisa,,BRISA,T-326.766.166-1,bruna prado,t-326.766.166-1,Clipes Unificados_nov Dez 2023,Clipes Unificados_nov Dez 2023.xlsx
Deserto,Carvel,deserto,,DESERTO,T-039.611.378-2,carvel,t-039.611.378-2,Clipes Unificados_nov Dez 2023,Clipes Unificados_nov Dez 2023.xlsx
Enigma,"Carol Biazin,Chameleo",enigma,,ENIGMA,T-313.268.061-2,"carol biazin,chameleo",t-313.268.061-2,Clipes Unificados_nov Dez 2023,Clipes Unificados_nov Dez 2023.xlsx
Enigma,"Carol Biazin,Chameleo",enigma,,ENIGMA,T-328.439.218-9,"carol biazin,chameleo",t-328.439.218-9,Clipes Unificados_nov Dez 2023,Clipes Unificados_nov Dez 2023.xlsx
Aquelas Coisas,Choice,aquelas coisas,,AQUELAS COISAS,T-317.817.145-0,choice,t-317.817.145-0,Clipes Unificados_nov Dez 2023,Clipes Unificados_nov Dez 2023.xlsx
Sinais,Lala Dias,sinais,,SINAIS,T-039.662.232-4,lala dias,t-039.662.232-4,Clipes Unificados_nov Dez 2023,Clipes Unificados_nov Dez 2023.xlsx
Nó,Pedro Mann,no,,NÓ,,pedro mann,nan,Clipes Unificados_nov Dez 2023,Clipes Unificados_nov Dez 2023.xlsx
Sempre Sonhei,Samantha Mainine,sempre sonhei,,SEMPRE SONHEI,T-301.989.530-4,samantha mainine,t-301.989.530-4,Clipes Unificados_nov Dez 2023,Clipes Unificados_nov Dez 2023.xlsx
Tão A Sério,Tati Falcão,tao a serio,,TAO A SERIO,T-039.768.313-4,tati falcao,t-039.768.313-4,Clipes Unificados_nov Dez 2023,Clipes Unificados_nov Dez 2023.xlsx
Me Perdoa,"Ferrugem,Iza",me perdoa,,ME PERDOA,,"ferrugem,iza",nan,Clipes Unificados_nov Dez 2023,Clipes Unificados_nov Dez 2023.xlsx
Me Perdoa,"Ferrugem,Iza",me perdoa,,ME PERDOA,,"ferrugem,iza",nan,Clipes Unificados_nov Dez 2023,Clipes Unificados_nov Dez 2023.xlsx
Me Perdoa,"Ferrugem,Iza",me perdoa,,ME PERDOA,,"ferrugem,iza",nan,Clipes Unificados_nov Dez 2023,Clipes Unificados_nov Dez 2023.xlsx
Fantasmas,Bea Carneiro,fantasmas,,FANTASMAS,T-316.133.343-9,bea carneiro,t-316.133.343-9,Clipes Unificados_nov Dez 2023,Clipes Unificados_nov Dez 2023.xlsx
Fantasmas,Bea Carneiro,fantasmas,,FANTASMAS,,bea carneiro,nan,Clipes Unificados_nov Dez 2023,Clipes Unificados_nov Dez 2023.xlsx
Amanhã,"Nanno,Tritom",amanha,,AMANHÃ,T-307.004.953-1,"nanno,tritom",t-307.004.953-1,Clipes Unificados_nov Dez 2023,Clipes Unificados_nov Dez 2023.xlsx
Me Perdoa,"Ferrugem,Iza",me perdoa,,ME PERDOA,,"ferrugem,iza",nan,Clipes Unificados_nov Dez 2023,Clipes Unificados_nov Dez 2023.xlsx
Me Perdoa,"Ferrugem,Iza",me perdoa,,ME PERDOA,,"ferrugem,iza",nan,Clipes Unificados_nov Dez 2023,Clipes Unificados_nov Dez 2023.xlsx
Sinais,"Ferrugem,Péricles,Sorriso Maroto",sinais,,SINAIS,T-039.662.232-4,"ferrugem,pericles,sorriso maroto",t-039.662.232-4,Clipes Unificados_nov Dez 2023,Clipes Unificados_nov Dez 2023.xlsx
Penumbra,"Djonga,Rapaz Do Dread,Sarah Guedes",penumbra,,PENUMBRA,T-040.011.904-1,"djonga,rapaz do dread,sarah guedes",t-040.011.904-1,Clipes Unificados_nov Dez 2023,Clipes Unificados_nov Dez 2023.xlsx
Ela Vem,"Mc G15,Mc Livinho",ela vem,,ELA VEM,T-325.561.312-4,"mc g15,mc livinho",t-325.561.312-4,Clipes Unificados_nov Dez 2023,Clipes Unificados_nov Dez 2023.xlsx
Penumbra,"Djonga,Rapaz Do Dread,Sarah Guedes",penumbra,,PENUMBRA,T-040.011.904-1,"djonga,rapaz do dread,sarah guedes",t-040.011.904-1,Clipes Unificados_nov Dez 2023,Clipes Unificados_nov Dez 2023.xlsx
Noite,"Ivandro,Vitor Kley",noite,,NOITE,T-306.926.957-0,"ivandro,vitor kley",t-306.926.957-0,Clipes Unificados_nov Dez 2023,Clipes Unificados_nov Dez 2023.xlsx
Sem Sentimento,Luan Santana,sem sentimento,,SEM SENTIMENTO,,luan santana,nan,Clipes Unificados_nov Dez 2023,Clipes Unificados_nov Dez 2023.xlsx
Sem Sentimento,Luan Santana,sem sentimento,,SEM SENTIMENTO,T-323.105.005-4,luan santana,t-323.105.005-4,Clipes Unificados_nov Dez 2023,Clipes Unificados_nov Dez 2023.xlsx
Adeus,Mari Fernandez,adeus,,ADEUS,T-932.208.035-3,mari fernandez,t-932.208.035-3,Clipes Unificados_nov Dez 2023,Clipes Unificados_nov Dez 2023.xlsx
Adeus,Mari Fernandez,adeus,,ADEUS,T-301.718.738-7,mari fernandez,t-301.718.738-7,Clipes Unificados_nov Dez 2023,Clipes Unificados_nov Dez 2023.xlsx
Sinais,"Ferrugem,Péricles,Sorriso Maroto",sinais,,SINAIS,T-039.662.232-4,"ferrugem,pericles,sorriso maroto",t-039.662.232-4,Clipes Unificados_nov Dez 2023,Clipes Unificados_nov Dez 2023.xlsx
Sinais,"Ferrugem,Péricles,Sorriso Maroto",sinais,,SINAIS,T-039.662.232-4,"ferrugem,pericles,sorriso maroto",t-039.662.232-4,Clipes Unificados_nov Dez 2023,Clipes Unificados_nov Dez 2023.xlsx
Sinais,"Ferrugem,Péricles,Sorriso Maroto",sinais,,SINAIS,T-039.662.232-4,"ferrugem,pericles,sorriso maroto",t-039.662.232-4,Clipes Unificados_nov Dez 2023,Clipes Unificados_nov Dez 2023.xlsx
Sentadão,"Felipe Original,Js,Pedro Sampaio",sentadao,,SENTADÃO,T-303.014.916-3,"felipe original,js,pedro sampaio",t-303.014.916-3,Clipes Unificados_nov Dez 2023,Clipes Unificados_nov Dez 2023.xlsx
Sentadão,"Felipe Original,Js,Pedro Sampaio",sentadao,,SENTADÃO,T-304.715.440-1,"felipe original,js,pedro sampaio",t-304.715.440-1,Clipes Unificados_nov Dez 2023,Clipes Unificados_nov Dez 2023.xlsx
Sentadão,"Felipe Original,Js,Pedro Sampaio",sentadao,,SENTADÃO,T-325.955.974-1,"felipe original,js,pedro sampaio",t-325.955.974-1,Clipes Unificados_nov Dez 2023,Clipes Unificados_nov Dez 2023.xlsx
Sinais,"Ferrugem,Péricles,Sorriso Maroto",sinais,,SINAIS,T-039.662.232-4,"ferrugem,pericles,sorriso maroto",t-039.662.232-4,Clipes Unificados_nov Dez 2023,Clipes Unificados_nov Dez 2023.xlsx
Vida,Rodd,vida,,VIDA,,rodd,nan,Clipes Unificados_nov Dez 2023,Clipes Unificados_nov Dez 2023.xlsx
Sentadão,"Felipe Original,Js,Pedro Sampaio",sentadao,,SENTADÃO,T-303.014.916-3,"felipe original,js,pedro sampaio",t-303.014.916-3,Clipes Unificados_nov Dez 2023,Clipes Unificados_nov Dez 2023.xlsx
Sentadão,"Felipe Original,Js,Pedro Sampaio",sentadao,,SENTADÃO,T-304.715.440-1,"felipe original,js,pedro sampaio",t-304.715.440-1,Clipes Unificados_nov Dez 2023,Clipes Unificados_nov Dez 2023.xlsx
Sentadão,"Felipe Original,Js,Pedro Sampaio",sentadao,,SENTADÃO,T-325.955.974-1,"felipe original,js,pedro sampaio",t-325.955.974-1,Clipes Unificados_nov Dez 2023,Clipes Unificados_nov Dez 2023.xlsx
Pelas Ruas Da Cidade,Paulo César Pinheiro,pelas ruas da cidade,,PELAS RUAS DA CIDADE,T-325.057.705-6,paulo cesar pinheiro,t-325.057.705-6,CanalBrasil unificado Jan fev mar24 dez 2023,CanalBrasil unificado Jan fev mar24 dez 2023.xlsx
Psicose,Bernard Herrmann,psicose,,PSICOSE,T-312.553.380-0,bernard herrmann,t-312.553.380-0,CanalBrasil unificado Jan fev mar24 dez 2023,CanalBrasil unificado Jan fev mar24 dez 2023.xlsx
Segredo,João Nogueira,segredo,,SEGREDO,T-039.611.383-9,joao nogueira,t-039.611.383-9,CanalBrasil unificado Jan fev mar24 dez 2023,CanalBrasil unificado Jan fev mar24 dez 2023.xlsx
Psicose,Bernard Herrmann,psicose,,PSICOSE,T-312.553.380-0,bernard herrmann,t-312.553.380-0,CanalBrasil unificado Jan fev mar24 dez 2023,CanalBrasil unificado Jan fev mar24 dez 2023.xlsx
Psicose,Bernard Herrmann,psicose,,PSICOSE,T-312.553.380-0,bernard herrmann,t-312.553.380-0,CanalBrasil unificado Jan fev mar24 dez 2023,CanalBrasil unificado Jan fev mar24 dez 2023.xlsx
Summertime,Kat Edmonson,summertime,,SUMMERTIME,T-317.793.940-7,kat edmonson,t-317.793.940-7,CanalBrasil unificado Jan fev mar24 dez 2023,CanalBrasil unificado Jan fev mar24 dez 2023.xlsx
Psicose,Bernard Herrmann,psicose,,PSICOSE,T-312.553.380-0,bernard herrmann,t-312.553.380-0,CanalBrasil unificado Jan fev mar24 dez 2023,CanalBrasil unificado Jan fev mar24 dez 2023.xlsx
Pelas Ruas Da Cidade,Paulo César Pinheiro,pelas ruas da cidade,,PELAS RUAS DA CIDADE,T-325.057.705-6,paulo cesar pinheiro,t-325.057.705-6,CanalBrasil unificado Jan fev mar24 dez 2023,CanalBrasil unificado Jan fev mar24 dez 2023.xlsx
Minha Vizinha,Demônios Da Garoa,minha vizinha,,MINHA VIZINHA,,demonios da garoa,nan,CanalBrasil unificado Jan fev mar24 dez 2023,CanalBrasil unificado Jan fev mar24 dez 2023.xlsx
Pegando Fogo,Banda Do Mestre André,pegando fogo,,PEGANDO FOGO,T-305.213.998-3,banda do mestre andre,t-305.213.998-3,CanalBrasil unificado Jan fev mar24 dez 2023,CanalBrasil unificado Jan fev mar24 dez 2023.xlsx
Pegando Fogo,Banda Do Mestre André,pegando fogo,,PEGANDO FOGO,T-305.213.998-3,banda do mestre andre,t-305.213.998-3,CanalBrasil unificado Jan fev mar24 dez 2023,CanalBrasil unificado Jan fev mar24 dez 2023.xlsx
Identidade,Leci Brandão,identidade,,IDENTIDADE,T-039.497.763-9,leci brandao,t-039.497.763-9,CanalBrasil unificado Jan fev mar24 dez 2023,CanalBrasil unificado Jan fev mar24 dez 2023.xlsx
Tem Nada Não,Joyce Cândido,tem nada nao,,TEM NADA NAO,T-040.303.145-7,joyce candido,t-040.303.145-7,CanalBrasil unificado Jan fev mar24 dez 2023,CanalBrasil unificado Jan fev mar24 dez 2023.xlsx
Ai Ai Ai,Jorge Mautner,ai ai ai,,AI AI AI,T-305.267.265-4,jorge mautner,t-305.267.265-4,CanalBrasil unificado Jan fev mar24 dez 2023,CanalBrasil unificado Jan fev mar24 dez 2023.xlsx
Segredo,João Nogueira,segredo,,SEGREDO,T-039.611.383-9,joao nogueira,t-039.611.383-9,CanalBrasil unificado Jan fev mar24 dez 2023,CanalBrasil unificado Jan fev mar24 dez 2023.xlsx
Ai Ai Ai,Jorge Mautner,ai ai ai,,AI AI AI,T-305.267.265-4,jorge mautner,t-305.267.265-4,CanalBrasil unificado Jan fev mar24 dez 2023,CanalBrasil unificado Jan fev mar24 dez 2023.xlsx
Ana,La Fayette,ana,,ANA,,la fayette,nan,CanalBrasil unificado Jan fev mar24 dez 2023,CanalBrasil unificado Jan fev mar24 dez 2023.xlsx
Lua,"Mayara De Andrade,Orlando Morais",lua,,LUA,,"mayara de andrade,orlando morais",nan,CanalBrasil unificado Jan fev mar24 dez 2023,CanalBrasil unificado Jan fev mar24 dez 2023.xlsx
Eu Vou,Paulo Miklos,eu vou,,EU VOU,T-040.469.531-3,paulo miklos,t-040.469.531-3,CanalBrasil unificado Jan fev mar24 dez 2023,CanalBrasil unificado Jan fev mar24 dez 2023.xlsx
Agora,Bebel Gilberto,agora,,AGORA,T-040.285.611-4,bebel gilberto,t-040.285.611-4,CanalBrasil unificado Jan fev mar24 dez 2023,CanalBrasil unificado Jan fev mar24 dez 2023.xlsx
Respeita,Ana Cañas,respeita,,RESPEITA,T-313.263.225-4,ana canas,t-313.263.225-4,CanalBrasil unificado Jan fev mar24 dez 2023,CanalBrasil unificado Jan fev mar24 dez 2023.xlsx
Respeita,Ana Cañas,respeita,,RESPEITA,,ana canas,nan,CanalBrasil unificado Jan fev mar24 dez 2023,CanalBrasil unificado Jan fev mar24 dez 2023.xlsx
Nômade,Adriana Calcanhotto,nomade,,NÔMADE,,adriana calcanhotto,nan,CanalBrasil unificado Jan fev mar24 dez 2023,CanalBrasil unificado Jan fev mar24 dez 2023.xlsx
Eu Vou,Paulo Miklos,eu vou,,EU VOU,T-040.469.531-3,paulo miklos,t-040.469.531-3,CanalBrasil unificado Jan fev mar24 dez 2023,CanalBrasil unificado Jan fev mar24 dez 2023.xlsx
Agora,Bebel Gilberto,agora,,AGORA,T-040.285.611-4,bebel gilberto,t-040.285.611-4,CanalBrasil unificado Jan fev mar24 dez 2023,CanalBrasil unificado Jan fev mar24 dez 2023.xlsx
Respeita,Ana Cañas,respeita,,RESPEITA,T-313.263.225-4,ana canas,t-313.263.225-4,CanalBrasil unificado Jan fev mar24 dez 2023,CanalBrasil unificado Jan fev mar24 dez 2023.xlsx
Respeita,Ana Cañas,respeita,,RESPEITA,,ana canas,nan,CanalBrasil unificado Jan fev mar24 dez 2023,CanalBrasil unificado Jan fev mar24 dez 2023.xlsx
Ana,La Fayette,ana,,ANA,,la fayette,nan,CanalBrasil unificado Jan fev mar24 dez 2023,CanalBrasil unificado Jan fev mar24 dez 2023.xlsx
Nômade,Adriana Calcanhotto,nomade,,NÔMADE,,adriana calcanhotto,nan,CanalBrasil unificado Jan fev mar24 dez 2023,CanalBrasil unificado Jan fev mar24 dez 2023.xlsx
Ana,La Fayette,ana,,ANA,,la fayette,nan,CanalBrasil unificado Jan fev mar24 dez 2023,CanalBrasil unificado Jan fev mar24 dez 2023.xlsx
PESCADOR,ARMANDINHO,pescador,,PESCADOR,T-040.147.696-7,armandinho,t-040.147.696-7,Globo MusicCueSheet meses 08 10 11 de 2023 e 01 de 2024,Globo MusicCueSheet meses 08 10 11 de 2023 e 01 de 2024.xlsx
BEIJINHO NO OMBRO,VALESCA POPOZUDA,beijinho no ombro,,BEIJINHO NO OMBRO,T-311.569.064-3,valesca popozuda,t-311.569.064-3,Globo MusicCueSheet meses 08 10 11 de 2023 e 01 de 2024,Globo MusicCueSheet meses 08 10 11 de 2023 e 01 de 2024.xlsx
DOMINGO,SÓ PRA CONTRARIAR,domingo,,DOMINGO,T-307.003.485-0,so pra contrariar,t-307.003.485-0,Globo MusicCueSheet meses 08 10 11 de 2023 e 01 de 2024,Globo MusicCueSheet meses 08 10 11 de 2023 e 01 de 2024.xlsx
DOMINGO,SÓ PRA CONTRARIAR,domingo,,DOMINGO,T-301.991.455-3,so pra contrariar,t-301.991.455-3,Globo MusicCueSheet meses 08 10 11 de 2023 e 01 de 2024,Globo MusicCueSheet meses 08 10 11 de 2023 e 01 de 2024.xlsx
MORENA,"JOAO TERRA,FABINHO K,ALLEX REIS",morena,,MORENA,,"joao terra,fabinho k,allex reis",nan,Globo MusicCueSheet meses 08 10 11 de 2023 e 01 de 2024,Globo MusicCueSheet meses 08 10 11 de 2023 e 01 de 2024.xlsx
MORENA,"JOAO TERRA,FABINHO K,ALLEX REIS",morena,,MORENA,T-312.550.698-7,"joao terra,fabinho k,allex reis",t-312.550.698-7,Globo MusicCueSheet meses 08 10 11 de 2023 e 01 de 2024,Globo MusicCueSheet meses 08 10 11 de 2023 e 01 de 2024.xlsx
ME PERDOA,ALLEX REIS,me perdoa,,ME PERDOA,,allex reis,nan,Globo MusicCueSheet meses 08 10 11 de 2023 e 01 de 2024,Globo MusicCueSheet meses 08 10 11 de 2023 e 01 de 2024.xlsx
FLY AWAY,YOHAN KISSER,fly away,,FLY AWAY,T-040.081.805-4,yohan kisser,t-040.081.805-4,Globo MusicCueSheet meses 08 10 11 de 2023 e 01 de 2024,Globo MusicCueSheet meses 08 10 11 de 2023 e 01 de 2024.xlsx
FLY AWAY,YOHAN KISSER,fly away,,FLY AWAY,T-312.560.962-9,yohan kisser,t-312.560.962-9,Globo MusicCueSheet meses 08 10 11 de 2023 e 01 de 2024,Globo MusicCueSheet meses 08 10 11 de 2023 e 01 de 2024.xlsx
SAUDADE,ANONIMOS,saudade,,SAUDADE,T-306.509.964-7,anonimos,t-306.509.964-7,Globo MusicCueSheet meses 08 10 11 de 2023 e 01 de 2024,Globo MusicCueSheet meses 08 10 11 de 2023 e 01 de 2024.xlsx
SAUDADE,ANONIMOS,saudade,,SAUDADE,T-039.751.632-3,anonimos,t-039.751.632-3,Globo MusicCueSheet meses 08 10 11 de 2023 e 01 de 2024,Globo MusicCueSheet meses 08 10 11 de 2023 e 01 de 2024.xlsx
SAUDADE,ANONIMOS,saudade,,SAUDADE,,anonimos,nan,Globo MusicCueSheet meses 08 10 11 de 2023 e 01 de 2024,Globo MusicCueSheet meses 08 10 11 de 2023 e 01 de 2024.xlsx
SAUDADE,ANONIMOS,saudade,,SAUDADE,T-305.264.938-0,anonimos,t-305.264.938-0,Globo MusicCueSheet meses 08 10 11 de 2023 e 01 de 2024,Globo MusicCueSheet meses 08 10 11 de 2023 e 01 de 2024.xlsx
WITH OR WITHOUT YOU,U2,with or without you,,WITH OR WITHOUT YOU,T-320.126.166-3,u2,t-320.126.166-3,Globo MusicCueSheet meses 08 10 11 de 2023 e 01 de 2024,Globo MusicCueSheet meses 08 10 11 de 2023 e 01 de 2024.xlsx
FETICHE,MARIANA MAZU.,fetiche,,FETICHE,T-316.009.896-0,mariana mazu.,t-316.009.896-0,Globo MusicCueSheet meses 08 10 11 de 2023 e 01 de 2024,Globo MusicCueSheet meses 08 10 11 de 2023 e 01 de 2024.xlsx
RECOMECAR,RESTART,recomecar,,RECOMECAR,T-039.311.437-8,restart,t-039.311.437-8,Globo MusicCueSheet meses 08 10 11 de 2023 e 01 de 2024,Globo MusicCueSheet meses 08 10 11 de 2023 e 01 de 2024.xlsx
RECOMECAR,RESTART,recomecar,,RECOMEÇAR,T-308.840.890-2,restart,t-308.840.890-2,Globo MusicCueSheet meses 08 10 11 de 2023 e 01 de 2024,Globo MusicCueSheet meses 08 10 11 de 2023 e 01 de 2024.xlsx
RECOMECAR,RESTART,recomecar,,RECOMEÇAR,T-316.010.042-1,restart,t-316.010.042-1,Globo MusicCueSheet meses 08 10 11 de 2023 e 01 de 2024,Globo MusicCueSheet meses 08 10 11 de 2023 e 01 de 2024.xlsx
RECOMECAR,RESTART,recomecar,,RECOMEÇAR,,restart,nan,Globo MusicCueSheet meses 08 10 11 de 2023 e 01 de 2024,Globo MusicCueSheet meses 08 10 11 de 2023 e 01 de 2024.xlsx
RECOMECAR,RESTART,recomecar,,RECOMECAR,T-039.311.437-8,restart,t-039.311.437-8,Globo MusicCueSheet meses 08 10 11 de 2023 e 01 de 2024,Globo MusicCueSheet meses 08 10 11 de 2023 e 01 de 2024.xlsx
RECOMECAR,RESTART,recomecar,,RECOMEÇAR,T-308.840.890-2,restart,t-308.840.890-2,Globo MusicCueSheet meses 08 10 11 de 2023 e 01 de 2024,Globo MusicCueSheet meses 08 10 11 de 2023 e 01 de 2024.xlsx
RECOMECAR,RESTART,recomecar,,RECOMEÇAR,T-316.010.042-1,restart,t-316.010.042-1,Globo MusicCueSheet meses 08 10 11 de 2023 e 01 de 2024,Globo MusicCueSheet meses 08 10 11 de 2023 e 01 de 2024.xlsx
RECOMECAR,RESTART,recomecar,,RECOMEÇAR,,restart,nan,Globo MusicCueSheet meses 08 10 11 de 2023 e 01 de 2024,Globo MusicCueSheet meses 08 10 11 de 2023 e 01 de 2024.xlsx
PRAIA,MURILO HUFF,praia,,PRAIA,,murilo huff,nan,Globo MusicCueSheet meses 08 10 11 de 2023 e 01 de 2024,Globo MusicCueSheet meses 08 10 11 de 2023 e 01 de 2024.xlsx
ALVORADA,"IVONE LARA,ALCIONE,HELTON MEDEIROS,CARTOLA",alvorada,,ALVORADA,T-040.011.846-8,"ivone lara,alcione,helton medeiros,cartola",t-040.011.846-8,Globo MusicCueSheet meses 08 10 11 de 2023 e 01 de 2024,Globo MusicCueSheet meses 08 10 11 de 2023 e 01 de 2024.xlsx
ALVORADA,"IVONE LARA,ALCIONE,HELTON MEDEIROS,CARTOLA",alvorada,,ALVORADA,,"ivone lara,alcione,helton medeiros,cartola",nan,Globo MusicCueSheet meses 08 10 11 de 2023 e 01 de 2024,Globo MusicCueSheet meses 08 10 11 de 2023 e 01 de 2024.xlsx
PACIENCIA,"ALCIONE,FERRUGEM",paciencia,,PACIENCIA,T-039.497.721-9,"alcione,ferrugem",t-039.497.721-9,Globo MusicCueSheet meses 08 10 11 de 2023 e 01 de 2024,Globo MusicCueSheet meses 08 10 11 de 2023 e 01 de 2024.xlsx
PACIENCIA,"ALCIONE,FERRUGEM",paciencia,,PACIÊNCIA,T-040.522.253-8,"alcione,ferrugem",t-040.522.253-8,Globo MusicCueSheet meses 08 10 11 de 2023 e 01 de 2024,Globo MusicCueSheet meses 08 10 11 de 2023 e 01 de 2024.xlsx
VINGANCA,LINDA BATISTA,vinganca,,VINGANÇA,T-040.226.902-6,linda batista,t-040.226.902-6,Globo MusicCueSheet meses 08 10 11 de 2023 e 01 de 2024,Globo MusicCueSheet meses 08 10 11 de 2023 e 01 de 2024.xlsx
AURORA,MARTIN GARRIX,aurora,,AURORA,,martin garrix,nan,Globo MusicCueSheet meses 08 10 11 de 2023 e 01 de 2024,Globo MusicCueSheet meses 08 10 11 de 2023 e 01 de 2024.xlsx
VAMOS ACORDAR,GRANDES PEQUENINOS,vamos acordar,,VAMOS ACORDAR,T-040.011.845-7,grandes pequeninos,t-040.011.845-7,Globo MusicCueSheet meses 08 10 11 de 2023 e 01 de 2024,Globo MusicCueSheet meses 08 10 11 de 2023 e 01 de 2024.xlsx
FORA DOS STORIES,MARI FERNANDEZ,fora dos stories,,FORA DOS STORIES,T-335.482.972-0,mari fernandez,t-335.482.972-0,Globo MusicCueSheet meses 08 10 11 de 2023 e 01 de 2024,Globo MusicCueSheet meses 08 10 11 de 2023 e 01 de 2024.xlsx
DESAFIO,HARMONIA,desafio,,DESAFIO,T-040.453.293-9,harmonia,t-040.453.293-9,Globo MusicCueSheet meses 08 10 11 de 2023 e 01 de 2024,Globo MusicCueSheet meses 08 10 11 de 2023 e 01 de 2024.xlsx
DESAFIO,HARMONIA,desafio,,DESAFIO,T-312.554.786-2,harmonia,t-312.554.786-2,Globo MusicCueSheet meses 08 10 11 de 2023 e 01 de 2024,Globo MusicCueSheet meses 08 10 11 de 2023 e 01 de 2024.xlsx
SOCADONA,LUDMILLA,socadona,,SOCADONA,T-305.217.548-7,ludmilla,t-305.217.548-7,Globo MusicCueSheet meses 08 10 11 de 2023 e 01 de 2024,Globo MusicCueSheet meses 08 10 11 de 2023 e 01 de 2024.xlsx
SOCADONA,LUDMILLA,socadona,,SOCADONA,,ludmilla,nan,Globo MusicCueSheet meses 08 10 11 de 2023 e 01 de 2024,Globo MusicCueSheet meses 08 10 11 de 2023 e 01 de 2024.xlsx
BEIJINHO NO OMBRO,VALESCA POPOZUDA,beijinho no ombro,,BEIJINHO NO OMBRO,T-311.569.064-3,valesca popozuda,t-311.569.064-3,Globo MusicCueSheet meses 08 10 11 de 2023 e 01 de 2024,Globo MusicCueSheet meses 08 10 11 de 2023 e 01 de 2024.xlsx
LABIRINTO,VITOR E CADU,labirinto,,LABIRINTO,T-040.511.907-4,vitor e cadu,t-040.511.907-4,Globo MusicCueSheet meses 08 10 11 de 2023 e 01 de 2024,Globo MusicCueSheet meses 08 10 11 de 2023 e 01 de 2024.xlsx
LABIRINTO,VITOR E CADU,labirinto,,LABIRINTO,T-040.511.907-4,vitor e cadu,t-040.511.907-4,Globo MusicCueSheet meses 08 10 11 de 2023 e 01 de 2024,Globo MusicCueSheet meses 08 10 11 de 2023 e 01 de 2024.xlsx
CRIMINAL,BRITNEY SPEARS,criminal,,CRIMINAL,T-932.737.486-7,britney spears,t-932.737.486-7,Globo MusicCueSheet meses 08 10 11 de 2023 e 01 de 2024,Globo MusicCueSheet meses 08 10 11 de 2023 e 01 de 2024.xlsx
BAILE DE FAVELA,MC JOAO,baile de favela,,BAILE DE FAVELA,T-303.383.693-6,mc joao,t-303.383.693-6,Globo MusicCueSheet meses 08 10 11 de 2023 e 01 de 2024,Globo MusicCueSheet meses 08 10 11 de 2023 e 01 de 2024.xlsx
MALANDRAMENTE,ELENCO VAI QUE COLA,malandramente,,MALANDRAMENTE,T-308.115.009-2,elenco vai que cola,t-308.115.009-2,Globo MusicCueSheet meses 08 10 11 de 2023 e 01 de 2024,Globo MusicCueSheet meses 08 10 11 de 2023 e 01 de 2024.xlsx
MEU BEM,WANDERLEA,meu bem,,MEU BEM,,wanderlea,nan,Globo MusicCueSheet meses 08 10 11 de 2023 e 01 de 2024,Globo MusicCueSheet meses 08 10 11 de 2023 e 01 de 2024.xlsx
CRIMINAL,BRITNEY SPEARS,criminal,,CRIMINAL,T-932.737.486-7,britney spears,t-932.737.486-7,Globo MusicCueSheet meses 08 10 11 de 2023 e 01 de 2024,Globo MusicCueSheet meses 08 10 11 de 2023 e 01 de 2024.xlsx
OPINIAO,SAMANTHA SCHMUTZ,opiniao,,OPINIÃO,,samantha schmutz,nan,Globo MusicCueSheet meses 08 10 11 de 2023 e 01 de 2024,Globo MusicCueSheet meses 08 10 11 de 2023 e 01 de 2024.xlsx
SAMURAI,MARCOS OOURUN,samurai,,SAMURAI,T-300.960.761-4,marcos oourun,t-300.960.761-4,Globo MusicCueSheet meses 08 10 11 de 2023 e 01 de 2024,Globo MusicCueSheet meses 08 10 11 de 2023 e 01 de 2024.xlsx
DESERTO,PADRE MARCELO ROSSI,deserto,,DESERTO,T-039.611.378-2,padre marcelo rossi,t-039.611.378-2,Globo MusicCueSheet meses 08 10 11 de 2023 e 01 de 2024,Globo MusicCueSheet meses 08 10 11 de 2023 e 01 de 2024.xlsx
FULERAGEM,MC WM,fuleragem,,FULERAGEM,T-305.214.250-0,mc wm,t-305.214.250-0,Globo MusicCueSheet meses 08 10 11 de 2023 e 01 de 2024,Globo MusicCueSheet meses 08 10 11 de 2023 e 01 de 2024.xlsx
TO COM SAUDADE,RODRIGUINHO,to com saudade,,TÔ COM SAUDADE,T-322.694.566-6,rodriguinho,t-322.694.566-6,Globo MusicCueSheet meses 08 10 11 de 2023 e 01 de 2024,Globo MusicCueSheet meses 08 10 11 de 2023 e 01 de 2024.xlsx
SAMURAI,DJAVAN,samurai,,SAMURAI,T-300.960.761-4,djavan,t-300.960.761-4,Globo MusicCueSheet meses 08 10 11 de 2023 e 01 de 2024,Globo MusicCueSheet meses 08 10 11 de 2023 e 01 de 2024.xlsx
SE,DJAVAN,se,,SE,T-306.925.949-6,djavan,t-306.925.949-6,Globo MusicCueSheet meses 08 10 11 de 2023 e 01 de 2024,Globo MusicCueSheet meses 08 10 11 de 2023 e 01 de 2024.xlsx
SALVE,TASHA E TRACIE,salve,,SALVE,T-040.396.795-2,tasha e tracie,t-040.396.795-2,Globo MusicCueSheet meses 08 10 11 de 2023 e 01 de 2024,Globo MusicCueSheet meses 08 10 11 de 2023 e 01 de 2024.xlsx
SALVE,TASHA E TRACIE,salve,,SALVE,,tasha e tracie,nan,Globo MusicCueSheet meses 08 10 11 de 2023 e 01 de 2024,Globo MusicCueSheet meses 08 10 11 de 2023 e 01 de 2024.xlsx
SALVE,TASHA E TRACIE,salve,,SALVE,T-316.303.285-3,tasha e tracie,t-316.303.285-3,Globo MusicCueSheet meses 08 10 11 de 2023 e 01 de 2024,Globo MusicCueSheet meses 08 10 11 de 2023 e 01 de 2024.xlsx
MAE,CHICO CHICO,mae,,MÃE,T-306.800.395-8,chico chico,t-306.800.395-8,Globo MusicCueSheet meses 08 10 11 de 2023 e 01 de 2024,Globo MusicCueSheet meses 08 10 11 de 2023 e 01 de 2024.xlsx
MAE,CHICO CHICO,mae,,MÃE,,chico chico,nan,Globo MusicCueSheet meses 08 10 11 de 2023 e 01 de 2024,Globo MusicCueSheet meses 08 10 11 de 2023 e 01 de 2024.xlsx
MINHA EX,MC BIN LADEN,minha ex,,MINHA EX,T-305.263.193-9,mc bin laden,t-305.263.193-9,Globo MusicCueSheet meses 08 10 11 de 2023 e 01 de 2024,Globo MusicCueSheet meses 08 10 11 de 2023 e 01 de 2024.xlsx
PODEROSA,THIAGUINHO,poderosa,,PODEROSA,T-304.309.033-7,thiaguinho,t-304.309.033-7,Globo MusicCueSheet meses 08 10 11 de 2023 e 01 de 2024,Globo MusicCueSheet meses 08 10 11 de 2023 e 01 de 2024.xlsx
PODEROSA,THIAGUINHO,poderosa,,PODEROSA,T-304.309.033-7,thiaguinho,t-304.309.033-7,Globo MusicCueSheet meses 08 10 11 de 2023 e 01 de 2024,Globo MusicCueSheet meses 08 10 11 de 2023 e 01 de 2024.xlsx
PODEROSA,THIAGUINHO,poderosa,,PODEROSA,T-304.309.033-7,thiaguinho,t-304.309.033-7,Globo MusicCueSheet meses 08 10 11 de 2023 e 01 de 2024,Globo MusicCueSheet meses 08 10 11 de 2023 e 01 de 2024.xlsx
VOCE DE VOLTA,"LYANE MELLO,VICTOR GREGORIO E MARCO AURELIO",voce de volta,,VOCÊ DE VOLTA,T-306.926.961-6,"lyane mello,victor gregorio e marco aurelio",t-306.926.961-6,Globo MusicCueSheet meses 08 10 11 de 2023 e 01 de 2024,Globo MusicCueSheet meses 08 10 11 de 2023 e 01 de 2024.xlsx
DESERTO,PADRE MARCELO ROSSI,deserto,,DESERTO,T-039.611.378-2,padre marcelo rossi,t-039.611.378-2,Globo MusicCueSheet meses 08 10 11 de 2023 e 01 de 2024,Globo MusicCueSheet meses 08 10 11 de 2023 e 01 de 2024.xlsx
DESERTO,PADRE MARCELO ROSSI,deserto,,DESERTO,T-039.611.378-2,padre marcelo rossi,t-039.611.378-2,Globo MusicCueSheet meses 08 10 11 de 2023 e 01 de 2024,Globo MusicCueSheet meses 08 10 11 de 2023 e 01 de 2024.xlsx
BAILE DE FAVELA,MC JOAO,baile de favela,,BAILE DE FAVELA,T-303.383.693-6,mc joao,t-303.383.693-6,Globo MusicCueSheet meses 08 10 11 de 2023 e 01 de 2024,Globo MusicCueSheet meses 08 10 11 de 2023 e 01 de 2024.xlsx
AMANHA,ELENCO,amanha,,AMANHÃ,T-307.004.953-1,elenco,t-307.004.953-1,Globo MusicCueSheet meses 08 10 11 de 2023 e 01 de 2024,Globo MusicCueSheet meses 08 10 11 de 2023 e 01 de 2024.xlsx
FELICIDADE,ELENCO,felicidade,,FELICIDADE,,elenco,nan,Globo MusicCueSheet meses 08 10 11 de 2023 e 01 de 2024,Globo MusicCueSheet meses 08 10 11 de 2023 e 01 de 2024.xlsx
FELICIDADE,ELENCO,felicidade,,FELICIDADE,,elenco,nan,Globo MusicCueSheet meses 08 10 11 de 2023 e 01 de 2024,Globo MusicCueSheet meses 08 10 11 de 2023 e 01 de 2024.xlsx
PRELUDIO,ELENCO,preludio,,PRELÚDIO,,elenco,nan,Globo MusicCueSheet meses 08 10 11 de 2023 e 01 de 2024,Globo MusicCueSheet meses 08 10 11 de 2023 e 01 de 2024.xlsx
PESCADOR,ARMANDINHO,pescador,,PESCADOR,T-040.147.696-7,armandinho,t-040.147.696-7,Globo MusicCueSheet meses 08 10 11 de 2023 e 01 de 2024,Globo MusicCueSheet meses 08 10 11 de 2023 e 01 de 2024.xlsx
BEIJINHO NO OMBRO,VALESCA POPOZUDA,beijinho no ombro,,BEIJINHO NO OMBRO,T-311.569.064-3,valesca popozuda,t-311.569.064-3,Globo MusicCueSheet meses 08 10 11 de 2023 e 01 de 2024,Globo MusicCueSheet meses 08 10 11 de 2023 e 01 de 2024.xlsx
DOMINGO,SÓ PRA CONTRARIAR,domingo,,DOMINGO,T-307.003.485-0,so pra contrariar,t-307.003.485-0,Globo MusicCueSheet meses 08 10 11 de 2023 e 01 de 2024,Globo MusicCueSheet meses 08 10 11 de 2023 e 01 de 2024.xlsx
DOMINGO,SÓ PRA CONTRARIAR,domingo,,DOMINGO,T-301.991.455-3,so pra contrariar,t-301.991.455-3,Globo MusicCueSheet meses 08 10 11 de 2023 e 01 de 2024,Globo MusicCueSheet meses 08 10 11 de 2023 e 01 de 2024.xlsx
MORENA,"JOAO TERRA,FABINHO K,ALLEX REIS",morena,,MORENA,,"joao terra,fabinho k,allex reis",nan,Globo MusicCueSheet meses 08 10 11 de 2023 e 01 de 2024,Globo MusicCueSheet meses 08 10 11 de 2023 e 01 de 2024.xlsx
MORENA,"JOAO TERRA,FABINHO K,ALLEX REIS",morena,,MORENA,T-312.550.698-7,"joao terra,fabinho k,allex reis",t-312.550.698-7,Globo MusicCueSheet meses 08 10 11 de 2023 e 01 de 2024,Globo MusicCueSheet meses 08 10 11 de 2023 e 01 de 2024.xlsx
ME PERDOA,ALLEX REIS,me perdoa,,ME PERDOA,,allex reis,nan,Globo MusicCueSheet meses 08 10 11 de 2023 e 01 de 2024,Globo MusicCueSheet meses 08 10 11 de 2023 e 01 de 2024.xlsx
FLY AWAY,YOHAN KISSER,fly away,,FLY AWAY,T-040.081.805-4,yohan kisser,t-040.081.805-4,Globo MusicCueSheet meses 08 10 11 de 2023 e 01 de 2024,Globo MusicCueSheet meses 08 10 11 de 2023 e 01 de 2024.xlsx
FLY AWAY,YOHAN KISSER,fly away,,FLY AWAY,T-312.560.962-9,yohan kisser,t-312.560.962-9,Globo MusicCueSheet meses 08 10 11 de 2023 e 01 de 2024,Globo MusicCueSheet meses 08 10 11 de 2023 e 01 de 2024.xlsx
SAUDADE,ANONIMOS,saudade,,SAUDADE,T-306.509.964-7,anonimos,t-306.509.964-7,Globo MusicCueSheet meses 08 10 11 de 2023 e 01 de 2024,Globo MusicCueSheet meses 08 10 11 de 2023 e 01 de 2024.xlsx
SAUDADE,ANONIMOS,saudade,,SAUDADE,T-039.751.632-3,anonimos,t-039.751.632-3,Globo MusicCueSheet meses 08 10 11 de 2023 e 01 de 2024,Globo MusicCueSheet meses 08 10 11 de 2023 e 01 de 2024.xlsx
SAUDADE,ANONIMOS,saudade,,SAUDADE,,anonimos,nan,Globo MusicCueSheet meses 08 10 11 de 2023 e 01 de 2024,Globo MusicCueSheet meses 08 10 11 de 2023 e 01 de 2024.xlsx
SAUDADE,ANONIMOS,saudade,,SAUDADE,T-305.264.938-0,anonimos,t-305.264.938-0,Globo MusicCueSheet meses 08 10 11 de 2023 e 01 de 2024,Globo MusicCueSheet meses 08 10 11 de 2023 e 01 de 2024.xlsx
WITH OR WITHOUT YOU,U2,with or without you,,WITH OR WITHOUT YOU,T-320.126.166-3,u2,t-320.126.166-3,Globo MusicCueSheet meses 08 10 11 de 2023 e 01 de 2024,Globo MusicCueSheet meses 08 10 11 de 2023 e 01 de 2024.xlsx
FETICHE,MARIANA MAZU.,fetiche,,FETICHE,T-316.009.896-0,mariana mazu.,t-316.009.896-0,Globo MusicCueSheet meses 08 10 11 de 2023 e 01 de 2024,Globo MusicCueSheet meses 08 10 11 de 2023 e 01 de 2024.xlsx
RECOMECAR,RESTART,recomecar,,RECOMECAR,T-039.311.437-8,restart,t-039.311.437-8,Globo MusicCueSheet meses 08 10 11 de 2023 e 01 de 2024,Globo MusicCueSheet meses 08 10 11 de 2023 e 01 de 2024.xlsx
RECOMECAR,RESTART,recomecar,,RECOMEÇAR,T-308.840.890-2,restart,t-308.840.890-2,Globo MusicCueSheet meses 08 10 11 de 2023 e 01 de 2024,Globo MusicCueSheet meses 08 10 11 de 2023 e 01 de 2024.xlsx
RECOMECAR,RESTART,recomecar,,RECOMEÇAR,T-316.010.042-1,restart,t-316.010.042-1,Globo MusicCueSheet meses 08 10 11 de 2023 e 01 de 2024,Globo MusicCueSheet meses 08 10 11 de 2023 e 01 de 2024.xlsx
RECOMECAR,RESTART,recomecar,,RECOMEÇAR,,restart,nan,Globo MusicCueSheet meses 08 10 11 de 2023 e 01 de 2024,Globo MusicCueSheet meses 08 10 11 de 2023 e 01 de 2024.xlsx
RECOMECAR,RESTART,recomecar,,RECOMECAR,T-039.311.437-8,restart,t-039.311.437-8,Globo MusicCueSheet meses 08 10 11 de 2023 e 01 de 2024,Globo MusicCueSheet meses 08 10 11 de 2023 e 01 de 2024.xlsx
RECOMECAR,RESTART,recomecar,,RECOMEÇAR,T-308.840.890-2,restart,t-308.840.890-2,Globo MusicCueSheet meses 08 10 11 de 2023 e 01 de 2024,Globo MusicCueSheet meses 08 10 11 de 2023 e 01 de 2024.xlsx
RECOMECAR,RESTART,recomecar,,RECOMEÇAR,T-316.010.042-1,restart,t-316.010.042-1,Globo MusicCueSheet meses 08 10 11 de 2023 e 01 de 2024,Globo MusicCueSheet meses 08 10 11 de 2023 e 01 de 2024.xlsx
RECOMECAR,RESTART,recomecar,,RECOMEÇAR,,restart,nan,Globo MusicCueSheet meses 08 10 11 de 2023 e 01 de 2024,Globo MusicCueSheet meses 08 10 11 de 2023 e 01 de 2024.xlsx
PRAIA,MURILO HUFF,praia,,PRAIA,,murilo huff,nan,Globo MusicCueSheet meses 08 10 11 de 2023 e 01 de 2024,Globo MusicCueSheet meses 08 10 11 de 2023 e 01 de 2024.xlsx
ALVORADA,"IVONE LARA,ALCIONE,HELTON MEDEIROS,CARTOLA",alvorada,,ALVORADA,T-040.011.846-8,"ivone lara,alcione,helton medeiros,cartola",t-040.011.846-8,Globo MusicCueSheet meses 08 10 11 de 2023 e 01 de 2024,Globo MusicCueSheet meses 08 10 11 de 2023 e 01 de 2024.xlsx
ALVORADA,"IVONE LARA,ALCIONE,HELTON MEDEIROS,CARTOLA",alvorada,,ALVORADA,,"ivone lara,alcione,helton medeiros,cartola",nan,Globo MusicCueSheet meses 08 10 11 de 2023 e 01 de 2024,Globo MusicCueSheet meses 08 10 11 de 2023 e 01 de 2024.xlsx
PACIENCIA,"ALCIONE,FERRUGEM",paciencia,,PACIENCIA,T-039.497.721-9,"alcione,ferrugem",t-039.497.721-9,Globo MusicCueSheet meses 08 10 11 de 2023 e 01 de 2024,Globo MusicCueSheet meses 08 10 11 de 2023 e 01 de 2024.xlsx
PACIENCIA,"ALCIONE,FERRUGEM",paciencia,,PACIÊNCIA,T-040.522.253-8,"alcione,ferrugem",t-040.522.253-8,Globo MusicCueSheet meses 08 10 11 de 2023 e 01 de 2024,Globo MusicCueSheet meses 08 10 11 de 2023 e 01 de 2024.xlsx
VINGANCA,LINDA BATISTA,vinganca,,VINGANÇA,T-040.226.902-6,linda batista,t-040.226.902-6,Globo MusicCueSheet meses 08 10 11 de 2023 e 01 de 2024,Globo MusicCueSheet meses 08 10 11 de 2023 e 01 de 2024.xlsx
AURORA,MARTIN GARRIX,aurora,,AURORA,,martin garrix,nan,Globo MusicCueSheet meses 08 10 11 de 2023 e 01 de 2024,Globo MusicCueSheet meses 08 10 11 de 2023 e 01 de 2024.xlsx
VAMOS ACORDAR,GRANDES PEQUENINOS,vamos acordar,,VAMOS ACORDAR,T-040.011.845-7,grandes pequeninos,t-040.011.845-7,Globo MusicCueSheet meses 08 10 11 de 2023 e 01 de 2024,Globo MusicCueSheet meses 08 10 11 de 2023 e 01 de 2024.xlsx
FORA DOS STORIES,MARI FERNANDEZ,fora dos stories,,FORA DOS STORIES,T-335.482.972-0,mari fernandez,t-335.482.972-0,Globo MusicCueSheet meses 08 10 11 de 2023 e 01 de 2024,Globo MusicCueSheet meses 08 10 11 de 2023 e 01 de 2024.xlsx
DESAFIO,HARMONIA,desafio,,DESAFIO,T-040.453.293-9,harmonia,t-040.453.293-9,Globo MusicCueSheet meses 08 10 11 de 2023 e 01 de 2024,Globo MusicCueSheet meses 08 10 11 de 2023 e 01 de 2024.xlsx
DESAFIO,HARMONIA,desafio,,DESAFIO,T-312.554.786-2,harmonia,t-312.554.786-2,Globo MusicCueSheet meses 08 10 11 de 2023 e 01 de 2024,Globo MusicCueSheet meses 08 10 11 de 2023 e 01 de 2024.xlsx
SOCADONA,LUDMILLA,socadona,,SOCADONA,T-305.217.548-7,ludmilla,t-305.217.548-7,Globo MusicCueSheet meses 08 10 11 de 2023 e 01 de 2024,Globo MusicCueSheet meses 08 10 11 de 2023 e 01 de 2024.xlsx
SOCADONA,LUDMILLA,socadona,,SOCADONA,,ludmilla,nan,Globo MusicCueSheet meses 08 10 11 de 2023 e 01 de 2024,Globo MusicCueSheet meses 08 10 11 de 2023 e 01 de 2024.xlsx
BEIJINHO NO OMBRO,VALESCA POPOZUDA,beijinho no ombro,,BEIJINHO NO OMBRO,T-311.569.064-3,valesca popozuda,t-311.569.064-3,Globo MusicCueSheet meses 08 10 11 de 2023 e 01 de 2024,Globo MusicCueSheet meses 08 10 11 de 2023 e 01 de 2024.xlsx
LABIRINTO,VITOR E CADU,labirinto,,LABIRINTO,T-040.511.907-4,vitor e cadu,t-040.511.907-4,Globo MusicCueSheet meses 08 10 11 de 2023 e 01 de 2024,Globo MusicCueSheet meses 08 10 11 de 2023 e 01 de 2024.xlsx
LABIRINTO,VITOR E CADU,labirinto,,LABIRINTO,T-040.511.907-4,vitor e cadu,t-040.511.907-4,Globo MusicCueSheet meses 08 10 11 de 2023 e 01 de 2024,Globo MusicCueSheet meses 08 10 11 de 2023 e 01 de 2024.xlsx
CRIMINAL,BRITNEY SPEARS,criminal,,CRIMINAL,T-932.737.486-7,britney spears,t-932.737.486-7,Globo MusicCueSheet meses 08 10 11 de 2023 e 01 de 2024,Globo MusicCueSheet meses 08 10 11 de 2023 e 01 de 2024.xlsx
BAILE DE FAVELA,MC JOAO,baile de favela,,BAILE DE FAVELA,T-303.383.693-6,mc joao,t-303.383.693-6,Globo MusicCueSheet meses 08 10 11 de 2023 e 01 de 2024,Globo MusicCueSheet meses 08 10 11 de 2023 e 01 de 2024.xlsx
MALANDRAMENTE,ELENCO VAI QUE COLA,malandramente,,MALANDRAMENTE,T-308.115.009-2,elenco vai que cola,t-308.115.009-2,Globo MusicCueSheet meses 08 10 11 de 2023 e 01 de 2024,Globo MusicCueSheet meses 08 10 11 de 2023 e 01 de 2024.xlsx
MEU BEM,WANDERLEA,meu bem,,MEU BEM,,wanderlea,nan,Globo MusicCueSheet meses 08 10 11 de 2023 e 01 de 2024,Globo MusicCueSheet meses 08 10 11 de 2023 e 01 de 2024.xlsx
CRIMINAL,BRITNEY SPEARS,criminal,,CRIMINAL,T-932.737.486-7,britney spears,t-932.737.486-7,Globo MusicCueSheet meses 08 10 11 de 2023 e 01 de 2024,Globo MusicCueSheet meses 08 10 11 de 2023 e 01 de 2024.xlsx
OPINIAO,SAMANTHA SCHMUTZ,opiniao,,OPINIÃO,,samantha schmutz,nan,Globo MusicCueSheet meses 08 10 11 de 2023 e 01 de 2024,Globo MusicCueSheet meses 08 10 11 de 2023 e 01 de 2024.xlsx
SAMURAI,MARCOS OOURUN,samurai,,SAMURAI,T-300.960.761-4,marcos oourun,t-300.960.761-4,Globo MusicCueSheet meses 08 10 11 de 2023 e 01 de 2024,Globo MusicCueSheet meses 08 10 11 de 2023 e 01 de 2024.xlsx
DESERTO,PADRE MARCELO ROSSI,deserto,,DESERTO,T-039.611.378-2,padre marcelo rossi,t-039.611.378-2,Globo MusicCueSheet meses 08 10 11 de 2023 e 01 de 2024,Globo MusicCueSheet meses 08 10 11 de 2023 e 01 de 2024.xlsx
FULERAGEM,MC WM,fuleragem,,FULERAGEM,T-305.214.250-0,mc wm,t-305.214.250-0,Globo MusicCueSheet meses 08 10 11 de 2023 e 01 de 2024,Globo MusicCueSheet meses 08 10 11 de 2023 e 01 de 2024.xlsx
TO COM SAUDADE,RODRIGUINHO,to com saudade,,TÔ COM SAUDADE,T-322.694.566-6,rodriguinho,t-322.694.566-6,Globo MusicCueSheet meses 08 10 11 de 2023 e 01 de 2024,Globo MusicCueSheet meses 08 10 11 de 2023 e 01 de 2024.xlsx
SAMURAI,DJAVAN,samurai,,SAMURAI,T-300.960.761-4,djavan,t-300.960.761-4,Globo MusicCueSheet meses 08 10 11 de 2023 e 01 de 2024,Globo MusicCueSheet meses 08 10 11 de 2023 e 01 de 2024.xlsx
SE,DJAVAN,se,,SE,T-306.925.949-6,djavan,t-306.925.949-6,Globo MusicCueSheet meses 08 10 11 de 2023 e 01 de 2024,Globo MusicCueSheet meses 08 10 11 de 2023 e 01 de 2024.xlsx
SALVE,TASHA E TRACIE,salve,,SALVE,T-040.396.795-2,tasha e tracie,t-040.396.795-2,Globo MusicCueSheet meses 08 10 11 de 2023 e 01 de 2024,Globo MusicCueSheet meses 08 10 11 de 2023 e 01 de 2024.xlsx
SALVE,TASHA E TRACIE,salve,,SALVE,,tasha e tracie,nan,Globo MusicCueSheet meses 08 10 11 de 2023 e 01 de 2024,Globo MusicCueSheet meses 08 10 11 de 2023 e 01 de 2024.xlsx
SALVE,TASHA E TRACIE,salve,,SALVE,T-316.303.285-3,tasha e tracie,t-316.303.285-3,Globo MusicCueSheet meses 08 10 11 de 2023 e 01 de 2024,Globo MusicCueSheet meses 08 10 11 de 2023 e 01 de 2024.xlsx
MAE,CHICO CHICO,mae,,MÃE,T-306.800.395-8,chico chico,t-306.800.395-8,Globo MusicCueSheet meses 08 10 11 de 2023 e 01 de 2024,Globo MusicCueSheet meses 08 10 11 de 2023 e 01 de 2024.xlsx
MAE,CHICO CHICO,mae,,MÃE,,chico chico,nan,Globo MusicCueSheet meses 08 10 11 de 2023 e 01 de 2024,Globo MusicCueSheet meses 08 10 11 de 2023 e 01 de 2024.xlsx
MINHA EX,MC BIN LADEN,minha ex,,MINHA EX,T-305.263.193-9,mc bin laden,t-305.263.193-9,Globo MusicCueSheet meses 08 10 11 de 2023 e 01 de 2024,Globo MusicCueSheet meses 08 10 11 de 2023 e 01 de 2024.xlsx
PODEROSA,THIAGUINHO,poderosa,,PODEROSA,T-304.309.033-7,thiaguinho,t-304.309.033-7,Globo MusicCueSheet meses 08 10 11 de 2023 e 01 de 2024,Globo MusicCueSheet meses 08 10 11 de 2023 e 01 de 2024.xlsx
PODEROSA,THIAGUINHO,poderosa,,PODEROSA,T-304.309.033-7,thiaguinho,t-304.309.033-7,Globo MusicCueSheet meses 08 10 11 de 2023 e 01 de 2024,Globo MusicCueSheet meses 08 10 11 de 2023 e 01 de 2024.xlsx
PODEROSA,THIAGUINHO,poderosa,,PODEROSA,T-304.309.033-7,thiaguinho,t-304.309.033-7,Globo MusicCueSheet meses 08 10 11 de 2023 e 01 de 2024,Globo MusicCueSheet meses 08 10 11 de 2023 e 01 de 2024.xlsx
VOCE DE VOLTA,"LYANE MELLO,VICTOR GREGORIO E MARCO AURELIO",voce de volta,,VOCÊ DE VOLTA,T-306.926.961-6,"lyane mello,victor gregorio e marco aurelio",t-306.926.961-6,Globo MusicCueSheet meses 08 10 11 de 2023 e 01 de 2024,Globo MusicCueSheet meses 08 10 11 de 2023 e 01 de 2024.xlsx
DESERTO,PADRE MARCELO ROSSI,deserto,,DESERTO,T-039.611.378-2,padre marcelo rossi,t-039.611.378-2,Globo MusicCueSheet meses 08 10 11 de 2023 e 01 de 2024,Globo MusicCueSheet meses 08 10 11 de 2023 e 01 de 2024.xlsx
DESERTO,PADRE MARCELO ROSSI,deserto,,DESERTO,T-039.611.378-2,padre marcelo rossi,t-039.611.378-2,Globo MusicCueSheet meses 08 10 11 de 2023 e 01 de 2024,Globo MusicCueSheet meses 08 10 11 de 2023 e 01 de 2024.xlsx
BAILE DE FAVELA,MC JOAO,baile de favela,,BAILE DE FAVELA,T-303.383.693-6,mc joao,t-303.383.693-6,Globo MusicCueSheet meses 08 10 11 de 2023 e 01 de 2024,Globo MusicCueSheet meses 08 10 11 de 2023 e 01 de 2024.xlsx
MARIA,RICKY MARTIN,maria,,MARIA,T-307.006.304-2,ricky martin,t-307.006.304-2,Globo MusicCueSheet meses 08 10 11 de 2023 e 01 de 2024,Globo MusicCueSheet meses 08 10 11 de 2023 e 01 de 2024.xlsx
MARIA,RICKY MARTIN,maria,,MARIA,T-311.953.638-4,ricky martin,t-311.953.638-4,Globo MusicCueSheet meses 08 10 11 de 2023 e 01 de 2024,Globo MusicCueSheet meses 08 10 11 de 2023 e 01 de 2024.xlsx
MARIA,RICKY MARTIN,maria,,MARIA,T-307.006.304-2,ricky martin,t-307.006.304-2,Globo MusicCueSheet meses 08 10 11 de 2023 e 01 de 2024,Globo MusicCueSheet meses 08 10 11 de 2023 e 01 de 2024.xlsx
MARIA,RICKY MARTIN,maria,,MARIA,T-311.953.638-4,ricky martin,t-311.953.638-4,Globo MusicCueSheet meses 08 10 11 de 2023 e 01 de 2024,Globo MusicCueSheet meses 08 10 11 de 2023 e 01 de 2024.xlsx
MARIA,ALEJANDRO VQC,maria,,MARIA,T-307.006.304-2,alejandro vqc,t-307.006.304-2,Globo MusicCueSheet meses 08 10 11 de 2023 e 01 de 2024,Globo MusicCueSheet meses 08 10 11 de 2023 e 01 de 2024.xlsx
MARIA,ALEJANDRO VQC,maria,,MARIA,T-311.953.638-4,alejandro vqc,t-311.953.638-4,Globo MusicCueSheet meses 08 10 11 de 2023 e 01 de 2024,Globo MusicCueSheet meses 08 10 11 de 2023 e 01 de 2024.xlsx
DEMARCACAO,"BRO MCS,MARINA PERALTA",demarcacao,,DEMARCAÇÃO,T-313.247.524-8,"bro mcs,marina peralta",t-313.247.524-8,Globo MusicCueSheet meses 08 10 11 de 2023 e 01 de 2024,Globo MusicCueSheet meses 08 10 11 de 2023 e 01 de 2024.xlsx
IMORTAL,SANDY E JUNIOR,imortal,,IMORTAL,T-307.118.165-8,sandy e junior,t-307.118.165-8,Globo MusicCueSheet meses 08 10 11 de 2023 e 01 de 2024,Globo MusicCueSheet meses 08 10 11 de 2023 e 01 de 2024.xlsx
VERMELHO,GLÓRIA GROOVE,vermelho,,VERMELHO,T-313.315.106-7,gloria groove,t-313.315.106-7,Globo MusicCueSheet meses 08 10 11 de 2023 e 01 de 2024,Globo MusicCueSheet meses 08 10 11 de 2023 e 01 de 2024.xlsx
UM ANJO,KLB,um anjo,,UM ANJO,T-307.416.481-7,klb,t-307.416.481-7,Globo MusicCueSheet meses 08 10 11 de 2023 e 01 de 2024,Globo MusicCueSheet meses 08 10 11 de 2023 e 01 de 2024.xlsx
ESPELHO,JORGE & MATEUS,espelho,,ESPELHO,T-931.652.333-8,jorge & mateus,t-931.652.333-8,Globo MusicCueSheet meses 08 10 11 de 2023 e 01 de 2024,Globo MusicCueSheet meses 08 10 11 de 2023 e 01 de 2024.xlsx
ESPELHO,JORGE & MATEUS,espelho,,ESPELHO,T-335.571.845-1,jorge & mateus,t-335.571.845-1,Globo MusicCueSheet meses 08 10 11 de 2023 e 01 de 2024,Globo MusicCueSheet meses 08 10 11 de 2023 e 01 de 2024.xlsx
FOGUEIRA,JORGE & MATEUS,fogueira,,FOGUEIRA,,jorge & mateus,nan,Globo MusicCueSheet meses 08 10 11 de 2023 e 01 de 2024,Globo MusicCueSheet meses 08 10 11 de 2023 e 01 de 2024.xlsx
VERDADE,ZECA PAGODINHO,verdade,,VERDADE,T-302.003.913-4,zeca pagodinho,t-302.003.913-4,Globo MusicCueSheet meses 08 10 11 de 2023 e 01 de 2024,Globo MusicCueSheet meses 08 10 11 de 2023 e 01 de 2024.xlsx
MODO AVIAO,LUDMILLA,modo aviao,,MODO AVIÃO,T-327.661.161-7,ludmilla,t-327.661.161-7,Globo MusicCueSheet meses 08 10 11 de 2023 e 01 de 2024,Globo MusicCueSheet meses 08 10 11 de 2023 e 01 de 2024.xlsx
VERDADE,ZECA PAGODINHO,verdade,,VERDADE,T-302.003.913-4,zeca pagodinho,t-302.003.913-4,Globo MusicCueSheet meses 08 10 11 de 2023 e 01 de 2024,Globo MusicCueSheet meses 08 10 11 de 2023 e 01 de 2024.xlsx
SO VOCE,"FABIO JR,DILSINHO",so voce,,SO VOCE,T-039.310.698-3,"fabio jr,dilsinho",t-039.310.698-3,Globo MusicCueSheet meses 08 10 11 de 2023 e 01 de 2024,Globo MusicCueSheet meses 08 10 11 de 2023 e 01 de 2024.xlsx
VERMELHO,GLORIA GROOVE,vermelho,,VERMELHO,T-313.315.106-7,gloria groove,t-313.315.106-7,Globo MusicCueSheet meses 08 10 11 de 2023 e 01 de 2024,Globo MusicCueSheet meses 08 10 11 de 2023 e 01 de 2024.xlsx
SUGAR,MAROON 5,sugar,,SUGAR,T-039.948.077-3,maroon 5,t-039.948.077-3,Globo MusicCueSheet meses 08 10 11 de 2023 e 01 de 2024,Globo MusicCueSheet meses 08 10 11 de 2023 e 01 de 2024.xlsx
FULERAGEM,MC WM,fuleragem,,FULERAGEM,T-305.214.250-0,mc wm,t-305.214.250-0,Globo MusicCueSheet meses 08 10 11 de 2023 e 01 de 2024,Globo MusicCueSheet meses 08 10 11 de 2023 e 01 de 2024.xlsx
VERDADE,"ZECA PAGODINHO,LUDMILLA",verdade,,VERDADE,T-302.003.913-4,"zeca pagodinho,ludmilla",t-302.003.913-4,Globo MusicCueSheet meses 08 10 11 de 2023 e 01 de 2024,Globo MusicCueSheet meses 08 10 11 de 2023 e 01 de 2024.xlsx
ESPELHO,BANDA ALTAS HORAS,espelho,,ESPELHO,T-931.652.333-8,banda altas horas,t-931.652.333-8,Globo MusicCueSheet meses 08 10 11 de 2023 e 01 de 2024,Globo MusicCueSheet meses 08 10 11 de 2023 e 01 de 2024.xlsx
ESPELHO,BANDA ALTAS HORAS,espelho,,ESPELHO,T-335.571.845-1,banda altas horas,t-335.571.845-1,Globo MusicCueSheet meses 08 10 11 de 2023 e 01 de 2024,Globo MusicCueSheet meses 08 10 11 de 2023 e 01 de 2024.xlsx
AMIGO,BANDA ALTAS HORAS,amigo,,AMIGO,,banda altas horas,nan,Globo MusicCueSheet meses 08 10 11 de 2023 e 01 de 2024,Globo MusicCueSheet meses 08 10 11 de 2023 e 01 de 2024.xlsx
CARRY ON,ANGRA,carry on,,CARRY ON,T-320.126.132-3,angra,t-320.126.132-3,Globo MusicCueSheet meses 08 10 11 de 2023 e 01 de 2024,Globo MusicCueSheet meses 08 10 11 de 2023 e 01 de 2024.xlsx
LETICIA,ZE VAQUEIRO,leticia,,LETICIA,T-039.948.058-0,ze vaqueiro,t-039.948.058-0,Globo MusicCueSheet meses 08 10 11 de 2023 e 01 de 2024,Globo MusicCueSheet meses 08 10 11 de 2023 e 01 de 2024.xlsx
MEIA NOITE,TARCISIO DO ACORDEON,meia noite,,MEIA NOITE,T-305.213.991-6,tarcisio do acordeon,t-305.213.991-6,Globo MusicCueSheet meses 08 10 11 de 2023 e 01 de 2024,Globo MusicCueSheet meses 08 10 11 de 2023 e 01 de 2024.xlsx
MEIA NOITE,TARCISIO DO ACORDEON,meia noite,,MEIA NOITE,,tarcisio do acordeon,nan,Globo MusicCueSheet meses 08 10 11 de 2023 e 01 de 2024,Globo MusicCueSheet meses 08 10 11 de 2023 e 01 de 2024.xlsx
AQUELAS COISAS,JOAO GOMES,aquelas coisas,,AQUELAS COISAS,T-317.817.145-0,joao gomes,t-317.817.145-0,Globo MusicCueSheet meses 08 10 11 de 2023 e 01 de 2024,Globo MusicCueSheet meses 08 10 11 de 2023 e 01 de 2024.xlsx
VERMELHO,GLORIA GROOVE,vermelho,,VERMELHO,T-313.315.106-7,gloria groove,t-313.315.106-7,Globo MusicCueSheet meses 08 10 11 de 2023 e 01 de 2024,Globo MusicCueSheet meses 08 10 11 de 2023 e 01 de 2024.xlsx
FELICIDADE,ELBA RAMALHO,felicidade,,FELICIDADE,,elba ramalho,nan,Globo MusicCueSheet meses 08 10 11 de 2023 e 01 de 2024,Globo MusicCueSheet meses 08 10 11 de 2023 e 01 de 2024.xlsx
PEGANDO FOGO,MARCUS MAJELLA,pegando fogo,,PEGANDO FOGO,T-305.213.998-3,marcus majella,t-305.213.998-3,Globo MusicCueSheet meses 08 10 11 de 2023 e 01 de 2024,Globo MusicCueSheet meses 08 10 11 de 2023 e 01 de 2024.xlsx
PSICOSE,ECLIPSE SOUL,psicose,,PSICOSE,T-312.553.380-0,eclipse soul,t-312.553.380-0,Globo MusicCueSheet meses 08 10 11 de 2023 e 01 de 2024,Globo MusicCueSheet meses 08 10 11 de 2023 e 01 de 2024.xlsx
MARACUTAIA,KAROL CONKA,maracutaia,,MARACUTAIA,T-313.315.112-5,karol conka,t-313.315.112-5,Globo MusicCueSheet meses 08 10 11 de 2023 e 01 de 2024,Globo MusicCueSheet meses 08 10 11 de 2023 e 01 de 2024.xlsx
BANHO DE ESPUMA,RITA LEE,banho de espuma,,BANHO DE ESPUMA,T-311.604.310-4,rita lee,t-311.604.310-4,Globo MusicCueSheet meses 08 10 11 de 2023 e 01 de 2024,Globo MusicCueSheet meses 08 10 11 de 2023 e 01 de 2024.xlsx
MARIA,RICKY MARTIN,maria,,MARIA,T-307.006.304-2,ricky martin,t-307.006.304-2,Globo MusicCueSheet meses 08 10 11 de 2023 e 01 de 2024,Globo MusicCueSheet meses 08 10 11 de 2023 e 01 de 2024.xlsx
MARIA,RICKY MARTIN,maria,,MARIA,T-311.953.638-4,ricky martin,t-311.953.638-4,Globo MusicCueSheet meses 08 10 11 de 2023 e 01 de 2024,Globo MusicCueSheet meses 08 10 11 de 2023 e 01 de 2024.xlsx
MENTIRA,MARCOS VALLE,mentira,,MENTIRA,T-321.834.772-5,marcos valle,t-321.834.772-5,Globo MusicCueSheet meses 08 10 11 de 2023 e 01 de 2024,Globo MusicCueSheet meses 08 10 11 de 2023 e 01 de 2024.xlsx
BOROGODO,"BAIANA SYSTEM, DJ WILL LOVE, DUDA BEAT, TROPKILLAZ",borogodo,,BOROGODÓ,,"baiana system, dj will love, duda beat, tropkillaz",nan,Globo MusicCueSheet meses 08 10 11 de 2023 e 01 de 2024,Globo MusicCueSheet meses 08 10 11 de 2023 e 01 de 2024.xlsx
BOROGODO,"BAIANA SYSTEM, DJ WILL LOVE, DUDA BEAT, TROPKILLAZ",borogodo,,BOROGODÓ,,"baiana system, dj will love, duda beat, tropkillaz",nan,Globo MusicCueSheet meses 08 10 11 de 2023 e 01 de 2024,Globo MusicCueSheet meses 08 10 11 de 2023 e 01 de 2024.xlsx
BOROGODO,"BAIANA SYSTEM, DJ WILL LOVE, DUDA BEAT, TROPKILLAZ",borogodo,,BOROGODÓ,,"baiana system, dj will love, duda beat, tropkillaz",nan,Globo MusicCueSheet meses 08 10 11 de 2023 e 01 de 2024,Globo MusicCueSheet meses 08 10 11 de 2023 e 01 de 2024.xlsx
BOROGODO,"BAIANA SYSTEM, DJ WILL LOVE, DUDA BEAT, TROPKILLAZ",borogodo,,BOROGODÓ,,"baiana system, dj will love, duda beat, tropkillaz",nan,Globo MusicCueSheet meses 08 10 11 de 2023 e 01 de 2024,Globo MusicCueSheet meses 08 10 11 de 2023 e 01 de 2024.xlsx
BOROGODO,"BAIANA SYSTEM, DJ WILL LOVE, DUDA BEAT, TROPKILLAZ",borogodo,,BOROGODÓ,,"baiana system, dj will love, duda beat, tropkillaz",nan,Globo MusicCueSheet meses 08 10 11 de 2023 e 01 de 2024,Globo MusicCueSheet meses 08 10 11 de 2023 e 01 de 2024.xlsx
BOROGODO,"BAIANA SYSTEM, DJ WILL LOVE, DUDA BEAT, TROPKILLAZ",borogodo,,BOROGODÓ,,"baiana system, dj will love, duda beat, tropkillaz",nan,Globo MusicCueSheet meses 08 10 11 de 2023 e 01 de 2024,Globo MusicCueSheet meses 08 10 11 de 2023 e 01 de 2024.xlsx
BOROGODO,"BAIANA SYSTEM, DJ WILL LOVE, DUDA BEAT, TROPKILLAZ",borogodo,,BOROGODÓ,,"baiana system, dj will love, duda beat, tropkillaz",nan,Globo MusicCueSheet meses 08 10 11 de 2023 e 01 de 2024,Globo MusicCueSheet meses 08 10 11 de 2023 e 01 de 2024.xlsx
BOROGODO,"BAIANA SYSTEM, DJ WILL LOVE, DUDA BEAT, TROPKILLAZ",borogodo,,BOROGODÓ,,"baiana system, dj will love, duda beat, tropkillaz",nan,Globo MusicCueSheet meses 08 10 11 de 2023 e 01 de 2024,Globo MusicCueSheet meses 08 10 11 de 2023 e 01 de 2024.xlsx
VAMOS FUGIR,ROGERIO FLAUSINO,vamos fugir,,VAMOS FUGIR,T-305.415.581-2,rogerio flausino,t-305.415.581-2,Globo MusicCueSheet meses 08 10 11 de 2023 e 01 de 2024,Globo MusicCueSheet meses 08 10 11 de 2023 e 01 de 2024.xlsx
VAMOS FUGIR,ROGERIO FLAUSINO,vamos fugir,,VAMOS FUGIR,T-305.415.581-2,rogerio flausino,t-305.415.581-2,Globo MusicCueSheet meses 08 10 11 de 2023 e 01 de 2024,Globo MusicCueSheet meses 08 10 11 de 2023 e 01 de 2024.xlsx
VAMOS FUGIR,ROGERIO FLAUSINO,vamos fugir,,VAMOS FUGIR,T-305.415.581-2,rogerio flausino,t-305.415.581-2,Globo MusicCueSheet meses 08 10 11 de 2023 e 01 de 2024,Globo MusicCueSheet meses 08 10 11 de 2023 e 01 de 2024.xlsx
BEIJINHO NO OMBRO,"DULCE MARIA,MARIANA XIMENES,VALESCA POPOZUDA",beijinho no ombro,,BEIJINHO NO OMBRO,T-311.569.064-3,"dulce maria,mariana ximenes,valesca popozuda",t-311.569.064-3,Globo MusicCueSheet meses 08 10 11 de 2023 e 01 de 2024,Globo MusicCueSheet meses 08 10 11 de 2023 e 01 de 2024.xlsx
BEIJINHO NO OMBRO,"MARCUS MAJELLA,SAMANTHA SCHMUTZ",beijinho no ombro,,BEIJINHO NO OMBRO,T-311.569.064-3,"marcus majella,samantha schmutz",t-311.569.064-3,Globo MusicCueSheet meses 08 10 11 de 2023 e 01 de 2024,Globo MusicCueSheet meses 08 10 11 de 2023 e 01 de 2024.xlsx
INTRO,ALOK,intro,,INTRO,T-301.569.273-2,alok,t-301.569.273-2,Globo MusicCueSheet meses 08 10 11 de 2023 e 01 de 2024,Globo MusicCueSheet meses 08 10 11 de 2023 e 01 de 2024.xlsx
INTRO,ALOK,intro,,INTRO,T-304.306.407-5,alok,t-304.306.407-5,Globo MusicCueSheet meses 08 10 11 de 2023 e 01 de 2024,Globo MusicCueSheet meses 08 10 11 de 2023 e 01 de 2024.xlsx
INTRO,ALOK,intro,,INTRO,T-309.423.419-8,alok,t-309.423.419-8,Globo MusicCueSheet meses 08 10 11 de 2023 e 01 de 2024,Globo MusicCueSheet meses 08 10 11 de 2023 e 01 de 2024.xlsx
INTRO,ALOK,intro,,INTRO,T-311.595.435-9,alok,t-311.595.435-9,Globo MusicCueSheet meses 08 10 11 de 2023 e 01 de 2024,Globo MusicCueSheet meses 08 10 11 de 2023 e 01 de 2024.xlsx
INTRO,ALOK,intro,,INTRO,,alok,nan,Globo MusicCueSheet meses 08 10 11 de 2023 e 01 de 2024,Globo MusicCueSheet meses 08 10 11 de 2023 e 01 de 2024.xlsx
INTRO,ALOK,intro,,INTRO,T-317.818.173-8,alok,t-317.818.173-8,Globo MusicCueSheet meses 08 10 11 de 2023 e 01 de 2024,Globo MusicCueSheet meses 08 10 11 de 2023 e 01 de 2024.xlsx
MALVADA,ZÉ FELIPE,malvada,,MALVADA,T-303.019.880-8,ze felipe,t-303.019.880-8,Globo MusicCueSheet meses 08 10 11 de 2023 e 01 de 2024,Globo MusicCueSheet meses 08 10 11 de 2023 e 01 de 2024.xlsx
MALVADA,ZÉ FELIPE,malvada,,MALVADA,,ze felipe,nan,Globo MusicCueSheet meses 08 10 11 de 2023 e 01 de 2024,Globo MusicCueSheet meses 08 10 11 de 2023 e 01 de 2024.xlsx
COISAS QUE EU SEI,FELIPE AMORIM,coisas que eu sei,,COISAS QUE EU SEI,T-042.615.531-8,felipe amorim,t-042.615.531-8,Globo MusicCueSheet meses 08 10 11 de 2023 e 01 de 2024,Globo MusicCueSheet meses 08 10 11 de 2023 e 01 de 2024.xlsx
COISAS QUE EU SEI,FELIPE AMORIM,coisas que eu sei,,COISAS QUE EU SEI,T-042.615.531-8,felipe amorim,t-042.615.531-8,Globo MusicCueSheet meses 08 10 11 de 2023 e 01 de 2024,Globo MusicCueSheet meses 08 10 11 de 2023 e 01 de 2024.xlsx
VERMELHO,GLORIA GROOVE-,vermelho,,VERMELHO,T-313.315.106-7,gloria groove-,t-313.315.106-7,Globo MusicCueSheet meses 08 10 11 de 2023 e 01 de 2024,Globo MusicCueSheet meses 08 10 11 de 2023 e 01 de 2024.xlsx
VERMELHO,GLORIA GROOVE,vermelho,,VERMELHO,T-313.315.106-7,gloria groove,t-313.315.106-7,Globo MusicCueSheet meses 08 10 11 de 2023 e 01 de 2024,Globo MusicCueSheet meses 08 10 11 de 2023 e 01 de 2024.xlsx
VERMELHO,GLORIA GROOVE,vermelho,,VERMELHO,T-313.315.106-7,gloria groove,t-313.315.106-7,Globo MusicCueSheet meses 08 10 11 de 2023 e 01 de 2024,Globo MusicCueSheet meses 08 10 11 de 2023 e 01 de 2024.xlsx
VINGANCA,LUAN SANTANA,vinganca,,VINGANÇA,T-040.226.902-6,luan santana,t-040.226.902-6,Globo MusicCueSheet meses 08 10 11 de 2023 e 01 de 2024,Globo MusicCueSheet meses 08 10 11 de 2023 e 01 de 2024.xlsx
BEIJINHO NO OMBRO,VALESCA POPOZUDA,beijinho no ombro,,BEIJINHO NO OMBRO,T-311.569.064-3,valesca popozuda,t-311.569.064-3,Globo MusicCueSheet meses 08 10 11 de 2023 e 01 de 2024,Globo MusicCueSheet meses 08 10 11 de 2023 e 01 de 2024.xlsx
BEIJINHO NO OMBRO,MARCUS MAJELLA,beijinho no ombro,,BEIJINHO NO OMBRO,T-311.569.064-3,marcus majella,t-311.569.064-3,Globo MusicCueSheet meses 08 10 11 de 2023 e 01 de 2024,Globo MusicCueSheet meses 08 10 11 de 2023 e 01 de 2024.xlsx
FELICIDADE,"ANDRÉ SARATE,CAPU,SERGINHO MOAH",felicidade,,FELICIDADE,,"andre sarate,capu,serginho moah",nan,Globo MusicCueSheet meses 08 10 11 de 2023 e 01 de 2024,Globo MusicCueSheet meses 08 10 11 de 2023 e 01 de 2024.xlsx
FELICIDADE,"ANDRÉ SARATE,CAPU,SERGINHO MOAH",felicidade,,FELICIDADE,,"andre sarate,capu,serginho moah",nan,Globo MusicCueSheet meses 08 10 11 de 2023 e 01 de 2024,Globo MusicCueSheet meses 08 10 11 de 2023 e 01 de 2024.xlsx
FELICIDADE,"ANDRÉ SARATE,CAPU,SERGINHO MOAH",felicidade,,FELICIDADE,,"andre sarate,capu,serginho moah",nan,Globo MusicCueSheet meses 08 10 11 de 2023 e 01 de 2024,Globo MusicCueSheet meses 08 10 11 de 2023 e 01 de 2024.xlsx
FELICIDADE,"ANDRÉ SARATE,CAPU,SERGINHO MOAH",felicidade,,FELICIDADE,,"andre sarate,capu,serginho moah",nan,Globo MusicCueSheet meses 08 10 11 de 2023 e 01 de 2024,Globo MusicCueSheet meses 08 10 11 de 2023 e 01 de 2024.xlsx
INVISIVEL,BAIANA SYSTEM,invisivel,,INVISÍVEL,T-327.329.923-9,baiana system,t-327.329.923-9,Globo MusicCueSheet meses 08 10 11 de 2023 e 01 de 2024,Globo MusicCueSheet meses 08 10 11 de 2023 e 01 de 2024.xlsx
INVISIVEL,BAIANA SYSTEM,invisivel,,INVISÍVEL,T-327.329.923-9,baiana system,t-327.329.923-9,Globo MusicCueSheet meses 08 10 11 de 2023 e 01 de 2024,Globo MusicCueSheet meses 08 10 11 de 2023 e 01 de 2024.xlsx
INVISIVEL,BAIANA SYSTEM,invisivel,,INVISÍVEL,T-327.329.923-9,baiana system,t-327.329.923-9,Globo MusicCueSheet meses 08 10 11 de 2023 e 01 de 2024,Globo MusicCueSheet meses 08 10 11 de 2023 e 01 de 2024.xlsx
INVISIVEL,BAIANA SYSTEM,invisivel,,INVISÍVEL,T-327.329.923-9,baiana system,t-327.329.923-9,Globo MusicCueSheet meses 08 10 11 de 2023 e 01 de 2024,Globo MusicCueSheet meses 08 10 11 de 2023 e 01 de 2024.xlsx
INVISIVEL,BAIANA SYSTEM,invisivel,,INVISÍVEL,T-327.329.923-9,baiana system,t-327.329.923-9,Globo MusicCueSheet meses 08 10 11 de 2023 e 01 de 2024,Globo MusicCueSheet meses 08 10 11 de 2023 e 01 de 2024.xlsx
DINGO BELL,MC TETEU,dingo bell,,DINGO BELL,T-305.213.621-3,mc teteu,t-305.213.621-3,Globo MusicCueSheet meses 08 10 11 de 2023 e 01 de 2024,Globo MusicCueSheet meses 08 10 11 de 2023 e 01 de 2024.xlsx
TUDO PASSA,ADRYANA RIBEIRO,tudo passa,,TUDO PASSA,T-040.070.521-6,adryana ribeiro,t-040.070.521-6,Tv Aparecida Unificado  Dez 2023 jan mar 2024,Tv Aparecida Unificado  Dez 2023 jan mar 2024.xlsx
PROPOSTA,LÉO E MARTINEZ,proposta,,PROPOSTA,T-313.413.810-2,leo e martinez,t-313.413.810-2,Tv Aparecida Unificado  Dez 2023 jan mar 2024,Tv Aparecida Unificado  Dez 2023 jan mar 2024.xlsx
FIM DE ANO,IR. CUSTÓDIA CARDOSO / ADELMA MIQUELIN / DILBER CORDEIRO / FERNANDO RIPOLI,fim de ano,,FIM DE ANO,T-322.186.020-0,ir. custodia cardoso / adelma miquelin / dilber cordeiro / fernando ripoli,t-322.186.020-0,Tv Aparecida Unificado  Dez 2023 jan mar 2024,Tv Aparecida Unificado  Dez 2023 jan mar 2024.xlsx
FIM DE ANO,IR. CUSTÓDIA CARDOSO / ADELMA MIQUELIN / DILBER CORDEIRO / FERNANDO RIPOLI,fim de ano,,FIM DE ANO,T-322.186.020-0,ir. custodia cardoso / adelma miquelin / dilber cordeiro / fernando ripoli,t-322.186.020-0,Tv Aparecida Unificado  Dez 2023 jan mar 2024,Tv Aparecida Unificado  Dez 2023 jan mar 2024.xlsx
FELIZ NATAL,CORAL DA ARQUIDIOCESE DE APARECIDA,feliz natal,,FELIZ NATAL,,coral da arquidiocese de aparecida,nan,Tv Aparecida Unificado  Dez 2023 jan mar 2024,Tv Aparecida Unificado  Dez 2023 jan mar 2024.xlsx
FELIZ NATAL,CORAL DA ARQUIDIOCESE DE APARECIDA,feliz natal,,FELIZ NATAL,,coral da arquidiocese de aparecida,nan,Tv Aparecida Unificado  Dez 2023 jan mar 2024,Tv Aparecida Unificado  Dez 2023 jan mar 2024.xlsx
FELIZ NATAL,CORAL DA ARQUIDIOCESE DE APARECIDA,feliz natal,,FELIZ NATAL,,coral da arquidiocese de aparecida,nan,Tv Aparecida Unificado  Dez 2023 jan mar 2024,Tv Aparecida Unificado  Dez 2023 jan mar 2024.xlsx
UTOPIA,BRUNO FAGLIONI / ADRIANA MELO,utopia,,UTOPIA,T-040.522.248-1,bruno faglioni / adriana melo,t-040.522.248-1,Tv Aparecida Unificado  Dez 2023 jan mar 2024,Tv Aparecida Unificado  Dez 2023 jan mar 2024.xlsx
UTOPIA,BRUNO FAGLIONI / ADRIANA MELO,utopia,,UTOPIA,T-329.283.611-0,bruno faglioni / adriana melo,t-329.283.611-0,Tv Aparecida Unificado  Dez 2023 jan mar 2024,Tv Aparecida Unificado  Dez 2023 jan mar 2024.xlsx
TATUAGEM,GIAN E GIOVANI,tatuagem,,TATUAGEM,,gian e giovani,nan,Tv Aparecida Unificado  Dez 2023 jan mar 2024,Tv Aparecida Unificado  Dez 2023 jan mar 2024.xlsx
BALA PERDIDA,ALESSANDRO E MONTENEGRO,bala perdida,,BALA PERDIDA,T-330.774.826-7,alessandro e montenegro,t-330.774.826-7,Tv Aparecida Unificado  Dez 2023 jan mar 2024,Tv Aparecida Unificado  Dez 2023 jan mar 2024.xlsx
AMIGO,DUDUCA E DALVAN,amigo,,AMIGO,,duduca e dalvan,nan,Tv Aparecida Unificado  Dez 2023 jan mar 2024,Tv Aparecida Unificado  Dez 2023 jan mar 2024.xlsx
AMIGO,DUDUCA E DALVAN,amigo,,AMIGO,,duduca e dalvan,nan,Tv Aparecida Unificado  Dez 2023 jan mar 2024,Tv Aparecida Unificado  Dez 2023 jan mar 2024.xlsx
MARIA,PE. ANTONIO MARIA,maria,,MARIA,T-307.006.304-2,pe. antonio maria,t-307.006.304-2,Tv Aparecida Unificado  Dez 2023 jan mar 2024,Tv Aparecida Unificado  Dez 2023 jan mar 2024.xlsx
MARIA,PE. ANTONIO MARIA,maria,,MARIA,T-311.953.638-4,pe. antonio maria,t-311.953.638-4,Tv Aparecida Unificado  Dez 2023 jan mar 2024,Tv Aparecida Unificado  Dez 2023 jan mar 2024.xlsx
MARIA,PE. ANTONIO MARIA,maria,,MARIA,T-307.006.304-2,pe. antonio maria,t-307.006.304-2,Tv Aparecida Unificado  Dez 2023 jan mar 2024,Tv Aparecida Unificado  Dez 2023 jan mar 2024.xlsx
MARIA,PE. ANTONIO MARIA,maria,,MARIA,T-311.953.638-4,pe. antonio maria,t-311.953.638-4,Tv Aparecida Unificado  Dez 2023 jan mar 2024,Tv Aparecida Unificado  Dez 2023 jan mar 2024.xlsx
FIM DE ANO,PE. ANTONIO MARIA,fim de ano,,FIM DE ANO,T-322.186.020-0,pe. antonio maria,t-322.186.020-0,Tv Aparecida Unificado  Dez 2023 jan mar 2024,Tv Aparecida Unificado  Dez 2023 jan mar 2024.xlsx
FIM DE ANO,PE. ANTONIO MARIA,fim de ano,,FIM DE ANO,T-322.186.020-0,pe. antonio maria,t-322.186.020-0,Tv Aparecida Unificado  Dez 2023 jan mar 2024,Tv Aparecida Unificado  Dez 2023 jan mar 2024.xlsx
PROPOSTA,EDUARDO E RAFAEL,proposta,,PROPOSTA,T-313.413.810-2,eduardo e rafael,t-313.413.810-2,Tv Aparecida Unificado  Dez 2023 jan mar 2024,Tv Aparecida Unificado  Dez 2023 jan mar 2024.xlsx
PAU MANDADO,PEÃO DO VALLE E VALENTIN,pau mandado,,PAU MANDADO,T-322.010.789-7,peao do valle e valentin,t-322.010.789-7,Tv Aparecida Unificado  Dez 2023 jan mar 2024,Tv Aparecida Unificado  Dez 2023 jan mar 2024.xlsx
SAUDADE,TALIS E WELINGTON,saudade,,SAUDADE,T-306.509.964-7,talis e welington,t-306.509.964-7,Tv Aparecida Unificado  Dez 2023 jan mar 2024,Tv Aparecida Unificado  Dez 2023 jan mar 2024.xlsx
SAUDADE,TALIS E WELINGTON,saudade,,SAUDADE,T-039.751.632-3,talis e welington,t-039.751.632-3,Tv Aparecida Unificado  Dez 2023 jan mar 2024,Tv Aparecida Unificado  Dez 2023 jan mar 2024.xlsx
SAUDADE,TALIS E WELINGTON,saudade,,SAUDADE,,talis e welington,nan,Tv Aparecida Unificado  Dez 2023 jan mar 2024,Tv Aparecida Unificado  Dez 2023 jan mar 2024.xlsx
SAUDADE,TALIS E WELINGTON,saudade,,SAUDADE,T-305.264.938-0,talis e welington,t-305.264.938-0,Tv Aparecida Unificado  Dez 2023 jan mar 2024,Tv Aparecida Unificado  Dez 2023 jan mar 2024.xlsx
LUA,VINICIUS E ENZO,lua,,LUA,,vinicius e enzo,nan,Tv Aparecida Unificado  Dez 2023 jan mar 2024,Tv Aparecida Unificado  Dez 2023 jan mar 2024.xlsx
LUA,VINICIUS E ENZO,lua,,LUA,,vinicius e enzo,nan,Tv Aparecida Unificado  Dez 2023 jan mar 2024,Tv Aparecida Unificado  Dez 2023 jan mar 2024.xlsx
PROPOSTA,PEÃO CARREIRO E PRAIANO,proposta,,PROPOSTA,T-313.413.810-2,peao carreiro e praiano,t-313.413.810-2,Tv Aparecida Unificado  Dez 2023 jan mar 2024,Tv Aparecida Unificado  Dez 2023 jan mar 2024.xlsx
DESPEDIDA,FOLIA DE REIS ESTRELA DE OURO,despedida,,DESPEDIDA,T-039.497.745-7,folia de reis estrela de ouro,t-039.497.745-7,Tv Aparecida Unificado  Dez 2023 jan mar 2024,Tv Aparecida Unificado  Dez 2023 jan mar 2024.xlsx
UTOPIA,SILVIO BRITO,utopia,,UTOPIA,T-040.522.248-1,silvio brito,t-040.522.248-1,Tv Aparecida Unificado  Dez 2023 jan mar 2024,Tv Aparecida Unificado  Dez 2023 jan mar 2024.xlsx
UTOPIA,SILVIO BRITO,utopia,,UTOPIA,T-329.283.611-0,silvio brito,t-329.283.611-0,Tv Aparecida Unificado  Dez 2023 jan mar 2024,Tv Aparecida Unificado  Dez 2023 jan mar 2024.xlsx
NOSSAS DIFERENÇAS,BELMONTE E AMARAÍ,nossas diferencas,,NOSSAS DIFERENCAS,T-039.544.554-1,belmonte e amarai,t-039.544.554-1,Tv Aparecida Unificado  Dez 2023 jan mar 2024,Tv Aparecida Unificado  Dez 2023 jan mar 2024.xlsx
SAUDADE,ZÉ DAVELA E FABIANO,saudade,,SAUDADE,T-306.509.964-7,ze davela e fabiano,t-306.509.964-7,Tv Aparecida Unificado  Dez 2023 jan mar 2024,Tv Aparecida Unificado  Dez 2023 jan mar 2024.xlsx
SAUDADE,ZÉ DAVELA E FABIANO,saudade,,SAUDADE,T-039.751.632-3,ze davela e fabiano,t-039.751.632-3,Tv Aparecida Unificado  Dez 2023 jan mar 2024,Tv Aparecida Unificado  Dez 2023 jan mar 2024.xlsx
SAUDADE,ZÉ DAVELA E FABIANO,saudade,,SAUDADE,,ze davela e fabiano,nan,Tv Aparecida Unificado  Dez 2023 jan mar 2024,Tv Aparecida Unificado  Dez 2023 jan mar 2024.xlsx
SAUDADE,ZÉ DAVELA E FABIANO,saudade,,SAUDADE,T-305.264.938-0,ze davela e fabiano,t-305.264.938-0,Tv Aparecida Unificado  Dez 2023 jan mar 2024,Tv Aparecida Unificado  Dez 2023 jan mar 2024.xlsx
AVE MARIA ,TONY ANGELI,ave maria,,AVE MARIA,T-040.076.547-0,tony angeli,t-040.076.547-0,Tv Aparecida Unificado  Dez 2023 jan mar 2024,Tv Aparecida Unificado  Dez 2023 jan mar 2024.xlsx
PAU MANDADO,PEÃO DO VALLE E VALENTIN,pau mandado,,PAU MANDADO,T-322.010.789-7,peao do valle e valentin,t-322.010.789-7,Tv Aparecida Unificado  Dez 2023 jan mar 2024,Tv Aparecida Unificado  Dez 2023 jan mar 2024.xlsx
AVE MARIA ,THIAGO ARANCAM,ave maria,,AVE MARIA,T-040.076.547-0,thiago arancam,t-040.076.547-0,Tv Aparecida Unificado  Dez 2023 jan mar 2024,Tv Aparecida Unificado  Dez 2023 jan mar 2024.xlsx
UTOPIA ,SILVIO BRITO,utopia,,UTOPIA,T-040.522.248-1,silvio brito,t-040.522.248-1,Tv Aparecida Unificado  Dez 2023 jan mar 2024,Tv Aparecida Unificado  Dez 2023 jan mar 2024.xlsx
UTOPIA ,SILVIO BRITO,utopia,,UTOPIA,T-329.283.611-0,silvio brito,t-329.283.611-0,Tv Aparecida Unificado  Dez 2023 jan mar 2024,Tv Aparecida Unificado  Dez 2023 jan mar 2024.xlsx
AVE MARIA ,THIAGO ARANCAM,ave maria,,AVE MARIA,T-040.076.547-0,thiago arancam,t-040.076.547-0,Tv Aparecida Unificado  Dez 2023 jan mar 2024,Tv Aparecida Unificado  Dez 2023 jan mar 2024.xlsx
MARIA,CHICO LOBO,maria,,MARIA,T-307.006.304-2,chico lobo,t-307.006.304-2,Tv Aparecida Unificado  Dez 2023 jan mar 2024,Tv Aparecida Unificado  Dez 2023 jan mar 2024.xlsx
MARIA,CHICO LOBO,maria,,MARIA,T-311.953.638-4,chico lobo,t-311.953.638-4,Tv Aparecida Unificado  Dez 2023 jan mar 2024,Tv Aparecida Unificado  Dez 2023 jan mar 2024.xlsx
CASA DE CABOCLO,PEDRO PAULO E PAULO VITOR,casa de caboclo,,CASA DE CABOCLO,,pedro paulo e paulo vitor,nan,Tv Aparecida Unificado  Dez 2023 jan mar 2024,Tv Aparecida Unificado  Dez 2023 jan mar 2024.xlsx
AMANHÃ,DHONATAN COELHO,amanha,,AMANHÃ,T-307.004.953-1,dhonatan coelho,t-307.004.953-1,Tv Aparecida Unificado  Dez 2023 jan mar 2024,Tv Aparecida Unificado  Dez 2023 jan mar 2024.xlsx
GANGORRA,LÉO RIBEIRO E PYRANY,gangorra,,GANGORRA,T-040.511.906-3,leo ribeiro e pyrany,t-040.511.906-3,Tv Aparecida Unificado  Dez 2023 jan mar 2024,Tv Aparecida Unificado  Dez 2023 jan mar 2024.xlsx
GANGORRA,LÉO RIBEIRO E PYRANY,gangorra,,GANGORRA,,leo ribeiro e pyrany,nan,Tv Aparecida Unificado  Dez 2023 jan mar 2024,Tv Aparecida Unificado  Dez 2023 jan mar 2024.xlsx
CASA DE CABOCLO,PEDRO PAULO E PAULO VITOR,casa de caboclo,,CASA DE CABOCLO,,pedro paulo e paulo vitor,nan,Tv Aparecida Unificado  Dez 2023 jan mar 2024,Tv Aparecida Unificado  Dez 2023 jan mar 2024.xlsx
AMANHÃ,DHONATAN COELHO,amanha,,AMANHÃ,T-307.004.953-1,dhonatan coelho,t-307.004.953-1,Tv Aparecida Unificado  Dez 2023 jan mar 2024,Tv Aparecida Unificado  Dez 2023 jan mar 2024.xlsx
MARIA,PADRE ANTONIO MARIA,maria,,MARIA,T-307.006.304-2,padre antonio maria,t-307.006.304-2,Tv Aparecida Unificado  Dez 2023 jan mar 2024,Tv Aparecida Unificado  Dez 2023 jan mar 2024.xlsx
MARIA,PADRE ANTONIO MARIA,maria,,MARIA,T-311.953.638-4,padre antonio maria,t-311.953.638-4,Tv Aparecida Unificado  Dez 2023 jan mar 2024,Tv Aparecida Unificado  Dez 2023 jan mar 2024.xlsx
MARIA,PADRE ANTONIO MARIA,maria,,MARIA,T-307.006.304-2,padre antonio maria,t-307.006.304-2,Tv Aparecida Unificado  Dez 2023 jan mar 2024,Tv Aparecida Unificado  Dez 2023 jan mar 2024.xlsx
MARIA,PADRE ANTONIO MARIA,maria,,MARIA,T-311.953.638-4,padre antonio maria,t-311.953.638-4,Tv Aparecida Unificado  Dez 2023 jan mar 2024,Tv Aparecida Unificado  Dez 2023 jan mar 2024.xlsx
CHEGA,LEO BUENO E JÚLIO CÉSAR,chega,,CHÊGA,T-312.562.445-1,leo bueno e julio cesar,t-312.562.445-1,Tv Aparecida Unificado  Dez 2023 jan mar 2024,Tv Aparecida Unificado  Dez 2023 jan mar 2024.xlsx
PESADELO,TOSTÃO SANFONEIRO E RAFAELA,pesadelo,,PESADELO,T-302.808.509-4,tostao sanfoneiro e rafaela,t-302.808.509-4,Tv Aparecida Unificado  Dez 2023 jan mar 2024,Tv Aparecida Unificado  Dez 2023 jan mar 2024.xlsx
SAUDADE,SÁVIO E GUSTAVO,saudade,,SAUDADE,T-306.509.964-7,savio e gustavo,t-306.509.964-7,Tv Aparecida Unificado  Dez 2023 jan mar 2024,Tv Aparecida Unificado  Dez 2023 jan mar 2024.xlsx
SAUDADE,SÁVIO E GUSTAVO,saudade,,SAUDADE,T-039.751.632-3,savio e gustavo,t-039.751.632-3,Tv Aparecida Unificado  Dez 2023 jan mar 2024,Tv Aparecida Unificado  Dez 2023 jan mar 2024.xlsx
SAUDADE,SÁVIO E GUSTAVO,saudade,,SAUDADE,,savio e gustavo,nan,Tv Aparecida Unificado  Dez 2023 jan mar 2024,Tv Aparecida Unificado  Dez 2023 jan mar 2024.xlsx
SAUDADE,SÁVIO E GUSTAVO,saudade,,SAUDADE,T-305.264.938-0,savio e gustavo,t-305.264.938-0,Tv Aparecida Unificado  Dez 2023 jan mar 2024,Tv Aparecida Unificado  Dez 2023 jan mar 2024.xlsx
ABISMO,MANU BAHTIDÃO,abismo,,ABISMO,T-303.016.284-2,manu bahtidao,t-303.016.284-2,SBT Unificado  nov dez 23 e jan fev mar 24,SBT Unificado  nov dez 23 e jan fev mar 24.xlsx
ABISMO,MANU BAHTIDÃO,abismo,,ABISMO,T-315.588.616-7,manu bahtidao,t-315.588.616-7,SBT Unificado  nov dez 23 e jan fev mar 24,SBT Unificado  nov dez 23 e jan fev mar 24.xlsx
ANOITECEU,ASSIS VALENTE,anoiteceu,,ANOITECEU,T-311.955.867-3,assis valente,t-311.955.867-3,SBT Unificado  nov dez 23 e jan fev mar 24,SBT Unificado  nov dez 23 e jan fev mar 24.xlsx
HEY JOE,ULTRAJE A RIGOR,hey joe,,HEY JOE,T-310.669.168-9,ultraje a rigor,t-310.669.168-9,SBT Unificado  nov dez 23 e jan fev mar 24,SBT Unificado  nov dez 23 e jan fev mar 24.xlsx
NEGA,NOVA BANDA DO RATINHO,nega,,NEGA,T-305.218.709-0,nova banda do ratinho,t-305.218.709-0,SBT Unificado  nov dez 23 e jan fev mar 24,SBT Unificado  nov dez 23 e jan fev mar 24.xlsx
BEIJINHO NO OMBRO,VALESKA POPOZUDA,beijinho no ombro,,BEIJINHO NO OMBRO,T-311.569.064-3,valeska popozuda,t-311.569.064-3,SBT Unificado  nov dez 23 e jan fev mar 24,SBT Unificado  nov dez 23 e jan fev mar 24.xlsx
BEIJINHO NO OMBRO,VALESKA POPOZUDA,beijinho no ombro,,BEIJINHO NO OMBRO,T-311.569.064-3,valeska popozuda,t-311.569.064-3,SBT Unificado  nov dez 23 e jan fev mar 24,SBT Unificado  nov dez 23 e jan fev mar 24.xlsx
BEIJINHO NO OMBRO,VALESKA POPOZUDA,beijinho no ombro,,BEIJINHO NO OMBRO,T-311.569.064-3,valeska popozuda,t-311.569.064-3,SBT Unificado  nov dez 23 e jan fev mar 24,SBT Unificado  nov dez 23 e jan fev mar 24.xlsx
NOITE,NILSINHO E CESAR MENOTTI,noite,,NOITE,T-306.926.957-0,nilsinho e cesar menotti,t-306.926.957-0,SBT Unificado  nov dez 23 e jan fev mar 24,SBT Unificado  nov dez 23 e jan fev mar 24.xlsx
DIANA,NOVA BANDA DO RATINHO,diana,,DIANA,,nova banda do ratinho,nan,SBT Unificado  nov dez 23 e jan fev mar 24,SBT Unificado  nov dez 23 e jan fev mar 24.xlsx
SEBASTIANA,NOVA BANDA DO RATINHO,sebastiana,,SEBASTIANA,,nova banda do ratinho,nan,SBT Unificado  nov dez 23 e jan fev mar 24,SBT Unificado  nov dez 23 e jan fev mar 24.xlsx
SEM SENTIMENTO,MC DESIRRE,sem sentimento,,SEM SENTIMENTO,,mc desirre,nan,SBT Unificado  nov dez 23 e jan fev mar 24,SBT Unificado  nov dez 23 e jan fev mar 24.xlsx
SEM SENTIMENTO,MC DESIRRE,sem sentimento,,SEM SENTIMENTO,T-323.105.005-4,mc desirre,t-323.105.005-4,SBT Unificado  nov dez 23 e jan fev mar 24,SBT Unificado  nov dez 23 e jan fev mar 24.xlsx
DOMINGO,TITÃS,domingo,,DOMINGO,T-307.003.485-0,titas,t-307.003.485-0,SBT Unificado  nov dez 23 e jan fev mar 24,SBT Unificado  nov dez 23 e jan fev mar 24.xlsx
DOMINGO,TITÃS,domingo,,DOMINGO,T-301.991.455-3,titas,t-301.991.455-3,SBT Unificado  nov dez 23 e jan fev mar 24,SBT Unificado  nov dez 23 e jan fev mar 24.xlsx
CORAÇÃO,LUZ/GIL FERRAZ/NATASCHA PIVA,coracao,,CORAÇÃO,,luz/gil ferraz/natascha piva,nan,SBT Unificado  nov dez 23 e jan fev mar 24,SBT Unificado  nov dez 23 e jan fev mar 24.xlsx
DO LADO DE CÁ,LEANDRO LOURENÇO SALERNO,do lado de ca,,DO LADO DE CÁ,,leandro lourenco salerno,nan,SBT Unificado  nov dez 23 e jan fev mar 24,SBT Unificado  nov dez 23 e jan fev mar 24.xlsx
DO LADO DE CÁ,LEANDRO LOURENÇO SALERNO,do lado de ca,,DO LADO DE CÁ,,leandro lourenco salerno,nan,SBT Unificado  nov dez 23 e jan fev mar 24,SBT Unificado  nov dez 23 e jan fev mar 24.xlsx
FELICIDADE,SEU JORGE,felicidade,,FELICIDADE,,seu jorge,nan,SBT Unificado  nov dez 23 e jan fev mar 24,SBT Unificado  nov dez 23 e jan fev mar 24.xlsx
FELICIDADE,SEU JORGE,felicidade,,FELICIDADE,,seu jorge,nan,SBT Unificado  nov dez 23 e jan fev mar 24,SBT Unificado  nov dez 23 e jan fev mar 24.xlsx
CINDERELA,ANGELA MARIA,cinderela,,CINDERELA,T-039.134.790-2,angela maria,t-039.134.790-2,SBT Unificado  nov dez 23 e jan fev mar 24,SBT Unificado  nov dez 23 e jan fev mar 24.xlsx
CINDERELA,ANGELA MARIA,cinderela,,CINDERELA,T-040.453.901-0,angela maria,t-040.453.901-0,SBT Unificado  nov dez 23 e jan fev mar 24,SBT Unificado  nov dez 23 e jan fev mar 24.xlsx
MALVADA,NOVA BANDA DO RATINHO,malvada,,MALVADA,T-303.019.880-8,nova banda do ratinho,t-303.019.880-8,SBT Unificado  nov dez 23 e jan fev mar 24,SBT Unificado  nov dez 23 e jan fev mar 24.xlsx
MALVADA,NOVA BANDA DO RATINHO,malvada,,MALVADA,,nova banda do ratinho,nan,SBT Unificado  nov dez 23 e jan fev mar 24,SBT Unificado  nov dez 23 e jan fev mar 24.xlsx
MALVADA,NOVA BANDA DO RATINHO,malvada,,MALVADA,T-303.019.880-8,nova banda do ratinho,t-303.019.880-8,SBT Unificado  nov dez 23 e jan fev mar 24,SBT Unificado  nov dez 23 e jan fev mar 24.xlsx
MALVADA,NOVA BANDA DO RATINHO,malvada,,MALVADA,,nova banda do ratinho,nan,SBT Unificado  nov dez 23 e jan fev mar 24,SBT Unificado  nov dez 23 e jan fev mar 24.xlsx
BEIJINHO NO OMBRO,NOVA BANDA DO RATINHO,beijinho no ombro,,BEIJINHO NO OMBRO,T-311.569.064-3,nova banda do ratinho,t-311.569.064-3,SBT Unificado  nov dez 23 e jan fev mar 24,SBT Unificado  nov dez 23 e jan fev mar 24.xlsx
BEIJINHO NO OMBRO,NOVA BANDA DO RATINHO,beijinho no ombro,,BEIJINHO NO OMBRO,T-311.569.064-3,nova banda do ratinho,t-311.569.064-3,SBT Unificado  nov dez 23 e jan fev mar 24,SBT Unificado  nov dez 23 e jan fev mar 24.xlsx
BEIJINHO NO OMBRO,NOVA BANDA DO RATINHO,beijinho no ombro,,BEIJINHO NO OMBRO,T-311.569.064-3,nova banda do ratinho,t-311.569.064-3,SBT Unificado  nov dez 23 e jan fev mar 24,SBT Unificado  nov dez 23 e jan fev mar 24.xlsx
AQUELAS COISAS,NOVA BANDA DO RATINHO,aquelas coisas,,AQUELAS COISAS,T-317.817.145-0,nova banda do ratinho,t-317.817.145-0,SBT Unificado  nov dez 23 e jan fev mar 24,SBT Unificado  nov dez 23 e jan fev mar 24.xlsx
VIDA LOKA,MILENE,vida loka,,VIDA LOKA,T-304.714.866-9,milene,t-304.714.866-9,SBT Unificado  nov dez 23 e jan fev mar 24,SBT Unificado  nov dez 23 e jan fev mar 24.xlsx
VIDA LOKA,MILENE,vida loka,,VIDA LOKA,T-304.714.866-9,milene,t-304.714.866-9,SBT Unificado  nov dez 23 e jan fev mar 24,SBT Unificado  nov dez 23 e jan fev mar 24.xlsx
DIANA,NOVA BANDA DO RATINHO,diana,,DIANA,,nova banda do ratinho,nan,SBT Unificado  nov dez 23 e jan fev mar 24,SBT Unificado  nov dez 23 e jan fev mar 24.xlsx
OI,BANDA SILVIO SANTOS,oi,,OI,,banda silvio santos,nan,SBT Unificado  nov dez 23 e jan fev mar 24,SBT Unificado  nov dez 23 e jan fev mar 24.xlsx
VERMELHO,NATASCHA PIVA/GIL FERRAZ/LUZ,vermelho,,VERMELHO,T-313.315.106-7,natascha piva/gil ferraz/luz,t-313.315.106-7,SBT Unificado  nov dez 23 e jan fev mar 24,SBT Unificado  nov dez 23 e jan fev mar 24.xlsx
FICA,LEANDRO LOURENÇO SALERNO,fica,,FICA,,leandro lourenco salerno,nan,SBT Unificado  nov dez 23 e jan fev mar 24,SBT Unificado  nov dez 23 e jan fev mar 24.xlsx
VERDADE,LEANDRO LOURENÇO SALERNO,verdade,,VERDADE,T-302.003.913-4,leandro lourenco salerno,t-302.003.913-4,SBT Unificado  nov dez 23 e jan fev mar 24,SBT Unificado  nov dez 23 e jan fev mar 24.xlsx
VERDADE,LEANDRO LOURENÇO SALERNO,verdade,,VERDADE,T-302.003.913-4,leandro lourenco salerno,t-302.003.913-4,SBT Unificado  nov dez 23 e jan fev mar 24,SBT Unificado  nov dez 23 e jan fev mar 24.xlsx
VAGALUMES,LEANDRO LOURENÇO SALERNO,vagalumes,,VAGALUMES,T-932.504.060-6,leandro lourenco salerno,t-932.504.060-6,SBT Unificado  nov dez 23 e jan fev mar 24,SBT Unificado  nov dez 23 e jan fev mar 24.xlsx
VAGALUMES,LEANDRO LOURENÇO SALERNO,vagalumes,,VAGALUMES,T-932.504.060-6,leandro lourenco salerno,t-932.504.060-6,SBT Unificado  nov dez 23 e jan fev mar 24,SBT Unificado  nov dez 23 e jan fev mar 24.xlsx
VAGALUMES,LEANDRO LOURENÇO SALERNO,vagalumes,,VAGALUMES,T-932.504.060-6,leandro lourenco salerno,t-932.504.060-6,SBT Unificado  nov dez 23 e jan fev mar 24,SBT Unificado  nov dez 23 e jan fev mar 24.xlsx
MORENA,LUAN SANTANA,morena,,MORENA,,luan santana,nan,SBT Unificado  nov dez 23 e jan fev mar 24,SBT Unificado  nov dez 23 e jan fev mar 24.xlsx
MORENA,LUAN SANTANA,morena,,MORENA,T-312.550.698-7,luan santana,t-312.550.698-7,SBT Unificado  nov dez 23 e jan fev mar 24,SBT Unificado  nov dez 23 e jan fev mar 24.xlsx
MORENA,LUAN SANTANA,morena,,MORENA,,luan santana,nan,SBT Unificado  nov dez 23 e jan fev mar 24,SBT Unificado  nov dez 23 e jan fev mar 24.xlsx
MORENA,LUAN SANTANA,morena,,MORENA,T-312.550.698-7,luan santana,t-312.550.698-7,SBT Unificado  nov dez 23 e jan fev mar 24,SBT Unificado  nov dez 23 e jan fev mar 24.xlsx
TETO DE VIDRO,BANDA SILVIO SANTOS,teto de vidro,,TETO DE VIDRO,T-321.537.364-7,banda silvio santos,t-321.537.364-7,SBT Unificado  nov dez 23 e jan fev mar 24,SBT Unificado  nov dez 23 e jan fev mar 24.xlsx
VAMOS FUGIR,BANDA SILVIO SANTOS,vamos fugir,,VAMOS FUGIR,T-305.415.581-2,banda silvio santos,t-305.415.581-2,SBT Unificado  nov dez 23 e jan fev mar 24,SBT Unificado  nov dez 23 e jan fev mar 24.xlsx
VAMOS FUGIR,BANDA SILVIO SANTOS,vamos fugir,,VAMOS FUGIR,T-305.415.581-2,banda silvio santos,t-305.415.581-2,SBT Unificado  nov dez 23 e jan fev mar 24,SBT Unificado  nov dez 23 e jan fev mar 24.xlsx
ERA UMA VEZ,KELL SMITH,era uma vez,,ERA UMA VEZ,,kell smith,nan,SBT Unificado  nov dez 23 e jan fev mar 24,SBT Unificado  nov dez 23 e jan fev mar 24.xlsx
BRISA,IZA,brisa,,BRISA,T-315.799.145-8,iza,t-315.799.145-8,SBT Unificado  nov dez 23 e jan fev mar 24,SBT Unificado  nov dez 23 e jan fev mar 24.xlsx
BRISA,IZA,brisa,,BRISA,T-316.180.981-6,iza,t-316.180.981-6,SBT Unificado  nov dez 23 e jan fev mar 24,SBT Unificado  nov dez 23 e jan fev mar 24.xlsx
BRISA,IZA,brisa,,BRISA,T-326.766.166-1,iza,t-326.766.166-1,SBT Unificado  nov dez 23 e jan fev mar 24,SBT Unificado  nov dez 23 e jan fev mar 24.xlsx
BRISA,IZA,brisa,,BRISA,T-315.799.145-8,iza,t-315.799.145-8,SBT Unificado  nov dez 23 e jan fev mar 24,SBT Unificado  nov dez 23 e jan fev mar 24.xlsx
BRISA,IZA,brisa,,BRISA,T-316.180.981-6,iza,t-316.180.981-6,SBT Unificado  nov dez 23 e jan fev mar 24,SBT Unificado  nov dez 23 e jan fev mar 24.xlsx
BRISA,IZA,brisa,,BRISA,T-326.766.166-1,iza,t-326.766.166-1,SBT Unificado  nov dez 23 e jan fev mar 24,SBT Unificado  nov dez 23 e jan fev mar 24.xlsx
VERDADE,NATASCHA PIVA,verdade,,VERDADE,T-302.003.913-4,natascha piva,t-302.003.913-4,SBT Unificado  nov dez 23 e jan fev mar 24,SBT Unificado  nov dez 23 e jan fev mar 24.xlsx
VERDADE,NATASCHA PIVA,verdade,,VERDADE,T-302.003.913-4,natascha piva,t-302.003.913-4,SBT Unificado  nov dez 23 e jan fev mar 24,SBT Unificado  nov dez 23 e jan fev mar 24.xlsx
SENTADAO,PSIRICO,sentadao,,SENTADÃO,T-303.014.916-3,psirico,t-303.014.916-3,SBT Unificado  nov dez 23 e jan fev mar 24,SBT Unificado  nov dez 23 e jan fev mar 24.xlsx
SENTADAO,PSIRICO,sentadao,,SENTADÃO,T-304.715.440-1,psirico,t-304.715.440-1,SBT Unificado  nov dez 23 e jan fev mar 24,SBT Unificado  nov dez 23 e jan fev mar 24.xlsx
SENTADAO,PSIRICO,sentadao,,SENTADÃO,T-325.955.974-1,psirico,t-325.955.974-1,SBT Unificado  nov dez 23 e jan fev mar 24,SBT Unificado  nov dez 23 e jan fev mar 24.xlsx
GIRASSOL,IZA VICTÓRIA,girassol,,GIRASSOL,T-335.572.256-0,iza victoria,t-335.572.256-0,SBT Unificado  nov dez 23 e jan fev mar 24,SBT Unificado  nov dez 23 e jan fev mar 24.xlsx
BALMAIN,MC DANIEL,balmain,,BALMAIN,,mc daniel,nan,SBT Unificado  nov dez 23 e jan fev mar 24,SBT Unificado  nov dez 23 e jan fev mar 24.xlsx
PRIMAVERA,LEANDRO LOURENÇO SALERNO,primavera,,PRIMAVERA,T-330.191.323-1,leandro lourenco salerno,t-330.191.323-1,SBT Unificado  nov dez 23 e jan fev mar 24,SBT Unificado  nov dez 23 e jan fev mar 24.xlsx
PRIMAVERA,LEANDRO LOURENÇO SALERNO,primavera,,PRIMAVERA,T-040.160.962-8,leandro lourenco salerno,t-040.160.962-8,SBT Unificado  nov dez 23 e jan fev mar 24,SBT Unificado  nov dez 23 e jan fev mar 24.xlsx
ANOITECEU,JEITO MOLEQUE/LUCAS MORATO/MR. DAN/PÉRICLES/SAMBÔ/THIAGUINHO,anoiteceu,,ANOITECEU,T-311.955.867-3,jeito moleque/lucas morato/mr. dan/pericles/sambo/thiaguinho,t-311.955.867-3,SBT Unificado  nov dez 23 e jan fev mar 24,SBT Unificado  nov dez 23 e jan fev mar 24.xlsx
ANOITECEU,CIRCO DO TIRULIPA,anoiteceu,,ANOITECEU,T-311.955.867-3,circo do tirulipa,t-311.955.867-3,SBT Unificado  nov dez 23 e jan fev mar 24,SBT Unificado  nov dez 23 e jan fev mar 24.xlsx
GIRASSOL,PRISCILLA,girassol,,GIRASSOL,T-335.572.256-0,priscilla,t-335.572.256-0,SBT Unificado  nov dez 23 e jan fev mar 24,SBT Unificado  nov dez 23 e jan fev mar 24.xlsx
GIRASSOL,TIAGO BARNABÉ,girassol,,GIRASSOL,T-335.572.256-0,tiago barnabe,t-335.572.256-0,SBT Unificado  nov dez 23 e jan fev mar 24,SBT Unificado  nov dez 23 e jan fev mar 24.xlsx
GIRASSOL,TIAGO BARNABÉ,girassol,,GIRASSOL,T-335.572.256-0,tiago barnabe,t-335.572.256-0,SBT Unificado  nov dez 23 e jan fev mar 24,SBT Unificado  nov dez 23 e jan fev mar 24.xlsx
PAPI,JENNIFER LOPEZ,papi,,PAPI,T-300.970.750-6,jennifer lopez,t-300.970.750-6,SBT Unificado  nov dez 23 e jan fev mar 24,SBT Unificado  nov dez 23 e jan fev mar 24.xlsx
PAPI,JENNIFER LOPEZ,papi,,PAPI,,jennifer lopez,nan,SBT Unificado  nov dez 23 e jan fev mar 24,SBT Unificado  nov dez 23 e jan fev mar 24.xlsx
SOU EU,TRAIA VÉIA,sou eu,,SOU EU,T-042.615.532-9,traia veia,t-042.615.532-9,SBT Unificado  nov dez 23 e jan fev mar 24,SBT Unificado  nov dez 23 e jan fev mar 24.xlsx
SOU EU,TRAIA VÉIA,sou eu,,SOU EU,T-042.615.532-9,traia veia,t-042.615.532-9,SBT Unificado  nov dez 23 e jan fev mar 24,SBT Unificado  nov dez 23 e jan fev mar 24.xlsx
SOU EU,TRAIA VÉIA,sou eu,,SOU EU,T-042.615.532-9,traia veia,t-042.615.532-9,SBT Unificado  nov dez 23 e jan fev mar 24,SBT Unificado  nov dez 23 e jan fev mar 24.xlsx
SE FOI,BRUNINHO SCANDALLI,se foi,,SE FOI,T-039.497.697-6,bruninho scandalli,t-039.497.697-6,SBT Unificado  nov dez 23 e jan fev mar 24,SBT Unificado  nov dez 23 e jan fev mar 24.xlsx
MEIA NOITE,RAFAEL/CIDA,meia noite,,MEIA NOITE,T-305.213.991-6,rafael/cida,t-305.213.991-6,SBT Unificado  nov dez 23 e jan fev mar 24,SBT Unificado  nov dez 23 e jan fev mar 24.xlsx
MEIA NOITE,RAFAEL/CIDA,meia noite,,MEIA NOITE,,rafael/cida,nan,SBT Unificado  nov dez 23 e jan fev mar 24,SBT Unificado  nov dez 23 e jan fev mar 24.xlsx
SEBASTIANA,NOVA BANDA DO RATINHO,sebastiana,,SEBASTIANA,,nova banda do ratinho,nan,SBT Unificado  nov dez 23 e jan fev mar 24,SBT Unificado  nov dez 23 e jan fev mar 24.xlsx
ISRAEL,ULTRAJE A RIGOR,israel,,ISRAEL,T-333.176.563-6,ultraje a rigor,t-333.176.563-6,SBT Unificado  nov dez 23 e jan fev mar 24,SBT Unificado  nov dez 23 e jan fev mar 24.xlsx
ISRAEL,ULTRAJE A RIGOR,israel,,ISRAEL,T-333.176.563-6,ultraje a rigor,t-333.176.563-6,SBT Unificado  nov dez 23 e jan fev mar 24,SBT Unificado  nov dez 23 e jan fev mar 24.xlsx
BRISA,LUZ/ NATASCHA PIVA/ GIL FERRAZ,brisa,,BRISA,T-315.799.145-8,luz/ natascha piva/ gil ferraz,t-315.799.145-8,SBT Unificado  nov dez 23 e jan fev mar 24,SBT Unificado  nov dez 23 e jan fev mar 24.xlsx
BRISA,LUZ/ NATASCHA PIVA/ GIL FERRAZ,brisa,,BRISA,T-316.180.981-6,luz/ natascha piva/ gil ferraz,t-316.180.981-6,SBT Unificado  nov dez 23 e jan fev mar 24,SBT Unificado  nov dez 23 e jan fev mar 24.xlsx
BRISA,LUZ/ NATASCHA PIVA/ GIL FERRAZ,brisa,,BRISA,T-326.766.166-1,luz/ natascha piva/ gil ferraz,t-326.766.166-1,SBT Unificado  nov dez 23 e jan fev mar 24,SBT Unificado  nov dez 23 e jan fev mar 24.xlsx
BRISA,LUZ/ NATASCHA PIVA/ GIL FERRAZ,brisa,,BRISA,T-315.799.145-8,luz/ natascha piva/ gil ferraz,t-315.799.145-8,SBT Unificado  nov dez 23 e jan fev mar 24,SBT Unificado  nov dez 23 e jan fev mar 24.xlsx
BRISA,LUZ/ NATASCHA PIVA/ GIL FERRAZ,brisa,,BRISA,T-316.180.981-6,luz/ natascha piva/ gil ferraz,t-316.180.981-6,SBT Unificado  nov dez 23 e jan fev mar 24,SBT Unificado  nov dez 23 e jan fev mar 24.xlsx
BRISA,LUZ/ NATASCHA PIVA/ GIL FERRAZ,brisa,,BRISA,T-326.766.166-1,luz/ natascha piva/ gil ferraz,t-326.766.166-1,SBT Unificado  nov dez 23 e jan fev mar 24,SBT Unificado  nov dez 23 e jan fev mar 24.xlsx
IDENTIDADE,LEANDRO LOURENÇO SALERNO,identidade,,IDENTIDADE,T-039.497.763-9,leandro lourenco salerno,t-039.497.763-9,SBT Unificado  nov dez 23 e jan fev mar 24,SBT Unificado  nov dez 23 e jan fev mar 24.xlsx
OUTDOOR,BANDA SILVIO SANTOS,outdoor,,OUTDOOR,T-301.719.331-2,banda silvio santos,t-301.719.331-2,SBT Unificado  nov dez 23 e jan fev mar 24,SBT Unificado  nov dez 23 e jan fev mar 24.xlsx
OUTDOOR,BANDA SILVIO SANTOS,outdoor,,OUTDOOR,T-301.719.331-2,banda silvio santos,t-301.719.331-2,SBT Unificado  nov dez 23 e jan fev mar 24,SBT Unificado  nov dez 23 e jan fev mar 24.xlsx
SAUDADE,LEANDRO LOURENÇO SALERNO,saudade,,SAUDADE,T-306.509.964-7,leandro lourenco salerno,t-306.509.964-7,SBT Unificado  nov dez 23 e jan fev mar 24,SBT Unificado  nov dez 23 e jan fev mar 24.xlsx
SAUDADE,LEANDRO LOURENÇO SALERNO,saudade,,SAUDADE,T-039.751.632-3,leandro lourenco salerno,t-039.751.632-3,SBT Unificado  nov dez 23 e jan fev mar 24,SBT Unificado  nov dez 23 e jan fev mar 24.xlsx
SAUDADE,LEANDRO LOURENÇO SALERNO,saudade,,SAUDADE,,leandro lourenco salerno,nan,SBT Unificado  nov dez 23 e jan fev mar 24,SBT Unificado  nov dez 23 e jan fev mar 24.xlsx
SAUDADE,LEANDRO LOURENÇO SALERNO,saudade,,SAUDADE,T-305.264.938-0,leandro lourenco salerno,t-305.264.938-0,SBT Unificado  nov dez 23 e jan fev mar 24,SBT Unificado  nov dez 23 e jan fev mar 24.xlsx
OI,LEANDRO LOURENÇO SALERNO,oi,,OI,,leandro lourenco salerno,nan,SBT Unificado  nov dez 23 e jan fev mar 24,SBT Unificado  nov dez 23 e jan fev mar 24.xlsx
MAGICA,GUGO E GUILHERME,magica,,MÁGICA,T-307.416.503-6,gugo e guilherme,t-307.416.503-6,SBT Unificado  nov dez 23 e jan fev mar 24,SBT Unificado  nov dez 23 e jan fev mar 24.xlsx
MAGICA,GUGO E GUILHERME,magica,,MÁGICA,T-307.416.503-6,gugo e guilherme,t-307.416.503-6,SBT Unificado  nov dez 23 e jan fev mar 24,SBT Unificado  nov dez 23 e jan fev mar 24.xlsx
BEIJINHO NO OMBRO,RAFINHA/BALLET,beijinho no ombro,,BEIJINHO NO OMBRO,T-311.569.064-3,rafinha/ballet,t-311.569.064-3,SBT Unificado  nov dez 23 e jan fev mar 24,SBT Unificado  nov dez 23 e jan fev mar 24.xlsx
BEIJINHO NO OMBRO,RAFINHA/BALLET,beijinho no ombro,,BEIJINHO NO OMBRO,T-311.569.064-3,rafinha/ballet,t-311.569.064-3,SBT Unificado  nov dez 23 e jan fev mar 24,SBT Unificado  nov dez 23 e jan fev mar 24.xlsx
BEIJINHO NO OMBRO,RAFINHA/BALLET,beijinho no ombro,,BEIJINHO NO OMBRO,T-311.569.064-3,rafinha/ballet,t-311.569.064-3,SBT Unificado  nov dez 23 e jan fev mar 24,SBT Unificado  nov dez 23 e jan fev mar 24.xlsx
BRISA,IZA,brisa,,BRISA,T-315.799.145-8,iza,t-315.799.145-8,SBT Unificado  nov dez 23 e jan fev mar 24,SBT Unificado  nov dez 23 e jan fev mar 24.xlsx
BRISA,IZA,brisa,,BRISA,T-316.180.981-6,iza,t-316.180.981-6,SBT Unificado  nov dez 23 e jan fev mar 24,SBT Unificado  nov dez 23 e jan fev mar 24.xlsx
BRISA,IZA,brisa,,BRISA,T-326.766.166-1,iza,t-326.766.166-1,SBT Unificado  nov dez 23 e jan fev mar 24,SBT Unificado  nov dez 23 e jan fev mar 24.xlsx
BRISA,IZA,brisa,,BRISA,T-315.799.145-8,iza,t-315.799.145-8,SBT Unificado  nov dez 23 e jan fev mar 24,SBT Unificado  nov dez 23 e jan fev mar 24.xlsx
BRISA,IZA,brisa,,BRISA,T-316.180.981-6,iza,t-316.180.981-6,SBT Unificado  nov dez 23 e jan fev mar 24,SBT Unificado  nov dez 23 e jan fev mar 24.xlsx
BRISA,IZA,brisa,,BRISA,T-326.766.166-1,iza,t-326.766.166-1,SBT Unificado  nov dez 23 e jan fev mar 24,SBT Unificado  nov dez 23 e jan fev mar 24.xlsx
PARA QUE TÁ FEIO,KAMISA10,para que ta feio,,PARA QUE TÁ FEIO,T-303.766.127-7,kamisa10,t-303.766.127-7,SBT Unificado  nov dez 23 e jan fev mar 24,SBT Unificado  nov dez 23 e jan fev mar 24.xlsx
PRIMAVERA,TIM MAIA,primavera,,PRIMAVERA,T-330.191.323-1,tim maia,t-330.191.323-1,SBT Unificado  nov dez 23 e jan fev mar 24,SBT Unificado  nov dez 23 e jan fev mar 24.xlsx
PRIMAVERA,TIM MAIA,primavera,,PRIMAVERA,T-040.160.962-8,tim maia,t-040.160.962-8,SBT Unificado  nov dez 23 e jan fev mar 24,SBT Unificado  nov dez 23 e jan fev mar 24.xlsx
ALMA,ZELIA DUNCAN,alma,,ALMA,T-300.966.231-7,zelia duncan,t-300.966.231-7,SBT Unificado  nov dez 23 e jan fev mar 24,SBT Unificado  nov dez 23 e jan fev mar 24.xlsx
ALMA,ZELIA DUNCAN,alma,,ALMA,T-300.966.231-7,zelia duncan,t-300.966.231-7,SBT Unificado  nov dez 23 e jan fev mar 24,SBT Unificado  nov dez 23 e jan fev mar 24.xlsx
DIANA,NOVA BANDA DO RATINHO,diana,,DIANA,,nova banda do ratinho,nan,SBT Unificado  nov dez 23 e jan fev mar 24,SBT Unificado  nov dez 23 e jan fev mar 24.xlsx
BEIJINHO NO OMBRO,LUZ/NATASHA PIVA/GIL,beijinho no ombro,,BEIJINHO NO OMBRO,T-311.569.064-3,luz/natasha piva/gil,t-311.569.064-3,SBT Unificado  nov dez 23 e jan fev mar 24,SBT Unificado  nov dez 23 e jan fev mar 24.xlsx
BEIJINHO NO OMBRO,LUZ/NATASHA PIVA/GIL,beijinho no ombro,,BEIJINHO NO OMBRO,T-311.569.064-3,luz/natasha piva/gil,t-311.569.064-3,SBT Unificado  nov dez 23 e jan fev mar 24,SBT Unificado  nov dez 23 e jan fev mar 24.xlsx
BEIJINHO NO OMBRO,LUZ/NATASHA PIVA/GIL,beijinho no ombro,,BEIJINHO NO OMBRO,T-311.569.064-3,luz/natasha piva/gil,t-311.569.064-3,SBT Unificado  nov dez 23 e jan fev mar 24,SBT Unificado  nov dez 23 e jan fev mar 24.xlsx
MALVADA,LUCAS GUEDEZ,malvada,,MALVADA,T-303.019.880-8,lucas guedez,t-303.019.880-8,SBT Unificado  nov dez 23 e jan fev mar 24,SBT Unificado  nov dez 23 e jan fev mar 24.xlsx
MALVADA,LUCAS GUEDEZ,malvada,,MALVADA,,lucas guedez,nan,SBT Unificado  nov dez 23 e jan fev mar 24,SBT Unificado  nov dez 23 e jan fev mar 24.xlsx
MALVADA,LUCAS GUEDEZ,malvada,,MALVADA,T-303.019.880-8,lucas guedez,t-303.019.880-8,SBT Unificado  nov dez 23 e jan fev mar 24,SBT Unificado  nov dez 23 e jan fev mar 24.xlsx
MALVADA,LUCAS GUEDEZ,malvada,,MALVADA,,lucas guedez,nan,SBT Unificado  nov dez 23 e jan fev mar 24,SBT Unificado  nov dez 23 e jan fev mar 24.xlsx
FELICIDADE,SEU JORGE,felicidade,,FELICIDADE,,seu jorge,nan,SBT Unificado  nov dez 23 e jan fev mar 24,SBT Unificado  nov dez 23 e jan fev mar 24.xlsx
FELICIDADE,SEU JORGE,felicidade,,FELICIDADE,,seu jorge,nan,SBT Unificado  nov dez 23 e jan fev mar 24,SBT Unificado  nov dez 23 e jan fev mar 24.xlsx
FELICIDADE,SEU JORGE,felicidade,,FELICIDADE,,seu jorge,nan,SBT Unificado  nov dez 23 e jan fev mar 24,SBT Unificado  nov dez 23 e jan fev mar 24.xlsx
HEY JOE,JIMMI HENDRIX,hey joe,,HEY JOE,T-310.669.168-9,jimmi hendrix,t-310.669.168-9,SBT Unificado  nov dez 23 e jan fev mar 24,SBT Unificado  nov dez 23 e jan fev mar 24.xlsx
GOLD,STEPHANIE KIARA,gold,,GOLD,T-327.329.924-0,stephanie kiara,t-327.329.924-0,SBT Unificado  nov dez 23 e jan fev mar 24,SBT Unificado  nov dez 23 e jan fev mar 24.xlsx
MORENA,CLAYTON E ROMÁRIO,morena,,MORENA,,clayton e romario,nan,SBT Unificado  nov dez 23 e jan fev mar 24,SBT Unificado  nov dez 23 e jan fev mar 24.xlsx
MORENA,CLAYTON E ROMÁRIO,morena,,MORENA,T-312.550.698-7,clayton e romario,t-312.550.698-7,SBT Unificado  nov dez 23 e jan fev mar 24,SBT Unificado  nov dez 23 e jan fev mar 24.xlsx
CHOCOLATE,ANGÉLICA,chocolate,,CHOCOLATE,T-322.528.891-1,angelica,t-322.528.891-1,SBT Unificado  nov dez 23 e jan fev mar 24,SBT Unificado  nov dez 23 e jan fev mar 24.xlsx
MALVADA,ZÉ FELIPE,malvada,,MALVADA,T-303.019.880-8,ze felipe,t-303.019.880-8,SBT Unificado  nov dez 23 e jan fev mar 24,SBT Unificado  nov dez 23 e jan fev mar 24.xlsx
MALVADA,ZÉ FELIPE,malvada,,MALVADA,,ze felipe,nan,SBT Unificado  nov dez 23 e jan fev mar 24,SBT Unificado  nov dez 23 e jan fev mar 24.xlsx
MALVADA,ZÉ FELIPE,malvada,,MALVADA,T-303.019.880-8,ze felipe,t-303.019.880-8,SBT Unificado  nov dez 23 e jan fev mar 24,SBT Unificado  nov dez 23 e jan fev mar 24.xlsx
MALVADA,ZÉ FELIPE,malvada,,MALVADA,,ze felipe,nan,SBT Unificado  nov dez 23 e jan fev mar 24,SBT Unificado  nov dez 23 e jan fev mar 24.xlsx
DEJA VU,LUAN SANTANA,deja vu,,DÉJÀ VU,T-308.187.765-4,luan santana,t-308.187.765-4,SBT Unificado  nov dez 23 e jan fev mar 24,SBT Unificado  nov dez 23 e jan fev mar 24.xlsx
CHOCOLATE,TIM MAIA,chocolate,,CHOCOLATE,T-322.528.891-1,tim maia,t-322.528.891-1,SBT Unificado  nov dez 23 e jan fev mar 24,SBT Unificado  nov dez 23 e jan fev mar 24.xlsx
MACETANDO,SAKAMOTO,macetando,,MACETANDO,T-318.000.000-0,sakamoto,t-318.000.000-0,SBT Unificado  nov dez 23 e jan fev mar 24,SBT Unificado  nov dez 23 e jan fev mar 24.xlsx
SEBASTIANA,NOVA BANDA DO RATINHO,sebastiana,,SEBASTIANA,,nova banda do ratinho,nan,SBT Unificado  nov dez 23 e jan fev mar 24,SBT Unificado  nov dez 23 e jan fev mar 24.xlsx
O MELHOR PRA MIM,ELI SOARES,o melhor pra mim,,O MELHOR PRA MIM,T-210.150.213-7,eli soares,t-210.150.213-7,SBT Unificado  nov dez 23 e jan fev mar 24,SBT Unificado  nov dez 23 e jan fev mar 24.xlsx
O MELHOR PRA MIM,ELI SOARES,o melhor pra mim,,O MELHOR PRA MIM,T-210.150.213-7,eli soares,t-210.150.213-7,SBT Unificado  nov dez 23 e jan fev mar 24,SBT Unificado  nov dez 23 e jan fev mar 24.xlsx
DIANA,NOVA BANDA DO RATINHO,diana,,DIANA,,nova banda do ratinho,nan,SBT Unificado  nov dez 23 e jan fev mar 24,SBT Unificado  nov dez 23 e jan fev mar 24.xlsx
ABISMO,MANU BAHTIDÃO,abismo,,ABISMO,T-303.016.284-2,manu bahtidao,t-303.016.284-2,SBT Unificado  nov dez 23 e jan fev mar 24,SBT Unificado  nov dez 23 e jan fev mar 24.xlsx
ABISMO,MANU BAHTIDÃO,abismo,,ABISMO,T-315.588.616-7,manu bahtidao,t-315.588.616-7,SBT Unificado  nov dez 23 e jan fev mar 24,SBT Unificado  nov dez 23 e jan fev mar 24.xlsx
ABISMO,MANU BAHTIDÃO,abismo,,ABISMO,T-303.016.284-2,manu bahtidao,t-303.016.284-2,SBT Unificado  nov dez 23 e jan fev mar 24,SBT Unificado  nov dez 23 e jan fev mar 24.xlsx
ABISMO,MANU BAHTIDÃO,abismo,,ABISMO,T-315.588.616-7,manu bahtidao,t-315.588.616-7,SBT Unificado  nov dez 23 e jan fev mar 24,SBT Unificado  nov dez 23 e jan fev mar 24.xlsx
FLUTUANDO,ZERO61,flutuando,,FLUTUANDO,T-040.076.549-2,zero61,t-040.076.549-2,SBT Unificado  nov dez 23 e jan fev mar 24,SBT Unificado  nov dez 23 e jan fev mar 24.xlsx
MACETANDO,IVETE,macetando,,MACETANDO,T-318.000.000-0,ivete,t-318.000.000-0,SBT Unificado  nov dez 23 e jan fev mar 24,SBT Unificado  nov dez 23 e jan fev mar 24.xlsx
MACETANDO,DANIEL LEVI,macetando,,MACETANDO,T-318.000.000-0,daniel levi,t-318.000.000-0,SBT Unificado  nov dez 23 e jan fev mar 24,SBT Unificado  nov dez 23 e jan fev mar 24.xlsx
MACETANDO,VICTOR SARRO,macetando,,MACETANDO,T-318.000.000-0,victor sarro,t-318.000.000-0,SBT Unificado  nov dez 23 e jan fev mar 24,SBT Unificado  nov dez 23 e jan fev mar 24.xlsx
MACETANDO,LUZ/NATASCHA PIVA/GIL FERRAZ,macetando,,MACETANDO,T-318.000.000-0,luz/natascha piva/gil ferraz,t-318.000.000-0,SBT Unificado  nov dez 23 e jan fev mar 24,SBT Unificado  nov dez 23 e jan fev mar 24.xlsx
OI,NOVA BANDA DO RATINHO,oi,,OI,,nova banda do ratinho,nan,SBT Unificado  nov dez 23 e jan fev mar 24,SBT Unificado  nov dez 23 e jan fev mar 24.xlsx
VERMELHO,LUZ/GIL FERRAZ/NATASHA PAIVA,vermelho,,VERMELHO,T-313.315.106-7,luz/gil ferraz/natasha paiva,t-313.315.106-7,SBT Unificado  nov dez 23 e jan fev mar 24,SBT Unificado  nov dez 23 e jan fev mar 24.xlsx
VERMELHO,LUZ/GIL FERRAZ/NATASHA PAIVA,vermelho,,VERMELHO,T-313.315.106-7,luz/gil ferraz/natasha paiva,t-313.315.106-7,SBT Unificado  nov dez 23 e jan fev mar 24,SBT Unificado  nov dez 23 e jan fev mar 24.xlsx
MACETANDO,IVETE SANGALO,macetando,,MACETANDO,T-318.000.000-0,ivete sangalo,t-318.000.000-0,SBT Unificado  nov dez 23 e jan fev mar 24,SBT Unificado  nov dez 23 e jan fev mar 24.xlsx
VERDADE,ZECA PAGODINHO,verdade,,VERDADE,T-302.003.913-4,zeca pagodinho,t-302.003.913-4,SBT Unificado  nov dez 23 e jan fev mar 24,SBT Unificado  nov dez 23 e jan fev mar 24.xlsx
VERDADE,ZECA PAGODINHO,verdade,,VERDADE,T-302.003.913-4,zeca pagodinho,t-302.003.913-4,SBT Unificado  nov dez 23 e jan fev mar 24,SBT Unificado  nov dez 23 e jan fev mar 24.xlsx
SÓ VOCÊ,BANDA SILVIO SANTOS,so voce,,SO VOCE,T-039.310.698-3,banda silvio santos,t-039.310.698-3,SBT Unificado  nov dez 23 e jan fev mar 24,SBT Unificado  nov dez 23 e jan fev mar 24.xlsx
LUA,PATRICIA/ BALÉ PSS,lua,,LUA,,patricia/ bale pss,nan,SBT Unificado  nov dez 23 e jan fev mar 24,SBT Unificado  nov dez 23 e jan fev mar 24.xlsx
ME CHAMA,LEANDRO LOURENÇO SALERNO,me chama,,ME CHAMA,T-311.953.645-3,leandro lourenco salerno,t-311.953.645-3,SBT Unificado  nov dez 23 e jan fev mar 24,SBT Unificado  nov dez 23 e jan fev mar 24.xlsx
PERIGO,LEANDRO LOURENÇO SALERNO,perigo,,PERIGO,T-301.572.557-8,leandro lourenco salerno,t-301.572.557-8,SBT Unificado  nov dez 23 e jan fev mar 24,SBT Unificado  nov dez 23 e jan fev mar 24.xlsx
PERIGO,LEANDRO LOURENÇO SALERNO,perigo,,PERIGO,T-302.809.006-0,leandro lourenco salerno,t-302.809.006-0,SBT Unificado  nov dez 23 e jan fev mar 24,SBT Unificado  nov dez 23 e jan fev mar 24.xlsx
PERIGO,LEANDRO LOURENÇO SALERNO,perigo,,PERIGO,T-301.572.557-8,leandro lourenco salerno,t-301.572.557-8,SBT Unificado  nov dez 23 e jan fev mar 24,SBT Unificado  nov dez 23 e jan fev mar 24.xlsx
PERIGO,LEANDRO LOURENÇO SALERNO,perigo,,PERIGO,T-302.809.006-0,leandro lourenco salerno,t-302.809.006-0,SBT Unificado  nov dez 23 e jan fev mar 24,SBT Unificado  nov dez 23 e jan fev mar 24.xlsx
SE JOGA,NALDO BENNY,se joga,,SE JOGA,T-931.480.187-1,naldo benny,t-931.480.187-1,SBT Unificado  nov dez 23 e jan fev mar 24,SBT Unificado  nov dez 23 e jan fev mar 24.xlsx
O MELHOR PRA MIM,ED CARLOS,o melhor pra mim,,O MELHOR PRA MIM,T-210.150.213-7,ed carlos,t-210.150.213-7,SBT Unificado  nov dez 23 e jan fev mar 24,SBT Unificado  nov dez 23 e jan fev mar 24.xlsx
O MELHOR PRA MIM,ED CARLOS,o melhor pra mim,,O MELHOR PRA MIM,T-210.150.213-7,ed carlos,t-210.150.213-7,SBT Unificado  nov dez 23 e jan fev mar 24,SBT Unificado  nov dez 23 e jan fev mar 24.xlsx
DIANA,ANTONIA,diana,,DIANA,,antonia,nan,SBT Unificado  nov dez 23 e jan fev mar 24,SBT Unificado  nov dez 23 e jan fev mar 24.xlsx
LIVRE,WANESSA CAMARGO,livre,,LIVRE,T-039.781.844-8,wanessa camargo,t-039.781.844-8,SBT Unificado  nov dez 23 e jan fev mar 24,SBT Unificado  nov dez 23 e jan fev mar 24.xlsx
LEVE,WANESSA CAMARGO E SANDY,leve,,LEVE,T-315.958.048-6,wanessa camargo e sandy,t-315.958.048-6,SBT Unificado  nov dez 23 e jan fev mar 24,SBT Unificado  nov dez 23 e jan fev mar 24.xlsx
LEVE,WANESSA CAMARGO E SANDY,leve,,LEVE,,wanessa camargo e sandy,nan,SBT Unificado  nov dez 23 e jan fev mar 24,SBT Unificado  nov dez 23 e jan fev mar 24.xlsx
LEVE,WANESSA CAMARGO E SANDY,leve,,LEVE,T-335.482.970-8,wanessa camargo e sandy,t-335.482.970-8,SBT Unificado  nov dez 23 e jan fev mar 24,SBT Unificado  nov dez 23 e jan fev mar 24.xlsx
LEVE,WANESSA CAMARGO E SANDY,leve,,LEVE,T-315.958.048-6,wanessa camargo e sandy,t-315.958.048-6,SBT Unificado  nov dez 23 e jan fev mar 24,SBT Unificado  nov dez 23 e jan fev mar 24.xlsx
LEVE,WANESSA CAMARGO E SANDY,leve,,LEVE,,wanessa camargo e sandy,nan,SBT Unificado  nov dez 23 e jan fev mar 24,SBT Unificado  nov dez 23 e jan fev mar 24.xlsx
LEVE,WANESSA CAMARGO E SANDY,leve,,LEVE,T-335.482.970-8,wanessa camargo e sandy,t-335.482.970-8,SBT Unificado  nov dez 23 e jan fev mar 24,SBT Unificado  nov dez 23 e jan fev mar 24.xlsx
ALELUIA,MIGUEL SOUZA,aleluia,,ALELUIA,,miguel souza,nan,SBT Unificado  nov dez 23 e jan fev mar 24,SBT Unificado  nov dez 23 e jan fev mar 24.xlsx
CONVITE,MARVVILA,convite,,CONVITE,T-303.015.344-3,marvvila,t-303.015.344-3,SBT Unificado  nov dez 23 e jan fev mar 24,SBT Unificado  nov dez 23 e jan fev mar 24.xlsx
SINAIS,SORRISO MAROTO,sinais,,SINAIS,T-039.662.232-4,sorriso maroto,t-039.662.232-4,SBT Unificado  nov dez 23 e jan fev mar 24,SBT Unificado  nov dez 23 e jan fev mar 24.xlsx
ELA,SORRISO MAROTO,ela,,ELA,T-322.696.235-8,sorriso maroto,t-322.696.235-8,SBT Unificado  nov dez 23 e jan fev mar 24,SBT Unificado  nov dez 23 e jan fev mar 24.xlsx
NA NA NA,COVER NOW UNITED,na na na,,NA NA NA,T-039.747.250-2,cover now united,t-039.747.250-2,SBT Unificado  nov dez 23 e jan fev mar 24,SBT Unificado  nov dez 23 e jan fev mar 24.xlsx
NA NA NA,AUDITORIO,na na na,,NA NA NA,T-039.747.250-2,auditorio,t-039.747.250-2,SBT Unificado  nov dez 23 e jan fev mar 24,SBT Unificado  nov dez 23 e jan fev mar 24.xlsx
VOCÊ DE VOLTA,BANDA SILVIO SANTOS,voce de volta,,VOCÊ DE VOLTA,T-306.926.961-6,banda silvio santos,t-306.926.961-6,SBT Unificado  nov dez 23 e jan fev mar 24,SBT Unificado  nov dez 23 e jan fev mar 24.xlsx
AQUELAS COISAS,JOÃO GOMES /TARCÍSIO DO ACORDEON,aquelas coisas,,AQUELAS COISAS,T-317.817.145-0,joao gomes /tarcisio do acordeon,t-317.817.145-0,SBT Unificado  nov dez 23 e jan fev mar 24,SBT Unificado  nov dez 23 e jan fev mar 24.xlsx
SAUDADE,FELIPE ARAÚJO E JOÃO REIS,saudade,,SAUDADE,T-306.509.964-7,felipe araujo e joao reis,t-306.509.964-7,SBT Unificado  nov dez 23 e jan fev mar 24,SBT Unificado  nov dez 23 e jan fev mar 24.xlsx
SAUDADE,FELIPE ARAÚJO E JOÃO REIS,saudade,,SAUDADE,T-039.751.632-3,felipe araujo e joao reis,t-039.751.632-3,SBT Unificado  nov dez 23 e jan fev mar 24,SBT Unificado  nov dez 23 e jan fev mar 24.xlsx
SAUDADE,FELIPE ARAÚJO E JOÃO REIS,saudade,,SAUDADE,,felipe araujo e joao reis,nan,SBT Unificado  nov dez 23 e jan fev mar 24,SBT Unificado  nov dez 23 e jan fev mar 24.xlsx
SAUDADE,FELIPE ARAÚJO E JOÃO REIS,saudade,,SAUDADE,T-305.264.938-0,felipe araujo e joao reis,t-305.264.938-0,SBT Unificado  nov dez 23 e jan fev mar 24,SBT Unificado  nov dez 23 e jan fev mar 24.xlsx
DESERTO,MARIANNY ALVES COELHO,deserto,,DESERTO,T-039.611.378-2,marianny alves coelho,t-039.611.378-2,SBT Unificado  nov dez 23 e jan fev mar 24,SBT Unificado  nov dez 23 e jan fev mar 24.xlsx
MACETANDO,IVETE SANGALO,macetando,,MACETANDO,T-318.000.000-0,ivete sangalo,t-318.000.000-0,SBT Unificado  nov dez 23 e jan fev mar 24,SBT Unificado  nov dez 23 e jan fev mar 24.xlsx
MORENA,LEANDRO LOURENÇO SALERNO,morena,,MORENA,,leandro lourenco salerno,nan,SBT Unificado  nov dez 23 e jan fev mar 24,SBT Unificado  nov dez 23 e jan fev mar 24.xlsx
MORENA,LEANDRO LOURENÇO SALERNO,morena,,MORENA,T-312.550.698-7,leandro lourenco salerno,t-312.550.698-7,SBT Unificado  nov dez 23 e jan fev mar 24,SBT Unificado  nov dez 23 e jan fev mar 24.xlsx
MORENA,LEANDRO LOURENÇO SALERNO,morena,,MORENA,,leandro lourenco salerno,nan,SBT Unificado  nov dez 23 e jan fev mar 24,SBT Unificado  nov dez 23 e jan fev mar 24.xlsx
MORENA,LEANDRO LOURENÇO SALERNO,morena,,MORENA,T-312.550.698-7,leandro lourenco salerno,t-312.550.698-7,SBT Unificado  nov dez 23 e jan fev mar 24,SBT Unificado  nov dez 23 e jan fev mar 24.xlsx
MORENA,LEANDRO LOURENÇO SALERNO,morena,,MORENA,,leandro lourenco salerno,nan,SBT Unificado  nov dez 23 e jan fev mar 24,SBT Unificado  nov dez 23 e jan fev mar 24.xlsx
MORENA,LEANDRO LOURENÇO SALERNO,morena,,MORENA,T-312.550.698-7,leandro lourenco salerno,t-312.550.698-7,SBT Unificado  nov dez 23 e jan fev mar 24,SBT Unificado  nov dez 23 e jan fev mar 24.xlsx
MORENA,LEANDRO LOURENÇO SALERNO,morena,,MORENA,,leandro lourenco salerno,nan,SBT Unificado  nov dez 23 e jan fev mar 24,SBT Unificado  nov dez 23 e jan fev mar 24.xlsx
MORENA,LEANDRO LOURENÇO SALERNO,morena,,MORENA,T-312.550.698-7,leandro lourenco salerno,t-312.550.698-7,SBT Unificado  nov dez 23 e jan fev mar 24,SBT Unificado  nov dez 23 e jan fev mar 24.xlsx
ACABOU,RICARDO CHAVES,acabou,,ACABOU,T-039.497.780-0,ricardo chaves,t-039.497.780-0,SBT Unificado  nov dez 23 e jan fev mar 24,SBT Unificado  nov dez 23 e jan fev mar 24.xlsx
DIANA,NOVA BANDA DO RATINHO,diana,,DIANA,,nova banda do ratinho,nan,SBT Unificado  nov dez 23 e jan fev mar 24,SBT Unificado  nov dez 23 e jan fev mar 24.xlsx
MINHA VIZINHA,MANOEL RODRIGUES,minha vizinha,,MINHA VIZINHA,,manoel rodrigues,nan,SBT Unificado  nov dez 23 e jan fev mar 24,SBT Unificado  nov dez 23 e jan fev mar 24.xlsx
OI,LÉO MAGALHÃES,oi,,OI,,leo magalhaes,nan,SBT Unificado  nov dez 23 e jan fev mar 24,SBT Unificado  nov dez 23 e jan fev mar 24.xlsx
24 HORAS,LÉO MAGALHÃES,24 horas,,24 HORAS,T-325.559.559-2,leo magalhaes,t-325.559.559-2,SBT Unificado  nov dez 23 e jan fev mar 24,SBT Unificado  nov dez 23 e jan fev mar 24.xlsx
FOGO,KARIN HILS,fogo,,FOGO,T-323.310.361-8,karin hils,t-323.310.361-8,SBT Unificado  nov dez 23 e jan fev mar 24,SBT Unificado  nov dez 23 e jan fev mar 24.xlsx
FOGO,KARIN HILS,fogo,,FOGO,T-323.310.361-8,karin hils,t-323.310.361-8,SBT Unificado  nov dez 23 e jan fev mar 24,SBT Unificado  nov dez 23 e jan fev mar 24.xlsx
FOGO,KARI HILS,fogo,,FOGO,T-323.310.361-8,kari hils,t-323.310.361-8,SBT Unificado  nov dez 23 e jan fev mar 24,SBT Unificado  nov dez 23 e jan fev mar 24.xlsx
FOGO,KARI HILS,fogo,,FOGO,T-323.310.361-8,kari hils,t-323.310.361-8,SBT Unificado  nov dez 23 e jan fev mar 24,SBT Unificado  nov dez 23 e jan fev mar 24.xlsx
DOMINGO,NOVA BANDA DO RATINHO,domingo,,DOMINGO,T-307.003.485-0,nova banda do ratinho,t-307.003.485-0,SBT Unificado  nov dez 23 e jan fev mar 24,SBT Unificado  nov dez 23 e jan fev mar 24.xlsx
DOMINGO,NOVA BANDA DO RATINHO,domingo,,DOMINGO,T-301.991.455-3,nova banda do ratinho,t-301.991.455-3,SBT Unificado  nov dez 23 e jan fev mar 24,SBT Unificado  nov dez 23 e jan fev mar 24.xlsx
DOMINGO,NOVA BANDA DO RATINHO,domingo,,DOMINGO,T-307.003.485-0,nova banda do ratinho,t-307.003.485-0,SBT Unificado  nov dez 23 e jan fev mar 24,SBT Unificado  nov dez 23 e jan fev mar 24.xlsx
DOMINGO,NOVA BANDA DO RATINHO,domingo,,DOMINGO,T-301.991.455-3,nova banda do ratinho,t-301.991.455-3,SBT Unificado  nov dez 23 e jan fev mar 24,SBT Unificado  nov dez 23 e jan fev mar 24.xlsx
PODEROSA,NATASCHA PIVA,poderosa,,PODEROSA,T-304.309.033-7,natascha piva,t-304.309.033-7,SBT Unificado  nov dez 23 e jan fev mar 24,SBT Unificado  nov dez 23 e jan fev mar 24.xlsx
VERMELHO,GLORIA GROOVE,vermelho,,VERMELHO,T-313.315.106-7,gloria groove,t-313.315.106-7,SBT Unificado  nov dez 23 e jan fev mar 24,SBT Unificado  nov dez 23 e jan fev mar 24.xlsx
VERMELHO,GLORIA GROOVE,vermelho,,VERMELHO,T-313.315.106-7,gloria groove,t-313.315.106-7,SBT Unificado  nov dez 23 e jan fev mar 24,SBT Unificado  nov dez 23 e jan fev mar 24.xlsx
MALVADA,LUCAS GUEDEZ,malvada,,MALVADA,T-303.019.880-8,lucas guedez,t-303.019.880-8,SBT Unificado  nov dez 23 e jan fev mar 24,SBT Unificado  nov dez 23 e jan fev mar 24.xlsx
MALVADA,LUCAS GUEDEZ,malvada,,MALVADA,,lucas guedez,nan,SBT Unificado  nov dez 23 e jan fev mar 24,SBT Unificado  nov dez 23 e jan fev mar 24.xlsx
MALVADA,LUCAS GUEDEZ,malvada,,MALVADA,T-303.019.880-8,lucas guedez,t-303.019.880-8,SBT Unificado  nov dez 23 e jan fev mar 24,SBT Unificado  nov dez 23 e jan fev mar 24.xlsx
MALVADA,LUCAS GUEDEZ,malvada,,MALVADA,,lucas guedez,nan,SBT Unificado  nov dez 23 e jan fev mar 24,SBT Unificado  nov dez 23 e jan fev mar 24.xlsx
DEIXE QUEIMAR,HENRIQUE MENDONÇA,deixe queimar,,DEIXE QUEIMAR,T-327.329.814-5,henrique mendonca,t-327.329.814-5,SBT Unificado  nov dez 23 e jan fev mar 24,SBT Unificado  nov dez 23 e jan fev mar 24.xlsx
BALMAIN,MC DANIEL,balmain,,BALMAIN,,mc daniel,nan,SBT Unificado  nov dez 23 e jan fev mar 24,SBT Unificado  nov dez 23 e jan fev mar 24.xlsx
SE JOGA,NALDO,se joga,,SE JOGA,T-931.480.187-1,naldo,t-931.480.187-1,SBT Unificado  nov dez 23 e jan fev mar 24,SBT Unificado  nov dez 23 e jan fev mar 24.xlsx
ME APAIXONEI,MARCOS E BELUTTI,me apaixonei,,ME APAIXONEI,T-305.220.107-3,marcos e belutti,t-305.220.107-3,SBT Unificado  nov dez 23 e jan fev mar 24,SBT Unificado  nov dez 23 e jan fev mar 24.xlsx
CASA DE CABOCLO,RICK E RENNER,casa de caboclo,,CASA DE CABOCLO,,rick e renner,nan,SBT Unificado  nov dez 23 e jan fev mar 24,SBT Unificado  nov dez 23 e jan fev mar 24.xlsx
CASA DE CABOCLO,RICK E RENNER,casa de caboclo,,CASA DE CABOCLO,,rick e renner,nan,SBT Unificado  nov dez 23 e jan fev mar 24,SBT Unificado  nov dez 23 e jan fev mar 24.xlsx
MORENA,LUAN SANTANA,morena,,MORENA,,luan santana,nan,SBT Unificado  nov dez 23 e jan fev mar 24,SBT Unificado  nov dez 23 e jan fev mar 24.xlsx
MORENA,LUAN SANTANA,morena,,MORENA,T-312.550.698-7,luan santana,t-312.550.698-7,SBT Unificado  nov dez 23 e jan fev mar 24,SBT Unificado  nov dez 23 e jan fev mar 24.xlsx
MORENA,LUAN SANTANA,morena,,MORENA,,luan santana,nan,SBT Unificado  nov dez 23 e jan fev mar 24,SBT Unificado  nov dez 23 e jan fev mar 24.xlsx
MORENA,LUAN SANTANA,morena,,MORENA,T-312.550.698-7,luan santana,t-312.550.698-7,SBT Unificado  nov dez 23 e jan fev mar 24,SBT Unificado  nov dez 23 e jan fev mar 24.xlsx
SE JOGA,NALDO BENNY,se joga,,SE JOGA,T-931.480.187-1,naldo benny,t-931.480.187-1,SBT Unificado  nov dez 23 e jan fev mar 24,SBT Unificado  nov dez 23 e jan fev mar 24.xlsx
VERMELHO,GLORIA GROOVE,vermelho,,VERMELHO,T-313.315.106-7,gloria groove,t-313.315.106-7,SBT Unificado  nov dez 23 e jan fev mar 24,SBT Unificado  nov dez 23 e jan fev mar 24.xlsx
TETO DE VIDRO,LEANDRO LOURENÇO SALERNO,teto de vidro,,TETO DE VIDRO,T-321.537.364-7,leandro lourenco salerno,t-321.537.364-7,SBT Unificado  nov dez 23 e jan fev mar 24,SBT Unificado  nov dez 23 e jan fev mar 24.xlsx
FELICIDADE,DJMIRORIZZO,felicidade,,FELICIDADE,,djmirorizzo,nan,SBT Unificado  nov dez 23 e jan fev mar 24,SBT Unificado  nov dez 23 e jan fev mar 24.xlsx
FELICIDADE,DJMIRORIZZO,felicidade,,FELICIDADE,,djmirorizzo,nan,SBT Unificado  nov dez 23 e jan fev mar 24,SBT Unificado  nov dez 23 e jan fev mar 24.xlsx
FELICIDADE,DJMIRORIZZO,felicidade,,FELICIDADE,,djmirorizzo,nan,SBT Unificado  nov dez 23 e jan fev mar 24,SBT Unificado  nov dez 23 e jan fev mar 24.xlsx
DEJA VU,LILI BEY,deja vu,,DÉJÀ VU,T-308.187.765-4,lili bey,t-308.187.765-4,SBT Unificado  nov dez 23 e jan fev mar 24,SBT Unificado  nov dez 23 e jan fev mar 24.xlsx
DEJA VU,LILI BEY,deja vu,,DÉJÀ VU,T-308.187.765-4,lili bey,t-308.187.765-4,SBT Unificado  nov dez 23 e jan fev mar 24,SBT Unificado  nov dez 23 e jan fev mar 24.xlsx
DEJA VU,LILI BEY,deja vu,,DÉJÀ VU,T-308.187.765-4,lili bey,t-308.187.765-4,SBT Unificado  nov dez 23 e jan fev mar 24,SBT Unificado  nov dez 23 e jan fev mar 24.xlsx
LISTEN,LILI BEY,listen,,LISTEN,,lili bey,nan,SBT Unificado  nov dez 23 e jan fev mar 24,SBT Unificado  nov dez 23 e jan fev mar 24.xlsx
LISTEN,LILI BEY,listen,,LISTEN,,lili bey,nan,SBT Unificado  nov dez 23 e jan fev mar 24,SBT Unificado  nov dez 23 e jan fev mar 24.xlsx
BRISA,BALÉ PROGRAMA SILVIO SANTOS,brisa,,BRISA,T-315.799.145-8,bale programa silvio santos,t-315.799.145-8,SBT Unificado  nov dez 23 e jan fev mar 24,SBT Unificado  nov dez 23 e jan fev mar 24.xlsx
BRISA,BALÉ PROGRAMA SILVIO SANTOS,brisa,,BRISA,T-316.180.981-6,bale programa silvio santos,t-316.180.981-6,SBT Unificado  nov dez 23 e jan fev mar 24,SBT Unificado  nov dez 23 e jan fev mar 24.xlsx
BRISA,BALÉ PROGRAMA SILVIO SANTOS,brisa,,BRISA,T-326.766.166-1,bale programa silvio santos,t-326.766.166-1,SBT Unificado  nov dez 23 e jan fev mar 24,SBT Unificado  nov dez 23 e jan fev mar 24.xlsx
BRISA,BALÉ PROGRAMA SILVIO SANTOS,brisa,,BRISA,T-315.799.145-8,bale programa silvio santos,t-315.799.145-8,SBT Unificado  nov dez 23 e jan fev mar 24,SBT Unificado  nov dez 23 e jan fev mar 24.xlsx
BRISA,BALÉ PROGRAMA SILVIO SANTOS,brisa,,BRISA,T-316.180.981-6,bale programa silvio santos,t-316.180.981-6,SBT Unificado  nov dez 23 e jan fev mar 24,SBT Unificado  nov dez 23 e jan fev mar 24.xlsx
BRISA,BALÉ PROGRAMA SILVIO SANTOS,brisa,,BRISA,T-326.766.166-1,bale programa silvio santos,t-326.766.166-1,SBT Unificado  nov dez 23 e jan fev mar 24,SBT Unificado  nov dez 23 e jan fev mar 24.xlsx
SÓ VOCÊ,FABIO JUNIOR,so voce,,SO VOCE,T-039.310.698-3,fabio junior,t-039.310.698-3,SBT Unificado  nov dez 23 e jan fev mar 24,SBT Unificado  nov dez 23 e jan fev mar 24.xlsx
FLY AWAY,ULTRAJE A RIGOR,fly away,,FLY AWAY,T-040.081.805-4,ultraje a rigor,t-040.081.805-4,SBT Unificado  nov dez 23 e jan fev mar 24,SBT Unificado  nov dez 23 e jan fev mar 24.xlsx
FLY AWAY,ULTRAJE A RIGOR,fly away,,FLY AWAY,T-312.560.962-9,ultraje a rigor,t-312.560.962-9,SBT Unificado  nov dez 23 e jan fev mar 24,SBT Unificado  nov dez 23 e jan fev mar 24.xlsx
ERA UMA VEZ,LARA E KELL SMITH,era uma vez,,ERA UMA VEZ,,lara e kell smith,nan,SBT Unificado  nov dez 23 e jan fev mar 24,SBT Unificado  nov dez 23 e jan fev mar 24.xlsx
ESSE CARA SOU EU,FABIANO JUFFU,esse cara sou eu,,ESSE CARA SOU EU,T-327.279.701-6,fabiano juffu,t-327.279.701-6,SBT Unificado  nov dez 23 e jan fev mar 24,SBT Unificado  nov dez 23 e jan fev mar 24.xlsx
MALVADA,LUCAS GUEDEZ,malvada,,MALVADA,T-303.019.880-8,lucas guedez,t-303.019.880-8,SBT Unificado  nov dez 23 e jan fev mar 24,SBT Unificado  nov dez 23 e jan fev mar 24.xlsx
MALVADA,LUCAS GUEDEZ,malvada,,MALVADA,,lucas guedez,nan,SBT Unificado  nov dez 23 e jan fev mar 24,SBT Unificado  nov dez 23 e jan fev mar 24.xlsx
MALVADA,LUCAS GUEDEZ,malvada,,MALVADA,T-303.019.880-8,lucas guedez,t-303.019.880-8,SBT Unificado  nov dez 23 e jan fev mar 24,SBT Unificado  nov dez 23 e jan fev mar 24.xlsx
MALVADA,LUCAS GUEDEZ,malvada,,MALVADA,,lucas guedez,nan,SBT Unificado  nov dez 23 e jan fev mar 24,SBT Unificado  nov dez 23 e jan fev mar 24.xlsx
DEIXE QUEIMAR,HENRIQUE MENDONÇA,deixe queimar,,DEIXE QUEIMAR,T-327.329.814-5,henrique mendonca,t-327.329.814-5,SBT Unificado  nov dez 23 e jan fev mar 24,SBT Unificado  nov dez 23 e jan fev mar 24.xlsx
BALMAIN,MC DANIEL,balmain,,BALMAIN,,mc daniel,nan,SBT Unificado  nov dez 23 e jan fev mar 24,SBT Unificado  nov dez 23 e jan fev mar 24.xlsx
CONDICAO,,condicao,nan,CONDIÇÃO,,,,Globo Unificado nov dez2023,Globo Unificado nov dez2023.xlsx
INVENCIVEL,,invencivel,nan,INVENCÍVEL,,,,Globo Unificado nov dez2023,Globo Unificado nov dez2023.xlsx
INVENCIVEL,,invencivel,nan,INVENCÍVEL,,,,Globo Unificado nov dez2023,Globo Unificado nov dez2023.xlsx
ME PERDOA,,me perdoa,nan,ME PERDOA,,,,Globo Unificado nov dez2023,Globo Unificado nov dez2023.xlsx
ME PERDOA,,me perdoa,nan,ME PERDOA,,,,Globo Unificado nov dez2023,Globo Unificado nov dez2023.xlsx
ME PERDOA,,me perdoa,nan,ME PERDOA,,,,Globo Unificado nov dez2023,Globo Unificado nov dez2023.xlsx
ME PERDOA,,me perdoa,nan,ME PERDOA,,,,Globo Unificado nov dez2023,Globo Unificado nov dez2023.xlsx
ME PERDOA,,me perdoa,nan,ME PERDOA,,,,Globo Unificado nov dez2023,Globo Unificado nov dez2023.xlsx
ME PERDOA,,me perdoa,nan,ME PERDOA,,,,Globo Unificado nov dez2023,Globo Unificado nov dez2023.xlsx
ME PERDOA,,me perdoa,nan,ME PERDOA,,,,Globo Unificado nov dez2023,Globo Unificado nov dez2023.xlsx
ME PERDOA,,me perdoa,nan,ME PERDOA,,,,Globo Unificado nov dez2023,Globo Unificado nov dez2023.xlsx
FELICIDADE,,felicidade,nan,FELICIDADE,,,,Globo Unificado nov dez2023,Globo Unificado nov dez2023.xlsx
FELICIDADE,,felicidade,nan,FELICIDADE,,,,Globo Unificado nov dez2023,Globo Unificado nov dez2023.xlsx
FELICIDADE,,felicidade,nan,FELICIDADE,,,,Globo Unificado nov dez2023,Globo Unificado nov dez2023.xlsx
FELICIDADE,,felicidade,nan,FELICIDADE,,,,Globo Unificado nov dez2023,Globo Unificado nov dez2023.xlsx
FELICIDADE,,felicidade,nan,FELICIDADE,,,,Globo Unificado nov dez2023,Globo Unificado nov dez2023.xlsx
FELICIDADE,,felicidade,nan,FELICIDADE,,,,Globo Unificado nov dez2023,Globo Unificado nov dez2023.xlsx
FELICIDADE,,felicidade,nan,FELICIDADE,,,,Globo Unificado nov dez2023,Globo Unificado nov dez2023.xlsx
FELICIDADE,,felicidade,nan,FELICIDADE,,,,Globo Unificado nov dez2023,Globo Unificado nov dez2023.xlsx
CORAGEM,,coragem,nan,CORAGEM,,,,Globo Unificado nov dez2023,Globo Unificado nov dez2023.xlsx
CORAGEM,,coragem,nan,CORAGEM,,,,Globo Unificado nov dez2023,Globo Unificado nov dez2023.xlsx
CORAGEM,,coragem,nan,CORAGEM,,,,Globo Unificado nov dez2023,Globo Unificado nov dez2023.xlsx
CORAGEM,,coragem,nan,CORAGEM,,,,Globo Unificado nov dez2023,Globo Unificado nov dez2023.xlsx
BOROGODO,,borogodo,nan,BOROGODÓ,,,,Globo Unificado nov dez2023,Globo Unificado nov dez2023.xlsx
ME PERDOA,,me perdoa,nan,ME PERDOA,,,,Globo Unificado nov dez2023,Globo Unificado nov dez2023.xlsx
ME PERDOA,,me perdoa,nan,ME PERDOA,,,,Globo Unificado nov dez2023,Globo Unificado nov dez2023.xlsx
ME PERDOA,,me perdoa,nan,ME PERDOA,,,,Globo Unificado nov dez2023,Globo Unificado nov dez2023.xlsx
ME PERDOA,,me perdoa,nan,ME PERDOA,,,,Globo Unificado nov dez2023,Globo Unificado nov dez2023.xlsx
SOCADONA,,socadona,nan,SOCADONA,,,,Globo Unificado nov dez2023,Globo Unificado nov dez2023.xlsx
SOCADONA,,socadona,nan,SOCADONA,,,,Globo Unificado nov dez2023,Globo Unificado nov dez2023.xlsx
SOCADONA,,socadona,nan,SOCADONA,,,,Globo Unificado nov dez2023,Globo Unificado nov dez2023.xlsx
SOCADONA,,socadona,nan,SOCADONA,,,,Globo Unificado nov dez2023,Globo Unificado nov dez2023.xlsx
SOCADONA,,socadona,nan,SOCADONA,,,,Globo Unificado nov dez2023,Globo Unificado nov dez2023.xlsx
SOCADONA,,socadona,nan,SOCADONA,,,,Globo Unificado nov dez2023,Globo Unificado nov dez2023.xlsx
SOCADONA,,socadona,nan,SOCADONA,,,,Globo Unificado nov dez2023,Globo Unificado nov dez2023.xlsx
SOCADONA,,socadona,nan,SOCADONA,,,,Globo Unificado nov dez2023,Globo Unificado nov dez2023.xlsx
SOCADONA,,socadona,nan,SOCADONA,,,,Globo Unificado nov dez2023,Globo Unificado nov dez2023.xlsx
SOCADONA,,socadona,nan,SOCADONA,,,,Globo Unificado nov dez2023,Globo Unificado nov dez2023.xlsx
SOCADONA,,socadona,nan,SOCADONA,,,,Globo Unificado nov dez2023,Globo Unificado nov dez2023.xlsx
SOCADONA,,socadona,nan,SOCADONA,,,,Globo Unificado nov dez2023,Globo Unificado nov dez2023.xlsx
SOCADONA,,socadona,nan,SOCADONA,,,,Globo Unificado nov dez2023,Globo Unificado nov dez2023.xlsx
SOCADONA,,socadona,nan,SOCADONA,,,,Globo Unificado nov dez2023,Globo Unificado nov dez2023.xlsx
SOCADONA,,socadona,nan,SOCADONA,,,,Globo Unificado nov dez2023,Globo Unificado nov dez2023.xlsx
SOCADONA,,socadona,nan,SOCADONA,,,,Globo Unificado nov dez2023,Globo Unificado nov dez2023.xlsx
LUA,,lua,nan,LUA,,,,Globo Unificado nov dez2023,Globo Unificado nov dez2023.xlsx
LUA,,lua,nan,LUA,,,,Globo Unificado nov dez2023,Globo Unificado nov dez2023.xlsx
SEBASTIANA,,sebastiana,nan,SEBASTIANA,,,,Globo Unificado nov dez2023,Globo Unificado nov dez2023.xlsx
MAGICA,HUGO & GUILHERME,magica,,MÁGICA,T-307.416.503-6,hugo & guilherme,t-307.416.503-6,Globo Unificado nov dez2023,Globo Unificado nov dez2023.xlsx
MAGICA,HUGO & GUILHERME,magica,,MÁGICA,T-307.416.503-6,hugo & guilherme,t-307.416.503-6,Globo Unificado nov dez2023,Globo Unificado nov dez2023.xlsx
MAGICA,HUGO & GUILHERME,magica,,MÁGICA,T-307.416.503-6,hugo & guilherme,t-307.416.503-6,Globo Unificado nov dez2023,Globo Unificado nov dez2023.xlsx
DESAFIO,BELO,desafio,,DESAFIO,T-040.453.293-9,belo,t-040.453.293-9,Globo Unificado nov dez2023,Globo Unificado nov dez2023.xlsx
DESAFIO,BELO,desafio,,DESAFIO,T-312.554.786-2,belo,t-312.554.786-2,Globo Unificado nov dez2023,Globo Unificado nov dez2023.xlsx
DESAFIO,BELO,desafio,,DESAFIO,T-040.453.293-9,belo,t-040.453.293-9,Globo Unificado nov dez2023,Globo Unificado nov dez2023.xlsx
DESAFIO,BELO,desafio,,DESAFIO,T-312.554.786-2,belo,t-312.554.786-2,Globo Unificado nov dez2023,Globo Unificado nov dez2023.xlsx
DOMINGO,TERESA CRISTINA,domingo,,DOMINGO,T-307.003.485-0,teresa cristina,t-307.003.485-0,Globo Unificado nov dez2023,Globo Unificado nov dez2023.xlsx
DOMINGO,TERESA CRISTINA,domingo,,DOMINGO,T-301.991.455-3,teresa cristina,t-301.991.455-3,Globo Unificado nov dez2023,Globo Unificado nov dez2023.xlsx
DOMINGO,TERESA CRISTINA,domingo,,DOMINGO,T-307.003.485-0,teresa cristina,t-307.003.485-0,Globo Unificado nov dez2023,Globo Unificado nov dez2023.xlsx
DOMINGO,TERESA CRISTINA,domingo,,DOMINGO,T-301.991.455-3,teresa cristina,t-301.991.455-3,Globo Unificado nov dez2023,Globo Unificado nov dez2023.xlsx
DOMINGO,TERESA CRISTINA,domingo,,DOMINGO,T-307.003.485-0,teresa cristina,t-307.003.485-0,Globo Unificado nov dez2023,Globo Unificado nov dez2023.xlsx
DOMINGO,TERESA CRISTINA,domingo,,DOMINGO,T-301.991.455-3,teresa cristina,t-301.991.455-3,Globo Unificado nov dez2023,Globo Unificado nov dez2023.xlsx
DOMINGO,TERESA CRISTINA,domingo,,DOMINGO,T-307.003.485-0,teresa cristina,t-307.003.485-0,Globo Unificado nov dez2023,Globo Unificado nov dez2023.xlsx
DOMINGO,TERESA CRISTINA,domingo,,DOMINGO,T-301.991.455-3,teresa cristina,t-301.991.455-3,Globo Unificado nov dez2023,Globo Unificado nov dez2023.xlsx
INTERESSEIRA,LUÍSA SONZA,interesseira,,INTERESSEIRA,T-305.213.987-0,luisa sonza,t-305.213.987-0,Globo Unificado nov dez2023,Globo Unificado nov dez2023.xlsx
INTERESSEIRA,LUÍSA SONZA,interesseira,,INTERESSEIRA,T-305.213.987-0,luisa sonza,t-305.213.987-0,Globo Unificado nov dez2023,Globo Unificado nov dez2023.xlsx
INTERESSEIRA,LUÍSA SONZA,interesseira,,INTERESSEIRA,T-305.213.987-0,luisa sonza,t-305.213.987-0,Globo Unificado nov dez2023,Globo Unificado nov dez2023.xlsx
INTERESSEIRA,LUÍSA SONZA,interesseira,,INTERESSEIRA,T-305.213.987-0,luisa sonza,t-305.213.987-0,Globo Unificado nov dez2023,Globo Unificado nov dez2023.xlsx
INTERESSEIRA,LUÍSA SONZA,interesseira,,INTERESSEIRA,T-305.213.987-0,luisa sonza,t-305.213.987-0,Globo Unificado nov dez2023,Globo Unificado nov dez2023.xlsx
INTERESSEIRA,LUÍSA SONZA,interesseira,,INTERESSEIRA,T-305.213.987-0,luisa sonza,t-305.213.987-0,Globo Unificado nov dez2023,Globo Unificado nov dez2023.xlsx
INTERESSEIRA,LUÍSA SONZA,interesseira,,INTERESSEIRA,T-305.213.987-0,luisa sonza,t-305.213.987-0,Globo Unificado nov dez2023,Globo Unificado nov dez2023.xlsx
MACETANDO,LUDMILLA,macetando,,MACETANDO,T-318.000.000-0,ludmilla,t-318.000.000-0,Globo Unificado nov dez2023,Globo Unificado nov dez2023.xlsx
MACETANDO,LUDMILLA,macetando,,MACETANDO,T-318.000.000-0,ludmilla,t-318.000.000-0,Globo Unificado nov dez2023,Globo Unificado nov dez2023.xlsx
MACETANDO,LUDMILLA,macetando,,MACETANDO,T-318.000.000-0,ludmilla,t-318.000.000-0,Globo Unificado nov dez2023,Globo Unificado nov dez2023.xlsx
MODO AVIAO,LUDMILLA,modo aviao,,MODO AVIÃO,T-327.661.161-7,ludmilla,t-327.661.161-7,Globo Unificado nov dez2023,Globo Unificado nov dez2023.xlsx
MODO AVIAO,LUDMILLA,modo aviao,,MODO AVIÃO,T-327.661.161-7,ludmilla,t-327.661.161-7,Globo Unificado nov dez2023,Globo Unificado nov dez2023.xlsx
PERFUME,BELO,perfume,,PERFUME,T-305.215.262-8,belo,t-305.215.262-8,Globo Unificado nov dez2023,Globo Unificado nov dez2023.xlsx
PERFUME,BELO,perfume,,PERFUME,T-305.215.262-8,belo,t-305.215.262-8,Globo Unificado nov dez2023,Globo Unificado nov dez2023.xlsx
SINAIS,LUDMILLA,sinais,,SINAIS,T-039.662.232-4,ludmilla,t-039.662.232-4,Globo Unificado nov dez2023,Globo Unificado nov dez2023.xlsx
SINAIS,LUDMILLA,sinais,,SINAIS,T-039.662.232-4,ludmilla,t-039.662.232-4,Globo Unificado nov dez2023,Globo Unificado nov dez2023.xlsx
SINAIS,LUDMILLA,sinais,,SINAIS,T-039.662.232-4,ludmilla,t-039.662.232-4,Globo Unificado nov dez2023,Globo Unificado nov dez2023.xlsx
SOCADONA,LUDMILLA,socadona,,SOCADONA,T-305.217.548-7,ludmilla,t-305.217.548-7,Globo Unificado nov dez2023,Globo Unificado nov dez2023.xlsx
SOCADONA,LUDMILLA,socadona,,SOCADONA,,ludmilla,nan,Globo Unificado nov dez2023,Globo Unificado nov dez2023.xlsx
SOCADONA,LUDMILLA,socadona,,SOCADONA,T-305.217.548-7,ludmilla,t-305.217.548-7,Globo Unificado nov dez2023,Globo Unificado nov dez2023.xlsx
SOCADONA,LUDMILLA,socadona,,SOCADONA,,ludmilla,nan,Globo Unificado nov dez2023,Globo Unificado nov dez2023.xlsx
SOCADONA,LUDMILLA,socadona,,SOCADONA,T-305.217.548-7,ludmilla,t-305.217.548-7,Globo Unificado nov dez2023,Globo Unificado nov dez2023.xlsx
SOCADONA,LUDMILLA,socadona,,SOCADONA,,ludmilla,nan,Globo Unificado nov dez2023,Globo Unificado nov dez2023.xlsx
SOCADONA,LUDMILLA,socadona,,SOCADONA,T-305.217.548-7,ludmilla,t-305.217.548-7,Globo Unificado nov dez2023,Globo Unificado nov dez2023.xlsx
SOCADONA,LUDMILLA,socadona,,SOCADONA,,ludmilla,nan,Globo Unificado nov dez2023,Globo Unificado nov dez2023.xlsx
SOCADONA,LUDMILLA,socadona,,SOCADONA,T-305.217.548-7,ludmilla,t-305.217.548-7,Globo Unificado nov dez2023,Globo Unificado nov dez2023.xlsx
SOCADONA,LUDMILLA,socadona,,SOCADONA,,ludmilla,nan,Globo Unificado nov dez2023,Globo Unificado nov dez2023.xlsx
SOCADONA,LUDMILLA,socadona,,SOCADONA,T-305.217.548-7,ludmilla,t-305.217.548-7,Globo Unificado nov dez2023,Globo Unificado nov dez2023.xlsx
SOCADONA,LUDMILLA,socadona,,SOCADONA,,ludmilla,nan,Globo Unificado nov dez2023,Globo Unificado nov dez2023.xlsx
SOCADONA,LUDMILLA,socadona,,SOCADONA,T-305.217.548-7,ludmilla,t-305.217.548-7,Globo Unificado nov dez2023,Globo Unificado nov dez2023.xlsx
SOCADONA,LUDMILLA,socadona,,SOCADONA,,ludmilla,nan,Globo Unificado nov dez2023,Globo Unificado nov dez2023.xlsx
SOCADONA,LUDMILLA,socadona,,SOCADONA,T-305.217.548-7,ludmilla,t-305.217.548-7,Globo Unificado nov dez2023,Globo Unificado nov dez2023.xlsx
SOCADONA,LUDMILLA,socadona,,SOCADONA,,ludmilla,nan,Globo Unificado nov dez2023,Globo Unificado nov dez2023.xlsx
TEU SEGREDO,LUDMILLA,teu segredo,,TEU SEGREDO,T-303.014.148-7,ludmilla,t-303.014.148-7,Globo Unificado nov dez2023,Globo Unificado nov dez2023.xlsx
TEU SEGREDO,LUDMILLA,teu segredo,,TEU SEGREDO,T-303.014.148-7,ludmilla,t-303.014.148-7,Globo Unificado nov dez2023,Globo Unificado nov dez2023.xlsx
TEU SEGREDO,LUDMILLA,teu segredo,,TEU SEGREDO,T-303.014.148-7,ludmilla,t-303.014.148-7,Globo Unificado nov dez2023,Globo Unificado nov dez2023.xlsx
AMERICA,ELENCO,america,,AMERICA,T-039.497.748-0,elenco,t-039.497.748-0,Globo Unificado nov dez2023,Globo Unificado nov dez2023.xlsx
AMERICA,ELENCO,america,,AMERICA,T-039.497.748-0,elenco,t-039.497.748-0,Globo Unificado nov dez2023,Globo Unificado nov dez2023.xlsx
COPACABANA,SALOME DA BAHIA,copacabana,,COPACABANA,,salome da bahia,nan,Globo Unificado nov dez2023,Globo Unificado nov dez2023.xlsx
COPACABANA,SALOME DA BAHIA,copacabana,,COPACABANA,,salome da bahia,nan,Globo Unificado nov dez2023,Globo Unificado nov dez2023.xlsx
COPACABANA,SALOME DA BAHIA,copacabana,,COPACABANA,,salome da bahia,nan,Globo Unificado nov dez2023,Globo Unificado nov dez2023.xlsx
VAMOS FUGIR,GILBERTO GIL,vamos fugir,,VAMOS FUGIR,T-305.415.581-2,gilberto gil,t-305.415.581-2,Globo Unificado nov dez2023,Globo Unificado nov dez2023.xlsx
VAMOS FUGIR,GILBERTO GIL,vamos fugir,,VAMOS FUGIR,T-305.415.581-2,gilberto gil,t-305.415.581-2,Globo Unificado nov dez2023,Globo Unificado nov dez2023.xlsx
ENCONTRO DAS AGUAS,MAURICIO MATTAR,encontro das aguas,,ENCONTRO DAS AGUAS,T-310.338.194-4,mauricio mattar,t-310.338.194-4,Globo Unificado nov dez2023,Globo Unificado nov dez2023.xlsx
ENCONTRO DAS AGUAS,MAURICIO MATTAR,encontro das aguas,,ENCONTRO DAS AGUAS,T-310.338.194-4,mauricio mattar,t-310.338.194-4,Globo Unificado nov dez2023,Globo Unificado nov dez2023.xlsx
COPACABANA,SALOME DA BAHIA,copacabana,,COPACABANA,,salome da bahia,nan,Globo Unificado nov dez2023,Globo Unificado nov dez2023.xlsx
COPACABANA,SALOME DA BAHIA,copacabana,,COPACABANA,,salome da bahia,nan,Globo Unificado nov dez2023,Globo Unificado nov dez2023.xlsx
COPACABANA,SALOME DA BAHIA,copacabana,,COPACABANA,,salome da bahia,nan,Globo Unificado nov dez2023,Globo Unificado nov dez2023.xlsx
GIVE ME LOVE,NEGO JOE,give me love,,GIVE ME LOVE,T-039.634.912-4,nego joe,t-039.634.912-4,Globo Unificado nov dez2023,Globo Unificado nov dez2023.xlsx
GIVE ME LOVE,NEGO JOE,give me love,,GIVE ME LOVE,T-039.634.912-4,nego joe,t-039.634.912-4,Globo Unificado nov dez2023,Globo Unificado nov dez2023.xlsx
COPACABANA,REX GILDO,copacabana,,COPACABANA,,rex gildo,nan,Globo Unificado nov dez2023,Globo Unificado nov dez2023.xlsx
COPACABANA,REX GILDO,copacabana,,COPACABANA,,rex gildo,nan,Globo Unificado nov dez2023,Globo Unificado nov dez2023.xlsx
CUIDADO,LOBAO,cuidado,,CUIDADO,T-317.794.225-1,lobao,t-317.794.225-1,Globo Unificado nov dez2023,Globo Unificado nov dez2023.xlsx
CUIDADO,LOBAO,cuidado,,CUIDADO,,lobao,nan,Globo Unificado nov dez2023,Globo Unificado nov dez2023.xlsx
CUIDADO,LOBAO,cuidado,,CUIDADO,T-317.794.225-1,lobao,t-317.794.225-1,Globo Unificado nov dez2023,Globo Unificado nov dez2023.xlsx
CUIDADO,LOBAO,cuidado,,CUIDADO,,lobao,nan,Globo Unificado nov dez2023,Globo Unificado nov dez2023.xlsx
CUIDADO,LOBAO,cuidado,,CUIDADO,T-317.794.225-1,lobao,t-317.794.225-1,Globo Unificado nov dez2023,Globo Unificado nov dez2023.xlsx
CUIDADO,LOBAO,cuidado,,CUIDADO,,lobao,nan,Globo Unificado nov dez2023,Globo Unificado nov dez2023.xlsx
CUIDADO,LOBAO,cuidado,,CUIDADO,T-317.794.225-1,lobao,t-317.794.225-1,Globo Unificado nov dez2023,Globo Unificado nov dez2023.xlsx
CUIDADO,LOBAO,cuidado,,CUIDADO,,lobao,nan,Globo Unificado nov dez2023,Globo Unificado nov dez2023.xlsx
CUIDADO,LOBAO,cuidado,,CUIDADO,T-317.794.225-1,lobao,t-317.794.225-1,Globo Unificado nov dez2023,Globo Unificado nov dez2023.xlsx
CUIDADO,LOBAO,cuidado,,CUIDADO,,lobao,nan,Globo Unificado nov dez2023,Globo Unificado nov dez2023.xlsx
CUIDADO,LOBAO,cuidado,,CUIDADO,T-317.794.225-1,lobao,t-317.794.225-1,Globo Unificado nov dez2023,Globo Unificado nov dez2023.xlsx
CUIDADO,LOBAO,cuidado,,CUIDADO,,lobao,nan,Globo Unificado nov dez2023,Globo Unificado nov dez2023.xlsx
COPACABANA,SALOME DA BAHIA,copacabana,,COPACABANA,,salome da bahia,nan,Globo Unificado nov dez2023,Globo Unificado nov dez2023.xlsx
COPACABANA,SALOME DA BAHIA,copacabana,,COPACABANA,,salome da bahia,nan,Globo Unificado nov dez2023,Globo Unificado nov dez2023.xlsx
COPACABANA,SALOME DA BAHIA,copacabana,,COPACABANA,,salome da bahia,nan,Globo Unificado nov dez2023,Globo Unificado nov dez2023.xlsx
SEBASTIANA,JACKSON DO PANDEIRO,sebastiana,,SEBASTIANA,,jackson do pandeiro,nan,Globo Unificado nov dez2023,Globo Unificado nov dez2023.xlsx
SUMMERTIME,MICHAEL BOLTON,summertime,,SUMMERTIME,T-317.793.940-7,michael bolton,t-317.793.940-7,Globo Unificado nov dez2023,Globo Unificado nov dez2023.xlsx
SUMMERTIME,MICHAEL BOLTON,summertime,,SUMMERTIME,T-317.793.940-7,michael bolton,t-317.793.940-7,Globo Unificado nov dez2023,Globo Unificado nov dez2023.xlsx
SUMMERTIME,MICHAEL BOLTON,summertime,,SUMMERTIME,T-317.793.940-7,michael bolton,t-317.793.940-7,Globo Unificado nov dez2023,Globo Unificado nov dez2023.xlsx
COPACABANA,REX GILDO,copacabana,,COPACABANA,,rex gildo,nan,Globo Unificado nov dez2023,Globo Unificado nov dez2023.xlsx
COPACABANA,REX GILDO,copacabana,,COPACABANA,,rex gildo,nan,Globo Unificado nov dez2023,Globo Unificado nov dez2023.xlsx
POR ENQUANTO,ZELIA DUNCAN,por enquanto,,POR ENQUANTO,,zelia duncan,nan,Globo Unificado nov dez2023,Globo Unificado nov dez2023.xlsx
COPACABANA,SALOME DA BAHIA,copacabana,,COPACABANA,,salome da bahia,nan,Globo Unificado nov dez2023,Globo Unificado nov dez2023.xlsx
COPACABANA,SALOME DA BAHIA,copacabana,,COPACABANA,,salome da bahia,nan,Globo Unificado nov dez2023,Globo Unificado nov dez2023.xlsx
COPACABANA,SALOME DA BAHIA,copacabana,,COPACABANA,,salome da bahia,nan,Globo Unificado nov dez2023,Globo Unificado nov dez2023.xlsx
COPACABANA,SALOME DA BAHIA,copacabana,,COPACABANA,,salome da bahia,nan,Globo Unificado nov dez2023,Globo Unificado nov dez2023.xlsx
COPACABANA,SALOME DA BAHIA,copacabana,,COPACABANA,,salome da bahia,nan,Globo Unificado nov dez2023,Globo Unificado nov dez2023.xlsx
COPACABANA,SALOME DA BAHIA,copacabana,,COPACABANA,,salome da bahia,nan,Globo Unificado nov dez2023,Globo Unificado nov dez2023.xlsx
AMIGO,J P MENDONCA,amigo,,AMIGO,,j p mendonca,nan,Globo Unificado nov dez2023,Globo Unificado nov dez2023.xlsx
AMIGO,J P MENDONCA,amigo,,AMIGO,,j p mendonca,nan,Globo Unificado nov dez2023,Globo Unificado nov dez2023.xlsx
COPACABANA,SALOME DA BAHIA,copacabana,,COPACABANA,,salome da bahia,nan,Globo Unificado nov dez2023,Globo Unificado nov dez2023.xlsx
COPACABANA,SALOME DA BAHIA,copacabana,,COPACABANA,,salome da bahia,nan,Globo Unificado nov dez2023,Globo Unificado nov dez2023.xlsx
COPACABANA,SALOME DA BAHIA,copacabana,,COPACABANA,,salome da bahia,nan,Globo Unificado nov dez2023,Globo Unificado nov dez2023.xlsx
CAROLINA,SEU JORGE,carolina,,CAROLINA,,seu jorge,nan,Globo Unificado nov dez2023,Globo Unificado nov dez2023.xlsx
DESPEDIDA,ROBERTO CARLOS,despedida,,DESPEDIDA,T-039.497.745-7,roberto carlos,t-039.497.745-7,Globo Unificado nov dez2023,Globo Unificado nov dez2023.xlsx
DESPEDIDA,ROBERTO CARLOS,despedida,,DESPEDIDA,T-039.497.745-7,roberto carlos,t-039.497.745-7,Globo Unificado nov dez2023,Globo Unificado nov dez2023.xlsx
COPACABANA,BARRY MANILOW,copacabana,,COPACABANA,,barry manilow,nan,Globo Unificado nov dez2023,Globo Unificado nov dez2023.xlsx
COPACABANA,BARRY MANILOW,copacabana,,COPACABANA,,barry manilow,nan,Globo Unificado nov dez2023,Globo Unificado nov dez2023.xlsx
COPACABANA,BARRY MANILOW,copacabana,,COPACABANA,,barry manilow,nan,Globo Unificado nov dez2023,Globo Unificado nov dez2023.xlsx
PODEROSA,THIAGUINHO,poderosa,,PODEROSA,T-304.309.033-7,thiaguinho,t-304.309.033-7,Globo Unificado nov dez2023,Globo Unificado nov dez2023.xlsx
BARBIE,REBECCA,barbie,,BARBIE,T-321.330.288-2,rebecca,t-321.330.288-2,Globo Unificado nov dez2023,Globo Unificado nov dez2023.xlsx
BARBIE,REBECCA,barbie,,BARBIE,T-321.330.288-2,rebecca,t-321.330.288-2,Globo Unificado nov dez2023,Globo Unificado nov dez2023.xlsx
BARBIE,REBECCA,barbie,,BARBIE,T-321.330.288-2,rebecca,t-321.330.288-2,Globo Unificado nov dez2023,Globo Unificado nov dez2023.xlsx
BARBIE,REBECCA,barbie,,BARBIE,T-321.330.288-2,rebecca,t-321.330.288-2,Globo Unificado nov dez2023,Globo Unificado nov dez2023.xlsx
OGUM,"ZECA PAGODINHO,PEDRO BIAL",ogum,,OGUM,T-302.808.901-8,"zeca pagodinho,pedro bial",t-302.808.901-8,Globo Unificado nov dez2023,Globo Unificado nov dez2023.xlsx
OGUM,"ZECA PAGODINHO,PEDRO BIAL",ogum,,OGUM,T-302.808.901-8,"zeca pagodinho,pedro bial",t-302.808.901-8,Globo Unificado nov dez2023,Globo Unificado nov dez2023.xlsx
VERDADE,ZECA PAGODINHO,verdade,,VERDADE,T-302.003.913-4,zeca pagodinho,t-302.003.913-4,Globo Unificado nov dez2023,Globo Unificado nov dez2023.xlsx
VERDADE,ZECA PAGODINHO,verdade,,VERDADE,T-302.003.913-4,zeca pagodinho,t-302.003.913-4,Globo Unificado nov dez2023,Globo Unificado nov dez2023.xlsx
MAGICA,,magica,,MÁGICA,T-307.416.503-6,nan,t-307.416.503-6,Globo Unificado nov dez2023,Globo Unificado nov dez2023.xlsx
MAGICA,,magica,,MÁGICA,T-307.416.503-6,nan,t-307.416.503-6,Globo Unificado nov dez2023,Globo Unificado nov dez2023.xlsx
MAGICA,,magica,,MÁGICA,T-307.416.503-6,nan,t-307.416.503-6,Globo Unificado nov dez2023,Globo Unificado nov dez2023.xlsx
ACABOU,,acabou,,ACABOU,T-039.497.780-0,nan,t-039.497.780-0,Globo Unificado nov dez2023,Globo Unificado nov dez2023.xlsx
FRIO,,frio,,FRIO,T-313.413.891-9,nan,t-313.413.891-9,Globo Unificado nov dez2023,Globo Unificado nov dez2023.xlsx
FRIO,,frio,,FRIO,T-313.413.891-9,nan,t-313.413.891-9,Globo Unificado nov dez2023,Globo Unificado nov dez2023.xlsx
FRIO,,frio,,FRIO,T-313.413.891-9,nan,t-313.413.891-9,Globo Unificado nov dez2023,Globo Unificado nov dez2023.xlsx
BEIJINHO NO OMBRO,,beijinho no ombro,,BEIJINHO NO OMBRO,T-311.569.064-3,nan,t-311.569.064-3,Globo Unificado nov dez2023,Globo Unificado nov dez2023.xlsx
BEIJINHO NO OMBRO,,beijinho no ombro,,BEIJINHO NO OMBRO,T-311.569.064-3,nan,t-311.569.064-3,Globo Unificado nov dez2023,Globo Unificado nov dez2023.xlsx
BEIJINHO NO OMBRO,,beijinho no ombro,,BEIJINHO NO OMBRO,T-311.569.064-3,nan,t-311.569.064-3,Globo Unificado nov dez2023,Globo Unificado nov dez2023.xlsx
BEIJINHO NO OMBRO,,beijinho no ombro,,BEIJINHO NO OMBRO,T-311.569.064-3,nan,t-311.569.064-3,Globo Unificado nov dez2023,Globo Unificado nov dez2023.xlsx
PERFUME,,perfume,,PERFUME,T-305.215.262-8,nan,t-305.215.262-8,Globo Unificado nov dez2023,Globo Unificado nov dez2023.xlsx
PERFUME,,perfume,,PERFUME,T-305.215.262-8,nan,t-305.215.262-8,Globo Unificado nov dez2023,Globo Unificado nov dez2023.xlsx
ELEANOR RIGBY,,eleanor rigby,,ELEANOR RIGBY,T-316.183.091-3,nan,t-316.183.091-3,Globo Unificado nov dez2023,Globo Unificado nov dez2023.xlsx
ELEANOR RIGBY,,eleanor rigby,,ELEANOR RIGBY,T-316.183.091-3,nan,t-316.183.091-3,Globo Unificado nov dez2023,Globo Unificado nov dez2023.xlsx
FIM DE ANO,,fim de ano,,FIM DE ANO,T-322.186.020-0,nan,t-322.186.020-0,Globo Unificado nov dez2023,Globo Unificado nov dez2023.xlsx
FIM DE ANO,,fim de ano,,FIM DE ANO,T-322.186.020-0,nan,t-322.186.020-0,Globo Unificado nov dez2023,Globo Unificado nov dez2023.xlsx
NOBRE VAGABUNDO,,nobre vagabundo,,NOBRE VAGABUNDO,T-300.975.560-2,nan,t-300.975.560-2,Globo Unificado nov dez2023,Globo Unificado nov dez2023.xlsx
ORACAO,,oracao,,ORACAO,T-040.521.423-4,nan,t-040.521.423-4,Globo Unificado nov dez2023,Globo Unificado nov dez2023.xlsx
CONFESSO,,confesso,,CONFESSO,T-324.068.646-4,nan,t-324.068.646-4,Globo Unificado nov dez2023,Globo Unificado nov dez2023.xlsx
CONFESSO,,confesso,,CONFESSO,T-324.068.646-4,nan,t-324.068.646-4,Globo Unificado nov dez2023,Globo Unificado nov dez2023.xlsx
PERFUME,,perfume,,PERFUME,T-305.215.262-8,nan,t-305.215.262-8,Globo Unificado nov dez2023,Globo Unificado nov dez2023.xlsx
PERFUME,,perfume,,PERFUME,T-305.215.262-8,nan,t-305.215.262-8,Globo Unificado nov dez2023,Globo Unificado nov dez2023.xlsx
PERFUME,,perfume,,PERFUME,T-305.215.262-8,nan,t-305.215.262-8,Globo Unificado nov dez2023,Globo Unificado nov dez2023.xlsx
PERFUME,,perfume,,PERFUME,T-305.215.262-8,nan,t-305.215.262-8,Globo Unificado nov dez2023,Globo Unificado nov dez2023.xlsx
EMPURRA EMPURRA,,empurra empurra,,EMPURRA EMPURRA,T-306.800.360-7,nan,t-306.800.360-7,Globo Unificado nov dez2023,Globo Unificado nov dez2023.xlsx
EMPURRA EMPURRA,,empurra empurra,,EMPURRA EMPURRA,T-306.800.360-7,nan,t-306.800.360-7,Globo Unificado nov dez2023,Globo Unificado nov dez2023.xlsx
GIGANTE,,gigante,,GIGANTE,GUSTAVO ZUCHOWSKI STROTTMANN,nan,gustavo zuchowski strottmann,Globo Unificado nov dez2023,Globo Unificado nov dez2023.xlsx
GIGANTE,,gigante,,GIGANTE,GUSTAVO ZUCHOWSKI STROTTMANN,nan,gustavo zuchowski strottmann,Globo Unificado nov dez2023,Globo Unificado nov dez2023.xlsx
MACETANDO,,macetando,,MACETANDO,T-318.000.000-0,nan,t-318.000.000-0,Globo Unificado nov dez2023,Globo Unificado nov dez2023.xlsx
MACETANDO,,macetando,,MACETANDO,T-318.000.000-0,nan,t-318.000.000-0,Globo Unificado nov dez2023,Globo Unificado nov dez2023.xlsx
MACETANDO,,macetando,,MACETANDO,T-318.000.000-0,nan,t-318.000.000-0,Globo Unificado nov dez2023,Globo Unificado nov dez2023.xlsx
GIGANTE,,gigante,,GIGANTE,GUSTAVO ZUCHOWSKI STROTTMANN,nan,gustavo zuchowski strottmann,Globo Unificado nov dez2023,Globo Unificado nov dez2023.xlsx
GIGANTE,,gigante,,GIGANTE,GUSTAVO ZUCHOWSKI STROTTMANN,nan,gustavo zuchowski strottmann,Globo Unificado nov dez2023,Globo Unificado nov dez2023.xlsx
ESSE CARA SOU EU,,esse cara sou eu,,ESSE CARA SOU EU,T-327.279.701-6,nan,t-327.279.701-6,Globo Unificado nov dez2023,Globo Unificado nov dez2023.xlsx
SEM FILTRO,,sem filtro,,SEM FILTRO,T-335.572.263-9,nan,t-335.572.263-9,Globo Unificado nov dez2023,Globo Unificado nov dez2023.xlsx
SEM FILTRO,,sem filtro,,SEM FILTRO,T-335.572.263-9,nan,t-335.572.263-9,Globo Unificado nov dez2023,Globo Unificado nov dez2023.xlsx
SEM FILTRO,,sem filtro,,SEM FILTRO,T-335.572.263-9,nan,t-335.572.263-9,Globo Unificado nov dez2023,Globo Unificado nov dez2023.xlsx
DANCA DO POMBO,,danca do pombo,,DANÇA DO POMBO,T-315.906.851-2,nan,t-315.906.851-2,Globo Unificado nov dez2023,Globo Unificado nov dez2023.xlsx
CARCARA,,carcara,,CARCARA,T-040.347.911-7,nan,t-040.347.911-7,Globo Unificado nov dez2023,Globo Unificado nov dez2023.xlsx
CARCARA,,carcara,,CARCARÁ,T-308.468.519-4,nan,t-308.468.519-4,Globo Unificado nov dez2023,Globo Unificado nov dez2023.xlsx
CARCARA,,carcara,,CARCARA,T-040.347.911-7,nan,t-040.347.911-7,Globo Unificado nov dez2023,Globo Unificado nov dez2023.xlsx
CARCARA,,carcara,,CARCARÁ,T-308.468.519-4,nan,t-308.468.519-4,Globo Unificado nov dez2023,Globo Unificado nov dez2023.xlsx
PSIU,,psiu,,PSIU,T-335.821.334-6,nan,t-335.821.334-6,Globo Unificado nov dez2023,Globo Unificado nov dez2023.xlsx
SONO,,sono,,SONO,T-039.941.559-8,nan,t-039.941.559-8,Globo Unificado nov dez2023,Globo Unificado nov dez2023.xlsx
BEIJINHO NO OMBRO,,beijinho no ombro,,BEIJINHO NO OMBRO,T-311.569.064-3,nan,t-311.569.064-3,Globo Unificado nov dez2023,Globo Unificado nov dez2023.xlsx
BEIJINHO NO OMBRO,,beijinho no ombro,,BEIJINHO NO OMBRO,T-311.569.064-3,nan,t-311.569.064-3,Globo Unificado nov dez2023,Globo Unificado nov dez2023.xlsx
BEIJINHO NO OMBRO,,beijinho no ombro,,BEIJINHO NO OMBRO,T-311.569.064-3,nan,t-311.569.064-3,Globo Unificado nov dez2023,Globo Unificado nov dez2023.xlsx
BEIJINHO NO OMBRO,,beijinho no ombro,,BEIJINHO NO OMBRO,T-311.569.064-3,nan,t-311.569.064-3,Globo Unificado nov dez2023,Globo Unificado nov dez2023.xlsx
ESSE CARA SOU EU,,esse cara sou eu,,ESSE CARA SOU EU,T-327.279.701-6,nan,t-327.279.701-6,Globo Unificado nov dez2023,Globo Unificado nov dez2023.xlsx
DESAFIO,,desafio,,DESAFIO,T-040.453.293-9,nan,t-040.453.293-9,Globo Unificado nov dez2023,Globo Unificado nov dez2023.xlsx
DESAFIO,,desafio,,DESAFIO,T-312.554.786-2,nan,t-312.554.786-2,Globo Unificado nov dez2023,Globo Unificado nov dez2023.xlsx
DESAFIO,,desafio,,DESAFIO,T-040.453.293-9,nan,t-040.453.293-9,Globo Unificado nov dez2023,Globo Unificado nov dez2023.xlsx
DESAFIO,,desafio,,DESAFIO,T-312.554.786-2,nan,t-312.554.786-2,Globo Unificado nov dez2023,Globo Unificado nov dez2023.xlsx
DOMINGO,,domingo,,DOMINGO,T-307.003.485-0,nan,t-307.003.485-0,Globo Unificado nov dez2023,Globo Unificado nov dez2023.xlsx
DOMINGO,,domingo,,DOMINGO,T-301.991.455-3,nan,t-301.991.455-3,Globo Unificado nov dez2023,Globo Unificado nov dez2023.xlsx
DOMINGO,,domingo,,DOMINGO,T-307.003.485-0,nan,t-307.003.485-0,Globo Unificado nov dez2023,Globo Unificado nov dez2023.xlsx
DOMINGO,,domingo,,DOMINGO,T-301.991.455-3,nan,t-301.991.455-3,Globo Unificado nov dez2023,Globo Unificado nov dez2023.xlsx
DOMINGO,,domingo,,DOMINGO,T-307.003.485-0,nan,t-307.003.485-0,Globo Unificado nov dez2023,Globo Unificado nov dez2023.xlsx
DOMINGO,,domingo,,DOMINGO,T-301.991.455-3,nan,t-301.991.455-3,Globo Unificado nov dez2023,Globo Unificado nov dez2023.xlsx
DOMINGO,,domingo,,DOMINGO,T-307.003.485-0,nan,t-307.003.485-0,Globo Unificado nov dez2023,Globo Unificado nov dez2023.xlsx
DOMINGO,,domingo,,DOMINGO,T-301.991.455-3,nan,t-301.991.455-3,Globo Unificado nov dez2023,Globo Unificado nov dez2023.xlsx
INTERESSEIRA,,interesseira,,INTERESSEIRA,T-305.213.987-0,nan,t-305.213.987-0,Globo Unificado nov dez2023,Globo Unificado nov dez2023.xlsx
INTERESSEIRA,,interesseira,,INTERESSEIRA,T-305.213.987-0,nan,t-305.213.987-0,Globo Unificado nov dez2023,Globo Unificado nov dez2023.xlsx
INTERESSEIRA,,interesseira,,INTERESSEIRA,T-305.213.987-0,nan,t-305.213.987-0,Globo Unificado nov dez2023,Globo Unificado nov dez2023.xlsx
INTERESSEIRA,,interesseira,,INTERESSEIRA,T-305.213.987-0,nan,t-305.213.987-0,Globo Unificado nov dez2023,Globo Unificado nov dez2023.xlsx
INTERESSEIRA,,interesseira,,INTERESSEIRA,T-305.213.987-0,nan,t-305.213.987-0,Globo Unificado nov dez2023,Globo Unificado nov dez2023.xlsx
INTERESSEIRA,,interesseira,,INTERESSEIRA,T-305.213.987-0,nan,t-305.213.987-0,Globo Unificado nov dez2023,Globo Unificado nov dez2023.xlsx
INTERESSEIRA,,interesseira,,INTERESSEIRA,T-305.213.987-0,nan,t-305.213.987-0,Globo Unificado nov dez2023,Globo Unificado nov dez2023.xlsx
MACETANDO,,macetando,,MACETANDO,T-318.000.000-0,nan,t-318.000.000-0,Globo Unificado nov dez2023,Globo Unificado nov dez2023.xlsx
MACETANDO,,macetando,,MACETANDO,T-318.000.000-0,nan,t-318.000.000-0,Globo Unificado nov dez2023,Globo Unificado nov dez2023.xlsx
MACETANDO,,macetando,,MACETANDO,T-318.000.000-0,nan,t-318.000.000-0,Globo Unificado nov dez2023,Globo Unificado nov dez2023.xlsx
MODO AVIAO,,modo aviao,,MODO AVIÃO,T-327.661.161-7,nan,t-327.661.161-7,Globo Unificado nov dez2023,Globo Unificado nov dez2023.xlsx
MODO AVIAO,,modo aviao,,MODO AVIÃO,T-327.661.161-7,nan,t-327.661.161-7,Globo Unificado nov dez2023,Globo Unificado nov dez2023.xlsx
PERFUME,,perfume,,PERFUME,T-305.215.262-8,nan,t-305.215.262-8,Globo Unificado nov dez2023,Globo Unificado nov dez2023.xlsx
PERFUME,,perfume,,PERFUME,T-305.215.262-8,nan,t-305.215.262-8,Globo Unificado nov dez2023,Globo Unificado nov dez2023.xlsx
SINAIS,,sinais,,SINAIS,T-039.662.232-4,nan,t-039.662.232-4,Globo Unificado nov dez2023,Globo Unificado nov dez2023.xlsx
SINAIS,,sinais,,SINAIS,T-039.662.232-4,nan,t-039.662.232-4,Globo Unificado nov dez2023,Globo Unificado nov dez2023.xlsx
SINAIS,,sinais,,SINAIS,T-039.662.232-4,nan,t-039.662.232-4,Globo Unificado nov dez2023,Globo Unificado nov dez2023.xlsx
TEU SEGREDO,,teu segredo,,TEU SEGREDO,T-303.014.148-7,nan,t-303.014.148-7,Globo Unificado nov dez2023,Globo Unificado nov dez2023.xlsx
TEU SEGREDO,,teu segredo,,TEU SEGREDO,T-303.014.148-7,nan,t-303.014.148-7,Globo Unificado nov dez2023,Globo Unificado nov dez2023.xlsx
TEU SEGREDO,,teu segredo,,TEU SEGREDO,T-303.014.148-7,nan,t-303.014.148-7,Globo Unificado nov dez2023,Globo Unificado nov dez2023.xlsx
ACABOU,CONVIDADOS,acabou,,ACABOU,T-039.497.780-0,convidados,t-039.497.780-0,Globo Unificado nov dez2023,Globo Unificado nov dez2023.xlsx
DANCA DO POMBO,MC FAISCA,danca do pombo,,DANÇA DO POMBO,T-315.906.851-2,mc faisca,t-315.906.851-2,Globo Unificado nov dez2023,Globo Unificado nov dez2023.xlsx
PRIMAVERA,LUCIO MAURO E FILHOS,primavera,,PRIMAVERA,T-330.191.323-1,lucio mauro e filhos,t-330.191.323-1,Globo Unificado nov dez2023,Globo Unificado nov dez2023.xlsx
PRIMAVERA,LUCIO MAURO E FILHOS,primavera,,PRIMAVERA,T-040.160.962-8,lucio mauro e filhos,t-040.160.962-8,Globo Unificado nov dez2023,Globo Unificado nov dez2023.xlsx
PRIMAVERA,LUCIO MAURO E FILHOS,primavera,,PRIMAVERA,T-330.191.323-1,lucio mauro e filhos,t-330.191.323-1,Globo Unificado nov dez2023,Globo Unificado nov dez2023.xlsx
PRIMAVERA,LUCIO MAURO E FILHOS,primavera,,PRIMAVERA,T-040.160.962-8,lucio mauro e filhos,t-040.160.962-8,Globo Unificado nov dez2023,Globo Unificado nov dez2023.xlsx
VENDAVAL,MAJUR,vendaval,,VENDAVAL,,majur,nan,Globo Unificado nov dez2023,Globo Unificado nov dez2023.xlsx
LEMBRANCAS,RESTART,lembrancas,,LEMBRANÇAS,T-317.793.983-8,restart,t-317.793.983-8,Globo Unificado nov dez2023,Globo Unificado nov dez2023.xlsx
LEMBRANCAS,RESTART,lembrancas,,LEMBRANÇAS,T-322.628.585-0,restart,t-322.628.585-0,Globo Unificado nov dez2023,Globo Unificado nov dez2023.xlsx
LEMBRANCAS,RESTART,lembrancas,,LEMBRANÇAS,T-317.793.983-8,restart,t-317.793.983-8,Globo Unificado nov dez2023,Globo Unificado nov dez2023.xlsx
LEMBRANCAS,RESTART,lembrancas,,LEMBRANÇAS,T-322.628.585-0,restart,t-322.628.585-0,Globo Unificado nov dez2023,Globo Unificado nov dez2023.xlsx
RECOMECAR,RESTART,recomecar,,RECOMECAR,T-039.311.437-8,restart,t-039.311.437-8,Globo Unificado nov dez2023,Globo Unificado nov dez2023.xlsx
RECOMECAR,RESTART,recomecar,,RECOMEÇAR,T-308.840.890-2,restart,t-308.840.890-2,Globo Unificado nov dez2023,Globo Unificado nov dez2023.xlsx
RECOMECAR,RESTART,recomecar,,RECOMEÇAR,T-316.010.042-1,restart,t-316.010.042-1,Globo Unificado nov dez2023,Globo Unificado nov dez2023.xlsx
RECOMECAR,RESTART,recomecar,,RECOMEÇAR,,restart,nan,Globo Unificado nov dez2023,Globo Unificado nov dez2023.xlsx
RECOMECAR,RESTART,recomecar,,RECOMECAR,T-039.311.437-8,restart,t-039.311.437-8,Globo Unificado nov dez2023,Globo Unificado nov dez2023.xlsx
RECOMECAR,RESTART,recomecar,,RECOMEÇAR,T-308.840.890-2,restart,t-308.840.890-2,Globo Unificado nov dez2023,Globo Unificado nov dez2023.xlsx
RECOMECAR,RESTART,recomecar,,RECOMEÇAR,T-316.010.042-1,restart,t-316.010.042-1,Globo Unificado nov dez2023,Globo Unificado nov dez2023.xlsx
RECOMECAR,RESTART,recomecar,,RECOMEÇAR,,restart,nan,Globo Unificado nov dez2023,Globo Unificado nov dez2023.xlsx
RECOMECAR,RESTART,recomecar,,RECOMECAR,T-039.311.437-8,restart,t-039.311.437-8,Globo Unificado nov dez2023,Globo Unificado nov dez2023.xlsx
RECOMECAR,RESTART,recomecar,,RECOMEÇAR,T-308.840.890-2,restart,t-308.840.890-2,Globo Unificado nov dez2023,Globo Unificado nov dez2023.xlsx
RECOMECAR,RESTART,recomecar,,RECOMEÇAR,T-316.010.042-1,restart,t-316.010.042-1,Globo Unificado nov dez2023,Globo Unificado nov dez2023.xlsx
RECOMECAR,RESTART,recomecar,,RECOMEÇAR,,restart,nan,Globo Unificado nov dez2023,Globo Unificado nov dez2023.xlsx
RECOMECAR,RESTART,recomecar,,RECOMECAR,T-039.311.437-8,restart,t-039.311.437-8,Globo Unificado nov dez2023,Globo Unificado nov dez2023.xlsx
RECOMECAR,RESTART,recomecar,,RECOMEÇAR,T-308.840.890-2,restart,t-308.840.890-2,Globo Unificado nov dez2023,Globo Unificado nov dez2023.xlsx
RECOMECAR,RESTART,recomecar,,RECOMEÇAR,T-316.010.042-1,restart,t-316.010.042-1,Globo Unificado nov dez2023,Globo Unificado nov dez2023.xlsx
RECOMECAR,RESTART,recomecar,,RECOMEÇAR,,restart,nan,Globo Unificado nov dez2023,Globo Unificado nov dez2023.xlsx
DESAFIO,XANDDY HARMONIA,desafio,,DESAFIO,T-040.453.293-9,xanddy harmonia,t-040.453.293-9,Globo Unificado nov dez2023,Globo Unificado nov dez2023.xlsx
DESAFIO,XANDDY HARMONIA,desafio,,DESAFIO,T-312.554.786-2,xanddy harmonia,t-312.554.786-2,Globo Unificado nov dez2023,Globo Unificado nov dez2023.xlsx
DESAFIO,XANDDY HARMONIA,desafio,,DESAFIO,T-040.453.293-9,xanddy harmonia,t-040.453.293-9,Globo Unificado nov dez2023,Globo Unificado nov dez2023.xlsx
DESAFIO,XANDDY HARMONIA,desafio,,DESAFIO,T-312.554.786-2,xanddy harmonia,t-312.554.786-2,Globo Unificado nov dez2023,Globo Unificado nov dez2023.xlsx
DESAFIO,XANDDY HARMONIA,desafio,,DESAFIO,T-040.453.293-9,xanddy harmonia,t-040.453.293-9,Globo Unificado nov dez2023,Globo Unificado nov dez2023.xlsx
DESAFIO,XANDDY HARMONIA,desafio,,DESAFIO,T-312.554.786-2,xanddy harmonia,t-312.554.786-2,Globo Unificado nov dez2023,Globo Unificado nov dez2023.xlsx
DESAFIO,XANDDY HARMONIA,desafio,,DESAFIO,T-040.453.293-9,xanddy harmonia,t-040.453.293-9,Globo Unificado nov dez2023,Globo Unificado nov dez2023.xlsx
DESAFIO,XANDDY HARMONIA,desafio,,DESAFIO,T-312.554.786-2,xanddy harmonia,t-312.554.786-2,Globo Unificado nov dez2023,Globo Unificado nov dez2023.xlsx
SOCADONA,"LUDMILLA,MARIAH ANGELIQ,MR. VEGAS,TOPO LA MASKARA",socadona,,SOCADONA,T-305.217.548-7,"ludmilla,mariah angeliq,mr. vegas,topo la maskara",t-305.217.548-7,Globo Unificado nov dez2023,Globo Unificado nov dez2023.xlsx
SOCADONA,"LUDMILLA,MARIAH ANGELIQ,MR. VEGAS,TOPO LA MASKARA",socadona,,SOCADONA,,"ludmilla,mariah angeliq,mr. vegas,topo la maskara",nan,Globo Unificado nov dez2023,Globo Unificado nov dez2023.xlsx
SOCADONA,"LUDMILLA,MARIAH ANGELIQ,MR. VEGAS,TOPO LA MASKARA",socadona,,SOCADONA,T-305.217.548-7,"ludmilla,mariah angeliq,mr. vegas,topo la maskara",t-305.217.548-7,Globo Unificado nov dez2023,Globo Unificado nov dez2023.xlsx
SOCADONA,"LUDMILLA,MARIAH ANGELIQ,MR. VEGAS,TOPO LA MASKARA",socadona,,SOCADONA,,"ludmilla,mariah angeliq,mr. vegas,topo la maskara",nan,Globo Unificado nov dez2023,Globo Unificado nov dez2023.xlsx
SOCADONA,"LUDMILLA,MARIAH ANGELIQ,MR. VEGAS,TOPO LA MASKARA",socadona,,SOCADONA,T-305.217.548-7,"ludmilla,mariah angeliq,mr. vegas,topo la maskara",t-305.217.548-7,Globo Unificado nov dez2023,Globo Unificado nov dez2023.xlsx
SOCADONA,"LUDMILLA,MARIAH ANGELIQ,MR. VEGAS,TOPO LA MASKARA",socadona,,SOCADONA,,"ludmilla,mariah angeliq,mr. vegas,topo la maskara",nan,Globo Unificado nov dez2023,Globo Unificado nov dez2023.xlsx
SOCADONA,"LUDMILLA,MARIAH ANGELIQ,MR. VEGAS,TOPO LA MASKARA",socadona,,SOCADONA,T-305.217.548-7,"ludmilla,mariah angeliq,mr. vegas,topo la maskara",t-305.217.548-7,Globo Unificado nov dez2023,Globo Unificado nov dez2023.xlsx
SOCADONA,"LUDMILLA,MARIAH ANGELIQ,MR. VEGAS,TOPO LA MASKARA",socadona,,SOCADONA,,"ludmilla,mariah angeliq,mr. vegas,topo la maskara",nan,Globo Unificado nov dez2023,Globo Unificado nov dez2023.xlsx
SOCADONA,"LUDMILLA,MARIAH ANGELIQ,MR. VEGAS,TOPO LA MASKARA",socadona,,SOCADONA,T-305.217.548-7,"ludmilla,mariah angeliq,mr. vegas,topo la maskara",t-305.217.548-7,Globo Unificado nov dez2023,Globo Unificado nov dez2023.xlsx
SOCADONA,"LUDMILLA,MARIAH ANGELIQ,MR. VEGAS,TOPO LA MASKARA",socadona,,SOCADONA,,"ludmilla,mariah angeliq,mr. vegas,topo la maskara",nan,Globo Unificado nov dez2023,Globo Unificado nov dez2023.xlsx
SOCADONA,"LUDMILLA,MARIAH ANGELIQ,MR. VEGAS,TOPO LA MASKARA",socadona,,SOCADONA,T-305.217.548-7,"ludmilla,mariah angeliq,mr. vegas,topo la maskara",t-305.217.548-7,Globo Unificado nov dez2023,Globo Unificado nov dez2023.xlsx
SOCADONA,"LUDMILLA,MARIAH ANGELIQ,MR. VEGAS,TOPO LA MASKARA",socadona,,SOCADONA,,"ludmilla,mariah angeliq,mr. vegas,topo la maskara",nan,Globo Unificado nov dez2023,Globo Unificado nov dez2023.xlsx
SOCADONA,"LUDMILLA,MARIAH ANGELIQ,MR. VEGAS,TOPO LA MASKARA",socadona,,SOCADONA,T-305.217.548-7,"ludmilla,mariah angeliq,mr. vegas,topo la maskara",t-305.217.548-7,Globo Unificado nov dez2023,Globo Unificado nov dez2023.xlsx
SOCADONA,"LUDMILLA,MARIAH ANGELIQ,MR. VEGAS,TOPO LA MASKARA",socadona,,SOCADONA,,"ludmilla,mariah angeliq,mr. vegas,topo la maskara",nan,Globo Unificado nov dez2023,Globo Unificado nov dez2023.xlsx
SOCADONA,"LUDMILLA,MARIAH ANGELIQ,MR. VEGAS,TOPO LA MASKARA",socadona,,SOCADONA,T-305.217.548-7,"ludmilla,mariah angeliq,mr. vegas,topo la maskara",t-305.217.548-7,Globo Unificado nov dez2023,Globo Unificado nov dez2023.xlsx
SOCADONA,"LUDMILLA,MARIAH ANGELIQ,MR. VEGAS,TOPO LA MASKARA",socadona,,SOCADONA,,"ludmilla,mariah angeliq,mr. vegas,topo la maskara",nan,Globo Unificado nov dez2023,Globo Unificado nov dez2023.xlsx
SOCADONA,"LUDMILLA,MARIAH ANGELIQ,MR. VEGAS,TOPO LA MASKARA",socadona,,SOCADONA,T-305.217.548-7,"ludmilla,mariah angeliq,mr. vegas,topo la maskara",t-305.217.548-7,Globo Unificado nov dez2023,Globo Unificado nov dez2023.xlsx
SOCADONA,"LUDMILLA,MARIAH ANGELIQ,MR. VEGAS,TOPO LA MASKARA",socadona,,SOCADONA,,"ludmilla,mariah angeliq,mr. vegas,topo la maskara",nan,Globo Unificado nov dez2023,Globo Unificado nov dez2023.xlsx
THE GIRLS,BLACKPINK,the girls,,THE GIRLS,,blackpink,nan,Globo Unificado nov dez2023,Globo Unificado nov dez2023.xlsx
THE GIRLS,BLACKPINK,the girls,,THE GIRLS,,blackpink,nan,Globo Unificado nov dez2023,Globo Unificado nov dez2023.xlsx
THE GIRLS,BLACKPINK,the girls,,THE GIRLS,,blackpink,nan,Globo Unificado nov dez2023,Globo Unificado nov dez2023.xlsx
THE GIRLS,BLACKPINK,the girls,,THE GIRLS,,blackpink,nan,Globo Unificado nov dez2023,Globo Unificado nov dez2023.xlsx
THE GIRLS,BLACKPINK,the girls,,THE GIRLS,,blackpink,nan,Globo Unificado nov dez2023,Globo Unificado nov dez2023.xlsx
THE GIRLS,BLACKPINK,the girls,,THE GIRLS,,blackpink,nan,Globo Unificado nov dez2023,Globo Unificado nov dez2023.xlsx
THE GIRLS,BLACKPINK,the girls,,THE GIRLS,,blackpink,nan,Globo Unificado nov dez2023,Globo Unificado nov dez2023.xlsx
DESAFIO,HARMONIA DO SAMBA,desafio,,DESAFIO,T-040.453.293-9,harmonia do samba,t-040.453.293-9,Globo Unificado nov dez2023,Globo Unificado nov dez2023.xlsx
DESAFIO,HARMONIA DO SAMBA,desafio,,DESAFIO,T-312.554.786-2,harmonia do samba,t-312.554.786-2,Globo Unificado nov dez2023,Globo Unificado nov dez2023.xlsx
DESAFIO,HARMONIA DO SAMBA,desafio,,DESAFIO,T-040.453.293-9,harmonia do samba,t-040.453.293-9,Globo Unificado nov dez2023,Globo Unificado nov dez2023.xlsx
DESAFIO,HARMONIA DO SAMBA,desafio,,DESAFIO,T-312.554.786-2,harmonia do samba,t-312.554.786-2,Globo Unificado nov dez2023,Globo Unificado nov dez2023.xlsx
DESAFIO,HARMONIA DO SAMBA,desafio,,DESAFIO,T-040.453.293-9,harmonia do samba,t-040.453.293-9,Globo Unificado nov dez2023,Globo Unificado nov dez2023.xlsx
DESAFIO,HARMONIA DO SAMBA,desafio,,DESAFIO,T-312.554.786-2,harmonia do samba,t-312.554.786-2,Globo Unificado nov dez2023,Globo Unificado nov dez2023.xlsx
DESAFIO,HARMONIA DO SAMBA,desafio,,DESAFIO,T-040.453.293-9,harmonia do samba,t-040.453.293-9,Globo Unificado nov dez2023,Globo Unificado nov dez2023.xlsx
DESAFIO,HARMONIA DO SAMBA,desafio,,DESAFIO,T-312.554.786-2,harmonia do samba,t-312.554.786-2,Globo Unificado nov dez2023,Globo Unificado nov dez2023.xlsx
SOCADONA,LUDMILLA,socadona,,SOCADONA,T-305.217.548-7,ludmilla,t-305.217.548-7,Globo Unificado nov dez2023,Globo Unificado nov dez2023.xlsx
SOCADONA,LUDMILLA,socadona,,SOCADONA,,ludmilla,nan,Globo Unificado nov dez2023,Globo Unificado nov dez2023.xlsx
SOCADONA,LUDMILLA,socadona,,SOCADONA,T-305.217.548-7,ludmilla,t-305.217.548-7,Globo Unificado nov dez2023,Globo Unificado nov dez2023.xlsx
SOCADONA,LUDMILLA,socadona,,SOCADONA,,ludmilla,nan,Globo Unificado nov dez2023,Globo Unificado nov dez2023.xlsx
SOCADONA,LUDMILLA,socadona,,SOCADONA,T-305.217.548-7,ludmilla,t-305.217.548-7,Globo Unificado nov dez2023,Globo Unificado nov dez2023.xlsx
SOCADONA,LUDMILLA,socadona,,SOCADONA,,ludmilla,nan,Globo Unificado nov dez2023,Globo Unificado nov dez2023.xlsx
SOCADONA,LUDMILLA,socadona,,SOCADONA,T-305.217.548-7,ludmilla,t-305.217.548-7,Globo Unificado nov dez2023,Globo Unificado nov dez2023.xlsx
SOCADONA,LUDMILLA,socadona,,SOCADONA,,ludmilla,nan,Globo Unificado nov dez2023,Globo Unificado nov dez2023.xlsx
SOCADONA,LUDMILLA,socadona,,SOCADONA,T-305.217.548-7,ludmilla,t-305.217.548-7,Globo Unificado nov dez2023,Globo Unificado nov dez2023.xlsx
SOCADONA,LUDMILLA,socadona,,SOCADONA,,ludmilla,nan,Globo Unificado nov dez2023,Globo Unificado nov dez2023.xlsx
SOCADONA,LUDMILLA,socadona,,SOCADONA,T-305.217.548-7,ludmilla,t-305.217.548-7,Globo Unificado nov dez2023,Globo Unificado nov dez2023.xlsx
SOCADONA,LUDMILLA,socadona,,SOCADONA,,ludmilla,nan,Globo Unificado nov dez2023,Globo Unificado nov dez2023.xlsx
SOCADONA,LUDMILLA,socadona,,SOCADONA,T-305.217.548-7,ludmilla,t-305.217.548-7,Globo Unificado nov dez2023,Globo Unificado nov dez2023.xlsx
SOCADONA,LUDMILLA,socadona,,SOCADONA,,ludmilla,nan,Globo Unificado nov dez2023,Globo Unificado nov dez2023.xlsx
SOCADONA,LUDMILLA,socadona,,SOCADONA,T-305.217.548-7,ludmilla,t-305.217.548-7,Globo Unificado nov dez2023,Globo Unificado nov dez2023.xlsx
SOCADONA,LUDMILLA,socadona,,SOCADONA,,ludmilla,nan,Globo Unificado nov dez2023,Globo Unificado nov dez2023.xlsx
SOCADONA,LUDMILLA,socadona,,SOCADONA,T-305.217.548-7,ludmilla,t-305.217.548-7,Globo Unificado nov dez2023,Globo Unificado nov dez2023.xlsx
SOCADONA,LUDMILLA,socadona,,SOCADONA,,ludmilla,nan,Globo Unificado nov dez2023,Globo Unificado nov dez2023.xlsx
MARIA,BLONDIE,maria,,MARIA,T-307.006.304-2,blondie,t-307.006.304-2,Globo Unificado nov dez2023,Globo Unificado nov dez2023.xlsx
MARIA,BLONDIE,maria,,MARIA,T-311.953.638-4,blondie,t-311.953.638-4,Globo Unificado nov dez2023,Globo Unificado nov dez2023.xlsx
BAILE DE FAVELA,CACAU PROTASIO,baile de favela,,BAILE DE FAVELA,T-303.383.693-6,cacau protasio,t-303.383.693-6,Globo Unificado nov dez2023,Globo Unificado nov dez2023.xlsx
ELA,SORRISO MAROTO,ela,,ELA,T-322.696.235-8,sorriso maroto,t-322.696.235-8,Globo Unificado nov dez2023,Globo Unificado nov dez2023.xlsx
ELA,SORRISO MAROTO,ela,,ELA,T-322.696.235-8,sorriso maroto,t-322.696.235-8,Globo Unificado nov dez2023,Globo Unificado nov dez2023.xlsx
ELA,SORRISO MAROTO,ela,,ELA,T-322.696.235-8,sorriso maroto,t-322.696.235-8,Globo Unificado nov dez2023,Globo Unificado nov dez2023.xlsx
SO VOCE,FABIO JR,so voce,,SO VOCE,T-039.310.698-3,fabio jr,t-039.310.698-3,Globo Unificado nov dez2023,Globo Unificado nov dez2023.xlsx
MAGICA,HUGO & GUILHERME,magica,,MÁGICA,T-307.416.503-6,hugo & guilherme,t-307.416.503-6,Globo Unificado nov dez2023,Globo Unificado nov dez2023.xlsx
MAGICA,HUGO & GUILHERME,magica,,MÁGICA,T-307.416.503-6,hugo & guilherme,t-307.416.503-6,Globo Unificado nov dez2023,Globo Unificado nov dez2023.xlsx
MAGICA,HUGO & GUILHERME,magica,,MÁGICA,T-307.416.503-6,hugo & guilherme,t-307.416.503-6,Globo Unificado nov dez2023,Globo Unificado nov dez2023.xlsx
LISTEN,BEYONCÉ,listen,,LISTEN,,beyonce,nan,Globo Unificado nov dez2023,Globo Unificado nov dez2023.xlsx
LISTEN,BEYONCÉ,listen,,LISTEN,,beyonce,nan,Globo Unificado nov dez2023,Globo Unificado nov dez2023.xlsx
LISTEN,BEYONCÉ,listen,,LISTEN,,beyonce,nan,Globo Unificado nov dez2023,Globo Unificado nov dez2023.xlsx
LISTEN,BEYONCÉ,listen,,LISTEN,,beyonce,nan,Globo Unificado nov dez2023,Globo Unificado nov dez2023.xlsx
BOM DIA,"FEYJÃO,NATIRUTS",bom dia,,BOM DIA,T-039.479.823-2,"feyjao,natiruts",t-039.479.823-2,Globo Unificado nov dez2023,Globo Unificado nov dez2023.xlsx
BOM DIA,"FEYJÃO,NATIRUTS",bom dia,,BOM DIA,T-325.754.252-8,"feyjao,natiruts",t-325.754.252-8,Globo Unificado nov dez2023,Globo Unificado nov dez2023.xlsx
BOM DIA,"FEYJÃO,NATIRUTS",bom dia,,BOM DIA,T-307.418.982-1,"feyjao,natiruts",t-307.418.982-1,Globo Unificado nov dez2023,Globo Unificado nov dez2023.xlsx
BOM DIA,"FEYJÃO,NATIRUTS",bom dia,,BOM DIA,T-308.118.451-8,"feyjao,natiruts",t-308.118.451-8,Globo Unificado nov dez2023,Globo Unificado nov dez2023.xlsx
BOM DIA,"FEYJÃO,NATIRUTS",bom dia,,BOM DIA,T-308.505.756-9,"feyjao,natiruts",t-308.505.756-9,Globo Unificado nov dez2023,Globo Unificado nov dez2023.xlsx
BOM DIA,"FEYJÃO,NATIRUTS",bom dia,,BOM DIA,T-039.479.823-2,"feyjao,natiruts",t-039.479.823-2,Globo Unificado nov dez2023,Globo Unificado nov dez2023.xlsx
BOM DIA,"FEYJÃO,NATIRUTS",bom dia,,BOM DIA,T-325.754.252-8,"feyjao,natiruts",t-325.754.252-8,Globo Unificado nov dez2023,Globo Unificado nov dez2023.xlsx
BOM DIA,"FEYJÃO,NATIRUTS",bom dia,,BOM DIA,T-307.418.982-1,"feyjao,natiruts",t-307.418.982-1,Globo Unificado nov dez2023,Globo Unificado nov dez2023.xlsx
BOM DIA,"FEYJÃO,NATIRUTS",bom dia,,BOM DIA,T-308.118.451-8,"feyjao,natiruts",t-308.118.451-8,Globo Unificado nov dez2023,Globo Unificado nov dez2023.xlsx
BOM DIA,"FEYJÃO,NATIRUTS",bom dia,,BOM DIA,T-308.505.756-9,"feyjao,natiruts",t-308.505.756-9,Globo Unificado nov dez2023,Globo Unificado nov dez2023.xlsx
GIRASSOL,TONI GARRIDO,girassol,,GIRASSOL,T-335.572.256-0,toni garrido,t-335.572.256-0,Globo Unificado nov dez2023,Globo Unificado nov dez2023.xlsx
GIRASSOL,TONI GARRIDO,girassol,,GIRASSOL,T-335.572.256-0,toni garrido,t-335.572.256-0,Globo Unificado nov dez2023,Globo Unificado nov dez2023.xlsx
GIRASSOL,TONI GARRIDO,girassol,,GIRASSOL,T-335.572.256-0,toni garrido,t-335.572.256-0,Globo Unificado nov dez2023,Globo Unificado nov dez2023.xlsx
GIRASSOL,TONI GARRIDO,girassol,,GIRASSOL,T-335.572.256-0,toni garrido,t-335.572.256-0,Globo Unificado nov dez2023,Globo Unificado nov dez2023.xlsx
GIRASSOL,TONI GARRIDO,girassol,,GIRASSOL,T-335.572.256-0,toni garrido,t-335.572.256-0,Globo Unificado nov dez2023,Globo Unificado nov dez2023.xlsx
SO VOCE,FABIO JR,so voce,,SO VOCE,T-039.310.698-3,fabio jr,t-039.310.698-3,Globo Unificado nov dez2023,Globo Unificado nov dez2023.xlsx
ME PERDOA,"FERRUGEM,IZA",me perdoa,,ME PERDOA,,"ferrugem,iza",nan,Globo Unificado nov dez2023,Globo Unificado nov dez2023.xlsx
ME PERDOA,"FERRUGEM,IZA",me perdoa,,ME PERDOA,,"ferrugem,iza",nan,Globo Unificado nov dez2023,Globo Unificado nov dez2023.xlsx
ME PERDOA,"FERRUGEM,IZA",me perdoa,,ME PERDOA,,"ferrugem,iza",nan,Globo Unificado nov dez2023,Globo Unificado nov dez2023.xlsx
GRATIDAO,L7NNON,gratidao,,GRATIDÃO,T-305.217.523-8,l7nnon,t-305.217.523-8,Globo Unificado nov dez2023,Globo Unificado nov dez2023.xlsx
GRATIDAO,L7NNON,gratidao,,GRATIDÃO,T-305.217.523-8,l7nnon,t-305.217.523-8,Globo Unificado nov dez2023,Globo Unificado nov dez2023.xlsx
MORENA,NAMORADO PIPOCA,morena,,MORENA,,namorado pipoca,nan,Globo Unificado nov dez2023,Globo Unificado nov dez2023.xlsx
MORENA,NAMORADO PIPOCA,morena,,MORENA,T-312.550.698-7,namorado pipoca,t-312.550.698-7,Globo Unificado nov dez2023,Globo Unificado nov dez2023.xlsx
MORENA,NAMORADO PIPOCA,morena,,MORENA,,namorado pipoca,nan,Globo Unificado nov dez2023,Globo Unificado nov dez2023.xlsx
MORENA,NAMORADO PIPOCA,morena,,MORENA,T-312.550.698-7,namorado pipoca,t-312.550.698-7,Globo Unificado nov dez2023,Globo Unificado nov dez2023.xlsx
MARIA,BLONDIE,maria,,MARIA,T-307.006.304-2,blondie,t-307.006.304-2,Globo Unificado nov dez2023,Globo Unificado nov dez2023.xlsx
MARIA,BLONDIE,maria,,MARIA,T-311.953.638-4,blondie,t-311.953.638-4,Globo Unificado nov dez2023,Globo Unificado nov dez2023.xlsx
TRAVESSIA,MILTON NASCIMENTO E PEDRO BIAL,travessia,,TRAVESSIA,T-313.642.509-3,milton nascimento e pedro bial,t-313.642.509-3,Globo Unificado nov dez2023,Globo Unificado nov dez2023.xlsx
TRAVESSIA,MILTON NASCIMENTO E PEDRO BIAL,travessia,,TRAVESSIA,T-313.642.509-3,milton nascimento e pedro bial,t-313.642.509-3,Globo Unificado nov dez2023,Globo Unificado nov dez2023.xlsx
SOU EU,LUDMILLA,sou eu,,SOU EU,T-042.615.532-9,ludmilla,t-042.615.532-9,Globo Unificado nov dez2023,Globo Unificado nov dez2023.xlsx
SOU EU,LUDMILLA,sou eu,,SOU EU,T-042.615.532-9,ludmilla,t-042.615.532-9,Globo Unificado nov dez2023,Globo Unificado nov dez2023.xlsx
SOU EU,LUDMILLA,sou eu,,SOU EU,T-042.615.532-9,ludmilla,t-042.615.532-9,Globo Unificado nov dez2023,Globo Unificado nov dez2023.xlsx
SOU EU,LUDMILLA,sou eu,,SOU EU,T-042.615.532-9,ludmilla,t-042.615.532-9,Globo Unificado nov dez2023,Globo Unificado nov dez2023.xlsx
SOU EU,LUDMILLA,sou eu,,SOU EU,T-042.615.532-9,ludmilla,t-042.615.532-9,Globo Unificado nov dez2023,Globo Unificado nov dez2023.xlsx
PEGANDO FOGO,MARCUS MAJELLA,pegando fogo,,PEGANDO FOGO,T-305.213.998-3,marcus majella,t-305.213.998-3,Globo Unificado nov dez2023,Globo Unificado nov dez2023.xlsx
PEGANDO FOGO,MARCUS MAJELLA,pegando fogo,,PEGANDO FOGO,T-305.213.998-3,marcus majella,t-305.213.998-3,Globo Unificado nov dez2023,Globo Unificado nov dez2023.xlsx
PSICOSE,ECLIPSE SOUL,psicose,,PSICOSE,T-312.553.380-0,eclipse soul,t-312.553.380-0,Globo Unificado nov dez2023,Globo Unificado nov dez2023.xlsx
TEMPORAL,LUCIO MAURO E FILHOS,temporal,,TEMPORAL,T-307.003.180-6,lucio mauro e filhos,t-307.003.180-6,Globo Unificado nov dez2023,Globo Unificado nov dez2023.xlsx
UTOPIA,MARCIO ART,utopia,,UTOPIA,T-040.522.248-1,marcio art,t-040.522.248-1,Globo Unificado nov dez2023,Globo Unificado nov dez2023.xlsx
UTOPIA,MARCIO ART,utopia,,UTOPIA,T-329.283.611-0,marcio art,t-329.283.611-0,Globo Unificado nov dez2023,Globo Unificado nov dez2023.xlsx
UTOPIA,MARCIO ART,utopia,,UTOPIA,T-040.522.248-1,marcio art,t-040.522.248-1,Globo Unificado nov dez2023,Globo Unificado nov dez2023.xlsx
UTOPIA,MARCIO ART,utopia,,UTOPIA,T-329.283.611-0,marcio art,t-329.283.611-0,Globo Unificado nov dez2023,Globo Unificado nov dez2023.xlsx
UTOPIA,MARCIO ART,utopia,,UTOPIA,T-040.522.248-1,marcio art,t-040.522.248-1,Globo Unificado nov dez2023,Globo Unificado nov dez2023.xlsx
UTOPIA,MARCIO ART,utopia,,UTOPIA,T-329.283.611-0,marcio art,t-329.283.611-0,Globo Unificado nov dez2023,Globo Unificado nov dez2023.xlsx
SEM FILTRO,IZA,sem filtro,,SEM FILTRO,T-335.572.263-9,iza,t-335.572.263-9,Globo Unificado nov dez2023,Globo Unificado nov dez2023.xlsx
SEM FILTRO,IZA,sem filtro,,SEM FILTRO,T-335.572.263-9,iza,t-335.572.263-9,Globo Unificado nov dez2023,Globo Unificado nov dez2023.xlsx
SEM FILTRO,IZA,sem filtro,,SEM FILTRO,T-335.572.263-9,iza,t-335.572.263-9,Globo Unificado nov dez2023,Globo Unificado nov dez2023.xlsx
CRIA,MARIA RITA,cria,,CRIA,T-317.733.193-6,maria rita,t-317.733.193-6,Globo Unificado nov dez2023,Globo Unificado nov dez2023.xlsx
CRIA,MARIA RITA,cria,,CRIA,T-317.733.193-6,maria rita,t-317.733.193-6,Globo Unificado nov dez2023,Globo Unificado nov dez2023.xlsx
OPENING,BRUCE BRUBAKE,opening,,OPENING,,bruce brubake,nan,Globo Unificado nov dez2023,Globo Unificado nov dez2023.xlsx
BANDIDA,"PABLLO VITTAR,POCAH",bandida,,BANDIDA,,"pabllo vittar,pocah",nan,Globo Unificado nov dez2023,Globo Unificado nov dez2023.xlsx
BANDIDA,"PABLLO VITTAR,POCAH",bandida,,BANDIDA,T-313.263.400-1,"pabllo vittar,pocah",t-313.263.400-1,Globo Unificado nov dez2023,Globo Unificado nov dez2023.xlsx
BANDIDA,"PABLLO VITTAR,POCAH",bandida,,BANDIDA,,"pabllo vittar,pocah",nan,Globo Unificado nov dez2023,Globo Unificado nov dez2023.xlsx
BANDIDA,"PABLLO VITTAR,POCAH",bandida,,BANDIDA,T-313.263.400-1,"pabllo vittar,pocah",t-313.263.400-1,Globo Unificado nov dez2023,Globo Unificado nov dez2023.xlsx
BANDIDA,"PABLLO VITTAR,POCAH",bandida,,BANDIDA,,"pabllo vittar,pocah",nan,Globo Unificado nov dez2023,Globo Unificado nov dez2023.xlsx
BANDIDA,"PABLLO VITTAR,POCAH",bandida,,BANDIDA,T-313.263.400-1,"pabllo vittar,pocah",t-313.263.400-1,Globo Unificado nov dez2023,Globo Unificado nov dez2023.xlsx
BANDIDA,"PABLLO VITTAR,POCAH",bandida,,BANDIDA,,"pabllo vittar,pocah",nan,Globo Unificado nov dez2023,Globo Unificado nov dez2023.xlsx
BANDIDA,"PABLLO VITTAR,POCAH",bandida,,BANDIDA,T-313.263.400-1,"pabllo vittar,pocah",t-313.263.400-1,Globo Unificado nov dez2023,Globo Unificado nov dez2023.xlsx
BANDIDA,"PABLLO VITTAR,POCAH",bandida,,BANDIDA,,"pabllo vittar,pocah",nan,Globo Unificado nov dez2023,Globo Unificado nov dez2023.xlsx
BANDIDA,"PABLLO VITTAR,POCAH",bandida,,BANDIDA,T-313.263.400-1,"pabllo vittar,pocah",t-313.263.400-1,Globo Unificado nov dez2023,Globo Unificado nov dez2023.xlsx
BANDIDA,"PABLLO VITTAR,POCAH",bandida,,BANDIDA,,"pabllo vittar,pocah",nan,Globo Unificado nov dez2023,Globo Unificado nov dez2023.xlsx
BANDIDA,"PABLLO VITTAR,POCAH",bandida,,BANDIDA,T-313.263.400-1,"pabllo vittar,pocah",t-313.263.400-1,Globo Unificado nov dez2023,Globo Unificado nov dez2023.xlsx
BANDIDA,"PABLLO VITTAR,POCAH",bandida,,BANDIDA,,"pabllo vittar,pocah",nan,Globo Unificado nov dez2023,Globo Unificado nov dez2023.xlsx
BANDIDA,"PABLLO VITTAR,POCAH",bandida,,BANDIDA,T-313.263.400-1,"pabllo vittar,pocah",t-313.263.400-1,Globo Unificado nov dez2023,Globo Unificado nov dez2023.xlsx
BANDIDA,"PABLLO VITTAR,POCAH",bandida,,BANDIDA,,"pabllo vittar,pocah",nan,Globo Unificado nov dez2023,Globo Unificado nov dez2023.xlsx
BANDIDA,"PABLLO VITTAR,POCAH",bandida,,BANDIDA,T-313.263.400-1,"pabllo vittar,pocah",t-313.263.400-1,Globo Unificado nov dez2023,Globo Unificado nov dez2023.xlsx
BANDIDA,"PABLLO VITTAR,POCAH",bandida,,BANDIDA,,"pabllo vittar,pocah",nan,Globo Unificado nov dez2023,Globo Unificado nov dez2023.xlsx
BANDIDA,"PABLLO VITTAR,POCAH",bandida,,BANDIDA,T-313.263.400-1,"pabllo vittar,pocah",t-313.263.400-1,Globo Unificado nov dez2023,Globo Unificado nov dez2023.xlsx
BANDIDA,"PABLLO VITTAR,POCAH",bandida,,BANDIDA,,"pabllo vittar,pocah",nan,Globo Unificado nov dez2023,Globo Unificado nov dez2023.xlsx
BANDIDA,"PABLLO VITTAR,POCAH",bandida,,BANDIDA,T-313.263.400-1,"pabllo vittar,pocah",t-313.263.400-1,Globo Unificado nov dez2023,Globo Unificado nov dez2023.xlsx
BANDIDA,"PABLLO VITTAR,POCAH",bandida,,BANDIDA,,"pabllo vittar,pocah",nan,Globo Unificado nov dez2023,Globo Unificado nov dez2023.xlsx
BANDIDA,"PABLLO VITTAR,POCAH",bandida,,BANDIDA,T-313.263.400-1,"pabllo vittar,pocah",t-313.263.400-1,Globo Unificado nov dez2023,Globo Unificado nov dez2023.xlsx
BANDIDA,"PABLLO VITTAR,POCAH",bandida,,BANDIDA,,"pabllo vittar,pocah",nan,Globo Unificado nov dez2023,Globo Unificado nov dez2023.xlsx
BANDIDA,"PABLLO VITTAR,POCAH",bandida,,BANDIDA,T-313.263.400-1,"pabllo vittar,pocah",t-313.263.400-1,Globo Unificado nov dez2023,Globo Unificado nov dez2023.xlsx
BANDIDA,"PABLLO VITTAR,POCAH",bandida,,BANDIDA,,"pabllo vittar,pocah",nan,Globo Unificado nov dez2023,Globo Unificado nov dez2023.xlsx
BANDIDA,"PABLLO VITTAR,POCAH",bandida,,BANDIDA,T-313.263.400-1,"pabllo vittar,pocah",t-313.263.400-1,Globo Unificado nov dez2023,Globo Unificado nov dez2023.xlsx
BANDIDA,"PABLLO VITTAR,POCAH",bandida,,BANDIDA,,"pabllo vittar,pocah",nan,Globo Unificado nov dez2023,Globo Unificado nov dez2023.xlsx
BANDIDA,"PABLLO VITTAR,POCAH",bandida,,BANDIDA,T-313.263.400-1,"pabllo vittar,pocah",t-313.263.400-1,Globo Unificado nov dez2023,Globo Unificado nov dez2023.xlsx
BANDIDA,"PABLLO VITTAR,POCAH",bandida,,BANDIDA,,"pabllo vittar,pocah",nan,Globo Unificado nov dez2023,Globo Unificado nov dez2023.xlsx
BANDIDA,"PABLLO VITTAR,POCAH",bandida,,BANDIDA,T-313.263.400-1,"pabllo vittar,pocah",t-313.263.400-1,Globo Unificado nov dez2023,Globo Unificado nov dez2023.xlsx
BAILE DE FAVELA,MC JOAO,baile de favela,,BAILE DE FAVELA,T-303.383.693-6,mc joao,t-303.383.693-6,Globo Unificado nov dez2023,Globo Unificado nov dez2023.xlsx
SOU EU,LUDMILLA,sou eu,,SOU EU,T-042.615.532-9,ludmilla,t-042.615.532-9,Globo Unificado nov dez2023,Globo Unificado nov dez2023.xlsx
SOU EU,LUDMILLA,sou eu,,SOU EU,T-042.615.532-9,ludmilla,t-042.615.532-9,Globo Unificado nov dez2023,Globo Unificado nov dez2023.xlsx
SOU EU,LUDMILLA,sou eu,,SOU EU,T-042.615.532-9,ludmilla,t-042.615.532-9,Globo Unificado nov dez2023,Globo Unificado nov dez2023.xlsx
SOU EU,LUDMILLA,sou eu,,SOU EU,T-042.615.532-9,ludmilla,t-042.615.532-9,Globo Unificado nov dez2023,Globo Unificado nov dez2023.xlsx
SOU EU,LUDMILLA,sou eu,,SOU EU,T-042.615.532-9,ludmilla,t-042.615.532-9,Globo Unificado nov dez2023,Globo Unificado nov dez2023.xlsx
SOU EU,LUDMILLA,sou eu,,SOU EU,T-042.615.532-9,ludmilla,t-042.615.532-9,Globo Unificado nov dez2023,Globo Unificado nov dez2023.xlsx
SOU EU,LUDMILLA,sou eu,,SOU EU,T-042.615.532-9,ludmilla,t-042.615.532-9,Globo Unificado nov dez2023,Globo Unificado nov dez2023.xlsx
SOU EU,LUDMILLA,sou eu,,SOU EU,T-042.615.532-9,ludmilla,t-042.615.532-9,Globo Unificado nov dez2023,Globo Unificado nov dez2023.xlsx
SOU EU,LUDMILLA,sou eu,,SOU EU,T-042.615.532-9,ludmilla,t-042.615.532-9,Globo Unificado nov dez2023,Globo Unificado nov dez2023.xlsx
SOU EU,LUDMILLA,sou eu,,SOU EU,T-042.615.532-9,ludmilla,t-042.615.532-9,Globo Unificado nov dez2023,Globo Unificado nov dez2023.xlsx
FRIO,FILHOS DA BAHIA,frio,,FRIO,T-313.413.891-9,filhos da bahia,t-313.413.891-9,Globo Unificado nov dez2023,Globo Unificado nov dez2023.xlsx
FRIO,FILHOS DA BAHIA,frio,,FRIO,T-313.413.891-9,filhos da bahia,t-313.413.891-9,Globo Unificado nov dez2023,Globo Unificado nov dez2023.xlsx
FRIO,FILHOS DA BAHIA,frio,,FRIO,T-313.413.891-9,filhos da bahia,t-313.413.891-9,Globo Unificado nov dez2023,Globo Unificado nov dez2023.xlsx
DESERTO,PADRE MARCELO ROSSI,deserto,,DESERTO,T-039.611.378-2,padre marcelo rossi,t-039.611.378-2,Globo Unificado nov dez2023,Globo Unificado nov dez2023.xlsx
BIGODE GROSSO,MC MARCELLY,bigode grosso,,BIGODE GROSSO,T-040.000.440-1,mc marcelly,t-040.000.440-1,Globo Unificado nov dez2023,Globo Unificado nov dez2023.xlsx
SO VOCE,FABIO JUNIOR,so voce,,SO VOCE,T-039.310.698-3,fabio junior,t-039.310.698-3,Globo Unificado nov dez2023,Globo Unificado nov dez2023.xlsx
SOU EU,LUDMILLA,sou eu,,SOU EU,T-042.615.532-9,ludmilla,t-042.615.532-9,Globo Unificado nov dez2023,Globo Unificado nov dez2023.xlsx
SOU EU,LUDMILLA,sou eu,,SOU EU,T-042.615.532-9,ludmilla,t-042.615.532-9,Globo Unificado nov dez2023,Globo Unificado nov dez2023.xlsx
SOU EU,LUDMILLA,sou eu,,SOU EU,T-042.615.532-9,ludmilla,t-042.615.532-9,Globo Unificado nov dez2023,Globo Unificado nov dez2023.xlsx
SOU EU,LUDMILLA,sou eu,,SOU EU,T-042.615.532-9,ludmilla,t-042.615.532-9,Globo Unificado nov dez2023,Globo Unificado nov dez2023.xlsx
SOU EU,LUDMILLA,sou eu,,SOU EU,T-042.615.532-9,ludmilla,t-042.615.532-9,Globo Unificado nov dez2023,Globo Unificado nov dez2023.xlsx
MEDO,PHIL ZAQ,medo,,MEDO,T-039.497.778-6,phil zaq,t-039.497.778-6,Globo Unificado nov dez2023,Globo Unificado nov dez2023.xlsx
MEDO,PHIL ZAQ,medo,,MEDO,,phil zaq,nan,Globo Unificado nov dez2023,Globo Unificado nov dez2023.xlsx
PERFUME,JHONNY MAICK,perfume,,PERFUME,T-305.215.262-8,jhonny maick,t-305.215.262-8,Globo Unificado nov dez2023,Globo Unificado nov dez2023.xlsx
PERFUME,JHONNY MAICK,perfume,,PERFUME,T-305.215.262-8,jhonny maick,t-305.215.262-8,Globo Unificado nov dez2023,Globo Unificado nov dez2023.xlsx
DINGO BELL,MC TETEU,dingo bell,,DINGO BELL,T-305.213.621-3,mc teteu,t-305.213.621-3,Globo Unificado nov dez2023,Globo Unificado nov dez2023.xlsx
VERMELHO,FAFÁ DE BELÉM,vermelho,,VERMELHO,T-313.315.106-7,fafa de belem,t-313.315.106-7,Globo Unificado nov dez2023,Globo Unificado nov dez2023.xlsx
MELO DO MENINAO,ACADEMIA DA BERLINDA,melo do meninao,,MELO DO MENINAO,T-039.519.214-9,academia da berlinda,t-039.519.214-9,Globo Unificado nov dez2023,Globo Unificado nov dez2023.xlsx
MELO DO MENINAO,ACADEMIA DA BERLINDA,melo do meninao,,MELO DO MENINAO,T-039.519.214-9,academia da berlinda,t-039.519.214-9,Globo Unificado nov dez2023,Globo Unificado nov dez2023.xlsx
MELO DO MENINAO,ACADEMIA DA BERLINDA,melo do meninao,,MELO DO MENINAO,T-039.519.214-9,academia da berlinda,t-039.519.214-9,Globo Unificado nov dez2023,Globo Unificado nov dez2023.xlsx
MELO DO MENINAO,ACADEMIA DA BERLINDA,melo do meninao,,MELO DO MENINAO,T-039.519.214-9,academia da berlinda,t-039.519.214-9,Globo Unificado nov dez2023,Globo Unificado nov dez2023.xlsx
MELO DO MENINAO,ACADEMIA DA BERLINDA,melo do meninao,,MELO DO MENINAO,T-039.519.214-9,academia da berlinda,t-039.519.214-9,Globo Unificado nov dez2023,Globo Unificado nov dez2023.xlsx
POIS E,CHICO ANYSIO,pois e,,POIS É,,chico anysio,nan,Globo Unificado nov dez2023,Globo Unificado nov dez2023.xlsx
COPACABANA,SALOME DA BAHIA,copacabana,,COPACABANA,,salome da bahia,nan,Globo Unificado nov dez2023,Globo Unificado nov dez2023.xlsx
COPACABANA,SALOME DA BAHIA,copacabana,,COPACABANA,,salome da bahia,nan,Globo Unificado nov dez2023,Globo Unificado nov dez2023.xlsx
COPACABANA,SALOME DA BAHIA,copacabana,,COPACABANA,,salome da bahia,nan,Globo Unificado nov dez2023,Globo Unificado nov dez2023.xlsx
AI AMOR,DONIZETE,ai amor,,AI AMOR,,donizete,nan,Globo Unificado nov dez2023,Globo Unificado nov dez2023.xlsx
AI AMOR,DONIZETE,ai amor,,AÍ AMOR,T-307.202.252-3,donizete,t-307.202.252-3,Globo Unificado nov dez2023,Globo Unificado nov dez2023.xlsx
AI AMOR,DONIZETE,ai amor,,AI AMOR,,donizete,nan,Globo Unificado nov dez2023,Globo Unificado nov dez2023.xlsx
AI AMOR,DONIZETE,ai amor,,AÍ AMOR,T-307.202.252-3,donizete,t-307.202.252-3,Globo Unificado nov dez2023,Globo Unificado nov dez2023.xlsx
AI AMOR,DONIZETE,ai amor,,AI AMOR,,donizete,nan,Globo Unificado nov dez2023,Globo Unificado nov dez2023.xlsx
AI AMOR,DONIZETE,ai amor,,AÍ AMOR,T-307.202.252-3,donizete,t-307.202.252-3,Globo Unificado nov dez2023,Globo Unificado nov dez2023.xlsx
AI AMOR,DONIZETE,ai amor,,AI AMOR,,donizete,nan,Globo Unificado nov dez2023,Globo Unificado nov dez2023.xlsx
AI AMOR,DONIZETE,ai amor,,AÍ AMOR,T-307.202.252-3,donizete,t-307.202.252-3,Globo Unificado nov dez2023,Globo Unificado nov dez2023.xlsx
COPACABANA,SALOME DA BAHIA,copacabana,,COPACABANA,,salome da bahia,nan,Globo Unificado nov dez2023,Globo Unificado nov dez2023.xlsx
COPACABANA,SALOME DA BAHIA,copacabana,,COPACABANA,,salome da bahia,nan,Globo Unificado nov dez2023,Globo Unificado nov dez2023.xlsx
COPACABANA,SALOME DA BAHIA,copacabana,,COPACABANA,,salome da bahia,nan,Globo Unificado nov dez2023,Globo Unificado nov dez2023.xlsx
PEGANDO FOGO,GAL COSTA,pegando fogo,,PEGANDO FOGO,T-305.213.998-3,gal costa,t-305.213.998-3,Globo Unificado nov dez2023,Globo Unificado nov dez2023.xlsx
PEGANDO FOGO,GAL COSTA,pegando fogo,,PEGANDO FOGO,T-305.213.998-3,gal costa,t-305.213.998-3,Globo Unificado nov dez2023,Globo Unificado nov dez2023.xlsx
COPACABANA,SALOME DA BAHIA,copacabana,,COPACABANA,,salome da bahia,nan,Globo Unificado nov dez2023,Globo Unificado nov dez2023.xlsx
COPACABANA,SALOME DA BAHIA,copacabana,,COPACABANA,,salome da bahia,nan,Globo Unificado nov dez2023,Globo Unificado nov dez2023.xlsx
COPACABANA,SALOME DA BAHIA,copacabana,,COPACABANA,,salome da bahia,nan,Globo Unificado nov dez2023,Globo Unificado nov dez2023.xlsx
VERDADE,MARCIO LOMIRANDA,verdade,,VERDADE,T-302.003.913-4,marcio lomiranda,t-302.003.913-4,Globo Unificado nov dez2023,Globo Unificado nov dez2023.xlsx
VERDADE,MARCIO LOMIRANDA,verdade,,VERDADE,T-302.003.913-4,marcio lomiranda,t-302.003.913-4,Globo Unificado nov dez2023,Globo Unificado nov dez2023.xlsx
VERDADE,ZECA PAGODINHO,verdade,,VERDADE,T-302.003.913-4,zeca pagodinho,t-302.003.913-4,Globo Unificado nov dez2023,Globo Unificado nov dez2023.xlsx
VERDADE,ZECA PAGODINHO,verdade,,VERDADE,T-302.003.913-4,zeca pagodinho,t-302.003.913-4,Globo Unificado nov dez2023,Globo Unificado nov dez2023.xlsx
COPACABANA,SALOME DA BAHIA,copacabana,,COPACABANA,,salome da bahia,nan,Globo Unificado nov dez2023,Globo Unificado nov dez2023.xlsx
COPACABANA,SALOME DA BAHIA,copacabana,,COPACABANA,,salome da bahia,nan,Globo Unificado nov dez2023,Globo Unificado nov dez2023.xlsx
COPACABANA,SALOME DA BAHIA,copacabana,,COPACABANA,,salome da bahia,nan,Globo Unificado nov dez2023,Globo Unificado nov dez2023.xlsx
AGUA NO FEIJAO,JORGINHO DO IMPERIO,agua no feijao,,ÁGUA NO FEIJÃO,T-309.246.239-6,jorginho do imperio,t-309.246.239-6,Globo Unificado nov dez2023,Globo Unificado nov dez2023.xlsx
AGUA NO FEIJAO,JORGINHO DO IMPERIO,agua no feijao,,ÁGUA NO FEIJÃO,T-309.246.239-6,jorginho do imperio,t-309.246.239-6,Globo Unificado nov dez2023,Globo Unificado nov dez2023.xlsx
VAMOS FUGIR,GILBERTO GIL,vamos fugir,,VAMOS FUGIR,T-305.415.581-2,gilberto gil,t-305.415.581-2,Globo Unificado nov dez2023,Globo Unificado nov dez2023.xlsx
VAMOS FUGIR,GILBERTO GIL,vamos fugir,,VAMOS FUGIR,T-305.415.581-2,gilberto gil,t-305.415.581-2,Globo Unificado nov dez2023,Globo Unificado nov dez2023.xlsx
COPACABANA,SALOME DA BAHIA,copacabana,,COPACABANA,,salome da bahia,nan,Globo Unificado nov dez2023,Globo Unificado nov dez2023.xlsx
COPACABANA,SALOME DA BAHIA,copacabana,,COPACABANA,,salome da bahia,nan,Globo Unificado nov dez2023,Globo Unificado nov dez2023.xlsx
COPACABANA,SALOME DA BAHIA,copacabana,,COPACABANA,,salome da bahia,nan,Globo Unificado nov dez2023,Globo Unificado nov dez2023.xlsx
ALINE,CHRISTOPHE,aline,,ALINE,T-307.003.482-7,christophe,t-307.003.482-7,Globo Unificado nov dez2023,Globo Unificado nov dez2023.xlsx
ESMERALDA,ROBERTO FAISSAL,esmeralda,,ESMERALDA,,roberto faissal,nan,Globo Unificado nov dez2023,Globo Unificado nov dez2023.xlsx
ESMERALDA,ROBERTO FAISSAL,esmeralda,,ESMERALDA,,roberto faissal,nan,Globo Unificado nov dez2023,Globo Unificado nov dez2023.xlsx
NOBRE VAGABUNDO,"DANIELA MERCURY,SAMMY",nobre vagabundo,,NOBRE VAGABUNDO,T-300.975.560-2,"daniela mercury,sammy",t-300.975.560-2,Globo Unificado nov dez2023,Globo Unificado nov dez2023.xlsx
COPACABANA,SALOME DA BAHIA,copacabana,,COPACABANA,,salome da bahia,nan,Globo Unificado nov dez2023,Globo Unificado nov dez2023.xlsx
COPACABANA,SALOME DA BAHIA,copacabana,,COPACABANA,,salome da bahia,nan,Globo Unificado nov dez2023,Globo Unificado nov dez2023.xlsx
COPACABANA,SALOME DA BAHIA,copacabana,,COPACABANA,,salome da bahia,nan,Globo Unificado nov dez2023,Globo Unificado nov dez2023.xlsx
COPACABANA,SALOME DA BAHIA,copacabana,,COPACABANA,,salome da bahia,nan,Globo Unificado nov dez2023,Globo Unificado nov dez2023.xlsx
COPACABANA,SALOME DA BAHIA,copacabana,,COPACABANA,,salome da bahia,nan,Globo Unificado nov dez2023,Globo Unificado nov dez2023.xlsx
COPACABANA,SALOME DA BAHIA,copacabana,,COPACABANA,,salome da bahia,nan,Globo Unificado nov dez2023,Globo Unificado nov dez2023.xlsx
FELICIDADE,CHICAS,felicidade,,FELICIDADE,,chicas,nan,Globo Unificado nov dez2023,Globo Unificado nov dez2023.xlsx
BEM TE VI,"LEANDRO,LEONARDO",bem te vi,,BEM TE VI,T-315.798.949-2,"leandro,leonardo",t-315.798.949-2,Globo Unificado nov dez2023,Globo Unificado nov dez2023.xlsx
BEM TE VI,"LEANDRO,LEONARDO",bem te vi,,BEM TE VI,T-315.798.949-2,"leandro,leonardo",t-315.798.949-2,Globo Unificado nov dez2023,Globo Unificado nov dez2023.xlsx
PATRICINHA,VINNY,patricinha,,PATRICINHA,T-303.761.711-7,vinny,t-303.761.711-7,Globo Unificado nov dez2023,Globo Unificado nov dez2023.xlsx
ONDE ESTA VOCE,ELENCO,onde esta voce,,ONDE ESTA VOCE,T-040.271.868-6,elenco,t-040.271.868-6,Globo Unificado nov dez2023,Globo Unificado nov dez2023.xlsx
ONDE ESTA VOCE,ELENCO,onde esta voce,,ONDE ESTA VOCE,T-040.271.868-6,elenco,t-040.271.868-6,Globo Unificado nov dez2023,Globo Unificado nov dez2023.xlsx
COPACABANA,SALOME DA BAHIA,copacabana,,COPACABANA,,salome da bahia,nan,Globo Unificado nov dez2023,Globo Unificado nov dez2023.xlsx
COPACABANA,SALOME DA BAHIA,copacabana,,COPACABANA,,salome da bahia,nan,Globo Unificado nov dez2023,Globo Unificado nov dez2023.xlsx
COPACABANA,SALOME DA BAHIA,copacabana,,COPACABANA,,salome da bahia,nan,Globo Unificado nov dez2023,Globo Unificado nov dez2023.xlsx
AMIGO,MARCIO LOMIRANDA,amigo,,AMIGO,,marcio lomiranda,nan,Globo Unificado nov dez2023,Globo Unificado nov dez2023.xlsx
AMIGO,MARCIO LOMIRANDA,amigo,,AMIGO,,marcio lomiranda,nan,Globo Unificado nov dez2023,Globo Unificado nov dez2023.xlsx
AVE MARIA,INAIA,ave maria,,AVE MARIA,T-040.076.547-0,inaia,t-040.076.547-0,Globo Unificado nov dez2023,Globo Unificado nov dez2023.xlsx
AVE MARIA,INAIA,ave maria,,AVE MARIA,T-040.076.547-0,inaia,t-040.076.547-0,Globo Unificado nov dez2023,Globo Unificado nov dez2023.xlsx
AVE MARIA,INAIA,ave maria,,AVE MARIA,T-040.076.547-0,inaia,t-040.076.547-0,Globo Unificado nov dez2023,Globo Unificado nov dez2023.xlsx
VERDADE,ALEXANDRE FARIA,verdade,,VERDADE,T-302.003.913-4,alexandre faria,t-302.003.913-4,Globo Unificado nov dez2023,Globo Unificado nov dez2023.xlsx
VERDADE,ALEXANDRE FARIA,verdade,,VERDADE,T-302.003.913-4,alexandre faria,t-302.003.913-4,Globo Unificado nov dez2023,Globo Unificado nov dez2023.xlsx
AVE MARIA,INAIA,ave maria,,AVE MARIA,T-040.076.547-0,inaia,t-040.076.547-0,Globo Unificado nov dez2023,Globo Unificado nov dez2023.xlsx
AVE MARIA,INAIA,ave maria,,AVE MARIA,T-040.076.547-0,inaia,t-040.076.547-0,Globo Unificado nov dez2023,Globo Unificado nov dez2023.xlsx
AVE MARIA,INAIA,ave maria,,AVE MARIA,T-040.076.547-0,inaia,t-040.076.547-0,Globo Unificado nov dez2023,Globo Unificado nov dez2023.xlsx
SUMMERTIME,JANIS JOPLIN,summertime,,SUMMERTIME,T-317.793.940-7,janis joplin,t-317.793.940-7,Globo Unificado nov dez2023,Globo Unificado nov dez2023.xlsx
SUMMERTIME,JANIS JOPLIN,summertime,,SUMMERTIME,T-317.793.940-7,janis joplin,t-317.793.940-7,Globo Unificado nov dez2023,Globo Unificado nov dez2023.xlsx
SUMMERTIME,JANIS JOPLIN,summertime,,SUMMERTIME,T-317.793.940-7,janis joplin,t-317.793.940-7,Globo Unificado nov dez2023,Globo Unificado nov dez2023.xlsx
SUMMERTIME,CHET BAKER,summertime,,SUMMERTIME,T-317.793.940-7,chet baker,t-317.793.940-7,Globo Unificado nov dez2023,Globo Unificado nov dez2023.xlsx
SUMMERTIME,CHET BAKER,summertime,,SUMMERTIME,T-317.793.940-7,chet baker,t-317.793.940-7,Globo Unificado nov dez2023,Globo Unificado nov dez2023.xlsx
SUMMERTIME,CHET BAKER,summertime,,SUMMERTIME,T-317.793.940-7,chet baker,t-317.793.940-7,Globo Unificado nov dez2023,Globo Unificado nov dez2023.xlsx
MANTRA,NANDO REIS,mantra,,MANTRA,T-301.577.149-6,nando reis,t-301.577.149-6,Globo Unificado nov dez2023,Globo Unificado nov dez2023.xlsx
MANTRA,NANDO REIS,mantra,,MANTRA,T-301.577.149-6,nando reis,t-301.577.149-6,Globo Unificado nov dez2023,Globo Unificado nov dez2023.xlsx
BOM DIA,"FEYJÃO,NATIRUTS",bom dia,,BOM DIA,T-039.479.823-2,"feyjao,natiruts",t-039.479.823-2,Globo Unificado nov dez2023,Globo Unificado nov dez2023.xlsx
BOM DIA,"FEYJÃO,NATIRUTS",bom dia,,BOM DIA,T-325.754.252-8,"feyjao,natiruts",t-325.754.252-8,Globo Unificado nov dez2023,Globo Unificado nov dez2023.xlsx
BOM DIA,"FEYJÃO,NATIRUTS",bom dia,,BOM DIA,T-307.418.982-1,"feyjao,natiruts",t-307.418.982-1,Globo Unificado nov dez2023,Globo Unificado nov dez2023.xlsx
BOM DIA,"FEYJÃO,NATIRUTS",bom dia,,BOM DIA,T-308.118.451-8,"feyjao,natiruts",t-308.118.451-8,Globo Unificado nov dez2023,Globo Unificado nov dez2023.xlsx
BOM DIA,"FEYJÃO,NATIRUTS",bom dia,,BOM DIA,T-308.505.756-9,"feyjao,natiruts",t-308.505.756-9,Globo Unificado nov dez2023,Globo Unificado nov dez2023.xlsx
BOM DIA,"FEYJÃO,NATIRUTS",bom dia,,BOM DIA,T-039.479.823-2,"feyjao,natiruts",t-039.479.823-2,Globo Unificado nov dez2023,Globo Unificado nov dez2023.xlsx
BOM DIA,"FEYJÃO,NATIRUTS",bom dia,,BOM DIA,T-325.754.252-8,"feyjao,natiruts",t-325.754.252-8,Globo Unificado nov dez2023,Globo Unificado nov dez2023.xlsx
BOM DIA,"FEYJÃO,NATIRUTS",bom dia,,BOM DIA,T-307.418.982-1,"feyjao,natiruts",t-307.418.982-1,Globo Unificado nov dez2023,Globo Unificado nov dez2023.xlsx
BOM DIA,"FEYJÃO,NATIRUTS",bom dia,,BOM DIA,T-308.118.451-8,"feyjao,natiruts",t-308.118.451-8,Globo Unificado nov dez2023,Globo Unificado nov dez2023.xlsx
BOM DIA,"FEYJÃO,NATIRUTS",bom dia,,BOM DIA,T-308.505.756-9,"feyjao,natiruts",t-308.505.756-9,Globo Unificado nov dez2023,Globo Unificado nov dez2023.xlsx
CONTRATO ASSINADO,,contrato assinado,,CONTRATO ASSINADO,T-039.235.528-0,nan,t-039.235.528-0,Globo Unificado nov dez2023,Globo Unificado nov dez2023.xlsx
CONTRATO ASSINADO,,contrato assinado,,CONTRATO ASSINADO,T-303.766.096-7,nan,t-303.766.096-7,Globo Unificado nov dez2023,Globo Unificado nov dez2023.xlsx
CONTRATO ASSINADO,,contrato assinado,,CONTRATO ASSINADO,T-039.235.528-0,nan,t-039.235.528-0,Globo Unificado nov dez2023,Globo Unificado nov dez2023.xlsx
CONTRATO ASSINADO,,contrato assinado,,CONTRATO ASSINADO,T-303.766.096-7,nan,t-303.766.096-7,Globo Unificado nov dez2023,Globo Unificado nov dez2023.xlsx
VAIDADE,,vaidade,,VAIDADE,T-042.615.529-4,nan,t-042.615.529-4,Globo Unificado nov dez2023,Globo Unificado nov dez2023.xlsx
GRATIDAO,L7NNON,gratidao,,GRATIDÃO,T-305.217.523-8,l7nnon,t-305.217.523-8,Globo Unificado nov dez2023,Globo Unificado nov dez2023.xlsx
GRATIDAO,L7NNON,gratidao,,GRATIDÃO,T-305.217.523-8,l7nnon,t-305.217.523-8,Globo Unificado nov dez2023,Globo Unificado nov dez2023.xlsx
ESPELHO,RONALD DJ / MC DAVI,espelho,,ESPELHO,T-931.652.333-8,ronald dj / mc davi,t-931.652.333-8,band UNIFICADO out dez 2023 jan fev 2024,band UNIFICADO out dez 2023 jan fev 2024.xlsx
ESPELHO,RONALD DJ / MC DAVI,espelho,,ESPELHO,T-335.571.845-1,ronald dj / mc davi,t-335.571.845-1,band UNIFICADO out dez 2023 jan fev 2024,band UNIFICADO out dez 2023 jan fev 2024.xlsx
BIPOLAR,RONALD DJ / MC DAVI,bipolar,,BIPOLAR,T-328.613.240-5,ronald dj / mc davi,t-328.613.240-5,band UNIFICADO out dez 2023 jan fev 2024,band UNIFICADO out dez 2023 jan fev 2024.xlsx
VERMELHO ,CALOUROS,vermelho,,VERMELHO,T-313.315.106-7,calouros,t-313.315.106-7,band UNIFICADO out dez 2023 jan fev 2024,band UNIFICADO out dez 2023 jan fev 2024.xlsx
LUA CHEIA,WANESSA CAMARGO,lua cheia,,LUA CHEIA,T-316.329.265-3,wanessa camargo,t-316.329.265-3,band UNIFICADO out dez 2023 jan fev 2024,band UNIFICADO out dez 2023 jan fev 2024.xlsx
VAMOS FUGIR,THE WAILERS BAND,vamos fugir,,VAMOS FUGIR,T-305.415.581-2,the wailers band,t-305.415.581-2,band UNIFICADO out dez 2023 jan fev 2024,band UNIFICADO out dez 2023 jan fev 2024.xlsx
FINAL DE SEMANA,SEU JORGE / PAPATINHO E BLACK ALIEN,final de semana,,FINAL DE SEMANA,T-303.016.328-7,seu jorge / papatinho e black alien,t-303.016.328-7,band UNIFICADO out dez 2023 jan fev 2024,band UNIFICADO out dez 2023 jan fev 2024.xlsx
FELICIDADE,SEU JORGE / ALEXANDRE PIRES,felicidade,,FELICIDADE,,seu jorge / alexandre pires,nan,band UNIFICADO out dez 2023 jan fev 2024,band UNIFICADO out dez 2023 jan fev 2024.xlsx
COBRA,FAR FROM ALASKA,cobra,,COBRA,,far from alaska,nan,band UNIFICADO out dez 2023 jan fev 2024,band UNIFICADO out dez 2023 jan fev 2024.xlsx
FINAL FELIZ,MARCOS FELIPE,final feliz,,FINAL FELIZ,T-315.996.147-0,marcos felipe,t-315.996.147-0,band UNIFICADO out dez 2023 jan fev 2024,band UNIFICADO out dez 2023 jan fev 2024.xlsx
FINAL FELIZ,MARCOS FELIPE,final feliz,,FINAL FELIZ,T-315.996.147-0,marcos felipe,t-315.996.147-0,band UNIFICADO out dez 2023 jan fev 2024,band UNIFICADO out dez 2023 jan fev 2024.xlsx
MORENA,A MELHOR BANDA DA NOITE,morena,,MORENA,,a melhor banda da noite,nan,band UNIFICADO out dez 2023 jan fev 2024,band UNIFICADO out dez 2023 jan fev 2024.xlsx
MORENA,A MELHOR BANDA DA NOITE,morena,,MORENA,T-312.550.698-7,a melhor banda da noite,t-312.550.698-7,band UNIFICADO out dez 2023 jan fev 2024,band UNIFICADO out dez 2023 jan fev 2024.xlsx
NOBRE VAGABUNDO,A MELHOR BANDA DA NOITE,nobre vagabundo,,NOBRE VAGABUNDO,T-300.975.560-2,a melhor banda da noite,t-300.975.560-2,band UNIFICADO out dez 2023 jan fev 2024,band UNIFICADO out dez 2023 jan fev 2024.xlsx
GAME OVER,TEE LOPES,game over,,GAME OVER,,tee lopes,nan,band UNIFICADO out dez 2023 jan fev 2024,band UNIFICADO out dez 2023 jan fev 2024.xlsx
CALMA RESPIRA,FABIANA GODOY,calma respira,,CALMA RESPIRA,T-317.934.284-4,fabiana godoy,t-317.934.284-4,band UNIFICADO out dez 2023 jan fev 2024,band UNIFICADO out dez 2023 jan fev 2024.xlsx
BRASILEIRO,CHICO SALLES,brasileiro,,BRASILEIRO,T-313.795.711-6,chico salles,t-313.795.711-6,band UNIFICADO out dez 2023 jan fev 2024,band UNIFICADO out dez 2023 jan fev 2024.xlsx
SINAIS,LUAN SANTANA,sinais,,SINAIS,T-039.662.232-4,luan santana,t-039.662.232-4,band UNIFICADO out dez 2023 jan fev 2024,band UNIFICADO out dez 2023 jan fev 2024.xlsx
SAMPA,FERNANDA PORTO                     ,sampa,,SAMPA,,fernanda porto,nan,band UNIFICADO out dez 2023 jan fev 2024,band UNIFICADO out dez 2023 jan fev 2024.xlsx
SAMPA,CAETANO VELOSO,sampa,,SAMPA,,caetano veloso,nan,band UNIFICADO out dez 2023 jan fev 2024,band UNIFICADO out dez 2023 jan fev 2024.xlsx
SAMPA,CAETANO VELOSO,sampa,,SAMPA,,caetano veloso,nan,band UNIFICADO out dez 2023 jan fev 2024,band UNIFICADO out dez 2023 jan fev 2024.xlsx
SAO PAULO,FERNANDA ABREU,sao paulo,,SÃO PAULO,,fernanda abreu,nan,band UNIFICADO out dez 2023 jan fev 2024,band UNIFICADO out dez 2023 jan fev 2024.xlsx
NOCAUTE,JORGE E MATEUS,nocaute,,NOCAUTE,T-317.794.059-5,jorge e mateus,t-317.794.059-5,band UNIFICADO out dez 2023 jan fev 2024,band UNIFICADO out dez 2023 jan fev 2024.xlsx
MONALISA,NAT KING COLE,monalisa,,MONALISA,,nat king cole,nan,band UNIFICADO out dez 2023 jan fev 2024,band UNIFICADO out dez 2023 jan fev 2024.xlsx
ACABOU,RICARDO CHAVES,acabou,,ACABOU,T-039.497.780-0,ricardo chaves,t-039.497.780-0,band UNIFICADO out dez 2023 jan fev 2024,band UNIFICADO out dez 2023 jan fev 2024.xlsx
ESPELHO,MC HARIEL / DJ RONALD,espelho,,ESPELHO,T-931.652.333-8,mc hariel / dj ronald,t-931.652.333-8,band UNIFICADO out dez 2023 jan fev 2024,band UNIFICADO out dez 2023 jan fev 2024.xlsx
ESPELHO,MC HARIEL / DJ RONALD,espelho,,ESPELHO,T-335.571.845-1,mc hariel / dj ronald,t-335.571.845-1,band UNIFICADO out dez 2023 jan fev 2024,band UNIFICADO out dez 2023 jan fev 2024.xlsx
MAGICA,HUGO E GUILHERME,magica,,MÁGICA,T-307.416.503-6,hugo e guilherme,t-307.416.503-6,band UNIFICADO out dez 2023 jan fev 2024,band UNIFICADO out dez 2023 jan fev 2024.xlsx
MORENA,LUAN SANTANA,morena,,MORENA,,luan santana,nan,band UNIFICADO out dez 2023 jan fev 2024,band UNIFICADO out dez 2023 jan fev 2024.xlsx
MORENA,LUAN SANTANA,morena,,MORENA,T-312.550.698-7,luan santana,t-312.550.698-7,band UNIFICADO out dez 2023 jan fev 2024,band UNIFICADO out dez 2023 jan fev 2024.xlsx
VINGANCA,LUAN SANTANA,vinganca,,VINGANÇA,T-040.226.902-6,luan santana,t-040.226.902-6,band UNIFICADO out dez 2023 jan fev 2024,band UNIFICADO out dez 2023 jan fev 2024.xlsx
SINAIS,LUAN SANTANA,sinais,,SINAIS,T-039.662.232-4,luan santana,t-039.662.232-4,band UNIFICADO out dez 2023 jan fev 2024,band UNIFICADO out dez 2023 jan fev 2024.xlsx
DEJA VU,LUAN SANTANA,deja vu,,DÉJÀ VU,T-308.187.765-4,luan santana,t-308.187.765-4,band UNIFICADO out dez 2023 jan fev 2024,band UNIFICADO out dez 2023 jan fev 2024.xlsx
FOGUEIRA,JORGE E MATEUS,fogueira,,FOGUEIRA,,jorge e mateus,nan,band UNIFICADO out dez 2023 jan fev 2024,band UNIFICADO out dez 2023 jan fev 2024.xlsx
LOGO EU,REYNAN E RAYSSA,logo eu,,LOGO EU,,reynan e rayssa,nan,band UNIFICADO out dez 2023 jan fev 2024,band UNIFICADO out dez 2023 jan fev 2024.xlsx
MISTERIO,JORGE E MATEUS,misterio,,MISTERIO,T-040.150.639-5,jorge e mateus,t-040.150.639-5,band UNIFICADO out dez 2023 jan fev 2024,band UNIFICADO out dez 2023 jan fev 2024.xlsx
NOCAUTE,JORGE E MATEUS,nocaute,,NOCAUTE,T-317.794.059-5,jorge e mateus,t-317.794.059-5,band UNIFICADO out dez 2023 jan fev 2024,band UNIFICADO out dez 2023 jan fev 2024.xlsx
AURORA BOREAL,RAEL,aurora boreal,,AURORA BOREAL,T-931.652.334-9,rael,t-931.652.334-9,band UNIFICADO out dez 2023 jan fev 2024,band UNIFICADO out dez 2023 jan fev 2024.xlsx
ELEANOR RIGBY,A MELHOR BANDA DA NOITE,eleanor rigby,,ELEANOR RIGBY,T-316.183.091-3,a melhor banda da noite,t-316.183.091-3,band UNIFICADO out dez 2023 jan fev 2024,band UNIFICADO out dez 2023 jan fev 2024.xlsx
CHOCOLATE,TIM MAIA,chocolate,,CHOCOLATE,T-322.528.891-1,tim maia,t-322.528.891-1,band UNIFICADO out dez 2023 jan fev 2024,band UNIFICADO out dez 2023 jan fev 2024.xlsx
PROPOSTA,ANDREA LAIS / FELIPE BARROS / MESASONORA / NIVEA ARAUJO / PEDRO FONSECA,proposta,,PROPOSTA,T-313.413.810-2,andrea lais / felipe barros / mesasonora / nivea araujo / pedro fonseca,t-313.413.810-2,band UNIFICADO out dez 2023 jan fev 2024,band UNIFICADO out dez 2023 jan fev 2024.xlsx
CHOCOLATE,TIM MAIA,chocolate,,CHOCOLATE,T-322.528.891-1,tim maia,t-322.528.891-1,band UNIFICADO out dez 2023 jan fev 2024,band UNIFICADO out dez 2023 jan fev 2024.xlsx
TEU SEGREDO,JEITO MOLEQUE                      ,teu segredo,,TEU SEGREDO,T-303.014.148-7,jeito moleque,t-303.014.148-7,band UNIFICADO out dez 2023 jan fev 2024,band UNIFICADO out dez 2023 jan fev 2024.xlsx
REVOADA,TUKUM,revoada,,REVOADA,T-306.358.236-1,tukum,t-306.358.236-1,band UNIFICADO out dez 2023 jan fev 2024,band UNIFICADO out dez 2023 jan fev 2024.xlsx
PESCADOR,MESTRE AMBROSIO,pescador,,PESCADOR,T-040.147.696-7,mestre ambrosio,t-040.147.696-7,band UNIFICADO out dez 2023 jan fev 2024,band UNIFICADO out dez 2023 jan fev 2024.xlsx
FASHION,LADY GAGA,fashion,,FASHION,T-305.215.259-3,lady gaga,t-305.215.259-3,band UNIFICADO out dez 2023 jan fev 2024,band UNIFICADO out dez 2023 jan fev 2024.xlsx
ESPELHO,RONALD DJ / MC DAVI,espelho,,ESPELHO,T-931.652.333-8,ronald dj / mc davi,t-931.652.333-8,band UNIFICADO out dez 2023 jan fev 2024,band UNIFICADO out dez 2023 jan fev 2024.xlsx
ESPELHO,RONALD DJ / MC DAVI,espelho,,ESPELHO,T-335.571.845-1,ronald dj / mc davi,t-335.571.845-1,band UNIFICADO out dez 2023 jan fev 2024,band UNIFICADO out dez 2023 jan fev 2024.xlsx
BIPOLAR,RONALD DJ / MC DAVI,bipolar,,BIPOLAR,T-328.613.240-5,ronald dj / mc davi,t-328.613.240-5,band UNIFICADO out dez 2023 jan fev 2024,band UNIFICADO out dez 2023 jan fev 2024.xlsx
VERMELHO ,CALOUROS,vermelho,,VERMELHO,T-313.315.106-7,calouros,t-313.315.106-7,band UNIFICADO out dez 2023 jan fev 2024,band UNIFICADO out dez 2023 jan fev 2024.xlsx
LUA CHEIA,WANESSA CAMARGO,lua cheia,,LUA CHEIA,T-316.329.265-3,wanessa camargo,t-316.329.265-3,band UNIFICADO out dez 2023 jan fev 2024,band UNIFICADO out dez 2023 jan fev 2024.xlsx
AMANHECER,SAM ALVES,amanhecer,,AMANHECER,T-040.285.612-5,sam alves,t-040.285.612-5,band UNIFICADO out dez 2023 jan fev 2024,band UNIFICADO out dez 2023 jan fev 2024.xlsx
MACETANDO,IVETE SANGALO / LUDMILLA,macetando,,MACETANDO,T-318.000.000-0,ivete sangalo / ludmilla,t-318.000.000-0,band UNIFICADO out dez 2023 jan fev 2024,band UNIFICADO out dez 2023 jan fev 2024.xlsx
MACETANDO,IVETE SANGALO / LUDMILLA,macetando,,MACETANDO,T-318.000.000-0,ivete sangalo / ludmilla,t-318.000.000-0,band UNIFICADO out dez 2023 jan fev 2024,band UNIFICADO out dez 2023 jan fev 2024.xlsx
MACETANDO,IVETE SANGALO / LUDMILLA,macetando,,MACETANDO,T-318.000.000-0,ivete sangalo / ludmilla,t-318.000.000-0,band UNIFICADO out dez 2023 jan fev 2024,band UNIFICADO out dez 2023 jan fev 2024.xlsx
FLASHBACK,LEO SANTANA / MARVVILA,flashback,,FLASHBACK,T-318.297.793-7,leo santana / marvvila,t-318.297.793-7,band UNIFICADO out dez 2023 jan fev 2024,band UNIFICADO out dez 2023 jan fev 2024.xlsx
ROSA,OLODUM / PERICLES,rosa,,ROSA,T-039.167.643-9,olodum / pericles,t-039.167.643-9,band UNIFICADO out dez 2023 jan fev 2024,band UNIFICADO out dez 2023 jan fev 2024.xlsx
VIVRE LA VIE,KELLY JOYCE,vivre la vie,,VIVRE LA VIE,,kelly joyce,nan,band UNIFICADO out dez 2023 jan fev 2024,band UNIFICADO out dez 2023 jan fev 2024.xlsx
MACETANDO,IVETE SANGALO / LUDMILLA,macetando,,MACETANDO,T-318.000.000-0,ivete sangalo / ludmilla,t-318.000.000-0,band UNIFICADO out dez 2023 jan fev 2024,band UNIFICADO out dez 2023 jan fev 2024.xlsx
VAI NO CHAO,LEO SANTANA,vai no chao,,VAI NO CHÃO,T-040.453.902-1,leo santana,t-040.453.902-1,band UNIFICADO out dez 2023 jan fev 2024,band UNIFICADO out dez 2023 jan fev 2024.xlsx
VAI NO CHAO,LEO SANTANA,vai no chao,,VAI NO CHÃO,T-303.762.939-9,leo santana,t-303.762.939-9,band UNIFICADO out dez 2023 jan fev 2024,band UNIFICADO out dez 2023 jan fev 2024.xlsx
VAI NO CHAO,LEO SANTANA,vai no chao,,VAI NO CHÃO,,leo santana,nan,band UNIFICADO out dez 2023 jan fev 2024,band UNIFICADO out dez 2023 jan fev 2024.xlsx
MACETANDO,IVETE SANGALO,macetando,,MACETANDO,T-318.000.000-0,ivete sangalo,t-318.000.000-0,band UNIFICADO out dez 2023 jan fev 2024,band UNIFICADO out dez 2023 jan fev 2024.xlsx
ANJOS,MARCELO FALCAO,anjos,,ANJOS,T-307.003.484-9,marcelo falcao,t-307.003.484-9,band UNIFICADO out dez 2023 jan fev 2024,band UNIFICADO out dez 2023 jan fev 2024.xlsx
MACETANDO,LEO SANTANA,macetando,,MACETANDO,T-318.000.000-0,leo santana,t-318.000.000-0,band UNIFICADO out dez 2023 jan fev 2024,band UNIFICADO out dez 2023 jan fev 2024.xlsx
AI AI AI,VANESSA DA MATA,ai ai ai,,AI AI AI,T-305.267.265-4,vanessa da mata,t-305.267.265-4,band UNIFICADO out dez 2023 jan fev 2024,band UNIFICADO out dez 2023 jan fev 2024.xlsx
MACETANDO,IVETE SANGALO,macetando,,MACETANDO,T-318.000.000-0,ivete sangalo,t-318.000.000-0,band UNIFICADO out dez 2023 jan fev 2024,band UNIFICADO out dez 2023 jan fev 2024.xlsx
MACETANDO,IVETE SANGALO / GILMELANDIA,macetando,,MACETANDO,T-318.000.000-0,ivete sangalo / gilmelandia,t-318.000.000-0,band UNIFICADO out dez 2023 jan fev 2024,band UNIFICADO out dez 2023 jan fev 2024.xlsx
PODEROSA,THIAGUINHO,poderosa,,PODEROSA,T-304.309.033-7,thiaguinho,t-304.309.033-7,band UNIFICADO out dez 2023 jan fev 2024,band UNIFICADO out dez 2023 jan fev 2024.xlsx
MACETANDO,XANDDY HARMONIA,macetando,,MACETANDO,T-318.000.000-0,xanddy harmonia,t-318.000.000-0,band UNIFICADO out dez 2023 jan fev 2024,band UNIFICADO out dez 2023 jan fev 2024.xlsx
ZIRIGUIDUM,FILHOS DE JORGE,ziriguidum,,ZIRIGUIDUM,T-039.612.760-8,filhos de jorge,t-039.612.760-8,band UNIFICADO out dez 2023 jan fev 2024,band UNIFICADO out dez 2023 jan fev 2024.xlsx
MACETANDO,IVETE SANGALO,macetando,,MACETANDO,T-318.000.000-0,ivete sangalo,t-318.000.000-0,band UNIFICADO out dez 2023 jan fev 2024,band UNIFICADO out dez 2023 jan fev 2024.xlsx
MASCARA,PITTY,mascara,,MÁSCARA,,pitty,nan,band UNIFICADO out dez 2023 jan fev 2024,band UNIFICADO out dez 2023 jan fev 2024.xlsx
MACETANDO,IVETE SANGALO,macetando,,MACETANDO,T-318.000.000-0,ivete sangalo,t-318.000.000-0,band UNIFICADO out dez 2023 jan fev 2024,band UNIFICADO out dez 2023 jan fev 2024.xlsx
MARACATU                                          ,ALCEU VALENÇA,maracatu,,MARACATU,,alceu valenca,nan,band UNIFICADO out dez 2023 jan fev 2024,band UNIFICADO out dez 2023 jan fev 2024.xlsx
HEY,IVETE SANGALO,hey,,HEY,T-305.219.212-4,ivete sangalo,t-305.219.212-4,band UNIFICADO out dez 2023 jan fev 2024,band UNIFICADO out dez 2023 jan fev 2024.xlsx
PACIENCIA,LENINE,paciencia,,PACIENCIA,T-039.497.721-9,lenine,t-039.497.721-9,band UNIFICADO out dez 2023 jan fev 2024,band UNIFICADO out dez 2023 jan fev 2024.xlsx
PACIENCIA,LENINE,paciencia,,PACIÊNCIA,T-040.522.253-8,lenine,t-040.522.253-8,band UNIFICADO out dez 2023 jan fev 2024,band UNIFICADO out dez 2023 jan fev 2024.xlsx
FAVELA,LEO SANTANA,favela,,FAVELA,,leo santana,nan,band UNIFICADO out dez 2023 jan fev 2024,band UNIFICADO out dez 2023 jan fev 2024.xlsx
MACETANDO,IVETE SANGALO / LUDMILLA,macetando,,MACETANDO,T-318.000.000-0,ivete sangalo / ludmilla,t-318.000.000-0,band UNIFICADO out dez 2023 jan fev 2024,band UNIFICADO out dez 2023 jan fev 2024.xlsx
MACETANDO,IVETE SANGALO / LUDMILLA,macetando,,MACETANDO,T-318.000.000-0,ivete sangalo / ludmilla,t-318.000.000-0,band UNIFICADO out dez 2023 jan fev 2024,band UNIFICADO out dez 2023 jan fev 2024.xlsx
MACETANDO,IVETE SANGALO / LUDMILLA,macetando,,MACETANDO,T-318.000.000-0,ivete sangalo / ludmilla,t-318.000.000-0,band UNIFICADO out dez 2023 jan fev 2024,band UNIFICADO out dez 2023 jan fev 2024.xlsx
MACETANDO,IVETE SANGALO / LUDMILLA,macetando,,MACETANDO,T-318.000.000-0,ivete sangalo / ludmilla,t-318.000.000-0,band UNIFICADO out dez 2023 jan fev 2024,band UNIFICADO out dez 2023 jan fev 2024.xlsx
MACETANDO,IVETE SANGALO / LUDMILLA,macetando,,MACETANDO,T-318.000.000-0,ivete sangalo / ludmilla,t-318.000.000-0,band UNIFICADO out dez 2023 jan fev 2024,band UNIFICADO out dez 2023 jan fev 2024.xlsx
POC POC,PEDRO SAMPAIO,poc poc,,POC POC,,pedro sampaio,nan,band UNIFICADO out dez 2023 jan fev 2024,band UNIFICADO out dez 2023 jan fev 2024.xlsx
MACETANDO,IVETE SANGALO / LUDMILLA,macetando,,MACETANDO,T-318.000.000-0,ivete sangalo / ludmilla,t-318.000.000-0,band UNIFICADO out dez 2023 jan fev 2024,band UNIFICADO out dez 2023 jan fev 2024.xlsx
MACETANDO,IVETE SANGALO / LUDMILLA,macetando,,MACETANDO,T-318.000.000-0,ivete sangalo / ludmilla,t-318.000.000-0,band UNIFICADO out dez 2023 jan fev 2024,band UNIFICADO out dez 2023 jan fev 2024.xlsx
MACETANDO,IVETE SANGALO / LUDMILLA,macetando,,MACETANDO,T-318.000.000-0,ivete sangalo / ludmilla,t-318.000.000-0,band UNIFICADO out dez 2023 jan fev 2024,band UNIFICADO out dez 2023 jan fev 2024.xlsx
MACETANDO,IVETE SANGALO / LUDMILLA,macetando,,MACETANDO,T-318.000.000-0,ivete sangalo / ludmilla,t-318.000.000-0,band UNIFICADO out dez 2023 jan fev 2024,band UNIFICADO out dez 2023 jan fev 2024.xlsx
MACETANDO,IVETE SANGALO / LUDMILLA,macetando,,MACETANDO,T-318.000.000-0,ivete sangalo / ludmilla,t-318.000.000-0,band UNIFICADO out dez 2023 jan fev 2024,band UNIFICADO out dez 2023 jan fev 2024.xlsx
MACETANDO,IVETE SANGALO / LUDMILLA,macetando,,MACETANDO,T-318.000.000-0,ivete sangalo / ludmilla,t-318.000.000-0,band UNIFICADO out dez 2023 jan fev 2024,band UNIFICADO out dez 2023 jan fev 2024.xlsx
MACETANDO,IVETE SANGALO / LUDMILLA,macetando,,MACETANDO,T-318.000.000-0,ivete sangalo / ludmilla,t-318.000.000-0,band UNIFICADO out dez 2023 jan fev 2024,band UNIFICADO out dez 2023 jan fev 2024.xlsx
MACETANDO,IVETE SANGALO / LUDMILLA,macetando,,MACETANDO,T-318.000.000-0,ivete sangalo / ludmilla,t-318.000.000-0,band UNIFICADO out dez 2023 jan fev 2024,band UNIFICADO out dez 2023 jan fev 2024.xlsx
CAMINHOS DO MAR,GAL COSTA,caminhos do mar,,CAMINHOS DO MAR,T-039.094.761-1,gal costa,t-039.094.761-1,band UNIFICADO out dez 2023 jan fev 2024,band UNIFICADO out dez 2023 jan fev 2024.xlsx
MORENA,DUDU NOBRE,morena,,MORENA,,dudu nobre,nan,band UNIFICADO out dez 2023 jan fev 2024,band UNIFICADO out dez 2023 jan fev 2024.xlsx
MORENA,DUDU NOBRE,morena,,MORENA,T-312.550.698-7,dudu nobre,t-312.550.698-7,band UNIFICADO out dez 2023 jan fev 2024,band UNIFICADO out dez 2023 jan fev 2024.xlsx
MACETANDO,IVETE SANGALO / LUDMILLA,macetando,,MACETANDO,T-318.000.000-0,ivete sangalo / ludmilla,t-318.000.000-0,band UNIFICADO out dez 2023 jan fev 2024,band UNIFICADO out dez 2023 jan fev 2024.xlsx
MACETANDO,IVETE SANGALO / LUDMILLA,macetando,,MACETANDO,T-318.000.000-0,ivete sangalo / ludmilla,t-318.000.000-0,band UNIFICADO out dez 2023 jan fev 2024,band UNIFICADO out dez 2023 jan fev 2024.xlsx
ESSA E PRA VOCE,CLARICE FALCAO,essa e pra voce,,ESSA É PRA VOCE,T-040.048.737-7,clarice falcao,t-040.048.737-7,band UNIFICADO out dez 2023 jan fev 2024,band UNIFICADO out dez 2023 jan fev 2024.xlsx
TEMPORAL,SAMBA 90 GRAUS,temporal,,TEMPORAL,T-307.003.180-6,samba 90 graus,t-307.003.180-6,band UNIFICADO out dez 2023 jan fev 2024,band UNIFICADO out dez 2023 jan fev 2024.xlsx
ORACAO ,A MELHOR BANDA DA CIDADE,oracao,,ORACAO,T-040.521.423-4,a melhor banda da cidade,t-040.521.423-4,band UNIFICADO out dez 2023 jan fev 2024,band UNIFICADO out dez 2023 jan fev 2024.xlsx
FORTALEZA,CIDADAO INSTIGADO,fortaleza,,FORTALEZA,T-040.219.082-2,cidadao instigado,t-040.219.082-2,band UNIFICADO out dez 2023 jan fev 2024,band UNIFICADO out dez 2023 jan fev 2024.xlsx
NHEENGATU,KURUP,nheengatu,,NHEENGATU,,kurup,nan,band UNIFICADO out dez 2023 jan fev 2024,band UNIFICADO out dez 2023 jan fev 2024.xlsx
UVA NIAGARA,ANELIS ASSUMPCAO / LARISSA LUZ,uva niagara,,UVA NIAGARA,T-318.619.486-1,anelis assumpcao / larissa luz,t-318.619.486-1,band UNIFICADO out dez 2023 jan fev 2024,band UNIFICADO out dez 2023 jan fev 2024.xlsx
MORENA,CLAYTON E ROMARIO,morena,,MORENA,,clayton e romario,nan,band UNIFICADO out dez 2023 jan fev 2024,band UNIFICADO out dez 2023 jan fev 2024.xlsx
MORENA,CLAYTON E ROMARIO,morena,,MORENA,T-312.550.698-7,clayton e romario,t-312.550.698-7,band UNIFICADO out dez 2023 jan fev 2024,band UNIFICADO out dez 2023 jan fev 2024.xlsx
MACETANDO,IVETE SANGALO / LUDMILLA,macetando,,MACETANDO,T-318.000.000-0,ivete sangalo / ludmilla,t-318.000.000-0,band UNIFICADO out dez 2023 jan fev 2024,band UNIFICADO out dez 2023 jan fev 2024.xlsx
MORENA,LUAN SANTANA,morena,,MORENA,,luan santana,nan,band UNIFICADO out dez 2023 jan fev 2024,band UNIFICADO out dez 2023 jan fev 2024.xlsx
MORENA,LUAN SANTANA,morena,,MORENA,T-312.550.698-7,luan santana,t-312.550.698-7,band UNIFICADO out dez 2023 jan fev 2024,band UNIFICADO out dez 2023 jan fev 2024.xlsx
DEJA VU,ANA CASTELA / LUAN SANTANA,deja vu,,DÉJÀ VU,T-308.187.765-4,ana castela / luan santana,t-308.187.765-4,band UNIFICADO out dez 2023 jan fev 2024,band UNIFICADO out dez 2023 jan fev 2024.xlsx
NOCAUTE,JORGE E MATEUS,nocaute,,NOCAUTE,T-317.794.059-5,jorge e mateus,t-317.794.059-5,band UNIFICADO out dez 2023 jan fev 2024,band UNIFICADO out dez 2023 jan fev 2024.xlsx
LOGO EU,JORGE E MATHEUS,logo eu,,LOGO EU,,jorge e matheus,nan,band UNIFICADO out dez 2023 jan fev 2024,band UNIFICADO out dez 2023 jan fev 2024.xlsx
MÁGICA,HUGO E GUILHERME,magica,,MÁGICA,T-307.416.503-6,hugo e guilherme,t-307.416.503-6,band UNIFICADO out dez 2023 jan fev 2024,band UNIFICADO out dez 2023 jan fev 2024.xlsx
MACETANDO,IVETE SANGALO E LUDMILLA,macetando,,MACETANDO,T-318.000.000-0,ivete sangalo e ludmilla,t-318.000.000-0,band UNIFICADO out dez 2023 jan fev 2024,band UNIFICADO out dez 2023 jan fev 2024.xlsx
VERMELHO,VANESSA DA MATA,vermelho,,VERMELHO,T-313.315.106-7,vanessa da mata,t-313.315.106-7,band UNIFICADO out dez 2023 jan fev 2024,band UNIFICADO out dez 2023 jan fev 2024.xlsx
MACETANDO,MARCIO VICTOR,macetando,,MACETANDO,T-318.000.000-0,marcio victor,t-318.000.000-0,band UNIFICADO out dez 2023 jan fev 2024,band UNIFICADO out dez 2023 jan fev 2024.xlsx
MACETANDO,MARCIO VICTOR,macetando,,MACETANDO,T-318.000.000-0,marcio victor,t-318.000.000-0,band UNIFICADO out dez 2023 jan fev 2024,band UNIFICADO out dez 2023 jan fev 2024.xlsx
SAMURAI                                           ,DJAVAN,samurai,,SAMURAI,T-300.960.761-4,djavan,t-300.960.761-4,band UNIFICADO out dez 2023 jan fev 2024,band UNIFICADO out dez 2023 jan fev 2024.xlsx
MACETANDO,IVETE SANGALO,macetando,,MACETANDO,T-318.000.000-0,ivete sangalo,t-318.000.000-0,band UNIFICADO out dez 2023 jan fev 2024,band UNIFICADO out dez 2023 jan fev 2024.xlsx
DESAFIO,DUDU NOBRE / EDILSON CAPETINHA,desafio,,DESAFIO,T-040.453.293-9,dudu nobre / edilson capetinha,t-040.453.293-9,band UNIFICADO out dez 2023 jan fev 2024,band UNIFICADO out dez 2023 jan fev 2024.xlsx
DESAFIO,DUDU NOBRE / EDILSON CAPETINHA,desafio,,DESAFIO,T-312.554.786-2,dudu nobre / edilson capetinha,t-312.554.786-2,band UNIFICADO out dez 2023 jan fev 2024,band UNIFICADO out dez 2023 jan fev 2024.xlsx
VERDADE                                           ,DUDU NOBRE / EDILSON CAPETINHA,verdade,,VERDADE,T-302.003.913-4,dudu nobre / edilson capetinha,t-302.003.913-4,band UNIFICADO out dez 2023 jan fev 2024,band UNIFICADO out dez 2023 jan fev 2024.xlsx
MORENA,DUDU NOBRE,morena,,MORENA,,dudu nobre,nan,band UNIFICADO out dez 2023 jan fev 2024,band UNIFICADO out dez 2023 jan fev 2024.xlsx
MORENA,DUDU NOBRE,morena,,MORENA,T-312.550.698-7,dudu nobre,t-312.550.698-7,band UNIFICADO out dez 2023 jan fev 2024,band UNIFICADO out dez 2023 jan fev 2024.xlsx
SE JOGA,NALDO BENNY,se joga,,SE JOGA,T-931.480.187-1,naldo benny,t-931.480.187-1,band UNIFICADO out dez 2023 jan fev 2024,band UNIFICADO out dez 2023 jan fev 2024.xlsx
BANDIDA,CLEO PIRES,bandida,,BANDIDA,,cleo pires,nan,band UNIFICADO out dez 2023 jan fev 2024,band UNIFICADO out dez 2023 jan fev 2024.xlsx
BANDIDA,CLEO PIRES,bandida,,BANDIDA,T-313.263.400-1,cleo pires,t-313.263.400-1,band UNIFICADO out dez 2023 jan fev 2024,band UNIFICADO out dez 2023 jan fev 2024.xlsx
