provider,file_stem,EDITORA,AUTOR,INTERPRETE,__source_sheet,amount_cents,amount_int,PROGRAMA,amount_numeric
Globo,MusicCueSheet_TvAberta_Outubro2023,"IESSI MUSIC PUBLISHING,DECK,IESSI MUSIC PUBLISHING,IESSI MUSIC PUBLISHING","DAN KAMBAIAH,FABINHO O BRIAN,GIGI,MAGNO SANT ANNA",IVETE SANGALO,MusicCueSheet_TvAberta_Out23,0,0,,0.00
Globo,MusicCueSheet_TvAberta_Outubro2023,"IESSI MUSIC PUBLISHING,WARNER CHAPPELL","IVETE SANGALO,SAMIR TRINDADE",IVETE SANGALO,MusicCueSheet_TvAberta_Out23,0,0,,0.00
Globo,MusicCueSheet_TvAberta_Outubro2023,"IESSI MUSIC PUBLISHING,WARNER CHAPPELL","IVETE SANGALO,SAMIR TRINDADE",IVETE SANGALO,MusicCueSheet_TvAberta_Out23,0,0,,0.00
Globo,MusicCueSheet_TvAberta_Outubro2023,"IESSI MUSIC PUBLISHING,WARNER CHAPPELL","IVETE SANGALO,SAMIR TRINDADE",IVETE SANGALO,MusicCueSheet_TvAberta_Out23,0,0,,0.00
Globo,MusicCueSheet_TvAberta_Outubro2023,"IESSI MUSIC PUBLISHING,WARNER CHAPPELL","IVETE SANGALO,SAMIR TRINDADE",IVETE SANGALO,MusicCueSheet_TvAberta_Out23,0,0,,0.00
Globo,MusicCueSheet_TvAberta_Outubro2023,"IESSI MUSIC PUBLISHING,IESSI MUSIC PUBLISHING,IESSI MUSIC PUBLISHING,IESSI MUSIC PUBLISHING,IESSI MUSIC PUBLISHING,UNIVERSAL MGB","IVETE SANGALO,NEILTON CERQUEIRA SANTOS,RADAMES VENANCIO,RAMON CRUZ,SAMIR TRINDADE,TIERRE COSTA",IVETE SANGALO,MusicCueSheet_TvAberta_Out23,0,0,,0.00
Globo,MusicCueSheet_TvAberta_Outubro2023,"WARNER CHAPPELL,WARNER CHAPPELL,A DESCOBRIR,WARNER CHAPPELL,WARNER CHAPPELL,A DESCOBRIR,WARNER CHAPPELL","EMICIDA,GROU,LORENTZ,MATUE,PALAZE,QUANTICH,RAEL",MATUE,MusicCueSheet_TvAberta_Out23,0,0,,0.00
Globo,MusicCueSheet_TvAberta_Outubro2023,"SONY MUSIC PUBLISHING,A DESCOBRIR,WARNER CHAPPELL,A DESCOBRIR","GIBBO,MAKO,MATUE,RICH THE KID",MATUE,MusicCueSheet_TvAberta_Out23,0,0,,0.00
Globo,MusicCueSheet_TvAberta_Outubro2023,"SONY MUSIC PUBLISHING,A DESCOBRIR,WARNER CHAPPELL,A DESCOBRIR","GIBBO,MAKO,MATUE,RICH THE KID",MATUE,MusicCueSheet_TvAberta_Out23,0,0,,0.00
Globo,MusicCueSheet_TvAberta_Outubro2023,WARNER CHAPPELL,MATUE,MATUE,MusicCueSheet_TvAberta_Out23,0,0,,0.00
Globo,MusicCueSheet_TvAberta_Outubro2023,"WARNER CHAPPELL,WARNER CHAPPELL,A DESCOBRIR,WARNER CHAPPELL,WARNER CHAPPELL,A DESCOBRIR,WARNER CHAPPELL","EMICIDA,GROU,LORENTZ,MATUE,PALAZE,QUANTICH,RAEL",MATUE,MusicCueSheet_TvAberta_Out23,0,0,,0.00
Globo,MusicCueSheet_TvAberta_Outubro2023,WARNER CHAPPELL,MATUE,MATUE,MusicCueSheet_TvAberta_Out23,0,0,,0.00
Globo,MusicCueSheet_TvAberta_Outubro2023,"WARNER CHAPPELL,WARNER CHAPPELL,WARNER CHAPPELL,WARNER CHAPPELL,WARNER CHAPPELL","BER HEY,BERNARDO CRISOSTOMO PASQUALI,GABRIEL DUNAJSKI MENDES,GUSTAVO PIMENTEL KARAM,RAFAEL DUNAJSKI MENDES",JOVEM DIONISIO,MusicCueSheet_TvAberta_Out23,0,0,,0.00
Globo,MusicCueSheet_TvAberta_Outubro2023,"WARNER CHAPPELL,WARNER CHAPPELL,WARNER CHAPPELL,WARNER CHAPPELL,WARNER CHAPPELL","BER HEY,BERNARDO CRISOSTOMO PASQUALI,GABRIEL DUNAJSKI MENDES,GUSTAVO PIMENTEL KARAM,RAFAEL DUNAJSKI MENDES",JOVEM DIONISIO,MusicCueSheet_TvAberta_Out23,0,0,,0.00
Globo,MusicCueSheet_TvAberta_Outubro2023,"WARNER CHAPPELL,WARNER CHAPPELL,WARNER CHAPPELL,WARNER CHAPPELL,WARNER CHAPPELL","BER HEY,BERNARDO CRISOSTOMO PASQUALI,GABRIEL DUNAJSKI MENDES,GUSTAVO PIMENTEL KARAM,RAFAEL DUNAJSKI MENDES",JOVEM DIONISIO,MusicCueSheet_TvAberta_Out23,0,0,,0.00
Globo,MusicCueSheet_TvAberta_Outubro2023,IESSI MUSIC PUBLISHING,RAMON CRUZ,IVETE SANGALO,MusicCueSheet_TvAberta_Out23,0,0,,0.00
Globo,MusicCueSheet_TvAberta_Outubro2023,"IESSI MUSIC PUBLISHING,WARNER CHAPPELL","IVETE SANGALO,SAMIR TRINDADE",IVETE SANGALO,MusicCueSheet_TvAberta_Out23,0,0,,0.00
Globo,MusicCueSheet_TvAberta_Outubro2023,"IESSI MUSIC PUBLISHING,WARNER CHAPPELL","IVETE SANGALO,SAMIR TRINDADE",IVETE SANGALO,MusicCueSheet_TvAberta_Out23,0,0,,0.00
Globo,MusicCueSheet_TvAberta_Outubro2023,"IESSI MUSIC PUBLISHING,WARNER CHAPPELL","IVETE SANGALO,SAMIR TRINDADE",IVETE SANGALO,MusicCueSheet_TvAberta_Out23,0,0,,0.00
Globo,MusicCueSheet_TvAberta_Outubro2023,"IESSI MUSIC PUBLISHING,WARNER CHAPPELL","IVETE SANGALO,SAMIR TRINDADE",IVETE SANGALO,MusicCueSheet_TvAberta_Out23,0,0,,0.00
Globo,MusicCueSheet_TvAberta_Outubro2023,"IESSI MUSIC PUBLISHING,IESSI MUSIC PUBLISHING,IESSI MUSIC PUBLISHING,IESSI MUSIC PUBLISHING,IESSI MUSIC PUBLISHING,UNIVERSAL MGB","IVETE SANGALO,NEILTON CERQUEIRA SANTOS,RADAMES VENANCIO,RAMON CRUZ,SAMIR TRINDADE,TIERRE COSTA",IVETE SANGALO,MusicCueSheet_TvAberta_Out23,0,0,,0.00
Globo,MusicCueSheet_TvAberta_Outubro2023,UNIVERSAL MGB,ED GRANDAO,IVETE SANGALO,MusicCueSheet_TvAberta_Out23,0,0,,0.00
Globo,MusicCueSheet_TvAberta_Outubro2023,"IESSI MUSIC PUBLISHING,IESSI MUSIC PUBLISHING,IESSI MUSIC PUBLISHING","IVETE SANGALO,LUCIANO CHAVES,SAMIR TRINDADE",IVETE SANGALO,MusicCueSheet_TvAberta_Out23,0,0,,0.00
Globo,MusicCueSheet_TvAberta_Outubro2023,"IESSI MUSIC PUBLISHING,IESSI MUSIC PUBLISHING,IESSI MUSIC PUBLISHING","IVETE SANGALO,LUCIANO CHAVES,SAMIR TRINDADE",IVETE SANGALO,MusicCueSheet_TvAberta_Out23,0,0,,0.00
Globo,MusicCueSheet_TvAberta_Outubro2023,"SONY MUSIC PUBLISHING,SONY MUSIC PUBLISHING","HERBERT VIANNA,PAULO SERGIO VALLE",IVETE SANGALO,MusicCueSheet_TvAberta_Out23,0,0,,0.00
Globo,MusicCueSheet_TvAberta_Outubro2023,"PEERMUSIC,PEERMUSIC,PEERMUSIC","GIANCARLO BIGAZZI,M FICARELLI,UMBERTO TOZZI",IVETE SANGALO,MusicCueSheet_TvAberta_Out23,0,0,,0.00
Globo,MusicCueSheet_TvAberta_Outubro2023,"IESSI MUSIC PUBLISHING,WARNER CHAPPELL","IVETE SANGALO,SAMIR TRINDADE",IVETE SANGALO,MusicCueSheet_TvAberta_Out23,0,0,,0.00
Globo,MusicCueSheet_TvAberta_Outubro2023,"IESSI MUSIC PUBLISHING,WARNER CHAPPELL","IVETE SANGALO,SAMIR TRINDADE",IVETE SANGALO,MusicCueSheet_TvAberta_Out23,0,0,,0.00
Globo,MusicCueSheet_TvAberta_Outubro2023,"IESSI MUSIC PUBLISHING,WARNER CHAPPELL","IVETE SANGALO,SAMIR TRINDADE",IVETE SANGALO,MusicCueSheet_TvAberta_Out23,0,0,,0.00
Globo,MusicCueSheet_TvAberta_Outubro2023,"IESSI MUSIC PUBLISHING,WARNER CHAPPELL","IVETE SANGALO,SAMIR TRINDADE",IVETE SANGALO,MusicCueSheet_TvAberta_Out23,0,0,,0.00
Globo,MusicCueSheet_TvAberta_Outubro2023,"IESSI MUSIC PUBLISHING,IESSI MUSIC PUBLISHING,IESSI MUSIC PUBLISHING","GIGI CERQUEIRA,IVETE SANGALO,SAMIR TRINDADE",IVETE SANGALO,MusicCueSheet_TvAberta_Out23,0,0,,0.00
Globo,MusicCueSheet_TvAberta_Outubro2023,"IESSI MUSIC PUBLISHING,IESSI MUSIC PUBLISHING,IESSI MUSIC PUBLISHING","GIGI CERQUEIRA,IVETE SANGALO,SAMIR TRINDADE",IVETE SANGALO,MusicCueSheet_TvAberta_Out23,0,0,,0.00
Globo,MusicCueSheet_TvAberta_Outubro2023,"BOA MUSIC RIGHTS,BOA MUSIC RIGHTS,BOA MUSIC RIGHTS","FLEEZUS,IURI RIO BRANCO,MARINA SENA",MARINA SENA,MusicCueSheet_TvAberta_Out23,0,0,,0.00
Globo,MusicCueSheet_TvAberta_Outubro2023,SONY MUSIC PUBLISHING,ZE RAMALHO,ZE RAMALHO,MusicCueSheet_TvAberta_Out23,0,0,,0.00
Globo,MusicCueSheet_TvAberta_Outubro2023,UNIVERSAL MGB,ZE RAMALHO,ZE RAMALHO,MusicCueSheet_TvAberta_Out23,0,0,,0.00
Globo,MusicCueSheet_TvAberta_Outubro2023,SONY MUSIC PUBLISHING,ZE RAMALHO,ZE RAMALHO,MusicCueSheet_TvAberta_Out23,0,0,,0.00
Globo,MusicCueSheet_TvAberta_Outubro2023,"WARNER CHAPPELL,SONY MUSIC PUBLISHING,WARNER CHAPPELL","CESAR AUGUSTO,CLAUDIO NOAM,PAULO SERGIO",ZE RAMALHO,MusicCueSheet_TvAberta_Out23,0,0,,0.00
Globo,MusicCueSheet_TvAberta_Outubro2023,SONY MUSIC PUBLISHING,ZE RAMALHO,ZE RAMALHO,MusicCueSheet_TvAberta_Out23,0,0,,0.00
Globo,MusicCueSheet_TvAberta_Outubro2023,"WARNER CHAPPELL,WARNER CHAPPELL","ALCEU VALENCA,ZE RAMALHO",ZE RAMALHO,MusicCueSheet_TvAberta_Out23,0,0,,0.00
Globo,MusicCueSheet_TvAberta_Outubro2023,WARNER CHAPPELL,ZE RAMALHO,ZE RAMALHO,MusicCueSheet_TvAberta_Out23,0,0,,0.00
Globo,MusicCueSheet_TvAberta_Outubro2023,"SONY MUSIC PUBLISHING,IESSI MUSIC PUBLISHING","ALAIM TAVARES,RITA MENDES",IVETE SANGALO,MusicCueSheet_TvAberta_Out23,0,0,,0.00
Globo,MusicCueSheet_TvAberta_Outubro2023,"IESSI MUSIC PUBLISHING,WARNER CHAPPELL","IVETE SANGALO,SAMIR TRINDADE",IVETE SANGALO,MusicCueSheet_TvAberta_Out23,0,0,,0.00
Globo,MusicCueSheet_TvAberta_Outubro2023,"IESSI MUSIC PUBLISHING,WARNER CHAPPELL","IVETE SANGALO,SAMIR TRINDADE",IVETE SANGALO,MusicCueSheet_TvAberta_Out23,0,0,,0.00
Globo,MusicCueSheet_TvAberta_Outubro2023,"IESSI MUSIC PUBLISHING,WARNER CHAPPELL","IVETE SANGALO,SAMIR TRINDADE",IVETE SANGALO,MusicCueSheet_TvAberta_Out23,0,0,,0.00
Globo,MusicCueSheet_TvAberta_Outubro2023,"IESSI MUSIC PUBLISHING,WARNER CHAPPELL","IVETE SANGALO,SAMIR TRINDADE",IVETE SANGALO,MusicCueSheet_TvAberta_Out23,0,0,,0.00
Globo,MusicCueSheet_TvAberta_Outubro2023,"IESSI MUSIC PUBLISHING,UNIVERSAL MGB,IESSI MUSIC PUBLISHING","DORIA,DULLER,MIRO ALMERIO",IVETE SANGALO,MusicCueSheet_TvAberta_Out23,0,0,,0.00
Globo,MusicCueSheet_TvAberta_Outubro2023,"IESSI MUSIC PUBLISHING,UNIVERSAL MGB,IESSI MUSIC PUBLISHING","DORIA,DULLER,MIRO ALMERIO",IVETE SANGALO,MusicCueSheet_TvAberta_Out23,0,0,,0.00
Globo,MusicCueSheet_TvAberta_Outubro2023,"IESSI MUSIC PUBLISHING,UNIVERSAL MGB,IESSI MUSIC PUBLISHING","DORIA,DULLER,MIRO ALMERIO",IVETE SANGALO,MusicCueSheet_TvAberta_Out23,0,0,,0.00
Globo,MusicCueSheet_TvAberta_Outubro2023,"VITALE,VITALE","ALOISIO,EDSON",IVETE SANGALO,MusicCueSheet_TvAberta_Out23,0,0,,0.00
Globo,MusicCueSheet_TvAberta_Outubro2023,"SONY MUSIC PUBLISHING,COPYRIGHTS","DORIVAL CAYMMI,JORGE AMADO",DORIVAL CAYMMI,MusicCueSheet_TvAberta_Out23,0,0,,0.00
Globo,MusicCueSheet_TvAberta_Outubro2023,A DESCOBRIR,DIOGO ALVARO FERREIRA MONCORVO,BACO EXU DO BLUES,MusicCueSheet_TvAberta_Out23,0,0,,0.00
Globo,MusicCueSheet_TvAberta_Outubro2023,UNIVERSAL MGB,ANDERSON CUNHA,IVETE SANGALO,MusicCueSheet_TvAberta_Out23,0,0,,0.00
Globo,MusicCueSheet_TvAberta_Outubro2023,"IESSI MUSIC PUBLISHING,WARNER CHAPPELL","IVETE SANGALO,SAMIR TRINDADE",IVETE SANGALO,MusicCueSheet_TvAberta_Out23,0,0,,0.00
Globo,MusicCueSheet_TvAberta_Outubro2023,"IESSI MUSIC PUBLISHING,WARNER CHAPPELL","IVETE SANGALO,SAMIR TRINDADE",IVETE SANGALO,MusicCueSheet_TvAberta_Out23,0,0,,0.00
Globo,MusicCueSheet_TvAberta_Outubro2023,"IESSI MUSIC PUBLISHING,WARNER CHAPPELL","IVETE SANGALO,SAMIR TRINDADE",IVETE SANGALO,MusicCueSheet_TvAberta_Out23,0,0,,0.00
Globo,MusicCueSheet_TvAberta_Outubro2023,"IESSI MUSIC PUBLISHING,WARNER CHAPPELL","IVETE SANGALO,SAMIR TRINDADE",IVETE SANGALO,MusicCueSheet_TvAberta_Out23,0,0,,0.00
Globo,MusicCueSheet_TvAberta_Outubro2023,"IESSI MUSIC PUBLISHING,IESSI MUSIC PUBLISHING,IESSI MUSIC PUBLISHING,IESSI MUSIC PUBLISHING,IESSI MUSIC PUBLISHING,UNIVERSAL MGB","IVETE SANGALO,NEILTON CERQUEIRA SANTOS,RADAMES VENANCIO,RAMON CRUZ,SAMIR TRINDADE,TIERRE COSTA",IVETE SANGALO,MusicCueSheet_TvAberta_Out23,0,0,,0.00
Globo,MusicCueSheet_TvAberta_Outubro2023,SONY MUSIC PUBLISHING,ZE RAMALHO,ZE RAMALHO,MusicCueSheet_TvAberta_Out23,0,0,,0.00
Globo,MusicCueSheet_TvAberta_Outubro2023,SONY MUSIC PUBLISHING,ZE RAMALHO,ZE RAMALHO,MusicCueSheet_TvAberta_Out23,0,0,,0.00
Globo,MusicCueSheet_TvAberta_Outubro2023,SONY MUSIC PUBLISHING,ZE RAMALHO,ZE RAMALHO,MusicCueSheet_TvAberta_Out23,0,0,,0.00
Globo,MusicCueSheet_TvAberta_Outubro2023,SONY MUSIC PUBLISHING,ZE RAMALHO,ZE RAMALHO,MusicCueSheet_TvAberta_Out23,0,0,,0.00
Globo,Ubem_MusicCueSheet_OriginaisGloboplay_Janeiro24,"BOA MUSIC RIGHTS,BOA MUSIC RIGHTS","IURI RIO BRANCO,MARINA SENA",MARINA SENA,MusicCueSheet_Globoplay_Jan24,0,0,,0.00
Globo,Ubem_MusicCueSheet_OriginaisGloboplay_Janeiro24,"BOA MUSIC RIGHTS,BOA MUSIC RIGHTS","IURI RIO BRANCO,MARINA SENA",MARINA SENA,MusicCueSheet_Globoplay_Jan24,0,0,,0.00
Globo,Ubem_MusicCueSheet_OriginaisGloboplay_Janeiro24,"BMG,WARNER CHAPPELL,WARNER CHAPPELL,BMG","ANDRE LAUDZ,PETER WOLF,SETH JUSTMAN,ZEGON",TROPKILLAZ,MusicCueSheet_Globoplay_Jan24,0,0,,0.00
Globo,MusicCueSheet_TvAberta_Agosto2023,BMG,RINCON SAPIENCIA,RINCON SAPIÊNCIA,MusicCueSheet_Agosto23,0,0,,0.00
Globo,MusicCueSheet_TvAberta_Agosto2023,A DESCOBRIR,GUI DA TROPA,GUI DA TROPA,MusicCueSheet_Agosto23,0,0,,0.00
Globo,MusicCueSheet_TvAberta_Agosto2023,WARNER CHAPPELL,CAETANO VELOSO,IVETE SANGALO,MusicCueSheet_Agosto23,0,0,,0.00
Globo,MusicCueSheet_TvAberta_Agosto2023,"ADDAF,ADDAF","ALBERTO PAZ,EDSON MENEZES",BACO EXU DO BLUES,MusicCueSheet_Agosto23,0,0,,0.00
Globo,MusicCueSheet_TvAberta_Agosto2023,"NOWA,NOWA","ANDINHO,GELEIA",MC CAROL,MusicCueSheet_Agosto23,0,0,,0.00
Globo,MusicCueSheet_TvAberta_Agosto2023,"SONY MUSIC PUBLISHING,A DESCOBRIR,WARNER CHAPPELL,SONY MUSIC PUBLISHING,SONY MUSIC PUBLISHING","BEYONCE KNOWLES,EUGENE RECORD,EUGENE RECORD,RICH HARRISON,SHAWN CARTER.",MC CAROL,MusicCueSheet_Agosto23,0,0,,0.00
Globo,MusicCueSheet_TvAberta_Agosto2023,"WARNER CHAPPELL,WARNER CHAPPELL","RITA LEE,ROBERTO DE CARVALHO",IVETE SANGALO,MusicCueSheet_Agosto23,0,0,,0.00
Globo,MusicCueSheet_TvAberta_Agosto2023,"WARNER CHAPPELL,WARNER CHAPPELL","RITA LEE,ROBERTO DE CARVALHO",IVETE SANGALO,MusicCueSheet_Agosto23,0,0,,0.00
Globo,MusicCueSheet_TvAberta_Agosto2023,"OS LEMOS,WARNER CHAPPELL,UNIVERSAL MGB,WARNER CHAPPELL","BAVIERA,CT,HARIEL MEDELLA,KNUST",XAMA,MusicCueSheet_Agosto23,0,0,,0.00
Globo,MusicCueSheet_TvAberta_Agosto2023,"OS LEMOS,WARNER CHAPPELL,UNIVERSAL MGB,WARNER CHAPPELL","BAVIERA,CT,HARIEL MEDELLA,KNUST",XAMA,MusicCueSheet_Agosto23,0,0,,0.00
Globo,MusicCueSheet_TvAberta_Agosto2023,"OS LEMOS,WARNER CHAPPELL,UNIVERSAL MGB,WARNER CHAPPELL","BAVIERA,CT,HARIEL MEDELLA,KNUST",XAMA,MusicCueSheet_Agosto23,0,0,,0.00
Globo,MusicCueSheet_TvAberta_Agosto2023,DE LA CORDILLERA FLOW,BRISA FLOW,BRISA FLOW,MusicCueSheet_Agosto23,0,0,,0.00
Globo,MusicCueSheet_TvAberta_Agosto2023,"WARNER CHAPPELL,WARNER CHAPPELL,WARNER CHAPPELL","DIGAO,FRED,RODOLFO",JÃO,MusicCueSheet_Agosto23,0,0,,0.00
Globo,MusicCueSheet_TvAberta_Agosto2023,"SONY MUSIC PUBLISHING,SONY MUSIC PUBLISHING","ERASMO CARLOS,ROBERTO CARLOS",IVETE SANGALO,MusicCueSheet_Agosto23,0,0,,0.00
Globo,MusicCueSheet_TvAberta_Agosto2023,"IESSI MUSIC PUBLISHING,IESSI MUSIC PUBLISHING","GAL SALES,XEXEU II",IVETE SANGALO,MusicCueSheet_Agosto23,0,0,,0.00
Globo,MusicCueSheet_TvAberta_Agosto2023,VRC PRODUCOES ARTISTICAS LTDA,MC CAROL,MC CAROL,MusicCueSheet_Agosto23,0,0,,0.00
Globo,MusicCueSheet_TvAberta_Agosto2023,L O S,LOURENCO,IVETE SANGALO,MusicCueSheet_Agosto23,0,0,,0.00
Globo,MusicCueSheet_TvAberta_Agosto2023,"FERMATA,FERMATA","ERASMO CARLOS,ROBERTO CARLOS",LUÍZA POSSI,MusicCueSheet_Agosto23,0,0,,0.00
Globo,MusicCueSheet_TvAberta_Agosto2023,"UNIVERSAL MGB,UNIVERSAL MGB","DUDU FALCAO,LENINE",LENINE,MusicCueSheet_Agosto23,0,0,,0.00
Globo,MusicCueSheet_TvAberta_Agosto2023,DUBAS,LUEDJI LUNA,LUEDJI LUNA,MusicCueSheet_Agosto23,0,0,,0.00
Globo,MusicCueSheet_TvAberta_Agosto2023,"IESSI MUSIC PUBLISHING,IESSI MUSIC PUBLISHING,IESSI MUSIC PUBLISHING","FILIPE ESCANDURRAS,MARCIO VICTOR,TIERRY CORINGA",IVETE SANGALO,MusicCueSheet_Agosto23,0,0,,0.00
Globo,MusicCueSheet_TvAberta_Agosto2023,"A DESCOBRIR,A DESCOBRIR,SONY MUSIC PUBLISHING","ALCEU VALENCA,LULA CORTES,ZE RAMALHO",ZE RAMALHO,MusicCueSheet_Agosto23,0,0,,0.00
Globo,MusicCueSheet_TvAberta_Agosto2023,"A DESCOBRIR,WARNER CHAPPELL,WARNER CHAPPELL,UNIVERSAL MGB,WARNER CHAPPELL,WARNER CHAPPELL","A DESCOBRIR,ANA,DUDU,GIANLUCA GRIGNANI,GIANLUCA GRIGNANI,MASSIMO LUCA",ANA CAROLINA,MusicCueSheet_Agosto23,0,0,,0.00
Globo,MusicCueSheet_TvAberta_Agosto2023,"UNIVERSAL MGB,UNIVERSAL MGB,UNIVERSAL MGB","BOB MCDILL,ERASMO CARLOS,ROBERTO CARLOS",KATIA,MusicCueSheet_Agosto23,0,0,,0.00
Globo Unificado nov dez2023,Globo Unificado nov dez2023,,,,CanalInternacional_Dezembro2023,0,0,,0.00
Globo Unificado nov dez2023,Globo Unificado nov dez2023,,,,CanalInternacional_Dezembro2023,0,0,,0.00
Globo Unificado nov dez2023,Globo Unificado nov dez2023,,,,CanalInternacional_Dezembro2023,0,0,,0.00
Globo Unificado nov dez2023,Globo Unificado nov dez2023,,,,CanalInternacional_Dezembro2023,0,0,,0.00
Globo Unificado nov dez2023,Globo Unificado nov dez2023,,,,CanalInternacional_Dezembro2023,0,0,,0.00
Globo Unificado nov dez2023,Globo Unificado nov dez2023,,,,CanalInternacional_Dezembro2023,0,0,,0.00
Globo Unificado nov dez2023,Globo Unificado nov dez2023,,,,CanalInternacional_Dezembro2023,0,0,,0.00
Globo Unificado nov dez2023,Globo Unificado nov dez2023,,,,CanalInternacional_Dezembro2023,0,0,,0.00
Globo Unificado nov dez2023,Globo Unificado nov dez2023,,,,CanalInternacional_Dezembro2023,0,0,,0.00
Globo Unificado nov dez2023,Globo Unificado nov dez2023,,,,CanalInternacional_Dezembro2023,0,0,,0.00
Globo Unificado nov dez2023,Globo Unificado nov dez2023,,,,CanalInternacional_Dezembro2023,0,0,,0.00
Globo Unificado nov dez2023,Globo Unificado nov dez2023,,,,CanalInternacional_Dezembro2023,0,0,,0.00
Globo Unificado nov dez2023,Globo Unificado nov dez2023,,,,CanalInternacional_Dezembro2023,0,0,,0.00
Globo Unificado nov dez2023,Globo Unificado nov dez2023,,,,CanalInternacional_Dezembro2023,0,0,,0.00
Globo Unificado nov dez2023,Globo Unificado nov dez2023,,,,CanalInternacional_Dezembro2023,0,0,,0.00
Globo Unificado nov dez2023,Globo Unificado nov dez2023,,,,CanalInternacional_Dezembro2023,0,0,,0.00
Globo Unificado nov dez2023,Globo Unificado nov dez2023,,,,CanalInternacional_Dezembro2023,0,0,,0.00
Globo Unificado nov dez2023,Globo Unificado nov dez2023,,,,CanalInternacional_Dezembro2023,0,0,,0.00
Globo Unificado nov dez2023,Globo Unificado nov dez2023,,,,CanalInternacional_Dezembro2023,0,0,,0.00
Globo Unificado nov dez2023,Globo Unificado nov dez2023,,,,CanalInternacional_Dezembro2023,0,0,,0.00
Globo Unificado nov dez2023,Globo Unificado nov dez2023,,,,CanalInternacional_Dezembro2023,0,0,,0.00
Globo Unificado nov dez2023,Globo Unificado nov dez2023,,,,CanalInternacional_Dezembro2023,0,0,,0.00
Globo Unificado nov dez2023,Globo Unificado nov dez2023,,,,CanalInternacional_Dezembro2023,0,0,,0.00
Globo Unificado nov dez2023,Globo Unificado nov dez2023,,,,CanalInternacional_Dezembro2023,0,0,,0.00
Globo Unificado nov dez2023,Globo Unificado nov dez2023,,,,CanalInternacional_Dezembro2023,0,0,,0.00
Globo Unificado nov dez2023,Globo Unificado nov dez2023,,,,CanalInternacional_Dezembro2023,0,0,,0.00
Globo Unificado nov dez2023,Globo Unificado nov dez2023,,,,CanalInternacional_Dezembro2023,0,0,,0.00
Globo Unificado nov dez2023,Globo Unificado nov dez2023,,,,CanalInternacional_Dezembro2023,0,0,,0.00
Globo Unificado nov dez2023,Globo Unificado nov dez2023,,,,CanalInternacional_Dezembro2023,0,0,,0.00
Globo Unificado nov dez2023,Globo Unificado nov dez2023,,,,CanalInternacional_Dezembro2023,0,0,,0.00
Globo Unificado nov dez2023,Globo Unificado nov dez2023,,,,CanalInternacional_Dezembro2023,0,0,,0.00
Globo Unificado nov dez2023,Globo Unificado nov dez2023,,,,CanalInternacional_Dezembro2023,0,0,,0.00
Globo Unificado nov dez2023,Globo Unificado nov dez2023,,,,CanalInternacional_Dezembro2023,0,0,,0.00
Globo Unificado nov dez2023,Globo Unificado nov dez2023,,,,CanalInternacional_Dezembro2023,0,0,,0.00
Globo Unificado nov dez2023,Globo Unificado nov dez2023,,,,CanalInternacional_Dezembro2023,0,0,,0.00
Globo Unificado nov dez2023,Globo Unificado nov dez2023,,,,CanalInternacional_Dezembro2023,0,0,,0.00
Globo Unificado nov dez2023,Globo Unificado nov dez2023,,,,CanalInternacional_Dezembro2023,0,0,,0.00
Globo Unificado nov dez2023,Globo Unificado nov dez2023,,,,CanalInternacional_Dezembro2023,0,0,,0.00
Globo Unificado nov dez2023,Globo Unificado nov dez2023,,,,CanalInternacional_Dezembro2023,0,0,,0.00
Globo Unificado nov dez2023,Globo Unificado nov dez2023,,,,CanalInternacional_Dezembro2023,0,0,,0.00
Globo Unificado nov dez2023,Globo Unificado nov dez2023,,,,CanalInternacional_Dezembro2023,0,0,,0.00
Globo Unificado nov dez2023,Globo Unificado nov dez2023,,,,CanalInternacional_Dezembro2023,0,0,,0.00
Globo Unificado nov dez2023,Globo Unificado nov dez2023,,,,CanalInternacional_Dezembro2023,0,0,,0.00
Globo Unificado nov dez2023,Globo Unificado nov dez2023,,,,CanalInternacional_Dezembro2023,0,0,,0.00
Globo Unificado nov dez2023,Globo Unificado nov dez2023,,,,CanalInternacional_Dezembro2023,0,0,,0.00
Globo Unificado nov dez2023,Globo Unificado nov dez2023,,,,CanalInternacional_Dezembro2023,0,0,,0.00
Globo Unificado nov dez2023,Globo Unificado nov dez2023,,,,CanalInternacional_Dezembro2023,0,0,,0.00
Globo Unificado nov dez2023,Globo Unificado nov dez2023,,,,CanalInternacional_Dezembro2023,0,0,,0.00
Globo Unificado nov dez2023,Globo Unificado nov dez2023,,,,CanalInternacional_Dezembro2023,0,0,,0.00
Globo Unificado nov dez2023,Globo Unificado nov dez2023,,,,CanalInternacional_Dezembro2023,0,0,,0.00
Globo Unificado nov dez2023,Globo Unificado nov dez2023,,,,CanalInternacional_Dezembro2023,0,0,,0.00
Globo Unificado nov dez2023,Globo Unificado nov dez2023,,,,CanalInternacional_Dezembro2023,0,0,,0.00
Globo Unificado nov dez2023,Globo Unificado nov dez2023,,,,CanalInternacional_Dezembro2023,0,0,,0.00
Globo Unificado nov dez2023,Globo Unificado nov dez2023,,,,CanalInternacional_Dezembro2023,0,0,,0.00
Globo Unificado nov dez2023,Globo Unificado nov dez2023,,,,CanalInternacional_Dezembro2023,0,0,,0.00
Globo Unificado nov dez2023,Globo Unificado nov dez2023,,,,CanalInternacional_Dezembro2023,0,0,,0.00
Globo Unificado nov dez2023,Globo Unificado nov dez2023,,,,CanalInternacional_Dezembro2023,0,0,,0.00
Globo Unificado nov dez2023,Globo Unificado nov dez2023,,,,CanalInternacional_Dezembro2023,0,0,,0.00
Globo Unificado nov dez2023,Globo Unificado nov dez2023,,,,CanalInternacional_Dezembro2023,0,0,,0.00
Globo Unificado nov dez2023,Globo Unificado nov dez2023,,,,CanalInternacional_Dezembro2023,0,0,,0.00
Globo Unificado nov dez2023,Globo Unificado nov dez2023,,,,CanalInternacional_Dezembro2023,0,0,,0.00
Globo Unificado nov dez2023,Globo Unificado nov dez2023,,,,CanalInternacional_Dezembro2023,0,0,,0.00
Globo Unificado nov dez2023,Globo Unificado nov dez2023,,,,CanalInternacional_Dezembro2023,0,0,,0.00
Globo Unificado nov dez2023,Globo Unificado nov dez2023,,,,CanalInternacional_Dezembro2023,0,0,,0.00
Globo Unificado nov dez2023,Globo Unificado nov dez2023,,,,CanalInternacional_Dezembro2023,0,0,,0.00
Globo Unificado nov dez2023,Globo Unificado nov dez2023,,,,CanalInternacional_Dezembro2023,0,0,,0.00
Globo Unificado nov dez2023,Globo Unificado nov dez2023,,,,CanalInternacional_Dezembro2023,0,0,,0.00
Globo Unificado nov dez2023,Globo Unificado nov dez2023,,,,CanalInternacional_Dezembro2023,0,0,,0.00
Globo Unificado nov dez2023,Globo Unificado nov dez2023,,,,CanalInternacional_Dezembro2023,0,0,,0.00
Globo Unificado nov dez2023,Globo Unificado nov dez2023,,,,CanalInternacional_Dezembro2023,0,0,,0.00
Globo Unificado nov dez2023,Globo Unificado nov dez2023,,,,CanalInternacional_Dezembro2023,0,0,,0.00
Globo Unificado nov dez2023,Globo Unificado nov dez2023,,,,CanalInternacional_Dezembro2023,0,0,,0.00
Globo Unificado nov dez2023,Globo Unificado nov dez2023,,,,CanalInternacional_Dezembro2023,0,0,,0.00
Globo Unificado nov dez2023,Globo Unificado nov dez2023,,,,CanalInternacional_Dezembro2023,0,0,,0.00
Globo Unificado nov dez2023,Globo Unificado nov dez2023,,,,CanalInternacional_Dezembro2023,0,0,,0.00
Globo Unificado nov dez2023,Globo Unificado nov dez2023,,,,CanalInternacional_Dezembro2023,0,0,,0.00
Globo Unificado nov dez2023,Globo Unificado nov dez2023,,,,CanalInternacional_Dezembro2023,0,0,,0.00
Globo Unificado nov dez2023,Globo Unificado nov dez2023,,,,CanalInternacional_Dezembro2023,0,0,,0.00
Globo Unificado nov dez2023,Globo Unificado nov dez2023,,,,CanalInternacional_Dezembro2023,0,0,,0.00
Globo Unificado nov dez2023,Globo Unificado nov dez2023,,,,CanalInternacional_Dezembro2023,0,0,,0.00
Globo Unificado nov dez2023,Globo Unificado nov dez2023,,,,CanalInternacional_Dezembro2023,0,0,,0.00
Globo Unificado nov dez2023,Globo Unificado nov dez2023,,,,CanalInternacional_Dezembro2023,0,0,,0.00
Globo Unificado nov dez2023,Globo Unificado nov dez2023,,,,CanalInternacional_Dezembro2023,0,0,,0.00
Globo Unificado nov dez2023,Globo Unificado nov dez2023,,,,CanalInternacional_Dezembro2023,0,0,,0.00
Globo Unificado nov dez2023,Globo Unificado nov dez2023,,,,CanalInternacional_Dezembro2023,0,0,,0.00
Globo Unificado nov dez2023,Globo Unificado nov dez2023,,,,CanalInternacional_Dezembro2023,0,0,,0.00
Globo Unificado nov dez2023,Globo Unificado nov dez2023,,,,CanalInternacional_Dezembro2023,0,0,,0.00
Globo Unificado nov dez2023,Globo Unificado nov dez2023,,,,CanalInternacional_Dezembro2023,0,0,,0.00
Globo Unificado nov dez2023,Globo Unificado nov dez2023,,,,CanalInternacional_Dezembro2023,0,0,,0.00
Globo Unificado nov dez2023,Globo Unificado nov dez2023,,,,CanalInternacional_Dezembro2023,0,0,,0.00
Globo Unificado nov dez2023,Globo Unificado nov dez2023,,,,CanalInternacional_Dezembro2023,0,0,,0.00
Globo Unificado nov dez2023,Globo Unificado nov dez2023,,,,CanalInternacional_Dezembro2023,0,0,,0.00
Globo Unificado nov dez2023,Globo Unificado nov dez2023,,,,CanalInternacional_Dezembro2023,0,0,,0.00
Globo Unificado nov dez2023,Globo Unificado nov dez2023,,,,CanalInternacional_Dezembro2023,0,0,,0.00
Globo Unificado nov dez2023,Globo Unificado nov dez2023,,,,CanalInternacional_Dezembro2023,0,0,,0.00
Globo Unificado nov dez2023,Globo Unificado nov dez2023,,,,CanalInternacional_Dezembro2023,0,0,,0.00
Globo Unificado nov dez2023,Globo Unificado nov dez2023,,,,CanalInternacional_Dezembro2023,0,0,,0.00
Globo Unificado nov dez2023,Globo Unificado nov dez2023,,,,CanalInternacional_Dezembro2023,0,0,,0.00
Globo Unificado nov dez2023,Globo Unificado nov dez2023,,,,CanalInternacional_Dezembro2023,0,0,,0.00
Globo Unificado nov dez2023,Globo Unificado nov dez2023,,,,CanalInternacional_Dezembro2023,0,0,,0.00
Globo Unificado nov dez2023,Globo Unificado nov dez2023,,,,CanalInternacional_Dezembro2023,0,0,,0.00
Globo Unificado nov dez2023,Globo Unificado nov dez2023,,,,CanalInternacional_Dezembro2023,0,0,,0.00
Globo Unificado nov dez2023,Globo Unificado nov dez2023,,,,CanalInternacional_Dezembro2023,0,0,,0.00
Globo Unificado nov dez2023,Globo Unificado nov dez2023,,,,CanalInternacional_Dezembro2023,0,0,,0.00
Globo Unificado nov dez2023,Globo Unificado nov dez2023,,,,CanalInternacional_Dezembro2023,0,0,,0.00
Globo Unificado nov dez2023,Globo Unificado nov dez2023,,,,CanalInternacional_Dezembro2023,0,0,,0.00
Globo Unificado nov dez2023,Globo Unificado nov dez2023,,,,CanalInternacional_Dezembro2023,0,0,,0.00
Globo Unificado nov dez2023,Globo Unificado nov dez2023,,,,CanalInternacional_Dezembro2023,0,0,,0.00
Globo Unificado nov dez2023,Globo Unificado nov dez2023,,,,CanalInternacional_Dezembro2023,0,0,,0.00
Globo Unificado nov dez2023,Globo Unificado nov dez2023,,,,CanalInternacional_Dezembro2023,0,0,,0.00
Globo Unificado nov dez2023,Globo Unificado nov dez2023,,,,CanalInternacional_Dezembro2023,0,0,,0.00
Globo Unificado nov dez2023,Globo Unificado nov dez2023,,,,CanalInternacional_Dezembro2023,0,0,,0.00
Globo Unificado nov dez2023,Globo Unificado nov dez2023,,,,CanalInternacional_Dezembro2023,0,0,,0.00
Globo Unificado nov dez2023,Globo Unificado nov dez2023,,,,CanalInternacional_Dezembro2023,0,0,,0.00
Globo Unificado nov dez2023,Globo Unificado nov dez2023,,,,CanalInternacional_Dezembro2023,0,0,,0.00
Globo Unificado nov dez2023,Globo Unificado nov dez2023,,,,CanalInternacional_Dezembro2023,0,0,,0.00
Globo Unificado nov dez2023,Globo Unificado nov dez2023,,,,CanalInternacional_Dezembro2023,0,0,,0.00
Globo Unificado nov dez2023,Globo Unificado nov dez2023,,,,CanalInternacional_Dezembro2023,0,0,,0.00
Globo Unificado nov dez2023,Globo Unificado nov dez2023,,,,CanalInternacional_Dezembro2023,0,0,,0.00
Globo Unificado nov dez2023,Globo Unificado nov dez2023,,,,CanalInternacional_Dezembro2023,0,0,,0.00
Globo Unificado nov dez2023,Globo Unificado nov dez2023,,,,CanalInternacional_Dezembro2023,0,0,,0.00
Globo Unificado nov dez2023,Globo Unificado nov dez2023,,,,CanalInternacional_Dezembro2023,0,0,,0.00
Globo Unificado nov dez2023,Globo Unificado nov dez2023,,,,CanalInternacional_Dezembro2023,0,0,,0.00
Globo Unificado nov dez2023,Globo Unificado nov dez2023,,,,CanalInternacional_Dezembro2023,0,0,,0.00
Globo Unificado nov dez2023,Globo Unificado nov dez2023,,,,CanalInternacional_Dezembro2023,0,0,,0.00
Globo Unificado nov dez2023,Globo Unificado nov dez2023,,,,CanalInternacional_Dezembro2023,0,0,,0.00
Globo Unificado nov dez2023,Globo Unificado nov dez2023,,,,CanalInternacional_Dezembro2023,0,0,,0.00
Globo Unificado nov dez2023,Globo Unificado nov dez2023,,,,CanalInternacional_Dezembro2023,0,0,,0.00
Globo Unificado nov dez2023,Globo Unificado nov dez2023,,,,CanalInternacional_Dezembro2023,0,0,,0.00
Globo Unificado nov dez2023,Globo Unificado nov dez2023,,,,CanalInternacional_Dezembro2023,0,0,,0.00
Globo Unificado nov dez2023,Globo Unificado nov dez2023,,,,CanalInternacional_Dezembro2023,0,0,,0.00
Globo Unificado nov dez2023,Globo Unificado nov dez2023,,,,CanalInternacional_Dezembro2023,0,0,,0.00
Globo Unificado nov dez2023,Globo Unificado nov dez2023,,,,CanalInternacional_Dezembro2023,0,0,,0.00
Globo Unificado nov dez2023,Globo Unificado nov dez2023,,,,CanalInternacional_Dezembro2023,0,0,,0.00
Globo Unificado nov dez2023,Globo Unificado nov dez2023,,,,CanalInternacional_Dezembro2023,0,0,,0.00
Globo Unificado nov dez2023,Globo Unificado nov dez2023,,,,CanalInternacional_Dezembro2023,0,0,,0.00
Globo Unificado nov dez2023,Globo Unificado nov dez2023,,,,CanalInternacional_Dezembro2023,0,0,,0.00
Globo Unificado nov dez2023,Globo Unificado nov dez2023,,,,CanalInternacional_Dezembro2023,0,0,,0.00
Globo Unificado nov dez2023,Globo Unificado nov dez2023,,,,CanalInternacional_Dezembro2023,0,0,,0.00
Globo Unificado nov dez2023,Globo Unificado nov dez2023,,,,CanalInternacional_Dezembro2023,0,0,,0.00
Globo Unificado nov dez2023,Globo Unificado nov dez2023,,,,CanalInternacional_Dezembro2023,0,0,,0.00
Globo Unificado nov dez2023,Globo Unificado nov dez2023,,,,CanalInternacional_Dezembro2023,0,0,,0.00
Globo Unificado nov dez2023,Globo Unificado nov dez2023,,,,CanalInternacional_Dezembro2023,0,0,,0.00
Globo Unificado nov dez2023,Globo Unificado nov dez2023,,,,CanalInternacional_Dezembro2023,0,0,,0.00
Globo Unificado nov dez2023,Globo Unificado nov dez2023,,,,CanalInternacional_Dezembro2023,0,0,,0.00
Globo Unificado nov dez2023,Globo Unificado nov dez2023,,,,CanalInternacional_Dezembro2023,0,0,,0.00
Globo Unificado nov dez2023,Globo Unificado nov dez2023,,,,CanalInternacional_Dezembro2023,0,0,,0.00
Globo Unificado nov dez2023,Globo Unificado nov dez2023,,,,CanalInternacional_Dezembro2023,0,0,,0.00
Globo Unificado nov dez2023,Globo Unificado nov dez2023,,,,CanalInternacional_Dezembro2023,0,0,,0.00
Globo Unificado nov dez2023,Globo Unificado nov dez2023,,,,CanalInternacional_Dezembro2023,0,0,,0.00
Globo Unificado nov dez2023,Globo Unificado nov dez2023,,,,CanalInternacional_Dezembro2023,0,0,,0.00
Globo Unificado nov dez2023,Globo Unificado nov dez2023,,,,CanalInternacional_Dezembro2023,0,0,,0.00
Globo Unificado nov dez2023,Globo Unificado nov dez2023,,,,CanalInternacional_Dezembro2023,0,0,,0.00
Globo Unificado nov dez2023,Globo Unificado nov dez2023,,,,CanalInternacional_Dezembro2023,0,0,,0.00
Globo Unificado nov dez2023,Globo Unificado nov dez2023,,,,CanalInternacional_Dezembro2023,0,0,,0.00
Globo Unificado nov dez2023,Globo Unificado nov dez2023,,,,CanalInternacional_Dezembro2023,0,0,,0.00
Globo Unificado nov dez2023,Globo Unificado nov dez2023,,,,CanalInternacional_Dezembro2023,0,0,,0.00
Globo Unificado nov dez2023,Globo Unificado nov dez2023,,,,CanalInternacional_Dezembro2023,0,0,,0.00
Globo Unificado nov dez2023,Globo Unificado nov dez2023,,,,CanalInternacional_Dezembro2023,0,0,,0.00
Globo Unificado nov dez2023,Globo Unificado nov dez2023,,,,CanalInternacional_Dezembro2023,0,0,,0.00
Globo Unificado nov dez2023,Globo Unificado nov dez2023,,,,CanalInternacional_Dezembro2023,0,0,,0.00
Globo Unificado nov dez2023,Globo Unificado nov dez2023,,,,CanalInternacional_Dezembro2023,0,0,,0.00
Globo Unificado nov dez2023,Globo Unificado nov dez2023,,,,CanalInternacional_Dezembro2023,0,0,,0.00
Globo Unificado nov dez2023,Globo Unificado nov dez2023,,,,CanalInternacional_Dezembro2023,0,0,,0.00
Globo Unificado nov dez2023,Globo Unificado nov dez2023,,,,CanalInternacional_Dezembro2023,0,0,,0.00
Globo Unificado nov dez2023,Globo Unificado nov dez2023,,,,CanalInternacional_Dezembro2023,0,0,,0.00
Globo Unificado nov dez2023,Globo Unificado nov dez2023,,,,CanalInternacional_Dezembro2023,0,0,,0.00
Globo Unificado nov dez2023,Globo Unificado nov dez2023,,,,CanalInternacional_Dezembro2023,0,0,,0.00
Globo Unificado nov dez2023,Globo Unificado nov dez2023,,,,CanalInternacional_Dezembro2023,0,0,,0.00
Globo Unificado nov dez2023,Globo Unificado nov dez2023,,,,CanalInternacional_Dezembro2023,0,0,,0.00
Globo Unificado nov dez2023,Globo Unificado nov dez2023,,,,CanalInternacional_Dezembro2023,0,0,,0.00
Globo Unificado nov dez2023,Globo Unificado nov dez2023,,,,CanalInternacional_Dezembro2023,0,0,,0.00
Globo Unificado nov dez2023,Globo Unificado nov dez2023,,,,CanalInternacional_Dezembro2023,0,0,,0.00
Globo Unificado nov dez2023,Globo Unificado nov dez2023,,,,CanalInternacional_Dezembro2023,0,0,,0.00
Clipes Unificados_nov Dez 2023,Clipes Unificados_nov Dez 2023,,,,ConsolidadoDiversos_Dezembro23,0,0,,0.00
Clipes Unificados_nov Dez 2023,Clipes Unificados_nov Dez 2023,,,,ConsolidadoDiversos_Dezembro23,0,0,,0.00
Clipes Unificados_nov Dez 2023,Clipes Unificados_nov Dez 2023,,,,ConsolidadoDiversos_Dezembro23,0,0,,0.00
Clipes Unificados_nov Dez 2023,Clipes Unificados_nov Dez 2023,,,,ConsolidadoDiversos_Dezembro23,0,0,,0.00
Clipes Unificados_nov Dez 2023,Clipes Unificados_nov Dez 2023,,,,ConsolidadoDiversos_Dezembro23,0,0,,0.00
Clipes Unificados_nov Dez 2023,Clipes Unificados_nov Dez 2023,,,,ConsolidadoDiversos_Dezembro23,0,0,,0.00
Clipes Unificados_nov Dez 2023,Clipes Unificados_nov Dez 2023,,,,ConsolidadoDiversos_Dezembro23,0,0,,0.00
Clipes Unificados_nov Dez 2023,Clipes Unificados_nov Dez 2023,,,,ConsolidadoDiversos_Dezembro23,0,0,,0.00
Clipes Unificados_nov Dez 2023,Clipes Unificados_nov Dez 2023,,,,ConsolidadoDiversos_Dezembro23,0,0,,0.00
Clipes Unificados_nov Dez 2023,Clipes Unificados_nov Dez 2023,,,,ConsolidadoDiversos_Dezembro23,0,0,,0.00
Clipes Unificados_nov Dez 2023,Clipes Unificados_nov Dez 2023,,,,ConsolidadoDiversos_Dezembro23,0,0,,0.00
Clipes Unificados_nov Dez 2023,Clipes Unificados_nov Dez 2023,,,,ConsolidadoDiversos_Dezembro23,0,0,,0.00
Clipes Unificados_nov Dez 2023,Clipes Unificados_nov Dez 2023,,,,ConsolidadoDiversos_Dezembro23,0,0,,0.00
Clipes Unificados_nov Dez 2023,Clipes Unificados_nov Dez 2023,,,,ConsolidadoDiversos_Dezembro23,0,0,,0.00
Clipes Unificados_nov Dez 2023,Clipes Unificados_nov Dez 2023,,,,ConsolidadoDiversos_Dezembro23,0,0,,0.00
Clipes Unificados_nov Dez 2023,Clipes Unificados_nov Dez 2023,,,,ConsolidadoDiversos_Dezembro23,0,0,,0.00
Clipes Unificados_nov Dez 2023,Clipes Unificados_nov Dez 2023,,,,ConsolidadoDiversos_Dezembro23,0,0,,0.00
Clipes Unificados_nov Dez 2023,Clipes Unificados_nov Dez 2023,,,,ConsolidadoDiversos_Dezembro23,0,0,,0.00
Clipes Unificados_nov Dez 2023,Clipes Unificados_nov Dez 2023,,,,ConsolidadoDiversos_Dezembro23,0,0,,0.00
Clipes Unificados_nov Dez 2023,Clipes Unificados_nov Dez 2023,,,,ConsolidadoDiversos_Dezembro23,0,0,,0.00
Clipes Unificados_nov Dez 2023,Clipes Unificados_nov Dez 2023,,,,ConsolidadoDiversos_Dezembro23,0,0,,0.00
Clipes Unificados_nov Dez 2023,Clipes Unificados_nov Dez 2023,,,,ConsolidadoDiversos_Dezembro23,0,0,,0.00
Clipes Unificados_nov Dez 2023,Clipes Unificados_nov Dez 2023,,,,ConsolidadoDiversos_Dezembro23,0,0,,0.00
Clipes Unificados_nov Dez 2023,Clipes Unificados_nov Dez 2023,,,,ConsolidadoDiversos_Dezembro23,0,0,,0.00
Clipes Unificados_nov Dez 2023,Clipes Unificados_nov Dez 2023,,,,ConsolidadoDiversos_Dezembro23,0,0,,0.00
Clipes Unificados_nov Dez 2023,Clipes Unificados_nov Dez 2023,,,,ConsolidadoDiversos_Dezembro23,0,0,,0.00
Clipes Unificados_nov Dez 2023,Clipes Unificados_nov Dez 2023,,,,ConsolidadoDiversos_Dezembro23,0,0,,0.00
Clipes Unificados_nov Dez 2023,Clipes Unificados_nov Dez 2023,,,,ConsolidadoDiversos_Dezembro23,0,0,,0.00
Clipes Unificados_nov Dez 2023,Clipes Unificados_nov Dez 2023,,,,ConsolidadoDiversos_Dezembro23,0,0,,0.00
Clipes Unificados_nov Dez 2023,Clipes Unificados_nov Dez 2023,,,,ConsolidadoDiversos_Dezembro23,0,0,,0.00
Clipes Unificados_nov Dez 2023,Clipes Unificados_nov Dez 2023,,,,ConsolidadoDiversos_Dezembro23,0,0,,0.00
Clipes Unificados_nov Dez 2023,Clipes Unificados_nov Dez 2023,,,,ConsolidadoDiversos_Dezembro23,0,0,,0.00
Clipes Unificados_nov Dez 2023,Clipes Unificados_nov Dez 2023,,,,ConsolidadoDiversos_Dezembro23,0,0,,0.00
Clipes Unificados_nov Dez 2023,Clipes Unificados_nov Dez 2023,,,,ConsolidadoDiversos_Dezembro23,0,0,,0.00
Clipes Unificados_nov Dez 2023,Clipes Unificados_nov Dez 2023,,,,ConsolidadoDiversos_Dezembro23,0,0,,0.00
Clipes Unificados_nov Dez 2023,Clipes Unificados_nov Dez 2023,,,,ConsolidadoDiversos_Dezembro23,0,0,,0.00
Clipes Unificados_nov Dez 2023,Clipes Unificados_nov Dez 2023,,,,ConsolidadoDiversos_Dezembro23,0,0,,0.00
Clipes Unificados_nov Dez 2023,Clipes Unificados_nov Dez 2023,,,,ConsolidadoDiversos_Dezembro23,0,0,,0.00
Clipes Unificados_nov Dez 2023,Clipes Unificados_nov Dez 2023,,,,ConsolidadoDiversos_Dezembro23,0,0,,0.00
Clipes Unificados_nov Dez 2023,Clipes Unificados_nov Dez 2023,,,,ConsolidadoDiversos_Dezembro23,0,0,,0.00
Clipes Unificados_nov Dez 2023,Clipes Unificados_nov Dez 2023,,,,ConsolidadoDiversos_Dezembro23,0,0,,0.00
Clipes Unificados_nov Dez 2023,Clipes Unificados_nov Dez 2023,,,,ConsolidadoDiversos_Dezembro23,0,0,,0.00
Clipes Unificados_nov Dez 2023,Clipes Unificados_nov Dez 2023,,,,ConsolidadoDiversos_Dezembro23,0,0,,0.00
Clipes Unificados_nov Dez 2023,Clipes Unificados_nov Dez 2023,,,,ConsolidadoDiversos_Dezembro23,0,0,,0.00
Clipes Unificados_nov Dez 2023,Clipes Unificados_nov Dez 2023,,,,ConsolidadoDiversos_Dezembro23,0,0,,0.00
Clipes Unificados_nov Dez 2023,Clipes Unificados_nov Dez 2023,,,,ConsolidadoDiversos_Dezembro23,0,0,,0.00
Clipes Unificados_nov Dez 2023,Clipes Unificados_nov Dez 2023,,,,ConsolidadoDiversos_Dezembro23,0,0,,0.00
Clipes Unificados_nov Dez 2023,Clipes Unificados_nov Dez 2023,,,,ConsolidadoDiversos_Dezembro23,0,0,,0.00
Clipes Unificados_nov Dez 2023,Clipes Unificados_nov Dez 2023,,,,ConsolidadoDiversos_Dezembro23,0,0,,0.00
Clipes Unificados_nov Dez 2023,Clipes Unificados_nov Dez 2023,,,,ConsolidadoDiversos_Dezembro23,0,0,,0.00
Clipes Unificados_nov Dez 2023,Clipes Unificados_nov Dez 2023,,,,ConsolidadoDiversos_Dezembro23,0,0,,0.00
Clipes Unificados_nov Dez 2023,Clipes Unificados_nov Dez 2023,,,,ConsolidadoDiversos_Dezembro23,0,0,,0.00
Clipes Unificados_nov Dez 2023,Clipes Unificados_nov Dez 2023,,,,ConsolidadoDiversos_Dezembro23,0,0,,0.00
Clipes Unificados_nov Dez 2023,Clipes Unificados_nov Dez 2023,,,,ConsolidadoDiversos_Dezembro23,0,0,,0.00
Clipes Unificados_nov Dez 2023,Clipes Unificados_nov Dez 2023,,,,ConsolidadoDiversos_Dezembro23,0,0,,0.00
Clipes Unificados_nov Dez 2023,Clipes Unificados_nov Dez 2023,,,,ConsolidadoDiversos_Dezembro23,0,0,,0.00
Clipes Unificados_nov Dez 2023,Clipes Unificados_nov Dez 2023,,,,ConsolidadoDiversos_Dezembro23,0,0,,0.00
Clipes Unificados_nov Dez 2023,Clipes Unificados_nov Dez 2023,,,,ConsolidadoDiversos_Dezembro23,0,0,,0.00
Clipes Unificados_nov Dez 2023,Clipes Unificados_nov Dez 2023,,,,ConsolidadoDiversos_Dezembro23,0,0,,0.00
Clipes Unificados_nov Dez 2023,Clipes Unificados_nov Dez 2023,,,,ConsolidadoDiversos_Dezembro23,0,0,,0.00
Clipes Unificados_nov Dez 2023,Clipes Unificados_nov Dez 2023,,,,ConsolidadoDiversos_Dezembro23,0,0,,0.00
Clipes Unificados_nov Dez 2023,Clipes Unificados_nov Dez 2023,,,,ConsolidadoDiversos_Dezembro23,0,0,,0.00
Clipes Unificados_nov Dez 2023,Clipes Unificados_nov Dez 2023,,,,ConsolidadoDiversos_Dezembro23,0,0,,0.00
Clipes Unificados_nov Dez 2023,Clipes Unificados_nov Dez 2023,,,,ConsolidadoDiversos_Dezembro23,0,0,,0.00
Clipes Unificados_nov Dez 2023,Clipes Unificados_nov Dez 2023,,,,ConsolidadoDiversos_Dezembro23,0,0,,0.00
Clipes Unificados_nov Dez 2023,Clipes Unificados_nov Dez 2023,,,,ConsolidadoDiversos_Dezembro23,0,0,,0.00
Clipes Unificados_nov Dez 2023,Clipes Unificados_nov Dez 2023,,,,ConsolidadoDiversos_Dezembro23,0,0,,0.00
Clipes Unificados_nov Dez 2023,Clipes Unificados_nov Dez 2023,,,,ConsolidadoDiversos_Dezembro23,0,0,,0.00
Clipes Unificados_nov Dez 2023,Clipes Unificados_nov Dez 2023,,,,ConsolidadoDiversos_Dezembro23,0,0,,0.00
Clipes Unificados_nov Dez 2023,Clipes Unificados_nov Dez 2023,,,,ConsolidadoDiversos_Dezembro23,0,0,,0.00
Clipes Unificados_nov Dez 2023,Clipes Unificados_nov Dez 2023,,,,ConsolidadoDiversos_Dezembro23,0,0,,0.00
Clipes Unificados_nov Dez 2023,Clipes Unificados_nov Dez 2023,,,,ConsolidadoDiversos_Dezembro23,0,0,,0.00
Clipes Unificados_nov Dez 2023,Clipes Unificados_nov Dez 2023,,,,ConsolidadoDiversos_Dezembro23,0,0,,0.00
Clipes Unificados_nov Dez 2023,Clipes Unificados_nov Dez 2023,,,,ConsolidadoDiversos_Dezembro23,0,0,,0.00
Clipes Unificados_nov Dez 2023,Clipes Unificados_nov Dez 2023,,,,ConsolidadoDiversos_Dezembro23,0,0,,0.00
Clipes Unificados_nov Dez 2023,Clipes Unificados_nov Dez 2023,,,,ConsolidadoDiversos_Dezembro23,0,0,,0.00
Clipes Unificados_nov Dez 2023,Clipes Unificados_nov Dez 2023,,,,ConsolidadoDiversos_Dezembro23,0,0,,0.00
Clipes Unificados_nov Dez 2023,Clipes Unificados_nov Dez 2023,,,,ConsolidadoDiversos_Dezembro23,0,0,,0.00
Clipes Unificados_nov Dez 2023,Clipes Unificados_nov Dez 2023,,,,ConsolidadoDiversos_Dezembro23,0,0,,0.00
Clipes Unificados_nov Dez 2023,Clipes Unificados_nov Dez 2023,,,,ConsolidadoDiversos_Dezembro23,0,0,,0.00
Clipes Unificados_nov Dez 2023,Clipes Unificados_nov Dez 2023,,,,ConsolidadoDiversos_Dezembro23,0,0,,0.00
Clipes Unificados_nov Dez 2023,Clipes Unificados_nov Dez 2023,,,,ConsolidadoDiversos_Dezembro23,0,0,,0.00
Clipes Unificados_nov Dez 2023,Clipes Unificados_nov Dez 2023,,,,ConsolidadoDiversos_Dezembro23,0,0,,0.00
Clipes Unificados_nov Dez 2023,Clipes Unificados_nov Dez 2023,,,,ConsolidadoDiversos_Dezembro23,0,0,,0.00
Clipes Unificados_nov Dez 2023,Clipes Unificados_nov Dez 2023,,,,ConsolidadoDiversos_Dezembro23,0,0,,0.00
Clipes Unificados_nov Dez 2023,Clipes Unificados_nov Dez 2023,,,,ConsolidadoDiversos_Dezembro23,0,0,,0.00
Clipes Unificados_nov Dez 2023,Clipes Unificados_nov Dez 2023,,,,ConsolidadoDiversos_Dezembro23,0,0,,0.00
Clipes Unificados_nov Dez 2023,Clipes Unificados_nov Dez 2023,,,,ConsolidadoDiversos_Dezembro23,0,0,,0.00
Clipes Unificados_nov Dez 2023,Clipes Unificados_nov Dez 2023,,,,ConsolidadoDiversos_Dezembro23,0,0,,0.00
Clipes Unificados_nov Dez 2023,Clipes Unificados_nov Dez 2023,,,,ConsolidadoDiversos_Dezembro23,0,0,,0.00
Clipes Unificados_nov Dez 2023,Clipes Unificados_nov Dez 2023,,,,ConsolidadoDiversos_Dezembro23,0,0,,0.00
Clipes Unificados_nov Dez 2023,Clipes Unificados_nov Dez 2023,,,,ConsolidadoDiversos_Dezembro23,0,0,,0.00
Clipes Unificados_nov Dez 2023,Clipes Unificados_nov Dez 2023,,,,ConsolidadoDiversos_Dezembro23,0,0,,0.00
Clipes Unificados_nov Dez 2023,Clipes Unificados_nov Dez 2023,,,,ConsolidadoDiversos_Dezembro23,0,0,,0.00
Clipes Unificados_nov Dez 2023,Clipes Unificados_nov Dez 2023,,,,ConsolidadoDiversos_Dezembro23,0,0,,0.00
Clipes Unificados_nov Dez 2023,Clipes Unificados_nov Dez 2023,,,,ConsolidadoDiversos_Dezembro23,0,0,,0.00
Clipes Unificados_nov Dez 2023,Clipes Unificados_nov Dez 2023,,,,ConsolidadoDiversos_Dezembro23,0,0,,0.00
Clipes Unificados_nov Dez 2023,Clipes Unificados_nov Dez 2023,,,,ConsolidadoDiversos_Dezembro23,0,0,,0.00
Clipes Unificados_nov Dez 2023,Clipes Unificados_nov Dez 2023,,,,ConsolidadoDiversos_Dezembro23,0,0,,0.00
Clipes Unificados_nov Dez 2023,Clipes Unificados_nov Dez 2023,,,,ConsolidadoDiversos_Dezembro23,0,0,,0.00
Clipes Unificados_nov Dez 2023,Clipes Unificados_nov Dez 2023,,,,ConsolidadoDiversos_Dezembro23,0,0,,0.00
Clipes Unificados_nov Dez 2023,Clipes Unificados_nov Dez 2023,,,,ConsolidadoDiversos_Dezembro23,0,0,,0.00
Clipes Unificados_nov Dez 2023,Clipes Unificados_nov Dez 2023,,,,ConsolidadoDiversos_Dezembro23,0,0,,0.00
Clipes Unificados_nov Dez 2023,Clipes Unificados_nov Dez 2023,,,,ConsolidadoDiversos_Dezembro23,0,0,,0.00
Clipes Unificados_nov Dez 2023,Clipes Unificados_nov Dez 2023,,,,ConsolidadoDiversos_Dezembro23,0,0,,0.00
Clipes Unificados_nov Dez 2023,Clipes Unificados_nov Dez 2023,,,,ConsolidadoDiversos_Dezembro23,0,0,,0.00
Clipes Unificados_nov Dez 2023,Clipes Unificados_nov Dez 2023,,,,ConsolidadoDiversos_Dezembro23,0,0,,0.00
Clipes Unificados_nov Dez 2023,Clipes Unificados_nov Dez 2023,,,,ConsolidadoDiversos_Dezembro23,0,0,,0.00
Clipes Unificados_nov Dez 2023,Clipes Unificados_nov Dez 2023,,,,ConsolidadoDiversos_Dezembro23,0,0,,0.00
Clipes Unificados_nov Dez 2023,Clipes Unificados_nov Dez 2023,,,,ConsolidadoDiversos_Dezembro23,0,0,,0.00
Clipes Unificados_nov Dez 2023,Clipes Unificados_nov Dez 2023,,,,ConsolidadoDiversos_Dezembro23,0,0,,0.00
Clipes Unificados_nov Dez 2023,Clipes Unificados_nov Dez 2023,,,,ConsolidadoDiversos_Dezembro23,0,0,,0.00
Clipes Unificados_nov Dez 2023,Clipes Unificados_nov Dez 2023,,,,ConsolidadoDiversos_Dezembro23,0,0,,0.00
Clipes Unificados_nov Dez 2023,Clipes Unificados_nov Dez 2023,,,,ConsolidadoDiversos_Dezembro23,0,0,,0.00
Clipes Unificados_nov Dez 2023,Clipes Unificados_nov Dez 2023,,,,ConsolidadoDiversos_Dezembro23,0,0,,0.00
Clipes Unificados_nov Dez 2023,Clipes Unificados_nov Dez 2023,,,,ConsolidadoDiversos_Dezembro23,0,0,,0.00
Clipes Unificados_nov Dez 2023,Clipes Unificados_nov Dez 2023,,,,ConsolidadoDiversos_Dezembro23,0,0,,0.00
Clipes Unificados_nov Dez 2023,Clipes Unificados_nov Dez 2023,,,,ConsolidadoDiversos_Dezembro23,0,0,,0.00
Clipes Unificados_nov Dez 2023,Clipes Unificados_nov Dez 2023,,,,ConsolidadoDiversos_Dezembro23,0,0,,0.00
Clipes Unificados_nov Dez 2023,Clipes Unificados_nov Dez 2023,,,,ConsolidadoDiversos_Dezembro23,0,0,,0.00
Clipes Unificados_nov Dez 2023,Clipes Unificados_nov Dez 2023,,,,ConsolidadoDiversos_Dezembro23,0,0,,0.00
Clipes Unificados_nov Dez 2023,Clipes Unificados_nov Dez 2023,,,,ConsolidadoDiversos_Dezembro23,0,0,,0.00
Clipes Unificados_nov Dez 2023,Clipes Unificados_nov Dez 2023,,,,ConsolidadoDiversos_Dezembro23,0,0,,0.00
Clipes Unificados_nov Dez 2023,Clipes Unificados_nov Dez 2023,,,,ConsolidadoDiversos_Dezembro23,0,0,,0.00
Clipes Unificados_nov Dez 2023,Clipes Unificados_nov Dez 2023,,,,ConsolidadoDiversos_Dezembro23,0,0,,0.00
Clipes Unificados_nov Dez 2023,Clipes Unificados_nov Dez 2023,,,,ConsolidadoDiversos_Dezembro23,0,0,,0.00
Clipes Unificados_nov Dez 2023,Clipes Unificados_nov Dez 2023,,,,ConsolidadoDiversos_Dezembro23,0,0,,0.00
Clipes Unificados_nov Dez 2023,Clipes Unificados_nov Dez 2023,,,,ConsolidadoDiversos_Dezembro23,0,0,,0.00
Clipes Unificados_nov Dez 2023,Clipes Unificados_nov Dez 2023,,,,ConsolidadoDiversos_Dezembro23,0,0,,0.00
Clipes Unificados_nov Dez 2023,Clipes Unificados_nov Dez 2023,,,,ConsolidadoDiversos_Dezembro23,0,0,,0.00
Clipes Unificados_nov Dez 2023,Clipes Unificados_nov Dez 2023,,,,ConsolidadoDiversos_Dezembro23,0,0,,0.00
Clipes Unificados_nov Dez 2023,Clipes Unificados_nov Dez 2023,,,,ConsolidadoDiversos_Dezembro23,0,0,,0.00
Clipes Unificados_nov Dez 2023,Clipes Unificados_nov Dez 2023,,,,ConsolidadoDiversos_Dezembro23,0,0,,0.00
Clipes Unificados_nov Dez 2023,Clipes Unificados_nov Dez 2023,,,,ConsolidadoDiversos_Dezembro23,0,0,,0.00
Clipes Unificados_nov Dez 2023,Clipes Unificados_nov Dez 2023,,,,ConsolidadoDiversos_Dezembro23,0,0,,0.00
Clipes Unificados_nov Dez 2023,Clipes Unificados_nov Dez 2023,,,,ConsolidadoDiversos_Dezembro23,0,0,,0.00
Clipes Unificados_nov Dez 2023,Clipes Unificados_nov Dez 2023,,,,ConsolidadoDiversos_Dezembro23,0,0,,0.00
Clipes Unificados_nov Dez 2023,Clipes Unificados_nov Dez 2023,,,,ConsolidadoDiversos_Dezembro23,0,0,,0.00
Clipes Unificados_nov Dez 2023,Clipes Unificados_nov Dez 2023,,,,ConsolidadoDiversos_Dezembro23,0,0,,0.00
Clipes Unificados_nov Dez 2023,Clipes Unificados_nov Dez 2023,,,,ConsolidadoDiversos_Dezembro23,0,0,,0.00
Clipes Unificados_nov Dez 2023,Clipes Unificados_nov Dez 2023,,,,ConsolidadoDiversos_Dezembro23,0,0,,0.00
Clipes Unificados_nov Dez 2023,Clipes Unificados_nov Dez 2023,,,,ConsolidadoDiversos_Dezembro23,0,0,,0.00
Clipes Unificados_nov Dez 2023,Clipes Unificados_nov Dez 2023,,,,ConsolidadoDiversos_Dezembro23,0,0,,0.00
Clipes Unificados_nov Dez 2023,Clipes Unificados_nov Dez 2023,,,,ConsolidadoDiversos_Dezembro23,0,0,,0.00
Clipes Unificados_nov Dez 2023,Clipes Unificados_nov Dez 2023,,,,ConsolidadoDiversos_Dezembro23,0,0,,0.00
Clipes Unificados_nov Dez 2023,Clipes Unificados_nov Dez 2023,,,,ConsolidadoDiversos_Dezembro23,0,0,,0.00
Clipes Unificados_nov Dez 2023,Clipes Unificados_nov Dez 2023,,,,ConsolidadoDiversos_Dezembro23,0,0,,0.00
Clipes Unificados_nov Dez 2023,Clipes Unificados_nov Dez 2023,,,,ConsolidadoDiversos_Dezembro23,0,0,,0.00
Clipes Unificados_nov Dez 2023,Clipes Unificados_nov Dez 2023,,,,ConsolidadoDiversos_Dezembro23,0,0,,0.00
Clipes Unificados_nov Dez 2023,Clipes Unificados_nov Dez 2023,,,,ConsolidadoDiversos_Dezembro23,0,0,,0.00
Clipes Unificados_nov Dez 2023,Clipes Unificados_nov Dez 2023,,,,ConsolidadoDiversos_Dezembro23,0,0,,0.00
Clipes Unificados_nov Dez 2023,Clipes Unificados_nov Dez 2023,,,,ConsolidadoDiversos_Dezembro23,0,0,,0.00
Clipes Unificados_nov Dez 2023,Clipes Unificados_nov Dez 2023,,,,ConsolidadoDiversos_Dezembro23,0,0,,0.00
Clipes Unificados_nov Dez 2023,Clipes Unificados_nov Dez 2023,,,,ConsolidadoDiversos_Dezembro23,0,0,,0.00
Clipes Unificados_nov Dez 2023,Clipes Unificados_nov Dez 2023,,,,ConsolidadoDiversos_Dezembro23,0,0,,0.00
Clipes Unificados_nov Dez 2023,Clipes Unificados_nov Dez 2023,,,,ConsolidadoDiversos_Dezembro23,0,0,,0.00
Clipes Unificados_nov Dez 2023,Clipes Unificados_nov Dez 2023,,,,ConsolidadoDiversos_Dezembro23,0,0,,0.00
Clipes Unificados_nov Dez 2023,Clipes Unificados_nov Dez 2023,,,,ConsolidadoDiversos_Dezembro23,0,0,,0.00
Clipes Unificados_nov Dez 2023,Clipes Unificados_nov Dez 2023,,,,ConsolidadoDiversos_Dezembro23,0,0,,0.00
Clipes Unificados_nov Dez 2023,Clipes Unificados_nov Dez 2023,,,,ConsolidadoDiversos_Dezembro23,0,0,,0.00
Clipes Unificados_nov Dez 2023,Clipes Unificados_nov Dez 2023,,,,ConsolidadoDiversos_Dezembro23,0,0,,0.00
Clipes Unificados_nov Dez 2023,Clipes Unificados_nov Dez 2023,,,,ConsolidadoDiversos_Dezembro23,0,0,,0.00
Clipes Unificados_nov Dez 2023,Clipes Unificados_nov Dez 2023,,,,ConsolidadoDiversos_Dezembro23,0,0,,0.00
Clipes Unificados_nov Dez 2023,Clipes Unificados_nov Dez 2023,,,,ConsolidadoDiversos_Dezembro23,0,0,,0.00
Clipes Unificados_nov Dez 2023,Clipes Unificados_nov Dez 2023,,,,ConsolidadoDiversos_Dezembro23,0,0,,0.00
Clipes Unificados_nov Dez 2023,Clipes Unificados_nov Dez 2023,,,,ConsolidadoDiversos_Dezembro23,0,0,,0.00
Clipes Unificados_nov Dez 2023,Clipes Unificados_nov Dez 2023,,,,ConsolidadoDiversos_Dezembro23,0,0,,0.00
Clipes Unificados_nov Dez 2023,Clipes Unificados_nov Dez 2023,,,,ConsolidadoDiversos_Dezembro23,0,0,,0.00
Clipes Unificados_nov Dez 2023,Clipes Unificados_nov Dez 2023,,,,ConsolidadoDiversos_Dezembro23,0,0,,0.00
Clipes Unificados_nov Dez 2023,Clipes Unificados_nov Dez 2023,,,,ConsolidadoDiversos_Dezembro23,0,0,,0.00
Clipes Unificados_nov Dez 2023,Clipes Unificados_nov Dez 2023,,,,ConsolidadoDiversos_Dezembro23,0,0,,0.00
Clipes Unificados_nov Dez 2023,Clipes Unificados_nov Dez 2023,,,,ConsolidadoDiversos_Dezembro23,0,0,,0.00
Clipes Unificados_nov Dez 2023,Clipes Unificados_nov Dez 2023,,,,ConsolidadoDiversos_Dezembro23,0,0,,0.00
Clipes Unificados_nov Dez 2023,Clipes Unificados_nov Dez 2023,,,,ConsolidadoDiversos_Dezembro23,0,0,,0.00
Clipes Unificados_nov Dez 2023,Clipes Unificados_nov Dez 2023,,,,ConsolidadoDiversos_Dezembro23,0,0,,0.00
Clipes Unificados_nov Dez 2023,Clipes Unificados_nov Dez 2023,,,,ConsolidadoDiversos_Dezembro23,0,0,,0.00
Clipes Unificados_nov Dez 2023,Clipes Unificados_nov Dez 2023,,,,ConsolidadoDiversos_Dezembro23,0,0,,0.00
Clipes Unificados_nov Dez 2023,Clipes Unificados_nov Dez 2023,,,,ConsolidadoDiversos_Dezembro23,0,0,,0.00
Clipes Unificados_nov Dez 2023,Clipes Unificados_nov Dez 2023,,,,ConsolidadoDiversos_Dezembro23,0,0,,0.00
Clipes Unificados_nov Dez 2023,Clipes Unificados_nov Dez 2023,,,,ConsolidadoDiversos_Dezembro23,0,0,,0.00
Clipes Unificados_nov Dez 2023,Clipes Unificados_nov Dez 2023,,,,ConsolidadoDiversos_Dezembro23,0,0,,0.00
Clipes Unificados_nov Dez 2023,Clipes Unificados_nov Dez 2023,,,,ConsolidadoDiversos_Dezembro23,0,0,,0.00
Clipes Unificados_nov Dez 2023,Clipes Unificados_nov Dez 2023,,,,ConsolidadoDiversos_Dezembro23,0,0,,0.00
Clipes Unificados_nov Dez 2023,Clipes Unificados_nov Dez 2023,,,,ConsolidadoDiversos_Dezembro23,0,0,,0.00
Clipes Unificados_nov Dez 2023,Clipes Unificados_nov Dez 2023,,,,ConsolidadoDiversos_Dezembro23,0,0,,0.00
Clipes Unificados_nov Dez 2023,Clipes Unificados_nov Dez 2023,,,,ConsolidadoDiversos_Dezembro23,0,0,,0.00
Clipes Unificados_nov Dez 2023,Clipes Unificados_nov Dez 2023,,,,ConsolidadoDiversos_Dezembro23,0,0,,0.00
Clipes Unificados_nov Dez 2023,Clipes Unificados_nov Dez 2023,,,,ConsolidadoDiversos_Dezembro23,0,0,,0.00
Clipes Unificados_nov Dez 2023,Clipes Unificados_nov Dez 2023,,,,ConsolidadoDiversos_Dezembro23,0,0,,0.00
Clipes Unificados_nov Dez 2023,Clipes Unificados_nov Dez 2023,,,,ConsolidadoDiversos_Dezembro23,0,0,,0.00
Clipes Unificados_nov Dez 2023,Clipes Unificados_nov Dez 2023,,,,ConsolidadoDiversos_Dezembro23,0,0,,0.00
Clipes Unificados_nov Dez 2023,Clipes Unificados_nov Dez 2023,,,,ConsolidadoDiversos_Dezembro23,0,0,,0.00
Clipes Unificados_nov Dez 2023,Clipes Unificados_nov Dez 2023,,,,ConsolidadoDiversos_Dezembro23,0,0,,0.00
Clipes Unificados_nov Dez 2023,Clipes Unificados_nov Dez 2023,,,,ConsolidadoDiversos_Dezembro23,0,0,,0.00
Clipes Unificados_nov Dez 2023,Clipes Unificados_nov Dez 2023,,,,ConsolidadoDiversos_Dezembro23,0,0,,0.00
Clipes Unificados_nov Dez 2023,Clipes Unificados_nov Dez 2023,,,,ConsolidadoDiversos_Dezembro23,0,0,,0.00
Clipes Unificados_nov Dez 2023,Clipes Unificados_nov Dez 2023,,,,ConsolidadoDiversos_Dezembro23,0,0,,0.00
Clipes Unificados_nov Dez 2023,Clipes Unificados_nov Dez 2023,,,,ConsolidadoDiversos_Dezembro23,0,0,,0.00
Clipes Unificados_nov Dez 2023,Clipes Unificados_nov Dez 2023,,,,ConsolidadoDiversos_Dezembro23,0,0,,0.00
Clipes Unificados_nov Dez 2023,Clipes Unificados_nov Dez 2023,,,,ConsolidadoDiversos_Dezembro23,0,0,,0.00
Clipes Unificados_nov Dez 2023,Clipes Unificados_nov Dez 2023,,,,ConsolidadoDiversos_Dezembro23,0,0,,0.00
Clipes Unificados_nov Dez 2023,Clipes Unificados_nov Dez 2023,,,,ConsolidadoDiversos_Dezembro23,0,0,,0.00
Clipes Unificados_nov Dez 2023,Clipes Unificados_nov Dez 2023,,,,ConsolidadoDiversos_Dezembro23,0,0,,0.00
Clipes Unificados_nov Dez 2023,Clipes Unificados_nov Dez 2023,,,,ConsolidadoDiversos_Dezembro23,0,0,,0.00
Clipes Unificados_nov Dez 2023,Clipes Unificados_nov Dez 2023,,,,ConsolidadoDiversos_Dezembro23,0,0,,0.00
Clipes Unificados_nov Dez 2023,Clipes Unificados_nov Dez 2023,,,,ConsolidadoDiversos_Dezembro23,0,0,,0.00
Clipes Unificados_nov Dez 2023,Clipes Unificados_nov Dez 2023,,,,ConsolidadoDiversos_Dezembro23,0,0,,0.00
Clipes Unificados_nov Dez 2023,Clipes Unificados_nov Dez 2023,,,,ConsolidadoDiversos_Dezembro23,0,0,,0.00
Clipes Unificados_nov Dez 2023,Clipes Unificados_nov Dez 2023,,,,ConsolidadoDiversos_Dezembro23,0,0,,0.00
Clipes Unificados_nov Dez 2023,Clipes Unificados_nov Dez 2023,,,,ConsolidadoDiversos_Dezembro23,0,0,,0.00
Clipes Unificados_nov Dez 2023,Clipes Unificados_nov Dez 2023,,,,ConsolidadoDiversos_Dezembro23,0,0,,0.00
Clipes Unificados_nov Dez 2023,Clipes Unificados_nov Dez 2023,,,,ConsolidadoDiversos_Dezembro23,0,0,,0.00
Clipes Unificados_nov Dez 2023,Clipes Unificados_nov Dez 2023,,,,ConsolidadoDiversos_Dezembro23,0,0,,0.00
Clipes Unificados_nov Dez 2023,Clipes Unificados_nov Dez 2023,,,,ConsolidadoDiversos_Dezembro23,0,0,,0.00
Clipes Unificados_nov Dez 2023,Clipes Unificados_nov Dez 2023,,,,ConsolidadoDiversos_Dezembro23,0,0,,0.00
Clipes Unificados_nov Dez 2023,Clipes Unificados_nov Dez 2023,,,,ConsolidadoDiversos_Dezembro23,0,0,,0.00
Clipes Unificados_nov Dez 2023,Clipes Unificados_nov Dez 2023,,,,ConsolidadoDiversos_Dezembro23,0,0,,0.00
Clipes Unificados_nov Dez 2023,Clipes Unificados_nov Dez 2023,,,,ConsolidadoDiversos_Dezembro23,0,0,,0.00
Clipes Unificados_nov Dez 2023,Clipes Unificados_nov Dez 2023,,,,ConsolidadoDiversos_Dezembro23,0,0,,0.00
Clipes Unificados_nov Dez 2023,Clipes Unificados_nov Dez 2023,,,,ConsolidadoDiversos_Dezembro23,0,0,,0.00
Clipes Unificados_nov Dez 2023,Clipes Unificados_nov Dez 2023,,,,ConsolidadoDiversos_Dezembro23,0,0,,0.00
Clipes Unificados_nov Dez 2023,Clipes Unificados_nov Dez 2023,,,,ConsolidadoDiversos_Dezembro23,0,0,,0.00
Clipes Unificados_nov Dez 2023,Clipes Unificados_nov Dez 2023,,,,ConsolidadoDiversos_Dezembro23,0,0,,0.00
Clipes Unificados_nov Dez 2023,Clipes Unificados_nov Dez 2023,,,,ConsolidadoDiversos_Dezembro23,0,0,,0.00
Clipes Unificados_nov Dez 2023,Clipes Unificados_nov Dez 2023,,,,ConsolidadoDiversos_Dezembro23,0,0,,0.00
Clipes Unificados_nov Dez 2023,Clipes Unificados_nov Dez 2023,,,,ConsolidadoDiversos_Dezembro23,0,0,,0.00
Clipes Unificados_nov Dez 2023,Clipes Unificados_nov Dez 2023,,,,ConsolidadoDiversos_Dezembro23,0,0,,0.00
Clipes Unificados_nov Dez 2023,Clipes Unificados_nov Dez 2023,,,,ConsolidadoDiversos_Dezembro23,0,0,,0.00
Clipes Unificados_nov Dez 2023,Clipes Unificados_nov Dez 2023,,,,ConsolidadoDiversos_Dezembro23,0,0,,0.00
Clipes Unificados_nov Dez 2023,Clipes Unificados_nov Dez 2023,,,,ConsolidadoDiversos_Dezembro23,0,0,,0.00
Clipes Unificados_nov Dez 2023,Clipes Unificados_nov Dez 2023,,,,ConsolidadoDiversos_Dezembro23,0,0,,0.00
Clipes Unificados_nov Dez 2023,Clipes Unificados_nov Dez 2023,,,,ConsolidadoDiversos_Dezembro23,0,0,,0.00
Clipes Unificados_nov Dez 2023,Clipes Unificados_nov Dez 2023,,,,ConsolidadoDiversos_Dezembro23,0,0,,0.00
Clipes Unificados_nov Dez 2023,Clipes Unificados_nov Dez 2023,,,,ConsolidadoDiversos_Dezembro23,0,0,,0.00
Clipes Unificados_nov Dez 2023,Clipes Unificados_nov Dez 2023,,,,ConsolidadoDiversos_Dezembro23,0,0,,0.00
Clipes Unificados_nov Dez 2023,Clipes Unificados_nov Dez 2023,,,,ConsolidadoDiversos_Dezembro23,0,0,,0.00
Clipes Unificados_nov Dez 2023,Clipes Unificados_nov Dez 2023,,,,ConsolidadoDiversos_Dezembro23,0,0,,0.00
Clipes Unificados_nov Dez 2023,Clipes Unificados_nov Dez 2023,,,,ConsolidadoDiversos_Dezembro23,0,0,,0.00
Clipes Unificados_nov Dez 2023,Clipes Unificados_nov Dez 2023,,,,ConsolidadoDiversos_Dezembro23,0,0,,0.00
Clipes Unificados_nov Dez 2023,Clipes Unificados_nov Dez 2023,,,,ConsolidadoDiversos_Dezembro23,0,0,,0.00
Clipes Unificados_nov Dez 2023,Clipes Unificados_nov Dez 2023,,,,ConsolidadoDiversos_Dezembro23,0,0,,0.00
Clipes Unificados_nov Dez 2023,Clipes Unificados_nov Dez 2023,,,,ConsolidadoDiversos_Dezembro23,0,0,,0.00
Clipes Unificados_nov Dez 2023,Clipes Unificados_nov Dez 2023,,,,ConsolidadoDiversos_Dezembro23,0,0,,0.00
Clipes Unificados_nov Dez 2023,Clipes Unificados_nov Dez 2023,,,,ConsolidadoDiversos_Dezembro23,0,0,,0.00
Clipes Unificados_nov Dez 2023,Clipes Unificados_nov Dez 2023,,,,ConsolidadoDiversos_Dezembro23,0,0,,0.00
Clipes Unificados_nov Dez 2023,Clipes Unificados_nov Dez 2023,,,,ConsolidadoDiversos_Dezembro23,0,0,,0.00
Clipes Unificados_nov Dez 2023,Clipes Unificados_nov Dez 2023,,,,ConsolidadoDiversos_Dezembro23,0,0,,0.00
Clipes Unificados_nov Dez 2023,Clipes Unificados_nov Dez 2023,,,,ConsolidadoDiversos_Dezembro23,0,0,,0.00
Clipes Unificados_nov Dez 2023,Clipes Unificados_nov Dez 2023,,,,ConsolidadoDiversos_Dezembro23,0,0,,0.00
Clipes Unificados_nov Dez 2023,Clipes Unificados_nov Dez 2023,,,,ConsolidadoDiversos_Dezembro23,0,0,,0.00
Clipes Unificados_nov Dez 2023,Clipes Unificados_nov Dez 2023,,,,ConsolidadoDiversos_Dezembro23,0,0,,0.00
Clipes Unificados_nov Dez 2023,Clipes Unificados_nov Dez 2023,,,,ConsolidadoDiversos_Dezembro23,0,0,,0.00
Clipes Unificados_nov Dez 2023,Clipes Unificados_nov Dez 2023,,,,ConsolidadoDiversos_Dezembro23,0,0,,0.00
Clipes Unificados_nov Dez 2023,Clipes Unificados_nov Dez 2023,,,,ConsolidadoDiversos_Dezembro23,0,0,,0.00
Clipes Unificados_nov Dez 2023,Clipes Unificados_nov Dez 2023,,,,ConsolidadoDiversos_Dezembro23,0,0,,0.00
Clipes Unificados_nov Dez 2023,Clipes Unificados_nov Dez 2023,,,,ConsolidadoDiversos_Dezembro23,0,0,,0.00
Clipes Unificados_nov Dez 2023,Clipes Unificados_nov Dez 2023,,,,ConsolidadoDiversos_Dezembro23,0,0,,0.00
Clipes Unificados_nov Dez 2023,Clipes Unificados_nov Dez 2023,,,,ConsolidadoDiversos_Dezembro23,0,0,,0.00
Clipes Unificados_nov Dez 2023,Clipes Unificados_nov Dez 2023,,,,ConsolidadoDiversos_Dezembro23,0,0,,0.00
Clipes Unificados_nov Dez 2023,Clipes Unificados_nov Dez 2023,,,,ConsolidadoDiversos_Dezembro23,0,0,,0.00
Clipes Unificados_nov Dez 2023,Clipes Unificados_nov Dez 2023,,,,ConsolidadoDiversos_Dezembro23,0,0,,0.00
Clipes Unificados_nov Dez 2023,Clipes Unificados_nov Dez 2023,,,,ConsolidadoDiversos_Dezembro23,0,0,,0.00
Clipes Unificados_nov Dez 2023,Clipes Unificados_nov Dez 2023,,,,ConsolidadoDiversos_Dezembro23,0,0,,0.00
Clipes Unificados_nov Dez 2023,Clipes Unificados_nov Dez 2023,,,,ConsolidadoDiversos_Dezembro23,0,0,,0.00
Clipes Unificados_nov Dez 2023,Clipes Unificados_nov Dez 2023,,,,ConsolidadoDiversos_Dezembro23,0,0,,0.00
Clipes Unificados_nov Dez 2023,Clipes Unificados_nov Dez 2023,,,,ConsolidadoDiversos_Dezembro23,0,0,,0.00
Clipes Unificados_nov Dez 2023,Clipes Unificados_nov Dez 2023,,,,ConsolidadoDiversos_Dezembro23,0,0,,0.00
Clipes Unificados_nov Dez 2023,Clipes Unificados_nov Dez 2023,,,,ConsolidadoDiversos_Dezembro23,0,0,,0.00
Clipes Unificados_nov Dez 2023,Clipes Unificados_nov Dez 2023,,,,ConsolidadoDiversos_Dezembro23,0,0,,0.00
Clipes Unificados_nov Dez 2023,Clipes Unificados_nov Dez 2023,,,,ConsolidadoDiversos_Dezembro23,0,0,,0.00
Clipes Unificados_nov Dez 2023,Clipes Unificados_nov Dez 2023,,,,ConsolidadoDiversos_Dezembro23,0,0,,0.00
Clipes Unificados_nov Dez 2023,Clipes Unificados_nov Dez 2023,,,,ConsolidadoDiversos_Dezembro23,0,0,,0.00
Clipes Unificados_nov Dez 2023,Clipes Unificados_nov Dez 2023,,,,ConsolidadoDiversos_Dezembro23,0,0,,0.00
Clipes Unificados_nov Dez 2023,Clipes Unificados_nov Dez 2023,,,,ConsolidadoDiversos_Dezembro23,0,0,,0.00
Clipes Unificados_nov Dez 2023,Clipes Unificados_nov Dez 2023,,,,ConsolidadoDiversos_Dezembro23,0,0,,0.00
Clipes Unificados_nov Dez 2023,Clipes Unificados_nov Dez 2023,,,,ConsolidadoDiversos_Dezembro23,0,0,,0.00
Clipes Unificados_nov Dez 2023,Clipes Unificados_nov Dez 2023,,,,ConsolidadoDiversos_Dezembro23,0,0,,0.00
Clipes Unificados_nov Dez 2023,Clipes Unificados_nov Dez 2023,,,,ConsolidadoDiversos_Dezembro23,0,0,,0.00
Clipes Unificados_nov Dez 2023,Clipes Unificados_nov Dez 2023,,,,ConsolidadoDiversos_Dezembro23,0,0,,0.00
Clipes Unificados_nov Dez 2023,Clipes Unificados_nov Dez 2023,,,,ConsolidadoDiversos_Dezembro23,0,0,,0.00
Clipes Unificados_nov Dez 2023,Clipes Unificados_nov Dez 2023,,,,ConsolidadoDiversos_Dezembro23,0,0,,0.00
Clipes Unificados_nov Dez 2023,Clipes Unificados_nov Dez 2023,,,,ConsolidadoDiversos_Dezembro23,0,0,,0.00
Clipes Unificados_nov Dez 2023,Clipes Unificados_nov Dez 2023,,,,ConsolidadoDiversos_Dezembro23,0,0,,0.00
Clipes Unificados_nov Dez 2023,Clipes Unificados_nov Dez 2023,,,,ConsolidadoDiversos_Dezembro23,0,0,,0.00
Clipes Unificados_nov Dez 2023,Clipes Unificados_nov Dez 2023,,,,ConsolidadoDiversos_Dezembro23,0,0,,0.00
Clipes Unificados_nov Dez 2023,Clipes Unificados_nov Dez 2023,,,,ConsolidadoDiversos_Dezembro23,0,0,,0.00
Clipes Unificados_nov Dez 2023,Clipes Unificados_nov Dez 2023,,,,ConsolidadoDiversos_Dezembro23,0,0,,0.00
Clipes Unificados_nov Dez 2023,Clipes Unificados_nov Dez 2023,,,,ConsolidadoDiversos_Dezembro23,0,0,,0.00
Clipes Unificados_nov Dez 2023,Clipes Unificados_nov Dez 2023,,,,ConsolidadoDiversos_Dezembro23,0,0,,0.00
Clipes Unificados_nov Dez 2023,Clipes Unificados_nov Dez 2023,,,,ConsolidadoDiversos_Dezembro23,0,0,,0.00
Clipes Unificados_nov Dez 2023,Clipes Unificados_nov Dez 2023,,,,ConsolidadoDiversos_Dezembro23,0,0,,0.00
Clipes Unificados_nov Dez 2023,Clipes Unificados_nov Dez 2023,,,,ConsolidadoDiversos_Dezembro23,0,0,,0.00
Clipes Unificados_nov Dez 2023,Clipes Unificados_nov Dez 2023,,,,ConsolidadoDiversos_Dezembro23,0,0,,0.00
Clipes Unificados_nov Dez 2023,Clipes Unificados_nov Dez 2023,,,,ConsolidadoDiversos_Dezembro23,0,0,,0.00
Clipes Unificados_nov Dez 2023,Clipes Unificados_nov Dez 2023,,,,ConsolidadoDiversos_Dezembro23,0,0,,0.00
Clipes Unificados_nov Dez 2023,Clipes Unificados_nov Dez 2023,,,,ConsolidadoDiversos_Dezembro23,0,0,,0.00
Clipes Unificados_nov Dez 2023,Clipes Unificados_nov Dez 2023,,,,ConsolidadoDiversos_Dezembro23,0,0,,0.00
Clipes Unificados_nov Dez 2023,Clipes Unificados_nov Dez 2023,,,,ConsolidadoDiversos_Dezembro23,0,0,,0.00
Clipes Unificados_nov Dez 2023,Clipes Unificados_nov Dez 2023,,,,ConsolidadoDiversos_Dezembro23,0,0,,0.00
Clipes Unificados_nov Dez 2023,Clipes Unificados_nov Dez 2023,,,,ConsolidadoDiversos_Dezembro23,0,0,,0.00
Clipes Unificados_nov Dez 2023,Clipes Unificados_nov Dez 2023,,,,ConsolidadoDiversos_Dezembro23,0,0,,0.00
Clipes Unificados_nov Dez 2023,Clipes Unificados_nov Dez 2023,,,,ConsolidadoDiversos_Dezembro23,0,0,,0.00
Clipes Unificados_nov Dez 2023,Clipes Unificados_nov Dez 2023,,,,ConsolidadoDiversos_Dezembro23,0,0,,0.00
Clipes Unificados_nov Dez 2023,Clipes Unificados_nov Dez 2023,,,,ConsolidadoDiversos_Dezembro23,0,0,,0.00
Clipes Unificados_nov Dez 2023,Clipes Unificados_nov Dez 2023,,,,ConsolidadoDiversos_Dezembro23,0,0,,0.00
Clipes Unificados_nov Dez 2023,Clipes Unificados_nov Dez 2023,,,,ConsolidadoDiversos_Dezembro23,0,0,,0.00
Clipes Unificados_nov Dez 2023,Clipes Unificados_nov Dez 2023,,,,ConsolidadoDiversos_Dezembro23,0,0,,0.00
Clipes Unificados_nov Dez 2023,Clipes Unificados_nov Dez 2023,,,,ConsolidadoDiversos_Dezembro23,0,0,,0.00
Clipes Unificados_nov Dez 2023,Clipes Unificados_nov Dez 2023,,,,ConsolidadoDiversos_Dezembro23,0,0,,0.00
Clipes Unificados_nov Dez 2023,Clipes Unificados_nov Dez 2023,,,,ConsolidadoDiversos_Dezembro23,0,0,,0.00
Clipes Unificados_nov Dez 2023,Clipes Unificados_nov Dez 2023,,,,ConsolidadoDiversos_Dezembro23,0,0,,0.00
Clipes Unificados_nov Dez 2023,Clipes Unificados_nov Dez 2023,,,,ConsolidadoDiversos_Dezembro23,0,0,,0.00
Clipes Unificados_nov Dez 2023,Clipes Unificados_nov Dez 2023,,,,ConsolidadoDiversos_Dezembro23,0,0,,0.00
Clipes Unificados_nov Dez 2023,Clipes Unificados_nov Dez 2023,,,,ConsolidadoDiversos_Dezembro23,0,0,,0.00
Clipes Unificados_nov Dez 2023,Clipes Unificados_nov Dez 2023,,,,ConsolidadoDiversos_Dezembro23,0,0,,0.00
Clipes Unificados_nov Dez 2023,Clipes Unificados_nov Dez 2023,,,,ConsolidadoDiversos_Dezembro23,0,0,,0.00
Clipes Unificados_nov Dez 2023,Clipes Unificados_nov Dez 2023,,,,ConsolidadoDiversos_Dezembro23,0,0,,0.00
Clipes Unificados_nov Dez 2023,Clipes Unificados_nov Dez 2023,,,,ConsolidadoDiversos_Dezembro23,0,0,,0.00
Clipes Unificados_nov Dez 2023,Clipes Unificados_nov Dez 2023,,,,ConsolidadoDiversos_Dezembro23,0,0,,0.00
Clipes Unificados_nov Dez 2023,Clipes Unificados_nov Dez 2023,,,,ConsolidadoDiversos_Dezembro23,0,0,,0.00
Clipes Unificados_nov Dez 2023,Clipes Unificados_nov Dez 2023,,,,ConsolidadoDiversos_Dezembro23,0,0,,0.00
Clipes Unificados_nov Dez 2023,Clipes Unificados_nov Dez 2023,,,,ConsolidadoDiversos_Dezembro23,0,0,,0.00
Clipes Unificados_nov Dez 2023,Clipes Unificados_nov Dez 2023,,,,ConsolidadoDiversos_Dezembro23,0,0,,0.00
Clipes Unificados_nov Dez 2023,Clipes Unificados_nov Dez 2023,,,,ConsolidadoDiversos_Dezembro23,0,0,,0.00
Clipes Unificados_nov Dez 2023,Clipes Unificados_nov Dez 2023,,,,ConsolidadoDiversos_Dezembro23,0,0,,0.00
Clipes Unificados_nov Dez 2023,Clipes Unificados_nov Dez 2023,,,,ConsolidadoDiversos_Dezembro23,0,0,,0.00
Clipes Unificados_nov Dez 2023,Clipes Unificados_nov Dez 2023,,,,ConsolidadoDiversos_Dezembro23,0,0,,0.00
Clipes Unificados_nov Dez 2023,Clipes Unificados_nov Dez 2023,,,,ConsolidadoDiversos_Dezembro23,0,0,,0.00
Clipes Unificados_nov Dez 2023,Clipes Unificados_nov Dez 2023,,,,ConsolidadoDiversos_Dezembro23,0,0,,0.00
Clipes Unificados_nov Dez 2023,Clipes Unificados_nov Dez 2023,,,,ConsolidadoDiversos_Dezembro23,0,0,,0.00
Clipes Unificados_nov Dez 2023,Clipes Unificados_nov Dez 2023,,,,ConsolidadoDiversos_Dezembro23,0,0,,0.00
Clipes Unificados_nov Dez 2023,Clipes Unificados_nov Dez 2023,,,,ConsolidadoDiversos_Dezembro23,0,0,,0.00
Clipes Unificados_nov Dez 2023,Clipes Unificados_nov Dez 2023,,,,ConsolidadoDiversos_Dezembro23,0,0,,0.00
Clipes Unificados_nov Dez 2023,Clipes Unificados_nov Dez 2023,,,,ConsolidadoDiversos_Dezembro23,0,0,,0.00
Clipes Unificados_nov Dez 2023,Clipes Unificados_nov Dez 2023,,,,ConsolidadoDiversos_Dezembro23,0,0,,0.00
Clipes Unificados_nov Dez 2023,Clipes Unificados_nov Dez 2023,,,,ConsolidadoDiversos_Dezembro23,0,0,,0.00
Clipes Unificados_nov Dez 2023,Clipes Unificados_nov Dez 2023,,,,ConsolidadoDiversos_Dezembro23,0,0,,0.00
Clipes Unificados_nov Dez 2023,Clipes Unificados_nov Dez 2023,,,,ConsolidadoDiversos_Dezembro23,0,0,,0.00
Clipes Unificados_nov Dez 2023,Clipes Unificados_nov Dez 2023,,,,ConsolidadoDiversos_Dezembro23,0,0,,0.00
Clipes Unificados_nov Dez 2023,Clipes Unificados_nov Dez 2023,,,,ConsolidadoDiversos_Dezembro23,0,0,,0.00
Clipes Unificados_nov Dez 2023,Clipes Unificados_nov Dez 2023,,,,ConsolidadoDiversos_Dezembro23,0,0,,0.00
Clipes Unificados_nov Dez 2023,Clipes Unificados_nov Dez 2023,,,,ConsolidadoDiversos_Dezembro23,0,0,,0.00
Clipes Unificados_nov Dez 2023,Clipes Unificados_nov Dez 2023,,,,ConsolidadoDiversos_Dezembro23,0,0,,0.00
Clipes Unificados_nov Dez 2023,Clipes Unificados_nov Dez 2023,,,,ConsolidadoDiversos_Dezembro23,0,0,,0.00
Clipes Unificados_nov Dez 2023,Clipes Unificados_nov Dez 2023,,,,ConsolidadoDiversos_Dezembro23,0,0,,0.00
Clipes Unificados_nov Dez 2023,Clipes Unificados_nov Dez 2023,,,,ConsolidadoDiversos_Dezembro23,0,0,,0.00
Clipes Unificados_nov Dez 2023,Clipes Unificados_nov Dez 2023,,,,ConsolidadoDiversos_Dezembro23,0,0,,0.00
Clipes Unificados_nov Dez 2023,Clipes Unificados_nov Dez 2023,,,,ConsolidadoDiversos_Dezembro23,0,0,,0.00
Clipes Unificados_nov Dez 2023,Clipes Unificados_nov Dez 2023,,,,ConsolidadoDiversos_Dezembro23,0,0,,0.00
Clipes Unificados_nov Dez 2023,Clipes Unificados_nov Dez 2023,,,,ConsolidadoDiversos_Dezembro23,0,0,,0.00
Clipes Unificados_nov Dez 2023,Clipes Unificados_nov Dez 2023,,,,ConsolidadoDiversos_Dezembro23,0,0,,0.00
Clipes Unificados_nov Dez 2023,Clipes Unificados_nov Dez 2023,,,,ConsolidadoDiversos_Dezembro23,0,0,,0.00
Clipes Unificados_nov Dez 2023,Clipes Unificados_nov Dez 2023,,,,ConsolidadoDiversos_Dezembro23,0,0,,0.00
Clipes Unificados_nov Dez 2023,Clipes Unificados_nov Dez 2023,,,,ConsolidadoDiversos_Dezembro23,0,0,,0.00
Clipes Unificados_nov Dez 2023,Clipes Unificados_nov Dez 2023,,,,ConsolidadoDiversos_Dezembro23,0,0,,0.00
Clipes Unificados_nov Dez 2023,Clipes Unificados_nov Dez 2023,,,,ConsolidadoDiversos_Dezembro23,0,0,,0.00
Clipes Unificados_nov Dez 2023,Clipes Unificados_nov Dez 2023,,,,ConsolidadoDiversos_Dezembro23,0,0,,0.00
Clipes Unificados_nov Dez 2023,Clipes Unificados_nov Dez 2023,,,,ConsolidadoDiversos_Dezembro23,0,0,,0.00
Clipes Unificados_nov Dez 2023,Clipes Unificados_nov Dez 2023,,,,ConsolidadoDiversos_Dezembro23,0,0,,0.00
Clipes Unificados_nov Dez 2023,Clipes Unificados_nov Dez 2023,,,,ConsolidadoDiversos_Dezembro23,0,0,,0.00
Clipes Unificados_nov Dez 2023,Clipes Unificados_nov Dez 2023,,,,ConsolidadoDiversos_Dezembro23,0,0,,0.00
Clipes Unificados_nov Dez 2023,Clipes Unificados_nov Dez 2023,,,,ConsolidadoDiversos_Dezembro23,0,0,,0.00
Clipes Unificados_nov Dez 2023,Clipes Unificados_nov Dez 2023,,,,ConsolidadoDiversos_Dezembro23,0,0,,0.00
Clipes Unificados_nov Dez 2023,Clipes Unificados_nov Dez 2023,,,,ConsolidadoDiversos_Dezembro23,0,0,,0.00
Clipes Unificados_nov Dez 2023,Clipes Unificados_nov Dez 2023,,,,ConsolidadoDiversos_Dezembro23,0,0,,0.00
Clipes Unificados_nov Dez 2023,Clipes Unificados_nov Dez 2023,,,,ConsolidadoDiversos_Dezembro23,0,0,,0.00
Clipes Unificados_nov Dez 2023,Clipes Unificados_nov Dez 2023,,,,ConsolidadoDiversos_Dezembro23,0,0,,0.00
Clipes Unificados_nov Dez 2023,Clipes Unificados_nov Dez 2023,,,,ConsolidadoDiversos_Dezembro23,0,0,,0.00
Clipes Unificados_nov Dez 2023,Clipes Unificados_nov Dez 2023,,,,ConsolidadoDiversos_Dezembro23,0,0,,0.00
Clipes Unificados_nov Dez 2023,Clipes Unificados_nov Dez 2023,,,,ConsolidadoDiversos_Dezembro23,0,0,,0.00
Clipes Unificados_nov Dez 2023,Clipes Unificados_nov Dez 2023,,,,ConsolidadoDiversos_Dezembro23,0,0,,0.00
Clipes Unificados_nov Dez 2023,Clipes Unificados_nov Dez 2023,,,,ConsolidadoDiversos_Dezembro23,0,0,,0.00
Clipes Unificados_nov Dez 2023,Clipes Unificados_nov Dez 2023,,,,ConsolidadoDiversos_Dezembro23,0,0,,0.00
Clipes Unificados_nov Dez 2023,Clipes Unificados_nov Dez 2023,,,,ConsolidadoDiversos_Dezembro23,0,0,,0.00
Clipes Unificados_nov Dez 2023,Clipes Unificados_nov Dez 2023,,,,ConsolidadoDiversos_Dezembro23,0,0,,0.00
Clipes Unificados_nov Dez 2023,Clipes Unificados_nov Dez 2023,,,,ConsolidadoDiversos_Dezembro23,0,0,,0.00
Clipes Unificados_nov Dez 2023,Clipes Unificados_nov Dez 2023,,,,ConsolidadoDiversos_Dezembro23,0,0,,0.00
Clipes Unificados_nov Dez 2023,Clipes Unificados_nov Dez 2023,,,,ConsolidadoDiversos_Dezembro23,0,0,,0.00
Clipes Unificados_nov Dez 2023,Clipes Unificados_nov Dez 2023,,,,ConsolidadoDiversos_Dezembro23,0,0,,0.00
Clipes Unificados_nov Dez 2023,Clipes Unificados_nov Dez 2023,,,,ConsolidadoDiversos_Dezembro23,0,0,,0.00
Clipes Unificados_nov Dez 2023,Clipes Unificados_nov Dez 2023,,,,ConsolidadoDiversos_Dezembro23,0,0,,0.00
Clipes Unificados_nov Dez 2023,Clipes Unificados_nov Dez 2023,,,,ConsolidadoDiversos_Dezembro23,0,0,,0.00
Clipes Unificados_nov Dez 2023,Clipes Unificados_nov Dez 2023,,,,ConsolidadoDiversos_Dezembro23,0,0,,0.00
Clipes Unificados_nov Dez 2023,Clipes Unificados_nov Dez 2023,,,,ConsolidadoDiversos_Dezembro23,0,0,,0.00
Clipes Unificados_nov Dez 2023,Clipes Unificados_nov Dez 2023,,,,ConsolidadoDiversos_Dezembro23,0,0,,0.00
Clipes Unificados_nov Dez 2023,Clipes Unificados_nov Dez 2023,,,,ConsolidadoDiversos_Dezembro23,0,0,,0.00
Clipes Unificados_nov Dez 2023,Clipes Unificados_nov Dez 2023,,,,ConsolidadoDiversos_Dezembro23,0,0,,0.00
Clipes Unificados_nov Dez 2023,Clipes Unificados_nov Dez 2023,,,,ConsolidadoDiversos_Dezembro23,0,0,,0.00
Clipes Unificados_nov Dez 2023,Clipes Unificados_nov Dez 2023,,,,ConsolidadoDiversos_Dezembro23,0,0,,0.00
Clipes Unificados_nov Dez 2023,Clipes Unificados_nov Dez 2023,,,,ConsolidadoDiversos_Dezembro23,0,0,,0.00
Clipes Unificados_nov Dez 2023,Clipes Unificados_nov Dez 2023,,,,ConsolidadoDiversos_Dezembro23,0,0,,0.00
Clipes Unificados_nov Dez 2023,Clipes Unificados_nov Dez 2023,,,,ConsolidadoDiversos_Dezembro23,0,0,,0.00
Clipes Unificados_nov Dez 2023,Clipes Unificados_nov Dez 2023,,,,ConsolidadoDiversos_Dezembro23,0,0,,0.00
Clipes Unificados_nov Dez 2023,Clipes Unificados_nov Dez 2023,,,,ConsolidadoDiversos_Dezembro23,0,0,,0.00
Clipes Unificados_nov Dez 2023,Clipes Unificados_nov Dez 2023,,,,ConsolidadoDiversos_Dezembro23,0,0,,0.00
Clipes Unificados_nov Dez 2023,Clipes Unificados_nov Dez 2023,,,,ConsolidadoDiversos_Dezembro23,0,0,,0.00
Clipes Unificados_nov Dez 2023,Clipes Unificados_nov Dez 2023,,,,ConsolidadoDiversos_Dezembro23,0,0,,0.00
Clipes Unificados_nov Dez 2023,Clipes Unificados_nov Dez 2023,,,,ConsolidadoDiversos_Dezembro23,0,0,,0.00
Clipes Unificados_nov Dez 2023,Clipes Unificados_nov Dez 2023,,,,ConsolidadoDiversos_Dezembro23,0,0,,0.00
Clipes Unificados_nov Dez 2023,Clipes Unificados_nov Dez 2023,,,,ConsolidadoDiversos_Dezembro23,0,0,,0.00
Clipes Unificados_nov Dez 2023,Clipes Unificados_nov Dez 2023,,,,ConsolidadoDiversos_Dezembro23,0,0,,0.00
Clipes Unificados_nov Dez 2023,Clipes Unificados_nov Dez 2023,,,,ConsolidadoDiversos_Dezembro23,0,0,,0.00
Clipes Unificados_nov Dez 2023,Clipes Unificados_nov Dez 2023,,,,ConsolidadoDiversos_Dezembro23,0,0,,0.00
Clipes Unificados_nov Dez 2023,Clipes Unificados_nov Dez 2023,,,,ConsolidadoDiversos_Dezembro23,0,0,,0.00
Clipes Unificados_nov Dez 2023,Clipes Unificados_nov Dez 2023,,,,ConsolidadoDiversos_Dezembro23,0,0,,0.00
Clipes Unificados_nov Dez 2023,Clipes Unificados_nov Dez 2023,,,,ConsolidadoDiversos_Dezembro23,0,0,,0.00
Clipes Unificados_nov Dez 2023,Clipes Unificados_nov Dez 2023,,,,ConsolidadoDiversos_Dezembro23,0,0,,0.00
Clipes Unificados_nov Dez 2023,Clipes Unificados_nov Dez 2023,,,,ConsolidadoDiversos_Dezembro23,0,0,,0.00
Clipes Unificados_nov Dez 2023,Clipes Unificados_nov Dez 2023,,,,ConsolidadoDiversos_Dezembro23,0,0,,0.00
Clipes Unificados_nov Dez 2023,Clipes Unificados_nov Dez 2023,,,,ConsolidadoDiversos_Dezembro23,0,0,,0.00
Clipes Unificados_nov Dez 2023,Clipes Unificados_nov Dez 2023,,,,ConsolidadoDiversos_Dezembro23,0,0,,0.00
Clipes Unificados_nov Dez 2023,Clipes Unificados_nov Dez 2023,,,,ConsolidadoDiversos_Dezembro23,0,0,,0.00
Clipes Unificados_nov Dez 2023,Clipes Unificados_nov Dez 2023,,,,ConsolidadoDiversos_Dezembro23,0,0,,0.00
Clipes Unificados_nov Dez 2023,Clipes Unificados_nov Dez 2023,,,,ConsolidadoDiversos_Dezembro23,0,0,,0.00
Clipes Unificados_nov Dez 2023,Clipes Unificados_nov Dez 2023,,,,ConsolidadoDiversos_Dezembro23,0,0,,0.00
Clipes Unificados_nov Dez 2023,Clipes Unificados_nov Dez 2023,,,,ConsolidadoDiversos_Dezembro23,0,0,,0.00
Clipes Unificados_nov Dez 2023,Clipes Unificados_nov Dez 2023,,,,ConsolidadoDiversos_Dezembro23,0,0,,0.00
Clipes Unificados_nov Dez 2023,Clipes Unificados_nov Dez 2023,,,,ConsolidadoDiversos_Dezembro23,0,0,,0.00
Clipes Unificados_nov Dez 2023,Clipes Unificados_nov Dez 2023,,,,ConsolidadoDiversos_Dezembro23,0,0,,0.00
Clipes Unificados_nov Dez 2023,Clipes Unificados_nov Dez 2023,,,,ConsolidadoDiversos_Dezembro23,0,0,,0.00
Clipes Unificados_nov Dez 2023,Clipes Unificados_nov Dez 2023,,,,ConsolidadoDiversos_Dezembro23,0,0,,0.00
Clipes Unificados_nov Dez 2023,Clipes Unificados_nov Dez 2023,,,,ConsolidadoDiversos_Dezembro23,0,0,,0.00
Clipes Unificados_nov Dez 2023,Clipes Unificados_nov Dez 2023,,,,ConsolidadoDiversos_Dezembro23,0,0,,0.00
Clipes Unificados_nov Dez 2023,Clipes Unificados_nov Dez 2023,,,,ConsolidadoDiversos_Dezembro23,0,0,,0.00
Clipes Unificados_nov Dez 2023,Clipes Unificados_nov Dez 2023,,,,ConsolidadoDiversos_Dezembro23,0,0,,0.00
Clipes Unificados_nov Dez 2023,Clipes Unificados_nov Dez 2023,,,,ConsolidadoDiversos_Dezembro23,0,0,,0.00
Clipes Unificados_nov Dez 2023,Clipes Unificados_nov Dez 2023,,,,ConsolidadoDiversos_Dezembro23,0,0,,0.00
Clipes Unificados_nov Dez 2023,Clipes Unificados_nov Dez 2023,,,,ConsolidadoDiversos_Dezembro23,0,0,,0.00
Clipes Unificados_nov Dez 2023,Clipes Unificados_nov Dez 2023,,,,ConsolidadoDiversos_Dezembro23,0,0,,0.00
Clipes Unificados_nov Dez 2023,Clipes Unificados_nov Dez 2023,,,,ConsolidadoDiversos_Dezembro23,0,0,,0.00
Clipes Unificados_nov Dez 2023,Clipes Unificados_nov Dez 2023,,,,ConsolidadoDiversos_Dezembro23,0,0,,0.00
Clipes Unificados_nov Dez 2023,Clipes Unificados_nov Dez 2023,,,,ConsolidadoDiversos_Dezembro23,0,0,,0.00
Clipes Unificados_nov Dez 2023,Clipes Unificados_nov Dez 2023,,,,ConsolidadoDiversos_Dezembro23,0,0,,0.00
Clipes Unificados_nov Dez 2023,Clipes Unificados_nov Dez 2023,,,,ConsolidadoDiversos_Dezembro23,0,0,,0.00
Clipes Unificados_nov Dez 2023,Clipes Unificados_nov Dez 2023,,,,ConsolidadoDiversos_Dezembro23,0,0,,0.00
Clipes Unificados_nov Dez 2023,Clipes Unificados_nov Dez 2023,,,,ConsolidadoDiversos_Dezembro23,0,0,,0.00
Clipes Unificados_nov Dez 2023,Clipes Unificados_nov Dez 2023,,,,ConsolidadoDiversos_Dezembro23,0,0,,0.00
Clipes Unificados_nov Dez 2023,Clipes Unificados_nov Dez 2023,,,,ConsolidadoDiversos_Dezembro23,0,0,,0.00
Clipes Unificados_nov Dez 2023,Clipes Unificados_nov Dez 2023,,,,ConsolidadoDiversos_Dezembro23,0,0,,0.00
Clipes Unificados_nov Dez 2023,Clipes Unificados_nov Dez 2023,,,,ConsolidadoDiversos_Dezembro23,0,0,,0.00
Clipes Unificados_nov Dez 2023,Clipes Unificados_nov Dez 2023,,,,ConsolidadoDiversos_Dezembro23,0,0,,0.00
Clipes Unificados_nov Dez 2023,Clipes Unificados_nov Dez 2023,,,,ConsolidadoDiversos_Dezembro23,0,0,,0.00
Clipes Unificados_nov Dez 2023,Clipes Unificados_nov Dez 2023,,,,ConsolidadoDiversos_Dezembro23,0,0,,0.00
Clipes Unificados_nov Dez 2023,Clipes Unificados_nov Dez 2023,,,,ConsolidadoDiversos_Dezembro23,0,0,,0.00
Clipes Unificados_nov Dez 2023,Clipes Unificados_nov Dez 2023,,,,ConsolidadoDiversos_Dezembro23,0,0,,0.00
Clipes Unificados_nov Dez 2023,Clipes Unificados_nov Dez 2023,,,,ConsolidadoDiversos_Dezembro23,0,0,,0.00
Clipes Unificados_nov Dez 2023,Clipes Unificados_nov Dez 2023,,,,ConsolidadoDiversos_Dezembro23,0,0,,0.00
Clipes Unificados_nov Dez 2023,Clipes Unificados_nov Dez 2023,,,,ConsolidadoDiversos_Dezembro23,0,0,,0.00
Clipes Unificados_nov Dez 2023,Clipes Unificados_nov Dez 2023,,,,ConsolidadoDiversos_Dezembro23,0,0,,0.00
Clipes Unificados_nov Dez 2023,Clipes Unificados_nov Dez 2023,,,,ConsolidadoDiversos_Dezembro23,0,0,,0.00
Clipes Unificados_nov Dez 2023,Clipes Unificados_nov Dez 2023,,,,ConsolidadoDiversos_Dezembro23,0,0,,0.00
Clipes Unificados_nov Dez 2023,Clipes Unificados_nov Dez 2023,,,,ConsolidadoDiversos_Dezembro23,0,0,,0.00
Clipes Unificados_nov Dez 2023,Clipes Unificados_nov Dez 2023,,,,ConsolidadoDiversos_Dezembro23,0,0,,0.00
Clipes Unificados_nov Dez 2023,Clipes Unificados_nov Dez 2023,,,,ConsolidadoDiversos_Dezembro23,0,0,,0.00
Clipes Unificados_nov Dez 2023,Clipes Unificados_nov Dez 2023,,,,ConsolidadoDiversos_Dezembro23,0,0,,0.00
Clipes Unificados_nov Dez 2023,Clipes Unificados_nov Dez 2023,,,,ConsolidadoDiversos_Dezembro23,0,0,,0.00
Clipes Unificados_nov Dez 2023,Clipes Unificados_nov Dez 2023,,,,ConsolidadoDiversos_Dezembro23,0,0,,0.00
Clipes Unificados_nov Dez 2023,Clipes Unificados_nov Dez 2023,,,,ConsolidadoDiversos_Dezembro23,0,0,,0.00
Clipes Unificados_nov Dez 2023,Clipes Unificados_nov Dez 2023,,,,ConsolidadoDiversos_Dezembro23,0,0,,0.00
Clipes Unificados_nov Dez 2023,Clipes Unificados_nov Dez 2023,,,,ConsolidadoDiversos_Dezembro23,0,0,,0.00
Clipes Unificados_nov Dez 2023,Clipes Unificados_nov Dez 2023,,,,ConsolidadoDiversos_Dezembro23,0,0,,0.00
Clipes Unificados_nov Dez 2023,Clipes Unificados_nov Dez 2023,,,,ConsolidadoDiversos_Dezembro23,0,0,,0.00
Clipes Unificados_nov Dez 2023,Clipes Unificados_nov Dez 2023,,,,ConsolidadoDiversos_Dezembro23,0,0,,0.00
Clipes Unificados_nov Dez 2023,Clipes Unificados_nov Dez 2023,,,,ConsolidadoDiversos_Dezembro23,0,0,,0.00
Clipes Unificados_nov Dez 2023,Clipes Unificados_nov Dez 2023,,,,ConsolidadoDiversos_Dezembro23,0,0,,0.00
Clipes Unificados_nov Dez 2023,Clipes Unificados_nov Dez 2023,,,,ConsolidadoDiversos_Dezembro23,0,0,,0.00
Clipes Unificados_nov Dez 2023,Clipes Unificados_nov Dez 2023,,,,ConsolidadoDiversos_Dezembro23,0,0,,0.00
Clipes Unificados_nov Dez 2023,Clipes Unificados_nov Dez 2023,,,,ConsolidadoDiversos_Dezembro23,0,0,,0.00
Clipes Unificados_nov Dez 2023,Clipes Unificados_nov Dez 2023,,,,ConsolidadoDiversos_Dezembro23,0,0,,0.00
Clipes Unificados_nov Dez 2023,Clipes Unificados_nov Dez 2023,,,,ConsolidadoDiversos_Dezembro23,0,0,,0.00
Clipes Unificados_nov Dez 2023,Clipes Unificados_nov Dez 2023,,,,ConsolidadoDiversos_Dezembro23,0,0,,0.00
Clipes Unificados_nov Dez 2023,Clipes Unificados_nov Dez 2023,,,,ConsolidadoDiversos_Dezembro23,0,0,,0.00
Clipes Unificados_nov Dez 2023,Clipes Unificados_nov Dez 2023,,,,ConsolidadoDiversos_Dezembro23,0,0,,0.00
Clipes Unificados_nov Dez 2023,Clipes Unificados_nov Dez 2023,,,,ConsolidadoDiversos_Dezembro23,0,0,,0.00
Clipes Unificados_nov Dez 2023,Clipes Unificados_nov Dez 2023,,,,ConsolidadoDiversos_Dezembro23,0,0,,0.00
Clipes Unificados_nov Dez 2023,Clipes Unificados_nov Dez 2023,,,,ConsolidadoDiversos_Dezembro23,0,0,,0.00
Clipes Unificados_nov Dez 2023,Clipes Unificados_nov Dez 2023,,,,ConsolidadoDiversos_Dezembro23,0,0,,0.00
Clipes Unificados_nov Dez 2023,Clipes Unificados_nov Dez 2023,,,,ConsolidadoDiversos_Dezembro23,0,0,,0.00
Clipes Unificados_nov Dez 2023,Clipes Unificados_nov Dez 2023,,,,ConsolidadoDiversos_Dezembro23,0,0,,0.00
Clipes Unificados_nov Dez 2023,Clipes Unificados_nov Dez 2023,,,,ConsolidadoDiversos_Dezembro23,0,0,,0.00
Clipes Unificados_nov Dez 2023,Clipes Unificados_nov Dez 2023,,,,ConsolidadoDiversos_Dezembro23,0,0,,0.00
Clipes Unificados_nov Dez 2023,Clipes Unificados_nov Dez 2023,,,,ConsolidadoDiversos_Dezembro23,0,0,,0.00
Clipes Unificados_nov Dez 2023,Clipes Unificados_nov Dez 2023,,,,ConsolidadoDiversos_Dezembro23,0,0,,0.00
Clipes Unificados_nov Dez 2023,Clipes Unificados_nov Dez 2023,,,,ConsolidadoDiversos_Dezembro23,0,0,,0.00
Clipes Unificados_nov Dez 2023,Clipes Unificados_nov Dez 2023,,,,ConsolidadoDiversos_Dezembro23,0,0,,0.00
Clipes Unificados_nov Dez 2023,Clipes Unificados_nov Dez 2023,,,,ConsolidadoDiversos_Dezembro23,0,0,,0.00
Clipes Unificados_nov Dez 2023,Clipes Unificados_nov Dez 2023,,,,ConsolidadoDiversos_Dezembro23,0,0,,0.00
Clipes Unificados_nov Dez 2023,Clipes Unificados_nov Dez 2023,,,,ConsolidadoDiversos_Dezembro23,0,0,,0.00
Clipes Unificados_nov Dez 2023,Clipes Unificados_nov Dez 2023,,,,ConsolidadoDiversos_Dezembro23,0,0,,0.00
Clipes Unificados_nov Dez 2023,Clipes Unificados_nov Dez 2023,,,,ConsolidadoDiversos_Dezembro23,0,0,,0.00
Clipes Unificados_nov Dez 2023,Clipes Unificados_nov Dez 2023,,,,ConsolidadoDiversos_Dezembro23,0,0,,0.00
Clipes Unificados_nov Dez 2023,Clipes Unificados_nov Dez 2023,,,,ConsolidadoDiversos_Dezembro23,0,0,,0.00
Clipes Unificados_nov Dez 2023,Clipes Unificados_nov Dez 2023,,,,ConsolidadoDiversos_Dezembro23,0,0,,0.00
Clipes Unificados_nov Dez 2023,Clipes Unificados_nov Dez 2023,,,,ConsolidadoDiversos_Dezembro23,0,0,,0.00
Clipes Unificados_nov Dez 2023,Clipes Unificados_nov Dez 2023,,,,ConsolidadoDiversos_Dezembro23,0,0,,0.00
Clipes Unificados_nov Dez 2023,Clipes Unificados_nov Dez 2023,,,,ConsolidadoDiversos_Dezembro23,0,0,,0.00
Clipes Unificados_nov Dez 2023,Clipes Unificados_nov Dez 2023,,,,ConsolidadoDiversos_Dezembro23,0,0,,0.00
Clipes Unificados_nov Dez 2023,Clipes Unificados_nov Dez 2023,,,,ConsolidadoDiversos_Dezembro23,0,0,,0.00
Clipes Unificados_nov Dez 2023,Clipes Unificados_nov Dez 2023,,,,ConsolidadoDiversos_Dezembro23,0,0,,0.00
Clipes Unificados_nov Dez 2023,Clipes Unificados_nov Dez 2023,,,,ConsolidadoDiversos_Dezembro23,0,0,,0.00
Clipes Unificados_nov Dez 2023,Clipes Unificados_nov Dez 2023,,,,ConsolidadoDiversos_Dezembro23,0,0,,0.00
Clipes Unificados_nov Dez 2023,Clipes Unificados_nov Dez 2023,,,,ConsolidadoDiversos_Dezembro23,0,0,,0.00
Clipes Unificados_nov Dez 2023,Clipes Unificados_nov Dez 2023,,,,ConsolidadoDiversos_Dezembro23,0,0,,0.00
Clipes Unificados_nov Dez 2023,Clipes Unificados_nov Dez 2023,,,,ConsolidadoDiversos_Dezembro23,0,0,,0.00
Clipes Unificados_nov Dez 2023,Clipes Unificados_nov Dez 2023,,,,ConsolidadoDiversos_Dezembro23,0,0,,0.00
Clipes Unificados_nov Dez 2023,Clipes Unificados_nov Dez 2023,,,,ConsolidadoDiversos_Dezembro23,0,0,,0.00
Clipes Unificados_nov Dez 2023,Clipes Unificados_nov Dez 2023,,,,ConsolidadoDiversos_Dezembro23,0,0,,0.00
Clipes Unificados_nov Dez 2023,Clipes Unificados_nov Dez 2023,,,,ConsolidadoDiversos_Dezembro23,0,0,,0.00
Clipes Unificados_nov Dez 2023,Clipes Unificados_nov Dez 2023,,,,ConsolidadoDiversos_Dezembro23,0,0,,0.00
Clipes Unificados_nov Dez 2023,Clipes Unificados_nov Dez 2023,,,,ConsolidadoDiversos_Dezembro23,0,0,,0.00
Clipes Unificados_nov Dez 2023,Clipes Unificados_nov Dez 2023,,,,ConsolidadoDiversos_Dezembro23,0,0,,0.00
Clipes Unificados_nov Dez 2023,Clipes Unificados_nov Dez 2023,,,,ConsolidadoDiversos_Dezembro23,0,0,,0.00
Clipes Unificados_nov Dez 2023,Clipes Unificados_nov Dez 2023,,,,ConsolidadoDiversos_Dezembro23,0,0,,0.00
Clipes Unificados_nov Dez 2023,Clipes Unificados_nov Dez 2023,,,,ConsolidadoDiversos_Dezembro23,0,0,,0.00
Clipes Unificados_nov Dez 2023,Clipes Unificados_nov Dez 2023,,,,ConsolidadoDiversos_Dezembro23,0,0,,0.00
Clipes Unificados_nov Dez 2023,Clipes Unificados_nov Dez 2023,,,,ConsolidadoDiversos_Dezembro23,0,0,,0.00
Clipes Unificados_nov Dez 2023,Clipes Unificados_nov Dez 2023,,,,ConsolidadoDiversos_Dezembro23,0,0,,0.00
Clipes Unificados_nov Dez 2023,Clipes Unificados_nov Dez 2023,,,,ConsolidadoDiversos_Dezembro23,0,0,,0.00
Clipes Unificados_nov Dez 2023,Clipes Unificados_nov Dez 2023,,,,ConsolidadoDiversos_Dezembro23,0,0,,0.00
Clipes Unificados_nov Dez 2023,Clipes Unificados_nov Dez 2023,,,,ConsolidadoDiversos_Dezembro23,0,0,,0.00
Clipes Unificados_nov Dez 2023,Clipes Unificados_nov Dez 2023,,,,ConsolidadoDiversos_Dezembro23,0,0,,0.00
Clipes Unificados_nov Dez 2023,Clipes Unificados_nov Dez 2023,,,,ConsolidadoDiversos_Dezembro23,0,0,,0.00
Clipes Unificados_nov Dez 2023,Clipes Unificados_nov Dez 2023,,,,ConsolidadoDiversos_Dezembro23,0,0,,0.00
Clipes Unificados_nov Dez 2023,Clipes Unificados_nov Dez 2023,,,,ConsolidadoDiversos_Dezembro23,0,0,,0.00
Clipes Unificados_nov Dez 2023,Clipes Unificados_nov Dez 2023,,,,ConsolidadoDiversos_Dezembro23,0,0,,0.00
Clipes Unificados_nov Dez 2023,Clipes Unificados_nov Dez 2023,,,,ConsolidadoDiversos_Dezembro23,0,0,,0.00
Clipes Unificados_nov Dez 2023,Clipes Unificados_nov Dez 2023,,,,ConsolidadoDiversos_Dezembro23,0,0,,0.00
Clipes Unificados_nov Dez 2023,Clipes Unificados_nov Dez 2023,,,,ConsolidadoDiversos_Dezembro23,0,0,,0.00
Clipes Unificados_nov Dez 2023,Clipes Unificados_nov Dez 2023,,,,ConsolidadoDiversos_Dezembro23,0,0,,0.00
Clipes Unificados_nov Dez 2023,Clipes Unificados_nov Dez 2023,,,,ConsolidadoDiversos_Dezembro23,0,0,,0.00
Clipes Unificados_nov Dez 2023,Clipes Unificados_nov Dez 2023,,,,ConsolidadoDiversos_Dezembro23,0,0,,0.00
Clipes Unificados_nov Dez 2023,Clipes Unificados_nov Dez 2023,,,,ConsolidadoDiversos_Dezembro23,0,0,,0.00
Clipes Unificados_nov Dez 2023,Clipes Unificados_nov Dez 2023,,,,ConsolidadoDiversos_Dezembro23,0,0,,0.00
Clipes Unificados_nov Dez 2023,Clipes Unificados_nov Dez 2023,,,,ConsolidadoDiversos_Dezembro23,0,0,,0.00
Clipes Unificados_nov Dez 2023,Clipes Unificados_nov Dez 2023,,,,ConsolidadoDiversos_Dezembro23,0,0,,0.00
Clipes Unificados_nov Dez 2023,Clipes Unificados_nov Dez 2023,,,,ConsolidadoDiversos_Dezembro23,0,0,,0.00
Clipes Unificados_nov Dez 2023,Clipes Unificados_nov Dez 2023,,,,ConsolidadoDiversos_Dezembro23,0,0,,0.00
Clipes Unificados_nov Dez 2023,Clipes Unificados_nov Dez 2023,,,,ConsolidadoDiversos_Dezembro23,0,0,,0.00
Clipes Unificados_nov Dez 2023,Clipes Unificados_nov Dez 2023,,,,ConsolidadoDiversos_Dezembro23,0,0,,0.00
Clipes Unificados_nov Dez 2023,Clipes Unificados_nov Dez 2023,,,,ConsolidadoDiversos_Dezembro23,0,0,,0.00
Clipes Unificados_nov Dez 2023,Clipes Unificados_nov Dez 2023,,,,ConsolidadoDiversos_Dezembro23,0,0,,0.00
Clipes Unificados_nov Dez 2023,Clipes Unificados_nov Dez 2023,,,,ConsolidadoDiversos_Dezembro23,0,0,,0.00
Clipes Unificados_nov Dez 2023,Clipes Unificados_nov Dez 2023,,,,ConsolidadoDiversos_Dezembro23,0,0,,0.00
Clipes Unificados_nov Dez 2023,Clipes Unificados_nov Dez 2023,,,,ConsolidadoDiversos_Dezembro23,0,0,,0.00
Clipes Unificados_nov Dez 2023,Clipes Unificados_nov Dez 2023,,,,ConsolidadoDiversos_Dezembro23,0,0,,0.00
Clipes Unificados_nov Dez 2023,Clipes Unificados_nov Dez 2023,,,,ConsolidadoDiversos_Dezembro23,0,0,,0.00
Clipes Unificados_nov Dez 2023,Clipes Unificados_nov Dez 2023,,,,ConsolidadoDiversos_Dezembro23,0,0,,0.00
Clipes Unificados_nov Dez 2023,Clipes Unificados_nov Dez 2023,,,,ConsolidadoDiversos_Dezembro23,0,0,,0.00
Clipes Unificados_nov Dez 2023,Clipes Unificados_nov Dez 2023,,,,ConsolidadoDiversos_Dezembro23,0,0,,0.00
Clipes Unificados_nov Dez 2023,Clipes Unificados_nov Dez 2023,,,,ConsolidadoDiversos_Dezembro23,0,0,,0.00
Clipes Unificados_nov Dez 2023,Clipes Unificados_nov Dez 2023,,,,ConsolidadoDiversos_Dezembro23,0,0,,0.00
Clipes Unificados_nov Dez 2023,Clipes Unificados_nov Dez 2023,,,,ConsolidadoDiversos_Dezembro23,0,0,,0.00
Clipes Unificados_nov Dez 2023,Clipes Unificados_nov Dez 2023,,,,ConsolidadoDiversos_Dezembro23,0,0,,0.00
Clipes Unificados_nov Dez 2023,Clipes Unificados_nov Dez 2023,,,,ConsolidadoDiversos_Dezembro23,0,0,,0.00
Clipes Unificados_nov Dez 2023,Clipes Unificados_nov Dez 2023,,,,ConsolidadoDiversos_Dezembro23,0,0,,0.00
band UNIFICADO out dez 2023 jan fev 2024,band UNIFICADO out dez 2023 jan fev 2024,,,,Relatorio_UBEM,0,0,BAND ESPORTE CLUBE,0.00
band UNIFICADO out dez 2023 jan fev 2024,band UNIFICADO out dez 2023 jan fev 2024,,,,Relatorio_UBEM,0,0,JOGO ABERTO,0.00
band UNIFICADO out dez 2023 jan fev 2024,band UNIFICADO out dez 2023 jan fev 2024,,,,Relatorio_UBEM,0,0,JOGO ABERTO,0.00
band UNIFICADO out dez 2023 jan fev 2024,band UNIFICADO out dez 2023 jan fev 2024,,,,Relatorio_UBEM,0,0,JOGO ABERTO,0.00
band UNIFICADO out dez 2023 jan fev 2024,band UNIFICADO out dez 2023 jan fev 2024,,,,Relatorio_UBEM,0,0,MELHOR DA NOITE,0.00
band UNIFICADO out dez 2023 jan fev 2024,band UNIFICADO out dez 2023 jan fev 2024,,,,Relatorio_UBEM,0,0,MELHOR DA NOITE,0.00
band UNIFICADO out dez 2023 jan fev 2024,band UNIFICADO out dez 2023 jan fev 2024,,,,Relatorio_UBEM,0,0,MELHOR DA NOITE,0.00
band UNIFICADO out dez 2023 jan fev 2024,band UNIFICADO out dez 2023 jan fev 2024,,,,Relatorio_UBEM,0,0,MELHOR DA NOITE,0.00
band UNIFICADO out dez 2023 jan fev 2024,band UNIFICADO out dez 2023 jan fev 2024,,,,Relatorio_UBEM,0,0,MELHOR DA NOITE,0.00
band UNIFICADO out dez 2023 jan fev 2024,band UNIFICADO out dez 2023 jan fev 2024,,,,Relatorio_UBEM,0,0,MELHOR DA NOITE,0.00
band UNIFICADO out dez 2023 jan fev 2024,band UNIFICADO out dez 2023 jan fev 2024,,,,Relatorio_UBEM,0,0,MELHOR DA NOITE,0.00
band UNIFICADO out dez 2023 jan fev 2024,band UNIFICADO out dez 2023 jan fev 2024,,,,Relatorio_UBEM,0,0,MELHOR DA NOITE,0.00
band UNIFICADO out dez 2023 jan fev 2024,band UNIFICADO out dez 2023 jan fev 2024,,,,Relatorio_UBEM,0,0,BAND ESPORTE CLUBE,0.00
band UNIFICADO out dez 2023 jan fev 2024,band UNIFICADO out dez 2023 jan fev 2024,,,,Relatorio_UBEM,0,0,BAND ESPORTE CLUBE,0.00
band UNIFICADO out dez 2023 jan fev 2024,band UNIFICADO out dez 2023 jan fev 2024,,,,Relatorio_UBEM,0,0,BAND ESPORTE CLUBE,0.00
band UNIFICADO out dez 2023 jan fev 2024,band UNIFICADO out dez 2023 jan fev 2024,,,,Relatorio_UBEM,0,0,BAND ESPORTE CLUBE,0.00
band UNIFICADO out dez 2023 jan fev 2024,band UNIFICADO out dez 2023 jan fev 2024,,,,Relatorio_UBEM,0,0,BAND FOLIA,0.00
band UNIFICADO out dez 2023 jan fev 2024,band UNIFICADO out dez 2023 jan fev 2024,,,,Relatorio_UBEM,0,0,BAND FOLIA,0.00
band UNIFICADO out dez 2023 jan fev 2024,band UNIFICADO out dez 2023 jan fev 2024,,,,Relatorio_UBEM,0,0,BAND FOLIA,0.00
band UNIFICADO out dez 2023 jan fev 2024,band UNIFICADO out dez 2023 jan fev 2024,,,,Relatorio_UBEM,0,0,BAND FOLIA,0.00
band UNIFICADO out dez 2023 jan fev 2024,band UNIFICADO out dez 2023 jan fev 2024,,,,Relatorio_UBEM,0,0,BAND FOLIA,0.00
band UNIFICADO out dez 2023 jan fev 2024,band UNIFICADO out dez 2023 jan fev 2024,,,,Relatorio_UBEM,0,0,BAND FOLIA,0.00
band UNIFICADO out dez 2023 jan fev 2024,band UNIFICADO out dez 2023 jan fev 2024,,,,Relatorio_UBEM,0,0,BAND FOLIA,0.00
band UNIFICADO out dez 2023 jan fev 2024,band UNIFICADO out dez 2023 jan fev 2024,,,,Relatorio_UBEM,0,0,BAND FOLIA,0.00
band UNIFICADO out dez 2023 jan fev 2024,band UNIFICADO out dez 2023 jan fev 2024,,,,Relatorio_UBEM,0,0,BAND FOLIA,0.00
band UNIFICADO out dez 2023 jan fev 2024,band UNIFICADO out dez 2023 jan fev 2024,,,,Relatorio_UBEM,0,0,BORA BRASIL,0.00
band UNIFICADO out dez 2023 jan fev 2024,band UNIFICADO out dez 2023 jan fev 2024,,,,Relatorio_UBEM,0,0,BORA BRASIL,0.00
band UNIFICADO out dez 2023 jan fev 2024,band UNIFICADO out dez 2023 jan fev 2024,,,,Relatorio_UBEM,0,0,MELHOR DA NOITE,0.00
band UNIFICADO out dez 2023 jan fev 2024,band UNIFICADO out dez 2023 jan fev 2024,,,,Relatorio_UBEM,0,0,MELHOR DA NOITE,0.00
band UNIFICADO out dez 2023 jan fev 2024,band UNIFICADO out dez 2023 jan fev 2024,,,,Relatorio_UBEM,0,0,MELHOR DA NOITE,0.00
band UNIFICADO out dez 2023 jan fev 2024,band UNIFICADO out dez 2023 jan fev 2024,,,,Relatorio_UBEM,0,0,MELHOR DA NOITE,0.00
band UNIFICADO out dez 2023 jan fev 2024,band UNIFICADO out dez 2023 jan fev 2024,,,,Relatorio_UBEM,0,0,PROGRAMA DO JOÂO,0.00
band UNIFICADO out dez 2023 jan fev 2024,band UNIFICADO out dez 2023 jan fev 2024,,,,Relatorio_UBEM,0,0,VIRADA NA BAND 2024,0.00
band UNIFICADO out dez 2023 jan fev 2024,band UNIFICADO out dez 2023 jan fev 2024,,,,Relatorio_UBEM,0,0,VIRADA NA BAND 2024,0.00
band UNIFICADO out dez 2023 jan fev 2024,band UNIFICADO out dez 2023 jan fev 2024,,,,Relatorio_UBEM,0,0,VIRADA NA BAND 2024,0.00
band UNIFICADO out dez 2023 jan fev 2024,band UNIFICADO out dez 2023 jan fev 2024,,,,Relatorio_UBEM,0,0,VIRADA NA BAND 2024,0.00
band UNIFICADO out dez 2023 jan fev 2024,band UNIFICADO out dez 2023 jan fev 2024,,,,Relatorio_UBEM,0,0,VIRADA NA BAND 2024,0.00
band UNIFICADO out dez 2023 jan fev 2024,band UNIFICADO out dez 2023 jan fev 2024,,,,Relatorio_UBEM,0,0,VIRADA NA BAND 2024,0.00
band UNIFICADO out dez 2023 jan fev 2024,band UNIFICADO out dez 2023 jan fev 2024,,,,Relatorio_UBEM,0,0,VIRADA NA BAND 2024,0.00
band UNIFICADO out dez 2023 jan fev 2024,band UNIFICADO out dez 2023 jan fev 2024,,,,Relatorio_UBEM,0,0,VIRADA NA BAND 2024,0.00
band UNIFICADO out dez 2023 jan fev 2024,band UNIFICADO out dez 2023 jan fev 2024,,,,Relatorio_UBEM,0,0,JOGO ABERTO,0.00
band UNIFICADO out dez 2023 jan fev 2024,band UNIFICADO out dez 2023 jan fev 2024,,,,Relatorio_UBEM,0,0,JOGO ABERTO,0.00
band UNIFICADO out dez 2023 jan fev 2024,band UNIFICADO out dez 2023 jan fev 2024,,,,Relatorio_UBEM,0,0,JOGO ABERTO,0.00
Tv Aparecida Unificado  Dez 2023 jan mar 2024,Tv Aparecida Unificado  Dez 2023 jan mar 2024,SEM INFORMAÇÃO,,,Sincronização Musical,0,0,APARECIDA SERTANEJA,0.00
Tv Aparecida Unificado  Dez 2023 jan mar 2024,Tv Aparecida Unificado  Dez 2023 jan mar 2024,SONY - 100%,,,Sincronização Musical,0,0,APARECIDA SERTANEJA,0.00
CanalBrasil unificado Jan fev mar24 dez 2023,CanalBrasil unificado Jan fev mar24 dez 2023,,,,CanalBrasil_Janeiro24,0,0,,0.00
CanalBrasil unificado Jan fev mar24 dez 2023,CanalBrasil unificado Jan fev mar24 dez 2023,,,,CanalBrasil_Janeiro24,0,0,,0.00
CanalBrasil unificado Jan fev mar24 dez 2023,CanalBrasil unificado Jan fev mar24 dez 2023,,,,CanalBrasil_Janeiro24,0,0,,0.00
CanalBrasil unificado Jan fev mar24 dez 2023,CanalBrasil unificado Jan fev mar24 dez 2023,,,,CanalBrasil_Janeiro24,0,0,,0.00
CanalBrasil unificado Jan fev mar24 dez 2023,CanalBrasil unificado Jan fev mar24 dez 2023,,,,CanalBrasil_Janeiro24,0,0,,0.00
CanalBrasil unificado Jan fev mar24 dez 2023,CanalBrasil unificado Jan fev mar24 dez 2023,,,,CanalBrasil_Janeiro24,0,0,,0.00
CanalBrasil unificado Jan fev mar24 dez 2023,CanalBrasil unificado Jan fev mar24 dez 2023,,,,CanalBrasil_Janeiro24,0,0,,0.00
CanalBrasil unificado Jan fev mar24 dez 2023,CanalBrasil unificado Jan fev mar24 dez 2023,,,,CanalBrasil_Janeiro24,0,0,,0.00
CanalBrasil unificado Jan fev mar24 dez 2023,CanalBrasil unificado Jan fev mar24 dez 2023,,,,CanalBrasil_Janeiro24,0,0,,0.00
CanalBrasil unificado Jan fev mar24 dez 2023,CanalBrasil unificado Jan fev mar24 dez 2023,,,,CanalBrasil_Janeiro24,0,0,,0.00
CanalBrasil unificado Jan fev mar24 dez 2023,CanalBrasil unificado Jan fev mar24 dez 2023,,,,CanalBrasil_Janeiro24,0,0,,0.00
CanalBrasil unificado Jan fev mar24 dez 2023,CanalBrasil unificado Jan fev mar24 dez 2023,,,,CanalBrasil_Janeiro24,0,0,,0.00
Globo MusicCueSheet meses 08 10 11 de 2023 e 01 de 2024,Globo MusicCueSheet meses 08 10 11 de 2023 e 01 de 2024,"IESSI MUSIC PUBLISHING,DECK,IESSI MUSIC PUBLISHING,IESSI MUSIC PUBLISHING","DAN KAMBAIAH,FABINHO O BRIAN,GIGI,MAGNO SANT ANNA",IVETE SANGALO,MusicCueSheet_TvAberta_Out23,0,0,,0.00
Globo MusicCueSheet meses 08 10 11 de 2023 e 01 de 2024,Globo MusicCueSheet meses 08 10 11 de 2023 e 01 de 2024,"IESSI MUSIC PUBLISHING,WARNER CHAPPELL","IVETE SANGALO,SAMIR TRINDADE",IVETE SANGALO,MusicCueSheet_TvAberta_Out23,0,0,,0.00
Globo MusicCueSheet meses 08 10 11 de 2023 e 01 de 2024,Globo MusicCueSheet meses 08 10 11 de 2023 e 01 de 2024,"IESSI MUSIC PUBLISHING,WARNER CHAPPELL","IVETE SANGALO,SAMIR TRINDADE",IVETE SANGALO,MusicCueSheet_TvAberta_Out23,0,0,,0.00
Globo MusicCueSheet meses 08 10 11 de 2023 e 01 de 2024,Globo MusicCueSheet meses 08 10 11 de 2023 e 01 de 2024,"IESSI MUSIC PUBLISHING,WARNER CHAPPELL","IVETE SANGALO,SAMIR TRINDADE",IVETE SANGALO,MusicCueSheet_TvAberta_Out23,0,0,,0.00
Globo MusicCueSheet meses 08 10 11 de 2023 e 01 de 2024,Globo MusicCueSheet meses 08 10 11 de 2023 e 01 de 2024,"IESSI MUSIC PUBLISHING,WARNER CHAPPELL","IVETE SANGALO,SAMIR TRINDADE",IVETE SANGALO,MusicCueSheet_TvAberta_Out23,0,0,,0.00
Globo MusicCueSheet meses 08 10 11 de 2023 e 01 de 2024,Globo MusicCueSheet meses 08 10 11 de 2023 e 01 de 2024,"IESSI MUSIC PUBLISHING,IESSI MUSIC PUBLISHING,IESSI MUSIC PUBLISHING,IESSI MUSIC PUBLISHING,IESSI MUSIC PUBLISHING,UNIVERSAL MGB","IVETE SANGALO,NEILTON CERQUEIRA SANTOS,RADAMES VENANCIO,RAMON CRUZ,SAMIR TRINDADE,TIERRE COSTA",IVETE SANGALO,MusicCueSheet_TvAberta_Out23,0,0,,0.00
Globo MusicCueSheet meses 08 10 11 de 2023 e 01 de 2024,Globo MusicCueSheet meses 08 10 11 de 2023 e 01 de 2024,"WARNER CHAPPELL,WARNER CHAPPELL,A DESCOBRIR,WARNER CHAPPELL,WARNER CHAPPELL,A DESCOBRIR,WARNER CHAPPELL","EMICIDA,GROU,LORENTZ,MATUE,PALAZE,QUANTICH,RAEL",MATUE,MusicCueSheet_TvAberta_Out23,0,0,,0.00
Globo MusicCueSheet meses 08 10 11 de 2023 e 01 de 2024,Globo MusicCueSheet meses 08 10 11 de 2023 e 01 de 2024,"SONY MUSIC PUBLISHING,A DESCOBRIR,WARNER CHAPPELL,A DESCOBRIR","GIBBO,MAKO,MATUE,RICH THE KID",MATUE,MusicCueSheet_TvAberta_Out23,0,0,,0.00
Globo MusicCueSheet meses 08 10 11 de 2023 e 01 de 2024,Globo MusicCueSheet meses 08 10 11 de 2023 e 01 de 2024,"SONY MUSIC PUBLISHING,A DESCOBRIR,WARNER CHAPPELL,A DESCOBRIR","GIBBO,MAKO,MATUE,RICH THE KID",MATUE,MusicCueSheet_TvAberta_Out23,0,0,,0.00
Globo MusicCueSheet meses 08 10 11 de 2023 e 01 de 2024,Globo MusicCueSheet meses 08 10 11 de 2023 e 01 de 2024,WARNER CHAPPELL,MATUE,MATUE,MusicCueSheet_TvAberta_Out23,0,0,,0.00
Globo MusicCueSheet meses 08 10 11 de 2023 e 01 de 2024,Globo MusicCueSheet meses 08 10 11 de 2023 e 01 de 2024,"WARNER CHAPPELL,WARNER CHAPPELL,A DESCOBRIR,WARNER CHAPPELL,WARNER CHAPPELL,A DESCOBRIR,WARNER CHAPPELL","EMICIDA,GROU,LORENTZ,MATUE,PALAZE,QUANTICH,RAEL",MATUE,MusicCueSheet_TvAberta_Out23,0,0,,0.00
Globo MusicCueSheet meses 08 10 11 de 2023 e 01 de 2024,Globo MusicCueSheet meses 08 10 11 de 2023 e 01 de 2024,WARNER CHAPPELL,MATUE,MATUE,MusicCueSheet_TvAberta_Out23,0,0,,0.00
Globo MusicCueSheet meses 08 10 11 de 2023 e 01 de 2024,Globo MusicCueSheet meses 08 10 11 de 2023 e 01 de 2024,"WARNER CHAPPELL,WARNER CHAPPELL,WARNER CHAPPELL,WARNER CHAPPELL,WARNER CHAPPELL","BER HEY,BERNARDO CRISOSTOMO PASQUALI,GABRIEL DUNAJSKI MENDES,GUSTAVO PIMENTEL KARAM,RAFAEL DUNAJSKI MENDES",JOVEM DIONISIO,MusicCueSheet_TvAberta_Out23,0,0,,0.00
Globo MusicCueSheet meses 08 10 11 de 2023 e 01 de 2024,Globo MusicCueSheet meses 08 10 11 de 2023 e 01 de 2024,"WARNER CHAPPELL,WARNER CHAPPELL,WARNER CHAPPELL,WARNER CHAPPELL,WARNER CHAPPELL","BER HEY,BERNARDO CRISOSTOMO PASQUALI,GABRIEL DUNAJSKI MENDES,GUSTAVO PIMENTEL KARAM,RAFAEL DUNAJSKI MENDES",JOVEM DIONISIO,MusicCueSheet_TvAberta_Out23,0,0,,0.00
Globo MusicCueSheet meses 08 10 11 de 2023 e 01 de 2024,Globo MusicCueSheet meses 08 10 11 de 2023 e 01 de 2024,"WARNER CHAPPELL,WARNER CHAPPELL,WARNER CHAPPELL,WARNER CHAPPELL,WARNER CHAPPELL","BER HEY,BERNARDO CRISOSTOMO PASQUALI,GABRIEL DUNAJSKI MENDES,GUSTAVO PIMENTEL KARAM,RAFAEL DUNAJSKI MENDES",JOVEM DIONISIO,MusicCueSheet_TvAberta_Out23,0,0,,0.00
Globo MusicCueSheet meses 08 10 11 de 2023 e 01 de 2024,Globo MusicCueSheet meses 08 10 11 de 2023 e 01 de 2024,IESSI MUSIC PUBLISHING,RAMON CRUZ,IVETE SANGALO,MusicCueSheet_TvAberta_Out23,0,0,,0.00
Globo MusicCueSheet meses 08 10 11 de 2023 e 01 de 2024,Globo MusicCueSheet meses 08 10 11 de 2023 e 01 de 2024,"IESSI MUSIC PUBLISHING,WARNER CHAPPELL","IVETE SANGALO,SAMIR TRINDADE",IVETE SANGALO,MusicCueSheet_TvAberta_Out23,0,0,,0.00
Globo MusicCueSheet meses 08 10 11 de 2023 e 01 de 2024,Globo MusicCueSheet meses 08 10 11 de 2023 e 01 de 2024,"IESSI MUSIC PUBLISHING,WARNER CHAPPELL","IVETE SANGALO,SAMIR TRINDADE",IVETE SANGALO,MusicCueSheet_TvAberta_Out23,0,0,,0.00
Globo MusicCueSheet meses 08 10 11 de 2023 e 01 de 2024,Globo MusicCueSheet meses 08 10 11 de 2023 e 01 de 2024,"IESSI MUSIC PUBLISHING,WARNER CHAPPELL","IVETE SANGALO,SAMIR TRINDADE",IVETE SANGALO,MusicCueSheet_TvAberta_Out23,0,0,,0.00
Globo MusicCueSheet meses 08 10 11 de 2023 e 01 de 2024,Globo MusicCueSheet meses 08 10 11 de 2023 e 01 de 2024,"IESSI MUSIC PUBLISHING,WARNER CHAPPELL","IVETE SANGALO,SAMIR TRINDADE",IVETE SANGALO,MusicCueSheet_TvAberta_Out23,0,0,,0.00
Globo MusicCueSheet meses 08 10 11 de 2023 e 01 de 2024,Globo MusicCueSheet meses 08 10 11 de 2023 e 01 de 2024,"IESSI MUSIC PUBLISHING,IESSI MUSIC PUBLISHING,IESSI MUSIC PUBLISHING,IESSI MUSIC PUBLISHING,IESSI MUSIC PUBLISHING,UNIVERSAL MGB","IVETE SANGALO,NEILTON CERQUEIRA SANTOS,RADAMES VENANCIO,RAMON CRUZ,SAMIR TRINDADE,TIERRE COSTA",IVETE SANGALO,MusicCueSheet_TvAberta_Out23,0,0,,0.00
Globo MusicCueSheet meses 08 10 11 de 2023 e 01 de 2024,Globo MusicCueSheet meses 08 10 11 de 2023 e 01 de 2024,UNIVERSAL MGB,ED GRANDAO,IVETE SANGALO,MusicCueSheet_TvAberta_Out23,0,0,,0.00
Globo MusicCueSheet meses 08 10 11 de 2023 e 01 de 2024,Globo MusicCueSheet meses 08 10 11 de 2023 e 01 de 2024,"IESSI MUSIC PUBLISHING,IESSI MUSIC PUBLISHING,IESSI MUSIC PUBLISHING","IVETE SANGALO,LUCIANO CHAVES,SAMIR TRINDADE",IVETE SANGALO,MusicCueSheet_TvAberta_Out23,0,0,,0.00
Globo MusicCueSheet meses 08 10 11 de 2023 e 01 de 2024,Globo MusicCueSheet meses 08 10 11 de 2023 e 01 de 2024,"IESSI MUSIC PUBLISHING,IESSI MUSIC PUBLISHING,IESSI MUSIC PUBLISHING","IVETE SANGALO,LUCIANO CHAVES,SAMIR TRINDADE",IVETE SANGALO,MusicCueSheet_TvAberta_Out23,0,0,,0.00
Globo MusicCueSheet meses 08 10 11 de 2023 e 01 de 2024,Globo MusicCueSheet meses 08 10 11 de 2023 e 01 de 2024,"SONY MUSIC PUBLISHING,SONY MUSIC PUBLISHING","HERBERT VIANNA,PAULO SERGIO VALLE",IVETE SANGALO,MusicCueSheet_TvAberta_Out23,0,0,,0.00
Globo MusicCueSheet meses 08 10 11 de 2023 e 01 de 2024,Globo MusicCueSheet meses 08 10 11 de 2023 e 01 de 2024,"PEERMUSIC,PEERMUSIC,PEERMUSIC","GIANCARLO BIGAZZI,M FICARELLI,UMBERTO TOZZI",IVETE SANGALO,MusicCueSheet_TvAberta_Out23,0,0,,0.00
Globo MusicCueSheet meses 08 10 11 de 2023 e 01 de 2024,Globo MusicCueSheet meses 08 10 11 de 2023 e 01 de 2024,"IESSI MUSIC PUBLISHING,WARNER CHAPPELL","IVETE SANGALO,SAMIR TRINDADE",IVETE SANGALO,MusicCueSheet_TvAberta_Out23,0,0,,0.00
Globo MusicCueSheet meses 08 10 11 de 2023 e 01 de 2024,Globo MusicCueSheet meses 08 10 11 de 2023 e 01 de 2024,"IESSI MUSIC PUBLISHING,WARNER CHAPPELL","IVETE SANGALO,SAMIR TRINDADE",IVETE SANGALO,MusicCueSheet_TvAberta_Out23,0,0,,0.00
Globo MusicCueSheet meses 08 10 11 de 2023 e 01 de 2024,Globo MusicCueSheet meses 08 10 11 de 2023 e 01 de 2024,"IESSI MUSIC PUBLISHING,WARNER CHAPPELL","IVETE SANGALO,SAMIR TRINDADE",IVETE SANGALO,MusicCueSheet_TvAberta_Out23,0,0,,0.00
Globo MusicCueSheet meses 08 10 11 de 2023 e 01 de 2024,Globo MusicCueSheet meses 08 10 11 de 2023 e 01 de 2024,"IESSI MUSIC PUBLISHING,WARNER CHAPPELL","IVETE SANGALO,SAMIR TRINDADE",IVETE SANGALO,MusicCueSheet_TvAberta_Out23,0,0,,0.00
Globo MusicCueSheet meses 08 10 11 de 2023 e 01 de 2024,Globo MusicCueSheet meses 08 10 11 de 2023 e 01 de 2024,"IESSI MUSIC PUBLISHING,IESSI MUSIC PUBLISHING,IESSI MUSIC PUBLISHING","GIGI CERQUEIRA,IVETE SANGALO,SAMIR TRINDADE",IVETE SANGALO,MusicCueSheet_TvAberta_Out23,0,0,,0.00
Globo MusicCueSheet meses 08 10 11 de 2023 e 01 de 2024,Globo MusicCueSheet meses 08 10 11 de 2023 e 01 de 2024,"IESSI MUSIC PUBLISHING,IESSI MUSIC PUBLISHING,IESSI MUSIC PUBLISHING","GIGI CERQUEIRA,IVETE SANGALO,SAMIR TRINDADE",IVETE SANGALO,MusicCueSheet_TvAberta_Out23,0,0,,0.00
Globo MusicCueSheet meses 08 10 11 de 2023 e 01 de 2024,Globo MusicCueSheet meses 08 10 11 de 2023 e 01 de 2024,"BOA MUSIC RIGHTS,BOA MUSIC RIGHTS,BOA MUSIC RIGHTS","FLEEZUS,IURI RIO BRANCO,MARINA SENA",MARINA SENA,MusicCueSheet_TvAberta_Out23,0,0,,0.00
Globo MusicCueSheet meses 08 10 11 de 2023 e 01 de 2024,Globo MusicCueSheet meses 08 10 11 de 2023 e 01 de 2024,SONY MUSIC PUBLISHING,ZE RAMALHO,ZE RAMALHO,MusicCueSheet_TvAberta_Out23,0,0,,0.00
Globo MusicCueSheet meses 08 10 11 de 2023 e 01 de 2024,Globo MusicCueSheet meses 08 10 11 de 2023 e 01 de 2024,UNIVERSAL MGB,ZE RAMALHO,ZE RAMALHO,MusicCueSheet_TvAberta_Out23,0,0,,0.00
Globo MusicCueSheet meses 08 10 11 de 2023 e 01 de 2024,Globo MusicCueSheet meses 08 10 11 de 2023 e 01 de 2024,SONY MUSIC PUBLISHING,ZE RAMALHO,ZE RAMALHO,MusicCueSheet_TvAberta_Out23,0,0,,0.00
Globo MusicCueSheet meses 08 10 11 de 2023 e 01 de 2024,Globo MusicCueSheet meses 08 10 11 de 2023 e 01 de 2024,"WARNER CHAPPELL,SONY MUSIC PUBLISHING,WARNER CHAPPELL","CESAR AUGUSTO,CLAUDIO NOAM,PAULO SERGIO",ZE RAMALHO,MusicCueSheet_TvAberta_Out23,0,0,,0.00
Globo MusicCueSheet meses 08 10 11 de 2023 e 01 de 2024,Globo MusicCueSheet meses 08 10 11 de 2023 e 01 de 2024,SONY MUSIC PUBLISHING,ZE RAMALHO,ZE RAMALHO,MusicCueSheet_TvAberta_Out23,0,0,,0.00
Globo MusicCueSheet meses 08 10 11 de 2023 e 01 de 2024,Globo MusicCueSheet meses 08 10 11 de 2023 e 01 de 2024,"WARNER CHAPPELL,WARNER CHAPPELL","ALCEU VALENCA,ZE RAMALHO",ZE RAMALHO,MusicCueSheet_TvAberta_Out23,0,0,,0.00
Globo MusicCueSheet meses 08 10 11 de 2023 e 01 de 2024,Globo MusicCueSheet meses 08 10 11 de 2023 e 01 de 2024,WARNER CHAPPELL,ZE RAMALHO,ZE RAMALHO,MusicCueSheet_TvAberta_Out23,0,0,,0.00
Globo MusicCueSheet meses 08 10 11 de 2023 e 01 de 2024,Globo MusicCueSheet meses 08 10 11 de 2023 e 01 de 2024,"SONY MUSIC PUBLISHING,IESSI MUSIC PUBLISHING","ALAIM TAVARES,RITA MENDES",IVETE SANGALO,MusicCueSheet_TvAberta_Out23,0,0,,0.00
Globo MusicCueSheet meses 08 10 11 de 2023 e 01 de 2024,Globo MusicCueSheet meses 08 10 11 de 2023 e 01 de 2024,"IESSI MUSIC PUBLISHING,WARNER CHAPPELL","IVETE SANGALO,SAMIR TRINDADE",IVETE SANGALO,MusicCueSheet_TvAberta_Out23,0,0,,0.00
Globo MusicCueSheet meses 08 10 11 de 2023 e 01 de 2024,Globo MusicCueSheet meses 08 10 11 de 2023 e 01 de 2024,"IESSI MUSIC PUBLISHING,WARNER CHAPPELL","IVETE SANGALO,SAMIR TRINDADE",IVETE SANGALO,MusicCueSheet_TvAberta_Out23,0,0,,0.00
Globo MusicCueSheet meses 08 10 11 de 2023 e 01 de 2024,Globo MusicCueSheet meses 08 10 11 de 2023 e 01 de 2024,"IESSI MUSIC PUBLISHING,WARNER CHAPPELL","IVETE SANGALO,SAMIR TRINDADE",IVETE SANGALO,MusicCueSheet_TvAberta_Out23,0,0,,0.00
Globo MusicCueSheet meses 08 10 11 de 2023 e 01 de 2024,Globo MusicCueSheet meses 08 10 11 de 2023 e 01 de 2024,"IESSI MUSIC PUBLISHING,WARNER CHAPPELL","IVETE SANGALO,SAMIR TRINDADE",IVETE SANGALO,MusicCueSheet_TvAberta_Out23,0,0,,0.00
Globo MusicCueSheet meses 08 10 11 de 2023 e 01 de 2024,Globo MusicCueSheet meses 08 10 11 de 2023 e 01 de 2024,"IESSI MUSIC PUBLISHING,UNIVERSAL MGB,IESSI MUSIC PUBLISHING","DORIA,DULLER,MIRO ALMERIO",IVETE SANGALO,MusicCueSheet_TvAberta_Out23,0,0,,0.00
Globo MusicCueSheet meses 08 10 11 de 2023 e 01 de 2024,Globo MusicCueSheet meses 08 10 11 de 2023 e 01 de 2024,"IESSI MUSIC PUBLISHING,UNIVERSAL MGB,IESSI MUSIC PUBLISHING","DORIA,DULLER,MIRO ALMERIO",IVETE SANGALO,MusicCueSheet_TvAberta_Out23,0,0,,0.00
Globo MusicCueSheet meses 08 10 11 de 2023 e 01 de 2024,Globo MusicCueSheet meses 08 10 11 de 2023 e 01 de 2024,"IESSI MUSIC PUBLISHING,UNIVERSAL MGB,IESSI MUSIC PUBLISHING","DORIA,DULLER,MIRO ALMERIO",IVETE SANGALO,MusicCueSheet_TvAberta_Out23,0,0,,0.00
Globo MusicCueSheet meses 08 10 11 de 2023 e 01 de 2024,Globo MusicCueSheet meses 08 10 11 de 2023 e 01 de 2024,"VITALE,VITALE","ALOISIO,EDSON",IVETE SANGALO,MusicCueSheet_TvAberta_Out23,0,0,,0.00
Globo MusicCueSheet meses 08 10 11 de 2023 e 01 de 2024,Globo MusicCueSheet meses 08 10 11 de 2023 e 01 de 2024,"SONY MUSIC PUBLISHING,COPYRIGHTS","DORIVAL CAYMMI,JORGE AMADO",DORIVAL CAYMMI,MusicCueSheet_TvAberta_Out23,0,0,,0.00
Globo MusicCueSheet meses 08 10 11 de 2023 e 01 de 2024,Globo MusicCueSheet meses 08 10 11 de 2023 e 01 de 2024,A DESCOBRIR,DIOGO ALVARO FERREIRA MONCORVO,BACO EXU DO BLUES,MusicCueSheet_TvAberta_Out23,0,0,,0.00
Globo MusicCueSheet meses 08 10 11 de 2023 e 01 de 2024,Globo MusicCueSheet meses 08 10 11 de 2023 e 01 de 2024,UNIVERSAL MGB,ANDERSON CUNHA,IVETE SANGALO,MusicCueSheet_TvAberta_Out23,0,0,,0.00
Globo MusicCueSheet meses 08 10 11 de 2023 e 01 de 2024,Globo MusicCueSheet meses 08 10 11 de 2023 e 01 de 2024,"IESSI MUSIC PUBLISHING,WARNER CHAPPELL","IVETE SANGALO,SAMIR TRINDADE",IVETE SANGALO,MusicCueSheet_TvAberta_Out23,0,0,,0.00
Globo MusicCueSheet meses 08 10 11 de 2023 e 01 de 2024,Globo MusicCueSheet meses 08 10 11 de 2023 e 01 de 2024,"IESSI MUSIC PUBLISHING,WARNER CHAPPELL","IVETE SANGALO,SAMIR TRINDADE",IVETE SANGALO,MusicCueSheet_TvAberta_Out23,0,0,,0.00
Globo MusicCueSheet meses 08 10 11 de 2023 e 01 de 2024,Globo MusicCueSheet meses 08 10 11 de 2023 e 01 de 2024,"IESSI MUSIC PUBLISHING,WARNER CHAPPELL","IVETE SANGALO,SAMIR TRINDADE",IVETE SANGALO,MusicCueSheet_TvAberta_Out23,0,0,,0.00
Globo MusicCueSheet meses 08 10 11 de 2023 e 01 de 2024,Globo MusicCueSheet meses 08 10 11 de 2023 e 01 de 2024,"IESSI MUSIC PUBLISHING,WARNER CHAPPELL","IVETE SANGALO,SAMIR TRINDADE",IVETE SANGALO,MusicCueSheet_TvAberta_Out23,0,0,,0.00
Globo MusicCueSheet meses 08 10 11 de 2023 e 01 de 2024,Globo MusicCueSheet meses 08 10 11 de 2023 e 01 de 2024,"IESSI MUSIC PUBLISHING,IESSI MUSIC PUBLISHING,IESSI MUSIC PUBLISHING,IESSI MUSIC PUBLISHING,IESSI MUSIC PUBLISHING,UNIVERSAL MGB","IVETE SANGALO,NEILTON CERQUEIRA SANTOS,RADAMES VENANCIO,RAMON CRUZ,SAMIR TRINDADE,TIERRE COSTA",IVETE SANGALO,MusicCueSheet_TvAberta_Out23,0,0,,0.00
Globo MusicCueSheet meses 08 10 11 de 2023 e 01 de 2024,Globo MusicCueSheet meses 08 10 11 de 2023 e 01 de 2024,SONY MUSIC PUBLISHING,ZE RAMALHO,ZE RAMALHO,MusicCueSheet_TvAberta_Out23,0,0,,0.00
Globo MusicCueSheet meses 08 10 11 de 2023 e 01 de 2024,Globo MusicCueSheet meses 08 10 11 de 2023 e 01 de 2024,SONY MUSIC PUBLISHING,ZE RAMALHO,ZE RAMALHO,MusicCueSheet_TvAberta_Out23,0,0,,0.00
Globo MusicCueSheet meses 08 10 11 de 2023 e 01 de 2024,Globo MusicCueSheet meses 08 10 11 de 2023 e 01 de 2024,SONY MUSIC PUBLISHING,ZE RAMALHO,ZE RAMALHO,MusicCueSheet_TvAberta_Out23,0,0,,0.00
Globo MusicCueSheet meses 08 10 11 de 2023 e 01 de 2024,Globo MusicCueSheet meses 08 10 11 de 2023 e 01 de 2024,SONY MUSIC PUBLISHING,ZE RAMALHO,ZE RAMALHO,MusicCueSheet_TvAberta_Out23,0,0,,0.00
Globo MusicCueSheet meses 08 10 11 de 2023 e 01 de 2024,Globo MusicCueSheet meses 08 10 11 de 2023 e 01 de 2024,"BMG,WARNER CHAPPELL,WARNER CHAPPELL,BMG","ANDRE LAUDZ,PETER WOLF,SETH JUSTMAN,ZEGON",TROPKILLAZ,MusicCueSheet_TvAberta_Out23,0,0,,0.00
Globo MusicCueSheet meses 08 10 11 de 2023 e 01 de 2024,Globo MusicCueSheet meses 08 10 11 de 2023 e 01 de 2024,"BOA MUSIC RIGHTS,BOA MUSIC RIGHTS","IURI RIO BRANCO,MARINA SENA",MARINA SENA,MusicCueSheet_TvAberta_Out23,0,0,,0.00
Globo MusicCueSheet meses 08 10 11 de 2023 e 01 de 2024,Globo MusicCueSheet meses 08 10 11 de 2023 e 01 de 2024,"BOA MUSIC RIGHTS,BOA MUSIC RIGHTS","IURI RIO BRANCO,MARINA SENA",MARINA SENA,MusicCueSheet_TvAberta_Out23,0,0,,0.00
Globo MusicCueSheet meses 08 10 11 de 2023 e 01 de 2024,Globo MusicCueSheet meses 08 10 11 de 2023 e 01 de 2024,"IESSI MUSIC PUBLISHING,DECK,IESSI MUSIC PUBLISHING,IESSI MUSIC PUBLISHING","DAN KAMBAIAH,FABINHO O BRIAN,GIGI,MAGNO SANT ANNA",IVETE SANGALO,MusicCueSheet_TvAberta_Out23,0,0,,0.00
Globo MusicCueSheet meses 08 10 11 de 2023 e 01 de 2024,Globo MusicCueSheet meses 08 10 11 de 2023 e 01 de 2024,"IESSI MUSIC PUBLISHING,WARNER CHAPPELL","IVETE SANGALO,SAMIR TRINDADE",IVETE SANGALO,MusicCueSheet_TvAberta_Out23,0,0,,0.00
Globo MusicCueSheet meses 08 10 11 de 2023 e 01 de 2024,Globo MusicCueSheet meses 08 10 11 de 2023 e 01 de 2024,"IESSI MUSIC PUBLISHING,WARNER CHAPPELL","IVETE SANGALO,SAMIR TRINDADE",IVETE SANGALO,MusicCueSheet_TvAberta_Out23,0,0,,0.00
Globo MusicCueSheet meses 08 10 11 de 2023 e 01 de 2024,Globo MusicCueSheet meses 08 10 11 de 2023 e 01 de 2024,"IESSI MUSIC PUBLISHING,WARNER CHAPPELL","IVETE SANGALO,SAMIR TRINDADE",IVETE SANGALO,MusicCueSheet_TvAberta_Out23,0,0,,0.00
Globo MusicCueSheet meses 08 10 11 de 2023 e 01 de 2024,Globo MusicCueSheet meses 08 10 11 de 2023 e 01 de 2024,"IESSI MUSIC PUBLISHING,WARNER CHAPPELL","IVETE SANGALO,SAMIR TRINDADE",IVETE SANGALO,MusicCueSheet_TvAberta_Out23,0,0,,0.00
Globo MusicCueSheet meses 08 10 11 de 2023 e 01 de 2024,Globo MusicCueSheet meses 08 10 11 de 2023 e 01 de 2024,"IESSI MUSIC PUBLISHING,IESSI MUSIC PUBLISHING,IESSI MUSIC PUBLISHING,IESSI MUSIC PUBLISHING,IESSI MUSIC PUBLISHING,UNIVERSAL MGB","IVETE SANGALO,NEILTON CERQUEIRA SANTOS,RADAMES VENANCIO,RAMON CRUZ,SAMIR TRINDADE,TIERRE COSTA",IVETE SANGALO,MusicCueSheet_TvAberta_Out23,0,0,,0.00
Globo MusicCueSheet meses 08 10 11 de 2023 e 01 de 2024,Globo MusicCueSheet meses 08 10 11 de 2023 e 01 de 2024,"WARNER CHAPPELL,WARNER CHAPPELL,A DESCOBRIR,WARNER CHAPPELL,WARNER CHAPPELL,A DESCOBRIR,WARNER CHAPPELL","EMICIDA,GROU,LORENTZ,MATUE,PALAZE,QUANTICH,RAEL",MATUE,MusicCueSheet_TvAberta_Out23,0,0,,0.00
Globo MusicCueSheet meses 08 10 11 de 2023 e 01 de 2024,Globo MusicCueSheet meses 08 10 11 de 2023 e 01 de 2024,"SONY MUSIC PUBLISHING,A DESCOBRIR,WARNER CHAPPELL,A DESCOBRIR","GIBBO,MAKO,MATUE,RICH THE KID",MATUE,MusicCueSheet_TvAberta_Out23,0,0,,0.00
Globo MusicCueSheet meses 08 10 11 de 2023 e 01 de 2024,Globo MusicCueSheet meses 08 10 11 de 2023 e 01 de 2024,"SONY MUSIC PUBLISHING,A DESCOBRIR,WARNER CHAPPELL,A DESCOBRIR","GIBBO,MAKO,MATUE,RICH THE KID",MATUE,MusicCueSheet_TvAberta_Out23,0,0,,0.00
Globo MusicCueSheet meses 08 10 11 de 2023 e 01 de 2024,Globo MusicCueSheet meses 08 10 11 de 2023 e 01 de 2024,WARNER CHAPPELL,MATUE,MATUE,MusicCueSheet_TvAberta_Out23,0,0,,0.00
Globo MusicCueSheet meses 08 10 11 de 2023 e 01 de 2024,Globo MusicCueSheet meses 08 10 11 de 2023 e 01 de 2024,"WARNER CHAPPELL,WARNER CHAPPELL,A DESCOBRIR,WARNER CHAPPELL,WARNER CHAPPELL,A DESCOBRIR,WARNER CHAPPELL","EMICIDA,GROU,LORENTZ,MATUE,PALAZE,QUANTICH,RAEL",MATUE,MusicCueSheet_TvAberta_Out23,0,0,,0.00
Globo MusicCueSheet meses 08 10 11 de 2023 e 01 de 2024,Globo MusicCueSheet meses 08 10 11 de 2023 e 01 de 2024,WARNER CHAPPELL,MATUE,MATUE,MusicCueSheet_TvAberta_Out23,0,0,,0.00
Globo MusicCueSheet meses 08 10 11 de 2023 e 01 de 2024,Globo MusicCueSheet meses 08 10 11 de 2023 e 01 de 2024,"WARNER CHAPPELL,WARNER CHAPPELL,WARNER CHAPPELL,WARNER CHAPPELL,WARNER CHAPPELL","BER HEY,BERNARDO CRISOSTOMO PASQUALI,GABRIEL DUNAJSKI MENDES,GUSTAVO PIMENTEL KARAM,RAFAEL DUNAJSKI MENDES",JOVEM DIONISIO,MusicCueSheet_TvAberta_Out23,0,0,,0.00
Globo MusicCueSheet meses 08 10 11 de 2023 e 01 de 2024,Globo MusicCueSheet meses 08 10 11 de 2023 e 01 de 2024,"WARNER CHAPPELL,WARNER CHAPPELL,WARNER CHAPPELL,WARNER CHAPPELL,WARNER CHAPPELL","BER HEY,BERNARDO CRISOSTOMO PASQUALI,GABRIEL DUNAJSKI MENDES,GUSTAVO PIMENTEL KARAM,RAFAEL DUNAJSKI MENDES",JOVEM DIONISIO,MusicCueSheet_TvAberta_Out23,0,0,,0.00
Globo MusicCueSheet meses 08 10 11 de 2023 e 01 de 2024,Globo MusicCueSheet meses 08 10 11 de 2023 e 01 de 2024,"WARNER CHAPPELL,WARNER CHAPPELL,WARNER CHAPPELL,WARNER CHAPPELL,WARNER CHAPPELL","BER HEY,BERNARDO CRISOSTOMO PASQUALI,GABRIEL DUNAJSKI MENDES,GUSTAVO PIMENTEL KARAM,RAFAEL DUNAJSKI MENDES",JOVEM DIONISIO,MusicCueSheet_TvAberta_Out23,0,0,,0.00
Globo MusicCueSheet meses 08 10 11 de 2023 e 01 de 2024,Globo MusicCueSheet meses 08 10 11 de 2023 e 01 de 2024,IESSI MUSIC PUBLISHING,RAMON CRUZ,IVETE SANGALO,MusicCueSheet_TvAberta_Out23,0,0,,0.00
Globo MusicCueSheet meses 08 10 11 de 2023 e 01 de 2024,Globo MusicCueSheet meses 08 10 11 de 2023 e 01 de 2024,"IESSI MUSIC PUBLISHING,WARNER CHAPPELL","IVETE SANGALO,SAMIR TRINDADE",IVETE SANGALO,MusicCueSheet_TvAberta_Out23,0,0,,0.00
Globo MusicCueSheet meses 08 10 11 de 2023 e 01 de 2024,Globo MusicCueSheet meses 08 10 11 de 2023 e 01 de 2024,"IESSI MUSIC PUBLISHING,WARNER CHAPPELL","IVETE SANGALO,SAMIR TRINDADE",IVETE SANGALO,MusicCueSheet_TvAberta_Out23,0,0,,0.00
Globo MusicCueSheet meses 08 10 11 de 2023 e 01 de 2024,Globo MusicCueSheet meses 08 10 11 de 2023 e 01 de 2024,"IESSI MUSIC PUBLISHING,WARNER CHAPPELL","IVETE SANGALO,SAMIR TRINDADE",IVETE SANGALO,MusicCueSheet_TvAberta_Out23,0,0,,0.00
Globo MusicCueSheet meses 08 10 11 de 2023 e 01 de 2024,Globo MusicCueSheet meses 08 10 11 de 2023 e 01 de 2024,"IESSI MUSIC PUBLISHING,WARNER CHAPPELL","IVETE SANGALO,SAMIR TRINDADE",IVETE SANGALO,MusicCueSheet_TvAberta_Out23,0,0,,0.00
Globo MusicCueSheet meses 08 10 11 de 2023 e 01 de 2024,Globo MusicCueSheet meses 08 10 11 de 2023 e 01 de 2024,"IESSI MUSIC PUBLISHING,IESSI MUSIC PUBLISHING,IESSI MUSIC PUBLISHING,IESSI MUSIC PUBLISHING,IESSI MUSIC PUBLISHING,UNIVERSAL MGB","IVETE SANGALO,NEILTON CERQUEIRA SANTOS,RADAMES VENANCIO,RAMON CRUZ,SAMIR TRINDADE,TIERRE COSTA",IVETE SANGALO,MusicCueSheet_TvAberta_Out23,0,0,,0.00
Globo MusicCueSheet meses 08 10 11 de 2023 e 01 de 2024,Globo MusicCueSheet meses 08 10 11 de 2023 e 01 de 2024,UNIVERSAL MGB,ED GRANDAO,IVETE SANGALO,MusicCueSheet_TvAberta_Out23,0,0,,0.00
Globo MusicCueSheet meses 08 10 11 de 2023 e 01 de 2024,Globo MusicCueSheet meses 08 10 11 de 2023 e 01 de 2024,"IESSI MUSIC PUBLISHING,IESSI MUSIC PUBLISHING,IESSI MUSIC PUBLISHING","IVETE SANGALO,LUCIANO CHAVES,SAMIR TRINDADE",IVETE SANGALO,MusicCueSheet_TvAberta_Out23,0,0,,0.00
Globo MusicCueSheet meses 08 10 11 de 2023 e 01 de 2024,Globo MusicCueSheet meses 08 10 11 de 2023 e 01 de 2024,"IESSI MUSIC PUBLISHING,IESSI MUSIC PUBLISHING,IESSI MUSIC PUBLISHING","IVETE SANGALO,LUCIANO CHAVES,SAMIR TRINDADE",IVETE SANGALO,MusicCueSheet_TvAberta_Out23,0,0,,0.00
Globo MusicCueSheet meses 08 10 11 de 2023 e 01 de 2024,Globo MusicCueSheet meses 08 10 11 de 2023 e 01 de 2024,"SONY MUSIC PUBLISHING,SONY MUSIC PUBLISHING","HERBERT VIANNA,PAULO SERGIO VALLE",IVETE SANGALO,MusicCueSheet_TvAberta_Out23,0,0,,0.00
Globo MusicCueSheet meses 08 10 11 de 2023 e 01 de 2024,Globo MusicCueSheet meses 08 10 11 de 2023 e 01 de 2024,"PEERMUSIC,PEERMUSIC,PEERMUSIC","GIANCARLO BIGAZZI,M FICARELLI,UMBERTO TOZZI",IVETE SANGALO,MusicCueSheet_TvAberta_Out23,0,0,,0.00
Globo MusicCueSheet meses 08 10 11 de 2023 e 01 de 2024,Globo MusicCueSheet meses 08 10 11 de 2023 e 01 de 2024,"IESSI MUSIC PUBLISHING,WARNER CHAPPELL","IVETE SANGALO,SAMIR TRINDADE",IVETE SANGALO,MusicCueSheet_TvAberta_Out23,0,0,,0.00
Globo MusicCueSheet meses 08 10 11 de 2023 e 01 de 2024,Globo MusicCueSheet meses 08 10 11 de 2023 e 01 de 2024,"IESSI MUSIC PUBLISHING,WARNER CHAPPELL","IVETE SANGALO,SAMIR TRINDADE",IVETE SANGALO,MusicCueSheet_TvAberta_Out23,0,0,,0.00
Globo MusicCueSheet meses 08 10 11 de 2023 e 01 de 2024,Globo MusicCueSheet meses 08 10 11 de 2023 e 01 de 2024,"IESSI MUSIC PUBLISHING,WARNER CHAPPELL","IVETE SANGALO,SAMIR TRINDADE",IVETE SANGALO,MusicCueSheet_TvAberta_Out23,0,0,,0.00
Globo MusicCueSheet meses 08 10 11 de 2023 e 01 de 2024,Globo MusicCueSheet meses 08 10 11 de 2023 e 01 de 2024,"IESSI MUSIC PUBLISHING,WARNER CHAPPELL","IVETE SANGALO,SAMIR TRINDADE",IVETE SANGALO,MusicCueSheet_TvAberta_Out23,0,0,,0.00
Globo MusicCueSheet meses 08 10 11 de 2023 e 01 de 2024,Globo MusicCueSheet meses 08 10 11 de 2023 e 01 de 2024,"IESSI MUSIC PUBLISHING,IESSI MUSIC PUBLISHING,IESSI MUSIC PUBLISHING","GIGI CERQUEIRA,IVETE SANGALO,SAMIR TRINDADE",IVETE SANGALO,MusicCueSheet_TvAberta_Out23,0,0,,0.00
Globo MusicCueSheet meses 08 10 11 de 2023 e 01 de 2024,Globo MusicCueSheet meses 08 10 11 de 2023 e 01 de 2024,"IESSI MUSIC PUBLISHING,IESSI MUSIC PUBLISHING,IESSI MUSIC PUBLISHING","GIGI CERQUEIRA,IVETE SANGALO,SAMIR TRINDADE",IVETE SANGALO,MusicCueSheet_TvAberta_Out23,0,0,,0.00
Globo MusicCueSheet meses 08 10 11 de 2023 e 01 de 2024,Globo MusicCueSheet meses 08 10 11 de 2023 e 01 de 2024,"BOA MUSIC RIGHTS,BOA MUSIC RIGHTS,BOA MUSIC RIGHTS","FLEEZUS,IURI RIO BRANCO,MARINA SENA",MARINA SENA,MusicCueSheet_TvAberta_Out23,0,0,,0.00
Globo MusicCueSheet meses 08 10 11 de 2023 e 01 de 2024,Globo MusicCueSheet meses 08 10 11 de 2023 e 01 de 2024,SONY MUSIC PUBLISHING,ZE RAMALHO,ZE RAMALHO,MusicCueSheet_TvAberta_Out23,0,0,,0.00
Globo MusicCueSheet meses 08 10 11 de 2023 e 01 de 2024,Globo MusicCueSheet meses 08 10 11 de 2023 e 01 de 2024,UNIVERSAL MGB,ZE RAMALHO,ZE RAMALHO,MusicCueSheet_TvAberta_Out23,0,0,,0.00
Globo MusicCueSheet meses 08 10 11 de 2023 e 01 de 2024,Globo MusicCueSheet meses 08 10 11 de 2023 e 01 de 2024,SONY MUSIC PUBLISHING,ZE RAMALHO,ZE RAMALHO,MusicCueSheet_TvAberta_Out23,0,0,,0.00
Globo MusicCueSheet meses 08 10 11 de 2023 e 01 de 2024,Globo MusicCueSheet meses 08 10 11 de 2023 e 01 de 2024,"WARNER CHAPPELL,SONY MUSIC PUBLISHING,WARNER CHAPPELL","CESAR AUGUSTO,CLAUDIO NOAM,PAULO SERGIO",ZE RAMALHO,MusicCueSheet_TvAberta_Out23,0,0,,0.00
Globo MusicCueSheet meses 08 10 11 de 2023 e 01 de 2024,Globo MusicCueSheet meses 08 10 11 de 2023 e 01 de 2024,SONY MUSIC PUBLISHING,ZE RAMALHO,ZE RAMALHO,MusicCueSheet_TvAberta_Out23,0,0,,0.00
Globo MusicCueSheet meses 08 10 11 de 2023 e 01 de 2024,Globo MusicCueSheet meses 08 10 11 de 2023 e 01 de 2024,"WARNER CHAPPELL,WARNER CHAPPELL","ALCEU VALENCA,ZE RAMALHO",ZE RAMALHO,MusicCueSheet_TvAberta_Out23,0,0,,0.00
Globo MusicCueSheet meses 08 10 11 de 2023 e 01 de 2024,Globo MusicCueSheet meses 08 10 11 de 2023 e 01 de 2024,WARNER CHAPPELL,ZE RAMALHO,ZE RAMALHO,MusicCueSheet_TvAberta_Out23,0,0,,0.00
Globo MusicCueSheet meses 08 10 11 de 2023 e 01 de 2024,Globo MusicCueSheet meses 08 10 11 de 2023 e 01 de 2024,"SONY MUSIC PUBLISHING,IESSI MUSIC PUBLISHING","ALAIM TAVARES,RITA MENDES",IVETE SANGALO,MusicCueSheet_TvAberta_Out23,0,0,,0.00
Globo MusicCueSheet meses 08 10 11 de 2023 e 01 de 2024,Globo MusicCueSheet meses 08 10 11 de 2023 e 01 de 2024,"IESSI MUSIC PUBLISHING,WARNER CHAPPELL","IVETE SANGALO,SAMIR TRINDADE",IVETE SANGALO,MusicCueSheet_TvAberta_Out23,0,0,,0.00
Globo MusicCueSheet meses 08 10 11 de 2023 e 01 de 2024,Globo MusicCueSheet meses 08 10 11 de 2023 e 01 de 2024,"IESSI MUSIC PUBLISHING,WARNER CHAPPELL","IVETE SANGALO,SAMIR TRINDADE",IVETE SANGALO,MusicCueSheet_TvAberta_Out23,0,0,,0.00
Globo MusicCueSheet meses 08 10 11 de 2023 e 01 de 2024,Globo MusicCueSheet meses 08 10 11 de 2023 e 01 de 2024,"IESSI MUSIC PUBLISHING,WARNER CHAPPELL","IVETE SANGALO,SAMIR TRINDADE",IVETE SANGALO,MusicCueSheet_TvAberta_Out23,0,0,,0.00
Globo MusicCueSheet meses 08 10 11 de 2023 e 01 de 2024,Globo MusicCueSheet meses 08 10 11 de 2023 e 01 de 2024,"IESSI MUSIC PUBLISHING,WARNER CHAPPELL","IVETE SANGALO,SAMIR TRINDADE",IVETE SANGALO,MusicCueSheet_TvAberta_Out23,0,0,,0.00
Globo MusicCueSheet meses 08 10 11 de 2023 e 01 de 2024,Globo MusicCueSheet meses 08 10 11 de 2023 e 01 de 2024,"IESSI MUSIC PUBLISHING,UNIVERSAL MGB,IESSI MUSIC PUBLISHING","DORIA,DULLER,MIRO ALMERIO",IVETE SANGALO,MusicCueSheet_TvAberta_Out23,0,0,,0.00
Globo MusicCueSheet meses 08 10 11 de 2023 e 01 de 2024,Globo MusicCueSheet meses 08 10 11 de 2023 e 01 de 2024,"IESSI MUSIC PUBLISHING,UNIVERSAL MGB,IESSI MUSIC PUBLISHING","DORIA,DULLER,MIRO ALMERIO",IVETE SANGALO,MusicCueSheet_TvAberta_Out23,0,0,,0.00
Globo MusicCueSheet meses 08 10 11 de 2023 e 01 de 2024,Globo MusicCueSheet meses 08 10 11 de 2023 e 01 de 2024,"IESSI MUSIC PUBLISHING,UNIVERSAL MGB,IESSI MUSIC PUBLISHING","DORIA,DULLER,MIRO ALMERIO",IVETE SANGALO,MusicCueSheet_TvAberta_Out23,0,0,,0.00
Globo MusicCueSheet meses 08 10 11 de 2023 e 01 de 2024,Globo MusicCueSheet meses 08 10 11 de 2023 e 01 de 2024,"VITALE,VITALE","ALOISIO,EDSON",IVETE SANGALO,MusicCueSheet_TvAberta_Out23,0,0,,0.00
Globo MusicCueSheet meses 08 10 11 de 2023 e 01 de 2024,Globo MusicCueSheet meses 08 10 11 de 2023 e 01 de 2024,"SONY MUSIC PUBLISHING,COPYRIGHTS","DORIVAL CAYMMI,JORGE AMADO",DORIVAL CAYMMI,MusicCueSheet_TvAberta_Out23,0,0,,0.00
Globo MusicCueSheet meses 08 10 11 de 2023 e 01 de 2024,Globo MusicCueSheet meses 08 10 11 de 2023 e 01 de 2024,A DESCOBRIR,DIOGO ALVARO FERREIRA MONCORVO,BACO EXU DO BLUES,MusicCueSheet_TvAberta_Out23,0,0,,0.00
Globo MusicCueSheet meses 08 10 11 de 2023 e 01 de 2024,Globo MusicCueSheet meses 08 10 11 de 2023 e 01 de 2024,UNIVERSAL MGB,ANDERSON CUNHA,IVETE SANGALO,MusicCueSheet_TvAberta_Out23,0,0,,0.00
Globo MusicCueSheet meses 08 10 11 de 2023 e 01 de 2024,Globo MusicCueSheet meses 08 10 11 de 2023 e 01 de 2024,"IESSI MUSIC PUBLISHING,WARNER CHAPPELL","IVETE SANGALO,SAMIR TRINDADE",IVETE SANGALO,MusicCueSheet_TvAberta_Out23,0,0,,0.00
Globo MusicCueSheet meses 08 10 11 de 2023 e 01 de 2024,Globo MusicCueSheet meses 08 10 11 de 2023 e 01 de 2024,"IESSI MUSIC PUBLISHING,WARNER CHAPPELL","IVETE SANGALO,SAMIR TRINDADE",IVETE SANGALO,MusicCueSheet_TvAberta_Out23,0,0,,0.00
Globo MusicCueSheet meses 08 10 11 de 2023 e 01 de 2024,Globo MusicCueSheet meses 08 10 11 de 2023 e 01 de 2024,"IESSI MUSIC PUBLISHING,WARNER CHAPPELL","IVETE SANGALO,SAMIR TRINDADE",IVETE SANGALO,MusicCueSheet_TvAberta_Out23,0,0,,0.00
Globo MusicCueSheet meses 08 10 11 de 2023 e 01 de 2024,Globo MusicCueSheet meses 08 10 11 de 2023 e 01 de 2024,"IESSI MUSIC PUBLISHING,WARNER CHAPPELL","IVETE SANGALO,SAMIR TRINDADE",IVETE SANGALO,MusicCueSheet_TvAberta_Out23,0,0,,0.00
Globo MusicCueSheet meses 08 10 11 de 2023 e 01 de 2024,Globo MusicCueSheet meses 08 10 11 de 2023 e 01 de 2024,"IESSI MUSIC PUBLISHING,IESSI MUSIC PUBLISHING,IESSI MUSIC PUBLISHING,IESSI MUSIC PUBLISHING,IESSI MUSIC PUBLISHING,UNIVERSAL MGB","IVETE SANGALO,NEILTON CERQUEIRA SANTOS,RADAMES VENANCIO,RAMON CRUZ,SAMIR TRINDADE,TIERRE COSTA",IVETE SANGALO,MusicCueSheet_TvAberta_Out23,0,0,,0.00
Globo MusicCueSheet meses 08 10 11 de 2023 e 01 de 2024,Globo MusicCueSheet meses 08 10 11 de 2023 e 01 de 2024,SONY MUSIC PUBLISHING,ZE RAMALHO,ZE RAMALHO,MusicCueSheet_TvAberta_Out23,0,0,,0.00
Globo MusicCueSheet meses 08 10 11 de 2023 e 01 de 2024,Globo MusicCueSheet meses 08 10 11 de 2023 e 01 de 2024,SONY MUSIC PUBLISHING,ZE RAMALHO,ZE RAMALHO,MusicCueSheet_TvAberta_Out23,0,0,,0.00
Globo MusicCueSheet meses 08 10 11 de 2023 e 01 de 2024,Globo MusicCueSheet meses 08 10 11 de 2023 e 01 de 2024,SONY MUSIC PUBLISHING,ZE RAMALHO,ZE RAMALHO,MusicCueSheet_TvAberta_Out23,0,0,,0.00
Globo MusicCueSheet meses 08 10 11 de 2023 e 01 de 2024,Globo MusicCueSheet meses 08 10 11 de 2023 e 01 de 2024,SONY MUSIC PUBLISHING,ZE RAMALHO,ZE RAMALHO,MusicCueSheet_TvAberta_Out23,0,0,,0.00
Globo MusicCueSheet meses 08 10 11 de 2023 e 01 de 2024,Globo MusicCueSheet meses 08 10 11 de 2023 e 01 de 2024,BMG,RINCON SAPIENCIA,RINCON SAPIÊNCIA,MusicCueSheet_TvAberta_Out23,0,0,,0.00
Globo MusicCueSheet meses 08 10 11 de 2023 e 01 de 2024,Globo MusicCueSheet meses 08 10 11 de 2023 e 01 de 2024,A DESCOBRIR,GUI DA TROPA,GUI DA TROPA,MusicCueSheet_TvAberta_Out23,0,0,,0.00
Globo MusicCueSheet meses 08 10 11 de 2023 e 01 de 2024,Globo MusicCueSheet meses 08 10 11 de 2023 e 01 de 2024,WARNER CHAPPELL,CAETANO VELOSO,IVETE SANGALO,MusicCueSheet_TvAberta_Out23,0,0,,0.00
Globo MusicCueSheet meses 08 10 11 de 2023 e 01 de 2024,Globo MusicCueSheet meses 08 10 11 de 2023 e 01 de 2024,"ADDAF,ADDAF","ALBERTO PAZ,EDSON MENEZES",BACO EXU DO BLUES,MusicCueSheet_TvAberta_Out23,0,0,,0.00
Globo MusicCueSheet meses 08 10 11 de 2023 e 01 de 2024,Globo MusicCueSheet meses 08 10 11 de 2023 e 01 de 2024,"NOWA,NOWA","ANDINHO,GELEIA",MC CAROL,MusicCueSheet_TvAberta_Out23,0,0,,0.00
Globo MusicCueSheet meses 08 10 11 de 2023 e 01 de 2024,Globo MusicCueSheet meses 08 10 11 de 2023 e 01 de 2024,"SONY MUSIC PUBLISHING,A DESCOBRIR,WARNER CHAPPELL,SONY MUSIC PUBLISHING,SONY MUSIC PUBLISHING","BEYONCE KNOWLES,EUGENE RECORD,EUGENE RECORD,RICH HARRISON,SHAWN CARTER.",MC CAROL,MusicCueSheet_TvAberta_Out23,0,0,,0.00
Globo MusicCueSheet meses 08 10 11 de 2023 e 01 de 2024,Globo MusicCueSheet meses 08 10 11 de 2023 e 01 de 2024,"WARNER CHAPPELL,WARNER CHAPPELL","RITA LEE,ROBERTO DE CARVALHO",IVETE SANGALO,MusicCueSheet_TvAberta_Out23,0,0,,0.00
Globo MusicCueSheet meses 08 10 11 de 2023 e 01 de 2024,Globo MusicCueSheet meses 08 10 11 de 2023 e 01 de 2024,"WARNER CHAPPELL,WARNER CHAPPELL","RITA LEE,ROBERTO DE CARVALHO",IVETE SANGALO,MusicCueSheet_TvAberta_Out23,0,0,,0.00
Globo MusicCueSheet meses 08 10 11 de 2023 e 01 de 2024,Globo MusicCueSheet meses 08 10 11 de 2023 e 01 de 2024,"OS LEMOS,WARNER CHAPPELL,UNIVERSAL MGB,WARNER CHAPPELL","BAVIERA,CT,HARIEL MEDELLA,KNUST",XAMA,MusicCueSheet_TvAberta_Out23,0,0,,0.00
Globo MusicCueSheet meses 08 10 11 de 2023 e 01 de 2024,Globo MusicCueSheet meses 08 10 11 de 2023 e 01 de 2024,"OS LEMOS,WARNER CHAPPELL,UNIVERSAL MGB,WARNER CHAPPELL","BAVIERA,CT,HARIEL MEDELLA,KNUST",XAMA,MusicCueSheet_TvAberta_Out23,0,0,,0.00
Globo MusicCueSheet meses 08 10 11 de 2023 e 01 de 2024,Globo MusicCueSheet meses 08 10 11 de 2023 e 01 de 2024,"OS LEMOS,WARNER CHAPPELL,UNIVERSAL MGB,WARNER CHAPPELL","BAVIERA,CT,HARIEL MEDELLA,KNUST",XAMA,MusicCueSheet_TvAberta_Out23,0,0,,0.00
Globo MusicCueSheet meses 08 10 11 de 2023 e 01 de 2024,Globo MusicCueSheet meses 08 10 11 de 2023 e 01 de 2024,DE LA CORDILLERA FLOW,BRISA FLOW,BRISA FLOW,MusicCueSheet_TvAberta_Out23,0,0,,0.00
Globo MusicCueSheet meses 08 10 11 de 2023 e 01 de 2024,Globo MusicCueSheet meses 08 10 11 de 2023 e 01 de 2024,"WARNER CHAPPELL,WARNER CHAPPELL,WARNER CHAPPELL","DIGAO,FRED,RODOLFO",JÃO,MusicCueSheet_TvAberta_Out23,0,0,,0.00
Globo MusicCueSheet meses 08 10 11 de 2023 e 01 de 2024,Globo MusicCueSheet meses 08 10 11 de 2023 e 01 de 2024,"SONY MUSIC PUBLISHING,SONY MUSIC PUBLISHING","ERASMO CARLOS,ROBERTO CARLOS",IVETE SANGALO,MusicCueSheet_TvAberta_Out23,0,0,,0.00
Globo MusicCueSheet meses 08 10 11 de 2023 e 01 de 2024,Globo MusicCueSheet meses 08 10 11 de 2023 e 01 de 2024,"IESSI MUSIC PUBLISHING,IESSI MUSIC PUBLISHING","GAL SALES,XEXEU II",IVETE SANGALO,MusicCueSheet_TvAberta_Out23,0,0,,0.00
Globo MusicCueSheet meses 08 10 11 de 2023 e 01 de 2024,Globo MusicCueSheet meses 08 10 11 de 2023 e 01 de 2024,VRC PRODUCOES ARTISTICAS LTDA,MC CAROL,MC CAROL,MusicCueSheet_TvAberta_Out23,0,0,,0.00
Globo MusicCueSheet meses 08 10 11 de 2023 e 01 de 2024,Globo MusicCueSheet meses 08 10 11 de 2023 e 01 de 2024,L O S,LOURENCO,IVETE SANGALO,MusicCueSheet_TvAberta_Out23,0,0,,0.00
Globo MusicCueSheet meses 08 10 11 de 2023 e 01 de 2024,Globo MusicCueSheet meses 08 10 11 de 2023 e 01 de 2024,"FERMATA,FERMATA","ERASMO CARLOS,ROBERTO CARLOS",LUÍZA POSSI,MusicCueSheet_TvAberta_Out23,0,0,,0.00
Globo MusicCueSheet meses 08 10 11 de 2023 e 01 de 2024,Globo MusicCueSheet meses 08 10 11 de 2023 e 01 de 2024,"UNIVERSAL MGB,UNIVERSAL MGB","DUDU FALCAO,LENINE",LENINE,MusicCueSheet_TvAberta_Out23,0,0,,0.00
Globo MusicCueSheet meses 08 10 11 de 2023 e 01 de 2024,Globo MusicCueSheet meses 08 10 11 de 2023 e 01 de 2024,DUBAS,LUEDJI LUNA,LUEDJI LUNA,MusicCueSheet_TvAberta_Out23,0,0,,0.00
Globo MusicCueSheet meses 08 10 11 de 2023 e 01 de 2024,Globo MusicCueSheet meses 08 10 11 de 2023 e 01 de 2024,"IESSI MUSIC PUBLISHING,IESSI MUSIC PUBLISHING,IESSI MUSIC PUBLISHING","FILIPE ESCANDURRAS,MARCIO VICTOR,TIERRY CORINGA",IVETE SANGALO,MusicCueSheet_TvAberta_Out23,0,0,,0.00
Globo MusicCueSheet meses 08 10 11 de 2023 e 01 de 2024,Globo MusicCueSheet meses 08 10 11 de 2023 e 01 de 2024,"A DESCOBRIR,A DESCOBRIR,SONY MUSIC PUBLISHING","ALCEU VALENCA,LULA CORTES,ZE RAMALHO",ZE RAMALHO,MusicCueSheet_TvAberta_Out23,0,0,,0.00
Globo MusicCueSheet meses 08 10 11 de 2023 e 01 de 2024,Globo MusicCueSheet meses 08 10 11 de 2023 e 01 de 2024,"A DESCOBRIR,WARNER CHAPPELL,WARNER CHAPPELL,UNIVERSAL MGB,WARNER CHAPPELL,WARNER CHAPPELL","A DESCOBRIR,ANA,DUDU,GIANLUCA GRIGNANI,GIANLUCA GRIGNANI,MASSIMO LUCA",ANA CAROLINA,MusicCueSheet_TvAberta_Out23,0,0,,0.00
Globo MusicCueSheet meses 08 10 11 de 2023 e 01 de 2024,Globo MusicCueSheet meses 08 10 11 de 2023 e 01 de 2024,"UNIVERSAL MGB,UNIVERSAL MGB,UNIVERSAL MGB","BOB MCDILL,ERASMO CARLOS,ROBERTO CARLOS",KATIA,MusicCueSheet_TvAberta_Out23,0,0,,0.00
