Canal,Data,Programa,Episódio Nr.,Título da Obra,Autor(es),Intérprete(s),Editora(s),Tipo de Sincronização,Acervo Sim ou Não,Minutagem,Data da 1ª Exibição (apenas para conferência),Inédito,Rebatida,Reprise,uncertain_match,Matched Title,Matched Identifier/ISWC,Uncertain Match,Eligibility Basis,__source_sheet
BIS,2023-12-01,Versões,2.0,Admirável Chip Novo,Pitty,Day,"Warner Chappell Edições Musicais Ltda.,Deck Producoes Artisticas Ltda",Performance,Não,00:04:00,2020-11-25,-,-,Reprise,,,,True,artist_alias,ConsolidadoDiversos_Dezembro23
BIS,2023-12-01,Versões,2.0,Brinquedo Torto,Pitty,Day,Deck Producoes Artisticas Ltda,Performance,Não,00:04:00,2020-11-25,-,-,Reprise,,,,True,artist_alias,ConsolidadoDiversos_Dezembro23
BIS,2023-12-01,Versões,2.0,Dilúvio,"Danilo Valbusa,Day,Marcelinho Ferraz,Pedro Caropreso,Tiê Castro,Vitão",Day,"Universal Music Publishing Mgb Brasil Ltda.,Bmg Rights Management Brasil Ltda.,Deck Producoes Artisticas Ltda",Performance,Não,00:04:00,2020-11-25,-,-,Reprise,,,,True,artist_alias,ConsolidadoDiversos_Dezembro23
BIS,2023-12-01,Versões,2.0,Equalize,"Peu Souza,Pitty",Day,Deck Producoes Artisticas Ltda,Performance,Não,00:04:00,2020-11-25,-,-,Reprise,,,,True,artist_alias,ConsolidadoDiversos_Dezembro23
BIS,2023-12-01,Versões,2.0,I Wanna Be,Pitty,Day,Deck Producoes Artisticas Ltda,Performance,Não,00:04:00,2020-11-25,-,-,Reprise,,,,True,artist_alias,ConsolidadoDiversos_Dezembro23
BIS,2023-12-01,Versões,2.0,Jurei Que Não Ia Falar De Amor,"Dan Valbusa,Day",Day,"Deck Producoes Artisticas Ltda,Universal Music Publishing Mgb Brasil Ltda.",Performance,Não,00:04:00,2020-11-25,-,-,Reprise,,,,True,artist_alias,ConsolidadoDiversos_Dezembro23
BIS,2023-12-01,Versões,2.0,Me Adora,Pitty,Day,Deck Producoes Artisticas Ltda,Performance,Não,00:04:00,2020-11-25,-,-,Reprise,,,,True,artist_alias,ConsolidadoDiversos_Dezembro23
BIS,2023-12-01,Versões,2.0,Memórias,Pitty,Day,"Warner Chappell Edições Musicais Ltda.,Deck Producoes Artisticas Ltda",Performance,Não,00:04:00,2020-11-25,-,-,Reprise,,,,True,artist_alias,ConsolidadoDiversos_Dezembro23
BIS,2023-12-01,Versões,2.0,Metamorfose,"Adriano Alves,Day,Dj Dash,Marcelinho Ferraz",Day,"Deck Producoes Artisticas Ltda,Universal Music Publishing Mgb Brasil Ltda.",Performance,Não,00:04:00,2020-11-25,-,-,Reprise,,,,True,artist_alias,ConsolidadoDiversos_Dezembro23
BIS,2023-12-01,Versões,2.0,Na Sua Estante,Pitty,Day,Deck Producoes Artisticas Ltda,Performance,Não,00:04:00,2020-11-25,-,-,Reprise,,,,True,artist_alias,ConsolidadoDiversos_Dezembro23
BIS,2023-12-01,Versões,2.0,Pulsos,"Martin,Pitty",Day,Deck Producoes Artisticas Ltda,Performance,Não,00:04:00,2020-11-25,-,-,Reprise,,,,True,artist_alias,ConsolidadoDiversos_Dezembro23
BIS,2023-12-01,Versões,2.0,Semana Que Vem,Pitty,Day,Deck Producoes Artisticas Ltda,Performance,Não,00:04:00,2020-11-25,-,-,Reprise,,,,True,artist_alias,ConsolidadoDiversos_Dezembro23
BIS,2023-12-02,Versões,2.0,Admirável Chip Novo,Pitty,Day,"Warner Chappell Edições Musicais Ltda.,Deck Producoes Artisticas Ltda",Performance,Não,00:04:00,2020-11-25,-,-,Reprise,,,,True,artist_alias,ConsolidadoDiversos_Dezembro23
BIS,2023-12-02,Versões,2.0,Brinquedo Torto,Pitty,Day,Deck Producoes Artisticas Ltda,Performance,Não,00:04:00,2020-11-25,-,-,Reprise,,,,True,artist_alias,ConsolidadoDiversos_Dezembro23
BIS,2023-12-02,Versões,2.0,Dilúvio,"Danilo Valbusa,Day,Marcelinho Ferraz,Pedro Caropreso,Tiê Castro,Vitão",Day,"Universal Music Publishing Mgb Brasil Ltda.,Bmg Rights Management Brasil Ltda.,Deck Producoes Artisticas Ltda",Performance,Não,00:04:00,2020-11-25,-,-,Reprise,,,,True,artist_alias,ConsolidadoDiversos_Dezembro23
BIS,2023-12-02,Versões,2.0,Equalize,"Peu Souza,Pitty",Day,Deck Producoes Artisticas Ltda,Performance,Não,00:04:00,2020-11-25,-,-,Reprise,,,,True,artist_alias,ConsolidadoDiversos_Dezembro23
BIS,2023-12-02,Versões,2.0,I Wanna Be,Pitty,Day,Deck Producoes Artisticas Ltda,Performance,Não,00:04:00,2020-11-25,-,-,Reprise,,,,True,artist_alias,ConsolidadoDiversos_Dezembro23
BIS,2023-12-02,Versões,2.0,Jurei Que Não Ia Falar De Amor,"Dan Valbusa,Day",Day,"Deck Producoes Artisticas Ltda,Universal Music Publishing Mgb Brasil Ltda.",Performance,Não,00:04:00,2020-11-25,-,-,Reprise,,,,True,artist_alias,ConsolidadoDiversos_Dezembro23
BIS,2023-12-02,Versões,2.0,Me Adora,Pitty,Day,Deck Producoes Artisticas Ltda,Performance,Não,00:04:00,2020-11-25,-,-,Reprise,,,,True,artist_alias,ConsolidadoDiversos_Dezembro23
BIS,2023-12-02,Versões,2.0,Memórias,Pitty,Day,"Warner Chappell Edições Musicais Ltda.,Deck Producoes Artisticas Ltda",Performance,Não,00:04:00,2020-11-25,-,-,Reprise,,,,True,artist_alias,ConsolidadoDiversos_Dezembro23
BIS,2023-12-02,Versões,2.0,Metamorfose,"Adriano Alves,Day,Dj Dash,Marcelinho Ferraz",Day,"Deck Producoes Artisticas Ltda,Universal Music Publishing Mgb Brasil Ltda.",Performance,Não,00:04:00,2020-11-25,-,-,Reprise,,,,True,artist_alias,ConsolidadoDiversos_Dezembro23
BIS,2023-12-02,Versões,2.0,Na Sua Estante,Pitty,Day,Deck Producoes Artisticas Ltda,Performance,Não,00:04:00,2020-11-25,-,-,Reprise,,,,True,artist_alias,ConsolidadoDiversos_Dezembro23
BIS,2023-12-02,Versões,2.0,Pulsos,"Martin,Pitty",Day,Deck Producoes Artisticas Ltda,Performance,Não,00:04:00,2020-11-25,-,-,Reprise,,,,True,artist_alias,ConsolidadoDiversos_Dezembro23
BIS,2023-12-02,Versões,2.0,Semana Que Vem,Pitty,Day,Deck Producoes Artisticas Ltda,Performance,Não,00:04:00,2020-11-25,-,-,Reprise,,,,True,artist_alias,ConsolidadoDiversos_Dezembro23
BIS,2023-12-04,Experimente.,7.0,Becitos,Brisa Flow,Brisa Flow,Unknown Publisher,Performance,Não,00:03:26,2023-09-25,-,-,Reprise,,,,True,artist_alias,ConsolidadoDiversos_Dezembro23
BIS,2023-12-04,Experimente.,7.0,Improviso 02,Brisa Flow,Brisa Flow,Unknown Publisher,Performance,Não,00:04:03,2023-09-25,-,-,Reprise,,,,True,artist_alias,ConsolidadoDiversos_Dezembro23
BIS,2023-12-05,Experimente.,3.0,Me Toca,"Iuri Rio Branco D Luz,Marina Sena",Marina Sena,Boa Musica Brasil Direitos Musicais Ltda,Performance,Não,00:03:15,2021-09-21,-,-,Reprise,,,,True,artist_alias,ConsolidadoDiversos_Dezembro23
BIS,2023-12-05,Experimente.,3.0,Pelejei,"Iuri Rio Branco D Luz,Marina Sena",Marina Sena,Boa Musica Brasil Direitos Musicais Ltda,Performance,Não,00:03:17,2021-09-21,-,-,Reprise,,,,True,artist_alias,ConsolidadoDiversos_Dezembro23
BIS,2023-12-05,Experimente.,3.0,Por Supuesto,"Iuri Rio Branco,Marina Sena",Marina Sena,Boa Musica Brasil Direitos Musicais Ltda,Performance,Não,00:03:08,2021-09-21,-,-,Reprise,,,,True,artist_alias,ConsolidadoDiversos_Dezembro23
BIS,2023-12-05,Experimente.,3.0,Voltei Pra Mim,"Iuri Rio Branco,Marina Sena",Marina Sena,Boa Musica Brasil Direitos Musicais Ltda,Performance,Não,00:03:21,2021-09-21,-,-,Reprise,,,,True,artist_alias,ConsolidadoDiversos_Dezembro23
BIS,2023-12-05,Experimente.,7.0,Becitos,Brisa Flow,Brisa Flow,Unknown Publisher,Performance,Não,00:03:26,2023-09-25,-,-,Reprise,,,,True,artist_alias,ConsolidadoDiversos_Dezembro23
BIS,2023-12-05,Experimente.,7.0,Improviso 02,Brisa Flow,Brisa Flow,Unknown Publisher,Performance,Não,00:04:03,2023-09-25,-,-,Reprise,,,,True,artist_alias,ConsolidadoDiversos_Dezembro23
BIS,2023-12-06,Experimente.,3.0,Me Toca,"Iuri Rio Branco D Luz,Marina Sena",Marina Sena,Boa Musica Brasil Direitos Musicais Ltda,Performance,Não,00:03:15,2021-09-21,-,-,Reprise,,,,True,artist_alias,ConsolidadoDiversos_Dezembro23
BIS,2023-12-06,Experimente.,3.0,Pelejei,"Iuri Rio Branco D Luz,Marina Sena",Marina Sena,Boa Musica Brasil Direitos Musicais Ltda,Performance,Não,00:03:17,2021-09-21,-,-,Reprise,,,,True,artist_alias,ConsolidadoDiversos_Dezembro23
BIS,2023-12-06,Experimente.,3.0,Por Supuesto,"Iuri Rio Branco,Marina Sena",Marina Sena,Boa Musica Brasil Direitos Musicais Ltda,Performance,Não,00:03:08,2021-09-21,-,-,Reprise,,,,True,artist_alias,ConsolidadoDiversos_Dezembro23
BIS,2023-12-06,Experimente.,3.0,Voltei Pra Mim,"Iuri Rio Branco,Marina Sena",Marina Sena,Boa Musica Brasil Direitos Musicais Ltda,Performance,Não,00:03:21,2021-09-21,-,-,Reprise,,,,True,artist_alias,ConsolidadoDiversos_Dezembro23
BIS,2023-12-06,Versões,6.0,Anjos (Pra Quem Tem Fé),"Marcelo Falcão,Tom Saboia",Cynthia Luz,"HUMAITA EDIÇÕES MUSICAIS LTDA,Warner Chappell Edições Musicais Ltda.",Performance,Não,00:04:00,2020-12-23,-,-,Reprise,,,,True,artist_alias,ConsolidadoDiversos_Dezembro23
BIS,2023-12-06,Versões,6.0,Essa Vista,"Cynthia Luz,Matheus Figueiredo",Cynthia Luz,"Unknown Publisher,Universal Music Publishing Mgb Brasil Ltda.",Performance,Não,00:04:00,2020-12-23,-,-,Reprise,,,,True,artist_alias,ConsolidadoDiversos_Dezembro23
BIS,2023-12-06,Versões,6.0,Farpa Cortante,"Lauro Farias,Marcelo Falcão,Marcelo Lobato,Marcos Lobato,Xandão",Cynthia Luz,"Unknown Publisher,Warner Chappell Edições Musicais Ltda.",Performance,Não,00:04:00,2020-12-23,-,-,Reprise,,,,True,artist_alias,ConsolidadoDiversos_Dezembro23
BIS,2023-12-06,Versões,6.0,Me Deixa,"Lauro Farias,Marcelo Falcão,Marcelo Lobato,Marcelo Yuka,Xandão",Cynthia Luz,Warner Chappell Edições Musicais Ltda.,Performance,Não,00:04:00,2020-12-23,-,-,Reprise,,,,True,artist_alias,ConsolidadoDiversos_Dezembro23
BIS,2023-12-06,Versões,6.0,O Que Sobrou Do Céu,"Lauro Farias,Marcelo Falcão,Marcelo Lobato,Marcelo Yuka,Xandão",Cynthia Luz,Warner Chappell Edições Musicais Ltda.,Performance,Não,00:04:00,2020-12-23,-,-,Reprise,,,,True,artist_alias,ConsolidadoDiversos_Dezembro23
BIS,2023-12-06,Versões,6.0,Rodo Cotidiano,"Lauro Farias,Marcelo Falcão,Marcelo Lobato,Marcos Lobato,Xandão",Cynthia Luz,"HUMAITA EDIÇÕES MUSICAIS LTDA,Warner Chappell Edições Musicais Ltda.",Performance,Não,00:04:00,2020-12-23,-,-,Reprise,,,,True,artist_alias,ConsolidadoDiversos_Dezembro23
BIS,2023-12-06,Versões,6.0,Sentimento,"Lux Ferreira,Marcela Vale",Cynthia Luz,"Boa Musica Brasil Direitos Musicais Ltda,Universal Music Publishing Mgb Brasil Ltda.",Performance,Não,00:04:00,2020-12-23,-,-,Reprise,,,,True,artist_alias,ConsolidadoDiversos_Dezembro23
BIS,2023-12-06,Versões,6.0,Súplica Cearense,"Gordurinha,Nelinho",Cynthia Luz,"Editora E Importadora Musical  Fermata Do Brasil Ltda.,Cap Music Edicoes Ltda",Performance,Não,00:04:00,2020-12-23,-,-,Reprise,,,,True,artist_alias,ConsolidadoDiversos_Dezembro23
BIS,2023-12-07,Versões,6.0,Anjos (Pra Quem Tem Fé),"Marcelo Falcão,Tom Saboia",Cynthia Luz,"HUMAITA EDIÇÕES MUSICAIS LTDA,Warner Chappell Edições Musicais Ltda.",Performance,Não,00:04:00,2020-12-23,-,-,Reprise,,,,True,artist_alias,ConsolidadoDiversos_Dezembro23
BIS,2023-12-07,Versões,6.0,Essa Vista,"Cynthia Luz,Matheus Figueiredo",Cynthia Luz,"Unknown Publisher,Universal Music Publishing Mgb Brasil Ltda.",Performance,Não,00:04:00,2020-12-23,-,-,Reprise,,,,True,artist_alias,ConsolidadoDiversos_Dezembro23
BIS,2023-12-07,Versões,6.0,Farpa Cortante,"Lauro Farias,Marcelo Falcão,Marcelo Lobato,Marcos Lobato,Xandão",Cynthia Luz,"Unknown Publisher,Warner Chappell Edições Musicais Ltda.",Performance,Não,00:04:00,2020-12-23,-,-,Reprise,,,,True,artist_alias,ConsolidadoDiversos_Dezembro23
BIS,2023-12-07,Versões,6.0,Me Deixa,"Lauro Farias,Marcelo Falcão,Marcelo Lobato,Marcelo Yuka,Xandão",Cynthia Luz,Warner Chappell Edições Musicais Ltda.,Performance,Não,00:04:00,2020-12-23,-,-,Reprise,,,,True,artist_alias,ConsolidadoDiversos_Dezembro23
BIS,2023-12-07,Versões,6.0,O Que Sobrou Do Céu,"Lauro Farias,Marcelo Falcão,Marcelo Lobato,Marcelo Yuka,Xandão",Cynthia Luz,Warner Chappell Edições Musicais Ltda.,Performance,Não,00:04:00,2020-12-23,-,-,Reprise,,,,True,artist_alias,ConsolidadoDiversos_Dezembro23
BIS,2023-12-07,Versões,6.0,Rodo Cotidiano,"Lauro Farias,Marcelo Falcão,Marcelo Lobato,Marcos Lobato,Xandão",Cynthia Luz,"HUMAITA EDIÇÕES MUSICAIS LTDA,Warner Chappell Edições Musicais Ltda.",Performance,Não,00:04:00,2020-12-23,-,-,Reprise,,,,True,artist_alias,ConsolidadoDiversos_Dezembro23
BIS,2023-12-07,Versões,6.0,Sentimento,"Lux Ferreira,Marcela Vale",Cynthia Luz,"Boa Musica Brasil Direitos Musicais Ltda,Universal Music Publishing Mgb Brasil Ltda.",Performance,Não,00:04:00,2020-12-23,-,-,Reprise,,,,True,artist_alias,ConsolidadoDiversos_Dezembro23
BIS,2023-12-07,Versões,6.0,Súplica Cearense,"Gordurinha,Nelinho",Cynthia Luz,"Editora E Importadora Musical  Fermata Do Brasil Ltda.,Cap Music Edicoes Ltda",Performance,Não,00:04:00,2020-12-23,-,-,Reprise,,,,True,artist_alias,ConsolidadoDiversos_Dezembro23
BIS,2023-12-09,Experimente.,7.0,Becitos,Brisa Flow,Brisa Flow,Unknown Publisher,Performance,Não,00:03:26,2023-09-25,-,-,Reprise,,,,True,artist_alias,ConsolidadoDiversos_Dezembro23
BIS,2023-12-09,Experimente.,7.0,Improviso 02,Brisa Flow,Brisa Flow,Unknown Publisher,Performance,Não,00:04:03,2023-09-25,-,-,Reprise,,,,True,artist_alias,ConsolidadoDiversos_Dezembro23
BIS,2023-12-09,Versões,6.0,Anjos (Pra Quem Tem Fé),"Marcelo Falcão,Tom Saboia",Cynthia Luz,"HUMAITA EDIÇÕES MUSICAIS LTDA,Warner Chappell Edições Musicais Ltda.",Performance,Não,00:04:00,2020-12-23,-,-,Reprise,,,,True,artist_alias,ConsolidadoDiversos_Dezembro23
BIS,2023-12-09,Versões,6.0,Essa Vista,"Cynthia Luz,Matheus Figueiredo",Cynthia Luz,"Unknown Publisher,Universal Music Publishing Mgb Brasil Ltda.",Performance,Não,00:04:00,2020-12-23,-,-,Reprise,,,,True,artist_alias,ConsolidadoDiversos_Dezembro23
BIS,2023-12-09,Versões,6.0,Farpa Cortante,"Lauro Farias,Marcelo Falcão,Marcelo Lobato,Marcos Lobato,Xandão",Cynthia Luz,"Unknown Publisher,Warner Chappell Edições Musicais Ltda.",Performance,Não,00:04:00,2020-12-23,-,-,Reprise,,,,True,artist_alias,ConsolidadoDiversos_Dezembro23
BIS,2023-12-09,Versões,6.0,Me Deixa,"Lauro Farias,Marcelo Falcão,Marcelo Lobato,Marcelo Yuka,Xandão",Cynthia Luz,Warner Chappell Edições Musicais Ltda.,Performance,Não,00:04:00,2020-12-23,-,-,Reprise,,,,True,artist_alias,ConsolidadoDiversos_Dezembro23
BIS,2023-12-09,Versões,6.0,O Que Sobrou Do Céu,"Lauro Farias,Marcelo Falcão,Marcelo Lobato,Marcelo Yuka,Xandão",Cynthia Luz,Warner Chappell Edições Musicais Ltda.,Performance,Não,00:04:00,2020-12-23,-,-,Reprise,,,,True,artist_alias,ConsolidadoDiversos_Dezembro23
BIS,2023-12-09,Versões,6.0,Rodo Cotidiano,"Lauro Farias,Marcelo Falcão,Marcelo Lobato,Marcos Lobato,Xandão",Cynthia Luz,"HUMAITA EDIÇÕES MUSICAIS LTDA,Warner Chappell Edições Musicais Ltda.",Performance,Não,00:04:00,2020-12-23,-,-,Reprise,,,,True,artist_alias,ConsolidadoDiversos_Dezembro23
BIS,2023-12-09,Versões,6.0,Sentimento,"Lux Ferreira,Marcela Vale",Cynthia Luz,"Boa Musica Brasil Direitos Musicais Ltda,Universal Music Publishing Mgb Brasil Ltda.",Performance,Não,00:04:00,2020-12-23,-,-,Reprise,,,,True,artist_alias,ConsolidadoDiversos_Dezembro23
BIS,2023-12-09,Versões,6.0,Súplica Cearense,"Gordurinha,Nelinho",Cynthia Luz,"Editora E Importadora Musical  Fermata Do Brasil Ltda.,Cap Music Edicoes Ltda",Performance,Não,00:04:00,2020-12-23,-,-,Reprise,,,,True,artist_alias,ConsolidadoDiversos_Dezembro23
BIS,2023-12-10,Experimente.,3.0,Me Toca,"Iuri Rio Branco D Luz,Marina Sena",Marina Sena,Boa Musica Brasil Direitos Musicais Ltda,Performance,Não,00:03:15,2021-09-21,-,-,Reprise,,,,True,artist_alias,ConsolidadoDiversos_Dezembro23
BIS,2023-12-10,Experimente.,3.0,Pelejei,"Iuri Rio Branco D Luz,Marina Sena",Marina Sena,Boa Musica Brasil Direitos Musicais Ltda,Performance,Não,00:03:17,2021-09-21,-,-,Reprise,,,,True,artist_alias,ConsolidadoDiversos_Dezembro23
BIS,2023-12-10,Experimente.,3.0,Por Supuesto,"Iuri Rio Branco,Marina Sena",Marina Sena,Boa Musica Brasil Direitos Musicais Ltda,Performance,Não,00:03:08,2021-09-21,-,-,Reprise,,,,True,artist_alias,ConsolidadoDiversos_Dezembro23
BIS,2023-12-10,Experimente.,3.0,Voltei Pra Mim,"Iuri Rio Branco,Marina Sena",Marina Sena,Boa Musica Brasil Direitos Musicais Ltda,Performance,Não,00:03:21,2021-09-21,-,-,Reprise,,,,True,artist_alias,ConsolidadoDiversos_Dezembro23
BIS,2023-12-10,Experimente.,7.0,Becitos,Brisa Flow,Brisa Flow,Unknown Publisher,Performance,Não,00:03:26,2023-09-25,-,-,Reprise,,,,True,artist_alias,ConsolidadoDiversos_Dezembro23
BIS,2023-12-10,Experimente.,7.0,Improviso 02,Brisa Flow,Brisa Flow,Unknown Publisher,Performance,Não,00:04:03,2023-09-25,-,-,Reprise,,,,True,artist_alias,ConsolidadoDiversos_Dezembro23
BIS,2023-12-10,Palco Principal - Afropunk Bahia 2023 - Djonga,7.0,5 Da Manhã,"Djonga,Nagalli",Djonga,Unknown Publisher,Performance,Não,00:03:00,2023-12-10,Inédito,-,-,,,,True,artist_alias,ConsolidadoDiversos_Dezembro23
BIS,2023-12-10,Palco Principal - Afropunk Bahia 2023 - Djonga,7.0,Bença,Djonga,Djonga,Unknown Publisher,Performance,Não,00:03:00,2023-12-10,Inédito,-,-,,,,True,artist_alias,ConsolidadoDiversos_Dezembro23
BIS,2023-12-10,Palco Principal - Afropunk Bahia 2023 - Djonga,7.0,Canção Pro Meu Filho,"Coyotebeats,Djonga",Djonga,"Warner Chappell Edições Musicais Ltda.,Unknown Publisher",Performance,Não,00:03:00,2023-12-10,Inédito,-,-,,,,True,artist_alias,ConsolidadoDiversos_Dezembro23
BIS,2023-12-10,Palco Principal - Afropunk Bahia 2023 - Djonga,7.0,Coração Gelado,Gustavo Marques,Djonga,Unknown Publisher,Performance,Não,00:03:00,2023-12-10,Inédito,-,-,,,,True,artist_alias,ConsolidadoDiversos_Dezembro23
BIS,2023-12-10,Palco Principal - Afropunk Bahia 2023 - Djonga,7.0,Depois Da Meia Noite,"Gustavo Marques,Victor Hugo Oliveira Do Nascimento",Djonga,Unknown Publisher,Performance,Não,00:03:00,2023-12-10,Inédito,-,-,,,,True,artist_alias,ConsolidadoDiversos_Dezembro23
BIS,2023-12-10,Palco Principal - Afropunk Bahia 2023 - Djonga,7.0,Finanças,"Clara Lima,Coyote Beatz,Djonga,Fbc,Hot,Oreia",Djonga,Unknown Publisher,Performance,Não,00:03:00,2023-12-10,Inédito,-,-,,,,True,artist_alias,ConsolidadoDiversos_Dezembro23
BIS,2023-12-10,Palco Principal - Afropunk Bahia 2023 - Djonga,7.0,Hat Trick,"Coyote Beatz,Djonga,Thiago Braga",Djonga,Warner Chappell Edições Musicais Ltda.,Performance,Não,00:03:00,2023-12-10,Inédito,-,-,,,,True,artist_alias,ConsolidadoDiversos_Dezembro23
BIS,2023-12-10,Palco Principal - Afropunk Bahia 2023 - Djonga,7.0,Hoje Não,Djonga,Djonga,Unknown Publisher,Performance,Não,00:03:00,2023-12-10,Inédito,-,-,,,,True,artist_alias,ConsolidadoDiversos_Dezembro23
BIS,2023-12-10,Palco Principal - Afropunk Bahia 2023 - Djonga,7.0,Junho De 94,"Coyotebeats,Djonga",Djonga,"Warner Chappell Edições Musicais Ltda.,Unknown Publisher",Performance,Não,00:03:00,2023-12-10,Inédito,-,-,,,,True,artist_alias,ConsolidadoDiversos_Dezembro23
BIS,2023-12-10,Palco Principal - Afropunk Bahia 2023 - Djonga,7.0,Me Dá A Mão,"Coyote Beatz,Djonga",Djonga,Unknown Publisher,Performance,Não,00:03:00,2023-12-10,Inédito,-,-,,,,True,artist_alias,ConsolidadoDiversos_Dezembro23
BIS,2023-12-10,Palco Principal - Afropunk Bahia 2023 - Djonga,7.0,"Música Da Mãe, A",Gustavo Marques,Djonga,Unknown Publisher,Performance,Não,00:03:00,2023-12-10,Inédito,-,-,,,,True,artist_alias,ConsolidadoDiversos_Dezembro23
BIS,2023-12-10,Palco Principal - Afropunk Bahia 2023 - Djonga,7.0,O Cara De Óculos,Gustavo Marques,Djonga,Unknown Publisher,Performance,Não,00:03:00,2023-12-10,Inédito,-,-,,,,True,artist_alias,ConsolidadoDiversos_Dezembro23
BIS,2023-12-10,Palco Principal - Afropunk Bahia 2023 - Djonga,7.0,O Mundo É Nosso,"Bk,Coyote Beatz,Djonga",Djonga,Unknown Publisher,Performance,Não,00:03:00,2023-12-10,Inédito,-,-,,,,True,artist_alias,ConsolidadoDiversos_Dezembro23
BIS,2023-12-10,Palco Principal - Afropunk Bahia 2023 - Djonga,7.0,Olho De Tigre,"Djonga,Malive,Slim",Djonga,Warner Chappell Edições Musicais Ltda.,Performance,Não,00:03:00,2023-12-10,Inédito,-,-,,,,True,artist_alias,ConsolidadoDiversos_Dezembro23
BIS,2023-12-10,Palco Principal - Afropunk Bahia 2023 - Djonga,7.0,Procuro Alguém,Djonga,Djonga,Unknown Publisher,Performance,Não,00:03:00,2023-12-10,Inédito,-,-,,,,True,artist_alias,ConsolidadoDiversos_Dezembro23
BIS,2023-12-10,Palco Principal - Afropunk Bahia 2023 - Djonga,7.0,Rap Da Felicidade,"Julinho Rasta,Kátia",Djonga,Nowa Produções Artísticas Ltda.,Performance,Não,00:03:00,2023-12-10,Inédito,-,-,,,,True,artist_alias,ConsolidadoDiversos_Dezembro23
BIS,2023-12-10,Palco Principal - Afropunk Bahia 2023 - Djonga,7.0,Solto,"Coyotebeats,Djonga,Hot",Djonga,"Warner Chappell Edições Musicais Ltda.,Unknown Publisher",Performance,Não,00:03:00,2023-12-10,Inédito,-,-,,,,True,artist_alias,ConsolidadoDiversos_Dezembro23
BIS,2023-12-10,Palco Principal - Afropunk Bahia 2023 - Djonga,7.0,Ufa,"Coyotebeats,Djonga,Sant,Sidoka",Djonga,"Warner Chappell Edições Musicais Ltda.,Unknown Publisher",Performance,Não,00:03:00,2023-12-10,Inédito,-,-,,,,True,artist_alias,ConsolidadoDiversos_Dezembro23
BIS,2023-12-11,Versões,9.0,Andar Com Fé,Gilberto Gil,Drik Barbosa,SONY MUSIC PUBLISHING (BRAZIL) EDIÇÕES MUSICAIS LTDA.,Performance,Não,00:04:00,2020-12-13,-,-,Reprise,,,,True,artist_alias,ConsolidadoDiversos_Dezembro23
BIS,2023-12-11,Versões,9.0,Baianidade Nagô,Evany,Drik Barbosa,Universal Music Publishing Mgb Brasil Ltda.,Performance,Não,00:04:00,2020-12-13,-,-,Reprise,,,,True,artist_alias,ConsolidadoDiversos_Dezembro23
BIS,2023-12-11,Versões,9.0,Banho De Folhas,"Emillie Lapa,Luedji Luna",Drik Barbosa,Dubas Música - Ltda Epp,Performance,Não,00:04:00,2020-12-13,-,-,Reprise,,,,True,artist_alias,ConsolidadoDiversos_Dezembro23
BIS,2023-12-11,Versões,9.0,Beija-Flor,"Jauperi Lazaro Dos Santos,Josue Conceição Da Silva,Pierre Onasis Ramos,Silvio Almeida Bispo",Drik Barbosa,"Warner Chappell Edições Musicais Ltda.,Unknown Publisher",Performance,Não,00:04:00,2020-12-13,-,-,Reprise,,,,True,artist_alias,ConsolidadoDiversos_Dezembro23
BIS,2023-12-11,Versões,9.0,Chuá Chuá,"Ary Pavão,Pedro De Sá Pereira",Drik Barbosa,"MANGIONE, FILHOS & CIA. LTDA.",Performance,Não,00:04:00,2020-12-13,-,-,Reprise,,,,True,artist_alias,ConsolidadoDiversos_Dezembro23
BIS,2023-12-11,Versões,9.0,Dandalunda,Carlinhos Brown,Drik Barbosa,SONY MUSIC PUBLISHING (BRAZIL) EDIÇÕES MUSICAIS LTDA.,Performance,Não,00:04:00,2020-12-13,-,-,Reprise,,,,True,artist_alias,ConsolidadoDiversos_Dezembro23
BIS,2023-12-11,Versões,9.0,É D'oxum,"Gerônimo Santana Duarte,Veve Calasans",Drik Barbosa,Warner Chappell Edições Musicais Ltda.,Performance,Não,00:04:00,2020-12-13,-,-,Reprise,,,,True,artist_alias,ConsolidadoDiversos_Dezembro23
BIS,2023-12-11,Versões,9.0,Faraó Divindade Do Egito,Luciano Gomes,Drik Barbosa,Universal Music Publishing Mgb Brasil Ltda.,Performance,Não,00:04:00,2020-12-13,-,-,Reprise,,,,True,artist_alias,ConsolidadoDiversos_Dezembro23
BIS,2023-12-11,Versões,9.0,Isso É Fundo De Quintal,"Lecy Brandão,Zé Mauricio",Drik Barbosa,Peermusic Do Brasil Edições Musicais Ltda.,Performance,Não,00:04:00,2020-12-13,-,-,Reprise,,,,True,artist_alias,ConsolidadoDiversos_Dezembro23
BIS,2023-12-11,Versões,9.0,"Luz De Tieta, A",Caetano Veloso,Drik Barbosa,Warner Chappell Edições Musicais Ltda.,Performance,Não,00:04:00,2020-12-13,-,-,Reprise,,,,True,artist_alias,ConsolidadoDiversos_Dezembro23
BIS,2023-12-11,Versões,9.0,Moema Morenou,"Elton Medeiros,Paulinho Da Viola",Drik Barbosa,Warner Chappell Edições Musicais Ltda.,Performance,Não,00:04:00,2020-12-13,-,-,Reprise,,,,True,artist_alias,ConsolidadoDiversos_Dezembro23
BIS,2023-12-11,Versões,9.0,Que Bloco É Esse? (Vulcão Da Bahia),"Criolo,Paulinho De Camafeu",Drik Barbosa,"SONY MUSIC PUBLISHING (BRAZIL) EDIÇÕES MUSICAIS LTDA.,Unknown Publisher,Warner Chappell Edições Musicais Ltda.",Performance,Não,00:04:00,2020-12-13,-,-,Reprise,,,,True,artist_alias,ConsolidadoDiversos_Dezembro23
BIS,2023-12-11,Versões,9.0,Quem Tem Joga,"Drik Barbosa,Emicida,Gloria Groove,Grou,Karol Conká",Drik Barbosa,"Warner Chappell Edições Musicais Ltda.,SONY MUSIC PUBLISHING (BRAZIL) EDIÇÕES MUSICAIS LTDA.",Performance,Não,00:04:00,2020-12-13,-,-,Reprise,,,,True,artist_alias,ConsolidadoDiversos_Dezembro23
BIS,2023-12-11,Versões,9.0,Toda Menina Baiana,Gilberto Gil,Drik Barbosa,SONY MUSIC PUBLISHING (BRAZIL) EDIÇÕES MUSICAIS LTDA.,Performance,Não,00:04:00,2020-12-13,-,-,Reprise,,,,True,artist_alias,ConsolidadoDiversos_Dezembro23
BIS,2023-12-11,Versões,9.0,Uma História De Ifá (Elegibó),"Rey Zulu,Ytthamar Tropicalia",Drik Barbosa,Warner Chappell Edições Musicais Ltda.,Performance,Não,00:04:00,2020-12-13,-,-,Reprise,,,,True,artist_alias,ConsolidadoDiversos_Dezembro23
BIS,2023-12-11,Versões,9.0,Vem Meu Amor,"Guio,Silvio",Drik Barbosa,Peermusic Do Brasil Edições Musicais Ltda.,Performance,Não,00:04:00,2020-12-13,-,-,Reprise,,,,True,artist_alias,ConsolidadoDiversos_Dezembro23
BIS,2023-12-12,Versões,9.0,Andar Com Fé,Gilberto Gil,Drik Barbosa,SONY MUSIC PUBLISHING (BRAZIL) EDIÇÕES MUSICAIS LTDA.,Performance,Não,00:04:00,2020-12-13,-,-,Reprise,,,,True,artist_alias,ConsolidadoDiversos_Dezembro23
BIS,2023-12-12,Versões,9.0,Baianidade Nagô,Evany,Drik Barbosa,Universal Music Publishing Mgb Brasil Ltda.,Performance,Não,00:04:00,2020-12-13,-,-,Reprise,,,,True,artist_alias,ConsolidadoDiversos_Dezembro23
BIS,2023-12-12,Versões,9.0,Banho De Folhas,"Emillie Lapa,Luedji Luna",Drik Barbosa,Dubas Música - Ltda Epp,Performance,Não,00:04:00,2020-12-13,-,-,Reprise,,,,True,artist_alias,ConsolidadoDiversos_Dezembro23
BIS,2023-12-12,Versões,9.0,Beija-Flor,"Jauperi Lazaro Dos Santos,Josue Conceição Da Silva,Pierre Onasis Ramos,Silvio Almeida Bispo",Drik Barbosa,"Warner Chappell Edições Musicais Ltda.,Unknown Publisher",Performance,Não,00:04:00,2020-12-13,-,-,Reprise,,,,True,artist_alias,ConsolidadoDiversos_Dezembro23
BIS,2023-12-12,Versões,9.0,Chuá Chuá,"Ary Pavão,Pedro De Sá Pereira",Drik Barbosa,"MANGIONE, FILHOS & CIA. LTDA.",Performance,Não,00:04:00,2020-12-13,-,-,Reprise,,,,True,artist_alias,ConsolidadoDiversos_Dezembro23
BIS,2023-12-12,Versões,9.0,Dandalunda,Carlinhos Brown,Drik Barbosa,SONY MUSIC PUBLISHING (BRAZIL) EDIÇÕES MUSICAIS LTDA.,Performance,Não,00:04:00,2020-12-13,-,-,Reprise,,,,True,artist_alias,ConsolidadoDiversos_Dezembro23
BIS,2023-12-12,Versões,9.0,É D'oxum,"Gerônimo Santana Duarte,Veve Calasans",Drik Barbosa,Warner Chappell Edições Musicais Ltda.,Performance,Não,00:04:00,2020-12-13,-,-,Reprise,,,,True,artist_alias,ConsolidadoDiversos_Dezembro23
BIS,2023-12-12,Versões,9.0,Faraó Divindade Do Egito,Luciano Gomes,Drik Barbosa,Universal Music Publishing Mgb Brasil Ltda.,Performance,Não,00:04:00,2020-12-13,-,-,Reprise,,,,True,artist_alias,ConsolidadoDiversos_Dezembro23
BIS,2023-12-12,Versões,9.0,Isso É Fundo De Quintal,"Lecy Brandão,Zé Mauricio",Drik Barbosa,Peermusic Do Brasil Edições Musicais Ltda.,Performance,Não,00:04:00,2020-12-13,-,-,Reprise,,,,True,artist_alias,ConsolidadoDiversos_Dezembro23
BIS,2023-12-12,Versões,9.0,"Luz De Tieta, A",Caetano Veloso,Drik Barbosa,Warner Chappell Edições Musicais Ltda.,Performance,Não,00:04:00,2020-12-13,-,-,Reprise,,,,True,artist_alias,ConsolidadoDiversos_Dezembro23
BIS,2023-12-12,Versões,9.0,Moema Morenou,"Elton Medeiros,Paulinho Da Viola",Drik Barbosa,Warner Chappell Edições Musicais Ltda.,Performance,Não,00:04:00,2020-12-13,-,-,Reprise,,,,True,artist_alias,ConsolidadoDiversos_Dezembro23
BIS,2023-12-12,Versões,9.0,Que Bloco É Esse? (Vulcão Da Bahia),"Criolo,Paulinho De Camafeu",Drik Barbosa,"SONY MUSIC PUBLISHING (BRAZIL) EDIÇÕES MUSICAIS LTDA.,Unknown Publisher,Warner Chappell Edições Musicais Ltda.",Performance,Não,00:04:00,2020-12-13,-,-,Reprise,,,,True,artist_alias,ConsolidadoDiversos_Dezembro23
BIS,2023-12-12,Versões,9.0,Quem Tem Joga,"Drik Barbosa,Emicida,Gloria Groove,Grou,Karol Conká",Drik Barbosa,"Warner Chappell Edições Musicais Ltda.,SONY MUSIC PUBLISHING (BRAZIL) EDIÇÕES MUSICAIS LTDA.",Performance,Não,00:04:00,2020-12-13,-,-,Reprise,,,,True,artist_alias,ConsolidadoDiversos_Dezembro23
BIS,2023-12-12,Versões,9.0,Toda Menina Baiana,Gilberto Gil,Drik Barbosa,SONY MUSIC PUBLISHING (BRAZIL) EDIÇÕES MUSICAIS LTDA.,Performance,Não,00:04:00,2020-12-13,-,-,Reprise,,,,True,artist_alias,ConsolidadoDiversos_Dezembro23
BIS,2023-12-12,Versões,9.0,Uma História De Ifá (Elegibó),"Rey Zulu,Ytthamar Tropicalia",Drik Barbosa,Warner Chappell Edições Musicais Ltda.,Performance,Não,00:04:00,2020-12-13,-,-,Reprise,,,,True,artist_alias,ConsolidadoDiversos_Dezembro23
BIS,2023-12-12,Versões,9.0,Vem Meu Amor,"Guio,Silvio",Drik Barbosa,Peermusic Do Brasil Edições Musicais Ltda.,Performance,Não,00:04:00,2020-12-13,-,-,Reprise,,,,True,artist_alias,ConsolidadoDiversos_Dezembro23
BIS,2023-12-16,Versões,9.0,Andar Com Fé,Gilberto Gil,Drik Barbosa,SONY MUSIC PUBLISHING (BRAZIL) EDIÇÕES MUSICAIS LTDA.,Performance,Não,00:04:00,2020-12-13,-,-,Reprise,,,,True,artist_alias,ConsolidadoDiversos_Dezembro23
BIS,2023-12-16,Versões,9.0,Baianidade Nagô,Evany,Drik Barbosa,Universal Music Publishing Mgb Brasil Ltda.,Performance,Não,00:04:00,2020-12-13,-,-,Reprise,,,,True,artist_alias,ConsolidadoDiversos_Dezembro23
BIS,2023-12-16,Versões,9.0,Banho De Folhas,"Emillie Lapa,Luedji Luna",Drik Barbosa,Dubas Música - Ltda Epp,Performance,Não,00:04:00,2020-12-13,-,-,Reprise,,,,True,artist_alias,ConsolidadoDiversos_Dezembro23
BIS,2023-12-16,Versões,9.0,Beija-Flor,"Jauperi Lazaro Dos Santos,Josue Conceição Da Silva,Pierre Onasis Ramos,Silvio Almeida Bispo",Drik Barbosa,"Warner Chappell Edições Musicais Ltda.,Unknown Publisher",Performance,Não,00:04:00,2020-12-13,-,-,Reprise,,,,True,artist_alias,ConsolidadoDiversos_Dezembro23
BIS,2023-12-16,Versões,9.0,Chuá Chuá,"Ary Pavão,Pedro De Sá Pereira",Drik Barbosa,"MANGIONE, FILHOS & CIA. LTDA.",Performance,Não,00:04:00,2020-12-13,-,-,Reprise,,,,True,artist_alias,ConsolidadoDiversos_Dezembro23
BIS,2023-12-16,Versões,9.0,Dandalunda,Carlinhos Brown,Drik Barbosa,SONY MUSIC PUBLISHING (BRAZIL) EDIÇÕES MUSICAIS LTDA.,Performance,Não,00:04:00,2020-12-13,-,-,Reprise,,,,True,artist_alias,ConsolidadoDiversos_Dezembro23
BIS,2023-12-16,Versões,9.0,É D'oxum,"Gerônimo Santana Duarte,Veve Calasans",Drik Barbosa,Warner Chappell Edições Musicais Ltda.,Performance,Não,00:04:00,2020-12-13,-,-,Reprise,,,,True,artist_alias,ConsolidadoDiversos_Dezembro23
BIS,2023-12-16,Versões,9.0,Faraó Divindade Do Egito,Luciano Gomes,Drik Barbosa,Universal Music Publishing Mgb Brasil Ltda.,Performance,Não,00:04:00,2020-12-13,-,-,Reprise,,,,True,artist_alias,ConsolidadoDiversos_Dezembro23
BIS,2023-12-16,Versões,9.0,Isso É Fundo De Quintal,"Lecy Brandão,Zé Mauricio",Drik Barbosa,Peermusic Do Brasil Edições Musicais Ltda.,Performance,Não,00:04:00,2020-12-13,-,-,Reprise,,,,True,artist_alias,ConsolidadoDiversos_Dezembro23
BIS,2023-12-16,Versões,9.0,"Luz De Tieta, A",Caetano Veloso,Drik Barbosa,Warner Chappell Edições Musicais Ltda.,Performance,Não,00:04:00,2020-12-13,-,-,Reprise,,,,True,artist_alias,ConsolidadoDiversos_Dezembro23
BIS,2023-12-16,Versões,9.0,Moema Morenou,"Elton Medeiros,Paulinho Da Viola",Drik Barbosa,Warner Chappell Edições Musicais Ltda.,Performance,Não,00:04:00,2020-12-13,-,-,Reprise,,,,True,artist_alias,ConsolidadoDiversos_Dezembro23
BIS,2023-12-16,Versões,9.0,Que Bloco É Esse? (Vulcão Da Bahia),"Criolo,Paulinho De Camafeu",Drik Barbosa,"SONY MUSIC PUBLISHING (BRAZIL) EDIÇÕES MUSICAIS LTDA.,Unknown Publisher,Warner Chappell Edições Musicais Ltda.",Performance,Não,00:04:00,2020-12-13,-,-,Reprise,,,,True,artist_alias,ConsolidadoDiversos_Dezembro23
BIS,2023-12-16,Versões,9.0,Quem Tem Joga,"Drik Barbosa,Emicida,Gloria Groove,Grou,Karol Conká",Drik Barbosa,"Warner Chappell Edições Musicais Ltda.,SONY MUSIC PUBLISHING (BRAZIL) EDIÇÕES MUSICAIS LTDA.",Performance,Não,00:04:00,2020-12-13,-,-,Reprise,,,,True,artist_alias,ConsolidadoDiversos_Dezembro23
BIS,2023-12-16,Versões,9.0,Toda Menina Baiana,Gilberto Gil,Drik Barbosa,SONY MUSIC PUBLISHING (BRAZIL) EDIÇÕES MUSICAIS LTDA.,Performance,Não,00:04:00,2020-12-13,-,-,Reprise,,,,True,artist_alias,ConsolidadoDiversos_Dezembro23
BIS,2023-12-16,Versões,9.0,Uma História De Ifá (Elegibó),"Rey Zulu,Ytthamar Tropicalia",Drik Barbosa,Warner Chappell Edições Musicais Ltda.,Performance,Não,00:04:00,2020-12-13,-,-,Reprise,,,,True,artist_alias,ConsolidadoDiversos_Dezembro23
BIS,2023-12-16,Versões,9.0,Vem Meu Amor,"Guio,Silvio",Drik Barbosa,Peermusic Do Brasil Edições Musicais Ltda.,Performance,Não,00:04:00,2020-12-13,-,-,Reprise,,,,True,artist_alias,ConsolidadoDiversos_Dezembro23
BIS,2023-12-22,Versões,8.0,Back To Black,"Amy Winehouse,Mark Ronson",Thiago Pantaleão,"SONY MUSIC PUBLISHING (BRAZIL) EDIÇÕES MUSICAIS LTDA.,Peermusic Do Brasil Edições Musicais Ltda.",Performance,Não,00:06:07,2022-12-21,-,-,Reprise,,,,True,artist_alias,ConsolidadoDiversos_Dezembro23
BIS,2023-12-22,Versões,8.0,Crazy In Love,"Beyoncé,Eugene Record,Richard Harrison,Shawn Carter (Jay-Z)",Thiago Pantaleão,"SONY MUSIC PUBLISHING (BRAZIL) EDIÇÕES MUSICAIS LTDA.,Warner Chappell Edições Musicais Ltda.",Performance,Não,00:04:49,2022-12-21,-,-,Reprise,,,,True,artist_alias,ConsolidadoDiversos_Dezembro23
BIS,2023-12-22,Versões,8.0,Desculpa Por Eu Não Te Amar,"Gondim,Multin,Pablo Bispo,Ruxell,Thiago Pantaleão",Thiago Pantaleão,"Universal Music Publishing Mgb Brasil Ltda.,Warner Chappell Edições Musicais Ltda.",Performance,Não,00:03:33,2022-12-21,-,-,Reprise,,,,True,artist_alias,ConsolidadoDiversos_Dezembro23
BIS,2023-12-22,Versões,8.0,Feeling Good,"Anthony Newley,Leslie Bricusse",Thiago Pantaleão,SONY MUSIC PUBLISHING (BRAZIL) EDIÇÕES MUSICAIS LTDA.,Performance,Não,00:03:50,2022-12-21,-,-,Reprise,,,,True,artist_alias,ConsolidadoDiversos_Dezembro23
BIS,2023-12-22,Versões,8.0,Happier Than Ever,"Billie Eilish O'connell,Finneas Baird O'connell",Thiago Pantaleão,"Abramus Digital Serviços De Identificação De Repertório Ltda.,Universal Music Publishing Mgb Brasil Ltda.",Performance,Não,00:04:16,2022-12-21,-,-,Reprise,,,,True,artist_alias,ConsolidadoDiversos_Dezembro23
BIS,2023-12-22,Versões,8.0,I Will Always Love You,Dolly Parton,Thiago Pantaleão,"Bmg Rights Management Brasil Ltda.,SONY MUSIC PUBLISHING (BRAZIL) EDIÇÕES MUSICAIS LTDA.",Performance,Não,00:04:35,2022-12-21,-,-,Reprise,,,,True,artist_alias,ConsolidadoDiversos_Dezembro23
BIS,2023-12-22,Versões,8.0,Konoha,"Gondim,Lukinhas,Multi,Pablo Bispo,Ruxell,Thiago Pantaleão",Thiago Pantaleão,"Warner Chappell Edições Musicais Ltda.,Unknown Publisher",Fundo Musical,Não,00:03:33,2022-12-21,-,-,Reprise,,,,True,artist_alias,ConsolidadoDiversos_Dezembro23
BIS,2023-12-22,Versões,8.0,Respect,Otis Redding,Thiago Pantaleão,"Editora E Importadora Musical  Fermata Do Brasil Ltda.,Universal Music Publishing Mgb Brasil Ltda.,Warner Chappell Edições Musicais Ltda.",Performance,Não,00:03:15,2022-12-21,-,-,Reprise,,,,True,artist_alias,ConsolidadoDiversos_Dezembro23
BIS,2023-12-22,Versões,8.0,Sinais De Fogo,"Ana Carolina,Totonho Villeroy",Thiago Pantaleão,"SONY MUSIC PUBLISHING (BRAZIL) EDIÇÕES MUSICAIS LTDA.,Universal Music Publishing Mgb Brasil Ltda.",Performance,Não,00:04:36,2022-12-21,-,-,Reprise,,,,True,artist_alias,ConsolidadoDiversos_Dezembro23
BIS,2023-12-22,Versões,8.0,Too Little Too Late,"Billy Steinberg,Joshua Alexander Berman,Ruthanne Cunningham",Thiago Pantaleão,"Rocking Gorillas Music Ltda,SONY MUSIC PUBLISHING (BRAZIL) EDIÇÕES MUSICAIS LTDA.,Abramus Digital Serviços De Identificação De Repertório Ltda.",Performance,Não,00:03:53,2022-12-21,-,-,Reprise,,,,True,artist_alias,ConsolidadoDiversos_Dezembro23
BIS,2023-12-22,Versões,8.0,Toxic,"Cathy Dennis,Christian Karlsson,Henrik Jonback,Pontus Winnberg",Thiago Pantaleão,"SONY MUSIC PUBLISHING (BRAZIL) EDIÇÕES MUSICAIS LTDA.,Abramus Digital Serviços De Identificação De Repertório Ltda.,Bmg Rights Management Brasil Ltda.",Performance,Não,00:03:26,2022-12-21,-,-,Reprise,,,,True,artist_alias,ConsolidadoDiversos_Dezembro23
BIS,2023-12-22,Versões,8.0,"Tua Voz, A","An Sang Yun,Han Sukwhan,Pablo Bispo,Ruxell,Sergio Santos",Thiago Pantaleão,"SONY MUSIC PUBLISHING (BRAZIL) EDIÇÕES MUSICAIS LTDA.,Warner Chappell Edições Musicais Ltda.",Performance,Não,00:03:53,2022-12-21,-,-,Reprise,,,,True,artist_alias,ConsolidadoDiversos_Dezembro23
BIS,2023-12-22,Versões,8.0,You And I,Lady Gaga,Thiago Pantaleão,"Bmg Rights Management Brasil Ltda.,SONY MUSIC PUBLISHING (BRAZIL) EDIÇÕES MUSICAIS LTDA.",Performance,Não,00:04:22,2022-12-21,-,-,Reprise,,,,True,artist_alias,ConsolidadoDiversos_Dezembro23
BIS,2023-12-23,Versões,8.0,Back To Black,"Amy Winehouse,Mark Ronson",Thiago Pantaleão,"SONY MUSIC PUBLISHING (BRAZIL) EDIÇÕES MUSICAIS LTDA.,Peermusic Do Brasil Edições Musicais Ltda.",Performance,Não,00:06:07,2022-12-21,-,-,Reprise,,,,True,artist_alias,ConsolidadoDiversos_Dezembro23
BIS,2023-12-23,Versões,8.0,Crazy In Love,"Beyoncé,Eugene Record,Richard Harrison,Shawn Carter (Jay-Z)",Thiago Pantaleão,"SONY MUSIC PUBLISHING (BRAZIL) EDIÇÕES MUSICAIS LTDA.,Warner Chappell Edições Musicais Ltda.",Performance,Não,00:04:49,2022-12-21,-,-,Reprise,,,,True,artist_alias,ConsolidadoDiversos_Dezembro23
BIS,2023-12-23,Versões,8.0,Desculpa Por Eu Não Te Amar,"Gondim,Multin,Pablo Bispo,Ruxell,Thiago Pantaleão",Thiago Pantaleão,"Universal Music Publishing Mgb Brasil Ltda.,Warner Chappell Edições Musicais Ltda.",Performance,Não,00:03:33,2022-12-21,-,-,Reprise,,,,True,artist_alias,ConsolidadoDiversos_Dezembro23
BIS,2023-12-23,Versões,8.0,Feeling Good,"Anthony Newley,Leslie Bricusse",Thiago Pantaleão,SONY MUSIC PUBLISHING (BRAZIL) EDIÇÕES MUSICAIS LTDA.,Performance,Não,00:03:50,2022-12-21,-,-,Reprise,,,,True,artist_alias,ConsolidadoDiversos_Dezembro23
BIS,2023-12-23,Versões,8.0,Happier Than Ever,"Billie Eilish O'connell,Finneas Baird O'connell",Thiago Pantaleão,"Abramus Digital Serviços De Identificação De Repertório Ltda.,Universal Music Publishing Mgb Brasil Ltda.",Performance,Não,00:04:16,2022-12-21,-,-,Reprise,,,,True,artist_alias,ConsolidadoDiversos_Dezembro23
BIS,2023-12-23,Versões,8.0,I Will Always Love You,Dolly Parton,Thiago Pantaleão,"Bmg Rights Management Brasil Ltda.,SONY MUSIC PUBLISHING (BRAZIL) EDIÇÕES MUSICAIS LTDA.",Performance,Não,00:04:35,2022-12-21,-,-,Reprise,,,,True,artist_alias,ConsolidadoDiversos_Dezembro23
BIS,2023-12-23,Versões,8.0,Konoha,"Gondim,Lukinhas,Multi,Pablo Bispo,Ruxell,Thiago Pantaleão",Thiago Pantaleão,"Warner Chappell Edições Musicais Ltda.,Unknown Publisher",Fundo Musical,Não,00:03:33,2022-12-21,-,-,Reprise,,,,True,artist_alias,ConsolidadoDiversos_Dezembro23
BIS,2023-12-23,Versões,8.0,Respect,Otis Redding,Thiago Pantaleão,"Editora E Importadora Musical  Fermata Do Brasil Ltda.,Universal Music Publishing Mgb Brasil Ltda.,Warner Chappell Edições Musicais Ltda.",Performance,Não,00:03:15,2022-12-21,-,-,Reprise,,,,True,artist_alias,ConsolidadoDiversos_Dezembro23
BIS,2023-12-23,Versões,8.0,Sinais De Fogo,"Ana Carolina,Totonho Villeroy",Thiago Pantaleão,"SONY MUSIC PUBLISHING (BRAZIL) EDIÇÕES MUSICAIS LTDA.,Universal Music Publishing Mgb Brasil Ltda.",Performance,Não,00:04:36,2022-12-21,-,-,Reprise,,,,True,artist_alias,ConsolidadoDiversos_Dezembro23
BIS,2023-12-23,Versões,8.0,Too Little Too Late,"Billy Steinberg,Joshua Alexander Berman,Ruthanne Cunningham",Thiago Pantaleão,"Rocking Gorillas Music Ltda,SONY MUSIC PUBLISHING (BRAZIL) EDIÇÕES MUSICAIS LTDA.,Abramus Digital Serviços De Identificação De Repertório Ltda.",Performance,Não,00:03:53,2022-12-21,-,-,Reprise,,,,True,artist_alias,ConsolidadoDiversos_Dezembro23
BIS,2023-12-23,Versões,8.0,Toxic,"Cathy Dennis,Christian Karlsson,Henrik Jonback,Pontus Winnberg",Thiago Pantaleão,"SONY MUSIC PUBLISHING (BRAZIL) EDIÇÕES MUSICAIS LTDA.,Abramus Digital Serviços De Identificação De Repertório Ltda.,Bmg Rights Management Brasil Ltda.",Performance,Não,00:03:26,2022-12-21,-,-,Reprise,,,,True,artist_alias,ConsolidadoDiversos_Dezembro23
BIS,2023-12-23,Versões,8.0,"Tua Voz, A","An Sang Yun,Han Sukwhan,Pablo Bispo,Ruxell,Sergio Santos",Thiago Pantaleão,"SONY MUSIC PUBLISHING (BRAZIL) EDIÇÕES MUSICAIS LTDA.,Warner Chappell Edições Musicais Ltda.",Performance,Não,00:03:53,2022-12-21,-,-,Reprise,,,,True,artist_alias,ConsolidadoDiversos_Dezembro23
BIS,2023-12-23,Versões,8.0,You And I,Lady Gaga,Thiago Pantaleão,"Bmg Rights Management Brasil Ltda.,SONY MUSIC PUBLISHING (BRAZIL) EDIÇÕES MUSICAIS LTDA.",Performance,Não,00:04:22,2022-12-21,-,-,Reprise,,,,True,artist_alias,ConsolidadoDiversos_Dezembro23
BIS,2023-12-27,Experimente.,6.0,Vem Pro Baile,"Fabricio Soares Teixeira,Victor Hugo De Oliveira Rodrigues",Fbc,Bmg Rights Management Brasil Ltda.,Performance,Não,00:03:14,2022-10-11,-,-,Reprise,,,,True,artist_alias,ConsolidadoDiversos_Dezembro23
BIS,2023-12-28,Experimente.,6.0,Vem Pro Baile,"Fabricio Soares Teixeira,Victor Hugo De Oliveira Rodrigues",Fbc,Bmg Rights Management Brasil Ltda.,Performance,Não,00:03:14,2022-10-11,-,-,Reprise,,,,True,artist_alias,ConsolidadoDiversos_Dezembro23
BIS,2023-12-31,Experimente.,6.0,Vem Pro Baile,"Fabricio Soares Teixeira,Victor Hugo De Oliveira Rodrigues",Fbc,Bmg Rights Management Brasil Ltda.,Performance,Não,00:03:14,2022-10-11,-,-,Reprise,,,,True,artist_alias,ConsolidadoDiversos_Dezembro23
GNT,2023-12-02,Chegadas E Partidas,1.0,Um Dia De Domingo,"Michael Sullivan,Miguel Plopschi,Paulo Massadas",Michael Sullivan,"SONY MUSIC PUBLISHING (BRAZIL) EDIÇÕES MUSICAIS LTDA.,Unknown Publisher",Fundo Musical,Não,00:02:09,2023-11-30,-,Rebatida,-,,,,True,artist_alias,ConsolidadoDiversos_Dezembro23
GNT,2023-12-03,Chegadas E Partidas,1.0,Um Dia De Domingo,"Michael Sullivan,Miguel Plopschi,Paulo Massadas",Michael Sullivan,"SONY MUSIC PUBLISHING (BRAZIL) EDIÇÕES MUSICAIS LTDA.,Unknown Publisher",Fundo Musical,Não,00:02:09,2023-11-30,-,Rebatida,-,,,,True,artist_alias,ConsolidadoDiversos_Dezembro23
GNT,2023-12-04,Chegadas E Partidas,1.0,Um Dia De Domingo,"Michael Sullivan,Miguel Plopschi,Paulo Massadas",Michael Sullivan,"SONY MUSIC PUBLISHING (BRAZIL) EDIÇÕES MUSICAIS LTDA.,Unknown Publisher",Fundo Musical,Não,00:02:09,2023-11-30,-,Rebatida,-,,,,True,artist_alias,ConsolidadoDiversos_Dezembro23
GNT,2023-12-14,Chegadas E Partidas,3.0,Quem Tem Um Amigo Tem Tudo,"Emicida,Wilson Das Neves",Emicida,Warner Chappell Edições Musicais Ltda.,Fundo Musical,Não,00:00:45,2023-12-14,Inédito,-,-,,,,True,artist_alias,ConsolidadoDiversos_Dezembro23
GNT,2023-12-14,Tempero De Família,6.0,Leão Do Norte,"Lenine,Paulo César Pinheiro",Lenine,"Boa Musica Brasil Direitos Musicais Ltda,SONY MUSIC PUBLISHING (BRAZIL) EDIÇÕES MUSICAIS LTDA.",Fundo Musical ACERVO,Sim,00:00:51,2017-04-13,-,-,Reprise,,,,True,artist_alias,ConsolidadoDiversos_Dezembro23
GNT,2023-12-14,Tempero De Família,6.0,Miragem Do Porto,"Bráulio Tavares,Lenine",Lenine,SONY MUSIC PUBLISHING (BRAZIL) EDIÇÕES MUSICAIS LTDA.,Fundo Musical ACERVO,Sim,00:01:13,2017-04-13,-,-,Reprise,,,,True,artist_alias,ConsolidadoDiversos_Dezembro23
GNT,2023-12-15,Assim Como A Gente,10.0,Quando A Chuva Passar,Ramon Cruz,Ivete Sangalo,IESSI MUSIC LABEL LTDA,Performance,Não,00:00:25,2023-12-15,Inédito,-,-,,,,True,artist_alias,ConsolidadoDiversos_Dezembro23
GNT,2023-12-16,Assim Como A Gente,10.0,Quando A Chuva Passar,Ramon Cruz,Ivete Sangalo,IESSI MUSIC LABEL LTDA,Performance,Não,00:00:25,2023-12-15,-,Rebatida,-,,,,True,artist_alias,ConsolidadoDiversos_Dezembro23
GNT,2023-12-16,Chegadas E Partidas,3.0,Quem Tem Um Amigo Tem Tudo,"Emicida,Wilson Das Neves",Emicida,Warner Chappell Edições Musicais Ltda.,Fundo Musical,Não,00:00:45,2023-12-14,-,Rebatida,-,,,,True,artist_alias,ConsolidadoDiversos_Dezembro23
GNT,2023-12-17,Assim Como A Gente,10.0,Quando A Chuva Passar,Ramon Cruz,Ivete Sangalo,IESSI MUSIC LABEL LTDA,Performance,Não,00:00:25,2023-12-15,-,Rebatida,-,,,,True,artist_alias,ConsolidadoDiversos_Dezembro23
GNT,2023-12-17,Chegadas E Partidas,3.0,Quem Tem Um Amigo Tem Tudo,"Emicida,Wilson Das Neves",Emicida,Warner Chappell Edições Musicais Ltda.,Fundo Musical,Não,00:00:45,2023-12-14,-,Rebatida,-,,,,True,artist_alias,ConsolidadoDiversos_Dezembro23
GNT,2023-12-17,Tempero De Família,6.0,Leão Do Norte,"Lenine,Paulo César Pinheiro",Lenine,"Boa Musica Brasil Direitos Musicais Ltda,SONY MUSIC PUBLISHING (BRAZIL) EDIÇÕES MUSICAIS LTDA.",Fundo Musical ACERVO,Sim,00:00:51,2017-04-13,-,-,Reprise,,,,True,artist_alias,ConsolidadoDiversos_Dezembro23
GNT,2023-12-17,Tempero De Família,6.0,Miragem Do Porto,"Bráulio Tavares,Lenine",Lenine,SONY MUSIC PUBLISHING (BRAZIL) EDIÇÕES MUSICAIS LTDA.,Fundo Musical ACERVO,Sim,00:01:13,2017-04-13,-,-,Reprise,,,,True,artist_alias,ConsolidadoDiversos_Dezembro23
GNT,2023-12-18,Chegadas E Partidas,3.0,Quem Tem Um Amigo Tem Tudo,"Emicida,Wilson Das Neves",Emicida,Warner Chappell Edições Musicais Ltda.,Fundo Musical,Não,00:00:45,2023-12-14,-,Rebatida,-,,,,True,artist_alias,ConsolidadoDiversos_Dezembro23
GNT,2023-12-18,Papo De Segunda,41.0,Saudade Da Bahia,Dorival Caymmi,Baden Powell,Cap Music Edicoes Ltda,Fundo Musical,Não,00:00:50,2023-12-18,Inédito,-,-,,,,True,artist_alias,ConsolidadoDiversos_Dezembro23
GNT,2023-12-19,Assim Como A Gente,10.0,Quando A Chuva Passar,Ramon Cruz,Ivete Sangalo,IESSI MUSIC LABEL LTDA,Performance,Não,00:00:25,2023-12-15,-,Rebatida,-,,,,True,artist_alias,ConsolidadoDiversos_Dezembro23
GNT,2023-12-20,Assim Como A Gente,10.0,Quando A Chuva Passar,Ramon Cruz,Ivete Sangalo,IESSI MUSIC LABEL LTDA,Performance,Não,00:00:25,2023-12-15,-,Rebatida,-,,,,True,artist_alias,ConsolidadoDiversos_Dezembro23
GNT,2023-12-20,Saia Justa,29.0,Quando A Chuva Passar,Ramon Cruz,Ivete Sangalo,IESSI MUSIC LABEL LTDA,Performance,Não,00:02:46,2023-09-20,-,-,Reprise,,,,True,artist_alias,ConsolidadoDiversos_Dezembro23
GNT,2023-12-21,Olho Mágico - Reforma De Vizinhos,8.0,Lembrança De Um Beijo,Accioly Neto,Fagner,"Unknown Publisher,Peermusic Do Brasil Edições Musicais Ltda.",Fundo Musical ACERVO,Sim,00:01:30,2016-04-27,-,-,Reprise,,,,True,artist_alias,ConsolidadoDiversos_Dezembro23
GNT,2023-12-21,Olho Mágico - Reforma De Vizinhos,8.0,Pedras Que Cantam,"Dominguinhos,Fausto Nilo",Fagner,"SONY MUSIC PUBLISHING (BRAZIL) EDIÇÕES MUSICAIS LTDA.,Universal Music Publishing Mgb Brasil Ltda.",Fundo Musical ACERVO,Sim,00:03:52,2016-04-27,-,-,Reprise,,,,True,artist_alias,ConsolidadoDiversos_Dezembro23
GNT,2023-12-21,Papo De Segunda,41.0,Saudade Da Bahia,Dorival Caymmi,Baden Powell,Cap Music Edicoes Ltda,Fundo Musical,Não,00:00:50,2023-12-18,-,Rebatida,-,,,,True,artist_alias,ConsolidadoDiversos_Dezembro23
GNT,2023-12-21,Tempero De Família,13.0,O Último Pôr Do Sol,"Lenine,Lula Queiroga",Lenine,"HUMAITA EDIÇÕES MUSICAIS LTDA,Boa Musica Brasil Direitos Musicais Ltda",Fundo Musical ACERVO,Sim,00:01:09,2017-06-01,-,-,Reprise,,,,True,artist_alias,ConsolidadoDiversos_Dezembro23
GNT,2023-12-22,Saia Justa,29.0,Quando A Chuva Passar,Ramon Cruz,Ivete Sangalo,IESSI MUSIC LABEL LTDA,Performance,Não,00:02:46,2023-09-20,-,-,Reprise,,,,True,artist_alias,ConsolidadoDiversos_Dezembro23
GNT,2023-12-23,Papo De Segunda,41.0,Saudade Da Bahia,Dorival Caymmi,Baden Powell,Cap Music Edicoes Ltda,Fundo Musical,Não,00:00:50,2023-12-18,-,Rebatida,-,,,,True,artist_alias,ConsolidadoDiversos_Dezembro23
GNT,2023-12-24,Papo De Segunda,41.0,Saudade Da Bahia,Dorival Caymmi,Baden Powell,Cap Music Edicoes Ltda,Fundo Musical,Não,00:00:50,2023-12-18,-,Rebatida,-,,,,True,artist_alias,ConsolidadoDiversos_Dezembro23
GNT,2023-12-24,Que Marravilha!,1.0,Adeus Saudade,"Marina Elali,Zé Dantas",Marina Elali,"SONY MUSIC PUBLISHING (BRAZIL) EDIÇÕES MUSICAIS LTDA.,Irmaos Vitale Editores Ltda",Fundo Musical ACERVO,Sim,00:03:47,2016-12-22,-,-,Reprise,,,,True,artist_alias,ConsolidadoDiversos_Dezembro23
GNT,2023-12-24,Saia Justa,29.0,Quando A Chuva Passar,Ramon Cruz,Ivete Sangalo,IESSI MUSIC LABEL LTDA,Performance,Não,00:02:46,2023-09-20,-,-,Reprise,,,,True,artist_alias,ConsolidadoDiversos_Dezembro23
GNT,2023-12-24,Tempero De Família,13.0,O Último Pôr Do Sol,"Lenine,Lula Queiroga",Lenine,"HUMAITA EDIÇÕES MUSICAIS LTDA,Boa Musica Brasil Direitos Musicais Ltda",Fundo Musical ACERVO,Sim,00:01:09,2017-06-01,-,-,Reprise,,,,True,artist_alias,ConsolidadoDiversos_Dezembro23
GNT,2023-12-25,Tempero De Família,26.0,Admirável Gado Novo,Zé Ramalho,Zé Ramalho,SONY MUSIC PUBLISHING (BRAZIL) EDIÇÕES MUSICAIS LTDA.,Fundo Musical ACERVO,Sim,00:02:54,2015-10-29,-,-,Reprise,,,,True,artist_alias,ConsolidadoDiversos_Dezembro23
GNT,2023-12-27,Alma De Cozinheira,5.0,Banho De Folhas,"Emilie Lapa,Luedji Luna",Luedji Luna,Dubas Música - Ltda Epp,Fundo Musical,Não,00:02:12,2023-05-31,-,-,Reprise,,,,True,artist_alias,ConsolidadoDiversos_Dezembro23
GNT,2023-12-30,Tempero De Família,26.0,Admirável Gado Novo,Zé Ramalho,Zé Ramalho,SONY MUSIC PUBLISHING (BRAZIL) EDIÇÕES MUSICAIS LTDA.,Fundo Musical ACERVO,Sim,00:02:54,2015-10-29,-,-,Reprise,,,,True,artist_alias,ConsolidadoDiversos_Dezembro23
Multishow,2023-12-01,Let Love,16.0,Baby Baby,"Andre Silva,Jose Pinheiro,Peter Wolf,Seth Justman,Tropkillaz",Tropkillaz,"Unknown Publisher,Bmg Rights Management Brasil Ltda.,Warner Chappell Edições Musicais Ltda.",Fundo Musical,Não,00:00:50,2023-12-01,Inédito,-,-,,,,True,artist_alias,ConsolidadoDiversos_Dezembro23
Multishow,2023-12-01,Let Love,16.0,Por Supuesto,"Iuri Rio Branco,Marina Sena",Marina Sena,Boa Musica Brasil Direitos Musicais Ltda,Fundo Musical,Não,00:01:47,2023-12-01,Inédito,-,-,,,,True,artist_alias,ConsolidadoDiversos_Dezembro23
Multishow,2023-12-03,Tô De Graça,2.0,Tipo Gin,Kevin O Chris,Kevin O Chris,Addaf - Associação Defensora De Direitos Autorais,Fundo Musical,Não,00:00:10,2022-06-28,-,-,Reprise,,,,True,artist_alias,ConsolidadoDiversos_Dezembro23
Multishow,2023-12-03,Tô De Graça,3.0,Casamento,Dj Guuga,Dj Guuga,SONY MUSIC PUBLISHING (BRAZIL) EDIÇÕES MUSICAIS LTDA.,Fundo Musical,Não,00:00:07,2022-06-29,-,-,Reprise,,,,True,artist_alias,ConsolidadoDiversos_Dezembro23
Multishow,2023-12-03,Vai Que Cola,15.0,Quem De Nós Dois (La Mia Storia Tra Le Dita),"Ana Carolina,Dudu Falcão,Gianluca Grignani,Massimo Luca",Ana Carolina,"Universal Music Publishing Mgb Brasil Ltda,Unknown Publisher,Warner Chappell Edições Musicais Ltda.",Fundo Musical ACERVO,Sim,00:00:34,2014-09-19,-,-,Reprise,,,,True,artist_alias,ConsolidadoDiversos_Dezembro23
Multishow,2023-12-04,Os Suburbanos,9.0,Quero Ser Ator Pornô,Edu K,Edu K,Unknown Publisher,Fundo Musical ACERVO,Sim,00:00:24,2015-07-20,-,-,Reprise,,,,True,artist_alias,ConsolidadoDiversos_Dezembro23
Multishow,2023-12-05,Os Suburbanos,9.0,Quero Ser Ator Pornô,Edu K,Edu K,Unknown Publisher,Fundo Musical ACERVO,Sim,00:00:24,2015-07-20,-,-,Reprise,,,,True,artist_alias,ConsolidadoDiversos_Dezembro23
Multishow,2023-12-05,Te Vejo No After,2.0,Ela Une Todas As Coisas,"Jorge Vercillo,Jota Maranhão",Jorge Vercillo,Warner Chappell Edições Musicais Ltda.,Performance,Não,00:00:53,2023-12-05,Inédito,-,-,,,,True,artist_alias,ConsolidadoDiversos_Dezembro23
Multishow,2023-12-07,Vai Que Cola,15.0,Quem De Nós Dois (La Mia Storia Tra Le Dita),"Ana Carolina,Dudu Falcão,Gianluca Grignani,Massimo Luca",Ana Carolina,"Universal Music Publishing Mgb Brasil Ltda,Unknown Publisher,Warner Chappell Edições Musicais Ltda.",Fundo Musical ACERVO,Sim,00:00:34,2014-09-19,-,-,Reprise,,,,True,artist_alias,ConsolidadoDiversos_Dezembro23
Multishow,2023-12-08,Vai Que Cola,15.0,Quem De Nós Dois (La Mia Storia Tra Le Dita),"Ana Carolina,Dudu Falcão,Gianluca Grignani,Massimo Luca",Ana Carolina,"Universal Music Publishing Mgb Brasil Ltda,Unknown Publisher,Warner Chappell Edições Musicais Ltda.",Fundo Musical ACERVO,Sim,00:00:34,2014-09-19,-,-,Reprise,,,,True,artist_alias,ConsolidadoDiversos_Dezembro23
Multishow,2023-12-09,Te Vejo No After,2.0,Ela Une Todas As Coisas,"Jorge Vercillo,Jota Maranhão",Jorge Vercillo,Warner Chappell Edições Musicais Ltda.,Performance,Não,00:00:53,2023-12-05,-,Rebatida,-,,,,True,artist_alias,ConsolidadoDiversos_Dezembro23
Multishow,2023-12-10,Os Suburbanos,9.0,Quero Ser Ator Pornô,Edu K,Edu K,Unknown Publisher,Fundo Musical ACERVO,Sim,00:00:24,2015-07-20,-,-,Reprise,,,,True,artist_alias,ConsolidadoDiversos_Dezembro23
Multishow,2023-12-10,Vai Que Cola,22.0,Sorte Grande,Lourenço,Ivete Sangalo,Los Produções E Promoções Artísticas Ltda.,Performance,Não,00:00:30,2023-10-17,-,-,Reprise,,,,True,artist_alias,ConsolidadoDiversos_Dezembro23
Multishow,2023-12-10,Vai Que Cola,33.0,Quem De Nós Dois (La Mia Storia Tra Le Dita),"Ana Carolina,Dudu Falcão,Gianluca Grignani,Massimo Luca",Ana Carolina,"Warner Chappell Edições Musicais Ltda.,Unknown Publisher,Universal Music Publishing Mgb Brasil Ltda.",Fundo Musical ACERVO,Sim,00:01:26,2014-10-15,-,-,Reprise,,,,True,artist_alias,ConsolidadoDiversos_Dezembro23
Multishow,2023-12-11,Cuscuz Na Mão Com Dadá Coelho,1.0,Borbulhas De Amor (Tenho Um Coração),"Ferreira Goulart,Juan Luis Guerra",Fagner,Universal Music Publishing Mgb Brasil Ltda.,Performance,Não,00:00:11,2023-12-11,Inédito,-,-,,,,True,artist_alias,ConsolidadoDiversos_Dezembro23
Multishow,2023-12-12,Tô De Graça,18.0,Céu Da Boca,Ronaldo Marcel,Ivete Sangalo,Warner Chappell Edições Musicais Ltda.,Fundo Musical,Não,00:00:29,2022-07-20,-,-,Reprise,,,,True,artist_alias,ConsolidadoDiversos_Dezembro23
Multishow,2023-12-12,Vai Que Cola,22.0,Sorte Grande,Lourenço,Ivete Sangalo,Los Produções E Promoções Artísticas Ltda.,Performance,Não,00:00:30,2023-10-17,-,-,Reprise,,,,True,artist_alias,ConsolidadoDiversos_Dezembro23
Multishow,2023-12-13,Cuscuz Na Mão Com Dadá Coelho,1.0,Borbulhas De Amor (Tenho Um Coração),"Ferreira Goulart,Juan Luis Guerra",Fagner,Universal Music Publishing Mgb Brasil Ltda.,Performance,Não,00:00:11,2023-12-11,-,Rebatida,-,,,,True,artist_alias,ConsolidadoDiversos_Dezembro23
Multishow,2023-12-13,Vai Que Cola,7.0,Retirantes,"Dorival Caymmi,Jorge Amado",Dorival Caymmi,"SONY MUSIC PUBLISHING (BRAZIL) EDIÇÕES MUSICAIS LTDA.,COPYRIGHTS CONSULTORIA LTDA",Fundo Musical ACERVO,Sim,00:01:25,2016-10-26,-,-,Reprise,,,,True,artist_alias,ConsolidadoDiversos_Dezembro23
Multishow,2023-12-13,Vai Que Cola,22.0,Sorte Grande,Lourenço,Ivete Sangalo,Los Produções E Promoções Artísticas Ltda.,Performance,Não,00:00:30,2023-10-17,-,-,Reprise,,,,True,artist_alias,ConsolidadoDiversos_Dezembro23
Multishow,2023-12-14,Tô De Graça,18.0,Céu Da Boca,Ronaldo Marcel,Ivete Sangalo,Warner Chappell Edições Musicais Ltda.,Fundo Musical,Não,00:00:29,2022-07-20,-,-,Reprise,,,,True,artist_alias,ConsolidadoDiversos_Dezembro23
Multishow,2023-12-15,Humor Multishow - Tô De Graça,18.0,Céu Da Boca,Ronaldo Marcel,Ivete Sangalo,Warner Chappell Edições Musicais Ltda.,Fundo Musical,Não,00:00:29,2022-07-20,-,-,Reprise,,,,True,artist_alias,ConsolidadoDiversos_Dezembro23
Multishow,2023-12-15,Te Vejo No After,10.0,Não Deixe O Samba Morrer,"Aloisio,Edson Conceição",Thiago Pantaleão,"Irmaos Vitale Editores Ltda,Unknown Publisher",Performance,Não,00:00:21,2023-12-15,Inédito,-,-,,,,True,artist_alias,ConsolidadoDiversos_Dezembro23
Multishow,2023-12-15,Vai Que Cola,21.0,Quem De Nós Dois (La Mia Storia Tra Le Dita),"Ana Carolina,Dudu Falcão,Gianluca Grignani,Massimo Luca",Ana Carolina,"Universal Music Publishing Mgb Brasil Ltda, Unknown Publisher, Warner Chappell Edições Musicais Ltda.",Fundo Musical ACERVO,Sim,00:01:31,2014-09-29,-,-,Reprise,,,,True,artist_alias,ConsolidadoDiversos_Dezembro23
Multishow,2023-12-15,Vai Que Cola,25.0,Borbulhas De Amor (Tenho Um Coração),"Ferreira Goulart,Juan Luis Guerra",Fagner,Universal Music Publishing Mgb Brasil Ltda.,Fundo Musical,Não,00:00:10,2023-10-20,-,-,Reprise,,,,True,artist_alias,ConsolidadoDiversos_Dezembro23
Multishow,2023-12-16,Cuscuz Na Mão Com Dadá Coelho,1.0,Borbulhas De Amor (Tenho Um Coração),"Ferreira Goulart,Juan Luis Guerra",Fagner,Universal Music Publishing Mgb Brasil Ltda.,Performance,Não,00:00:11,2023-12-11,-,Rebatida,-,,,,True,artist_alias,ConsolidadoDiversos_Dezembro23
Multishow,2023-12-16,Vai Que Cola,22.0,Sorte Grande,Lourenço,Ivete Sangalo,Los Produções E Promoções Artísticas Ltda.,Performance,Não,00:00:30,2023-10-17,-,-,Reprise,,,,True,artist_alias,ConsolidadoDiversos_Dezembro23
Multishow,2023-12-17,Tô De Graça,18.0,Céu Da Boca,Ronaldo Marcel,Ivete Sangalo,Warner Chappell Edições Musicais Ltda.,Fundo Musical,Não,00:00:29,2022-07-20,-,-,Reprise,,,,True,artist_alias,ConsolidadoDiversos_Dezembro23
Multishow,2023-12-17,Vai Que Cola,24.0,Quem De Nós Dois (La Mia Storia Tra Le Dita),"Ana Carolina,Dudu Falcão,Gianluca Grignani,Massimo Luca",Ana Carolina,"Warner Chappell Edições Musicais Ltda.,Unknown Publisher,Universal Music Publishing Mgb Brasil Ltda.",Fundo Musical ACERVO,Sim,00:00:12,2014-10-02,-,-,Reprise,,,,True,artist_alias,ConsolidadoDiversos_Dezembro23
Multishow,2023-12-18,Vai Que Cola,21.0,Quem De Nós Dois (La Mia Storia Tra Le Dita),"Ana Carolina,Dudu Falcão,Gianluca Grignani,Massimo Luca",Ana Carolina,"Universal Music Publishing Mgb Brasil Ltda, Unknown Publisher, Warner Chappell Edições Musicais Ltda.",Fundo Musical ACERVO,Sim,00:01:31,2014-09-29,-,-,Reprise,,,,True,artist_alias,ConsolidadoDiversos_Dezembro23
Multishow,2023-12-18,Vai Que Cola,25.0,Borbulhas De Amor (Tenho Um Coração),"Ferreira Goulart,Juan Luis Guerra",Fagner,Universal Music Publishing Mgb Brasil Ltda.,Fundo Musical,Não,00:00:10,2023-10-20,-,-,Reprise,,,,True,artist_alias,ConsolidadoDiversos_Dezembro23
Multishow,2023-12-20,Tô De Graça,28.0,O Golpe Tá Aí Cai Quem Quer,Dj Guuga,Dj Guuga,SONY MUSIC PUBLISHING (BRAZIL) EDIÇÕES MUSICAIS LTDA.,Fundo Musical,Não,00:00:11,2022-08-03,-,-,Reprise,,,,True,artist_alias,ConsolidadoDiversos_Dezembro23
Multishow,2023-12-20,Tô De Graça,29.0,Depende,"Thallyson Lima,Tinho Wt,Walber Cassio",Dj Guuga,Warner Chappell Edições Musicais Ltda.,Fundo Musical,Não,00:00:12,2022-08-04,-,-,Reprise,,,,True,artist_alias,ConsolidadoDiversos_Dezembro23
Multishow,2023-12-20,Vai Que Cola,32.0,Dançando,"Filipe Escandurras,Marcio Victor,Tierry Coringa",Ivete Sangalo,IESSI MUSIC LABEL LTDA,Performance ACERVO,Sim,00:01:36,2013-08-20,-,-,Reprise,,,,True,artist_alias,ConsolidadoDiversos_Dezembro23
Multishow,2023-12-21,Tô De Graça,28.0,O Golpe Tá Aí Cai Quem Quer,Dj Guuga,Dj Guuga,SONY MUSIC PUBLISHING (BRAZIL) EDIÇÕES MUSICAIS LTDA.,Fundo Musical,Não,00:00:11,2022-08-03,-,-,Reprise,,,,True,artist_alias,ConsolidadoDiversos_Dezembro23
Multishow,2023-12-21,Tô De Graça,29.0,Depende,"Thallyson Lima,Tinho Wt,Walber Cassio",Dj Guuga,Warner Chappell Edições Musicais Ltda.,Fundo Musical,Não,00:00:12,2022-08-04,-,-,Reprise,,,,True,artist_alias,ConsolidadoDiversos_Dezembro23
Multishow,2023-12-21,Vai Que Cola,24.0,Quem De Nós Dois (La Mia Storia Tra Le Dita),"Ana Carolina,Dudu Falcão,Gianluca Grignani,Massimo Luca",Ana Carolina,"Warner Chappell Edições Musicais Ltda.,Unknown Publisher,Universal Music Publishing Mgb Brasil Ltda.",Fundo Musical ACERVO,Sim,00:00:12,2014-10-02,-,-,Reprise,,,,True,artist_alias,ConsolidadoDiversos_Dezembro23
Multishow,2023-12-22,Vai Que Cola,19.0,As Novinhas Tão Sensacional,"Alex,Pedro Paulo",Mc Romântico,Universal Music Publishing Mgb Brasil Ltda.,Fundo Musical ACERVO,Sim,00:01:01,2017-10-26,-,-,Reprise,,,,True,artist_alias,ConsolidadoDiversos_Dezembro23
Multishow,2023-12-22,Vai Que Cola,30.0,Rosas,Totonho Villeroy,Ana Carolina,Universal Music Publishing Mgb Brasil Ltda.,Fundo Musical,Não,00:00:24,2023-10-27,-,-,Reprise,,,,True,artist_alias,ConsolidadoDiversos_Dezembro23
Multishow,2023-12-23,Vai Que Cola,24.0,Quem De Nós Dois (La Mia Storia Tra Le Dita),"Ana Carolina,Dudu Falcão,Gianluca Grignani,Massimo Luca",Ana Carolina,"Warner Chappell Edições Musicais Ltda.,Unknown Publisher,Universal Music Publishing Mgb Brasil Ltda.",Fundo Musical ACERVO,Sim,00:00:12,2014-10-02,-,-,Reprise,,,,True,artist_alias,ConsolidadoDiversos_Dezembro23
Multishow,2023-12-24,Tô De Graça,28.0,O Golpe Tá Aí Cai Quem Quer,Dj Guuga,Dj Guuga,SONY MUSIC PUBLISHING (BRAZIL) EDIÇÕES MUSICAIS LTDA.,Fundo Musical,Não,00:00:11,2022-08-03,-,-,Reprise,,,,True,artist_alias,ConsolidadoDiversos_Dezembro23
Multishow,2023-12-24,Tô De Graça,29.0,Depende,"Thallyson Lima,Tinho Wt,Walber Cassio",Dj Guuga,Warner Chappell Edições Musicais Ltda.,Fundo Musical,Não,00:00:12,2022-08-04,-,-,Reprise,,,,True,artist_alias,ConsolidadoDiversos_Dezembro23
Multishow,2023-12-24,Vai Que Cola,28.0,Qualquer Jeito (Não Está Sendo Fácil),"Erasmo Carlos,Robert Dill,Roberto Carlos",Kátia,Universal Music Publishing Mgb Brasil Ltda.,Fundo Musical ACERVO,Sim,00:01:18,2014-10-08,-,-,Reprise,,,,True,artist_alias,ConsolidadoDiversos_Dezembro23
Multishow,2023-12-24,Vai Que Cola,30.0,Qualquer Jeito (Não Está Sendo Fácil),"Erasmo Carlos,Robert Dill,Roberto Carlos",Kátia,Universal Music Publishing Mgb Brasil Ltda.,Fundo Musical ACERVO,Sim,00:00:04,2014-10-10,-,-,Reprise,,,,True,artist_alias,ConsolidadoDiversos_Dezembro23
Multishow,2023-12-25,Vai Que Cola,30.0,Rosas,Totonho Villeroy,Ana Carolina,Universal Music Publishing Mgb Brasil Ltda.,Fundo Musical,Não,00:00:24,2023-10-27,-,-,Reprise,,,,True,artist_alias,ConsolidadoDiversos_Dezembro23
Multishow,2023-12-26,Vai Que Cola,28.0,Qualquer Jeito (Não Está Sendo Fácil),"Erasmo Carlos,Robert Dill,Roberto Carlos",Kátia,Universal Music Publishing Mgb Brasil Ltda.,Fundo Musical ACERVO,Sim,00:01:18,2014-10-08,-,-,Reprise,,,,True,artist_alias,ConsolidadoDiversos_Dezembro23
Multishow,2023-12-27,Vai Que Cola,28.0,Qualquer Jeito (Não Está Sendo Fácil),"Erasmo Carlos,Robert Dill,Roberto Carlos",Kátia,Universal Music Publishing Mgb Brasil Ltda.,Fundo Musical ACERVO,Sim,00:01:18,2014-10-08,-,-,Reprise,,,,True,artist_alias,ConsolidadoDiversos_Dezembro23
Multishow,2023-12-28,Vai Que Cola,30.0,Qualquer Jeito (Não Está Sendo Fácil),"Erasmo Carlos,Robert Dill,Roberto Carlos",Kátia,Universal Music Publishing Mgb Brasil Ltda.,Fundo Musical ACERVO,Sim,00:00:04,2014-10-10,-,-,Reprise,,,,True,artist_alias,ConsolidadoDiversos_Dezembro23
Multishow,2023-12-29,Vai Que Cola,23.0,Dançando,"Filipe Escandurras,Marcio Victor,Tierry Coringa",Ivete Sangalo,IESSI MUSIC LABEL LTDA,Performance ACERVO,Sim,00:00:14,2017-11-01,-,-,Reprise,,,,True,artist_alias,ConsolidadoDiversos_Dezembro23
Multishow,2023-12-29,Vai Que Cola,30.0,Qualquer Jeito (Não Está Sendo Fácil),"Erasmo Carlos,Robert Dill,Roberto Carlos",Kátia,Universal Music Publishing Mgb Brasil Ltda.,Fundo Musical ACERVO,Sim,00:00:04,2014-10-10,-,-,Reprise,,,,True,artist_alias,ConsolidadoDiversos_Dezembro23
Multishow,2023-12-30,Vai Que Cola,28.0,Qualquer Jeito (Não Está Sendo Fácil),"Erasmo Carlos,Robert Dill,Roberto Carlos",Kátia,Universal Music Publishing Mgb Brasil Ltda.,Fundo Musical ACERVO,Sim,00:01:18,2014-10-08,-,-,Reprise,,,,True,artist_alias,ConsolidadoDiversos_Dezembro23
Multishow,2023-12-30,Vai Que Cola,30.0,Qualquer Jeito (Não Está Sendo Fácil),"Erasmo Carlos,Robert Dill,Roberto Carlos",Kátia,Universal Music Publishing Mgb Brasil Ltda.,Fundo Musical ACERVO,Sim,00:00:04,2014-10-10,-,-,Reprise,,,,True,artist_alias,ConsolidadoDiversos_Dezembro23
OFF,2023-12-18,"Memória Off - Burle, Me Treina!",6.0,Savage,Benedict Khan,Ben Khan,Unknown Publisher,Fundo Musical,Não,00:02:28,2020-03-16,-,-,Reprise,,,,True,artist_alias,ConsolidadoDiversos_Dezembro23
OFF,2023-12-23,"Memória Off - Burle, Me Treina!",6.0,Savage,Benedict Khan,Ben Khan,Unknown Publisher,Fundo Musical,Não,00:02:28,2020-03-16,-,-,Reprise,,,,True,artist_alias,ConsolidadoDiversos_Dezembro23
OFF,2023-12-24,"Memória Off - Burle, Me Treina!",6.0,Savage,Benedict Khan,Ben Khan,Unknown Publisher,Fundo Musical,Não,00:02:28,2020-03-16,-,-,Reprise,,,,True,artist_alias,ConsolidadoDiversos_Dezembro23
BIS,2023-12-15,Setlist,,Onironauta,"Bruno Morais,Kika",Bruno Morais,"SONY MUSIC PUBLISHING (BRAZIL) EDIÇÕES MUSICAIS LTDA.,Unknown Publisher",Performance,,00:04:11,,,,,,,,True,artist_alias,ConsolidadoDiversos_Dezembro23
BIS,2023-12-18,Setlist,,Onironauta,"Bruno Morais,Kika",Bruno Morais,"SONY MUSIC PUBLISHING (BRAZIL) EDIÇÕES MUSICAIS LTDA.,Unknown Publisher",Performance,,00:04:11,,,,,,,,True,artist_alias,ConsolidadoDiversos_Dezembro23
BIS,2023-12-19,Setlist,,Onironauta,"Bruno Morais,Kika",Bruno Morais,"SONY MUSIC PUBLISHING (BRAZIL) EDIÇÕES MUSICAIS LTDA.,Unknown Publisher",Performance,,00:04:11,,,,,,,,True,artist_alias,ConsolidadoDiversos_Dezembro23
BIS,2023-12-21,Setlist,,Canto Da Liberdade,Caio,Caio,Unknown Publisher,Performance,,00:03:57,,,,,,,,True,artist_alias,ConsolidadoDiversos_Dezembro23
BIS,2023-12-22,Setlist,,3am,João Pedro Santos De Grecci,Dalua,"Unknown Publisher,SONY MUSIC PUBLISHING (BRAZIL) EDIÇÕES MUSICAIS LTDA.",Performance,,00:02:13,,,,,,,,True,artist_alias,ConsolidadoDiversos_Dezembro23
BIS,2023-12-22,Setlist,,Canto Da Liberdade,Caio,Caio,Unknown Publisher,Performance,,00:03:57,,,,,,,,True,artist_alias,ConsolidadoDiversos_Dezembro23
BIS,2023-12-26,Setlist,,3am,João Pedro Santos De Grecci,Dalua,"Unknown Publisher,SONY MUSIC PUBLISHING (BRAZIL) EDIÇÕES MUSICAIS LTDA.",Performance,,00:02:13,,,,,,,,True,artist_alias,ConsolidadoDiversos_Dezembro23
BIS,2023-12-27,Setlist,,Mentes Mirabolantes,"Edgar,Pupillo",Edgar,"Unknown Publisher,Deck Producoes Artisticas Ltda",Performance,,00:03:25,,,,,,,,True,artist_alias,ConsolidadoDiversos_Dezembro23
BIS,2023-12-27,Setlist,,O Mundo Vai,"Gigi,Ivete Sangalo,Radames Venancio,Ramon Cruz,Samir Pereira,Tierry",Ivete Sangalo,"Universal Music Publishing Mgb Brasil Ltda.,IESSI MUSIC LABEL LTDA",Performance,,00:03:01,,,,,,,,True,artist_alias,ConsolidadoDiversos_Dezembro23
BIS,2023-12-28,Setlist,,Oh Céus,"João Pedro Santos De Grecci,Menestrel,Yan Vinicius Alves",Dalua,"Unknown Publisher,SONY MUSIC PUBLISHING (BRAZIL) EDIÇÕES MUSICAIS LTDA.",Performance,,00:03:12,,,,,,,,True,artist_alias,ConsolidadoDiversos_Dezembro23
BIS,2023-12-29,Setlist,,Oh Céus,"João Pedro Santos De Grecci,Menestrel,Yan Vinicius Alves",Dalua,"Unknown Publisher,SONY MUSIC PUBLISHING (BRAZIL) EDIÇÕES MUSICAIS LTDA.",Performance,,00:03:12,,,,,,,,True,artist_alias,ConsolidadoDiversos_Dezembro23
Multishow,2023-12-01,Tvz,,Tipo Gin,Kevin O Chris,Kevin O Chris,Addaf - Associação Defensora De Direitos Autorais,Performance,,00:02:41,,,,,,,,True,artist_alias,ConsolidadoDiversos_Dezembro23
Multishow,2023-12-02,Top Tvz,,Dano Sarrada,"Iuri Rio Branco,Marina Sena",Marina Sena,"Boa Musica Brasil Direitos Musicais Ltda,Unknown Publisher",Performance,,00:03:22,,,,,,,,True,artist_alias,ConsolidadoDiversos_Dezembro23
Multishow,2023-12-04,Tvz,,Tipo Gin,Kevin O Chris,Kevin O Chris,Addaf - Associação Defensora De Direitos Autorais,Performance,,00:02:41,,,,,,,,True,artist_alias,ConsolidadoDiversos_Dezembro23
Multishow,2023-12-04,Tvz,,Tudo Pra Amar Você,"Iuri Rio Branco,Marina Sena",Marina Sena,Boa Musica Brasil Direitos Musicais Ltda,Performance,,00:03:00,,,,,,,,True,artist_alias,ConsolidadoDiversos_Dezembro23
Multishow,2023-12-05,Tvz,,Tudo Pra Amar Você,"Iuri Rio Branco,Marina Sena",Marina Sena,Boa Musica Brasil Direitos Musicais Ltda,Performance,,00:03:00,,,,,,,,True,artist_alias,ConsolidadoDiversos_Dezembro23
Multishow,2023-12-08,Tvz,,Cria Da Ivete,"Ivete Sangalo,Luciano Chaves,Samir Trindade",Ivete Sangalo,"Unknown Publisher,IESSI MUSIC LABEL LTDA,Warner Chappell Edições Musicais Ltda.",Performance,,00:04:35,,,,,,,,True,artist_alias,ConsolidadoDiversos_Dezembro23
Multishow,2023-12-08,Tvz,,Malvadão 3,Xamã,Xamã,Addaf - Associação Defensora De Direitos Autorais,Performance,,00:02:39,,,,,,,,True,artist_alias,ConsolidadoDiversos_Dezembro23
Multishow,2023-12-09,Top Tvz,,Dano Sarrada,"Iuri Rio Branco,Marina Sena",Marina Sena,"Boa Musica Brasil Direitos Musicais Ltda,Unknown Publisher",Performance,,00:03:22,,,,,,,,True,artist_alias,ConsolidadoDiversos_Dezembro23
Multishow,2023-12-11,Tvz,,Cria Da Ivete,"Ivete Sangalo,Luciano Chaves,Samir Trindade",Ivete Sangalo,"Unknown Publisher,IESSI MUSIC LABEL LTDA,Warner Chappell Edições Musicais Ltda.",Performance,,00:04:35,,,,,,,,True,artist_alias,ConsolidadoDiversos_Dezembro23
Multishow,2023-12-12,Tvz,,Cria Da Ivete,"Ivete Sangalo,Luciano Chaves,Samir Trindade",Ivete Sangalo,"Unknown Publisher,IESSI MUSIC LABEL LTDA,Warner Chappell Edições Musicais Ltda.",Performance,,00:04:35,,,,,,,,True,artist_alias,ConsolidadoDiversos_Dezembro23
Multishow,2023-12-12,Tvz,,Dano Sarrada,"Iuri Rio Branco,Marina Sena",Marina Sena,"Boa Musica Brasil Direitos Musicais Ltda,Unknown Publisher",Performance,,00:03:22,,,,,,,,True,artist_alias,ConsolidadoDiversos_Dezembro23
Multishow,2023-12-13,Tvz,,Cria Da Ivete,"Ivete Sangalo,Luciano Chaves,Samir Trindade",Ivete Sangalo,"Unknown Publisher,IESSI MUSIC LABEL LTDA,Warner Chappell Edições Musicais Ltda.",Performance,,00:04:35,,,,,,,,True,artist_alias,ConsolidadoDiversos_Dezembro23
Multishow,2023-12-13,Tvz,,Dano Sarrada,"Iuri Rio Branco,Marina Sena",Marina Sena,"Boa Musica Brasil Direitos Musicais Ltda,Unknown Publisher",Performance,,00:03:22,,,,,,,,True,artist_alias,ConsolidadoDiversos_Dezembro23
Multishow,2023-12-13,Tvz,,O Doce,"Filipe Escandurras,Gigi",Ivete Sangalo,IESSI MUSIC LABEL LTDA,Performance,,00:03:59,,,,,,,,True,artist_alias,ConsolidadoDiversos_Dezembro23
Multishow,2023-12-14,Tvz,,O Doce,"Filipe Escandurras,Gigi",Ivete Sangalo,IESSI MUSIC LABEL LTDA,Performance,,00:03:59,,,,,,,,True,artist_alias,ConsolidadoDiversos_Dezembro23
Multishow,2023-12-15,Tvz,,O Mundo Vai,"Gigi,Ivete Sangalo,Radames Venancio,Ramon Cruz,Samir Pereira,Tierry",Ivete Sangalo,"Universal Music Publishing Mgb Brasil Ltda.,IESSI MUSIC LABEL LTDA",Performance,,00:03:01,,,,,,,,True,artist_alias,ConsolidadoDiversos_Dezembro23
Multishow,2023-12-15,Tvz,,Tudo Pra Amar Você,"Iuri Rio Branco,Marina Sena",Marina Sena,Boa Musica Brasil Direitos Musicais Ltda,Performance,,00:03:00,,,,,,,,True,artist_alias,ConsolidadoDiversos_Dezembro23
Multishow,2023-12-16,Top Tvz,,Cria Da Ivete,"Ivete Sangalo,Luciano Chaves,Samir Trindade",Ivete Sangalo,"Unknown Publisher,IESSI MUSIC LABEL LTDA,Warner Chappell Edições Musicais Ltda.",Performance,,00:04:35,,,,,,,,True,artist_alias,ConsolidadoDiversos_Dezembro23
Multishow,2023-12-18,Tvz,,Amor Que Não Sai,"Dan Kambaiah,Gigi",Ivete Sangalo,IESSI MUSIC LABEL LTDA,Performance,,00:04:00,,,,,,,,True,artist_alias,ConsolidadoDiversos_Dezembro23
Multishow,2023-12-18,Tvz,,O Mundo Vai,"Gigi,Ivete Sangalo,Radames Venancio,Ramon Cruz,Samir Pereira,Tierry",Ivete Sangalo,"Universal Music Publishing Mgb Brasil Ltda.,IESSI MUSIC LABEL LTDA",Performance,,00:03:01,,,,,,,,True,artist_alias,ConsolidadoDiversos_Dezembro23
Multishow,2023-12-18,Tvz,,Tudo Pra Amar Você,"Iuri Rio Branco,Marina Sena",Marina Sena,Boa Musica Brasil Direitos Musicais Ltda,Performance,,00:03:00,,,,,,,,True,artist_alias,ConsolidadoDiversos_Dezembro23
Multishow,2023-12-19,Tvz,,Amor Que Não Sai,"Dan Kambaiah,Gigi",Ivete Sangalo,IESSI MUSIC LABEL LTDA,Performance,,00:04:00,,,,,,,,True,artist_alias,ConsolidadoDiversos_Dezembro23
Multishow,2023-12-19,Tvz,,Beijo De Hortelã,Liah Soares,Ivete Sangalo,SONY MUSIC PUBLISHING (BRAZIL) EDIÇÕES MUSICAIS LTDA.,Performance,,00:03:31,,,,,,,,True,artist_alias,ConsolidadoDiversos_Dezembro23
Multishow,2023-12-20,Tvz,,Beijo De Hortelã,Liah Soares,Ivete Sangalo,SONY MUSIC PUBLISHING (BRAZIL) EDIÇÕES MUSICAIS LTDA.,Performance,,00:03:31,,,,,,,,True,artist_alias,ConsolidadoDiversos_Dezembro23
Multishow,2023-12-23,Top Tvz,,Cria Da Ivete,"Ivete Sangalo,Luciano Chaves,Samir Trindade",Ivete Sangalo,"Unknown Publisher,IESSI MUSIC LABEL LTDA,Warner Chappell Edições Musicais Ltda.",Performance,,00:04:35,,,,,,,,True,artist_alias,ConsolidadoDiversos_Dezembro23
Multishow,2023-12-25,Tvz,,Tudo Pra Amar Você,"Iuri Rio Branco,Marina Sena",Marina Sena,Boa Musica Brasil Direitos Musicais Ltda,Performance,,00:03:00,,,,,,,,True,artist_alias,ConsolidadoDiversos_Dezembro23
Multishow,2023-12-26,Tvz,,Tudo Pra Amar Você,"Iuri Rio Branco,Marina Sena",Marina Sena,Boa Musica Brasil Direitos Musicais Ltda,Performance,,00:03:00,,,,,,,,True,artist_alias,ConsolidadoDiversos_Dezembro23
Multishow,2023-12-30,Tvz Experimente,,Te Odeio,"Bibi,Chameleo",Chameleo,Unknown Publisher,Performance,,00:03:47,,,,,,,,True,artist_alias,ConsolidadoDiversos_Dezembro23
Multishow,2023-12-31,Tvz,,Cria Da Ivete,"Ivete Sangalo,Luciano Chaves,Samir Trindade",Ivete Sangalo,"Unknown Publisher,IESSI MUSIC LABEL LTDA,Warner Chappell Edições Musicais Ltda.",Performance,,00:04:35,,,,,,,,True,artist_alias,ConsolidadoDiversos_Dezembro23
Multishow,2023-12-31,Tvz,,Idiota,"Jão,Pedro Tofani,Zebu",Jão,"Warner Chappell Edições Musicais Ltda.,Universal Music Publishing Mgb Brasil Ltda.",Performance,,00:02:58,,,,,,,,True,artist_alias,ConsolidadoDiversos_Dezembro23
Multishow,2023-12-31,Tvz,,Malvadão 3,Xamã,Xamã,Addaf - Associação Defensora De Direitos Autorais,Performance,,00:02:39,,,,,,,,True,artist_alias,ConsolidadoDiversos_Dezembro23
Multishow,2023-12-31,Tvz,,Tipo Gin,Kevin O Chris,Kevin O Chris,Addaf - Associação Defensora De Direitos Autorais,Performance,,00:02:41,,,,,,,,True,artist_alias,ConsolidadoDiversos_Dezembro23
Multishow,2023-12-31,Tvz,,Tudo Pra Amar Você,"Iuri Rio Branco,Marina Sena",Marina Sena,Boa Musica Brasil Direitos Musicais Ltda,Performance,,00:03:00,,,,,,,,True,artist_alias,ConsolidadoDiversos_Dezembro23
BIS,2023-11-01,Experimente.,6.0,Corpo Em Brasa,"Duda Beat,Filipe Barros,Romero Ferro",Romero Ferro,"Warner Chappell Edições Musicais Ltda.,Boa Musica Brasil Direitos Musicais Ltda",Performance,Não,00:03:30,2019-10-22,-,-,Reprise,,,,True,artist_alias,ConsolidadoDiversos_Dezembro23
BIS,2023-11-01,Experimente.,6.0,Fake,"Leo D.,Romero Ferro",Romero Ferro,"Unknown Publisher,Warner Chappell Edições Musicais Ltda.,Dueto Edições Musicais Ltda",Performance,Não,00:03:40,2019-10-22,-,-,Reprise,,,,True,artist_alias,ConsolidadoDiversos_Dezembro23
BIS,2023-11-01,Experimente.,6.0,Pra Te Conquistar,Romero Ferro,Romero Ferro,Warner Chappell Edições Musicais Ltda.,Performance,Não,00:03:20,2019-10-22,-,-,Reprise,,,,True,artist_alias,ConsolidadoDiversos_Dezembro23
BIS,2023-11-01,Experimente.,6.0,Tolerância Zero,"Felipe Cordeiro,Filipe Barros,Romero Ferro",Romero Ferro,"Warner Chappell Edições Musicais Ltda.,Boa Musica Brasil Direitos Musicais Ltda,Unknown Publisher",Performance,Não,00:03:19,2019-10-22,-,-,Reprise,,,,True,artist_alias,ConsolidadoDiversos_Dezembro23
BIS,2023-11-01,Experimente.,6.0,Verdadeiro Amor,Romero Ferro,Romero Ferro,Warner Chappell Edições Musicais Ltda.,Performance,Não,00:03:26,2019-10-22,-,-,Reprise,,,,True,artist_alias,ConsolidadoDiversos_Dezembro23
BIS,2023-11-02,Experimente.,6.0,Corpo Em Brasa,"Duda Beat,Filipe Barros,Romero Ferro",Romero Ferro,"Warner Chappell Edições Musicais Ltda.,Boa Musica Brasil Direitos Musicais Ltda",Performance,Não,00:03:30,2019-10-22,-,-,Reprise,,,,True,artist_alias,ConsolidadoDiversos_Dezembro23
BIS,2023-11-02,Experimente.,6.0,Fake,"Leo D.,Romero Ferro",Romero Ferro,"Unknown Publisher,Warner Chappell Edições Musicais Ltda.,Dueto Edições Musicais Ltda",Performance,Não,00:03:40,2019-10-22,-,-,Reprise,,,,True,artist_alias,ConsolidadoDiversos_Dezembro23
BIS,2023-11-02,Experimente.,6.0,Pra Te Conquistar,Romero Ferro,Romero Ferro,Warner Chappell Edições Musicais Ltda.,Performance,Não,00:03:20,2019-10-22,-,-,Reprise,,,,True,artist_alias,ConsolidadoDiversos_Dezembro23
BIS,2023-11-02,Experimente.,6.0,Tolerância Zero,"Felipe Cordeiro,Filipe Barros,Romero Ferro",Romero Ferro,"Warner Chappell Edições Musicais Ltda.,Boa Musica Brasil Direitos Musicais Ltda,Unknown Publisher",Performance,Não,00:03:19,2019-10-22,-,-,Reprise,,,,True,artist_alias,ConsolidadoDiversos_Dezembro23
BIS,2023-11-02,Experimente.,6.0,Verdadeiro Amor,Romero Ferro,Romero Ferro,Warner Chappell Edições Musicais Ltda.,Performance,Não,00:03:26,2019-10-22,-,-,Reprise,,,,True,artist_alias,ConsolidadoDiversos_Dezembro23
BIS,2023-11-02,Prêmio Multishow - Especial 2022,1.0,Acorda Pedrinho,"Bernardo Crisostomo Pasquali,Bernardo Derviche Hey,Gabriel Dunajski Mendes,Gustavo Pimentel Karam,Rafael Dunajski Mendes",Jovem Dionísio,Warner Chappell Edições Musicais Ltda.,Performance,Não,00:00:47,2022-10-23,-,-,Reprise,,,,True,artist_alias,ConsolidadoDiversos_Dezembro23
BIS,2023-11-02,Prêmio Multishow - Especial 2022,1.0,Idiota,"Jão,Pedro Tofani,Zebu",Jão,"Warner Chappell Edições Musicais Ltda.,Universal Music Publishing Mgb Brasil Ltda.",Performance,Não,00:00:36,2022-10-23,-,-,Reprise,,,,True,artist_alias,ConsolidadoDiversos_Dezembro23
BIS,2023-11-02,Versões,6.0,Anjos (Pra Quem Tem Fé),"Marcelo Falcão,Tom Saboia",Cynthia Luz,"HUMAITA EDIÇÕES MUSICAIS LTDA,Warner Chappell Edições Musicais Ltda.",Performance,Não,00:04:00,2020-12-23,-,-,Reprise,,,,True,artist_alias,ConsolidadoDiversos_Dezembro23
BIS,2023-11-02,Versões,6.0,Essa Vista,"Cynthia Luz,Matheus Figueiredo",Cynthia Luz,"Unknown Publisher,Universal Music Publishing Mgb Brasil Ltda.",Performance,Não,00:04:00,2020-12-23,-,-,Reprise,,,,True,artist_alias,ConsolidadoDiversos_Dezembro23
BIS,2023-11-02,Versões,6.0,Farpa Cortante,"Lauro Farias,Marcelo Falcão,Marcelo Lobato,Marcos Lobato,Xandão",Cynthia Luz,"Unknown Publisher,Warner Chappell Edições Musicais Ltda.",Performance,Não,00:04:00,2020-12-23,-,-,Reprise,,,,True,artist_alias,ConsolidadoDiversos_Dezembro23
BIS,2023-11-02,Versões,6.0,Me Deixa,"Lauro Farias,Marcelo Falcão,Marcelo Lobato,Marcelo Yuka,Xandão",Cynthia Luz,Warner Chappell Edições Musicais Ltda.,Performance,Não,00:04:00,2020-12-23,-,-,Reprise,,,,True,artist_alias,ConsolidadoDiversos_Dezembro23
BIS,2023-11-02,Versões,6.0,O Que Sobrou Do Céu,"Lauro Farias,Marcelo Falcão,Marcelo Lobato,Marcelo Yuka,Xandão",Cynthia Luz,Warner Chappell Edições Musicais Ltda.,Performance,Não,00:04:00,2020-12-23,-,-,Reprise,,,,True,artist_alias,ConsolidadoDiversos_Dezembro23
BIS,2023-11-02,Versões,6.0,Rodo Cotidiano,"Lauro Farias,Marcelo Falcão,Marcelo Lobato,Marcos Lobato,Xandão",Cynthia Luz,"HUMAITA EDIÇÕES MUSICAIS LTDA,Warner Chappell Edições Musicais Ltda.",Performance,Não,00:04:00,2020-12-23,-,-,Reprise,,,,True,artist_alias,ConsolidadoDiversos_Dezembro23
BIS,2023-11-02,Versões,6.0,Sentimento,"Lux Ferreira,Marcela Vale",Cynthia Luz,"Boa Musica Brasil Direitos Musicais Ltda,Universal Music Publishing Mgb Brasil Ltda.",Performance,Não,00:04:00,2020-12-23,-,-,Reprise,,,,True,artist_alias,ConsolidadoDiversos_Dezembro23
BIS,2023-11-02,Versões,6.0,Súplica Cearense,"Gordurinha,Nelinho",Cynthia Luz,"Editora E Importadora Musical  Fermata Do Brasil Ltda.,Cap Music Edicoes Ltda",Performance,Não,00:04:00,2020-12-23,-,-,Reprise,,,,True,artist_alias,ConsolidadoDiversos_Dezembro23
BIS,2023-11-03,Prêmio Multishow - Especial 2022,1.0,Acorda Pedrinho,"Bernardo Crisostomo Pasquali,Bernardo Derviche Hey,Gabriel Dunajski Mendes,Gustavo Pimentel Karam,Rafael Dunajski Mendes",Jovem Dionísio,Warner Chappell Edições Musicais Ltda.,Performance,Não,00:00:47,2022-10-23,-,-,Reprise,,,,True,artist_alias,ConsolidadoDiversos_Dezembro23
BIS,2023-11-03,Prêmio Multishow - Especial 2022,1.0,Idiota,"Jão,Pedro Tofani,Zebu",Jão,"Warner Chappell Edições Musicais Ltda.,Universal Music Publishing Mgb Brasil Ltda.",Performance,Não,00:00:36,2022-10-23,-,-,Reprise,,,,True,artist_alias,ConsolidadoDiversos_Dezembro23
BIS,2023-11-03,Versões,6.0,Anjos (Pra Quem Tem Fé),"Marcelo Falcão,Tom Saboia",Cynthia Luz,"HUMAITA EDIÇÕES MUSICAIS LTDA,Warner Chappell Edições Musicais Ltda.",Performance,Não,00:04:00,2020-12-23,-,-,Reprise,,,,True,artist_alias,ConsolidadoDiversos_Dezembro23
BIS,2023-11-03,Versões,6.0,Essa Vista,"Cynthia Luz,Matheus Figueiredo",Cynthia Luz,"Unknown Publisher,Universal Music Publishing Mgb Brasil Ltda.",Performance,Não,00:04:00,2020-12-23,-,-,Reprise,,,,True,artist_alias,ConsolidadoDiversos_Dezembro23
BIS,2023-11-03,Versões,6.0,Farpa Cortante,"Lauro Farias,Marcelo Falcão,Marcelo Lobato,Marcos Lobato,Xandão",Cynthia Luz,"Unknown Publisher,Warner Chappell Edições Musicais Ltda.",Performance,Não,00:04:00,2020-12-23,-,-,Reprise,,,,True,artist_alias,ConsolidadoDiversos_Dezembro23
BIS,2023-11-03,Versões,6.0,Me Deixa,"Lauro Farias,Marcelo Falcão,Marcelo Lobato,Marcelo Yuka,Xandão",Cynthia Luz,Warner Chappell Edições Musicais Ltda.,Performance,Não,00:04:00,2020-12-23,-,-,Reprise,,,,True,artist_alias,ConsolidadoDiversos_Dezembro23
BIS,2023-11-03,Versões,6.0,O Que Sobrou Do Céu,"Lauro Farias,Marcelo Falcão,Marcelo Lobato,Marcelo Yuka,Xandão",Cynthia Luz,Warner Chappell Edições Musicais Ltda.,Performance,Não,00:04:00,2020-12-23,-,-,Reprise,,,,True,artist_alias,ConsolidadoDiversos_Dezembro23
BIS,2023-11-03,Versões,6.0,Rodo Cotidiano,"Lauro Farias,Marcelo Falcão,Marcelo Lobato,Marcos Lobato,Xandão",Cynthia Luz,"HUMAITA EDIÇÕES MUSICAIS LTDA,Warner Chappell Edições Musicais Ltda.",Performance,Não,00:04:00,2020-12-23,-,-,Reprise,,,,True,artist_alias,ConsolidadoDiversos_Dezembro23
BIS,2023-11-03,Versões,6.0,Sentimento,"Lux Ferreira,Marcela Vale",Cynthia Luz,"Boa Musica Brasil Direitos Musicais Ltda,Universal Music Publishing Mgb Brasil Ltda.",Performance,Não,00:04:00,2020-12-23,-,-,Reprise,,,,True,artist_alias,ConsolidadoDiversos_Dezembro23
BIS,2023-11-03,Versões,6.0,Súplica Cearense,"Gordurinha,Nelinho",Cynthia Luz,"Editora E Importadora Musical  Fermata Do Brasil Ltda.,Cap Music Edicoes Ltda",Performance,Não,00:04:00,2020-12-23,-,-,Reprise,,,,True,artist_alias,ConsolidadoDiversos_Dezembro23
BIS,2023-11-04,Prêmio Multishow - Especial 2022,1.0,Acorda Pedrinho,"Bernardo Crisostomo Pasquali,Bernardo Derviche Hey,Gabriel Dunajski Mendes,Gustavo Pimentel Karam,Rafael Dunajski Mendes",Jovem Dionísio,Warner Chappell Edições Musicais Ltda.,Performance,Não,00:00:47,2022-10-23,-,-,Reprise,,,,True,artist_alias,ConsolidadoDiversos_Dezembro23
BIS,2023-11-04,Prêmio Multishow - Especial 2022,1.0,Idiota,"Jão,Pedro Tofani,Zebu",Jão,"Warner Chappell Edições Musicais Ltda.,Universal Music Publishing Mgb Brasil Ltda.",Performance,Não,00:00:36,2022-10-23,-,-,Reprise,,,,True,artist_alias,ConsolidadoDiversos_Dezembro23
BIS,2023-11-04,Versões,6.0,Anjos (Pra Quem Tem Fé),"Marcelo Falcão,Tom Saboia",Cynthia Luz,"HUMAITA EDIÇÕES MUSICAIS LTDA,Warner Chappell Edições Musicais Ltda.",Performance,Não,00:04:00,2020-12-23,-,-,Reprise,,,,True,artist_alias,ConsolidadoDiversos_Dezembro23
BIS,2023-11-04,Versões,6.0,Essa Vista,"Cynthia Luz,Matheus Figueiredo",Cynthia Luz,"Unknown Publisher,Universal Music Publishing Mgb Brasil Ltda.",Performance,Não,00:04:00,2020-12-23,-,-,Reprise,,,,True,artist_alias,ConsolidadoDiversos_Dezembro23
BIS,2023-11-04,Versões,6.0,Farpa Cortante,"Lauro Farias,Marcelo Falcão,Marcelo Lobato,Marcos Lobato,Xandão",Cynthia Luz,"Unknown Publisher,Warner Chappell Edições Musicais Ltda.",Performance,Não,00:04:00,2020-12-23,-,-,Reprise,,,,True,artist_alias,ConsolidadoDiversos_Dezembro23
BIS,2023-11-04,Versões,6.0,Me Deixa,"Lauro Farias,Marcelo Falcão,Marcelo Lobato,Marcelo Yuka,Xandão",Cynthia Luz,Warner Chappell Edições Musicais Ltda.,Performance,Não,00:04:00,2020-12-23,-,-,Reprise,,,,True,artist_alias,ConsolidadoDiversos_Dezembro23
BIS,2023-11-04,Versões,6.0,O Que Sobrou Do Céu,"Lauro Farias,Marcelo Falcão,Marcelo Lobato,Marcelo Yuka,Xandão",Cynthia Luz,Warner Chappell Edições Musicais Ltda.,Performance,Não,00:04:00,2020-12-23,-,-,Reprise,,,,True,artist_alias,ConsolidadoDiversos_Dezembro23
BIS,2023-11-04,Versões,6.0,Rodo Cotidiano,"Lauro Farias,Marcelo Falcão,Marcelo Lobato,Marcos Lobato,Xandão",Cynthia Luz,"HUMAITA EDIÇÕES MUSICAIS LTDA,Warner Chappell Edições Musicais Ltda.",Performance,Não,00:04:00,2020-12-23,-,-,Reprise,,,,True,artist_alias,ConsolidadoDiversos_Dezembro23
BIS,2023-11-04,Versões,6.0,Sentimento,"Lux Ferreira,Marcela Vale",Cynthia Luz,"Boa Musica Brasil Direitos Musicais Ltda,Universal Music Publishing Mgb Brasil Ltda.",Performance,Não,00:04:00,2020-12-23,-,-,Reprise,,,,True,artist_alias,ConsolidadoDiversos_Dezembro23
BIS,2023-11-04,Versões,6.0,Súplica Cearense,"Gordurinha,Nelinho",Cynthia Luz,"Editora E Importadora Musical  Fermata Do Brasil Ltda.,Cap Music Edicoes Ltda",Performance,Não,00:04:00,2020-12-23,-,-,Reprise,,,,True,artist_alias,ConsolidadoDiversos_Dezembro23
BIS,2023-11-05,Experimente.,6.0,Corpo Em Brasa,"Duda Beat,Filipe Barros,Romero Ferro",Romero Ferro,"Warner Chappell Edições Musicais Ltda.,Boa Musica Brasil Direitos Musicais Ltda",Performance,Não,00:03:30,2019-10-22,-,-,Reprise,,,,True,artist_alias,ConsolidadoDiversos_Dezembro23
BIS,2023-11-05,Experimente.,6.0,Fake,"Leo D.,Romero Ferro",Romero Ferro,"Unknown Publisher,Warner Chappell Edições Musicais Ltda.,Dueto Edições Musicais Ltda",Performance,Não,00:03:40,2019-10-22,-,-,Reprise,,,,True,artist_alias,ConsolidadoDiversos_Dezembro23
BIS,2023-11-05,Experimente.,6.0,Pra Te Conquistar,Romero Ferro,Romero Ferro,Warner Chappell Edições Musicais Ltda.,Performance,Não,00:03:20,2019-10-22,-,-,Reprise,,,,True,artist_alias,ConsolidadoDiversos_Dezembro23
BIS,2023-11-05,Experimente.,6.0,Tolerância Zero,"Felipe Cordeiro,Filipe Barros,Romero Ferro",Romero Ferro,"Warner Chappell Edições Musicais Ltda.,Boa Musica Brasil Direitos Musicais Ltda,Unknown Publisher",Performance,Não,00:03:19,2019-10-22,-,-,Reprise,,,,True,artist_alias,ConsolidadoDiversos_Dezembro23
BIS,2023-11-05,Experimente.,6.0,Verdadeiro Amor,Romero Ferro,Romero Ferro,Warner Chappell Edições Musicais Ltda.,Performance,Não,00:03:26,2019-10-22,-,-,Reprise,,,,True,artist_alias,ConsolidadoDiversos_Dezembro23
BIS,2023-11-05,Prêmio Multishow - Especial 2022,1.0,Acorda Pedrinho,"Bernardo Crisostomo Pasquali,Bernardo Derviche Hey,Gabriel Dunajski Mendes,Gustavo Pimentel Karam,Rafael Dunajski Mendes",Jovem Dionísio,Warner Chappell Edições Musicais Ltda.,Performance,Não,00:00:47,2022-10-23,-,-,Reprise,,,,True,artist_alias,ConsolidadoDiversos_Dezembro23
BIS,2023-11-05,Prêmio Multishow - Especial 2022,1.0,Idiota,"Jão,Pedro Tofani,Zebu",Jão,"Warner Chappell Edições Musicais Ltda.,Universal Music Publishing Mgb Brasil Ltda.",Performance,Não,00:00:36,2022-10-23,-,-,Reprise,,,,True,artist_alias,ConsolidadoDiversos_Dezembro23
BIS,2023-11-07,Versões,9.0,Andar Com Fé,Gilberto Gil,Drik Barbosa,SONY MUSIC PUBLISHING (BRAZIL) EDIÇÕES MUSICAIS LTDA.,Performance,Não,00:04:00,2020-12-13,-,-,Reprise,,,,True,artist_alias,ConsolidadoDiversos_Dezembro23
BIS,2023-11-07,Versões,9.0,Baianidade Nagô,Evany,Drik Barbosa,Universal Music Publishing Mgb Brasil Ltda.,Performance,Não,00:04:00,2020-12-13,-,-,Reprise,,,,True,artist_alias,ConsolidadoDiversos_Dezembro23
BIS,2023-11-07,Versões,9.0,Banho De Folhas,"Emillie Lapa,Luedji Luna",Drik Barbosa,Dubas Música - Ltda Epp,Performance,Não,00:04:00,2020-12-13,-,-,Reprise,,,,True,artist_alias,ConsolidadoDiversos_Dezembro23
BIS,2023-11-07,Versões,9.0,Beija-Flor,"Jauperi Lazaro Dos Santos,Josue Conceição Da Silva,Pierre Onasis Ramos,Silvio Almeida Bispo",Drik Barbosa,"Warner Chappell Edições Musicais Ltda.,Unknown Publisher",Performance,Não,00:04:00,2020-12-13,-,-,Reprise,,,,True,artist_alias,ConsolidadoDiversos_Dezembro23
BIS,2023-11-07,Versões,9.0,Chuá Chuá,"Ary Pavão,Pedro De Sá Pereira",Drik Barbosa,"MANGIONE, FILHOS & CIA. LTDA.",Performance,Não,00:04:00,2020-12-13,-,-,Reprise,,,,True,artist_alias,ConsolidadoDiversos_Dezembro23
BIS,2023-11-07,Versões,9.0,Dandalunda,Carlinhos Brown,Drik Barbosa,SONY MUSIC PUBLISHING (BRAZIL) EDIÇÕES MUSICAIS LTDA.,Performance,Não,00:04:00,2020-12-13,-,-,Reprise,,,,True,artist_alias,ConsolidadoDiversos_Dezembro23
BIS,2023-11-07,Versões,9.0,É D'oxum,"Gerônimo Santana Duarte,Veve Calazans",Drik Barbosa,Warner Chappell Edições Musicais Ltda.,Performance,Não,00:04:00,2020-12-13,-,-,Reprise,,,,True,artist_alias,ConsolidadoDiversos_Dezembro23
BIS,2023-11-07,Versões,9.0,Faraó Divindade Do Egito,Luciano Gomes,Drik Barbosa,Universal Music Publishing Mgb Brasil Ltda.,Performance,Não,00:04:00,2020-12-13,-,-,Reprise,,,,True,artist_alias,ConsolidadoDiversos_Dezembro23
BIS,2023-11-07,Versões,9.0,Isso É Fundo De Quintal,"Lecy Brandão,Zé Mauricio",Drik Barbosa,Peermusic Do Brasil Edições Musicais Ltda.,Performance,Não,00:04:00,2020-12-13,-,-,Reprise,,,,True,artist_alias,ConsolidadoDiversos_Dezembro23
BIS,2023-11-07,Versões,9.0,"Luz De Tieta, A",Caetano Veloso,Drik Barbosa,Warner Chappell Edições Musicais Ltda.,Performance,Não,00:04:00,2020-12-13,-,-,Reprise,,,,True,artist_alias,ConsolidadoDiversos_Dezembro23
BIS,2023-11-07,Versões,9.0,Moema Morenou,"Elton Medeiros,Paulinho Da Viola",Drik Barbosa,Warner Chappell Edições Musicais Ltda.,Performance,Não,00:04:00,2020-12-13,-,-,Reprise,,,,True,artist_alias,ConsolidadoDiversos_Dezembro23
BIS,2023-11-07,Versões,9.0,Que Bloco É Esse? (Vulcão Da Bahia),"Criolo,Paulinho De Camafeu",Drik Barbosa,"SONY MUSIC PUBLISHING (BRAZIL) EDIÇÕES MUSICAIS LTDA.,Unknown Publisher,Warner Chappell Edições Musicais Ltda.",Performance,Não,00:04:00,2020-12-13,-,-,Reprise,,,,True,artist_alias,ConsolidadoDiversos_Dezembro23
BIS,2023-11-07,Versões,9.0,Quem Tem Joga,"Drik Barbosa,Emicida,Gloria Groove,Grou,Karol Conká",Drik Barbosa,"Warner Chappell Edições Musicais Ltda.,SONY MUSIC PUBLISHING (BRAZIL) EDIÇÕES MUSICAIS LTDA.",Performance,Não,00:04:00,2020-12-13,-,-,Reprise,,,,True,artist_alias,ConsolidadoDiversos_Dezembro23
BIS,2023-11-07,Versões,9.0,Toda Menina Baiana,Gilberto Gil,Drik Barbosa,SONY MUSIC PUBLISHING (BRAZIL) EDIÇÕES MUSICAIS LTDA.,Performance,Não,00:04:00,2020-12-13,-,-,Reprise,,,,True,artist_alias,ConsolidadoDiversos_Dezembro23
BIS,2023-11-07,Versões,9.0,Uma História De Ifá (Elegibó),"Rey Zulu,Ytthamar Tropicalia",Drik Barbosa,Warner Chappell Edições Musicais Ltda.,Performance,Não,00:04:00,2020-12-13,-,-,Reprise,,,,True,artist_alias,ConsolidadoDiversos_Dezembro23
BIS,2023-11-07,Versões,9.0,Vem Meu Amor,"Guio,Silvio",Drik Barbosa,Peermusic Do Brasil Edições Musicais Ltda.,Performance,Não,00:04:00,2020-12-13,-,-,Reprise,,,,True,artist_alias,ConsolidadoDiversos_Dezembro23
BIS,2023-11-08,Versões,9.0,Andar Com Fé,Gilberto Gil,Drik Barbosa,SONY MUSIC PUBLISHING (BRAZIL) EDIÇÕES MUSICAIS LTDA.,Performance,Não,00:04:00,2020-12-13,-,-,Reprise,,,,True,artist_alias,ConsolidadoDiversos_Dezembro23
BIS,2023-11-08,Versões,9.0,Baianidade Nagô,Evany,Drik Barbosa,Universal Music Publishing Mgb Brasil Ltda.,Performance,Não,00:04:00,2020-12-13,-,-,Reprise,,,,True,artist_alias,ConsolidadoDiversos_Dezembro23
BIS,2023-11-08,Versões,9.0,Banho De Folhas,"Emillie Lapa,Luedji Luna",Drik Barbosa,Dubas Música - Ltda Epp,Performance,Não,00:04:00,2020-12-13,-,-,Reprise,,,,True,artist_alias,ConsolidadoDiversos_Dezembro23
BIS,2023-11-08,Versões,9.0,Beija-Flor,"Jauperi Lazaro Dos Santos,Josue Conceição Da Silva,Pierre Onasis Ramos,Silvio Almeida Bispo",Drik Barbosa,"Warner Chappell Edições Musicais Ltda.,Unknown Publisher",Performance,Não,00:04:00,2020-12-13,-,-,Reprise,,,,True,artist_alias,ConsolidadoDiversos_Dezembro23
BIS,2023-11-08,Versões,9.0,Chuá Chuá,"Ary Pavão,Pedro De Sá Pereira",Drik Barbosa,"MANGIONE, FILHOS & CIA. LTDA.",Performance,Não,00:04:00,2020-12-13,-,-,Reprise,,,,True,artist_alias,ConsolidadoDiversos_Dezembro23
BIS,2023-11-08,Versões,9.0,Dandalunda,Carlinhos Brown,Drik Barbosa,SONY MUSIC PUBLISHING (BRAZIL) EDIÇÕES MUSICAIS LTDA.,Performance,Não,00:04:00,2020-12-13,-,-,Reprise,,,,True,artist_alias,ConsolidadoDiversos_Dezembro23
BIS,2023-11-08,Versões,9.0,É D'oxum,"Gerônimo Santana Duarte,Veve Calazans",Drik Barbosa,Warner Chappell Edições Musicais Ltda.,Performance,Não,00:04:00,2020-12-13,-,-,Reprise,,,,True,artist_alias,ConsolidadoDiversos_Dezembro23
BIS,2023-11-08,Versões,9.0,Faraó Divindade Do Egito,Luciano Gomes,Drik Barbosa,Universal Music Publishing Mgb Brasil Ltda.,Performance,Não,00:04:00,2020-12-13,-,-,Reprise,,,,True,artist_alias,ConsolidadoDiversos_Dezembro23
BIS,2023-11-08,Versões,9.0,Isso É Fundo De Quintal,"Lecy Brandão,Zé Mauricio",Drik Barbosa,Peermusic Do Brasil Edições Musicais Ltda.,Performance,Não,00:04:00,2020-12-13,-,-,Reprise,,,,True,artist_alias,ConsolidadoDiversos_Dezembro23
BIS,2023-11-08,Versões,9.0,"Luz De Tieta, A",Caetano Veloso,Drik Barbosa,Warner Chappell Edições Musicais Ltda.,Performance,Não,00:04:00,2020-12-13,-,-,Reprise,,,,True,artist_alias,ConsolidadoDiversos_Dezembro23
BIS,2023-11-08,Versões,9.0,Moema Morenou,"Elton Medeiros,Paulinho Da Viola",Drik Barbosa,Warner Chappell Edições Musicais Ltda.,Performance,Não,00:04:00,2020-12-13,-,-,Reprise,,,,True,artist_alias,ConsolidadoDiversos_Dezembro23
BIS,2023-11-08,Versões,9.0,Que Bloco É Esse? (Vulcão Da Bahia),"Criolo,Paulinho De Camafeu",Drik Barbosa,"SONY MUSIC PUBLISHING (BRAZIL) EDIÇÕES MUSICAIS LTDA.,Unknown Publisher,Warner Chappell Edições Musicais Ltda.",Performance,Não,00:04:00,2020-12-13,-,-,Reprise,,,,True,artist_alias,ConsolidadoDiversos_Dezembro23
BIS,2023-11-08,Versões,9.0,Quem Tem Joga,"Drik Barbosa,Emicida,Gloria Groove,Grou,Karol Conká",Drik Barbosa,"Warner Chappell Edições Musicais Ltda.,SONY MUSIC PUBLISHING (BRAZIL) EDIÇÕES MUSICAIS LTDA.",Performance,Não,00:04:00,2020-12-13,-,-,Reprise,,,,True,artist_alias,ConsolidadoDiversos_Dezembro23
BIS,2023-11-08,Versões,9.0,Toda Menina Baiana,Gilberto Gil,Drik Barbosa,SONY MUSIC PUBLISHING (BRAZIL) EDIÇÕES MUSICAIS LTDA.,Performance,Não,00:04:00,2020-12-13,-,-,Reprise,,,,True,artist_alias,ConsolidadoDiversos_Dezembro23
BIS,2023-11-08,Versões,9.0,Uma História De Ifá (Elegibó),"Rey Zulu,Ytthamar Tropicalia",Drik Barbosa,Warner Chappell Edições Musicais Ltda.,Performance,Não,00:04:00,2020-12-13,-,-,Reprise,,,,True,artist_alias,ConsolidadoDiversos_Dezembro23
BIS,2023-11-08,Versões,9.0,Vem Meu Amor,"Guio,Silvio",Drik Barbosa,Peermusic Do Brasil Edições Musicais Ltda.,Performance,Não,00:04:00,2020-12-13,-,-,Reprise,,,,True,artist_alias,ConsolidadoDiversos_Dezembro23
BIS,2023-11-10,Experimente.,12.0,Felizes Eram Os Golfinhos,"Edgar,Pupillo",Edgar,Deck Producoes Artisticas Ltda,Performance,Não,00:04:43,2019-12-10,-,-,Reprise,,,,True,artist_alias,ConsolidadoDiversos_Dezembro23
BIS,2023-11-10,Experimente.,12.0,O Amor Está Preso?,"David Bovee,Edgar,Mauricio Fleury,Pupillo",Edgar,"Unknown Publisher,Deck Producoes Artisticas Ltda",Performance,Não,00:04:29,2019-12-10,-,-,Reprise,,,,True,artist_alias,ConsolidadoDiversos_Dezembro23
BIS,2023-11-10,Experimente.,12.0,Print,"Edgar,Pupillo",Edgar,Deck Producoes Artisticas Ltda,Performance,Não,00:03:35,2019-12-10,-,-,Reprise,,,,True,artist_alias,ConsolidadoDiversos_Dezembro23
BIS,2023-11-11,Prêmio Multishow 2023 - Musicais,1.0,Alinhamento Milenar,"Jão,Pedro Tofani,Zebu",Jão,"Unknown Publisher,Universal Music Publishing Mgb Brasil Ltda.",Performance,Não,00:03:00,2023-11-11,Inédito,-,-,,,,True,artist_alias,ConsolidadoDiversos_Dezembro23
BIS,2023-11-11,Prêmio Multishow 2023 - Musicais,1.0,Tudo Pra Amar Você,"Iuri Rio Branco,Marina Sena",Marina Sena,Boa Musica Brasil Direitos Musicais Ltda,Performance,Não,00:03:00,2023-11-11,Inédito,-,-,,,,True,artist_alias,ConsolidadoDiversos_Dezembro23
BIS,2023-11-11,Prêmio Multishow 2023.,1.0,Alinhamento Milenar,"Jão,Pedro Tofani,Zebu",Jão,"Unknown Publisher,Universal Music Publishing Mgb Brasil Ltda.",Performance,Não,00:03:00,2023-11-11,Inédito,-,-,,,,True,artist_alias,ConsolidadoDiversos_Dezembro23
BIS,2023-11-11,Prêmio Multishow 2023.,1.0,Tudo Pra Amar Você,"Iuri Rio Branco,Marina Sena",Marina Sena,Boa Musica Brasil Direitos Musicais Ltda,Performance,Não,00:03:00,2023-11-11,Inédito,-,-,,,,True,artist_alias,ConsolidadoDiversos_Dezembro23
BIS,2023-11-11,Versões,9.0,Andar Com Fé,Gilberto Gil,Drik Barbosa,SONY MUSIC PUBLISHING (BRAZIL) EDIÇÕES MUSICAIS LTDA.,Performance,Não,00:04:00,2020-12-13,-,-,Reprise,,,,True,artist_alias,ConsolidadoDiversos_Dezembro23
BIS,2023-11-11,Versões,9.0,Baianidade Nagô,Evany,Drik Barbosa,Universal Music Publishing Mgb Brasil Ltda.,Performance,Não,00:04:00,2020-12-13,-,-,Reprise,,,,True,artist_alias,ConsolidadoDiversos_Dezembro23
BIS,2023-11-11,Versões,9.0,Banho De Folhas,"Emillie Lapa,Luedji Luna",Drik Barbosa,Dubas Música - Ltda Epp,Performance,Não,00:04:00,2020-12-13,-,-,Reprise,,,,True,artist_alias,ConsolidadoDiversos_Dezembro23
BIS,2023-11-11,Versões,9.0,Beija-Flor,"Jauperi Lazaro Dos Santos,Josue Conceição Da Silva,Pierre Onasis Ramos,Silvio Almeida Bispo",Drik Barbosa,"Warner Chappell Edições Musicais Ltda.,Unknown Publisher",Performance,Não,00:04:00,2020-12-13,-,-,Reprise,,,,True,artist_alias,ConsolidadoDiversos_Dezembro23
BIS,2023-11-11,Versões,9.0,Chuá Chuá,"Ary Pavão,Pedro De Sá Pereira",Drik Barbosa,"MANGIONE, FILHOS & CIA. LTDA.",Performance,Não,00:04:00,2020-12-13,-,-,Reprise,,,,True,artist_alias,ConsolidadoDiversos_Dezembro23
BIS,2023-11-11,Versões,9.0,Dandalunda,Carlinhos Brown,Drik Barbosa,SONY MUSIC PUBLISHING (BRAZIL) EDIÇÕES MUSICAIS LTDA.,Performance,Não,00:04:00,2020-12-13,-,-,Reprise,,,,True,artist_alias,ConsolidadoDiversos_Dezembro23
BIS,2023-11-11,Versões,9.0,É D'oxum,"Gerônimo Santana Duarte,Veve Calazans",Drik Barbosa,Warner Chappell Edições Musicais Ltda.,Performance,Não,00:04:00,2020-12-13,-,-,Reprise,,,,True,artist_alias,ConsolidadoDiversos_Dezembro23
BIS,2023-11-11,Versões,9.0,Faraó Divindade Do Egito,Luciano Gomes,Drik Barbosa,Universal Music Publishing Mgb Brasil Ltda.,Performance,Não,00:04:00,2020-12-13,-,-,Reprise,,,,True,artist_alias,ConsolidadoDiversos_Dezembro23
BIS,2023-11-11,Versões,9.0,Isso É Fundo De Quintal,"Lecy Brandão,Zé Mauricio",Drik Barbosa,Peermusic Do Brasil Edições Musicais Ltda.,Performance,Não,00:04:00,2020-12-13,-,-,Reprise,,,,True,artist_alias,ConsolidadoDiversos_Dezembro23
BIS,2023-11-11,Versões,9.0,"Luz De Tieta, A",Caetano Veloso,Drik Barbosa,Warner Chappell Edições Musicais Ltda.,Performance,Não,00:04:00,2020-12-13,-,-,Reprise,,,,True,artist_alias,ConsolidadoDiversos_Dezembro23
BIS,2023-11-11,Versões,9.0,Moema Morenou,"Elton Medeiros,Paulinho Da Viola",Drik Barbosa,Warner Chappell Edições Musicais Ltda.,Performance,Não,00:04:00,2020-12-13,-,-,Reprise,,,,True,artist_alias,ConsolidadoDiversos_Dezembro23
BIS,2023-11-11,Versões,9.0,Que Bloco É Esse? (Vulcão Da Bahia),"Criolo,Paulinho De Camafeu",Drik Barbosa,"SONY MUSIC PUBLISHING (BRAZIL) EDIÇÕES MUSICAIS LTDA.,Unknown Publisher,Warner Chappell Edições Musicais Ltda.",Performance,Não,00:04:00,2020-12-13,-,-,Reprise,,,,True,artist_alias,ConsolidadoDiversos_Dezembro23
BIS,2023-11-11,Versões,9.0,Quem Tem Joga,"Drik Barbosa,Emicida,Gloria Groove,Grou,Karol Conká",Drik Barbosa,"Warner Chappell Edições Musicais Ltda.,SONY MUSIC PUBLISHING (BRAZIL) EDIÇÕES MUSICAIS LTDA.",Performance,Não,00:04:00,2020-12-13,-,-,Reprise,,,,True,artist_alias,ConsolidadoDiversos_Dezembro23
BIS,2023-11-11,Versões,9.0,Toda Menina Baiana,Gilberto Gil,Drik Barbosa,SONY MUSIC PUBLISHING (BRAZIL) EDIÇÕES MUSICAIS LTDA.,Performance,Não,00:04:00,2020-12-13,-,-,Reprise,,,,True,artist_alias,ConsolidadoDiversos_Dezembro23
BIS,2023-11-11,Versões,9.0,Uma História De Ifá (Elegibó),"Rey Zulu,Ytthamar Tropicalia",Drik Barbosa,Warner Chappell Edições Musicais Ltda.,Performance,Não,00:04:00,2020-12-13,-,-,Reprise,,,,True,artist_alias,ConsolidadoDiversos_Dezembro23
BIS,2023-11-11,Versões,9.0,Vem Meu Amor,"Guio,Silvio",Drik Barbosa,Peermusic Do Brasil Edições Musicais Ltda.,Performance,Não,00:04:00,2020-12-13,-,-,Reprise,,,,True,artist_alias,ConsolidadoDiversos_Dezembro23
BIS,2023-11-12,Prêmio Multishow 2023 - Musicais,1.0,Alinhamento Milenar,"Jão,Pedro Tofani,Zebu",Jão,"Unknown Publisher,Universal Music Publishing Mgb Brasil Ltda.",Performance,Não,00:03:00,2023-11-11,-,Rebatida,-,,,,True,artist_alias,ConsolidadoDiversos_Dezembro23
BIS,2023-11-12,Prêmio Multishow 2023 - Musicais,1.0,Tudo Pra Amar Você,"Iuri Rio Branco,Marina Sena",Marina Sena,Boa Musica Brasil Direitos Musicais Ltda,Performance,Não,00:03:00,2023-11-11,-,Rebatida,-,,,,True,artist_alias,ConsolidadoDiversos_Dezembro23
BIS,2023-11-12,Prêmio Multishow 2023.,1.0,Alinhamento Milenar,"Jão,Pedro Tofani,Zebu",Jão,"Unknown Publisher,Universal Music Publishing Mgb Brasil Ltda.",Performance,Não,00:03:00,2023-11-11,-,Rebatida,-,,,,True,artist_alias,ConsolidadoDiversos_Dezembro23
BIS,2023-11-12,Prêmio Multishow 2023.,1.0,Tudo Pra Amar Você,"Iuri Rio Branco,Marina Sena",Marina Sena,Boa Musica Brasil Direitos Musicais Ltda,Performance,Não,00:03:00,2023-11-11,-,Rebatida,-,,,,True,artist_alias,ConsolidadoDiversos_Dezembro23
BIS,2023-11-13,Experimente.,12.0,Felizes Eram Os Golfinhos,"Edgar,Pupillo",Edgar,Deck Producoes Artisticas Ltda,Performance,Não,00:04:43,2019-12-10,-,-,Reprise,,,,True,artist_alias,ConsolidadoDiversos_Dezembro23
BIS,2023-11-13,Experimente.,12.0,O Amor Está Preso?,"David Bovee,Edgar,Mauricio Fleury,Pupillo",Edgar,"Unknown Publisher,Deck Producoes Artisticas Ltda",Performance,Não,00:04:29,2019-12-10,-,-,Reprise,,,,True,artist_alias,ConsolidadoDiversos_Dezembro23
BIS,2023-11-13,Experimente.,12.0,Print,"Edgar,Pupillo",Edgar,Deck Producoes Artisticas Ltda,Performance,Não,00:03:35,2019-12-10,-,-,Reprise,,,,True,artist_alias,ConsolidadoDiversos_Dezembro23
BIS,2023-11-13,Prêmio Multishow 2023 - Musicais,1.0,Alinhamento Milenar,"Jão,Pedro Tofani,Zebu",Jão,"Unknown Publisher,Universal Music Publishing Mgb Brasil Ltda.",Performance,Não,00:03:00,2023-11-11,-,Rebatida,-,,,,True,artist_alias,ConsolidadoDiversos_Dezembro23
BIS,2023-11-13,Prêmio Multishow 2023 - Musicais,1.0,Tudo Pra Amar Você,"Iuri Rio Branco,Marina Sena",Marina Sena,Boa Musica Brasil Direitos Musicais Ltda,Performance,Não,00:03:00,2023-11-11,-,Rebatida,-,,,,True,artist_alias,ConsolidadoDiversos_Dezembro23
BIS,2023-11-13,Prêmio Multishow 2023.,1.0,Alinhamento Milenar,"Jão,Pedro Tofani,Zebu",Jão,"Unknown Publisher,Universal Music Publishing Mgb Brasil Ltda.",Performance,Não,00:03:00,2023-11-11,-,Rebatida,-,,,,True,artist_alias,ConsolidadoDiversos_Dezembro23
BIS,2023-11-13,Prêmio Multishow 2023.,1.0,Tudo Pra Amar Você,"Iuri Rio Branco,Marina Sena",Marina Sena,Boa Musica Brasil Direitos Musicais Ltda,Performance,Não,00:03:00,2023-11-11,-,Rebatida,-,,,,True,artist_alias,ConsolidadoDiversos_Dezembro23
BIS,2023-11-14,Prêmio Multishow 2023 - Musicais,1.0,Alinhamento Milenar,"Jão,Pedro Tofani,Zebu",Jão,"Unknown Publisher,Universal Music Publishing Mgb Brasil Ltda.",Performance,Não,00:03:00,2023-11-11,-,Rebatida,-,,,,True,artist_alias,ConsolidadoDiversos_Dezembro23
BIS,2023-11-14,Prêmio Multishow 2023 - Musicais,1.0,Tudo Pra Amar Você,"Iuri Rio Branco,Marina Sena",Marina Sena,Boa Musica Brasil Direitos Musicais Ltda,Performance,Não,00:03:00,2023-11-11,-,Rebatida,-,,,,True,artist_alias,ConsolidadoDiversos_Dezembro23
BIS,2023-11-22,Experimente.,6.0,Karamba,"Mateus Mameri Tinoco,Potyguara Bardo",Potyguara Bardo,"Unknown Publisher,Universal Music Publishing Mgb Brasil Ltda.",Performance,Não,00:03:06,2020-07-28,-,-,Reprise,,,,True,artist_alias,ConsolidadoDiversos_Dezembro23
BIS,2023-11-22,Experimente.,6.0,Lambada Do Flop,"Dante Augusto Lima Cabral Da Costa,Potyguara Bardo,Walther Nazario Da Silva Junior",Potyguara Bardo,"Unknown Publisher,Universal Music Publishing Mgb Brasil Ltda.",Performance,Não,00:03:44,2020-07-28,-,-,Reprise,,,,True,artist_alias,ConsolidadoDiversos_Dezembro23
BIS,2023-11-22,Experimente.,6.0,Você Não Existe,"Dante Augusto Lima Cabral Da Costa,Mateus Mameri Tinôco,Potyguara Bardo",Potyguara Bardo,"Unknown Publisher,Universal Music Publishing Mgb Brasil Ltda.",Performance,Não,00:04:22,2020-07-28,-,-,Reprise,,,,True,artist_alias,ConsolidadoDiversos_Dezembro23
BIS,2023-11-23,Experimente.,6.0,Karamba,"Mateus Mameri Tinoco,Potyguara Bardo",Potyguara Bardo,"Unknown Publisher,Universal Music Publishing Mgb Brasil Ltda.",Performance,Não,00:03:06,2020-07-28,-,-,Reprise,,,,True,artist_alias,ConsolidadoDiversos_Dezembro23
BIS,2023-11-23,Experimente.,6.0,Lambada Do Flop,"Dante Augusto Lima Cabral Da Costa,Potyguara Bardo,Walther Nazario Da Silva Junior",Potyguara Bardo,"Unknown Publisher,Universal Music Publishing Mgb Brasil Ltda.",Performance,Não,00:03:44,2020-07-28,-,-,Reprise,,,,True,artist_alias,ConsolidadoDiversos_Dezembro23
BIS,2023-11-23,Experimente.,6.0,Você Não Existe,"Dante Augusto Lima Cabral Da Costa,Mateus Mameri Tinôco,Potyguara Bardo",Potyguara Bardo,"Unknown Publisher,Universal Music Publishing Mgb Brasil Ltda.",Performance,Não,00:04:22,2020-07-28,-,-,Reprise,,,,True,artist_alias,ConsolidadoDiversos_Dezembro23
BIS,2023-11-26,Experimente.,6.0,Karamba,"Mateus Mameri Tinoco,Potyguara Bardo",Potyguara Bardo,"Unknown Publisher,Universal Music Publishing Mgb Brasil Ltda.",Performance,Não,00:03:06,2020-07-28,-,-,Reprise,,,,True,artist_alias,ConsolidadoDiversos_Dezembro23
BIS,2023-11-26,Experimente.,6.0,Lambada Do Flop,"Dante Augusto Lima Cabral Da Costa,Potyguara Bardo,Walther Nazario Da Silva Junior",Potyguara Bardo,"Unknown Publisher,Universal Music Publishing Mgb Brasil Ltda.",Performance,Não,00:03:44,2020-07-28,-,-,Reprise,,,,True,artist_alias,ConsolidadoDiversos_Dezembro23
BIS,2023-11-26,Experimente.,6.0,Você Não Existe,"Dante Augusto Lima Cabral Da Costa,Mateus Mameri Tinôco,Potyguara Bardo",Potyguara Bardo,"Unknown Publisher,Universal Music Publishing Mgb Brasil Ltda.",Performance,Não,00:04:22,2020-07-28,-,-,Reprise,,,,True,artist_alias,ConsolidadoDiversos_Dezembro23
BIS,2023-11-30,Versões,2.0,Admirável Chip Novo,Pitty,Day,Deck Producoes Artisticas Ltda,Performance,Não,00:04:00,2020-11-25,-,-,Reprise,,,,True,artist_alias,ConsolidadoDiversos_Dezembro23
BIS,2023-11-30,Versões,2.0,Brinquedo Torto,Pitty,Day,Deck Producoes Artisticas Ltda,Performance,Não,00:04:00,2020-11-25,-,-,Reprise,,,,True,artist_alias,ConsolidadoDiversos_Dezembro23
BIS,2023-11-30,Versões,2.0,Dilúvio,"Danilo Valbusa,Day,Marcelinho Ferraz,Pedro Caropreso,Tiê Castro,Vitão",Day,"Universal Music Publishing Mgb Brasil Ltda.,Bmg Rights Management Brasil Ltda.,Deck Producoes Artisticas Ltda",Performance,Não,00:04:00,2020-11-25,-,-,Reprise,,,,True,artist_alias,ConsolidadoDiversos_Dezembro23
BIS,2023-11-30,Versões,2.0,Equalize,"Peu Souza,Pitty",Day,Deck Producoes Artisticas Ltda,Performance,Não,00:04:00,2020-11-25,-,-,Reprise,,,,True,artist_alias,ConsolidadoDiversos_Dezembro23
BIS,2023-11-30,Versões,2.0,I Wanna Be,Pitty,Day,Deck Producoes Artisticas Ltda,Performance,Não,00:04:00,2020-11-25,-,-,Reprise,,,,True,artist_alias,ConsolidadoDiversos_Dezembro23
BIS,2023-11-30,Versões,2.0,Jurei Que Não Ia Falar De Amor,"Dan Valbusa,Day",Day,"Deck Producoes Artisticas Ltda,Universal Music Publishing Mgb Brasil Ltda.",Performance,Não,00:04:00,2020-11-25,-,-,Reprise,,,,True,artist_alias,ConsolidadoDiversos_Dezembro23
BIS,2023-11-30,Versões,2.0,Me Adora,Pitty,Day,Deck Producoes Artisticas Ltda,Performance,Não,00:04:00,2020-11-25,-,-,Reprise,,,,True,artist_alias,ConsolidadoDiversos_Dezembro23
BIS,2023-11-30,Versões,2.0,Memórias,Pitty,Day,Deck Producoes Artisticas Ltda,Performance,Não,00:04:00,2020-11-25,-,-,Reprise,,,,True,artist_alias,ConsolidadoDiversos_Dezembro23
BIS,2023-11-30,Versões,2.0,Metamorfose,"Adriano Alves,Day,Dj Dash,Marcelinho Ferraz",Day,"Deck Producoes Artisticas Ltda,Universal Music Publishing Mgb Brasil Ltda.",Performance,Não,00:04:00,2020-11-25,-,-,Reprise,,,,True,artist_alias,ConsolidadoDiversos_Dezembro23
BIS,2023-11-30,Versões,2.0,Na Sua Estante,Pitty,Day,Deck Producoes Artisticas Ltda,Performance,Não,00:04:00,2020-11-25,-,-,Reprise,,,,True,artist_alias,ConsolidadoDiversos_Dezembro23
BIS,2023-11-30,Versões,2.0,Pulsos,"Martin,Pitty",Day,Deck Producoes Artisticas Ltda,Performance,Não,00:04:00,2020-11-25,-,-,Reprise,,,,True,artist_alias,ConsolidadoDiversos_Dezembro23
BIS,2023-11-30,Versões,2.0,Semana Que Vem,Pitty,Day,Deck Producoes Artisticas Ltda,Performance,Não,00:04:00,2020-11-25,-,-,Reprise,,,,True,artist_alias,ConsolidadoDiversos_Dezembro23
GNT,2023-11-01,Alma De Cozinheira,16.0,Voltei Pra Mim,"Iuri Rio Branco,Marina Sena",Marina Sena,Boa Musica Brasil Direitos Musicais Ltda,Fundo Musical,Não,00:00:48,2023-10-25,-,Rebatida,-,,,,True,artist_alias,ConsolidadoDiversos_Dezembro23
GNT,2023-11-07,"Que História É Essa, Porchat?",27.0,Triunfo,"Emicida,Felipe Vassão",Emicida,Warner Chappell Edições Musicais Ltda.,Fundo Musical,Não,00:00:01,2020-10-20,-,-,Reprise,,,,True,artist_alias,ConsolidadoDiversos_Dezembro23
GNT,2023-11-08,Alma De Cozinheira,18.0,Por Supuesto,"Iuri Rio Branco,Marina Sena",Marina Sena,Boa Musica Brasil Direitos Musicais Ltda,Fundo Musical,Não,00:01:57,2023-11-08,Inédito,-,-,,,,True,artist_alias,ConsolidadoDiversos_Dezembro23
GNT,2023-11-09,Alma De Cozinheira,18.0,Por Supuesto,"Iuri Rio Branco,Marina Sena",Marina Sena,Boa Musica Brasil Direitos Musicais Ltda,Fundo Musical,Não,00:01:57,2023-11-08,-,Rebatida,-,,,,True,artist_alias,ConsolidadoDiversos_Dezembro23
GNT,2023-11-09,Que Seja Doce,8.0,"Cuca Te Pega, A","Dori Caymmi,Geraldo Case",Dorival Caymmi,SONY MUSIC PUBLISHING (BRAZIL) EDIÇÕES MUSICAIS LTDA.,Fundo Musical ACERVO,Sim,00:00:42,2018-03-14,-,-,Reprise,,,,True,artist_alias,ConsolidadoDiversos_Dezembro23
GNT,2023-11-10,Alma De Cozinheira,18.0,Por Supuesto,"Iuri Rio Branco,Marina Sena",Marina Sena,Boa Musica Brasil Direitos Musicais Ltda,Fundo Musical,Não,00:01:57,2023-11-08,-,Rebatida,-,,,,True,artist_alias,ConsolidadoDiversos_Dezembro23
GNT,2023-11-11,Alma De Cozinheira,18.0,Por Supuesto,"Iuri Rio Branco,Marina Sena",Marina Sena,Boa Musica Brasil Direitos Musicais Ltda,Fundo Musical,Não,00:01:57,2023-11-08,-,Rebatida,-,,,,True,artist_alias,ConsolidadoDiversos_Dezembro23
GNT,2023-11-12,Alma De Cozinheira,18.0,Por Supuesto,"Iuri Rio Branco,Marina Sena",Marina Sena,Boa Musica Brasil Direitos Musicais Ltda,Fundo Musical,Não,00:01:57,2023-11-08,-,Rebatida,-,,,,True,artist_alias,ConsolidadoDiversos_Dezembro23
GNT,2023-11-12,"Que História É Essa, Porchat?",27.0,Triunfo,"Emicida,Felipe Vassão",Emicida,Warner Chappell Edições Musicais Ltda.,Fundo Musical,Não,00:00:01,2020-10-20,-,-,Reprise,,,,True,artist_alias,ConsolidadoDiversos_Dezembro23
GNT,2023-11-13,"Taste Brasil, The ",10.0,Nossa Luz,Eduardo Dusek,Fagner,Irmaos Vitale Editores Ltda,Fundo Musical,Não,00:01:34,2023-10-26,-,-,Reprise,,,,True,artist_alias,ConsolidadoDiversos_Dezembro23
GNT,2023-11-15,Alma De Cozinheira,18.0,Por Supuesto,"Iuri Rio Branco,Marina Sena",Marina Sena,Boa Musica Brasil Direitos Musicais Ltda,Fundo Musical,Não,00:01:57,2023-11-08,-,Rebatida,-,,,,True,artist_alias,ConsolidadoDiversos_Dezembro23
GNT,2023-11-16,Tempero De Família,12.0,Lá E Lô,Lenine,Lenine,Boa Musica Brasil Direitos Musicais Ltda,Fundo Musical ACERVO,Sim,00:04:32,2017-05-25,-,-,Reprise,,,,True,artist_alias,ConsolidadoDiversos_Dezembro23
GNT,2023-11-16,Tempero De Família,12.0,O Último Pôr Do Sol,"Lenine,Lula Queiroga",Lenine,"HUMAITA EDIÇÕES MUSICAIS LTDA,Boa Musica Brasil Direitos Musicais Ltda",Fundo Musical ACERVO,Sim,00:01:50,2017-05-25,-,-,Reprise,,,,True,artist_alias,ConsolidadoDiversos_Dezembro23
GNT,2023-11-16,Tempero De Família,12.0,Olho De Peixe,Lenine,Lenine,Boa Musica Brasil Direitos Musicais Ltda,Fundo Musical ACERVO,Sim,00:03:33,2017-05-25,-,-,Reprise,,,,True,artist_alias,ConsolidadoDiversos_Dezembro23
GNT,2023-11-18,Alma De Cozinheira,18.0,Por Supuesto,"Iuri Rio Branco,Marina Sena",Marina Sena,Boa Musica Brasil Direitos Musicais Ltda,Fundo Musical,Não,00:01:57,2023-11-08,-,-,Reprise,,,,True,artist_alias,ConsolidadoDiversos_Dezembro23
GNT,2023-11-19,Tempero De Família,12.0,Lá E Lô,Lenine,Lenine,Boa Musica Brasil Direitos Musicais Ltda,Fundo Musical ACERVO,Sim,00:04:32,2017-05-25,-,-,Reprise,,,,True,artist_alias,ConsolidadoDiversos_Dezembro23
GNT,2023-11-19,Tempero De Família,12.0,O Último Pôr Do Sol,"Lenine,Lula Queiroga",Lenine,"HUMAITA EDIÇÕES MUSICAIS LTDA,Boa Musica Brasil Direitos Musicais Ltda",Fundo Musical ACERVO,Sim,00:01:50,2017-05-25,-,-,Reprise,,,,True,artist_alias,ConsolidadoDiversos_Dezembro23
GNT,2023-11-19,Tempero De Família,12.0,Olho De Peixe,Lenine,Lenine,Boa Musica Brasil Direitos Musicais Ltda,Fundo Musical ACERVO,Sim,00:03:33,2017-05-25,-,-,Reprise,,,,True,artist_alias,ConsolidadoDiversos_Dezembro23
GNT,2023-11-27,Que Seja Doce,18.0,Você Já Foi À Bahia?,Dorival Caymmi,Dorival Caymmi,"MANGIONE, FILHOS & CIA. LTDA.",Fundo Musical,Não,00:01:14,2019-04-03,-,-,Reprise,,,,True,artist_alias,ConsolidadoDiversos_Dezembro23
GNT,2023-11-30,Que Seja Doce,7.0,Berimbau,"Baden Powell,Vinícius De Moraes",Vinícius De Moraes,Universal Music Publishing Mgb Brasil Ltda.,Fundo Musical ACERVO,Sim,00:00:10,2015-10-13,-,-,Reprise,,,,True,artist_alias,ConsolidadoDiversos_Dezembro23
Multishow,2023-11-01,Prêmio Multishow - Especial 2022,1.0,Acorda Pedrinho,"Bernardo Crisostomo Pasquali,Bernardo Derviche Hey,Gabriel Dunajski Mendes,Gustavo Pimentel Karam,Rafael Dunajski Mendes",Jovem Dionísio,Warner Chappell Edições Musicais Ltda.,Performance,Não,00:00:47,2022-10-23,-,-,Reprise,,,,True,artist_alias,ConsolidadoDiversos_Dezembro23
Multishow,2023-11-01,Prêmio Multishow - Especial 2022,1.0,Idiota,"Jão,Pedro Tofani,Zebu",Jão,"Warner Chappell Edições Musicais Ltda.,Universal Music Publishing Mgb Brasil Ltda.",Performance,Não,00:00:36,2022-10-23,-,-,Reprise,,,,True,artist_alias,ConsolidadoDiversos_Dezembro23
Multishow,2023-11-02,Prêmio Multishow - Especial 2022,1.0,Acorda Pedrinho,"Bernardo Crisostomo Pasquali,Bernardo Derviche Hey,Gabriel Dunajski Mendes,Gustavo Pimentel Karam,Rafael Dunajski Mendes",Jovem Dionísio,Warner Chappell Edições Musicais Ltda.,Performance,Não,00:00:47,2022-10-23,-,-,Reprise,,,,True,artist_alias,ConsolidadoDiversos_Dezembro23
Multishow,2023-11-02,Prêmio Multishow - Especial 2022,1.0,Idiota,"Jão,Pedro Tofani,Zebu",Jão,"Warner Chappell Edições Musicais Ltda.,Universal Music Publishing Mgb Brasil Ltda.",Performance,Não,00:00:36,2022-10-23,-,-,Reprise,,,,True,artist_alias,ConsolidadoDiversos_Dezembro23
Multishow,2023-11-03,Prêmio Multishow - Especial 2022,1.0,Acorda Pedrinho,"Bernardo Crisostomo Pasquali,Bernardo Derviche Hey,Gabriel Dunajski Mendes,Gustavo Pimentel Karam,Rafael Dunajski Mendes",Jovem Dionísio,Warner Chappell Edições Musicais Ltda.,Performance,Não,00:00:47,2022-10-23,-,-,Reprise,,,,True,artist_alias,ConsolidadoDiversos_Dezembro23
Multishow,2023-11-03,Prêmio Multishow - Especial 2022,1.0,Idiota,"Jão,Pedro Tofani,Zebu",Jão,"Warner Chappell Edições Musicais Ltda.,Universal Music Publishing Mgb Brasil Ltda.",Performance,Não,00:00:36,2022-10-23,-,-,Reprise,,,,True,artist_alias,ConsolidadoDiversos_Dezembro23
Multishow,2023-11-03,Tô De Graça,29.0,Pá Em Todo Mundo,"Dennis Dj,Gabriel Cantini",Dennis Dj,SONY MUSIC PUBLISHING (BRAZIL) EDIÇÕES MUSICAIS LTDA.,Fundo Musical,Não,00:01:01,2020-07-22,-,-,Reprise,,,,True,artist_alias,ConsolidadoDiversos_Dezembro23
Multishow,2023-11-04,Prêmio Multishow - Especial 2022,1.0,Acorda Pedrinho,"Bernardo Crisostomo Pasquali,Bernardo Derviche Hey,Gabriel Dunajski Mendes,Gustavo Pimentel Karam,Rafael Dunajski Mendes",Jovem Dionísio,Warner Chappell Edições Musicais Ltda.,Performance,Não,00:00:47,2022-10-23,-,-,Reprise,,,,True,artist_alias,ConsolidadoDiversos_Dezembro23
Multishow,2023-11-04,Prêmio Multishow - Especial 2022,1.0,Idiota,"Jão,Pedro Tofani,Zebu",Jão,"Warner Chappell Edições Musicais Ltda.,Universal Music Publishing Mgb Brasil Ltda.",Performance,Não,00:00:36,2022-10-23,-,-,Reprise,,,,True,artist_alias,ConsolidadoDiversos_Dezembro23
Multishow,2023-11-04,Tô De Graça,22.0,Arrocha Dos Cornos,Dj Guuga,Dj Guuga,SONY MUSIC PUBLISHING (BRAZIL) EDIÇÕES MUSICAIS LTDA.,Fundo Musical,Não,00:00:08,2020-07-13,-,-,Reprise,,,,True,artist_alias,ConsolidadoDiversos_Dezembro23
Multishow,2023-11-04,Tô De Graça,22.0,Debaixo Dos Caracóis Dos Seus Cabelos,"Erasmo Carlos,Roberto Carlos",Ivete Sangalo,SONY MUSIC PUBLISHING (BRAZIL) EDIÇÕES MUSICAIS LTDA.,Fundo Musical,Não,00:00:57,2020-07-13,-,-,Reprise,,,,True,artist_alias,ConsolidadoDiversos_Dezembro23
Multishow,2023-11-05,Tô De Graça,22.0,Arrocha Dos Cornos,Dj Guuga,Dj Guuga,SONY MUSIC PUBLISHING (BRAZIL) EDIÇÕES MUSICAIS LTDA.,Fundo Musical,Não,00:00:08,2020-07-13,-,-,Reprise,,,,True,artist_alias,ConsolidadoDiversos_Dezembro23
Multishow,2023-11-05,Tô De Graça,22.0,Debaixo Dos Caracóis Dos Seus Cabelos,"Erasmo Carlos,Roberto Carlos",Ivete Sangalo,SONY MUSIC PUBLISHING (BRAZIL) EDIÇÕES MUSICAIS LTDA.,Fundo Musical,Não,00:00:57,2020-07-13,-,-,Reprise,,,,True,artist_alias,ConsolidadoDiversos_Dezembro23
Multishow,2023-11-06,Tô De Graça,29.0,Pá Em Todo Mundo,"Dennis Dj,Gabriel Cantini",Dennis Dj,SONY MUSIC PUBLISHING (BRAZIL) EDIÇÕES MUSICAIS LTDA.,Fundo Musical,Não,00:01:01,2020-07-22,-,-,Reprise,,,,True,artist_alias,ConsolidadoDiversos_Dezembro23
Multishow,2023-11-06,Vai Que Cola,32.0,Dançando,"Filipe Escandurras,Marcio Victor,Tierry Coringa",Ivete Sangalo,IESSI MUSIC LABEL LTDA,Performance ACERVO,Sim,00:01:36,2013-08-20,-,-,Reprise,,,,True,artist_alias,ConsolidadoDiversos_Dezembro23
Multishow,2023-11-07,Portugal Show,17.0,Te Amo Disgraça,Baco Exú Do Blues,Baco Exú Do Blues,"Unknown Publisher,SONY MUSIC PUBLISHING (BRAZIL) EDIÇÕES MUSICAIS LTDA.",Performance,Não,00:00:02,2023-11-07,Inédito,-,-,,,,True,artist_alias,ConsolidadoDiversos_Dezembro23
Multishow,2023-11-07,Tvz Ao Vivo,67.0,Marolento,"Borges,Puterrier",Puterrier,Unknown Publisher,Performance,Não,00:03:03,2023-11-07,Inédito,-,-,,,,True,artist_alias,ConsolidadoDiversos_Dezembro23
Multishow,2023-11-08,Portugal Show,17.0,Te Amo Disgraça,Baco Exú Do Blues,Baco Exú Do Blues,"Unknown Publisher,SONY MUSIC PUBLISHING (BRAZIL) EDIÇÕES MUSICAIS LTDA.",Performance,Não,00:00:02,2023-11-07,-,Rebatida,-,,,,True,artist_alias,ConsolidadoDiversos_Dezembro23
Multishow,2023-11-08,Prêmio Multishow 2023,1.0,Alinhamento Milenar,"Jão,Pedro Tofani,Zebu",Jão,"Unknown Publisher,Universal Music Publishing Mgb Brasil Ltda.",Performance,Não,00:03:00,2023-11-08,Inédito,-,-,,,,True,artist_alias,ConsolidadoDiversos_Dezembro23
Multishow,2023-11-08,Prêmio Multishow 2023,1.0,Tudo Pra Amar Você,"Iuri Rio Branco,Marina Sena",Marina Sena,Boa Musica Brasil Direitos Musicais Ltda,Performance,Não,00:03:00,2023-11-08,Inédito,-,-,,,,True,artist_alias,ConsolidadoDiversos_Dezembro23
Multishow,2023-11-08,Vai Que Cola,38.0,Ombrim,Rosa Neon,Marina Sena,"Unknown Publisher,Boa Musica Brasil Direitos Musicais Ltda",Fundo Musical,Não,00:00:26,2023-11-08,Inédito,-,-,,,,True,artist_alias,ConsolidadoDiversos_Dezembro23
Multishow,2023-11-09,Prêmio Multishow 2023 - Musicais,1.0,Alinhamento Milenar,"Jão,Pedro Tofani,Zebu",Jão,"Unknown Publisher,Universal Music Publishing Mgb Brasil Ltda.",Performance,Não,00:03:00,2023-11-09,Inédito,-,-,,,,True,artist_alias,ConsolidadoDiversos_Dezembro23
Multishow,2023-11-09,Prêmio Multishow 2023 - Musicais,1.0,Tudo Pra Amar Você,"Iuri Rio Branco,Marina Sena",Marina Sena,Boa Musica Brasil Direitos Musicais Ltda,Performance,Não,00:03:00,2023-11-09,Inédito,-,-,,,,True,artist_alias,ConsolidadoDiversos_Dezembro23
Multishow,2023-11-09,Prêmio Multishow 2023,1.0,Alinhamento Milenar,"Jão,Pedro Tofani,Zebu",Jão,"Unknown Publisher,Universal Music Publishing Mgb Brasil Ltda.",Performance,Não,00:03:00,2023-11-08,-,Rebatida,-,,,,True,artist_alias,ConsolidadoDiversos_Dezembro23
Multishow,2023-11-09,Prêmio Multishow 2023,1.0,Tudo Pra Amar Você,"Iuri Rio Branco,Marina Sena",Marina Sena,Boa Musica Brasil Direitos Musicais Ltda,Performance,Não,00:03:00,2023-11-08,-,Rebatida,-,,,,True,artist_alias,ConsolidadoDiversos_Dezembro23
Multishow,2023-11-09,Tô De Graça,7.0,Tipo Gin,Kevin O Chris,Kevin O Chris,Addaf - Associação Defensora De Direitos Autorais,Fundo Musical,Não,00:00:05,2021-07-27,-,-,Reprise,,,,True,artist_alias,ConsolidadoDiversos_Dezembro23
Multishow,2023-11-09,Vai Que Cola,38.0,Ombrim,Rosa Neon,Marina Sena,"Unknown Publisher,Boa Musica Brasil Direitos Musicais Ltda",Fundo Musical,Não,00:00:26,2023-11-08,-,Rebatida,-,,,,True,artist_alias,ConsolidadoDiversos_Dezembro23
Multishow,2023-11-10,Prêmio Multishow 2023 - Musicais,1.0,Alinhamento Milenar,"Jão,Pedro Tofani,Zebu",Jão,"Unknown Publisher,Universal Music Publishing Mgb Brasil Ltda.",Performance,Não,00:03:00,2023-11-09,-,Rebatida,-,,,,True,artist_alias,ConsolidadoDiversos_Dezembro23
Multishow,2023-11-10,Prêmio Multishow 2023 - Musicais,1.0,Tudo Pra Amar Você,"Iuri Rio Branco,Marina Sena",Marina Sena,Boa Musica Brasil Direitos Musicais Ltda,Performance,Não,00:03:00,2023-11-09,-,Rebatida,-,,,,True,artist_alias,ConsolidadoDiversos_Dezembro23
Multishow,2023-11-10,Prêmio Multishow 2023,1.0,Alinhamento Milenar,"Jão,Pedro Tofani,Zebu",Jão,"Unknown Publisher,Universal Music Publishing Mgb Brasil Ltda.",Performance,Não,00:03:00,2023-11-08,-,Rebatida,-,,,,True,artist_alias,ConsolidadoDiversos_Dezembro23
Multishow,2023-11-10,Prêmio Multishow 2023,1.0,Tudo Pra Amar Você,"Iuri Rio Branco,Marina Sena",Marina Sena,Boa Musica Brasil Direitos Musicais Ltda,Performance,Não,00:03:00,2023-11-08,-,Rebatida,-,,,,True,artist_alias,ConsolidadoDiversos_Dezembro23
Multishow,2023-11-11,Humor Multishow - Vai Que Cola,1.0,Acelera Aê,"Dan Kambaiah,Fabio O'brian,Gigi,Magno Santanna",Ivete Sangalo,"Deck Producoes Artisticas Ltda,IESSI MUSIC LABEL LTDA",Fundo Musical,Não,00:00:23,2023-09-18,-,-,Reprise,,,,True,artist_alias,ConsolidadoDiversos_Dezembro23
Multishow,2023-11-11,Prêmio Multishow 2023 - Musicais,1.0,Alinhamento Milenar,"Jão,Pedro Tofani,Zebu",Jão,"Unknown Publisher,Universal Music Publishing Mgb Brasil Ltda.",Performance,Não,00:03:00,2023-11-09,-,Rebatida,-,,,,True,artist_alias,ConsolidadoDiversos_Dezembro23
Multishow,2023-11-11,Prêmio Multishow 2023 - Musicais,1.0,Tudo Pra Amar Você,"Iuri Rio Branco,Marina Sena",Marina Sena,Boa Musica Brasil Direitos Musicais Ltda,Performance,Não,00:03:00,2023-11-09,-,Rebatida,-,,,,True,artist_alias,ConsolidadoDiversos_Dezembro23
Multishow,2023-11-13,Tô De Graça,7.0,Tipo Gin,Kevin O Chris,Kevin O Chris,Addaf - Associação Defensora De Direitos Autorais,Fundo Musical,Não,00:00:05,2021-07-27,-,-,Reprise,,,,True,artist_alias,ConsolidadoDiversos_Dezembro23
Multishow,2023-11-13,Vai Que Cola,1.0,Acelera Aê,"Dan Kambaiah,Fabio O'brian,Gigi,Magno Santanna",Ivete Sangalo,"Deck Producoes Artisticas Ltda,IESSI MUSIC LABEL LTDA",Fundo Musical,Não,00:00:23,2023-09-18,-,-,Reprise,,,,True,artist_alias,ConsolidadoDiversos_Dezembro23
Multishow,2023-11-13,Vai Que Cola,1.0,O Golpe Tá Aí Cai Quem Quer,Dj Guuga,Dj Guuga,SONY MUSIC PUBLISHING (BRAZIL) EDIÇÕES MUSICAIS LTDA.,Fundo Musical,Não,00:00:20,2023-09-18,-,-,Reprise,,,,True,artist_alias,ConsolidadoDiversos_Dezembro23
Multishow,2023-11-14,Tvz Ao Vivo,70.0,Alladin,"Clara Carolina Silva De Andrade,Delacruz,Italo Pereira Da Silva,Tiago Garcia Alves",Delacruz,Unknown Publisher,Performance,Não,00:03:32,2023-11-14,Inédito,-,-,,,,True,artist_alias,ConsolidadoDiversos_Dezembro23
Multishow,2023-11-14,Tvz Ao Vivo,70.0,Apenas Um Neném,"Gloria Groove,Lukinhas,Pablo Bispo,Ruxell",Delacruz,"Warner Chappell Edições Musicais Ltda.,Unknown Publisher",Performance,Não,00:00:40,2023-11-14,Inédito,-,-,,,,True,artist_alias,ConsolidadoDiversos_Dezembro23
Multishow,2023-11-14,Tvz Ao Vivo,70.0,Deixa A Vida Me Levar,"Eri Do Cais,Serginho Meriti",Delacruz,"Universal Music Publishing Mgb Brasil Ltda.,Unknown Publisher",Performance,Não,00:00:40,2023-11-14,Inédito,-,-,,,,True,artist_alias,ConsolidadoDiversos_Dezembro23
Multishow,2023-11-14,Tvz Ao Vivo,70.0,Garota Nota 100,"Mc Marcinho,Michael Sullivan,Mihail Plopschi,Paulo Massadas",Delacruz,"Unknown Publisher,SONY MUSIC PUBLISHING (BRAZIL) EDIÇÕES MUSICAIS LTDA.",Performance,Não,00:00:40,2023-11-14,Inédito,-,-,,,,True,artist_alias,ConsolidadoDiversos_Dezembro23
Multishow,2023-11-14,Tvz Ao Vivo,70.0,Só Love,Mc Buchecha,Delacruz,"Warner Chappell Edições Musicais Ltda.,Unknown Publisher",Performance,Não,00:00:40,2023-11-14,Inédito,-,-,,,,True,artist_alias,ConsolidadoDiversos_Dezembro23
Multishow,2023-11-14,Tvz Ao Vivo,70.0,Tudo Pra Amar Você,"Iuri Rio Branco,Marina Sena",Marina Sena,Boa Musica Brasil Direitos Musicais Ltda,Performance,Não,00:03:00,2023-11-14,Inédito,-,-,,,,True,artist_alias,ConsolidadoDiversos_Dezembro23
Multishow,2023-11-14,Vai Que Cola,1.0,Acelera Aê,"Dan Kambaiah,Fabio O'brian,Gigi,Magno Santanna",Ivete Sangalo,"Deck Producoes Artisticas Ltda,IESSI MUSIC LABEL LTDA",Fundo Musical,Não,00:00:23,2023-09-18,-,-,Reprise,,,,True,artist_alias,ConsolidadoDiversos_Dezembro23
Multishow,2023-11-14,Vai Que Cola,1.0,O Golpe Tá Aí Cai Quem Quer,Dj Guuga,Dj Guuga,SONY MUSIC PUBLISHING (BRAZIL) EDIÇÕES MUSICAIS LTDA.,Fundo Musical,Não,00:00:20,2023-09-18,-,-,Reprise,,,,True,artist_alias,ConsolidadoDiversos_Dezembro23
Multishow,2023-11-14,Vai Que Cola,2.0,Acelera Aê,"Dan Kambaiah,Fabio O'brian,Gigi,Magno Santanna",Ivete Sangalo,"Deck Producoes Artisticas Ltda,IESSI MUSIC LABEL LTDA",Fundo Musical,Não,00:00:23,2023-09-19,-,-,Reprise,,,,True,artist_alias,ConsolidadoDiversos_Dezembro23
Multishow,2023-11-14,Vai Que Cola,2.0,Borbulhas De Amor (Tenho Um Coração),"Ferreira Goulart,Juan Luis Guerra",Fagner,Universal Music Publishing Mgb Brasil Ltda.,Fundo Musical,Não,00:00:51,2023-09-19,-,-,Reprise,,,,True,artist_alias,ConsolidadoDiversos_Dezembro23
Multishow,2023-11-15,Lady Night - Com Tatá Werneck,6.0,Rocket Man,"Bernie Taupin,Elton John",Jão,Universal Music Publishing Mgb Brasil Ltda.,Performance,Não,00:00:17,2022-11-28,-,-,Reprise,,,,True,artist_alias,ConsolidadoDiversos_Dezembro23
Multishow,2023-11-15,Let Love,3.0,Por Supuesto,"Iuri Rio Branco,Marina Sena",Marina Sena,Boa Musica Brasil Direitos Musicais Ltda,Fundo Musical,Não,00:00:16,2023-11-15,Inédito,-,-,,,,True,artist_alias,ConsolidadoDiversos_Dezembro23
Multishow,2023-11-15,Vai Que Cola,2.0,Acelera Aê,"Dan Kambaiah,Fabio O'brian,Gigi,Magno Santanna",Ivete Sangalo,"Deck Producoes Artisticas Ltda,IESSI MUSIC LABEL LTDA",Fundo Musical,Não,00:00:23,2023-09-19,-,-,Reprise,,,,True,artist_alias,ConsolidadoDiversos_Dezembro23
Multishow,2023-11-15,Vai Que Cola,2.0,Borbulhas De Amor (Tenho Um Coração),"Ferreira Goulart,Juan Luis Guerra",Fagner,Universal Music Publishing Mgb Brasil Ltda.,Fundo Musical,Não,00:00:51,2023-09-19,-,-,Reprise,,,,True,artist_alias,ConsolidadoDiversos_Dezembro23
Multishow,2023-11-16,Lady Night - Com Tatá Werneck,6.0,Rocket Man,"Bernie Taupin,Elton John",Jão,Universal Music Publishing Mgb Brasil Ltda.,Performance,Não,00:00:17,2022-11-28,-,-,Reprise,,,,True,artist_alias,ConsolidadoDiversos_Dezembro23
Multishow,2023-11-17,Vai Que Cola,1.0,Dançando,"Filipe Escandurras,Marcio Victor,Tierry Coringa",Ivete Sangalo,IESSI MUSIC LABEL LTDA,Fundo Musical ACERVO,Sim,00:00:12,2014-09-01,-,-,Reprise,,,,True,artist_alias,ConsolidadoDiversos_Dezembro23
Multishow,2023-11-18,Let Love,3.0,Por Supuesto,"Iuri Rio Branco,Marina Sena",Marina Sena,Boa Musica Brasil Direitos Musicais Ltda,Fundo Musical,Não,00:00:16,2023-11-15,-,Rebatida,-,,,,True,artist_alias,ConsolidadoDiversos_Dezembro23
Multishow,2023-11-19,Vai Que Cola,1.0,Dançando,"Filipe Escandurras,Marcio Victor,Tierry Coringa",Ivete Sangalo,IESSI MUSIC LABEL LTDA,Fundo Musical ACERVO,Sim,00:00:12,2014-09-01,-,-,Reprise,,,,True,artist_alias,ConsolidadoDiversos_Dezembro23
Multishow,2023-11-20,Os Suburbanos,20.0,Mulher Do Borogodó,"Carolina De Oliveira Lourenço,Douglas Da Fátima,Gabriel Angelo Silva De Oliveira",Mc Carol,"Costa & Valle Gestao De Direitos Autorais E Producao Artistica Ltda - Me,Unknown Publisher",Performance,Não,00:01:20,2022-07-01,-,-,Reprise,,,,True,artist_alias,ConsolidadoDiversos_Dezembro23
Multishow,2023-11-20,Vai Que Cola,1.0,Dançando,"Filipe Escandurras,Marcio Victor,Tierry Coringa",Ivete Sangalo,IESSI MUSIC LABEL LTDA,Fundo Musical ACERVO,Sim,00:00:12,2014-09-01,-,-,Reprise,,,,True,artist_alias,ConsolidadoDiversos_Dezembro23
Multishow,2023-11-21,Humor Multishow - Tô De Graça,18.0,Céu Da Boca,Ronaldo Marcel,Ivete Sangalo,Warner Chappell Edições Musicais Ltda.,Fundo Musical,Não,00:00:29,2022-07-20,-,-,Reprise,,,,True,artist_alias,ConsolidadoDiversos_Dezembro23
Multishow,2023-11-21,Os Suburbanos,20.0,Mulher Do Borogodó,"Carolina De Oliveira Lourenço,Douglas Da Fátima,Gabriel Angelo Silva De Oliveira",Mc Carol,"Costa & Valle Gestao De Direitos Autorais E Producao Artistica Ltda - Me,Unknown Publisher",Performance,Não,00:01:20,2022-07-01,-,-,Reprise,,,,True,artist_alias,ConsolidadoDiversos_Dezembro23
Multishow,2023-11-21,"Town, The - Town 2023",33.0,Dê Um Rolê,"Galvão,Moraes Moreira",Marina Sena,Unknown Publisher,Performance,Não,00:03:00,2023-11-21,Inédito,-,-,,,,True,artist_alias,ConsolidadoDiversos_Dezembro23
Multishow,2023-11-21,"Town, The - Town 2023",33.0,Divino Maravilhoso,"Caetano Veloso,Gilberto Gil",Marina Sena,Unknown Publisher,Performance,Não,00:03:00,2023-11-21,Inédito,-,-,,,,True,artist_alias,ConsolidadoDiversos_Dezembro23
Multishow,2023-11-21,"Town, The - Town 2023",33.0,Força Estranha,Caetano Veloso,Marina Sena,Unknown Publisher,Performance,Não,00:03:00,2023-11-21,Inédito,-,-,,,,True,artist_alias,ConsolidadoDiversos_Dezembro23
Multishow,2023-11-21,"Town, The - Town 2023",33.0,Meu Nome É Gal,"Erasmo Carlos,Roberto Carlos",Marina Sena,Warner Chappell Edições Musicais Ltda.,Performance,Não,00:03:00,2023-11-21,Inédito,-,-,,,,True,artist_alias,ConsolidadoDiversos_Dezembro23
Multishow,2023-11-22,"Town, The - Town 2023",33.0,Dê Um Rolê,"Galvão,Moraes Moreira",Marina Sena,Unknown Publisher,Performance,Não,00:03:00,2023-11-21,-,Rebatida,-,,,,True,artist_alias,ConsolidadoDiversos_Dezembro23
Multishow,2023-11-22,"Town, The - Town 2023",33.0,Divino Maravilhoso,"Caetano Veloso,Gilberto Gil",Marina Sena,Unknown Publisher,Performance,Não,00:03:00,2023-11-21,-,Rebatida,-,,,,True,artist_alias,ConsolidadoDiversos_Dezembro23
Multishow,2023-11-22,"Town, The - Town 2023",33.0,Força Estranha,Caetano Veloso,Marina Sena,Unknown Publisher,Performance,Não,00:03:00,2023-11-21,-,Rebatida,-,,,,True,artist_alias,ConsolidadoDiversos_Dezembro23
Multishow,2023-11-22,"Town, The - Town 2023",33.0,Meu Nome É Gal,"Erasmo Carlos,Roberto Carlos",Marina Sena,Warner Chappell Edições Musicais Ltda.,Performance,Não,00:03:00,2023-11-21,-,Rebatida,-,,,,True,artist_alias,ConsolidadoDiversos_Dezembro23
Multishow,2023-11-23,"Town, The - Town 2023",33.0,Dê Um Rolê,"Galvão,Moraes Moreira",Marina Sena,Unknown Publisher,Performance,Não,00:03:00,2023-11-21,-,Rebatida,-,,,,True,artist_alias,ConsolidadoDiversos_Dezembro23
Multishow,2023-11-23,"Town, The - Town 2023",33.0,Divino Maravilhoso,"Caetano Veloso,Gilberto Gil",Marina Sena,Unknown Publisher,Performance,Não,00:03:00,2023-11-21,-,Rebatida,-,,,,True,artist_alias,ConsolidadoDiversos_Dezembro23
Multishow,2023-11-23,"Town, The - Town 2023",33.0,Força Estranha,Caetano Veloso,Marina Sena,Unknown Publisher,Performance,Não,00:03:00,2023-11-21,-,Rebatida,-,,,,True,artist_alias,ConsolidadoDiversos_Dezembro23
Multishow,2023-11-23,"Town, The - Town 2023",33.0,Meu Nome É Gal,"Erasmo Carlos,Roberto Carlos",Marina Sena,Warner Chappell Edições Musicais Ltda.,Performance,Não,00:03:00,2023-11-21,-,Rebatida,-,,,,True,artist_alias,ConsolidadoDiversos_Dezembro23
Multishow,2023-11-24,Tô De Graça,2.0,Tipo Gin,Kevin O Chris,Kevin O Chris,Addaf - Associação Defensora De Direitos Autorais,Fundo Musical,Não,00:00:10,2022-06-28,-,-,Reprise,,,,True,artist_alias,ConsolidadoDiversos_Dezembro23
Multishow,2023-11-26,Os Suburbanos,20.0,Mulher Do Borogodó,"Carolina De Oliveira Lourenço,Douglas Da Fátima,Gabriel Angelo Silva De Oliveira",Mc Carol,"Costa & Valle Gestao De Direitos Autorais E Producao Artistica Ltda - Me,Unknown Publisher",Performance,Não,00:01:20,2022-07-01,-,-,Reprise,,,,True,artist_alias,ConsolidadoDiversos_Dezembro23
Multishow,2023-11-27,Tô De Graça,3.0,Casamento,Dj Guuga,Dj Guuga,SONY MUSIC PUBLISHING (BRAZIL) EDIÇÕES MUSICAIS LTDA.,Fundo Musical,Não,00:00:07,2022-06-29,-,-,Reprise,,,,True,artist_alias,ConsolidadoDiversos_Dezembro23
Multishow,2023-11-27,Tô De Graça,2.0,Tipo Gin,Kevin O Chris,Kevin O Chris,Addaf - Associação Defensora De Direitos Autorais,Fundo Musical,Não,00:00:10,2022-06-28,-,-,Reprise,,,,True,artist_alias,ConsolidadoDiversos_Dezembro23
Multishow,2023-11-29,Tô De Graça,3.0,Casamento,Dj Guuga,Dj Guuga,SONY MUSIC PUBLISHING (BRAZIL) EDIÇÕES MUSICAIS LTDA.,Fundo Musical,Não,00:00:07,2022-06-29,-,-,Reprise,,,,True,artist_alias,ConsolidadoDiversos_Dezembro23
Multishow,2023-11-29,Tô De Graça,2.0,Tipo Gin,Kevin O Chris,Kevin O Chris,Addaf - Associação Defensora De Direitos Autorais,Fundo Musical,Não,00:00:10,2022-06-28,-,-,Reprise,,,,True,artist_alias,ConsolidadoDiversos_Dezembro23
Multishow,2023-11-30,Humor Multishow - Tô De Graça,2.0,Tipo Gin,Kevin O Chris,Kevin O Chris,Addaf - Associação Defensora De Direitos Autorais,Fundo Musical,Não,00:00:10,2022-06-28,-,-,Reprise,,,,True,artist_alias,ConsolidadoDiversos_Dezembro23
OFF,2023-11-20,Memória Off - Mar Doce Lar,10.0,Big Bambu Feat. Sudden Beatz,"Laudz,Zegon",Tropkillaz,Bmg Rights Management Brasil Ltda.,Fundo Musical,Não,00:02:29,2019-01-25,-,-,Reprise,,,,True,artist_alias,ConsolidadoDiversos_Dezembro23
OFF,2023-11-23,Pela Rua,1.0,Raciocínio Quebrado,Fabio Luiz,Parteum,Dueto Edições Musicais Ltda,Fundo Musical,Não,00:01:40,2022-03-09,-,-,Reprise,,,,True,artist_alias,ConsolidadoDiversos_Dezembro23
OFF,2023-11-24,Pela Rua,1.0,Raciocínio Quebrado,Fabio Luiz,Parteum,Dueto Edições Musicais Ltda,Fundo Musical,Não,00:01:40,2022-03-09,-,-,Reprise,,,,True,artist_alias,ConsolidadoDiversos_Dezembro23
OFF,2023-11-25,Memória Off - Mar Doce Lar,10.0,Big Bambu Feat. Sudden Beatz,"Laudz,Zegon",Tropkillaz,Bmg Rights Management Brasil Ltda.,Fundo Musical,Não,00:02:29,2019-01-25,-,-,Reprise,,,,True,artist_alias,ConsolidadoDiversos_Dezembro23
OFF,2023-11-25,Pela Rua,1.0,Raciocínio Quebrado,Fabio Luiz,Parteum,Dueto Edições Musicais Ltda,Fundo Musical,Não,00:01:40,2022-03-09,-,-,Reprise,,,,True,artist_alias,ConsolidadoDiversos_Dezembro23
OFF,2023-11-26,Memória Off - Mar Doce Lar,10.0,Big Bambu Feat. Sudden Beatz,"Laudz,Zegon",Tropkillaz,Bmg Rights Management Brasil Ltda.,Fundo Musical,Não,00:02:29,2019-01-25,-,-,Reprise,,,,True,artist_alias,ConsolidadoDiversos_Dezembro23
OFF,2023-11-26,Pela Rua,1.0,Raciocínio Quebrado,Fabio Luiz,Parteum,Dueto Edições Musicais Ltda,Fundo Musical,Não,00:01:40,2022-03-09,-,-,Reprise,,,,True,artist_alias,ConsolidadoDiversos_Dezembro23
OFF,2023-11-27,Pela Rua,1.0,Raciocínio Quebrado,Fabio Luiz,Parteum,Dueto Edições Musicais Ltda,Fundo Musical,Não,00:01:40,2022-03-09,-,-,Reprise,,,,True,artist_alias,ConsolidadoDiversos_Dezembro23
OFF,2023-11-28,Pela Rua,1.0,Raciocínio Quebrado,Fabio Luiz,Parteum,Dueto Edições Musicais Ltda,Fundo Musical,Não,00:01:40,2022-03-09,-,-,Reprise,,,,True,artist_alias,ConsolidadoDiversos_Dezembro23
VIVA,2023-11-07,Os Casais Que Amamos,6.0,Nossa Luz,Eduardo Dusek,Fagner,Irmaos Vitale Editores Ltda,Fundo Musical,Não,00:00:58,2020-12-05,-,-,Reprise,,,,True,artist_alias,ConsolidadoDiversos_Dezembro23
BIS,2023-11-03,Setlist - Tati Portella - Melodia Verdadeira,,Melodia Verdadeira,"Rafa Caetano,Tati Portella",Tati Portella,"Unknown Publisher,Warner Chappell Edições Musicais Ltda.",Performance,,00:03:28,,,,Inédito,,,,True,artist_alias,ConsolidadoDiversos_Dezembro23
BIS,2023-11-06,Setlist - Tati Portella - Melodia Verdadeira,,Melodia Verdadeira,"Rafa Caetano,Tati Portella",Tati Portella,"Unknown Publisher,Warner Chappell Edições Musicais Ltda.",Performance,,00:03:28,,,,Inédito,,,,True,artist_alias,ConsolidadoDiversos_Dezembro23
BIS,2023-11-07,Setlist - Tati Portella - Melodia Verdadeira,,Melodia Verdadeira,"Rafa Caetano,Tati Portella",Tati Portella,"Unknown Publisher,Warner Chappell Edições Musicais Ltda.",Performance,,00:03:28,,,,Inédito,,,,True,artist_alias,ConsolidadoDiversos_Dezembro23
BIS,2023-11-15,Setlist - Luiza Possi – Só Seu,,Só Seu,"Guilherme Fontes,Paulo Victor Lamego",Luiza Possi,"Unknown Publisher,Universal Music Publishing Mgb Brasil Ltda.",Performance,,00:03:04,,,,Inédito,,,,True,artist_alias,ConsolidadoDiversos_Dezembro23
BIS,2023-11-24,Setlist - Dalua - 3am,,3am,João Pedro Santos De Grecci,Dalua,"Unknown Publisher,SONY MUSIC PUBLISHING (BRAZIL) EDIÇÕES MUSICAIS LTDA.",Performance,,00:02:13,,,,Inédito,,,,True,artist_alias,ConsolidadoDiversos_Dezembro23
BIS,2023-11-27,Setlist - Dalua - 3am,,3am,João Pedro Santos De Grecci,Dalua,"Unknown Publisher,SONY MUSIC PUBLISHING (BRAZIL) EDIÇÕES MUSICAIS LTDA.",Performance,,00:02:13,,,,Inédito,,,,True,artist_alias,ConsolidadoDiversos_Dezembro23
BIS,2023-11-28,Setlist - Dalua - 3am,,3am,João Pedro Santos De Grecci,Dalua,"Unknown Publisher,SONY MUSIC PUBLISHING (BRAZIL) EDIÇÕES MUSICAIS LTDA.",Performance,,00:02:13,,,,Inédito,,,,True,artist_alias,ConsolidadoDiversos_Dezembro23
Multishow,2023-11-01,Tvz - Ivete Sangalo - Cria Da Ivete,,Cria Da Ivete,"Ivete Sangalo,Luciano Chaves,Samir Trindade",Ivete Sangalo,"Unknown Publisher,IESSI MUSIC LABEL LTDA,Warner Chappell Edições Musicais Ltda.",Performance,,00:04:35,,,,Inédito,,,,True,artist_alias,ConsolidadoDiversos_Dezembro23
Multishow,2023-11-01,Tvz - Jão - Idiota,,Idiota,"Jão,Pedro Tofani,Zebu",Jão,"Warner Chappell Edições Musicais Ltda.,Universal Music Publishing Mgb Brasil Ltda.",Performance,,00:02:58,,,,Inédito,,,,True,artist_alias,ConsolidadoDiversos_Dezembro23
Multishow,2023-11-01,Tvz - Marina Sena - Tudo Pra Amar Você,,Tudo Pra Amar Você,"Iuri Rio Branco,Marina Sena",Marina Sena,Boa Musica Brasil Direitos Musicais Ltda,Performance,,00:03:00,,,,Inédito,,,,True,artist_alias,ConsolidadoDiversos_Dezembro23
Multishow,2023-11-02,Tvz - Ivete Sangalo - Cria Da Ivete,,Cria Da Ivete,"Ivete Sangalo,Luciano Chaves,Samir Trindade",Ivete Sangalo,"Unknown Publisher,IESSI MUSIC LABEL LTDA,Warner Chappell Edições Musicais Ltda.",Performance,,00:04:35,,,,Inédito,,,,True,artist_alias,ConsolidadoDiversos_Dezembro23
Multishow,2023-11-02,Tvz - Jão - Idiota,,Idiota,"Jão,Pedro Tofani,Zebu",Jão,"Warner Chappell Edições Musicais Ltda.,Universal Music Publishing Mgb Brasil Ltda.",Performance,,00:02:58,,,,Inédito,,,,True,artist_alias,ConsolidadoDiversos_Dezembro23
Multishow,2023-11-03,Tvz - Ivete Sangalo - Cria Da Ivete,,Cria Da Ivete,"Ivete Sangalo,Luciano Chaves,Samir Trindade",Ivete Sangalo,"Unknown Publisher,IESSI MUSIC LABEL LTDA,Warner Chappell Edições Musicais Ltda.",Performance,,00:04:35,,,,Inédito,,,,True,artist_alias,ConsolidadoDiversos_Dezembro23
Multishow,2023-11-06,Tvz - Ivete Sangalo - Cria Da Ivete,,Cria Da Ivete,"Ivete Sangalo,Luciano Chaves,Samir Trindade",Ivete Sangalo,"Unknown Publisher,IESSI MUSIC LABEL LTDA,Warner Chappell Edições Musicais Ltda.",Performance,,00:04:35,,,,Inédito,,,,True,artist_alias,ConsolidadoDiversos_Dezembro23
Multishow,2023-11-29,Tvz - Marina Sena - Tudo Pra Amar Você,,Tudo Pra Amar Você,"Iuri Rio Branco,Marina Sena",Marina Sena,Boa Musica Brasil Direitos Musicais Ltda,Performance,,00:03:00,,,,Inédito,,,,True,artist_alias,ConsolidadoDiversos_Dezembro23
Multishow,2023-11-29,Tvz - Xamã – Malvadão 3,,Malvadão 3,"Gustah,Neo Beats,Xamã",Xamã,Addaf - Associação Defensora De Direitos Autorais,Performance,,00:02:39,,,,Inédito,,,,True,artist_alias,ConsolidadoDiversos_Dezembro23
Multishow,2023-11-30,Tvz - Marina Sena - Tudo Pra Amar Você,,Tudo Pra Amar Você,"Iuri Rio Branco,Marina Sena",Marina Sena,Boa Musica Brasil Direitos Musicais Ltda,Performance,,00:03:00,,,,Inédito,,,,True,artist_alias,ConsolidadoDiversos_Dezembro23
Multishow,2023-11-30,Tvz - Xamã – Malvadão 3,,Malvadão 3,"Gustah,Neo Beats,Xamã",Xamã,Addaf - Associação Defensora De Direitos Autorais,Performance,,00:02:39,,,,Inédito,,,,True,artist_alias,ConsolidadoDiversos_Dezembro23
