title,author
!MECHA!,
#AKUMASBEIZEBLACKINJAZZ,
#CDV (CIRCULO DA VIDA),
#LIVREPARATODOS,T-308.377.754-8
#MONTICOISANOBOLSODOCHERNOBYL,T-040.441.668-7
$PORT$UJO,T-310.338.386-0
$UAVONT$,T-301.718.602-2
(...),T-315.588.669-0
(DES)OBEDECER,T-316.113.148-8
(ESSA NOITE) A CASA E NOSSA,
(EU SEI) VOCÊ ESQUECEU,T-039.781.842-6
(NUNCA) É TARDE PRA NÓS DOIS,T-319.400.715-9
(NÃO) VOU TE ESPERAR,T-312.565.338-1
(PRIMEIRO) MUSIQUINHA PRA HANNA,T-324.606.155-8
+ QUE 1 AMIGO,T-039.900.035-1
+Q1 VANESSA - OU O VANESSA,T-040.059.522-3
... OU PROVAVELMENTE EU ESTAREI DORMINDO,
00:00:00,
061 FREESTYLE,T-331.024.712-8
081 DDD,T-301.718.606-6
1 DE AGOSTO,T-330.191.326-4
1 PRA 1,T-305.622.797-1
1 X 1,T-312.557.240-5
10 MINUTINHOS DOS FUNKS MAIS TOCADOS X,
100 COISAS PRA FAZER,
100 OLHAR,T-040.193.799-2
1000º,
12 X U,T-316.010.014-7
13KG,
14,
15 MATINADAS,T-932.504.058-2
157,T-317.923.803-6
157,T-335.571.843-9
157 DE XOXOTA,T-309.991.456-0
160 EQUIPADA,T-312.557.267-6
19,T-301.569.525-3
1904 ALARM,T-328.725.827-5
1996,T-039.405.579-8
2 X 2 MEU AMOR,T-312.557.279-0
20,
20 DE CADA,T-316.009.898-2
200 ONÇAS,
200 POR HORA,T-315.912.806-6
200 POR MINUTO,
200GR DE PMA,T-327.440.906-8
2012,T-040.347.904-8
2012,T-040.275.782-7
2020,T-301.721.117-1
2020,
2020 NUMA CASCA DE NOZ,
20VINCI,
22 ANOS,T-039.497.750-4
24 HORAS,T-325.559.559-2
24H,T-301.577.020-0
"25 É NATAL, 31 É ANO NOVO",T-319.461.096-9
3 MACETES,
3 MESES,T-039.632.961-5
3 PONTAS,
3 PRA 3,T-305.217.380-1
30KG DE MERDA,T-932.331.960-4
32 BARRAS,T-329.283.610-9
360,T-305.264.571-9
4 BARCAS,T-307.297.652-0
4 TONS,T-303.384.501-7
44444,T-333.217.346-9
44444 - VOLAC REMIX,
04:20:00,T-303.776.040-6
04:20:00,T-307.297.788-5
4DAMANHA,T-315.496.116-3
4º ANDAR,
5 ESTRELAS,
5 MINUTOS,T-306.925.953-2
5-6,T-309.423.402-9
50 VICIADOS EM UM BASEADO,T-306.794.551-7
50-50,
505 FASHION,T-328.638.280-3
567,T-301.569.530-0
5HR DA MANHÃ,T-327.279.630-8
600 MEU AMOR,T-932.331.989-7
62 BEATS,T-312.557.297-2
PSEUDÔNIMO,NOME DO TITULAR
62 BEATS DOMINA GOIÂNIA 1,T-312.557.321-5
ESTELITA,EDUARDO MELO PEREIRA LTDA
62 BEATS DOMINA GOIÂNIA 2,T-312.556.726-8
62 BEATS MAIOR DE GOIÂNIA,T-312.556.753-1
62 BETS DESTRUIU,T-313.795.929-2
655321,T-039.311.530-4
OLELE MUSIC,OLELE MUSIC PRODUCAO MUSICAL LTDA
YURI NISHIDA,YURI HIDEKI NISHIDA
7 A 1,T-932.331.959-1
GUILHERME ELIAS,GUILHERME CARVALHO NOYA ELIAS
LEEO MESQUITA,LEONARDO HANNA MESQUITA
7 CHAVES,T-335.571.842-8
LK MC,LUCAS DE LIMA SANTISSIMO
7 ERROS,T-335.571.841-7
7 ESFERAS,T-335.571.839-3
7 VIDAS,T-330.191.327-5
ANDREZ MACHADO,ANDREZ MALTA MACHADO
ARTHUR RAMOS,ARTHUR RAMOS CUNHA
DODO D AVILA,CLAUDIO ANDRE DE ANGELIS TAFFAREL
GUSTAVO VARGAS,GUSTAVO STEIN VARGAS
762,
8 CORRENTES,T-325.044.684-1
VICTOR XAMA,VICTOR GARCIA DE ALMEIDA
83 BEATS NOSSO AMOR,T-312.556.773-5
8669,T-311.567.878-5
MC CASO,EWERTON MENDES DA SILVA
88888888,
9 A.M,T-313.272.132-1
9 DO BANDIDO,
91 DIAS DEPOIS,T-332.348.817-7
95S,T-333.571.076-0
99,
09:00:00,T-301.577.029-9
A ARTE DE CRESCER,
A ARVORE DOS ENCANTADOS,T-039.296.552-4
A BALADA CAVERNOSA,T-325.193.805-9
A BEND INTHE RIVER,
A BOSTA HUMANA,T-330.774.756-0
A BRABA,
A BRUXA E A FADA,T-311.569.040-5
A CACHORRADA DO BAILE,T-310.670.101-9
A CADA PASSO,T-316.303.325-4
A CARA DO DEBOCHE,T-306.358.170-0
A CENA DO SEU ENFORCAMENTO,T-040.479.382-3
A CHANCE EM UM MILHÃO (ITADORI YUJI),T-327.329.644-5
A CHEGADA DE ZE DO NE NA LAGOA DE DENTRO,T-039.272.387-3
A CHUVA CAI LÁ FORA,
A COLA,T-039.593.536-0
A CONCORDANCIA,T-040.076.559-4
A CONSEQUÊNCIA DA VERDADE,T-308.377.756-0
A COR DO MEDO (JACK X HÉRCULES),
A CRISE CHEGOU A CLASSE MEDIA,T-300.969.223-9
A CRISE CHEGOU A CLASSE MEDIA - TRANSEI -,T-311.606.399-7
A CULPA NÃO É MINHA,T-310.670.108-6
A CURANDEIRA,T-307.298.917-0
A DANÇA,T-309.492.339-0
A DANÇA DOS PLANETAS,T-040.275.772-5
A DESTRUIÇÃO | BILLS,T-333.819.475-1
A DEUSA DO TROVÃO,
A DISPUTA,T-040.453.904-3
A DOR DO OUTRO,T-040.140.013-2
A DUPLA DO MOMENTO,T-312.557.221-2
A ERA DE KHONSHU,
A ESCOLHIDA,T-313.324.585-5
A FADINHA SE ENCANTOU,T-303.761.705-9
A FARSA DO ENTRETENIMENTO,T-316.010.013-6
A FINA IRONIA DIVINA,T-310.455.811-0
A FIRMA É FORTE,T-312.557.230-3
A FLOR DA PELE,
A FRONHA DO MEU TRAVESSEIRO,T-325.558.972-7
A FRONTEIRA,
A GENTE CHEGA,
A GENTE ESCAMA,T-311.569.045-0
A GENTE MORRE SOZINHO,T-039.721.690-8
A GENTE SE TEM,T-324.176.744-8
A GRANDE LUA,T-333.684.901-1
A GUERRA PERDIDA,
A HORA DOS MAGOS,T-039.844.466-0
A KIND OF BLUE,T-039.948.015-9
A LA MINUTA,T-039.954.620-3
A LEI,T-301.721.205-0
A LEI DA DUVIDA,T-040.429.753-5
A LISTA DAS BANDIDAS,T-301.721.121-7
A LUZ RESPLANDECE,T-327.329.643-4
A LÍNGUA DOS ORGASMOS,
A MAIOR DO PIAUÍ BET934,T-315.906.862-5
A MAIS BELA DEVORADORA DE VAIDADES,T-327.329.650-3
A MAIS LINDA DO VERÃO,T-307.418.154-3
A MALDIÇÃO DO AMOR (YUTA),
A MAQUINA,T-039.497.769-5
A MAQUINA QUE SONHA COLORIDO,T-039.544.556-3
A MARCA DO MOMENTO,T-312.557.245-0
A MARCHA DO CÃO,
A MATADEIRA,T-039.268.960-9
A MELHOR COISA DO MUNDO,T-315.045.486-3
A MELHOR DO BAILE,T-303.015.587-0
A MELHOR VERSÃO DE MIM,
A METÁFORA NEM SEMPRE SERVE,T-040.160.950-4
A MINA,T-301.567.086-3
A MODA,
A MORTE DO MESSIAS,T-316.009.971-4
A MORTE PEDE CARONA,T-302.003.933-8
A MORTE PEDE CARONA (INSTRUMENTAL),T-301.178.813-5
A MOÇA QUE EU VI NA TV,T-313.414.037-3
A MUSA QUE ME QUER ASSIM,T-039.829.758-9
A MÚSICA MAIS INSPIRADORA DO SÉCULO XXI,T-301.721.202-7
A MÚSICA MAIS VIOLENTA DA COLETÂNEA DO,T-330.774.843-8
A NOITE NÃO É DE NINGUÉM,T-040.226.894-3
A NORDESTINA,T-040.453.897-1
A NOVA 1,T-039.748.719-2
A ONDA DAS NOVINHAS,T-040.166.263-2
A PEDRA,T-039.823.133-8
A PEÇA NA CINTURA,T-311.602.303-7
A PIADA E ESSA,
A PIOR MENTIRA,T-308.466.948-3
A PRECE,T-308.633.926-2
A PRINCESA E O PLEBEU,T-040.247.471-8
A PROCURA DE AVENTURA,
A RABA,T-305.213.854-8
A REDE,T-039.877.781-5
A RESENHA DO HOMEM GOL,T-303.014.039-3
A RESSURREIÇÃO,T-327.329.642-3
A RUA SABE,T-307.298.918-1
A RUPTURA DA LINEARIDADE DO TEMPO,
A SAFADEZA COMEÇOU,T-310.670.111-1
A SALA AZUL,T-039.325.366-1
A SECA,T-333.177.117-2
A SETE PALMOS DO CHÃO,T-330.774.755-9
A SONG OF INCUBATING DESPOTISM,
A TEMPESTADE,T-302.000.830-0
A TROCO DE NADA,T-040.429.752-4
A TROPA,T-931.214.622-8
A TROPA DE DAR PRAZER,T-324.578.951-5
A TROPA TE DAR PRAZER,
A TROPA VAI TE CARIMBAR,
A VACINA CHEGOU,T-303.646.216-1
A VERDADEIRA DOR (RAP DO PAIN),T-327.329.641-2
A VIDA BATE,
A VIDA COBRA,T-310.555.800-3
A VIDA CONTINUA,T-305.267.264-3
A VIDA NAO E ESSA,T-328.085.971-0
A VIDA NAO E SOPA,T-325.193.807-1
A VIDA QUE VOCÊ ME DEU,
A VIDA É BEM MELHOR A DOIS,T-302.347.076-6
A VIDA É UM VINHO BARATO,T-040.149.329-5
A VINGANÇA DO CHORÃO 3,T-330.774.831-4
A VOLANTE,T-039.316.091-2
A VOZ DO CORAÇÃO (KIZNAIVER),
A.C.M.,
A.R.T.E,T-313.642.501-5
A3,T-301.721.129-5
ABANDONO,T-039.243.730-7
ABATEDOURO,T-330.774.830-3
ABENÇOADO,T-317.707.397-7
ABERTURA,T-040.444.542-6
ABISMO,T-303.016.284-2
ABISMO,T-315.588.616-7
ABOIO PARA O LUAR,T-331.467.134-2
ABOIO PRA VIDA,T-040.035.487-1
ABORRECIMENTO,T-317.794.261-5
ABOVE YOUR HEAD,T-317.794.260-4
ABRACO,T-039.497.779-7
ABRAÃO - O PAI DA FÉ,T-327.396.806-8
ABRAÇO DO TEMPO,
ABRO A GELADEIRA,T-309.423.403-0
ABSURDO,T-307.415.897-3
ABYSS OF LOST SOULS,
ACABAR O ESTRESSE,T-305.264.576-4
ACABOU,T-039.497.780-0
ACABOU A ÁGUA,T-322.283.045-3
ACADEMIA ALPHA,T-312.557.257-4
ACALANTO E PAIXAO,T-039.168.340-1
ACAMPAMENTO,T-039.248.314-5
ACEITAR É O CARALHO,T-305.217.518-1
ACENDER II,
ACENDEU,T-039.741.123-2
ACID FOR BLOOD,
ACONCHEGOS,
ACORDEI SAFADA,T-309.991.452-6
ACORDES E SONS,
ACREDITAM EM TUDO,
ACREDITEI,T-311.571.553-8
ACUCAR,T-039.518.900-0
ACUSTICO ALTAMIRA #11 - ESCORPIANA,
ACUSTICO ALTAMIRA #13 - AMOR,
AD ASTRA,T-316.010.031-8
ADDICTED TO MOSH,T-308.121.964-5
ADELAIDE SUA BOBA,T-040.441.814-9
ADEPTO,T-310.344.147-6
ADESTRAMENTO,T-312.557.156-0
ADEUS,T-932.208.035-3
ADEUS,T-301.718.738-7
ADIOS SOPHIA,T-039.781.839-1
ADMIRAÇÃO,T-324.835.185-7
ADÃO: REFLEXO DIVINO,T-325.461.016-3
AEROXOTA,T-311.606.158-2
AFINACAO VIOLA CAIPIRA,T-040.076.564-1
AFONSINA,T-317.817.149-4
AFONSINHA,T-040.076.016-8
"AFROCYPHER, VOL. 7",
AFROKALIPSE,T-316.303.320-9
"AFROKALIPSE, O RETORNO",T-335.962.471-4
AFRONAUTA,T-316.329.275-5
AFRORREGAETON A BRASILEIRA,T-039.662.241-5
AFTER DO BRUXO,T-333.873.216-0
AFTER NUCLEAR DEVASTATION,T-308.121.957-6
AFTERMATCH,T-931.021.392-4
AGACHA E SOBE,T-322.821.223-1
AGAIN AND AGAIN,
AGAINST THE TIDE,T-320.125.982-3
AGDA,
AGDA - REMIX,T-315.589.501-1
AGONIA,T-313.250.438-8
AGORA,T-040.285.611-4
AGORA CRESCEU,T-306.928.598-5
AGORA E QUE SAO ELAS,T-042.153.607-3
AGORA E TARDE DEMAIS,T-039.168.112-1
AGORA FUDEU,T-306.358.176-6
AGORA O PAU VAI TORAR,T-306.794.532-4
AGORA VAI,T-313.255.747-8
AGORA É CACHORRA SAFADA,T-315.996.154-9
AGRADECE,T-040.279.886-0
AGRESSAO REPRESSAO,T-039.593.533-7
AGRESSIVIDADE,
AGRIDOCE,
AGÔ,
AH VIDA AVIDA,
AHH EU VOU TE BOTAR,T-327.279.655-7
AHHHH EU VOU ME MA RAVE FUNK,
AI AI AI,T-305.267.265-4
AI AI VOCÊ METE BEM DEMAIS,T-333.752.205-7
AI AMOR,
AI CALICA,T-317.817.146-1
AI CARAMBA,T-040.000.396-4
AI DO NADA ELA QUER SENTAR E NÃO PARA,T-327.279.654-6
AI MEU DEUS,T-321.150.629-1
AI MEU OVO,
AI MINHA BUCETINHA,T-300.975.411-0
AI QUE VONTADE DE METER,T-040.000.443-4
AI VEM VAI,T-930.847.133-2
AILIN ALEIXO,T-313.414.036-2
AINDA BEM QUE VOCÊ APARECEU: CHOPPER -,T-329.132.241-9
AINDA NÃO,T-313.414.032-8
AINDA TE ESPERO,T-039.167.676-8
AIR MAIL SURGERY,
AIZEN SOUSUKE: MANIPULAÇÃO,T-325.816.106-3
AJUDA,T-306.926.933-2
AJUDE,T-039.247.857-7
AK 47,T-313.413.921-8
AKI HAYAKAWA (CHAINSAW MAN),T-321.651.434-6
AKI HAYAKAWA: PRESO NO INVERNO,T-325.816.103-0
AKIRA TENDOU: EU ME SINTO LIVRE,T-325.816.101-8
ALAMEDAS,T-039.823.132-7
ALARME FALSO,T-317.794.250-2
ALBATROZ,T-301.567.099-8
ALBUM DE FOTOGRAFIA,T-039.971.451-2
ALCANÇANDO O CÉU COM OS PÉS NO CHÃO,
ALDEIA DA FOLHA,T-324.056.266-3
ALEGRIA DO POVO,T-325.193.817-3
ALEGRO PIRADISSIMO,T-315.728.916-8
ALELUIA,
ALEM MAR,T-040.076.556-1
ALEMÃO NÓS METE BALA,T-306.076.008-5
ALEPH,T-330.487.815-3
ALERTA ANTIFASCISTA,T-316.010.012-5
ALFABETO SELVAGEM,T-311.950.885-5
ALGO ERRADO,
ALGODAO,T-308.634.729-3
ALGODAO (INSTRUMENTAL),T-323.072.503-4
ALGODÃO INTERLÚDIO,T-322.010.799-9
ALGUEM NO CEU,T-042.035.844-6
ALGUEM TEM ISQUEIRO? 2,T-315.913.016-8
ALGUM DIA,T-306.925.931-6
ALGUÉM ACENDA ESSAS LUZES POR MIM,T-040.226.895-4
ALGUÉM TEM ISQUEIRO?,T-305.265.530-4
ALICERCES,
ALIEN,
ALIENACAO,T-039.748.715-8
ALINE,T-307.003.482-7
ALIVIANDO O STRESS,T-301.719.222-8
ALL I NEED,T-300.959.949-5
ALMA,T-300.966.231-7
ALMA INQUEBRÁVEL,
ALMAS EM COPOS DE VIDRO,T-334.542.345-8
ALMIRANTES TRAP,
ALMOST DEAD,T-040.081.802-1
ALMOÇANDO ABUTRES,T-330.774.711-7
ALO VIGIA,
ALOTRÓPICO,T-316.329.274-4
ALPHA E OMEGA,T-320.125.927-6
ALTA PERFOMANCE,T-317.794.248-8
ALTA PERFORMANCE,
ALTERED BEAST,T-320.125.926-5
ALTO DO CRUZEIRO,T-039.268.884-4
ALTO ESTIMA,T-039.247.869-1
ALUCINADA,
ALUCINADA,T-330.989.231-3
ALUGUEL,
ALVES BETS,T-315.906.861-4
ALVORADA,T-040.011.846-8
ALVORADA,
ALÉM DO EGO,
ALÉM DO REAL,
ALÔ AMOR,T-319.876.206-6
"ALÔ MEDINA, ALÔ NEYMAR",T-306.799.512-0
AMA PUTARIA,T-308.505.736-5
AMADA MENINA,
AMADURECER,T-301.562.279-0
AMALDIÇOADO,
AMALGAMA,T-039.948.016-0
AMANDO VOCE,
AMANHECER,T-040.285.612-5
AMANHECEU,T-040.456.368-3
AMANHECEU NUBLADO,
AMANHÃ,T-307.004.953-1
AMANHÃ EU FAÇO,T-327.440.924-0
AMANTE DO TEU MARIDO,
AMANTE EXTRAORDINÁRIO,T-306.856.759-5
AMARO WHITE,T-039.425.494-4
AMASSA - REMIX,
AMBIENTA,T-303.385.327-5
AMERICA,T-039.497.748-0
AMIGA BANDIDA,T-308.505.743-4
AMIGA PORRA NENHUMA,T-306.794.540-4
AMIGA QUE É AMIGA,
AMIGA TALARICA,T-304.709.732-1
AMIGA TALARICA,T-315.913.015-7
AMIGO,
AMIGO DO MEU EX,T-313.254.944-7
AMIGO LOCUTOR,
AMIGO NA FLORESTA,
AMIGOS VALEM MAIS DO QUE ASFALTO,T-040.506.446-1
AMIGOS.COM,T-305.710.995-8
AMIZADE COLORIDA,T-304.311.947-3
AMIZADE COLORIDA,T-312.549.818-8
AMONG THE SNAKES,T-328.725.839-9
AMOR DE DOIS,T-039.949.217-1
AMOR DE FEIRA,
AMOR DE MENTIRA,T-325.156.672-6
AMOR DE PAI,T-040.080.482-1
AMOR E ODIO,T-039.311.536-0
AMOR EM ALTO-MAR,
AMOR EU QUERO DA MINHA MÃE,
AMOR INCENDIÁRIO,T-040.507.369-9
AMOR NAO E DISPUTA,T-315.135.472-8
AMOR PERFUME,T-327.329.649-0
AMOR PESADO,T-040.347.912-8
AMOR PROIBIDO,T-301.988.996-0
AMOR PROIBIDO,T-306.795.614-9
AMOR QUE VEM E VAI,T-325.962.337-1
AMOR É UM (SKIT),T-311.949.967-7
AMOR É UM CARAIO,T-325.832.226-4
AMORA,
AMPARO,T-040.511.898-0
AMSTERDAM,T-301.577.146-3
AMULETO: BAJI KEISUKE (TOKYO REVENGERS),
AMÉM,T-301.719.223-9
ANA,
ANARCO-COPS,
ANCESTRAL,T-040.340.380-4
ANCHORAGE,T-040.106.200-7
ANCK-SU-NAMUN,
ANDANDO SOBRE PEDRAS,T-040.522.267-4
ANDARILHO,T-330.191.305-9
ANDARILHO DO SERTAO,
ANDROIDE PERFEITO,
ANESTESIA,T-040.429.751-3
ANGEL OF THE NIGHT,T-324.707.939-2
ANGELA'S GRACE,
ANGELS HAARP,T-040.106.201-8
ANGOLA,T-039.877.805-6
ANGÚSTIA NO OLHAR,T-334.542.340-3
ANIMA,T-039.497.775-3
ANIMAIS,T-309.640.384-4
ANIMAL SIDE,T-039.947.949-2
ANJO GABRIEL - O MENSAGEIRO,T-327.396.805-7
ANJOS,T-307.003.484-9
ANNA E EU,T-042.011.309-2
ANNE FRANK,
ANO NOVO,T-040.160.951-5
ANOHANA,
ANOITECEU,T-311.955.867-3
ANOMALIA,
ANOTA A PLACA (REMIX),
ANOTHER POINT OF VIEW,T-320.125.925-4
ANOTHER SOLUTION,
ANTES DA PRIMAVERA,
ANTES DA SAGA,T-040.348.478-5
ANTES DO BAILE,T-321.339.045-1
ANTES DO SOL SE PÔR,T-313.414.029-3
ANTES DOS MOUROS,T-039.268.873-1
ANTES QUE CENSUREM,T-300.980.218-6
ANTHROPOLOGICA N° 1,
ANTHROPOLOGICA N° 2,
ANTI MATÉRIA,T-316.009.698-6
ANTI-HERÓI: 14 ANTI-HERÓIS 1 RAP,T-325.816.095-7
ANTI-MODA,T-330.774.775-3
ANTONIO CERESER '93,T-300.960.773-8
ANTÍDOTO: DAVID (CYBERPUNK),
AO NORTE DO FIM DO MUNDO,T-310.338.196-6
AO SOM DA MARÉ,T-305.215.256-0
AOS 45,
AOS CAROS AMIGOS,T-325.193.696-2
AOS EXILADOS,
APACIDONATA,
APAIXONADA? QUE NADA,
APAIXONEI NA GLOCK (ARROCHADEIRA),
APERTEI O BOTÃO,T-308.505.749-0
APG SOCIETY,T-312.557.182-2
APOCALIPSE (A TERRA VAI TREMER),T-327.329.640-1
APOCALIPSE JEANS,T-040.348.477-4
APOCALIPSE PESSOAL,
APOCALYPSE ENGINE,T-308.121.956-5
APONTAMENTOS DE UM OTIMISTA RECEM,T-040.160.952-6
APONTE PRO ESPELHO,T-040.341.120-0
APOSTA BRUTAL,T-329.193.023-5
APOSTA GANHA,T-313.316.281-5
APOSTA GANHA 2,T-312.557.197-9
APOSTADOR BET,T-315.906.860-3
APOSTE SEMPRE,T-312.557.212-1
APOSTE SEMPRE NOSSO AMOR,T-312.557.229-0
APOTIGUAR ESPORTES,T-313.795.637-3
APRECIACAO,T-040.035.348-1
APRENDIZ,
APÓSTOLO PEDRO - QUEM DIZES QUE EU SOU?,T-327.396.804-6
AQUARELA,
AQUECIMENTO DA ACADEMIA,T-320.109.227-1
AQUECIMENTO DA BOND,T-321.150.628-0
AQUECIMENTO DA BOND - REMIX,T-321.150.627-9
AQUECIMENTO DA SANFONA,T-327.279.653-5
AQUECIMENTO PRA ELAS,
AQUECIMENTO TOMA TOMA,T-311.569.050-7
AQUELA MARQUINHA,T-301.575.213-9
AQUELA SORTE,T-311.570.924-1
AQUELAS,
AQUELAS COISAS,T-317.817.145-0
AQUELE QUE ENXERGA NO ESCURO (INTERLÚDIO),T-310.338.191-1
AQUELE QUE FAZ GOSTOSO,T-303.488.495-8
AQUELE SEGREDIN,T-317.358.612-0
AQUI,T-039.298.063-0
AQUI JAZZ,T-330.774.828-9
AQUI É SÓ PRAZER AMOR,T-323.105.004-3
AQUITAQUENTE,T-330.285.549-4
AR CONDICIONADO,T-311.594.394-3
AR CONDICIONADO PART 2,T-311.569.055-2
AR SORTEIOS DA SORTE,T-313.795.636-2
ARACNE,T-303.016.278-4
ARANHAVERSO,
ARARA AZUL,T-039.167.529-8
ARBITRARIA DISCRIMINACAO,
ARCANJO MIGUEL - QUEM É COMO DEUS?,T-327.330.054-8
ARCANJO RAFAEL - A CURA DE DEUS,T-327.396.803-5
ARCANJOS: RESPEITA O ARCANJO,T-327.329.631-0
AREIAS DE JERI,T-932.738.450-9
AREMIUQ (SÜLFÜR REMIX),T-303.113.515-2
ARENA CHAPADINHA,T-315.906.859-0
ARENA SFBET INVESTINDO NO ESPORTE,T-312.557.259-6
ARENA SFBETS,T-312.557.273-4
ARENA SÃO FRANCISCO,T-312.557.247-2
ARIA,T-039.168.254-4
ARIANA - ACUSTICO ALTAMIRA 4# - PELE,
ARMADILHA,
ARMADILHAS,T-306.856.460-9
ARO20,T-335.482.840-9
ARQUITETOS DA DESGRAÇA,T-932.331.967-1
ARRANCA DIU,T-315.996.153-8
ARRASTABLUES,T-040.035.485-9
ARREMEÇA,T-327.533.195-4
ARRUDA SO SANGUENARIO,T-040.143.716-8
ARTE DO SEXO,
ARTE DO SEXO,T-312.557.283-6
ARTE NO SEXO,T-306.926.934-3
ARTE RARA,
ARTIFÍCIOS,
ARTILLERY ATTACK,
ARTISTA VIAJANTE,
ARÁBIA DA COSMOLÂNDIA,T-327.279.652-4
ARÁBICA,T-040.432.386-9
AS CRIA DA FAVELA,T-305.217.317-4
AS FLORES DA SUA CABECA,T-325.193.729-4
AS FLORES E A ALEGRIA,T-317.794.247-7
AS HORAS,T-040.149.330-8
AS LASCAS DO QUARTZO ROSA,
AS MAQUINAS,T-325.193.813-9
AS MUITAS MANEIRAS DE ARRUINAR SUA VIDA,T-040.479.383-4
AS NEGA DE BOA VIAGEM,
AS NOVINHA DO XERECÃO,T-315.913.014-6
AS PALAVRAS,T-039.920.336-1
AS PALAVRAS NUNCA VOLTAM VAZIAS,
AS PESSOAS FAZEM MERDA ( MARCELO GRANJA,T-303.021.477-4
MARCELO GRANJA,MARCELO CARDOSO GRANJA DE ANDRADE
AS TERÇAS PODEM SE INVERTER,T-306.796.733-9
ESTEBAN,RODRIGO DA FONSECA TAVARES
AS VEZES,T-303.014.115-8
MANEIRINHO NA VOZ,FABIO LINCOLN FERREIRA DE SANTANA
AS VEZES PENSO,T-039.497.718-4
VINI ZAMPIERI,PAULO VINICIUS ZAMPIERI
AS VEZES TENHO TANTO MEDO,T-040.149.331-9
PHILLIP LONG,FELIPE ALVES FERREIRA DA SILVA
AS VEZES TENTO TANTO MEDO,
AS VIDAS NEGRAS IMPORTAM,T-300.977.406-1
SHEVCHENKO,ROBSON DE OLIVEIRA RODRIGUES
ASAS DA VINGANÇA,T-316.010.104-8
ASK ME OUT,T-039.497.719-5
ASMITA DE VIRGEM: SACRIFÍCIO,
LEX CLASH,ALEX DE SOUZA SANTIAGO
ASMODEUS,T-330.191.313-9
ASPROS DE GÊMEOS: CAMINHANDO NA ESCURIDÃO,T-327.329.701-7
ASSALTANTE DE XERECA,T-305.268.133-7
CH DA ZO,CHARLLYSON LUIZ DO CARMO LIRA
ASSALTO NA ESQUINA,T-316.010.097-6
ASSASSINOS,T-330.774.827-8
ASSIM REINA O HOMEM,T-040.011.898-0
ASSIMÉTRICO,T-325.044.653-4
ASSIS,T-039.247.867-9
ASSOMBRAÇÃO DO SUBMUNDO,T-327.279.651-3
ASSOVIO,T-039.826.378-9
ASTA E NOELLE: AQUI ROLA MAGIA II,T-325.816.090-2
ASTERIX,
ASTROLOGIA D'RUA,T-317.794.246-6
ASTRONAUTA,T-306.794.336-2
ASTRONAUTA SERTANEJO,T-335.482.831-8
ASTRONAUTAS DO ASFALTO,
ASTROS E ESTRELAS,T-310.247.618-2
ASTÚCIA,
ATACK FORMEN,T-312.557.295-0
ATAQUE - INSTRUMENTAL,
ATE O FIM,T-042.023.019-8
ATE VOCE PASSAR,T-039.517.145-5
ATEMPORAL,
ATITUDE ZERO,
ATIVANDO MODO RATO,
ATIVEI O MODO RATÃO,
ATIVIDADE NA LAJE,T-039.285.654-0
ATLAS,T-039.947.950-5
ATLAS,T-327.329.680-9
ATLETAS DE KISPO,T-930.563.450-8
ATLÂNTICO,T-328.725.712-5
ATLÉTICO CONCÓRDIA,T-312.557.161-7
ATLÉTICO TERMIR,T-315.906.857-8
ATO 2,T-317.794.245-5
ATO 5,T-317.794.244-4
ATOANAGAROA,
ATOM,
ATOMIC NIGHTMARE,T-308.121.955-4
ATRAÇÃO DA FESTA,T-335.521.810-5
ATÉ A ONDA ACABAR,T-308.114.558-2
ATÉ A ONDA ACABAR (REMIX),T-310.457.785-3
ATÉ AS TAMPA,T-040.429.658-7
ATÉ CHEGAR O CARNAVAL,T-305.214.264-6
ATÉ EMBAIXO,T-305.217.773-4
ATÉ ENLOUQUECER,T-310.457.143-5
ATÉ FICARMOS ALTOS,T-315.958.051-1
ATÉ MAIS,T-307.004.955-3
ATÉ ME TORNAR HOKAGE,
ATÉ O CAROÇO,T-316.180.983-8
ATÉ O CÉU,T-333.819.469-3
ATÉ O OSSO,
ATÉ O ÚLTIMO HOMEM,T-327.396.802-4
ATÉ QUANDO,T-040.344.099-2
ATÉ QUEBRAR (CHIGIRI),T-334.542.338-9
ATÉ QUEBRAR A CAMA 2.0,
ATÉ TE SALVAR - TAKEMICHI: TOKYO REVENGERS,
ATÉ UMAZÓRA,T-324.606.269-7
AUBREY (OMORI),T-321.651.433-5
AUCTION,T-040.448.240-1
AULA DE GEOGRAFIA,T-310.338.193-3
AULA NA SENTADA,T-304.709.734-3
AURAS,
AURAS REMAKE,
AURORA,
AURORA BOREAL,T-931.652.334-9
AUTO AJUDA,T-039.497.716-2
AUTO DESTRUICAO,T-039.550.401-4
AUTO-AFIRMAÇÃO,
AUTO-REFERENCIAL BLUES,T-322.966.986-3
AUTOFAGIA,T-302.003.951-0
AUTOGUERRILHA,T-316.010.096-5
AUTOMAT,T-301.567.106-0
AUTOMOTIVO DARK,
AUTOMOTIVO JUDAS,T-324.578.950-4
AUTOMOTIVO MELODIA DO TERROR KIKA KIKA,T-321.654.242-2
AUTOMOTIVO MELÓDICO,T-324.472.378-8
AUTOMOTIVO OUTSIDE,T-324.588.554-1
AUTOMOTIVO POTOKI TE BOTO E TE TACO,T-327.279.629-5
AUTOMOTIVO SACODE BAILE,
AUTOMOTIVO SOLITUDE,T-322.597.198-8
AUTOMOTIVO SOLITUDE,T-324.175.044-3
AUTOMOTIVO SOLITUDE SLOWED,T-324.579.313-5
AUTOMOTIVO SOLITUDE SPEED UP,T-324.579.289-2
AUTOMOTIVO TAN TAN TAN HERE WE GO,T-327.279.650-2
AUTOMOTIVO UNHOLY,T-324.579.288-1
AUTORIDADE,
AVANCINI,T-306.927.716-9
AVE MARIA,T-040.076.547-0
AVISA LÁ,T-309.246.242-1
AVISA QUE EU TÔ BEM,T-306.799.477-4
AVISTEI O NOVIN,T-330.774.208-7
AWAY FROM ME,T-328.725.838-8
AYANOKOJI E SAKAYANAGI: ATRAÇÃO MENTAL,
"AYANOKOJI, KIRA E LELOUCH: GÊNIO",T-331.711.223-1
AYANOKOJI: FRIO E CALCULISTA,T-325.816.088-8
AZUL (INTERLÚDIO),
AZUL DOS MUROS,T-321.651.432-4
AZZ VEIZZ EXTENDIDA,T-040.369.070-9
AÇAI NORDESTE,T-312.557.268-7
AÇAITERIA E SORVETERIA VEGAS,T-312.557.281-4
AÇOITE DO VENTO,T-327.329.658-1
AÇUDE NEGRO,T-308.121.894-8
AÉREO,
AÍ AMOR,T-307.202.252-3
AÍ CALICA - REMIX BREGA FUNK,T-306.856.453-0
AÍ DROGA,T-303.766.121-1
AÍ MINHA PORROQUINHA,T-317.214.669-5
"AÍ, UI, AÍ MACONHA, COCAÍNA, LOLÓ E TUDO",T-304.155.264-7
B.O,T-040.453.906-5
B6 BET,T-315.906.852-3
BABE VOU BOMBAR,T-040.048.735-5
BABILONIA PT. 02,
BABILÔNIA,
BABY BOO,T-322.696.253-0
BABY RELAXA,T-330.775.248-9
"BABY, NO CRY",T-335.571.862-2
BABYLON BURNING,T-317.794.243-3
BACANAS,T-317.839.738-7
BAD BITCH,
BAD GIRL,T-309.989.648-3
BAD TRIP,T-317.794.242-2
BADDEST BOYS AROUND,
BAFORA E MAMA,T-306.800.348-1
BAFORA E MAMA,T-308.466.021-5
BAFOROU SENTOU,T-306.460.138-9
BAIAO CIGANO,T-039.167.525-4
BAIAO DA RUA,T-040.453.084-2
BAILA,T-323.099.963-6
BAILA COMIGO?,T-931.807.388-0
BAILARINA,T-311.569.060-9
BAILARINA,T-313.602.491-0
BAILE,T-316.613.511-7
BAILE DA CLEY,T-310.336.876-5
BAILE DA COLÔMBIA,T-306.793.599-9
BAILE DE COMUNIDADE,T-306.800.597-6
BAILE DE FAVELA,T-303.383.693-6
BAILE DO FEDERAL DISTRICT,T-314.300.082-8
BAILE DO MARROCOS,T-306.798.782-6
BAILE DO SCALA,T-306.856.949-9
BAILE INFECTADO,T-305.624.084-3
BAILE NO CÉU,T-332.348.819-9
BAIXINHA DO RABETÃO,T-312.557.172-0
BAKUGOU: ATÉ O DIA QUE EU MORRER,T-327.329.700-6
BALA PERDIDA,T-330.774.826-7
BALADA DA CALMA,T-325.193.814-0
BALADA DO CORPO PERDIDO,T-325.193.795-4
BALADA DO TEMPO PERDIDO,T-333.177.070-4
BALADA ESPACIAL,T-301.567.119-5
BALADA PRA QUEM NUNCA MORRE (BALLAD FOR,T-325.193.793-2
BALANCO,T-039.828.191-8
BALANÇA,T-306.855.597-1
BALANÇA,T-321.980.610-3
BALANÇANDO A BUNDA (PHONK),T-327.279.649-9
BALANÇAR MEU BARRACO,T-313.277.744-3
BALANÇO BOM,T-302.129.723-0
"BALANÇO, DEVANEIOS & O RITMO DO VERÃO",T-322.966.923-8
BALAS & CANIVETES,T-308.933.804-1
BALDE DE CERVEJA,T-306.795.600-3
BALEIA AZUL,T-040.193.775-4
BALLAD OF TOM,T-039.948.017-1
BALMAIN,
BALÃO SOBE E A BUNDA DESCE,T-324.470.850-3
BAN,T-321.651.417-5
BANANA,T-303.113.484-2
BANCO CARAMELO,T-311.603.982-4
BANDEIRAS PELO CHAO,T-039.497.710-6
BANDIDA,
BANDIDA,T-313.263.400-1
BANDIDA CHAPA QUENTE,T-301.567.127-5
BANDIDA CHAVOSA,T-315.996.152-7
BANDIDA DE FACÇÃO,T-310.339.449-2
BANDIDA DEMAIS,T-311.590.375-4
BANDIDA MALDITA,T-304.715.840-3
BANDIDA MÁ,T-308.114.559-3
BANDIDA Nº 1,T-315.913.013-5
BANDIDA SAFADA,T-311.599.376-1
BANDIDA TREINADA,T-305.268.138-2
BANDIDO DA QUEBRADA,T-305.217.778-9
BANDIDO DA ROÇA,
BANDIDO EXPERIENTE,T-315.996.151-6
BANDIDO MAL,
BANDIDO MAU,
BANDIDO NERVOSO,T-303.762.506-8
BANDIDO VIGARISTA,
BANDIDÃO,T-324.471.710-6
BANHA,
BANHO DE CERVEJA,T-040.441.878-5
BANHO DE ESPUMA,T-311.604.310-4
BANQUEIRO MUNDIAL MAGO DO BOZÓ,T-312.557.183-3
BAOBA,T-303.385.332-2
BARATINO,T-321.527.088-1
BARATINO DE BANDIDA,
BARATINO LOUCO,T-305.268.152-0
BARATINO LOUCO - REMIX BREGA FUNK,T-306.793.605-0
BARBIE,T-321.330.288-2
BARBIE - SPOTIFY SINGLES,
BARCA DE SWOOSH,
BARRA BANDEIRA,T-040.340.340-6
BARRA DE JANGADA,T-327.329.648-9
BARRACO ARMADO,T-040.388.646-3
BARRACO CHIQUE,T-317.934.278-6
BARRACO DO AMOR,T-305.213.666-6
BARULHINHO DE CHUVA,T-308.466.024-8
BASEADO LENTO,T-321.671.551-0
BASTA DE OPRECIÓN,T-330.774.774-2
BATATINHA EMPREENDEDOR,T-315.906.856-7
BATATINHA QUANDO FRITA VIP,
BATE A BUNDA,T-313.263.397-3
BATE BATE,T-303.777.229-1
BATE BATE,T-311.571.754-5
BATE BOTA BATE,T-333.248.809-8
BATE E APANHA,
BATE FORTE CORAÇÃO,T-328.698.323-7
BATE NA RABA,
BATE NO CHÃO,T-303.015.559-6
BATE O PEZINHO TREME O BUMBUM,T-040.000.432-1
BATE O SOLO,T-305.216.164-1
BATENDO FORTE,
BATIDÃO DOS MALOKA,T-306.800.604-8
BATIDÃO DOS MALOKA,
BATISMO DE OGÃ,T-305.220.120-0
BATMAN,T-321.651.416-4
BATMÓVEL DE BANDIDO,T-325.956.202-8
BATOM DA KYLIE,T-301.718.613-5
BATTLE SCARS,T-320.125.924-3
BAÚ DO TESOURO,T-335.571.861-1
BE A BA,T-039.243.729-4
BE LIVE,
BE WELL,T-300.965.920-1
BEAT AUTOMOTIVO GUITAR TAN TAN TAN,T-311.951.971-6
BEAT AUTOMOTIVO HALLOWEEN,T-313.321.405-4
BEAT AUTOMOTIVO KNOCK GAME,T-311.959.105-4
BEAT AUTOMOTIVO TAN TAN TAN 2,T-311.952.941-4
BEAT AUTOMOTIVO TÁ DOENDO O GRAVE AE,T-311.594.353-4
BEAT AUTOMOTIVO UPA NO CAVALINHO,T-313.312.272-8
BEAT DOÇURAS OU TRAVESSURAS,
BEAT ENVOLVENTE,T-304.715.662-3
BEAT HUGO CAPCAT,T-327.279.646-6
BEAT LALALA VAPO VAPO,T-327.279.645-5
BEAT MAIS BOOMBAP,
BEAT MANDELÃO TAN TAN TAN,
BEAT MINIGAME VS PÁSSARO DESCONTROLADO,
BEAT PERSONALITY,T-327.279.644-4
BEAT TAN TAN TAN MODINHA VIRAL TREND,
"BEAT TORTO, PAPO RETO: AVULSO #04",T-323.310.432-6
BEATZIN FOFO,T-327.279.643-3
BEBENDO DIARIAMENTE,
BEBIM,T-331.406.650-3
BEBO TEMPESTADE,
BEBÊ AI QUE SAUDADES,T-309.991.479-7
BEBÊ DA CARA DE MAL,T-301.719.243-3
BEBÊ QUE SAUDADE DE VOCÊ,T-327.279.903-4
BECO DO GERA,T-303.013.759-4
BECO DO PRIMEIRO PART 2,
BEEH,
BEIJINHO NO OMBRO,T-311.569.064-3
BEIJO DE PAPEL,T-306.856.410-9
BEIRA-MAR,
BELA MORTE,
BELEZAS NATURAIS,T-309.493.929-0
BELO CARNAVAL,T-040.166.883-4
BEM BOOM BAP,T-311.957.353-0
BEM BOOM BAP - REMIX,T-311.953.393-2
BEM GOSTOSINHO,T-313.225.065-4
BEM GOSTOSINHO,T-317.934.277-5
BEM MAIOR,T-932.924.842-2
BEM ME QUER MAL,T-311.957.824-0
BEM PRA NÓS,T-305.218.742-1
BEM TE VI,T-315.798.949-2
BEM TE VI - REMIX,T-315.684.826-5
BEM VINDO AO SHOW,
BEM-VINDA AO LAR,
BEMDITO - BATOM NO ESPELHO,T-321.339.711-2
BENDING AND BREAKING,T-040.023.889-2
BENEDITO MEIA LEGUA,T-315.787.714-6
BENEFÍCIOS (MENSAGEM),T-317.794.240-0
BENJAMIN,T-325.200.655-2
BERIMBAU CRIMINOSO,T-324.579.285-8
BERIMBAU CRIMINOSO,
BERIMBAU SINÔNIMO,
BERLIN,T-040.147.648-9
BERMUDINHA BERMUDÃO,T-316.009.897-1
BERNARDO PRADO SOCIETY,T-312.557.198-0
BESTA MAGA,T-040.024.674-3
BESTA É ELE,
BET AMAZON,T-315.906.855-6
BET CAMPEÃO,T-313.264.401-6
BET JOGA MEU AMO,T-312.554.898-9
BET7 MEU AMOR,T-312.554.956-2
BET73,T-312.549.895-1
BET934,T-313.795.714-9
BETDEZ NOSSO AMOR,T-312.549.831-5
BETESPORTE CAMPEÃO,T-312.554.918-6
BETMANIA.BET,T-313.795.635-1
BETO BRUNO,
BETPRIME NOSSO AMOR,T-312.549.847-3
BETS 84 É O TERROR,T-313.796.151-0
BETS CEARÁ 99,T-313.795.634-0
BETS RIO,T-312.554.929-9
BETS VIP BRASIL,T-313.795.631-7
BETS84,T-312.549.882-6
BETSBOLA,T-312.549.866-6
BETSEVEN,T-312.554.945-9
BETSGOLD,T-313.796.150-9
BETSPAG DARLAN SILVA,T-313.796.156-5
BETTER THIS WAY,T-328.725.837-7
BEWARE THE MOON,
BH NO TOPO #5,
BICHO DA GOIABA,T-040.484.386-2
BICHO FEIO DO CARAI,
BICHO PAPAO,T-931.650.997-4
BICHO SOLTO,T-318.670.494-5
BICICLETA,T-039.405.834-4
BIFE DO INFERNO,T-330.488.014-2
BIFURCAÇÃO,T-304.311.948-4
BIG BANG,T-316.329.273-3
BIG BOY,
BIGGER THAN ME AND YOU,T-320.126.140-3
BIGODE GROSSO,T-040.000.440-1
BIGODE NA XOTA,T-315.996.150-5
BIJUU SEM CAUDA,
BIKE ANTIGO,T-303.385.337-7
BIKEZS,T-303.385.343-5
BILLY BUTCHER,T-321.651.415-3
BINGO,T-308.119.868-3
BIOGRAFIA,T-039.632.962-6
BIPOLAR,T-328.613.240-5
BIRD MAN,T-335.571.859-7
BISCOITEIRA,T-932.206.077-5
BIXA PRETA,
BLACK HILLS,T-040.080.475-2
BLACK SWAMP,
BLAME SATAN,
BLANK PAGES,
BLANK PAGES (INSTRUMENTAL),
BLINDADO,T-301.719.261-5
BLINDADO,
BLOCO DA BREGADEIRA,T-324.861.676-0
BLOCO DE NOTAS,
BLOGUEIRA,T-328.569.599-6
BLOODLESS LIFE,
BLUE DO CACHORRO MUITO LOUCO,T-325.193.816-2
BLUE GIN E OS SERES (DE VIDRO),T-308.121.473-1
BLUE VALENTINE,T-039.948.804-0
BLUES,
BLUES DA GUERRA FRIA,
BLUES PRA VOCE,T-040.076.567-4
BOA SORTE (ANDY & FUUKO),
BOATE MISSISSIPI,T-310.455.813-2
BOCA DE 09,T-932.999.703-7
BOCA DE MOTOR,T-327.533.198-7
BOI LUZEIRO,T-039.268.874-2
BOICOT,T-317.794.226-2
BOLA DA VEZ,
BOLA DE OURO,T-040.076.557-2
BOLAMAIS1,T-303.389.496-7
BOLERO DA RECORDACAO,T-301.574.817-7
BOLETIM DE OCORRÊNCIA,T-330.774.753-7
BOLHA ATUALIZADO,T-333.248.808-7
BOLHAS ELÉTRICAS,T-327.661.168-4
BOLO OUTRO,T-324.295.073-4
BOLSA DA FENDI,
BOM BECK,T-335.571.858-6
BOM COMECO,T-039.952.489-0
BOM DIA,T-039.479.823-2
BOM DIA,T-325.754.252-8
BOM DIA,T-307.418.982-1
BOM DIA,T-308.118.451-8
BOM DIA,T-308.505.756-9
BOM DIA - REMIX BREGA FUNK,T-306.795.792-6
BOM DIA SENHOR,T-040.429.750-2
BOM DIA VIETNÃ,T-313.795.713-8
BOM DIA VIETNÃ 2,T-315.926.529-5
BOM SENSO,T-931.622.918-2
BOMBA CITY,T-307.201.193-5
BONDE DAS 3 AMIGAS,T-303.761.706-0
BONDE DAS BESTAS,T-040.166.261-0
BONDE DESANDADO,T-040.166.260-9
BONDE DO ADUTÉRIO,T-315.913.012-4
BONDE DO GENERAL,T-040.000.415-0
BONDE DOS FEIOS,T-303.015.316-9
BONDE DOS LOUCOS,T-306.795.604-7
BONDE DOS TOCA NINJA,T-040.166.259-6
BONDE PESADAO,T-040.143.717-9
BONDE SINISTRO,T-040.166.258-5
BONECA SAFADINHA,T-930.848.077-5
BONECO DE NEVE,T-327.279.642-2
BONS AMIGOS,T-040.123.702-2
BONS DIAS,T-039.781.840-4
BOOM BOOM,T-330.191.266-9
BOOOM,T-322.696.240-5
BOQUETE PARAFUSO,T-317.934.276-4
BORA BIL,T-313.796.149-6
BORA BORA,T-303.196.993-0
BORA PRA TRETA,T-305.268.156-4
BORDEAUX,T-330.191.314-0
BOROGODÓ,
BOSSA,
BOSSA FUTURISTA,T-301.577.150-9
BOSSA LOFI,T-301.577.157-6
BOSTANÁGUA,T-316.010.011-4
BOTA,T-305.217.357-2
BOTA A CARA,T-315.912.977-4
BOTA AMOR,T-313.202.254-5
MC WILLIAN,WILLIAM MARCELINO DE ARAUJO
BOTA BOTA,T-307.593.574-5
MC MORENA,VALQUIRIA ROSA DA SILVEIRA
BOTA BOTA (BOQUETE PARAFUSO),T-327.533.194-3
MC GW,GLAUCIO WILLIAM DA SILVA JERONIMO
BOTA BOTA (REMIX BREGA FUNK),T-306.465.550-7
MC 10G,EMANOEL MESSIAS MARTINS RAMOS
BOTA BOTA 2,T-301.097.682-2
BOTA BOTA NA BRUXINHA,
BOTA BOTA SOCA SOCA -REMIX,T-333.248.825-8
BOTA COM BRUTALIDADE,T-308.465.133-8
BOTA COM FORÇA,T-311.567.847-8
BOTA COM RAIVA,T-311.612.643-9
BOTA COM RAIVA,T-333.210.972-1
MC PEPEU,JOAO PEDRO MIRANDA DE CASTRO
BOTA COM RAIVA,
BOTA COM VONTADE,T-307.003.172-6
SAPAO DO RECIFE,OTAVIO SANTOS SILVA
BOTA COM VONTADE,
BOTA DENTRO GOZA FORA,
BOTA DEVAGAR,T-308.115.011-6
BOTA DEVAGAR AO VIVO,T-311.567.851-4
BOTA DEVAGAR AUDIO OFICIAL,T-311.567.855-8
BOTA E NÃO APAIXONA,T-322.528.892-2
BOTA ENCAIXA,T-315.996.149-2
BOTA GOSTOSINHO,
BOTA NA BONEQUINHA,T-306.803.764-5
BOTA NA MINHA BONEQUINHA,
BOTA NA XOTA 2,T-305.217.204-6
BOTA NA XOXOTA,
BOTA NELAS,T-306.925.932-7
BOTA O FUZIL PRA CANTAR,T-306.798.787-1
BOTA PRA BALANÇAR,T-306.800.609-3
BOTA PRA DESCER,T-301.566.959-3
BOTA QUE BOTA,T-318.827.214-8
BOTA SEM PARAR,T-311.694.537-6
BOTA SOCA,
BOTA TEU CARTÃO,T-304.309.290-2
BOTA TIRA,T-305.268.163-3
BOTA TUDIN,T-305.268.167-7
BOTA TUDO,T-303.013.752-7
BOTA TUDO,
BOTA TUDO,T-317.210.019-1
BOTA TUDO,T-317.358.611-9
BOTA TUDO - REMIX BREGA FUNK,
BOTA TUDO 2,
BOTA TUDO COM PRESSÃO,T-301.097.683-3
BOTA TUDO COM PRESSÃO (REMIX BREGA FUNK),T-305.706.072-3
BOTA TUDÃO,T-336.071.732-0
BOTADA CONCENTRADA,
BOTADA VIOLENTA,T-304.312.377-5
BOTADA VIOLENTA,
BOTADINHA,T-305.213.691-7
BOTADINHA,T-306.793.613-0
BOTADINHA,T-308.115.014-9
BOTADONA,T-305.214.272-6
BOTADONA 2,T-305.217.783-6
BOTADÃO,
BOTADÃO,T-315.912.976-3
BOTADÃO,T-327.279.641-1
BOTADÃO COM FORÇA,T-305.217.208-0
BOTADÃO COM PRESSÃO,T-307.006.685-8
BOTADÃO GOSTOSO,T-310.248.857-9
BOTADÃO GOSTOSO,
BOTADÃO NO GRELO,T-304.155.265-8
BOTANDO BOTANDO,T-313.602.490-9
BOTANDO COM FORÇA,T-324.579.282-5
BOTANDO NA NINFETA,T-304.312.378-6
BOTEI,
BOTO DE CASTIGO,T-306.358.181-3
BOTOU NA LÍNGUA,T-313.202.425-6
BOULEVARD 48,T-039.920.436-4
BOX DO BANHEIRO,T-306.353.638-5
BOY DO BOTE,T-932.999.517-7
BOY MAS QUE PORRA É ESSA TREND VIRAL,
BRABA DE MIL GRAU,T-040.000.436-5
BRABA DE MILIONARIO,T-040.000.421-8
BRABA NA SENTADA,T-305.217.788-1
BRAINWASH POSSESSION,T-308.121.954-3
BRASIL E LELETI MAS UM BALÃO,T-312.554.968-6
BRASIL ESPORTE,T-312.549.907-8
BRASIL FASCISTA,T-316.010.010-3
BRASILEIRISTA,T-311.589.464-5
BRASILEIRO,T-313.795.711-6
"BRASILEIRO, OTÁRIO E TRISTE",
BRAVO GUERREIRO,T-328.493.675-6
BRAVUS NOSSO AMOR,T-315.906.854-5
BRAZA,
BRAZILIANITE,T-317.794.007-3
BRBOY,
BREAKDOWN,T-316.329.272-2
BRECADÃO,T-303.762.953-7
BREGADEIRA BANDIDO DA QUEBRADA,
BREGADEIRA FINAL DE SEMANA,
BREGEJA,T-303.385.347-9
BRILHO,T-040.432.385-8
BRILHO,
BRINCANDO DE DEUS,T-039.247.870-4
BRINCANDO DO JEITO QUE DA,T-039.247.858-8
BRIO COTIDIANO,T-322.696.239-2
BRISA,T-315.799.145-8
BRISA,T-316.180.981-6
BRISA,T-326.766.166-1
BRISA DELENDA,
BRISAR,T-329.193.020-2
BRISEI GOSTEI,T-306.075.947-5
BRISEI NO BANDIDO,T-317.358.610-8
BRITADEIRA,T-039.268.961-0
BRIZA DE VERÃO,T-328.493.647-2
BROTA,T-305.268.094-7
BROTA A XOTA (REMIX BREGA FUNK),T-306.798.794-0
BROTA AQUI BEBÊ,
BROTA NA FAVELA,T-311.590.379-8
BROTA NA FAVELA (BREGA FUNK),T-306.460.140-3
BROTA NA GAIOLA,T-306.793.001-8
BROTA NO MEU SETOR,
BROTA NO SETOR,T-306.793.612-9
BROTA VEM AQUI,T-304.248.219-5
BROTA XOTA,T-315.912.975-2
BRUXA VS. FADA,T-310.670.114-4
BRUXISMO,
BSK,T-320.126.137-8
BSP&SAMPA,
BSW FASHION SOCCER,T-312.554.987-9
BSW LOJA MÓVEL,T-315.906.853-4
BUCETA,T-321.150.626-8
BUCETA BANDIDA PARA DE SOFRER POR HOMEM,T-312.554.850-3
BUCETA E CARTÃO,
BUCETA NO PAU,T-311.694.541-2
BUCETADA,T-320.166.250-8
BUCETINHA CRIMINOSA,
BUCLE DE PANICO (REMIX),T-317.794.004-0
BUDA SENHOR DA SABEDORIA,T-327.329.815-6
BUDAPEST JARJAR,T-301.577.162-3
BUDOTS DANCE,T-327.279.640-0
BUGGY,T-326.766.446-6
BULLY RAP,
BUM BUM NO CHÃO,
BUM BUM TAM TAM [BREGA FUNK],T-306.460.144-7
BUMAYE,T-040.048.736-6
BUMBUM,
BUMBUM CAMPEÃO,T-304.715.846-9
BUMBUM DE GRAVIDADE,T-305.216.166-3
BUMBUM DE MAÇÃ,T-307.362.030-7
BUMBUM ELEVADOR,T-311.951.316-1
BUMBUM FAMOSO,T-305.268.099-2
BUMBUM TREMENDO,T-930.842.729-4
BUMBUMZADA,T-306.928.602-4
BUNDA ABSURDA,T-307.360.372-8
BUNDA BUNDA MELODIA DESTRUIDORA,T-327.279.639-7
BUNDA LELE,
BUNDA NA GLOCK,T-308.505.765-0
BUNDAO NA PISTA,T-040.261.494-1
BUNITIN,T-311.949.989-3
BUQUÊ ROSA,T-306.358.151-7
BURACO NEGRO,T-304.714.536-4
BURACOS AO CHÃO,T-307.298.906-7
BURGUESIA,
BURN THE POOR,T-330.488.013-1
BUSHIDO,T-328.931.047-6
BVMP,
BYE LORENNA,T-327.396.499-7
BÚSSOLA QUEBRADA,T-310.338.195-5
BÚSSOLA QUEBRADA II,
C,T-316.329.271-1
C'EST LA VIE,T-301.719.293-3
C-O-N-SPIRACY,T-317.794.104-3
C.P.M.F. (COMEÇO PARECIDO COM A MÚSICA DO,T-330.774.808-5
C.P.O.,T-323.310.476-8
CABARÉ,T-317.934.285-5
CABELO LOIRINHO,T-308.466.027-1
CABELO LOIRINHO - BREGA FUNK,T-335.943.312-4
CABELO VERDE,T-040.000.412-7
CABEÇA E MENTALIDADE,T-302.129.683-9
CABEÇA ERGUIDA,T-317.794.109-8
"CABEÇA, OMBRO, JOELHO E PÉ",T-311.573.124-9
CABRON,
CACA RATO E O BICHO,T-040.000.438-7
CACAU,
CACHORRA ABSURDA,T-330.191.277-2
CACHORRINHA,T-300.966.895-1
CACHORRO CAPA PRETA,T-317.214.626-4
CACOS DE AMOR,T-039.741.122-1
CADA VEZ MAIS,
CADE ABUDA,T-040.000.437-6
CADÊ O LOLÓ,T-930.842.727-2
CAETANO,T-313.795.630-6
CAFUNÉ,
CAFÉ SEM AÇÚCAR,T-336.152.280-3
CAGA LAMA,T-318.012.954-4
CAGAR NO PAU,T-321.150.625-7
CAI CAI CAI DE BOCA,T-308.115.019-4
CAI COM A BUCET4,
CAI DE BOCA NA XOTA MOLHADA,T-317.934.274-2
CAI DE PERNA ABERTA 3,
CAIPIRA DE ALMA FRIA,T-335.571.857-5
CAIXA D'ÁGUA,T-313.795.629-3
CAIXINHA DE SURPRESA,
CAIÇARA,T-039.948.018-2
CALABOUÇO,T-311.595.364-1
CALAMIDADE (LINK),
CALANDO (CENA M8),T-039.826.374-5
CALANDO PARTE 2 (CENA M 9),T-039.826.373-4
CALCINHA,T-330.191.271-6
CALCINHA DA AKATSUKI,T-324.056.267-4
CALIFORNIA,T-040.397.472-0
CALIFÓRNIA: TARDE,
CALL ME,T-327.279.638-6
CALMA AÍ BEBÊ,T-307.299.247-9
CALMA AÍ BEBÊ - BREGA FUNK,T-305.619.151-2
CALMA RESPIRA,T-317.934.284-4
CALMA VIDA TA DE BOA,T-330.716.424-1
"CALMA, CARALHO",T-327.440.918-2
CALOR,
CALOR DE 30 GRAUS,
CALOR DE 40,T-308.466.032-8
CALVARIO,T-040.347.914-0
CALÇA DE LINHO DE PAPAI,T-317.733.194-7
CAMA DE PREGOS,
CAMA SUTRA,T-305.217.384-5
CAMARADA,
CAMARIM,
CAMEL TOES,T-039.877.780-4
CAMELO,T-040.348.476-3
CAMERA LENTA,T-307.587.330-8
CAMINHO CEGO,T-302.003.909-8
CAMINHO DE CASA,
CAMINHO IMAGINÁRIO,T-040.432.366-5
CAMINHOS DE MIM,T-040.303.572-2
CAMINHOS DO MAR,T-039.094.761-1
CAMOMILA,T-322.010.798-8
CAMPEONATO PERNAMBUCANO,T-312.549.722-1
CAMPO DE CONCENTRACAO,T-300.971.557-1
CAMPO FRIO,
CAMPO VERDE,T-324.266.672-0
CAMUS DE AQUÁRIO: DIAS FRIOS,T-325.816.085-5
CAN I BE SATWA,
CANAL 12,T-039.781.841-5
CANCAO DE EXILIO,
CANCAO PARA MUDAR,T-039.247.856-6
CANCOES DE REI,T-042.672.322-9
CANCÊR,T-040.403.022-3
CANDEEIRO MESTRE,T-327.329.657-0
CANIBAL SAFADO,T-306.928.607-9
CANIONS,T-303.385.350-4
CANSADO,T-317.794.241-1
CANSADONA BEAT AI MEU JOELHO,
CANTADOR MESTRE,T-039.590.242-7
CANTANDO EM CÍRCULOS,T-304.311.949-5
CANTORIA,T-334.541.262-2
CANTORIA (INSTRUMENTAL),T-301.178.816-8
CANÇÃO DAS ANTIGAS AMIZADES,T-040.344.098-1
CANÇÃO DAS PROFUNDEZAS - HOLLOW KNIGHT,
CANÇÃO PARA OS QUE FICAM,T-317.794.263-7
CAOS,T-039.593.535-9
CAOS,T-322.966.870-2
CAOS,T-335.571.856-4
CAOS - MOB,
CAOS NA CAPITAL,T-330.774.752-6
CAPACHO,T-330.774.748-0
CAPACITOR DE FLUXO,T-039.662.292-6
CAPADOCIA,T-040.106.202-9
CAPITAL,
CAPITAL,T-316.180.982-7
CAPITAL NO TOPO,T-318.190.759-1
CAPITAL É MALIBU,
CAPITÃO DE AREIA,T-313.277.740-9
CAPITÃO ÓBVIO,T-304.311.950-8
CAPONE GANG BEGE,T-329.434.407-9
CAPRICHA NA SENTADA,
CARA DE BANDIDO,T-305.213.696-2
CARA DE DEBOCHE,T-305.268.102-0
CARA DE MAL,T-308.370.432-5
CARA DE MAU,T-305.268.105-3
CARA DE SAFADO,T-307.362.032-9
CARA DE SORTE,
CARA DE TRALHA,T-323.105.003-2
CARA E COROA,T-309.423.407-4
CARALH TA MÓ FRIO EIN FUNK,
CARAS E BOCAS,T-042.817.834-0
CARCARA,T-040.347.911-7
CARCARÁ,T-308.468.519-4
CARCAÇA,
CARDINOT,T-040.000.401-4
CARESTIA,T-316.010.009-0
CARETA,T-305.263.356-0
CARICIAS,T-040.396.920-9
CARINHA DE MALVADÃO,T-313.233.546-3
CARIOCA,T-039.168.249-7
CARNAVAL,T-039.269.033-3
CARNAVAL,T-040.344.097-0
CARNAVAL,
CARO WATSON,T-313.795.628-2
CAROLINA,
CAROLINE,T-040.076.542-5
CAROÇO,T-321.651.414-2
CARRO BALANÇANDO,
CARRO DE MOTEL,T-311.573.040-6
CARRO VOLVO,
CARRY ON,T-320.126.132-3
CARTA AO TEMPO,
CARTA AOS DESINTERESSADOS,T-305.709.572-0
CARTA PARA BOB,
CARTAS NA MESA,
CARTAS PRO TEMPO,
CARTIER,T-335.571.855-3
CARTIER SANTOS DUMONT,T-330.716.423-0
CARTIER SANTOS DUMONT (INSTRUMENTAL),T-330.716.395-3
CASA ABANDONADA,T-039.405.935-8
CASA DAS APOSTAS MEU AMOR,T-312.554.800-3
CASA DE CABOCLO,
CASA DE MAINHA,T-328.082.371-0
CASA DO B.O.,T-305.217.333-4
CASA DO BO,T-305.266.229-6
CASAL DE UMA NOITE SÓ,T-331.978.123-8
CASARÃO DA PUTARIA,T-318.284.048-4
CASCAVEL,T-313.795.627-1
CASEI COM A PUTARIA,T-317.934.283-3
CASO ISOLADO,T-040.429.749-9
CASO PERDIDO,
CASTELO DE AREIA,
CATACLISMA,
CATALISE,T-040.218.369-0
CATEDRAIS,T-328.439.219-0
CATHOLIC BEAST,
CATIMBALES,T-303.385.353-7
CATINGUEIRA,T-039.268.875-3
CATIVEIRO,T-302.808.896-8
CATIVEIRO,
CATRILHA,T-303.385.356-0
CATUCA ELA,
CATUCADA PROFUNDA,T-306.798.516-0
CATUCADA PROFUNDA,T-308.121.543-8
CATUCADAO (SAMPLE: CALCINHA NO CHAO),T-324.707.862-8
CATUCADINHA,T-311.573.044-0
CATUCADÃO,T-306.798.799-5
CATUCADÃO,T-317.358.609-5
CATUCADÃO,T-331.323.377-7
RESUMO,FC EVENTOS E PRODUCOES LTDA
MC MYRES,THAMIRES VITORIA NASCIMENTO ROCHA
CATUCO MESMO,
MC MAGRINHO,KAIQUE MONTEIRO DE ALMEIDA
CAUSES ET CONSEQUENCES,T-330.774.824-5
TULIO,TULIO DOURADO CARLOS
CAVALEIRO DA ORDEM DO DESERTO,T-039.427.859-1
CAVALEIRO DAS ESTRADAS DO SOL,T-040.333.250-2
CLAYTON BARROS,MOISES CLAYTON BARROS DA FONSECA
CAVALEIRO REI,
CAVALEIROS DO FOGO DA ORIGEM,T-039.241.284-8
CAVALGA,T-316.944.451-9
ZERO PACCELI,THALES VINICIUS MIRANDA DE OLIVEIRA
CAVALGA NA VARA,T-313.277.736-3
BALAKINHA,JAMERSON EDUARDO MORAES DE OLIVEIRA
CAVALGAMENTO DAS SAFADAS,
MC SACI DO PIRA,JOSE ELIAS DA SILVA
CAVIAR & COCAÍNA,
DALSIN,PHILIPPE FERNANDES JOHONSON DOS REIS
CAVO FUNDO,T-301.718.744-5
NEXOANEXO,GABRIEL DE OLIVEIRA MARQUES
CAVUCADA SINISTRA,
MC ERIKAH,ERIKA BACH COELHO
MC DANADO DO RECIFE,JONATHA DOS SANTOS PATRIOTA
CAVUCADÃO,T-308.505.771-8
CAXIAS DO SUL,T-301.566.964-0
CAZUZA,
CAÇADORA DE TRAFICANTE,
CAÍMOS JUNTOS LEVANTAMOS JUNTOS,
CE VAI SENTIR MINHA FALTA,T-308.466.949-4
CEGA ELES VOVÓ,T-319.234.065-7
"CEGO, SURDO, MUDO",T-306.793.621-0
CELAVI,
CELESTIAL,T-330.191.250-1
CELULAR DESCARREGADO,T-316.944.450-8
CELULLA DUH MAL,T-335.571.852-0
CEM FERAS,
CENA DO CRIME,T-322.628.574-7
CENA TÓXICA,T-316.133.347-3
CENSURA,
CERCA,
CERCADO POR ALMAS,
CEROL,T-335.201.064-7
CEROL FINO,T-310.555.973-3
CERTAS PAIXOES,T-039.327.562-1
CERTIDÃO DE ÓBITO,
CES NEM CONHECE O JAY-Z,T-313.795.905-4
CEU ABERTO,T-039.741.238-2
CHACARERA 2,T-307.006.299-2
CHACARERA DA SAUDADE,T-305.709.568-4
CHACOALHA,T-301.566.921-9
CHACOALHA PRA TROPA,T-304.309.292-4
CHACOALHANDO,T-309.245.036-3
CHAINSAW MAN,T-321.651.413-1
CHAINSAW MAN & AKI HAYAKAWA,T-321.651.412-0
CHAINZ ON ME,
CHAMA,T-303.013.981-8
CHAMA PADRE QUEVEDO,T-040.330.418-6
CHAMADINHA,T-317.209.981-5
"CHAMAS NEGRAS: ITACHI, HIEI, MELIODAS",
CHAMO TEU VULGO MALVADÃO [BREGA FUNK],T-306.460.146-9
CHAMONIX,T-301.577.165-6
CHAMPION,T-320.126.130-1
CHAO DE ESTRELAS,T-040.166.257-4
CHAOGAO,T-301.561.418-9
CHAPEL OF THE SICK,T-335.482.882-9
CHECK DA METHOD,T-317.794.227-3
CHEGA AQUI,T-931.221.753-1
CHEGA DE NÃO ME TOQUE,
CHEGADA BRILHANTE,T-303.777.233-7
CHEGOU,T-319.876.178-9
CHEGOU BEM?,T-311.954.193-0
CHEIA DE FOGO,
CHEIA DE MALDADE,T-303.766.125-5
CHEIA DE MALDADE,
CHEIA DE MALDADE - BREGA FUNK,T-335.943.311-3
CHEIA DE MALDADE - REMIX,T-305.706.082-5
CHEIA DE TESÃO,
CHEIO DA GRANA,
CHEIO DE DEBOCHE,
CHEIO DE DENTES,T-040.441.879-6
CHEIRA ESSE LOLÓ,T-321.150.618-8
CHEIRA ESSE LOLÓ - REMIX,T-321.150.617-7
CHEIRO DE BUCETA,T-308.115.021-8
CHEIRO DO VERDE,T-332.348.868-8
CHEIRO DO VERDE (INSTRUMENTAL),T-332.348.890-6
CHIBATA,
CHICO MAROLA,T-313.795.626-0
CHICOTADA,T-305.213.888-8
CHIFRUDA,T-305.213.672-4
CHIHIRO ROKUHIRA (KAGURABACHI),T-329.434.405-7
CHIHIRO ROKUHIRA: LÂMINA DA VINGANÇA,
CHINA E BIEL,T-312.549.604-6
CHOCO PAPI,T-303.388.237-6
CHOCOLATE,T-322.528.891-1
CHOCOLATE PART 2,T-322.528.890-0
CHOCOLATE SUÍÇO E GATORADE,
CHOQUE NOS CHAKRAS,
CHORANDO,T-039.168.136-9
CHORO ACADEMICO,T-039.167.225-5
CHORO ANTIGO,T-040.076.013-5
CHORO BAIAO,T-039.167.632-6
CHORO CANCAO,T-040.076.015-7
CHORO CRESCIDO,T-040.076.566-3
CHORO DA MADEIRA,T-039.167.634-8
CHORO DA MADEIRA Nº 2,T-306.856.414-3
CHORO DA MARIANA,T-040.076.543-6
CHORO DE MARIANA,T-316.183.095-7
CHORO DOS ARCUS,T-039.167.635-9
CHORO EM SONATA,T-040.076.014-6
CHORO NEGRO,T-039.167.636-0
CHORO PARA MARIANA,T-039.167.637-1
CHOTTO MACHIGATTE IRU,
CHOVER,T-039.268.876-4
CHUCKY MALVADÃO,T-311.597.899-5
CHUMBO DERRETIDO,
CHUMBO FELIZ,T-324.606.261-9
CHUPA DIREITO,
CHUPA LOGO,T-308.121.545-0
CHUPA O BICO DO MEU PEITO,T-310.669.924-1
CHURRASCO NA LAJE,T-308.370.520-4
CHUTE CERTO NOSSO AMOR,T-312.549.783-4
CHUVA DE BOLHAS,
CHUVA DE CHANDON,T-335.571.851-9
CHUVA EM PARIS,
CHUVA EM PARIS (PUZZO REMIX),
CHUVA EM RECIFE,
"CHUVA NA FLORESTA PARFA DORMIR, CHUVA PRA",T-325.962.426-1
CHUVA NAS CALCINHA,T-039.285.655-1
"CHUVA PARA DORMIR E RELAXAR, CHUVA E",T-325.962.423-8
CHÁ PRETO,T-300.965.924-5
CHÊGA,T-312.562.445-1
CICLO,T-042.011.310-5
CICLO,T-317.794.107-6
CICLO DE DOR,
CICLO DOS TIRANOS,T-330.774.822-3
CICLO INFINITO,
CICLO NATURAL,T-039.948.019-3
CICLO ODIOSO,
CICLO PERFEITO,T-327.396.851-3
CID CHIP,T-306.856.953-5
CIDADE BAIXA,T-039.325.367-2
CIDADE DE MERDA,T-330.774.751-5
CIDADE NEON,T-301.566.925-3
CIDADÃO DO MUNDO,
CIGARRO,
CIGARROS E CAPITAIS,T-305.709.575-3
CINDERELA,T-039.134.790-2
CINDERELA,T-040.453.901-0
CINHO REI DA VÁRZEA BETESPORTE,T-312.554.755-5
CINTILA,T-324.708.041-3
CINTURÃO,
CINZA,T-039.497.754-8
CINZA,T-040.511.899-1
CINZA,
CIRCO DOS HORRORES,
CIRCULAR,T-301.566.929-7
CISPLATINA,T-040.511.900-7
CIÊNCIA E VOLÚPIA,
"CLARA, DANI, KELLY",T-305.217.525-0
CLOSE FRIENDZZ,
CLOSE TO DISAPPEAR,T-040.081.803-2
CLOSER TO GOD,T-039.948.020-6
CLOUD STRIFE: EX SOLDADO,
CLÁSSICO,T-311.953.395-4
COBRA,
COBRA CORAL,T-310.556.209-8
COCA LA MINA,T-304.306.416-6
COCHICHO,T-039.167.620-2
COCO DE LADEIRA,
COCO MATEIRO,T-039.246.221-3
COELHO DECOLADOS 03 (CENA02_CASAFX),T-039.826.406-6
COELHO DESCOLADOS 01,T-039.826.380-3
COELHO DESCOLADOS 02 (CENA01_PISCINABANDA),T-039.826.405-5
COELHO DESCOLADOS 06 (CORPO COELHO),T-039.826.381-4
COELHO DESCOLADOS 07 (DESC01),T-039.826.382-5
COEXISTÊNCIA DO CAOS,
COISAS QUE EU SEI,T-042.615.531-8
COISINHAS NOJENTAS DE AMOR,T-039.900.037-3
COLD GROUND,T-039.948.482-2
COLEÇÃO,T-039.611.379-3
COLIBRI,T-932.735.649-0
"COLLAB 41, EP. 1",
COLOCA TU PAÍS BEAT OF CUP,
COLOCADONA,T-305.709.971-1
COLOCADÃO,
COLOCADÃO COM RAIVA,T-306.926.935-4
COLOCANDO,
COLOCO OS PÉS NA RUA,T-040.425.058-3
COLOMBINA,T-932.738.152-2
COLORS OF HATE,T-308.121.953-2
COLUMBIA,T-330.191.315-1
COLÉ DA PARADA?,
COLÔMBIA ME ABRAÇOU,T-303.766.128-8
COLÔNIA DE FÉRIAS,T-040.340.334-8
COM A PEÇA NA CINTURA,T-315.191.080-0
COM A POTRANCA QUE NOS GOSTA,T-303.766.131-3
COM AS PRÓPRIAS MÃOS,T-302.808.897-9
COM BUNDÃO,T-329.192.978-3
COM FORÇA,
COM FORÇA (BREGA FUNK),T-305.618.512-3
COM NÓS É SEM PANO,
COM TÍTULO,
COMBATE,T-306.803.836-4
COMBATER SEUS ATOS,T-316.133.345-1
COMBATIR AL FASCISMO,
COMBUSTION,T-311.598.533-2
COMECE UM INCÊNDIO,T-040.149.333-1
COMO BALAS,T-333.723.621-8
COMO ERA BOM,T-040.005.410-5
COMO FOSSE ANTIGAMENTE,T-040.521.450-7
COMO NUM FILME SEM UM FIM,T-039.405.982-5
COMO NUNCA ANTES,T-309.246.430-3
COMO OS BOIS,T-333.177.079-3
COMO PÔDE ESQUECER,
COMO TEM QUE SER,T-931.806.139-1
COMO UM VENDAVAL,T-039.167.621-3
COMO UMA COBRA,
COMPARTILHAR,T-932.146.656-2
COMPRANDO BICICLETAS,T-040.147.649-0
COMPREI 1 LANÇA,T-304.709.737-6
COMPROMISSO,T-303.014.640-4
COMPROMISSO,T-309.246.235-2
COMPROMISSO,
COMUNISTA ELEGANTE,T-310.245.003-9
COMÉDIA DIVINA,
CONCEICAO OU DO TAMBOR QUE SE CHAMA,T-040.312.402-6
CONCHA,T-040.348.475-2
CONCRETE LIONS,
CONDENADO,T-316.010.008-9
CONDENADOS,T-330.488.012-0
CONDIÇÃO,
CONDIÇÃO,T-335.482.830-7
CONDOR,
CONEXÃO,
CONFESSO,T-324.068.646-4
CONFIA EM MIM,T-326.202.471-1
CONFIANÇA SPORTS,T-313.796.148-5
CONFISSÕES DE APODRECENTE,T-330.774.820-1
CONFLITO,T-323.105.002-1
CONFLITO DELAS,T-322.186.914-9
CONFUSÕES E ALEGRIAS,
CONGELA,
CONGRESSO MAL ASSOMBRADO,T-330.774.818-7
CONNECTIONS 2020,
CONSELHO (DO PASTOR TRANS PARA A AMANTE,T-308.121.474-2
CONSERTO,
CONSOME,T-040.396.705-4
CONSPIRADOR,T-304.711.957-9
CONTANDO TROCADOS,T-040.149.334-2
CONTAR E REPETIR,T-039.632.963-7
CONTAS,T-039.865.501-0
CONTATO,T-313.413.899-7
CONTEI ATÉ TRÊS,T-305.995.867-3
CONTEMPLACAO,T-039.167.518-5
CONTEMPLATION,T-040.080.480-9
CONTEÚDO EXCLUSIVO,T-308.115.026-3
CONTINUO BARATINANDO,T-305.263.363-9
CONTO DE FADAS,
CONTO DE FADAS,T-301.715.124-1
CONTORNO,T-317.794.102-1
CONTRA MARE,T-303.853.157-2
CONTRA MÃO,
CONTRA TODOS,T-039.497.723-1
CONTRA-CULTURA,T-040.341.022-9
CONTRAINDO,T-308.466.034-0
CONTRASTE,
CONTRATO,T-303.766.134-6
CONTRATO ASSINADO,T-039.235.528-0
CONTRATO ASSINADO,T-303.766.096-7
CONTRATO COM A PUTARIA,T-305.217.214-8
CONTRATO FECHADO: AKI HAYAKAWA (CHAINSAW,T-334.542.337-8
CONTROLE DA SITUAÇÃO,T-313.263.556-0
CONVERSA PRA BOY DORMIR,T-330.774.750-4
CONVIDA AS FADA,
CONVITE,T-303.015.344-3
COPACABANA,
COPOS DE FIM,T-301.719.315-2
COPRICORNIANA,T-932.738.153-3
COPÃO PRO ALTO,T-315.912.974-1
COR DA ALMA,
CORACAO BLINDADO,T-040.317.980-5
CORACAO VAZIO,T-308.466.950-7
CORAGEM,T-040.522.266-3
CORAGEM,
CORAL E CASCAVEL,T-306.465.314-7
CORAÇÃO,
CORAÇÃO DAS CARTAS,
CORAÇÃO DE VIDRO,
CORAÇÃO INDOMÁVEL,
CORAÇÃO NA MÃO,
CORAÇÃO NAUFRAGADO,
CORAÇÃO PELA METADE,T-335.571.850-8
CORAÇÃO PISCIANO,T-322.628.588-3
CORAÇÃO SOFRENTE,
CORAÇÃO | ULQUIORRA CIFER,
CORAÇÃOZINHO DO AMOR,T-300.975.875-8
CORDA BAMBA,T-335.571.849-5
CORDA DO MALOKA,T-303.014.922-1
CORDAS DE LUZ,T-040.076.537-8
CORES QUE MATAM,
CORETO,T-039.243.731-8
CORINGA (A LENDA DO SANTO BEBERRÃO),T-307.298.907-8
COROADO,T-335.395.476-0
COROAS & VIOLINOS,
COROLA CLONADO,
CORONA VIRUS,T-306.795.331-1
CORPO FECHADO,T-313.688.630-7
CORPO INTRUSO,T-303.760.346-2
"CORPO, MENTE, ESPIRITO",T-040.522.265-2
CORRE PRA QG SPORTS,T-313.796.147-4
CORREDOR DA MORTE,T-330.774.817-6
CORRER O RISCO,T-313.274.323-4
CORRESPONDÊNCIA PARA,
CORRIDA MALUCA,T-318.297.795-9
CORRODED CARTOPIA,
CORROMPIDO | KYLO REN,T-333.819.464-8
CORROÍDO PELO ÓDIO 2,T-330.774.810-9
CORVO,T-325.816.133-6
CORVOS VOLTAM A VOAR,
CORÇA DE XERECA,T-304.709.741-2
COSME Y DAMIÃO,T-040.441.881-0
COSMOS CONSPIRA,T-040.191.021-1
COSTA DO MARFIM,T-040.005.704-6
COUNT ON ME,T-320.126.127-6
COVIL,T-309.153.192-5
COXINHA DA BOA,T-312.549.811-1
COZINHA MOLECULAR,T-335.483.045-4
CRANIOS,T-333.176.564-7
CRAVING,T-305.217.200-2
CRAZY DIAMOND: JOSUKE (JOJO'S BIZARRE,
CRAZY OVER YOU PHONK,T-327.279.637-5
CRENCA,T-040.347.903-7
CRENCA,T-039.134.252-1
CREPÚSCULO DOS HERÓIS,
CRESCENDO,T-039.325.368-3
CRESCER OU NAO,T-039.632.964-8
CRIA,T-317.733.193-6
CRIANCAS SELVAGENS,
CRIME E OSTENTAÇÃO,T-324.470.915-3
CRIME HEDIONDO,T-330.488.011-9
CRIMES DA LIBERDADE,T-330.774.807-4
CRIMINAL,T-932.737.486-7
CRIMINOSO,
CRISE GERAL,T-039.593.538-2
CRISPIAN MILLS,T-040.005.705-7
CRISTO,
CROCODILE,T-321.651.411-9
CROCODILIA,T-039.719.235-6
CRUCIFICADOS PELO SISTEMA,
CRUELA,
CRUZAMENTO MALDITO,T-330.488.010-8
CRUZEIROS,T-303.385.432-5
CRYSTALLINE,T-040.106.203-0
CUANDO EL TIEMPO ES LA POESÍA,T-040.139.368-7
CUBATHRASH,T-932.331.966-0
CUBO DE PELE,T-322.628.587-2
CUIDADO,T-317.794.225-1
CUIDADO,
CUIDADO COM QUEM DESABAFA,
CUIDADO NOVINHO,
CUIDADO NOVINHO VS BOTA A BCT NA RETA,
CUIDADO QUE APARELHO MACHUCA,T-040.000.439-8
CUIDANDO COM A ONDA,
CUIDE DE VOCE,T-932.208.036-4
CULT OF DEATH,T-335.482.881-8
CULTO A TERRA,T-926.336.548-6
CUMBE,T-039.237.182-2
CURA,T-039.511.928-4
CURA,T-040.511.901-8
CURIMATA,T-040.511.902-9
CURIOSIDADE,
CURIÓ,
CURSED,T-327.329.630-9
CURVA DE RIO,T-040.226.896-5
CUSCUZ AMARELINHO,T-306.800.355-0
CUSPINDO NO SAGRADO,T-330.774.804-1
CYBERGENOCIDIO,T-039.593.746-8
CYBERWAR III,T-040.106.204-1
CYPHER #01,T-040.285.614-7
CÁRCERE,T-312.553.437-0
"CÂMBIO, DESLIGO!",T-304.311.952-0
CÂMERA PRIVE,
CÂMERAS DE VIGILÂNCIA,
CÉDULAS DE DIFERENTES TONS,T-310.338.197-7
CÉU AMARELO,
CÉU DE COPACABANA,
CÉUS E MARES,T-308.840.033-9
CÊ QUER COMPROMISSO,
CÊ SABE,T-321.150.619-9
CÍCLICO,T-040.285.613-6
CÍNICA,T-328.725.457-9
CÚMPLICES DE CÁRCERE,
D.I.Y. - DO OR DIE,T-320.126.231-5
D.R.I.,T-040.330.417-5
DA A IDEIA,T-316.010.109-3
DA IDEIA,T-305.217.364-1
DA INFANCIA,T-039.758.506-6
DA MEU COPO,
DA MORAL,T-307.298.700-5
DA PROS IRMAÕZINHO,T-311.694.544-5
DA SHIT,T-327.396.625-5
DA SUL PRA LESTE,
DA TAPA,T-305.266.231-0
DA UM SENTIDO PARA A VIDA,T-039.247.863-5
DA UMA KIKADA TCHAU TCHAU,T-305.220.126-6
DABI,T-327.329.634-3
DABI: CHAMAS DO PASSADO,T-325.816.131-4
DADAÍSTA,
DAI,T-312.562.053-9
DAI A MIM O QUE É DE CÉSAR,
DAKOTA SPIRIT,T-040.080.479-6
DALE TUA IDEIA PELO ÁUDIO,
DALLY,T-307.516.262-4
DALLY - BREGA FUNK,T-305.619.154-5
DAMN SHAME,
DANADA,T-306.795.335-5
DANADINHA,T-932.265.311-2
DANCA DAS ALMAS,T-039.247.852-2
DANCA DOS PLANETAS,T-040.011.899-1
DANCANDO NO GIROFLEX,T-300.969.342-5
FELIPE KAUTZ,FELIPE KAUTZ DA SILVA
CHICO BRETANHA,FRANCISCO BRETANHA LOPES TORT
PEDRO PETRACCO,PEDRO ROCHA PETRACCO
DANCANDO NO GIROFLEX ( DJ CHERNOBYL REMIX),T-300.969.339-0
CARLINHOS CARNEIRO,CARLOS DE MASCARENHAS CARNEIRO
CHERNOBYL,FREDERICO GUILHERME KAUFFMANN ENDRES
DANCE DANCE,
DANCE OF ELECTRONIC IMAGES,T-040.106.205-2
BULLET BANE,DANILO DOMINGUES DE SOUZA
FERNANDO UEHARA,FERNANDO HENRIQUE UEHARA PIMENTA DA
RAFAEL,RAFAEL FERREIRA LINHARES
BULLET BANE,RENAN GARCIA FIGUEIREDO
BULLET BANE,VICTOR ANTONIO JORGE FRANCISCON
DANCING WITH FIRE (FINALE),T-039.948.022-8
DANCING WITH FIRE (PROLOGUE),T-039.948.023-9
DANDO RISADA DO TANTO QUE DOEU,
DANIEL,T-040.023.890-5
DANIEL CORINGA BETESPORTE,T-312.554.771-5
DANIELA,T-321.150.616-6
DANNY BOND,DANIELA DA SILVA BARROS
DANO INTERNO II,
MATHEUS CORINGA,MATHEUS DA CAMARA OLIVEIRA
DANÇA DO MAXIXE,
MC MR. BIM,LUIZ CESAR DA SILVA CONCEICAO
DANÇA DO NEGO NEY,T-932.999.220-3
DANÇA DO POMBO,T-315.906.851-2
DANÇA DO VENTRE,T-039.167.653-1
DANÇA LOUCA NESSE BEAT,T-311.564.314-2
DANÇA PRO CHEFE,T-324.826.612-4
DAQUI PRA PIOR,T-932.331.961-5
DAR AS MÃOS,T-300.966.271-5
DAR UMA SENTADINHA,T-311.959.177-0
DARIA UM LIVRO,T-310.343.544-1
DARLING,T-321.651.410-8
DAS FALSAS INTENCOES,T-039.862.884-6
DAXAUZIN,
DE 4 VAI VAPO VAPO,T-303.014.442-0
DE ANDADA,T-040.331.267-3
DE BOA,
DE BOA,T-307.419.604-2
DE BOCA EM BECO,T-040.432.166-9
DE BONÉ PRA TRÁS,T-317.208.715-5
DE BONÉ PRA TRÁS (BREGA FUNK),
DE CALÇÃO DE FUTEBOL,T-306.800.362-9
DE CORPO MENTE E ALMA,T-308.466.951-8
DE DENTRO DE NÓS,T-325.193.794-3
DE FAN 160 DANDO ROLEZINHO NO MORRO,T-304.155.146-2
DE FRENTE E DE COSTAS,T-316.133.362-2
DE GRACA,T-039.475.978-4
DE LACOSTE TRAJADO,T-305.264.351-9
DE LEI,T-040.361.453-8
DE LONGE,T-040.148.637-0
DE MEIA NOITE EU SUMI,T-322.186.047-1
DE MOCHILA E DE RADIN,T-324.579.278-9
DE MOCHILA E DE RADIO,
DE NOVO,T-319.876.158-5
DE NOVO E DE NOVO,
DE OITO A OITENTA,T-302.241.867-9
DE OUTRO LADO,T-040.224.428-3
DE PASSAGEM,T-309.423.413-2
DE QUARENTÃO NA CINTURA,T-335.395.382-5
DE QUATRO TU TOMA,T-327.279.636-4
DE QUEBRA (CORRA!),T-309.152.764-5
DE SEGUNDA CLASSE PARA O ABISMO,
DE VOLTA AO BÁSICO,
DEAD TO THIS WORLD,T-308.121.952-1
DEADLY SADISTIC EXPERIMENTS,T-308.121.951-0
DEAL THE CARDS,T-320.126.237-1
DEAR MATRE,T-040.106.206-3
DEATH AND DESPAIR,T-316.010.095-4
DEATH DESCENDS (UPON THIS WORLD),T-308.121.950-9
DEBOCHADA DA QUEBRADA,
DEBOCHANDO A FLOR,
DEBOCHE,
DECISÃO,T-329.283.834-3
DECLARAÇÃO DE GUERRA (EREN YEAGER),T-325.816.126-7
DEDICATORIA,T-317.794.006-2
DEEP SPACE,T-039.661.798-3
DEGEL DE AQUÁRIO: PÓ DE DIAMANTE,
DEI BALADA,T-306.795.340-2
DEI REPLAY DE NOVO,T-308.505.776-3
DEIDARA: NUKE,T-325.285.380-4
DEIXA AS DUAS,T-333.248.785-7
DEIXA ELA,T-303.766.106-2
DEIXA ELAS NOTAR,T-305.623.710-2
DEIXA EU JOGAR MINHA BUNDA,T-305.220.130-2
DEIXA EU SENTAR,T-306.856.518-0
DEIXA EU SONHAR,T-040.000.420-7
DEIXA O PIVETE CANTAR,
DEIXA PRA LÁ,T-311.955.115-0
DEIXA QUE EU PEGO,T-304.709.742-3
DEIXA QUIETO,T-306.076.012-1
DEIXA SUBIR,T-040.344.096-9
DEIXE QUEIMAR,T-327.329.814-5
DEK FITNESS,T-315.906.849-8
DELAY ROCKS,T-310.244.397-6
DELEGADOS DE FOLGUINHA,
DELIRIO,T-301.566.979-7
DELIVERY DE BEBIDAS PAGUE MENOS,T-312.549.823-5
DEMARCAÇÃO,T-313.247.524-8
DEMEK,T-330.191.316-2
DEMO(N)CRACY,
DEMON SLAYER: 15 CAÇADORES 1 RAP,
DEMONSTRANDO FALSA COMPAIXÃO,T-330.774.801-8
DEMÔNIO CELESTIAL,
DEMÔNIO DA FÉ CRISTÃ,T-330.774.802-9
DEMÔNIOS ESTÃO POR AÍ,T-310.455.814-3
DENIS MARQUES APOSTADOR,T-315.906.848-7
DENJI E MAKIMA: NUNCA FOI AMOR,T-324.681.115-0
DENJI E POWER: PARCERIA,T-324.681.113-8
DENJI: CHAINSAW MAN,T-324.681.110-5
DENTRO,T-039.370.084-9
DENTRO DO MAR,T-329.192.956-7
DENTRO DO MEU MUNDO,T-040.192.255-1
DENTRO DOS TEUS OLHOS OU PASSAGEIRA,T-040.312.404-8
DEPOIS DA MEIA NOITE: NAZUNA & KOU,
DEPOIS DE UMA CERTA IDADE A GENTE FICA,
DEPOIS DO BAILE,T-306.076.017-6
DEPOIS DO FIM,T-307.416.492-0
DEPOIS DO SOL,
DEPOIS QUE TUDO ACABA BEM,T-042.615.874-8
DEPRECIAVEL MUNDO NOVO,
DEPRESSÃO & SOLIDÃO,T-302.346.702-5
DERCY,T-316.009.970-3
DESABAFOS NÃO MENTEM,T-322.010.797-7
DESAFIO,T-040.453.293-9
DESAFIO,T-312.554.786-2
DESAFIO 1X1 COPA NACIONAL,T-312.554.803-6
DESAFIO 2X2 SÓ JOGA OS CRAQUES,T-312.549.861-1
DESAFIO UM PRA UM,T-312.549.840-6
DESAFIO UM PRA UM OS MELHORES DO MUNDO,T-315.906.847-6
DESANDE DO ALL I WANT,
DESAPEGO,T-317.794.110-1
DESASTRE,T-310.338.199-9
DESAVENTO,T-311.570.101-0
DESCANSA EM MIM,T-311.594.777-4
DESCARADA,T-308.508.318-3
DESCARREGANDO O PENTE,
DESCARTÁVEL,
DESCE A CARGA,T-304.715.854-9
DESCE AI MALVADA,
DESCE ATÉ O CHÃO,T-324.471.814-3
DESCE BEM DEVAGARINHO,T-311.585.546-0
DESCE COM A COLEGA,T-305.216.169-6
DESCE DESCE IGUAL AS MARAVILHAS,T-327.279.628-4
DESCE DESCE SOBE SOBE,T-315.141.026-9
DESCE DO UBER AGORA,T-040.193.798-1
DESCE DONA,T-040.453.899-3
DESCE PRA MARINA,T-305.618.932-9
DESCE REBOLANDO,T-303.766.111-9
DESCE REBOLANDO,T-306.928.612-6
DESCE SOBE,T-301.098.934-7
DESCE SOBE NO BICO DA GLOCK,T-308.466.037-3
DESCE TALARICA,T-317.214.645-7
DESCE TCHUCA SOBE TCHUCA,T-313.263.374-6
DESCEU PRA BANDIDO,T-320.312.546-2
DESCEU PRA BANDIDO (VERSÃO PISEIRO),
DESCOBRI O QUE SOU,T-039.497.744-6
DESCOMPRESSAO,
DESCONECTAR,
DESCONECTO,T-040.285.615-8
DESCONSIDEROU,T-304.153.762-2
DESCONSTRUCAO,T-040.011.900-7
DESCULPA BEBE,T-304.309.296-8
DESDE MENOR,T-324.203.175-6
DESEJO,T-322.628.586-1
DESENCONTRA,
DESENFREADO E TRANQUILO,T-310.338.198-8
DESERT OF MACHINES,T-328.725.833-3
DESERTO,T-039.611.378-2
DESERTOR,T-321.651.409-5
DESESPERADO,
DESGOSTO (WANDINHA),
DESGRAÇADA,T-316.137.302-6
DESILUSÕES,T-327.396.850-2
DESINTOXICAÇÃO,T-323.310.475-7
DESLIGADO,T-307.118.349-4
DESLIZAR,T-304.711.786-8
DESMANTELADO,
DESPARECER,T-040.443.035-8
DESPEDIDA,T-039.497.745-7
DESPENCA NA BENGA,T-311.602.683-2
DESPREZOU O AMOR,T-308.466.952-9
DESSA VEZ EU NÃO FUGI: EDDIE MUNSON,
DESTEMIDO | GATO DE BOTAS,
DESTINED TO DIE,T-308.121.949-6
DESTINO LIGEIRO,T-327.329.647-8
DESTINO PERIMETRAL,T-040.261.705-3
DESTINOS SEPARADOS (YORIICHI E KOKUSHIBO),T-324.681.109-2
DESTRAVADO,T-313.642.508-2
DESTROY THE ALTAR,T-335.482.880-7
DESTRUICAO,T-039.593.531-5
DESTRUIR,T-311.597.958-9
DESUMANA AÇÃO,T-330.488.009-5
DESVENDAR SEU MISTÉRIO,T-327.763.239-6
DETENTO,T-332.483.927-8
DEU A IDEIA NA CARA,T-306.800.372-1
DEU FUGA,T-308.464.788-7
DEU PT,T-303.014.142-1
DEUS,T-313.413.896-4
DEUS DA EXTRAVAGANCIA,
DEUS E ANJO,
DEUS FALOU PRA MIM,T-330.774.773-1
DEUS É DO GUETO,T-040.279.891-7
DEUS-DARÁ,T-316.010.007-8
DEVASTACAO DA CALMA,T-039.241.277-9
DEVE SER,T-042.615.662-8
DEVEMOS PROTESTAR,T-316.010.006-7
DEVIL,T-333.723.620-7
DEVOLVE MEU CORACAO,
DEVORADOR DE MUNDOS,T-334.542.276-2
DEVOTOS DO ODIO,T-039.748.712-5
DF É UM CLÁSSICO,T-321.257.853-1
DIA 23,T-306.925.933-8
DIA A DIA,T-040.237.391-4
DIA CHUVOSO,T-325.962.422-7
DIA CORRIDO,T-040.340.692-7
DIA DAS MÃES,T-306.856.485-8
DIA DE BAILE,T-308.121.546-1
DIA DE CACA,T-304.327.286-8
DIA DE CHUVA,
DIA DE FÚRIA CANDANGO,T-330.774.749-1
DIA DE MALDADE,T-302.808.924-5
DIA DE SORTE,T-305.220.242-9
DIA DE TBT,T-308.368.760-5
DIA DE TORRAR MALOTE,
DIABINHA,T-303.766.115-3
DIABO NA GARRAFA,
DIAMANTE,
DIAMANTE & RUBY,
DIAMANTE BRUTO,
DIANA,
DIANOITE,T-308.731.459-4
DIANOITE (VERSÃO ESTENDIDA),
DIANTE DO FIM,T-324.681.107-0
DIAS CHUVOSOS (SPIKE),T-334.542.336-7
DIAS COM MAIS HORAS,T-039.741.121-0
DIAS DE CHUVA,T-040.275.818-2
DIAS DE FUGA (PIANINHO),T-039.741.239-3
DIAS DE OUTONO,
DIAS DE VIDA,T-040.331.141-0
DIAS EM BRANCO,T-311.596.954-1
DIAS EM BRANCO,
DIAS VIVIDOS,T-039.877.807-8
DIASPORA,T-311.633.853-1
DIFÍCIL DE ENTENDER,
DIFÍCIL DE ESQUECER,
DIGA,T-308.746.499-7
DIGA AMEM OU NAO,T-039.544.548-3
DIGA PARTE FINAL,T-329.031.101-8
DIGA QUE SIM (YEAH YEAH),T-304.311.954-2
"DIGA, PARTE 2",T-329.040.899-6
"DIGBY, O MAIOR CÃO DO MUNDO!",T-307.418.161-2
DIGITAIS,
DIGITAL,T-306.926.948-9
DIGITAL SLAVE,T-320.126.234-8
DILADIN,T-330.191.260-3
DILSON OLIVEIRA,T-313.796.146-3
DIM DIM,T-301.576.382-9
DIM DIM (INSTRUMENTAL),T-301.178.818-0
DIN DIN,
DINGO BELL,T-305.213.621-3
DINGO BELL 2,T-304.709.746-7
DIO: UM DEUS,T-324.699.189-5
DIREITO PARA QUEM?,T-040.279.890-6
DIRTY CITY,
DIRTY SANCHEZ,T-330.774.737-7
DISPUTA DAS POTRANCAS,T-301.570.347-2
DISS,T-301.718.750-3
DISSCORDIA,T-335.571.848-4
DISTOPIA (INTRO),T-313.642.502-6
DITADURA,
DITO SUJO,
DIVERSOS II,T-312.569.665-9
DIVINO,T-314.039.232-7
DIVINORUM,T-039.497.771-9
DIZER,T-039.497.772-0
DIÁLOGO,T-313.795.623-7
DJ APAGO FOGO DELA X ULAR MENGKANE JUNGLE,
DJ DO BAILE,T-305.217.198-5
DJ DO BAILE 01,T-313.255.740-1
DJ DO BAILE 02,T-313.255.736-5
DJ DOM DOM YES,T-327.279.635-3
DJ PREPARADA X INDO BASS VIRAL,T-327.279.634-2
DJ VAPO VAPO X TAPA NA BABA BRASIL,T-327.279.633-1
DJS,
DNA,
DNW,
DO ALTO DA COLINA,T-039.828.189-4
DO AMOR IMPOSSIVEL,T-040.236.400-4
DO AVESSO / BOA HORA,T-313.225.034-7
DO JEITO QUE TU FAZ,T-931.480.190-6
DO JEITO QUE TU FAZ (BREGA FUNK),T-305.619.156-7
DO LACRE AO LUCRO,T-040.429.748-8
DO LADO DE CÁ,
DO MEIO PRA TRÁS,T-311.694.536-5
DO OIAPOQUE A SHANGRI LA,T-309.246.425-6
DO OUTRO LADO,T-040.070.519-2
DO QUE SOU,T-040.522.264-1
DO SERTÃO,T-317.839.737-6
DO SOMETHING,T-320.126.223-5
DO THE FREE THE BORDERS,
DO THE RIGHT THING,T-330.774.772-0
DO TIME Z PRO TOPO (BLUE LOCK),T-334.542.334-5
DO ZERO,T-039.758.508-8
DOCE,
DOCE,T-313.795.621-5
DOCE ILUSÃO,
DOCE SOMBRA,T-040.432.365-4
DOCE VENENO,
DOCUMENTO,T-307.004.957-5
DOCURA SEDUTORA,T-039.877.783-7
DOENTE,
DOFLAMINGO: O TERROR DOS INIMIGOS,T-325.285.379-1
DOG DE GANG,T-307.003.749-5
DOG MALVADO,T-306.792.834-7
DOIDA,T-317.794.092-6
DOIDA PRA SENTAR NO BANDIDO,
DOIDONA,T-311.571.756-7
DOIDONA VAI NO CHAO,T-316.118.378-0
DOIS AMORES,T-040.076.544-7
DOIS LUGARES,T-039.497.756-0
DOISMILITANTOS,
DOM DA PASSADA,T-312.554.817-2
DOMINGO,T-307.003.485-0
DOMINGO,T-301.991.455-3
DOMINGO DE SOL,T-330.191.262-5
DON'T BE SILLY,
DON'T GET LOST,
DON'T KNOW,T-300.962.183-0
DONA DA VIBE,
DONA DO PEDACO,T-910.450.678-7
DONO DO MUNDO,
DONO DO PUTEIRO,T-309.991.453-7
DONOS DA BOLA,T-315.906.846-5
DONOS DA BOLA GANHOU RECEBEU,T-315.906.845-4
DONOS DO BRASIL,T-039.167.560-7
DONQUIXOTE DOFLAMINGO,T-325.733.969-4
DONQUIXOTE DOFLAMINGO: CORAZON,
DONT,T-311.571.478-4
DOPAMINA,T-321.326.889-0
DOPPELGANGER,
DOR (LOGAN),T-327.329.928-4
DORMINDO COM OS PEIXES,
DORONDONDON,T-322.436.524-2
DOS INIMIGOS,T-926.446.415-5
DOWN,T-315.684.825-4
DOWN HEADS,
DOWN IN THE OCEAN,T-039.947.952-7
DOWNTOWN,
DOWNTOWN LIVING,T-327.396.624-4
DR,T-335.394.601-3
DR DESTINO,T-310.338.200-5
DR. MONDAY,T-040.348.495-6
DRAGÃO DE INCÔMODO,T-313.795.620-4
DRAKEN,T-324.681.098-6
DRAMA,T-039.662.293-7
DRAMA,T-932.546.398-7
DRAMA,T-321.537.188-9
DREAMS BEAT,T-040.340.426-1
DREAMS CUP,T-301.721.207-2
DRESS,
DRIPPY KNOW ME,T-931.701.018-7
DRYICE,T-335.571.847-3
DRÁCON,T-307.362.267-6
DUAL,
DUAL II,
DUALIDADE,T-333.723.619-4
DUAS SAÍDAS,T-306.466.155-4
DUBAI,
DUBAIAO,T-039.741.235-9
DUBIO,
DUBYE,T-321.150.615-5
DUCK PAREDE,
DUELO COM AS AMIGAS,T-305.213.612-2
DUELO FINAL,T-040.453.898-2
DUETO DE MENTIRAS,T-328.439.248-5
DUVIDA DE AMOR,T-039.167.662-2
DUVIDO VOCE NAO GOSTAR,T-323.805.106-0
DUVIDOU DA MINHA PEGADA,T-306.466.288-6
DV - HINO,T-302.362.992-3
DV - INTRO,T-313.170.051-7
DV - KICHUTE,T-313.169.952-6
DV AVISTA,T-313.169.950-4
DV FINANCAS,T-313.170.050-6
DV PODER,T-313.170.049-3
DV SO FORCA,T-302.362.991-2
DÁ AULA NA SENTADA,
DÁ PRA NOIS,T-329.173.804-6
DÁ PRA VELHO,T-307.199.482-2
DÁ SENTADÃO,T-304.712.617-6
DÁ UM SENTADÃO,T-302.346.706-9
DÉJÀ VU,T-308.187.765-4
DÉJÀ-VU,T-313.408.635-0
DÊ UM TROCADO AO SEU BRUXO (REMIX BREGA,T-306.800.366-3
DÍGITOS,
E AE FABIOLA,T-040.091.602-0
E ASSIM,T-039.632.965-9
E ASSIM POR DIANTE,T-040.236.044-4
E AÍ BEBÊ,T-930.842.726-1
E AÍ FAKE,T-301.719.325-4
E BOTA UMA MODA BOA X TREND VIRAL MEME,T-327.279.632-0
E FOI BÊ,T-300.973.745-1
E O QUE ME INTERESSA,T-042.618.597-8
E O SENSO COMUM,
E OBVIO,T-039.941.561-2
E PRECISO DAR VAZAO AOS SENTIMENTOS,T-039.338.332-8
E SE (REMIX),T-039.812.657-2
E VOCÊ SABE DISSO COMO?,T-327.279.631-9
E.C.A.,T-329.283.833-2
EARTH AND WATER,T-040.106.207-4
EAST SIDE THRASHERS,
ECHOES OF SILENCE,T-308.121.948-5
ECOS,T-039.312.265-0
ECOS DA AMBIÇÃO,
ECOS DA DISSOLUÇÃO,
EDNEY O PRÍNCIPE DO X1,T-312.554.834-3
EDWARD ERIC,T-321.651.408-4
EFEITO COLATERAL,T-317.906.977-9
EFICAZZ,
EGO,T-932.207.168-1
EGOISTA,T-040.160.953-7
EI AQUI O,T-040.000.422-9
EI BOY,T-932.265.310-1
EI EI PARA QUE TA FEIO,T-040.000.419-4
EI MAE,T-040.396.850-2
EI MOTO TAXI,T-330.716.394-2
EI MOÇA / PRA TE VER JOGANDO,
EIS-ME AQUI,
EITA MOÇA,T-322.163.489-1
EJETIR XENUPRE JUCREGO,
EL CID DE CAPRICÓRNIO: EXCALIBUR,
ELA,T-322.696.235-8
ELA ADORA O PERIGO,T-306.925.952-1
ELA BATE,
ELA BOTOU O GPS ORIGINAL,T-307.514.196-3
ELA CAPRICHA,T-307.299.264-0
ELA CAPRICHA NA SENTADA,T-313.200.907-1
ELA COM P,T-301.992.778-3
ELA CONFUNDIU MEU PAL,T-311.571.556-1
ELA DISSE ASSIM,T-039.298.062-9
ELA ENCANTA,T-040.279.892-8
MARINA PERALTA,MARINA RABELO PERALTA
ELA FALOU QUE QUERIA FOD#R,T-327.533.193-2
OBRA DIGITAL,OBRA DIGITAL DIREITOS MUSICAIS LTDA
ELA FAZ O MACETE AGRESSIVO,T-327.533.192-1
ELA FUMOU BEBEU VS VOU JOGANDO A,
ELA GEMEU QUANDO EU BOTEI DENTRO,T-323.105.010-1
LUANZINHO DO RECIFE,JOSE LUAN NASCIMENTO SILVA
ELA GOSTA DE FUMAR MACONHA,T-318.028.287-1
MC YAGO,YAGO NASCIMENTO CAVALCANTI
ELA GOSTA DOS MENOR QUE TRAFICA,T-308.464.791-2
MC RICARDINHO,JACKSON RICARDO GOMES DA SILVA
ELA JOGA,T-313.255.732-1
MC GATO,JOAO PAULO VIEIRA DE LIMA
MC LEOZIN,LEONARDO REZENDE TEIXEIRA
ELA JOGA NA CARA,
ELA JOGA PROS IRMÃO,T-323.166.815-4
MC LEKAO,GABRIEL FREITAS SCHIMID
DJ WALLACE NK,GABRIEL WALLACE MIRANDA
ELA JOGA PROS MALOKA,T-305.266.242-3
ELA ME FAZ CAVALÃO,T-305.263.316-2
ELA ME MAMOU,T-333.248.784-6
MC XANGAI,IAGO DA SILVA ROSA VILELA
ELA PASSA POR MIM,
ELA QUER LEITE,T-315.912.969-4
ELA QUER ME CONTROLAR (MAKIMA),
ELA QUER ME DAR,T-320.312.545-1
ELA QUER O MAGRINHO,T-329.031.100-7
ELA QUER TIRAR FOTINHA,T-315.996.148-1
ELA SABE QUE É GOSTOSA,T-307.418.165-6
ELA SARRA PRA TROPA,T-306.795.348-0
ELA SENTA E FAZ CARA DE MAU,T-305.214.265-7
ELA SENTANDO,T-307.201.227-8
ELA TA PAGANDO MICO,T-040.108.832-1
ELA TACA A RABA,T-318.190.975-7
ELA TRANCOU O CORAÇÃO,T-308.115.006-9
ELA TRAVA A BCT NA PONTA DA PIKA VS HOJE,
ELA TÁ PUTA,T-333.248.783-5
ELA VAI DESCENDO,T-308.505.733-2
ELA VAI SENTAR,
ELA VEM,T-325.561.312-4
ELA É CAVALA MESMO,T-318.028.288-2
ELA É DIFERENCIADA,T-305.266.235-4
ELA É LINDA,T-305.263.310-6
ELA É MUITO LOUCA: 8 LOUCAS 1 RAP,T-324.681.096-4
ELAMILÊ,T-301.569.298-1
ELAS,T-039.748.711-4
ELAS GOSTAM ASSIM,T-311.612.898-0
ELAS PARA,T-310.669.925-2
ELAS QUE LUTEM,T-302.418.881-2
ELAS QUE LUTEM,T-304.153.765-5
ELAS QUE ME CONVIDOU,T-309.423.228-3
ELDEN RING: ELDEN LORD,T-327.396.616-4
ELE ME BOTOU,
ELE MERECE,T-039.662.294-8
ELE MUITO LOUCO,T-326.637.695-4
ELE QUER LEITIN,T-308.115.013-8
ELE É NOVINHO DO PIROCÃO,T-305.217.201-3
ELEANOR RIGBY,T-316.183.091-3
ELEMENTAR,T-039.497.751-5
ELEMENTAR II,T-039.497.752-6
ELES,T-316.010.005-6
ELES CATUCA,T-308.121.547-2
ELES QUEREM TE CONTROLAR,T-330.774.800-7
ELES SAO ASSIM,T-039.900.042-0
ELES TE CATUCA VS VEM COLOCANDO,T-322.163.488-0
ELEVATE,T-333.723.618-3
ELITE DE CLOVER: 15 PERSONAGENS 1 RAP,T-324.681.095-3
ELIZA SANCHES,
ELIZABETH ROOTS,T-317.733.191-4
EM ALGUM LUGAR,T-039.758.507-7
EM BUSCA DE UM AMOR,T-303.761.704-8
EM NOME DA FÉ,T-040.429.657-6
EM ORBITA,T-306.929.054-2
EM OUTRA DIRECAO,T-042.673.979-8
EM PROVA,T-319.876.143-8
EM QUEM SERÁ,T-327.279.704-9
EM VÓS,
EMBALADO PARA PRESENTE,T-330.774.799-1
EMBALADO PRA VENDER,T-932.331.962-6
EMBARCACAO,T-039.590.236-9
EMBAÇOU GERAL,T-305.264.353-1
EMBRAZADÃO,T-305.220.135-7
EMINHO TRATOR E O IRMÃO,T-313.266.594-8
EMMETT BROWN SABERIA ME DIZER,T-040.441.996-0
EMOCIONADA,T-305.213.596-9
EMOCIONADA,T-305.217.793-8
EMOJI DE FOGO (DANNY BOND & CYBERKILLS,
EMPINADA,T-305.264.357-5
EMPINADINHA,T-306.800.320-9
EMPTY PUB,
EMPURRA,T-305.220.076-3
EMPURRA,T-308.115.015-0
EMPURRA EMPURRA,T-306.800.360-7
EMPURRA NELA,T-322.597.196-6
EMPURRA SOCA,T-303.014.444-2
EMPURRA SOCA,
EMPURRA SOCA (BREGA FUNK REMIX),T-305.706.085-8
EMPURRA TUDO,T-308.115.018-3
ENCABULADO,T-322.010.796-6
ENCAIXA,T-302.808.925-6
"ENCAIXADA, COLOCADA",
ENCARANDO OS FATOS,
ENCHER DE LEITE,T-311.602.306-0
ENCICLOPEDIA DO SER,T-040.347.902-6
ENCONTRO DAS AGUAS,T-310.338.194-4
ENCONTRO DE PAREDÃO,T-306.800.369-6
ENCOSTA,T-305.264.361-1
ENCOSTADO NA PAREDE,T-040.193.773-2
ENCRUZILHADA,T-040.511.903-0
ENCRUZILHADA NO SERTAO,T-040.035.402-0
END OF SILENCE,T-039.826.376-7
ENDING,
ENDLESS TYRANNIES,T-308.121.969-0
ENFERMIDADE,T-040.011.901-8
ENFORCA ELA,T-310.669.926-3
ENFORCA MEU PESCOÇO,T-332.806.856-6
ENGATILHADA,T-303.761.708-2
ENGOV,
ENIGMA,T-313.268.061-2
ENIGMA,T-328.439.218-9
ENOQUE - ENTRE HOMENS E ANJOS,T-327.396.801-3
ENQUANTO AS FREIRAS SE DIVERTEM,T-306.802.837-1
ENQUANTO OS ANJOS DORMEM,T-335.571.846-2
ENREDO,T-931.651.558-9
ENREDO (INTERLÚDIO),T-307.298.908-9
ENSAIO SOBRE A SURDEZ,T-322.967.017-7
ENTAO NAO VEM,T-308.466.953-0
ENTAO SENTA NAO SE APEGA,
ENTAO VAI GRAVANDO,T-325.561.314-6
ENTER THE MIND TAN TAN TAN,T-327.279.703-8
ENTERRO,T-039.954.511-9
ENTRE 2 MUNDOS (ICHIGO KUROSAKI),
ENTRE A GUERRA E A PAZ,T-316.113.147-7
ENTRE AS QUATRO,T-325.754.251-7
ENTRE ESPINHOS,T-302.003.927-0
ENTRE EU E EU MESMO: 10 ANIMES 1 RAP,T-324.681.093-1
ENTREI NO CLIMA,T-314.896.694-9
ENTUBADO,T-316.010.004-5
ENTÃO BOTA BOTA,T-303.766.123-3
ENTÃO BOTA BOTA 2,T-306.460.124-3
ENTÃO BOTA SOCA,T-336.058.260-7
ENTÃO DISS,
ENTÃO JOGA,T-304.712.623-4
ENTÃO JOGA,T-333.248.782-4
ENTÃO JOGA REMIX,T-313.255.729-6
ENTÃO PODE BOTAR,
ENTÃO SENTA,T-311.614.909-4
ENTÃO SOCA,
ENVOLVÊNCIA NO BECO,T-324.579.273-4
ENXAME VOLTOU,
EPARREI,T-306.466.099-3
EPARREI (CITAÇÃO NA OBRA DEUS E TODO,T-310.242.425-5
EPILOG,T-039.900.043-1
EPISIOTOMIA,T-330.488.008-4
EQUAÇÃO,T-307.298.909-0
EQUILIBRIO,T-932.208.041-1
EQUILIBRISTA,
EQUILÍBRIO,T-313.264.307-9
ERA DAS MACHINE,
ERA UMA VEZ,
EREN E MIKASA: MINHA LUZ,T-324.699.184-0
EREN YEAGER,T-321.651.407-3
ERRA NUNCA,T-321.651.406-2
ERRO / DEVASTAÇÃO,T-302.003.928-1
ERROS EM COMUM,T-039.311.145-9
ERUPÇÃO,T-324.241.342-5
ESCANDALOSA,T-322.010.795-5
ESCAPISMO,
ESCOLHA ERRADA,T-932.734.091-0
ESCOLHE AS POSIÇÕES,T-310.669.905-8
ESCOLHE O BANDIDO,T-321.696.439-1
ESCOLHIDO,
ESCONDE TUA BEBÊ,T-335.201.122-0
ESCORRENDO PELO RALO,T-040.429.747-7
ESCURECI SUA FAMÍLIA,
ESCURIDAO,T-932.208.027-3
ESCUTA,T-042.615.527-2
ESCUTA MEU SOM,T-305.217.192-9
ESCUTA-ME,T-302.309.957-8
ESFINGE,T-307.298.911-4
ESFORÇO,
ESFREGA ROÇA NA PONTA DA PISTOLA,
ESMERALDA,
ESPADA LIRICA,
ESPADACHIM INIGUALÁVEL,T-324.699.188-4
ESPAÇO-TEMPO,T-932.738.364-2
ESPECIALISTA,
ESPELHO,T-931.652.333-8
ESPELHO,T-335.571.845-1
ESPELHO DA ALMA,T-040.341.249-6
LUCAS GUERRA,LUCAS MAZONI GUERRA
ESPELHO ESPELHO MEU (OUSAMA RANKING),
"ESPELHO ESPELHO MEU, EXISTE AQUI UMA",T-327.279.702-7
WZ BEAT,WELLINGTON CHIMILOVSKI AZZOLINI
ESPERANDO O PASSADO,
ESPERANTO,T-040.511.904-1
ESPIRITO GUERREIRO,T-039.247.846-4
CELO BROWN,MARCELO COLETA JUNIOR
CANNIBAL,MARCONI DE SOUZA SANTOS
NEILTON,NEILTON JOSE DE CARVALHO
ESPIRITUAL,T-931.652.332-7
CAIO,CAIO PIMENTA NERI
PG,MARCOS KOGA
PITZAN,PITZAN DA SILVA OLIVEIRA
ESPORTBETS MEU AMOR,T-313.266.588-0
ESPORTBETS É O TERROR,T-313.266.592-6
ESPORTE DA SORTE MEU AMOR,T-313.266.997-3
ESPORTIVA VIP,T-313.266.992-8
ESPREITA,T-300.959.956-4
ESPÍRITO ERRANTE,T-328.493.614-3
ESPÍRITO INDOMÁVEL,T-327.329.927-3
ESPÍRITO SAIYAJIN,
ESPÍRITO SOLTO,
ESPÍRITO TROPICAL,T-306.460.025-1
"ESPÍRITO, PT. 2",T-311.957.430-6
ESQUECE TEU EX,
ESQUECER PRA SEMPRE AS HORAS,T-303.852.722-5
ESQUEMA,T-319.876.005-9
ESQUEMA,T-318.043.291-7
ESQUINAPARANOIADELIRANTE,T-313.795.619-1
ESSA INFERNAL QUER SANGUE (POWER),
ESSA NOITE VOU ME EMBRIAGAR COM VERDADES,T-310.556.259-8
ESSA É PRA VOCE,T-040.048.737-7
ESSE CARA SOU EU,T-327.279.701-6
ESSE SOL,T-306.929.051-9
ESSE É LADRÃO,T-327.817.480-0
ESSE É PATRÃO,T-311.694.540-1
ESSES RATOS,T-330.774.798-0
ESTABILIDADE,T-039.865.683-1
ESTACA ZERO,T-315.996.162-9
ESTACOES,T-307.587.838-1
ESTADO TERMINAL,T-327.440.916-0
ESTAMOS CERCADOS DE IDIOTAS,T-330.774.796-8
ESTANDARTE,T-310.337.859-8
ESTAÇÕES,T-332.348.889-3
ESTE ANO NÃO TEVE CARNAVAL,T-307.416.496-4
ESTE LUGAR É PEQUENO DEMAIS PRA NÓS DOIS,T-304.311.957-5
ESTILO,T-329.450.537-2
ESTILOSA VAGABUNDAGEM,
ESTORIA DE NOS DOIS,T-039.723.529-8
ESTOU CANSADO,T-039.497.774-2
ESTOU DE PARTIDA (A CONVIVENCIA COBRA O,T-040.160.955-9
ESTOU INDO EMBORA,T-039.878.651-0
ESTRONDO,T-039.299.200-5
ESTUDIO LA MAIOR,T-039.167.554-9
ESTUDO FERNANDO SOR,T-040.076.533-4
ESTUDO N°4,T-040.219.081-1
ESTUDO Nº 1,T-306.855.676-9
ESTUDO Nº 2,T-306.855.671-4
ESTUDO Nº 3,T-306.855.668-9
ESTUDO Nº 5,T-306.855.664-5
ESTUDO Nº 6,T-306.855.662-3
ESTUPRADOR DA ASA SUL (P.U.S.),
ESU,
ETAPA RECIFE,T-313.266.987-1
ETERNAL ABYSS,
ETERNAL VIAGEM,T-040.312.401-5
ETERNIDADE,
ETICAMENTE QUESTIONÁVEL,T-330.488.007-3
EU,T-039.941.557-6
EU ACEITO,T-329.192.951-2
EU ACEITO TUDO,T-318.370.001-4
EU ACHO QUE VI UM GATINHO,
EU AMO O QUE EU FAÇO: RETROSPECTIVA 2023,
EU AMO O VERÃO,T-322.861.862-6
EU AMO QUE ELES EXISTAM,T-309.246.236-3
EU CATUCANDO,T-325.560.866-9
EU CHOREI NAS MARGENS DO RIO NEGRO,T-310.556.261-2
EU CHUPO PAU,T-321.150.614-4
EU E O VIOLAO,T-039.168.252-2
EU E VOCE,T-039.325.369-4
EU ESPERO,T-039.326.467-9
EU FALEI PRA ELA,T-308.115.020-7
EU FAÇO BOCKET,T-321.150.613-3
EU FAÇO BOQUETE,
EU FAÇO DINHEIRO E O DINHEIRO NÃO ME FAZ,T-311.694.543-4
EU FAÇO SUBIR,T-330.191.276-1
EU FICO PUTA,T-315.864.965-7
EU FIZ PIOR,T-325.193.796-5
EU GOSTO MESMO,T-323.105.008-7
EU GOSTO QUANDO TU GOSTA B,T-303.014.044-0
EU GOSTO É DE DAR,T-321.150.612-2
EU JÁ NEM LEIO JORNAIS,
EU ME APAIXONEI,T-305.706.595-5
EU METO QUE SÓ O CARAY,
MC ZOI DE GATO,VICTOR PAULINO SOARES DOS SANTOS
EU MORO PERTO DO HOSPITAL,T-324.606.257-3
EU NAO MORO NA SUA VIDA,T-039.544.401-5
DUDU FALCAO,CARLOS EDUARDO CARNEIRO DE
ISABELLA TAVIANI,ISABELLA MARIA LOPES LEITE
MIDIA,MIDIA HITS LTDA
EU NAO MORO NA SUA VIDA,
EU NAO PARO,T-039.201.886-8
ANA CAROLINA,ANA CAROLINA DE SOUZA
ANA Z,ARMAZEM PRODUTORA E EDITORA S
ANA Z,C LTDA.
LUIZ QUEIROGA,LUIZ DE FRANCA GUILHERME DE QUEIROGA
SONY MUSIC,SONY MUSIC PUBLISHING (BRAZIL)
WARNER,WARNER CHAPPELL EDICOES MUSICAIS LTDA
EU NAO SOU NADA SEM VOCE,T-039.951.215-2
LENINE,OSWALDO LENINE MACEDO PIMENTEL
EU NAO VOU MUDAR,T-040.005.603-2
BETO BRUNO,ROBERTO BRUNO DA SILVA JUSTI
EU NUNCA FUI SANTA,T-303.761.710-6
GUI DA TROPA,GUILHERME RODRIGO XAVIER DA SILVA
EU NÃO PRECISO DO SISTEMA,T-330.774.747-9
EU NÃO SEI LIDAR COM ISSO,
EU NÃO SOU RACISTA,T-316.329.270-0
NEGO MAX,ERICKSON MAX FORTES PEREIRA
EU O DECLARO MEU INIMIGO,T-040.330.896-2
EU PASSEI,T-308.464.794-5
EU PEGO NELA E PUXO ELA,T-332.348.893-9
EU PROMETO QUE VOU TENTAR,T-040.522.263-0
EU QUERO MORAR EM MARTE,T-039.829.802-6
EU QUERO MORAR NO CANAL OFF,T-324.606.252-8
EU QUERO SER IGUAL,T-307.418.166-7
EU QUERO SER NORMAL,T-307.416.500-3
EU QUERO TE AMAR,T-305.623.712-4
EU QUERO VOMITAR,T-330.774.795-7
EU REPAREI NA PEÇA,
EU ROUBEI O FLOW DO FROID,T-301.721.445-4
EU SEI,T-323.310.474-6
EU SEMPRE ESQUECO,T-039.941.560-1
EU SENTO,T-305.213.588-9
EU SENTO E ME ACABO,T-305.264.364-4
EU SO TENHO ESSA CANCAO,T-039.156.365-7
EU SOU 1 INSTRUMENTO,
EU SOU A TENDÊNCIA,T-318.000.007-7
EU SOU DAQUI,
EU SOU NOVINHO,T-308.115.027-4
EU SOU O FUNK,T-313.266.982-6
EU SOU OTARIO MESMO,T-040.000.428-5
EU SOU SEM EDUCAÇÃO,T-330.774.794-6
EU SÓ OBSERVO,T-329.283.832-1
EU SÓ QUERO CANTAR JUNTO NO REFRÃO,T-307.418.171-4
EU TAMBÉM VOU RECLAMAR,T-314.606.839-1
EU TE AVISEI,
EU TE ODEIO,T-305.217.205-7
EU TO CHEIA DE MALDADE,
EU TÔ NA MAROLA,T-306.797.319-3
EU TÔ SÓ CALADO,T-306.795.412-1
EU TÔ VIAJANDO,T-324.681.091-9
EU VOU,T-040.469.531-3
EU VOU EU VOU,T-040.000.406-9
EU VOU JOGANDO A XEREQUINHA AI AI AI VS,T-322.528.889-7
EU VOU JOGAR,
EU VOU JOGAR SUJAO,
EU VOU ME JOGAR,
EU VOU SENTAR,T-305.267.256-3
EU VOU SENTAR NA 38,T-308.464.797-8
EUTANÁSIA,
EVA (EVANGELION),
EVERY SINGLE DAY,T-317.794.106-5
EVOLUCAO E ELEVACAO,
EVOLUÇÃO,
EVOLUÇÃO,T-317.794.103-2
EX FILHA DA PUTA,T-322.010.794-4
EX FILHO DA PUTA,T-317.350.661-7
EXCEPT MY LOVE,T-039.948.047-7
EXECUTADO,T-302.808.898-0
EXECUTÁVEL,T-330.488.006-2
EXECUÇÃO,
EXIJO RESPEITO,T-039.338.333-9
EXISTE VÁRIAS MANEIRAS,T-331.945.685-0
EXISTÊNCIA,T-040.522.262-9
EXISTÊNCIA,T-305.619.012-2
EXISTÊNCIA IGNÓBIL,T-330.774.793-5
EXODUS,T-932.547.418-8
EXORCIST IN THE PIT,T-312.553.308-2
EXPANSAO DA CONSCIENCIA,T-040.340.102-4
EXPLOSÃO DE SEDUÇÃO,T-305.264.365-5
EXTRA EXTRA,T-931.619.813-7
EXU,
EXÉRCITO DE ZUMBIS,T-316.010.003-4
F12 ENTERTAINMENT,T-313.266.643-0
F12 NO UM PRA UM,T-313.795.964-5
F12.BET SUA MELHOR JOGADA,T-313.266.638-3
FABIO ASSUNCAO,
FACADA ELEITORAL,
FACE REALITY,
FACE THE REALITY,T-330.774.745-7
FACES DA MORTE,
FACIT INDIGNATIO VERSUM,T-316.010.002-3
FACULDADE,T-316.180.980-5
FADA GOSTOSA,T-308.464.800-6
FADA NÃO NAMORA,T-305.214.244-2
FADA VS BRUXA,
FADINHA SAFADINHA,T-317.733.190-3
FADISMO,T-313.266.977-9
FAIR LADY,
FAIXA DE GAZA,T-313.642.499-8
FAIXA PRETA,T-305.213.981-4
FAIXA PRETA,T-308.121.337-4
FAIXA PRETA,T-308.464.803-9
FAIXA PRETA,T-315.912.966-1
FAKE MILHO,T-308.121.475-3
FAKE NEWS,T-306.076.018-7
FAKE NEWS,
FALA BAIXO,T-040.000.441-2
FALA QUEM QUE TE MACHUCA,T-324.471.813-2
FALAR DE AMOR,
FALEI NADA,T-305.264.369-9
FALEI NADA PT. 2,T-313.263.551-5
FALLEN HOPE,T-327.329.925-1
FALO DE ARMA,T-305.220.083-2
FALSA AMIZADE,T-317.794.101-0
FALSA CURA,
FALSE MESSIAH,T-308.121.966-7
FALSIDADE,T-303.389.501-7
FALSO AMOR,T-311.602.105-3
FALSO CRIMINOSO,T-300.974.866-3
FALSO PROFETA,
FALTA,T-040.522.261-8
FALTA DE OPÇÃO,T-303.766.126-6
FALTA DE OPÇÃO 2,T-303.766.129-9
FAMA,T-324.681.088-4
FAMA DE MAL,T-322.696.234-7
FAMILIA 4 VIDAS (MEU LUGAR),T-040.397.919-0
FAMOSINHA DO INSTAGRAM,T-305.216.171-0
FAMOSINHA DO INSTAGRAM,
FANDI,T-324.237.380-0
FANTASIA,T-328.493.603-0
FANTASMAS,T-316.133.343-9
FANTASMAS,
FANTOCHE,
FAR ON A DISTANT FIELD,T-039.948.048-8
FARISEU,T-327.396.800-2
FAROL,T-303.390.205-1
FAROL,T-311.699.420-4
FAROL,T-312.562.012-0
FAROL,
FAROL REMIX,T-313.413.893-1
FASES E FASES,
FASHION,T-305.215.259-3
FASTEST WAY TO DIE,
FATOS E RELATOS,T-310.669.970-7
FAVELA,
FAVELA SINISTRA,T-040.166.088-5
FAVELA VENCEU,T-305.266.080-3
FAVELADO,
FAVELADO LEGÍTIMO,
FAXINA,T-040.275.773-6
FAZ A FILA,T-306.358.558-6
FAZ A POSE,T-308.370.523-7
FAZ A POSE,T-308.505.741-2
FAZ A POSE 2,T-308.508.322-9
FAZ CARA DE MAU,T-315.912.965-0
FAZ MACETE,T-315.912.964-9
FAZ ME RIR,T-313.642.503-7
FAZ O FACIL,T-305.213.957-4
FAZ O MOVIMENTO,T-333.411.734-5
FAZ O PIX,
FAZ PARTE DO COTIDIANO,T-039.247.864-6
FAZ360,T-313.324.772-6
FAZENDEIRO,
FAZENDO A POSIÇÃO,T-327.396.849-9
FAZER MACETE,T-305.213.986-9
FAZER TUDO A PE,T-040.059.791-2
FEAR THE CHAINSAW,
FEBRE DAS RUAS,T-325.754.261-9
FEBRE DAS RUAS (INSTRUMENTAL),T-301.178.819-1
FEDERAIS,T-335.234.467-9
FEIGENBAUM,T-301.575.585-4
FEIJOADA,T-322.967.023-5
FEIJUCA DA VOVÓ,T-306.800.378-7
FEIRA DE CIENCIAS,T-324.742.807-1
FEITICEIRA,T-305.220.089-8
FEITICEIRA,T-306.358.160-8
FEITICEIRA,T-313.255.723-0
FEITICEIROS JUJUTSU: EU EXORCIZO,T-324.699.172-6
FEITIÇO,T-329.192.949-8
FEITO DE BARRO,T-040.140.011-0
FEITOS DE ÁGUA,T-321.651.405-1
FELICIDADE,
FELIZ,T-042.032.139-6
FELIZ NATAL,
FEMINILITY,T-307.362.047-6
FEMME FATALE,T-332.348.891-7
FENDA NO TEMPO,
FERREIRO,
FERROADA,T-315.569.821-4
FERROLHO DE BESOURO,
FESTA DA CARNE,T-330.774.791-3
FESTA DO BRISA,T-307.589.922-4
FESTA EM ALTO MAR,T-305.266.335-7
FESTA MUITO LOUCA,T-322.356.324-0
FESTA NA FAVELA,T-306.795.336-6
FESTA NA FAVELA,
FESTEJA,T-316.010.001-2
FESTINHA DE BANDIDO,T-315.912.963-8
FESTINHA MUITO LOUCA,T-328.825.976-3
FESTINHA NA FAVELA,
FETICHE,T-316.009.896-0
FETICHE DA COELHINHA,
FICA,
FICA (REMIX),
FICA AÍ COM POUCA TRANSA,
FICA BEM,T-301.718.618-0
FICA BEM,T-312.562.062-0
FICA COMIGO,T-305.623.715-7
FICA FACIL,T-325.193.809-3
FICA NA MENTE,T-305.216.141-4
FICA NA POSIÇÃO,T-328.825.676-4
FICOU SOLTEIRA,T-304.715.807-2
FIEL (NO CARNAVAL ARTIFICIAL),T-317.733.189-0
FIGURINHA REPETIDA,T-308.114.556-0
FILA DO OSSO,T-316.133.341-7
FILHA DO SATANÁS,T-306.802.988-5
FILHA OU MULHER,T-039.167.537-8
FILHO DA NOITE,T-326.016.008-1
FILHO DA PUTA,T-330.774.735-5
FILHOS DO RISCO 13: COMPLEXO VP,
FILHOS DO RISCO 16 - TABULEIRO,T-335.571.844-0
FILME PORNÔ,T-305.217.796-1
FIM DA FESTA,
FIM DE ANO,T-322.186.020-0
FIM ÀQUELES QUE QUEREM NOS GOVERNAR,T-316.010.000-1
FINAL DE SEMANA,T-303.016.328-7
FINAL FELIZ,T-315.996.147-0
FINALE,T-303.385.440-5
FINGE QUE ESQUECEU DE MIM,
FIO DE PRATA DELUXE,
FIQUEI COMO,
FIRMAMENTO,
FISSION AND FUSION,T-040.106.194-6
FISSURA,T-316.009.999-6
FIT DANCE,T-040.453.891-5
FIZINHUR,T-039.968.694-2
FLASH PIX,T-313.796.145-2
FLASH PIX COPA DO MUNDO,T-315.906.844-3
FLASH: ALÉM DO IMPOSSÍVEL,
FLASHBACK,T-318.297.793-7
FLECHA,
FLEX CASH,
FLEXIONA,T-306.928.538-3
FLEXIONA,T-319.875.994-9
FLEXIONA (CAROL VITTI REMIX),
FLOR DA PELE,T-302.243.740-3
FLOR DA SAUDADE,T-039.758.510-2
FLOR DE ELIS,T-040.035.578-3
FLOR DE LÓTUS,
FLOR DE MAIO,
FLOR DE VULCÃO,T-332.483.928-9
FLORES ARTIFICIAIS,
FLORES E FACAS,T-311.955.043-1
FLORES EM NOSSAS VIDAS,T-039.748.713-6
FLORES MORTAS,T-308.634.457-8
FLORES MORTAS,T-325.044.671-6
FLORES MORTAS & ALGEMAS,
"FLOW DE QUEM JÁ VOLTOU, MAS NÃO POR VOCÊ",T-321.651.404-0
FLOW TOLEDO,
FLUIU,T-310.248.860-4
FLUTUANDO,T-040.076.549-2
FLUÍDO,
FLY AWAY,T-040.081.805-4
FLY AWAY,T-312.560.962-9
FLYING JACKALOPE,T-040.080.477-4
FMI,T-039.593.530-4
FOCO,T-330.191.251-2
FODA,
FODA DO ANO,
FODA-SE OS TRAUMAS,T-327.289.691-6
FODE A MINHA BC#,T-315.996.146-9
FODE A MINHA BUCETA SEU FILHO DA PUTA,T-318.000.003-3
FODE COM A PEÇA NA CARA,
FODE COM MILIONARIO,T-303.385.939-7
FODE DELICADAMENTE,
FODE FODE,T-308.376.434-1
FODE FODE 1.0,
FODE GOSTOSO,T-304.312.384-4
FODE GOSTOSO COMIGO,T-325.832.225-3
FODE MINHA BONEKINHA,T-303.766.132-4
FODE MINHA XOTA,T-317.358.605-1
FODE MINHA XOTA 2,
FODE VAGABUNDA,T-304.709.750-3
FODE VAGABUNDA,T-307.003.174-8
FODEU DE NOVO,T-306.928.541-8
FOGO,T-323.310.361-8
FOGO DO INFERNO - AKIRA,
FOGO E TERRA,
FOGO NA BUCETA,T-307.416.502-5
FOGO NO BAILE,T-326.766.165-0
FOGO NO INCENSO,T-931.807.387-9
FOGO NO PUTEIRO,T-313.247.137-1
FOGOSA,
FOGUEIRA,
FOGUETE NAO TEM RE,
FOGUINHO,T-302.309.976-1
FOI DIFÍCIL A CAMINHADA,T-313.266.973-5
FOI SÓ SENTADA COM RAIVA,T-327.533.196-5
FOLCLORE,T-040.076.532-3
FOLEGO,T-040.511.905-2
FOLLOW,T-306.796.729-3
FOLLOW THE MONEY,T-330.488.005-1
FOME,T-313.795.616-8
FOME TETO NOTICIA,T-039.612.870-3
FORA DA LEI,T-931.477.257-1
FORA DA LEI,T-324.241.341-4
FORA DO TOM,T-328.439.217-8
FORA DOS STORIES,T-335.482.972-0
FORA EU,T-316.010.103-7
FORCA,
FORCA ENCANTADA OU LARGOU AS BOTAS E,T-040.312.407-1
FORJADO NO DESERTO,
FORMOSO,T-039.167.641-7
FORRO COM F,T-325.193.732-9
FORROZINHO JOGA A RABETONA,T-322.597.195-5
FORSAKEN BY LOVE,T-039.948.049-9
FORTALEZA,T-040.219.082-2
FORTES COMO AÇO (IRMÃOS ELRIC),
FORÇA DA RAW,
FORÇA PRA VIVER,
FORÇAS PRA LEVANTAR,
FOSKA,T-335.572.259-3
FOTO BACANA,T-309.424.108-0
FOTO DO MUNDO,T-039.612.866-7
FOTOSSÍNTESE,T-301.576.190-3
FOTOSSÍNTESE (INSTRUMENTAL),T-301.178.821-5
FOURBETS,T-315.906.843-2
FRACO E FRANCO,
FRAGMENTADO,T-316.329.316-7
FRAGMENTADO,
FRAGMENTOS,T-932.390.154-8
FREAK OUT,T-039.497.743-5
FREE SESSIONS,T-304.153.751-9
FREE TO LIVE,
FREEDOM FIGHTERS,
FREEDOM FIGHTERS (DUX MIX),T-324.176.742-6
FREESTYLE,T-321.150.611-1
FREESTYLE 1,
FREESTYLE 10,
FREESTYLE 11,
FREESTYLE 12,
FREESTYLE 13,T-040.447.395-5
FREESTYLE 14,T-040.447.268-9
FREESTYLE 15,
FREESTYLE 16,T-302.363.529-8
FREESTYLE 17,
FREESTYLE 18,
FREESTYLE 19,
FREESTYLE 2,T-303.659.250-0
FREESTYLE 20,
FREESTYLE 21,
FREESTYLE 22,
FREESTYLE 23,
FREESTYLE 3,
FREESTYLE 4,
FREESTYLE 5,
FREESTYLE 6,
FREESTYLE 7,
FREESTYLE 8,
FREESTYLE 9,
FREESTYLE DO CAMPEAO,
FREESTYLELIENÍGENA,T-316.303.316-3
FREESTYLELIENÍGENA 2.0,T-323.310.360-7
FREVEREIRO Nº 3,T-040.076.009-9
FREVO,T-040.076.563-0
FRIA NAVALHA,T-302.003.911-2
FRIO,T-313.413.891-9
FRIO E CALCULISTA,T-334.365.101-0
FROM LUST TO DUST,
FROZEN FEAR,
FRÁGEIS COMO FLORES,T-040.086.427-8
FRÁGIL,T-317.206.877-4
FSK,T-312.560.972-1
FUCK CÓPIAS,T-931.806.137-9
FUDE COM O AMANHA,
FUDER CHAPADA,T-315.864.955-5
FUGA,T-040.275.820-6
FUGA DE XRE,T-311.461.033-8
FUGA NA VIATURA,T-327.539.229-1
FUGA NOS FUGAZZI,T-301.571.230-4
FUGINDO EM RE MENOR,T-039.312.263-8
FUGIR DA VIDA,
FUGIR DAQUI (MENSAGEM),T-319.234.064-6
FUGIU DE CASA,T-311.694.545-6
FUGUETADA,T-301.566.999-1
FULERAGEM,T-305.214.250-0
FULO DE ABRIL,T-327.329.656-9
FUMO E FICO LENTO MAIS O SEXO É VIOLENTO,T-321.085.235-6
FUNCAO,
FUNDADORES DA TOMAN (TOKYO REVENGERS),
FUNDO DA AMÉRICA,
FUNDO DE QUINTAL,T-335.572.258-2
FUNERAL,T-039.325.370-7
FUNGOS,T-325.200.653-0
FUNK E AMOR,T-333.110.633-9
FUNK UNIVERSITÁRIO (FUNK DO CALAF),
FUNK UNIVERSITÁRIO (FUNK DO CALAF) -,
FUNKSTEIN,T-039.285.653-9
FURACAO DO BAILE,T-040.166.087-4
FURIA LOUCA,T-040.166.086-3
FURICO,T-331.406.603-6
FUTBETSVIPE,T-313.266.969-9
FUTEBOL DE VÁRZEA,T-313.266.965-5
FUTEBOL DE VÁRZEA PT.2,T-313.266.962-2
FUTEBOL NO TERRÃO,T-306.800.381-2
FUTMESA,T-313.266.653-2
FUTMESA DA PRAIA ESPORTE,T-313.266.648-5
FUTSABÃO,T-313.795.615-7
FUTURE TENSE,T-306.926.949-0
FUTUREPHOBIA,T-308.121.963-4
FUTURO,
FUZIL ADAPTADO,T-308.508.325-2
FUZIL LINDO REMIX BREGA FUNK,T-317.949.109-5
FÉ + FÉ = FEZES,T-316.009.998-5
FÉ + FÉ = FEZES II,T-316.009.997-4
FÉ DEMAIS,T-040.330.631-9
FÉ NO DELÍRIO,T-317.297.701-0
FÉ NOS PLANOS,T-303.389.505-1
FÊNIX,T-324.681.087-3
G.D.O.,T-316.009.996-3
G.E.B.,
G.S.S,
G19,T-305.213.617-7
GABIMARU: SOU VAZIO,T-324.699.171-5
GABRIEL FENÔMENO,T-313.266.633-8
GABRIELA,T-312.560.983-4
GAIOLA É O TROCO,T-304.709.754-7
GAITA DO FOLEI,
GAITA DOS FLUXOS,
GAIVOTA,T-040.076.539-0
GALATIC MANIAC,T-330.774.888-1
GALEGA DO MAL,T-313.199.681-7
GALEGO DO TROMBONE,T-039.612.869-0
GALERA BET,T-315.906.842-1
GALERIA,T-324.607.343-4
GALEROSA OU APAIXONADO,
GALOPANDO,
GALOPE DE JUREMA,T-039.237.304-4
GAMA,
GAMBIARRA,T-313.315.116-9
GAME OVER,
GANDAIA DAS ONDAS,T-039.626.331-2
GANGORRA,T-040.511.906-3
GANGORRA,
GANGSTA PREDILETO,
GANÂNCIA,
GARCIA (INTRO),
GARE DU NORD,T-301.577.170-3
GARIMPO,
GAROA,T-040.279.889-3
GAROTA FASHION,
GAROTA SENSUAL,T-317.214.641-3
GAROTO DE OURO (KINTARO),
GAROTOS PERDIDOS,T-039.611.380-6
GARRADIN,
GARRAFA BLACK,
GAS CHAMBER,T-040.106.191-3
GATA DO CRIME,T-316.010.032-9
GATILHO,T-327.661.162-8
GATILHOS DE UM PORQUÊ,
GATO BEBE LEITE,T-307.418.170-3
GATOS & TABACOS,T-321.651.403-9
GAVETA,T-335.572.265-1
GEGEU E MICHEL,T-313.266.619-0
GELATO,
GEME BAIXO,T-306.795.345-7
"GEME BEM BAIXINHO, DEIXA ESCONDIDO",T-322.436.523-1
GEME TOMANDO DE QUATRO,T-305.220.096-7
GEMIDÃO MEME OHHHH OH,
GEMINIANA - ACUSTICO ALTAMIRA 6# - PELE,
GENE X,T-309.153.194-7
GENERAL CRISIS,T-316.010.094-3
GENESIS,T-300.969.675-3
GENGAR FREESTYLE,T-324.699.170-4
GENIUS FREESTYLE,T-333.891.191-0
GENNINS DE KONOHA,
GENTE DE BEM?,T-319.592.102-5
GEORGE CLOONEY,T-332.898.031-6
GERA BACTÉRIA,T-306.803.852-4
GERAÇÃO,T-330.191.248-7
GERAÇÃO ELEVADA,T-304.013.095-4
GET RICH,T-335.572.257-1
GET THRASHED ÖR DIE TRYING,
GET UP AND TRY AGAIN,T-320.126.221-3
GHOST,
GHOST GIRL,T-301.721.450-1
GIDEÃO - OS 300 DE ISRAEL,T-327.396.789-4
GIGANTES NA IRA,T-323.310.359-4
GIMME MY LIGHTER,
GIRA RODA,T-039.507.326-3
GIRAMUNDO,T-040.150.635-1
GIRAMUNDO 2,
GIRASSOIS (CENA M1),T-039.826.368-7
GIRASSOL,T-335.572.256-0
GIRL SAFADA,T-304.153.752-0
GIVE ME DESTRUCTION OR GIVE ME DEATH,T-308.121.962-3
GIVE ME LOVE,T-039.634.912-4
GIVENCHY,T-308.187.767-6
GLOCK ADAPTADA,T-313.277.732-9
GLOCK CAMUFLADA,
GLOCK DE MARGINAL,T-315.912.954-7
GLOCK FLAMEJANTE,T-322.597.194-4
GLOCK NA CINTA,T-308.466.213-1
GLOCK SERPENTE,T-317.733.208-6
GLOCKADA ADAPTADA,T-305.996.002-6
GLORIOSA EVOLUÇÃO,T-330.716.393-1
GLORIOSA KEKE,T-324.606.246-0
GO BEYOND THE TOP,T-326.766.444-4
GOING WITH THE WIND,T-040.023.891-6
GOJO: TEMA MEU PODER,T-325.460.969-9
GOL BRANCO,T-332.887.915-4
GOL BRANCO 2,
GOLD,T-327.329.924-0
GOLD ESPORTE,T-313.266.617-8
GOLDCYPHER CAPITULO 1 UNIAO,
GOLDEN WIND! | (JOJO'S BIZARRE ADVENTURE),T-333.819.461-5
GOLPE VIOLENTO,T-300.966.907-8
GONEXAM,T-316.329.268-6
GONZAGUEANDO ROBERT JONHSON,T-040.035.619-5
GOOD ALL DAYS,T-304.308.875-7
GOOD OL' DAYZ (IMERSÃO),T-317.794.091-5
GOOD OLD DAYS,T-304.714.716-6
GORDIN BETS,T-313.266.615-6
GORDINHO FC,T-313.266.613-4
GOSPEL,T-301.718.755-8
GOSPEL,T-321.651.402-8
GOSPEL SUJO,
GOSTA DO PERIGO,T-324.470.841-2
GOSTA QUE MALTRATA,T-306.800.386-7
GOSTIN DE QUERO MAIS,T-327.279.698-8
GOSTO QUE MACHUCA,T-303.766.099-0
GOSTOSINHA DA PLAYBOY,T-305.263.180-4
GOSTOU DA MINHA PEGADA BREGA FUNK,
GOTA A GOTA,T-040.340.504-8
GOTAS DE CRISTAL,T-316.180.979-2
GOTAS DE VENENO,
GOZA EM CIMA DO PAI,T-335.550.074-8
GOZAR NO TEU CORAÇÃO,
GOZOU FUDEU,T-040.000.429-6
GRACA MAIOR,T-039.312.259-2
GRACE,T-039.946.942-1
GRACIOSO,T-039.167.642-8
"GRADES, JANELAS E CERCAS",T-323.593.620-2
GRAMMY,T-316.329.267-5
GRANA AZUL,T-321.651.401-7
GRANA GAMA,T-321.651.400-6
GRANA GAMA & LANA,T-321.651.399-0
GRANADA,T-040.348.474-1
GRANDES MERDAS,T-330.774.887-0
GRAO,T-314.039.231-6
GRATIDÃO,T-305.217.523-8
GRAVATA,
GRAVE,
GRAVITAR,T-304.714.540-0
GRAVITAR,
GREATEST LIAR,T-315.684.824-3
GREEN HOUSE,
GRIFE,T-931.807.385-7
GRIFE DE BANDIDO,T-306.928.542-9
GRIMMJOW,T-324.699.137-3
GRITA,T-306.802.989-6
GROSSERIA FINA,T-313.795.612-4
GRUPO QG,T-315.906.841-0
GRUPO QG COPA DO MUNDO,T-315.906.840-9
GRUPO QG MAIS UM ANO,T-315.906.839-6
GRÉCIA,T-327.047.745-3
GUARDA-CHUVA,
GUERRA AQUI,
GUERRA CIVIL CANIBAL,T-039.387.725-2
GUERRA DE CRIANCA,T-039.247.854-4
GUERRA DESUMANA,T-316.010.102-6
GUERRA NO CÉU: A QUEDA DO DRAGÃO,T-327.396.699-3
"GUERRA SUJA, BOLSO CHEIO",
GUERREAR,T-316.009.995-2
GUERREIRO CAÍDO,T-333.819.432-0
GUERREIRO PERFEITO,T-333.819.431-9
GUERRILHA URBANA,T-306.465.315-8
GUETO ANONIMATO,T-323.646.789-9
GUETO GOSPEL,T-302.131.317-3
GUIA PARA DEMONIOS E ESPIRITOS OBSESSORES,T-040.479.384-5
GUIDOM,
GUILE,
GUILHOTINA,T-330.774.886-9
GUILHOTINADO EM CRISTO,T-316.009.994-1
GUIMBA,
GUINDASTE,T-303.766.103-9
GURIA,T-039.781.843-7
GYOKKO: ESTRANHO,T-324.681.085-1
GYOMEI HIMEJIMA: PILAR MAIS FORTE,
GÊNIO ABSTRATO,T-324.699.169-1
HA DEZ ANOS OU MAIS,T-039.405.622-4
HABILIDADE PURA,T-305.216.146-9
HAJIME KASHIMO: O DEUS DO TROVÃO,
HALLOWEEN,T-335.241.606-5
HALLOWEEN DAS CREEPYPASTAS: HISTÓRIA DE,
HANG THE MERCHANTS OF ILLUSION,T-335.482.879-4
HAPPINESS COMES BY MORNING,T-040.023.892-7
HARBINGER OF DECAY,
HARD MOB: MOB - MOB PYSCHO 100,
HARMONIA NATURAL,
HARMONIZAR,T-039.497.776-4
HARPA DOS ARES,T-926.336.550-0
HASHIRA DO VENTO (SANEMI SHINAZUGAWA),T-324.681.084-0
"HASHIRAMA, KONOHA",T-324.681.083-9
HASHIRAS X LUAS SUPERIORES: ATÉ O,T-324.699.136-2
HATE AND HASTE ST,T-040.106.208-5
HATER,T-335.572.255-9
HAYAMA: A BESTA RELÂMPAGO,T-325.816.121-2
HEADSHOT,T-316.329.266-4
HEADSPINNER,T-312.553.015-2
HEARTBEATS,T-040.106.209-6
HEARTLESS,T-300.965.927-8
HEAVYMENTAL,
HEINEKEN,T-305.266.085-8
HELIPA,T-303.014.883-1
HEMISFÉRIO SUL,T-313.315.114-7
HERÓI DA JUSTIÇA: SHIROU EMIYA (FATE/STAY,
HERÓIS UNIDOS,
HEY,T-305.219.212-4
HEY JOE,T-310.669.168-9
HEY MAN,T-316.009.969-0
HEY MOÇA (BREGAFUNK REMIX),
"HEY, HONEY",T-333.110.602-2
HI-LO,T-308.187.720-1
HIDAN: MEU DEUS DO MAL,T-324.707.985-8
HIDELBRANDO CHAINSAW MASSACRE,T-330.774.883-6
HIGH,T-317.794.087-9
HINATA (HAIKYUU!!),T-321.651.398-9
HINO DOS IRMÃOS,T-301.721.456-7
HINO PARTE 2,T-040.470.501-6
HIP HOP REAL,
HIPHOP REAL,
HISTÓRIA DE TERROR: 13 VILÕES 1 RAP,T-324.707.984-7
HIT CHICLETE,
HIT DA EVOLUÇÃO,
HIT DE FAVELA,T-305.220.098-9
HIT DE FAVELA,T-305.263.185-9
HIT DIFERENTE,T-310.669.975-2
HIT DO CARNAVAL,T-302.419.840-7
HIT DO PASSINHO,T-306.795.358-2
HITMO MEXICANO,T-308.115.030-9
HO NOVINHA,T-335.550.073-7
HOFMANN,T-040.106.210-9
HOJE EU NÃO VOU TE MACHUCAR,
HOJE EU QUERO FICAR,T-040.147.693-4
HOJE EU TÔ GULOSA,T-315.912.949-0
HOJE EU VOU,
HOJE EU VOU PRO BREGA,T-305.266.090-5
HOJE NÃO VOU TE MACHUCAR,T-310.669.936-5
HOJE O MUNDO GIROU,T-309.423.231-8
HOJE SOU AQUELA QUE TU USA E ABUSA,
HOJE SÓ VAI DAR ELA,
HOJE TEM,T-327.279.700-5
HOJE TEM BAILÃO,T-305.213.678-0
HOJE TEM BAILÃO + SURRA DE PIROCA,
HOJE TIVE UM PESADELO,T-040.226.897-6
HOJE VIROU EX,T-300.964.390-3
HOJE É DOMINGO,
HOJE É REVOADA AGRO,T-327.279.627-3
HOJE É ROLO DOIDO,T-306.800.390-3
HOKARNAVAL (DAJI SAMBA APAIXONANTE),T-329.434.401-3
HOLANDA,
HOMEM DA MEIA NOITE É CARNAVAL NO SERTÃO,T-931.621.778-4
HOMEM DE FUMAÇA,T-329.434.398-5
HOMEM DE LATA,T-313.264.318-2
HOMEM DE NEGÓCIOS,T-306.460.030-8
HOMEM MONSTRO,T-316.009.968-9
HOMEM É ASSIM MESMO,T-316.133.339-3
HOMEM-ARANHA: FARDO,T-324.707.956-3
HOMENAGEM A CHAPECOENSE,T-040.193.801-9
HOMENAGEM A GIL,T-039.167.654-2
HOMENS DE PAPEL,
HOMINIS CANIDADE - REMIX,
HOMINIS CANIDAE,
HOMO FREESTYLE SAPIENS,
HORA DA BATALHA,T-039.247.866-8
HORA DE AVENTURA,T-318.264.414-6
HORA DE AVENTURA,T-324.707.955-2
HORA DE MORFAR,
HORA DO DUELO (YUGI MUTO),T-334.542.333-4
HOSHI,T-301.713.633-9
HOTEL LANCASTER,T-039.325.371-8
HOTLINE '99,T-317.794.084-6
HOUSE MAFIA,T-327.279.699-9
HOUSE PARTY,
HOW DEEP DOES IT GO,T-039.948.051-3
HOW I FORGET,T-328.725.832-2
HUGOSTOSO,T-040.000.430-9
HUMAN EXTINCTION,
HXX,T-311.589.441-8
HY BRASIL,T-305.220.104-0
HYAKKIMARU (DORORO),T-321.651.397-8
HYPE DA OPRAH,T-319.875.979-0
HÁ MALES QUE VEM PARA PIOR,T-330.774.885-8
I BELIEVE,T-039.497.766-2
I CAN SEE THE SUN,T-333.840.479-4
I FOUND YOU,T-317.794.080-2
I GOT YOU,T-040.081.806-5
I HATE EVERYONE,T-040.086.426-7
I HOPE YOU HAVE A BETTER LIFE,T-039.946.943-2
I'VE GOT A DREAM,T-039.497.724-2
I.A.,
IA IA,T-039.927.492-0
IAN (VALSA CHORO N.2),T-040.076.012-4
IBUPROFENO,T-327.816.727-0
ICHIGO E RUKIA: LAÇO ESPIRITUAL,T-324.708.106-3
IDEAIS,
IDEM AO 3,T-039.662.295-9
IDENTIDADE,T-039.497.763-9
IDENTIDADE 2,T-310.248.808-0
IDGAF,T-304.308.877-9
IDIOMA DE OLHARES,T-313.278.940-9
IDOL,
IGNORANCE,T-316.010.093-2
IGNORANTE,T-330.774.733-3
IGNORÂNCIA,T-316.010.092-1
IGOR MOURA E MAGO BRASIL ESPORTE,T-313.266.611-2
IGRIS: CAVALEIRO DAS SOMBRAS,
IGUAL JORGE,T-313.606.620-7
IKOMA MORIMICHI,T-321.651.396-7
ILHA DE TARTARO,T-330.191.317-3
ILHA DO AMOR,T-039.425.493-3
ILHA DO MEL,T-319.875.962-1
ILHA YOSHIMI,T-040.348.473-0
ILHABELA,T-301.567.022-7
ILHAS CAYMAN,T-040.347.901-5
ILLUMINATI,
ILUMINA,T-330.191.252-3
ILUMINAR,T-312.557.995-1
ILUMINAÇÃO | BUDA (SHUUMATSU NO VALKYRIE),
ILUSAO,T-040.011.902-9
ILUSÃO,
IMAGINA,T-332.348.999-8
IMAGINAVA,
IMBECIL,
IMERSÃO,T-317.794.070-0
IMIGRANTE (INTRO),
IMORTAL,T-307.118.165-8
IMPAVID,T-040.106.211-0
IMPAVIDO,T-307.524.989-3
IMPERADOR,
IMPERATIVO,T-327.440.915-9
IMPRESSIONANTE,T-304.246.524-3
IMPREVISTO,T-312.561.383-0
IMPROVAVEL,
IMPULSO,T-331.945.998-4
IN THA HOUSE,T-320.126.219-9
IN THE MOON,
INCENDEIA,T-313.602.489-6
INCENDIAR,T-310.167.113-6
INCINERAÇÃO: GENOS (ONE PUNCH MAN),
INCLINANDO E CONCENTRANDO,T-304.714.879-4
INCOMODADA QUE SE MUDE,
INCONSCIENTE,
INCORPORA A BAILARINA,T-311.694.834-2
"INCORPORA, ELISA SANCHES",T-312.549.655-7
INCRÉDULO,T-040.330.532-7
INCÊNDIO,T-322.597.193-3
INDEFINIDA,T-330.191.318-4
INDEPENDENTE,T-039.325.372-9
INDEPENDÊNCIA DA TCHECA,T-321.150.610-0
INDIA DIANA JONES,T-040.423.093-8
INDIE JAM,T-301.567.028-3
INDIO,T-040.076.550-5
INDIO COME XT INDIO COME C X PASSARO,
INDIRETA,
INDOMESTICAVEIS,T-306.802.382-1
INDRA,T-324.707.954-1
INERCIA,T-039.828.193-0
INEVITÁVEL DESTINO,
INFERNAL RISE,T-308.121.961-2
INFERNAL SIGHT,
INFERNO NA TERRA,T-330.774.882-5
INFILTRATION,
INFLUENCIADOR DIGITAL,
INFORMAL ARCAICO,
INIMIGO NÓS TEM,T-315.912.948-9
INJECTION,T-040.106.195-7
INJUSTIÇA (GAL),T-334.542.332-3
INOFENSIVA,T-328.493.645-0
INOSUKE E AOI: A BELA E A FERA,T-324.707.953-0
INOSUKE E TOJI: INSTINTO ANIMAL,T-327.329.699-0
INOSUKE HASHIBIRA,T-321.651.395-6
INQUIETO,
INQUILINO,T-315.996.161-8
INSALUBRE,T-040.429.656-5
INSANE,T-039.948.054-6
INSIDE,T-040.285.616-9
INSTAGRAMÁVEL,T-316.133.337-1
INSTANTE CONSTANTE,T-039.497.711-7
INSTINTO DE MALVADO,
INSTINTO SELVAGEM,
INSTINTO SUPERIOR,T-324.470.806-9
INSTRUMENTAL,T-039.312.261-6
INSTRUMENTAL,
INSTRUMENTO DENTRO,
INSÔNIA,T-040.280.608-9
INTERAÇÃO,T-316.303.311-8
INTERESSEIRA,T-305.213.987-0
INTERFONE,T-329.647.975-5
INTERLUDE,T-304.311.960-0
INTERLUDIO,T-039.167.655-3
INTERLUDIO SUFOCO,T-040.140.020-1
INTERROGAÇÃO,T-330.774.881-4
INTERVALL,T-039.900.039-5
INTHE BAND LEADERS ARE DEAD,
INTOCÁVEL,T-321.926.593-3
INTRO,T-301.569.273-2
INTRO,T-304.306.407-5
INTRO,T-309.423.419-8
INTRO,T-311.595.435-9
INTRO,
INTRO,T-317.818.173-8
INTRO (INSTRUMENTAL),T-310.456.576-2
INTRO (SOLARIS),T-301.577.175-8
INTRO LÍRIOS,
INTRO/RODA-GIGANTE,T-303.389.510-8
INTRODUÇÃO,T-307.298.912-5
INTROLUDIO,T-317.367.109-1
INTUIÇÃO,T-330.191.259-0
INTUIÇÃO,T-317.794.064-2
INVASOR,T-322.010.793-3
INVEJA,
INVENCÍVEL,
INVERNO CALMO,
INVERNO DO SAMBA,T-039.941.571-4
INVERSAO,
INVESTIR NA GATA,T-309.424.113-7
INVISÍVEL,T-327.329.923-9
IPANEMA,
IRAN COSTA,T-931.222.570-0
IRMAOS DE TINTA PARTE 2,T-931.652.331-6
IRMÃO (INTERLÚDIO),T-307.298.913-6
IRMÃOS DE PISTA,T-039.635.006-3
IRONIA,T-039.662.296-0
IRRESPONSÁVEL,T-316.183.221-5
ISAGI VS ITOSHI RIN: DEVORAR,T-327.329.695-6
ISAGI YOICHI: MEU EGO,
ISMOS,T-040.522.260-7
ISRAEL,T-333.176.563-6
ISSO E QUE E SABADO,T-039.338.334-0
ISSO QUE É FODA,T-301.721.461-4
ISSO QUE É FODA,T-305.263.189-3
ISSO É SER UM ARANHA (MIGUEL O'HARA),
IT'S ME,
ITZ BET,T-313.266.609-8
IZUKU MIDORIYA,T-321.926.592-2
IZUKU MIDORIYA (LAIRTON TECLAS REMIX),T-321.926.591-1
J,
JA E NATAL,T-039.748.718-1
JA E TARDE,
JA GOZOU? (FEAT. DJ MTHS),
JA SARREI NO BECO,T-304.308.879-1
JABAMI YUMEKO: APOSTADORA,T-324.708.105-2
JACK MATADOR - REMIX,T-306.795.368-4
JAH AMOR,T-335.394.315-0
JAH ME CHAMOU,T-040.150.636-2
JAH ME CHAMOU,
JAMAIS NOS ESQUECEREMOS,
JANEIRO,T-039.497.720-8
JANEIRO,T-931.622.665-0
JANEIRO,T-307.006.301-9
JANEIRO EM CARUARU,T-333.684.885-8
JAQUETA JEANS,T-313.796.045-9
JARDIM DE AÇO,T-316.303.309-4
JATADA DE LEITE,
JATADA DE LEITE,T-320.312.544-0
JEITO CERTO,
JEITO DIFERENTE,T-317.214.640-2
JEJUM,T-328.493.643-8
JESUS (O REI DOS REIS),T-327.329.922-8
JESUS CRISTO - EU SOU,T-327.396.698-2
JESUÍNO E AÇUCENA,T-335.572.254-8
JETT CERTO,
JINBE,T-329.434.395-2
JOALHERIA LÍRICA,T-313.796.044-8
JOANA DO ARCO,T-039.298.061-8
JOAO DA SILVA,T-039.829.800-4
JOGA A BUNDA E KIKA,
JOGA A BUNDA FORTE EM MIM,T-312.557.057-8
JOGA A RABETONA,
JOGA A TCHEKA PROSTITUTA,T-335.550.060-2
JOGA A XERECA NA PEÇA,T-315.912.947-8
JOGA DENTRO,T-324.579.269-8
JOGA E TRAVA,T-307.202.283-0
JOGA ESSA XOTA,T-322.163.487-9
JOGA ESSE BUNDÃO,
JOGA LEITE,T-308.508.300-3
JOGA LINDO,T-310.669.741-6
"JOGA MONA, KIKA MONA",T-306.800.394-7
JOGA NA MINHA CARA,T-323.105.007-6
JOGA NO MEIO DA RUA,T-310.555.803-6
JOGA O BUMBUM,T-306.795.371-9
JOGA O BUNDÃO,
JOGA O DEDO PRA O ALTO,T-313.266.603-2
JOGA O QUE É MEU,T-321.980.606-7
JOGA PRA VAGABUNDO,T-329.192.947-6
JOGA XEREQUINHA,T-311.694.837-5
JOGADA DE MESTRE,
JOGADINHA DA SANFONINHA,T-327.279.697-7
JOGADOR CARO MAS É FEINHO,T-306.929.974-3
JOGANDO A XERECA POR NOTAS DE 200,T-308.508.302-5
JOGANDO A XEREQUINHA,T-313.224.928-2
JOGANDO A XEREQUINHA,T-306.800.398-1
JOGANDO COM O DIABO,T-330.774.878-9
JOGANDO PROS FAVELA,T-306.856.832-7
JOGAR PROS FAIXA,
JOGO DA SORTE,T-313.266.599-3
JOGO DA VIDA,T-306.795.376-4
JOGO DE XADREZ,
JOGO SUJO,T-040.429.746-6
JOGO SUJO,T-335.722.833-8
JOGOS DA SORTE,T-313.266.597-1
JOGOS DA SORTE NOSSO AMOR,T-313.266.584-6
JOGOS DE AZAR,T-300.962.191-0
JOGUEI ALIANÇA FORA,T-315.996.233-7
JOHN WICK,T-313.413.999-0
JORGE,T-930.563.449-5
JORGE,
JOSUÉ - O GUERREIRO DO SENHOR,T-327.396.695-9
JOSÉ - O GOVERNADOR DO EGITO,T-327.396.696-0
JOSÉ ALDO,T-310.336.577-7
JOSÉ: TU ÉS O MEU SENHOR,T-327.330.060-6
JOURNEY TO THE BADLANDS,T-040.080.473-0
JOVEM,T-333.655.332-9
JOVEM RARO,T-335.572.253-7
JOVEM SONICO,
JOVENS HÁ MAIS TEMPO,T-324.606.242-6
JOY OF A TOY,T-040.348.485-4
JOÃO LEONARDO,T-315.906.838-5
JOÃO VITOR,T-313.266.606-5
"JOÃO, O ALQUIMISTA",
JUJU,T-322.696.226-7
JULIETE DO NEYMAR,T-308.115.002-5
JUNDIAÍ WORLDWIDE,T-317.793.989-4
JUNTO E MISTURADO,T-040.000.417-2
JUNTOS,T-321.926.590-0
JURA PRA MIM,T-305.266.093-8
JURA PRA MIM,T-308.505.746-7
JURO JURADINHO,T-315.685.661-6
JURO QUE TENTEI MUDAR,T-315.132.448-6
JURO$,
JUST THRASH,
JUST VIBE,T-317.793.988-3
JUSTICEIRO,T-039.862.876-6
JUZCHILLIN,T-327.396.617-5
JÁ DEU,T-324.241.300-5
JÁ FAZ UM TEMPO,T-335.482.971-9
JÁ PASSOU,T-319.875.951-8
JÁ QUE TU QUER ENTÃO TOMA,T-321.465.549-5
JÁ SENTOU FINAL DE ANO E QUER SENTAR NO,T-331.398.051-3
JÁ SOFREU POR AMOR,T-328.144.886-6
JÁ VI NA CARA DELA,
KAFKA HIBINO: HUMANO E KAIJU,
KAKÁ VS MARIVANIO,T-315.906.837-4
KALYUGA,T-330.191.319-5
KAMA SURTA (REMIX),T-321.150.609-7
KAMASUTRA,T-305.217.338-9
KAOS,T-316.009.967-8
KARDIA DE ESCORPIÃO: ANTARES,
KASSIO MELHOR DO PIAUÍ,T-313.266.580-2
KATHARSIS (PREVIEW),T-321.926.589-7
KATUCHA,
KAWASAKI,T-311.596.959-6
KAZUMA: BONDE DO KAZUMA,T-327.396.615-3
KAZUTORA: TIGRE EM REDENÇÃO,T-324.707.952-9
KELLY GUI,T-040.000.435-4
KEMET: O RETORNO DE FU MANCHU,T-323.310.358-3
KICALOR,T-330.191.254-5
KIKA E REBOLA,
KIKA NA MORAL,T-306.928.545-2
KIKA PRA BANDIDO,T-305.214.333-2
KIKA SEM DÓ,T-304.709.757-0
KIKA UMA VEZ,T-306.800.385-6
KIKADA BRABA,T-932.999.214-5
KIKANDO E REBOLANDO,T-306.856.836-1
KILL A NAZI,T-301.721.213-0
KILL OF JINX,
KILL THE VARUKERS,
KILLER INSTINCT,
KILLER QUEEN (YOSHIKAGE E KIRA),T-333.819.430-8
KIND WOMAN,T-040.023.893-8
KIT DA PUTARIA,T-040.166.085-2
KITAL,T-040.148.629-0
KOKUSHIBO II: SENTIMENTOS HUMANOS,T-324.707.950-7
KOKUSHIBO: FILHO DA LUA,T-324.707.951-8
KOLOFE IYA AGBA,
KOMBI,
KOMBI DO OVO 2,T-306.795.381-1
KRATOS E ATREUS: RAGNAROK,T-324.708.104-1
KULT OF DAGON,
KUNG FU DE RUA,T-306.465.355-6
KUSHIDA KIKYOU SORRISO FAKE,
KYOJURO RENGOKU,T-321.926.588-6
L.E.D.D.M.A.,T-316.010.091-0
L10,T-312.559.856-9
L7 CAMPEÃO,T-313.796.157-6
L7 O RAIO,T-313.266.557-3
LA DETRAS DO CASARAO,T-039.590.239-2
LA FAMIGLIA,T-335.521.237-8
LA MAIOR,T-040.150.637-3
LA NOCHE,T-328.946.779-0
LA NOTCHE,T-328.493.641-6
LA VAI XERECÃO,T-315.996.145-8
LABAREDA,
LABIRINTO,T-040.511.907-4
LADO A LADO B,
LADO ABSURDO,T-308.505.751-4
LADO OPOSTO,T-039.497.753-7
LADO SELVAGEM,T-313.263.548-0
LAGARTO,T-040.035.481-5
LAGOA DO PRAZER,T-327.329.655-8
LAIN,
LAKE OF LOVERS,T-040.023.894-9
LAMENTO EM SOL,T-040.347.908-2
LAMENTOS DE UM FALCÃO,
LAMENTOS DO EMPÍREO,T-331.723.748-8
LAMPEAO,T-303.385.446-1
LANCE AGRESSIVO,T-322.597.192-2
LANCE INDEFINIDO,
LANÇA O BUNDÃO,T-305.217.531-8
LAPADA NA CHEIROSA,T-308.115.005-8
LAPSO TEMPORAL,
LARANJINHA E ACEROLA,T-313.796.042-6
LARGA-TE,T-335.236.280-8
LARGADO,
LAROIE,T-040.423.095-0
LATADA NA BAIXA QUERIDA,T-327.329.654-7
LATADA NA BODEGA,T-327.329.653-6
LATCHIKA,T-313.263.372-4
LATERAL (ODE TO T.W.S.),T-317.793.987-2
LATEX,T-317.793.985-0
LAÇOS DE SANGUE,
LE PARK,T-306.800.391-4
LEALDADE,
LEAN LEAN,T-318.297.792-6
LEGADO DOS CAMPEÕES,T-333.819.429-5
LEGION OF DEMONS,
LEI DA MERCENÁRIA,T-303.766.107-3
LEI DO DESPREZO,
LEI DO SERTÃO,T-040.521.453-0
LEI DOS CÉUS,
LEIO A VIDA,T-303.385.639-8
LEITE NO DENTE,T-315.864.943-1
LEITURA DINÂMICA,T-303.385.638-7
LELET BALÃO EM CINHO DA VÁRZEA,T-315.906.836-3
LELETI E BRASIL BALÃO NA BETESPORTE,T-313.266.577-7
LEMBRANCAS DE MAE,T-040.076.546-9
LEMBRANÇAS,T-317.793.983-8
LEMBRANÇAS,T-322.628.585-0
"LEMBRE PRA SEMPRE DE MIM, FUSHI: FUMETSU",
LEMBRO QUANDO COMECOU,T-303.853.149-2
LENNON,T-040.347.910-6
LENÇOL,T-319.875.937-0
LENÇÓIS,T-332.483.929-0
LEO RESENHA DA TORRE,T-313.266.573-3
LEO SOUSA,T-313.795.956-5
LEON: LAS PLAGAS,T-324.707.949-4
LET THE VIOLATION BEGIN,
LETARGIA,
LETHAL DOSES OF MEDICINE,T-317.793.979-2
LETHAL INJECTION,T-308.121.968-9
LETICIA,T-039.948.058-0
LEVANTA,
LEVANTA E VAI,T-040.522.259-4
LEVE,T-315.958.048-6
LEVE,
LEVE,T-335.482.970-8
LEVE COM VOCE,T-308.466.954-1
LIA RAINHA DA NOITE,T-325.193.818-4
LIBERA A MEDICINAL,T-305.266.096-1
LIBERDADE DE EXPRESSAO,T-329.283.831-0
LIBERDADE DE EXPRESSÃO,T-306.797.293-0
LIBERDADE ELIMINANDO O MUNDO,T-327.440.914-8
LIBERDADE PERPÉTUA,T-313.413.888-4
LIBRIANA - ACUSTICO ALTAMIRA 10# - PELE,
LIFE AGAINST FATE,
LIFE ALIVE,T-332.750.197-9
LIGA DA JUSTIÇA,T-040.330.487-9
LIGA DEPOIS,T-308.118.456-3
LIGA O FLASH,T-306.856.405-2
LIGADOS POR SANGUE (CHOSO),
LIGAÇÕES PERDIDAS,
LIGAÇÕES PRO CÉU,
LIGHTNING BOLT,T-039.239.148-8
LIGHTS OUT,T-306.925.955-4
LIGOU FALANDO COISAS,
LIKE A THUNDER,T-327.330.057-1
LIL' BABY,T-317.793.977-0
LINDA GUATEMALTECA,T-040.441.815-0
LINGUA,T-042.615.661-7
LINGUADINHA,T-303.761.713-9
LINHA AZUL,T-328.439.208-7
LINHA CHILENA,
LINHA DA MALUCA,T-303.766.110-8
LINHA DE FRENTE,T-308.636.270-7
LINHA DO TEMPO,T-333.110.601-1
LINHAGEM DE SANGUE | FAMÍLIA JOESTAR,T-333.878.980-9
LINHAS AÉREAS,
LINHAS DO TEMPO,
LION FRIENDS,
LION HEART,T-039.947.953-8
LISTEN,
LITORANEA,T-040.080.472-9
LITTLE LION FROM THE SEA,T-039.947.954-9
LIVE DEAD INSIDE,T-320.126.202-0
LIVE LOVE LEBLON,T-320.166.240-6
LIVING ON THE EDGE,T-039.948.059-1
LIVRE,T-039.781.844-8
LIVRE PRA NAVEGAR (LUFFY),
LIVRE PRA VIVER,
LIXO DA HISTORIA,
LJR EMPRÉSTIMOS,T-313.795.947-4
LOA DO MAR,T-039.312.256-9
LOBO MAL,T-311.595.575-0
LODO NO FUNDO DO POCO,T-040.479.376-5
LOGO EU,
LOKA DE PINGA,
LOMBRA LOUCA,T-304.153.753-1
LONGA JORNADA,T-039.590.237-0
LONGE - SONOTWS REMIX,T-317.793.974-7
LONGE DE COMPROMISSO,T-304.153.755-3
LONGE DE TUDO,T-313.266.569-7
LOOK THROUGH MY WINDOW,T-039.948.805-1
LOOP,T-311.595.582-9
LOOP KAMIKAZ,T-330.454.272-7
LORD ZEPPELIN,T-040.348.494-5
LORENA,T-324.743.107-4
LOS ANGELES HATERS,T-321.330.954-3
LOS OCHO NOMBRES DE PICASSO,
LOS OJOS DE PICASSO,
LOUCA DE CHEVETTE,T-306.353.652-3
LOUCA DE MD,T-311.694.841-1
LOUCA DEMAIS REMIX BREGA FUNK,T-931.807.335-7
LOUCA PRA IR PRA PRAIA,
LOUCA PRA IR PRA PRAIA - ( FLU REMIX ),
LOUCO,T-040.147.694-5
LOUCO DE DEUS,T-039.269.249-7
LOUCO E SONHADOR,T-335.572.252-6
LOUCO TÁ O MUNDO NÃO EU,T-310.540.639-7
LOUCOS ANIMAIS,T-039.497.762-8
LOUVACAO A IEMANJA,T-302.205.195-8
LOUVAÇÃO XANGÔ,T-305.217.853-3
LOUVORES,T-040.076.011-3
LOUVRE,
LOVE IS A VIRTUAL,T-311.571.035-1
LOVE IS SACRED,T-039.948.061-5
LOVE NÃO TEM,
LOVE SEX,T-304.308.874-6
LOVE'S GONNA KILL US,
LOW,
LR EVENTOS OS MELHORES CAMPEONATOS,T-315.906.835-2
LSDMTHC,
OREIA,GUSTAVO RAFAEL AGUIAR
HOT,MARIO APOCALYPSE DO NASCIMENTO
RAFAEL FANTINI,RAFAEL PEREIRA FANTINI
EDICOES MUSICAIS,SONY MUSIC PUBLISHING (BRAZIL)
LUA,
LUA CHEIA,T-316.329.265-3
DROPALLIEN,HORDANAEL SOARES DE CASTRO
LUA DE NEON,
ANNY,ANNY KAROLYNE ARAUJO OLIVEIRA
TAKAB,WASHINGTON SIQUEIRA ALBANI FILHO
LUA NOVA,T-302.129.848-2
BRUNO DUPRE,BRUNO DE BRAGA DUPRE
PH MORAES,PEDRO HENRIQUE MORAES CASTRO PINTO
SONY MUSIC PUBLISHING,SONY MUSIC PUBLISHING (BRAZIL)
LUAR,T-301.567.035-2
JOAO FELIPE,JOAO FELIPE BASTOS CAVALCANTI
LUCAS O NOVO SHEIK APOSTE SEMPRE,T-313.266.565-3
LUCINHA,T-039.700.414-6
PILLA,RODRIGO PILLA
LUCIUS ZOGRATIS: FIM DOS TEMPOS,T-324.707.948-3
WB,WATSON BORGES CRUZ
LUCIUS ZOGRATIS: REI MAGO SUPREMO,
LUFFY: SOBRE OS OMBROS DO CAPITÃO,T-324.708.101-8
LUGAR NENHUM,T-304.311.961-1
FISH MARQUES,ALISSON SANTOS MARQUES
LUGAR QUALQUER,T-039.405.769-2
LUIZ E DAVI,T-313.266.561-9
LUIZZA,
LULA PRESIDENTE,T-315.906.834-1
LULLABY SONG FOR LOST CHILDREN,T-040.023.895-0
LUTA,
LUTA,T-329.283.830-9
LUTA PACIFISTA,T-039.247.853-3
LUTA PARTE II,T-307.298.914-7
"LUTAR, AMAR, SENTIR, PENSAR",T-300.966.266-8
LUZ,T-040.285.617-0
LUZ,
LUZ,T-040.279.887-1
LUZ (KILLUA),
LUZ ACESA,T-316.010.029-4
LUZ ACESA,
LUZ BRASILEIRA,
LUZ DA LUA,T-333.248.781-3
LUZ E AMORES,T-039.748.714-7
LUZ E TREVAS,T-313.413.884-0
LUZ NO FIM DO TUNEL,T-310.249.632-8
LUZ SOLAR,T-317.793.972-5
LUZES,T-039.405.770-5
LUZES,T-332.348.892-8
LUZIA VENENO,T-930.563.447-3
LÁ CUMBIA,T-306.792.988-4
LÁ NA TRETA DO COROLLA,T-327.279.694-4
LÁ NA TRETA DO COROLLA TIVU (HARD STYLE),T-327.279.710-7
LÁBIA DE SAFADO,T-317.214.638-8
LÁGRIMAS DE SANGUE,
LÁGRIMAS DE ÓDIO,
LÁGRIMAS E CINZA,
LÁMEN FREESTYLE,
LÂMINAS DO PASSADO: YASUO & YONE (LEAGUE,
LÂMPADAS NEGRAS,
LÍRIOS,
LÚCIFER: O DESTRUIDOR DE MUNDOS,T-327.396.694-8
M.P.P.,T-309.036.111-4
MA CIGARETTE,T-327.330.056-0
MABU VOL.1,
MACACADA,T-306.803.784-9
MACETANDO,T-318.000.000-0
MACETANDO EM VOCÊ,T-323.104.998-8
MACETE,T-306.803.813-7
MACETE,T-306.857.022-5
MACETE (REMIX BREGA FUNK),T-305.706.046-1
MACETE 2,T-301.097.155-4
MACETE 3,T-303.766.112-0
MACETE AGRESSIVO,T-311.461.034-9
MACETINHO DO PAI,T-306.795.390-2
MACHUCA ESSA BUCETA (BREGA FUNK),T-330.775.250-3
MACHUCA ESSA CACHORRA,T-331.945.684-9
MACHUCA-ME,
"MACONHA, COCAÍNA, LOLO E TUDO MAIS",T-310.669.736-9
MACONHEIRO SEM PARAR,T-325.200.657-4
MADE IN HEAVEN,
MADE IN PB,
MADEIRA E SANGUE,T-040.429.745-5
MADELINE,T-328.725.456-8
MADONNA,T-039.578.029-6
MAFUMEIRA,T-040.511.908-5
MAGIA NEGRA,T-316.329.264-2
MAGICA DO RATO,T-317.358.601-7
MAGMA,
MAGNA CARTA,T-040.275.821-7
MAGRELA OU FOGUETÃO,T-932.801.391-8
MAHITO: PURA MALDADE,T-324.707.947-2
MAHÕ,T-324.707.946-1
MAHÕ 2,T-324.708.098-0
MAIORIA 100,
MAIS ALTO,T-039.828.190-7
MAIS ALÉM,T-040.340.390-6
MAIS AMOR,
MAIS ARMAS? NÃO!,T-316.009.954-3
MAIS DE UMA VIDA,T-335.201.045-4
MAIS DO DE SEMPRE,
MAIS DO QUE UMA GANGUE,
MAIS LEVE,
MAIS LONGE QUE O JAPAO,T-039.578.030-9
MAIS TARDE,T-315.685.660-5
MAIS UM,T-042.615.629-7
MAIS UM DIA SEM NINGUEM,T-039.338.335-1
MAIS UM REFÉM,T-040.429.744-4
MAIS UM VAGABUNDO,T-305.220.103-9
MAIS UMA VEZ,T-330.191.320-8
MAIS UMA VEZ (NOS DOIS),T-040.291.060-4
MAIS VIDA NOS MORROS,T-306.797.297-4
MAKELO HOMEM GOL BETESPORTE,T-313.266.554-0
MAKING PLAYS AT THE GEORGIA STATE COLLEGE,
MAL CRIADA,T-311.590.383-4
MALABARES,T-313.413.880-6
MALABARISMO COM A BUNDA,T-306.797.301-3
MALADEZA DELAS #01,T-322.186.915-0
MALANDRAMENTE,T-308.115.009-2
MALANDRO DEMAIS VIRA BICHO,T-307.201.199-1
MALDADE ENCARNADA,T-312.553.318-4
MALDITA,T-303.015.341-0
MALDITA PERIGOSA,
MALDIÇÃO DA SOLIDÃO,
MALICIA,T-321.980.628-3
MALICIOSA,T-308.115.017-2
MALIGNIDADE,T-306.856.956-8
MALOQUEIRA,T-301.567.043-2
MALOQUEIRO,T-305.263.192-8
MALTRATA,T-303.015.563-2
MALTRATA,T-307.362.034-1
MALTRATA - REMIX BREGA FUNK,T-307.003.179-3
MALTRATA MINHA XOTA (BREGA FUNK),T-331.945.686-1
MALVADA,T-303.019.880-8
MALVADA,
MALVADA DANADA,T-316.009.966-7
MAMA ATÉ SAIR LEITE,T-308.115.022-9
MAMA RESPECT,T-040.437.544-5
MAMACITA,T-316.183.220-4
MAMACITA,T-328.411.776-2
MAMATERIAL,T-040.445.220-5
MAN DOWN,T-040.106.196-8
MANAUS DELÍRIO,
MANCHA DA MORTE,T-330.774.870-1
MANDINGA,T-313.413.874-8
MANDUME AO VIVO,T-040.389.226-1
MANGABEIRA,T-039.168.253-3
MANGUE,T-335.394.313-8
MANGUE BOOGIE,T-335.394.311-6
MANIFESTO,T-040.226.898-7
MANIFESTO CANDEIA,
MANKIND ANNIHILATION,
MANTRA,T-301.577.149-6
MANTÉM,T-931.477.304-1
MANUSEANDO A BOCETINHA (BREGA FUNK),T-322.163.276-0
MANÉ O CHAVES DO 1X1,T-313.266.552-8
MANÉ QUE NÃO É OTÁRIO NA SELEÇÃO,T-313.266.670-3
"MAO UNICA, SENTIDO FIGURADA",
"MAO UNICA, SENTIDO FIGURADO (TODA ESSA",
MAQUINA DO TEMPO,T-040.341.279-2
MAR,T-326.337.957-9
MAR ALADO,T-040.348.484-3
MAR DE LUZES,T-327.396.514-9
MAR PARTE 2,T-317.794.089-1
MAR REVOLTO,T-304.318.893-4
MAR REVOLTO,T-333.841.055-8
MAR VERMELHO,
MARACATIMBAU,T-303.385.450-7
MARACATU,
MARACATU EM PRELUDIO,T-040.076.541-4
MARACUTAIA,T-313.315.112-5
MARADONA,T-306.797.305-7
MARAVILHA,T-305.267.266-5
MARAVILHAS MODERNADE,T-039.279.074-7
MARAVILHAS MODERNADE,
MARAVILHAS MODERNAS,T-039.177.559-9
MARAVILHOSA,T-306.797.414-1
MARCA PRA NÓS SE VER,T-303.777.237-1
MARCA SEM ROUPA,T-931.807.386-8
MARCHA DOS INOCENTES,
MARCHA NA BONECA,T-305.217.800-0
MARCHE!,
MARDISAL,T-335.572.251-5
MARES DE PORTUGAL,T-316.183.082-2
MARESIA TEMPORAL,T-329.132.201-1
MARGINAIS LIVRES,
MARGINAL,T-040.396.919-6
MARGOT ROBBIE,
MARIA,T-307.006.304-2
MARIA,T-311.953.638-4
MARIA BANDIDO,T-306.797.417-4
MARIA BONITA,T-040.076.535-6
MARIA MARGINAL,T-317.358.596-7
MARIA MORE,T-316.009.993-0
MARIA REVÓLVER,
MARIINHA (STARS COLLIDE),
MARIJUANA,
MARINHO BALÃO NA X1 FORTE BE,T-313.263.370-2
MARINHO ESPORTE,T-313.263.368-8
MARINHO ESPORTE TEU PIOR PESADELO,T-313.795.946-3
MARINHO PREMIAÇÕES,T-315.906.833-0
MARIVANIO F12,T-313.795.945-2
"MARLON BRANDO, BEATLE E PELÉ",T-307.418.175-8
MARMITA,T-930.848.076-4
MAROLA AI BANDIDO,T-323.976.472-4
MARQUINHA,T-311.694.847-7
MARQUINHA DE PRAINHA,
MARQUINHA DO VERÃO,T-311.959.181-6
MARRENTA,T-306.358.217-8
MARRENTINHA,T-315.134.942-3
MARRETADA DO THOR,
MARTES,T-306.796.726-0
MARUJO,
MARÉ MININA,T-327.329.646-7
MAS SERÁ O BENEDITO?,T-322.188.164-3
MASCARA DA RUA,
MASH BURNEDEAD: SEM PODERZINHO É MÚSCULO,
MASSACRE,T-312.553.327-5
MATCH!,T-931.700.876-7
MATE OU MORRA (MULHERES NO TERROR),T-312.553.337-7
MATE-ME,T-333.723.615-0
MATERIA PERFEITA,T-303.014.780-5
MATO GRANDE,T-308.837.437-8
MATOU MORREU,T-040.330.486-8
MATRIX,T-040.522.257-2
MATRIX,T-335.572.250-4
MATTE LEÃO,
MAVERICK BLACK,T-331.600.022-9
MAX & OG,T-317.793.954-3
MAXUEL A VOZ DA FAVELA,T-315.906.832-9
MAYA,T-932.738.151-1
MAÇÃS,
MC,
MC NEDVED E HOX ORIGINAL - BALANÇOU,
ME AJUDE A TE ESQUECER,T-302.809.004-8
ME AMARRO EM NOVINHO,T-308.115.031-0
ME AMARRO EM NOVINHO 2,T-308.115.032-1
ME APAIXONEI,T-305.220.107-3
ME BATE QUE EU GAMO,
ME BEIJA,T-319.876.112-1
ME BEIJA (REMIX SIMPLE JACK),T-319.876.094-6
ME BOTA,
ME BOTA (REMIX BREGA FUNK),
ME BOTA - BREGA FUNK REMIX,T-313.220.769-9
ME BOTA E ME BATE REMIX BREGA FUNK,
ME BOTA GOSTOSIN,T-308.112.135-5
ME BOTA ME BOTA,T-317.206.186-4
ME BOTA SOCA VS VOU TE ATRAVESSAR,
ME BOTA VAI,
ME BOTAVA,T-313.211.010-8
ME BOTAVA,T-305.266.100-0
ME BOTAVA ME SOCAVA,T-317.214.633-3
ME BOTE E ME BATE REMIX BREGA FUNK,
ME CHAMA,T-311.953.645-3
ME CHAMA DE AMOR,
ME CHAMA DE AMOR,T-317.999.998-1
ME CHAMA DE SUA,T-322.695.692-5
ME CONCEDA,
ME CONQUISTAR,T-039.972.806-3
ME DE PAPAI,T-040.143.706-6
ME DEIXA DESAFINAR,T-039.578.028-5
ME DESCULPA FUI MLK VIDA,T-327.279.709-4
ME ENFORCA,T-308.115.008-1
ME ENFORCA,
ME ENFORCA - BREGA FUNK REMIX,
ME FACAM ENTENDER,T-039.497.767-3
ME FEZ DE PICOLÉ,
ME FODE CABULOSO,
ME GUSTA,
ME LEVA PRA TRETA,T-306.353.636-3
ME LIGA DEPOIS QUE EU TÔ OCUPADO,T-305.414.651-5
ME LIGA MAIS TARDE,
ME LIGOU FALANDO COISA,T-335.550.059-9
ME LIGOU NA MADRUGADA,T-335.234.567-2
ME MACHUCA,
ME MACHUCA,T-310.249.760-5
ME MACHUCA (ARROCHADEIRA REMIX),
ME MACHUCA (ARROCHADEIRA),
ME MALTRATA,T-308.368.761-6
ME PERDOA,
ME SEPAREI,T-305.217.843-1
ME SINTO BEM,
ME SINTO HUMANO,T-306.926.951-4
ME SINTO UM MONSTRO,T-333.891.167-0
ME TER,
ME TOMA DE ASSALTO,T-301.992.924-5
ME TORNEI UM LUA: 8 LUAS SUPERIORES 1 RAP,T-324.707.945-0
ME VICIOU,T-314.092.774-4
MEC MEC,T-308.505.757-0
MEDALHÃO,
MEDLEY MC GW,
MEDO,T-039.497.778-6
MEDO,
MEDUSA,T-318.169.052-4
MEGA ALUCINANTE,
MEGA AUTOMOTIVO LAST NIGHT,
MEGA BEAT TOC TOC,T-327.279.708-3
MEGA DA DANCE MONKEY,T-311.612.248-2
MEGA DIA DOS NAMORADOS,
MEGA DO GALO,T-325.499.827-7
MEGA DO POMBO,T-327.279.707-2
MEGA DO TREPA,
MEGA DOS MENDIGO,T-311.599.985-0
MEGA GAITA DO FOLEI,T-322.528.888-6
MEGA MONTAGEM AI AI AI AH,T-322.528.887-5
MEGA PUTARIA CRIMINOSA,
MEGA ROLE NA FAVELA (FEAT. MC KITINHO),
MEGURU BACHIRA: MEU MONSTRO,
MEIA NOITE,T-305.213.991-6
MEIA NOITE,
MEIO SAFADO,T-303.766.116-4
MEIO SAFADO (REMIX BREGA FUNK),T-305.619.159-0
MEIOTA DE LUA,T-313.413.998-9
MEL BETTING,T-313.796.155-4
MELANCOLICA,T-040.076.017-9
MELATONINA,T-040.511.909-6
MELHOR ASSIM,T-319.876.125-6
MELHOR FODA DO ANO,T-313.221.505-1
"MELHOR FODA DO ANO, FAZ UM VIDEO",T-331.946.856-5
MELHOR LUGAR,T-042.011.312-7
MELHOR QUE ONTEM,T-328.493.909-5
MELHOR QUE VOCÊ,T-328.493.593-5
MELHOR SOM DO CHAINSAW MAN,
MELHORES AMIGOS,
MELHORES AMIGOS,T-329.722.944-4
MELHORES VETERANOS,T-039.900.041-9
MELO DE CHUPA CHUPA,
MELO DO MENINAO,T-039.519.214-9
MELOCRISIS,T-330.774.869-8
MELODIA ALUCINÓGENA NÃO MEXA COM MEU,
MELODIA RELUZENTE,T-324.588.522-3
MELODIA RELUZENTE SPEED UP,T-324.588.520-1
MELODIA RITMADA SOCA SOCA,
MELZINHO DO AMOR,
MELÔ DA CRIMINOSA,
MELÔ DA LOLÓ ESTRAGADA,T-308.121.477-5
MELÔ DE SEM VERGONHA,T-335.962.064-3
MELÔ DO AMOR,T-327.279.377-4
MEMÓRIAS DE VIDRO,T-328.493.590-2
MEMÓRIAS DO SARCÓFAGO,T-313.413.995-6
MEMÓRIAS PÓSTUMAS,
MENINA DENGOSA,T-306.358.222-5
MENINA GIRASSOL: AI OHTO (WONDER EGG,
MENINA PERIGOSA,T-304.709.759-2
MENINA PERIGOSA,T-320.096.125-3
MENINA PERVERSA,T-306.460.127-6
MENINA VOCÊ DESCE,T-305.217.369-6
"MENINAS USAM ROSA, MENINOS ESTOU SOLTEIRA",
MENINO DE ASAS,T-040.340.389-3
MENOR ARMADO,T-311.597.901-2
MENOR DA GANG,T-301.097.684-4
MENOR DO PLANTÃO,T-317.999.996-9
MENSAGEM DA TRIBO,
MENSAGEM PROIBIDA,T-323.310.357-2
MENTE CRIMINOSA,T-305.268.111-1
MENTE CRIMINOSA,T-317.210.024-8
MENTE DE VILÃO,T-303.761.715-1
MENTE INSANA,T-304.714.883-0
MENTE PERIGOSA,T-306.928.546-3
MENTE ÚNICA,
MENTES CONSTRUTIVAS,
MENTIRA,T-321.834.772-5
MENTIRA DE ELEIÇÃO,
MENTIROSA,
MENTIROSA,T-332.483.930-3
MENTIROSO,T-322.010.792-2
MENTIU PRA MIM,T-321.150.608-6
MERCADO,T-303.385.455-2
MERCEDES BENZ,
MERCENÁRIA,T-305.266.103-3
MERENDA,T-932.331.958-0
MESA RESERVADA,T-313.795.892-6
MESMA CIDADE,T-039.829.801-5
MESMO QUE MUDE,T-039.200.255-9
MESMO QUE VOCE NÃO ENTENDA,T-039.611.381-7
MESTRE ALIPIO,T-931.650.094-4
METATRON: NADA SE COMPARA,T-327.396.693-7
METE BALA TE AMO,T-313.277.728-3
METE CHUPA,T-303.761.717-3
METE CHUPA,T-311.597.296-4
METE COM FORÇA E COM TALENTO,T-303.761.707-1
METE DIZENDO QUE AMA,T-305.266.107-7
METE E APLICA,T-313.263.544-6
METE E DANÇA,T-301.721.414-7
METE EM MIM,T-311.597.904-5
METE GOSTOSO,T-305.220.114-2
METE MARCHA,T-305.266.112-4
METE METE COM VONTADE,T-305.415.818-4
METE SAFADO,T-311.597.301-4
METE SOCA,T-311.612.642-8
METE SOCA,T-311.612.641-7
METE SOCA (REMIX BREGA FUNK),T-305.619.138-5
METE SOCA - BREGA FUNK (REMIX),T-305.619.161-4
METE SOCA - REMIX BREGA FUNK,
METE TUDO,T-311.694.852-4
METFLIX,T-306.797.421-0
METO QUE SÓ O CARAI,T-311.694.859-1
MEU @,
MEU AMARGO DOCE INVERNO,
MEU BAIRRO É O MAIOR,
MEU BEM,
"MEU BEM 2 ANOS, PARA VAI VIVER",
MEU BRINQUEDO,T-322.010.791-1
MEU CAMINHO,T-040.150.638-4
MEU CORAÇÃO QUER DESCANSAR,T-302.811.725-7
MEU COTIDIANO,
MEU EX,
MEU EX,T-313.225.113-5
"MEU EX PERDEU A VEZ, SEU AMIGO VEIO E FEZ",T-316.137.374-2
MEU FIILHO BRIGADO,T-040.000.113-9
"MEU MAL: TANJIRO, SAGA, LUCIUS, SUKUNA",T-324.707.944-9
MEU MUNDO,
MEU MUNDO INTEIRO,T-304.710.476-3
MEU MUNDO LOUCO,
MEU NOME É BOND,T-321.150.607-5
MEU PAU TE AMA,
MEU PECADO,T-040.521.452-9
MEU PEQUENO REI,T-328.725.455-7
MEU PLANO,T-042.673.060-0
MEU VIOLAO,T-039.972.810-9
MEUS AMIGOS,T-039.497.777-5
MEUS DEMÔNIOS,
MEUS PAIS,T-316.009.965-6
MEXE,T-300.982.303-0
MEXE DANÇA,T-040.453.903-2
MEXE ESSA RABA,T-306.925.957-6
MGM II,
MI NAH COME ALONE,T-317.793.951-0
MICHAEL KAISER: CAMINHO DA DOR,T-331.711.224-2
MICHELINE,T-040.479.296-6
MICHELLINE,T-039.167.520-9
MIDNIGHT,T-300.963.818-6
"MIDORIYA E ALL MIGHT - ""O HERÓI DENTRO DE",T-327.396.690-4
MIDORIYA E SHIGARAKI: LEGADO VIVO,T-324.708.097-9
MIENTRAS EL MUNDO PASA,T-306.926.953-6
MIGO OU MIGA,T-329.031.099-1
MIGRAINE,
MIGRAINE (INSTRUMENTAL),
MIGUE DE BOLEIRO,T-040.193.770-9
MIKEY / MANJIRO SANO,T-324.707.943-8
MIL CASTELOS E UMA CANÇÃO,T-332.751.760-8
MIL FITA,
MIL FITAS,T-312.556.017-6
MIL FORMAS DE AMAR,
MIL MOTIVOS,
MIL TONS,T-311.955.037-3
MILENIO NOVO,T-039.493.865-8
MILES AND MILES AWAY,T-320.126.200-8
MILHÃO,
MILIONÁRIA,T-304.312.385-5
MILONGUITA,T-306.925.959-8
MINA DE OURO,
MINA RAPOSA,T-311.694.865-9
MINA SAPECA,T-306.076.022-3
MINAS DE OURO,T-321.940.306-8
MIND CONTROL,T-040.106.212-1
MINHA AREA E O MUNDO,T-039.493.866-9
MINHA ARTE,
MINHA BRISA,T-305.220.119-7
MINHA ESCAMA NÃO FALA PORTUGUÊS,T-306.797.369-3
MINHA ESTORIA E COM VOCE,T-040.297.580-7
MINHA EX,T-305.263.193-9
MINHA HISTORIA E COM VOCE,T-040.070.520-5
MINHA ILHA,
MINHA MAE,T-039.476.220-9
MINHA MALDIÇÃO,T-327.330.055-9
MINHA MALDIÇÃO,
MINHA MALDIÇÃO (YUTA OKKOTSU),T-324.707.942-7
MINHA MULHER,T-039.270.820-1
MINHA NINFETA,T-303.777.242-8
MINHA NINFETA 2,T-303.777.249-5
MINHA RAZÃO DE VIVER,T-315.372.584-5
MINHA SALSA (PREFIXO 81),
MINHA VEZ DE JOGAR: AYANOKOJI VS RYUEN,T-334.542.280-8
MINHA VIDA É ESSA,
MINHA VIZINHA,
MINHA ÚLTIMA MISSÃO (LEVI ACKERMAN),T-324.707.941-6
MINI SAIA ROSA,
MINIBRISA,T-304.311.962-2
MINIJAM II,T-301.577.155-4
MINUETO,T-039.167.536-7
MIOJO,T-301.718.758-1
MIRA E ATIRA,T-303.777.255-3
MIRA ENGATILHA,T-329.192.945-4
MIRACATU,
MIRAGEM,T-305.619.017-7
MIRAGEM,
MIRANTE MECZINHO,
MISE EN PLACE,T-321.926.587-5
MISE EN PLACE (FILM VERSION),T-321.926.586-4
MISERABLE LUV,
MISSA,T-321.150.606-4
MISSÃO CONCLUÍDA,T-317.999.995-8
MISSÃO DO BREGA,T-305.213.992-7
MISTERIO,T-040.150.639-5
MISTERY,T-300.963.832-4
MISTICAT,T-303.385.461-0
MMXX,
MNFXT,
MOB,T-321.926.585-3
MOCHILA,T-300.971.390-6
MOCOFAVA,T-303.385.464-3
MODERN LOVE,T-306.926.955-8
MODERN LOVE,T-040.081.807-6
MODO AVIÃO,T-327.661.161-7
MODO DE ATAQUE,T-321.926.584-2
MODO TURBO!,
MODUS OPERANDI,T-328.493.899-0
MOIKAI MACHIGAU (IN THA JUNGLE),
MOISÉS: O PRÍNCIPE DO EGITO,T-327.330.045-7
MOLENGUITA,T-932.738.544-4
MOLEQUE,
MOLHADINHA,
MOMENTO,T-039.828.196-3
MOMENTO BRASILEIRO (MARI CAPOEIRISTA),T-329.434.390-7
MOMMA,T-317.794.086-8
MONALISA,
MONEY TALKS,T-301.718.624-8
MONSTRO,
MONSTRO CÓSMICO,
MONSTROS QUE MENTEM,
MONTAGEM - BOTA SOCA,T-336.024.967-4
MONTAGEM ANOS 2000 EU SENTO E ME ACABO TU,T-327.279.706-1
MONTAGEM AUTOMOTIVO OUTSIDE,
MONTAGEM BOTAÇÃO X KIKA COM A BUNDA,T-324.472.356-2
MONTAGEM CANDY SHOP (FEAT. MC BN),
MONTAGEM ILUSÃO DO AMOR,
MONTAGEM ZONA NORTE VIVE,T-327.533.191-0
MONUMENTO,T-315.987.088-5
MOON RISING,T-039.948.806-2
MOONCHILD,T-040.023.896-1
MORDAÇA,T-302.808.899-1
MORENA,
MORENA,T-312.550.698-7
MORENA SAFADA,T-303.852.723-6
MORENA SAFADA,
MORENA TATUADA,
MORENO TATUADO,T-309.423.414-3
MORRER,T-039.593.747-9
MORRER MAIS UMA VEZ,T-039.593.745-7
MORRO DO GALO,T-313.413.838-4
MORTAL KOMBAT,T-315.912.946-7
MORTE ATACA,T-330.774.867-6
MORTE E DESESPERO,T-039.593.743-5
MOSAICO,T-039.172.650-3
MOSAICO,
MOSCHINO,T-308.187.731-4
MOSH FEMINISTA,T-316.133.335-9
MOSH JOCKS,
MOSHERS,
MOSTRA A PISTOLA,T-317.358.569-4
MOSTRA PRA MIM QUE TU É FAIXA PRETA,T-305.266.094-9
MOTOR DA HISTÓRIA,
MOURISCA,T-039.167.519-6
MOURO BLUES (INSTRUMENTAL),T-039.168.250-0
MOVE ON,
MOVEDIÇA,
MOVIDO A VAPOR,T-040.347.907-1
MOVIMENTO DELAS,T-306.466.775-6
MOVIMENTO N.2,T-301.577.161-2
MOVIMENTO NOVO,T-301.576.433-3
MOVIMENTO QUE HIPNOTIZA,T-306.856.579-3
MOVIMENTO SACANA,
MOVIMENTO SANFONINHA,
MOZAICO,T-040.479.232-0
"MOÇA, SENTA COM FORÇA",T-309.247.628-9
MR MONSTER,T-039.825.618-2
MR. PEACE,T-316.183.079-7
MTG - VEM COLOCANDO,T-322.436.526-4
MTG BANHO DE LEITE,T-318.468.223-9
MTG DOS ATLETAS,
MTG MALUCA SURRA DE PIROCA,
MTG NA NOITE PASSADA,T-333.248.780-2
MTG NO BECO DA IGREJINHA,T-333.248.779-9
MTG PASSA ROSSA ESFREGA,
MTG VOU MACHUCAR,T-329.661.460-9
MUCH MORE THAN A FRIEND,T-040.059.519-8
MUDA,T-039.781.845-9
MUDANÇAS,T-307.298.915-8
MUDAREMOS,T-039.497.715-1
MUDO,T-040.348.483-2
MUGGY,T-307.004.959-7
MUGIWARA,
MUGIWARAS: 10 PERSONAGENS 1 RAP,T-325.285.378-0
MUHAMMAD ALI,T-333.110.600-0
MUITA CALMA AMOR,
MUITO ALEM DO SOFA,
MUITO BOM SONHAR,T-307.199.516-5
MUITO FÁCIL TE CONQUISTAR,
MUITO LOUCA,T-308.508.307-0
MULHER - REMIX,T-315.684.823-2
MULHER 4S,T-311.694.866-0
MULHER DE LADRAO,T-040.166.084-1
MULHER DO LADRAO,T-040.000.442-3
MULHER DO PODER,T-301.567.060-3
MULHER DO PODER,T-313.255.720-7
MULHER DOS ALEMÃO,T-304.709.761-6
MULHER PERIGOSA,T-306.928.548-5
MULHER RENDEIRA,T-039.167.658-6
MULHER SE VINGA,T-329.192.941-0
"MULHER, CAP. 6: ENCONTREI MINHA MELHOR",T-315.684.822-1
MULHERAO,T-305.220.125-5
MULHERES,T-330.488.001-7
MULHERES NO CONTROLE,T-305.619.569-4
MULTIWIN,T-313.795.944-1
MUNDO,T-039.781.306-7
MUNDO CANIBAL,T-330.774.866-5
MUNDO CAO,T-039.247.850-0
MUNDO CORPORATIVO,T-330.774.865-4
MUNDO DA LUA,T-315.996.160-7
MUNDO GIRA,T-335.394.310-5
MUNDO MODERNO,
MUNDO NOVO,T-039.877.806-7
MUNDO PERFEITO (GOJO & GETO),
MURO LEGALIZADO,T-317.794.082-4
MURRO EM PONTO DE FACA,
MUSE DA ILHA GRANDE,T-308.121.478-6
MUSGA,T-301.569.281-2
MUSICA DE SUPERFICIE,T-040.086.428-9
MUSICA SEM NOME,T-039.662.297-1
MUSICA SOBRE SAUDADE,T-040.160.956-0
MUTACAO,T-040.218.370-3
MUTAÇAO FONETICA,T-040.140.015-4
MUZAN: COR DE SANGUE,T-325.285.362-2
MY CAPTAIN,T-039.948.064-8
MY FREEDOM,T-320.126.199-2
MY OWN WAY,T-317.794.081-3
MYSTERIOUS WAYS,T-039.948.065-9
MYTHIFY YOURSELF,
M_A_U (MAGNÍFICO APLICATIVO UNIVERSAL),T-308.121.476-4
MÁ FAMA,
MÁFIA DO JABÁ,T-330.774.871-2
MÁFIA ITALIANA,T-335.394.957-8
MÁGICA,T-307.416.503-6
MÁGICO DO SOM,T-317.999.999-2
MÁQUINA DO ONTEM,
MÁQUINA DO TEMPO,T-301.567.051-2
MÁRTIR,T-322.277.347-5
MÁSCARA,
MÁSCARAS: AYANOKOJI (CLASSROOM OF THE,T-334.542.349-2
MÃE,T-306.800.395-8
MÃE,
MÉTODO,
MÍSSEIS DEMOCRÁTICOS,T-310.555.835-4
MÓ PERIGO,T-321.536.656-2
MÓI DE VERDURA,T-306.797.375-1
MÔNACO DE MALOQUEIRO,T-324.472.390-4
MÚSICA PARA MENTIR,T-307.003.170-4
MÚSICA PARA OUVIR FUDENDO,T-330.774.864-3
NA AGUA DO BEBEDOURO,T-039.247.557-8
NA ARTE DA ESPADA,
NA ARTE DO SEXO,T-304.709.762-7
NA ATIVA,
NA BRISA DO BECK,T-304.312.382-2
NA BRISA QUE É BOM,T-305.263.198-4
NA D27 TÔ BOTANDO,T-305.217.175-8
NA DOR / O AMOR,T-316.113.146-6
NA ESPERA,T-040.198.083-3
NA ESTRADA,T-039.298.060-7
NA ESTRADA,T-040.035.482-6
NA EXPECTATIVA,
NA EXPECTATIVA (INSTRUMENTAL),
NA LIMPEZINHA,T-304.714.888-5
NA MADRUGA,T-303.488.398-8
NA MELODIA,T-040.279.895-1
NA MEMÓRIA,
NA MENTE,
NA MÁ INTENÇÃO,T-305.263.203-4
NA MÃO DE QUEM,T-325.956.784-1
NA NA NA,T-039.747.250-2
NA NOITE PASSADA,
NA NOITE PASSADA,T-304.709.729-6
NA ONDA,T-322.163.486-8
NA ONDA DA BALA,T-302.810.997-5
NA ONDA DA BALA,T-334.976.415-0
NA ONDA DA BALINHA,
NA ONDA DA MACONHA,T-329.192.940-9
NA ONDA DA TEQUILA,T-306.794.546-0
NA ONDA DA ÁGUA ROSA,T-305.217.536-3
NA ONDA DO BASEADIN,
NA ONDA DO BLACK (REMIX),T-310.338.689-2
NA ONDA DO LANÇA,T-311.597.274-8
NA PERNOITE,T-318.190.974-6
NA PIROCA EU VOU SENTANDO,
"NA PONTA DA PEÇA, SENTO COM A XERECA",T-316.009.964-5
NA PONTA DO PE,T-305.264.223-2
NA SITUAÇÃO,T-305.266.101-1
NA TRETA DA COSMOLÂNDIA,T-327.279.693-3
NA VEIA,T-039.269.020-8
NA'VI,T-325.285.388-2
NABRISA 840,
NADA ACONTECE,T-040.147.695-6
NADA BEM,T-311.566.589-5
NADA DEMAIS,T-329.888.972-8
NADA MUDOU,T-039.544.550-7
NADA PODE ME PARAR,T-317.794.079-9
NADA SEM VALOR,T-330.774.862-1
NADA VAI ME ABALAR,
NADA É MUITA COISA,
NAKED AS THE RAIN,T-039.948.066-0
NAMORA COMIGO,T-317.623.017-0
NAMORAR,T-306.925.944-1
NAO AVISO CABECAS,T-931.222.395-3
NAO BRINCA COM FOGO PIRANHA,T-325.579.941-4
NAO PARAR MAIS,T-040.059.520-1
NAO PODEMOS FALAR,T-039.593.595-1
NAO QUERO TER QUE EXPLICAR,T-040.160.957-1
NAO SEJA ASSIM,T-039.338.336-2
NAO VOU,T-317.710.300-9
NAO VOU MAIS,T-039.721.692-0
NAOFUMI E RAPHTALIA: EU VOU TE DEFENDER,T-325.285.389-3
NAQUELE PIQUE,T-040.453.893-7
NARRA SHOW,T-313.795.943-0
NAS PAREDES DA PEDRA ENCANTADA,
NASCE CRESCE MORRE E SOME,T-305.213.968-7
NASCE UM MONSTRO,T-330.774.731-1
NASCIDO PRA BRILHAR,
NATAL FELIZ,T-040.076.554-9
NATIONSBET,T-313.263.362-2
NATÁLIA SUA SAFADA,T-305.217.210-4
NAVEGA,
NAVIO PIRATA,T-313.413.835-1
NAZARÉ DA MATA,T-932.504.062-8
NECROPOLITANO,T-308.121.479-7
NECROPOLÍTICA,T-316.009.992-9
NEGA,T-305.218.709-0
NEGA ABUSADA,
NEGO DA RESENHA,T-313.263.359-7
NEGO NEY,T-309.991.480-0
NEGRO,T-313.264.139-1
"NEM AQUI, NEM NA CHINA",T-304.306.418-8
NEM AÍ PRA NADA,T-305.263.164-4
"NEM HERÓI, NEM VILÃO",
NEM ME CONVIDOU,T-328.387.616-0
NEM SINAL,T-039.405.797-6
NEM TE CONTO,
NEM TINHA CORAÇÃO,
NENÉM MALVADÃO,T-306.799.377-1
NEONAZI GRATILUZ,T-316.009.991-8
NESSES DIAS,
NETFLIX,
NEVA UNGRATEFUL,T-317.794.067-5
NEVER BEEN THRU,T-317.794.062-0
NEVER SEEN,T-328.725.831-1
NEW WORLD BROADCAST,T-040.106.213-2
NEWLAND,T-328.725.830-0
"NEXO, PORQUE TU NÃO ESTOURA?",T-301.718.631-7
NEY SILVA BALÃO EM CREMOSINHO,T-313.263.355-3
NFT,
NHEENGATU,
NICO ROBIN,T-321.926.583-1
NIGGAZ IN THE HOUSE,T-313.690.950-3
NIGHT ARPEGI,T-301.567.068-1
NIGHT DO DAVI,T-308.505.762-7
NIGHT PARTY I,T-301.576.895-9
NIGHT PARTY II,T-301.576.899-3
NIGHT WARRIORS,T-300.960.777-2
NIKE JORDAN OFF WHITE,T-303.016.343-6
NINFETA GOSTOSA,T-303.777.261-1
NINGUEM CHAMOU SEU NOME,T-039.611.382-8
NINGUÉM AMA OS NÁUFRAGOS,T-311.596.058-8
NINGUÉM FICA PARADO,T-040.427.935-1
NINHO DE RATO,
NIRVANA,
"NO ""MOOD""",T-317.794.061-9
NO AR CONDICIONADO,T-335.201.117-3
NO AÇOITE,T-302.808.900-7
NO BECO DO ESCURINHO,
NO BECO FOI SEQUENCIADA,
DJ DANILINHO BEAT,DANILO DELMONDES BISPO DOS SANTOS
FUSION MUSIC,FUSION MUSIC EDICOES MUSICAIS LTDA
MC PRETCHAKO,MATHEUS MARQUES DE MELO SILVA
NO BICO DA GLOCK DO PAI,
DAVI KNEIP,DAVI TONIUT KNEIP
NO CAPS (TIPO YSL),T-301.718.636-2
"NO CLUBE DA D17 (FEAT. MC MARY MAII, MC",
"NO COMPASSO DA MAE NATUREZA OU O AMOR, A",T-040.312.406-0
POMMELO DISTRIBUICOES,BOA MUSICA BRASIL DIREITOS MUSICAIS
NEGO HENRIQUE,CARLOS HENRIQUE DE ALMEIDA
NO CORRE,T-305.266.119-1
NO CORRE DO FUNK,T-305.263.171-3
NO ENTANTO...,T-307.297.663-3
NO ESCURINHO,T-307.362.033-0
NO FINAL,T-307.006.698-3
NO FLOW DA DEGRADAÇÃO NATURAL,T-313.413.992-3
NO JUNK,T-039.593.744-6
NO LIXO,
NO MEU CORAÇÃO,T-325.285.387-1
NO MUNDO DOS PEIXES,T-325.193.734-1
NO NO NO ASI NO PONENTE EN 4 ACA CHINA,
NO PIQUE 00HR,
NO PIQUE BBB (BREGA FUNK REMIX),T-318.297.797-1
NO PISCAR DOS OLHOS,T-307.201.818-5
NO PLACE FOR THE CROSS,T-308.121.965-6
NO PRÓPRIO NÓ,T-317.906.976-8
NO RITMO DO HARLEM SHAKE RJ,T-327.279.716-3
NO SILÊNCIO,
NO TARARA,T-040.260.675-0
NO VENTILADOR - AR CONDICIONADO 2,
NOBLE SOUL,T-039.948.067-1
NOBODY'S HAPPY,
NOBRE,
NOBRE VAGABUNDO,T-300.975.560-2
NOCAUTE,T-317.794.059-5
NOIS NAO SOCA FOFO,T-326.016.085-4
NOIS É TUDO LOKO,
NOISE,
NOITE,T-306.926.957-0
NOITE DE NÚPCIAS (FREE VERSE),T-310.684.852-2
NOITE DE TANGO,T-039.972.809-6
NOITE LOUCA,T-303.777.268-8
NOITE LOUCA,T-308.508.312-7
NOITE PASSADA,T-301.099.939-6
NOITE SECA,T-039.312.257-0
NOITE SERENA,T-335.268.018-9
NOITES NO DELTA,T-040.035.452-0
NOME NO BID,T-306.797.383-1
NORDESTE NO COMANDO,
NOS ACESSOS DO CONCORDIA,
NOS E A TROPA,T-040.000.413-8
NOS ESPELHOS,T-039.725.495-3
NOS KIT,T-311.953.575-6
NOS TA PESADAO,T-040.143.714-6
NOS VAMOS FAZER VOCE SE LIGAR,T-040.019.629-3
NOSSA EU JÁ TINHA ESQUECIDO X OS,T-327.279.684-2
NOSSA HISTÓRIA,T-306.083.629-1
NOSSA PROMESSA,
NOSSA REAÇÃO,
NOSSA SELEÇÃO,T-313.263.351-9
NOSSA SENHORA DA PAZ,T-039.268.957-4
"NOSSA VOCÊ NÃO TEM PACIÊNCIA NENHUMA NÉ,",
NOSSAS DIFERENCAS,T-039.544.554-1
NOSSO BREGA,T-329.192.929-4
NOSSO JEITO,T-040.247.472-9
NOSSO MUNDO,
NOSSO NINHO,T-039.247.868-0
NOSSO PASSADO,T-322.163.480-2
NOSTALGIA,T-306.794.342-0
NOT FUNNY,T-304.308.876-8
NOTA AZUL,T-335.572.195-4
NOTA EXPLICATIVA,
NOTA MEU DRIP,
NOTAS,
NOTAS DE 100,T-318.297.790-4
NOTAS DE RODAPE,T-039.662.298-2
NOTHING HAPPENS,T-039.946.946-5
NOVA IRIS,T-313.413.832-8
NOVA LYDIA,T-321.926.582-0
NOVA ONDA DO PJB,
NOVA ORDEM,T-316.009.990-7
NOVA ÉPOCA,T-040.275.775-8
NOVA ÍRIS,
NOVENA,T-039.590.238-1
NOVINHA DE 19,
NOVINHA DE APARELHO,T-040.000.431-0
NOVINHA DO BUCETÃO,T-305.214.119-8
NOVINHA DO BUCETÃO,T-305.266.127-1
NOVINHA DO BUCETÃO,
NOVINHA EXPERIENTE,
NOVINHA LOKA,T-308.505.662-4
NOVINHA PREPARA,T-305.413.480-0
NOVINHA SANTA,T-308.118.460-9
NOVINHA SAPEQUINHA,T-040.000.434-3
NOVINHA SOLTEIRA,T-040.000.403-6
NOVINHA TURBINADA,T-040.000.395-3
NOVINHA VERGONHOSA,T-304.312.380-0
NOVINHA VOCÊ SENTANDO POR CIMA,T-330.932.720-2
NOVINHO 157,
NOVINHO AGRESSIVO,T-317.358.590-1
NOVINHO DA QUEBRADA,T-306.795.397-9
NOVINHO DO PIROCÃO,
NOVINHO EMBRAZADÃO,T-305.413.481-1
NOVO BALANÇO - REMIX,T-322.597.191-1
NOVO BALANÇO - REMIX,
NOVO CANTO,T-040.522.863-8
NOVO DIA,T-040.011.903-0
NOVO DIA,T-304.153.733-7
NOVO DYA,T-306.856.959-1
NOVO GÊNESIS,
NOVO ROCK,T-931.807.384-6
NOVO SWING,T-301.576.440-2
NOW I WANNA BE A GOOD BOY,T-330.774.860-9
NUANCE INSANA,T-040.247.473-0
NUDEZ,T-335.243.991-5
NUM PISCAR DE OLHOS,
NUMA CASINHA,T-311.953.581-4
NUNCA CHORE POR VADIA,
NUNCA FOI FÁCIL: 8 SHIPPS 1 RAP,T-327.396.612-0
NUNCA FOI TÃO JUSTO,T-327.440.912-6
NUNCA NEM VI,
NUNCA NINGUEM,T-039.134.245-2
NUNCA PENSEI,T-040.441.882-1
NUNCA SOFRI DE AMOR,T-301.561.214-9
NUTRICIDE,T-040.106.214-3
NUVENS,
NUVENS NEGRAS,T-301.721.417-0
NUVENS TÓXICAS,T-315.996.159-4
NXANX,T-301.718.763-8
NYPE,
NÃO ACHEI LEGAL,T-317.740.567-9
NÃO ACREDITEI,T-322.010.790-0
NÃO ASSINE,T-309.640.391-3
NÃO ATIRA NO MENSAGEIRO,
NÃO BATE NA MINHA PORTA,
NÃO COMPLICA,T-305.266.108-8
NÃO DESISTA,T-040.330.273-7
NÃO ENTENDI,T-040.429.743-3
NÃO ENTRE EM PÂNICO,
NÃO ERA PRA GOSTAR DE MIM,T-305.623.670-1
NÃO ERA SUPOSTO,
NÃO ESCOLHA,T-305.213.937-0
NÃO ESTUPREM MINHA MÃE,T-330.774.861-0
NÃO EXISTE AMOR NO RJ,
NÃO EXISTE AMOR NO RJ (CITAÇÃO: NÃO,
NÃO EXISTE MAIS AMOR,T-308.465.136-1
NÃO FALA DA JOYCE,T-311.694.874-0
NÃO FAZ SEU ESTILO,
NÃO FICA APAIXONADINHA,
NÃO FICO,T-040.330.200-0
NÃO FODE,
NÃO FUJA DA LUZ,
NÃO HÁ OUTRAS VIDAS,T-316.010.090-9
NÃO IMPORTA O QUE ME CUSTA,
"NÃO JULGA ESSA ROUPINHA, MEU CORAÇÃO",T-327.279.705-0
NÃO LIDO BEM,T-331.304.715-9
NÃO MAIS,T-039.781.846-0
NÃO MAIS PROBLEMAS,T-307.298.916-9
NÃO ME DEIXA,T-303.764.512-4
NÃO ME ENGANA,T-327.798.827-5
NÃO MEXA COM MEU SILÊNCIO,
NÃO NASCI PRA NAMORAR,T-931.480.188-2
NÃO NÃO,T-316.009.989-4
NÃO OLHE PRA TRÁS,T-305.623.719-1
NÃO PARA NÃO,T-315.996.144-7
NÃO PODE CACHORRO NO ELEVADOR,
NÃO PODE EXPLANAR,
NÃO POSSO MORRER NOVO,T-931.806.136-8
NÃO QUERIA FALAR NADA,T-305.213.643-9
NÃO SE ACANHA,
NÃO SE ILUDA,
NÃO SE ILUDE,T-308.466.214-2
NÃO SEI,T-316.009.988-3
NÃO SEI LIDAR,T-331.711.225-3
NÃO SEI PORQUÊ VOCÊ SE FOI,
NÃO SEJA IDIOTA,T-328.825.945-6
NÃO SOMOS RIVAIS,T-335.482.969-5
NÃO SOU DE ME APEGAR,
NÃO SÃO CASOS ISOLADOS,T-330.774.732-2
NÃO TEM BOI,T-305.213.949-4
NÃO TEM CONCORRENTE MARINHO ESPORTE,T-313.263.366-6
NÃO TENHO IMAGINAÇÃO PRA MUDAR DE MULHER,
"NÃO TENTE BATER DE FRENTE, FRESH, FRESH",
NÃO TÔ LIGANDO,T-303.766.113-1
NÃO VAI QUERER PARAR,T-040.453.894-8
MC JAPA DO RECIFE,JOSE VICTOR BARBOSA DE LIMA
NÃO VALE NADA,T-312.553.356-0
JHON FRANCA,JHON LENON DE FRANCA DIAS
NÃO VALE UM VINTÉM,T-304.710.524-4
NÃO VOU ATRAPALHAR O TEU PLANTÃO,
MC MARLEY,WALLYSSON MARLEY SILVA DE MACEDO
NÃO VOU ATRAPALHAR O TEU PLANTÃO,T-317.358.594-5
NÃO VOU ATRAPALHAR X OS AMIGOS DE GLOCK,T-318.516.385-9
SG NO BEAT,ANTONIO VITOR DOS SANTOS FERREIRA
MC DENNY,DENER WILLIAM SILVA DE OLIVEIRA
NÃO VOU DEIXAR SE APAGAR,
PAULO NEVES,PAULO GUILHERME BAETA NEVES
NÃO VOU ESQUECER (SAKUTA),T-325.285.390-6
ANIRAP,GABRIEL MACEDO SANTANA
NÃO VOU ME ESQUECER: SAKUTA E MAI - BUNNY,
NÃO VOU SAIR,T-311.953.651-1
NÃO VOU SAIR (REMIX),T-311.953.654-4
NÃO É AMOR,T-316.944.440-6
NÃO É DISSO QUE EU PRECISO,
NÃO É SÓ FUTEBOLL,T-305.995.968-7
NÃO É TODO MUNDO QUE TÁ DE BOA CONTIGO,T-307.416.506-9
"NÃO, NÓS NÃO SOMOS ORIGINAIS",T-040.522.256-1
NÓ,
NÓS EMPURRA,T-310.350.723-5
NÓS EMPURRA NA TCHUCA,
NÓS FAREMOS QUE VOCÊ NUNCA ESQUEÇA,
NÓS NÃO BRINCA DE SER BANDIDO,
NÓS NÃO É PAPA ANJO,T-312.554.703-3
NÓS TAMO LISO? TAMO TAMO ACIMA DO PESO?,T-327.279.692-2
"NÓS TE BOTA SOCA ,SOCA",
NÓS VAI EMBAIXO,
NÔMADE,
NÔMADE IV,T-317.208.791-7
NÔMADE V,T-317.208.795-1
NÔMADE VI,T-316.135.050-7
O 21E ESSE,T-305.217.769-8
O 9 VERSO DO FIM DA MANDUME,T-315.569.952-4
O ALIENISTA,T-330.774.730-0
O AMOR VAI ME ABRAÇAR,T-302.347.013-1
O AMOR É A NOTÍCIA,T-310.169.003-9
O APOSTADOR É O TERROR,T-312.557.215-4
O ASSASSINO DE XAMÃS (FUSHIGURO TOJI),T-325.285.386-0
O ASTRONAUTA ENCANTADO,T-040.340.350-8
O ATAQUE DAS TESTEMUNHAS DE GEOVÁ,T-316.009.987-2
O BEBO,T-327.329.652-5
O BONDE TA PROCURADO,T-310.470.616-9
O BUMBUM DELA MEXE,T-313.255.744-5
O CARA NÃO PRESTA,T-932.389.848-2
O CARROCEIRO,T-039.238.595-3
O CAUSO DA VIOLA ENFEITICADA,T-040.035.483-7
O CHEIRO DA CHUVA,
O CHORO DO MEU AMOR,T-039.590.240-5
O CINZA,T-317.794.057-3
O CIRURGIÃO (TRAFALGAR D. LAW),
O CLAN,T-040.343.342-0
O CLONE,T-333.176.562-5
O COMECO,T-932.207.169-2
O CONTORNO DAS NUVENS,T-930.848.429-9
O CORO COME,T-305.216.150-5
O CORRE,T-930.846.233-1
O CURIOSO CASO DE ROBSON,T-313.413.830-6
O CÉU E O INFERNO,
O DESEJO DELAS,T-315.912.945-6
O DESESPERO DE ODETE,T-307.118.350-7
O DESPERTAR,T-333.110.599-4
O DIÁRIO DO ODIADO,T-335.572.192-1
O DJ DO BAILE ME BOTA,
O DJ SILVÉRIO É O SEU PREFEITO,
O DJ SILVÉRIO É O SEU PREFERIDO,
O DUELO VAI COMEÇAR,T-306.797.388-6
O DÉBITO,T-310.665.947-2
O ELO MAIS FRACO DA CORRENTE,T-040.479.377-6
O ENIGMA,T-319.876.084-4
O ERRADO E O CERTO,T-305.213.954-1
O ESCUDO DO ARCANJO MIGUEL,T-307.418.123-6
O ESPELHO,T-039.168.339-8
O ESPETÁCULO DE ALASTOR,T-328.725.829-7
O EXPRESSAR DE UM CORAÇÃO,T-333.655.330-7
O FALCÃO DO COBRA KAI,
O FAMOSO METE BALA,
O FILHO DA MULHER DO FIM DO MUNDO,T-335.572.191-0
O FIM,T-039.632.966-0
O FIM DO KUNG FU | LORD SHEN,
O FIM DOS TEMPOS (RAP DOS CAVALEIROS DO,T-327.330.044-6
O FINO DA BOSSA,T-306.465.359-0
O FLUXO,T-317.794.056-2
O FORRO DOMINOU O BRASIL,T-040.271.867-5
O FREAR PROVOCANDO O GASTAR DOS PNEUS,
O FUTURO E FEMEA,T-040.423.096-1
O GRITO,T-040.076.538-9
O GÁS DA COCA COLA,T-306.797.396-6
O HERÓI CHORÃO (TAKEMICHI),
O HINO DA HUMANIDADE,T-327.396.826-2
O HOMEM DE ROXO,
O HOMEM DO CENTRO DA CIDADE,T-040.522.255-0
O HOMEM MAIS FORTE DO MUNDO: BAKI & YUJIRO,
O HOMEM NO CANTO DO BAR,T-040.432.629-9
O HOMEM TERREMOTO,
O HÉROI,
O IMPORTANTE E O QUE INTERESSA,T-039.888.128-1
O INDIOZINHO,T-325.193.798-7
O INEXISTENTE EU,T-328.931.064-7
O INFERNO É NA ESQUINA,T-322.797.978-0
O INÍCIO DE TUDO,T-327.330.042-4
O LAMENTO DAS AGUAS SAGRADAS,T-039.298.007-2
O LUA SUPERIOR 6 (GYUTARO),
O MAIOR IDIOTA DO MUNDO,T-039.662.291-5
"O MAIOR PERDEDOR: SASAKI, SHUUMATSU NO",
O MAIS FORTES DA TOMAN,
O MAIS VENDIDO (FILM VERSION),T-321.926.580-8
O MAL DA LIBERDADE,
O MAL QUE HABITA A TERRA,T-040.429.437-6
O MALOQUEIRO QUE ELA GOSTA,T-307.201.054-5
O MARTELO DOS HEREGES,T-316.009.986-1
O MEA CULPA DO OBSERVADOR DE PÁSSAROS,T-313.413.990-1
O MELHOR PRA MIM,T-210.150.213-7
O MOMENTO É ESSE AQUI,T-308.115.012-7
O MONSTRO QUE VOCÊS CRIARAM: JINX (ARCANE),
O MONSTRO TÁ LÁ,T-313.413.988-7
O MUNDO,T-333.819.426-2
O MUNDO (MENSAGEM),T-317.794.055-1
O MUNDO EM MIM SE ENCONTRAR 2,
O MUNDO GIRA,T-307.362.197-9
O MUNDO O GIM E O BAILAO,
O MUNDO É DOS ESPERTOS,T-040.522.254-9
O NOVIN,T-305.213.995-0
O NOVO HOMEM-ARANHA | MILES MORALES,
O PALHACO DO CIRCO SEM FUTURO,T-039.268.959-6
O PALOMA,T-040.000.425-2
O PESO DA PAZ,
O PESO DA RESPONSABILIDADE,
O PESO DE UM SONHO (RED),
O PILAR DA ÁGUA,T-327.396.689-1
O PM E A TV,T-330.774.789-9
O POETA,T-330.191.321-9
O POETA,T-040.396.916-3
O PORTO,T-040.076.536-7
O PRETO MAIS CARO,
O PROTETOR DO UNIVERSO,
O PÃO QUE O DIABO VOMITOU,T-330.774.729-7
O QUARTO HOMEM NA FORNALHA,T-327.396.603-9
O QUE A GENTE FAZ AGORA,T-040.251.474-2
O QUE ACONTECE NO ESCURO,T-039.338.337-3
O QUE E QUE VOCE QUER DE MIM,T-039.617.324-2
O QUE ME CEGA,T-040.341.278-1
O QUE NÃO E JA FOI,
O QUE NÃO VEM,T-306.925.945-2
O QUE PODE SER MAIS IMPORTANTE,T-040.160.958-2
O QUE SERA DE MIM,T-040.370.092-4
O QUE SERÁ DE NÓS,
O QUE TU QUERES DE MIM?,T-310.338.381-5
O QUE VAI SER,T-040.160.959-3
O QUE VOCÊ PROCURA AQUI?,T-308.377.758-2
O QUE É MEU NINGUÉM ME TIRA,T-319.234.063-5
O QUE É PERFEITO FICA,T-303.760.036-1
O QUE É POSSÍVEL,T-317.839.736-5
O RAP E PRETO,T-316.303.307-2
O REI FRACO (SHINICHIRO SANO),T-334.542.279-5
O REI VOLTOU (YHWACH),
O RESSOAR DA ÚLTIMA VIDA,T-334.542.278-4
O RETORNO DA CANETA ASSASSINA - O MASSACRE,T-316.329.258-4
O SAMBA QUE EU GUARDEI,T-039.617.325-3
O SEU MAIOR MEDO (RAP DO BATMAN),T-327.396.602-8
O SIGILO,T-310.248.862-6
O SILENCIO E A BATUCADA,T-306.465.360-3
O SILÊNCIO,T-335.572.188-5
O SINAL FICOU VERDE,T-039.298.006-1
O SINDICO,T-306.460.042-2
O SOL DA MEIA NOITE,
O SOM DO PESCOÇO QUEBRANDO,T-310.455.807-4
O SOM É ASSIM (FUNK SINATRA),T-322.797.960-0
O SONHO,
O SONHO (INSTRUMENTAL),T-306.856.422-3
O SUPER SAIYAJIN 2 | GOHAN,
O TAL DO TBT,
O TEMPO E O MUNDO,T-316.010.107-1
O ULTIMO DOS MOICANOS,
O VAZIO QUE ME FEZ,T-303.389.514-2
O VENTO,T-039.311.309-1
O VIRA-LATA,T-316.009.985-0
O VIRUS DO PECULATO,T-330.774.710-6
O XAXADO OU O MACHADO,T-317.839.735-4
"O ZÉ, MALADEZA PURA",
O ÚNICO HOMEM NO CÉU (CAPITÃO PÁTRIA),T-325.285.377-9
O.B.G.,
O.F.F.,T-330.774.854-1
OBESIDADE MÓRBIDA CONSTITUCIONAL,T-039.388.251-3
OBRA CAVERNOSA,T-328.085.960-7
OBRIGADO A OBEDECER,
OBRIGADO POR NADA,T-316.009.984-9
OBSCURE RAIDS,
OBSESSÃO,T-039.632.967-1
OCHO NOMBRES DE PICASSO (LOS),T-308.121.903-2
OCTOBER 12TH,
OCULTISMO & PARANORMAL,T-333.878.968-3
OCUPADO,T-303.015.568-7
OCUPADO,T-311.694.836-4
ODA A SATWA,
ODE AO ÓDIO,T-330.774.857-4
ODE TO NAZ,T-300.965.921-2
ODEIO ESSAS MÚSICAS,T-330.774.855-2
ODISSEIA,T-040.283.731-3
ODISSEIA,T-301.576.903-2
OFEREÇAM SEUS CORAÇÕES | ERWIN SMITH,T-333.878.967-2
OFICINA CERAMICA,T-303.385.468-7
OG DRILL,
OGUM,T-302.808.901-8
OGUNHÊ,T-313.413.827-1
OH BRUNA,
OH LOKINHO MEU,T-301.721.422-7
OH NOVINHO,T-310.249.766-1
OHANA,T-333.399.682-6
OI,
"OI BEBÊ, COMO VOCÊ TÁ?",T-322.528.886-4
OI SUMIDA,T-324.241.297-7
OI SUMIDO,T-335.394.309-2
OJOS DE PICASSO (LOS),T-039.168.057-1
OKARUN E MOMO: A GENTE NÃO É NORMAL,T-331.724.643-4
OL' BLACK MAGIC,T-317.794.054-0
OLD 45 RECORDS,T-317.794.050-6
OLHA A BOMBA TREND VIRAL,
OLHA NÓS AÍ DENOVO,T-327.279.683-1
OLHA O CARRO DO OVO,T-315.925.845-0
OLHA O QUE ELA FAZ,T-311.694.839-7
OLHANDO PRO CEU,T-039.662.240-4
OLHANDO TUA FOTO TODO DIA COM ÓDIO X VOU,
OLHAR DE CONDOR,T-040.079.954-3
OLHAR DO ESPAÇO,T-333.465.631-0
OLHAR TRISTE,
OLHARES,T-317.794.048-2
OLHO DA NOITE,T-040.396.915-2
OLHO DELA,T-932.738.448-5
OLHOS,
OLHOS,T-333.176.561-4
OLHOS DE DEUS (JASER),
OLHOS DE RIO,
OLHOS DE SAUDADE,T-042.584.853-8
OLHOS DO SENHOR,
OLHOS SEMPRE ABERTOS,
OLIVIA,T-306.929.056-4
OMM,T-309.423.383-3
ON MY WAY,T-302.421.068-8
ONCE,T-039.948.069-3
ONCE ONE DAY,T-039.497.757-1
ONDA DA BALINHA,T-308.506.905-8
ONDE A TERRA SANGRA,T-307.297.664-4
ONDE ESTA VOCE,T-040.271.868-6
ONDE NAVEGA O SER,T-039.243.800-4
ONE DROP STYLE,
ONE MORE DAY,T-306.926.959-2
ONE OF US,
ONEBET,T-313.263.346-2
ONLYFANS,T-323.105.009-8
ONTEM EU SONHEI QUE TAVA NO SERRÃO,T-330.716.392-0
ONTEM PERCEBI QUE TE AMO AINDA,T-039.900.040-8
OPALA NEGRA,
OPEN BRAW,T-327.279.376-3
OPENING,
OPERATING WORK,T-317.794.046-0
OPERAÇÃO MORRE E CALA A BOCA,T-327.440.911-5
OPINIÃO,
OPOSTOS,T-317.794.044-8
OPRIMIDO,T-316.009.983-8
OPTION TO REPRESSION,T-040.106.215-4
OQUE RESTOU DE NÓS,T-335.572.186-3
OQUE RESTOU DE NÓS (REMIX),T-335.572.183-0
ORACAO,T-040.521.423-4
ORAR SEM FÉ NÃO ABRE PORTAS,T-316.009.963-4
ORAÇAO DE UM VELEIRO,
ORDEM NATURAL,T-309.423.388-8
ORDEM NATURAL,T-333.878.966-1
ORDERED TO THRASH,T-308.121.967-8
ORGULHO DE MIM,T-322.628.584-9
ORIGEM!,T-333.878.965-0
ORIXAS,T-039.748.716-9
ORIÔ (ORI ARERÊ),T-322.797.959-7
OROCHI SAFADINHO,T-311.591.414-8
OS 4 RATO,
OS AMIGOS DA BOCA TA BOLADÃO,T-330.716.391-9
OS CRIA 157,T-303.766.120-0
OS CRIA 157,T-305.413.484-4
OS CRIA SEMPRE PLATINADO,
OS CRIMINOSO,
OS DEFENSORES DA PAZ (ANOHANA),T-322.731.073-4
OS DIRETORES DA NASA,
OS DONOS DA CIDADE,T-313.203.667-6
OS FAIXAS DA FAVELA,
OS MEIA DE LÃ,T-300.963.824-4
"OS MELHORES NINIL, DEIVID E ANDRÉ",T-313.263.326-8
OS MENINOS DO SERRÃO,
OS MENOR DA GANGUE,T-305.213.682-6
OS MLK PIQUE,T-303.015.581-4
OS OIM DO MEU AMOR,
OS OIM DO MEU AMOR,T-330.199.833-0
OS RATOS DA FAVELA,T-317.358.586-5
OSTENTACAO,
OTHER SIDE,T-327.396.601-7
OTHER WAYS TO LOSE,T-039.497.717-3
OTÁRIO,T-317.839.734-3
OURO,
OURO DE TOLO,T-335.572.181-8
OURO DOCE,T-040.166.881-2
OURO NAS ESTANTES,T-309.246.244-3
OURO RARO,T-306.801.270-0
OUSADIA É MEU VULGO,T-303.766.124-4
OUT OF MY LIFE,T-317.794.042-6
OUTDOOR,T-301.719.331-2
OUTRA DIRECAO,T-317.740.570-4
OUTRA VEZ,
OUTRA VEZ AQUI,T-330.191.322-0
OUTRA VEZ VOCE,T-040.448.329-9
OUTRAS ARTES DA GUERRA,T-317.818.149-8
OUTRAS ARTES DA GUERRA (INSTRUMENTAL),T-301.178.823-7
OUTRO EU,T-321.926.579-5
OUTRO JUIZO FINAL,T-302.807.799-4
OUTRO JUÍZO,
OUTRO LADO,T-300.959.962-2
OUTRO MÊS,
OUTRO PLANO,
OUÇA,
OVERBOARD,T-307.003.487-2
OVERHAUL,
P,
PA BUM BUM - JHON HERNANDEZ REMIX,T-327.279.682-0
PA BUM BUM - REMIX,
PA BUM BUM PA - EZRA LEMPAS REMIX,T-327.279.681-9
PA BUM BUM PA - LIL AUTIS REMIX,T-327.279.680-8
PA BUM BUM PA - REMIX,T-327.279.679-5
PA BUMBUM - REMIX,T-327.279.677-3
PA BUMBUM BUMBUM PA,T-327.279.676-2
PA BUMBUM PA - REMIX,T-327.279.675-1
PA BUMBUM PHONKSLOWED HALLUCINOGENIC,T-327.279.671-7
PABATÊ,
PABLO TÁ PAGANDO TUDO,T-313.263.324-6
PACCELI,
PACIENCIA,T-039.497.721-9
PACIÊNCIA,T-040.522.253-8
PACO RABAM,T-040.000.407-0
PACO RABANNE,T-330.600.095-9
PACTO SONORO,T-313.413.820-4
PADIN DAU,T-309.640.398-0
PADRE MULTIMÍDIA,T-316.009.982-7
PADROES,T-930.847.492-2
PADROES,
PAGA DE LOUCA,
PAGANDO PAIXÃO,
PAGAR DE LOK,T-317.358.562-7
PAGODE FUT DE VÁRZEA (CLAREOU),T-300.978.415-6
PAGOFUNK OH MY GOD,
PAI DO PUTEIRO,T-322.597.190-0
PAISAGEM,T-039.476.147-7
PAIXAO,T-039.218.978-4
PAIXÃO DE OTELO,T-040.275.822-8
PAIXÃO REVIRADA,T-320.901.770-5
PALAVRAS QUE BORBULHAM COMO REFRIGERANTE,T-329.155.456-4
PALHAÇADA MORTAL,
PALHETOS,T-313.795.942-9
PALINHA DA MARQUINHA,T-303.780.051-0
PALMEIRA,T-039.590.235-8
PALMINHA,T-306.358.165-3
PANCADA DE LEVE,T-305.413.488-8
PANCADINHA NA BICHINHA,T-307.416.505-8
PANCADÃO COM FORÇA,T-311.694.842-2
PANDEIRADA TOPZERA,T-321.408.502-2
PANTANAL,T-318.464.891-3
PANTERA NEGRA,
PANTIM,T-302.347.011-9
PAPAIA,
PAPI,T-300.970.750-6
PAPI,
PAPI 2.0,
PAPIN,T-322.628.583-8
PAPO DE EX,T-311.694.845-5
PAPO DE FUTURO,
PAPO DE FUTURO,T-335.572.178-3
PAPO DE MC,T-329.283.630-3
PAPO RETO,
PAPOULAS,T-328.493.898-9
PARA,T-309.640.404-1
PARA ALIVIAR,T-309.492.322-1
PARA DONDE VOY,T-040.456.330-9
PARA FALTA ACUCAR BOLO,
PARA JANAINA,T-040.076.545-8
PARA MEUS IRMAOS,T-040.076.548-1
PARA O CARRO ABAIXA O BANCO,T-327.533.190-9
PARA O INFERNO,T-040.479.378-7
PARA O MUNDO,T-329.283.619-8
PARA QUE AS DROGAS,T-039.748.760-3
PARA QUE TÁ FEIO,T-303.766.127-7
PARABÉNS AOS ENVOLVIDOS,T-932.331.965-9
PARADIGMA (PREVIEW),T-321.926.578-4
PARADOXO DA SOBERBA,T-316.009.981-6
PARAFAL,T-301.721.427-2
PARAISO,T-301.576.907-6
PARAISO,T-304.308.878-0
PARANOIA NUCLEAR,T-039.593.542-8
PARANOICO,T-040.226.900-4
PARANOICO,T-331.024.525-7
PARANÓIA SATÂNICA,T-330.774.853-0
PARARATIBUM,T-335.394.308-1
PARASITA,T-039.593.541-7
PARATY,T-039.167.553-8
PARAÍSOS ARTIFICIAIS,
PARE(SER),T-316.113.145-5
PARECE FÁCIL,T-316.133.333-7
PARECE MAIS FACIL NOS FILMES,T-040.160.960-6
PAREDES PERFUMADAS,
PAREDÃO DE SANTA,T-040.453.896-0
PARTE DA VIDA,T-313.642.497-6
PARTE DE MIM: 11 ANIMES 1 RAP,T-331.724.871-4
PARTE DO PLANO,
PARTE DO PROBLEMA,T-313.322.319-1
PARTINDO O MAR,
PARTIU DE MIM,
PARTY NIGHT 2024,T-327.279.670-6
PASSA NADA,T-931.806.135-7
PASSA O 8TÃO,
PASSA PANO PRA ELITE,T-316.009.980-5
PASSADO DISTANTE,T-039.920.437-5
PASSAGEM,T-301.576.913-4
PASSANDO A LINGUINHA,T-322.797.629-2
PASSANDO DE RADIN,
PASSAPORTE ESPAÇO-TEMPO,T-304.312.680-9
PASSARIN,T-313.329.414-7
PASSARINHO,T-315.684.821-0
PASSATEMPO,T-327.661.139-9
PASSEANDO PELO APOCALIPSE,T-313.264.497-0
PASSEI DE GLOCK NA CINTURA,
PASSEIO NOTURNO,T-304.711.964-8
PASSINHO DO AMENO,T-932.999.216-7
PASSINHO DO AMENO 2,T-306.797.399-9
PASSINHO DO BUMBUM,T-040.453.900-9
PASSINHO DO CATATAL,T-306.797.407-2
PASSINHO DO GAS,T-040.193.767-4
PASSINHO DO JACARÉ,T-303.013.986-3
PASSINHO DO PIANO,T-040.000.416-1
PASSINHO NÃO É CRIME,T-932.999.217-8
PASSO ERRADO,T-039.497.722-0
PASSOS LARGOS,T-931.222.571-1
PASSOU A BOIADA,
PASTO,T-040.348.482-1
PATRICINHA,T-303.761.711-7
PAU E CHOQUE,T-315.912.944-5
PAU MANDADO,T-322.010.789-7
PAULADA OFICIAL BETESPORTE,T-313.263.322-4
PAY ATTENTION,T-304.710.519-7
PAZ E SABEDORIA,T-313.263.320-2
PAZ NO MUNDO,
PAÍSES EMOÇÕES,T-327.329.645-6
PECADOS CAPITAIS,T-301.564.544-6
PEDAÇO DE MERDA,T-330.774.852-9
PEDE CHAMANDO DE AMOR,T-306.799.480-9
PEDE COM CARINHO,T-320.096.118-4
PEDE COM JEITINHO,T-305.268.119-9
PEDE PRA BOTAR,
PEDE PRA BOTAR QUE EU BOTO,T-323.334.497-9
PEDE PRA FICAR,
PEDE QUE EU TE DOU,T-305.413.491-3
PEDINDO COM VONTADE,
PEDIR SOCORRO,T-328.439.340-0
PEDRA,
PEDRA DO REINO,T-303.385.436-9
PEDRA E BALA,
PEDRAS,T-039.544.549-4
PEDRINHA,
PEGA A TUA INIMIGA,T-313.249.799-1
PEGA COM PRESSÃO,T-307.361.334-6
PEGA NA MINHA E BALANÇA,T-303.761.720-8
PEGA NO SACO DO PAPAI NOEL,T-311.694.851-3
PEGANDO FOGO,T-305.213.998-3
PEGANDO NO MEU PEITIN,
PEITO ABERTO,
PELA ESPADA,T-327.396.877-3
PELA ESTRADA,T-040.344.095-8
PELA ESTRADA FORA,T-315.912.943-4
PELA FAMÍLIA: MITSUYA (TOKYO REVENGERS),
PELA JUSTICA,T-039.247.862-4
PELADA DE NEY VOLTOU,T-313.263.318-8
PELAS RUAS DA CIDADE,T-325.057.705-6
PELE NA PELE,T-303.385.940-0
PELE NA PELE ELA GOSTA,
PELEJA DOS ELEMENTOS,
PELO MENOS ISSO,T-039.338.338-4
PENACONY,T-327.396.876-2
PENETRADINHA,T-315.996.143-6
PENETRANDO,T-303.761.722-0
PENETRAR NO GRAU,
PENETRAÇÃO,T-304.709.731-0
PENSAMENTO PERMANENTE,T-039.311.335-3
PENSAMENTOS DE TRINCHEIRA,T-316.010.089-6
PENSE E DANCE,T-333.176.560-3
PENSOU QUE EU IA SOFRER,T-302.808.926-7
PENTE ALONGADO,T-317.358.560-5
PENTE ALONGADO (REMIX BREGA FUNK),T-305.711.014-8
PENTECOSTRAP,
PENTÃO DE ROBOCOP 2,T-308.505.769-4
PENTÃO DE ROBOCOP/BANDIDO DE LACOSTE,
PENUMBRA,T-040.011.904-1
PEPEKA CANIBAL,T-305.413.495-7
PEPEKA NO GRAU,T-305.413.498-0
PEPEKA SUBINDO E DESCENDO,T-306.800.397-0
PEPEKA VICIOU,
PEPINAS,T-309.640.409-6
PEPITA,T-040.507.370-2
PEQUENA CANCAO,T-039.167.558-3
PEQUENA CANCAO DE NATAL,T-040.076.555-0
PEQUENO BLUES,
PEQUENO CÉU VERMELHO,T-321.926.577-3
PEQUENOS TEMPLOS,T-317.794.037-9
PEQUI,
PERCEPCIÓN,T-335.201.034-1
PERCEPÇÃO,T-316.303.290-0
PERDEU A POSE DE BANDIDA,T-305.413.502-9
PERDEU BOY,
PERDIDO,
PERDIDOS NO TEMPO,
PERDÃO E GRATIDÃO,
PERFECT COPY: KISE RYOUTA (KUROKO NO,
PERFIL QUE ME ATRAI (REMIX BREGA FUNK),T-315.141.028-1
PERFUME,T-305.215.262-8
PERFUME DE BANDIDO,T-328.576.545-5
PERFUME DE BANDIDO (FEAT. MC MR BIM),T-336.071.850-5
PERFUME DE MALANDRO,T-327.279.669-3
PERFURE OS CÉUS,
PERGUNTAS AO NECROMANTE,T-310.455.808-5
PERIFERIA,T-316.010.101-5
PERIFERIA FRIA,T-040.330.945-4
PERIGO,T-301.572.557-8
PERIGO,T-302.809.006-0
PERIQUITA,T-311.597.278-2
PERMISSAO,T-040.233.904-1
PERSECUTION PERSONALITY,T-335.482.878-3
PERSEU,T-317.733.187-8
PERTENCER E CONQUISTAR,T-322.810.340-6
PERTO DOS FAIXA PRETA,T-331.945.705-7
PESADELO,T-302.808.509-4
PESADELO ANAL,T-330.774.728-6
PESADELO DE UM NIILISTA,
PESCADOR,T-040.147.696-7
PESCADORES DE ALÍVIO,T-310.338.383-7
PESO MORTO,T-932.331.963-7
PESSIMO DIA,T-040.479.379-8
PESTE SEXUAL,T-316.010.088-5
PETER PARKER: VENOM (SPIDER MAN II),
PETROLANDIA BETESPORTE,T-313.263.315-5
PETRONET,T-313.263.311-1
PETRÓLEO MALDITO,T-330.774.851-8
PEÃO / TOSTÃO,T-316.009.979-2
PEÇA E CAMISA DE TIME,T-335.572.131-8
PEÇA PRATA,T-335.572.130-7
PEÇO LICENÇA,T-335.361.863-6
PHONK AUTOMOTIVO TAN TAN TAN,
PHONK HURT,
PHONK MEXICAN 1.0,T-327.279.665-9
PHONK PONENTE EM 4 MEZA QUE MÁS APLAUDA,T-327.279.664-8
PIADA SEM GRAÇA,
PIANINHO,T-039.781.847-1
PIANO ESTELAR 1.0,T-327.279.663-7
PIANO ESTELAR 2.0,
PICASO POR ALBERTI,
PICASSO POR ALBERTI,T-042.534.174-7
PICNIC,T-328.725.692-8
PIJAMA LAND,T-315.799.437-7
PIKE ENVOLVENTE,
PILHA FRACA,T-325.200.651-8
PILOTO DE FUGA,T-040.000.426-3
PILOTO DE FUGA,T-330.716.390-8
PINCELADA,T-306.358.224-7
PINDORAMA PINDAIBA,T-316.009.978-1
PINEAL,T-040.348.481-0
PINGO D'ÁGUA,T-329.283.617-6
PINGO DE GENTE,
PINGOL BET,T-313.796.154-3
PINHAO ROXO,T-039.612.867-8
PIO-PAI,T-040.000.418-3
PIOU,T-931.622.750-6
PIPOCA PIPOCANDO,T-305.413.483-3
PIPOQUEIRO,T-306.792.997-5
PIQUE ALERQUINA,T-306.928.331-0
PIQUE ATLANTA,T-301.718.640-8
PIQUE DA MAIA,T-305.264.842-3
PIQUE DA MATINA,T-309.495.808-0
PIQUE DE CHEF,T-331.945.704-6
"PIQUE DE CHEFE, PT. 2",T-331.945.702-4
PIQUE ESCONDE,T-317.794.036-8
PIQUE NEYMAR,T-307.361.339-1
PIRANHA APAIXONADA,T-309.424.119-3
PIRANHA EDUCADA,T-306.353.643-2
PIRANHA SAFADA,T-306.925.946-3
PIRATA E O PIXADOR,T-335.572.129-4
PIROCADA DE MARGINAL,T-317.350.475-7
POP NA BATIDA,EDSON LUCAS DA SILVA
PIROCADA NERVOSA,T-309.424.125-1
LUKA DA ZO,JOAO LUCAS LUNA DOS SANTOS
PIROCADA VIOLENTA,T-306.353.647-6
PIROCARD,T-305.220.110-8
PIRU CIGANO,T-324.588.519-8
MC BURAGA,FELIPE PALACIO VIANA
PIRULITO NA BOCA,T-305.213.999-4
PISCOU PAGOU ESPORTE DA SORTE,T-313.795.941-8
PISEIRO DA NOBARA - MARTELADA (JUJUTSU,T-334.543.069-1
VITCHBEATS,JHONATAN EMANUEL DA SILVA MARTINS
LAIRTON TECLAS,LAIRTON DOS SANTOS SOUZA
PISEIRO DAS MALDIÇÕES - RODEIO ALÉM DE,T-334.543.067-9
PISEIRO DE DAN DA DAN - RODEIO PARANORMAL,T-334.543.065-7
PISEIRO DO HAKARI - JACKPOT (JUJUTSU,T-334.542.924-1
PISEIRO DO MEGUMI - SOMBRAS (JUJUTSU,T-334.542.921-8
PISEIRO DO SANJI (SANJI),T-334.542.920-7
PISEIRO DO SATORU GOJO (JUJUTSU KAISEN),T-334.542.918-3
PISEIRO DO SUKUNA - MALEVOLENTE (JUJUTSU,T-334.542.916-1
PISEIRO DO TAKABA - BOIADA DO PALHAÇO,T-334.542.913-8
PISEIRO DO TOJI - RODEIO DE BALAS,T-334.542.912-7
PISEIRO DO TOMIOKA - CORRENTEZA DO AMOR,T-334.542.911-6
PISEIRO DO TRIO MONSTRO (ONE PIECE),T-334.542.910-5
PISEIRO DO ZORO (ONE PIECE),T-334.542.908-1
PISEIRO DOS FEITICEIROS JUJUTSU -,T-334.542.784-7
PISEIRO DOS FLUXOS,
PISEIRO DOS HASHIRAS - RODEIO DOS PILARES,T-334.542.783-6
PISEIRO DOS LUAS SUPERIORES - BOTECO,T-334.542.782-5
PISEIRO DOS MUGIWARAS,T-334.542.781-4
PISEIRO DOS SHICHIBUKAIS - LORDES DO MAR,T-334.542.780-3
PITBULL BOLADO,
PITBULL DE RAÇA,
PITITICO DO FORRÓ,T-331.467.133-1
PIZZA DE XERECA,T-306.797.413-0
PJL,T-301.721.435-2
PLACA CLONADA,T-335.572.128-3
PLACAR BETS,T-313.263.307-5
PLANETA PROLETÁRIO,
PLANETA SÁTIRA,T-316.303.288-6
PLANO A,
PLANO B,
PLANO DE AULA,T-321.726.956-8
PLANO FURADO,T-316.010.087-4
PLANO INFALÍVEL,T-327.440.910-4
PLANO NOVO,T-309.423.420-1
PLANTAR,T-309.640.414-3
PLANTÃO,T-311.953.588-1
PLANTÃO,T-313.263.540-2
PLAQUÊ DE 100 - BREGA FUNK REMIX,T-306.800.402-0
"PLAY IT AGAIN, TIO SAM",T-330.774.850-7
PLAYBOSTA,T-330.488.000-6
PLAYBOY,T-040.396.669-7
PLEASANT NIGHTS,T-040.080.478-5
PLOC PLOC,T-305.413.486-6
PLOC PLOC,T-309.424.133-1
PLOK PLOK NA PIRIQUITA,T-307.006.688-1
PLUG RAIZ,T-301.718.644-2
PNC DO MUNDO (EM POSIÇÕES OBSCENAS),T-309.150.049-7
POBRE DA VELHA,
POBRE STAR,T-039.993.289-8
POC POC,
POCALITI,T-301.569.173-9
POCHETE METÁLICA,T-322.628.578-1
POCOTÓ,T-306.794.969-9
PODCAST PRAS MENINAS,T-306.797.422-1
PODE BOTAR COM FORÇA,T-305.623.723-7
PODE BOTAR COM FORÇA [BREGA FUNK],T-306.460.134-5
PODE CHAMAR DE QUINTO ANDAR,T-311.596.063-5
PODE CONFIAR,T-313.263.303-1
PODE CORRER,T-039.955.164-4
PODE DALE,
PODE DESAFIAR,T-313.263.279-8
PODE DIZER,
PODE FALAR,
PODE MACETAR,T-313.855.387-0
PODE MANDAR MATAR,T-301.991.523-8
PODE ME CHAMAR DE MIGUEL,T-327.396.600-6
PODE SER,
PODE SER QUE EU ME ATRASE,T-040.479.385-6
PODE VIM,T-305.214.270-4
PODER DAS FADAS,
PODER DO SOL: JOSEPH & CAESAR (JOJO,
PODEROSA,T-304.309.033-7
POEIRA,T-039.268.869-5
POEIRA,T-306.792.999-7
POEIRA DE ESTRELA,T-302.308.016-8
POEIRA DE ESTRELAS,T-040.149.337-5
POESIA GEEK #3 - MAGIA,
POETAS NO ESGOTO II,
POETAS NO ESGOTO III,
POETAS NO TOPO 3.2 (ENREDO),
POIS É,
POISONED BY IGNORANCE,T-308.121.960-1
POKEMON,T-040.143.708-8
POLAR,
POLARIS,T-039.405.581-2
POLIGLOTA,T-040.347.905-9
POLITICAL TRAP,T-320.126.196-9
POLVA NERVOSA,T-040.261.596-6
POLÍTICOS EM NOME DO POVO,T-316.009.977-0
PONTA DA PISTOLA,
PONTA DO PÉ,T-313.255.716-1
PONTE,
PONTE SINAI,T-040.323.765-9
PONTO DE PARTIDA,T-301.721.217-4
PONTO DE PAZ,T-302.003.849-3
PONTO FINAL,T-039.662.299-3
PONTOS DE PARTIDA,T-040.376.735-0
PONTOS FINAIS,T-039.779.588-8
POP PUNK,
POR DO SOL,T-303.385.445-0
POR ENQUANTO,
POR ISSO MEU SAMBA É DIFERENTE,T-307.416.510-5
POR ISSO NAO TENTE CALAR MEU GRITO,T-039.247.842-0
POR MINHA FAMLÍLIA (SPY X FAMILY),T-334.542.347-0
POR NOSSA PAZ,T-039.497.725-3
POR TODA VIDA,T-321.527.192-0
POR UM INSTANTE,T-322.628.577-0
POR VIR,T-039.497.726-4
PORCO GARRAFA,T-307.418.130-5
POREM,T-313.231.299-9
PORQUE,T-040.140.017-6
PORQUE DEUS AJUDA,T-306.856.899-6
PORQUE EU TE AMO MUITO E HÁ TANTO TEMPO,T-307.416.515-0
PORQUE SUA AMIGA DEU?,T-317.358.511-6
PORQUÊ?,T-316.009.976-9
PORQUÊS,T-328.725.454-6
PORRA,
PORRA LOUCA,T-305.217.848-6
"PORRA NENHUMA, EU VOU SENTAR EM OUTRA ROLA",T-321.375.874-4
PORRADA DE (RUA),T-330.774.725-3
PORROCADA,T-317.214.611-7
PORSCHE,T-313.211.934-3
PORSCHE,T-308.185.866-0
PORSCHE,T-313.413.814-6
PORTA | THIAGO FRITZ,
PORTE DO VILÃO,T-305.263.469-8
PORTEIRA,T-310.336.399-7
PORTOBELO,T-040.347.913-9
POSE DE MALANDRO,T-304.709.733-2
POSE DE MALANDRO,
POSE PRA FOTO,T-040.000.404-7
POSEIDON,T-312.566.829-9
POSSESSED TO THE CIRCLE PIT,
POSSUÍDO PELO CÃO,T-330.774.787-7
POSTA VÍDEO REBOLANDO,
POTE DE OURO,
POTENCY,
POTOKI,T-315.140.352-6
POTÊNCIA,T-315.912.937-6
POUCAS IDEIAS,T-305.264.931-3
POUCO PAPO E MUITA TRANSA,T-307.003.173-7
POVO DO NORDESTE,T-314.150.571-3
POVO FEITO DE IMBECIL,
POWER OF CHANGE,T-320.126.194-7
DAVID GONZALEZ,DAVID JOSE GONZALEZ ESPINOSA
POWER: MIRIO TOGATA (BOKU NO HERO,
POZE MERRY CHRISTMAS RITMADO,T-327.279.662-6
POÇO DA ESCURIDÃO,T-316.009.975-8
JAO,JOAO CARLOS MOLINA ESTEVES
GORDO,JOAO FRANCISCO BENEDAN
BOKA,MAURICIO ALVES FERNANDEZ
JUNINHO,PAULO SERGIO SANGIORGIO JUNIOR
PPK,T-321.150.605-3
PRA ALIVIAR,T-039.247.859-9
PRA ANDAR NA MINHA XJ,
MC CYCLOPE,DOUGLAS MACHADO PESSANHA
PRA CIMA DELES PASSARINHO OU SEMENTE,T-040.312.405-9
EMERSON CALADO,EMERSON DA SILVA FELISMINO
LIRA,JOSE PAES DE LIRA FILHO
RAFA ALMEIDA,RAFAEL LUIZ PIMENTEL DE ALMEIDA
PRA COLOCAR BEM GOSTOZINHO,T-322.528.885-3
DAN BALLA,DANIEL SANTOS DOS ANJOS
PRA COMEÇAR DO JEITO CERTO,
PRA IRRITAR VOCE,T-039.639.693-2
ALEXANDRE NICKEL,ALEXANDRE NICKEL
GIGANTE,GUSTAVO ZUCHOWSKI STROTTMANN
PRA NADA E PRA NINGUEM,T-920.352.264-9
PRA NOIS TE DAR A XERECA,T-308.505.775-2
"PRA NÃO ENGRAVIDAR, BANDIDA DA FAVELINHA",T-315.912.936-5
"PRA NÃO ESQUECER, PT 2",T-313.227.409-6
COELHO,CLAUDIO FERNANDO JONER
PRA ONDE A GENTE DEVE IR,T-040.160.961-7
ERICO,ERICO DA SILVA JUNQUEIRA
PRA QUE BLOQUEAR??,T-308.466.955-2
LEP MUSIC,LEP MUSIC PRODUCOES GRAVACOES E
OVO FRITO,OVO FRITO ENTRETENIMENTO E PRODUCOES
PRA QUEM FAZ UMA CANCAO DE AMOR,T-042.615.632-2
MAX VIANA,MAX FREDERICO DOS SANTOS VIANA
PRA QUEM JÁ QUIS FUGIR PRO MATO,T-040.149.338-6
PRA QUEM PENSA,T-303.384.514-2
NILL,DAVI REZAQUE DE ANDRADE
JOCA,JOAO CAETANO SOARES DA COSTA
MATERIA PRIMA,THIAGO AUGUSTO GOMES RODRIGUES
PRA SEMPRE VOU TE AMAR,T-305.623.728-2
PRA SER,T-305.709.556-0
PRA SUBIR,T-311.953.596-1
PRA TE VER SENTANDO,T-320.096.011-4
MC ZAQUIN,ISAC CESAR DAS GRACAS
MC RODRIGO,RODRIGO MESSIAS DA SILVA
PRA TODO MUNDO OUVIR,T-042.032.255-9
PRA TODOS OS MANOS,T-313.263.277-6
PRA TU LEMBRAR DE MIM,
PRA VIDA INTEIRA,T-305.267.235-8
PRAGA,T-317.818.119-2
PRAIA,
PRAS MINAS DO BUNDAO,T-040.193.709-4
PRATA,T-326.166.911-4
PRATO COMERCIAL,T-040.059.521-2
PRATO VAZIO,T-040.443.036-9
PRAÇA DO PAPA,T-331.406.577-1
PRECE PARA UMA CRIANCA,T-039.412.523-5
PRECEITO,
PRECIPICIO,T-039.862.870-0
PREGOS DE OURO,
PRELIMINAR,T-317.214.632-2
PRELUDIO EM RE M,T-040.076.540-3
PRELUDIO EM SI MAIOR,T-040.076.552-7
PRELUDIO EM SI MENOR,T-040.521.451-8
PRELÚDIO,
PREPARA NOVINHA,
PRESENÇA,T-313.264.313-7
PRESO A LIBERDADE,T-311.596.067-9
PRESTE ATENÇÃO,
PRETINHO TATUADO,T-317.948.844-5
PRETO CADILLAC,
PRETO TATUADO,T-040.453.895-9
PRETO TATUADO,
PRETOS NO TOPO,T-330.191.249-8
PREVILÉGIO DA SUA SENTADA,T-329.192.865-5
PREVISÃO DO TEMPO,T-317.794.035-7
PRIKITO,T-321.150.604-2
PRIMAVERA,T-330.191.323-1
PRIMAVERA,T-040.160.962-8
PRIMEIRA HIGHWAY,
PRIMEIRA PAISAGEM OU FLOR MOLHADA,T-040.312.400-4
PRIMEIRA RODA,T-039.507.329-6
PRIMEIRA VISTA,
PRIMEIRO CAVALEIRO: PESTILÊNCIA,T-327.396.537-6
PRIMEIRO DE CEM,
PRIMEIRO ENCONTRO,T-317.794.034-6
PRIMITIVO ATEMPORAL,T-040.340.339-3
PRINCESA DA FAVELA,T-309.495.775-8
PRINCESA E O FAVELADO,T-311.694.858-0
PRINCESINHA,T-303.761.724-2
PRISAO DE BETHLEM,T-330.191.324-2
PRISÃO DE VIDRO,T-328.439.320-6
PRIVILÉGIO DA SUA SENTADA,T-325.956.029-3
PRO QUE VIER,
PROBLEMA DE NINGUÉM,T-316.009.974-7
PROBLEMAS,T-039.651.724-0
PROBLEMAS,T-308.505.784-3
PROBLEMAS,T-040.275.777-0
PROBLEMATIC SOUL,T-039.948.807-3
PROBLEMI,T-039.815.137-5
PROCURA,T-070.949.170-2
PROCURO VOCÊ,T-307.004.963-3
PROFECIA,T-039.268.870-8
PROFECIA,
PROFISSÃO PERIGO,T-304.006.644-8
PROFISSÃO PERIGO,T-315.912.935-4
PROLE,T-302.808.510-7
PROLOG,T-039.900.036-2
PROM QUEEN,
PROMESSAS DE UM CEIFADOR,
PROMETE QUE NÃO CHORA,
PRONTA PRA AQUECER,T-930.848.075-3
PRONTOS PARA FUNCIONAR,T-039.497.742-4
PROPOSTA,T-313.413.810-2
PROS TALARICO,T-302.418.883-4
PROTAGONISTA,T-302.807.840-8
PROTEÇÃO,T-313.323.745-9
PROTEÇÃO,T-321.926.576-2
PRÍNCIPE DA PUTARIA,T-329.464.979-5
PRÍNCIPE DO FOGO,
PRÓDOMOS,
PS: CALMA,T-039.338.339-5
PSICOCINESE,T-323.310.244-4
PSICOLÓGICO,T-325.441.909-1
PSICOSE,T-312.553.380-0
PSICOTRÓPICOS,T-308.187.735-8
PSIU,T-335.821.334-6
PUFF PUFF PASS,T-301.721.221-0
PULA ATÉ MURO,
PULA EMPURRA,
PULA NA BINGOLA,T-311.604.315-9
PULO DO GATO,T-317.214.630-0
PULSACAO,T-039.497.747-9
PULSO,T-303.853.162-9
PULSÃO DE MORTE,
PULÊRO,
PUNHO FECHADO 2,
PUNIÇÃO DO ARQUEIRO,T-325.441.908-0
PUNKADÃO,T-316.303.286-4
PURE HATE,
PURO VENENO,
PURPLE DREAMS,T-328.725.693-9
PURPLE VOID: SATORU GOJO - JUJUTSU KAISEN,
PUTA,T-039.312.264-9
PUTA QUE PARIU,T-330.774.723-1
PUTARIA 2000,T-315.912.934-3
PUTARIA 2000 RMX,T-316.137.898-5
PUTARIA AVANÇADA,T-305.217.542-1
PUTARIA LOUCA,T-306.466.913-8
PUTARIA NE?,
PUTARIA NO SIGILO,T-303.777.219-9
PUTEIRO,T-322.152.138-2
PUTEIRO DO LV MDP 006,
PÁ BUMBUM,T-327.279.678-4
PÁSSAROS,
PÂNICO GHOSTFACE,
PÉ DE PANO,T-334.149.706-7
PÉ DIREITO,T-317.794.040-4
PÉ NA PORTA,
PÉROLA BRILHANTE,T-306.460.044-4
PÉS NO CHÃO,
PÊNDULO,
PÓLEN,T-335.243.994-8
QG PIX BET,T-315.906.831-8
QG SPORTS,T-313.263.274-3
QG SPORTS COPA DO MUNDO,T-315.906.830-7
QIN SHI HUANG E HADES: O VERDADEIRO REI,T-325.442.039-4
QUADRILHA DE SÁDICOS,T-330.774.849-4
QUADRILHA DO BARCA,T-318.028.202-0
QUADRILHA ESTELIONATÁRIA,T-317.358.559-2
QUAL DAS 3,T-313.318.380-5
QUAL O NOME DO FÃ?,
QUAL SEU NOME?,
QUAL É,T-318.297.789-1
QUAL É O SENTIDO?,
QUALIDADE DE SOM,T-313.263.273-2
QUALQUER MERDA,T-333.176.559-0
QUALQUER PALAVRA,T-040.317.485-5
QUANDO ANOITECE,T-039.167.626-8
QUANDO EU BOTO FICA RECLAMANDO,T-308.112.919-9
QUANDO ME VÊ FAZ CARA FEIA,
QUANDO O CALUNGA DESCE,T-931.621.055-6
QUANDO O CARA TA SOZINHO,T-039.635.007-4
QUANDO O DIA X CHEGAR: SATORU (ERASED),
QUANDO O SONO NAO CHEGAR,
QUANDO OS ORIXÁS DESFILAM SOBRE A,
QUANDO TA NA BRISA,T-308.114.557-1
QUANDO VOCÊ PARTIU,T-334.542.275-1
QUANTO CUSTA,T-311.953.609-9
QUANTO TEMPO,T-307.006.701-1
QUANTO VALE,T-316.137.182-6
QUANTOS COLTRANE...?,
QUANTOS KILOS,T-311.959.095-9
QUARENTENA,T-303.014.904-9
QUARENTENA,T-306.797.427-6
QUARENTENA LOUCA,T-305.264.934-6
QUARTO DAS ARMAS,T-039.405.657-5
QUASE NADA,T-325.200.648-3
QUASE NADA,T-040.279.888-2
QUATRO PRANTOS,T-039.167.269-7
QUATRO VENTOS,
QUE DANI?,T-325.442.031-6
QUE FALEM DE NÓS,
QUE FODA,T-305.220.367-1
QUE FODA FOI ESSA,T-315.912.918-3
QUE LINDA A ALIANÇA DELE,T-315.912.917-2
QUE MENINA PERIGOSA X MALDITA PERIGOSA,
QUE MULHER GOSTOSA,T-311.597.280-6
QUE NEM UM IDIOTA,T-332.487.369-6
QUE SEJA,T-040.437.547-8
QUE SEXY,
QUE SIGAMOS CAMINHANDO,T-040.147.698-9
QUE TAL UM TRUQUE DE MÁGICA,
QUE TIPO DE PRETO,
QUEBRA MENOZADA,T-303.762.931-1
QUEBRADAS,T-316.302.799-0
QUEBRADINHA,T-930.848.074-2
QUEBRADO POR DENTRO,
QUEBROU O JARRO,T-303.761.726-4
"QUEDA DE UM HERÓI: TANJIRO, ASTA, DEKU E",T-325.442.030-5
QUEIJO COALHO,T-303.385.449-4
QUEIMA,
QUEM DIRIA,T-040.000.414-9
QUEM DISSE QUE NÃO DÁ?,T-301.576.319-2
QUEM EU QUERIA SER,T-307.815.071-3
QUEM MANDOU TU SE ENVOLVER,T-308.114.852-5
QUEM NAO AJUDA ATRAPALHA,T-039.954.512-0
QUEM NÃO FODE FUMA,T-311.694.864-8
QUEM NÃO FODI CHUPA,T-306.928.551-0
QUEM PROTEJE,T-316.009.962-3
QUEM SABE,
QUEM SABE UM DIA,T-309.420.148-2
QUEM TA SOLTEIRO VOA,
QUEM TE AMA NÃO É EU,T-307.007.147-1
QUEM TE USOU FUI EU,T-930.848.073-1
QUEM VEM DE LONGE,T-210.151.406-8
QUEM VER CLOSE,T-303.013.990-9
QUEM É ESSA MENINA DE VERMELHO,
QUEM É VOCÊ,T-327.279.661-5
QUEM?,
QUENTE,T-040.140.018-7
QUENTE,T-320.312.400-5
QUENTE,
QUER BCT O DIA INTEIRO,
QUER BOLETE?,T-305.413.489-9
QUER DA UMA SENTADINHA X ALBUM DA COPA,T-327.279.660-4
QUER FUDER NO COROLLA PRETO X TOMA TOMA,
QUER OU NÃO QUER,
QUER SABER,T-313.642.500-4
QUER SUBIR NA MINHA MOTINHA,T-311.597.285-1
QUERIA QUE AGORA O TEMPO PARASSE,T-310.169.008-4
QUERIA VOCÊ AQUI,T-301.718.609-9
QUERIDA CHEGUEI,T-308.114.854-7
QUERIDINHA DA MAMÃE,T-305.217.183-8
QUERIDO ANJO,
QUERIDO BILLY: MAX MAYFIELD (STRANGER,
QUERIDO DEMÔNIO,T-328.439.314-8
QUERIDO DEUS,
QUERO COMER SEU PANCREAS: HARUKI,
QUERO JATADA DE LEITE NA CARA,T-306.856.399-1
QUERO MAIS,T-303.014.015-5
QUERO QUEM ME AME,T-306.803.048-4
QUERO TE PROVAR,T-304.311.951-9
QUERO UM AMOR,T-308.466.956-3
QUERUBIM,T-932.801.708-9
QUESTÃO DE TEMPO,T-313.404.342-4
QUICANDO NA BANANA,T-305.413.493-5
QUICANO,T-308.465.141-8
QUIMERA,T-303.016.265-9
QUINTA FEIRA,T-039.828.192-9
QUINTA FRAGMENTADA,T-316.183.075-3
QUINTO RODEIO (GEAR 5TH),T-334.542.779-0
QUIXABINHA,T-039.243.732-9
QUIXERAMOBIM,T-039.167.555-0
QUÉ TESTA,
"QUÍRON, O CURADOR FERIDO",
R.I.P. HOP,T-304.311.953-1
R.V,T-313.264.989-5
RADAMANTHYS DE WYVERN: ESTRELA DA FÚRIA,T-327.396.613-1
RADIO DUCHER #1,T-040.152.603-1
RADIO DUCHER #2,T-317.950.017-1
RADIO DUCHER #4,T-040.152.641-7
RADIO DUCHER #6,T-317.950.013-7
RADIO DUCHER #7,T-317.949.964-6
RADIO DUCHER #8,T-317.949.960-2
RADIO DUCHER #9,T-040.152.642-8
RAFAEL NEGUINHO,T-313.263.230-1
RAINHA,T-306.793.002-9
RAINHA DA PISTA,T-040.453.905-4
RAINHA DO BUNDÃO,T-305.413.496-8
RAINHA DO CABARÉ,T-306.856.840-7
RAINHA DO CABARÉ,
RAINHA DO JACINTINHO (AI MEU DEUS),T-330.191.275-0
RAINHA DO TIKTOK,T-306.358.229-2
RAIO DA INVASAO,T-040.165.610-7
RAIO SOLAR,T-330.191.253-4
RAJADA,T-302.345.645-9
RAJADA NA PEPEKA,T-307.003.175-9
RAJADÃO,T-306.926.960-5
"RAJADÃO PRO ALTO, FOGOS ESTOURANDO",T-324.579.075-0
RAMALHETE,
MENESTREL,YAN VINICIUS ALVES DOS SANTOS
RAMBALAC,T-301.577.032-4
RAMON O MELHOR DO CEARÁ,T-313.263.229-8
RAP ADEUS ACE,T-327.329.981-9
RAP ADEUS CAVALEIROS DE OURO,T-327.329.979-5
RAP ADEUS RENGOKU,T-327.329.978-4
RAP ASTA E NOELLE: AQUI ROLA MAGIA,T-327.329.633-2
RAP DA ALOY: HORIZON FORBIDDEN WEST,T-327.329.977-3
RAP DA CHARMY: FOME,T-325.442.029-2
RAP DA DAKI E GYUTARO: LAÇOS,T-325.442.027-0
RAP DA INVASAO,T-040.166.262-1
RAP DA MEREOLEONA: LEOA EM BRASA,T-325.442.026-9
RAP DA NERO E LUMIERE: DESPEDIDA,
RAP DA NIGHT RAID: PELA SUA MEMÓRIA,T-325.442.024-7
RAP DA NOBARA: INSANAMENTE LOUCA,T-325.441.907-9
RAP DA NOELLE SILVA: DAMA COM VESTES DE,T-327.329.632-1
RAP DA SHINOBU KOCHO: MINHA IRA,T-325.442.023-6
RAP DA TOGA: SEDENTA POR SANGUE,T-327.329.968-2
RAP DA TURMA 1-A,
RAP DA VANESSA ENOTECA: DESTINO,
RAP DAS MALDIÇÕES,T-325.442.022-5
RAP DE ASTA PARA YAMI: ALUNO E MESTRE,T-327.329.966-0
RAP DE DEUS (YHWH) - O SENHOR DOS,T-327.396.527-4
HENRIQUE MENDONCA,HENRIQUE MENDONCA DA SILVEIRA
RAP DE ELIAS - SÓ O SENHOR É DEUS,T-327.396.525-2
RAP DE JÓ (ATÉ O DIA QUE EU MORRER),T-327.396.875-1
RAP DE MASSAGEM,
ANDRADE LEMES,ANDRADE LEMES ASSESSORIA LTDA
LUIZ GABRIEL LOPES,LUIZ GABRIEL FERREIRA LOPES
RAP DE NOÉ - A GRANDE INUNDAÇÃO,T-327.396.874-0
RAP DE PLACA,T-313.642.498-7
DO MC,CARLOS EDUARDO GALVAO
DJ SLEEP,LUIS RODOLFO ALCANTARA
SKEETER,LUIZ RICARDO SANTOS
RAP DE SANSÃO: O HOMEM MAIS FORTE DO MUNDO,T-327.396.873-9
RAP DE YHWH (DEUS) - O CRIADOR,T-327.396.872-8
RAP DEKU E URARAKA: ME FAZ FLUTUAR,T-325.442.017-8
"RAP DO ADÃO, SASAKI E JACK: RAGNAROK",T-327.329.964-8
RAP DO AIOLOS DE SAGITÁRIO: FLECHA DA,T-327.329.672-9
RAP DO AKAZA: VENDO MEU CORAÇÃO,T-325.442.016-7
RAP DO ALBAFICA DE PEIXES: ELO CARMESIM,T-325.442.015-6
RAP DO ALONE: O DESPERTAR DE HADES,T-327.329.962-6
RAP DO ARIMA (ME DEIXE TOCAR),
RAP DO ASTA PT. 2: AINDA MAIS ESFORÇO E,T-325.442.013-4
"RAP DO ASTA, DEKU E NAOFUMI: REJEIÇÃO E",T-325.442.014-5
"RAP DO ASTA, MIDORIYA E ROCK LEE:",T-327.329.665-0
"RAP DO ASTA, YUNO E NOELLE: NOSSA MAGIA É",
RAP DO ASTA: AINDA NÃO,
RAP DO AYANOKOJI: TIPO MANIPULADOR,
RAP DO BAKUGOU: ME DESCULPA MIDORIYA,T-327.329.629-6
RAP DO BAM (VIOLE): TRAÍDO POR QUEM MAIS,T-327.329.671-8
RAP DO BELL CRANEL: A VIDA É MAIS QUE UM,
RAP DO BOJJI: SONHO IMPOSSÍVEL,T-327.329.959-1
RAP DO CHROLLO LUCILFER: A CABEÇA DA,
RAP DO DABI: LAGRIMAS DE FOGO,T-325.442.012-3
RAP DO DEKU DARK: VIGILANTE,T-325.442.010-1
RAP DO DESMOND DOSS - ATÉ O ÚLTIMO HOMEM,T-327.396.871-7
RAP DO DOUMA: O CLIMA TA FRIO,T-325.441.906-8
RAP DO DRAKEN: TIPO DRAGÃO,T-325.442.009-8
RAP DO EREN: HERÓI E VILÃO,T-325.442.008-7
RAP DO FINN: JUNTOS NOVAMENTE,T-327.396.870-6
RAP DO FINRAL: EU MUDEI,T-327.329.670-7
RAP DO GIYU TOMIOKA: TORMENTA,T-327.329.957-9
RAP DO HAN DAEWI: EM SUA MEMÓRIA,T-327.329.955-7
RAP DO HASGARD DE TOURO: LAÇOS ALÉM DO,T-327.329.628-5
RAP DO HENRY LENGOLANT: SOLIDÃO,T-327.329.627-4
RAP DO HINATA SHOYO: ASAS DE CORVO,
RAP DO HYOGA DE CISNE: CORAÇÃO CONGELADO,T-327.329.669-4
RAP DO INOSUKE: A HISTÓRIA DA FERA,T-327.329.664-9
RAP DO INVENCÍVEL - ACIMA DAS NUVENS,T-327.396.869-3
RAP DO INVENCÍVEL: ME SINTO INVENCÍVEL,T-327.329.954-6
RAP DO JIN MORI: REI MACACO,T-327.329.663-8
RAP DO JIRAIYA: ADEUS JIRAIYA,T-325.442.007-6
"RAP DO JULIUS, GILGAMESH E SUKUNA: EU",T-327.329.952-4
RAP DO JULIUS: TIPO REI MAGO,T-327.329.626-3
"RAP DO JUUGO, BIPOLAR",T-325.816.117-6
RAP DO KAKASHI: CANINOS BRANCOS,T-327.329.950-2
RAP DO KANON DE GÊMEOS: MARCAS DO MEU,
RAP DO KOKUSHIBO E YORIICHI: SOL E LUA,T-325.442.006-5
RAP DO KURAPIKA: PRESO A PRÓPRIA DOR,T-327.329.662-7
RAP DO LAW: CIRURGIÃO DA MORTE (NERD HITS),T-324.057.563-3
RAP DO LIEBE: TIRARAM TUDO QUE ERA MEU,T-327.329.943-3
RAP DO LUCK VOLTIA: SORRINDO FEITO LOUCO,T-327.329.661-6
RAP DO MANIGOLD DE CÂNCER: DÊ VALOR A VIDA,T-327.329.675-2
RAP DO MEGUMI FUSHIGURO: DEZ SOMBRAS,T-325.442.005-4
RAP DO MIDORIYA (HERDEIRO DO ONE FOR ALL),
RAP DO MIDORIYA: HERÓI SEM CAPA,
RAP DO MIKEY - SANO: O INVENCÍVEL MIKEY,T-327.329.674-1
RAP DO MILES MORALES: SPIDER MAN,T-327.329.942-2
RAP DO MIRIO E MIDORIYA: DIGNOS DO ONE,
RAP DO MU DE ARIES: ENTRE O CORAÇÃO E O,T-325.442.004-3
RAP DO MUICHIRO TOKITO: NÉVOA,T-327.329.940-0
RAP DO NACHT FAUST: NECROMANTE,T-325.442.003-2
RAP DO NARUTO - O SÉTIMO HOKAGE,
RAP DO OBANAI E MITSURI: ORGULHO DE,
RAP DO OBITO (PLANO DA LUA),
RAP DO RENGOKU: TREM INFINITO,T-327.329.938-6
RAP DO SAGA DE GÊMEOS: PECADO E PERDÃO,T-327.329.937-5
"RAP DO SAGA, SHURA E CAMUS: LAGRIMAS DE",T-327.329.660-5
RAP DO SANEMI SHINAZUGAWA: VENDAVAL,
JAMES SAYED,JAMERSON MONTEIRO DA COSTA
RAP DO SANJI: APENAS UM TRAGO (NERD HITS),T-321.926.575-1
RODRIGO ZIN,RODRIGO VALIM
RAP DO SANS: MEGALOVANIA FLOW,
RAP DO SASUKE - NÃO VAI TER PERDÃO,
RAP DO SATORU GOJO: OLHOS AZUIS,T-325.442.002-1
"RAP DO SEIYA, TENMA E KOUGA: MILAGRE",T-327.329.936-4
"RAP DO SHAKA, ASMITA E SHUN: CAVALEIROS",T-327.329.668-3
RAP DO SHIGARAKI: HERDEIRO DO ALL FOR ONE,T-327.329.935-3
RAP DO SHINRA (HERDEIRO DAS CHAMAS),
"RAP DO SUKUNA, LIEBE E ICHIGO: NÃO ME",T-327.329.934-2
RAP DO SUKUNA: REI DAS MALDIÇÕES,T-325.442.001-0
RAP DO SUNG JIN WOO E CHAI HAE IN: DUO,T-325.442.000-9
RAP DO SUNG JIN WOO: TIPO MONARCA,T-327.329.933-1
RAP DO TAKEMICHI: PELO SEU FUTURO,T-327.329.932-0
"RAP DO TANJIRO, ZENITSU E INOSUKE: NOITE",T-325.441.911-5
AKASHI CRUZ,CHRIGOR XAVIER CRUZ
RAP DO TANJIRO: FILHO DO SOL (NERD HITS),T-321.926.574-0
RAP DO TENGEN UZUI: EXTRAVAGANTE,T-325.441.910-4
RAP DO TERCEIRO CAVALEIRO - A FOME DE DEUS,T-327.396.868-2
RAP DO YORIICHI: NASCER DO SOL,T-325.441.853-2
RAP DO YUNO: ESCOLHIDO PELA MAGIA,T-327.329.667-2
RAP DO YUTA OKKOTSU: O FEITICEIRO E A,T-325.441.852-1
RAP DO ZABUZA: O DEMÔNIO DA NÉVOA OCULTA,T-321.926.573-9
RAP DOS APÓSTOLOS - ESCOLHIDOS,T-327.396.866-0
RAP DOS CAVALEIROS DE OURO: ELITE DE,T-327.329.931-9
RAP DOS CAVALEIROS DE OURO: ZODÍACO,T-325.441.851-0
RAP DOS GENERAIS MARINAS: ELITE DE,T-327.329.666-1
RAP DOS GUERREIROS DEUSES: ELITE DE ASGARD,T-327.329.673-0
RAP DOS HASHIRAS,
RAP DOS JINCHUURIKIS: MONSTER,T-327.329.659-2
RAP DOS TOUROS NEGROS: ESPECIAL 200K,T-327.329.930-8
RAP LAICO,
RAP MELIODAS E ELIZABETH: MALDIÇÃO,
RAP MODO DE ATAQUE,
RAP NARUTO E HIMAWARI: ENTRE PAI E FILHA,T-325.460.965-5
RAP YAMI E CHARLOTTE: SOMOS DIFERENTES,
RAPARIGA COM DIPLOMA,T-321.801.083-0
RAPARIGAS EM DUBAI,T-307.003.750-8
RAPAZ DO INTERIOR,T-039.946.947-6
RAPCRIME,T-335.572.126-1
RAPIDAS REFLEXOES SOBRE A FAMA,T-307.118.519-4
RAPPERS,T-040.484.382-8
RASTEIRA,T-301.569.300-8
RATARIA POPULAR BRASILEIRA,T-313.413.807-7
RATATATAH,T-301.721.440-9
RATO DE FAVELA,T-317.358.553-6
RATO DO CRIME PERFEITO,T-317.358.551-4
RATOS DE RECIFE,T-313.404.251-2
RATS,T-040.285.618-1
RATÃO COBIÇADO,T-317.358.557-0
RATÃO DO MAL,
RATÃO MALVADÃO,
RAVE BAILE,T-314.300.269-7
RAVE CAIPIRINHA HOJE É SEXTA FEIRA BEBÊ,
RAVE EU NÃO COMO PORCARIA (ORIGINAL),T-327.279.659-1
RAVE O SACODE VAI COMEÇAR,
RAYMOND,T-039.405.660-0
RAÍZES NO QUINTAL,T-039.948.070-6
RE:ZERO,T-321.926.564-8
REAL BET,T-315.906.829-4
REAL MALOQUEIRO,
REALIDADE,T-335.482.968-4
REALIDADES DE GUERRA,
REALITY,T-316.010.043-2
REALITY SHOCK,
REAÇÃO,
REBELDE VIRTUAL,T-040.522.252-7
REBELDIA,
REBOLA GOSTOSO NO PAI,T-303.852.777-0
REBOLA NO PAREDÃO,T-311.694.868-2
REBOLA PRO PAI,T-304.248.224-2
REBOLA PROS 157,T-308.114.855-8
REBOLAR GOSTOSO,T-309.495.788-3
REBUILD AGAIN,T-320.126.192-5
RECADO PROS ALEMÃO,T-315.912.911-6
RECADOS,T-329.639.410-6
RECALCADA INVEJOSA,T-305.415.200-6
RECALCADO,T-040.143.710-2
RECAÍDA,T-322.528.884-2
RECEBI MEU SALÁRIO VOU PRO PUTEIRO,T-327.396.825-1
RECEITA PARA FAZER INIMIGOS,T-310.455.809-6
RECIFES AMAZÔNICOS,
RECOMECAR,T-039.311.437-8
RECOMEÇAR,T-308.840.890-2
RECOMEÇAR,T-316.010.042-1
RECOMEÇAR,
RECONHECIMENTO,T-321.926.572-8
RECRIANDO O UNIVERSO,
RED LIGHT SPARKLE,T-306.925.947-4
REDBULL,T-310.248.864-8
REDENÇÃO,T-040.522.251-6
REDENÇÃO,T-307.297.665-5
REDENÇÃO,T-324.288.291-9
REDENÇÃO,T-325.460.534-6
REDUTO DE MALANDRO,T-319.234.062-4
REDUZIDO A PO,
REDUZINDO A PO,
REF,
REF DA REF,T-331.406.589-5
REFERÊNCIAS,T-321.926.566-0
REFLEXO,T-040.348.480-9
REFLEXO,
REFLEXO NO CABELO,T-311.694.872-8
REFLEXOES NORDESTINA,
REFLEXOES NORDESTINAS,T-040.479.241-1
REFLEXOS DO CREPÚSCULO,
REFLEXOS NOTURNOS - PUNPUN,
REFLEXÃO,T-310.338.389-3
REFORMA,T-040.275.778-1
REFRIGERANTE,
REFUGEES,T-312.553.399-1
REFUSE 2 SINK,T-320.126.190-3
REGGAE BOM,T-332.852.352-6
REGISTRO,T-039.476.318-8
REGRA DE OURO,
REGULUS DE LEÃO: OLHAR DO LEÃO,
REI DAS ALMAS,
REI DAVI - INABALÁVEL,T-327.396.862-6
REI DO CABARÉ,
REI DO HORROR,
REI DO MORRO,T-327.279.674-0
REI DOS PESADELOS,
REI DOS REIS (GILGAMESH),
REI DOS SONHOS: MORPHEUS (SANDMAN),
REI GELADO,T-321.926.565-9
REIGAN,T-322.010.788-6
REIS SEM COROA (KUROKO NO BASKET),
RELACAO,T-040.396.706-5
RELICS,
RELIGARE,T-040.150.640-8
RELÂMPAGO AMARELO,T-325.460.527-7
REMENDOS,
REMEXEULARGOU,
REMIX BREGA FUNK BOTA FUZIL PRA CANTA,T-305.710.149-8
RENGOKU E TANJIRO: HERDEIRO DA CHAMA,T-325.461.667-2
REPAREI NA PEÇA,T-306.930.945-7
REPAREI NA PEÇA,T-306.930.944-6
REPAREI NA PEÇA (REMIX BREGA FUNK),T-305.706.071-2
REPAREI NA PEÇA - REMIX,T-305.619.143-2
REPARTINDO,T-040.018.343-8
REPITO,T-039.544.558-5
REPLAY,
REPLAY,T-325.460.789-7
REPLAY REMIX BREGA FUNK,
REPRESENTAR O QUINTO ANDAR,T-311.596.072-6
REPRISE,T-313.263.227-6
RESENTMENT,T-040.285.619-2
RESILIÊNCIA,T-040.285.620-5
RESISTANCE,T-320.126.189-0
RESISTE,T-040.448.237-6
RESPECT EXISTENCE OR EXPECT RESISTANCE,T-308.121.959-8
RESPEITA,T-313.263.225-4
RESPEITA,
RESPEITO É BOM E CONSERVA OS DENTES,
RESPONSABILIDADE,T-313.263.221-0
RESPOSTA A SANGUE E FOGO,
RESPOSTA PRA BANDA SEDUTORA,T-306.797.410-7
RESPOSTA PRO GUERY,T-306.797.418-5
RESPOSTA PRO IDIOTA,T-306.798.365-3
RESPOSTA PROS CALCA CAGADA,T-040.000.400-3
RESPOSTAS NO CÉU,T-329.155.422-4
RESTLESS,
RESUMO,
RESUMO DO ROLÊ,T-324.185.007-3
RETOMADA,
RETORNO DO RATO,
RETRATO,
RETREATED,T-040.106.216-5
REUNIÃO DOS SÉRIOS,
REVERSE,
REVITALIZAR,T-040.341.277-0
REVIVER,T-039.497.746-8
REVOADA,T-306.358.236-1
REVOADA DE BANDIDO,T-308.466.215-3
"REVOADA, CAMISA DO FLAMENGO",T-317.999.388-1
REVOLTA,T-303.015.321-6
REVOLUCAO,T-039.544.546-1
REVOLUCIONARIO,T-305.213.609-7
REVOLUÇÃO,T-329.283.615-4
REXSPACE,T-040.106.199-1
REYNA: A IMPERATRIZ,T-325.816.112-1
RHODES INTRO,T-301.577.040-4
RICARDINHO DEBOCHADO,T-313.795.940-7
RICK & MORTY,
RICO DO CABARE,T-040.165.609-4
RIGIDEZ CADAVÉRICA,T-330.774.847-2
RIMARIA,
RIO BABILÔNIA,T-311.596.075-9
RIO DE JANEIRO MOXOTÓ,
RIO RENO,T-039.167.526-5
RIOS FLUTUANTES,T-304.714.549-9
RISCO EMINENTE,
RITMADA NÃO SE APEGA,
RITMADA R&B,T-324.579.267-6
RITMADINHA DE MARIDO,T-325.580.312-0
RITMADO LETAL,
RITMO DO CAOS,T-329.434.389-4
RITMO ENCAIXA,T-303.014.111-4
RITUAL,T-040.150.641-9
ROBBY: SEM FRAQUEZA,T-325.460.782-0
ROCKET,
ROCKSTAR,T-039.544.547-2
ROCKSTAR,T-328.312.366-6
RODA GIGANTE,T-322.010.787-5
RODA PUNK,T-039.247.871-5
ROENDO O OSSO,
ROLA PRETA,T-321.150.603-1
ROLA PRETA RMX,
ROLETA RUSSA,
ROLÊ DE CHEFE,T-301.721.229-8
ROLÊ DE SKATE,T-305.218.734-1
ROLÊ NO MORRO,
ROMANO DOS RAUL,
ROMPOMPOM,T-304.153.757-5
RONALDINHO GAUCHO,
RONIN,T-305.619.019-9
ROOM | TRAFALGAR D. LAW,T-333.878.963-8
ROPE (CENA M 5),T-039.826.372-3
ROSA,T-039.167.643-9
ROSA DA MONTANHA,T-040.035.484-8
ROSA DE SANGUE,T-318.951.192-6
ROSARIO,T-306.926.962-7
ROSEBUD,T-040.106.217-6
ROSÉ,T-328.725.453-5
ROT IN HELL,T-335.482.877-2
ROTAS DE UM VIAJANTE,
ROTINA,T-316.009.961-2
ROUBE O RICO,T-316.010.041-0
ROUND 3,T-304.311.955-3
ROY MUSTANG,T-321.926.563-7
ROYAL BETES,T-313.263.218-5
ROÇA NO AK TROVÃO,T-335.550.072-6
RR NOSSO AMOR,T-315.912.910-5
RUBENS,T-301.569.516-2
RUBI GRENA (INSTRUMENTAL),T-039.168.251-1
RUPTURAS INTERNAS,
RÁDIO COMUNITÁRIA PRA INFORMAR,T-316.009.960-1
RÁDIO NACIONAL,
RÉSTIA,T-327.329.651-4
S-S-STYLE,T-317.793.942-9
S.A ESPORTE,T-313.263.214-1
SABE QUE É GOSTOSA,T-305.266.245-6
SABERES DO PROFETA,T-040.166.884-5
SABOR DE JACK,T-311.573.127-2
SABOR NA VIDA,T-334.541.263-3
SABRINA,T-306.925.948-5
SACANAGEM,T-040.453.892-6
SACANAGEM,T-308.114.858-1
SACODE GOSTOSINHO,
SACRIFÍCIO,
SAD,T-311.956.119-8
"SAD BUT TRUES, YOUR FUCKING SCUM",T-320.126.188-9
SAD TAMBORZÃO BEAT TIK TOK,T-327.533.197-6
SADOMASOQUISMO,T-330.774.846-1
SADOMASOQUISTA,T-316.137.282-9
SADOMASOQUISTA,T-317.998.743-6
SAFADONA,T-305.413.499-1
SAFADOZA,T-318.190.973-5
SAFRA OURO,
SAGA DOS CARNEIROS,T-040.347.909-3
SAGA E KANON: MEUS PECADOS,T-325.460.778-4
SAGACIDADE,T-309.246.249-8
SAI DA VIDA LOUCA,T-329.192.864-4
SAI FORA PE FRIO,T-334.541.261-1
SAI NA MARRA,T-040.140.012-1
SAIU O SOL,T-039.635.008-5
SAIU O SOL,T-305.221.058-5
VHOOR,VICTOR HUGO DE OLIVEIRA RODRIGUES
SAKAMOTO TARO: APOSENTADO E PERIGOSO,
SAKAYANAGI ARISU: GÊNIO DA VERDADE,
SAKAYANAGI ARISU: GÊNIO DE VERDADE,
SAKURA,T-301.577.045-9
SALADA MISTA,T-040.317.981-6
SALMO,T-301.721.451-2
SALMO 151,T-322.731.024-5
IGOR BIDI,IGOR DUBOIS DA FONSECA
MK,MURILO BELLARD DE ABREU
SALMO PERDIDO,
SINTESE,GESTERIO DIAS CHAVES NETO
SALSA ARDENTE,T-301.574.808-6
CARLINHOS DE JESUS,CARLOS AUGUSTO DA SILVA CAETANO DE
BOB JOHNSON,EVALDO RUI TAVARES SANTOS
SALTO PARA AS NUVENS,T-325.193.799-8
LULA CORTES,LUIZ AUGUSTO MARTINS CORTES
SALUTARIS,T-040.234.210-2
RODRIGO BRANDAO,RODRIGO CASULA GOMES BRANDAO
SALUTE THE SUN,
ELSON NASCIMENTO,ELSON CARLOS ARAUJO DO NASCIMENTO
SALVE,T-040.396.795-2
SALVE,
SALVE,T-316.303.285-3
SALVE O POLVO DO NORDESTE,T-310.250.045-4
SALVE O POVO DO NORDESTE,
SAMBA 333,T-302.241.862-4
SAMBA BOM,T-301.574.798-1
SAMBA CHORO,T-039.167.638-2
SAMBA CORAÇÃO,T-932.738.610-7
SAMBA DA CRIAÇÃO,T-317.839.733-2
SAMBA DA LUA,T-040.443.037-0
SAMBA MATUTO,T-303.385.454-1
SAMBA PEQUENO,T-039.829.755-6
SAMBADIDO,
SAMBATANGO,T-308.114.096-3
SAMPA,
SAMPA PLUS,T-307.590.893-5
SAMSUNG YOUNG,T-310.338.382-6
SAMU DIDN'T SHOW UP,T-317.794.022-2
SAMURAI,T-300.960.761-4
SAN PABLO,T-310.338.478-3
SAN-SAN,T-302.003.061-5
SANDINA OU MEIO MEIA QUATRO,T-040.423.097-2
SANDS OF TIME,T-040.080.481-0
SANEMI E KANAE: ATRAVÉS DO VENTO,
SANFONINHA,
SANGUE DE VERDADE,T-039.425.495-5
SANTA FE,T-306.926.950-3
SANTA LUZIA F.C,T-313.263.211-8
SANTA SEIVA,T-316.329.257-3
SANTA TERESA EM NOSTALGIA,T-310.455.810-9
SANTO GRAAL: KIRITSUGU & SABER (FATE ZERO),
SANTO VELHO,T-304.714.159-9
SARGAÇOS,T-327.329.980-8
SARRA BEM GOSTOSO,T-329.192.863-3
SARRA COM A TCHECA,T-308.505.789-8
SARRA EM MIM,T-305.217.774-5
SARRA NA 38,
SARRA NA GLOCK DO PAI,
SARRA NA PEÇA DE BANDIDO,T-305.413.501-8
SARRA NO FUZIL,
SARRA NO MENOR,
SARRA NO PENTÃO,T-324.826.992-9
"SARRA SARRA, METE METE",T-329.894.987-4
SARRADINHA,T-040.000.397-5
SASUKE UCHIHA,T-329.434.387-2
SASUKE: PELO MEU IRMÃO,T-325.441.912-6
SATANICO PANDEMONIUM,
SATISFACIONES,
SATISFAÇÃO,T-302.730.937-7
SATORU GOJO (PODER INFINITO),T-327.396.861-5
SATORU GOJO: EU FUI LIBERTO,
SATWA,
SATÉLITE,T-313.414.228-8
SAUDACAO AO LUIZ GONZAGA,T-039.991.738-4
SAUDADE,T-306.509.964-7
SAUDADE,T-039.751.632-3
SAUDADE,
SAUDADE,T-305.264.938-0
SAUDADE CORTADEIRA,
SAUDADE DE TI,
SAUDADE DO CARAI,
SAUDADE DO QUE NÃO VIVI,
SAUDADE PRA CURAR,T-334.149.705-6
SAUDADE VENENO,
SAUDADE É UMA COISA TÃO LINDA,T-310.169.010-8
SAUDADES,T-303.761.730-0
SAUDADES DA MESBLA,
SAUDADES DELA,T-302.810.998-6
SAUDADES DO BADEN,T-040.076.565-2
SAUDAÇÃO XANGÔ,T-305.220.129-9
SAUDOSA MALOKA,T-335.723.438-5
SAYANGKU SELAMANYA,T-327.279.673-9
SAÍDA,T-317.206.871-8
SCHOOL ROOFTOP FUNK,T-329.434.386-1
SCHOOL ROOFTOP FUNK 2,T-329.434.384-9
SCORCHA,T-317.794.021-1
SE,T-306.925.949-6
SE A CHUVA NÃO PASSAR,T-307.418.136-1
SE A POLÍCIA NÃO PEGAR,T-317.214.627-5
SE ACHA ESPERTA,T-304.153.759-7
SE AMARRAR,
SE APAIXONOU,T-307.417.113-0
SE CONCENTRA,T-305.413.504-1
SE CONCENTRA EMPINA A BUNDA,T-315.996.142-5
SE COPIAR VIRA MODA,T-040.193.800-8
SE EMBELEZOU,T-311.694.877-3
SE ENCONTRAR,
SE ENVOLVEU,T-311.597.906-7
SE ESCUTE,
SE EU FALAR POSSO MORRER,T-316.009.959-8
SE EU FOSSE PRESO TODA VEZ,T-308.466.216-4
SE EU FOSSE PRESO TODA VEZ,
JEAN CARLOS. MC,JEAN CARLOS ALVES CAIXETA
"SE EU NÃO COMER, OUTRO COME",T-321.330.689-5
MC LUIGGI,LUIGGI RAFAEL DOS SANTOS OLIVEIRA
SE EU PUDESSE,T-040.147.699-0
SE EU QUISER,T-304.312.383-3
JHEO CHAVOSO,JHEOVANNE DAVID DA SILVA DIAS
SE EU TE PERDER (THE LAS T OF US 2),T-327.396.523-0
SE EXPLODIR NAO E PECADO,T-039.247.849-7
SE FIZER DIREITINHO/ VAI SEU DESGRAÇADO,
SE FOI,T-039.497.697-6
SE FOR FALAR,T-040.247.474-1
SE FOR PRA TUDO DAR ERRADO,T-039.941.558-7
TOLENTO,PEDRO HENRIQUE OSORIO RIBEIRO RAMOS
SE FUDEU,T-322.010.786-4
SE FUDEU,
SE JOGA,T-931.480.187-1
SE JOGA NO CLIMA,T-305.414.653-7
SE MANCA,T-040.136.004-0
SE MANDAR TU SUBIR TU SOBE,T-308.505.752-5
SE PREPARA,
SE REVELA,T-305.217.343-6
SE SOLTA,T-302.808.927-8
SE TU PEDIR EU VOU TE DAR,T-315.912.909-2
SE TU QUER VEM BUSCAR,T-323.105.006-5
SE TUA FILHA É DE MAIOR,
SE VOCE FICAR,T-039.828.195-2
SE VOCÊ CANSAR,
SE VOCÊ NÃO VEM,T-329.639.362-5
SE VOCÊ VALE O QUE TEM,
SEBASTIANA,
SECONDS,T-040.106.192-4
SECRETS,
SEDE,T-313.795.741-2
SEDE DE PODER,
SEDE DE SANGUE - DENJI,T-333.891.170-5
SEE YOU LATER,T-039.826.377-8
SEGREDO,T-039.611.383-9
SEGUE MEU SOM,T-302.134.565-9
SEGUINDO EM FRENTE,T-328.931.063-6
SEGUNDA DOSE,T-306.076.025-6
SEGUNDA VIA,T-039.145.405-9
SEGUNDA-FEIRA,T-039.781.848-2
SEGUNDA-FEIRA,T-313.315.110-3
SEGUNDA-FEIRA,T-316.010.040-9
SEGUNDA-FEIRA 2020,T-306.926.952-5
SEGUNDO AS PESQUISAS ELA VAI TREMENDO,
SEGUNDO CAVALEIRO (GUERRA),T-327.396.860-4
SEGURA,T-039.741.120-9
SEGURA A EMOÇÃO,
SEGURO DEMAIS,T-040.522.250-5
SEI DE MIM,T-932.056.288-7
LUIZA POSSI,LUIZA POSSI GADELHA
SEI QUE TU TA NA INTENCAO,
MC 7 BELO,VINICIUS GUILHERME SANTOS MOURA
SEIS CORDAS,T-040.483.278-5
NONATO LUIZ,RAIMUNDO NONATO DE OLIVEIRA
ST MUSIC,ST MUSIC INTERNATIONAL INC
TIAGO ARARIPE,TIAGO FIGUEIREDO DE ALENCAR ARARIPE
SEIYA E SAORI: CAVALEIRO DA DEUSA,
SEJA BEM VINDA A GAIOLA,T-304.715.416-1
SEJA BRABA,T-315.996.138-9
SEJA FADA,T-306.466.875-9
SEJA LUZ,T-316.303.283-1
SEJA O QUE SATA QUISER,T-040.479.380-1
SELASSI HI,T-300.959.824-3
SELENA GOMEZ,
SELEÇÃO TRIVELABETS,T-313.263.199-9
SELINHO TIPO HEBE,T-307.004.750-2
SELO DO BREGA,T-040.165.608-3
SELVAGEM,T-304.714.892-1
SEM AMOR,T-335.550.071-5
SEM ARREPENDIMENTOS,
SEM BONÉ,T-932.264.306-1
SEM BOTAR O DENTE,
SEM CAPA 2,
SEM CERIMÔNIA,T-304.311.956-4
SEM CHAO,T-039.497.712-8
SEM CHÃO,
SEM COMPROMISSO,T-306.798.369-7
SEM CORTESIA,
"SEM DEUSES, SEM MESTRES (OU A IDÉIA DE",T-040.344.094-7
SEM FILTRO,T-335.572.263-9
SEM FLOW,T-303.490.541-0
SEM GARANTIA E COM DEFEITO,T-039.954.513-1
SEM K.O,T-335.572.125-0
SEM LOVE,
SEM MEDO,T-316.329.245-9
SEM MIX NEM MASTER,T-313.414.226-6
SEM PALAVRAS,
SEM PANO,
SEM PANO,T-311.692.890-2
SEM PAPO DE ROMANCE,T-308.465.111-2
SEM PARENTESCO,
SEM PROBLEMA,T-319.876.077-5
SEM QUERER,T-321.926.364-2
SEM SEGREDOS,T-334.149.704-5
SEM SENTIMENTO,
SEM SENTIMENTO,T-323.105.005-4
SEM SENTIMENTO DE AMOR,T-316.216.516-0
SEM SENTIMENTO X ELA CAPRICHA NA SENTADA,T-305.264.919-7
SEM SINAL,T-335.572.124-9
SEM SONO,T-931.652.330-5
SEM TEMA,T-333.176.539-6
SEM TER PRA ONDE IR,
SEM VACILAR,T-039.304.104-7
SEM VOLTA,T-331.024.734-4
SEMEN CHURCHES,
SEMENTE,
SEMENTINHA DO MAL,T-311.599.371-6
SEMENTINHA DO MAL (INSTRUMENTAL),T-315.975.227-5
SEMPRE,T-039.497.713-9
SEMPRE,T-039.971.452-3
SEMPRE QUE OLHAR O CÉU (DEMON SLAYER),T-329.155.421-3
SEMPRE SEREMOS CULPADOS,T-310.555.837-6
SEMPRE SONHEI,T-301.989.530-4
SEMPRE VERAO,T-039.961.476-6
SENA MEGA PRÊMIOS,T-313.795.939-4
SEND MORE COPS,
SENGOKU,T-321.926.363-1
SENGOKU (REMIX),T-330.716.389-5
SENHOR DAS MOSCAS,
SENTA COM CARINHO,T-331.945.689-4
SENTA COM FORÇA,T-311.597.908-9
SENTA COM RAIVA 2,
SENTA E KIKA,T-306.793.000-7
SENTA E REBOLA,T-304.715.432-1
SENTA E TRAVA,T-305.220.993-1
SENTA EM MIM XERECÃO,
SENTA FADA,T-325.639.793-6
SENTA FALANDO MEU NOME,T-305.264.346-2
SENTA FORTE,T-308.505.758-1
SENTA GOSTOSIN,T-308.505.666-8
SENTA GOSTOSINHO,T-305.413.507-4
SENTA MALVADA,T-302.808.928-9
SENTA MALVADA,T-304.709.736-5
SENTA MALVADA 2,T-302.809.007-1
SENTA NA GLOCK,T-302.810.999-7
SENTA NA GUITARRA,T-304.153.760-0
SENTA NA MORAL,T-313.255.703-6
SENTA NA PICA DOS CRIA,T-304.246.530-1
SENTA NA POK KIKA NO VUK,T-315.912.905-8
SENTA NA TUA PIKA,T-308.506.907-0
SENTA NIM MIM XERECÃO,T-315.912.904-7
SENTA NO FUZIL,T-305.267.261-0
SENTA NO PARAFAL,T-329.192.862-2
SENTA NO TALENTO,T-304.715.435-4
SENTA PARA OS 3,
SENTA POR CIMA,T-303.384.159-3
SENTA PORRA,T-308.505.674-8
SENTA PORRA VAI CARALHO REMIX BREGA FUNK,T-307.201.229-0
SENTA PRA BANDIDO,T-305.264.922-2
SENTA PRA BANDIDO,T-305.413.509-6
SENTADA COM RAIVA,T-306.802.964-7
SENTADA COM RAIVA,
SENTADA COM RAIVA (REMIX BREGA FUNK),T-305.706.075-6
SENTADA INFALÍVEL,T-304.153.761-1
SENTADINHA,T-306.792.989-5
SENTADINHA,T-308.506.890-8
SENTADÃO,T-303.014.916-3
SENTADÃO,T-304.715.440-1
SENTADÃO,T-325.955.974-1
SENTANDO DEVAGAR,T-302.809.008-2
SENTANDO GOSTOSINHO,T-317.207.946-4
SENTANDO PROS FAVELA,T-305.213.924-5
SENTANDO SEM AMOR,T-308.505.648-6
SENTANDO SORRINDO,T-304.715.421-8
SENTE A POTÊNCIA,T-311.573.184-1
SENTE ENTRANDO QUENTE,T-304.153.763-3
SENTE ESSA MALÍCIA,T-305.414.663-9
SENTE O MACETE,T-311.597.911-4
SENTEI NA PICA DO MEU EX,T-304.709.739-8
SENTIR,T-315.134.311-8
SENTIR ODIO E NADA MAIS,T-039.593.539-3
SENTO COM AMOR,T-317.214.621-9
SENTO FIRME,T-315.912.903-6
SENTO NO TALENTO,T-305.214.004-8
SENTOU E GOSTOU,T-303.761.734-4
SEPAREI DE VEZ,T-306.856.450-7
SEQUENCIA DE EMBRAZAMENTO,T-325.962.085-0
SEQUENCIA DE TREPA TREPA,
SEQUENCIA DO VAPO NO COMPLEXO,T-334.888.822-8
SEQUENCIA DO VAPO VAPO,
SEQUENCIA NA PEPECA,T-333.248.529-3
SEQUÊNCIA,T-308.506.892-0
SEQUÊNCIA DE BOTADA,T-302.811.002-9
SEQUÊNCIA DE BOTADA,T-305.413.514-3
SEQUÊNCIA DE BOTADÃO,T-313.263.197-7
SEQUÊNCIA DE QUADRADINHO,T-305.415.420-6
SEQUÊNCIA DE TAPA NA CARA,T-303.015.335-2
SEQUÊNCIA DE VUCK,T-305.214.009-3
SEQUÊNCIA DO BOTA,T-930.847.135-4
SEQUÊNCIA DO VAPO,T-305.415.385-0
SEQUÊNCIA NA MALUCONA,T-306.925.950-9
SER,T-040.396.914-1
SERA VIVER,T-039.497.714-0
SEREI O NÚMERO UM: BAKUGOU (BOKU NO HERO),
SEREIA,T-316.183.205-5
SEREIA,T-324.241.294-4
SERENA,T-039.168.256-6
SERENA,T-306.466.162-3
SERENATA,T-040.076.561-8
SERENATA [SÉRIE BRASILEIRA Nº1],T-306.856.427-8
SERIA EU SE NAO FOSSE VOCE,T-040.147.700-6
SERIO,T-040.010.901-4
SERPENTE,T-303.016.317-4
SERPENTES,
SERRA VERDE,T-039.590.241-6
SERTÃO HAZER,
SERVIU DE APRENDIZADO,T-327.440.909-1
SESSAO DA TARDE,T-039.405.881-1
SET 2.0 DJ STEIN,
SET CARNAVRAU,
SET DA ONDA 1.0,T-333.411.733-4
SET DJ LEO LG,T-324.743.223-7
SET DJ LG DO SF- OS ENVOLVIDOS,
SET DJ MARCUS VINICIUS,
SET DJ STEIN 1.0,
SET DJ WS DA IGREJINHA,
SET OS ENVOLVIDOS DJ LG DO SF,
SETE MARES,
SETE MINUTOS,T-040.396.893-3
SETE PALMOS,T-302.003.912-3
SETE QUEDAS,T-040.448.335-7
SETEMBRO,T-039.279.162-6
SETEMBRO,T-301.576.985-0
SETÚBAL,T-306.794.347-5
SEU CANALHA,T-313.277.722-7
SEU EDSON,T-313.264.304-6
SEU EX TÁ NERVOSO DEMAIS,T-303.854.589-6
SEU GOSTOSO,
SEU MARRENTO,T-334.888.821-7
SEU PERFUME,
SEU SOL,
SEUS DIAS,T-305.220.116-4
SEUS IDEAIS,T-039.544.555-2
SEXO DEPOIS DA BRIGA,T-313.263.195-5
SEXO HOT,T-313.263.536-6
SEXO NO CARRO,T-311.692.892-4
SEXO VIOLENTO,T-308.114.859-2
SEXTA FOI UM DIA MAIS FELIZ QUE QUINTA,T-040.160.964-0
SEXTAPE,T-315.864.870-1
SEXTO SENTIDO,T-039.311.527-9
SEXUAL PLAGUE,T-316.010.086-3
SEÇÃO DE PIROCADA,T-306.930.933-3
SHADOW: PROJETO SHADOW,T-331.711.226-4
SHAKA: TESOURO DO CÉU,T-325.461.658-1
SHANGRI-LA,T-301.576.992-9
SHAOLIN DISCILPLES '97,T-317.839.381-8
SHARE TO MULTIPLY,T-327.661.055-6
SHEIK BETS,T-313.263.193-3
SHERLOCK,
"SHIBUYA, PARTE. 2",T-325.460.770-6
SHIGARAKI: A MARCA DO KARMA,T-325.816.110-9
FLASH BEATS,MATHEUS SALES FERREIRA DOS SANTOS
SHIGARAKI: A SEMENTE DO MAL,T-325.816.109-6
SHINJI IKARI,T-321.926.362-0
SHION DE ÁRIES: GRANDE MESTRE,
SHOW DE BOLA,T-313.263.190-0
SHOW DE MARIONETES,
"SHOW DO DEPECHE MODE EM BAGÉ, GINÁSIO",T-313.413.985-4
SHOW MY LOVE,T-326.766.163-8
SHUB-NIGGURATH,
SIDARTA,T-315.799.436-6
SIDE BY SIDE,T-320.126.187-8
SIDERAL,
SIDERAL OU QUEM AMA NAO VE FIM,T-040.312.408-2
SIGA O COELHO BRANCO,T-317.623.052-3
SIGHTSEEING,T-039.497.770-8
SIGILINHO,
SIGO EM PAZ,T-302.807.842-0
SIGO OUVINDO,
SIGO SIENDO CALLEJERO,T-312.564.860-0
SILENCIO,T-039.758.509-9
SILENCIO,T-300.977.082-1
SILENCIO DA QUEDA,T-039.311.528-0
SILENCIO EM RUAS SUJAS DE SANGUE,
"SILENCIO, SEGREDO",T-040.396.892-2
SILVESTRE,T-313.263.187-5
SIM ISSO É SÓ UMA FOTO AQUECIMENTO FUNK,
SIMPLES ASSIM,T-039.997.077-4
SIMPLES VERDADE,
SIMPLESINHA PRO GUI MARQUES,T-322.797.624-7
SIMPLESMENTE ACONTECEU,T-039.551.280-7
SIMPLESMENTE LUMBRIGA,T-313.254.687-9
SIMULACRO,T-310.455.899-4
SINAIS,T-039.662.232-4
SINAIS: ISHIDA (KOE NO KATACHI),
SINAL DE FUMAÇA,T-336.152.297-2
SINALIZADOR,T-305.415.386-1
SINCERIDADE,T-306.798.373-3
SINCRONIA PERFEITA,
SINFONIA DA MISÉRIA,T-316.009.958-7
SINFONIA DO INFERNO,
SINFONIA EM RE,
SINFONIA N. 5,T-306.459.651-2
SINFONIA N5,
SINO ANTI FORMATURA,
SINOPSE DE UM TRAGO,T-306.802.807-5
SINTETIZADO,
SINTO MUITO,T-325.460.763-7
SINTO MUITO BLUES,T-039.781.849-3
"SINTO MUITO, CAPÍTULO 3: EU TO PRONTA PRA",T-315.685.658-1
SINTO NO SEU OLHAR,T-039.311.529-1
SINTOMA,
SINTONIZANDO DUCHER,T-040.059.523-4
SIRENE,T-330.191.261-4
SISTEMA DE PROTESTO,T-039.593.537-1
SJK,T-321.527.191-9
SKATE INFERNO,T-330.774.714-0
SKIP SKIP BEAT,
SKITTLES,
SKRR TIME,T-301.721.237-8
SKUNK JAZZ,T-306.460.040-0
SKUNK PAPELITO,T-306.460.053-5
SKYS,T-305.414.501-2
SLOW DOWN,T-039.947.955-0
SMOKER,T-329.434.381-6
SNIPER DA BET,T-313.796.153-2
SNIPERS,T-317.794.019-7
SO AGRADECE,T-040.521.508-8
SO ELE E DEUS,T-308.466.958-5
SO MALOTE,T-040.000.402-5
SO NA FRESCURINHA,T-040.143.713-5
SO OLD TO FALL IN LOVE,T-039.948.071-7
SO OS QUE NAO PENSAM TEM A CONSCIENCIA,T-039.247.860-2
SO QUER PEGAR LADRAO,T-040.000.408-1
SO VOCE,T-039.310.698-3
SO VOCE CONSEGUE VER,T-042.679.737-6
SO VOCE NENEM,T-308.466.957-4
SO YOU DON T THINK TWICE,T-039.948.072-8
SO'UL DOPE,T-317.794.017-5
SOB INFLUENCIA DO TESTE VOIGHT-KAMPFF,
"SOB MARTE, A VIDA",T-039.325.373-0
SOB O SIGNO DO INSANO,T-040.048.319-3
SOBE REMEXE,T-306.794.445-6
SOBER,T-320.126.178-7
SOBRE A ESTRADA,T-039.739.527-5
SOBRE AS FOLHAS,T-039.269.250-0
SOBRE DINOSSAUROS E SAQUEADORES,T-040.226.901-5
SOBRE ESTAR VIVO,T-039.948.073-9
SOBRE NOS DOIS,T-039.829.759-0
SOBRE O BOM SENSO,
SOBRE O MORRÃO,T-322.528.883-1
SOBRE PONTE,T-328.439.247-4
SOCA COM FORÇA,T-311.600.013-2
SOCA DEVAGAR,T-306.802.965-8
SOCA DEVAGAR,
SOCA ESSE CASETE,
SOCA FIRME,T-303.385.757-3
SOCA FORTE,T-306.799.988-2
SOCA SEM PARAR,T-303.014.650-6
SOCA SEM PARAR,
SOCA SOCA,T-301.721.402-3
SOCA SOCA,
SOCA SOCA,T-306.928.553-2
SOCA SOCA NO RABETÃO,T-306.926.954-7
SOCA TUDO,T-304.312.386-6
SOCA TUDO,T-306.856.393-5
SOCA TUDO,T-306.925.951-0
SOCADA BRUTA,
SOCADINHA,T-306.460.142-5
SOCADONA,T-305.217.548-7
SOCADONA,
SOCADÃO,T-305.415.387-2
SOCADÃO,T-306.926.956-9
SOCADÃO DE MARGINAL,T-315.996.137-8
SOCANDO CHEIO DE MALDADE,T-322.163.485-7
SOCANDO SEM MEDO,
SOCANDO TUDO,T-306.928.556-5
SOCIEDADE ALTERNATIVA,T-039.247.855-5
SOCIEDADE DE CONSUMO,T-329.283.613-2
SOCO NA BRISA,T-305.997.478-2
SOCO SOCO BATE BATE,
SOFOMANIA,
SOFRENDO EM CASAL,T-335.047.632-9
SOFRIMENTO REAL,T-316.010.100-4
SOFTLY AS A BUTTERFLY,T-040.023.897-2
SOL,
SOL DE VERÃO,
SOL DOURADO,T-306.460.061-5
SOL NA MIRA,T-316.009.957-6
"SOL, EU E VOCÊ",T-335.572.122-7
SOLARIS,T-301.576.997-4
SOLDADO PERIGOSO,T-308.118.466-5
SOLEIL,T-930.846.086-8
SOLID GROUND,T-040.106.218-7
SOLIDO,
SOLITUDE VEM COLOCANDO - REMIX,T-324.472.067-6
SOLO DA APPLE,T-040.143.711-3
SOLODETODOMUNDOJUNTO,
SOLTA MINHA BLUSA,T-319.234.047-5
SOLTA NO MUNDAO,T-040.261.629-8
SOLTEIRO ATÉ MORRER,
SOLTEIRO NO BREGA,T-304.709.744-5
SOM DE CARRILHOES,T-039.167.650-8
SOM DO BABABÁ,T-306.798.377-7
SOMBRA DO MAR,
SOMETIMES,T-039.948.074-0
SOMETIMES,
SOMETIMES YOU WIN SOMETIMES YOU LOSE,T-039.948.075-1
SOMOK,T-302.003.070-6
SOMOS A LUZ,T-932.925.806-2
SOMOS TODOS CULPADOS,
SOMOS TODOS UM,T-329.452.018-2
SOMOS VÍTIMAS,T-316.010.039-6
SONAMBULO,
SONG FOR DILLA,
SONHADOR,T-306.799.373-7
SONHAR,T-328.740.339-4
SONHAR II,T-328.740.341-8
SONHEI CONTIGO ESSA NOITE,T-302.809.009-3
SONHEI QUE TAVA BOTANDO NELA,T-305.415.388-3
SONHO,T-039.218.960-4
SONHO,
SONHO COLORIDO,T-039.544.559-6
SONHO DE CONSUMO,T-321.327.430-3
SONHO DOIDO,T-040.165.607-2
SONHO DOS BANDIDOS 2,T-329.464.978-4
SONHO LÚCIDO,T-310.338.480-7
SONHOS,
SONINHO,T-039.338.045-4
SONO,T-039.941.559-8
SONOTWS TYPE BEAT,T-331.864.534-6
SOPAPO,
SOPHIA,T-039.781.850-6
SOPRO DE VIDA,T-040.275.664-2
SOPRO DO DRAGÃO,T-039.948.076-2
SORRIA E ACENE,
SORRIR,
SORRISO DE DEUS,
SORRISO NU,T-040.140.010-9
SORTE ESPORTIVA A MELHOR DO BRASIL,T-313.795.938-3
SORTE ESPORTIVA A MELHOR DO BRASIL 2,T-313.795.937-2
SORTE FÁCIL NOSSO AMOR,T-313.263.177-3
SORTE OU AZAR,T-328.600.669-3
SORVETES SORV-FRIOS,T-315.906.828-3
SOTAQUIN DO RIO,T-327.396.492-0
SOU BOLEIRO,T-306.798.380-2
SOU CABOFOLIA,
SOU CANIBAL,T-306.928.561-2
SOU COMO EU QUISER,T-303.387.695-4
SOU DA FAVELA,T-307.003.177-1
SOU EU,T-042.615.532-9
SOU FAVELA,T-329.651.842-4
SOU O MESMO F.D.P.,T-330.774.785-5
SOU PIRANHA,T-313.235.188-9
SOU UM CARA CARETA,T-315.912.902-5
SOUL DE DESABAFAR,T-304.311.958-6
SOUL EATER,T-321.926.361-9
SOULMATES BEYOND THE FLESH,
SPACE JAZZ,
SPACE TIME,
SPACEMAN,T-313.263.171-7
SPARKS,
SPEEDLORD 5: TRANSFORMAÇÕES,T-325.461.581-7
SPELL IT OUT,T-317.794.015-3
SPIRITUAL,T-317.794.013-1
SPOONTALK,T-040.448.238-7
SPORTSHOWPIX,T-315.906.827-2
SPORTSHOWPIX CONCORRÊNCIA,T-315.906.819-2
SPRAY DE PIMENTA,T-330.191.257-8
SPREAD LOVE,
STAGNANT,T-310.248.246-8
STARDUST CRUSADERS (TIME JOJO),
STARKIDS,
START O BAILE,
STATUS VERSACE,T-335.572.121-6
STILL STRONG,T-320.126.176-5
STNF,T-306.799.455-8
STRANGE DISORDER,T-039.948.808-4
STRATEGIC CUT ON EDUCATION,
STREET CORNER MUGGING,T-316.010.085-2
STREET OF RAGE,T-320.126.175-4
SUA AMIGA VOU SARRAR,T-303.779.610-0
SUA CANÇÃO,T-039.781.851-7
SUA FORCA E MINHA FORCA,T-039.968.916-7
SUA JANELA,T-039.167.625-7
SUA LUZ,
SUA MALVADA,T-306.460.145-8
SUA VEZ,
SUAVE,T-301.564.448-7
SUB-ZERO VS. SCORPION: FOGO E GELO,T-325.460.758-0
SUBLIME,
SUBMUNDO 2121,
SUBSOLO,
SUBVERSAO,T-040.011.905-2
SUCCUBUS,T-325.461.574-8
SUCESSO,
SUCK MY DICK,T-330.774.770-8
SUCO DE GANGORRA,
SUGAR,T-039.948.077-3
SUGAR & SPICE,T-317.793.941-8
SUICIDIO AO CONTRARIO,T-039.954.514-2
SUITE SUPER LUXO,T-040.140.221-8
SUJÃO,
"SUKUNA, REI DAS MALDIÇÕES",T-325.460.751-3
SUKUNA: MEU DOMÍNIO,T-325.461.567-9
SUMMER HOUSE,
SUMMERTIME,T-317.793.940-7
SUMÉRIO,
SUN DANCE,T-040.080.474-1
SUNDAE,T-040.396.891-1
SUNDAY BLOODY MORNING,T-330.774.713-9
SUNDAY SERVICE,T-317.793.938-3
SUNDOWN 30,T-310.665.844-6
"SUNG JIN WOO: ERGA-SE, PT. 2",
SUNLIGHT YELLOW OVERDRIVE,T-325.460.733-1
SUNSET,T-040.080.476-3
SUPER HIT,T-302.000.170-7
SUPER NOVA,T-039.497.773-1
SUPER OXE GANG,T-301.718.615-7
SUPER SAIYAJIN LENDÁRIO,
SUPERBOWL,
SUPERBOY VS ANJO DA MORTE,T-039.325.374-1
SUPERFICIE,
SUPORTE ORBITAL,T-324.606.146-7
SURDO SOLITARIO,T-301.574.825-7
SURDO SOLLITARIO,
SURFAR NO HYPE,
SURRA DE BANDIDO,T-315.912.901-4
SURRA DE BUNDA,T-305.213.605-3
SURRA DE BUNDA 2,T-309.424.127-3
SURRA DE PANCADA,T-306.925.954-3
SURRA DE PICA,
SURRA DE PICA,T-335.201.115-1
SURREALISMO ESPLÊNDIDO,
SUSPIRO,
SUSSURROS DO CORAÇÃO,T-334.541.739-8
SUTIL,
SUTIL 2,
SWAN SONG,T-039.947.956-1
SYMPHONY OF MADNESS,
SYNEDOCHE LINHAS PÍFIAS,T-307.588.095-0
SYNTHWAVE LOFI,T-301.577.004-0
SÃO FATOS DE GUERRA QUE FAZEMOS SEM SABER,
SÃO PAULO,
SÃO TEMPOS DIFÍCEIS PARA SONHADORES,T-303.852.720-3
SÍMBOLO DA PAZ,
SÍMBOLO DO MEDO!,
SÍNDROME DO PÂNICO,T-300.976.841-2
SÍSIFO DE SAGITÁRIO: FARDO DO DEVER,T-331.711.222-0
SÓ,T-039.632.969-3
SÓ A INVEJA,T-324.606.154-7
SÓ AGRADEÇO,T-316.137.354-8
SÓ APERTAR,T-323.310.243-3
SÓ BASTA DAR UM SINAL,
SÓ BOTADA,T-303.014.911-8
SÓ BOTADA,T-313.255.698-6
SÓ BOTADÃO,T-303.766.119-7
SÓ CARGA,T-308.505.651-1
SÓ COLOCADÃO,T-306.460.139-0
SÓ DE QUEBRADINHA,
SÓ DÁ PRA BANDIDO,T-317.733.188-9
SÓ ELA ME ENTENDE,
SÓ FECHA QUEM É,T-313.263.184-2
SÓ FECHA QUEM É PT.2,T-313.263.181-9
SÓ FODE,T-305.415.389-4
SÓ FODE QUEM PODE,T-313.255.766-1
SÓ MALVADEZA,T-315.996.136-7
SÓ ME DAR UM SINAL,
SÓ NEUROSE (INTERLÚDIO),T-307.297.645-1
SÓ NÃO PODE SE APEGAR,T-303.766.130-2
SÓ O QUE EU SEI,T-321.527.190-8
SÓ PENSANDO EM VOCÊ,
SÓ PRA BROTAR NA REVOADA,T-335.550.070-4
SÓ PRA CRIMINOSO,
SÓ QUEM TA FELIZ COSPLAY,T-327.279.672-8
SÓ QUER FALAR,T-302.810.728-6
SÓ QUER RAUL,
SÓ QUERO SER EU,
SÓ QUERO TE COMER,T-303.761.738-8
SÓ QUERO VOCÊ,T-305.214.329-6
SÓ RABADA,T-300.957.934-0
SÓ SOCADINHA,T-317.358.508-1
SÓ TE AVISADO,T-305.621.590-4
SÓ TEM MERDA NA TV,T-330.774.841-6
SÓ VOCÊ ME TRAZ,T-313.414.221-1
SÓ VOCÊ SABE O QUE PASSEI,T-327.396.521-8
SÓRDIDA AGENDA SECRETA,T-310.455.902-2
T.Q.R,T-321.150.597-0
T.W.S.,
T3RROR,T-312.553.431-4
TA AFOBADA,T-304.153.764-4
TA AMARRADO,T-325.532.506-1
TA BROTANDO NO PLANTÃO PRA TIRAR FOTO,T-311.597.288-4
TA CARENTE VEM,
TA CARENTE VEM QUE NOIS TE EMPURRA,T-322.597.189-7
TA DEMAIS,T-039.285.651-7
TA NO BARRACO DE MARGINAL,
TA PA BUM BUM PA,T-327.279.668-2
TA REBELDE,T-040.193.712-9
TA SABOTADA,T-304.715.424-1
TACA A PIROCA NA SARGACIDADE,
TACA A VARA,T-306.926.958-1
TACA BUCETA PIRANHA,
TACA COM RAIVA,T-305.264.924-4
TACA ESSA BUCETA,T-306.794.453-6
TACA PIROCA,T-305.264.926-6
TACA TACA NEW BEAT AUTOMOTIVO 2023,T-327.279.667-1
TACA TCHECA,
TACA VARA,T-317.358.546-7
TACO TACO,
TAKAMOKU,T-302.003.077-3
TAKE CONTROL,T-320.126.173-2
TAKE DE CINEMA,T-328.725.452-4
TAKE THE RING,T-317.793.936-1
TAKEDOWN,T-320.126.172-1
TAKI 183,T-312.554.421-6
TAKUYA,T-306.794.352-2
TALARICA,
TALARICA,T-321.150.602-0
TALARICA,T-333.881.776-4
TALARICA 2,T-312.549.679-5
TALARICA SAFADA,T-311.692.913-2
TALENTO PRA ASSASSINAR,
TALIBAN ELEITORAL,T-330.774.840-5
TALKING AND THINKING ABOUT THE WEATHER,
TALVEZ,T-039.758.808-7
TALVEZ,T-040.081.810-1
TALVEZ EU MORRA ESSA NOITE,T-302.811.007-4
TAMANHO DA PEÇA,T-311.600.273-0
TAMARA,T-040.076.551-6
TAMBORZÃO DE SÃO JOÃO,
TAMBÉM SOU POSITIVO,
TAMO JUNTO,
TAMO NA MERDA,T-932.331.964-8
TAN TAN TAN X MANDELÃO BEAT,
TANGO,T-311.692.920-1
TANGO BRASILEIRO,T-040.076.553-8
TANGO NOVO,
"TANJIRO (KIMETSU NO YAIBA) - ""A LUZ",T-328.957.907-9
TANJIRO E ITADORI: SEM VOCÊ,
TANJIRO E KANAO: POUCAS PALAVRAS E MUITA,T-325.460.728-4
TANJIRO E NEZUKO: EU VOU TE SALVAR,
TANJIRO KAMADO,T-329.434.380-5
"TANJIRO, ZENITSU E INOSUKE, CAÇADORES DE",T-325.460.724-0
TANTO FAZ,
TAO A SERIO,T-039.768.313-4
TAP TAP CHALLENGE,T-327.279.658-0
TAPA NA CARA,T-305.415.391-8
TAPA NA CARA,
"TAPA NA CARA, TAPA NA BUNDA",T-306.794.455-8
TAPA NO GRELINHO,
TAPÃO COM CARINHO,
TAPÃO DE 10,
TAPÃO ESPETACULAR,
TAPÃO FORTE,T-326.632.966-8
TAPÃO FORTE,
TAPÃO NERVOSO,T-304.306.417-7
TAPÃO NERVOSO 2,T-304.312.381-1
TAPÃO NERVOSO 3,T-308.637.212-1
TAPÃO NO POTE,T-306.794.977-9
TARADA,T-311.590.480-4
TARADONA,T-324.472.064-3
TARADONA (FEAT. LAURA SETTE),
TARARA REMIX,T-300.966.918-1
TARDE CHUVOSA,
TARDE LONDRINA,T-040.347.900-4
TATOO MANIAC,T-316.010.099-8
TATOO MANIAX,T-316.010.084-1
TATOOINE,T-039.828.194-1
TATU,T-932.738.150-0
TATUAGEM,
TBT,T-302.248.731-2
TBT,T-305.214.012-8
TBT DA SACANAGEM,
TBT NA MINHA CAMA,T-308.465.117-8
TBT NA SENTADA,
TCHAN NAN NAN NAN NAN,
TCHECA,T-321.150.601-9
TCHECA DE BABALU,T-308.505.766-1
TCHECA RMX,T-330.191.274-9
TCHECK TCHE TCHE VS MINIGAME BEAT,
TCHEKA NO PENTE,
TCHÊ TCHÊ APOSTADOR,T-313.263.614-3
TE ALCANÇAR,
TE AMAR DEIXA TUDO MAIS BONITO,T-313.316.757-0
TE AMO,
TE AMO BEBÊ,T-303.762.936-6
TE DEIXO CRAZY,
TE DOMINOU,T-040.330.785-6
TE EMPURRAR,T-305.214.252-2
TE MACETA,
TE PROMETO,T-313.277.717-0
TE QUERO,T-305.218.717-0
TE USO E JOGO FORA,T-323.104.997-7
TE VER FELIZ,T-301.721.244-7
TE VI DE CANTO,T-322.628.576-9
TE VI NO BAILE,
TEACHER PRA CARAI,T-040.000.409-2
TECLA SAP,T-039.288.222-2
TELA,
TELEBOBALIZAÇÃO,
TEM COISA QUE ESCOLHE A GENTE,T-315.907.452-5
TEM FREVO NA LATADA,
TEM NADA NAO,T-040.303.145-7
TEM PIRU PRA TODAS,T-329.031.098-0
TEM PIRU PRA TODAS,T-330.716.388-4
TEM QUE BATER,T-310.351.566-4
TEM QUE BATER DE NOVO,T-306.928.540-7
TEMA,T-931.213.828-6
A MACACO,A MACACO INDUSTRIA CRIATIVA EIRELI
ALTAFONTE BRASIL,BOA MUSICA BRASIL DIREITOS MUSICAIS
MARINA SENA,MARINA DE OLIVEIRA SENA
MARINA SENA EDICOES,MARINA SENA EDICOES MUSICAIS LTDA
COYOTE BEATZ,PAULO ALEXANDRE ALMEIDA SANTOS
TEMA ERIKA SILENT (CENA M3),T-039.826.370-1
COELHO,RODRIGO MIRANDA COELHO
TEMA ERIKA YELLOW (CENA M2),T-039.826.369-8
TEMAKI,T-317.793.934-9
TEMIDOS PELOS BANDIDOS,
TEMPESTADE,T-039.269.011-7
TEMPESTADE,
TEMPESTADE (SOLUCAO SUICIDA),T-039.311.532-6
TEMPESTADE EM JÚPITER,
TEMPO,T-039.406.064-0
TEMPO,T-323.976.460-0
TEMPO ESPAÇO,
TEMPO FRIO,T-305.415.392-9
TEMPO NOVO,
TEMPORAL,T-307.003.180-6
TEMPOS DE CAOS,
TEMPOS DE DESERTOS,T-040.275.823-9
TENTA A SORTE,T-328.725.828-6
TENTAR DE NOVO,T-039.894.142-8
TENTAÇÃO,T-322.163.164-3
TENTE DE NOVO,T-308.508.977-2
TENTEI EVITAR,T-321.443.772-2
TENTO ESCAPAR,T-335.572.094-0
TEQUILA GRINGA,
TER BANDA É UM SACO,T-325.200.644-9
TEREZA,T-315.685.657-0
TERMINEI O NAMORO,T-306.929.058-6
TERRA,T-800.221.715-5
TERRA DEU TERRA COME,T-040.048.324-0
TERRA DO NUNCA,T-316.183.203-3
TERRA LIVRE,T-309.423.426-7
TERRA SECA NAO,
TERRAS SE MOVERAM,T-316.009.956-5
"TERREIROS, IGREJAS E LARES",T-932.504.114-3
TERREMOTO,T-307.297.647-3
TERROR DAS INVEJOSAS,T-040.408.778-0
TERROR DOMÉSTICO,T-330.774.839-2
TERROR NENHUM,T-303.115.523-0
TERRORISTA,T-932.265.309-8
TERRÁQUEOS,T-040.275.780-5
TESAO DOIDO,T-040.165.606-1
TESOUROS & RECOMPENSAS,
TEST DRIVE,T-325.962.336-0
TESTAMENTO,T-039.632.970-6
TESTEMUNHA CRIAÇÃO,T-316.303.270-6
TESÃO,
TESÃO CABULOSO,T-329.173.803-5
TETO DE VIDRO,T-321.537.364-7
TEU SEGREDO,T-303.014.148-7
TEUS OLHOS,T-305.271.546-1
THE ANGEL OF ICE (HITSUGAYA),T-327.329.926-2
THE BOYS: FALSOS HERÓIS,T-325.460.720-6
THE COST,
THE CRAWLING CHAOS,
THE DOOR,
THE EVIL ORDER,T-335.482.876-1
THE FOLLY OF RIGHTEOUSNESS,
THE GAME OF LIFE,T-317.793.932-7
THE GIRL WHO LIVES IN INDIA,T-039.948.078-4
THE GIRLS,
THE JAM,T-317.793.928-1
THE LAST SWELL (CENA M 10),T-039.826.375-6
THE LATERAL,
THE PARABLE OF PAUL TADPOLE,T-040.106.193-5
THE PLAGUE NEVER DIES,
THE PLAGUE RETURNS,T-308.121.958-7
THE RESSURECTION,
THE SAVIOR,T-317.793.927-0
THE SHADOW OF DEATH,
THE TRAIN,T-040.106.197-9
THE TRAIN,T-301.721.203-8
THE UNDERDOG,T-320.126.171-0
THERE ARE NO OTHER LIVES,T-316.010.083-0
THIAGO E VACILAO,T-040.143.707-7
THIRD WORLD KIDS,
THNX SEE Y'ALL SOON,T-327.396.608-4
THRASH MANIACS,
THUCKA DO ONLYFANS,T-321.980.604-5
THUTHUKA,T-306.799.460-5
TIBET,T-315.799.433-3
TICUQUEIRO,
TIDAL WAVE,T-039.946.948-7
TIK TOK,T-304.715.444-5
TILELE,
TIMELO,T-040.000.399-7
TINGUÁ,T-316.010.037-4
TIPO A,
TIPO CHAMA,T-304.153.766-6
TIPO DUBAI,T-303.015.600-0
TIPO MAGIA,T-335.572.093-9
TIPO MEDINA,
TIRA A CAMISA,T-040.165.605-0
TIRA A ROUPA,
TIRA E BOTA,T-305.220.912-4
TIRA O ÓCULOS,
TIRA TUA BRABA,T-311.692.933-6
TIRAS,
TIRED OF BEING A BOY,T-040.023.898-3
TIRED OF THIS EARTH,T-320.126.170-9
TIROTEIO DA TRAVA,T-321.150.600-8
TIROTEIO DA TRAVA - REMIX,T-321.150.598-1
TIVE QUE IR,T-039.312.258-1
TMLGAP11,T-309.495.793-0
TMLGAP22,T-309.495.794-1
TMLGAP33,T-309.495.796-3
TMLGAP44,T-309.495.797-4
TMLGAP55,T-309.495.798-5
TMLGAP66,T-309.495.799-6
TMLGAP77,T-309.495.802-4
TO BOTANDO,T-313.256.194-1
TO CHEIA DE MALDADE,T-324.579.263-2
TO CHEIA DE MALDADE,
"TO CRESCENDO, TÔ FICANDO EVOLUÍDA",
TO DANDO PRA VOCÊ,T-317.992.293-7
TO DE BOINHA SEM MEXER COM NINGUEM,T-040.000.424-1
TO DE LACOSTE,T-311.597.915-8
TO FORA DESSA MERDA,T-305.213.958-5
TO FUMANDO UM CHÁ,
TO MILIONARIO,T-040.000.405-8
TO NEM LIGANDO,T-315.912.900-3
TO OCUPADO,T-307.416.509-2
TOBI: OBITO ESTÁ MORTO,T-325.285.376-8
TOCA DOS RATO,T-317.358.544-5
TOCA VOCÊ MESMA REMIX,T-305.215.267-3
TOCAIA,T-314.872.116-4
TODA MAÑANA TENDRÁS UNA NUEVA CANCIÓN,T-306.925.956-5
TODA MOLHADINHA,T-305.267.269-8
TODA MOLHADINHA - BREGA FUNK REMIX,T-306.794.463-8
TODA NOITE,T-322.597.188-6
TODA SAUDADE É UMA MONALISA,T-308.118.057-2
TODA SEMANA,T-932.331.986-4
TODA TRABALHADA NA BELEZA,T-307.418.234-2
TODA VEZ,T-039.476.209-4
TODA VEZ,T-322.010.785-3
TODA VEZ A MESMA HISTORIA,
TODA VEZ EU ESCUTO OS CORAIS,
TODES PUTES - REMIX,T-315.685.655-8
TODO DIA TEM +,
TODO MOMENTO É O AGORA,T-040.522.197-7
TODO MUNDO,T-042.675.086-8
TODO MUNDO TEM,T-040.048.326-2
TODOS AMIGOS NA RUA,
TODOS ELES TE ODEIAM,T-330.774.837-0
TODOS LADO A LADO,T-040.330.744-7
TODOS NOS SOMOS UM,T-042.615.877-1
TODOS NOS VAMOS MORRER,T-039.544.551-8
TODOS OS DESEJOS NO TEU CORPO NU,T-310.338.483-0
TODOS OS OLHOS EM MIM,T-308.377.760-6
TODOS OS SINAIS,T-042.673.818-2
TODXS PUTXS,
TOGETHER,
TOGETHER WE DESTROY,
TOINHA RAINHA DO MARANHÃO,T-313.263.609-6
TOK TOK,T-330.716.387-3
TOK TOK TOK TOK BARULHO DA CAMA NA PAREDE,T-315.848.201-6
TOLA IMPRESSAO,T-315.352.313-4
TOLERÂNCIA,T-317.839.732-1
TOMA BEBÊ,
TOMA BIG APPLE,T-311.692.990-5
TOMA CACHORRONA,T-308.505.658-8
TOMA CALADINHA,
TOMA CATUCADÃO,T-306.928.543-0
TOMA CHIBATADA NA XERECA,T-329.195.568-1
TOMA DANIELE,T-304.153.767-7
TOMA DE LADO X PIQUEZIN DOS CRIA,T-327.279.696-6
TOMA DE LUZ ACESA,T-301.567.073-8
TOMA NA XERECA NA XERECA VAI TOMAR,T-310.249.769-4
TOMA NOVINHA NA TCHEKINHA,T-330.716.386-2
TOMA PIROCA FOGUENTA,
TOMA PIROCADÃO,T-303.766.133-5
TOMA PORRADÃO,T-303.766.640-9
TOMA PORRADÃO,T-316.133.356-4
TOMA QUE TOMA,T-303.761.742-4
TOMA SAFADINHA,
TOMA SAFADOZA,T-305.415.393-0
TOMA SOCADA SOCADINHA,T-303.015.560-9
TOMA TA,T-040.459.805-5
TOMA TAPA,T-305.415.394-1
TOMA TAPÃO,T-317.998.817-7
TOMA TOMA,T-302.808.947-2
TOMA TOMA,T-302.809.029-7
TOMA TOMA AQUI NO COMPLEXO,
TOMA TROUXA,T-039.387.889-1
TOMAR UMA DOSE,T-306.928.547-4
TOMATOES OF DEATH,
TOME BABY,T-040.324.439-2
TOME EMPURRADINHA,T-303.766.117-5
TOME EMPURRADÃO,T-307.516.279-3
TOME NA PEPEKA,T-313.927.494-1
TOME NA PEPEKINHA,T-306.798.385-7
TOMIOKA E SHINOBU: FINAL FELIZ,T-325.460.718-2
TONELADA,
TONY MONTANA,T-301.715.178-5
TOO FAST TO DIE,
TOO FEEL HATE AND NOTHING ELSE,T-316.010.082-9
TOP BETS,T-313.263.605-2
TOP DO VERÃO,T-305.623.735-1
TOP?,T-040.396.666-4
TORNEIO BSW,T-315.906.818-1
TORPOR PARTE 2 & 5,T-040.005.707-9
TOU APAIXONADO,T-322.163.163-2
TOU DE BOA,T-306.799.463-8
TOU DE VOLTA NA FAVELA,T-306.928.549-6
TOUCH,
TOXIC DEATH,T-308.121.947-4
TOXIC POSSESSION,
TRABALHE ATÉ MORRER,
TRABALHO LINDO,T-305.217.763-2
TRAJADO DE GLOCK - BREGA FUNK REMIX,
TRAJADO DE GUCCI,T-302.809.011-7
TRAJADO DE NIKE,
TRAJADO DE SKANK,T-308.506.900-3
TRAJES MEUS,T-039.877.782-6
TRAMPOLÍN,
TRANQUILIDADE,T-317.793.926-9
TRANSA ALUCINADA,T-300.976.215-2
TRANSA LOUCA,T-313.263.601-8
TRANSEUNTES,
TRANSFIGURACAO,T-039.269.248-6
TRANSFORMERS,T-315.912.816-8
TRANSIÇÃO (MENSAGEM),T-319.234.044-2
TRANSMISSÃO,
TRANSUDO DA FAVELA,T-321.330.645-3
TRANZA LOUCA,T-306.794.468-3
TRAP BOY,T-301.715.066-8
TRAP CLUB,T-301.715.067-9
TRAP DE CRIA,T-301.721.460-3
TRAP&BREGA,T-931.806.133-5
TRAPAÇA DE FAVELADO,
TRAPEZIST,T-039.948.079-5
TRAPUA,T-039.612.868-9
TRATO FEITO! | ALASTOR,T-333.879.204-0
TRAUMAS (YUU OTOSAKA),T-325.460.709-1
TRAVA BUNDA,
TRAVA COM A RABETA,T-306.928.552-1
TRAVA NA PONTA,T-310.249.771-8
TRAVA NA POSE,
TRAVANDO,
TRAVESSIA,T-313.642.509-3
TRAZ O B,T-321.150.596-9
TRAZ O MOREIRA,T-332.898.032-7
TREINAMENTO DO BUMBUM,T-313.277.714-7
TREJEITO BONITO,T-040.443.038-1
TREM,T-039.662.300-9
TREM DA MEIA NOITE,T-931.022.699-4
TREME TREME,
TREMEDEIRA,T-306.799.467-2
TRENCH HOLE,T-316.010.081-8
TREND VIRAL SUSPIRO X TU JOGA PRA CIMA X,
TRENZINHO,T-306.353.649-8
TRENZINHO DOS LADRÕES,T-317.358.539-8
TREPA NO PAU,T-313.263.533-3
TRES,T-040.160.966-2
TREVAS EM MIM: 7 LADOS OBSCUROS 1 RAP,T-327.329.929-5
TREVO,T-335.572.092-8
TREVO DA SORTE,T-313.795.931-6
TREVO DOURADO,T-315.906.817-0
TREVO SPORTS MEU AMOR,T-313.263.598-0
TRIANGULO DOS BIROCAS,T-039.246.219-9
TRIBUNAL DAS ALMAS,
TRIBUNAL POPULAR,T-312.553.421-2
TRIBUTO A DALESTE,T-304.709.747-8
TRIBUTO DO MICHAEL JACKSON,T-932.999.218-9
TRILHA DE SUMÉ - ÁGUA,T-335.572.267-3
TRILHA PARA O DESENCANTO DA ILUSÃO,
TRILHA SONORA,
TRILHA SONORA DE VITÓRIA,T-335.572.091-7
TRILHAS,T-311.600.018-7
TRINDADE: POR VOCÊS,T-327.396.516-1
TRINIDAD Y TOBAGO,T-040.448.239-8
TRIUMPH,T-320.126.169-6
TROCA DE FAVOR,T-040.165.604-9
TROCA JUSTA,
TRONOS,T-335.572.090-6
TROPA BETS MEU AMOR,T-313.263.595-7
TROPA DA JAMAICA,
TROPA DA LALA PASSANDO NA SUA TELINHA,T-315.912.814-6
TROPA DA NASA,T-317.998.816-6
TROPA DAS AMIGUINHAS,T-306.803.071-3
TROPA DAS SEM LIMITES,
TROPA DO ARRANCA DIU,
TROPA DO LOBO MAL,
TROPA DO ROBÔ,T-308.121.264-4
TROPA DO TAQUARIL,T-324.472.058-5
TROPA DO TAQUARIL,
TROPA TRAP,T-306.856.513-5
TROPIQAL,T-310.665.868-4
TRVP HXUSE,T-301.721.206-1
TRÊS DA MADRUGA,T-335.536.962-5
TRÊS PALAVRAS PRA VOCÊ,T-304.311.959-7
TU ACREDITA,T-040.142.570-4
TU AINDA VAI SE FUDER,
TU GAMOU NA PICA PRETA,T-311.597.291-9
TU GOSTA DE MIM,T-040.000.423-0
TU GOSTA É DE LADRÃO,
TU JOGA PRA TRÁS ENCOSTA BEAT AUTOMOTIVO,
TU JÁ SABE O QUE EU FAÇO,T-310.249.776-3
TU ME BLOQUEOU,
TU ME SOCANDO DE 4,T-311.612.733-0
TU ME USOU,T-329.192.861-1
TU NÃO FOI HOMEM,T-332.483.932-5
TU QUER 2 REAIS OU UM PIRU MISTERIOSO,T-324.472.043-8
"TU QUER MÍDIA DO FAFÁ, PRA FICAR FAMOSINHO",T-327.279.695-5
TU SENTANDO,T-302.808.949-4
TU TA TARADA,
TU TÁ QUERENDO,T-305.267.259-6
TU VAI GAMAR,T-308.186.965-6
TU VAI GAMAR,
TU VAI SENTAR,T-306.928.554-3
TU VEM POR TRAS E ME BOTA,T-325.561.308-8
TUA CARA,T-305.706.080-3
TUA IRMÃ,T-311.571.758-9
TUA VEZ JÁ FOI,T-317.998.815-5
TUAS FOTOS,T-039.405.620-2
TUBAROES,
TUBARÃO,
TUBARÃO POSTURADO NA RÉGUA,T-334.888.820-6
TUBARÕES & KRAKENS,
TUCA TUCA AUTOMOTIVO 1.0 (SPEED),T-327.279.690-0
TUCA TUCA AUTOMOTIVO PHONK,
TUCA TUCA AUTOMOTIVO PHONK 1.0 (SLOWED +,T-327.279.691-1
TUDO,T-301.718.723-0
TUDO ACONTECEU,T-304.709.749-0
TUDO CERTO,T-042.615.535-2
TUDO COM VOCE,T-039.134.796-8
TUDO COMEÇOU COM UM ROCH,T-311.597.294-2
TUDO DE MIM,T-042.615.530-7
TUDO DE RUIM ACONTECE COMIGO,T-040.479.381-2
TUDO DESTRUÍDO,T-310.455.903-3
TUDO E MAIS UM POUCO,T-040.427.533-7
TUDO E PREZA,T-039.578.031-0
TUDO FAZ SENTIDO,T-039.247.845-3
TUDO FUNCIONANDO DIREITO,T-039.900.038-4
TUDO MALUCA,T-301.566.980-0
TUDO NO SIGILO,T-308.942.776-5
TUDO NO SIGILO (REMIX BREGA FUNK),T-313.795.574-5
TUDO NO SIGILO REMIX,T-308.942.639-7
TUDO NOIZ,
TUDO OK,T-040.059.792-3
TUDO OU NADA,T-307.003.182-8
TUDO PASSA,T-040.070.521-6
TUDO PODE SER,T-301.992.792-1
TUDO PRA VOCÊ,T-039.781.852-8
TUDO QUE E MEU,T-042.615.534-1
TUDO QUE ELA QUER,
TUDO QUE EU BUSCAVA,T-334.149.703-4
TUDO QUE EU FALO,T-039.497.764-0
TUDO TODOS OS DIAS,T-039.920.337-2
TUDO UM DIA FAZ SENTIDO,T-304.156.308-6
TUFF TIMES,T-039.826.379-0
TURN THE TAPE UP,T-317.794.002-8
TWO FACES,T-311.950.137-6
TÁ ACABANDO,T-325.200.647-2
TÁ AGUNIADA,T-308.506.896-4
TÁ ARRISCANDO,
TÁ BOM NORMAL,T-335.550.058-8
TÁ BROTANDO NO PLANTÃO PRA TIRAR FOTO,T-306.460.147-0
TÁ FALTANDO AR,T-333.178.929-4
TÁ MASSA,T-330.191.263-6
TÁ MEC,T-307.119.778-5
TÁ NA CARA,T-305.623.734-0
TÁ NA MENTE SENHOR,T-306.856.431-4
TÁ POSSUIDA CADELA,
TÁ RUI TÁ BOM,
TÁ RUIM? TÁ NADA!,T-303.014.497-5
TÁ TUDO BEM: YUU OTOSAKA (CHARLOTTE),
TÃO BEM,T-318.297.786-8
TÃO FRIO,
TÃO GOSTOSINHO,T-327.279.666-0
TÃO PERTO DE VOCÊ,T-327.396.518-3
TÃO SÓ,T-318.297.783-5
TÔ BOTANDO NELAS,
TÔ BOTANDO NELAS,T-307.003.181-7
TÔ COM SAUDADE,T-322.694.566-6
TÔ CRESCENDO,T-306.856.386-6
TÔ CRESCENDO PART 2,T-311.602.690-1
TÔ EXCITADA,T-308.114.848-9
TÔ FAZENDO AMOR,
TÔ OCUPADO,T-305.415.395-2
TÔ PEGANDO BEM,T-316.010.106-0
TÔ PRECISANDO DE ALGUÉM PRA SER EU ATÉ,
TÚLIO SAMPAIO,T-313.795.936-1
UBATUBA,
UGLY INSIDE TOO,
UI UI UI,
ULTIMA CHANCE,
ULTIMO ANDAR,T-039.405.621-3
ULTRAVIOLÊNCIA,T-040.431.185-8
UM AMOR SEM FIM,T-305.623.742-0
UM ANJO,T-307.416.481-7
UM ANO,T-313.413.983-2
UM BEIJO SEM PRESSA,T-310.169.006-2
UM BOM MALANDRO,T-304.716.199-5
UM BRINDE À FÉ,T-300.966.262-4
UM CACHORRO LEGAL (POCHITA),
UM DE LIFE,T-327.440.908-0
UM DIA,T-324.412.172-6
UM DIA QUEM SABE,T-322.696.220-1
UM DIA UM SONHO,T-039.167.527-6
UM EM UM MILHAO,T-931.622.917-1
UM FILME COM FINAL FELIZ,T-039.672.811-2
UM GOLE DE ÁCIDO,T-308.121.684-0
UM LUGAR MELHOR,T-330.191.325-3
UM NOVO COMEÇO (ARTHUR LEYWIN),T-325.460.704-6
UM NOVO LUGAR,
UM OUTRO BAIAO,T-040.076.010-2
UM OUTRO LUGAR,T-040.334.022-6
UM OUTRO LUGAR PARTE 2,
UM PASSO,T-307.297.648-4
UM PASSO DO CÉU,
UM PEDACINHO DE MIM,
UM PITBULL CHAMADO VAN GOGH,T-308.121.480-0
UM POUCO TE TUDO,T-039.544.553-0
UM QUADRO DE NOS DOIS,T-039.617.321-9
UM SEM OUTRO,T-039.138.388-2
UM TIRO NO ESCURO,
UM VÍDEO SEU,T-304.709.752-5
UMA CAVALA MESMO,T-308.505.660-2
UMA CERVEJA,T-303.761.709-3
UMA CHANCE,
UMA FORMA IDEAL PRA FALAR,T-325.193.792-1
UMA HISTORIA QUALQUER,
UMA LEGUA,
UMA NOITE DE TERROR,T-306.928.558-7
UMA SENTADA NERVOSA,T-305.415.406-8
UMA SOBRE CÉU,T-313.413.980-9
UMA TERRA LIVRE,T-039.748.720-5
UNBREAKABLE,T-320.126.168-5
UNI-VOS!,T-305.214.323-0
UNIFORMITY IS CONFORMITY,T-308.121.946-3
UNIVERSO 25,
UNKNOWN,T-303.387.699-8
UNLUCKY,T-305.217.196-3
UNREAD LETTERS,T-300.960.776-1
UNS QUE DIZEM,T-308.114.192-2
UNSTOPPABLE SLAUGHTER,T-308.121.945-2
URBANÓA,T-316.010.036-3
URBANÓIA,T-316.182.934-7
USA ABUSA,T-039.285.652-8
USA E ABUSA,T-311.571.760-3
USA E ME ABUSA,T-321.372.895-7
USE MODA NOSSO AMOR,T-313.263.592-4
USE O ASSENTO PRA FLUTUAR,T-040.005.604-3
USURA EMERGENCIAL,T-307.299.068-8
UTOPIA,T-040.522.248-1
UTOPIA,T-329.283.611-0
UVA NIAGARA,T-318.619.486-1
UXFXTX (UNITED FOR TRASH),T-308.121.944-1
V!SH,T-306.460.036-4
V.C.D.M.S.A./RUÍDOS E DISTORÇÕES,T-316.010.080-7
VACILEI,
VACILOU MAGOOU,
VAGABUNDO,T-303.761.712-8
VAGABUNDO,
VAGABUNDO ILUMINADO,T-040.347.906-0
VAGABUNDO NATO,T-335.536.961-4
VAGABUNDO NÃO AMA,T-304.712.626-7
VAGABUNDO VIDA LOUCA,T-323.166.816-5
VAGABUNDOS ILUMINADOS,
VAGALUMES,T-932.504.060-6
VAI ALÉM,T-313.640.716-0
VAI AMOR,T-311.567.857-0
VAI AMOR,T-311.692.995-0
VAI AMOR BOTA AMOR,T-307.415.989-6
VAI AMOR FODE AMOR,T-305.415.410-4
"VAI BAIXANDO NEMO, NE?",
"VAI BENÇA, VAI ROMERINHO",T-306.856.509-9
VAI BRUNA,T-306.856.502-2
VAI CAINDO,T-303.777.224-6
VAI CAVALA,
VAI CHUPANDO VAI MULHER,
VAI COCOTA,T-317.998.813-3
VAI COM A BUNDA E TARARARAU,T-306.460.149-2
VAI COM CALMA NEGO,T-322.696.217-6
VAI COM RABETÃO NO CHÃO,T-307.199.526-7
"VAI COMER TEU BUCETÃO, CHAPADÃO DE KANK,",T-324.742.573-2
VAI COMEÇAR O FODE FODE,
VAI DAR PT,T-315.906.816-9
VAI DESCENDO PIRANHA,T-317.998.812-2
VAI DESCENDO REBOLANDO,
VAI E VEM,T-332.302.386-1
VAI EMBORA,T-040.147.703-9
VAI EMBORA DE UBER,T-308.506.904-7
VAI EMBORA SEM CABAÇO,
"VAI FICAR AQUI, VAI TOMAR O REMÉDIO, VAI",T-327.279.689-7
VAI FUDER DENTRO DO CARRO,
VAI GAMAR,T-303.014.601-7
VAI GAMAR,T-306.856.497-2
VAI GOSTOSINHA,
VAI GOSTOSINHA COM A XERECA,T-308.505.772-9
VAI GOSTOSINHA COM A XEREQUINHA,T-330.716.385-1
VAI GRAVANDO,T-306.856.381-1
VAI GRAVANDO,
VAI GRITAR,T-306.856.495-0
VAI JOGANDO A BUNDA,T-311.597.299-7
VAI JOGAR PRO DJ,T-304.714.896-5
VAI LUAN,T-303.014.610-8
VAI LUAN,T-304.246.536-7
VAI MALUCA,T-321.150.599-2
VAI ME MACETA,T-315.912.812-4
VAI ME MACHUCA,
VAI ME MACHUCA - ARRASTA PÉ,
VAI MINHA FERA,T-306.856.529-3
VAI MINHA MAKINA,T-307.298.701-6
VAI MINHA TRISTEZA PARTE 1,T-311.599.974-7
VAI MINHA TRISTEZA PARTE 2,T-311.599.980-5
VAI MOSTRAR O PEITIN PRA MIM,T-310.249.777-4
KAIO VIANA,CAIO CESAR ALMEIDA VIANA
MC KEVIN DO RECIFE,RENE JOSE DA SILVA
VAI MULHER,T-320.095.914-0
VAI MULHER - REMIX,
SONY NO BEAT,ERICSON ROGERIO DE OLIVEIRA SILVA
MC IZAL,IZALMIR SOARES DE ANDRADE
VAI NENÉM,T-305.217.700-7
VAI NENÉM,
VAI NO CHÃO,T-040.453.902-1
VAI NO CHÃO,T-303.762.939-9
VAI NO CHÃO,
MARLEY NO BEAT,CAIO MORAES DE SANTANA
GUSTAVINHO DJ,GUSTAVO HENRIQUE DE SOUSA DA SILVA
VAI NO CHÃO DOIDONA,T-304.712.633-6
VAI NO CHÃO DOIDONA,
VAI NOVINHA,T-322.163.484-6
VAI PAI BOTA TUDO EM MIM,
VAI PEGAR BABADO,T-305.415.414-8
VAI PEGAR BABADO (REMIX),
VAI PIRANHA,T-318.013.184-0
VAI PIRANHA VAI SENTAR PFV,T-306.856.447-2
VAI RABETÃO,T-306.798.527-3
VAI ROLAR UMA PENTADA,T-305.415.572-1
VAI SARRAR LINGUINHA,T-324.579.260-9
VAI SE ARREPENDER,T-312.553.449-4
VAI SE FUDER NO INFERNO,T-330.774.836-9
VAI SE TRATAR GAROTA,T-305.217.768-7
VAI SENTA AS FADA VAI SENTA AS BRUXA,T-307.006.690-5
VAI SER COLOCADÃO,
VAI SER COLOCADÃO,T-320.095.913-9
VAI SER SO NO FODI FODI,T-322.179.179-9
VAI SUA CAVALONA,T-306.928.562-3
VAI SUA MAGRELONA,T-311.692.900-7
VAI TE EMPURRAR,T-304.709.755-8
VAI TE EMPURRAR,T-305.415.574-3
VAI TE PENETRAR,
VAI TE PENETRAR (REMIX BREGA FUNK),T-305.618.507-6
VAI TOMA,T-311.597.304-7
VAI TOMA,
VAI TOMA SUA GOSTOSA,T-308.505.665-7
VAI TOMAR BOTADA,T-313.277.698-4
VAI TOMAR NO CU,T-305.415.579-8
VAI TOMAR TANTO TAPÃO,
VAI TRAVANDO,T-306.856.525-9
VAI VAI,
VAI VAI,T-327.279.688-6
VAI VÁRIAS QUEIXAS,T-040.503.268-9
VAIDADE,T-042.615.529-4
VAJRAYANAS (CENA M4),T-039.826.371-2
VALE DAS PALAVRAS,T-316.303.269-3
VALEN,T-311.956.123-4
VALENTINES,
VALEU A PENA,T-305.415.580-1
VALEU DEDÉ,T-313.263.589-9
VALEU MEMO,
VALORES,T-306.801.409-1
VALSA DOS COGUMELOS,T-325.193.815-1
VALSA IMPERIAL,
VALSA LATINA,T-040.076.018-0
VALSA NEGRA ESPANHA,T-316.183.070-8
VALSA TRIUNFANTE,T-040.076.560-7
VALSPORTS NOSSO AMOR,T-313.263.585-5
VAMO BATUCAR,T-040.110.592-7
VAMOS ACORDAR,T-040.011.845-7
VAMOS COMEÇAR LOGO BOMBAR ESSE CORPO,
VAMOS F1,T-308.118.472-3
VAMOS FUGIR,T-305.415.581-2
VAMOS JOGAR FREE FIRE,T-040.478.312-5
VAMOS LA PRA CASA,T-325.193.684-8
VAMOS PARA CACHOEIRA,T-039.338.340-8
VAMOS SEGUIR,T-039.497.758-2
VAMOS VOLTAR COM A RATARIA,T-313.315.108-9
VANDALISMO,T-313.642.507-1
VAPO A NOITE INTEIRA,T-310.337.976-2
VAPO VAPO PHONK BR (SLOW),T-327.279.657-9
VARANDA,T-301.577.010-8
VASSOURA,T-300.959.834-5
VAVAPO,T-302.811.008-5
VAZIA PERFEICAO,T-039.497.759-3
VAZIO CONSTANTE,
VELHA HISTÓRIA DE QUEBRADA,T-313.414.214-2
VELHAS NOVIDADES,T-307.003.183-9
VELHO OESTE,T-325.460.874-3
VELHUS DECREPTUS,T-039.593.684-1
VELOCIDADE,T-039.497.760-6
VEM,
VEM AMOR,T-303.761.714-0
VEM BOTA TUDÃO,T-303.766.629-4
VEM BOTA TUDÃO,T-303.761.716-2
VEM BOTANDO TUDO EM MIM,T-322.528.882-0
VEM BOTAR,T-307.362.044-3
VEM CAVALGANDO,T-322.580.536-3
VEM COLOCANDO,T-308.368.764-9
VEM COLOCANDO,
VEM COLOCANDO X VOU BOTANDO,
VEM COM A BUNDA,T-303.015.328-3
VEM CURTIR A VIDA,T-304.714.901-5
VEM CÁ MEU BEM,T-040.340.458-9
VEM DE CHICOTE,
VEM DE CHICOTE,T-308.505.671-5
VEM DE QUATRO,T-308.505.779-6
VEM FAZENDO A POSIÇÃO,T-305.217.217-1
VEM JOGANDO A PEPEKA,T-308.117.048-7
VEM JOGANDO A RABA,T-302.421.073-5
VEM MACHUCA,T-308.114.849-0
VEM ME CHUPAR,T-305.415.584-5
VEM ME MACHUCA,T-324.471.812-1
VEM ME SOCANDO,T-307.362.042-1
VEM NA MINHA,T-042.817.833-9
VEM NESSA,T-307.003.184-0
VEM NI MIM,T-303.114.085-5
VEM NO TUM TUM,T-931.701.017-6
VEM PAINHO,T-311.595.685-5
VEM POR CIMA,T-305.213.930-3
VEM PRA EMBOSCADA,T-313.263.567-3
VEM PRA ESPORTIVA VIP,T-313.796.152-1
VEM PRA FICAR,T-304.005.653-5
VEM PRA IGREJINHA,
VEM PRA RECPIX,T-313.795.930-5
VEM PRO QG,
VEM PRO TERRÃO,T-316.009.895-9
VEM QUE TÔ CHAMANDO,T-306.856.522-6
VEM QUE VEM,T-321.980.603-4
VEM SAFADINHA,
VEM SENTANDO E KIKA,T-306.798.345-9
VEM SENTANDO VEM,T-303.761.718-4
VEM SOCANDO,
VEM SOCANDO,T-306.802.963-6
VEM SOCANDO GOSTOSIN,T-327.280.158-4
VEM VEM E O BONDE DO TEM,T-040.000.398-6
VENCEDOR,T-313.263.562-8
VENDAVAIS,T-040.396.849-9
VENDAVAL,
VENENO CRISTÃO,T-316.010.035-2
VENGEANCE STORM,T-335.482.875-0
VENHA ME VISITAR,T-305.620.781-5
VENOM,T-330.774.712-8
VENTO,T-307.297.649-5
VENTO DO NORTE,T-039.266.049-9
VENTO SUL,T-315.799.430-0
VENTO VEM (BOI RUACHE),T-333.684.863-2
VENUS DE MINA,
VERDADE,T-302.003.913-4
VERDADE OU MENTIRA,T-320.095.912-8
VERDADEIRO SENTIMENTO,
VERDE ESMERALDA & CINZA GRANITO,T-310.338.457-8
VERDE FLORESCENTE,T-300.973.741-7
VERDINHA (BREGA FUNK REMIX),T-303.384.170-8
VERMELHO,T-313.315.106-7
VERSO SIMPLES,T-039.909.306-1
VERSO SIMPLES,
VERSO UNI VERSO,T-316.303.267-1
VERSOS NO BEAT - FASES,
VERSOS PERVERSOS,T-333.178.927-2
VERSOS PESADOS,T-316.303.265-9
VERSOS SEUS,T-039.497.761-7
VERSÃO D'OMO (666),
VERÃO ETERNO,T-328.515.509-7
VESTIDO DE FLOR,T-304.714.165-7
VEU DA NOITE,T-039.312.260-5
VI NO BAILE,T-326.429.326-3
VIAGEM ASTRAL,T-317.794.000-6
VIAGEM DE CHIHIRO,T-322.010.784-2
VIAGEM PARA O INFERNO,T-325.460.869-6
VIAJA EM LADRÃO,T-303.385.758-4
VIAJA NOS MALOKA,T-308.505.785-4
VIAJANTE,T-040.279.896-2
VIAJO EM VOCÊ,T-305.413.516-5
VIAJO NOS MORENINHO,T-305.214.258-8
VIBE DO AMOR,T-307.003.269-4
VIBE: MANHÃ,
VIBES,
VIBRANIUM,
VIBRAÇÕES,
VICE-VERSA,
VICIADA,T-304.715.454-7
VICIADA,
VICIADA,T-306.358.239-4
VICIADA NO PODER,
VICIADO,T-330.774.835-8
VICIO DELAS,T-304.153.772-4
VICIOU NA FLAUTA,T-316.118.370-2
VICIOU NA PENETRADA,T-311.597.308-1
VICIOU NO REPLAY,
VICTOR MORNINGSTAR & NATHALY WILLIANS,T-329.434.373-6
VICTORIA,T-039.325.364-9
VIDA,
VIDA AO VIVO,T-332.750.067-0
VIDA ARTIFICIAL,T-312.553.314-0
VIDA DE BABACA,
VIDA DE MILIONARIO,T-040.000.411-6
VIDA DE MILIONÁRIO,
VIDA DE UM VILAO,T-315.135.532-3
VIDA DO CRIME,
VIDA EN VIVO,
VIDA LOKA,T-304.714.866-9
VIDA LONGA,
VIDA LONGA AO REI,T-329.192.860-0
VIDA LOUCA É ASSIM,T-300.975.273-8
VIDA MEDIOCRE,T-040.431.184-7
VIDA RUIM,T-316.010.034-1
VIDA SATURADA,
VIDA URBANA,T-040.522.247-0
VIDAS E VINDAS,
VIDAS E VINDAS,T-334.149.700-1
VIDAS EM JOGO,T-313.642.506-0
VIDEO CALL,T-301.721.467-0
VIDEO GAME SURREAL,
VIDÉ!,T-932.332.417-0
VIELINHA,
VIGARISTAS,
VIGÉSIMO ANDAR,
VILA DOS FERREIROS: ESPADA QUEBRADA,T-335.249.342-2
VILLALOBIANA,T-040.076.558-3
VILÃO ÓRFÃO DE VILANIA,T-309.150.961-0
VILÃO.,
VIM DA FAVELA,T-306.856.519-1
VINGANCA NATURAL,T-039.375.155-7
VINGANÇA,T-040.226.902-6
VINGANÇA CONTRA O TEMPO,T-325.460.866-3
VINHO DE MESA,
VINICIUS REIS,T-313.263.558-2
VIOLA KRISHNA,T-040.348.479-6
VIOLA VIOLADA,T-039.167.107-0
VIOLANDO,T-039.167.651-9
VIOLAO NA INTIMIDADE,T-039.167.652-0
VIOLÃO TENEBROSO,
VIRADA DE ANO,T-312.566.959-8
VIRADINHA,T-327.279.656-8
VIRAL,T-327.440.907-9
VIREI SAPATÃO,T-321.150.595-8
VIROU BRASIL PT1,T-040.431.183-6
VIROU BRASIL PT2,T-040.431.182-5
VIROU MEU VÍCIO,T-322.163.162-1
VISCERAL,
VISITA,T-039.781.853-9
VISITA ONIRICA,T-040.140.009-6
VISÕES,T-332.640.215-3
VITA BREVIS,
VITÓRIA,
VIUVA NEGRA,T-317.367.110-4
VIVA LIVRE OU MORRA,T-039.544.557-4
VIVA O JOB,
VIVA O ROCK AND ROLL,
VIVA POR MIM,
VIVE AQUI,T-040.150.642-0
VIVEIRO,T-039.243.725-0
VIVENDO A VIDA,T-320.586.483-7
VIVENDO O PASSADO,
VIVER EM PAZ,T-313.264.488-9
VIVER EM SANTOS,T-040.431.181-4
VIVO COM MEDO NA RUA,T-305.217.764-3
VIVRE LA VIE,
VIVÊNCIA,
VIVÊNCIA PURA,T-313.315.104-5
VIZINHANÇA,T-313.640.715-9
VOANDO ALTO,T-304.246.542-5
VOAR,T-316.329.256-2
VOCE E O PARAISO,T-042.675.087-9
VOCE NAO PODERIA SURGIR AGORA,T-039.829.756-7
VOCE SUJO O TAPETE DA NOSSA CASA,
VOCÊ DE VOLTA,T-306.926.961-6
VOCÊ ESTÁ COM FEBRE?,T-316.099.354-0
VOCÊ PARA COLORIR,T-040.279.893-9
VOCÊ QUER PAGAR PRA VER,T-333.217.347-0
MC VITIN LC,VITOR ALEXANDRE ELIAS REZENDE
VOCÊ SABE COM QUEM ESTÁ FALANDO?,T-040.522.246-9
ITALO NONATO,ITALO NASCIMENTO NONATO
VOCÊ SABE MONTAR A CAVALO FILHO?,
VOCÊ VAI LEVAR UMA SENTADA,T-313.602.488-5
VOGUE (BRAZILIAN VIBES),T-311.596.963-2
VOGUE (CLUB VERSION),T-311.596.966-5
VOID,
KAIAN SAMPAIO,EDUARDO KAIAN SAMPAIO MENDONCA
VOLTA NO TEMPO FREESTYLE,T-321.926.360-8
VOLTE A DORMIR,
SHOOTER SZ,ANTONIO KELVIN CARVALHO VIEIRA
VOLTE SEMPRE,T-321.150.594-7
VOO,T-301.721.471-6
VOO PARTICULAR,
ALLAN MASSAY,ALLAN MOREIRA DA SILVA LIMA
VOTE NULO,T-330.774.768-4
VOTOU ERRADO,T-039.247.861-3
VOU APAGAR TEU FOGO,
VOU BOTANDO,T-309.245.041-0
VOU BOTAR,
VOU BOTAR EM VOCÊ,T-308.505.788-7
VOU CARTIAR,T-309.495.776-9
VOU CHACOALHAR,T-315.996.135-6
VOU CHACOALHAR,T-327.280.040-1
VOU CHUTAR A SUA CARA,T-330.774.834-7
VOU COLOCAR,
VOU ENCHER DE LEITE VOU MANDAR PROS ALEMÃO,T-306.859.215-0
VOU FAZER UM VÍDEO SEU,
VOU FAZER UM VÍDEO SEU - REMIX BREGA FUNK,T-313.277.767-0
VOU FICAR DE 4 TU VEM POR TRÁS E ME BOTA,T-336.024.966-3
VOU FICAR RICO,T-308.114.850-3
VOU FUDER TEU BATALHÃO,T-308.114.851-4
VOU GOZAR,T-305.413.518-7
VOU JOGANDO A XEREQUINHA,
VOU LARGAR O AÇO,T-306.792.987-3
ELLOCO,CLEITON JOSE DA SILVA
VOU MACETAR,T-305.217.188-3
VOU MACHUCAR SÓ UM POUQUINHO,
VOU MANDAR - REMIX MEME WEE,T-306.856.515-7
VOU MORAR NO OCEANO,
ZILLA SONORO,LUCAS UILSON DA SILVA
PEDRO DOM,PEDRO SCHNEIDER
VOU PEGAR ESSE MARGINAL,
MC BRANQUINHA,YASMIN CAMILY SANTOS PAULINO
VOU SAQUEAR A TUA FEIRA,T-039.268.962-1
VOU SENTAR SEM PENA,T-305.413.827-7
VOU TACAR PIROCA MESMO,T-305.413.835-7
VOU TE BOTAR,T-306.798.521-7
VOU TE BOTAR PRA MAMAR,T-329.192.859-7
VOU TE DAR ESSA IDEIA,T-324.028.284-8
VOU TE LEVAR PRO BECO,
VOU TE MAMAR,
VOU TE PEGAR TU VAI GAMAR,T-304.711.796-0
VOU VOLTAR PRA PUTARIA,T-305.413.899-3
VOU XAQUALHAR MINHA XOTA,
VOZ (INTERLÚDIO),T-307.297.651-9
VOZ DA DENÚNCIA,T-316.329.255-1
VOZES,T-039.405.716-9
VOZES NA CABEÇA,
VRAU GOSTOSO,T-305.413.874-4
VRUM,
VUK VAPO,
VUKADAO (BRAZILIAN PHONK),
VUKADÃO,T-311.692.904-1
VULGO MALVADÃO,T-308.505.802-8
VULGO ZUMBI,T-335.395.379-0
VÁ SE VIRAR,
VÁRIAS BOTADAS,T-308.506.908-1
VÁRIAS COISAS PROIBIDA,T-315.912.810-2
VÁRIAS LINGUADINHA,T-308.370.533-9
VÁRIOS AMIGOS,T-313.263.581-1
VÁRIOS CAMINHOS,
VÃO VIVER,T-313.264.491-4
VÍCIO DAS PIRANHA,
VÍDEO GAMER ALUCINÓGICO,
VÍNCULO,T-321.536.647-1
VÍRUS,T-301.991.526-1
VÍSCERAS,
WAEMOK,T-302.003.085-3
WAH WAH,T-040.048.327-3
WAHT SOMEONE TO REMEMBER ME,
WAITING FOR THE BUS,T-040.140.014-3
WAITING TO EXHALE,T-308.121.943-0
WAKANDA FOREVER | PANTERA NEGRA,
WALKING DEAD CIRANDA (A MALDIÇÃO 2),T-308.121.481-1
WALKMAN,
WANDO,T-335.572.089-3
WARDAY,
WAVE BAILE,
WAVE FLUTE,
WAVE GARAGE,
WAVE VAPO,
WAY BACK HOME,
WDW FC,T-315.906.815-8
WE HAVE TO DO,T-039.497.765-1
WE TOOK OFF,T-040.106.198-0
WE WERE GIANTS,T-039.948.081-9
WE'LL BE AT HOME,T-039.497.749-1
WELCOME,
WELCOME FERNANDO,
WET N' WILD PETROBRÁS,T-330.774.833-6
WHA'PPEN?,T-317.793.998-5
WHAT A PIECE,
WHAT LOVERS SHOULD DO,T-039.946.949-8
WHAT'S UP,T-317.793.996-3
WHEN THE STARS COLLIDE,
WHEN THE THUNDER HITS THE GROUND,T-039.948.082-0
WHEN YOU COME BACK HOME,T-039.948.083-1
WHILE THE FLOWERS GROW IN MAY,T-039.948.084-2
"WHISKY, BALÃO E XOTA",T-306.358.242-9
WHY SO ROMANTIC WITH DEATH,T-039.948.483-3
WILD THING,T-039.948.085-3
WILD WEEKEND,T-316.010.033-0
WIND AND FIRE,T-040.106.219-8
WITH OR WITHOUT YOU,T-320.126.166-3
WOKE UP THIS MORNING,T-039.946.951-2
WOMAN OF VENUS,T-039.948.086-4
WORDS NEVER SPOKEN,T-320.125.923-2
WORDS OF WISDOM,T-317.793.994-1
WORMS INCORPORATED,
WOW!,T-931.806.130-2
WU~WU,T-302.003.091-1
XALÁLÁ ONLINE,T-324.606.145-6
XAMÃ URBANO,T-310.338.461-4
XANGO,T-039.168.255-5
XANGO,
XANINHA,T-317.998.811-1
XAXADIM,T-303.385.457-4
XEQUE MATE,T-305.217.195-2
XEQUE MATE,T-331.406.542-0
XERECA DA LOIRINHA,
XERECA DE MEL,T-322.979.085-2
XERECA NA PEÇA,T-303.014.614-2
XERECA NA RETA,T-313.277.696-2
XERECA ROSA,
XERECADA,T-303.761.719-5
XERECADA,T-306.076.033-6
XERECARD,T-305.213.989-2
XEREQUINHA NERVOSA,
XEREQUINHA PULA-PULA,T-315.912.808-8
XEREQUINHA QUENTE,T-306.076.038-1
XERIFÃO,
XL - 78,T-301.566.995-7
XOTA MOLHADINHA,T-303.761.721-9
XOTA PEGANDO FOGO,T-317.207.947-5
XOTA XOTA AUTOMOTIVO PHONK 1.0,T-327.279.687-5
XOTE,T-040.076.562-9
XOTE,T-313.414.208-4
XOTE PRA MICHELE,T-302.422.925-8
XQUEMA,
XRE,T-308.505.806-2
XXI,T-301.577.887-3
XXI,
YAGAAMI PHONK KING OF BRAZIL,
YAGAAMI PHONK KING OF BRAZIL (SLOWED),T-327.279.686-4
YAGAAMI PHONK KING OF BRAZIL (SPEED),T-327.279.685-3
YAKUZA,T-325.601.266-1
YBETS MELHORES COLABORADORES,T-313.263.554-8
YBETS91,T-313.263.550-4
YES (I DO),
YESS,T-931.221.752-0
YOGA,T-309.640.418-7
"YONKOU, IMPERADOR DO MAR",T-325.460.857-2
YOU BROUGHT ME HERE,T-039.948.087-5
YOU CAN'T RUN,T-317.793.990-7
YOU HATE THEM,T-039.497.768-4
YOU SHOULDN'T KEEP AROUND YOU,T-040.023.899-4
YOUR BOSSES' UTOPIA,
YUNO: PRONTO PRA VOAR,T-325.461.559-9
YUTI,T-307.006.704-4
ZAMBI,
ZANDRA,
ZENDAYA,T-325.460.850-5
GRAV,GRAV PRODUCAO MUSICAL LTDA
ZENITSU AGATSUMA,T-321.926.357-3
ZENITSU E KAIGAKU: HERDEIROS DO TROVÃO,T-325.460.846-9
ZENITSU E NEZUKO: O DEUS DO TROVÃO E A,T-325.460.843-6
MASTER PE,PEDRO TIAGO CONSTANTINO
VINI DANTAS,VINICIUS GOMES DANTAS DE OLIVEIRA
ZENITSU: HEKIREKI ISSEN,T-324.707.940-5
ZERO A ZERO,T-330.774.832-5
"ZERO, CODE GEASS",T-325.460.834-5
ZI,T-316.302.796-7
INGLES,FELIPE RODOLFO FERREIRA NUNES
ZIG ZAG,
ZIMBRA,T-300.959.837-8
ZIRIGUIDUM,T-039.612.760-8
LURDEZ DA LUZ,LUANA GOMES DIAS
ROB MAZUREK,ROBERT ALLEN MAZUREK
ZOMBIELAND,T-931.807.383-5
ZONA,T-316.010.098-7
ZONA DA MATA,
ZONA DO CAOS,T-309.150.050-0
ZONA SUL,T-319.234.040-8
ZULUMBI,T-040.048.328-4
À ESPERA DO FIM,T-302.808.895-7
ÀS VEZES,T-932.861.232-4
ÁGUA NO FEIJÃO,T-309.246.239-6
ÁGUAS PARA O PANTANAL,T-305.623.174-0
É APENAS EU COM MINHA RÉGUA,T-312.557.774-0
É CHATO,
É DISSO QUE ELA GOSTA,T-328.825.532-9
É INCOMPARÁVEL,T-317.214.642-4
É JOÃO PÔ,T-040.478.313-6
É NENHUMA,T-932.737.244-1
É O FELIPETA A VOZ DO SONHADOR,T-312.549.876-8
É O QUE TEM,T-331.945.687-2
É PROIBIDO SER POBRE,T-327.440.917-1
É PUTARIA NO COMPLEXO,T-322.827.294-0
É SÓ APERTAR,T-316.329.254-0
É SÓ BOTADA,T-308.505.780-9
É SÓ CAÔ,T-306.855.599-3
É VERÃO,T-305.263.307-1
ÉDEN,
ÍNDIA THAYNA,T-335.822.090-9
ÓBVIO,
ÓDIO - ASTA,T-333.891.175-0
ÓDIO 3,T-316.010.079-4
ÓDIO S/A,
ÓPERA,T-335.962.474-7
Ô MOÇA,T-333.840.640-5
Ô MOÇA (BATIDÃO),
Ô MOÇA (BREGA FUNK REMIX),T-320.096.120-8
Ô MOÇA (REMIX),T-320.096.119-5
Ô MOÇA (VERSÃO PISEIRO),
Ô SORTE,T-305.413.482-2
ÚLTIMO DIA DE INVERNO,
ÚLTIMO HERDEIRO,T-334.542.277-3
ÚLTIMO SUSPIRAR,T-333.723.611-6
ÚLTIMO TRAGO,T-328.515.511-1
