provider,file_stem,EDITORA,PROGRAMA,NÚMERO PROGRAMA,EXIBIÇÃO (GRAVADO OU REPRISE),"CATEGORIA DO PROGRAMA (PROGRAMA, NOVELA)",DATA DE EXIBIÇÃO,NOME DA MÚSICA,AUTOR,INTERPRETE,TIPO DE SINCRONIZAÇÃO,PERCENTUAL A PAGAR - EDITORA,VALOR A PAGAR - EDITORA,__title_norm,__author_norm,__is_match,__sheet
SBT,Unificado SBT nov dez 23 e jan fev mar 24,BMG RIGHTS MANAGEMENT BRASIL LTDA,THE NOITE,2471,GRAVADO,PROGRAMA,14/12/2023,ABISMO,BRUNO RIGAMONTE CARNEIRO / EMANUELLA TENORIO ROCHA / RICARDUS MAXIMUS MIRANDA DA CUNHA JUNIOR / THALLYSON LIMA,MANU BAHTIDÃO,PERFORMANCE,100.00%,"799,71",abismo,manu bahtidao,True,Relatório Solicitação
SBT,Unificado SBT nov dez 23 e jan fev mar 24,IRMÃOS VITALE EDITORES LTDA,ESPECIAL NATAL CIRCO,1,GRAVADO,PROGRAMA,25/12/2023,ANOITECEU,ASSIS VALENTE,ASSIS VALENTE,FUNDO MUSICAL,100.00%,"1599,43",anoiteceu,assis valente,True,Relatório Solicitação
SBT,Unificado SBT nov dez 23 e jan fev mar 24,BMG RIGHTS MANAGEMENT BRASIL LTDA,THE NOITE,2467,GRAVADO,PROGRAMA,08/12/2023,HEY JOE,BILLY ROBERTS,ULTRAJE A RIGOR,PERFORMANCE,100.00%,"799,71",hey joe,ultraje a rigor,True,Relatório Solicitação
SBT,Unificado SBT nov dez 23 e jan fev mar 24,DIVERSAS,PROGRAMA DO RATINHO,3449,GRAVADO,PROGRAMA,06/12/2023,NEGA,TARCISIO DO ACORDEON,NOVA BANDA DO RATINHO,PERFORMANCE,100.00%,"799,71",nega,nova banda do ratinho,True,Relatório Solicitação
SBT,Unificado SBT nov dez 23 e jan fev mar 24,ADDAF - ASS. DEF. DIREITOS AUTORAIS FONOMECÂNICOS,PROGRAMA DO RATINHO,3449,GRAVADO,PROGRAMA,06/12/2023,BEIJINHO NO OMBRO,WALLACE VIANA / ANDRE VIEIRA / LEANDRO PARDAL,VALESKA POPOZUDA,FUNDO MUSICAL,37.50%,"599,79",beijinho no ombro,valeska popozuda,True,Relatório Solicitação
SBT,Unificado SBT nov dez 23 e jan fev mar 24,WARNER CHAPPELL EDIÇÕES MUSICAIS LTDA,PROGRAMA DO RATINHO,3449,GRAVADO,PROGRAMA,06/12/2023,BEIJINHO NO OMBRO,WALLACE VIANA / ANDRE VIEIRA / LEANDRO PARDAL,VALESKA POPOZUDA,FUNDO MUSICAL,50.00%,"799,72",beijinho no ombro,valeska popozuda,True,Relatório Solicitação
SBT,Unificado SBT nov dez 23 e jan fev mar 24,SONY MUSIC PUBLISHING (BRASIL) EDIÇÕES MUSICAIS LTDA,PROGRAMA DO RATINHO,3449,GRAVADO,PROGRAMA,06/12/2023,BEIJINHO NO OMBRO,WALLACE VIANA / ANDRE VIEIRA / LEANDRO PARDAL,VALESKA POPOZUDA,FUNDO MUSICAL,12.50%,"199,93",beijinho no ombro,valeska popozuda,True,Relatório Solicitação
SBT,Unificado SBT nov dez 23 e jan fev mar 24,IRMÃOS VITALE EDITORES LTDA,PROGRAMA DO RATINHO,3451,GRAVADO,PROGRAMA,08/12/2023,NOITE,JOSE DIVINO NEVES / ANTONIO DOMICIANO,NILSINHO E CESAR MENOTTI,PERFORMANCE,100.00%,"799,71",noite,nilsinho e cesar menotti,True,Relatório Solicitação
SBT,Unificado SBT nov dez 23 e jan fev mar 24,SONY MUSIC PUBLISHING (BRASIL) EDIÇÕES MUSICAIS LTDA,PROGRAMA DO RATINHO,3456,GRAVADO,PROGRAMA,15/12/2023,DIANA,FRED JORGE / PAUL ANKA,NOVA BANDA DO RATINHO,PERFORMANCE,100.00%,"799,71",diana,nova banda do ratinho,True,Relatório Solicitação
SBT,Unificado SBT nov dez 23 e jan fev mar 24,IRMÃOS VITALE EDITORES LTDA,PROGRAMA DO RATINHO,3461,GRAVADO,PROGRAMA,29/12/2023,SEBASTIANA,ROSIL CAVALCANTI,NOVA BANDA DO RATINHO,PERFORMANCE,100.00%,"799,71",sebastiana,nova banda do ratinho,True,Relatório Solicitação
SBT,Unificado SBT nov dez 23 e jan fev mar 24,DIVERSAS,PROGRAMA DO RATINHO,3457,GRAVADO,PROGRAMA,25/12/2023,SEM SENTIMENTO,DG / BATIDAO STRONDA / FELIPE AMORIM / MC DANNY,MC DESIRRE,PERFORMANCE,100.00%,"799,71",sem sentimento,mc desirre,True,Relatório Solicitação
SBT,Unificado SBT nov dez 23 e jan fev mar 24,DIVERSAS,PROGRAMA SILVIO SANTOS,810,GRAVADO,PROGRAMA,10/12/2023,DOMINGO,SERGIO BRITTO / TONI BELLOTTO,TITÃS,FUNDO MUSICAL,100.00%,"1599,43",domingo,titas,True,Relatório Solicitação
SBT,Unificado SBT nov dez 23 e jan fev mar 24,UNIVERSAL MUSIC PUBLISHING MGB BRASIL LTDA,PROGRAMA SILVIO SANTOS,810,GRAVADO,PROGRAMA,10/12/2023,CORAÇÃO,DORGIVAL DANTAS,LUZ/GIL FERRAZ/NATASCHA PIVA,PERFORMANCE,100.00%,"799,71",coracao,luz/gil ferraz/natascha piva,True,Relatório Solicitação
SBT,Unificado SBT nov dez 23 e jan fev mar 24,DUBAS MÚSICA LTDA,PROGRAMA SILVIO SANTOS,810,GRAVADO,PROGRAMA,10/12/2023,DO LADO DE CÁ,FABRICIO DE GAMBOGI / GISELE DE SANTI,LEANDRO LOURENÇO SALERNO,FUNDO MUSICAL,50.00%,"799,72",do lado de ca,leandro lourenco salerno,True,Relatório Solicitação
SBT,Unificado SBT nov dez 23 e jan fev mar 24,WARNER CHAPPELL EDIÇÕES MUSICAIS LTDA,PROGRAMA SILVIO SANTOS,810,GRAVADO,PROGRAMA,10/12/2023,DO LADO DE CÁ,FABRICIO DE GAMBOGI / GISELE DE SANTI,LEANDRO LOURENÇO SALERNO,FUNDO MUSICAL,50.00%,"799,72",do lado de ca,leandro lourenco salerno,True,Relatório Solicitação
SBT,Unificado SBT nov dez 23 e jan fev mar 24,UNIVERSAL MUSIC PUBLISHING MGB BRASIL LTDA,PROGRAMA SILVIO SANTOS,810,GRAVADO,PROGRAMA,10/12/2023,FELICIDADE,GABRIEL DE MOURA PASSOS / ANGELO VITOR SIMPLICIO DA SILVA / JORGE MARIO DA SILVA / JORGE LEANDRO PEREIRA DA SILVA,SEU JORGE,FUNDO MUSICAL,50.00%,"799,72",felicidade,seu jorge,True,Relatório Solicitação
SBT,Unificado SBT nov dez 23 e jan fev mar 24,SONY MUSIC PUBLISHING (BRASIL) EDIÇÕES MUSICAIS LTDA,PROGRAMA SILVIO SANTOS,810,GRAVADO,PROGRAMA,10/12/2023,FELICIDADE,GABRIEL DE MOURA PASSOS / ANGELO VITOR SIMPLICIO DA SILVA / JORGE MARIO DA SILVA / JORGE LEANDRO PEREIRA DA SILVA,SEU JORGE,FUNDO MUSICAL,50.00%,"799,72",felicidade,seu jorge,True,Relatório Solicitação
SBT,Unificado SBT nov dez 23 e jan fev mar 24,WARNER CHAPPELL EDIÇÕES MUSICAIS LTDA,PROGRAMA DO RATINHO,3454,GRAVADO,PROGRAMA,13/12/2023,CINDERELA,ADELINO MOREIRA,ANGELA MARIA,FUNDO MUSICAL,100.00%,"1599,43",cinderela,angela maria,True,Relatório Solicitação
SBT,Unificado SBT nov dez 23 e jan fev mar 24,THIAGO ABDULAHAD NUNES RIOS ME,PROGRAMA DO RATINHO,3454,GRAVADO,PROGRAMA,13/12/2023,MALVADA,RIVALDO SOARES / SHYLTON FERNANDES / BRENO LIMA,NOVA BANDA DO RATINHO,PERFORMANCE,66.66%,"533,09",malvada,nova banda do ratinho,True,Relatório Solicitação
SBT,Unificado SBT nov dez 23 e jan fev mar 24,WARNER CHAPPELL EDIÇÕES MUSICAIS LTDA,PROGRAMA DO RATINHO,3454,GRAVADO,PROGRAMA,13/12/2023,MALVADA,RIVALDO SOARES / SHYLTON FERNANDES / BRENO LIMA,NOVA BANDA DO RATINHO,PERFORMANCE,33.34%,"266,62",malvada,nova banda do ratinho,True,Relatório Solicitação
SBT,Unificado SBT nov dez 23 e jan fev mar 24,ADDAF - ASS. DEF. DIREITOS AUTORAIS FONOMECÂNICOS,PROGRAMA DO RATINHO,3454,GRAVADO,PROGRAMA,13/12/2023,BEIJINHO NO OMBRO,WALLACE VIANA / ANDRE VIEIRA / LEANDRO PARDAL,NOVA BANDA DO RATINHO,PERFORMANCE,37.50%,"299,89",beijinho no ombro,nova banda do ratinho,True,Relatório Solicitação
SBT,Unificado SBT nov dez 23 e jan fev mar 24,WARNER CHAPPELL EDIÇÕES MUSICAIS LTDA,PROGRAMA DO RATINHO,3454,GRAVADO,PROGRAMA,13/12/2023,BEIJINHO NO OMBRO,WALLACE VIANA / ANDRE VIEIRA / LEANDRO PARDAL,NOVA BANDA DO RATINHO,PERFORMANCE,50.00%,"399,86",beijinho no ombro,nova banda do ratinho,True,Relatório Solicitação
SBT,Unificado SBT nov dez 23 e jan fev mar 24,SONY MUSIC PUBLISHING (BRASIL) EDIÇÕES MUSICAIS LTDA,PROGRAMA DO RATINHO,3454,GRAVADO,PROGRAMA,13/12/2023,BEIJINHO NO OMBRO,WALLACE VIANA / ANDRE VIEIRA / LEANDRO PARDAL,NOVA BANDA DO RATINHO,PERFORMANCE,12.50%,"99,96",beijinho no ombro,nova banda do ratinho,True,Relatório Solicitação
SBT,Unificado SBT nov dez 23 e jan fev mar 24,WARNER CHAPPELL EDIÇÕES MUSICAIS LTDA,PROGRAMA DO RATINHO,3454,GRAVADO,PROGRAMA,13/12/2023,AQUELAS COISAS,DANIEL MENDES DE ARAUJO DANTAS DANIEL MENDES / WASHINGTON VIEIRA FRAGA JUNIOR,NOVA BANDA DO RATINHO,PERFORMANCE,100.00%,"799,71",aquelas coisas,nova banda do ratinho,True,Relatório Solicitação
SBT,Unificado SBT nov dez 23 e jan fev mar 24,COSA NOSTRA FONOGRÁFICA LTDA - ME,PROGRAMA DO RATINHO,3454,GRAVADO,PROGRAMA,13/12/2023,VIDA LOKA,PEDRO PAULO SOARES PEREIRA,MILENE,PERFORMANCE,50.00%,"399,86",vida loka,milene,True,Relatório Solicitação
SBT,Unificado SBT nov dez 23 e jan fev mar 24,ALTAFONTE BRASIL DIREITOS MUSICAIS LTDA,PROGRAMA DO RATINHO,3454,GRAVADO,PROGRAMA,13/12/2023,VIDA LOKA,PEDRO PAULO SOARES PEREIRA,MILENE,PERFORMANCE,50.00%,"399,86",vida loka,milene,True,Relatório Solicitação
SBT,Unificado SBT nov dez 23 e jan fev mar 24,SONY MUSIC PUBLISHING (BRASIL) EDIÇÕES MUSICAIS LTDA,PROGRAMA DO RATINHO,3459,GRAVADO,PROGRAMA,27/12/2023,DIANA,FRED JORGE / PAUL ANKA,NOVA BANDA DO RATINHO,PERFORMANCE,100.00%,"799,71",diana,nova banda do ratinho,True,Relatório Solicitação
SBT,Unificado SBT nov dez 23 e jan fev mar 24,SONY MUSIC PUBLISHING (BRASIL) EDIÇÕES MUSICAIS LTDA,PROGRAMA SILVIO SANTOS,808,GRAVADO,PROGRAMA,03/12/2023,OI,BRUNO CALIMAN,BANDA SILVIO SANTOS,PERFORMANCE,100.00%,"799,71",oi,banda silvio santos,True,Relatório Solicitação
SBT,Unificado SBT nov dez 23 e jan fev mar 24,UNIVERSAL MUSIC PUBLISHING MGB BRASIL LTDA,PROGRAMA SILVIO SANTOS,808,GRAVADO,PROGRAMA,03/12/2023,VERMELHO,GLORIA GROOVE / MC DALESTE / PABLO BISPO / RUXELL,NATASCHA PIVA/GIL FERRAZ/LUZ,PERFORMANCE,100.00%,"799,71",vermelho,natascha piva/gil ferraz/luz,True,Relatório Solicitação
SBT,Unificado SBT nov dez 23 e jan fev mar 24,UNIVERSAL MUSIC PUBLISHING MGB BRASIL LTDA,PROGRAMA SILVIO SANTOS,808,GRAVADO,PROGRAMA,03/12/2023,FICA,ANA CLARA CAETANO,LEANDRO LOURENÇO SALERNO,FUNDO MUSICAL,100.00%,"1599,43",fica,leandro lourenco salerno,True,Relatório Solicitação
SBT,Unificado SBT nov dez 23 e jan fev mar 24,UNIVERSAL MUSIC PUBLISHING MGB BRASIL LTDA,PROGRAMA SILVIO SANTOS,808,GRAVADO,PROGRAMA,03/12/2023,VERDADE,CARLINHOS SANTANA / NELSON RUFINO,LEANDRO LOURENÇO SALERNO,FUNDO MUSICAL,50.00%,"799,72",verdade,leandro lourenco salerno,True,Relatório Solicitação
SBT,Unificado SBT nov dez 23 e jan fev mar 24,SONY MUSIC PUBLISHING (BRASIL) EDIÇÕES MUSICAIS LTDA,PROGRAMA SILVIO SANTOS,808,GRAVADO,PROGRAMA,03/12/2023,VERDADE,CARLINHOS SANTANA / NELSON RUFINO,LEANDRO LOURENÇO SALERNO,FUNDO MUSICAL,50.00%,"799,72",verdade,leandro lourenco salerno,True,Relatório Solicitação
SBT,Unificado SBT nov dez 23 e jan fev mar 24,BMG RIGHTS MANAGEMENT BRASIL LTDA,PROGRAMA SILVIO SANTOS,808,GRAVADO,PROGRAMA,03/12/2023,VAGALUMES,LUIZ TOMIM / IVO MOZART / ADRIEL MENEZES / LEONARDO HENRIQUE VEREDA CUNHA,LEANDRO LOURENÇO SALERNO,FUNDO MUSICAL,33.67%,"538,53",vagalumes,leandro lourenco salerno,True,Relatório Solicitação
SBT,Unificado SBT nov dez 23 e jan fev mar 24,DIVERSAS,PROGRAMA SILVIO SANTOS,808,GRAVADO,PROGRAMA,03/12/2023,VAGALUMES,LUIZ TOMIM / IVO MOZART / ADRIEL MENEZES / LEONARDO HENRIQUE VEREDA CUNHA,LEANDRO LOURENÇO SALERNO,FUNDO MUSICAL,50.00%,"799,72",vagalumes,leandro lourenco salerno,True,Relatório Solicitação
SBT,Unificado SBT nov dez 23 e jan fev mar 24,WARNER CHAPPELL EDIÇÕES MUSICAIS LTDA,PROGRAMA SILVIO SANTOS,808,GRAVADO,PROGRAMA,03/12/2023,VAGALUMES,LUIZ TOMIM / IVO MOZART / ADRIEL MENEZES / LEONARDO HENRIQUE VEREDA CUNHA,LEANDRO LOURENÇO SALERNO,FUNDO MUSICAL,16.33%,"261,19",vagalumes,leandro lourenco salerno,True,Relatório Solicitação
SBT,Unificado SBT nov dez 23 e jan fev mar 24,WARNER CHAPPELL EDIÇÕES MUSICAIS LTDA,PROGRAMA SILVIO SANTOS,808,GRAVADO,PROGRAMA,03/12/2023,MORENA,BRENO CESAR LOLLI / DIEGO ITALLO RODRIGUES DE SOUZA / LUAN RAFAEL DOMINGOS SANTANA / LUCAS GONCALVES / SHYLTON FERNANDES SOUSA AQUINO,LUAN SANTANA,FUNDO MUSICAL,5.00%,"79,97",morena,luan santana,True,Relatório Solicitação
SBT,Unificado SBT nov dez 23 e jan fev mar 24,DIVERSAS,PROGRAMA SILVIO SANTOS,808,GRAVADO,PROGRAMA,03/12/2023,MORENA,BRENO CESAR LOLLI / DIEGO ITALLO RODRIGUES DE SOUZA / LUAN RAFAEL DOMINGOS SANTANA / LUCAS GONCALVES / SHYLTON FERNANDES SOUSA AQUINO,LUAN SANTANA,FUNDO MUSICAL,95.00%,"1519,46",morena,luan santana,True,Relatório Solicitação
SBT,Unificado SBT nov dez 23 e jan fev mar 24,WARNER CHAPPELL EDIÇÕES MUSICAIS LTDA,PROGRAMA SILVIO SANTOS,808,GRAVADO,PROGRAMA,03/12/2023,TETO DE VIDRO,PITTY,BANDA SILVIO SANTOS,PERFORMANCE,100.00%,"799,71",teto de vidro,banda silvio santos,True,Relatório Solicitação
SBT,Unificado SBT nov dez 23 e jan fev mar 24,GEGE EDIÇÕES MUSICAIS LTDA,PROGRAMA SILVIO SANTOS,808,GRAVADO,PROGRAMA,03/12/2023,VAMOS FUGIR,LIMINHA / GILBERTO GIL,BANDA SILVIO SANTOS,PERFORMANCE,50.00%,"399,86",vamos fugir,banda silvio santos,True,Relatório Solicitação
SBT,Unificado SBT nov dez 23 e jan fev mar 24,SONY MUSIC PUBLISHING (BRASIL) EDIÇÕES MUSICAIS LTDA,PROGRAMA SILVIO SANTOS,808,GRAVADO,PROGRAMA,03/12/2023,VAMOS FUGIR,LIMINHA / GILBERTO GIL,BANDA SILVIO SANTOS,PERFORMANCE,50.00%,"399,86",vamos fugir,banda silvio santos,True,Relatório Solicitação
SBT,Unificado SBT nov dez 23 e jan fev mar 24,UNIVERSAL MUSIC PUBLISHING MGB BRASIL LTDA,PROGRAMA SILVIO SANTOS,808,GRAVADO,PROGRAMA,03/12/2023,ERA UMA VEZ,KELL SMITH,KELL SMITH,PERFORMANCE,100.00%,"799,71",era uma vez,kell smith,True,Relatório Solicitação
SBT,Unificado SBT nov dez 23 e jan fev mar 24,WARNER CHAPPELL EDIÇÕES MUSICAIS LTDA,PROGRAMA SILVIO SANTOS,808,GRAVADO,PROGRAMA,03/12/2023,BRISA,IZA / PABLO LUIZ BISPO / RUXELL / SERGIO SANTOS,IZA,FUNDO MUSICAL,75.00%,"1199,57",brisa,iza,True,Relatório Solicitação
SBT,Unificado SBT nov dez 23 e jan fev mar 24,SONY MUSIC PUBLISHING (BRASIL) EDIÇÕES MUSICAIS LTDA,PROGRAMA SILVIO SANTOS,808,GRAVADO,PROGRAMA,03/12/2023,BRISA,IZA / PABLO LUIZ BISPO / RUXELL / SERGIO SANTOS,IZA,FUNDO MUSICAL,25.00%,"399,86",brisa,iza,True,Relatório Solicitação
SBT,Unificado SBT nov dez 23 e jan fev mar 24,UNIVERSAL MUSIC PUBLISHING MGB BRASIL LTDA,PROGRAMA SILVIO SANTOS,809,GRAVADO,PROGRAMA,17/12/2023,VERDADE,CARLINHOS SANTANA / NELSON RUFINO,NATASCHA PIVA,PERFORMANCE,50.00%,"399,86",verdade,natascha piva,True,Relatório Solicitação
SBT,Unificado SBT nov dez 23 e jan fev mar 24,SONY MUSIC PUBLISHING (BRASIL) EDIÇÕES MUSICAIS LTDA,PROGRAMA SILVIO SANTOS,809,GRAVADO,PROGRAMA,17/12/2023,VERDADE,CARLINHOS SANTANA / NELSON RUFINO,NATASCHA PIVA,PERFORMANCE,50.00%,"399,86",verdade,natascha piva,True,Relatório Solicitação
SBT,Unificado SBT nov dez 23 e jan fev mar 24,DIVERSAS,PROGRAMA RAUL GIL (REPRISE),687,REPRISE,PROGRAMA,30/12/2023,SENTADAO,ARTHUR RAMOS / EDU NOBRE / TIE CASTRO,PSIRICO,PERFORMANCE,100.00%,"373,70",sentadao,psirico,True,Relatório Solicitação
SBT,Unificado SBT nov dez 23 e jan fev mar 24,BMG RIGHTS MANAGEMENT BRASIL LTDA,PROGRAMA RAUL GIL (REPRISE),687,REPRISE,PROGRAMA,30/12/2023,GIRASSOL,PRISCILLA ALCANTARA / WHINDERSSON NUNES,IZA VICTÓRIA,PERFORMANCE,100.00%,"373,70",girassol,iza victoria,True,Relatório Solicitação
SBT,Unificado SBT nov dez 23 e jan fev mar 24,PEERMUSIC DO BRASIL EDIÇÕES MUSICAIS LTDA,PROGRAMA SILVIO SANTOS,811,GRAVADO,PROGRAMA,24/12/2023,BALMAIN,MC DANIEL / VINICIUS DOS SANTOS LESSA,MC DANIEL,FUNDO MUSICAL,100.00%,"1599,43",balmain,mc daniel,True,Relatório Solicitação
SBT,Unificado SBT nov dez 23 e jan fev mar 24,UNIVERSAL MUSIC PUBLISHING MGB BRASIL LTDA,PROGRAMA SILVIO SANTOS,811,GRAVADO,PROGRAMA,24/12/2023,PRIMAVERA,CASSIANO / SILVIO ROCHAEL,LEANDRO LOURENÇO SALERNO,FUNDO MUSICAL,100.00%,"1599,43",primavera,leandro lourenco salerno,True,Relatório Solicitação
SBT,Unificado SBT nov dez 23 e jan fev mar 24,IRMÃOS VITALE EDITORES LTDA,PROGRAMA SILVIO SANTOS,811,GRAVADO,PROGRAMA,24/12/2023,ANOITECEU,ASSIS VALENTE,JEITO MOLEQUE/LUCAS MORATO/MR. DAN/PÉRICLES/SAMBÔ/THIAGUINHO,FUNDO MUSICAL,100.00%,"1599,43",anoiteceu,jeito moleque/lucas morato/mr. dan/pericles/sambo/thiaguinho,True,Relatório Solicitação
SBT,Unificado SBT nov dez 23 e jan fev mar 24,IRMÃOS VITALE EDITORES LTDA,PROGRAMA SILVIO SANTOS,811,GRAVADO,PROGRAMA,24/12/2023,ANOITECEU,ASSIS VALENTE,CIRCO DO TIRULIPA,PERFORMANCE,100.00%,"799,71",anoiteceu,circo do tirulipa,True,Relatório Solicitação
SBT,Unificado SBT nov dez 23 e jan fev mar 24,BMG RIGHTS MANAGEMENT BRASIL LTDA,ELIANA,741,GRAVADO,PROGRAMA,03/12/2023,GIRASSOL,WHINDERSSON NUNES,PRISCILLA,PERFORMANCE,100.00%,"799,71",girassol,priscilla,True,Relatório Solicitação
SBT,Unificado SBT nov dez 23 e jan fev mar 24,WARNER CHAPPELL EDIÇÕES MUSICAIS LTDA,ELIANA,741,GRAVADO,PROGRAMA,03/12/2023,GIRASSOL,ANDRE FARIAS / ANTONIO FILHO / MARCOS CRUZ / PAULO GAMA / PEDRO LUIS TEIXEIRA DE OLIVEIRA,TIAGO BARNABÉ,PERFORMANCE,20.00%,"159,94",girassol,tiago barnabe,True,Relatório Solicitação
SBT,Unificado SBT nov dez 23 e jan fev mar 24,SONY MUSIC PUBLISHING (BRASIL) EDIÇÕES MUSICAIS LTDA,ELIANA,741,GRAVADO,PROGRAMA,03/12/2023,GIRASSOL,ANDRE FARIAS / ANTONIO FILHO / MARCOS CRUZ / PAULO GAMA / PEDRO LUIS TEIXEIRA DE OLIVEIRA,TIAGO BARNABÉ,PERFORMANCE,80.00%,"639,77",girassol,tiago barnabe,True,Relatório Solicitação
SBT,Unificado SBT nov dez 23 e jan fev mar 24,DIVERSAS,DOMINGO LEGAL,1557,GRAVADO,PROGRAMA,12/11/2023,PAPI,Hajji Bilal / Jannusi Achraf / Jannusi Novel Naoufal / Khayat Nadir / Sandell Geraldo Jacop / Thornfeldt Jimmy Paul,JENNIFER LOPEZ,FUNDO MUSICAL,100.00%,"1599,43",papi,jennifer lopez,True,Relatório Solicitação
SBT,Unificado SBT nov dez 23 e jan fev mar 24,DIVERSAS,PROGRAMA DO RATINHO,3436,GRAVADO,PROGRAMA,17/11/2023,SOU EU,CARLOS PEDRO / ED WILSON,TRAIA VÉIA,PERFORMANCE,25.00%,"199,93",sou eu,traia veia,True,Relatório Solicitação
SBT,Unificado SBT nov dez 23 e jan fev mar 24,UNIVERSAL MUSIC PUBLISHING MGB BRASIL LTDA,PROGRAMA DO RATINHO,3436,GRAVADO,PROGRAMA,17/11/2023,SOU EU,CARLOS PEDRO / ED WILSON,TRAIA VÉIA,PERFORMANCE,25.00%,"199,93",sou eu,traia veia,True,Relatório Solicitação
SBT,Unificado SBT nov dez 23 e jan fev mar 24,PEERMUSIC DO BRASIL EDIÇÕES MUSICAIS LTDA,PROGRAMA DO RATINHO,3436,GRAVADO,PROGRAMA,17/11/2023,SOU EU,CARLOS PEDRO / ED WILSON,TRAIA VÉIA,PERFORMANCE,50.00%,"399,86",sou eu,traia veia,True,Relatório Solicitação
SBT,Unificado SBT nov dez 23 e jan fev mar 24,DIVERSAS,PROGRAMA DO RATINHO,3436,GRAVADO,PROGRAMA,17/11/2023,SE FOI,BRUNO DE OLIVEIRA CORREA,BRUNINHO SCANDALLI,PERFORMANCE,100.00%,"799,71",se foi,bruninho scandalli,True,Relatório Solicitação
SBT,Unificado SBT nov dez 23 e jan fev mar 24,DIVERSAS,ELIANA,740,GRAVADO,PROGRAMA,26/11/2023,MEIA NOITE,VALTER DANADAO / ZE MALHADA,RAFAEL/CIDA,PERFORMANCE,100.00%,"799,71",meia noite,rafael/cida,True,Relatório Solicitação
SBT,Unificado SBT nov dez 23 e jan fev mar 24,IRMÃOS VITALE EDITORES LTDA,PROGRAMA DO RATINHO,3426,GRAVADO,PROGRAMA,02/11/2023,SEBASTIANA,ROSIL CAVALCANTI,NOVA BANDA DO RATINHO,PERFORMANCE,100.00%,"799,71",sebastiana,nova banda do ratinho,True,Relatório Solicitação
SBT,Unificado SBT nov dez 23 e jan fev mar 24,ROCKING GORILLA MUSIC LTDA,THE NOITE,2446,GRAVADO,PROGRAMA,08/11/2023,ISRAEL,JOHN ALEXANDER MCGEOCH / PETER EDWARD CLARKE / STEVEN JOHN BAILEY / SUSAN JANET BALLION,ULTRAJE A RIGOR,PERFORMANCE,50.00%,"399,86",israel,ultraje a rigor,True,Relatório Solicitação
SBT,Unificado SBT nov dez 23 e jan fev mar 24,DIVERSAS,THE NOITE,2446,GRAVADO,PROGRAMA,08/11/2023,ISRAEL,JOHN ALEXANDER MCGEOCH / PETER EDWARD CLARKE / STEVEN JOHN BAILEY / SUSAN JANET BALLION,ULTRAJE A RIGOR,PERFORMANCE,50.00%,"399,86",israel,ultraje a rigor,True,Relatório Solicitação
SBT,Unificado SBT nov dez 23 e jan fev mar 24,WARNER CHAPPELL EDIÇÕES MUSICAIS LTDA,PROGRAMA SILVIO SANTOS,807,GRAVADO,PROGRAMA,26/11/2023,BRISA,IZA / PABLO LUIZ BISPO / RUXELL / SERGIO SANTOS,LUZ/ NATASCHA PIVA/ GIL FERRAZ,PERFORMANCE,75.00%,"599,78",brisa,luz/ natascha piva/ gil ferraz,True,Relatório Solicitação
SBT,Unificado SBT nov dez 23 e jan fev mar 24,SONY MUSIC PUBLISHING (BRASIL) EDIÇÕES MUSICAIS LTDA,PROGRAMA SILVIO SANTOS,807,GRAVADO,PROGRAMA,26/11/2023,BRISA,IZA / PABLO LUIZ BISPO / RUXELL / SERGIO SANTOS,LUZ/ NATASCHA PIVA/ GIL FERRAZ,PERFORMANCE,25.00%,"199,93",brisa,luz/ natascha piva/ gil ferraz,True,Relatório Solicitação
SBT,Unificado SBT nov dez 23 e jan fev mar 24,WARNER CHAPPELL EDIÇÕES MUSICAIS LTDA,PROGRAMA SILVIO SANTOS,807,GRAVADO,PROGRAMA,26/11/2023,IDENTIDADE,JORGE ARAGAO DA CRUZ,LEANDRO LOURENÇO SALERNO,FUNDO MUSICAL,100.00%,"1599,43",identidade,leandro lourenco salerno,True,Relatório Solicitação
SBT,Unificado SBT nov dez 23 e jan fev mar 24,UNIVERSAL MUSIC PUBLISHING MGB BRASIL LTDA,PROGRAMA SILVIO SANTOS,807,GRAVADO,PROGRAMA,26/11/2023,OUTDOOR,JORGE CARDOSO / BETO CORREA,BANDA SILVIO SANTOS,PERFORMANCE,50.00%,"399,86",outdoor,banda silvio santos,True,Relatório Solicitação
SBT,Unificado SBT nov dez 23 e jan fev mar 24,SONY MUSIC PUBLISHING (BRASIL) EDIÇÕES MUSICAIS LTDA,PROGRAMA SILVIO SANTOS,807,GRAVADO,PROGRAMA,26/11/2023,OUTDOOR,JORGE CARDOSO / BETO CORREA,BANDA SILVIO SANTOS,PERFORMANCE,50.00%,"399,86",outdoor,banda silvio santos,True,Relatório Solicitação
SBT,Unificado SBT nov dez 23 e jan fev mar 24,IRMÃOS VITALE EDITORES LTDA,PROGRAMA SILVIO SANTOS,805,GRAVADO,PROGRAMA,12/11/2023,SAUDADE,CRYSTIAN RALF,LEANDRO LOURENÇO SALERNO,FUNDO MUSICAL,100.00%,"1599,43",saudade,leandro lourenco salerno,True,Relatório Solicitação
SBT,Unificado SBT nov dez 23 e jan fev mar 24,SONY MUSIC PUBLISHING (BRASIL) EDIÇÕES MUSICAIS LTDA,PROGRAMA SILVIO SANTOS,805,GRAVADO,PROGRAMA,12/11/2023,OI,BRUNO CALIMAN,LEANDRO LOURENÇO SALERNO,FUNDO MUSICAL,100.00%,"1599,43",oi,leandro lourenco salerno,True,Relatório Solicitação
SBT,Unificado SBT nov dez 23 e jan fev mar 24,WARNER CHAPPELL EDIÇÕES MUSICAIS LTDA,PROGRAMA SILVIO SANTOS,805,GRAVADO,PROGRAMA,12/11/2023,MAGICA,FELIPE ARNA FERREIRA / NORMANI COELHO PELEGRINI FILHO / ROBISON JOSE FARIA,GUGO E GUILHERME,FUNDO MUSICAL,33.33%,"533,09",magica,gugo e guilherme,True,Relatório Solicitação
SBT,Unificado SBT nov dez 23 e jan fev mar 24,DIVERSAS,PROGRAMA SILVIO SANTOS,805,GRAVADO,PROGRAMA,12/11/2023,MAGICA,FELIPE ARNA FERREIRA / NORMANI COELHO PELEGRINI FILHO / ROBISON JOSE FARIA,GUGO E GUILHERME,FUNDO MUSICAL,66.67%,"1066,34",magica,gugo e guilherme,True,Relatório Solicitação
SBT,Unificado SBT nov dez 23 e jan fev mar 24,ADDAF - ASS. DEF. DIREITOS AUTORAIS FONOMECÂNICOS,PROGRAMA SILVIO SANTOS,805,GRAVADO,PROGRAMA,12/11/2023,BEIJINHO NO OMBRO,WALLACE VIANA / ANDRE VIEIRA / LEANDRO PARDAL,RAFINHA/BALLET,PERFORMANCE,37.50%,"299,89",beijinho no ombro,rafinha/ballet,True,Relatório Solicitação
SBT,Unificado SBT nov dez 23 e jan fev mar 24,WARNER CHAPPELL EDIÇÕES MUSICAIS LTDA,PROGRAMA SILVIO SANTOS,805,GRAVADO,PROGRAMA,12/11/2023,BEIJINHO NO OMBRO,WALLACE VIANA / ANDRE VIEIRA / LEANDRO PARDAL,RAFINHA/BALLET,PERFORMANCE,50.00%,"399,86",beijinho no ombro,rafinha/ballet,True,Relatório Solicitação
SBT,Unificado SBT nov dez 23 e jan fev mar 24,SONY MUSIC PUBLISHING (BRASIL) EDIÇÕES MUSICAIS LTDA,PROGRAMA SILVIO SANTOS,805,GRAVADO,PROGRAMA,12/11/2023,BEIJINHO NO OMBRO,WALLACE VIANA / ANDRE VIEIRA / LEANDRO PARDAL,RAFINHA/BALLET,PERFORMANCE,12.50%,"99,96",beijinho no ombro,rafinha/ballet,True,Relatório Solicitação
SBT,Unificado SBT nov dez 23 e jan fev mar 24,WARNER CHAPPELL EDIÇÕES MUSICAIS LTDA,PROGRAMA SILVIO SANTOS,805,GRAVADO,PROGRAMA,12/11/2023,BRISA,IZA / PABLO LUIZ BISPO / RUXELL / SERGIO SANTOS,IZA,FUNDO MUSICAL,75.00%,"1199,57",brisa,iza,True,Relatório Solicitação
SBT,Unificado SBT nov dez 23 e jan fev mar 24,SONY MUSIC PUBLISHING (BRASIL) EDIÇÕES MUSICAIS LTDA,PROGRAMA SILVIO SANTOS,805,GRAVADO,PROGRAMA,12/11/2023,BRISA,IZA / PABLO LUIZ BISPO / RUXELL / SERGIO SANTOS,IZA,FUNDO MUSICAL,25.00%,"399,86",brisa,iza,True,Relatório Solicitação
SBT,Unificado SBT nov dez 23 e jan fev mar 24,DIVERSAS,THE NOITE,2452,GRAVADO,PROGRAMA,17/11/2023,PARA QUE TÁ FEIO,CAMILA MORAES / DOM VITTOR / PEDRO TICKS / VIANA / VPEREIRA,KAMISA10,PERFORMANCE,100.00%,"799,71",para que ta feio,kamisa10,True,Relatório Solicitação
SBT,Unificado SBT nov dez 23 e jan fev mar 24,UNIVERSAL MUSIC PUBLISHING MGB BRASIL LTDA,PROGRAMA SILVIO SANTOS,804,GRAVADO,PROGRAMA,05/11/2023,PRIMAVERA,CASSIANO / SILVIO ROCHAEL,TIM MAIA,FUNDO MUSICAL,100.00%,"1599,43",primavera,tim maia,True,Relatório Solicitação
SBT,Unificado SBT nov dez 23 e jan fev mar 24,UNIVERSAL MUSIC PUBLISHING MGB BRASIL LTDA,PROGRAMA SILVIO SANTOS,804,GRAVADO,PROGRAMA,05/11/2023,ALMA,ANTUNES FILHO / GOMES,ZELIA DUNCAN,FUNDO MUSICAL,50.00%,"799,72",alma,zelia duncan,True,Relatório Solicitação
SBT,Unificado SBT nov dez 23 e jan fev mar 24,WARNER CHAPPELL EDIÇÕES MUSICAIS LTDA,PROGRAMA SILVIO SANTOS,804,GRAVADO,PROGRAMA,05/11/2023,ALMA,ANTUNES FILHO / GOMES,ZELIA DUNCAN,FUNDO MUSICAL,50.00%,"799,72",alma,zelia duncan,True,Relatório Solicitação
SBT,Unificado SBT nov dez 23 e jan fev mar 24,SONY MUSIC PUBLISHING (BRASIL) EDIÇÕES MUSICAIS LTDA,PROGRAMA DO RATINHO,3444,GRAVADO,PROGRAMA,29/11/2023,DIANA,FRED JORGE / PAUL ANKA,NOVA BANDA DO RATINHO,PERFORMANCE,100.00%,"799,71",diana,nova banda do ratinho,True,Relatório Solicitação
SBT,Unificado SBT nov dez 23 e jan fev mar 24,ADDAF - ASS. DEF. DIREITOS AUTORAIS FONOMECÂNICOS,PROGRAMA SILVIO SANTOS,806,GRAVADO,PROGRAMA,19/11/2023,BEIJINHO NO OMBRO,WALLACE VIANA / ANDRE VIEIRA / LEANDRO PARDAL,LUZ/NATASHA PIVA/GIL,PERFORMANCE,37.50%,"299,89",beijinho no ombro,luz/natasha piva/gil,True,Relatório Solicitação
SBT,Unificado SBT nov dez 23 e jan fev mar 24,WARNER CHAPPELL EDIÇÕES MUSICAIS LTDA,PROGRAMA SILVIO SANTOS,806,GRAVADO,PROGRAMA,19/11/2023,BEIJINHO NO OMBRO,WALLACE VIANA / ANDRE VIEIRA / LEANDRO PARDAL,LUZ/NATASHA PIVA/GIL,PERFORMANCE,50.00%,"399,86",beijinho no ombro,luz/natasha piva/gil,True,Relatório Solicitação
SBT,Unificado SBT nov dez 23 e jan fev mar 24,SONY MUSIC PUBLISHING (BRASIL) EDIÇÕES MUSICAIS LTDA,PROGRAMA SILVIO SANTOS,806,GRAVADO,PROGRAMA,19/11/2023,BEIJINHO NO OMBRO,WALLACE VIANA / ANDRE VIEIRA / LEANDRO PARDAL,LUZ/NATASHA PIVA/GIL,PERFORMANCE,12.50%,"99,96",beijinho no ombro,luz/natasha piva/gil,True,Relatório Solicitação
SBT,Unificado SBT nov dez 23 e jan fev mar 24,THIAGO ABDULAHAD NUNES RIOS ME,PROGRAMA SILVIO SANTOS,806,GRAVADO,PROGRAMA,19/11/2023,MALVADA,RIVALDO SOARES / SHYLTON FERNANDES / BRENO LIMA,LUCAS GUEDEZ,PERFORMANCE,66.66%,"533,09",malvada,lucas guedez,True,Relatório Solicitação
SBT,Unificado SBT nov dez 23 e jan fev mar 24,WARNER CHAPPELL EDIÇÕES MUSICAIS LTDA,PROGRAMA SILVIO SANTOS,806,GRAVADO,PROGRAMA,19/11/2023,MALVADA,RIVALDO SOARES / SHYLTON FERNANDES / BRENO LIMA,LUCAS GUEDEZ,PERFORMANCE,33.34%,"266,62",malvada,lucas guedez,True,Relatório Solicitação
SBT,Unificado SBT nov dez 23 e jan fev mar 24,UNIVERSAL MUSIC PUBLISHING MGB BRASIL LTDA,PROGRAMA SILVIO SANTOS,806,GRAVADO,PROGRAMA,19/11/2023,FELICIDADE,GABRIEL DE MOURA PASSOS / ANGELO VITOR SIMPLICIO DA SILVA / JORGE MARIO DA SILVA / JORGE LEANDRO PEREIRA DA SILVA,SEU JORGE,FUNDO MUSICAL,50.00%,"799,72",felicidade,seu jorge,True,Relatório Solicitação
SBT,Unificado SBT nov dez 23 e jan fev mar 24,WARNER CHAPPELL EDIÇÕES MUSICAIS LTDA,PROGRAMA SILVIO SANTOS,806,GRAVADO,PROGRAMA,19/11/2023,FELICIDADE,GABRIEL DE MOURA PASSOS / ANGELO VITOR SIMPLICIO DA SILVA / JORGE MARIO DA SILVA / JORGE LEANDRO PEREIRA DA SILVA,SEU JORGE,FUNDO MUSICAL,25.00%,"399,86",felicidade,seu jorge,True,Relatório Solicitação
SBT,Unificado SBT nov dez 23 e jan fev mar 24,SONY MUSIC PUBLISHING (BRASIL) EDIÇÕES MUSICAIS LTDA,PROGRAMA SILVIO SANTOS,806,GRAVADO,PROGRAMA,19/11/2023,FELICIDADE,GABRIEL DE MOURA PASSOS / ANGELO VITOR SIMPLICIO DA SILVA / JORGE MARIO DA SILVA / JORGE LEANDRO PEREIRA DA SILVA,SEU JORGE,FUNDO MUSICAL,25.00%,"399,86",felicidade,seu jorge,True,Relatório Solicitação
SBT,Unificado SBT nov dez 23 e jan fev mar 24,BMG RIGHTS MANAGEMENT BRASIL LTDA,THE NOITE (REPRISE),649,REPRISE,PROGRAMA,30/03/2024,HEY JOE,BILLY ROBERTS,JIMMI HENDRIX,PERFORMANCE,100.00%,390.96,hey joe,jimmi hendrix,True,Relatório Solicitação
SBT,Unificado SBT nov dez 23 e jan fev mar 24,DIVERSAS,CIRCO DO TIRU,2,GRAVADO,PROGRAMA,23/03/2024,GOLD,STEPHANIE KIARA,STEPHANIE KIARA,FUNDO MUSICAL,100.00%,1673.31,gold,stephanie kiara,True,Relatório Solicitação
SBT,Unificado SBT nov dez 23 e jan fev mar 24,DIVERSAS,PROGRAMA DO RATINHO,3526,GRAVADO,PROGRAMA,29/03/2024,MORENA,ALEX SANDRO GOMES DE AGUIAR ALVES / ANTONIO AVELAR BORGES JUNIOR / MARCELO BERNARDES DE OLIVEIRA / RAFAEL LIBORIO DE SOUZA,CLAYTON E ROMÁRIO,PERFORMANCE,100.00%,836.65,morena,clayton e romario,True,Relatório Solicitação
SBT,Unificado SBT nov dez 23 e jan fev mar 24,SONY MUSIC PUBLISHING (BRASIL) EDIÇÕES MUSICAIS LTDA,PROGRAMA SILVIO SANTOS,825,GRAVADO,PROGRAMA,31/03/2024,CHOCOLATE,AUGUSTO CESAR DE OLIVEIRA TEIXEIRA / MIHAIL PLOPSCHI / PAULO SERGIO KOSTENBADER VALLE,ANGÉLICA,FUNDO MUSICAL,100.00%,1673.31,chocolate,angelica,True,Relatório Solicitação
SBT,Unificado SBT nov dez 23 e jan fev mar 24,THIAGO ABDULAHAD NUNES RIOS ME,PROGRAMA SILVIO SANTOS,825,GRAVADO,PROGRAMA,31/03/2024,MALVADA,RIVALDO SOARES / SHYLTON FERNANDES / BRENO LIMA,ZÉ FELIPE,FUNDO MUSICAL,33.33%,557.71,malvada,ze felipe,True,Relatório Solicitação
SBT,Unificado SBT nov dez 23 e jan fev mar 24,WARNER CHAPPELL EDIÇÕES MUSICAIS LTDA,PROGRAMA SILVIO SANTOS,825,GRAVADO,PROGRAMA,31/03/2024,MALVADA,RIVALDO SOARES / SHYLTON FERNANDES / BRENO LIMA,ZÉ FELIPE,FUNDO MUSICAL,66.67%,1115.6,malvada,ze felipe,True,Relatório Solicitação
SBT,Unificado SBT nov dez 23 e jan fev mar 24,DIVERSAS,PROGRAMA SILVIO SANTOS,825,GRAVADO,PROGRAMA,31/03/2024,DEJA VU,LUAN SANTANA / LUCAS SANTOS / MATHEUS MARCOLINO / MATHEUS ALEIXO,LUAN SANTANA,FUNDO MUSICAL,100.00%,1673.31,deja vu,luan santana,True,Relatório Solicitação
SBT,Unificado SBT nov dez 23 e jan fev mar 24,WARNER CHAPPELL EDIÇÕES MUSICAIS LTDA,PROGRAMA SILVIO SANTOS,825,GRAVADO,PROGRAMA,31/03/2024,CHOCOLATE,TIM MAIA,TIM MAIA,FUNDO MUSICAL,100.00%,1673.31,chocolate,tim maia,True,Relatório Solicitação
SBT,Unificado SBT nov dez 23 e jan fev mar 24,DIVERSAS,PROGRAMA DO RATINHO,3510,GRAVADO,PROGRAMA,07/03/2024,MACETANDO,IVETE MARIA DIAS DE SANGALO / LUCIANO CHAVES DOS SANTOS / SAMIR PEREIRA TRINDADE,SAKAMOTO,PERFORMANCE,100.00%,836.65,macetando,sakamoto,True,Relatório Solicitação
SBT,Unificado SBT nov dez 23 e jan fev mar 24,IRMÃOS VITALE EDITORES LTDA,PROGRAMA DO RATINHO,3510,GRAVADO,PROGRAMA,07/03/2024,SEBASTIANA,ROSIL CAVALCANTI,NOVA BANDA DO RATINHO,PERFORMANCE,100.00%,836.65,sebastiana,nova banda do ratinho,True,Relatório Solicitação
SBT,Unificado SBT nov dez 23 e jan fev mar 24,DIVERSAS,PROGRAMA RAUL GIL,698,GRAVADO,PROGRAMA,16/03/2024,O MELHOR PRA MIM,FRANCA COSTA / SOARES,ELI SOARES,PERFORMANCE,50.00%,418.32,o melhor pra mim,eli soares,True,Relatório Solicitação
SBT,Unificado SBT nov dez 23 e jan fev mar 24,UNIVERSAL MUSIC PUBLISHING MGB BRASIL LTDA,PROGRAMA RAUL GIL,698,GRAVADO,PROGRAMA,16/03/2024,O MELHOR PRA MIM,FRANCA COSTA / SOARES,ELI SOARES,PERFORMANCE,50.00%,418.32,o melhor pra mim,eli soares,True,Relatório Solicitação
SBT,Unificado SBT nov dez 23 e jan fev mar 24,SONY MUSIC PUBLISHING (BRASIL) EDIÇÕES MUSICAIS LTDA,PROGRAMA DO RATINHO,3516,GRAVADO,PROGRAMA,15/03/2024,DIANA,FRED JORGE / PAUL ANKA,NOVA BANDA DO RATINHO,PERFORMANCE,100.00%,836.65,diana,nova banda do ratinho,True,Relatório Solicitação
SBT,Unificado SBT nov dez 23 e jan fev mar 24,DIVERSAS,PROGRAMA DO RATINHO,3516,GRAVADO,PROGRAMA,15/03/2024,ABISMO,BRUNO RIGAMONTE CARNEIRO / EMANUELLA TENORIO ROCHA / RICARDUS MAXIMUS MIRANDA DA CUNHA JUNIOR / THALLYSON LIMA,MANU BAHTIDÃO,PERFORMANCE,25.00%,209.16,abismo,manu bahtidao,True,Relatório Solicitação
SBT,Unificado SBT nov dez 23 e jan fev mar 24,BMG RIGHTS MANAGEMENT BRASIL LTDA,PROGRAMA DO RATINHO,3516,GRAVADO,PROGRAMA,15/03/2024,ABISMO,BRUNO RIGAMONTE CARNEIRO / EMANUELLA TENORIO ROCHA / RICARDUS MAXIMUS MIRANDA DA CUNHA JUNIOR / THALLYSON LIMA,MANU BAHTIDÃO,PERFORMANCE,75.00%,627.49,abismo,manu bahtidao,True,Relatório Solicitação
SBT,Unificado SBT nov dez 23 e jan fev mar 24,DIVERSAS,DOMINGO LEGAL,1575,GRAVADO,PROGRAMA,17/03/2024,FLUTUANDO,Costa Oliveira  Raphael / Pereira Pinho  Matheus,ZERO61,FUNDO MUSICAL,100.00%,1673.31,flutuando,zero61,True,Relatório Solicitação
SBT,Unificado SBT nov dez 23 e jan fev mar 24,DIVERSAS,PROGRAMA SILVIO SANTOS,821,GRAVADO,PROGRAMA,03/03/2024,MACETANDO,IVETE MARIA DIAS DE SANGALO / LUCIANO CHAVES DOS SANTOS / SAMIR PEREIRA TRINDADE,IVETE,PERFORMANCE,100.00%,836.65,macetando,ivete,True,Relatório Solicitação
SBT,Unificado SBT nov dez 23 e jan fev mar 24,DIVERSAS,PROGRAMA SILVIO SANTOS,821,GRAVADO,PROGRAMA,03/03/2024,MACETANDO,IVETE MARIA DIAS DE SANGALO / LUCIANO CHAVES DOS SANTOS / SAMIR PEREIRA TRINDADE,DANIEL LEVI,PERFORMANCE,100.00%,836.65,macetando,daniel levi,True,Relatório Solicitação
SBT,Unificado SBT nov dez 23 e jan fev mar 24,DIVERSAS,PROGRAMA SILVIO SANTOS,821,GRAVADO,PROGRAMA,03/03/2024,MACETANDO,IVETE MARIA DIAS DE SANGALO / LUCIANO CHAVES DOS SANTOS / SAMIR PEREIRA TRINDADE,VICTOR SARRO,PERFORMANCE,100.00%,836.65,macetando,victor sarro,True,Relatório Solicitação
SBT,Unificado SBT nov dez 23 e jan fev mar 24,DIVERSAS,PROGRAMA SILVIO SANTOS,821,GRAVADO,PROGRAMA,03/03/2024,MACETANDO,IVETE MARIA DIAS DE SANGALO / LUCIANO CHAVES DOS SANTOS / SAMIR PEREIRA TRINDADE,LUZ/NATASCHA PIVA/GIL FERRAZ,PERFORMANCE,100.00%,836.65,macetando,luz/natascha piva/gil ferraz,True,Relatório Solicitação
SBT,Unificado SBT nov dez 23 e jan fev mar 24,SONY MUSIC PUBLISHING (BRASIL) EDIÇÕES MUSICAIS LTDA,TUNEL DOS SONHOS,3524,GRAVADO,PROGRAMA,27/03/2024,OI,BRUNO CALIMAN,NOVA BANDA DO RATINHO,PERFORMANCE,100.00%,836.65,oi,nova banda do ratinho,True,Relatório Solicitação
SBT,Unificado SBT nov dez 23 e jan fev mar 24,UNIVERSAL MUSIC PUBLISHING MGB BRASIL LTDA,PROGRAMA SILVIO SANTOS,823,GRAVADO,PROGRAMA,17/03/2024,VERMELHO,GLORIA GROOVE / MC DALESTE / PABLO BISPO / RUXELL,LUZ/GIL FERRAZ/NATASHA PAIVA,PERFORMANCE,16.66%,139.39,vermelho,luz/gil ferraz/natasha paiva,True,Relatório Solicitação
SBT,Unificado SBT nov dez 23 e jan fev mar 24,WARNER CHAPPELL EDIÇÕES MUSICAIS LTDA,PROGRAMA SILVIO SANTOS,823,GRAVADO,PROGRAMA,17/03/2024,VERMELHO,GLORIA GROOVE / MC DALESTE / PABLO BISPO / RUXELL,LUZ/GIL FERRAZ/NATASHA PAIVA,PERFORMANCE,83.34%,697.26,vermelho,luz/gil ferraz/natasha paiva,True,Relatório Solicitação
SBT,Unificado SBT nov dez 23 e jan fev mar 24,DIVERSAS,PROGRAMA SILVIO SANTOS,823,GRAVADO,PROGRAMA,17/03/2024,MACETANDO,IVERSON DE SOUZA ARAUJO,IVETE SANGALO,FUNDO MUSICAL,100.00%,1673.31,macetando,ivete sangalo,True,Relatório Solicitação
SBT,Unificado SBT nov dez 23 e jan fev mar 24,UNIVERSAL MUSIC PUBLISHING MGB BRASIL LTDA,PROGRAMA SILVIO SANTOS,823,GRAVADO,PROGRAMA,17/03/2024,VERDADE,CARLINHOS SANTANA / NELSON RUFINO,ZECA PAGODINHO,FUNDO MUSICAL,50.00%,836.66,verdade,zeca pagodinho,True,Relatório Solicitação
SBT,Unificado SBT nov dez 23 e jan fev mar 24,SONY MUSIC PUBLISHING (BRASIL) EDIÇÕES MUSICAIS LTDA,PROGRAMA SILVIO SANTOS,823,GRAVADO,PROGRAMA,17/03/2024,VERDADE,CARLINHOS SANTANA / NELSON RUFINO,ZECA PAGODINHO,FUNDO MUSICAL,50.00%,836.66,verdade,zeca pagodinho,True,Relatório Solicitação
SBT,Unificado SBT nov dez 23 e jan fev mar 24,WARNER CHAPPELL EDIÇÕES MUSICAIS LTDA,PROGRAMA SILVIO SANTOS,824,GRAVADO,PROGRAMA,24/03/2024,SÓ VOCÊ,CARLOS VINICIUS SILVA CANTUARIA VINICIUS CANTUARIA,BANDA SILVIO SANTOS,PERFORMANCE,100.00%,836.65,so voce,banda silvio santos,True,Relatório Solicitação
SBT,Unificado SBT nov dez 23 e jan fev mar 24,ATRAÇÃO PRODUÇÕES ILIMITADAS LTDA,PROGRAMA SILVIO SANTOS,824,GRAVADO,PROGRAMA,24/03/2024,LUA,ALOK ACHKAR PERES PETRILLO / ANA FLAVIA CASTELA / DIEGO FERRARI / EVERTON MATOS / FABIO PEREIRA DA SILVA / GUSTAVO DA HUNGRIA NEVES / MARCOS ROBERTO RIBEIRO CARVALHO / MATEUS FELIPE FELIX DA SILVA,PATRICIA/ BALÉ PSS,PERFORMANCE,100.00%,836.65,lua,patricia/ bale pss,True,Relatório Solicitação
SBT,Unificado SBT nov dez 23 e jan fev mar 24,UNIVERSAL MUSIC PUBLISHING MGB BRASIL LTDA,PROGRAMA SILVIO SANTOS,822,GRAVADO,PROGRAMA,10/03/2024,ME CHAMA,LOBAO,LEANDRO LOURENÇO SALERNO,FUNDO MUSICAL,100.00%,1673.31,me chama,leandro lourenco salerno,True,Relatório Solicitação
SBT,Unificado SBT nov dez 23 e jan fev mar 24,DIVERSAS,PROGRAMA SILVIO SANTOS,822,GRAVADO,PROGRAMA,10/03/2024,PERIGO,NICO REZENDE / PAULINHO LIMA,LEANDRO LOURENÇO SALERNO,FUNDO MUSICAL,50.00%,836.66,perigo,leandro lourenco salerno,True,Relatório Solicitação
SBT,Unificado SBT nov dez 23 e jan fev mar 24,SONY MUSIC PUBLISHING (BRASIL) EDIÇÕES MUSICAIS LTDA,PROGRAMA SILVIO SANTOS,822,GRAVADO,PROGRAMA,10/03/2024,PERIGO,NICO REZENDE / PAULINHO LIMA,LEANDRO LOURENÇO SALERNO,FUNDO MUSICAL,50.00%,836.66,perigo,leandro lourenco salerno,True,Relatório Solicitação
SBT,Unificado SBT nov dez 23 e jan fev mar 24,DIVERSAS,CIRCO DO TIRU,3,GRAVADO,PROGRAMA,30/03/2024,SE JOGA,Riva Amarante Nogueira Sandro / Silva Ronaldo Jorge Da,NALDO BENNY,PERFORMANCE,100.00%,836.65,se joga,naldo benny,True,Relatório Solicitação
SBT,Unificado SBT nov dez 23 e jan fev mar 24,DIVERSAS,PROGRAMA RAUL GIL,699,GRAVADO,PROGRAMA,23/03/2024,O MELHOR PRA MIM,FRANCA COSTA / SOARES,ED CARLOS,PERFORMANCE,50.00%,418.32,o melhor pra mim,ed carlos,True,Relatório Solicitação
SBT,Unificado SBT nov dez 23 e jan fev mar 24,UNIVERSAL MUSIC PUBLISHING MGB BRASIL LTDA,PROGRAMA RAUL GIL,699,GRAVADO,PROGRAMA,23/03/2024,O MELHOR PRA MIM,FRANCA COSTA / SOARES,ED CARLOS,PERFORMANCE,50.00%,418.32,o melhor pra mim,ed carlos,True,Relatório Solicitação
SBT,Unificado SBT nov dez 23 e jan fev mar 24,SONY MUSIC PUBLISHING (BRASIL) EDIÇÕES MUSICAIS LTDA,PROGRAMA DO RATINHO,3487,GRAVADO,PROGRAMA,05/02/2024,DIANA,FRED JORGE / PAUL ANKA,ANTONIA,PERFORMANCE,100.00%,"836,65",diana,antonia,True,Relatório Solicitação
SBT,Unificado SBT nov dez 23 e jan fev mar 24,DIVERSAS,THE NOITE (REPRISE),2513,REPRISE,PROGRAMA,10/02/2024,LIVRE,CESAR LEMOS,WANESSA CAMARGO,PERFORMANCE,100.00%,"390,96",livre,wanessa camargo,True,Relatório Solicitação
SBT,Unificado SBT nov dez 23 e jan fev mar 24,DIVERSAS,THE NOITE (REPRISE),2513,REPRISE,PROGRAMA,10/02/2024,LEVE,BARBARA DIAS / BIBI / GUTO OLIVEIRA / LUCAS LIMA / MIKE TULIO / SANDY,WANESSA CAMARGO E SANDY,PERFORMANCE,66.69%,"260,73",leve,wanessa camargo e sandy,True,Relatório Solicitação
SBT,Unificado SBT nov dez 23 e jan fev mar 24,WARNER CHAPPELL EDIÇÕES MUSICAIS LTDA,THE NOITE (REPRISE),2513,REPRISE,PROGRAMA,10/02/2024,LEVE,BARBARA DIAS / BIBI / GUTO OLIVEIRA / LUCAS LIMA / MIKE TULIO / SANDY,WANESSA CAMARGO E SANDY,PERFORMANCE,33.31%,"130,23",leve,wanessa camargo e sandy,True,Relatório Solicitação
SBT,Unificado SBT nov dez 23 e jan fev mar 24,SONY MUSIC PUBLISHING (BRASIL) EDIÇÕES MUSICAIS LTDA,PROGRAMA RAUL GIL (REPRISE),692,REPRISE,PROGRAMA,03/02/2024,ALELUIA,LEONARD COHEN,MIGUEL SOUZA,PERFORMANCE,100.00%,"390,96",aleluia,miguel souza,True,Relatório Solicitação
SBT,Unificado SBT nov dez 23 e jan fev mar 24,WARNER CHAPPELL EDIÇÕES MUSICAIS LTDA,ELIANA (REPRISE),753,REPRISE,PROGRAMA,25/02/2024,CONVITE,BRUNNO GABRYEL / MARQUINHOS DE MORAES,MARVVILA,PERFORMANCE,100.00%,"390,96",convite,marvvila,True,Relatório Solicitação
SBT,Unificado SBT nov dez 23 e jan fev mar 24,DECK PRODUÇÕES ARTÍSTICAS LTDA,PROGRAMA SILVIO SANTOS,818,GRAVADO,PROGRAMA,11/02/2024,SINAIS,THIAGO SILVA / SERGIO JR / BRUNO CARDOSO,SORRISO MAROTO,PERFORMANCE,100.00%,"836,65",sinais,sorriso maroto,True,Relatório Solicitação
SBT,Unificado SBT nov dez 23 e jan fev mar 24,DIVERSAS,PROGRAMA SILVIO SANTOS,818,GRAVADO,PROGRAMA,11/02/2024,ELA,BRUNO CARDOSO / SERGIO JR / THIAGO SILVA,SORRISO MAROTO,PERFORMANCE,100.00%,"836,65",ela,sorriso maroto,True,Relatório Solicitação
SBT,Unificado SBT nov dez 23 e jan fev mar 24,DIVERSAS,PROGRAMA SILVIO SANTOS,819,GRAVADO,PROGRAMA,18/02/2024,NA NA NA,EMILE GHANTOUS / ERIK NELSON / FRANCESCA FRANCCI RICHARD,COVER NOW UNITED,PERFORMANCE,100.00%,"836,65",na na na,cover now united,True,Relatório Solicitação
SBT,Unificado SBT nov dez 23 e jan fev mar 24,DIVERSAS,PROGRAMA SILVIO SANTOS,819,GRAVADO,PROGRAMA,18/02/2024,NA NA NA,EMILE GHANTOUS / ERIK NELSON / FRANCESCA FRANCCI RICHARD,AUDITORIO,PERFORMANCE,100.00%,"836,65",na na na,auditorio,True,Relatório Solicitação
SBT,Unificado SBT nov dez 23 e jan fev mar 24,PÉ DE VERSO LTDA,PROGRAMA SILVIO SANTOS,819,GRAVADO,PROGRAMA,18/02/2024,VOCÊ DE VOLTA,MARCO AURELIO,BANDA SILVIO SANTOS,PERFORMANCE,100.00%,"836,65",voce de volta,banda silvio santos,True,Relatório Solicitação
SBT,Unificado SBT nov dez 23 e jan fev mar 24,WARNER CHAPPELL EDIÇÕES MUSICAIS LTDA,PROGRAMA SILVIO SANTOS,819,GRAVADO,PROGRAMA,18/02/2024,AQUELAS COISAS,DANIEL MENDES DE ARAUJO DANTAS DANIEL MENDES / WASHINGTON VIEIRA FRAGA JUNIOR,JOÃO GOMES /TARCÍSIO DO ACORDEON,FUNDO MUSICAL,100.00%,"1673,31",aquelas coisas,joao gomes /tarcisio do acordeon,True,Relatório Solicitação
SBT,Unificado SBT nov dez 23 e jan fev mar 24,IRMÃOS VITALE EDITORES LTDA,ELIANA,753,GRAVADO,PROGRAMA,25/02/2024,SAUDADE,CRYSTIAN RALF,FELIPE ARAÚJO E JOÃO REIS,PERFORMANCE,100.00%,"836,65",saudade,felipe araujo e joao reis,True,Relatório Solicitação
SBT,Unificado SBT nov dez 23 e jan fev mar 24,MK MUSIC EDIÇÕES MUSICAIS LTDA,ELIANA,752,GRAVADO,PROGRAMA,18/02/2024,DESERTO,ANDERSON RICARDO FREIRE / ANDRE VERIDIANO FREIRE,MARIANNY ALVES COELHO,PERFORMANCE,100.00%,"836,65",deserto,marianny alves coelho,True,Relatório Solicitação
SBT,Unificado SBT nov dez 23 e jan fev mar 24,DIVERSAS,PROGRAMA DO RATINHO,3504,GRAVADO,PROGRAMA,28/02/2024,MACETANDO,IVETE MARIA DIAS DE SANGALO / LUCIANO CHAVES DOS SANTOS / SAMIR PEREIRA TRINDADE,IVETE SANGALO,FUNDO MUSICAL,100.00%,"1673,31",macetando,ivete sangalo,True,Relatório Solicitação
SBT,Unificado SBT nov dez 23 e jan fev mar 24,SONY MUSIC PUBLISHING (BRASIL) EDIÇÕES MUSICAIS LTDA,PROGRAMA SILVIO SANTOS,820,GRAVADO,PROGRAMA,25/02/2024,MORENA,SHYLTON FERNANDES / BRENO CESAR / DIEGO BARAO / LUAN SANTANA / LUCAS SANTOS,LEANDRO LOURENÇO SALERNO,FUNDO MUSICAL,20.00%,"334,66",morena,leandro lourenco salerno,True,Relatório Solicitação
SBT,Unificado SBT nov dez 23 e jan fev mar 24,ABRAMUS DIGITAL SERV. IDENT. REPERTÓRIO,PROGRAMA SILVIO SANTOS,820,GRAVADO,PROGRAMA,25/02/2024,MORENA,SHYLTON FERNANDES / BRENO CESAR / DIEGO BARAO / LUAN SANTANA / LUCAS SANTOS,LEANDRO LOURENÇO SALERNO,FUNDO MUSICAL,20.00%,"334,66",morena,leandro lourenco salerno,True,Relatório Solicitação
SBT,Unificado SBT nov dez 23 e jan fev mar 24,WARNER CHAPPELL EDIÇÕES MUSICAIS LTDA,PROGRAMA SILVIO SANTOS,820,GRAVADO,PROGRAMA,25/02/2024,MORENA,SHYLTON FERNANDES / BRENO CESAR / DIEGO BARAO / LUAN SANTANA / LUCAS SANTOS,LEANDRO LOURENÇO SALERNO,FUNDO MUSICAL,40.00%,"669,32",morena,leandro lourenco salerno,True,Relatório Solicitação
SBT,Unificado SBT nov dez 23 e jan fev mar 24,DECK PRODUÇÕES ARTÍSTICAS LTDA,PROGRAMA SILVIO SANTOS,820,GRAVADO,PROGRAMA,25/02/2024,MORENA,SHYLTON FERNANDES / BRENO CESAR / DIEGO BARAO / LUAN SANTANA / LUCAS SANTOS,LEANDRO LOURENÇO SALERNO,FUNDO MUSICAL,20.00%,"334,66",morena,leandro lourenco salerno,True,Relatório Solicitação
SBT,Unificado SBT nov dez 23 e jan fev mar 24,DIVERSAS,PROGRAMA SILVIO SANTOS,820,GRAVADO,PROGRAMA,25/02/2024,ACABOU,RICARDO CHAVES,RICARDO CHAVES,FUNDO MUSICAL,100.00%,"1673,31",acabou,ricardo chaves,True,Relatório Solicitação
SBT,Unificado SBT nov dez 23 e jan fev mar 24,SONY MUSIC PUBLISHING (BRASIL) EDIÇÕES MUSICAIS LTDA,PROGRAMA DO RATINHO,3491,GRAVADO,PROGRAMA,09/02/2024,DIANA,FRED JORGE / PAUL ANKA,NOVA BANDA DO RATINHO,PERFORMANCE,100.00%,"836,65",diana,nova banda do ratinho,True,Relatório Solicitação
SBT,Unificado SBT nov dez 23 e jan fev mar 24,DIVERSAS,PROGRAMA DO RATINHO,3500,GRAVADO,PROGRAMA,22/02/2024,MINHA VIZINHA,MANOEL RODRIGUES,MANOEL RODRIGUES,PERFORMANCE,100.00%,"836,65",minha vizinha,manoel rodrigues,True,Relatório Solicitação
SBT,Unificado SBT nov dez 23 e jan fev mar 24,SONY MUSIC PUBLISHING (BRASIL) EDIÇÕES MUSICAIS LTDA,PROGRAMA DO RATINHO,3501,GRAVADO,PROGRAMA,23/02/2024,OI,BRUNO CALIMAN,LÉO MAGALHÃES,PERFORMANCE,100.00%,"836,65",oi,leo magalhaes,True,Relatório Solicitação
SBT,Unificado SBT nov dez 23 e jan fev mar 24,DIVERSAS,PROGRAMA DO RATINHO,3501,GRAVADO,PROGRAMA,23/02/2024,24 HORAS,BRUNO CALIMAN,LÉO MAGALHÃES,PERFORMANCE,100.00%,"836,65",24 horas,leo magalhaes,True,Relatório Solicitação
SBT,Unificado SBT nov dez 23 e jan fev mar 24,DIVERSAS,PROGRAMA DO RATINHO,3493,GRAVADO,PROGRAMA,13/02/2024,FOGO,KARIN HILLS / PABLO BISPO / RUXELL / SERGIO SANTOS / DOUGLAS CAMPOS,KARIN HILS,PERFORMANCE,70.00%,"585,66",fogo,karin hils,True,Relatório Solicitação
SBT,Unificado SBT nov dez 23 e jan fev mar 24,WARNER CHAPPELL EDIÇÕES MUSICAIS LTDA,PROGRAMA DO RATINHO,3493,GRAVADO,PROGRAMA,13/02/2024,FOGO,KARIN HILLS / PABLO BISPO / RUXELL / SERGIO SANTOS / DOUGLAS CAMPOS,KARIN HILS,PERFORMANCE,30.00%,"251,00",fogo,karin hils,True,Relatório Solicitação
SBT,Unificado SBT nov dez 23 e jan fev mar 24,DIVERSAS,PROGRAMA DO RATINHO,3493,GRAVADO,PROGRAMA,13/02/2024,FOGO,KARIN HILLS / PABLO BISPO / RUXELL / SERGIO SANTOS / DOUGLAS CAMPOS,KARI HILS,PERFORMANCE,70.00%,"585,66",fogo,kari hils,True,Relatório Solicitação
SBT,Unificado SBT nov dez 23 e jan fev mar 24,WARNER CHAPPELL EDIÇÕES MUSICAIS LTDA,PROGRAMA DO RATINHO,3493,GRAVADO,PROGRAMA,13/02/2024,FOGO,KARIN HILLS / PABLO BISPO / RUXELL / SERGIO SANTOS / DOUGLAS CAMPOS,KARI HILS,PERFORMANCE,30.00%,"251,00",fogo,kari hils,True,Relatório Solicitação
SBT,Unificado SBT nov dez 23 e jan fev mar 24,UNIVERSAL MUSIC PUBLISHING MGB BRASIL LTDA,PROGRAMA DO RATINHO,3494,GRAVADO,PROGRAMA,14/02/2024,DOMINGO,ALEXANDRE PIRES,NOVA BANDA DO RATINHO,PERFORMANCE,11.00%,"92,03",domingo,nova banda do ratinho,True,Relatório Solicitação
SBT,Unificado SBT nov dez 23 e jan fev mar 24,NOSSAMÚSICA PRODUÇÕES E EDIÇÕES MUSICAIS LTDA,PROGRAMA DO RATINHO,3494,GRAVADO,PROGRAMA,14/02/2024,DOMINGO,ALEXANDRE PIRES,NOVA BANDA DO RATINHO,PERFORMANCE,89.00%,"744,62",domingo,nova banda do ratinho,True,Relatório Solicitação
SBT,Unificado SBT nov dez 23 e jan fev mar 24,WARNER CHAPPELL EDIÇÕES MUSICAIS LTDA,PROGRAMA SILVIO SANTOS,817,GRAVADO,PROGRAMA,04/02/2024,PODEROSA,NELSON ALVES DAS NEVES FILHO,NATASCHA PIVA,PERFORMANCE,100.00%,"836,65",poderosa,natascha piva,True,Relatório Solicitação
SBT,Unificado SBT nov dez 23 e jan fev mar 24,UNIVERSAL MUSIC PUBLISHING MGB BRASIL LTDA,PROGRAMA SILVIO SANTOS,817,GRAVADO,PROGRAMA,04/02/2024,VERMELHO,GLORIA GROOVE / MC DALESTE / PABLO BISPO / RUXELL,GLORIA GROOVE,FUNDO MUSICAL,16.66%,"278,77",vermelho,gloria groove,True,Relatório Solicitação
SBT,Unificado SBT nov dez 23 e jan fev mar 24,WARNER CHAPPELL EDIÇÕES MUSICAIS LTDA,PROGRAMA SILVIO SANTOS,817,GRAVADO,PROGRAMA,04/02/2024,VERMELHO,GLORIA GROOVE / MC DALESTE / PABLO BISPO / RUXELL,GLORIA GROOVE,FUNDO MUSICAL,83.34%,"1394,54",vermelho,gloria groove,True,Relatório Solicitação
SBT,Unificado SBT nov dez 23 e jan fev mar 24,THIAGO ABDULAHAD NUNES RIOS ME,PROGRAMA SILVIO SANTOS (REPRISE),806,REPRISE,PROGRAMA,28/01/2024,MALVADA,RIVALDO SOARES / SHYLTON FERNANDES / BRENO LIMA,LUCAS GUEDEZ,PERFORMANCE,33.33%,130.31,malvada,lucas guedez,True,Relatório Solicitação
SBT,Unificado SBT nov dez 23 e jan fev mar 24,WARNER CHAPPELL EDIÇÕES MUSICAIS LTDA,PROGRAMA SILVIO SANTOS (REPRISE),806,REPRISE,PROGRAMA,28/01/2024,MALVADA,RIVALDO SOARES / SHYLTON FERNANDES / BRENO LIMA,LUCAS GUEDEZ,PERFORMANCE,66.67%,260.65,malvada,lucas guedez,True,Relatório Solicitação
SBT,Unificado SBT nov dez 23 e jan fev mar 24,DIVERSAS,DOMINGO LEGAL,1566,GRAVADO,PROGRAMA,14/01/2024,DEIXE QUEIMAR,Henrique Mendonça / Henrique Mendonça,HENRIQUE MENDONÇA,FUNDO MUSICAL,100.00%,1673.31,deixe queimar,henrique mendonca,True,Relatório Solicitação
SBT,Unificado SBT nov dez 23 e jan fev mar 24,PEERMUSIC DO BRASIL EDIÇÕES MUSICAIS LTDA,PROGRAMA SILVIO SANTOS (REPRISE),791,REPRISE,PROGRAMA,21/01/2024,BALMAIN,MC DANIEL / VINICIUS DOS SANTOS LESSA,MC DANIEL,PERFORMANCE,100.00%,390.96,balmain,mc daniel,True,Relatório Solicitação
SBT,Unificado SBT nov dez 23 e jan fev mar 24,DECK PRODUÇÕES ARTÍSTICAS LTDA,PROGRAMA DO RATINHO (REPRISE),3481,REPRISE,PROGRAMA,26/01/2024,SE JOGA,NALDO,NALDO,PERFORMANCE,100.00%,390.96,se joga,naldo,True,Relatório Solicitação
SBT,Unificado SBT nov dez 23 e jan fev mar 24,PEERMUSIC DO BRASIL EDIÇÕES MUSICAIS LTDA,PROGRAMA DO RATINHO (REPRISE),3466,REPRISE,PROGRAMA,05/01/2024,ME APAIXONEI,M SACCO / PINOCCHIO,MARCOS E BELUTTI,PERFORMANCE,100.00%,390.96,me apaixonei,marcos e belutti,True,Relatório Solicitação
SBT,Unificado SBT nov dez 23 e jan fev mar 24,PEERMUSIC DO BRASIL EDIÇÕES MUSICAIS LTDA,PROGRAMA DO RATINHO (REPRISE),3466,REPRISE,PROGRAMA,05/01/2024,CASA DE CABOCLO,CARLOS EDUARDO FERREIRA OLIVEIRA / GERALDO ANTONIO DE CARVALHO / LAUDARCY RICARDO DE OLIVEIRA,RICK E RENNER,PERFORMANCE,50.00%,195.48,casa de caboclo,rick e renner,True,Relatório Solicitação
SBT,Unificado SBT nov dez 23 e jan fev mar 24,WARNER CHAPPELL EDIÇÕES MUSICAIS LTDA,PROGRAMA DO RATINHO (REPRISE),3466,REPRISE,PROGRAMA,05/01/2024,CASA DE CABOCLO,CARLOS EDUARDO FERREIRA OLIVEIRA / GERALDO ANTONIO DE CARVALHO / LAUDARCY RICARDO DE OLIVEIRA,RICK E RENNER,PERFORMANCE,50.00%,195.48,casa de caboclo,rick e renner,True,Relatório Solicitação
SBT,Unificado SBT nov dez 23 e jan fev mar 24,WARNER CHAPPELL EDIÇÕES MUSICAIS LTDA,DOMINGO LEGAL (REPRISE),1567,REPRISE,PROGRAMA,21/01/2024,MORENA,BRENO CESAR LOLLI / DIEGO ITALLO RODRIGUES DE SOUZA / LUAN RAFAEL DOMINGOS SANTANA / LUCAS GONCALVES / SHYLTON FERNANDES SOUSA AQUINO,LUAN SANTANA,FUNDO MUSICAL,5.00%,39.1,morena,luan santana,True,Relatório Solicitação
SBT,Unificado SBT nov dez 23 e jan fev mar 24,DIVERSAS,DOMINGO LEGAL (REPRISE),1567,REPRISE,PROGRAMA,21/01/2024,MORENA,BRENO CESAR LOLLI / DIEGO ITALLO RODRIGUES DE SOUZA / LUAN RAFAEL DOMINGOS SANTANA / LUCAS GONCALVES / SHYLTON FERNANDES SOUSA AQUINO,LUAN SANTANA,FUNDO MUSICAL,95.00%,742.82,morena,luan santana,True,Relatório Solicitação
SBT,Unificado SBT nov dez 23 e jan fev mar 24,DIVERSAS,DOMINGO LEGAL (REPRISE),1566,REPRISE,PROGRAMA,14/01/2024,SE JOGA,Riva Amarante Nogueira Sandro / Silva Ronaldo Jorge Da,NALDO BENNY,FUNDO MUSICAL,100.00%,781.92,se joga,naldo benny,True,Relatório Solicitação
SBT,Unificado SBT nov dez 23 e jan fev mar 24,DIVERSAS,DOMINGO LEGAL,1568,GRAVADO,PROGRAMA,28/01/2024,VERMELHO,DANIEL GARCIA FELICIONE NAPOLEAO / MC DALESTE / PABLO BISPO / RUXELL,GLORIA GROOVE,PERFORMANCE,100.00%,836.65,vermelho,gloria groove,True,Relatório Solicitação
SBT,Unificado SBT nov dez 23 e jan fev mar 24,WARNER CHAPPELL EDIÇÕES MUSICAIS LTDA,PROGRAMA SILVIO SANTOS (REPRISE),799,REPRISE,PROGRAMA,28/01/2024,TETO DE VIDRO,PITTY,LEANDRO LOURENÇO SALERNO,FUNDO MUSICAL,100.00%,781.92,teto de vidro,leandro lourenco salerno,True,Relatório Solicitação
SBT,Unificado SBT nov dez 23 e jan fev mar 24,UNIVERSAL MUSIC PUBLISHING MGB BRASIL LTDA,PROGRAMA SILVIO SANTOS (REPRISE),786,REPRISE,PROGRAMA,28/01/2024,FELICIDADE,GABRIEL DE MOURA PASSOS / ANGELO VITOR SIMPLICIO DA SILVA / JORGE MARIO DA SILVA / JORGE LEANDRO PEREIRA DA SILVA,DJMIRORIZZO,FUNDO MUSICAL,50.00%,390.96,felicidade,djmirorizzo,True,Relatório Solicitação
SBT,Unificado SBT nov dez 23 e jan fev mar 24,WARNER CHAPPELL EDIÇÕES MUSICAIS LTDA,PROGRAMA SILVIO SANTOS (REPRISE),786,REPRISE,PROGRAMA,28/01/2024,FELICIDADE,GABRIEL DE MOURA PASSOS / ANGELO VITOR SIMPLICIO DA SILVA / JORGE MARIO DA SILVA / JORGE LEANDRO PEREIRA DA SILVA,DJMIRORIZZO,FUNDO MUSICAL,25.00%,195.48,felicidade,djmirorizzo,True,Relatório Solicitação
SBT,Unificado SBT nov dez 23 e jan fev mar 24,SONY MUSIC PUBLISHING (BRASIL) EDIÇÕES MUSICAIS LTDA,PROGRAMA SILVIO SANTOS (REPRISE),786,REPRISE,PROGRAMA,28/01/2024,FELICIDADE,GABRIEL DE MOURA PASSOS / ANGELO VITOR SIMPLICIO DA SILVA / JORGE MARIO DA SILVA / JORGE LEANDRO PEREIRA DA SILVA,DJMIRORIZZO,FUNDO MUSICAL,25.00%,195.48,felicidade,djmirorizzo,True,Relatório Solicitação
SBT,Unificado SBT nov dez 23 e jan fev mar 24,DIVERSAS,ELIANA (REPRISE),749,REPRISE,PROGRAMA,28/01/2024,DEJA VU,BEYONCE / RODNEY JERKINS / MAKEBA RIDDICK / JON WEBB / SHAWN CARTER / KELI PRICE / DELISHA THOMAS,LILI BEY,PERFORMANCE,5.82%,22.75,deja vu,lili bey,True,Relatório Solicitação
SBT,Unificado SBT nov dez 23 e jan fev mar 24,ABRAMUS DIGITAL SERV. IDENT. REPERTÓRIO,ELIANA (REPRISE),749,REPRISE,PROGRAMA,28/01/2024,DEJA VU,BEYONCE / RODNEY JERKINS / MAKEBA RIDDICK / JON WEBB / SHAWN CARTER / KELI PRICE / DELISHA THOMAS,LILI BEY,PERFORMANCE,5.84%,22.83,deja vu,lili bey,True,Relatório Solicitação
SBT,Unificado SBT nov dez 23 e jan fev mar 24,SONY MUSIC PUBLISHING (BRASIL) EDIÇÕES MUSICAIS LTDA,ELIANA (REPRISE),749,REPRISE,PROGRAMA,28/01/2024,DEJA VU,BEYONCE / RODNEY JERKINS / MAKEBA RIDDICK / JON WEBB / SHAWN CARTER / KELI PRICE / DELISHA THOMAS,LILI BEY,PERFORMANCE,88.34%,345.37,deja vu,lili bey,True,Relatório Solicitação
SBT,Unificado SBT nov dez 23 e jan fev mar 24,PEERMUSIC DO BRASIL EDIÇÕES MUSICAIS LTDA,ELIANA (REPRISE),749,REPRISE,PROGRAMA,28/01/2024,LISTEN,ANNE PREVEN / BEYONCE / HENRY KRIEGER / SCOTT MICHAEL CUTLER,LILI BEY,PERFORMANCE,75.86%,296.58,listen,lili bey,True,Relatório Solicitação
SBT,Unificado SBT nov dez 23 e jan fev mar 24,SONY MUSIC PUBLISHING (BRASIL) EDIÇÕES MUSICAIS LTDA,ELIANA (REPRISE),749,REPRISE,PROGRAMA,28/01/2024,LISTEN,ANNE PREVEN / BEYONCE / HENRY KRIEGER / SCOTT MICHAEL CUTLER,LILI BEY,PERFORMANCE,24.14%,94.38,listen,lili bey,True,Relatório Solicitação
SBT,Unificado SBT nov dez 23 e jan fev mar 24,WARNER CHAPPELL EDIÇÕES MUSICAIS LTDA,PROGRAMA SILVIO SANTOS (REPRISE),789,REPRISE,PROGRAMA,14/01/2024,BRISA,IZA / PABLO LUIZ BISPO / RUXELL / SERGIO SANTOS,BALÉ PROGRAMA SILVIO SANTOS,PERFORMANCE,75.00%,293.22,brisa,bale programa silvio santos,True,Relatório Solicitação
SBT,Unificado SBT nov dez 23 e jan fev mar 24,SONY MUSIC PUBLISHING (BRASIL) EDIÇÕES MUSICAIS LTDA,PROGRAMA SILVIO SANTOS (REPRISE),789,REPRISE,PROGRAMA,14/01/2024,BRISA,IZA / PABLO LUIZ BISPO / RUXELL / SERGIO SANTOS,BALÉ PROGRAMA SILVIO SANTOS,PERFORMANCE,25.00%,97.74,brisa,bale programa silvio santos,True,Relatório Solicitação
SBT,Unificado SBT nov dez 23 e jan fev mar 24,WARNER CHAPPELL EDIÇÕES MUSICAIS LTDA,PROGRAMA SILVIO SANTOS (REPRISE),798,REPRISE,PROGRAMA,14/01/2024,SÓ VOCÊ,VINICIUS CANTUARIA,FABIO JUNIOR,FUNDO MUSICAL,100.00%,781.92,so voce,fabio junior,True,Relatório Solicitação
SBT,Unificado SBT nov dez 23 e jan fev mar 24,BMG RIGHTS MANAGEMENT BRASIL LTDA,THE NOITE (REPRISE),2495,REPRISE,PROGRAMA,17/01/2024,FLY AWAY,LENY KRAVITZ,ULTRAJE A RIGOR,PERFORMANCE,100.00%,390.96,fly away,ultraje a rigor,True,Relatório Solicitação
SBT,Unificado SBT nov dez 23 e jan fev mar 24,UNIVERSAL MUSIC PUBLISHING MGB BRASIL LTDA,PROGRAMA RAUL GIL (REPRISE),688,REPRISE,PROGRAMA,06/01/2024,ERA UMA VEZ,KELL SMITH,LARA E KELL SMITH,PERFORMANCE,100.00%,390.96,era uma vez,lara e kell smith,True,Relatório Solicitação
SBT,Unificado SBT nov dez 23 e jan fev mar 24,SONY MUSIC PUBLISHING (BRASIL) EDIÇÕES MUSICAIS LTDA,PROGRAMA DO RATINHO (REPRISE),3471,REPRISE,PROGRAMA,12/01/2024,ESSE CARA SOU EU,ROBERTO CARLOS,FABIANO JUFFU,PERFORMANCE,100.00%,390.96,esse cara sou eu,fabiano juffu,True,Relatório Solicitação
SBT,Unificado SBT nov dez 23 e jan fev mar 24,THIAGO ABDULAHAD NUNES RIOS ME,PROGRAMA SILVIO SANTOS (REPRISE),806,REPRISE,PROGRAMA,28/01/2024,MALVADA,RIVALDO SOARES / SHYLTON FERNANDES / BRENO LIMA,LUCAS GUEDEZ,PERFORMANCE,33.33%,130.31,malvada,lucas guedez,True,Relatório Solicitação
SBT,Unificado SBT nov dez 23 e jan fev mar 24,WARNER CHAPPELL EDIÇÕES MUSICAIS LTDA,PROGRAMA SILVIO SANTOS (REPRISE),806,REPRISE,PROGRAMA,28/01/2024,MALVADA,RIVALDO SOARES / SHYLTON FERNANDES / BRENO LIMA,LUCAS GUEDEZ,PERFORMANCE,66.67%,260.65,malvada,lucas guedez,True,Relatório Solicitação
SBT,Unificado SBT nov dez 23 e jan fev mar 24,DIVERSAS,DOMINGO LEGAL,1566,GRAVADO,PROGRAMA,14/01/2024,DEIXE QUEIMAR,Henrique Mendonça / Henrique Mendonça,HENRIQUE MENDONÇA,FUNDO MUSICAL,100.00%,1673.31,deixe queimar,henrique mendonca,True,Relatório Solicitação
SBT,Unificado SBT nov dez 23 e jan fev mar 24,PEERMUSIC DO BRASIL EDIÇÕES MUSICAIS LTDA,PROGRAMA SILVIO SANTOS (REPRISE),791,REPRISE,PROGRAMA,21/01/2024,BALMAIN,MC DANIEL / VINICIUS DOS SANTOS LESSA,MC DANIEL,PERFORMANCE,100.00%,390.96,balmain,mc daniel,True,Relatório Solicitação
Canal Brasil,Ubem_CanalBrasil_Fev24 (1),Mídia,Canal,Data,Gênero,Programa,Episódio Nr.,Título da Obra,Autor(es),Intérprete(s),Editora(s),Tipo de Sincronização,Acervo Sim ou Não,Data da 1ª Exibição (apenas para conferência),Exibição,midia,,True,CanalBrasil_Fevereiro24
Globo,MusicCueSheet_TvAberta_Outubro2023,DOMINGAO COM HUCK,DOMINGÃO COM HUCK,01/10/2023,18:10:55,108,,,,GLOBO,2021.0,DIREÇÃO ARTÍSTICA DE HÉLIO VARGAS E DIREÇÃO GERAL DE CLARISSA LOPES.,6,PESCADOR,MUSICA COMERCIAL,ARMANDINHO,ARMANDINHO,15,BK,,UNIVERSAL MGB,ATRAÇÃO,,,pescador,armandinho,True,MusicCueSheet_TvAberta_Out23
Globo,MusicCueSheet_TvAberta_Outubro2023,DOMINGAO COM HUCK,DOMINGÃO COM HUCK,01/10/2023,18:10:55,108,,,,GLOBO,2021.0,DIREÇÃO ARTÍSTICA DE HÉLIO VARGAS E DIREÇÃO GERAL DE CLARISSA LOPES.,98,BEIJINHO NO OMBRO,MUSICA COMERCIAL,"ANDRE VIEIRA,ANDRE VIEIRA,DENNIS DJ,PARDAL,WALLACE VIANA,WALLACE VIANA",VALESCA POPOZUDA,98,BK,,"UNIVERSAL MGB,WARNER CHAPPELL,SONY MUSIC PUBLISHING,ADDAF,UNIVERSAL MGB,WARNER CHAPPELL",BERGER MOBILE,,,beijinho no ombro,valesca popozuda,True,MusicCueSheet_TvAberta_Out23
Globo,MusicCueSheet_TvAberta_Outubro2023,FANTASTICO,FANTÁSTICO,01/10/2023,20:29:58,2606,,,,GLOBO,2023.0,ALI KAMEL,236,DOMINGO,MUSICA COMERCIAL,"ALEXANDRE PIRES,FERNANDO PIRES,RENATO,VADINHO",SÓ PRA CONTRARIAR,44,PE,,"NOSSA MUSICA,NOSSA MUSICA,UNIVERSAL MGB,UNIVERSAL MGB",,,,domingo,so pra contrariar,True,MusicCueSheet_TvAberta_Out23
Globo,MusicCueSheet_TvAberta_Outubro2023,PIPOCA DA IVETE 2023,PIPOCA DA IVETE,01/10/2023,14:20:03,3,,,,GLOBO,202.0,DIREÇÃO ARTÍSTICA DE CRESO EDUARDO MACEDO E DIREÇÃO DE GÊNERO DE BONINHO,29,MORENA,MUSICA COMERCIAL,"BRUNO MARTINI,VITOR KLEY","JOAO TERRA,FABINHO K,ALLEX REIS",167,PE,,"UNIVERSAL MGB,UNIVERSAL MGB",,,,morena,"joao terra,fabinho k,allex reis",True,MusicCueSheet_TvAberta_Out23
Globo,MusicCueSheet_TvAberta_Outubro2023,PIPOCA DA IVETE 2023,PIPOCA DA IVETE,01/10/2023,14:20:03,3,,,,GLOBO,202.0,DIREÇÃO ARTÍSTICA DE CRESO EDUARDO MACEDO E DIREÇÃO DE GÊNERO DE BONINHO,62,ME PERDOA,MUSICA COMERCIAL,"BRUNO GABRIEL,FERRUGEM,THIAGUINHO",ALLEX REIS,100,PE,,"WARNER CHAPPELL,SONY MUSIC PUBLISHING,SONY MUSIC PUBLISHING",,,,me perdoa,allex reis,True,MusicCueSheet_TvAberta_Out23
Globo,MusicCueSheet_TvAberta_Outubro2023,PIPOCA DA IVETE 2023,PIPOCA DA IVETE,01/10/2023,14:20:03,3,,,,GLOBO,202.0,DIREÇÃO ARTÍSTICA DE CRESO EDUARDO MACEDO E DIREÇÃO DE GÊNERO DE BONINHO,82,FLY AWAY,MUSICA COMERCIAL,LENNY KRAVITZ,YOHAN KISSER,100,PE,,BMG,,,,fly away,yohan kisser,True,MusicCueSheet_TvAberta_Out23
Globo,MusicCueSheet_TvAberta_Outubro2023,TO INDO,,01/10/2023,06:49:46,01102023,,,,GLOBO,,,19,SAUDADE,MUSICA COMERCIAL,"TIAO CARREIRO,ZE MATAO",ANONIMOS,30,PE,,"LATINO,LATINO",,,,saudade,anonimos,True,MusicCueSheet_TvAberta_Out23
Globo,MusicCueSheet_TvAberta_Outubro2023,MAIS VOCE,MAIS VOCÊ,03/10/2023,10:37:15,5917,,,,GLOBO,2023.0,VIVI DE MARCO,57,WITH OR WITHOUT YOU,MUSICA COMERCIAL,"ADAM CLAYTON,DAVE EVANS,LARRY MULLEN,PAUL HEWSON",U2,82,BK,,"UNIVERSAL MGB,UNIVERSAL MGB,UNIVERSAL MGB,UNIVERSAL MGB",UNIVERSAL MUSIC,,,with or without you,u2,True,MusicCueSheet_TvAberta_Out23
Globo,MusicCueSheet_TvAberta_Outubro2023,ENCONTRO,,04/10/2023,09:30:00,2893,,,,GLOBO,,,52,FETICHE,MUSICA COMERCIAL,ACHO ESTOL,MARIANA MAZU.,6,BK,,A DESCOBRIR,,,,fetiche,mariana mazu.,True,MusicCueSheet_TvAberta_Out23
Globo,MusicCueSheet_TvAberta_Outubro2023,ENCONTRO,,05/10/2023,09:31:07,2894,,,,GLOBO,,,18,RECOMECAR,MUSICA COMERCIAL,"KOBA,PE LANZA,PE LU,THOMAS",RESTART,60,PE,,"MAYNARD SONGS,MAYNARD SONGS,MAYNARD SONGS,MAYNARD SONGS",,,,recomecar,restart,True,MusicCueSheet_TvAberta_Out23
Globo,MusicCueSheet_TvAberta_Outubro2023,ENCONTRO,,05/10/2023,09:31:07,2894,,,,GLOBO,,,19,RECOMECAR,MUSICA COMERCIAL,"KOBA,PE LANZA,PE LU,THOMAS",RESTART,22,TE,,"MAYNARD SONGS,MAYNARD SONGS,MAYNARD SONGS,MAYNARD SONGS",,,,recomecar,restart,True,MusicCueSheet_TvAberta_Out23
Globo,MusicCueSheet_TvAberta_Outubro2023,E DE CASA,É DE CASA,07/10/2023,06:49:59,425,,E DE CASA,,GLOBO,2023.0,,113,PRAIA,MUSICA COMERCIAL,"FELIPE ARNA,RENATO CAMPERO,ROBISON JF",MURILO HUFF,62,DM,,"R3 PRODUÇÕES,R3 PRODUÇÕES,R3 PRODUÇÕES",,,,praia,murilo huff,True,MusicCueSheet_TvAberta_Out23
Globo,MusicCueSheet_TvAberta_Outubro2023,SOM BRASIL,,11/10/2023,23:19:34,11102023,,ALCIONE,,GLOBO,,,14,ALVORADA,MUSICA COMERCIAL,"CARLOS CACHACA,CARTOLA,HERMINIO BELLO DE CARVALHO","IVONE LARA,ALCIONE,HELTON MEDEIROS,CARTOLA",158,DM,,"PEERMUSIC,PEERMUSIC,PEERMUSIC",,,,alvorada,"ivone lara,alcione,helton medeiros,cartola",True,MusicCueSheet_TvAberta_Out23
Globo,MusicCueSheet_TvAberta_Outubro2023,SOM BRASIL,,11/10/2023,23:19:34,11102023,,ALCIONE,,GLOBO,,,21,PACIENCIA,MUSICA COMERCIAL,EDNA SO,"ALCIONE,FERRUGEM",3,DM,,SONY MUSIC PUBLISHING,,,,paciencia,"alcione,ferrugem",True,MusicCueSheet_TvAberta_Out23
Globo,MusicCueSheet_TvAberta_Outubro2023,VAI QUE COLA,,13/10/2023,02:28:04,CHA DAS FADAS,,4ª TEMPORADA,,GLOBO,,,29,VINGANCA,MUSICA COMERCIAL,LUPICINIO RODRIGUES,LINDA BATISTA,25,BK,,VITALE,,,,vinganca,linda batista,True,MusicCueSheet_TvAberta_Out23
Globo,MusicCueSheet_TvAberta_Outubro2023,TOMORROWLAND BRASIL 2023,TOMORROWLAND BRASIL 2023,14/10/2023,00:10:31,14102023,,MELHORES MOMENTOS,,GLOBO,2023.0,,9,AURORA,MUSICA COMERCIAL,"MARTIJN GARRITSEN,MATEUSZ OWSIAK",MARTIN GARRIX,63,PE,,"A DESCOBRIR,A DESCOBRIR",,,,aurora,martin garrix,True,MusicCueSheet_TvAberta_Out23
Globo,MusicCueSheet_TvAberta_Outubro2023,DOMINGAO COM HUCK,DOMINGÃO COM HUCK,15/10/2023,18:05:53,110,,,,GLOBO,2021.0,DIREÇÃO ARTÍSTICA DE HÉLIO VARGAS E DIREÇÃO GERAL DE CLARISSA LOPES.,5,VAMOS ACORDAR,MUSICA COMERCIAL,JAIR OLIVEIRA,GRANDES PEQUENINOS,16,BK,,A DESCOBRIR,S DE SAMBA EDITORA LTDA,,,vamos acordar,grandes pequeninos,True,MusicCueSheet_TvAberta_Out23
Globo,MusicCueSheet_TvAberta_Outubro2023,DOMINGAO COM HUCK,DOMINGÃO COM HUCK,15/10/2023,18:05:53,110,,,,GLOBO,2021.0,DIREÇÃO ARTÍSTICA DE HÉLIO VARGAS E DIREÇÃO GERAL DE CLARISSA LOPES.,6,FORA DOS STORIES,MUSICA COMERCIAL,"BRENNO CASAGRANDE,LUCAS MACENNA,SAYMON MARQUES,SHYLTON FERNANDES",MARI FERNANDEZ,15,BK,,"WARNER CHAPPELL,SONY MUSIC PUBLISHING,WARNER CHAPPELL,WARNER CHAPPELL",SONY MUSIC,,,fora dos stories,mari fernandez,True,MusicCueSheet_TvAberta_Out23
Globo,MusicCueSheet_TvAberta_Outubro2023,DOMINGAO COM HUCK,DOMINGÃO COM HUCK,15/10/2023,18:05:53,110,,,,GLOBO,2021.0,DIREÇÃO ARTÍSTICA DE HÉLIO VARGAS E DIREÇÃO GERAL DE CLARISSA LOPES.,143,DESAFIO,MUSICA COMERCIAL,"DULLER,F ALCANTARA,TONHO,XANDY",HARMONIA,2,BK,,"UNIVERSAL MGB,UNIVERSAL MGB,UNIVERSAL MGB,UNIVERSAL MGB",SONY MUSIC,,,desafio,harmonia,True,MusicCueSheet_TvAberta_Out23
Globo,MusicCueSheet_TvAberta_Outubro2023,DOMINGAO COM HUCK,DOMINGÃO COM HUCK,15/10/2023,18:05:53,110,,,,GLOBO,2021.0,DIREÇÃO ARTÍSTICA DE HÉLIO VARGAS E DIREÇÃO GERAL DE CLARISSA LOPES.,145,SOCADONA,MUSICA COMERCIAL,"CAROLINA COLÓN JUARBE,CLIFFORD RAY SMITH,HELDER VILAS BOAS,JEFFERSON JUNIOR,JEFFERSON JUNIOR,JUAN JOSÉ BRITO,LUDMILLA,MARIAH ANGELIQUE PEREZ,UMBERTO TAVARES",LUDMILLA,5,BK,,"ROCKING GORILLAS,ROCKING GORILLAS,A DESCOBRIR,BMG,ORB MUSIC,WARNER CHAPPELL,WARNER CHAPPELL,UNIVERSAL MGB,ORB MUSIC",WM BRAZIL,,,socadona,ludmilla,True,MusicCueSheet_TvAberta_Out23
Globo,MusicCueSheet_TvAberta_Outubro2023,DOMINGAO COM HUCK,DOMINGÃO COM HUCK,15/10/2023,18:05:53,110,,,,GLOBO,2021.0,DIREÇÃO ARTÍSTICA DE HÉLIO VARGAS E DIREÇÃO GERAL DE CLARISSA LOPES.,150,BEIJINHO NO OMBRO,MUSICA COMERCIAL,"ANDRE VIEIRA,ANDRE VIEIRA,DENNIS DJ,PARDAL,WALLACE VIANA,WALLACE VIANA",VALESCA POPOZUDA,1,BK,,"UNIVERSAL MGB,WARNER CHAPPELL,SONY MUSIC PUBLISHING,ADDAF,UNIVERSAL MGB,WARNER CHAPPELL",BERGER MOBILE,,,beijinho no ombro,valesca popozuda,True,MusicCueSheet_TvAberta_Out23
Globo,MusicCueSheet_TvAberta_Outubro2023,O MELHOR DA RESENHA,,15/10/2023,23:38:31,15102023,,DF,,GLOBO,,,9,LABIRINTO,MUSICA COMERCIAL,MARCO AURELIO,VITOR E CADU,24,PE,,EDITORA PE DE VERSO,,,,labirinto,vitor e cadu,True,MusicCueSheet_TvAberta_Out23
Globo,MusicCueSheet_TvAberta_Outubro2023,O MELHOR DA RESENHA,,15/10/2023,23:38:31,15102023,,DF,,GLOBO,,,10,LABIRINTO,MUSICA COMERCIAL,MARCO AURELIO,VITOR E CADU,60,PE,,EDITORA PE DE VERSO,,,,labirinto,vitor e cadu,True,MusicCueSheet_TvAberta_Out23
Globo,MusicCueSheet_TvAberta_Outubro2023,VAI QUE COLA,,16/10/2023,03:28:09,O MEIER CONTRA ATACA,,4ª TEMPORADA,,GLOBO,,,4,CRIMINAL,MUSICA COMERCIAL,"MAX MARTIN,SHELLBACK,TIFFANY AMBER",BRITNEY SPEARS,77,BK,,"ABRAMUS,ABRAMUS,UNIVERSAL MGB",,,,criminal,britney spears,True,MusicCueSheet_TvAberta_Out23
Globo,MusicCueSheet_TvAberta_Outubro2023,VAI QUE COLA,,17/10/2023,02:43:36,MERCADO PARARELO,,4ª TEMPORADA,,GLOBO,,,2,BAILE DE FAVELA,MUSICA COMERCIAL,MC JOAO,MC JOAO,42,BK,,SONY MUSIC PUBLISHING,,,,baile de favela,mc joao,True,MusicCueSheet_TvAberta_Out23
Globo,MusicCueSheet_TvAberta_Outubro2023,VAI QUE COLA,,17/10/2023,02:43:36,MERCADO PARARELO,,4ª TEMPORADA,,GLOBO,,,10,MALANDRAMENTE,MUSICA COMERCIAL,MC NANDINHO,ELENCO VAI QUE COLA,10,PE,,SONY MUSIC PUBLISHING,,,,malandramente,elenco vai que cola,True,MusicCueSheet_TvAberta_Out23
Globo,MusicCueSheet_TvAberta_Outubro2023,CONVERSA COM BIAL,CONVERSA COM BIAL,20/10/2023,01:02:26,1266,,,,GLOBO,2023.0,MONICA ALMEIDA,7,MEU BEM,MUSICA COMERCIAL,"JOHN LENNON,PAUL MCCARTNEY,RONNIE VON",WANDERLEA,3,PE,,"SONY MUSIC PUBLISHING,SONY MUSIC PUBLISHING,SONY MUSIC PUBLISHING",,,,meu bem,wanderlea,True,MusicCueSheet_TvAberta_Out23
Globo,MusicCueSheet_TvAberta_Outubro2023,VAI QUE COLA,,20/10/2023,02:29:23,QUE PAIS E ESSE,,4ª TEMPORADA,,GLOBO,,,4,CRIMINAL,MUSICA COMERCIAL,"MAX MARTIN,SHELLBACK,TIFFANY AMBER",BRITNEY SPEARS,21,BK,,"ABRAMUS,ABRAMUS,UNIVERSAL MGB",,,,criminal,britney spears,True,MusicCueSheet_TvAberta_Out23
Globo,MusicCueSheet_TvAberta_Outubro2023,VAI QUE COLA,,20/10/2023,02:29:23,QUE PAIS E ESSE,,4ª TEMPORADA,,GLOBO,,,15,OPINIAO,MUSICA COMERCIAL,ZE KETI,SAMANTHA SCHMUTZ,14,PE,,CORISCO,,,,opiniao,samantha schmutz,True,MusicCueSheet_TvAberta_Out23
Globo,MusicCueSheet_TvAberta_Outubro2023,PIPOCA DA IVETE 2023,PIPOCA DA IVETE,22/10/2023,14:19:35,6,,,,GLOBO,202.0,DIREÇÃO ARTÍSTICA DE CRESO EDUARDO MACEDO E DIREÇÃO DE GÊNERO DE BONINHO,34,SAMURAI,MUSICA COMERCIAL,DJAVAN,MARCOS OOURUN,115,PE,,LUANDA,,,,samurai,marcos oourun,True,MusicCueSheet_TvAberta_Out23
Globo,MusicCueSheet_TvAberta_Outubro2023,SANTA MISSA,SANTA MISSA,22/10/2023,05:59:00,22102023,,,,GLOBO,2023.0,ALI KAMEL,11,DESERTO,MUSICA COMERCIAL,ANDERSON FREIRE,PADRE MARCELO ROSSI,159,PE,,A DESCOBRIR,,,,deserto,padre marcelo rossi,True,MusicCueSheet_TvAberta_Out23
Globo,MusicCueSheet_TvAberta_Outubro2023,VAI QUE COLA,,25/10/2023,03:01:32,VIRGEM DE 40 ANOS,,7ª TEMPORADA,,GLOBO,,,6,FULERAGEM,MUSICA COMERCIAL,"DJ GEGE,MC WM",MC WM,11,BK,,"WARNER CHAPPELL,WARNER CHAPPELL",,,,fuleragem,mc wm,True,MusicCueSheet_TvAberta_Out23
Globo,MusicCueSheet_TvAberta_Outubro2023,ENCONTRO,,27/10/2023,09:29:40,2910,,,,GLOBO,,,15,TO COM SAUDADE,MUSICA COMERCIAL,"LUIZ CLAUDIO PICOLE,PRATEADO",RODRIGUINHO,66,PE,,"WARNER CHAPPELL,WARNER CHAPPELL",,,,to com saudade,rodriguinho,True,MusicCueSheet_TvAberta_Out23
Globo,MusicCueSheet_TvAberta_Outubro2023,MAIS VOCE,MAIS VOCÊ,27/10/2023,10:34:40,5935,,,,GLOBO,2023.0,VIVI DE MARCO,3,SAMURAI,MUSICA COMERCIAL,DJAVAN,DJAVAN,12,BK,,LUANDA,,,,samurai,djavan,True,MusicCueSheet_TvAberta_Out23
Globo,MusicCueSheet_TvAberta_Outubro2023,MAIS VOCE,MAIS VOCÊ,27/10/2023,10:34:40,5935,,,,GLOBO,2023.0,VIVI DE MARCO,6,SE,MUSICA COMERCIAL,DJAVAN,DJAVAN,6,BK,,LUANDA,LUANDA,,,se,djavan,True,MusicCueSheet_TvAberta_Out23
Globo,MusicCueSheet_TvAberta_Outubro2023,FAVELA SOUNDS,,28/10/2023,14:53:38,28102023,,DF,,GLOBO,,,6,SALVE,MUSICA COMERCIAL,"TASHA,TRACIE",TASHA E TRACIE,44,PE,,"A DESCOBRIR,A DESCOBRIR",,,,salve,tasha e tracie,True,MusicCueSheet_TvAberta_Out23
Globo,MusicCueSheet_TvAberta_Outubro2023,DOMINGAO COM HUCK,DOMINGÃO COM HUCK,29/10/2023,18:05:50,112,,,,GLOBO,2021.0,DIREÇÃO ARTÍSTICA DE HÉLIO VARGAS E DIREÇÃO GERAL DE CLARISSA LOPES.,126,MAE,MUSICA COMERCIAL,CHICO CHICO,CHICO CHICO,199,BK,,WARNER CHAPPELL,SELIM DE MUSICA,,,mae,chico chico,True,MusicCueSheet_TvAberta_Out23
Globo,MusicCueSheet_TvAberta_Outubro2023,ESPORTE ESPETACULAR,ESPORTE ESPETACULAR,29/10/2023,10:00:04,29102023,,BLOCO SP,,GLOBO,2023.0,ALI KAMEL,49,MINHA EX,MUSICA COMERCIAL,MC BIN LADEN,MC BIN LADEN,11,DM,,A DESCOBRIR,,,,minha ex,mc bin laden,True,MusicCueSheet_TvAberta_Out23
Globo,MusicCueSheet_TvAberta_Outubro2023,FANTASTICO,FANTÁSTICO,29/10/2023,20:30:41,2610,,,,GLOBO,2023.0,ALI KAMEL,71,PODEROSA,MUSICA COMERCIAL,NELSON KAE,THIAGUINHO,9,PE,,WARNER CHAPPELL,,,,poderosa,thiaguinho,True,MusicCueSheet_TvAberta_Out23
Globo,MusicCueSheet_TvAberta_Outubro2023,FANTASTICO,FANTÁSTICO,29/10/2023,20:30:41,2610,,,,GLOBO,2023.0,ALI KAMEL,304,PODEROSA,MUSICA COMERCIAL,NELSON KAE,THIAGUINHO,11,PE,,WARNER CHAPPELL,,,,poderosa,thiaguinho,True,MusicCueSheet_TvAberta_Out23
Globo,MusicCueSheet_TvAberta_Outubro2023,FANTASTICO,FANTÁSTICO,29/10/2023,20:30:41,2610,,,,GLOBO,2023.0,ALI KAMEL,314,PODEROSA,MUSICA COMERCIAL,NELSON KAE,THIAGUINHO,74,PE,,WARNER CHAPPELL,,,,poderosa,thiaguinho,True,MusicCueSheet_TvAberta_Out23
Globo,MusicCueSheet_TvAberta_Outubro2023,O MELHOR DA RESENHA,,29/10/2023,23:41:02,29102023,,DF,,GLOBO,,,16,VOCE DE VOLTA,MUSICA COMERCIAL,MARCO AURELIO FERREIRA,"LYANE MELLO,VICTOR GREGORIO E MARCO AURELIO",101,PE,,REDE PURA,,,,voce de volta,"lyane mello,victor gregorio e marco aurelio",True,MusicCueSheet_TvAberta_Out23
Globo,MusicCueSheet_TvAberta_Outubro2023,SANTA MISSA,SANTA MISSA,29/10/2023,06:16:34,29102023,,,,GLOBO,2023.0,ALI KAMEL,10,DESERTO,MUSICA COMERCIAL,ANDERSON FREIRE,PADRE MARCELO ROSSI,270,PE,,A DESCOBRIR,,,,deserto,padre marcelo rossi,True,MusicCueSheet_TvAberta_Out23
Globo,MusicCueSheet_TvAberta_Outubro2023,SANTA MISSA,SANTA MISSA,29/10/2023,06:16:34,29102023,,,,GLOBO,2023.0,ALI KAMEL,11,DESERTO,MUSICA COMERCIAL,ANDERSON FREIRE,PADRE MARCELO ROSSI,69,PE,,A DESCOBRIR,,,,deserto,padre marcelo rossi,True,MusicCueSheet_TvAberta_Out23
Globo,MusicCueSheet_TvAberta_Outubro2023,VAI QUE COLA,,30/10/2023,03:10:41,ESPECULACAO IMOBILIARIA,,4ª TEMPORADA,,GLOBO,,,2,BAILE DE FAVELA,MUSICA COMERCIAL,MC JOAO,MC JOAO,68,BK,,SONY MUSIC PUBLISHING,,,,baile de favela,mc joao,True,MusicCueSheet_TvAberta_Out23
Canal Brasil,Relatorio_CanalBrasil_Jan24,Mídia,Canal,Data,Gênero,Programa,Episódio Nr.,Título da Obra,Autor(es),Intérprete(s),Editora(s),Tipo de Sincronização,Acervo Sim ou Não,Data da 1ª Exibição (apenas para conferência),Exibição,midia,,True,CanalBrasil_Janeiro24
Aparecida,01-JAN2024-SINCRONIZACAO MUSICAL-TV APARECIDA,SAUDADE,,,CHRYSTIAN JOSE PEREIRA DA SILVA NETO ( CHRYSTIAN ),IRMÃOS VITALE - 100%,,TALIS E WELINGTON,,,APARECIDA SERTANEJA,471,,,2024-01-21 00:00:00,PERFORMANCE,,REPRISE,COM DIGITAL,saudade,,True,Sincronização Musical
Aparecida,01-JAN2024-SINCRONIZACAO MUSICAL-TV APARECIDA,LUA,,,JOAQUIM MOREIRA DA SILVA ( JOAQUIM MOREIRA ) / PEDRO PAULO DOS SANTOS ( PAULO GAUCHO ),PEERMUSIC - 50%/ UNIVERSAL 50%,,VINICIUS E ENZO,,,PROSA DE AMIGOS,163,,,2024-01-02 00:00:00,PERFORMANCE,,REPRISE,SEM DIGITAL,lua,,True,Sincronização Musical
Aparecida,01-JAN2024-SINCRONIZACAO MUSICAL-TV APARECIDA,LUA,,,JOAQUIM MOREIRA DA SILVA ( JOAQUIM MOREIRA ) / PEDRO PAULO DOS SANTOS ( PAULO GAUCHO ),PEERMUSIC - 50%/ UNIVERSAL 50%,,VINICIUS E ENZO,,,PROSA DE AMIGOS,163,,,2024-01-07 00:00:00,PERFORMANCE,,REPRISE,SEM DIGITAL,lua,,True,Sincronização Musical
Aparecida,01-JAN2024-SINCRONIZACAO MUSICAL-TV APARECIDA,PROPOSTA,,,ADEMAR BENEDITO DOS SANTOS ( ITAMARACA ) / CLAUDIO BALESTRO ( CLAUCO ),UNIVERSAL - 100%,,PEÃO CARREIRO E PRAIANO,,,TERRA DA PADROEIRA,894,,,2024-01-06 00:00:00,PERFORMANCE,,REPRISE,COM DIGITAL,proposta,,True,Sincronização Musical
Aparecida,01-JAN2024-SINCRONIZACAO MUSICAL-TV APARECIDA,DESPEDIDA,,,DIREITOS RESERVADOS,SEM INFORMAÇÃO,,FOLIA DE REIS ESTRELA DE OURO,,,TERRA DA PADROEIRA,895,,,2024-01-13 00:00:00,PERFORMANCE,,REPRISE,COM DIGITAL,despedida,,True,Sincronização Musical
Aparecida,01-JAN2024-SINCRONIZACAO MUSICAL-TV APARECIDA,UTOPIA,,,JOSE FERNANDES DE OLIVEIRA ( PE. ZEZINHO SCJ ),PAULINAS-COMEP - 100%,,SILVIO BRITO,,,TERRA DA PADROEIRA,896,,,2024-01-20 00:00:00,PERFORMANCE,,REPRISE,COM DIGITAL,utopia,,True,Sincronização Musical
Aparecida,01-JAN2024-SINCRONIZACAO MUSICAL-TV APARECIDA,NOSSAS DIFERENÇAS,,,DOMINGOS AMARAI SABINO DA CUNHA ( AMARAI ) / WANDERLEY TARICANO,UNIVERSAL - 100%,,BELMONTE E AMARAÍ,,,TERRA DA PADROEIRA,897,,,2024-01-27 00:00:00,PERFORMANCE,,REPRISE,COM DIGITAL,nossas diferencas,,True,Sincronização Musical
Aparecida,03-MAR2024-SINCRONIZACAO MUSICAL-TV APARECIDA,SAUDADE,,,CHRYSTIAN JOSE PEREIRA DA SILVA NETO ( CHRYSTIAN ),IRMÃOS VITALE - 100%,,ZÉ DAVELA E FABIANO,,,APARECIDA SERTANEJA,477,,,2024-03-03 00:00:00,PERFORMANCE,,REPRISE,COM DIGITAL,saudade,,True,Sincronização Musical
Aparecida,03-MAR2024-SINCRONIZACAO MUSICAL-TV APARECIDA,AVE MARIA ,,,FRANZ SCHUBERT / WALTER SCOTT / WILLY UEBELHERR,BMG BRAZIL - 100%,,TONY ANGELI,,,APARECIDA SERTANEJA,480,,,2024-03-24 00:00:00,PERFORMANCE,,REPRISE,COM DIGITAL,ave maria,,True,Sincronização Musical
Aparecida,03-MAR2024-SINCRONIZACAO MUSICAL-TV APARECIDA,PAU MANDADO,,,GERALDO BARBOSA DUARTE ( PEAO DO VALE ) / TAYLOR TORRES,BGK FONOGRÁFICA,,PEÃO DO VALLE E VALENTIN,,,APARECIDA SERTANEJA,480,,,2024-03-24 00:00:00,PERFORMANCE,,REPRISE,COM DIGITAL,pau mandado,,True,Sincronização Musical
Aparecida,03-MAR2024-SINCRONIZACAO MUSICAL-TV APARECIDA,AVE MARIA ,,,FRANZ SCHUBERT / WALTER SCOTT / WILLY UEBELHERR,BMG BRAZIL - 100%,,THIAGO ARANCAM,,,APARECIDA SERTANEJA,481,,,2024-03-31 00:00:00,PERFORMANCE,,REPRISE,COM DIGITAL,ave maria,,True,Sincronização Musical
Aparecida,03-MAR2024-SINCRONIZACAO MUSICAL-TV APARECIDA,UTOPIA ,,,JOSE FERNANDES DE OLIVEIRA ( PE. ZEZINHO SCJ ),PAULINAS-COMEP - 100%,,SILVIO BRITO,,,APARECIDA SERTANEJA,481,,,2024-03-31 00:00:00,PERFORMANCE,,REPRISE,COM DIGITAL,utopia,,True,Sincronização Musical
Aparecida,03-MAR2024-SINCRONIZACAO MUSICAL-TV APARECIDA,AVE MARIA ,,,FRANZ SCHUBERT / WALTER SCOTT / WILLY UEBELHERR,BMG BRAZIL - 100%,,THIAGO ARANCAM,,,DE PAPO COM AMANDA FRANÇOZO,82,,,2024-03-09 00:00:00,PERFORMANCE,,INÉDITO,COM DIGITAL,ave maria,,True,Sincronização Musical
Aparecida,03-MAR2024-SINCRONIZACAO MUSICAL-TV APARECIDA,MARIA,,,FRANCISCO ANTONIO LOBO LEITE ( CHICO LOBO ),KUARUP PRODUÇÕES,,CHICO LOBO,,,LUAR DO SERTÃO,148,,,2024-03-12 00:00:00,PERFORMANCE,,INÉDITO,COM DIGITAL,maria,,True,Sincronização Musical
Aparecida,03-MAR2024-SINCRONIZACAO MUSICAL-TV APARECIDA,CASA DE CABOCLO,,,CARLOS EDUARDO FERREIRA OLIVEIRA ( CARLOS EDUARDO ) / GERALDO ANTONIO DE CARVALHO ( RICK ) / LAUDARCY RICARDO DE OLIVEIRA ( ALEXANDRE ),PEERMUSIC - 50% / WARNER - 50%,,PEDRO PAULO E PAULO VITOR,,,PROSA DE AMIGOS,214,,,2024-03-12 00:00:00,PERFORMANCE,,INÉDITO,SEM DIGITAL,casa de caboclo,,True,Sincronização Musical
Aparecida,03-MAR2024-SINCRONIZACAO MUSICAL-TV APARECIDA,AMANHÃ,,,GENILSON JOSE DE ARAUJO ( GENE ARAUJO ) / JORAN FERREIRA DA SILVA ( JORAN ),UNIVERSAL - 100%,,DHONATAN COELHO,,,PROSA DE AMIGOS,214,,,2024-03-12 00:00:00,PERFORMANCE,,INÉDITO,SEM DIGITAL,amanha,,True,Sincronização Musical
Aparecida,03-MAR2024-SINCRONIZACAO MUSICAL-TV APARECIDA,GANGORRA,,,JULIO CANDIDO GOMES ( RAMONCITO GOMES ),UNIVERSAL - 100%,,LÉO RIBEIRO E PYRANY,,,PROSA DE AMIGOS,212,,,2024-03-03 00:00:00,PERFORMANCE,,REPRISE,SEM DIGITAL,gangorra,,True,Sincronização Musical
Aparecida,03-MAR2024-SINCRONIZACAO MUSICAL-TV APARECIDA,CASA DE CABOCLO,,,CARLOS EDUARDO FERREIRA OLIVEIRA ( CARLOS EDUARDO ) / GERALDO ANTONIO DE CARVALHO ( RICK ) / LAUDARCY RICARDO DE OLIVEIRA ( ALEXANDRE ),PEERMUSIC - 50% / WARNER - 50%,,PEDRO PAULO E PAULO VITOR,,,PROSA DE AMIGOS,214,,,2024-03-17 00:00:00,PERFORMANCE,,REPRISE,SEM DIGITAL,casa de caboclo,,True,Sincronização Musical
Aparecida,03-MAR2024-SINCRONIZACAO MUSICAL-TV APARECIDA,AMANHÃ,,,GENILSON JOSE DE ARAUJO ( GENE ARAUJO ) / JORAN FERREIRA DA SILVA ( JORAN ),UNIVERSAL - 100%,,DHONATAN COELHO,,,PROSA DE AMIGOS,214,,,2024-03-17 00:00:00,PERFORMANCE,,REPRISE,SEM DIGITAL,amanha,,True,Sincronização Musical
Aparecida,03-MAR2024-SINCRONIZACAO MUSICAL-TV APARECIDA,MARIA,,,EUNICE BARBOSA DA SILVA ( EUNICE BARBOSA ) / MARIO LUCIO DA ROCHA E SILVA ( MARIO MARCOS ),PEERMUSIC - 100%,,PADRE ANTONIO MARIA,,,TERÇO DE APARECIDA - PE. ANTONIO MARIA,3236,,,2024-03-08 00:00:00,PERFORMANCE,,INÉDITO,SEM DIGITAL,maria,,True,Sincronização Musical
Aparecida,03-MAR2024-SINCRONIZACAO MUSICAL-TV APARECIDA,MARIA,,,EUNICE BARBOSA DA SILVA ( EUNICE BARBOSA ) / MARIO LUCIO DA ROCHA E SILVA ( MARIO MARCOS ),PEERMUSIC - 100%,,PADRE ANTONIO MARIA,,,TERÇO DE APARECIDA - PE. ANTONIO MARIA,3236,,,2024-03-08 00:00:00,PERFORMANCE,,REPRISE,SEM DIGITAL,maria,,True,Sincronização Musical
Aparecida,03-MAR2024-SINCRONIZACAO MUSICAL-TV APARECIDA,CHEGA,,,ADERSON ALVES DE OLIVEIRA ( ADERSON ALVES ) / ANTONIO JOSE SEVERINO ( HENOK ),PEERMUSIC,,LEO BUENO E JÚLIO CÉSAR,,,TERRA DA PADROEIRA,903,,,2024-03-09 00:00:00,PERFORMANCE,,REPRISE,COM DIGITAL,chega,,True,Sincronização Musical
Aparecida,03-MAR2024-SINCRONIZACAO MUSICAL-TV APARECIDA,PESADELO,,,JEAN MOREIRA / SERGIO DUTRA,SEM INFORMAÇÃO,,TOSTÃO SANFONEIRO E RAFAELA,,,TERRA DA PADROEIRA,903,,,2024-03-09 00:00:00,PERFORMANCE,,REPRISE,COM DIGITAL,pesadelo,,True,Sincronização Musical
Aparecida,03-MAR2024-SINCRONIZACAO MUSICAL-TV APARECIDA,SAUDADE,,,CHRYSTIAN JOSE PEREIRA DA SILVA NETO ( CHRYSTIAN ),IRMÃOS VITALE - 100%,,SÁVIO E GUSTAVO,,,TERRA DA PADROEIRA,904,,,2024-03-16 00:00:00,PERFORMANCE,,REPRISE,COM DIGITAL,saudade,,True,Sincronização Musical
Band,band UNIFICADO out dez 2023 jan fev 2024,PROGRAMA DO JOÂO,2023-10-21,ESPELHO,MC DAVI,RONALD DJ / MC DAVI,PE,747.38,52.3166,799.6966,,espelho,ronald dj / mc davi,True,Relatorio_UBEM
Band,band UNIFICADO out dez 2023 jan fev 2024,PROGRAMA DO JOÂO,2023-10-21,BIPOLAR,MC DAVI / MC DON JUAN / MC PEDRINHO / DJ 900,RONALD DJ / MC DAVI,PE,747.38,52.3166,799.6966,,bipolar,ronald dj / mc davi,True,Relatorio_UBEM
Band,band UNIFICADO out dez 2023 jan fev 2024,PROGRAMA DO JOÂO,2023-10-28,VERMELHO ,CHICO DA SILVA,CALOUROS,PE,747.38,52.3166,799.6966,,vermelho,calouros,True,Relatorio_UBEM
Band,band UNIFICADO out dez 2023 jan fev 2024,PROGRAMA DO JOÂO,2023-10-28,LUA CHEIA,AMANDA CORONHA / BIBI / MAYRA / WANESSA CAMARGO,WANESSA CAMARGO,PE,747.38,52.3166,799.6966,,lua cheia,wanessa camargo,True,Relatorio_UBEM
Band,band UNIFICADO out dez 2023 jan fev 2024,BAND ESPORTE CLUBE,2024-01-13,VAMOS FUGIR,GILBERTO GIL/LIMINHA,THE WAILERS BAND,BK,0.0,62.7795,62.7795,,vamos fugir,the wailers band,True,Relatorio_UBEM
Band,band UNIFICADO out dez 2023 jan fev 2024,BAND ESPORTE CLUBE,2024-01-13,FINAL DE SEMANA,BLACK ALIEN/PAPATINHO/SEU JORGE,SEU JORGE / PAPATINHO E BLACK ALIEN,BK,0.0,62.7795,62.7795,,final de semana,seu jorge / papatinho e black alien,True,Relatorio_UBEM
Band,band UNIFICADO out dez 2023 jan fev 2024,BAND ESPORTE CLUBE,2024-01-13,FELICIDADE,SEU JORGE/ PRETINHO DA SERRINHA/ GABRIEL MOURA/ LEANDRO FAB,SEU JORGE / ALEXANDRE PIRES,BK,0.0,62.7795,62.7795,,felicidade,seu jorge / alexandre pires,True,Relatorio_UBEM
Band,band UNIFICADO out dez 2023 jan fev 2024,BAND ESPORTE CLUBE,2024-01-20,COBRA,FAR FROM ALASKA,FAR FROM ALASKA,BK,0.0,62.7795,62.7795,,cobra,far from alaska,True,Relatorio_UBEM
Band,band UNIFICADO out dez 2023 jan fev 2024,IGREJA UNIDA DEUS PROVERÁ,2024-01-04,FINAL FELIZ,ROSE NASCIMENTO,MARCOS FELIPE,PE,747.38,0.0,747.38,,final feliz,marcos felipe,True,Relatorio_UBEM
Band,band UNIFICADO out dez 2023 jan fev 2024,IGREJA UNIDA DEUS PROVERÁ,2024-01-17,FINAL FELIZ,ROSE NASCIMENTO,MARCOS FELIPE,PE,747.38,0.0,747.38,,final feliz,marcos felipe,True,Relatorio_UBEM
Band,band UNIFICADO out dez 2023 jan fev 2024,MELHOR DA NOITE,2024-01-03,MORENA,BRUNO DALLA MARTHA MARTINI / VITOR BARBIERO KLEY,A MELHOR BANDA DA NOITE,PE,0.0,52.3166,52.3166,,morena,a melhor banda da noite,True,Relatorio_UBEM
Band,band UNIFICADO out dez 2023 jan fev 2024,MELHOR DA NOITE,2024-01-03,NOBRE VAGABUNDO,MARCIO DE ABREU MELLO,A MELHOR BANDA DA NOITE,PE,0.0,52.3166,52.3166,,nobre vagabundo,a melhor banda da noite,True,Relatorio_UBEM
Band,band UNIFICADO out dez 2023 jan fev 2024,MELHOR DA NOITE,2024-01-04,GAME OVER,TEE LOPES,TEE LOPES,DM,0.0,73.2431,73.2431,,game over,tee lopes,True,Relatorio_UBEM
Band,band UNIFICADO out dez 2023 jan fev 2024,MELHOR DA NOITE,2024-01-05,CALMA RESPIRA,ANDRE MOREIRA / FABIANA GODOY DE CARVALHO E SILVA,FABIANA GODOY,DM,0.0,73.2431,73.2431,,calma respira,fabiana godoy,True,Relatorio_UBEM
Band,band UNIFICADO out dez 2023 jan fev 2024,MELHOR DA NOITE,2024-01-09,BRASILEIRO,EDILSON MORENO,CHICO SALLES,PE,373.69,26.16,399.8483,Reprise 28/08/2023,brasileiro,chico salles,True,Relatorio_UBEM
Band,band UNIFICADO out dez 2023 jan fev 2024,MELHOR DA NOITE,2024-01-22,SINAIS,LUAN SANTANA,LUAN SANTANA,DM,0.0,73.2431,73.2431,,sinais,luan santana,True,Relatorio_UBEM
Band,band UNIFICADO out dez 2023 jan fev 2024,MELHOR DA NOITE,2024-01-25,SAMPA,CAETANO VELOSO,FERNANDA PORTO                     ,BK,0.0,104.6332,104.6332,,sampa,fernanda porto,True,Relatorio_UBEM
Band,band UNIFICADO out dez 2023 jan fev 2024,MELHOR DA NOITE,2024-01-25,SAMPA,CAETANO VELOSO,CAETANO VELOSO,BK,0.0,104.6332,104.6332,,sampa,caetano veloso,True,Relatorio_UBEM
Band,band UNIFICADO out dez 2023 jan fev 2024,MELHOR DA NOITE,2024-01-25,SAMPA,CAETANO VELOSO,CAETANO VELOSO,DM,0.0,73.2431,73.2431,,sampa,caetano veloso,True,Relatorio_UBEM
Band,band UNIFICADO out dez 2023 jan fev 2024,MELHOR DA NOITE,2024-01-25,SAO PAULO,FERNANDA ABREU / FAUSTO FAWCETT,FERNANDA ABREU,BK,0.0,104.6332,104.6332,,sao paulo,fernanda abreu,True,Relatorio_UBEM
Band,band UNIFICADO out dez 2023 jan fev 2024,MELHOR DA NOITE,2024-01-26,NOCAUTE,ANDRÉ VOX / SAMUEL DEOLLI,JORGE E MATEUS,DM,0.0,73.2431,73.2431,,nocaute,jorge e mateus,True,Relatorio_UBEM
Band,band UNIFICADO out dez 2023 jan fev 2024,MELHOR DA NOITE,2024-01-29,MONALISA,JAY LIVINGSTON / RAY EVANS,NAT KING COLE,BK,0.0,104.6332,104.6332,,monalisa,nat king cole,True,Relatorio_UBEM
Band,band UNIFICADO out dez 2023 jan fev 2024,MELHOR DA NOITE,2024-01-30,ACABOU,MANNO GOES                         ,RICARDO CHAVES,BK,0.0,104.6332,104.6332,,acabou,ricardo chaves,True,Relatorio_UBEM
Band,band UNIFICADO out dez 2023 jan fev 2024,PROGRAMA DO JOÂO,2024-01-06,ESPELHO,GAAB / MC HARIEL,MC HARIEL / DJ RONALD,PE,747.38,52.32,799.69,,espelho,mc hariel / dj ronald,True,Relatorio_UBEM
Band,band UNIFICADO out dez 2023 jan fev 2024,VERÃO MAIOR PARANÁ,2024-01-12,MAGICA,FELIPE ARNA / NORMANI PELEGRINI / BAGUAL,HUGO E GUILHERME,PE,0.0,52.3166,52.3166,,magica,hugo e guilherme,True,Relatorio_UBEM
Band,band UNIFICADO out dez 2023 jan fev 2024,VERÃO MAIOR PARANÁ,2024-01-19,MORENA,BRENO CESAR / DIEGO BARÃO / LUAN SANTANA / LUCAS SANTOS / SHYLTON FERNANDES,LUAN SANTANA,PE,0.0,52.3166,52.3166,,morena,luan santana,True,Relatorio_UBEM
Band,band UNIFICADO out dez 2023 jan fev 2024,VERÃO MAIOR PARANÁ,2024-01-19,VINGANCA,DOUGLAS CEZAR,LUAN SANTANA,PE,0.0,52.3166,52.3166,,vinganca,luan santana,True,Relatorio_UBEM
Band,band UNIFICADO out dez 2023 jan fev 2024,VERÃO MAIOR PARANÁ,2024-01-19,SINAIS,LUAN SANTANA,LUAN SANTANA,PE,0.0,52.3166,52.3166,,sinais,luan santana,True,Relatorio_UBEM
Band,band UNIFICADO out dez 2023 jan fev 2024,VERÃO MAIOR PARANÁ,2024-01-19,DEJA VU,LUAN SANTANA / LUCAS SANTOS / MATHEUS ALEIXO / MATHEUS MARCOLINO,LUAN SANTANA,PE,0.0,52.3166,52.3166,,deja vu,luan santana,True,Relatorio_UBEM
Band,band UNIFICADO out dez 2023 jan fev 2024,VERÃO MAIOR PARANÁ,2024-01-26,FOGUEIRA,JORGE ALVES,JORGE E MATEUS,PE,0.0,52.3166,52.3166,,fogueira,jorge e mateus,True,Relatorio_UBEM
Band,band UNIFICADO out dez 2023 jan fev 2024,VERÃO MAIOR PARANÁ,2024-01-26,LOGO EU,FELIPE RODRIGUES / SAMUEL DELMIR0O,REYNAN E RAYSSA,PE,0.0,52.3166,52.3166,,logo eu,reynan e rayssa,True,Relatorio_UBEM
Band,band UNIFICADO out dez 2023 jan fev 2024,VERÃO MAIOR PARANÁ,2024-01-26,MISTERIO,KEVIN NASCIMENTO BUENO,JORGE E MATEUS,PE,0.0,52.3166,52.3166,,misterio,jorge e mateus,True,Relatorio_UBEM
Band,band UNIFICADO out dez 2023 jan fev 2024,VERÃO MAIOR PARANÁ,2024-01-26,NOCAUTE,PAULO MASSADAS / MIHAIL PLOPSCHI / MICHAEL SULLIVAN / IVANILTON DE SOUZA,JORGE E MATEUS,PE,0.0,52.3166,52.3166,,nocaute,jorge e mateus,True,Relatorio_UBEM
Band,band UNIFICADO out dez 2023 jan fev 2024,MELHOR DA NOITE,2023-12-01,AURORA BOREAL,RAEL,RAEL,PE,0.0,52.3166,52.3166,,aurora boreal,rael,True,Relatorio_UBEM
Band,band UNIFICADO out dez 2023 jan fev 2024,MELHOR DA NOITE,2023-12-11,ELEANOR RIGBY,JOHN LENNON / PAUL MC CARTNEY,A MELHOR BANDA DA NOITE,PE,0.0,52.3166,52.3166,,eleanor rigby,a melhor banda da noite,True,Relatorio_UBEM
Band,band UNIFICADO out dez 2023 jan fev 2024,MELHOR DA NOITE,2023-12-11,CHOCOLATE,TIM MAIA,TIM MAIA,BK,0.0,104.6332,104.6332,,chocolate,tim maia,True,Relatorio_UBEM
Band,band UNIFICADO out dez 2023 jan fev 2024,MELHOR DA NOITE,2023-12-11,PROPOSTA,LUIZ FELIPE DA SILVA BARROS / PEDRO FONSECA DE SOUZA FILHO,ANDREA LAIS / FELIPE BARROS / MESASONORA / NIVEA ARAUJO / PEDRO FONSECA,DM,0.0,73.2431,73.2431,,proposta,andrea lais / felipe barros / mesasonora / nivea araujo / pedro fonseca,True,Relatorio_UBEM
Band,band UNIFICADO out dez 2023 jan fev 2024,MELHOR DA NOITE,2023-12-11,CHOCOLATE,TIM MAIA,TIM MAIA,DM,0.0,73.2431,73.2431,,chocolate,tim maia,True,Relatorio_UBEM
Band,band UNIFICADO out dez 2023 jan fev 2024,MELHOR DA NOITE,2023-12-15,TEU SEGREDO,THIAGUINHO / FELIPE SAAB / BILLY SP,JEITO MOLEQUE                      ,PE,0.0,52.3166,52.3166,,teu segredo,jeito moleque,True,Relatorio_UBEM
Band,band UNIFICADO out dez 2023 jan fev 2024,MELHOR DA NOITE,2023-12-20,REVOADA,BRUNO OLIVIERI/ LUÍSA PITTA,TUKUM,DM,0.0,73.2431,73.2431,,revoada,tukum,True,Relatorio_UBEM
Band,band UNIFICADO out dez 2023 jan fev 2024,MELHOR DA NOITE,2023-12-20,PESCADOR,SERGIO CASSIANO,MESTRE AMBROSIO,DM,0.0,73.2431,73.2431,,pescador,mestre ambrosio,True,Relatorio_UBEM
Band,band UNIFICADO out dez 2023 jan fev 2024,MELHOR DA NOITE,2023-12-26,FASHION,GIORGIO TUINFORT / DAVID GUETTA / LADY GAGA / PAUL DJ WHITE SHADOW BLAIR / WILLIAM ADAMS,LADY GAGA,DM,0.0,73.2431,73.2431,,fashion,lady gaga,True,Relatorio_UBEM
Band,band UNIFICADO out dez 2023 jan fev 2024,PROGRAMA DO JOÂO,2023-10-21,ESPELHO,MC DAVI,RONALD DJ / MC DAVI,PE,747.38,52.3166,799.6966,,espelho,ronald dj / mc davi,True,Relatorio_UBEM
Band,band UNIFICADO out dez 2023 jan fev 2024,PROGRAMA DO JOÂO,2023-10-21,BIPOLAR,MC DAVI / MC DON JUAN / MC PEDRINHO / DJ 900,RONALD DJ / MC DAVI,PE,747.38,52.3166,799.6966,,bipolar,ronald dj / mc davi,True,Relatorio_UBEM
Band,band UNIFICADO out dez 2023 jan fev 2024,PROGRAMA DO JOÂO,2023-10-28,VERMELHO ,CHICO DA SILVA,CALOUROS,PE,747.38,52.3166,799.6966,,vermelho,calouros,True,Relatorio_UBEM
Band,band UNIFICADO out dez 2023 jan fev 2024,PROGRAMA DO JOÂO,2023-10-28,LUA CHEIA,AMANDA CORONHA / BIBI / MAYRA / WANESSA CAMARGO,WANESSA CAMARGO,PE,747.38,52.3166,799.6966,,lua cheia,wanessa camargo,True,Relatorio_UBEM
Band,band UNIFICADO out dez 2023 jan fev 2024,BAND ESPORTE CLUBE,2024-02-03,AMANHECER,GINO/ LIPE BADE/ SAM ALVES/ WILL,SAM ALVES,BK,0.0,62.7795,62.7795,,amanhecer,sam alves,True,Relatorio_UBEM
Band,band UNIFICADO out dez 2023 jan fev 2024,BAND ESPORTE CLUBE,2024-02-10,MACETANDO,IVETE SANGALO / LUCIANO CHAVES / SAMIR TRINDADE,IVETE SANGALO / LUDMILLA,BK,0.0,62.7795,62.7795,,macetando,ivete sangalo / ludmilla,True,Relatorio_UBEM
Band,band UNIFICADO out dez 2023 jan fev 2024,BAND ESPORTE CLUBE,2024-02-10,MACETANDO,IVETE SANGALO / LUCIANO CHAVES / SAMIR TRINDADE,IVETE SANGALO / LUDMILLA,BK,0.0,62.7795,62.7795,,macetando,ivete sangalo / ludmilla,True,Relatorio_UBEM
Band,band UNIFICADO out dez 2023 jan fev 2024,BAND ESPORTE CLUBE,2024-02-10,MACETANDO,IVETE SANGALO / LUCIANO CHAVES / SAMIR TRINDADE,IVETE SANGALO / LUDMILLA,BK,0.0,62.7795,62.7795,,macetando,ivete sangalo / ludmilla,True,Relatorio_UBEM
Band,band UNIFICADO out dez 2023 jan fev 2024,BAND ESPORTE CLUBE,2024-02-10,FLASHBACK,CAIO GIOVANI / GABRIELE OLIVEIRA / MARVVILA,LEO SANTANA / MARVVILA,BK,0.0,62.7795,62.7795,,flashback,leo santana / marvvila,True,Relatorio_UBEM
Band,band UNIFICADO out dez 2023 jan fev 2024,BAND ESPORTE CLUBE,2024-02-10,ROSA,PIERRI ONASSIS,OLODUM / PERICLES,BK,0.0,62.7795,62.7795,,rosa,olodum / pericles,True,Relatorio_UBEM
Band,band UNIFICADO out dez 2023 jan fev 2024,BAND ESPORTE CLUBE,2024-02-17,VIVRE LA VIE,E VIDAL DE FONESECA / FRANCESCO DE BENEDITTIS,KELLY JOYCE,BK,0.0,62.7795,62.7795,,vivre la vie,kelly joyce,True,Relatorio_UBEM
Band,band UNIFICADO out dez 2023 jan fev 2024,BAND FOLIA,2024-02-09,MACETANDO,IVETE SANGALO / LUCIANO CHAVES / SAMIR TRINDADE,IVETE SANGALO / LUDMILLA,PE,0.0,52.3166,52.3166,,macetando,ivete sangalo / ludmilla,True,Relatorio_UBEM
Band,band UNIFICADO out dez 2023 jan fev 2024,BAND FOLIA,2024-02-09,VAI NO CHAO,UEDSON PERICLES / ED NOBRE,LEO SANTANA,PE,0.0,52.3166,52.3166,,vai no chao,leo santana,True,Relatorio_UBEM
Band,band UNIFICADO out dez 2023 jan fev 2024,BAND FOLIA,2024-02-10,MACETANDO,IVETE SANGALO / LUCIANO CHAVES / SAMIR TRINDADE,IVETE SANGALO,PE,0.0,52.3166,52.3166,,macetando,ivete sangalo,True,Relatorio_UBEM
Band,band UNIFICADO out dez 2023 jan fev 2024,BAND FOLIA,2024-02-10,ANJOS,FALCÃO,MARCELO FALCAO,PE,0.0,52.3166,52.3166,,anjos,marcelo falcao,True,Relatorio_UBEM
Band,band UNIFICADO out dez 2023 jan fev 2024,BAND FOLIA,2024-02-10,MACETANDO,IVETE SANGALO / LUCIANO CHAVES / SAMIR TRINDADE,LEO SANTANA,PE,0.0,52.3166,52.3166,,macetando,leo santana,True,Relatorio_UBEM
Band,band UNIFICADO out dez 2023 jan fev 2024,BAND FOLIA,2024-02-10,AI AI AI,ARNOLPHO LIMA FILHO / VANESSA DA MATA,VANESSA DA MATA,PE,0.0,52.3166,52.3166,,ai ai ai,vanessa da mata,True,Relatorio_UBEM
Band,band UNIFICADO out dez 2023 jan fev 2024,BAND FOLIA,2024-02-10,MACETANDO,IVETE SANGALO / LUCIANO CHAVES / SAMIR TRINDADE,IVETE SANGALO,PE,0.0,52.3166,52.3166,,macetando,ivete sangalo,True,Relatorio_UBEM
Band,band UNIFICADO out dez 2023 jan fev 2024,BAND FOLIA,2024-02-11,MACETANDO,IVETE SANGALO / LUCIANO CHAVES / SAMIR TRINDADE,IVETE SANGALO / GILMELANDIA,PE,0.0,52.3166,52.3166,,macetando,ivete sangalo / gilmelandia,True,Relatorio_UBEM
Band,band UNIFICADO out dez 2023 jan fev 2024,BAND FOLIA,2024-02-11,PODEROSA,NELSON ALVES DAS NEVES FILHO,THIAGUINHO,PE,0.0,52.3166,52.3166,,poderosa,thiaguinho,True,Relatorio_UBEM
Band,band UNIFICADO out dez 2023 jan fev 2024,BAND FOLIA,2024-02-11,MACETANDO,IVETE SANGALO / LUCIANO CHAVES / SAMIR TRINDADE,XANDDY HARMONIA,PE,0.0,52.3166,52.3166,,macetando,xanddy harmonia,True,Relatorio_UBEM
Band,band UNIFICADO out dez 2023 jan fev 2024,BAND FOLIA,2024-02-11,ZIRIGUIDUM,GILENO GOMES/ GILMAR GOMES,FILHOS DE JORGE,PE,0.0,52.3166,52.3166,,ziriguidum,filhos de jorge,True,Relatorio_UBEM
Band,band UNIFICADO out dez 2023 jan fev 2024,BAND FOLIA,2024-02-12,MACETANDO,IVETE SANGALO / LUCIANO CHAVES / SAMIR TRINDADE,IVETE SANGALO,PE,0.0,52.3166,52.3166,,macetando,ivete sangalo,True,Relatorio_UBEM
Band,band UNIFICADO out dez 2023 jan fev 2024,BAND FOLIA,2024-02-12,MASCARA,PRISCILLA NOVAES LEONE,PITTY,PE,0.0,52.3166,52.3166,,mascara,pitty,True,Relatorio_UBEM
Band,band UNIFICADO out dez 2023 jan fev 2024,BAND FOLIA,2024-02-13,MACETANDO,IVETE SANGALO / LUCIANO CHAVES / SAMIR TRINDADE,IVETE SANGALO,PE,0.0,52.3166,52.3166,,macetando,ivete sangalo,True,Relatorio_UBEM
Band,band UNIFICADO out dez 2023 jan fev 2024,BAND FOLIA,2024-02-13,MARACATU                                          ,ALCEU VALENÇA SOBRE POEMA DE ASCENSO FERREIRA,ALCEU VALENÇA,PE,0.0,52.3166,52.3166,,maracatu,alceu valenca,True,Relatorio_UBEM
Band,band UNIFICADO out dez 2023 jan fev 2024,BAND FOLIA,2024-02-13,HEY,IVETE SANGALO,IVETE SANGALO,PE,0.0,52.3166,52.3166,,hey,ivete sangalo,True,Relatorio_UBEM
Band,band UNIFICADO out dez 2023 jan fev 2024,BAND FOLIA,2024-02-13,PACIENCIA,DUDU FALCAO / LENINE,LENINE,PE,0.0,52.3166,52.3166,,paciencia,lenine,True,Relatorio_UBEM
Band,band UNIFICADO out dez 2023 jan fev 2024,BAND FOLIA,2024-02-13,FAVELA,LUCIANO BARROS / ALE / MARROM / SAMUEL ALAN / DANIEL MARLEY GUIMARAES BARRETO,LEO SANTANA,PE,0.0,52.3166,52.3166,,favela,leo santana,True,Relatorio_UBEM
Band,band UNIFICADO out dez 2023 jan fev 2024,BORA BRASIL,2024-02-05,MACETANDO,IVETE SANGALO / LUCIANO CHAVES / SAMIR TRINDADE,IVETE SANGALO / LUDMILLA,BK,0.0,62.7795,62.7795,,macetando,ivete sangalo / ludmilla,True,Relatorio_UBEM
Band,band UNIFICADO out dez 2023 jan fev 2024,BORA BRASIL,2024-02-06,MACETANDO,IVETE SANGALO / LUCIANO CHAVES / SAMIR TRINDADE,IVETE SANGALO / LUDMILLA,BK,0.0,62.7795,62.7795,,macetando,ivete sangalo / ludmilla,True,Relatorio_UBEM
Band,band UNIFICADO out dez 2023 jan fev 2024,BORA BRASIL,2024-02-07,MACETANDO,IVETE SANGALO / LUCIANO CHAVES / SAMIR TRINDADE,IVETE SANGALO / LUDMILLA,BK,0.0,62.7795,62.7795,,macetando,ivete sangalo / ludmilla,True,Relatorio_UBEM
Band,band UNIFICADO out dez 2023 jan fev 2024,BORA BRASIL,2024-02-07,MACETANDO,IVETE SANGALO / LUCIANO CHAVES / SAMIR TRINDADE,IVETE SANGALO / LUDMILLA,BK,0.0,62.7795,62.7795,,macetando,ivete sangalo / ludmilla,True,Relatorio_UBEM
Band,band UNIFICADO out dez 2023 jan fev 2024,BORA BRASIL,2024-02-07,MACETANDO,IVETE SANGALO / LUCIANO CHAVES / SAMIR TRINDADE,IVETE SANGALO / LUDMILLA,BK,0.0,62.7795,62.7795,,macetando,ivete sangalo / ludmilla,True,Relatorio_UBEM
Band,band UNIFICADO out dez 2023 jan fev 2024,BORA BRASIL,2024-02-07,POC POC,CAROLZINHA / ELANA DARA / PEDRO SAMPAIO / RAFINHA RSQ,PEDRO SAMPAIO,BK,0.0,62.7795,62.7795,,poc poc,pedro sampaio,True,Relatorio_UBEM
Band,band UNIFICADO out dez 2023 jan fev 2024,BORA BRASIL,2024-02-09,MACETANDO,IVETE SANGALO / LUCIANO CHAVES / SAMIR TRINDADE,IVETE SANGALO / LUDMILLA,BK,0.0,62.7795,62.7795,,macetando,ivete sangalo / ludmilla,True,Relatorio_UBEM
Band,band UNIFICADO out dez 2023 jan fev 2024,BORA BRASIL,2024-02-09,MACETANDO,IVETE SANGALO / LUCIANO CHAVES / SAMIR TRINDADE,IVETE SANGALO / LUDMILLA,BK,0.0,62.7795,62.7795,,macetando,ivete sangalo / ludmilla,True,Relatorio_UBEM
Band,band UNIFICADO out dez 2023 jan fev 2024,BORA BRASIL,2024-02-13,MACETANDO,IVETE SANGALO / LUCIANO CHAVES / SAMIR TRINDADE,IVETE SANGALO / LUDMILLA,BK,0.0,62.7795,62.7795,,macetando,ivete sangalo / ludmilla,True,Relatorio_UBEM
Band,band UNIFICADO out dez 2023 jan fev 2024,BORA BRASIL,2024-02-13,MACETANDO,IVETE SANGALO / LUCIANO CHAVES / SAMIR TRINDADE,IVETE SANGALO / LUDMILLA,BK,0.0,62.7795,62.7795,,macetando,ivete sangalo / ludmilla,True,Relatorio_UBEM
Band,band UNIFICADO out dez 2023 jan fev 2024,BORA BRASIL,2024-02-13,MACETANDO,IVETE SANGALO / LUCIANO CHAVES / SAMIR TRINDADE,IVETE SANGALO / LUDMILLA,BK,0.0,62.7795,62.7795,,macetando,ivete sangalo / ludmilla,True,Relatorio_UBEM
Band,band UNIFICADO out dez 2023 jan fev 2024,BORA BRASIL,2024-02-13,MACETANDO,IVETE SANGALO / LUCIANO CHAVES / SAMIR TRINDADE,IVETE SANGALO / LUDMILLA,BK,0.0,62.7795,62.7795,,macetando,ivete sangalo / ludmilla,True,Relatorio_UBEM
Band,band UNIFICADO out dez 2023 jan fev 2024,JOGO ABERTO,2024-02-12,MACETANDO,IVETE SANGALO / LUCIANO CHAVES / SAMIR TRINDADE,IVETE SANGALO / LUDMILLA,BK,0.0,62.7795,62.7795,,macetando,ivete sangalo / ludmilla,True,Relatorio_UBEM
Band,band UNIFICADO out dez 2023 jan fev 2024,JOGO ABERTO,2024-02-12,MACETANDO,IVETE SANGALO / LUCIANO CHAVES / SAMIR TRINDADE,IVETE SANGALO / LUDMILLA,BK,0.0,62.7795,62.7795,,macetando,ivete sangalo / ludmilla,True,Relatorio_UBEM
Band,band UNIFICADO out dez 2023 jan fev 2024,MELHOR DA NOITE,2024-02-01,CAMINHOS DO MAR,DANILO CAYMMI / DORIVAL CAYMMI / DUDU FALCAO,GAL COSTA,BK,0.0,104.6332,104.6332,,caminhos do mar,gal costa,True,Relatorio_UBEM
Band,band UNIFICADO out dez 2023 jan fev 2024,MELHOR DA NOITE,2024-02-05,MORENA,DIEGO NICOLAU / FRED CAMACHO / JOAO EDUARDO DE SALLES NOBRE,DUDU NOBRE,PE,0.0,52.3166,52.3166,,morena,dudu nobre,True,Relatorio_UBEM
Band,band UNIFICADO out dez 2023 jan fev 2024,MELHOR DA NOITE,2024-02-12,MACETANDO,IVETE SANGALO / LUCIANO CHAVES / SAMIR TRINDADE,IVETE SANGALO / LUDMILLA,BK,0.0,104.6332,104.6332,,macetando,ivete sangalo / ludmilla,True,Relatorio_UBEM
Band,band UNIFICADO out dez 2023 jan fev 2024,MELHOR DA NOITE,2024-02-13,MACETANDO,IVETE SANGALO / LUCIANO CHAVES / SAMIR TRINDADE,IVETE SANGALO / LUDMILLA,BK,0.0,104.6332,104.6332,,macetando,ivete sangalo / ludmilla,True,Relatorio_UBEM
Band,band UNIFICADO out dez 2023 jan fev 2024,MELHOR DA NOITE,2024-02-14,ESSA E PRA VOCE,CLARICE FALCAO,CLARICE FALCAO,DM,0.0,73.2431,73.2431,,essa e pra voce,clarice falcao,True,Relatorio_UBEM
Band,band UNIFICADO out dez 2023 jan fev 2024,MELHOR DA NOITE,2024-02-16,TEMPORAL, LEANDRO LEHART,SAMBA 90 GRAUS,PE,0.0,52.3166,52.3166,,temporal,samba 90 graus,True,Relatorio_UBEM
Band,band UNIFICADO out dez 2023 jan fev 2024,MELHOR DA NOITE,2024-02-19,ORACAO ,LEO FRESSATO,A MELHOR BANDA DA CIDADE,PE,0.0,52.3166,52.3166,,oracao,a melhor banda da cidade,True,Relatorio_UBEM
Band,band UNIFICADO out dez 2023 jan fev 2024,MELHOR DA NOITE,2024-02-20,FORTALEZA,FERNANDO CATATAU,CIDADAO INSTIGADO,DM,0.0,73.2431,73.2431,,fortaleza,cidadao instigado,True,Relatorio_UBEM
Band,band UNIFICADO out dez 2023 jan fev 2024,MELHOR DA NOITE,2024-02-21,NHEENGATU,RENATO ROCHA LIMA,KURUP,DM,0.0,73.2431,73.2431,,nheengatu,kurup,True,Relatorio_UBEM
Band,band UNIFICADO out dez 2023 jan fev 2024,MELHOR DA NOITE,2024-02-27,UVA NIAGARA,ANELIS ASSUMPCAO / MARCELLE EQUIVOCADA / MARINA PERALTA,ANELIS ASSUMPCAO / LARISSA LUZ,DM,0.0,73.2431,73.2431,,uva niagara,anelis assumpcao / larissa luz,True,Relatorio_UBEM
Band,band UNIFICADO out dez 2023 jan fev 2024,MELHOR DA NOITE,2024-02-28,MORENA,AVELLAR / RAFFA LIBI / ALEX ALVES / MARCELO MARTINS,CLAYTON E ROMARIO,PE,0.0,52.3166,52.3166,,morena,clayton e romario,True,Relatorio_UBEM
Band,band UNIFICADO out dez 2023 jan fev 2024,MELHOR DA TARDE,2024-02-12,MACETANDO,IVETE SANGALO / LUCIANO CHAVES / SAMIR TRINDADE,IVETE SANGALO / LUDMILLA,BK,0.0,104.6332,104.6332,,macetando,ivete sangalo / ludmilla,True,Relatorio_UBEM
Band,band UNIFICADO out dez 2023 jan fev 2024,VERÃO MAIOR PARANÁ,2024-02-02,MORENA,BRENO CESAR / DIEGO BARÃO / LUAN SANTANA / LUCAS SANTOS / SHYLTON FERNANDES,LUAN SANTANA,PE,373.69,26.16,399.8483,Reprise 19/01/2024,morena,luan santana,True,Relatorio_UBEM
Band,band UNIFICADO out dez 2023 jan fev 2024,VERÃO MAIOR PARANÁ,2024-02-02,DEJA VU,LUAN SANTANA / LUCAS SANTOS / MATHEUS ALEIXO / MATHEUS MARCOLINO,ANA CASTELA / LUAN SANTANA,PE,373.69,26.16,399.8483,Reprise 19/01/2024,deja vu,ana castela / luan santana,True,Relatorio_UBEM
Band,band UNIFICADO out dez 2023 jan fev 2024,VERÃO MAIOR PARANÁ,2024-02-02,NOCAUTE,PAULO MASSADAS / MIHAIL PLOPSCHI / MICHAEL SULLIVAN / IVANILTON DE SOUZA,JORGE E MATEUS,PE,373.69,26.16,399.8483,Reprise 26/01/2024,nocaute,jorge e mateus,True,Relatorio_UBEM
Band,band UNIFICADO out dez 2023 jan fev 2024,VERÃO MAIOR PARANÁ,2024-02-02,LOGO EU,FELIPE RODRIGUES / SAMUEL DELMIR0O,JORGE E MATHEUS,PE,373.69,26.16,399.8483,Reprise 26/01/2024,logo eu,jorge e matheus,True,Relatorio_UBEM
Band,band UNIFICADO out dez 2023 jan fev 2024,VERÃO MAIOR PARANÁ,2024-02-02,MÁGICA,EVERTON MATOS / GUILHERME FERRARI / LEO SAGA / MATHEUS ALEIXO / PAULO PIRES / RAY ANTONIO,HUGO E GUILHERME,PE,373.69,26.16,399.8483,Reprise 12/01/2024,magica,hugo e guilherme,True,Relatorio_UBEM
Band,band UNIFICADO out dez 2023 jan fev 2024,PROGRAMA DO JOÂO,2024-02-10,MACETANDO,IVETE SANGALO / LUCIANO CHAVES DOS SANTOS / SAMIR TRINDADE,IVETE SANGALO E LUDMILLA,BK,1494.76,104.63,1599.3932,,macetando,ivete sangalo e ludmilla,True,Relatorio_UBEM
Band,band UNIFICADO out dez 2023 jan fev 2024,PROGRAMA DO JOÂO,2024-02-10,VERMELHO,VANESSA DA MATA,VANESSA DA MATA,PE,747.38,52.32,799.69,,vermelho,vanessa da mata,True,Relatorio_UBEM
Band,band UNIFICADO out dez 2023 jan fev 2024,PROGRAMA DO JOÂO,2024-02-10,MACETANDO,IVETE SANGALO / LUCIANO CHAVES DOS SANTOS / SAMIR TRINDADE,MARCIO VICTOR,PE,747.38,52.32,799.69,,macetando,marcio victor,True,Relatorio_UBEM
Band,band UNIFICADO out dez 2023 jan fev 2024,PROGRAMA DO JOÂO,2024-02-10,MACETANDO,IVETE SANGALO / LUCIANO CHAVES DOS SANTOS / SAMIR TRINDADE,MARCIO VICTOR,BK,1494.76,104.63,1599.3932,,macetando,marcio victor,True,Relatorio_UBEM
Band,band UNIFICADO out dez 2023 jan fev 2024,BORA BRASIL,2023-12-12,SAMURAI                                           ,DJAVAN,DJAVAN,BK,0.0,62.7795,62.7795,,samurai,djavan,True,Relatorio_UBEM
Band,band UNIFICADO out dez 2023 jan fev 2024,VIRADA NA BAND 2024,2023-12-31,MACETANDO,IVETE SANGALO / LUCIANO CHAVES / SAMIR TRINDADE,IVETE SANGALO,PE,0.0,52.3166,52.3166,,macetando,ivete sangalo,True,Relatorio_UBEM
Band,band UNIFICADO out dez 2023 jan fev 2024,PROGRAMA DO JOÂO,2023-12-02,DESAFIO,XANDY / DULLER / FABIO ALCANTARA / TONHO COPQUE,DUDU NOBRE / EDILSON CAPETINHA,PE,747.38,52.32,799.69,,desafio,dudu nobre / edilson capetinha,True,Relatorio_UBEM
Band,band UNIFICADO out dez 2023 jan fev 2024,PROGRAMA DO JOÂO,2023-12-02,VERDADE                                           ,NELSON RUFINO / CARLINHOS SANTANA,DUDU NOBRE / EDILSON CAPETINHA,PE,747.38,52.32,799.69,,verdade,dudu nobre / edilson capetinha,True,Relatorio_UBEM
Band,band UNIFICADO out dez 2023 jan fev 2024,PROGRAMA DO JOÂO,2023-12-02,MORENA,DIEGO NICOLAU / FRED CAMACHO / JOAO EDUARDO DE SALLES NOBRE,DUDU NOBRE,PE,747.38,52.32,799.69,,morena,dudu nobre,True,Relatorio_UBEM
Band,band UNIFICADO out dez 2023 jan fev 2024,PROGRAMA DO JOÂO,2023-12-16,SE JOGA,NALDO BENNY,NALDO BENNY,PE,747.38,52.32,799.69,,se joga,naldo benny,True,Relatorio_UBEM
Band,band UNIFICADO out dez 2023 jan fev 2024,PROGRAMA DO JOÂO,2023-12-30,BANDIDA,ARTHUR MARQUES / CLEO PIRES / GUTO GUERRA,CLEO PIRES,DM,1046.33,73.24,1119.5731,,bandida,cleo pires,True,Relatorio_UBEM
Aparecida,12-DEZ2023-SINCRONIZACAO MUSICAL-TV APARECIDA,TUDO PASSA,,,ARNALDO SACCOMANI/ RICARDO ALVES CONCEIÇÃO,SONY - 100%,,ADRYANA RIBEIRO,,,APARECIDA SERTANEJA,465,,,2023-12-10 00:00:00,PERFORMANCE,,REPRISE,COM DIGITAL,tudo passa,,True,Sincronização Musical
Aparecida,12-DEZ2023-SINCRONIZACAO MUSICAL-TV APARECIDA,PROPOSTA,,,ADEMAR BENEDITO DOS SANTOS ( ITAMARACA ) / CLAUDIO BALESTRO ( CLAUCO ),UNIVERSAL - 100%,,LÉO E MARTINEZ,,,APARECIDA SERTANEJA,467,,,2023-12-24 00:00:00,PERFORMANCE,,REPRISE,COM DIGITAL,proposta,,True,Sincronização Musical
Aparecida,12-DEZ2023-SINCRONIZACAO MUSICAL-TV APARECIDA,FIM DE ANO,,,DAVID NASSER / FRANCISCO MORAES ALVES ( CHICO VIOLA ),IRMÃOS VITALE - 100%,,IR. CUSTÓDIA CARDOSO / ADELMA MIQUELIN / DILBER CORDEIRO / FERNANDO RIPOLI,,,CELEBRAR BEM,178,,,2023-12-30 00:00:00,PERFORMANCE,,INÉDITO,COM DIGITAL,fim de ano,,True,Sincronização Musical
Aparecida,12-DEZ2023-SINCRONIZACAO MUSICAL-TV APARECIDA,FIM DE ANO,,,DAVID NASSER / FRANCISCO MORAES ALVES ( CHICO VIOLA ),IRMÃOS VITALE - 100%,,IR. CUSTÓDIA CARDOSO / ADELMA MIQUELIN / DILBER CORDEIRO / FERNANDO RIPOLI,,,CELEBRAR BEM,178,,,2023-12-31 00:00:00,PERFORMANCE,,REPRISE,SEM DIGITAL,fim de ano,,True,Sincronização Musical
Aparecida,12-DEZ2023-SINCRONIZACAO MUSICAL-TV APARECIDA,FELIZ NATAL,,,JOSE ACACIO SANTANA ( JOSE ACACIO ),PAULINAS-COMEP - 100%,,CORAL DA ARQUIDIOCESE DE APARECIDA,,,CORAL DE NATAL DA ARQUIDIOCESE DE APARECIDA,2,,,2023-12-24 00:00:00,PERFORMANCE,,INÉDITO,COM DIGITAL,feliz natal,,True,Sincronização Musical
Aparecida,12-DEZ2023-SINCRONIZACAO MUSICAL-TV APARECIDA,FELIZ NATAL,,,JOSE ACACIO SANTANA ( JOSE ACACIO ),PAULINAS-COMEP - 100%,,CORAL DA ARQUIDIOCESE DE APARECIDA,,,CORAL DE NATAL DA ARQUIDIOCESE DE APARECIDA,2,,,2023-12-29 00:00:00,PERFORMANCE,,REPRISE,SEM DIGITAL,feliz natal,,True,Sincronização Musical
Aparecida,12-DEZ2023-SINCRONIZACAO MUSICAL-TV APARECIDA,FELIZ NATAL,,,JOSE ACACIO SANTANA ( JOSE ACACIO ),PAULINAS-COMEP - 100%,,CORAL DA ARQUIDIOCESE DE APARECIDA,,,CORAL DE NATAL DA ARQUIDIOCESE DE APARECIDA,2,,,2023-12-31 00:00:00,PERFORMANCE,,REPRISE,SEM DIGITAL,feliz natal,,True,Sincronização Musical
Aparecida,12-DEZ2023-SINCRONIZACAO MUSICAL-TV APARECIDA,UTOPIA,,,JOSE FERNANDES DE OLIVEIRA ( PADRE ZEZINHO ),PAULINAS-COMEP - 100%,,BRUNO FAGLIONI / ADRIANA MELO,,,ESPECIAL - A IGREJA CANTA A FRATERNIDADE,1,,,2023-12-31 00:00:00,PERFORMANCE,,REPRISE,SEM DIGITAL,utopia,,True,Sincronização Musical
Aparecida,12-DEZ2023-SINCRONIZACAO MUSICAL-TV APARECIDA,TATUAGEM,,,JOSE RANIER THEOTONIO ( FRANK RANIER ),DECK PRODUÇÕES,,GIAN E GIOVANI,,,ESPECIAL - GIAN E GIOVANI,1,,,2023-12-31 00:00:00,PERFORMANCE,,REPRISE,SEM DIGITAL,tatuagem,,True,Sincronização Musical
Aparecida,12-DEZ2023-SINCRONIZACAO MUSICAL-TV APARECIDA,BALA PERDIDA,,,JOAO RODRIGUES DA SILVA JUNIOR ( ZE HENRIQUE ) / RENATO VIEIRA DE BARROS ( RENATO BARROS ),BMG BRAZIL - 50% / PEERMUSIC - 50%,,ALESSANDRO E MONTENEGRO,,,PROSA DE AMIGOS,206,,,2023-12-03 00:00:00,PERFORMANCE,,REPRISE,SEM DIGITAL,bala perdida,,True,Sincronização Musical
Aparecida,12-DEZ2023-SINCRONIZACAO MUSICAL-TV APARECIDA,AMIGO,,,JOAO GOMES DE ALMEIDA ( DALVAN ) / MANOEL ADAO DA SILVA ( MANOELITO NUNES ),UNIVERSAL - 100%,,DUDUCA E DALVAN,,,PROSA DE AMIGOS,158,,,2023-12-05 00:00:00,PERFORMANCE,,REPRISE,SEM DIGITAL,amigo,,True,Sincronização Musical
Aparecida,12-DEZ2023-SINCRONIZACAO MUSICAL-TV APARECIDA,AMIGO,,,JOAO GOMES DE ALMEIDA ( DALVAN ) / MANOEL ADAO DA SILVA ( MANOELITO NUNES ),UNIVERSAL - 100%,,DUDUCA E DALVAN,,,PROSA DE AMIGOS,158,,,2023-12-10 00:00:00,PERFORMANCE,,REPRISE,SEM DIGITAL,amigo,,True,Sincronização Musical
Aparecida,12-DEZ2023-SINCRONIZACAO MUSICAL-TV APARECIDA,MARIA,,,EUNICE BARBOSA DA SILVA ( EUNICE BARBOSA ) / MARIO LUCIO DA ROCHA E SILVA ( MARIO MARCOS ),PEERMUSIC - 100%,,PE. ANTONIO MARIA,,,TERÇO DE APARECIDA - PE ANTONIO MARIA,3167,,,2023-12-30 00:00:00,PERFORMANCE,,INÉDITO,SEM DIGITAL,maria,,True,Sincronização Musical
Aparecida,12-DEZ2023-SINCRONIZACAO MUSICAL-TV APARECIDA,MARIA,,,EUNICE BARBOSA DA SILVA ( EUNICE BARBOSA ) / MARIO LUCIO DA ROCHA E SILVA ( MARIO MARCOS ),PEERMUSIC - 100%,,PE. ANTONIO MARIA,,,TERÇO DE APARECIDA - PE ANTONIO MARIA,3167,,,2023-12-30 00:00:00,PERFORMANCE,,REPRISE,SEM DIGITAL,maria,,True,Sincronização Musical
Aparecida,12-DEZ2023-SINCRONIZACAO MUSICAL-TV APARECIDA,FIM DE ANO,,,DAVID NASSER / FRANCISCO MORAES ALVES ( CHICO VIOLA ),IRMÃOS VITALE - 100%,,PE. ANTONIO MARIA,,,TERÇO DE APARECIDA - PE ANTONIO MARIA,3168,,,2023-12-31 00:00:00,PERFORMANCE,,INÉDITO,SEM DIGITAL,fim de ano,,True,Sincronização Musical
Aparecida,12-DEZ2023-SINCRONIZACAO MUSICAL-TV APARECIDA,FIM DE ANO,,,DAVID NASSER / FRANCISCO MORAES ALVES ( CHICO VIOLA ),IRMÃOS VITALE - 100%,,PE. ANTONIO MARIA,,,TERÇO DE APARECIDA - PE ANTONIO MARIA,3168,,,2023-12-31 00:00:00,PERFORMANCE,,REPRISE,SEM DIGITAL,fim de ano,,True,Sincronização Musical
Aparecida,12-DEZ2023-SINCRONIZACAO MUSICAL-TV APARECIDA,PROPOSTA,,,ADEMAR BENEDITO DOS SANTOS ( ITAMARACA ) / CLAUDIO BALESTRO ( CLAUCO ),UNIVERSAL - 100%,,EDUARDO E RAFAEL,,,TERRA DA PADROEIRA,890,,,2023-12-09 00:00:00,PERFORMANCE,,REPRISE,COM DIGITAL,proposta,,True,Sincronização Musical
Aparecida,12-DEZ2023-SINCRONIZACAO MUSICAL-TV APARECIDA,PAU MANDADO,,,GERALDO BARBOSA DUARTE ( PEAO DO VALLE ) / TAYLOR TORRES,BGK PRODUÇÕES,,PEÃO DO VALLE E VALENTIN,,,TERRA DA PADROEIRA,891,,,2023-12-16 00:00:00,PERFORMANCE,,REPRISE,COM DIGITAL,pau mandado,,True,Sincronização Musical
Globo,Ubem_MusicCueSheet_OriginaisGloboplay_Janeiro24,VICKY E A MUSA,,24/01/2024,,15,,,,,,,6,FELICIDADE,MUSICA COMERCIAL,"GABRIEL MOURA,LEANDRO FAB,PRETINHO DA SERRINHA,SEU JORGE",ELENCO,80,PE,,"WARNER CHAPPELL,SONY MUSIC PUBLISHING,UNIVERSAL MGB,SONY MUSIC PUBLISHING",,,FULL MIX,felicidade,elenco,True,MusicCueSheet_Globoplay_Jan24
Globo,Ubem_MusicCueSheet_OriginaisGloboplay_Janeiro24,VICKY E A MUSA,,24/01/2024,,14,,,,,,,3,AMANHA,MUSICA COMERCIAL,GUILHERME ARANTES,ELENCO,142,PE,,WARNER CHAPPELL,,,FULL MIX,amanha,elenco,True,MusicCueSheet_Globoplay_Jan24
Globo,Ubem_MusicCueSheet_OriginaisGloboplay_Janeiro24,VICKY E A MUSA,,24/01/2024,,26,,,,,,,31,PRELUDIO,MUSICA COMERCIAL,"RAUL SEIXAS,RAUL SEIXAS",ELENCO,39,PE,,"NOWA,WARNER CHAPPELL",,,FULL MIX,preludio,elenco,True,MusicCueSheet_Globoplay_Jan24
Globo,Ubem_MusicCueSheet_OriginaisGloboplay_Janeiro24,VICKY E A MUSA,,24/01/2024,,21,,,,,,,12,FELICIDADE,MUSICA COMERCIAL,"CHICO CESAR,MARCELO JENECI",ELENCO,100,PE,,"DECK,WARNER CHAPPELL",,,FULL MIX,felicidade,elenco,True,MusicCueSheet_Globoplay_Jan24
Globo,MusicCueSheet_TvAberta_Agosto2023,VAI QUE COLA,,01/08/2023,02:45:23,GOGOBOYS,,7ª TEMPORADA,,GLOBO,,,8,MARIA,MUSICA COMERCIAL,"IAN BLAKE,K C PORTER,LUIZ GOMES ESCOLAR",RICKY MARTIN,26,BK,,"SONY MUSIC PUBLISHING,UNIVERSAL MGB,FERMATA",,,,maria,ricky martin,True,MusicCueSheet_Agosto23
Globo,MusicCueSheet_TvAberta_Agosto2023,VAI QUE COLA,,02/08/2023,03:13:00,RESPEITE A FAIXA,,7ª TEMPORADA,,GLOBO,,,17,MARIA,MUSICA COMERCIAL,"IAN BLAKE,K C PORTER,LUIZ GOMES ESCOLAR",RICKY MARTIN,84,BK,,"SONY MUSIC PUBLISHING,UNIVERSAL MGB,FERMATA",SONY DISCOS,,,maria,ricky martin,True,MusicCueSheet_Agosto23
Globo,MusicCueSheet_TvAberta_Agosto2023,VAI QUE COLA,,02/08/2023,03:13:00,RESPEITE A FAIXA,,7ª TEMPORADA,,GLOBO,,,18,MARIA,MUSICA COMERCIAL,"IAN BLAKE,K C PORTER,LUIZ GOMES ESCOLAR",ALEJANDRO VQC,13,PE,,"SONY MUSIC PUBLISHING,UNIVERSAL MGB,FERMATA",,,,maria,alejandro vqc,True,MusicCueSheet_Agosto23
Globo,MusicCueSheet_TvAberta_Agosto2023,NO LIMITE - 3ª TEMPORADA,NO LIMITE,03/08/2023,22:31:11,6,,NA AMAZÔNIA,,GLOBO,2021.0,,33,DEMARCACAO,MUSICA COMERCIAL,"BRUNO VERON,CHARLIE PEIXOTO,CLEMERSON VERON,KELVIN MBARETE,MARINA PERALTA","BRO MCS,MARINA PERALTA",81,BK,,"A DESCOBRIR,A DESCOBRIR,A DESCOBRIR,A DESCOBRIR,ROCKING GORILLAS",,,,demarcacao,"bro mcs,marina peralta",True,MusicCueSheet_Agosto23
Globo,MusicCueSheet_TvAberta_Agosto2023,VAI QUE COLA,,03/08/2023,03:25:16,A NOITE DA BRILHANTINA,,7ª TEMPORADA,,GLOBO,,,7,IMORTAL,MUSICA COMERCIAL,"BARRY GIBB,FEIO,MAURICE GIBB,ROBIN GIBB",SANDY E JUNIOR,25,BK,,"UNIVERSAL MGB,UNIVERSAL MGB,UNIVERSAL MGB,UNIVERSAL MGB",UNIVERSAL MUSIC LTDA.,,,imortal,sandy e junior,True,MusicCueSheet_Agosto23
Globo,MusicCueSheet_TvAberta_Agosto2023,ALTAS HORAS,ALTAS HORAS,05/08/2023,22:23:51,1125,,,,GLOBO,2023.0,SERGINHO GROISMAN  ,17,VERMELHO,MUSICA COMERCIAL,"DALESTE,GLORIA GROOVE,PABLO BISPO,RUXELL",GLÓRIA GROOVE,106,PE,,"UNIVERSAL MGB,WARNER CHAPPELL,WARNER CHAPPELL,WARNER CHAPPELL",,,,vermelho,gloria groove,True,MusicCueSheet_Agosto23
Globo,MusicCueSheet_TvAberta_Agosto2023,ALTAS HORAS,ALTAS HORAS,05/08/2023,22:23:51,1125,,,,GLOBO,2023.0,SERGINHO GROISMAN  ,28,UM ANJO,MUSICA COMERCIAL,"A DESCOBRIR,GUY CHAMBERS,ROBBIE WILLIAMS,ROSANA FERRAO,VERONICA SABINO",KLB,263,PE,,"A DESCOBRIR,ROCKING GORILLAS,UNIVERSAL MGB,SOLUTION MUSIC,SOLUTION MUSIC",,,,um anjo,klb,True,MusicCueSheet_Agosto23
Globo,MusicCueSheet_TvAberta_Agosto2023,NA PRAIA FESTIVAL,,06/08/2023,23:58:41,6082023,,BRASILIA,,GLOBO,,,7,ESPELHO,MUSICA COMERCIAL,PRISCILLA BARUCCI,JORGE & MATEUS,60,PE,,SONY MUSIC PUBLISHING,,,,espelho,jorge & mateus,True,MusicCueSheet_Agosto23
Globo,MusicCueSheet_TvAberta_Agosto2023,NA PRAIA FESTIVAL,,06/08/2023,23:58:41,6082023,,BRASILIA,,GLOBO,,,9,FOGUEIRA,MUSICA COMERCIAL,JORGE,JORGE & MATEUS,106,PE,,PANTTANAL,,,,fogueira,jorge & mateus,True,MusicCueSheet_Agosto23
Globo,MusicCueSheet_TvAberta_Agosto2023,NA PRAIA FESTIVAL,,06/08/2023,23:58:41,6082023,,BRASILIA,,GLOBO,,,12,VERDADE,MUSICA COMERCIAL,"CARLINHOS SANTANA,NELSON RUFINO",ZECA PAGODINHO,250,PE,,"UNIVERSAL MGB,SONY MUSIC PUBLISHING",,,,verdade,zeca pagodinho,True,MusicCueSheet_Agosto23
Globo,MusicCueSheet_TvAberta_Agosto2023,CRIANCA ESPERANCA,CRIANÇA ESPERANÇA,07/08/2023,22:28:13,7082023,,CRIANCA ESPERANCA 2023,,GLOBO,2023.0,RAFAEL DRAGAUD E ANTONIA PRADO,3,MODO AVIAO,MUSICA COMERCIAL,"JEFFERSON JUNIOR,UMBERTO TAVARES",LUDMILLA,83,PE,,"BMG,BMG",,,,modo aviao,ludmilla,True,MusicCueSheet_Agosto23
Globo,MusicCueSheet_TvAberta_Agosto2023,CRIANCA ESPERANCA,CRIANÇA ESPERANÇA,07/08/2023,22:28:13,7082023,,CRIANCA ESPERANCA 2023,,GLOBO,2023.0,RAFAEL DRAGAUD E ANTONIA PRADO,4,VERDADE,MUSICA COMERCIAL,"CARLINHOS SANTANA,NELSON RUFINO",ZECA PAGODINHO,74,PE,,"UNIVERSAL MGB,SONY MUSIC PUBLISHING",,,,verdade,zeca pagodinho,True,MusicCueSheet_Agosto23
Globo,MusicCueSheet_TvAberta_Agosto2023,CRIANCA ESPERANCA,CRIANÇA ESPERANÇA,07/08/2023,22:28:13,7082023,,CRIANCA ESPERANCA 2023,,GLOBO,2023.0,RAFAEL DRAGAUD E ANTONIA PRADO,7,SO VOCE,MUSICA COMERCIAL,VINICIUS CANTUARIA,"FABIO JR,DILSINHO",98,PE,,WARNER CHAPPELL,,,,so voce,"fabio jr,dilsinho",True,MusicCueSheet_Agosto23
Globo,MusicCueSheet_TvAberta_Agosto2023,MAIS VOCE,MAIS VOCÊ,07/08/2023,10:37:26,5876,,,,GLOBO,2023.0,VIVI DE MARCO,52,VERMELHO,MUSICA COMERCIAL,"DALESTE,GLORIA GROOVE,PABLO BISPO,RUXELL",GLORIA GROOVE,20,DM,,"UNIVERSAL MGB,WARNER CHAPPELL,WARNER CHAPPELL,WARNER CHAPPELL",,,,vermelho,gloria groove,True,MusicCueSheet_Agosto23
Globo,MusicCueSheet_TvAberta_Agosto2023,VAI QUE COLA,,07/08/2023,03:49:32,BRAZILIAN PIE,,7ª TEMPORADA,,GLOBO,,,12,SUGAR,MUSICA COMERCIAL,"ADAM LEVINE,HENRY WALTER,JACOB HINDLIN,JOSHUA COLEMAN,LUKASZ GOTTWALD,MIKE POSNER",MAROON 5,16,BK,,"UNIVERSAL MGB,ABRAMUS,ABRAMUS,ABRAMUS,ABRAMUS,SONY MUSIC PUBLISHING",,,,sugar,maroon 5,True,MusicCueSheet_Agosto23
Globo,MusicCueSheet_TvAberta_Agosto2023,VAI QUE COLA,,07/08/2023,03:49:32,QUEM PAY DAY?,,7ª TEMPORADA,,GLOBO,,,3,FULERAGEM,MUSICA COMERCIAL,"DJ GEGE,MC WM",MC WM,66,BK,,"WARNER CHAPPELL,WARNER CHAPPELL",WM BRAZI,,,fuleragem,mc wm,True,MusicCueSheet_Agosto23
Globo,MusicCueSheet_TvAberta_Agosto2023,ENCONTRO,,08/08/2023,09:30:05,2852,,,,GLOBO,,,34,VERDADE,MUSICA COMERCIAL,"CARLINHOS SANTANA,NELSON RUFINO","ZECA PAGODINHO,LUDMILLA",7,DM,,"UNIVERSAL MGB,SONY MUSIC PUBLISHING",,,,verdade,"zeca pagodinho,ludmilla",True,MusicCueSheet_Agosto23
Globo,MusicCueSheet_TvAberta_Agosto2023,ALTAS HORAS,ALTAS HORAS,12/08/2023,22:20:11,1126,,,,GLOBO,2023.0,SERGINHO GROISMAN  ,22,ESPELHO,MUSICA COMERCIAL,"JOAO NOGUEIRA,PAULO CESAR PINHEIRO",BANDA ALTAS HORAS,29,PE,,"SONY MUSIC PUBLISHING,SONY MUSIC PUBLISHING",,,,espelho,banda altas horas,True,MusicCueSheet_Agosto23
Globo,MusicCueSheet_TvAberta_Agosto2023,ALTAS HORAS,ALTAS HORAS,12/08/2023,22:20:11,1126,,,,GLOBO,2023.0,SERGINHO GROISMAN  ,25,AMIGO,MUSICA COMERCIAL,"ERASMO CARLOS,ROBERTO CARLOS",BANDA ALTAS HORAS,30,PE,,"SONY MUSIC PUBLISHING,SONY MUSIC PUBLISHING",,,,amigo,banda altas horas,True,MusicCueSheet_Agosto23
Globo,MusicCueSheet_TvAberta_Agosto2023,CAPITAL MOTO WEEK,,12/08/2023,14:05:44,12082023,,2023,,GLOBO,,,17,CARRY ON,MUSICA COMERCIAL,ANDRE MATOS,ANGRA,148,PE,,A DESCOBRIR,,,,carry on,angra,True,MusicCueSheet_Agosto23
Globo,MusicCueSheet_TvAberta_Agosto2023,VIIIXE 2023,,12/08/2023,,12082023,,BELO HORIZONTE,,,,,1,LETICIA,MUSICA COMERCIAL,"DUGUINHO DO ACORDEON,JOTA REIS,SAMIR TRINDADE,SAYMON MARQUES",ZE VAQUEIRO,162,PE,,"BERGER PRODUCOES,SONY MUSIC PUBLISHING,WARNER CHAPPELL,WARNER CHAPPELL",,,,leticia,ze vaqueiro,True,MusicCueSheet_Agosto23
Globo,MusicCueSheet_TvAberta_Agosto2023,VIIIXE 2023,,12/08/2023,,12082023,,BELO HORIZONTE,,,,,7,MEIA NOITE,MUSICA COMERCIAL,"VALTER DANADAO,ZE MALHADA",TARCISIO DO ACORDEON,138,PE,,"SONY MUSIC PUBLISHING,SONY MUSIC PUBLISHING",,,,meia noite,tarcisio do acordeon,True,MusicCueSheet_Agosto23
Globo,MusicCueSheet_TvAberta_Agosto2023,VIIIXE 2023,,12/08/2023,,12082023,,BELO HORIZONTE,,,,,12,AQUELAS COISAS,MUSICA COMERCIAL,"DANIEL MENDES,DANIEL MENDES,WASHINGTON JR",JOAO GOMES,132,PE,,"SUA MUSICA DIGITAL,WARNER CHAPPELL,SUA MUSICA DIGITAL",,,,aquelas coisas,joao gomes,True,MusicCueSheet_Agosto23
Globo,MusicCueSheet_TvAberta_Agosto2023,VAI QUE COLA,VAI QUE COLA,13/08/2023,23:47:46,BODAS DE PURPURINA,,10ª TEMPORADA,,GLOBO,2023.0,CARLO MILANI E ERNESTO PICCOLO,17,VERMELHO,MUSICA COMERCIAL,"DALESTE,GLORIA GROOVE,PABLO BISPO,RUXELL",GLORIA GROOVE,32,BK,,"UNIVERSAL MGB,WARNER CHAPPELL,WARNER CHAPPELL,WARNER CHAPPELL",,,,vermelho,gloria groove,True,MusicCueSheet_Agosto23
Globo,MusicCueSheet_TvAberta_Agosto2023,FUZUE - REEXIBICAO 2023,,14/08/2023,01:35:02,1,,,,GLOBO,,,41,FELICIDADE,MUSICA COMERCIAL,"CHICO CESAR,MARCELO JENECI",ELBA RAMALHO,74,TP,,"DECK,WARNER CHAPPELL",ACAUA PRODUTORA,,FULL MIX,felicidade,elba ramalho,True,MusicCueSheet_Agosto23
Globo,MusicCueSheet_TvAberta_Agosto2023,VAI QUE COLA,,15/08/2023,03:29:58,PARQUE AQUATICO,,2ª TEMPORADA,,GLOBO,,,11,PEGANDO FOGO,MUSICA COMERCIAL,"FRANCISCO MATTOSO,JOSE MARIA DE ABREU",MARCUS MAJELLA,24,PE,,"VITALE,VITALE",,,,pegando fogo,marcus majella,True,MusicCueSheet_Agosto23
Globo,MusicCueSheet_TvAberta_Agosto2023,VAI QUE COLA,,15/08/2023,03:29:58,PARQUE AQUATICO,,2ª TEMPORADA,,GLOBO,,,13,PSICOSE,MUSICA COMERCIAL,TONINHO,ECLIPSE SOUL,5,BK,,WARNER CHAPPELL,,,,psicose,eclipse soul,True,MusicCueSheet_Agosto23
Globo,MusicCueSheet_TvAberta_Agosto2023,VAI QUE COLA,,17/08/2023,02:38:30,THE DEPOSIT,,7ª TEMPORADA,,GLOBO,,,8,MARACUTAIA,MUSICA COMERCIAL,"DAVID CORCOS,KAROL CONKA,LAUDZ,ZEGON",KAROL CONKA,103,BK,,"DAVID O MARROQUINO,SONY MUSIC PUBLISHING,BMG,BMG",,,,maracutaia,karol conka,True,MusicCueSheet_Agosto23
Globo,MusicCueSheet_TvAberta_Agosto2023,VAI QUE COLA,,18/08/2023,02:37:46,MEIER SUSTENTAVEL,,7ª TEMPORADA,,GLOBO,,,3,BANHO DE ESPUMA,MUSICA COMERCIAL,"RITA LEE,ROBERTO DE CARVALHO",RITA LEE,21,BK,,"WARNER CHAPPELL,WARNER CHAPPELL",,,,banho de espuma,rita lee,True,MusicCueSheet_Agosto23
Globo,MusicCueSheet_TvAberta_Agosto2023,VAI QUE COLA,,18/08/2023,02:37:46,MEIER SUSTENTAVEL,,7ª TEMPORADA,,GLOBO,,,9,MARIA,MUSICA COMERCIAL,"IAN BLAKE,K C PORTER,LUIZ GOMES ESCOLAR",RICKY MARTIN,97,BK,,"SONY MUSIC PUBLISHING,UNIVERSAL MGB,FERMATA",,,,maria,ricky martin,True,MusicCueSheet_Agosto23
Globo,MusicCueSheet_TvAberta_Agosto2023,CONVERSA COM BIAL,CONVERSA COM BIAL,22/08/2023,01:14:40,1222,,,,GLOBO,2023.0,MONICA ALMEIDA,7,MENTIRA,MUSICA COMERCIAL,"MARCOS VALLE,PAULO SERGIO VALLE",MARCOS VALLE,186,PE,,"WARNER CHAPPELL,WARNER CHAPPELL",,,,mentira,marcos valle,True,MusicCueSheet_Agosto23
Globo,MusicCueSheet_TvAberta_Agosto2023,FUZUE - REEXIBICAO 2023,,22/08/2023,01:00:35,8,,,,GLOBO,,,37,BOROGODO,MUSICA COMERCIAL,"DUDA BEAT,LAUDZ,RUSSO PASSAPUSSO,ZEGON","BAIANA SYSTEM, DJ WILL LOVE, DUDA BEAT, TROPKILLAZ",5,TP,,"ALTAFONTE,BMG,UNIVERSAL MGB,BMG",MAQUINA DE LOUCO EDICOES MUSICAIS LTDA,,BG,borogodo,"baiana system, dj will love, duda beat, tropkillaz",True,MusicCueSheet_Agosto23
Globo,MusicCueSheet_TvAberta_Agosto2023,FUZUE - REEXIBICAO 2023,,22/08/2023,01:00:35,8,,,,GLOBO,,,38,BOROGODO,MUSICA COMERCIAL,"DUDA BEAT,LAUDZ,RUSSO PASSAPUSSO,ZEGON","BAIANA SYSTEM, DJ WILL LOVE, DUDA BEAT, TROPKILLAZ",12,TP,,"ALTAFONTE,BMG,UNIVERSAL MGB,BMG",MAQUINA DE LOUCO EDICOES MUSICAIS LTDA,,BG,borogodo,"baiana system, dj will love, duda beat, tropkillaz",True,MusicCueSheet_Agosto23
Globo,MusicCueSheet_TvAberta_Agosto2023,FUZUE - REEXIBICAO 2023,,22/08/2023,01:00:35,8,,,,GLOBO,,,39,BOROGODO,MUSICA COMERCIAL,"DUDA BEAT,LAUDZ,RUSSO PASSAPUSSO,ZEGON","BAIANA SYSTEM, DJ WILL LOVE, DUDA BEAT, TROPKILLAZ",9,TP,,"ALTAFONTE,BMG,UNIVERSAL MGB,BMG",MAQUINA DE LOUCO EDICOES MUSICAIS LTDA,,FULL MIX,borogodo,"baiana system, dj will love, duda beat, tropkillaz",True,MusicCueSheet_Agosto23
Globo,MusicCueSheet_TvAberta_Agosto2023,FUZUE - REEXIBICAO 2023,,22/08/2023,01:00:35,8,,,,GLOBO,,,40,BOROGODO,MUSICA COMERCIAL,"DUDA BEAT,LAUDZ,RUSSO PASSAPUSSO,ZEGON","BAIANA SYSTEM, DJ WILL LOVE, DUDA BEAT, TROPKILLAZ",19,TP,,"ALTAFONTE,BMG,UNIVERSAL MGB,BMG",MAQUINA DE LOUCO EDICOES MUSICAIS LTDA,,BG,borogodo,"baiana system, dj will love, duda beat, tropkillaz",True,MusicCueSheet_Agosto23
Globo,MusicCueSheet_TvAberta_Agosto2023,FUZUE - REEXIBICAO 2023,,22/08/2023,01:00:35,8,,,,GLOBO,,,41,BOROGODO,MUSICA COMERCIAL,"DUDA BEAT,LAUDZ,RUSSO PASSAPUSSO,ZEGON","BAIANA SYSTEM, DJ WILL LOVE, DUDA BEAT, TROPKILLAZ",3,TP,,"ALTAFONTE,BMG,UNIVERSAL MGB,BMG",MAQUINA DE LOUCO EDICOES MUSICAIS LTDA,,FULL MIX,borogodo,"baiana system, dj will love, duda beat, tropkillaz",True,MusicCueSheet_Agosto23
Globo,MusicCueSheet_TvAberta_Agosto2023,FUZUE - REEXIBICAO 2023,,22/08/2023,01:00:35,8,,,,GLOBO,,,42,BOROGODO,MUSICA COMERCIAL,"DUDA BEAT,LAUDZ,RUSSO PASSAPUSSO,ZEGON","BAIANA SYSTEM, DJ WILL LOVE, DUDA BEAT, TROPKILLAZ",7,DM,,"ALTAFONTE,BMG,UNIVERSAL MGB,BMG",MAQUINA DE LOUCO EDICOES MUSICAIS LTDA,,FULL MIX,borogodo,"baiana system, dj will love, duda beat, tropkillaz",True,MusicCueSheet_Agosto23
Globo,MusicCueSheet_TvAberta_Agosto2023,FUZUE - REEXIBICAO 2023,,22/08/2023,01:00:35,8,,,,GLOBO,,,54,BOROGODO,MUSICA COMERCIAL,"DUDA BEAT,LAUDZ,RUSSO PASSAPUSSO,ZEGON","BAIANA SYSTEM, DJ WILL LOVE, DUDA BEAT, TROPKILLAZ",11,TP,,"ALTAFONTE,BMG,UNIVERSAL MGB,BMG",MAQUINA DE LOUCO EDICOES MUSICAIS LTDA,,BG,borogodo,"baiana system, dj will love, duda beat, tropkillaz",True,MusicCueSheet_Agosto23
Globo,MusicCueSheet_TvAberta_Agosto2023,FUZUE - REEXIBICAO 2023,,22/08/2023,01:00:35,8,,,,GLOBO,,,55,BOROGODO,MUSICA COMERCIAL,"DUDA BEAT,LAUDZ,RUSSO PASSAPUSSO,ZEGON","BAIANA SYSTEM, DJ WILL LOVE, DUDA BEAT, TROPKILLAZ",19,TP,,"ALTAFONTE,BMG,UNIVERSAL MGB,BMG",MAQUINA DE LOUCO EDICOES MUSICAIS LTDA,,BG,borogodo,"baiana system, dj will love, duda beat, tropkillaz",True,MusicCueSheet_Agosto23
Globo,MusicCueSheet_TvAberta_Agosto2023,MAIS VOCE,MAIS VOCÊ,22/08/2023,10:35:38,5887,,,,GLOBO,2023.0,VIVI DE MARCO,1,VAMOS FUGIR,MUSICA COMERCIAL,"GILBERTO GIL,LIMINHA",ROGERIO FLAUSINO,7,TA,,"SONY MUSIC PUBLISHING,WARNER CHAPPELL",SONY MUSIC,,,vamos fugir,rogerio flausino,True,MusicCueSheet_Agosto23
Globo,MusicCueSheet_TvAberta_Agosto2023,MAIS VOCE,MAIS VOCÊ,22/08/2023,10:35:38,5887,,,,GLOBO,2023.0,VIVI DE MARCO,2,VAMOS FUGIR,MUSICA COMERCIAL,"GILBERTO GIL,LIMINHA",ROGERIO FLAUSINO,30,BK,,"SONY MUSIC PUBLISHING,WARNER CHAPPELL",SONY MUSIC,,,vamos fugir,rogerio flausino,True,MusicCueSheet_Agosto23
Globo,MusicCueSheet_TvAberta_Agosto2023,MAIS VOCE,MAIS VOCÊ,22/08/2023,10:35:38,5887,,,,GLOBO,2023.0,VIVI DE MARCO,58,VAMOS FUGIR,MUSICA COMERCIAL,"GILBERTO GIL,LIMINHA",ROGERIO FLAUSINO,18,TE,,"SONY MUSIC PUBLISHING,WARNER CHAPPELL",SONY MUSIC,,,vamos fugir,rogerio flausino,True,MusicCueSheet_Agosto23
Globo,MusicCueSheet_TvAberta_Agosto2023,VAI QUE COLA,,23/08/2023,02:36:13,SISTAS,,2ª TEMPORADA,,GLOBO,,,2,BEIJINHO NO OMBRO,MUSICA COMERCIAL,"ANDRE VIEIRA,ANDRE VIEIRA,DENNIS DJ,PARDAL,WALLACE VIANA,WALLACE VIANA","DULCE MARIA,MARIANA XIMENES,VALESCA POPOZUDA",79,BK,,"UNIVERSAL MGB,WARNER CHAPPELL,SONY MUSIC PUBLISHING,ADDAF,UNIVERSAL MGB,WARNER CHAPPELL",,,,beijinho no ombro,"dulce maria,mariana ximenes,valesca popozuda",True,MusicCueSheet_Agosto23
Globo,MusicCueSheet_TvAberta_Agosto2023,VAI QUE COLA,,23/08/2023,02:36:13,SISTAS,,2ª TEMPORADA,,GLOBO,,,3,BEIJINHO NO OMBRO,MUSICA COMERCIAL,"ANDRE VIEIRA,ANDRE VIEIRA,DENNIS DJ,PARDAL,WALLACE VIANA,WALLACE VIANA","MARCUS MAJELLA,SAMANTHA SCHMUTZ",47,PE,,"UNIVERSAL MGB,WARNER CHAPPELL,SONY MUSIC PUBLISHING,ADDAF,UNIVERSAL MGB,WARNER CHAPPELL",,,,beijinho no ombro,"marcus majella,samantha schmutz",True,MusicCueSheet_Agosto23
Globo,MusicCueSheet_TvAberta_Agosto2023,ALOK EM COPACABANA,,26/08/2023,00:56:10,26082023,,MELHORES MOMENTOS,,GLOBO,2023.0,,20,INTRO,MUSICA COMERCIAL,"BARIA QURESHI,JAMIE SMITH,OLIVER SIM,ROMY MADLEY CROFT",ALOK,20,PE,,"UNIVERSAL MGB,UNIVERSAL MGB,UNIVERSAL MGB,UNIVERSAL MGB",,,,intro,alok,True,MusicCueSheet_Agosto23
Globo,MusicCueSheet_TvAberta_Agosto2023,ALTAS HORAS,ALTAS HORAS,26/08/2023,22:23:07,1128,,,,GLOBO,2023.0,SERGINHO GROISMAN  ,11,MALVADA,MUSICA COMERCIAL,"BRENO LIMA,RIVALDO SOARES,SHYLTON FERNANDES",ZÉ FELIPE,133,PE,,"MAJOR PRODUÇÕES,KALEW SOARES,WARNER CHAPPELL",,,,malvada,ze felipe,True,MusicCueSheet_Agosto23
Globo,MusicCueSheet_TvAberta_Agosto2023,FUZUE - REEXIBICAO 2023,,26/08/2023,01:05:18,12,,,,GLOBO,,,36,COISAS QUE EU SEI,MUSICA COMERCIAL,DUDU FALCAO,FELIPE AMORIM,159,TP,,WARNER CHAPPELL,ONEPLAY,,FULL MIX,coisas que eu sei,felipe amorim,True,MusicCueSheet_Agosto23
Globo,MusicCueSheet_TvAberta_Agosto2023,FUZUE - REEXIBICAO 2023,,26/08/2023,01:05:18,12,,,,GLOBO,,,37,COISAS QUE EU SEI,MUSICA COMERCIAL,DUDU FALCAO,FELIPE AMORIM,22,TP,,WARNER CHAPPELL,ONEPLAY,,BG,coisas que eu sei,felipe amorim,True,MusicCueSheet_Agosto23
Globo,MusicCueSheet_TvAberta_Agosto2023,FANTASTICO,FANTÁSTICO,27/08/2023,20:30:24,2601,,,,GLOBO,2023.0,ALI KAMEL,65,VERMELHO,MUSICA COMERCIAL,"DALESTE,GLORIA GROOVE,PABLO BISPO,RUXELL",GLORIA GROOVE-,24,PE,,"UNIVERSAL MGB,WARNER CHAPPELL,WARNER CHAPPELL,WARNER CHAPPELL",,,,vermelho,gloria groove-,True,MusicCueSheet_Agosto23
Globo,MusicCueSheet_TvAberta_Agosto2023,FANTASTICO,FANTÁSTICO,27/08/2023,20:30:24,2601,,,,GLOBO,2023.0,ALI KAMEL,66,VERMELHO,MUSICA COMERCIAL,"DALESTE,GLORIA GROOVE,PABLO BISPO,RUXELL",GLORIA GROOVE,24,BK,,"UNIVERSAL MGB,WARNER CHAPPELL,WARNER CHAPPELL,WARNER CHAPPELL",,,,vermelho,gloria groove,True,MusicCueSheet_Agosto23
Globo,MusicCueSheet_TvAberta_Agosto2023,FANTASTICO,FANTÁSTICO,27/08/2023,20:30:24,2601,,,,GLOBO,2023.0,ALI KAMEL,68,VERMELHO,MUSICA COMERCIAL,"DALESTE,GLORIA GROOVE,PABLO BISPO,RUXELL",GLORIA GROOVE,23,BK,,"UNIVERSAL MGB,WARNER CHAPPELL,WARNER CHAPPELL,WARNER CHAPPELL",,,,vermelho,gloria groove,True,MusicCueSheet_Agosto23
Globo,MusicCueSheet_TvAberta_Agosto2023,VAI QUE COLA,VAI QUE COLA,27/08/2023,00:42:00,ENCANTADORES DE COBRA,,10ª TEMPORADA,,GLOBO,2023.0,CARLO MILANI E ERNESTO PICCOLO,16,VINGANCA,MUSICA COMERCIAL,DOUGLAS CEZAR,LUAN SANTANA,22,BK,,R3 PRODUÇÕES,,,,vinganca,luan santana,True,MusicCueSheet_Agosto23
Globo,MusicCueSheet_TvAberta_Agosto2023,VAI QUE COLA,VAI QUE COLA,27/08/2023,00:42:00,LGBTXYZ,,2ª TEMPORADA,,GLOBO,2023.0,CARLO MILANI E ERNESTO PICCOLO,2,BEIJINHO NO OMBRO,MUSICA COMERCIAL,"ANDRE VIEIRA,ANDRE VIEIRA,DENNIS DJ,PARDAL,WALLACE VIANA,WALLACE VIANA",VALESCA POPOZUDA,88,BK,,"UNIVERSAL MGB,WARNER CHAPPELL,SONY MUSIC PUBLISHING,ADDAF,UNIVERSAL MGB,WARNER CHAPPELL",,,,beijinho no ombro,valesca popozuda,True,MusicCueSheet_Agosto23
Globo,MusicCueSheet_TvAberta_Agosto2023,VAI QUE COLA,VAI QUE COLA,27/08/2023,00:42:00,LGBTXYZ,,2ª TEMPORADA,,GLOBO,2023.0,CARLO MILANI E ERNESTO PICCOLO,3,BEIJINHO NO OMBRO,MUSICA COMERCIAL,"ANDRE VIEIRA,ANDRE VIEIRA,DENNIS DJ,PARDAL,WALLACE VIANA,WALLACE VIANA",MARCUS MAJELLA,13,PE,,"UNIVERSAL MGB,WARNER CHAPPELL,SONY MUSIC PUBLISHING,ADDAF,UNIVERSAL MGB,WARNER CHAPPELL",,,,beijinho no ombro,marcus majella,True,MusicCueSheet_Agosto23
Globo,MusicCueSheet_TvAberta_Agosto2023,MAIS VOCE,MAIS VOCÊ,30/08/2023,10:36:20,5893,,,,GLOBO,2023.0,VIVI DE MARCO,1,FELICIDADE,MUSICA COMERCIAL,"GABRIEL MOURA,LEANDRO FAB,PRETINHO DA SERRINHA,SEU JORGE","ANDRÉ SARATE,CAPU,SERGINHO MOAH",15,TA,,"WARNER CHAPPELL,WARNER CHAPPELL,UNIVERSAL MGB,SONY MUSIC PUBLISHING",FIRST MUSIC,,,felicidade,"andre sarate,capu,serginho moah",True,MusicCueSheet_Agosto23
Globo,MusicCueSheet_TvAberta_Agosto2023,MAIS VOCE,MAIS VOCÊ,30/08/2023,10:36:20,5893,,,,GLOBO,2023.0,VIVI DE MARCO,2,FELICIDADE,MUSICA COMERCIAL,"GABRIEL MOURA,LEANDRO FAB,PRETINHO DA SERRINHA,SEU JORGE","ANDRÉ SARATE,CAPU,SERGINHO MOAH",59,BK,,"WARNER CHAPPELL,WARNER CHAPPELL,UNIVERSAL MGB,SONY MUSIC PUBLISHING",FIRST MUSIC,,,felicidade,"andre sarate,capu,serginho moah",True,MusicCueSheet_Agosto23
Globo,MusicCueSheet_TvAberta_Agosto2023,MAIS VOCE,MAIS VOCÊ,30/08/2023,10:36:20,5893,,,,GLOBO,2023.0,VIVI DE MARCO,54,FELICIDADE,MUSICA COMERCIAL,"GABRIEL MOURA,LEANDRO FAB,PRETINHO DA SERRINHA,SEU JORGE","ANDRÉ SARATE,CAPU,SERGINHO MOAH",14,BK,,"WARNER CHAPPELL,WARNER CHAPPELL,UNIVERSAL MGB,SONY MUSIC PUBLISHING",FIRST MUSIC,,,felicidade,"andre sarate,capu,serginho moah",True,MusicCueSheet_Agosto23
Globo,MusicCueSheet_TvAberta_Agosto2023,MAIS VOCE,MAIS VOCÊ,30/08/2023,10:36:20,5893,,,,GLOBO,2023.0,VIVI DE MARCO,55,FELICIDADE,MUSICA COMERCIAL,"GABRIEL MOURA,LEANDRO FAB,PRETINHO DA SERRINHA,SEU JORGE","ANDRÉ SARATE,CAPU,SERGINHO MOAH",24,TE,,"WARNER CHAPPELL,WARNER CHAPPELL,UNIVERSAL MGB,SONY MUSIC PUBLISHING",FIRST MUSIC,,,felicidade,"andre sarate,capu,serginho moah",True,MusicCueSheet_Agosto23
Globo,Ubem_MusicCueSheet_OriginaisGloboplay_Novembro23,RESISTENCIA NEGRA,,20/11/2023,,1.0,,,,,,,1,INVISIVEL,MUSICA COMERCIAL,"FILIPE CARTAXO,MARCELO SEKO,ROBERTO BARRETO,RUSSO PASSAPUSSO",BAIANA SYSTEM,29,TA,,"UNIVERSAL MGB,UNIVERSAL MGB,UNIVERSAL MGB,UNIVERSAL MGB",,,,invisivel,baiana system,True,MusicCueSheet_Globoplay_Nov23
Globo,Ubem_MusicCueSheet_OriginaisGloboplay_Novembro23,RESISTENCIA NEGRA,,21/11/2023,,2.0,,,,,,,4,INVISIVEL,MUSICA COMERCIAL,"FILIPE CARTAXO,MARCELO SEKO,ROBERTO BARRETO,RUSSO PASSAPUSSO",BAIANA SYSTEM,29,TA,,"UNIVERSAL MGB,UNIVERSAL MGB,UNIVERSAL MGB,UNIVERSAL MGB",,,,invisivel,baiana system,True,MusicCueSheet_Globoplay_Nov23
Globo,Ubem_MusicCueSheet_OriginaisGloboplay_Novembro23,RESISTENCIA NEGRA,,22/11/2023,,3.0,,,,,,,4,INVISIVEL,MUSICA COMERCIAL,"FILIPE CARTAXO,MARCELO SEKO,ROBERTO BARRETO,RUSSO PASSAPUSSO",BAIANA SYSTEM,29,TA,,"UNIVERSAL MGB,UNIVERSAL MGB,UNIVERSAL MGB,UNIVERSAL MGB",,,,invisivel,baiana system,True,MusicCueSheet_Globoplay_Nov23
Globo,Ubem_MusicCueSheet_OriginaisGloboplay_Novembro23,RESISTENCIA NEGRA,,23/11/2023,,4.0,,,,,,,3,INVISIVEL,MUSICA COMERCIAL,"FILIPE CARTAXO,MARCELO SEKO,ROBERTO BARRETO,RUSSO PASSAPUSSO",BAIANA SYSTEM,29,TA,,"UNIVERSAL MGB,UNIVERSAL MGB,UNIVERSAL MGB,UNIVERSAL MGB",,,,invisivel,baiana system,True,MusicCueSheet_Globoplay_Nov23
Globo,Ubem_MusicCueSheet_OriginaisGloboplay_Novembro23,RESISTENCIA NEGRA,,24/11/2023,,5.0,,,,,,,2,INVISIVEL,MUSICA COMERCIAL,"FILIPE CARTAXO,MARCELO SEKO,ROBERTO BARRETO,RUSSO PASSAPUSSO",BAIANA SYSTEM,29,TA,,"UNIVERSAL MGB,UNIVERSAL MGB,UNIVERSAL MGB,UNIVERSAL MGB",,,,invisivel,baiana system,True,MusicCueSheet_Globoplay_Nov23
Globo,Ubem_MusicCueSheet_OriginaisGloboplay_Novembro23,RITMO DE NATAL,,30/11/2023,,,,,,,,,9,DINGO BELL,MUSICA COMERCIAL,MC BIGODINHO,MC TETEU,43,TP,,MC BIGODINHO,,,,dingo bell,mc teteu,True,MusicCueSheet_Globoplay_Nov23
Canal Brasil,Ubem_CanalBrasil_Março24 (1),Mídia,Canal,Data,Gênero,Programa,Episódio Nr.,Título da Obra,Autor(es),Intérprete(s),Editora(s),Tipo de Sincronização,Acervo Sim ou Não,Data da 1ª Exibição (apenas para conferência),Exibição,midia,,True,Relatório UBEM - Canal Brasil
