Programa,Exibição,Música,Autor,Intérprete,Editora,Tipo,TOTAL,Mídia,Canal,Gênero,Episódio Nr.,Acervo Sim ou Não,Data da 1ª Exibição (apenas para conferência),Exibição.1,uncertain_match,Matched Title,Matched Identifier/ISWC,Uncertain Match,Eligibility Basis,__source_sheet
502,2024-11-18 00:00:00,Dentro Ali,Luedji Luna,Luedji Luna,Dubas Musica Ltda,Fundo Musical,,TV Fechada,Canal Brasil,Variedade,29.0,Não,2020-12-21,Reprise,,,,True,artist_alias,Relatório UBEM - Canal Brasil
Faixa Musical - Mês Da Consciência Negra: Sambabook Jorge Aragão,2024-11-16 00:00:00,Enredo Do Meu Samba,"Jorge Aragão,Yvonne Lara",Jorge Vercillo,Warner Chappell Edicoes Musicais Ltda,Performance Acervo,,TV Fechada,Canal Brasil,Variedade,1.0,Sim,2016-12-17,Reprise,,,,True,artist_alias,Relatório UBEM - Canal Brasil
Faixa Musical - Mês Da Consciência Negra: Sambabook Jorge Aragão,2024-11-16 00:00:00,Moleque Atrevido,"Flavio Cardoso,Jorge Aragão,Paulinho Rezende",Emicida,"Nowa Producoes Artisticas Ltda Epp,Universal Music Publishing Mgb Brasil Ltda,Unknown Publisher",Performance Acervo,,TV Fechada,Canal Brasil,Variedade,1.0,Sim,2016-12-17,Reprise,,,,True,artist_alias,Relatório UBEM - Canal Brasil
Faixa Musical - Mês Da Consciência Negra: Sambabook Jorge Aragão,2024-11-16 00:00:00,Toque De Malícia,Jorge Aragão,Lenine,Warner Chappell Edicoes Musicais Ltda,Performance Acervo,,TV Fechada,Canal Brasil,Variedade,1.0,Sim - Excedente,2016-12-17,Reprise,,,,True,artist_alias,Relatório UBEM - Canal Brasil
502,2025-03-04 00:00:00,Dentro Ali,Luedji Luna,Luedji Luna,Dubas Musica Ltda,Fundo Musical,,TV Fechada,Canal Brasil,Variedade,29.0,Não,2020-12-21,Reprise,,,,True,artist_alias,Relatório UBEM - Canal Brasil
Experimente,2025-03-01 00:00:00,Felizes Eram Os Golfinhos,"Edgar,Pupillo",Edgar,Warner Chappell Edicoes Musicais Ltda,Performance Acervo,,,,,,,,,,,,True,artist_alias,Relatório UBEM - Canal Brasil
Experimente,2025-03-01 00:00:00,O Amor Está Preso?,"David Bovee,Edgar,Mauricio Fleury,Pupillo",Edgar,"Unknown Publisher,Warner Chappell Edicoes Musicais Ltda",Performance Acervo,,,,,,,,,,,,True,artist_alias,Relatório UBEM - Canal Brasil
Experimente,2025-03-01 00:00:00,Print,"Edgar,Pupillo",Edgar,Warner Chappell Edicoes Musicais Ltda,Performance Acervo,,,,,,,,,,,,True,artist_alias,Relatório UBEM - Canal Brasil
Versões,2025-03-01 00:00:00,Admirável Chip Novo,Pitty,Day,"Unknown Publisher,Warner Chappell Edicoes Musicais Ltda",Performance,,,,,,,,,,,,True,artist_alias,Relatório UBEM - Canal Brasil
Versões,2025-03-01 00:00:00,Brinquedo Torto,Pitty,Day,Warner Chappell Edicoes Musicais Ltda,Performance,,,,,,,,,,,,True,artist_alias,Relatório UBEM - Canal Brasil
Versões,2025-03-01 00:00:00,Dilúvio,"Danilo Valbusa,Day,Marcelinho Ferraz,Pedro Caropreso,Tiê Castro,Vitão",Day,"Universal Music Publishing Mgb Brasil Ltda,Warner Chappell Edicoes Musicais Ltda",Performance,,,,,,,,,,,,True,artist_alias,Relatório UBEM - Canal Brasil
Versões,2025-03-01 00:00:00,Equalize,"Peu Souza,Pitty",Day,Warner Chappell Edicoes Musicais Ltda,Performance,,,,,,,,,,,,True,artist_alias,Relatório UBEM - Canal Brasil
Versões,2025-03-01 00:00:00,I Wanna Be,Pitty,Day,Warner Chappell Edicoes Musicais Ltda,Performance,,,,,,,,,,,,True,artist_alias,Relatório UBEM - Canal Brasil
Versões,2025-03-01 00:00:00,Jurei Que Não Ia Falar De Amor,"Dan Valbusa,Day",Day,"Deck Producoes Artisticas Ltda,Universal Music Publishing Mgb Brasil Ltda",Performance,,,,,,,,,,,,True,artist_alias,Relatório UBEM - Canal Brasil
Versões,2025-03-01 00:00:00,Me Adora,Pitty,Day,Warner Chappell Edicoes Musicais Ltda,Performance,,,,,,,,,,,,True,artist_alias,Relatório UBEM - Canal Brasil
Versões,2025-03-01 00:00:00,Memórias,Pitty,Day,"Unknown Publisher,Warner Chappell Edicoes Musicais Ltda",Performance,,,,,,,,,,,,True,artist_alias,Relatório UBEM - Canal Brasil
Versões,2025-03-01 00:00:00,Metamorfose,"Adriano Alves,Day,Dj Dash,Marcelinho Ferraz",Day,"Deck Producoes Artisticas Ltda,Universal Music Publishing Mgb Brasil Ltda",Performance,,,,,,,,,,,,True,artist_alias,Relatório UBEM - Canal Brasil
Versões,2025-03-01 00:00:00,Na Sua Estante,Pitty,Day,Warner Chappell Edicoes Musicais Ltda,Performance,,,,,,,,,,,,True,artist_alias,Relatório UBEM - Canal Brasil
Versões,2025-03-01 00:00:00,Pulsos,"Martin,Pitty",Day,Warner Chappell Edicoes Musicais Ltda,Performance,,,,,,,,,,,,True,artist_alias,Relatório UBEM - Canal Brasil
Versões,2025-03-01 00:00:00,Semana Que Vem,Pitty,Day,Warner Chappell Edicoes Musicais Ltda,Performance,,,,,,,,,,,,True,artist_alias,Relatório UBEM - Canal Brasil
Avisa Lá Que Eu Vou,2025-03-01 00:00:00,Coração De Gelo,"Shalon Israel,Wiu",Wiu,Warner Chappell Edicoes Musicais Ltda,Fundo Musical,,,,,,,,,,,,True,artist_alias,Relatório UBEM - Canal Brasil
Ivete 3.0,2025-03-01 00:00:00,Abalou,Gigi,Ivete Sangalo,Warner Chappell Edicoes Musicais Ltda,Performance,,,,,,,,,,,,True,artist_alias,Relatório UBEM - Canal Brasil
Ivete 3.0,2025-03-01 00:00:00,Acelera Aê,"Dan Kambaiah,Fabio O'Brian,Gigi,Magno Santanna",Ivete Sangalo,"Carlos Magno De Santanna,Warner Chappell Edicoes Musicais Ltda",Performance,,,,,,,,,,,,True,artist_alias,Relatório UBEM - Canal Brasil
Ivete 3.0,2025-03-01 00:00:00,Arerê,"Alaim Tavares,Gilson Babilônia",Ivete Sangalo,"Bichinho Edições Musicais Ltda,Sony Music Publishing Brazil Edicoes Musicais Ltda",Performance,,,,,,,,,,,,True,artist_alias,Relatório UBEM - Canal Brasil
Ivete 3.0,2025-03-01 00:00:00,Beleza Rara,Ed Grandão,Ivete Sangalo,Universal Music Publishing Mgb Brasil Ltda,Performance,,,,,,,,,,,,True,artist_alias,Relatório UBEM - Canal Brasil
Ivete 3.0,2025-03-01 00:00:00,Cadê Dalila?,"Alaim Tavares,Carlinhos Brown",Ivete Sangalo,"Sony Music Publishing Brazil Edicoes Musicais Ltda,Warner Chappell Edicoes Musicais Ltda",Performance,,,,,,,,,,,,True,artist_alias,Relatório UBEM - Canal Brasil
Ivete 3.0,2025-03-01 00:00:00,Alô Paixão,Jorge Xaréu,Ivete Sangalo,Universal Music Publishing Mgb Brasil Ltda,Performance,,,,,,,,,,,,True,artist_alias,Relatório UBEM - Canal Brasil
Ivete 3.0,2025-03-01 00:00:00,Batucada,"Gigi Cerqueira,Ivete Sangalo,Samir Trindade",Ivete Sangalo,Warner Chappell Edicoes Musicais Ltda,Performance,,,,,,,,,,,,True,artist_alias,Relatório UBEM - Canal Brasil
Ivete 3.0,2025-03-01 00:00:00,Bota Pra Ferver,Durval Lelys,Ivete Sangalo,Duma Criações E Produções Artisticas Ltda,Performance,,,,,,,,,,,,True,artist_alias,Relatório UBEM - Canal Brasil
Ivete 3.0,2025-03-01 00:00:00,Carro Velho,"Ivete Sangalo,Ninha Brito",Ivete Sangalo,"Universal Music Publishing Mgb Brasil Ltda,Warner Chappell Edicoes Musicais Ltda",Performance,,,,,,,,,,,,True,artist_alias,Relatório UBEM - Canal Brasil
Ivete 3.0,2025-03-01 00:00:00,Céu Da Boca,Ronaldo Marcel,Ivete Sangalo,Warner Chappell Edicoes Musicais Ltda,Performance,,,,,,,,,,,,True,artist_alias,Relatório UBEM - Canal Brasil
Ivete 3.0,2025-03-01 00:00:00,Cria Da Ivete,"Ivete Sangalo,Luciano Chaves,Samir Trindade",Ivete Sangalo,Warner Chappell Edicoes Musicais Ltda,Performance,,,,,,,,,,,,True,artist_alias,Relatório UBEM - Canal Brasil
Ivete 3.0,2025-03-01 00:00:00,De Ladinho,"Boghan Costa,Gustavo Di Dalva,Leo Bit Bit",Ivete Sangalo,Universal Music Publishing Mgb Brasil Ltda,Performance,,,,,,,,,,,,True,artist_alias,Relatório UBEM - Canal Brasil
Ivete 3.0,2025-03-01 00:00:00,Empurra-Empurra,"Alaim Tavares,Gilson Babilonia",Ivete Sangalo,Sony Music Publishing Brazil Edicoes Musicais Ltda,Performance,,,,,,,,,,,,True,artist_alias,Relatório UBEM - Canal Brasil
Ivete 3.0,2025-03-01 00:00:00,Eva,"Giancarlo Bigazzi,Marcos Ficarelli,Umberto Tozzi",Ivete Sangalo,"Associacao Defensora De Direitos Autorais (Addaf),Peermusic Do Brasil Edicoes Musicais Ltda",Performance,,,,,,,,,,,,True,artist_alias,Relatório UBEM - Canal Brasil
Ivete 3.0,2025-03-01 00:00:00,Faraó Divindade Do Egito,Luciano Gomes,Ivete Sangalo,Universal Music Publishing Mgb Brasil Ltda,Performance,,,,,,,,,,,,True,artist_alias,Relatório UBEM - Canal Brasil
Ivete 3.0,2025-03-01 00:00:00,Festa,Anderson Cunha,Ivete Sangalo,Universal Music Publishing Mgb Brasil Ltda,Performance,,,,,,,,,,,,True,artist_alias,Relatório UBEM - Canal Brasil
Ivete 3.0,2025-03-01 00:00:00,Flores (Sonho Épico),"Carlinhos Maracanã,Gutemberg,Roberto Moura,Tica Mahatma",Ivete Sangalo,"Universal Music Publishing Mgb Brasil Ltda,Unknown Publisher",Performance,,,,,,,,,,,,True,artist_alias,Relatório UBEM - Canal Brasil
Ivete 3.0,2025-03-01 00:00:00,"Galera, A","Augusto Conceição,Elivandro Cuca,Fabio Alcantara,Rayala,Sá Trindade",Ivete Sangalo,"Sony Music Publishing Brazil Edicoes Musicais Ltda,Universal Music Publishing Mgb Brasil Ltda",Performance,,,,,,,,,,,,True,artist_alias,Relatório UBEM - Canal Brasil
Ivete 3.0,2025-03-01 00:00:00,Leva Eu,"Cly Loylie,Durval Lelys",Ivete Sangalo,Duma Criações E Produções Artisticas Ltda,Performance,,,,,,,,,,,,True,artist_alias,Relatório UBEM - Canal Brasil
Ivete 3.0,2025-03-01 00:00:00,Levada Louca,"Alaim Tavares,Gilson Babilônia,Lula Carvalho",Ivete Sangalo,"Sony Music Publishing Brazil Edicoes Musicais Ltda,Universal Music Publishing Mgb Brasil Ltda",Performance,,,,,,,,,,,,True,artist_alias,Relatório UBEM - Canal Brasil
Ivete 3.0,2025-03-01 00:00:00,"Lua Que Eu Te Dei, A",Herbert Vianna,Ivete Sangalo,"Sony Music Publishing Brazil Edicoes Musicais Ltda,Unknown Publisher",Performance,,,,,,,,,,,,True,artist_alias,Relatório UBEM - Canal Brasil
Ivete 3.0,2025-03-01 00:00:00,Me Abraça,"Jorge Xaréu,Roberto Moura",Ivete Sangalo,Universal Music Publishing Mgb Brasil Ltda,Performance,,,,,,,,,,,,True,artist_alias,Relatório UBEM - Canal Brasil
Ivete 3.0,2025-03-01 00:00:00,Mexe A Cabeça,"Gigi,Ivete Sangalo,Radamés,Ramon Cruz,Samir Pereira",Ivete Sangalo,"Unknown Publisher,Warner Chappell Edicoes Musicais Ltda",Performance,,,,,,,,,,,,True,artist_alias,Relatório UBEM - Canal Brasil
Ivete 3.0,2025-03-01 00:00:00,Não Precisa Mudar,"Gigi,Saulo Fernandes",Ivete Sangalo,Warner Chappell Edicoes Musicais Ltda,Performance,,,,,,,,,,,,True,artist_alias,Relatório UBEM - Canal Brasil
Ivete 3.0,2025-03-01 00:00:00,O Mundo Vai,"Gigi,Ivete Sangalo,Radames Venancio,Ramon Cruz,Samir Pereira,Tierry",Ivete Sangalo,"Universal Music Publishing Mgb Brasil Ltda,Unknown Publisher,Warner Chappell Edicoes Musicais Ltda",Performance,,,,,,,,,,,,True,artist_alias,Relatório UBEM - Canal Brasil
Ivete 3.0,2025-03-01 00:00:00,Quando A Chuva Passar,Ramon Cruz,Ivete Sangalo,Iessi Music Label Ltda,Performance,,,,,,,,,,,,True,artist_alias,Relatório UBEM - Canal Brasil
Ivete 3.0,2025-03-01 00:00:00,Rua Da Saudade,"Gigi Cerqueira,Ivete Sangalo,Radames Venancio,Samir Trindade",Ivete Sangalo,Warner Chappell Edicoes Musicais Ltda,Performance,,,,,,,,,,,,True,artist_alias,Relatório UBEM - Canal Brasil
Ivete 3.0,2025-03-01 00:00:00,Ruas E Rios,Ramon Cruz,Ivete Sangalo,Unknown Publisher,Performance,,,,,,,,,,,,True,artist_alias,Relatório UBEM - Canal Brasil
Ivete 3.0,2025-03-01 00:00:00,Se Eu Não Te Amasse Tanto Assim,"Herbert Vianna,Paulo Sergio Valle",Ivete Sangalo,Sony Music Publishing Brazil Edicoes Musicais Ltda,Performance,,,,,,,,,,,,True,artist_alias,Relatório UBEM - Canal Brasil
Ivete 3.0,2025-03-01 00:00:00,Se Saia,"Gigi Cerqueira,Ivete Sangalo,Radames Venancio,Samir Trindade",Ivete Sangalo,Iessi Music Label Ltda,Performance,,,,,,,,,,,,True,artist_alias,Relatório UBEM - Canal Brasil
Ivete 3.0,2025-03-01 00:00:00,Só Love Na Cabeça,"Gigi Cerqueira,Ivete Sangalo,Radames Venancio,Samir Trindade",Ivete Sangalo,Warner Chappell Edicoes Musicais Ltda,Performance,,,,,,,,,,,,True,artist_alias,Relatório UBEM - Canal Brasil
Ivete 3.0,2025-03-01 00:00:00,Sorte Grande,Lourenço,Ivete Sangalo,L O S Producoes E Promocoes Artisticas Ltda Me,Performance,,,,,,,,,,,,True,artist_alias,Relatório UBEM - Canal Brasil
Ivete 3.0,2025-03-01 00:00:00,"Tá Solteira, Mas Não Tá Sozinha","Gigi,Ivete Sangalo,Radames Venancio,Samir Pereira",Ivete Sangalo,Warner Chappell Edicoes Musicais Ltda,Performance,,,,,,,,,,,,True,artist_alias,Relatório UBEM - Canal Brasil
Ivete 3.0,2025-03-01 00:00:00,Tá Tudo Bem,Alexandre Peixe,Ivete Sangalo,Warner Chappell Edicoes Musicais Ltda,Performance,,,,,,,,,,,,True,artist_alias,Relatório UBEM - Canal Brasil
Ivete 3.0,2025-03-01 00:00:00,Tempo De Alegria,"Filipe Escandurras,Gigi,Magno Sant'Anna",Ivete Sangalo,"Abramus Digital Servicos De Identificacao De Repertorio Ltda Me,Carlos Magno De Santanna,Warner Chappell Edicoes Musicais Ltda",Performance,,,,,,,,,,,,True,artist_alias,Relatório UBEM - Canal Brasil
Ivete 3.0,2025-03-01 00:00:00,Você Não Sai,"Ivete Sangalo,Lucas Barrios Cabrera,Tierre De Araujo Paixao Costa",Ivete Sangalo,"Universal Music Publishing Mgb Brasil Ltda,Unknown Publisher,Warner Chappell Edicoes Musicais Ltda",Performance,,,,,,,,,,,,True,artist_alias,Relatório UBEM - Canal Brasil
Tô De Graça,2025-03-01 00:00:00,Debaixo Dos Caracóis Dos Seus Cabelos,"Erasmo Carlos,Roberto Carlos",Ivete Sangalo,Sony Music Publishing Brazil Edicoes Musicais Ltda,Fundo Musical,,,,,,,,,,,,True,artist_alias,Relatório UBEM - Canal Brasil
Tô De Graça,2025-03-01 00:00:00,Garganta,Totonho Villeroy,Ana Carolina,Universal Music Publishing Mgb Brasil Ltda,Fundo Musical,,,,,,,,,,,,True,artist_alias,Relatório UBEM - Canal Brasil
Tô De Graça,2025-03-01 00:00:00,Vamos Beber,"Anderson Alexandre,Dennis Dj",Dennis Dj,Sony Music Publishing Brazil Edicoes Musicais Ltda,Fundo Musical,,,,,,,,,,,,True,artist_alias,Relatório UBEM - Canal Brasil
Tô De Graça,2025-03-01 00:00:00,Pá Em Todo Mundo,"Dennis Dj,Gabriel Cantini",Dennis Dj,Sony Music Publishing Brazil Edicoes Musicais Ltda,Fundo Musical,,,,,,,,,,,,True,artist_alias,Relatório UBEM - Canal Brasil
Experimente,2025-03-02 00:00:00,Felizes Eram Os Golfinhos,"Edgar,Pupillo",Edgar,Warner Chappell Edicoes Musicais Ltda,Performance Acervo,,,,,,,,,,,,True,artist_alias,Relatório UBEM - Canal Brasil
Experimente,2025-03-02 00:00:00,O Amor Está Preso?,"David Bovee,Edgar,Mauricio Fleury,Pupillo",Edgar,"Unknown Publisher,Warner Chappell Edicoes Musicais Ltda",Performance Acervo,,,,,,,,,,,,True,artist_alias,Relatório UBEM - Canal Brasil
Experimente,2025-03-02 00:00:00,Print,"Edgar,Pupillo",Edgar,Warner Chappell Edicoes Musicais Ltda,Performance Acervo,,,,,,,,,,,,True,artist_alias,Relatório UBEM - Canal Brasil
Palco Principal: Rock In Rio 2024 - Ivete Sangalo,2025-03-02 00:00:00,Abalou,Gigi,Ivete Sangalo,Warner Chappell Edicoes Musicais Ltda,Performance,,,,,,,,,,,,True,artist_alias,Relatório UBEM - Canal Brasil
Palco Principal: Rock In Rio 2024 - Ivete Sangalo,2025-03-02 00:00:00,Acelera Aê,"Dan Kambaiah,Fabio O'Brian,Gigi,Magno Santanna",Ivete Sangalo,"Carlos Magno De Santanna,Warner Chappell Edicoes Musicais Ltda",Performance,,,,,,,,,,,,True,artist_alias,Relatório UBEM - Canal Brasil
Palco Principal: Rock In Rio 2024 - Ivete Sangalo,2025-03-02 00:00:00,Arerê,"Alaim Tavares,Gilson Babilônia",Ivete Sangalo,"Bichinho Edições Musicais Ltda,Sony Music Publishing Brazil Edicoes Musicais Ltda",Performance,,,,,,,,,,,,True,artist_alias,Relatório UBEM - Canal Brasil
Palco Principal: Rock In Rio 2024 - Ivete Sangalo,2025-03-02 00:00:00,Beleza Rara,Ed Grandão,Ivete Sangalo,Universal Music Publishing Mgb Brasil Ltda,Performance,,,,,,,,,,,,True,artist_alias,Relatório UBEM - Canal Brasil
Palco Principal: Rock In Rio 2024 - Ivete Sangalo,2025-03-02 00:00:00,Cadê Dalila?,"Alaim Tavares,Carlinhos Brown",Ivete Sangalo,"Sony Music Publishing Brazil Edicoes Musicais Ltda,Warner Chappell Edicoes Musicais Ltda",Performance,,,,,,,,,,,,True,artist_alias,Relatório UBEM - Canal Brasil
Palco Principal: Rock In Rio 2024 - Ivete Sangalo,2025-03-02 00:00:00,Cria Da Ivete,"Ivete Sangalo,Luciano Chaves,Samir Trindade",Ivete Sangalo,Warner Chappell Edicoes Musicais Ltda,Performance,,,,,,,,,,,,True,artist_alias,Relatório UBEM - Canal Brasil
Palco Principal: Rock In Rio 2024 - Ivete Sangalo,2025-03-02 00:00:00,Dançando,"Filipe Escandurras,Marcio Victor,Tierry Coringa",Ivete Sangalo,"Abramus Digital Servicos De Identificacao De Repertorio Ltda Me,Warner Chappell Edicoes Musicais Ltda",Performance,,,,,,,,,,,,True,artist_alias,Relatório UBEM - Canal Brasil
Palco Principal: Rock In Rio 2024 - Ivete Sangalo,2025-03-02 00:00:00,Eva,"Giancarlo Bigazzi,Marcos Ficarelli,Umberto Tozzi",Ivete Sangalo,"Associacao Defensora De Direitos Autorais (Addaf),Peermusic Do Brasil Edicoes Musicais Ltda",Performance,,,,,,,,,,,,True,artist_alias,Relatório UBEM - Canal Brasil
Palco Principal: Rock In Rio 2024 - Ivete Sangalo,2025-03-02 00:00:00,"Galera, A","Augusto Conceição,Elivandro Cuca,Fabio Alcantara,Rayala,Sá Trindade",Ivete Sangalo,"Sony Music Publishing Brazil Edicoes Musicais Ltda,Universal Music Publishing Mgb Brasil Ltda",Performance,,,,,,,,,,,,True,artist_alias,Relatório UBEM - Canal Brasil
Palco Principal: Rock In Rio 2024 - Ivete Sangalo,2025-03-02 00:00:00,Na Base Do Beijo,"Alaim Tavares,Rita Mendes",Ivete Sangalo,"Sony Music Publishing Brazil Edicoes Musicais Ltda,Warner Chappell Edicoes Musicais Ltda",Performance,,,,,,,,,,,,True,artist_alias,Relatório UBEM - Canal Brasil
Palco Principal: Rock In Rio 2024 - Ivete Sangalo,2025-03-02 00:00:00,O Mundo Vai,"Gigi,Ivete Sangalo,Radames Venancio,Ramon Cruz,Samir Pereira,Tierry",Ivete Sangalo,"Universal Music Publishing Mgb Brasil Ltda,Unknown Publisher,Warner Chappell Edicoes Musicais Ltda",Performance,,,,,,,,,,,,True,artist_alias,Relatório UBEM - Canal Brasil
Palco Principal: Rock In Rio 2024 - Ivete Sangalo,2025-03-02 00:00:00,Tempo De Alegria,"Filipe Escandurras,Gigi,Magno Sant'Anna",Ivete Sangalo,"Abramus Digital Servicos De Identificacao De Repertorio Ltda Me,Carlos Magno De Santanna,Warner Chappell Edicoes Musicais Ltda",Performance,,,,,,,,,,,,True,artist_alias,Relatório UBEM - Canal Brasil
Palco Principal: Rock In Rio 2024 - Ivete Sangalo,2025-03-02 00:00:00,"Tá Solteira, Mas Não Tá Sozinha","Gigi,Ivete Sangalo,Radames Venancio,Samir Pereira",Ivete Sangalo,Warner Chappell Edicoes Musicais Ltda,Performance,,,,,,,,,,,,True,artist_alias,Relatório UBEM - Canal Brasil
Versões,2025-03-02 00:00:00,Admirável Chip Novo,Pitty,Day,"Unknown Publisher,Warner Chappell Edicoes Musicais Ltda",Performance,,,,,,,,,,,,True,artist_alias,Relatório UBEM - Canal Brasil
Versões,2025-03-02 00:00:00,Brinquedo Torto,Pitty,Day,Warner Chappell Edicoes Musicais Ltda,Performance,,,,,,,,,,,,True,artist_alias,Relatório UBEM - Canal Brasil
Versões,2025-03-02 00:00:00,Dilúvio,"Danilo Valbusa,Day,Marcelinho Ferraz,Pedro Caropreso,Tiê Castro,Vitão",Day,"Universal Music Publishing Mgb Brasil Ltda,Warner Chappell Edicoes Musicais Ltda",Performance,,,,,,,,,,,,True,artist_alias,Relatório UBEM - Canal Brasil
Versões,2025-03-02 00:00:00,Equalize,"Peu Souza,Pitty",Day,Warner Chappell Edicoes Musicais Ltda,Performance,,,,,,,,,,,,True,artist_alias,Relatório UBEM - Canal Brasil
Versões,2025-03-02 00:00:00,I Wanna Be,Pitty,Day,Warner Chappell Edicoes Musicais Ltda,Performance,,,,,,,,,,,,True,artist_alias,Relatório UBEM - Canal Brasil
Versões,2025-03-02 00:00:00,Jurei Que Não Ia Falar De Amor,"Dan Valbusa,Day",Day,"Deck Producoes Artisticas Ltda,Universal Music Publishing Mgb Brasil Ltda",Performance,,,,,,,,,,,,True,artist_alias,Relatório UBEM - Canal Brasil
Versões,2025-03-02 00:00:00,Me Adora,Pitty,Day,Warner Chappell Edicoes Musicais Ltda,Performance,,,,,,,,,,,,True,artist_alias,Relatório UBEM - Canal Brasil
Versões,2025-03-02 00:00:00,Memórias,Pitty,Day,"Unknown Publisher,Warner Chappell Edicoes Musicais Ltda",Performance,,,,,,,,,,,,True,artist_alias,Relatório UBEM - Canal Brasil
Versões,2025-03-02 00:00:00,Metamorfose,"Adriano Alves,Day,Dj Dash,Marcelinho Ferraz",Day,"Deck Producoes Artisticas Ltda,Universal Music Publishing Mgb Brasil Ltda",Performance,,,,,,,,,,,,True,artist_alias,Relatório UBEM - Canal Brasil
Versões,2025-03-02 00:00:00,Na Sua Estante,Pitty,Day,Warner Chappell Edicoes Musicais Ltda,Performance,,,,,,,,,,,,True,artist_alias,Relatório UBEM - Canal Brasil
Versões,2025-03-02 00:00:00,Pulsos,"Martin,Pitty",Day,Warner Chappell Edicoes Musicais Ltda,Performance,,,,,,,,,,,,True,artist_alias,Relatório UBEM - Canal Brasil
Versões,2025-03-02 00:00:00,Semana Que Vem,Pitty,Day,Warner Chappell Edicoes Musicais Ltda,Performance,,,,,,,,,,,,True,artist_alias,Relatório UBEM - Canal Brasil
Tô De Graça,2025-03-02 00:00:00,Debaixo Dos Caracóis Dos Seus Cabelos,"Erasmo Carlos,Roberto Carlos",Ivete Sangalo,Sony Music Publishing Brazil Edicoes Musicais Ltda,Fundo Musical,,,,,,,,,,,,True,artist_alias,Relatório UBEM - Canal Brasil
Tô De Graça,2025-03-02 00:00:00,Garganta,Totonho Villeroy,Ana Carolina,Universal Music Publishing Mgb Brasil Ltda,Fundo Musical,,,,,,,,,,,,True,artist_alias,Relatório UBEM - Canal Brasil
Tô De Graça,2025-03-02 00:00:00,Vamos Beber,"Anderson Alexandre,Dennis Dj",Dennis Dj,Sony Music Publishing Brazil Edicoes Musicais Ltda,Fundo Musical,,,,,,,,,,,,True,artist_alias,Relatório UBEM - Canal Brasil
Tô De Graça,2025-03-02 00:00:00,Pá Em Todo Mundo,"Dennis Dj,Gabriel Cantini",Dennis Dj,Sony Music Publishing Brazil Edicoes Musicais Ltda,Fundo Musical,,,,,,,,,,,,True,artist_alias,Relatório UBEM - Canal Brasil
Vai Que Cola,2025-03-02 00:00:00,Dançando,"Filipe Escandurras,Marcio Victor,Tierry Coringa",Ivete Sangalo,"Abramus Digital Servicos De Identificacao De Repertorio Ltda Me,Warner Chappell Edicoes Musicais Ltda",Performance Acervo,,,,,,,,,,,,True,artist_alias,Relatório UBEM - Canal Brasil
Big Show,2025-03-03 00:00:00,Energia De Gostosa,"Ivete Sangalo,Lari Tavares,Luana Matos,Rafa Lemos,Tassia Morais",Ivete Sangalo,"Unknown Publisher,Warner Chappell Edicoes Musicais Ltda",Ao Vivo Fundo Musical,,,,,,,,,,,,True,artist_alias,Relatório UBEM - Canal Brasil
Tô De Graça,2025-03-03 00:00:00,Relaxa E Toma,"Dennis Dj,Gabriel Cantini",Dennis Dj,Sony Music Publishing Brazil Edicoes Musicais Ltda,Fundo Musical,,,,,,,,,,,,True,artist_alias,Relatório UBEM - Canal Brasil
Tô De Graça,2025-03-03 00:00:00,Pá Em Todo Mundo,"Dennis Dj,Gabriel Cantini",Dennis Dj,Sony Music Publishing Brazil Edicoes Musicais Ltda,Fundo Musical,,,,,,,,,,,,True,artist_alias,Relatório UBEM - Canal Brasil
Tvz,2025-03-03 00:00:00,O Verão Bateu Em Minha Porta,"Gigi Cerqueira,Ivete Sangalo,Radames Venancio,Samir Trindade",Ivete Sangalo,Warner Chappell Edicoes Musicais Ltda,Clipe Musical,,,,,,,,,,,,True,artist_alias,Relatório UBEM - Canal Brasil
Tvz,2025-03-03 00:00:00,Me Lambe,"Andre Murilo Da Silva,Guilherme Santos Pereira,Jose Henrique Castanho De Godoy Pinheiro,João Vitor Romania Balbino,Pedro Tófani",Jão,"Bmg Rights Management Brasil Ltda,Universal Music Publishing Mgb Brasil Ltda,Warner Chappell Edicoes Musicais Ltda",Clipe Musical,,,,,,,,,,,,True,artist_alias,Relatório UBEM - Canal Brasil
Tvz,2025-03-03 00:00:00,Malvadão 3,Xamã,Xamã,Associacao Defensora De Direitos Autorais (Addaf),Clipe Musical,,,,,,,,,,,,True,artist_alias,Relatório UBEM - Canal Brasil
Palco Principal: Rock In Rio 2024 - Ivete Sangalo,2025-03-04 00:00:00,Abalou,Gigi,Ivete Sangalo,Warner Chappell Edicoes Musicais Ltda,Performance,,,,,,,,,,,,True,artist_alias,Relatório UBEM - Canal Brasil
Palco Principal: Rock In Rio 2024 - Ivete Sangalo,2025-03-04 00:00:00,Acelera Aê,"Dan Kambaiah,Fabio O'Brian,Gigi,Magno Santanna",Ivete Sangalo,"Carlos Magno De Santanna,Warner Chappell Edicoes Musicais Ltda",Performance,,,,,,,,,,,,True,artist_alias,Relatório UBEM - Canal Brasil
Palco Principal: Rock In Rio 2024 - Ivete Sangalo,2025-03-04 00:00:00,Arerê,"Alaim Tavares,Gilson Babilônia",Ivete Sangalo,"Bichinho Edições Musicais Ltda,Sony Music Publishing Brazil Edicoes Musicais Ltda",Performance,,,,,,,,,,,,True,artist_alias,Relatório UBEM - Canal Brasil
Palco Principal: Rock In Rio 2024 - Ivete Sangalo,2025-03-04 00:00:00,Beleza Rara,Ed Grandão,Ivete Sangalo,Universal Music Publishing Mgb Brasil Ltda,Performance,,,,,,,,,,,,True,artist_alias,Relatório UBEM - Canal Brasil
Palco Principal: Rock In Rio 2024 - Ivete Sangalo,2025-03-04 00:00:00,Cadê Dalila?,"Alaim Tavares,Carlinhos Brown",Ivete Sangalo,"Sony Music Publishing Brazil Edicoes Musicais Ltda,Warner Chappell Edicoes Musicais Ltda",Performance,,,,,,,,,,,,True,artist_alias,Relatório UBEM - Canal Brasil
Palco Principal: Rock In Rio 2024 - Ivete Sangalo,2025-03-04 00:00:00,Cria Da Ivete,"Ivete Sangalo,Luciano Chaves,Samir Trindade",Ivete Sangalo,Warner Chappell Edicoes Musicais Ltda,Performance,,,,,,,,,,,,True,artist_alias,Relatório UBEM - Canal Brasil
Palco Principal: Rock In Rio 2024 - Ivete Sangalo,2025-03-04 00:00:00,Dançando,"Filipe Escandurras,Marcio Victor,Tierry Coringa",Ivete Sangalo,"Abramus Digital Servicos De Identificacao De Repertorio Ltda Me,Warner Chappell Edicoes Musicais Ltda",Performance,,,,,,,,,,,,True,artist_alias,Relatório UBEM - Canal Brasil
Palco Principal: Rock In Rio 2024 - Ivete Sangalo,2025-03-04 00:00:00,Eva,"Giancarlo Bigazzi,Marcos Ficarelli,Umberto Tozzi",Ivete Sangalo,"Associacao Defensora De Direitos Autorais (Addaf),Peermusic Do Brasil Edicoes Musicais Ltda",Performance,,,,,,,,,,,,True,artist_alias,Relatório UBEM - Canal Brasil
Palco Principal: Rock In Rio 2024 - Ivete Sangalo,2025-03-04 00:00:00,"Galera, A","Augusto Conceição,Elivandro Cuca,Fabio Alcantara,Rayala,Sá Trindade",Ivete Sangalo,"Sony Music Publishing Brazil Edicoes Musicais Ltda,Universal Music Publishing Mgb Brasil Ltda",Performance,,,,,,,,,,,,True,artist_alias,Relatório UBEM - Canal Brasil
Palco Principal: Rock In Rio 2024 - Ivete Sangalo,2025-03-04 00:00:00,Na Base Do Beijo,"Alaim Tavares,Rita Mendes",Ivete Sangalo,"Sony Music Publishing Brazil Edicoes Musicais Ltda,Warner Chappell Edicoes Musicais Ltda",Performance,,,,,,,,,,,,True,artist_alias,Relatório UBEM - Canal Brasil
Palco Principal: Rock In Rio 2024 - Ivete Sangalo,2025-03-04 00:00:00,O Mundo Vai,"Gigi,Ivete Sangalo,Radames Venancio,Ramon Cruz,Samir Pereira,Tierry",Ivete Sangalo,"Universal Music Publishing Mgb Brasil Ltda,Unknown Publisher,Warner Chappell Edicoes Musicais Ltda",Performance,,,,,,,,,,,,True,artist_alias,Relatório UBEM - Canal Brasil
Palco Principal: Rock In Rio 2024 - Ivete Sangalo,2025-03-04 00:00:00,Tempo De Alegria,"Filipe Escandurras,Gigi,Magno Sant'Anna",Ivete Sangalo,"Abramus Digital Servicos De Identificacao De Repertorio Ltda Me,Carlos Magno De Santanna,Warner Chappell Edicoes Musicais Ltda",Performance,,,,,,,,,,,,True,artist_alias,Relatório UBEM - Canal Brasil
Palco Principal: Rock In Rio 2024 - Ivete Sangalo,2025-03-04 00:00:00,"Tá Solteira, Mas Não Tá Sozinha","Gigi,Ivete Sangalo,Radames Venancio,Samir Pereira",Ivete Sangalo,Warner Chappell Edicoes Musicais Ltda,Performance,,,,,,,,,,,,True,artist_alias,Relatório UBEM - Canal Brasil
Olho Mágico - Reforma De Vizin,2025-03-04 00:00:00,Lembrança De Um Beijo,Accioly Neto,Fagner,"Nas Nuvens Catalog SA,Peermusic Do Brasil Edicoes Musicais Ltda",Fundo Musical Acervo,,,,,,,,,,,,True,artist_alias,Relatório UBEM - Canal Brasil
Olho Mágico - Reforma De Vizin,2025-03-04 00:00:00,Pedras Que Cantam,"Dominguinhos,Fausto Nilo",Fagner,"Sony Music Publishing Brazil Edicoes Musicais Ltda,Universal Music Publishing Mgb Brasil Ltda",Fundo Musical Acervo,,,,,,,,,,,,True,artist_alias,Relatório UBEM - Canal Brasil
Hotéis Incríveis T1-T2,2025-03-04 00:00:00,O Último Pôr Do Sol,"Lenine,Lula Queiroga",Lenine,"Boa Musica Brasil Direitos Musicais Ltda,Humaita Edicoes Musicais Ltda Me",Fundo Musical Acervo,,,,,,,,,,,,True,artist_alias,Relatório UBEM - Canal Brasil
Big Show,2025-03-04 00:00:00,Energia De Gostosa,"Ivete Sangalo,Lari Tavares,Luana Matos,Rafa Lemos,Tassia Morais",Ivete Sangalo,"Unknown Publisher,Warner Chappell Edicoes Musicais Ltda",Fundo Musical,,,,,,,,,,,,True,artist_alias,Relatório UBEM - Canal Brasil
Tô De Graça,2025-03-04 00:00:00,"Chapa É Quente, A","Emicida,Fred,Kassin,Nave",Emicida,"Dubas Musica Ltda,Sony Music Publishing Brazil Edicoes Musicais Ltda,Unknown Publisher,Warner Chappell Edicoes Musicais Ltda",Fundo Musical,,,,,,,,,,,,True,artist_alias,Relatório UBEM - Canal Brasil
Tvz,2025-03-04 00:00:00,O Verão Bateu Em Minha Porta,"Gigi Cerqueira,Ivete Sangalo,Radames Venancio,Samir Trindade",Ivete Sangalo,Warner Chappell Edicoes Musicais Ltda,Clipe Musical,,,,,,,,,,,,True,artist_alias,Relatório UBEM - Canal Brasil
Tvz,2025-03-04 00:00:00,Me Lambe,"Andre Murilo Da Silva,Guilherme Santos Pereira,Jose Henrique Castanho De Godoy Pinheiro,João Vitor Romania Balbino,Pedro Tófani",Jão,"Bmg Rights Management Brasil Ltda,Universal Music Publishing Mgb Brasil Ltda,Warner Chappell Edicoes Musicais Ltda",Clipe Musical,,,,,,,,,,,,True,artist_alias,Relatório UBEM - Canal Brasil
Big Show,2025-03-05 00:00:00,Energia De Gostosa,"Ivete Sangalo,Lari Tavares,Luana Matos,Rafa Lemos,Tassia Morais",Ivete Sangalo,"Unknown Publisher,Warner Chappell Edicoes Musicais Ltda",Fundo Musical,,,,,,,,,,,,True,artist_alias,Relatório UBEM - Canal Brasil
Lady Night - Com Tatá Werneck,2025-03-05 00:00:00,Arerê,"Alaim Tavares,Gilson Babilônia",Ivete Sangalo,"Bichinho Edições Musicais Ltda,Sony Music Publishing Brazil Edicoes Musicais Ltda",Performance,,,,,,,,,,,,True,artist_alias,Relatório UBEM - Canal Brasil
Lady Night - Com Tatá Werneck,2025-03-05 00:00:00,Conga Conga Conga,Mister Sam,Ivete Sangalo,Peermusic Do Brasil Edicoes Musicais Ltda,Performance,,,,,,,,,,,,True,artist_alias,Relatório UBEM - Canal Brasil
Lady Night - Com Tatá Werneck,2025-03-05 00:00:00,Festa,Anderson Cunha,Ivete Sangalo,Universal Music Publishing Mgb Brasil Ltda,Performance,,,,,,,,,,,,True,artist_alias,Relatório UBEM - Canal Brasil
Lady Night - Com Tatá Werneck,2025-03-05 00:00:00,Se Eu Não Te Amasse Tanto Assim,"Herbert Vianna,Paulo Sergio Valle",Ivete Sangalo,Sony Music Publishing Brazil Edicoes Musicais Ltda,Performance,,,,,,,,,,,,True,artist_alias,Relatório UBEM - Canal Brasil
Lady Night - Com Tatá Werneck,2025-03-05 00:00:00,Sorte Grande,Lourenço,Ivete Sangalo,L O S Producoes E Promocoes Artisticas Ltda Me,Performance,,,,,,,,,,,,True,artist_alias,Relatório UBEM - Canal Brasil
Tô De Graça,2025-03-05 00:00:00,"Chapa É Quente, A","Emicida,Fred,Kassin,Nave",Emicida,"Dubas Musica Ltda,Sony Music Publishing Brazil Edicoes Musicais Ltda,Unknown Publisher,Warner Chappell Edicoes Musicais Ltda",Fundo Musical,,,,,,,,,,,,True,artist_alias,Relatório UBEM - Canal Brasil
Uma Vila De Novela,2025-03-05 00:00:00,Borbulhas De Amor (Tenho Um Coração),"Ferreira Goulart,Juan Luis Guerra",Fagner,Universal Music Publishing Mgb Brasil Ltda,Fundo Musical Acervo,,,,,,,,,,,,True,artist_alias,Relatório UBEM - Canal Brasil
Vai Que Cola,2025-03-05 00:00:00,Rosas,Totonho Villeroy,Ana Carolina,Universal Music Publishing Mgb Brasil Ltda,Fundo Musical,,,,,,,,,,,,True,artist_alias,Relatório UBEM - Canal Brasil
Palco Principal: Rock In Rio 2024 - Ivete Sangalo,2025-03-06 00:00:00,Abalou,Gigi,Ivete Sangalo,Warner Chappell Edicoes Musicais Ltda,Performance,,,,,,,,,,,,True,artist_alias,Relatório UBEM - Canal Brasil
Palco Principal: Rock In Rio 2024 - Ivete Sangalo,2025-03-06 00:00:00,Acelera Aê,"Dan Kambaiah,Fabio O'Brian,Gigi,Magno Santanna",Ivete Sangalo,"Carlos Magno De Santanna,Warner Chappell Edicoes Musicais Ltda",Performance,,,,,,,,,,,,True,artist_alias,Relatório UBEM - Canal Brasil
Palco Principal: Rock In Rio 2024 - Ivete Sangalo,2025-03-06 00:00:00,Arerê,"Alaim Tavares,Gilson Babilônia",Ivete Sangalo,"Bichinho Edições Musicais Ltda,Sony Music Publishing Brazil Edicoes Musicais Ltda",Performance,,,,,,,,,,,,True,artist_alias,Relatório UBEM - Canal Brasil
Palco Principal: Rock In Rio 2024 - Ivete Sangalo,2025-03-06 00:00:00,Beleza Rara,Ed Grandão,Ivete Sangalo,Universal Music Publishing Mgb Brasil Ltda,Performance,,,,,,,,,,,,True,artist_alias,Relatório UBEM - Canal Brasil
Palco Principal: Rock In Rio 2024 - Ivete Sangalo,2025-03-06 00:00:00,Cadê Dalila?,"Alaim Tavares,Carlinhos Brown",Ivete Sangalo,"Sony Music Publishing Brazil Edicoes Musicais Ltda,Warner Chappell Edicoes Musicais Ltda",Performance,,,,,,,,,,,,True,artist_alias,Relatório UBEM - Canal Brasil
Palco Principal: Rock In Rio 2024 - Ivete Sangalo,2025-03-06 00:00:00,Cria Da Ivete,"Ivete Sangalo,Luciano Chaves,Samir Trindade",Ivete Sangalo,Warner Chappell Edicoes Musicais Ltda,Performance,,,,,,,,,,,,True,artist_alias,Relatório UBEM - Canal Brasil
Palco Principal: Rock In Rio 2024 - Ivete Sangalo,2025-03-06 00:00:00,Dançando,"Filipe Escandurras,Marcio Victor,Tierry Coringa",Ivete Sangalo,"Abramus Digital Servicos De Identificacao De Repertorio Ltda Me,Warner Chappell Edicoes Musicais Ltda",Performance,,,,,,,,,,,,True,artist_alias,Relatório UBEM - Canal Brasil
Palco Principal: Rock In Rio 2024 - Ivete Sangalo,2025-03-06 00:00:00,Eva,"Giancarlo Bigazzi,Marcos Ficarelli,Umberto Tozzi",Ivete Sangalo,"Associacao Defensora De Direitos Autorais (Addaf),Peermusic Do Brasil Edicoes Musicais Ltda",Performance,,,,,,,,,,,,True,artist_alias,Relatório UBEM - Canal Brasil
Palco Principal: Rock In Rio 2024 - Ivete Sangalo,2025-03-06 00:00:00,"Galera, A","Augusto Conceição,Elivandro Cuca,Fabio Alcantara,Rayala,Sá Trindade",Ivete Sangalo,"Sony Music Publishing Brazil Edicoes Musicais Ltda,Universal Music Publishing Mgb Brasil Ltda",Performance,,,,,,,,,,,,True,artist_alias,Relatório UBEM - Canal Brasil
Palco Principal: Rock In Rio 2024 - Ivete Sangalo,2025-03-06 00:00:00,Na Base Do Beijo,"Alaim Tavares,Rita Mendes",Ivete Sangalo,"Sony Music Publishing Brazil Edicoes Musicais Ltda,Warner Chappell Edicoes Musicais Ltda",Performance,,,,,,,,,,,,True,artist_alias,Relatório UBEM - Canal Brasil
Palco Principal: Rock In Rio 2024 - Ivete Sangalo,2025-03-06 00:00:00,O Mundo Vai,"Gigi,Ivete Sangalo,Radames Venancio,Ramon Cruz,Samir Pereira,Tierry",Ivete Sangalo,"Universal Music Publishing Mgb Brasil Ltda,Unknown Publisher,Warner Chappell Edicoes Musicais Ltda",Performance,,,,,,,,,,,,True,artist_alias,Relatório UBEM - Canal Brasil
Palco Principal: Rock In Rio 2024 - Ivete Sangalo,2025-03-06 00:00:00,Tempo De Alegria,"Filipe Escandurras,Gigi,Magno Sant'Anna",Ivete Sangalo,"Abramus Digital Servicos De Identificacao De Repertorio Ltda Me,Carlos Magno De Santanna,Warner Chappell Edicoes Musicais Ltda",Performance,,,,,,,,,,,,True,artist_alias,Relatório UBEM - Canal Brasil
Palco Principal: Rock In Rio 2024 - Ivete Sangalo,2025-03-06 00:00:00,"Tá Solteira, Mas Não Tá Sozinha","Gigi,Ivete Sangalo,Radames Venancio,Samir Pereira",Ivete Sangalo,Warner Chappell Edicoes Musicais Ltda,Performance,,,,,,,,,,,,True,artist_alias,Relatório UBEM - Canal Brasil
Big Show,2025-03-06 00:00:00,Energia De Gostosa,"Ivete Sangalo,Lari Tavares,Luana Matos,Rafa Lemos,Tassia Morais",Ivete Sangalo,"Unknown Publisher,Warner Chappell Edicoes Musicais Ltda",Fundo Musical,,,,,,,,,,,,True,artist_alias,Relatório UBEM - Canal Brasil
Tô De Graça,2025-03-06 00:00:00,Relaxa E Toma,"Dennis Dj,Gabriel Cantini",Dennis Dj,Sony Music Publishing Brazil Edicoes Musicais Ltda,Fundo Musical,,,,,,,,,,,,True,artist_alias,Relatório UBEM - Canal Brasil
Tô De Graça,2025-03-06 00:00:00,"Chapa É Quente, A","Emicida,Fred,Kassin,Nave",Emicida,"Dubas Musica Ltda,Sony Music Publishing Brazil Edicoes Musicais Ltda,Unknown Publisher,Warner Chappell Edicoes Musicais Ltda",Fundo Musical,,,,,,,,,,,,True,artist_alias,Relatório UBEM - Canal Brasil
Vai Que Cola,2025-03-06 00:00:00,Rosas,Totonho Villeroy,Ana Carolina,Universal Music Publishing Mgb Brasil Ltda,Fundo Musical,,,,,,,,,,,,True,artist_alias,Relatório UBEM - Canal Brasil
Palco Principal: Rock In Rio 2024 - Ivete Sangalo,2025-03-07 00:00:00,Abalou,Gigi,Ivete Sangalo,Warner Chappell Edicoes Musicais Ltda,Performance,,,,,,,,,,,,True,artist_alias,Relatório UBEM - Canal Brasil
Palco Principal: Rock In Rio 2024 - Ivete Sangalo,2025-03-07 00:00:00,Acelera Aê,"Dan Kambaiah,Fabio O'Brian,Gigi,Magno Santanna",Ivete Sangalo,"Carlos Magno De Santanna,Warner Chappell Edicoes Musicais Ltda",Performance,,,,,,,,,,,,True,artist_alias,Relatório UBEM - Canal Brasil
Palco Principal: Rock In Rio 2024 - Ivete Sangalo,2025-03-07 00:00:00,Arerê,"Alaim Tavares,Gilson Babilônia",Ivete Sangalo,"Bichinho Edições Musicais Ltda,Sony Music Publishing Brazil Edicoes Musicais Ltda",Performance,,,,,,,,,,,,True,artist_alias,Relatório UBEM - Canal Brasil
Palco Principal: Rock In Rio 2024 - Ivete Sangalo,2025-03-07 00:00:00,Beleza Rara,Ed Grandão,Ivete Sangalo,Universal Music Publishing Mgb Brasil Ltda,Performance,,,,,,,,,,,,True,artist_alias,Relatório UBEM - Canal Brasil
Palco Principal: Rock In Rio 2024 - Ivete Sangalo,2025-03-07 00:00:00,Cadê Dalila?,"Alaim Tavares,Carlinhos Brown",Ivete Sangalo,"Sony Music Publishing Brazil Edicoes Musicais Ltda,Warner Chappell Edicoes Musicais Ltda",Performance,,,,,,,,,,,,True,artist_alias,Relatório UBEM - Canal Brasil
Palco Principal: Rock In Rio 2024 - Ivete Sangalo,2025-03-07 00:00:00,Cria Da Ivete,"Ivete Sangalo,Luciano Chaves,Samir Trindade",Ivete Sangalo,Warner Chappell Edicoes Musicais Ltda,Performance,,,,,,,,,,,,True,artist_alias,Relatório UBEM - Canal Brasil
Palco Principal: Rock In Rio 2024 - Ivete Sangalo,2025-03-07 00:00:00,Dançando,"Filipe Escandurras,Marcio Victor,Tierry Coringa",Ivete Sangalo,"Abramus Digital Servicos De Identificacao De Repertorio Ltda Me,Warner Chappell Edicoes Musicais Ltda",Performance,,,,,,,,,,,,True,artist_alias,Relatório UBEM - Canal Brasil
Palco Principal: Rock In Rio 2024 - Ivete Sangalo,2025-03-07 00:00:00,Eva,"Giancarlo Bigazzi,Marcos Ficarelli,Umberto Tozzi",Ivete Sangalo,"Associacao Defensora De Direitos Autorais (Addaf),Peermusic Do Brasil Edicoes Musicais Ltda",Performance,,,,,,,,,,,,True,artist_alias,Relatório UBEM - Canal Brasil
Palco Principal: Rock In Rio 2024 - Ivete Sangalo,2025-03-07 00:00:00,"Galera, A","Augusto Conceição,Elivandro Cuca,Fabio Alcantara,Rayala,Sá Trindade",Ivete Sangalo,"Sony Music Publishing Brazil Edicoes Musicais Ltda,Universal Music Publishing Mgb Brasil Ltda",Performance,,,,,,,,,,,,True,artist_alias,Relatório UBEM - Canal Brasil
Palco Principal: Rock In Rio 2024 - Ivete Sangalo,2025-03-07 00:00:00,Na Base Do Beijo,"Alaim Tavares,Rita Mendes",Ivete Sangalo,"Sony Music Publishing Brazil Edicoes Musicais Ltda,Warner Chappell Edicoes Musicais Ltda",Performance,,,,,,,,,,,,True,artist_alias,Relatório UBEM - Canal Brasil
Palco Principal: Rock In Rio 2024 - Ivete Sangalo,2025-03-07 00:00:00,O Mundo Vai,"Gigi,Ivete Sangalo,Radames Venancio,Ramon Cruz,Samir Pereira,Tierry",Ivete Sangalo,"Universal Music Publishing Mgb Brasil Ltda,Unknown Publisher,Warner Chappell Edicoes Musicais Ltda",Performance,,,,,,,,,,,,True,artist_alias,Relatório UBEM - Canal Brasil
Palco Principal: Rock In Rio 2024 - Ivete Sangalo,2025-03-07 00:00:00,Tempo De Alegria,"Filipe Escandurras,Gigi,Magno Sant'Anna",Ivete Sangalo,"Abramus Digital Servicos De Identificacao De Repertorio Ltda Me,Carlos Magno De Santanna,Warner Chappell Edicoes Musicais Ltda",Performance,,,,,,,,,,,,True,artist_alias,Relatório UBEM - Canal Brasil
Palco Principal: Rock In Rio 2024 - Ivete Sangalo,2025-03-07 00:00:00,"Tá Solteira, Mas Não Tá Sozinha","Gigi,Ivete Sangalo,Radames Venancio,Samir Pereira",Ivete Sangalo,Warner Chappell Edicoes Musicais Ltda,Performance,,,,,,,,,,,,True,artist_alias,Relatório UBEM - Canal Brasil
"Mais Cor, Por Favor!",2025-03-07 00:00:00,As Pastorinhas,"João De Barro,Noel Rosa",Noel Rosa,Mangione Filhos E Cia Ltda Epp,Fundo Musical Acervo,,,,,,,,,,,,True,artist_alias,Relatório UBEM - Canal Brasil
Uma Vila De Novela,2025-03-07 00:00:00,Borbulhas De Amor (Tenho Um Coração),"Ferreira Goulart,Juan Luis Guerra",Fagner,Universal Music Publishing Mgb Brasil Ltda,Fundo Musical Acervo,,,,,,,,,,,,True,artist_alias,Relatório UBEM - Canal Brasil
Assim Como A Gente,2025-03-08 00:00:00,Quando A Chuva Passar,Ramon Cruz,Ivete Sangalo,Iessi Music Label Ltda,Performance,,,,,,,,,,,,True,artist_alias,Relatório UBEM - Canal Brasil
"Mais Cor, Por Favor!",2025-03-08 00:00:00,As Pastorinhas,"João De Barro,Noel Rosa",Noel Rosa,Mangione Filhos E Cia Ltda Epp,Fundo Musical Acervo,,,,,,,,,,,,True,artist_alias,Relatório UBEM - Canal Brasil
"Quem Não Pode, Se Sacode",2025-03-08 00:00:00,Axe Moo 3,Mu Carvalho,Mu Carvalho,Sony Music Publishing Brazil Edicoes Musicais Ltda,Fundo Musical,,,,,,,,,,,,True,artist_alias,Relatório UBEM - Canal Brasil
Tô De Graça,2025-03-08 00:00:00,"Chapa É Quente, A","Emicida,Fred,Kassin,Nave",Emicida,"Dubas Musica Ltda,Sony Music Publishing Brazil Edicoes Musicais Ltda,Unknown Publisher,Warner Chappell Edicoes Musicais Ltda",Fundo Musical,,,,,,,,,,,,True,artist_alias,Relatório UBEM - Canal Brasil
Uma Vila De Novela,2025-03-08 00:00:00,Borbulhas De Amor (Tenho Um Coração),"Ferreira Goulart,Juan Luis Guerra",Fagner,Universal Music Publishing Mgb Brasil Ltda,Fundo Musical Acervo,,,,,,,,,,,,True,artist_alias,Relatório UBEM - Canal Brasil
Palco Principal: Rock In Rio 2024 - Ivete Sangalo,2025-03-09 00:00:00,Abalou,Gigi,Ivete Sangalo,Warner Chappell Edicoes Musicais Ltda,Performance,,,,,,,,,,,,True,artist_alias,Relatório UBEM - Canal Brasil
Palco Principal: Rock In Rio 2024 - Ivete Sangalo,2025-03-09 00:00:00,Acelera Aê,"Dan Kambaiah,Fabio O'Brian,Gigi,Magno Santanna",Ivete Sangalo,"Carlos Magno De Santanna,Warner Chappell Edicoes Musicais Ltda",Performance,,,,,,,,,,,,True,artist_alias,Relatório UBEM - Canal Brasil
Palco Principal: Rock In Rio 2024 - Ivete Sangalo,2025-03-09 00:00:00,Arerê,"Alaim Tavares,Gilson Babilônia",Ivete Sangalo,"Bichinho Edições Musicais Ltda,Sony Music Publishing Brazil Edicoes Musicais Ltda",Performance,,,,,,,,,,,,True,artist_alias,Relatório UBEM - Canal Brasil
Palco Principal: Rock In Rio 2024 - Ivete Sangalo,2025-03-09 00:00:00,Beleza Rara,Ed Grandão,Ivete Sangalo,Universal Music Publishing Mgb Brasil Ltda,Performance,,,,,,,,,,,,True,artist_alias,Relatório UBEM - Canal Brasil
Palco Principal: Rock In Rio 2024 - Ivete Sangalo,2025-03-09 00:00:00,Cadê Dalila?,"Alaim Tavares,Carlinhos Brown",Ivete Sangalo,"Sony Music Publishing Brazil Edicoes Musicais Ltda,Warner Chappell Edicoes Musicais Ltda",Performance,,,,,,,,,,,,True,artist_alias,Relatório UBEM - Canal Brasil
Palco Principal: Rock In Rio 2024 - Ivete Sangalo,2025-03-09 00:00:00,Cria Da Ivete,"Ivete Sangalo,Luciano Chaves,Samir Trindade",Ivete Sangalo,Warner Chappell Edicoes Musicais Ltda,Performance,,,,,,,,,,,,True,artist_alias,Relatório UBEM - Canal Brasil
Palco Principal: Rock In Rio 2024 - Ivete Sangalo,2025-03-09 00:00:00,Dançando,"Filipe Escandurras,Marcio Victor,Tierry Coringa",Ivete Sangalo,"Abramus Digital Servicos De Identificacao De Repertorio Ltda Me,Warner Chappell Edicoes Musicais Ltda",Performance,,,,,,,,,,,,True,artist_alias,Relatório UBEM - Canal Brasil
Palco Principal: Rock In Rio 2024 - Ivete Sangalo,2025-03-09 00:00:00,Eva,"Giancarlo Bigazzi,Marcos Ficarelli,Umberto Tozzi",Ivete Sangalo,"Associacao Defensora De Direitos Autorais (Addaf),Peermusic Do Brasil Edicoes Musicais Ltda",Performance,,,,,,,,,,,,True,artist_alias,Relatório UBEM - Canal Brasil
Palco Principal: Rock In Rio 2024 - Ivete Sangalo,2025-03-09 00:00:00,"Galera, A","Augusto Conceição,Elivandro Cuca,Fabio Alcantara,Rayala,Sá Trindade",Ivete Sangalo,"Sony Music Publishing Brazil Edicoes Musicais Ltda,Universal Music Publishing Mgb Brasil Ltda",Performance,,,,,,,,,,,,True,artist_alias,Relatório UBEM - Canal Brasil
Palco Principal: Rock In Rio 2024 - Ivete Sangalo,2025-03-09 00:00:00,Na Base Do Beijo,"Alaim Tavares,Rita Mendes",Ivete Sangalo,"Sony Music Publishing Brazil Edicoes Musicais Ltda,Warner Chappell Edicoes Musicais Ltda",Performance,,,,,,,,,,,,True,artist_alias,Relatório UBEM - Canal Brasil
Palco Principal: Rock In Rio 2024 - Ivete Sangalo,2025-03-09 00:00:00,O Mundo Vai,"Gigi,Ivete Sangalo,Radames Venancio,Ramon Cruz,Samir Pereira,Tierry",Ivete Sangalo,"Universal Music Publishing Mgb Brasil Ltda,Unknown Publisher,Warner Chappell Edicoes Musicais Ltda",Performance,,,,,,,,,,,,True,artist_alias,Relatório UBEM - Canal Brasil
Palco Principal: Rock In Rio 2024 - Ivete Sangalo,2025-03-09 00:00:00,Tempo De Alegria,"Filipe Escandurras,Gigi,Magno Sant'Anna",Ivete Sangalo,"Abramus Digital Servicos De Identificacao De Repertorio Ltda Me,Carlos Magno De Santanna,Warner Chappell Edicoes Musicais Ltda",Performance,,,,,,,,,,,,True,artist_alias,Relatório UBEM - Canal Brasil
Palco Principal: Rock In Rio 2024 - Ivete Sangalo,2025-03-09 00:00:00,"Tá Solteira, Mas Não Tá Sozinha","Gigi,Ivete Sangalo,Radames Venancio,Samir Pereira",Ivete Sangalo,Warner Chappell Edicoes Musicais Ltda,Performance,,,,,,,,,,,,True,artist_alias,Relatório UBEM - Canal Brasil
Tô De Graça,2025-03-09 00:00:00,Relaxa E Toma,"Dennis Dj,Gabriel Cantini",Dennis Dj,Sony Music Publishing Brazil Edicoes Musicais Ltda,Fundo Musical,,,,,,,,,,,,True,artist_alias,Relatório UBEM - Canal Brasil
Tô De Graça,2025-03-09 00:00:00,"Chapa É Quente, A","Emicida,Fred,Kassin,Nave",Emicida,"Dubas Musica Ltda,Sony Music Publishing Brazil Edicoes Musicais Ltda,Unknown Publisher,Warner Chappell Edicoes Musicais Ltda",Fundo Musical,,,,,,,,,,,,True,artist_alias,Relatório UBEM - Canal Brasil
Tô De Graça,2025-03-09 00:00:00,Pá Em Todo Mundo,"Dennis Dj,Gabriel Cantini",Dennis Dj,Sony Music Publishing Brazil Edicoes Musicais Ltda,Fundo Musical,,,,,,,,,,,,True,artist_alias,Relatório UBEM - Canal Brasil
Uma Vila De Novela,2025-03-09 00:00:00,Borbulhas De Amor (Tenho Um Coração),"Ferreira Goulart,Juan Luis Guerra",Fagner,Universal Music Publishing Mgb Brasil Ltda,Fundo Musical Acervo,,,,,,,,,,,,True,artist_alias,Relatório UBEM - Canal Brasil
Tô De Graça,2025-03-10 00:00:00,Arrocha Dos Cornos,Wagner Marinho De Santana,Dj Guuga,Sony Music Publishing Brazil Edicoes Musicais Ltda,Fundo Musical,,,,,,,,,,,,True,artist_alias,Relatório UBEM - Canal Brasil
Tô De Graça,2025-03-10 00:00:00,Debaixo Dos Caracóis Dos Seus Cabelos,"Erasmo Carlos,Roberto Carlos",Ivete Sangalo,Sony Music Publishing Brazil Edicoes Musicais Ltda,Fundo Musical,,,,,,,,,,,,True,artist_alias,Relatório UBEM - Canal Brasil
Experimente,2025-03-11 00:00:00,Dalasam,"Felipe Neo,Rico Dalasam",Rico Dalasam,"Unknown Publisher,Boa Musica Brasil Direitos Musicais Ltda",Performance,,,,,,,,,,,,True,artist_alias,Relatório UBEM - Canal Brasil
Experimente,2025-03-11 00:00:00,Deixa,"Felipe Neo,Rico Dalasam",Rico Dalasam,"Unknown Publisher,Boa Musica Brasil Direitos Musicais Ltda",Performance,,,,,,,,,,,,True,artist_alias,Relatório UBEM - Canal Brasil
Experimente,2025-03-11 00:00:00,Esse Close Eu Dei,"Felipe Neo,Rico Dalasam",Rico Dalasam,"Unknown Publisher,Boa Musica Brasil Direitos Musicais Ltda",Performance,,,,,,,,,,,,True,artist_alias,Relatório UBEM - Canal Brasil
Experimente,2025-03-11 00:00:00,Fogo Em Mim,"Mahal Pita,Rico Dalasam",Rico Dalasam,"Unknown Publisher,Boa Musica Brasil Direitos Musicais Ltda",Performance,,,,,,,,,,,,True,artist_alias,Relatório UBEM - Canal Brasil
Experimente,2025-03-11 00:00:00,Milimili,"Mahal Rosado Pita Oliveira (Mahal Pita),Rico Dalasam",Rico Dalasam,"Unknown Publisher,Boa Musica Brasil Direitos Musicais Ltda",Performance,,,,,,,,,,,,True,artist_alias,Relatório UBEM - Canal Brasil
Experimente,2025-03-11 00:00:00,Não Posso Esperar,"Felipe Neo,Rico Dalasam",Rico Dalasam,"Unknown Publisher,Boa Musica Brasil Direitos Musicais Ltda",Performance,,,,,,,,,,,,True,artist_alias,Relatório UBEM - Canal Brasil
Experimente,2025-03-11 00:00:00,Procure,"Felipe Neo,Rico Dalasam",Rico Dalasam,"Unknown Publisher,Boa Musica Brasil Direitos Musicais Ltda",Performance,,,,,,,,,,,,True,artist_alias,Relatório UBEM - Canal Brasil
Experimente,2025-03-11 00:00:00,Riquíssima,"Felipe Neo,Rico Dalasam",Rico Dalasam,"Unknown Publisher,Boa Musica Brasil Direitos Musicais Ltda",Performance,,,,,,,,,,,,True,artist_alias,Relatório UBEM - Canal Brasil
Experimente,2025-03-11 00:00:00,Todo Dia,"Dj Gorky,Maffalda,Rico Dalasam",Rico Dalasam,"Warner Chappell Edicoes Musicais Ltda,Boa Musica Brasil Direitos Musicais Ltda",Performance,,,,,,,,,,,,True,artist_alias,Relatório UBEM - Canal Brasil
Experimente,2025-03-11 00:00:00,Aceite-C Sample: O Mais Belo Dos Belos(A Verdade Do Ilê/o Charme Da Li,"Adailton Poesia,Guiguio,Rico Dalasam,Valter Farias",Rico Dalasam,"Universal Music Publishing Mgb Brasil Ltda,Boa Musica Brasil Direitos Musicais Ltda",Performance,,,,,,,,,,,,True,artist_alias,Relatório UBEM - Canal Brasil
Experimente,2025-03-11 00:00:00,Nortes,Rico Dalasam,Rico Dalasam,Boa Musica Brasil Direitos Musicais Ltda,Performance,,,,,,,,,,,,True,artist_alias,Relatório UBEM - Canal Brasil
Palco Principal: Rock In Rio 2024 - Ivete Sangalo,2025-03-11 00:00:00,Abalou,Gigi,Ivete Sangalo,Warner Chappell Edicoes Musicais Ltda,Performance,,,,,,,,,,,,True,artist_alias,Relatório UBEM - Canal Brasil
Palco Principal: Rock In Rio 2024 - Ivete Sangalo,2025-03-11 00:00:00,Acelera Aê,"Dan Kambaiah,Fabio O'Brian,Gigi,Magno Santanna",Ivete Sangalo,"Carlos Magno De Santanna,Warner Chappell Edicoes Musicais Ltda",Performance,,,,,,,,,,,,True,artist_alias,Relatório UBEM - Canal Brasil
Palco Principal: Rock In Rio 2024 - Ivete Sangalo,2025-03-11 00:00:00,Arerê,"Alaim Tavares,Gilson Babilônia",Ivete Sangalo,"Bichinho Edições Musicais Ltda,Sony Music Publishing Brazil Edicoes Musicais Ltda",Performance,,,,,,,,,,,,True,artist_alias,Relatório UBEM - Canal Brasil
Palco Principal: Rock In Rio 2024 - Ivete Sangalo,2025-03-11 00:00:00,Beleza Rara,Ed Grandão,Ivete Sangalo,Universal Music Publishing Mgb Brasil Ltda,Performance,,,,,,,,,,,,True,artist_alias,Relatório UBEM - Canal Brasil
Palco Principal: Rock In Rio 2024 - Ivete Sangalo,2025-03-11 00:00:00,Cadê Dalila?,"Alaim Tavares,Carlinhos Brown",Ivete Sangalo,"Sony Music Publishing Brazil Edicoes Musicais Ltda,Warner Chappell Edicoes Musicais Ltda",Performance,,,,,,,,,,,,True,artist_alias,Relatório UBEM - Canal Brasil
Palco Principal: Rock In Rio 2024 - Ivete Sangalo,2025-03-11 00:00:00,Cria Da Ivete,"Ivete Sangalo,Luciano Chaves,Samir Trindade",Ivete Sangalo,Warner Chappell Edicoes Musicais Ltda,Performance,,,,,,,,,,,,True,artist_alias,Relatório UBEM - Canal Brasil
Palco Principal: Rock In Rio 2024 - Ivete Sangalo,2025-03-11 00:00:00,Dançando,"Filipe Escandurras,Marcio Victor,Tierry Coringa",Ivete Sangalo,"Abramus Digital Servicos De Identificacao De Repertorio Ltda Me,Warner Chappell Edicoes Musicais Ltda",Performance,,,,,,,,,,,,True,artist_alias,Relatório UBEM - Canal Brasil
Palco Principal: Rock In Rio 2024 - Ivete Sangalo,2025-03-11 00:00:00,Eva,"Giancarlo Bigazzi,Marcos Ficarelli,Umberto Tozzi",Ivete Sangalo,"Associacao Defensora De Direitos Autorais (Addaf),Peermusic Do Brasil Edicoes Musicais Ltda",Performance,,,,,,,,,,,,True,artist_alias,Relatório UBEM - Canal Brasil
Palco Principal: Rock In Rio 2024 - Ivete Sangalo,2025-03-11 00:00:00,"Galera, A","Augusto Conceição,Elivandro Cuca,Fabio Alcantara,Rayala,Sá Trindade",Ivete Sangalo,"Sony Music Publishing Brazil Edicoes Musicais Ltda,Universal Music Publishing Mgb Brasil Ltda",Performance,,,,,,,,,,,,True,artist_alias,Relatório UBEM - Canal Brasil
Palco Principal: Rock In Rio 2024 - Ivete Sangalo,2025-03-11 00:00:00,Na Base Do Beijo,"Alaim Tavares,Rita Mendes",Ivete Sangalo,"Sony Music Publishing Brazil Edicoes Musicais Ltda,Warner Chappell Edicoes Musicais Ltda",Performance,,,,,,,,,,,,True,artist_alias,Relatório UBEM - Canal Brasil
Palco Principal: Rock In Rio 2024 - Ivete Sangalo,2025-03-11 00:00:00,O Mundo Vai,"Gigi,Ivete Sangalo,Radames Venancio,Ramon Cruz,Samir Pereira,Tierry",Ivete Sangalo,"Universal Music Publishing Mgb Brasil Ltda,Unknown Publisher,Warner Chappell Edicoes Musicais Ltda",Performance,,,,,,,,,,,,True,artist_alias,Relatório UBEM - Canal Brasil
Palco Principal: Rock In Rio 2024 - Ivete Sangalo,2025-03-11 00:00:00,Tempo De Alegria,"Filipe Escandurras,Gigi,Magno Sant'Anna",Ivete Sangalo,"Abramus Digital Servicos De Identificacao De Repertorio Ltda Me,Carlos Magno De Santanna,Warner Chappell Edicoes Musicais Ltda",Performance,,,,,,,,,,,,True,artist_alias,Relatório UBEM - Canal Brasil
Palco Principal: Rock In Rio 2024 - Ivete Sangalo,2025-03-11 00:00:00,"Tá Solteira, Mas Não Tá Sozinha","Gigi,Ivete Sangalo,Radames Venancio,Samir Pereira",Ivete Sangalo,Warner Chappell Edicoes Musicais Ltda,Performance,,,,,,,,,,,,True,artist_alias,Relatório UBEM - Canal Brasil
Setlist,2025-03-11 00:00:00,Telas,"Jean Costa Machado,Luiz Gustavo Da Silva",Siamese,Onerpm Comercio E Servicos De Midia Digital Ltda,Clipe Musical,,,,,,,,,,,,True,artist_alias,Relatório UBEM - Canal Brasil
Decora,2025-03-11 00:00:00,Pisando Descalço,Tales De Polli,Maneva,Universal Music Publishing Mgb Brasil Ltda,Fundo Musical Acervo,,,,,,,,,,,,True,artist_alias,Relatório UBEM - Canal Brasil
Olho Mágico - Reforma De Vizin,2025-03-11 00:00:00,Lembrança De Um Beijo,Accioly Neto,Fagner,"Nas Nuvens Catalog SA,Peermusic Do Brasil Edicoes Musicais Ltda",Fundo Musical Acervo,,,,,,,,,,,,True,artist_alias,Relatório UBEM - Canal Brasil
Olho Mágico - Reforma De Vizin,2025-03-11 00:00:00,Pedras Que Cantam,"Dominguinhos,Fausto Nilo",Fagner,"Sony Music Publishing Brazil Edicoes Musicais Ltda,Universal Music Publishing Mgb Brasil Ltda",Fundo Musical Acervo,,,,,,,,,,,,True,artist_alias,Relatório UBEM - Canal Brasil
Experimente,2025-03-12 00:00:00,Dalasam,"Felipe Neo,Rico Dalasam",Rico Dalasam,"Unknown Publisher,Boa Musica Brasil Direitos Musicais Ltda",Performance,,,,,,,,,,,,True,artist_alias,Relatório UBEM - Canal Brasil
Experimente,2025-03-12 00:00:00,Deixa,"Felipe Neo,Rico Dalasam",Rico Dalasam,"Unknown Publisher,Boa Musica Brasil Direitos Musicais Ltda",Performance,,,,,,,,,,,,True,artist_alias,Relatório UBEM - Canal Brasil
Experimente,2025-03-12 00:00:00,Esse Close Eu Dei,"Felipe Neo,Rico Dalasam",Rico Dalasam,"Unknown Publisher,Boa Musica Brasil Direitos Musicais Ltda",Performance,,,,,,,,,,,,True,artist_alias,Relatório UBEM - Canal Brasil
Experimente,2025-03-12 00:00:00,Fogo Em Mim,"Mahal Pita,Rico Dalasam",Rico Dalasam,"Unknown Publisher,Boa Musica Brasil Direitos Musicais Ltda",Performance,,,,,,,,,,,,True,artist_alias,Relatório UBEM - Canal Brasil
Experimente,2025-03-12 00:00:00,Milimili,"Mahal Rosado Pita Oliveira (Mahal Pita),Rico Dalasam",Rico Dalasam,"Unknown Publisher,Boa Musica Brasil Direitos Musicais Ltda",Performance,,,,,,,,,,,,True,artist_alias,Relatório UBEM - Canal Brasil
Experimente,2025-03-12 00:00:00,Não Posso Esperar,"Felipe Neo,Rico Dalasam",Rico Dalasam,"Unknown Publisher,Boa Musica Brasil Direitos Musicais Ltda",Performance,,,,,,,,,,,,True,artist_alias,Relatório UBEM - Canal Brasil
Experimente,2025-03-12 00:00:00,Procure,"Felipe Neo,Rico Dalasam",Rico Dalasam,"Unknown Publisher,Boa Musica Brasil Direitos Musicais Ltda",Performance,,,,,,,,,,,,True,artist_alias,Relatório UBEM - Canal Brasil
Experimente,2025-03-12 00:00:00,Riquíssima,"Felipe Neo,Rico Dalasam",Rico Dalasam,"Unknown Publisher,Boa Musica Brasil Direitos Musicais Ltda",Performance,,,,,,,,,,,,True,artist_alias,Relatório UBEM - Canal Brasil
Experimente,2025-03-12 00:00:00,Todo Dia,"Dj Gorky,Maffalda,Rico Dalasam",Rico Dalasam,"Warner Chappell Edicoes Musicais Ltda,Boa Musica Brasil Direitos Musicais Ltda",Performance,,,,,,,,,,,,True,artist_alias,Relatório UBEM - Canal Brasil
Experimente,2025-03-12 00:00:00,Aceite-C Sample: O Mais Belo Dos Belos(A Verdade Do Ilê/o Charme Da Li,"Adailton Poesia,Guiguio,Rico Dalasam,Valter Farias",Rico Dalasam,"Universal Music Publishing Mgb Brasil Ltda,Boa Musica Brasil Direitos Musicais Ltda",Performance,,,,,,,,,,,,True,artist_alias,Relatório UBEM - Canal Brasil
Experimente,2025-03-12 00:00:00,Nortes,Rico Dalasam,Rico Dalasam,Boa Musica Brasil Direitos Musicais Ltda,Performance,,,,,,,,,,,,True,artist_alias,Relatório UBEM - Canal Brasil
Setlist,2025-03-12 00:00:00,Telas,"Jean Costa Machado,Luiz Gustavo Da Silva",Siamese,Onerpm Comercio E Servicos De Midia Digital Ltda,Clipe Musical,,,,,,,,,,,,True,artist_alias,Relatório UBEM - Canal Brasil
Aquecimento Lollapalooza: Lollapalooza 2024 - Xamã,2025-03-13 00:00:00,Leão,Xamã,Xamã,"Associacao Defensora De Direitos Autorais (Addaf),Warner Chappell Edicoes Musicais Ltda",Performance,,,,,,,,,,,,True,artist_alias,Relatório UBEM - Canal Brasil
Aquecimento Lollapalooza: Lollapalooza 2024 - Xamã,2025-03-13 00:00:00,Malvadão 3,Xamã,Xamã,Associacao Defensora De Direitos Autorais (Addaf),Performance,,,,,,,,,,,,True,artist_alias,Relatório UBEM - Canal Brasil
Aquecimento Lollapalooza: Lollapalooza 2024 - Xamã,2025-03-13 00:00:00,Poesia Acústica #13,"Anna Ruth,Elana Dara,Geizon Fernandes,Lennon Frassetti,Lucas Malak,Luísa Sonza,Matheus De Araújo,Mauro Davi,Nathanael Cauã,Victor Hugo,Victor Lima",Xamã,"Universal Music Publishing Mgb Brasil Ltda,Unknown Publisher,Warner Chappell Edicoes Musicais Ltda",Performance,,,,,,,,,,,,True,artist_alias,Relatório UBEM - Canal Brasil
Aquecimento Lollapalooza: Lollapalooza 2024 - Xamã,2025-03-13 00:00:00,Poesia Acústica #6 - Era Uma Vez,"Azzy,Bob Do Contra,Dudu,Felipe Ret,Maquiny,Mc Cabelinho,Orochi,Salve Malak,Slim,Xamã",Xamã,"Associacao Defensora De Direitos Autorais (Addaf),Sony Music Publishing Brazil Edicoes Musicais Ltda,Universal Music Publishing Mgb Brasil Ltda,Unknown Publisher,Warner Chappell Edicoes Musicais Ltda",Performance,,,,,,,,,,,,True,artist_alias,Relatório UBEM - Canal Brasil
Aquecimento Lollapalooza: Lollapalooza 2024 - Xamã,2025-03-13 00:00:00,Poesia Acústica #9 - Melhor Forma,"Cesar Mc,Chris Mc,Djonga,Filipe Ret,L7Nnon,Lourena,Salve Malak,Xamã",Xamã,"Abramus Digital Servicos De Identificacao De Repertorio Ltda Me,Universal Music Publishing Mgb Brasil Ltda,Unknown Publisher,Warner Chappell Edicoes Musicais Ltda",Performance,,,,,,,,,,,,True,artist_alias,Relatório UBEM - Canal Brasil
Aquecimento Lollapalooza: Lollapalooza 2024 - Xamã,2025-03-13 00:00:00,Um Drink No Inferno,Geizon Carlos Da Cruz Fernandes,Xamã,Unknown Publisher,Performance,,,,,,,,,,,,True,artist_alias,Relatório UBEM - Canal Brasil
Palco Principal: Rock In Rio 2024 - Ivete Sangalo,2025-03-13 00:00:00,Abalou,Gigi,Ivete Sangalo,Warner Chappell Edicoes Musicais Ltda,Performance,,,,,,,,,,,,True,artist_alias,Relatório UBEM - Canal Brasil
Palco Principal: Rock In Rio 2024 - Ivete Sangalo,2025-03-13 00:00:00,Acelera Aê,"Dan Kambaiah,Fabio O'Brian,Gigi,Magno Santanna",Ivete Sangalo,"Carlos Magno De Santanna,Warner Chappell Edicoes Musicais Ltda",Performance,,,,,,,,,,,,True,artist_alias,Relatório UBEM - Canal Brasil
Palco Principal: Rock In Rio 2024 - Ivete Sangalo,2025-03-13 00:00:00,Arerê,"Alaim Tavares,Gilson Babilônia",Ivete Sangalo,"Bichinho Edições Musicais Ltda,Sony Music Publishing Brazil Edicoes Musicais Ltda",Performance,,,,,,,,,,,,True,artist_alias,Relatório UBEM - Canal Brasil
Palco Principal: Rock In Rio 2024 - Ivete Sangalo,2025-03-13 00:00:00,Beleza Rara,Ed Grandão,Ivete Sangalo,Universal Music Publishing Mgb Brasil Ltda,Performance,,,,,,,,,,,,True,artist_alias,Relatório UBEM - Canal Brasil
Palco Principal: Rock In Rio 2024 - Ivete Sangalo,2025-03-13 00:00:00,Cadê Dalila?,"Alaim Tavares,Carlinhos Brown",Ivete Sangalo,"Sony Music Publishing Brazil Edicoes Musicais Ltda,Warner Chappell Edicoes Musicais Ltda",Performance,,,,,,,,,,,,True,artist_alias,Relatório UBEM - Canal Brasil
Palco Principal: Rock In Rio 2024 - Ivete Sangalo,2025-03-13 00:00:00,Cria Da Ivete,"Ivete Sangalo,Luciano Chaves,Samir Trindade",Ivete Sangalo,Warner Chappell Edicoes Musicais Ltda,Performance,,,,,,,,,,,,True,artist_alias,Relatório UBEM - Canal Brasil
Palco Principal: Rock In Rio 2024 - Ivete Sangalo,2025-03-13 00:00:00,Dançando,"Filipe Escandurras,Marcio Victor,Tierry Coringa",Ivete Sangalo,"Abramus Digital Servicos De Identificacao De Repertorio Ltda Me,Warner Chappell Edicoes Musicais Ltda",Performance,,,,,,,,,,,,True,artist_alias,Relatório UBEM - Canal Brasil
Palco Principal: Rock In Rio 2024 - Ivete Sangalo,2025-03-13 00:00:00,Eva,"Giancarlo Bigazzi,Marcos Ficarelli,Umberto Tozzi",Ivete Sangalo,"Associacao Defensora De Direitos Autorais (Addaf),Peermusic Do Brasil Edicoes Musicais Ltda",Performance,,,,,,,,,,,,True,artist_alias,Relatório UBEM - Canal Brasil
Palco Principal: Rock In Rio 2024 - Ivete Sangalo,2025-03-13 00:00:00,"Galera, A","Augusto Conceição,Elivandro Cuca,Fabio Alcantara,Rayala,Sá Trindade",Ivete Sangalo,"Sony Music Publishing Brazil Edicoes Musicais Ltda,Universal Music Publishing Mgb Brasil Ltda",Performance,,,,,,,,,,,,True,artist_alias,Relatório UBEM - Canal Brasil
Palco Principal: Rock In Rio 2024 - Ivete Sangalo,2025-03-13 00:00:00,Na Base Do Beijo,"Alaim Tavares,Rita Mendes",Ivete Sangalo,"Sony Music Publishing Brazil Edicoes Musicais Ltda,Warner Chappell Edicoes Musicais Ltda",Performance,,,,,,,,,,,,True,artist_alias,Relatório UBEM - Canal Brasil
Palco Principal: Rock In Rio 2024 - Ivete Sangalo,2025-03-13 00:00:00,O Mundo Vai,"Gigi,Ivete Sangalo,Radames Venancio,Ramon Cruz,Samir Pereira,Tierry",Ivete Sangalo,"Universal Music Publishing Mgb Brasil Ltda,Unknown Publisher,Warner Chappell Edicoes Musicais Ltda",Performance,,,,,,,,,,,,True,artist_alias,Relatório UBEM - Canal Brasil
Palco Principal: Rock In Rio 2024 - Ivete Sangalo,2025-03-13 00:00:00,Tempo De Alegria,"Filipe Escandurras,Gigi,Magno Sant'Anna",Ivete Sangalo,"Abramus Digital Servicos De Identificacao De Repertorio Ltda Me,Carlos Magno De Santanna,Warner Chappell Edicoes Musicais Ltda",Performance,,,,,,,,,,,,True,artist_alias,Relatório UBEM - Canal Brasil
Palco Principal: Rock In Rio 2024 - Ivete Sangalo,2025-03-13 00:00:00,"Tá Solteira, Mas Não Tá Sozinha","Gigi,Ivete Sangalo,Radames Venancio,Samir Pereira",Ivete Sangalo,Warner Chappell Edicoes Musicais Ltda,Performance,,,,,,,,,,,,True,artist_alias,Relatório UBEM - Canal Brasil
Olho Mágico - Reforma De Vizin,2025-03-13 00:00:00,Lembrança De Um Beijo,Accioly Neto,Fagner,"Nas Nuvens Catalog SA,Peermusic Do Brasil Edicoes Musicais Ltda",Fundo Musical Acervo,,,,,,,,,,,,True,artist_alias,Relatório UBEM - Canal Brasil
Olho Mágico - Reforma De Vizin,2025-03-13 00:00:00,Pedras Que Cantam,"Dominguinhos,Fausto Nilo",Fagner,"Sony Music Publishing Brazil Edicoes Musicais Ltda,Universal Music Publishing Mgb Brasil Ltda",Fundo Musical Acervo,,,,,,,,,,,,True,artist_alias,Relatório UBEM - Canal Brasil
Tô De Graça,2025-03-13 00:00:00,Pá Em Todo Mundo,"Dennis Dj,Gabriel Cantini",Dennis Dj,Sony Music Publishing Brazil Edicoes Musicais Ltda,Fundo Musical,,,,,,,,,,,,True,artist_alias,Relatório UBEM - Canal Brasil
Aquecimento Lollapalooza: Lollapalooza 2024 - Xamã,2025-03-14 00:00:00,Leão,Xamã,Xamã,"Associacao Defensora De Direitos Autorais (Addaf),Warner Chappell Edicoes Musicais Ltda",Performance,,,,,,,,,,,,True,artist_alias,Relatório UBEM - Canal Brasil
Aquecimento Lollapalooza: Lollapalooza 2024 - Xamã,2025-03-14 00:00:00,Malvadão 3,Xamã,Xamã,Associacao Defensora De Direitos Autorais (Addaf),Performance,,,,,,,,,,,,True,artist_alias,Relatório UBEM - Canal Brasil
Aquecimento Lollapalooza: Lollapalooza 2024 - Xamã,2025-03-14 00:00:00,Poesia Acústica #13,"Anna Ruth,Elana Dara,Geizon Fernandes,Lennon Frassetti,Lucas Malak,Luísa Sonza,Matheus De Araújo,Mauro Davi,Nathanael Cauã,Victor Hugo,Victor Lima",Xamã,"Universal Music Publishing Mgb Brasil Ltda,Unknown Publisher,Warner Chappell Edicoes Musicais Ltda",Performance,,,,,,,,,,,,True,artist_alias,Relatório UBEM - Canal Brasil
Aquecimento Lollapalooza: Lollapalooza 2024 - Xamã,2025-03-14 00:00:00,Poesia Acústica #6 - Era Uma Vez,"Azzy,Bob Do Contra,Dudu,Felipe Ret,Maquiny,Mc Cabelinho,Orochi,Salve Malak,Slim,Xamã",Xamã,"Associacao Defensora De Direitos Autorais (Addaf),Sony Music Publishing Brazil Edicoes Musicais Ltda,Universal Music Publishing Mgb Brasil Ltda,Unknown Publisher,Warner Chappell Edicoes Musicais Ltda",Performance,,,,,,,,,,,,True,artist_alias,Relatório UBEM - Canal Brasil
Aquecimento Lollapalooza: Lollapalooza 2024 - Xamã,2025-03-14 00:00:00,Poesia Acústica #9 - Melhor Forma,"Cesar Mc,Chris Mc,Djonga,Filipe Ret,L7Nnon,Lourena,Salve Malak,Xamã",Xamã,"Abramus Digital Servicos De Identificacao De Repertorio Ltda Me,Universal Music Publishing Mgb Brasil Ltda,Unknown Publisher,Warner Chappell Edicoes Musicais Ltda",Performance,,,,,,,,,,,,True,artist_alias,Relatório UBEM - Canal Brasil
Aquecimento Lollapalooza: Lollapalooza 2024 - Xamã,2025-03-14 00:00:00,Um Drink No Inferno,Geizon Carlos Da Cruz Fernandes,Xamã,Unknown Publisher,Performance,,,,,,,,,,,,True,artist_alias,Relatório UBEM - Canal Brasil
Palco Principal: Rock In Rio 2024 - Ivete Sangalo,2025-03-14 00:00:00,Abalou,Gigi,Ivete Sangalo,Warner Chappell Edicoes Musicais Ltda,Performance,,,,,,,,,,,,True,artist_alias,Relatório UBEM - Canal Brasil
Palco Principal: Rock In Rio 2024 - Ivete Sangalo,2025-03-14 00:00:00,Acelera Aê,"Dan Kambaiah,Fabio O'Brian,Gigi,Magno Santanna",Ivete Sangalo,"Carlos Magno De Santanna,Warner Chappell Edicoes Musicais Ltda",Performance,,,,,,,,,,,,True,artist_alias,Relatório UBEM - Canal Brasil
Palco Principal: Rock In Rio 2024 - Ivete Sangalo,2025-03-14 00:00:00,Arerê,"Alaim Tavares,Gilson Babilônia",Ivete Sangalo,"Bichinho Edições Musicais Ltda,Sony Music Publishing Brazil Edicoes Musicais Ltda",Performance,,,,,,,,,,,,True,artist_alias,Relatório UBEM - Canal Brasil
Palco Principal: Rock In Rio 2024 - Ivete Sangalo,2025-03-14 00:00:00,Beleza Rara,Ed Grandão,Ivete Sangalo,Universal Music Publishing Mgb Brasil Ltda,Performance,,,,,,,,,,,,True,artist_alias,Relatório UBEM - Canal Brasil
Palco Principal: Rock In Rio 2024 - Ivete Sangalo,2025-03-14 00:00:00,Cadê Dalila?,"Alaim Tavares,Carlinhos Brown",Ivete Sangalo,"Sony Music Publishing Brazil Edicoes Musicais Ltda,Warner Chappell Edicoes Musicais Ltda",Performance,,,,,,,,,,,,True,artist_alias,Relatório UBEM - Canal Brasil
Palco Principal: Rock In Rio 2024 - Ivete Sangalo,2025-03-14 00:00:00,Cria Da Ivete,"Ivete Sangalo,Luciano Chaves,Samir Trindade",Ivete Sangalo,Warner Chappell Edicoes Musicais Ltda,Performance,,,,,,,,,,,,True,artist_alias,Relatório UBEM - Canal Brasil
Palco Principal: Rock In Rio 2024 - Ivete Sangalo,2025-03-14 00:00:00,Dançando,"Filipe Escandurras,Marcio Victor,Tierry Coringa",Ivete Sangalo,"Abramus Digital Servicos De Identificacao De Repertorio Ltda Me,Warner Chappell Edicoes Musicais Ltda",Performance,,,,,,,,,,,,True,artist_alias,Relatório UBEM - Canal Brasil
Palco Principal: Rock In Rio 2024 - Ivete Sangalo,2025-03-14 00:00:00,Eva,"Giancarlo Bigazzi,Marcos Ficarelli,Umberto Tozzi",Ivete Sangalo,"Associacao Defensora De Direitos Autorais (Addaf),Peermusic Do Brasil Edicoes Musicais Ltda",Performance,,,,,,,,,,,,True,artist_alias,Relatório UBEM - Canal Brasil
Palco Principal: Rock In Rio 2024 - Ivete Sangalo,2025-03-14 00:00:00,"Galera, A","Augusto Conceição,Elivandro Cuca,Fabio Alcantara,Rayala,Sá Trindade",Ivete Sangalo,"Sony Music Publishing Brazil Edicoes Musicais Ltda,Universal Music Publishing Mgb Brasil Ltda",Performance,,,,,,,,,,,,True,artist_alias,Relatório UBEM - Canal Brasil
Palco Principal: Rock In Rio 2024 - Ivete Sangalo,2025-03-14 00:00:00,Na Base Do Beijo,"Alaim Tavares,Rita Mendes",Ivete Sangalo,"Sony Music Publishing Brazil Edicoes Musicais Ltda,Warner Chappell Edicoes Musicais Ltda",Performance,,,,,,,,,,,,True,artist_alias,Relatório UBEM - Canal Brasil
Palco Principal: Rock In Rio 2024 - Ivete Sangalo,2025-03-14 00:00:00,O Mundo Vai,"Gigi,Ivete Sangalo,Radames Venancio,Ramon Cruz,Samir Pereira,Tierry",Ivete Sangalo,"Universal Music Publishing Mgb Brasil Ltda,Unknown Publisher,Warner Chappell Edicoes Musicais Ltda",Performance,,,,,,,,,,,,True,artist_alias,Relatório UBEM - Canal Brasil
Palco Principal: Rock In Rio 2024 - Ivete Sangalo,2025-03-14 00:00:00,Tempo De Alegria,"Filipe Escandurras,Gigi,Magno Sant'Anna",Ivete Sangalo,"Abramus Digital Servicos De Identificacao De Repertorio Ltda Me,Carlos Magno De Santanna,Warner Chappell Edicoes Musicais Ltda",Performance,,,,,,,,,,,,True,artist_alias,Relatório UBEM - Canal Brasil
Palco Principal: Rock In Rio 2024 - Ivete Sangalo,2025-03-14 00:00:00,"Tá Solteira, Mas Não Tá Sozinha","Gigi,Ivete Sangalo,Radames Venancio,Samir Pereira",Ivete Sangalo,Warner Chappell Edicoes Musicais Ltda,Performance,,,,,,,,,,,,True,artist_alias,Relatório UBEM - Canal Brasil
Tô De Graça,2025-03-14 00:00:00,Pá Em Todo Mundo,"Dennis Dj,Gabriel Cantini",Dennis Dj,Sony Music Publishing Brazil Edicoes Musicais Ltda,Fundo Musical,,,,,,,,,,,,True,artist_alias,Relatório UBEM - Canal Brasil
Aquecimento Lollapalooza: Lollapalooza 2024 - Xamã,2025-03-15 00:00:00,Leão,Xamã,Xamã,"Associacao Defensora De Direitos Autorais (Addaf),Warner Chappell Edicoes Musicais Ltda",Performance,,,,,,,,,,,,True,artist_alias,Relatório UBEM - Canal Brasil
Aquecimento Lollapalooza: Lollapalooza 2024 - Xamã,2025-03-15 00:00:00,Malvadão 3,Xamã,Xamã,Associacao Defensora De Direitos Autorais (Addaf),Performance,,,,,,,,,,,,True,artist_alias,Relatório UBEM - Canal Brasil
Aquecimento Lollapalooza: Lollapalooza 2024 - Xamã,2025-03-15 00:00:00,Poesia Acústica #13,"Anna Ruth,Elana Dara,Geizon Fernandes,Lennon Frassetti,Lucas Malak,Luísa Sonza,Matheus De Araújo,Mauro Davi,Nathanael Cauã,Victor Hugo,Victor Lima",Xamã,"Universal Music Publishing Mgb Brasil Ltda,Unknown Publisher,Warner Chappell Edicoes Musicais Ltda",Performance,,,,,,,,,,,,True,artist_alias,Relatório UBEM - Canal Brasil
Aquecimento Lollapalooza: Lollapalooza 2024 - Xamã,2025-03-15 00:00:00,Poesia Acústica #6 - Era Uma Vez,"Azzy,Bob Do Contra,Dudu,Felipe Ret,Maquiny,Mc Cabelinho,Orochi,Salve Malak,Slim,Xamã",Xamã,"Associacao Defensora De Direitos Autorais (Addaf),Sony Music Publishing Brazil Edicoes Musicais Ltda,Universal Music Publishing Mgb Brasil Ltda,Unknown Publisher,Warner Chappell Edicoes Musicais Ltda",Performance,,,,,,,,,,,,True,artist_alias,Relatório UBEM - Canal Brasil
Aquecimento Lollapalooza: Lollapalooza 2024 - Xamã,2025-03-15 00:00:00,Poesia Acústica #9 - Melhor Forma,"Cesar Mc,Chris Mc,Djonga,Filipe Ret,L7Nnon,Lourena,Salve Malak,Xamã",Xamã,"Abramus Digital Servicos De Identificacao De Repertorio Ltda Me,Universal Music Publishing Mgb Brasil Ltda,Unknown Publisher,Warner Chappell Edicoes Musicais Ltda",Performance,,,,,,,,,,,,True,artist_alias,Relatório UBEM - Canal Brasil
Aquecimento Lollapalooza: Lollapalooza 2024 - Xamã,2025-03-15 00:00:00,Um Drink No Inferno,Geizon Carlos Da Cruz Fernandes,Xamã,Unknown Publisher,Performance,,,,,,,,,,,,True,artist_alias,Relatório UBEM - Canal Brasil
Experimente,2025-03-15 00:00:00,Dalasam,"Felipe Neo,Rico Dalasam",Rico Dalasam,"Unknown Publisher,Boa Musica Brasil Direitos Musicais Ltda",Performance,,,,,,,,,,,,True,artist_alias,Relatório UBEM - Canal Brasil
Experimente,2025-03-15 00:00:00,Deixa,"Felipe Neo,Rico Dalasam",Rico Dalasam,"Unknown Publisher,Boa Musica Brasil Direitos Musicais Ltda",Performance,,,,,,,,,,,,True,artist_alias,Relatório UBEM - Canal Brasil
Experimente,2025-03-15 00:00:00,Esse Close Eu Dei,"Felipe Neo,Rico Dalasam",Rico Dalasam,"Unknown Publisher,Boa Musica Brasil Direitos Musicais Ltda",Performance,,,,,,,,,,,,True,artist_alias,Relatório UBEM - Canal Brasil
Experimente,2025-03-15 00:00:00,Fogo Em Mim,"Mahal Pita,Rico Dalasam",Rico Dalasam,"Unknown Publisher,Boa Musica Brasil Direitos Musicais Ltda",Performance,,,,,,,,,,,,True,artist_alias,Relatório UBEM - Canal Brasil
Experimente,2025-03-15 00:00:00,Milimili,"Mahal Rosado Pita Oliveira (Mahal Pita),Rico Dalasam",Rico Dalasam,"Unknown Publisher,Boa Musica Brasil Direitos Musicais Ltda",Performance,,,,,,,,,,,,True,artist_alias,Relatório UBEM - Canal Brasil
Experimente,2025-03-15 00:00:00,Não Posso Esperar,"Felipe Neo,Rico Dalasam",Rico Dalasam,"Unknown Publisher,Boa Musica Brasil Direitos Musicais Ltda",Performance,,,,,,,,,,,,True,artist_alias,Relatório UBEM - Canal Brasil
Experimente,2025-03-15 00:00:00,Procure,"Felipe Neo,Rico Dalasam",Rico Dalasam,"Unknown Publisher,Boa Musica Brasil Direitos Musicais Ltda",Performance,,,,,,,,,,,,True,artist_alias,Relatório UBEM - Canal Brasil
Experimente,2025-03-15 00:00:00,Riquíssima,"Felipe Neo,Rico Dalasam",Rico Dalasam,"Unknown Publisher,Boa Musica Brasil Direitos Musicais Ltda",Performance,,,,,,,,,,,,True,artist_alias,Relatório UBEM - Canal Brasil
Experimente,2025-03-15 00:00:00,Todo Dia,"Dj Gorky,Maffalda,Rico Dalasam",Rico Dalasam,"Warner Chappell Edicoes Musicais Ltda,Boa Musica Brasil Direitos Musicais Ltda",Performance,,,,,,,,,,,,True,artist_alias,Relatório UBEM - Canal Brasil
Experimente,2025-03-15 00:00:00,Aceite-C Sample: O Mais Belo Dos Belos(A Verdade Do Ilê/o Charme Da Li,"Adailton Poesia,Guiguio,Rico Dalasam,Valter Farias",Rico Dalasam,"Universal Music Publishing Mgb Brasil Ltda,Boa Musica Brasil Direitos Musicais Ltda",Performance,,,,,,,,,,,,True,artist_alias,Relatório UBEM - Canal Brasil
Experimente,2025-03-15 00:00:00,Nortes,Rico Dalasam,Rico Dalasam,Boa Musica Brasil Direitos Musicais Ltda,Performance,,,,,,,,,,,,True,artist_alias,Relatório UBEM - Canal Brasil
Decora,2025-03-15 00:00:00,Pisando Descalço,Tales De Polli,Maneva,Universal Music Publishing Mgb Brasil Ltda,Fundo Musical Acervo,,,,,,,,,,,,True,artist_alias,Relatório UBEM - Canal Brasil
Olho Mágico - Reforma De Vizin,2025-03-15 00:00:00,Lembrança De Um Beijo,Accioly Neto,Fagner,"Nas Nuvens Catalog SA,Peermusic Do Brasil Edicoes Musicais Ltda",Fundo Musical Acervo,,,,,,,,,,,,True,artist_alias,Relatório UBEM - Canal Brasil
Olho Mágico - Reforma De Vizin,2025-03-15 00:00:00,Pedras Que Cantam,"Dominguinhos,Fausto Nilo",Fagner,"Sony Music Publishing Brazil Edicoes Musicais Ltda,Universal Music Publishing Mgb Brasil Ltda",Fundo Musical Acervo,,,,,,,,,,,,True,artist_alias,Relatório UBEM - Canal Brasil
Tô De Graça,2025-03-15 00:00:00,Pá Em Todo Mundo,"Dennis Dj,Gabriel Cantini",Dennis Dj,Sony Music Publishing Brazil Edicoes Musicais Ltda,Fundo Musical,,,,,,,,,,,,True,artist_alias,Relatório UBEM - Canal Brasil
Tô De Graça,2025-03-15 00:00:00,Arrocha Dos Cornos,Wagner Marinho De Santana,Dj Guuga,Sony Music Publishing Brazil Edicoes Musicais Ltda,Fundo Musical,,,,,,,,,,,,True,artist_alias,Relatório UBEM - Canal Brasil
Tô De Graça,2025-03-15 00:00:00,Debaixo Dos Caracóis Dos Seus Cabelos,"Erasmo Carlos,Roberto Carlos",Ivete Sangalo,Sony Music Publishing Brazil Edicoes Musicais Ltda,Fundo Musical,,,,,,,,,,,,True,artist_alias,Relatório UBEM - Canal Brasil
Experimente,2025-03-16 00:00:00,Dalasam,"Felipe Neo,Rico Dalasam",Rico Dalasam,"Unknown Publisher,Boa Musica Brasil Direitos Musicais Ltda",Performance,,,,,,,,,,,,True,artist_alias,Relatório UBEM - Canal Brasil
Experimente,2025-03-16 00:00:00,Deixa,"Felipe Neo,Rico Dalasam",Rico Dalasam,"Unknown Publisher,Boa Musica Brasil Direitos Musicais Ltda",Performance,,,,,,,,,,,,True,artist_alias,Relatório UBEM - Canal Brasil
Experimente,2025-03-16 00:00:00,Esse Close Eu Dei,"Felipe Neo,Rico Dalasam",Rico Dalasam,"Unknown Publisher,Boa Musica Brasil Direitos Musicais Ltda",Performance,,,,,,,,,,,,True,artist_alias,Relatório UBEM - Canal Brasil
Experimente,2025-03-16 00:00:00,Fogo Em Mim,"Mahal Pita,Rico Dalasam",Rico Dalasam,"Unknown Publisher,Boa Musica Brasil Direitos Musicais Ltda",Performance,,,,,,,,,,,,True,artist_alias,Relatório UBEM - Canal Brasil
Experimente,2025-03-16 00:00:00,Milimili,"Mahal Rosado Pita Oliveira (Mahal Pita),Rico Dalasam",Rico Dalasam,"Unknown Publisher,Boa Musica Brasil Direitos Musicais Ltda",Performance,,,,,,,,,,,,True,artist_alias,Relatório UBEM - Canal Brasil
Experimente,2025-03-16 00:00:00,Não Posso Esperar,"Felipe Neo,Rico Dalasam",Rico Dalasam,"Unknown Publisher,Boa Musica Brasil Direitos Musicais Ltda",Performance,,,,,,,,,,,,True,artist_alias,Relatório UBEM - Canal Brasil
Experimente,2025-03-16 00:00:00,Procure,"Felipe Neo,Rico Dalasam",Rico Dalasam,"Unknown Publisher,Boa Musica Brasil Direitos Musicais Ltda",Performance,,,,,,,,,,,,True,artist_alias,Relatório UBEM - Canal Brasil
Experimente,2025-03-16 00:00:00,Riquíssima,"Felipe Neo,Rico Dalasam",Rico Dalasam,"Unknown Publisher,Boa Musica Brasil Direitos Musicais Ltda",Performance,,,,,,,,,,,,True,artist_alias,Relatório UBEM - Canal Brasil
Experimente,2025-03-16 00:00:00,Todo Dia,"Dj Gorky,Maffalda,Rico Dalasam",Rico Dalasam,"Warner Chappell Edicoes Musicais Ltda,Boa Musica Brasil Direitos Musicais Ltda",Performance,,,,,,,,,,,,True,artist_alias,Relatório UBEM - Canal Brasil
Experimente,2025-03-16 00:00:00,Aceite-C Sample: O Mais Belo Dos Belos(A Verdade Do Ilê/o Charme Da Li,"Adailton Poesia,Guiguio,Rico Dalasam,Valter Farias",Rico Dalasam,"Universal Music Publishing Mgb Brasil Ltda,Boa Musica Brasil Direitos Musicais Ltda",Performance,,,,,,,,,,,,True,artist_alias,Relatório UBEM - Canal Brasil
Experimente,2025-03-16 00:00:00,Nortes,Rico Dalasam,Rico Dalasam,Boa Musica Brasil Direitos Musicais Ltda,Performance,,,,,,,,,,,,True,artist_alias,Relatório UBEM - Canal Brasil
Alma De Cozinheira,2025-03-16 00:00:00,Voltei Pra Mim,"Iuri Rio Branco,Marina Sena",Marina Sena,Boa Musica Brasil Direitos Musicais Ltda,Performance,,,,,,,,,,,,True,artist_alias,Relatório UBEM - Canal Brasil
Tô De Graça,2025-03-16 00:00:00,Pá Em Todo Mundo,"Dennis Dj,Gabriel Cantini",Dennis Dj,Sony Music Publishing Brazil Edicoes Musicais Ltda,Fundo Musical,,,,,,,,,,,,True,artist_alias,Relatório UBEM - Canal Brasil
Tô De Graça,2025-03-16 00:00:00,Arrocha Dos Cornos,Wagner Marinho De Santana,Dj Guuga,Sony Music Publishing Brazil Edicoes Musicais Ltda,Fundo Musical,,,,,,,,,,,,True,artist_alias,Relatório UBEM - Canal Brasil
Tô De Graça,2025-03-16 00:00:00,Debaixo Dos Caracóis Dos Seus Cabelos,"Erasmo Carlos,Roberto Carlos",Ivete Sangalo,Sony Music Publishing Brazil Edicoes Musicais Ltda,Fundo Musical,,,,,,,,,,,,True,artist_alias,Relatório UBEM - Canal Brasil
Avisa Lá Que Eu Vou,2025-03-17 00:00:00,Coração De Gelo,"Shalon Israel,Wiu",Wiu,Warner Chappell Edicoes Musicais Ltda,Fundo Musical,,,,,,,,,,,,True,artist_alias,Relatório UBEM - Canal Brasil
Tvz Ao Vivo,2025-03-17 00:00:00,Energia De Gostosa,"Ivete Sangalo,Lari Tavares,Luana Matos,Rafa Lemos,Tassia Morais",Ivete Sangalo,"Unknown Publisher,Warner Chappell Edicoes Musicais Ltda",Ao Vivo Performance,,,,,,,,,,,,True,artist_alias,Relatório UBEM - Canal Brasil
Alma De Cozinheira,2025-03-18 00:00:00,Voltei Pra Mim,"Iuri Rio Branco,Marina Sena",Marina Sena,Boa Musica Brasil Direitos Musicais Ltda,Performance,,,,,,,,,,,,True,artist_alias,Relatório UBEM - Canal Brasil
Mesacast BBB,2025-03-18 00:00:00,Energia De Gostosa,"Ivete Sangalo,Lari Tavares,Luana Matos,Rafa Lemos,Tassia Morais",Ivete Sangalo,"Unknown Publisher,Warner Chappell Edicoes Musicais Ltda",Ao Vivo Fundo Musical,,,,,,,,,,,,True,artist_alias,Relatório UBEM - Canal Brasil
Tvz,2025-03-18 00:00:00,Numa Ilha,"André Oliva,Janluska,Marina Sena,Matheus Bragança",Marina Sena,Boa Musica Brasil Direitos Musicais Ltda,Clipe Musical,,,,,,,,,,,,True,artist_alias,Relatório UBEM - Canal Brasil
Tvz Ao Vivo,2025-03-18 00:00:00,Energia De Gostosa,"Ivete Sangalo,Lari Tavares,Luana Matos,Rafa Lemos,Tassia Morais",Ivete Sangalo,"Unknown Publisher,Warner Chappell Edicoes Musicais Ltda",Performance,,,,,,,,,,,,True,artist_alias,Relatório UBEM - Canal Brasil
Alma De Cozinheira,2025-03-19 00:00:00,Banho De Folhas,"Emilie Lapa,Luedji Luna",Luedji Luna,Dubas Musica Ltda,Fundo Musical,,,,,,,,,,,,True,artist_alias,Relatório UBEM - Canal Brasil
Tvz,2025-03-19 00:00:00,Numa Ilha,"André Oliva,Janluska,Marina Sena,Matheus Bragança",Marina Sena,Boa Musica Brasil Direitos Musicais Ltda,Clipe Musical,,,,,,,,,,,,True,artist_alias,Relatório UBEM - Canal Brasil
Uma Vila De Novela,2025-03-19 00:00:00,As Novinhas Tão Sensacional,"Isidoro Ferreira De Figueiredo,Pablo Francisco Silva De Souza",Mc Romântico,Universal Music Publishing Mgb Brasil Ltda,Fundo Musical Acervo,,,,,,,,,,,,True,artist_alias,Relatório UBEM - Canal Brasil
Vai Que Cola,2025-03-19 00:00:00,Ombrim (Ai Que Delícia O Verão),"Marina De Oliveira Sena,Tales Yure Da Costa Ramos,Roniel Da Silva Bruno De Sousa,Mateus Lima De Araujo",Marina Sena,Boa Musica Brasil Direitos Musicais Ltda,Fundo Musical,,,,,,,,,,,,True,artist_alias,Relatório UBEM - Canal Brasil
Tô De Graça,2025-03-20 00:00:00,Tipo Gin,Mc Kevin O Chris,Kevin O Chris,Orb Music Rights Ltda,Fundo Musical,,,,,,,,,,,,True,artist_alias,Relatório UBEM - Canal Brasil
Tvz Ao Vivo,2025-03-20 00:00:00,O Verão Bateu Em Minha Porta,"Gigi Cerqueira,Ivete Sangalo,Radames Venancio,Samir Trindade",Ivete Sangalo,Warner Chappell Edicoes Musicais Ltda,Ao Vivo Performance,,,,,,,,,,,,True,artist_alias,Relatório UBEM - Canal Brasil
Tvz,2025-03-21 00:00:00,Rainha Da Finesse,Vinicius William Sales De Lima,Wiu,Warner Chappell Edicoes Musicais Ltda,Clipe Musical,,,,,,,,,,,,True,artist_alias,Relatório UBEM - Canal Brasil
Tvz Ao Vivo,2025-03-21 00:00:00,O Verão Bateu Em Minha Porta,"Gigi Cerqueira,Ivete Sangalo,Radames Venancio,Samir Trindade",Ivete Sangalo,Warner Chappell Edicoes Musicais Ltda,Performance,,,,,,,,,,,,True,artist_alias,Relatório UBEM - Canal Brasil
Uma Vila De Novela,2025-03-21 00:00:00,As Novinhas Tão Sensacional,"Isidoro Ferreira De Figueiredo,Pablo Francisco Silva De Souza",Mc Romântico,Universal Music Publishing Mgb Brasil Ltda,Fundo Musical Acervo,,,,,,,,,,,,True,artist_alias,Relatório UBEM - Canal Brasil
Alma De Cozinheira,2025-03-22 00:00:00,Banho De Folhas,"Emilie Lapa,Luedji Luna",Luedji Luna,Dubas Musica Ltda,Fundo Musical,,,,,,,,,,,,True,artist_alias,Relatório UBEM - Canal Brasil
Pode Entrar - Refúgios,2025-03-22 00:00:00,"Cananéia, Iguape E Ilha Comprida","Emicida,Nave",Emicida,"Sony Music Publishing Brazil Edicoes Musicais Ltda,Warner Chappell Edicoes Musicais Ltda",Fundo Musical,,,,,,,,,,,,True,artist_alias,Relatório UBEM - Canal Brasil
Tô De Graça,2025-03-22 00:00:00,Tipo Gin,Mc Kevin O Chris,Kevin O Chris,Orb Music Rights Ltda,Fundo Musical,,,,,,,,,,,,True,artist_alias,Relatório UBEM - Canal Brasil
Uma Vila De Novela,2025-03-22 00:00:00,As Novinhas Tão Sensacional,"Isidoro Ferreira De Figueiredo,Pablo Francisco Silva De Souza",Mc Romântico,Universal Music Publishing Mgb Brasil Ltda,Fundo Musical Acervo,,,,,,,,,,,,True,artist_alias,Relatório UBEM - Canal Brasil
Alma De Cozinheira,2025-03-23 00:00:00,Banho De Folhas,"Emilie Lapa,Luedji Luna",Luedji Luna,Dubas Musica Ltda,Fundo Musical,,,,,,,,,,,,True,artist_alias,Relatório UBEM - Canal Brasil
Tô De Graça,2025-03-23 00:00:00,Tipo Gin,Mc Kevin O Chris,Kevin O Chris,Orb Music Rights Ltda,Fundo Musical,,,,,,,,,,,,True,artist_alias,Relatório UBEM - Canal Brasil
Vai Que Cola,2025-03-23 00:00:00,Sinais De Fogo,"Ana Carolina,Totonho Villeroy",Ana Carolina,"Sony Music Publishing Brazil Edicoes Musicais Ltda,Universal Music Publishing Mgb Brasil Ltda",Performance Acervo,,,,,,,,,,,,True,artist_alias,Relatório UBEM - Canal Brasil
Versões,2025-03-24 00:00:00,Anjos (Pra Quem Tem Fé),"Marcelo Falcão,Tom Saboia",Cynthia Luz,"Humaita Edicoes Musicais Ltda Me,Warner Chappell Edicoes Musicais Ltda",Performance,,,,,,,,,,,,True,artist_alias,Relatório UBEM - Canal Brasil
Versões,2025-03-24 00:00:00,Essa Vista,"Cynthia Luz,Matheus Figueiredo",Cynthia Luz,"Universal Music Publishing Mgb Brasil Ltda,Unknown Publisher",Performance,,,,,,,,,,,,True,artist_alias,Relatório UBEM - Canal Brasil
Versões,2025-03-24 00:00:00,Farpa Cortante,"Lauro Farias,Marcelo Falcão,Marcelo Lobato,Marcos Lobato,Xandão",Cynthia Luz,"Unknown Publisher,Warner Chappell Edicoes Musicais Ltda",Performance,,,,,,,,,,,,True,artist_alias,Relatório UBEM - Canal Brasil
Versões,2025-03-24 00:00:00,Me Deixa,"Lauro Farias,Marcelo Falcão,Marcelo Lobato,Marcelo Yuka,Xandão",Cynthia Luz,Warner Chappell Edicoes Musicais Ltda,Performance,,,,,,,,,,,,True,artist_alias,Relatório UBEM - Canal Brasil
Versões,2025-03-24 00:00:00,O Que Sobrou Do Céu,"Lauro Farias,Marcelo Falcão,Marcelo Lobato,Marcelo Yuka,Xandão",Cynthia Luz,Warner Chappell Edicoes Musicais Ltda,Performance,,,,,,,,,,,,True,artist_alias,Relatório UBEM - Canal Brasil
Versões,2025-03-24 00:00:00,Rodo Cotidiano,"Lauro Farias,Marcelo Falcão,Marcelo Lobato,Marcos Lobato,Xandão",Cynthia Luz,"Humaita Edicoes Musicais Ltda Me,Warner Chappell Edicoes Musicais Ltda",Performance,,,,,,,,,,,,True,artist_alias,Relatório UBEM - Canal Brasil
Versões,2025-03-24 00:00:00,Sentimento,"Lux Ferreira,Marcela Vale",Cynthia Luz,"Boa Musica Brasil Direitos Musicais Ltda,Universal Music Publishing Mgb Brasil Ltda",Performance,,,,,,,,,,,,True,artist_alias,Relatório UBEM - Canal Brasil
Versões,2025-03-24 00:00:00,Súplica Cearense,"Gordurinha,Nelinho",Cynthia Luz,"Cap Music Edicoes Ltda Epp,Editora E Importadora Musical Fermata Do Brasil Ltda",Performance,,,,,,,,,,,,True,artist_alias,Relatório UBEM - Canal Brasil
"Mais Cor, Por Favor!",2025-03-24 00:00:00,Quando Eu Achar,"Gustavo Ruiz,Tulipa Ruiz",Tulipa Ruiz,Warner Chappell Edicoes Musicais Ltda,Fundo Musical Acervo,,,,,,,,,,,,True,artist_alias,Relatório UBEM - Canal Brasil
Tempero De Família,2025-03-24 00:00:00,Pro Dia Nascer Feliz,"Cazuza,Roberto Frejat",Rodrigo Santos,Warner Chappell Edicoes Musicais Ltda,Performance Acervo,,,,,,,,,,,,True,artist_alias,Relatório UBEM - Canal Brasil
Tvz,2025-03-24 00:00:00,Rainha Da Finesse,Vinicius William Sales De Lima,Wiu,Warner Chappell Edicoes Musicais Ltda,Clipe Musical,,,,,,,,,,,,True,artist_alias,Relatório UBEM - Canal Brasil
Tvz Ao Vivo,2025-03-24 00:00:00,Acorda Pedrinho,"Bernardo Crisostomo Pasquali,Bernardo Derviche Hey,Gabriel Dunajski Mendes,Gustavo Pimentel Karam,Rafael Dunajski Mendes",Jovem Dionísio,Warner Chappell Edicoes Musicais Ltda,Ao Vivo Performance,,,,,,,,,,,,True,artist_alias,Relatório UBEM - Canal Brasil
Tvz Ao Vivo,2025-03-24 00:00:00,Idiota,"Jão,Pedro Tofani,Zebu",Jão,"Universal Music Publishing Mgb Brasil Ltda,Warner Chappell Edicoes Musicais Ltda",Ao Vivo Performance,,,,,,,,,,,,True,artist_alias,Relatório UBEM - Canal Brasil
Setlist,2025-03-25 00:00:00,Ambição,"Cristal,Nagalli,Wey",Cristal,"Unknown Publisher,Universal Music Publishing Mgb Brasil Ltda,Bmg Rights Management Brasil Ltda",Clipe Musical,,,,,,,,,,,,True,artist_alias,Relatório UBEM - Canal Brasil
Versões,2025-03-25 00:00:00,Anjos (Pra Quem Tem Fé),"Marcelo Falcão,Tom Saboia",Cynthia Luz,"Humaita Edicoes Musicais Ltda Me,Warner Chappell Edicoes Musicais Ltda",Performance,,,,,,,,,,,,True,artist_alias,Relatório UBEM - Canal Brasil
Versões,2025-03-25 00:00:00,Essa Vista,"Cynthia Luz,Matheus Figueiredo",Cynthia Luz,"Universal Music Publishing Mgb Brasil Ltda,Unknown Publisher",Performance,,,,,,,,,,,,True,artist_alias,Relatório UBEM - Canal Brasil
Versões,2025-03-25 00:00:00,Farpa Cortante,"Lauro Farias,Marcelo Falcão,Marcelo Lobato,Marcos Lobato,Xandão",Cynthia Luz,"Unknown Publisher,Warner Chappell Edicoes Musicais Ltda",Performance,,,,,,,,,,,,True,artist_alias,Relatório UBEM - Canal Brasil
Versões,2025-03-25 00:00:00,Me Deixa,"Lauro Farias,Marcelo Falcão,Marcelo Lobato,Marcelo Yuka,Xandão",Cynthia Luz,Warner Chappell Edicoes Musicais Ltda,Performance,,,,,,,,,,,,True,artist_alias,Relatório UBEM - Canal Brasil
Versões,2025-03-25 00:00:00,O Que Sobrou Do Céu,"Lauro Farias,Marcelo Falcão,Marcelo Lobato,Marcelo Yuka,Xandão",Cynthia Luz,Warner Chappell Edicoes Musicais Ltda,Performance,,,,,,,,,,,,True,artist_alias,Relatório UBEM - Canal Brasil
Versões,2025-03-25 00:00:00,Rodo Cotidiano,"Lauro Farias,Marcelo Falcão,Marcelo Lobato,Marcos Lobato,Xandão",Cynthia Luz,"Humaita Edicoes Musicais Ltda Me,Warner Chappell Edicoes Musicais Ltda",Performance,,,,,,,,,,,,True,artist_alias,Relatório UBEM - Canal Brasil
Versões,2025-03-25 00:00:00,Sentimento,"Lux Ferreira,Marcela Vale",Cynthia Luz,"Boa Musica Brasil Direitos Musicais Ltda,Universal Music Publishing Mgb Brasil Ltda",Performance,,,,,,,,,,,,True,artist_alias,Relatório UBEM - Canal Brasil
Versões,2025-03-25 00:00:00,Súplica Cearense,"Gordurinha,Nelinho",Cynthia Luz,"Cap Music Edicoes Ltda Epp,Editora E Importadora Musical Fermata Do Brasil Ltda",Performance,,,,,,,,,,,,True,artist_alias,Relatório UBEM - Canal Brasil
Alma De Cozinheira,2025-03-25 00:00:00,Banho De Folhas,"Emilie Lapa,Luedji Luna",Luedji Luna,Dubas Musica Ltda,Fundo Musical,,,,,,,,,,,,True,artist_alias,Relatório UBEM - Canal Brasil
Pode Entrar - Refúgios,2025-03-25 00:00:00,"Cananéia, Iguape E Ilha Comprida","Emicida,Nave",Emicida,"Sony Music Publishing Brazil Edicoes Musicais Ltda,Warner Chappell Edicoes Musicais Ltda",Fundo Musical,,,,,,,,,,,,True,artist_alias,Relatório UBEM - Canal Brasil
Mesacast BBB,2025-03-25 00:00:00,Eu Sou Uma Árvore Bonita,"Francois Muleka,Luedji Luna",Luedji Luna,Dubas Musica Ltda,Ao Vivo Fundo Musical,,,,,,,,,,,,True,artist_alias,Relatório UBEM - Canal Brasil
Mesacast BBB,2025-03-25 00:00:00,O Mundo Vai,"Gigi,Ivete Sangalo,Radames Venancio,Ramon Cruz,Samir Pereira,Tierry",Ivete Sangalo,"Universal Music Publishing Mgb Brasil Ltda,Unknown Publisher,Warner Chappell Edicoes Musicais Ltda",Ao Vivo Fundo Musical,,,,,,,,,,,,True,artist_alias,Relatório UBEM - Canal Brasil
Tvz Ao Vivo,2025-03-25 00:00:00,Acorda Pedrinho,"Bernardo Crisostomo Pasquali,Bernardo Derviche Hey,Gabriel Dunajski Mendes,Gustavo Pimentel Karam,Rafael Dunajski Mendes",Jovem Dionísio,Warner Chappell Edicoes Musicais Ltda,Performance,,,,,,,,,,,,True,artist_alias,Relatório UBEM - Canal Brasil
Tvz Ao Vivo,2025-03-25 00:00:00,Idiota,"Jão,Pedro Tofani,Zebu",Jão,"Universal Music Publishing Mgb Brasil Ltda,Warner Chappell Edicoes Musicais Ltda",Performance,,,,,,,,,,,,True,artist_alias,Relatório UBEM - Canal Brasil
Mulheres Do Brasil - Ana Carolina,2025-03-26 00:00:00,Bang Bang,"Ana Carolina,Rodrigo Pitta",Ana Carolina,Sony Music Publishing Brazil Edicoes Musicais Ltda,Performance Acervo,,,,,,,,,,,,True,artist_alias,Relatório UBEM - Canal Brasil
Mulheres Do Brasil - Ana Carolina,2025-03-26 00:00:00,Canção Pra Ti,"Ana Carolina,Carlos Renno,Moreno Veloso",Ana Carolina,"Sony Music Publishing Brazil Edicoes Musicais Ltda,Zb Producoes Artisticas Ltda Me",Fundo Musical Acervo,,,,,,,,,,,,True,artist_alias,Relatório UBEM - Canal Brasil
Mulheres Do Brasil - Ana Carolina,2025-03-26 00:00:00,"Canção Tocou Na Hora Errada, A",Ana Carolina,Ana Carolina,Sony Music Publishing Brazil Edicoes Musicais Ltda,Performance Acervo,,,,,,,,,,,,True,artist_alias,Relatório UBEM - Canal Brasil
Mulheres Do Brasil - Ana Carolina,2025-03-26 00:00:00,Carvão,Ana Carolina,Ana Carolina,Sony Music Publishing Brazil Edicoes Musicais Ltda,Performance Acervo,,,,,,,,,,,,True,artist_alias,Relatório UBEM - Canal Brasil
Mulheres Do Brasil - Ana Carolina,2025-03-26 00:00:00,Combustível,"Ana Carolina,Eduardo Krieger",Ana Carolina,"Sony Music Publishing Brazil Edicoes Musicais Ltda,Warner Chappell Edicoes Musicais Ltda",Performance Acervo,,,,,,,,,,,,True,artist_alias,Relatório UBEM - Canal Brasil
Mulheres Do Brasil - Ana Carolina,2025-03-26 00:00:00,Garganta,Totonho Villeroy,Ana Carolina,Universal Music Publishing Mgb Brasil Ltda,Fundo Musical Acervo,,,,,,,,,,,,True,artist_alias,Relatório UBEM - Canal Brasil
Mulheres Do Brasil - Ana Carolina,2025-03-26 00:00:00,Leveza De Valsa,"Ana Carolina,Guinga",Ana Carolina,Sony Music Publishing Brazil Edicoes Musicais Ltda,Performance Acervo,,,,,,,,,,,,True,artist_alias,Relatório UBEM - Canal Brasil
Mulheres Do Brasil - Ana Carolina,2025-03-26 00:00:00,Resposta Da Rita (Incidental: A Rita),"Ana Carolina,Chico Buarque,Edu Krieger",Ana Carolina,"Marola Edicoes Musicais Ltda,Sony Music Publishing Brazil Edicoes Musicais Ltda,Warner Chappell Edicoes Musicais Ltda",Performance Acervo,,,,,,,,,,,,True,artist_alias,Relatório UBEM - Canal Brasil
Mulheres Do Brasil - Ana Carolina,2025-03-26 00:00:00,Retrato Em Branco E Preto,"Chico Buarque,Tom Jobim",Ana Carolina,"Jobim Music Ltda,Marola Edicoes Musicais Ltda",Fundo Musical Acervo,,,,,,,,,,,,True,artist_alias,Relatório UBEM - Canal Brasil
Setlist,2025-03-26 00:00:00,Ambição,"Cristal,Nagalli,Wey",Cristal,"Unknown Publisher,Universal Music Publishing Mgb Brasil Ltda,Bmg Rights Management Brasil Ltda",Clipe Musical,,,,,,,,,,,,True,artist_alias,Relatório UBEM - Canal Brasil
Mesacast BBB,2025-03-26 00:00:00,Energia De Gostosa,"Ivete Sangalo,Lari Tavares,Luana Matos,Rafa Lemos,Tassia Morais",Ivete Sangalo,"Unknown Publisher,Warner Chappell Edicoes Musicais Ltda",Ao Vivo Fundo Musical,,,,,,,,,,,,True,artist_alias,Relatório UBEM - Canal Brasil
Vai Que Cola,2025-03-26 00:00:00,Sinais De Fogo,"Ana Carolina,Totonho Villeroy",Ana Carolina,"Sony Music Publishing Brazil Edicoes Musicais Ltda,Universal Music Publishing Mgb Brasil Ltda",Performance Acervo,,,,,,,,,,,,True,artist_alias,Relatório UBEM - Canal Brasil
Mulheres Do Brasil - Ana Carolina,2025-03-27 00:00:00,Bang Bang,"Ana Carolina,Rodrigo Pitta",Ana Carolina,Sony Music Publishing Brazil Edicoes Musicais Ltda,Performance Acervo,,,,,,,,,,,,True,artist_alias,Relatório UBEM - Canal Brasil
Mulheres Do Brasil - Ana Carolina,2025-03-27 00:00:00,Canção Pra Ti,"Ana Carolina,Carlos Renno,Moreno Veloso",Ana Carolina,"Sony Music Publishing Brazil Edicoes Musicais Ltda,Zb Producoes Artisticas Ltda Me",Fundo Musical Acervo,,,,,,,,,,,,True,artist_alias,Relatório UBEM - Canal Brasil
Mulheres Do Brasil - Ana Carolina,2025-03-27 00:00:00,"Canção Tocou Na Hora Errada, A",Ana Carolina,Ana Carolina,Sony Music Publishing Brazil Edicoes Musicais Ltda,Performance Acervo,,,,,,,,,,,,True,artist_alias,Relatório UBEM - Canal Brasil
Mulheres Do Brasil - Ana Carolina,2025-03-27 00:00:00,Carvão,Ana Carolina,Ana Carolina,Sony Music Publishing Brazil Edicoes Musicais Ltda,Performance Acervo,,,,,,,,,,,,True,artist_alias,Relatório UBEM - Canal Brasil
Mulheres Do Brasil - Ana Carolina,2025-03-27 00:00:00,Combustível,"Ana Carolina,Eduardo Krieger",Ana Carolina,"Sony Music Publishing Brazil Edicoes Musicais Ltda,Warner Chappell Edicoes Musicais Ltda",Performance Acervo,,,,,,,,,,,,True,artist_alias,Relatório UBEM - Canal Brasil
Mulheres Do Brasil - Ana Carolina,2025-03-27 00:00:00,Garganta,Totonho Villeroy,Ana Carolina,Universal Music Publishing Mgb Brasil Ltda,Fundo Musical Acervo,,,,,,,,,,,,True,artist_alias,Relatório UBEM - Canal Brasil
Mulheres Do Brasil - Ana Carolina,2025-03-27 00:00:00,Leveza De Valsa,"Ana Carolina,Guinga",Ana Carolina,Sony Music Publishing Brazil Edicoes Musicais Ltda,Performance Acervo,,,,,,,,,,,,True,artist_alias,Relatório UBEM - Canal Brasil
Mulheres Do Brasil - Ana Carolina,2025-03-27 00:00:00,Resposta Da Rita (Incidental: A Rita),"Ana Carolina,Chico Buarque,Edu Krieger",Ana Carolina,"Marola Edicoes Musicais Ltda,Sony Music Publishing Brazil Edicoes Musicais Ltda,Warner Chappell Edicoes Musicais Ltda",Performance Acervo,,,,,,,,,,,,True,artist_alias,Relatório UBEM - Canal Brasil
Mulheres Do Brasil - Ana Carolina,2025-03-27 00:00:00,Retrato Em Branco E Preto,"Chico Buarque,Tom Jobim",Ana Carolina,"Jobim Music Ltda,Marola Edicoes Musicais Ltda",Fundo Musical Acervo,,,,,,,,,,,,True,artist_alias,Relatório UBEM - Canal Brasil
Pode Entrar - Refúgios,2025-03-27 00:00:00,"Cananéia, Iguape E Ilha Comprida","Emicida,Nave",Emicida,"Sony Music Publishing Brazil Edicoes Musicais Ltda,Warner Chappell Edicoes Musicais Ltda",Fundo Musical,,,,,,,,,,,,True,artist_alias,Relatório UBEM - Canal Brasil
Vai Que Cola,2025-03-27 00:00:00,Sinais De Fogo,"Ana Carolina,Totonho Villeroy",Ana Carolina,"Sony Music Publishing Brazil Edicoes Musicais Ltda,Universal Music Publishing Mgb Brasil Ltda",Performance Acervo,,,,,,,,,,,,True,artist_alias,Relatório UBEM - Canal Brasil
Lollapalooza 2025 - Jovem Dionísio,2025-03-28 00:00:00,Algum Ritmo,"Bernardo Crisostomo Pasquali,Bernardo Derviche Hey,Francisco Gill,Gabriel Dunajski Mendes,Gustavo Pimentel Karam,José Gil,João Gil,Rafael Dunajski Mendes",Jovem Dionisio,Unknown Publisher,Ao Vivo Performance,,,,,,,,,,,,True,artist_alias,Relatório UBEM - Canal Brasil
Lollapalooza 2025 - Jovem Dionísio,2025-03-28 00:00:00,Belnini,"Bernardo Crisostomo Pasquali,Bernardo Derviche Hey,Gabriel Dunajski Mendes,Gustavo Pimentel Karam,Rafael Dunajski Mendes",Jovem Dionisio,Unknown Publisher,Ao Vivo Performance,,,,,,,,,,,,True,artist_alias,Relatório UBEM - Canal Brasil
Lollapalooza 2025 - Jovem Dionísio,2025-03-28 00:00:00,Cê Me Viu Ontem,"Bernardo Crisostomo Pasquali,Bernardo Derviche Hey,Gabriel Dunajski Mendes,Gustavo Pimentel Karam,Rafael Dunajski Mendes",Jovem Dionisio,Unknown Publisher,Ao Vivo Performance,,,,,,,,,,,,True,artist_alias,Relatório UBEM - Canal Brasil
Lollapalooza 2025 - Jovem Dionísio,2025-03-28 00:00:00,Neste Contexto,"Bernardo Crisostomo Pasquali,Bernardo Derviche Hey,Gabriel Dunajski Mendes,Gustavo Pimentel Karam,Rafael Dunajski Mendes",Jovem Dionisio,Unknown Publisher,Ao Vivo Performance,,,,,,,,,,,,True,artist_alias,Relatório UBEM - Canal Brasil
Lollapalooza 2025 - Jovem Dionísio,2025-03-28 00:00:00,Não Dá Mais,"Bernardo Crisostomo Pasquali,Bernardo Derviche Hey,Gabriel Dunajski Mendes,Gustavo Pimentel Karam,Rafael Dunajski Mendes",Jovem Dionisio,Unknown Publisher,Ao Vivo Performance,,,,,,,,,,,,True,artist_alias,Relatório UBEM - Canal Brasil
Lollapalooza 2025 - Jovem Dionísio,2025-03-28 00:00:00,Passeando No Seu Jeito,"Bernardo Crisostomo Pasquali,Bernardo Derviche Hey,Gabriel Dunajski Mendes,Gustavo Pimentel Karam,Paulo Leminski,Rafael Dunajski Mendes",Jovem Dionisio,Unknown Publisher,Ao Vivo Performance,,,,,,,,,,,,True,artist_alias,Relatório UBEM - Canal Brasil
Lollapalooza 2025 - Jovem Dionísio,2025-03-28 00:00:00,Pastel,"Bernardo Crisostomo Pasquali,Bernardo Derviche Hey,Gabriel Dunajski Mendes,Gustavo Pimentel Karam,Rafael Dunajski Mendes",Jovem Dionisio,Unknown Publisher,Ao Vivo Performance,,,,,,,,,,,,True,artist_alias,Relatório UBEM - Canal Brasil
Lollapalooza 2025 - Jovem Dionísio,2025-03-28 00:00:00,Por Dentro E Por Fora,"Bernardo Crisostomo Pasquali,Bernardo Derviche Hey,Gabriel Dunajski Mendes,Gustavo Pimentel Karam,Rafael Dunajski Mendes",Jovem Dionisio,Unknown Publisher,Ao Vivo Performance,,,,,,,,,,,,True,artist_alias,Relatório UBEM - Canal Brasil
Lollapalooza 2025 - Jovem Dionísio,2025-03-28 00:00:00,Tô Bem,"Bernardo Crisostomo Pasquali,Bernardo Derviche Hey,Gabriel Dunajski Mendes,Gustavo Pimentel Karam,Rafael Dunajski Mendes",Jovem Dionisio,Warner Chappell Edicoes Musicais Ltda,Ao Vivo Performance,,,,,,,,,,,,True,artist_alias,Relatório UBEM - Canal Brasil
Lollapalooza 2025 - Jovem Dionísio,2025-03-28 00:00:00,"É Preciso Dar Um Jeito, Meu Amigo","Erasmo Carlos,Roberto Carlos",Jovem Dionisio,Unknown Publisher,Ao Vivo Performance,,,,,,,,,,,,True,artist_alias,Relatório UBEM - Canal Brasil
Setlist,2025-03-28 00:00:00,O Verão Bateu Em Minha Porta,"Gigi Cerqueira,Ivete Sangalo,Radames Venancio,Samir Trindade",Ivete Sangalo,Warner Chappell Edicoes Musicais Ltda,Clipe Musical,,,,,,,,,,,,True,artist_alias,Relatório UBEM - Canal Brasil
Versões,2025-03-28 00:00:00,Anjos (Pra Quem Tem Fé),"Marcelo Falcão,Tom Saboia",Cynthia Luz,"Humaita Edicoes Musicais Ltda Me,Warner Chappell Edicoes Musicais Ltda",Performance,,,,,,,,,,,,True,artist_alias,Relatório UBEM - Canal Brasil
Versões,2025-03-28 00:00:00,Essa Vista,"Cynthia Luz,Matheus Figueiredo",Cynthia Luz,"Universal Music Publishing Mgb Brasil Ltda,Unknown Publisher",Performance,,,,,,,,,,,,True,artist_alias,Relatório UBEM - Canal Brasil
Versões,2025-03-28 00:00:00,Farpa Cortante,"Lauro Farias,Marcelo Falcão,Marcelo Lobato,Marcos Lobato,Xandão",Cynthia Luz,"Unknown Publisher,Warner Chappell Edicoes Musicais Ltda",Performance,,,,,,,,,,,,True,artist_alias,Relatório UBEM - Canal Brasil
Versões,2025-03-28 00:00:00,Me Deixa,"Lauro Farias,Marcelo Falcão,Marcelo Lobato,Marcelo Yuka,Xandão",Cynthia Luz,Warner Chappell Edicoes Musicais Ltda,Performance,,,,,,,,,,,,True,artist_alias,Relatório UBEM - Canal Brasil
Versões,2025-03-28 00:00:00,O Que Sobrou Do Céu,"Lauro Farias,Marcelo Falcão,Marcelo Lobato,Marcelo Yuka,Xandão",Cynthia Luz,Warner Chappell Edicoes Musicais Ltda,Performance,,,,,,,,,,,,True,artist_alias,Relatório UBEM - Canal Brasil
Versões,2025-03-28 00:00:00,Rodo Cotidiano,"Lauro Farias,Marcelo Falcão,Marcelo Lobato,Marcos Lobato,Xandão",Cynthia Luz,"Humaita Edicoes Musicais Ltda Me,Warner Chappell Edicoes Musicais Ltda",Performance,,,,,,,,,,,,True,artist_alias,Relatório UBEM - Canal Brasil
Versões,2025-03-28 00:00:00,Sentimento,"Lux Ferreira,Marcela Vale",Cynthia Luz,"Boa Musica Brasil Direitos Musicais Ltda,Universal Music Publishing Mgb Brasil Ltda",Performance,,,,,,,,,,,,True,artist_alias,Relatório UBEM - Canal Brasil
Versões,2025-03-28 00:00:00,Súplica Cearense,"Gordurinha,Nelinho",Cynthia Luz,"Cap Music Edicoes Ltda Epp,Editora E Importadora Musical Fermata Do Brasil Ltda",Performance,,,,,,,,,,,,True,artist_alias,Relatório UBEM - Canal Brasil
Lollapalooza 2025 - Jão,2025-03-28 00:00:00,Acidente,"Jão,Pedro Tofani,Zebu",Jão,Unknown Publisher,Ao Vivo Performance,,,,,,,,,,,,True,artist_alias,Relatório UBEM - Canal Brasil
Lollapalooza 2025 - Jão,2025-03-28 00:00:00,Acontece,"Jão,Pedro Tofani",Jão,Universal Music Publishing Mgb Brasil Ltda,Ao Vivo Performance,,,,,,,,,,,,True,artist_alias,Relatório UBEM - Canal Brasil
Lollapalooza 2025 - Jão,2025-03-28 00:00:00,Alinhamento Milenar,"Jão,Pedro Tofani,Zebu",Jão,"Universal Music Publishing Mgb Brasil Ltda,Warner Chappell Edicoes Musicais Ltda",Ao Vivo Performance,,,,,,,,,,,,True,artist_alias,Relatório UBEM - Canal Brasil
Lollapalooza 2025 - Jão,2025-03-28 00:00:00,Amor Pirata,"Arthur Marques,Jão,Pedro Tófani,Zebu",Jão,"Universal Music Publishing Mgb Brasil Ltda,Warner Chappell Edicoes Musicais Ltda",Ao Vivo Performance,,,,,,,,,,,,True,artist_alias,Relatório UBEM - Canal Brasil
Lollapalooza 2025 - Jão,2025-03-28 00:00:00,Essa Eu Fiz Pro Nosso Amor,"Danilo Valbusa,Jão,Marcelinho Ferraz,Pedro Dash,Pedro Tofani",Jão,Universal Music Publishing Mgb Brasil Ltda,Ao Vivo Performance,,,,,,,,,,,,True,artist_alias,Relatório UBEM - Canal Brasil
Lollapalooza 2025 - Jão,2025-03-28 00:00:00,Idiota,"Jão,Pedro Tofani,Zebu",Jão,"Universal Music Publishing Mgb Brasil Ltda,Warner Chappell Edicoes Musicais Ltda",Ao Vivo Performance,,,,,,,,,,,,True,artist_alias,Relatório UBEM - Canal Brasil
Lollapalooza 2025 - Jão,2025-03-28 00:00:00,Linger,"Dolores O'Riordan,Noel Hogan",Jão,"Universal Music Publishing Mgb Brasil Ltda,Unknown Publisher,Warner Chappell Edicoes Musicais Ltda",Ao Vivo Performance,,,,,,,,,,,,True,artist_alias,Relatório UBEM - Canal Brasil
Lollapalooza 2025 - Jão,2025-03-28 00:00:00,Me Lambe,"Andre Murilo Da Silva,Guilherme Santos Pereira,Jose Henrique Castanho De Godoy Pinheiro,João Vitor Romania Balbino,Pedro Tófani",Jão,"Bmg Rights Management Brasil Ltda,Universal Music Publishing Mgb Brasil Ltda,Warner Chappell Edicoes Musicais Ltda",Ao Vivo Performance,,,,,,,,,,,,True,artist_alias,Relatório UBEM - Canal Brasil
Lollapalooza 2025 - Jão,2025-03-28 00:00:00,Meninos E Meninas,Jão,Jão,Universal Music Publishing Mgb Brasil Ltda,Ao Vivo Performance,,,,,,,,,,,,True,artist_alias,Relatório UBEM - Canal Brasil
Lollapalooza 2025 - Jão,2025-03-28 00:00:00,Não Te Amo,"Jão,Pedro Tófani,Zebu",Jão,"Universal Music Publishing Mgb Brasil Ltda,Warner Chappell Edicoes Musicais Ltda",Ao Vivo Performance,,,,,,,,,,,,True,artist_alias,Relatório UBEM - Canal Brasil
Lollapalooza 2025 - Jão,2025-03-28 00:00:00,Nota De Voz 8,"Jão,Los Brasileros",Jão,Unknown Publisher,Ao Vivo Performance,,,,,,,,,,,,True,artist_alias,Relatório UBEM - Canal Brasil
Lollapalooza 2025 - Jão,2025-03-28 00:00:00,O Triste É Que Eu Te Amo,"Björn Yttling,John Eriksson,Jão,Pedro Tofani,Peter Morén,Zebu",Jão,"Sony Music Publishing Brazil Edicoes Musicais Ltda,Universal Music Publishing Mgb Brasil Ltda,Warner Chappell Edicoes Musicais Ltda",Ao Vivo Performance,,,,,,,,,,,,True,artist_alias,Relatório UBEM - Canal Brasil
Lollapalooza 2025 - Jão,2025-03-28 00:00:00,Religião,"Jão,Zebu",Jão,Unknown Publisher,Ao Vivo Performance,,,,,,,,,,,,True,artist_alias,Relatório UBEM - Canal Brasil
Lollapalooza 2025 - Jão,2025-03-28 00:00:00,Santo,"Jão,Pedro Tofani,Zebu",Jão,"Universal Music Publishing Mgb Brasil Ltda,Warner Chappell Edicoes Musicais Ltda",Ao Vivo Performance,,,,,,,,,,,,True,artist_alias,Relatório UBEM - Canal Brasil
Lollapalooza 2025 - Jão,2025-03-28 00:00:00,"Se O Problema Era Você, Por Que Doeu Em Mim?","Jão,Pedro Tofani,Zebu",Jão,"Universal Music Publishing Mgb Brasil Ltda,Warner Chappell Edicoes Musicais Ltda",Ao Vivo Performance,,,,,,,,,,,,True,artist_alias,Relatório UBEM - Canal Brasil
Mulheres Do Brasil - Ana Carolina,2025-03-29 00:00:00,Bang Bang,"Ana Carolina,Rodrigo Pitta",Ana Carolina,Sony Music Publishing Brazil Edicoes Musicais Ltda,Performance Acervo,,,,,,,,,,,,True,artist_alias,Relatório UBEM - Canal Brasil
Mulheres Do Brasil - Ana Carolina,2025-03-29 00:00:00,Canção Pra Ti,"Ana Carolina,Carlos Renno,Moreno Veloso",Ana Carolina,"Sony Music Publishing Brazil Edicoes Musicais Ltda,Zb Producoes Artisticas Ltda Me",Fundo Musical Acervo,,,,,,,,,,,,True,artist_alias,Relatório UBEM - Canal Brasil
Mulheres Do Brasil - Ana Carolina,2025-03-29 00:00:00,"Canção Tocou Na Hora Errada, A",Ana Carolina,Ana Carolina,Sony Music Publishing Brazil Edicoes Musicais Ltda,Performance Acervo,,,,,,,,,,,,True,artist_alias,Relatório UBEM - Canal Brasil
Mulheres Do Brasil - Ana Carolina,2025-03-29 00:00:00,Carvão,Ana Carolina,Ana Carolina,Sony Music Publishing Brazil Edicoes Musicais Ltda,Performance Acervo,,,,,,,,,,,,True,artist_alias,Relatório UBEM - Canal Brasil
Mulheres Do Brasil - Ana Carolina,2025-03-29 00:00:00,Combustível,"Ana Carolina,Eduardo Krieger",Ana Carolina,"Sony Music Publishing Brazil Edicoes Musicais Ltda,Warner Chappell Edicoes Musicais Ltda",Performance Acervo,,,,,,,,,,,,True,artist_alias,Relatório UBEM - Canal Brasil
Mulheres Do Brasil - Ana Carolina,2025-03-29 00:00:00,Garganta,Totonho Villeroy,Ana Carolina,Universal Music Publishing Mgb Brasil Ltda,Fundo Musical Acervo,,,,,,,,,,,,True,artist_alias,Relatório UBEM - Canal Brasil
Mulheres Do Brasil - Ana Carolina,2025-03-29 00:00:00,Leveza De Valsa,"Ana Carolina,Guinga",Ana Carolina,Sony Music Publishing Brazil Edicoes Musicais Ltda,Performance Acervo,,,,,,,,,,,,True,artist_alias,Relatório UBEM - Canal Brasil
Mulheres Do Brasil - Ana Carolina,2025-03-29 00:00:00,Resposta Da Rita (Incidental: A Rita),"Ana Carolina,Chico Buarque,Edu Krieger",Ana Carolina,"Marola Edicoes Musicais Ltda,Sony Music Publishing Brazil Edicoes Musicais Ltda,Warner Chappell Edicoes Musicais Ltda",Performance Acervo,,,,,,,,,,,,True,artist_alias,Relatório UBEM - Canal Brasil
Mulheres Do Brasil - Ana Carolina,2025-03-29 00:00:00,Retrato Em Branco E Preto,"Chico Buarque,Tom Jobim",Ana Carolina,"Jobim Music Ltda,Marola Edicoes Musicais Ltda",Fundo Musical Acervo,,,,,,,,,,,,True,artist_alias,Relatório UBEM - Canal Brasil
"Mais Cor, Por Favor!",2025-03-29 00:00:00,Quando Eu Achar,"Gustavo Ruiz,Tulipa Ruiz",Tulipa Ruiz,Warner Chappell Edicoes Musicais Ltda,Fundo Musical Acervo,,,,,,,,,,,,True,artist_alias,Relatório UBEM - Canal Brasil
Lollapalooza 2025 - Marina Peralta,2025-03-30 00:00:00,Gente De Bem,Marina Peralta,Marina Peralta,Unknown Publisher,Ao Vivo Performance,,,,,,,,,,,,True,artist_alias,Relatório UBEM - Canal Brasil
Lollapalooza 2025 - Marina Peralta,2025-03-30 00:00:00,Heavenless,Justin Axelrode,Marina Peralta,Unknown Publisher,Ao Vivo Performance,,,,,,,,,,,,True,artist_alias,Relatório UBEM - Canal Brasil
Lollapalooza 2025 - Marina Peralta,2025-03-30 00:00:00,Luz / More Light,Marina Peralta,Marina Peralta,Unknown Publisher,Ao Vivo Performance,,,,,,,,,,,,True,artist_alias,Relatório UBEM - Canal Brasil
Lollapalooza 2025 - Marina Peralta,2025-03-30 00:00:00,"Novidade, A","Felipe Ribeiro,Gilberto Gil,Herbert Vianna,João Barone",Marina Peralta,Unknown Publisher,Ao Vivo Performance,,,,,,,,,,,,True,artist_alias,Relatório UBEM - Canal Brasil
Versões,2025-03-30 00:00:00,Anjos (Pra Quem Tem Fé),"Marcelo Falcão,Tom Saboia",Cynthia Luz,"Humaita Edicoes Musicais Ltda Me,Warner Chappell Edicoes Musicais Ltda",Performance,,,,,,,,,,,,True,artist_alias,Relatório UBEM - Canal Brasil
Versões,2025-03-30 00:00:00,Essa Vista,"Cynthia Luz,Matheus Figueiredo",Cynthia Luz,"Universal Music Publishing Mgb Brasil Ltda,Unknown Publisher",Performance,,,,,,,,,,,,True,artist_alias,Relatório UBEM - Canal Brasil
Versões,2025-03-30 00:00:00,Farpa Cortante,"Lauro Farias,Marcelo Falcão,Marcelo Lobato,Marcos Lobato,Xandão",Cynthia Luz,"Unknown Publisher,Warner Chappell Edicoes Musicais Ltda",Performance,,,,,,,,,,,,True,artist_alias,Relatório UBEM - Canal Brasil
Versões,2025-03-30 00:00:00,Me Deixa,"Lauro Farias,Marcelo Falcão,Marcelo Lobato,Marcelo Yuka,Xandão",Cynthia Luz,Warner Chappell Edicoes Musicais Ltda,Performance,,,,,,,,,,,,True,artist_alias,Relatório UBEM - Canal Brasil
Versões,2025-03-30 00:00:00,O Que Sobrou Do Céu,"Lauro Farias,Marcelo Falcão,Marcelo Lobato,Marcelo Yuka,Xandão",Cynthia Luz,Warner Chappell Edicoes Musicais Ltda,Performance,,,,,,,,,,,,True,artist_alias,Relatório UBEM - Canal Brasil
Versões,2025-03-30 00:00:00,Rodo Cotidiano,"Lauro Farias,Marcelo Falcão,Marcelo Lobato,Marcos Lobato,Xandão",Cynthia Luz,"Humaita Edicoes Musicais Ltda Me,Warner Chappell Edicoes Musicais Ltda",Performance,,,,,,,,,,,,True,artist_alias,Relatório UBEM - Canal Brasil
Versões,2025-03-30 00:00:00,Sentimento,"Lux Ferreira,Marcela Vale",Cynthia Luz,"Boa Musica Brasil Direitos Musicais Ltda,Universal Music Publishing Mgb Brasil Ltda",Performance,,,,,,,,,,,,True,artist_alias,Relatório UBEM - Canal Brasil
Versões,2025-03-30 00:00:00,Súplica Cearense,"Gordurinha,Nelinho",Cynthia Luz,"Cap Music Edicoes Ltda Epp,Editora E Importadora Musical Fermata Do Brasil Ltda",Performance,,,,,,,,,,,,True,artist_alias,Relatório UBEM - Canal Brasil
Tempero De Família,2025-03-30 00:00:00,Pro Dia Nascer Feliz,"Cazuza,Roberto Frejat",Rodrigo Santos,Warner Chappell Edicoes Musicais Ltda,Performance Acervo,,,,,,,,,,,,True,artist_alias,Relatório UBEM - Canal Brasil
Vai Que Cola,2025-03-30 00:00:00,Sinais De Fogo,"Ana Carolina,Totonho Villeroy",Ana Carolina,"Sony Music Publishing Brazil Edicoes Musicais Ltda,Universal Music Publishing Mgb Brasil Ltda",Performance Acervo,,,,,,,,,,,,True,artist_alias,Relatório UBEM - Canal Brasil
Setlist,2025-03-31 00:00:00,O Verão Bateu Em Minha Porta,"Gigi Cerqueira,Ivete Sangalo,Radames Venancio,Samir Trindade",Ivete Sangalo,Warner Chappell Edicoes Musicais Ltda,Clipe Musical,,,,,,,,,,,,True,artist_alias,Relatório UBEM - Canal Brasil
Central De Bicos,2025-03-31 00:00:00,Céu Da Boca,Ronaldo Marcel,Ivete Sangalo,Warner Chappell Edicoes Musicais Ltda,Fundo Musical,,,,,,,,,,,,True,artist_alias,Relatório UBEM - Canal Brasil
Tvz Ao Vivo,2025-03-31 00:00:00,Numa Ilha,"André Oliva,Janluska,Marina Sena,Matheus Bragança",Marina Sena,Boa Musica Brasil Direitos Musicais Ltda,Ao Vivo Performance,,,,,,,,,,,,True,artist_alias,Relatório UBEM - Canal Brasil
Vai Que Cola,2025-03-18 00:00:00,Dancando,"Filipe Escandurras,Marcio Victor,Tierry",Ivete Sangalo,"Abramus Digital Servicos De Identificacao De Repertorio Ltda Me,Warner Chappell Edicoes Musicais Ltda",Performance,,,,,,,,,,,,True,artist_alias,Relatório UBEM - Canal Brasil
Vai Que Cola,2025-03-19 00:00:00,Dancando,"Filipe Escandurras,Marcio Victor,Tierry",Ivete Sangalo,"Abramus Digital Servicos De Identificacao De Repertorio Ltda Me,Warner Chappell Edicoes Musicais Ltda",Performance,,,,,,,,,,,,True,artist_alias,Relatório UBEM - Canal Brasil
Caldeirao Com Mion,2025-03-08 00:00:00,Arere,"Alaim Tavares,Gilson Babilonia",Ivete Sangalo,"Sony Music Publishing Brazil Edicoes Musicais Ltda,Bichinho Edições Musicais Ltda",Performance,,,,,,,,,,,,True,artist_alias,Relatório UBEM - Canal Brasil
Vai Que Cola,2025-03-17 00:00:00,Retirantes,"Dorival Caymmi,Jorge Amado",Dorival Caymmi,"Sony Music Publishing Brazil Edicoes Musicais Ltda,Copyrights Consultoria Ltda Epp",Fundo Musical,,,,,,,,,,,,True,artist_alias,Relatório UBEM - Canal Brasil
Caras E Bocas,2025-03-03 00:00:00,Born Free,"Don Black,John Barry",Mu Carvalho,Sony Music Publishing Brazil Edicoes Musicais Ltda,Tema,,,,,,,,,,,,True,artist_alias,Relatório UBEM - Canal Brasil
Escolinha Professor Raimundo,2025-03-13 00:00:00,Pare O Casamento,"Arthur Resnick,Kenny Young,Luiz Keller",Anonimo,"Warner Chappell Edicoes Musicais Ltda,Bmg Rights Management Brasil Ltda",Performance,,,,,,,,,,,,True,artist_alias,Relatório UBEM - Canal Brasil
Escolinha Professor Raimundo,2025-03-14 00:00:00,Pare O Casamento,"Arthur Resnick,Kenny Young,Luiz Keller",Anonimo,"Warner Chappell Edicoes Musicais Ltda,Bmg Rights Management Brasil Ltda",Performance,,,,,,,,,,,,True,artist_alias,Relatório UBEM - Canal Brasil
Escolinha Professor Raimundo,2025-03-05 00:00:00,Pega Na Mentira,"Erasmo Carlos,Roberto Carlos",Anonimo,Warner Chappell Edicoes Musicais Ltda,Performance,,,,,,,,,,,,True,artist_alias,Relatório UBEM - Canal Brasil
Escolinha Professor Raimundo,2025-03-06 00:00:00,Pega Na Mentira,"Erasmo Carlos,Roberto Carlos",Anonimo,Warner Chappell Edicoes Musicais Ltda,Performance,,,,,,,,,,,,True,artist_alias,Relatório UBEM - Canal Brasil
A Grande Familia,2025-03-24 00:00:00,Zodiacs,"Giorgio Moroder,Pete Bellotte",Anonimo,Warner Chappell Edicoes Musicais Ltda,Fundo Musical,,,,,,,,,,,,True,artist_alias,Relatório UBEM - Canal Brasil
Caldeirao Com Mion,2025-03-08 00:00:00,O Mundo Vai,"Ivete Sangalo,Neilton Cerqueira Santos,Radames Venancio,Ramon Cruz,Samir Trindade,Tierry",Ivete Sangalo,"Warner Chappell Edicoes Musicais Ltda,Unknown Publisher,Universal Music Publishing Mgb Brasil Ltda",Performance,,,,,,,,,,,,True,artist_alias,Relatório UBEM - Canal Brasil
Caldeirao Com Mion,2025-03-08 00:00:00,O Verao Bateu Em Minha Porta,"Gigi Cerqueira,Ivete Sangalo,Radames Venancio,Samir Trindade",Ivete Sangalo,Warner Chappell Edicoes Musicais Ltda,Performance,,,,,,,,,,,,True,artist_alias,Relatório UBEM - Canal Brasil
Caldeirao Com Mion,2025-03-08 00:00:00,So Love Na Cabeca,"Gigi Cerqueira,Ivete Sangalo,Radames Venancio,Samir Trindade",Ivete Sangalo,Warner Chappell Edicoes Musicais Ltda,Performance,,,,,,,,,,,,True,artist_alias,Relatório UBEM - Canal Brasil
Vai Que Cola,2025-03-11 00:00:00,Quem De Nos Dois,"A Descobrir,Ana,Dudu,Gianluca Grignani,Massimo Luca",Ana Carolina,"Warner Chappell Edicoes Musicais Ltda,Unknown Publisher,Universal Music Publishing Mgb Brasil Ltda",Fundo Musical,,,,,,,,,,,,True,artist_alias,Relatório UBEM - Canal Brasil
Domingao Com Huck,2025-03-02 00:00:00,O Verao Bateu Em Minha Porta,"Gigi Cerqueira,Ivete Sangalo,Radames Venancio,Samir Trindade",Ivete Sangalo,Warner Chappell Edicoes Musicais Ltda,Performance,,,,,,,,,,,,True,artist_alias,Relatório UBEM - Canal Brasil
Falas Do Riso,2025-03-10 00:00:00,Musa Do Verao,"Cesar Lemos,Karla Aponte",Felipe Dylon,"Warner Chappell Edicoes Musicais Ltda,Universal Music Publishing Mgb Brasil Ltda",Fundo Musical,,,,,,,,,,,,True,artist_alias,Relatório UBEM - Canal Brasil
Big Brother Brasil 25,2025-03-09 00:00:00,Coracao De Gelo,"Shalon Israel,Wiu",Wiu,Warner Chappell Edicoes Musicais Ltda,Fundo Musical,,,,,,,,,,,,True,artist_alias,Relatório UBEM - Canal Brasil
Big Brother Brasil 25,2025-03-22 00:00:00,Vampiro,"Ferno,Matue,Teto,Wiu",Matue,Warner Chappell Edicoes Musicais Ltda,Fundo Musical,,,,,,,,,,,,True,artist_alias,Relatório UBEM - Canal Brasil
Altas Horas,2025-03-08 00:00:00,Ze Do Caroco,Lecy Brandao,Luedji Luna,"Warner Chappell Edicoes Musicais Ltda,Peermusic Do Brasil Edicoes Musicais Ltda",Performance,,,,,,,,,,,,True,artist_alias,Relatório UBEM - Canal Brasil
Escolinha Professor Raimundo,2025-03-03 00:00:00,O Escandalo,"Henry Brown,Huon Donaldson,Renato Barros",Anonimo,Unknown Publisher,Performance,,,,,,,,,,,,True,artist_alias,Relatório UBEM - Canal Brasil
Caldeirao Com Mion,2025-03-08 00:00:00,Energia De Gostosa,"Ivete Sangalo,Lari Tavares,Luana Matos,Rafa Lemos,Tassia Morais",Ivete Sangalo,"Unknown Publisher,Iessi Music Label Ltda",Performance,,,,,,,,,,,,True,artist_alias,Relatório UBEM - Canal Brasil
Domingao Com Huck,2025-03-02 00:00:00,Energia De Gostosa,"Ivete Sangalo,Lari Tavares,Luana Matos,Rafa Lemos,Tassia Morais",Ivete Sangalo,"Unknown Publisher,Iessi Music Label Ltda",Performance,,,,,,,,,,,,True,artist_alias,Relatório UBEM - Canal Brasil
Mais Voce,2025-03-05 00:00:00,Energia De Gostosa,"Ivete Sangalo,Lari Tavares,Luana Matos,Rafa Lemos,Tassia Morais",Ivete Sangalo,"Unknown Publisher,Iessi Music Label Ltda",Fundo Musical,,,,,,,,,,,,True,artist_alias,Relatório UBEM - Canal Brasil
Escolinha Professor Raimundo,2025-03-13 00:00:00,Bate Coracao,Ceceu,Anonimo,Peermusic Do Brasil Edicoes Musicais Ltda,Fundo Musical,,,,,,,,,,,,True,artist_alias,Relatório UBEM - Canal Brasil
Domingao Com Huck,2025-03-09 00:00:00,Eva,"Giancarlo Bigazzi,Marcos Ficarelli,Umberto Tozzi",Ivete Sangalo,"Peermusic Do Brasil Edicoes Musicais Ltda,Associacao Defensora De Direitos Autorais (Addaf)",Fundo Musical,,,,,,,,,,,,True,artist_alias,Relatório UBEM - Canal Brasil
Domingao Com Huck,2025-03-02 00:00:00,Eva,"Giancarlo Bigazzi,Marcos Ficarelli,Umberto Tozzi",Ivete Sangalo,"Peermusic Do Brasil Edicoes Musicais Ltda,Associacao Defensora De Direitos Autorais (Addaf)",Performance,,,,,,,,,,,,True,artist_alias,Relatório UBEM - Canal Brasil
Vai Que Cola,2025-03-26 00:00:00,As Novinhas Tao Sensacional,"Isidoro Ferreira,Pablo Francisco Silva",Mc Romântico,Universal Music Publishing Mgb Brasil Ltda,Fundo Musical,,,,,,,,,,,,True,artist_alias,Relatório UBEM - Canal Brasil
Vai Que Cola,2025-03-05 00:00:00,Qualquer Jeito,"Bob Mcdill,Erasmo Carlos,Roberto Carlos",Katia,Universal Music Publishing Mgb Brasil Ltda,Fundo Musical,,,,,,,,,,,,True,artist_alias,Relatório UBEM - Canal Brasil
Domingao Com Huck,2025-03-02 00:00:00,Me Abraca,"Jorge Xareu,Roberto Moura",Ivete Sangalo,Universal Music Publishing Mgb Brasil Ltda,Performance,,,,,,,,,,,,True,artist_alias,Relatório UBEM - Canal Brasil
Domingao Com Huck,2025-03-02 00:00:00,Alo Paixao,Jorge Xereu,Ivete Sangalo,Universal Music Publishing Mgb Brasil Ltda,Performance,,,,,,,,,,,,True,artist_alias,Relatório UBEM - Canal Brasil
Domingao Com Huck,2025-03-02 00:00:00,Adeus Bye Bye,"Chico Santana,Guiguio,Juci Pita",Ivete Sangalo,Universal Music Publishing Mgb Brasil Ltda,Performance,,,,,,,,,,,,True,artist_alias,Relatório UBEM - Canal Brasil
Escolinha Professor Raimundo,2025-03-30 00:00:00,Bate O Pe,"Katia Maria,Roberto Leal",Anonimo,Editora E Importadora Musical Fermata Do Brasil Ltda,Fundo Musical,,,,,,,,,,,,True,artist_alias,Relatório UBEM - Canal Brasil
Escolinha Professor Raimundo,2025-03-25 00:00:00,Bate O Pe,"Katia Maria,Roberto Leal",Anonimo,Editora E Importadora Musical Fermata Do Brasil Ltda,Fundo Musical,,,,,,,,,,,,True,artist_alias,Relatório UBEM - Canal Brasil
Escolinha Professor Raimundo,2025-03-18 00:00:00,Arrebita,Roberto Leal,Anonimo,Editora E Importadora Musical Fermata Do Brasil Ltda,Performance,,,,,,,,,,,,True,artist_alias,Relatório UBEM - Canal Brasil
Escolinha Professor Raimundo,2025-03-17 00:00:00,Arrebita,Roberto Leal,Anonimo,Editora E Importadora Musical Fermata Do Brasil Ltda,Performance,,,,,,,,,,,,True,artist_alias,Relatório UBEM - Canal Brasil
Escolinha Professor Raimundo,2025-03-28 00:00:00,A Media Luz,"Carlos Cesar Lenzi,Edgardo Donato",Anonimo,Associacao Defensora De Direitos Autorais (Addaf),Performance,,,,,,,,,,,,True,artist_alias,Relatório UBEM - Canal Brasil
Escolinha Professor Raimundo,2025-03-06 00:00:00,Me Da Um Dinheiro Ai,"Glauco Ferreira,Homero Ferreira,Ivan Ferreira",Anonimo,Irmaos Vitale Editores Ltda,Performance,,,,,,,,,,,,True,artist_alias,Relatório UBEM - Canal Brasil
Escolinha Professor Raimundo,2025-03-05 00:00:00,Foi Um Rio Que Passou Em Minha Vida,Paulinho Da Viola,Anonimo,Irmaos Vitale Editores Ltda,Fundo Musical,,,,,,,,,,,,True,artist_alias,Relatório UBEM - Canal Brasil
Escolinha Professor Raimundo,2025-03-13 00:00:00,O Samba Da Minha Terra,Dorival Caymmi,Anonimo,Mangione Filhos E Cia Ltda Epp,Performance,,,,,,,,,,,,True,artist_alias,Relatório UBEM - Canal Brasil
Escolinha Professor Raimundo,2025-03-03 00:00:00,Carinhoso,"Braguinha,Pixinguinha",Anonimo,Mangione Filhos E Cia Ltda Epp,Performance,,,,,,,,,,,,True,artist_alias,Relatório UBEM - Canal Brasil
Escolinha Professor Raimundo,2025-03-04 00:00:00,Carinhoso,"Braguinha,Pixinguinha",Anonimo,Mangione Filhos E Cia Ltda Epp,Performance,,,,,,,,,,,,True,artist_alias,Relatório UBEM - Canal Brasil
Escolinha Professor Raimundo,2025-03-07 00:00:00,As Curvas Da Estrada De Santos,"Erasmo Carlos,Roberto Carlos",Anonimo,Sony Music Publishing Brazil Edicoes Musicais Ltda,Performance,,,,,,,,,,,,True,artist_alias,Relatório UBEM - Canal Brasil
Escolinha Professor Raimundo,2025-03-18 00:00:00,Nega Do Cabelo Duro,"David Nasser,Rubens Soares",Anonimo,Mangione Filhos E Cia Ltda Epp,Performance,,,,,,,,,,,,True,artist_alias,Relatório UBEM - Canal Brasil
Escolinha Professor Raimundo,2025-03-19 00:00:00,Nega Do Cabelo Duro,"David Nasser,Rubens Soares",Anonimo,Mangione Filhos E Cia Ltda Epp,Performance,,,,,,,,,,,,True,artist_alias,Relatório UBEM - Canal Brasil
Escolinha Professor Raimundo,2025-03-21 00:00:00,Voce Me Acende,"Erasmo Carlos,Ian Witchconb",Anonimo,Bmg Rights Management Brasil Ltda,Fundo Musical,,,,,,,,,,,,True,artist_alias,Relatório UBEM - Canal Brasil
Viver A Vida,2025-03-21 00:00:00,Lamentos,"Pixinguinha,Vinicius De Moraes",Roger Henri,Irmaos Vitale Editores Ltda,Fundo Musical,,,,,,,,,,,,True,artist_alias,Relatório UBEM - Canal Brasil
Escolinha Professor Raimundo,2025-03-03 00:00:00,Cachaca,"Herber Lobato,Lucio Castro,Marinozio Trigueiros Filhos,Mirabeau Pinheiro",Anonimo,Associacao Defensora De Direitos Autorais (Addaf),Performance,,,,,,,,,,,,True,artist_alias,Relatório UBEM - Canal Brasil
Escolinha Professor Raimundo,2025-03-10 00:00:00,As Curvas Da Estrada De Santos,"Erasmo Carlos,Roberto Carlos",Anonimo,Sony Music Publishing Brazil Edicoes Musicais Ltda,Performance,,,,,,,,,,,,True,artist_alias,Relatório UBEM - Canal Brasil
Escolinha Professor Raimundo,2025-03-14 00:00:00,O Samba Da Minha Terra,Dorival Caymmi,Anonimo,Mangione Filhos E Cia Ltda Epp,Performance,,,,,,,,,,,,True,artist_alias,Relatório UBEM - Canal Brasil
Escolinha Professor Raimundo,2025-03-24 00:00:00,Modinha Para Gabriela,Dorival Caymmi,Anonimo,Sony Music Publishing Brazil Edicoes Musicais Ltda,Fundo Musical,,,,,,,,,,,,True,artist_alias,Relatório UBEM - Canal Brasil
Escolinha Professor Raimundo,2025-03-17 00:00:00,Nao Sonho Mais,Chico Buarque,Anonimo,Marola Edicoes Musicais Ltda,Performance,,,,,,,,,,,,True,artist_alias,Relatório UBEM - Canal Brasil
Escolinha Professor Raimundo,2025-03-05 00:00:00,Me Da Um Dinheiro Ai,"Glauco Ferreira,Homero Ferreira,Ivan Ferreira",Anonimo,Irmaos Vitale Editores Ltda,Performance,,,,,,,,,,,,True,artist_alias,Relatório UBEM - Canal Brasil
Escolinha Professor Raimundo,2025-03-24 00:00:00,Bate O Pe,"Katia Maria,Roberto Leal",Anonimo,Editora E Importadora Musical Fermata Do Brasil Ltda,Fundo Musical,,,,,,,,,,,,True,artist_alias,Relatório UBEM - Canal Brasil
A Grande Familia,2025-03-29 00:00:00,Zodiacs,"Giorgio Moroder,Pete Bellotte",Anonimo,Warner Chappell Edicoes Musicais Ltda,Fundo Musical,,,,,,,,,,,,True,artist_alias,Relatório UBEM - Canal Brasil
E De Casa,2025-03-01 00:00:00,O Verao Bateu Em Minha Porta,"Gigi Cerqueira,Ivete Sangalo,Radames Venancio,Samir Trindade",Ivete Sangalo,Warner Chappell Edicoes Musicais Ltda,Ao Vivo Fundo Musical,,,,,,,,,,,,True,artist_alias,Relatório UBEM - Canal Brasil
Domingao Com Huck,2025-03-02 00:00:00,Tempo De Alegria,"Filipe Escandurras,Gigi,Magno Sant Anna",Ivete Sangalo,"Unknown Publisher,Abramus Digital Servicos De Identificacao De Repertorio Ltda Me,Warner Chappell Edicoes Musicais Ltda",Performance,,,,,,,,,,,,True,artist_alias,Relatório UBEM - Canal Brasil
Domingao Com Huck,2025-03-02 00:00:00,Abalou,Gigi,Ivete Sangalo,Warner Chappell Edicoes Musicais Ltda,Performance,,,,,,,,,,,,True,artist_alias,Relatório UBEM - Canal Brasil
Big Brother Brasil 25,2025-03-12 00:00:00,O Verao Bateu Em Minha Porta,"Gigi Cerqueira,Ivete Sangalo,Radames Venancio,Samir Trindade",Ivete Sangalo,Warner Chappell Edicoes Musicais Ltda,Ao Vivo Fundo Musical,,,,,,,,,,,,True,artist_alias,Relatório UBEM - Canal Brasil
Escolinha Professor Raimundo,2025-03-05 00:00:00,Ponteio,"Capinan,Edu Lobo",Anonimo,"Associacao Defensora De Direitos Autorais (Addaf),Lobo Music Producoes Artisticas Ltda Me,Warner Chappell Edicoes Musicais Ltda",Performance,,,,,,,,,,,,True,artist_alias,Relatório UBEM - Canal Brasil
Escolinha Professor Raimundo,2025-03-31 00:00:00,A Media Luz,"Carlos Cesar Lenzi,Edgardo Donato",Anonimo,Associacao Defensora De Direitos Autorais (Addaf),Performance,,,,,,,,,,,,True,artist_alias,Relatório UBEM - Canal Brasil
Escolinha Professor Raimundo,2025-03-07 00:00:00,Besame Mucho,Consuelo Velasquez,Anonimo,Irmaos Vitale Editores Ltda,Fundo Musical,,,,,,,,,,,,True,artist_alias,Relatório UBEM - Canal Brasil
Escolinha Professor Raimundo,2025-03-10 00:00:00,O Xote Das Meninas,"Luiz Gonzaga,Ze Dantas",Anonimo,Irmaos Vitale Editores Ltda,Fundo Musical,,,,,,,,,,,,True,artist_alias,Relatório UBEM - Canal Brasil
Escolinha Professor Raimundo,2025-03-16 00:00:00,O Xote Das Meninas,"Luiz Gonzaga,Ze Dantas",Anonimo,Irmaos Vitale Editores Ltda,Fundo Musical,,,,,,,,,,,,True,artist_alias,Relatório UBEM - Canal Brasil
Escolinha Professor Raimundo,2025-03-26 00:00:00,Beijinho Doce,Nho Pai,Anonimo,Associacao Defensora De Direitos Autorais (Addaf),Fundo Musical,,,,,,,,,,,,True,artist_alias,Relatório UBEM - Canal Brasil
Escolinha Professor Raimundo,2025-03-27 00:00:00,Beijinho Doce,Nho Pai,Anonimo,Associacao Defensora De Direitos Autorais (Addaf),Fundo Musical,,,,,,,,,,,,True,artist_alias,Relatório UBEM - Canal Brasil
Escolinha Professor Raimundo,2025-03-14 00:00:00,Bate Coracao,Ceceu,Anonimo,Peermusic Do Brasil Edicoes Musicais Ltda,Fundo Musical,,,,,,,,,,,,True,artist_alias,Relatório UBEM - Canal Brasil
Escolinha Professor Raimundo,2025-03-23 00:00:00,Arrebita,Roberto Leal,Anonimo,Editora E Importadora Musical Fermata Do Brasil Ltda,Performance,,,,,,,,,,,,True,artist_alias,Relatório UBEM - Canal Brasil
Caldeirao Com Mion,2025-03-01 00:00:00,Arere,"Alaim Tavares,Gilson Babilonia",Ivete Sangalo,"Bichinho Edições Musicais Ltda,Sony Music Publishing Brazil Edicoes Musicais Ltda",Performance,,,,,,,,,,,,True,artist_alias,Relatório UBEM - Canal Brasil
Big Brother Brasil 25,2025-03-27 00:00:00,Quando A Chuva Passar,Ramon Cruz,Ivete Sangalo,Warner Chappell Edicoes Musicais Ltda,Fundo Musical,,,,,,,,,,,,True,artist_alias,Relatório UBEM - Canal Brasil
Vai Que Cola,2025-03-19 00:00:00,As Novinhas Tao Sensacional,"Isidoro Ferreira,Pablo Francisco Silva",Mc Romântico,Universal Music Publishing Mgb Brasil Ltda,Fundo Musical,,,,,,,,,,,,True,artist_alias,Relatório UBEM - Canal Brasil
Escolinha Professor Raimundo,2025-03-06 00:00:00,Foi Um Rio Que Passou Em Minha Vida,Paulinho Da Viola,Anonimo,Irmaos Vitale Editores Ltda,Fundo Musical,,,,,,,,,,,,True,artist_alias,Relatório UBEM - Canal Brasil
Escolinha Professor Raimundo,2025-03-11 00:00:00,O Xote Das Meninas,"Luiz Gonzaga,Ze Dantas",Anonimo,Irmaos Vitale Editores Ltda,Fundo Musical,,,,,,,,,,,,True,artist_alias,Relatório UBEM - Canal Brasil
Escolinha Professor Raimundo,2025-03-26 00:00:00,O Leaozinho,Caetano Veloso,Anonimo,Warner Chappell Edicoes Musicais Ltda,Fundo Musical,,,,,,,,,,,,True,artist_alias,Relatório UBEM - Canal Brasil
Escolinha Professor Raimundo,2025-03-21 00:00:00,Modinha Para Gabriela,Dorival Caymmi,Anonimo,Sony Music Publishing Brazil Edicoes Musicais Ltda,Fundo Musical,,,,,,,,,,,,True,artist_alias,Relatório UBEM - Canal Brasil
Domingao Com Huck,2025-03-09 00:00:00,Festa,Anderson Cunha,Ivete Sangalo,Universal Music Publishing Mgb Brasil Ltda,Fundo Musical,,,,,,,,,,,,True,artist_alias,Relatório UBEM - Canal Brasil
Viver A Vida,2025-03-21 00:00:00,Um A Zero (Instrumental),"Benedito Lacerda,Pixinguinha",Roger Henri,Irmaos Vitale Editores Ltda,Fundo Musical,,,,,,,,,,,,True,artist_alias,Relatório UBEM - Canal Brasil
Escolinha Professor Raimundo,2025-03-10 00:00:00,Besame Mucho,Consuelo Velasquez,Anonimo,Irmaos Vitale Editores Ltda,Fundo Musical,,,,,,,,,,,,True,artist_alias,Relatório UBEM - Canal Brasil
Escolinha Professor Raimundo,2025-03-18 00:00:00,Nao Sonho Mais,Chico Buarque,Anonimo,Marola Edicoes Musicais Ltda,Performance,,,,,,,,,,,,True,artist_alias,Relatório UBEM - Canal Brasil
Escolinha Professor Raimundo,2025-03-07 00:00:00,Bagaco Da Laranja,"Arlindo Cruz,Zeca Pagodinho",Anonimo,Warner Chappell Edicoes Musicais Ltda,Performance,,,,,,,,,,,,True,artist_alias,Relatório UBEM - Canal Brasil
Escolinha Professor Raimundo,2025-03-24 00:00:00,Voce Me Acende,"Erasmo Carlos,Ian Witchconb",Anonimo,Bmg Rights Management Brasil Ltda,Fundo Musical,,,,,,,,,,,,True,artist_alias,Relatório UBEM - Canal Brasil
Escolinha Professor Raimundo,2025-03-27 00:00:00,O Leaozinho,Caetano Veloso,Anonimo,Warner Chappell Edicoes Musicais Ltda,Fundo Musical,,,,,,,,,,,,True,artist_alias,Relatório UBEM - Canal Brasil
Domingao Com Huck,2025-03-02 00:00:00,Festa,Anderson Cunha,Ivete Sangalo,Universal Music Publishing Mgb Brasil Ltda,Performance,,,,,,,,,,,,True,artist_alias,Relatório UBEM - Canal Brasil
Big Brother Brasil 25,2025-03-27 00:00:00,Ultima Noite,Ataide Xavier Da Silva Neto,Nattan,Universal Music Publishing Mgb Brasil Ltda,Fundo Musical,,,,,,,,,,,,True,artist_alias,Relatório UBEM - Canal Brasil
Versões,2025-02-28 00:00:00,Equalize,"Peu Souza,Pitty",Day,Warner Chappell Edicoes Musicais Ltda,Performance,,,,,,,,,,,,True,artist_alias,Relatório UBEM - Canal Brasil
Versões,2025-02-28 00:00:00,I Wanna Be,Pitty,Day,Warner Chappell Edicoes Musicais Ltda,Performance,,,,,,,,,,,,True,artist_alias,Relatório UBEM - Canal Brasil
Versões,2025-02-28 00:00:00,Jurei Que Não Ia Falar De Amor,"Dan Valbusa,Day",Day,"Deck Producoes Artisticas Ltda,Universal Music Publishing Mgb Brasil Ltda",Performance,,,,,,,,,,,,True,artist_alias,Relatório UBEM - Canal Brasil
Versões,2025-02-28 00:00:00,Me Adora,Pitty,Day,Warner Chappell Edicoes Musicais Ltda,Performance,,,,,,,,,,,,True,artist_alias,Relatório UBEM - Canal Brasil
Versões,2025-02-28 00:00:00,Memórias,Pitty,Day,"Unknown Publisher,Warner Chappell Edicoes Musicais Ltda",Performance,,,,,,,,,,,,True,artist_alias,Relatório UBEM - Canal Brasil
Versões,2025-02-28 00:00:00,Metamorfose,"Adriano Alves,Day,Dj Dash,Marcelinho Ferraz",Day,"Deck Producoes Artisticas Ltda,Universal Music Publishing Mgb Brasil Ltda",Performance,,,,,,,,,,,,True,artist_alias,Relatório UBEM - Canal Brasil
Versões,2025-02-28 00:00:00,Na Sua Estante,Pitty,Day,Warner Chappell Edicoes Musicais Ltda,Performance,,,,,,,,,,,,True,artist_alias,Relatório UBEM - Canal Brasil
Versões,2025-02-28 00:00:00,Pulsos,"Martin,Pitty",Day,Warner Chappell Edicoes Musicais Ltda,Performance,,,,,,,,,,,,True,artist_alias,Relatório UBEM - Canal Brasil
Versões,2025-02-28 00:00:00,Semana Que Vem,Pitty,Day,Warner Chappell Edicoes Musicais Ltda,Performance,,,,,,,,,,,,True,artist_alias,Relatório UBEM - Canal Brasil
Big Brother Brasil 25,2025-02-01 00:00:00,Ta Solteira Mas Nao Ta Sozinha,"Gigi,Ivete Sangalo,Radames Venancio,Samir",Ivete Sangalo,Warner Chappell Edicoes Musicais Ltda,Performance,,,,,,,,,,,,True,artist_alias,Relatório UBEM - Canal Brasil
Big Brother Brasil 25,2025-02-01 00:00:00,Energia De Gostosa,"Ivete Sangalo,Lari Tavares,Luana Matos,Rafa Lemos,Tassia Morais",Ivete Sangalo,"Unknown Publisher,Iessi Music Label Ltda",Performance,,,,,,,,,,,,True,artist_alias,Relatório UBEM - Canal Brasil
Mais Voce,2025-02-06 00:00:00,Energia De Gostosa,"Ivete Sangalo,Lari Tavares,Luana Matos,Rafa Lemos,Tassia Morais",Ivete Sangalo,"Unknown Publisher,Iessi Music Label Ltda",Fundo Musical,,,,,,,,,,,,True,artist_alias,Relatório UBEM - Canal Brasil
Big Brother Brasil 25,2025-02-19 00:00:00,Alo Paixao,Jorge Xereu,Ivete Sangalo,Universal Music Publishing Mgb Brasil Ltda,Fundo Musical,,,,,,,,,,,,True,artist_alias,Relatório UBEM - Canal Brasil
Big Brother Brasil 25,2025-02-19 00:00:00,Eva,"Giancarlo Bigazzi,Marcos Ficarelli,Umberto Tozzi",Ivete Sangalo,"Associacao Defensora De Direitos Autorais (Addaf),Peermusic Do Brasil Edicoes Musicais Ltda",Fundo Musical,,,,,,,,,,,,True,artist_alias,Relatório UBEM - Canal Brasil
Mais Voce,2025-02-27 00:00:00,O Verao Bateu Em Minha Porta,"Gigi Cerqueira,Ivete Sangalo,Radames Venancio,Samir Trindade",Ivete Sangalo,Warner Chappell Edicoes Musicais Ltda,Fundo Musical,,,,,,,,,,,,True,artist_alias,Relatório UBEM - Canal Brasil
Corpo A Corpo,2025-02-10 00:00:00,Um Grande Amor,Vinicius Cantuaria,Fagner,Warner Chappell Edicoes Musicais Ltda,Tema Acervo,,,,,,,,,,,,True,artist_alias,Relatório UBEM - Canal Brasil
Angélica 50 & Uns,2025-02-01 00:00:00,Céu Azul,"Chorão,Thiago Castanho",Xamã,Sony Music Publishing Brazil Edicoes Musicais Ltda,Performance,,,,,,,,,,,,True,artist_alias,Relatório UBEM - Canal Brasil
Decora,2025-02-01 00:00:00,Pisando Descalço,Tales De Polli,Maneva,Universal Music Publishing Mgb Brasil Ltda,Fundo Musical Acervo,,,,,,,,,,,,True,artist_alias,Relatório UBEM - Canal Brasil
"Quem Não Pode, Se Sacode",2025-02-01 00:00:00,Axe Moo 3,Mu Carvalho,Mu Carvalho,Sony Music Publishing Brazil Edicoes Musicais Ltda,Fundo Musical,,,,,,,,,,,,True,artist_alias,Relatório UBEM - Canal Brasil
Angélica 50 & Uns,2025-02-02 00:00:00,Céu Azul,"Chorão,Thiago Castanho",Xamã,Sony Music Publishing Brazil Edicoes Musicais Ltda,Performance,,,,,,,,,,,,True,artist_alias,Relatório UBEM - Canal Brasil
"Quem Não Pode, Se Sacode",2025-02-02 00:00:00,Axe Moo 3,Mu Carvalho,Mu Carvalho,Sony Music Publishing Brazil Edicoes Musicais Ltda,Fundo Musical,,,,,,,,,,,,True,artist_alias,Relatório UBEM - Canal Brasil
Tempero De Família - Verão,2025-02-02 00:00:00,"Ordem Das Árvores, A",Tulipa Ruiz,Tulipa Ruiz,"Boa Musica Brasil Direitos Musicais Ltda,Dubas Musica Ltda",Fundo Musical Acervo,,,,,,,,,,,,True,artist_alias,Relatório UBEM - Canal Brasil
"Mais Cor, Por Favor!",2025-02-04 00:00:00,As Pastorinhas,"João De Barro,Noel Rosa",Noel Rosa,Mangione Filhos E Cia Ltda Epp,Fundo Musical Acervo,,,,,,,,,,,,True,artist_alias,Relatório UBEM - Canal Brasil
Que Seja Doce,2025-02-04 00:00:00,O Porquinho,"Toquinho,Vinícius De Moraes",Vinícius De Moraes,Universal Music Publishing Mgb Brasil Ltda,Fundo Musical Acervo,,,,,,,,,,,,True,artist_alias,Relatório UBEM - Canal Brasil
Alma De Cozinheira,2025-02-05 00:00:00,Por Supuesto,"Iuri Rio Branco,Marina Sena",Marina Sena,Boa Musica Brasil Direitos Musicais Ltda,Fundo Musical,,,,,,,,,,,,True,artist_alias,Relatório UBEM - Canal Brasil
Alma De Cozinheira,2025-02-07 00:00:00,Por Supuesto,"Iuri Rio Branco,Marina Sena",Marina Sena,Boa Musica Brasil Direitos Musicais Ltda,Fundo Musical,,,,,,,,,,,,True,artist_alias,Relatório UBEM - Canal Brasil
Alma De Cozinheira,2025-02-09 00:00:00,Por Supuesto,"Iuri Rio Branco,Marina Sena",Marina Sena,Boa Musica Brasil Direitos Musicais Ltda,Fundo Musical,,,,,,,,,,,,True,artist_alias,Relatório UBEM - Canal Brasil
Tempero De Família - Verão,2025-02-10 00:00:00,Tranquilo,Alexandre Kassin,Kassin,"Bmg Rights Management Brasil Ltda,Dubas Musica Ltda",Fundo Musical Acervo,,,,,,,,,,,,True,artist_alias,Relatório UBEM - Canal Brasil
Conversa Com Bial,2025-02-11 00:00:00,Piscina Vazia,"Baco Exu Do Blues,Christian Santana Dates Do Vale,Jlz,Marcelo Vasconcelos De Lamare,Marcos Mauricio",Baco Exu Do Blues,Boa Musica Brasil Direitos Musicais Ltda,Performance,,,,,,,,,,,,True,artist_alias,Relatório UBEM - Canal Brasil
Conversa Com Bial,2025-02-11 00:00:00,20 Ligacoes,"Baco Exu Do Blues,Christian Santana Dates Do Vale,Marcelo De Lamare",Baco Exu Do Blues,Boa Musica Brasil Direitos Musicais Ltda,Performance,,,,,,,,,,,,True,artist_alias,Relatório UBEM - Canal Brasil
Conversa Com Bial,2025-02-12 00:00:00,Piscina Vazia,"Baco Exu Do Blues,Christian Santana Dates Do Vale,Jlz,Marcelo Vasconcelos De Lamare,Marcos Mauricio",Baco Exu Do Blues,Boa Musica Brasil Direitos Musicais Ltda,Performance,,,,,,,,,,,,True,artist_alias,Relatório UBEM - Canal Brasil
Conversa Com Bial,2025-02-12 00:00:00,20 Ligacoes,"Baco Exu Do Blues,Christian Santana Dates Do Vale,Marcelo De Lamare",Baco Exu Do Blues,Boa Musica Brasil Direitos Musicais Ltda,Performance,,,,,,,,,,,,True,artist_alias,Relatório UBEM - Canal Brasil
Admiráveis Conselheiras,2025-02-13 00:00:00,Banho De Folhas,"Emilie Lapa,Luedji Luna",Luedji Luna,Dubas Musica Ltda,Fundo Musical,,,,,,,,,,,,True,artist_alias,Relatório UBEM - Canal Brasil
Que Seja Doce,2025-02-14 00:00:00,Debaixo Dos Caracóis Dos Seus Cabelos,"Erasmo Carlos,Roberto Carlos",Ivete Sangalo,Sony Music Publishing Brazil Edicoes Musicais Ltda,Fundo Musical Acervo,,,,,,,,,,,,True,artist_alias,Relatório UBEM - Canal Brasil
Admiráveis Conselheiras,2025-02-15 00:00:00,Banho De Folhas,"Emilie Lapa,Luedji Luna",Luedji Luna,Dubas Musica Ltda,Fundo Musical,,,,,,,,,,,,True,artist_alias,Relatório UBEM - Canal Brasil
"Quem Não Pode, Se Sacode",2025-02-15 00:00:00,Axe Moo 3,Mu Carvalho,Mu Carvalho,Sony Music Publishing Brazil Edicoes Musicais Ltda,Fundo Musical,,,,,,,,,,,,True,artist_alias,Relatório UBEM - Canal Brasil
Admiráveis Conselheiras,2025-02-16 00:00:00,Banho De Folhas,"Emilie Lapa,Luedji Luna",Luedji Luna,Dubas Musica Ltda,Fundo Musical,,,,,,,,,,,,True,artist_alias,Relatório UBEM - Canal Brasil
Tempero De Família - Verão,2025-02-16 00:00:00,Tranquilo,Alexandre Kassin,Kassin,"Bmg Rights Management Brasil Ltda,Dubas Musica Ltda",Fundo Musical Acervo,,,,,,,,,,,,True,artist_alias,Relatório UBEM - Canal Brasil
Pode Entrar - Refúgios,2025-02-22 00:00:00,Asas,Luedji Luna,Luedji Luna,Dubas Musica Ltda,Fundo Musical,,,,,,,,,,,,True,artist_alias,Relatório UBEM - Canal Brasil
Pode Entrar - Refúgios,2025-02-23 00:00:00,Asas,Luedji Luna,Luedji Luna,Dubas Musica Ltda,Fundo Musical,,,,,,,,,,,,True,artist_alias,Relatório UBEM - Canal Brasil
Avisa Lá Que Eu Vou,2025-02-25 00:00:00,Coração De Gelo,"Shalon Israel,Wiu",Wiu,Warner Chappell Edicoes Musicais Ltda,Fundo Musical,,,,,,,,,,,,True,artist_alias,Relatório UBEM - Canal Brasil
Pode Entrar - Refúgios,2025-02-25 00:00:00,Asas,Luedji Luna,Luedji Luna,Dubas Musica Ltda,Fundo Musical,,,,,,,,,,,,True,artist_alias,Relatório UBEM - Canal Brasil
Avisa Lá Que Eu Vou,2025-02-26 00:00:00,Coração De Gelo,"Shalon Israel,Wiu",Wiu,Warner Chappell Edicoes Musicais Ltda,Fundo Musical,,,,,,,,,,,,True,artist_alias,Relatório UBEM - Canal Brasil
Pode Entrar - Refúgios,2025-02-26 00:00:00,Asas,Luedji Luna,Luedji Luna,Dubas Musica Ltda,Fundo Musical,,,,,,,,,,,,True,artist_alias,Relatório UBEM - Canal Brasil
Pode Entrar - Refúgios,2025-02-27 00:00:00,Asas,Luedji Luna,Luedji Luna,Dubas Musica Ltda,Fundo Musical,,,,,,,,,,,,True,artist_alias,Relatório UBEM - Canal Brasil
"Mais Cor, Por Favor!",2025-02-28 00:00:00,Quando Eu Achar,"Gustavo Ruiz,Tulipa Ruiz",Tulipa Ruiz,Warner Chappell Edicoes Musicais Ltda,Fundo Musical Acervo,,,,,,,,,,,,True,artist_alias,Relatório UBEM - Canal Brasil
Like De Milhões,2025-02-01 00:00:00,Malvadão 3,Xamã,Xamã,Associacao Defensora De Direitos Autorais (Addaf),Fundo Musical,,,,,,,,,,,,True,artist_alias,Relatório UBEM - Canal Brasil
Tô De Graça,2025-02-01 00:00:00,Vamos Beber,"Anderson Alexandre,Dennis Dj",Dennis Dj,Sony Music Publishing Brazil Edicoes Musicais Ltda,Fundo Musical Acervo,,,,,,,,,,,,True,artist_alias,Relatório UBEM - Canal Brasil
Tô De Graça,2025-02-01 00:00:00,Pá Em Todo Mundo,"Dennis Dj,Gabriel Cantini",Dennis Dj,Sony Music Publishing Brazil Edicoes Musicais Ltda,Fundo Musical Acervo,,,,,,,,,,,,True,artist_alias,Relatório UBEM - Canal Brasil
Like De Milhões,2025-02-02 00:00:00,Malvadão 3,Xamã,Xamã,Associacao Defensora De Direitos Autorais (Addaf),Fundo Musical,,,,,,,,,,,,True,artist_alias,Relatório UBEM - Canal Brasil
Tô De Graça,2025-02-02 00:00:00,Vamos Beber,"Anderson Alexandre,Dennis Dj",Dennis Dj,Sony Music Publishing Brazil Edicoes Musicais Ltda,Fundo Musical Acervo,,,,,,,,,,,,True,artist_alias,Relatório UBEM - Canal Brasil
Tô De Graça,2025-02-02 00:00:00,Pá Em Todo Mundo,"Dennis Dj,Gabriel Cantini",Dennis Dj,Sony Music Publishing Brazil Edicoes Musicais Ltda,Fundo Musical Acervo,,,,,,,,,,,,True,artist_alias,Relatório UBEM - Canal Brasil
Tô De Graça,2025-02-03 00:00:00,Beber Beber,"Elivandro Cuca,Guilherme Lopez,Raimundo Bahia",Leonardo,"Sony Music Publishing Brazil Edicoes Musicais Ltda,Universal Music Publishing Mgb Brasil Ltda",Fundo Musical Acervo,,,,,,,,,,,,True,artist_alias,Relatório UBEM - Canal Brasil
Tô De Graça,2025-02-03 00:00:00,Relaxa E Toma,"Dennis Dj,Gabriel Cantini",Dennis Dj,Sony Music Publishing Brazil Edicoes Musicais Ltda,Fundo Musical Acervo,,,,,,,,,,,,True,artist_alias,Relatório UBEM - Canal Brasil
Tvz,2025-02-03 00:00:00,Numa Ilha,"André Oliva,Janluska,Marina Sena,Matheus Bragança",Marina Sena,Boa Musica Brasil Direitos Musicais Ltda,Clipe Musical,,,,,,,,,,,,True,artist_alias,Relatório UBEM - Canal Brasil
Like De Milhões,2025-02-04 00:00:00,Malvadão 3,Xamã,Xamã,Associacao Defensora De Direitos Autorais (Addaf),Fundo Musical,,,,,,,,,,,,True,artist_alias,Relatório UBEM - Canal Brasil
Tô De Graça,2025-02-04 00:00:00,Relaxa E Toma,"Dennis Dj,Gabriel Cantini",Dennis Dj,Sony Music Publishing Brazil Edicoes Musicais Ltda,Fundo Musical Acervo,,,,,,,,,,,,True,artist_alias,Relatório UBEM - Canal Brasil
Tvz,2025-02-04 00:00:00,Tudo Pra Amar Você,"Iuri Rio Branco,Marina Sena",Marina Sena,Boa Musica Brasil Direitos Musicais Ltda,Clipe Musical,,,,,,,,,,,,True,artist_alias,Relatório UBEM - Canal Brasil
Tô De Graça,2025-02-05 00:00:00,Relaxa E Toma,"Dennis Dj,Gabriel Cantini",Dennis Dj,Sony Music Publishing Brazil Edicoes Musicais Ltda,Fundo Musical Acervo,,,,,,,,,,,,True,artist_alias,Relatório UBEM - Canal Brasil
Tvz,2025-02-05 00:00:00,Tudo Pra Amar Você,"Iuri Rio Branco,Marina Sena",Marina Sena,Boa Musica Brasil Direitos Musicais Ltda,Clipe Musical,,,,,,,,,,,,True,artist_alias,Relatório UBEM - Canal Brasil
Vai Que Cola,2025-02-05 00:00:00,Dançando,"Filipe Escandurras,Marcio Victor,Tierry Coringa",Ivete Sangalo,"Abramus Digital Servicos De Identificacao De Repertorio Ltda Me,Warner Chappell Edicoes Musicais Ltda",Fundo Musical Acervo,,,,,,,,,,,,True,artist_alias,Relatório UBEM - Canal Brasil
Tô De Graça,2025-02-06 00:00:00,Céu Da Boca,Ronaldo Marcel,Ivete Sangalo,Warner Chappell Edicoes Musicais Ltda,Fundo Musical Acervo,,,,,,,,,,,,True,artist_alias,Relatório UBEM - Canal Brasil
Tvz,2025-02-06 00:00:00,Numa Ilha,"André Oliva,Janluska,Marina Sena,Matheus Bragança",Marina Sena,Boa Musica Brasil Direitos Musicais Ltda,Clipe Musical,,,,,,,,,,,,True,artist_alias,Relatório UBEM - Canal Brasil
Tô De Graça,2025-02-07 00:00:00,Céu Da Boca,Ronaldo Marcel,Ivete Sangalo,Warner Chappell Edicoes Musicais Ltda,Fundo Musical Acervo,,,,,,,,,,,,True,artist_alias,Relatório UBEM - Canal Brasil
Tvz,2025-02-07 00:00:00,Numa Ilha,"André Oliva,Janluska,Marina Sena,Matheus Bragança",Marina Sena,Boa Musica Brasil Direitos Musicais Ltda,Clipe Musical,,,,,,,,,,,,True,artist_alias,Relatório UBEM - Canal Brasil
Tô De Graça,2025-02-08 00:00:00,Relaxa E Toma,"Dennis Dj,Gabriel Cantini",Dennis Dj,Sony Music Publishing Brazil Edicoes Musicais Ltda,Fundo Musical Acervo,,,,,,,,,,,,True,artist_alias,Relatório UBEM - Canal Brasil
Tô De Graça,2025-02-08 00:00:00,Céu Da Boca,Ronaldo Marcel,Ivete Sangalo,Warner Chappell Edicoes Musicais Ltda,Fundo Musical Acervo,,,,,,,,,,,,True,artist_alias,Relatório UBEM - Canal Brasil
Tô De Graça,2025-02-09 00:00:00,Relaxa E Toma,"Dennis Dj,Gabriel Cantini",Dennis Dj,Sony Music Publishing Brazil Edicoes Musicais Ltda,Fundo Musical Acervo,,,,,,,,,,,,True,artist_alias,Relatório UBEM - Canal Brasil
Tô De Graça,2025-02-09 00:00:00,Céu Da Boca,Ronaldo Marcel,Ivete Sangalo,Warner Chappell Edicoes Musicais Ltda,Fundo Musical Acervo,,,,,,,,,,,,True,artist_alias,Relatório UBEM - Canal Brasil
Vai Que Cola,2025-02-09 00:00:00,Qualquer Jeito (Não Está Sendo Fácil),"Erasmo Carlos,Robert Dill,Roberto Carlos",Kátia,Universal Music Publishing Mgb Brasil Ltda,Fundo Musical Acervo,,,,,,,,,,,,True,artist_alias,Relatório UBEM - Canal Brasil
Tvz,2025-02-10 00:00:00,Me Lambe,"Andre Murilo Da Silva,Guilherme Santos Pereira,Jose Henrique Castanho De Godoy Pinheiro,João Vitor Romania Balbino,Pedro Tófani",Jão,"Bmg Rights Management Brasil Ltda,Universal Music Publishing Mgb Brasil Ltda,Warner Chappell Edicoes Musicais Ltda",Clipe Musical,,,,,,,,,,,,True,artist_alias,Relatório UBEM - Canal Brasil
Tvz,2025-02-11 00:00:00,Me Lambe,"Andre Murilo Da Silva,Guilherme Santos Pereira,Jose Henrique Castanho De Godoy Pinheiro,João Vitor Romania Balbino,Pedro Tófani",Jão,"Bmg Rights Management Brasil Ltda,Universal Music Publishing Mgb Brasil Ltda,Warner Chappell Edicoes Musicais Ltda",Clipe Musical,,,,,,,,,,,,True,artist_alias,Relatório UBEM - Canal Brasil
Vai Que Cola,2025-02-12 00:00:00,Qualquer Jeito (Não Está Sendo Fácil),"Erasmo Carlos,Robert Dill,Roberto Carlos",Kátia,Universal Music Publishing Mgb Brasil Ltda,Fundo Musical Acervo,,,,,,,,,,,,True,artist_alias,Relatório UBEM - Canal Brasil
Vai Que Cola,2025-02-13 00:00:00,Qualquer Jeito (Não Está Sendo Fácil),"Erasmo Carlos,Robert Dill,Roberto Carlos",Kátia,Universal Music Publishing Mgb Brasil Ltda,Fundo Musical Acervo,,,,,,,,,,,,True,artist_alias,Relatório UBEM - Canal Brasil
Família Paraíso,2025-02-14 00:00:00,"Noite Preta, A","Alceu Valença,Lula Cortes,Zé Ramalho",Zé Ramalho,Sony Music Publishing Brazil Edicoes Musicais Ltda,Fundo Musical,,,,,,,,,,,,True,artist_alias,Relatório UBEM - Canal Brasil
Tô De Graça,2025-02-14 00:00:00,Beber Beber,"Elivandro Cuca,Guilherme Lopez,Raimundo Bahia",Leonardo,"Sony Music Publishing Brazil Edicoes Musicais Ltda,Universal Music Publishing Mgb Brasil Ltda",Fundo Musical Acervo,,,,,,,,,,,,True,artist_alias,Relatório UBEM - Canal Brasil
Tô De Graça,2025-02-15 00:00:00,Beber Beber,"Elivandro Cuca,Guilherme Lopez,Raimundo Bahia",Leonardo,"Sony Music Publishing Brazil Edicoes Musicais Ltda,Universal Music Publishing Mgb Brasil Ltda",Fundo Musical Acervo,,,,,,,,,,,,True,artist_alias,Relatório UBEM - Canal Brasil
Vai Que Cola,2025-02-15 00:00:00,Qualquer Jeito (Não Está Sendo Fácil),"Erasmo Carlos,Robert Dill,Roberto Carlos",Kátia,Universal Music Publishing Mgb Brasil Ltda,Fundo Musical Acervo,,,,,,,,,,,,True,artist_alias,Relatório UBEM - Canal Brasil
Família Paraíso,2025-02-17 00:00:00,"Noite Preta, A","Alceu Valença,Lula Cortes,Zé Ramalho",Zé Ramalho,Sony Music Publishing Brazil Edicoes Musicais Ltda,Fundo Musical,,,,,,,,,,,,True,artist_alias,Relatório UBEM - Canal Brasil
Tô De Graça,2025-02-17 00:00:00,Beber Beber,"Elivandro Cuca,Guilherme Lopez,Raimundo Bahia",Leonardo,"Sony Music Publishing Brazil Edicoes Musicais Ltda,Universal Music Publishing Mgb Brasil Ltda",Fundo Musical Acervo,,,,,,,,,,,,True,artist_alias,Relatório UBEM - Canal Brasil
Tô De Graça,2025-02-18 00:00:00,Beber Beber,"Elivandro Cuca,Guilherme Lopez,Raimundo Bahia",Leonardo,"Sony Music Publishing Brazil Edicoes Musicais Ltda,Universal Music Publishing Mgb Brasil Ltda",Fundo Musical Acervo,,,,,,,,,,,,True,artist_alias,Relatório UBEM - Canal Brasil
Vai Que Cola,2025-02-21 00:00:00,O Golpe Tá Aí Cai Quem Quer,Dj Guuga,Dj Guuga,"Sony Music Publishing Brazil Edicoes Musicais Ltda,Unknown Publisher",Fundo Musical,,,,,,,,,,,,True,artist_alias,Relatório UBEM - Canal Brasil
Vai Que Cola,2025-02-21 00:00:00,Acelera Aê,"Dan Kambaiah,Fabio O'Brian,Gigi,Magno Santanna",Ivete Sangalo,"Carlos Magno De Santanna,Warner Chappell Edicoes Musicais Ltda",Fundo Musical,,,,,,,,,,,,True,artist_alias,Relatório UBEM - Canal Brasil
Tô De Graça,2025-02-24 00:00:00,Debaixo Dos Caracóis Dos Seus Cabelos,"Erasmo Carlos,Roberto Carlos",Ivete Sangalo,Sony Music Publishing Brazil Edicoes Musicais Ltda,Fundo Musical,,,,,,,,,,,,True,artist_alias,Relatório UBEM - Canal Brasil
Tô De Graça,2025-02-24 00:00:00,Garganta,Totonho Villeroy,Ana Carolina,Universal Music Publishing Mgb Brasil Ltda,Fundo Musical,,,,,,,,,,,,True,artist_alias,Relatório UBEM - Canal Brasil
Vai Que Cola,2025-02-24 00:00:00,Sorte Grande,Lourenço,Ivete Sangalo,L O S Producoes E Promocoes Artisticas Ltda Me,Performance,,,,,,,,,,,,True,artist_alias,Relatório UBEM - Canal Brasil
Tvz,2025-02-26 00:00:00,Energia De Gostosa,"Ivete Sangalo,Tassia Morais,Rafa Lemos,Luana Matos,Lari Tavares",Ivete Sangalo,"Unknown Publisher,Warner Chappell Edições Musicais Ltda.",Clipe Musical,,,,,,,,,,,,True,artist_alias,Relatório UBEM - Canal Brasil
Tvz,2025-02-26 00:00:00,Lugar Perfeito,"Ivete Sangalo,Klismman,Romeu R3,Wallace Vianna",Ivete Sangalo,"Unknown Publisher,Warner Chappell Edicoes Musicais Ltda",Clipe Musical,,,,,,,,,,,,True,artist_alias,Relatório UBEM - Canal Brasil
Vai Que Cola,2025-02-26 00:00:00,Borbulhas De Amor (Tenho Um Coração),"Ferreira Goulart,Juan Luis Guerra",Fagner,Universal Music Publishing Mgb Brasil Ltda,Fundo Musical,,,,,,,,,,,,True,artist_alias,Relatório UBEM - Canal Brasil
Tô De Graça,2025-02-27 00:00:00,Debaixo Dos Caracóis Dos Seus Cabelos,"Erasmo Carlos,Roberto Carlos",Ivete Sangalo,Sony Music Publishing Brazil Edicoes Musicais Ltda,Fundo Musical,,,,,,,,,,,,True,artist_alias,Relatório UBEM - Canal Brasil
Tô De Graça,2025-02-27 00:00:00,Garganta,Totonho Villeroy,Ana Carolina,Universal Music Publishing Mgb Brasil Ltda,Fundo Musical,,,,,,,,,,,,True,artist_alias,Relatório UBEM - Canal Brasil
Tô De Graça,2025-02-27 00:00:00,Beber Beber,"Elivandro Cuca,Guilherme Lopez,Raimundo Bahia",Leonardo,"Sony Music Publishing Brazil Edicoes Musicais Ltda,Universal Music Publishing Mgb Brasil Ltda",Fundo Musical Acervo,,,,,,,,,,,,True,artist_alias,Relatório UBEM - Canal Brasil
Tô De Graça,2025-02-27 00:00:00,Vamos Beber,"Anderson Alexandre,Dennis Dj",Dennis Dj,Sony Music Publishing Brazil Edicoes Musicais Ltda,Fundo Musical,,,,,,,,,,,,True,artist_alias,Relatório UBEM - Canal Brasil
Tvz,2025-02-27 00:00:00,Energia De Gostosa,"Ivete Sangalo,Tassia Morais,Rafa Lemos,Luana Matos,Lari Tavares",Ivete Sangalo,"Unknown Publisher,Warner Chappell Edições Musicais Ltda.",Clipe Musical,,,,,,,,,,,,True,artist_alias,Relatório UBEM - Canal Brasil
Tvz,2025-02-27 00:00:00,Lugar Perfeito,"Ivete Sangalo,Klismman,Romeu R3,Wallace Vianna",Ivete Sangalo,"Unknown Publisher,Warner Chappell Edicoes Musicais Ltda",Clipe Musical,,,,,,,,,,,,True,artist_alias,Relatório UBEM - Canal Brasil
Tvz,2025-02-27 00:00:00,Idiota,"Jão,Pedro Tofani,Zebu",Jão,"Universal Music Publishing Mgb Brasil Ltda,Warner Chappell Edicoes Musicais Ltda",Clipe Musical,,,,,,,,,,,,True,artist_alias,Relatório UBEM - Canal Brasil
Vai Que Cola,2025-02-27 00:00:00,Borbulhas De Amor (Tenho Um Coração),"Ferreira Goulart,Juan Luis Guerra",Fagner,Universal Music Publishing Mgb Brasil Ltda,Fundo Musical,,,,,,,,,,,,True,artist_alias,Relatório UBEM - Canal Brasil
Tô De Graça,2025-02-28 00:00:00,Vamos Beber,"Anderson Alexandre,Dennis Dj",Dennis Dj,Sony Music Publishing Brazil Edicoes Musicais Ltda,Fundo Musical,,,,,,,,,,,,True,artist_alias,Relatório UBEM - Canal Brasil
Tô De Graça,2025-02-28 00:00:00,Pá Em Todo Mundo,"Dennis Dj,Gabriel Cantini",Dennis Dj,Sony Music Publishing Brazil Edicoes Musicais Ltda,Fundo Musical,,,,,,,,,,,,True,artist_alias,Relatório UBEM - Canal Brasil
Tvz,2025-02-28 00:00:00,Idiota,"Jão,Pedro Tofani,Zebu",Jão,"Universal Music Publishing Mgb Brasil Ltda,Warner Chappell Edicoes Musicais Ltda",Clipe Musical,,,,,,,,,,,,True,artist_alias,Relatório UBEM - Canal Brasil
Tvz,2025-02-28 00:00:00,Malvadão 3,Xamã,Xamã,Associacao Defensora De Direitos Autorais (Addaf),Clipe Musical,,,,,,,,,,,,True,artist_alias,Relatório UBEM - Canal Brasil
E De Casa,2025-02-01 00:00:00,O Verao Bateu Em Minha Porta,"Gigi Cerqueira,Ivete Sangalo,Radames Venancio,Samir Trindade",Ivete Sangalo,Warner Chappell Edicoes Musicais Ltda,Fundo Musical,,,,,,,,,,,,True,artist_alias,Relatório UBEM - Canal Brasil
Big Brother Brasil 25,2025-02-01 00:00:00,Ta Solteira Mas Nao Ta Sozinha,"Gigi,Ivete Sangalo,Radames Venancio,Samir",Ivete Sangalo,Warner Chappell Edicoes Musicais Ltda,Ao Vivo Performance,,,,,,,,,,,,True,artist_alias,Relatório UBEM - Canal Brasil
Big Brother Brasil 25,2025-02-01 00:00:00,Energia De Gostosa,"Ivete Sangalo,Lari Tavares,Luana Matos,Rafa Lemos,Tassia Morais",Ivete Sangalo,"Unknown Publisher,Iessi Music Label Ltda",Ao Vivo Performance,,,,,,,,,,,,True,artist_alias,Relatório UBEM - Canal Brasil
Big Brother Brasil 25,2025-02-02 00:00:00,Eva,"Giancarlo Bigazzi,Marcos Ficarelli,Umberto Tozzi",Ivete Sangalo,"Peermusic Do Brasil Edicoes Musicais Ltda,Associacao Defensora De Direitos Autorais (Addaf)",Performance,,,,,,,,,,,,True,artist_alias,Relatório UBEM - Canal Brasil
Big Brother Brasil 25,2025-02-02 00:00:00,Festa,Anderson Cunha,Ivete Sangalo,Universal Music Publishing Mgb Brasil Ltda,Performance,,,,,,,,,,,,True,artist_alias,Relatório UBEM - Canal Brasil
Big Brother Brasil 25,2025-02-02 00:00:00,Tempo De Alegria,"Filipe Escandurras,Gigi,Magno Sant Anna",Ivete Sangalo,"Warner Chappell Edicoes Musicais Ltda,Unknown Publisher,Abramus Digital Servicos De Identificacao De Repertorio Ltda Me",Performance,,,,,,,,,,,,True,artist_alias,Relatório UBEM - Canal Brasil
Big Brother Brasil 25,2025-02-02 00:00:00,Abalou,Gigi,Ivete Sangalo,Warner Chappell Edicoes Musicais Ltda,Performance,,,,,,,,,,,,True,artist_alias,Relatório UBEM - Canal Brasil
Big Brother Brasil 25,2025-02-02 00:00:00,Muito Obrigado Axe,Carlinhos Brown,Ivete Sangalo,Warner Chappell Edicoes Musicais Ltda,Performance,,,,,,,,,,,,True,artist_alias,Relatório UBEM - Canal Brasil
Encontro,2025-02-03 00:00:00,Mucuripe,"Belchior,Fagner",Fagner,Warner Chappell Edicoes Musicais Ltda,Fundo Musical,,,,,,,,,,,,True,artist_alias,Relatório UBEM - Canal Brasil
Vai Que Cola,2025-02-05 00:00:00,Borbulhas De Amor,Juan Luiz Guerra,Fagner,Universal Music Publishing Mgb Brasil Ltda,Fundo Musical,,,,,,,,,,,,True,artist_alias,Relatório UBEM - Canal Brasil
Mais Voce,2025-02-06 00:00:00,Energia De Gostosa,"Ivete Sangalo,Lari Tavares,Luana Matos,Rafa Lemos,Tassia Morais",Ivete Sangalo,"Unknown Publisher,Iessi Music Label Ltda",Ao Vivo Fundo Musical,,,,,,,,,,,,True,artist_alias,Relatório UBEM - Canal Brasil
Vai Que Cola,2025-02-11 00:00:00,Sorte Grande,Lourenco,Ivete Sangalo,L O S Producoes E Promocoes Artisticas Ltda Me,Performance,,,,,,,,,,,,True,artist_alias,Relatório UBEM - Canal Brasil
Vai Que Cola,2025-02-12 00:00:00,Rosas,Antonio Villeroy,Ana Carolina,Universal Music Publishing Mgb Brasil Ltda,Fundo Musical,,,,,,,,,,,,True,artist_alias,Relatório UBEM - Canal Brasil
Big Brother Brasil 25,2025-02-19 00:00:00,Eva,"Giancarlo Bigazzi,Marcos Ficarelli,Umberto Tozzi",Ivete Sangalo,"Peermusic Do Brasil Edicoes Musicais Ltda,Associacao Defensora De Direitos Autorais (Addaf)",Ao Vivo Fundo Musical,,,,,,,,,,,,True,artist_alias,Relatório UBEM - Canal Brasil
Big Brother Brasil 25,2025-02-19 00:00:00,Alo Paixao,Jorge Xereu,Ivete Sangalo,Universal Music Publishing Mgb Brasil Ltda,Ao Vivo Fundo Musical,,,,,,,,,,,,True,artist_alias,Relatório UBEM - Canal Brasil
Big Brother Brasil 25,2025-02-20 00:00:00,Eva,"Giancarlo Bigazzi,Marcos Ficarelli,Umberto Tozzi",Ivete Sangalo,"Peermusic Do Brasil Edicoes Musicais Ltda,Associacao Defensora De Direitos Autorais (Addaf)",Fundo Musical,,,,,,,,,,,,True,artist_alias,Relatório UBEM - Canal Brasil
Vai Que Cola,2025-02-20 00:00:00,Quem De Nos Dois,"A Descobrir,Ana,Dudu,Gianluca Grignani,Massimo Luca",Ana Carolina,"Universal Music Publishing Mgb Brasil Ltda,Warner Chappell Edicoes Musicais Ltda,Unknown Publisher",Fundo Musical,,,,,,,,,,,,True,artist_alias,Relatório UBEM - Canal Brasil
Big Brother Brasil 25,2025-02-20 00:00:00,Beleza Rara,Ed Grandao,Ivete Sangalo,Universal Music Publishing Mgb Brasil Ltda,Fundo Musical,,,,,,,,,,,,True,artist_alias,Relatório UBEM - Canal Brasil
Vai Que Cola,2025-02-20 00:00:00,Ceu Da Boca,Ronaldo Marcel,Ivete Sangalo,Warner Chappell Edicoes Musicais Ltda,Fundo Musical,,,,,,,,,,,,True,artist_alias,Relatório UBEM - Canal Brasil
E De Casa,2025-02-22 00:00:00,Na Beira Do Rio,Marcelo Cabral,Marcelo Cabral,Unknown Publisher,Fundo Musical,,,,,,,,,,,,True,artist_alias,Relatório UBEM - Canal Brasil
E De Casa,2025-02-22 00:00:00,Flor Do Sertao,Marcelo Cabral,Marcelo Cabral,Unknown Publisher,Fundo Musical,,,,,,,,,,,,True,artist_alias,Relatório UBEM - Canal Brasil
Vai Que Cola,2025-02-25 00:00:00,Vidro Fume,"Alex Ferraz Luis Dos Santos,Diogo Correia Da Silva,Tiago Da Silva Merces",Mc Th,Unknown Publisher,Fundo Musical,,,,,,,,,,,,True,artist_alias,Relatório UBEM - Canal Brasil
Mais Voce,2025-02-27 00:00:00,O Verao Bateu Em Minha Porta,"Gigi Cerqueira,Ivete Sangalo,Radames Venancio,Samir Trindade",Ivete Sangalo,Warner Chappell Edicoes Musicais Ltda,Ao Vivo Fundo Musical,,,,,,,,,,,,True,artist_alias,Relatório UBEM - Canal Brasil
Vai Que Cola,2025-02-27 00:00:00,Ela So Quer Paz,Projota,Projota,Universal Music Publishing Mgb Brasil Ltda,Fundo Musical,,,,,,,,,,,,True,artist_alias,Relatório UBEM - Canal Brasil
Big Brother Brasil 25,2025-02-28 00:00:00,Muito Obrigado Axe,Carlinhos Brown,Ivete Sangalo,Warner Chappell Edicoes Musicais Ltda,Fundo Musical,,,,,,,,,,,,True,artist_alias,Relatório UBEM - Canal Brasil
Toma La Da Ca,2025-02-01 00:00:00,Devaneio,Jorge Vercillo,Jorge Vercillo,Warner Chappell Edicoes Musicais Ltda,Fundo Musical,,,,,,,,,,,,True,artist_alias,Relatório UBEM - Canal Brasil
Escolinha Professor Raimundo,2025-02-13 00:00:00,Que Queres Tu De Mim,"Evaldo Gouveia,Jair Amorim",Anonimo,Editora E Importadora Musical Fermata Do Brasil Ltda,Performance,,,,,,,,,,,,True,artist_alias,Relatório UBEM - Canal Brasil
Escolinha Professor Raimundo,2025-02-14 00:00:00,Que Queres Tu De Mim,"Evaldo Gouveia,Jair Amorim",Anonimo,Editora E Importadora Musical Fermata Do Brasil Ltda,Performance,,,,,,,,,,,,True,artist_alias,Relatório UBEM - Canal Brasil
Escolinha Professor Raimundo,2025-02-19 00:00:00,Strangers In The Night,"Bert Kaempfert,Charles Singleton,Eddie Snyder",Anonimo,Universal Music Publishing Mgb Brasil Ltda,Performance,,,,,,,,,,,,True,artist_alias,Relatório UBEM - Canal Brasil
Escolinha Professor Raimundo,2025-02-20 00:00:00,Que Queres Tu De Mim,"Evaldo Gouveia,Jair Amorim",Anonimo,Editora E Importadora Musical Fermata Do Brasil Ltda,Performance,,,,,,,,,,,,True,artist_alias,Relatório UBEM - Canal Brasil
Escolinha Professor Raimundo,2025-02-20 00:00:00,Strangers In The Night,"Bert Kaempfert,Charles Singleton,Eddie Snyder",Anonimo,Universal Music Publishing Mgb Brasil Ltda,Performance,,,,,,,,,,,,True,artist_alias,Relatório UBEM - Canal Brasil
Escolinha Professor Raimundo,2025-02-20 00:00:00,Valsa Da Despedida,David Nasser,Anonimo,Irmaos Vitale Editores Ltda,Performance,,,,,,,,,,,,True,artist_alias,Relatório UBEM - Canal Brasil
Escolinha Professor Raimundo,2025-02-21 00:00:00,Que Queres Tu De Mim,"Evaldo Gouveia,Jair Amorim",Anonimo,Editora E Importadora Musical Fermata Do Brasil Ltda,Performance,,,,,,,,,,,,True,artist_alias,Relatório UBEM - Canal Brasil
Escolinha Professor Raimundo,2025-02-21 00:00:00,Valsa Da Despedida,David Nasser,Anonimo,Irmaos Vitale Editores Ltda,Performance,,,,,,,,,,,,True,artist_alias,Relatório UBEM - Canal Brasil
Escolinha Professor Raimundo,2025-02-21 00:00:00,Garota De Ipanema,"Tom Jobim,Vinicius De Moraes",Anonimo,"Jobim Music Ltda,Universal Music Publishing Mgb Brasil Ltda",Performance,,,,,,,,,,,,True,artist_alias,Relatório UBEM - Canal Brasil
Escolinha Professor Raimundo,2025-02-24 00:00:00,Garota De Ipanema,"Tom Jobim,Vinicius De Moraes",Anonimo,"Universal Music Publishing Mgb Brasil Ltda,Jobim Music Ltda",Performance,,,,,,,,,,,,True,artist_alias,Relatório UBEM - Canal Brasil
Escolinha Professor Raimundo,2025-02-24 00:00:00,O Escandalo,"Henry Brown,Huon Donaldson,Renato Barros",Anonimo,Unknown Publisher,Performance,,,,,,,,,,,,True,artist_alias,Relatório UBEM - Canal Brasil
Escolinha Professor Raimundo,2025-02-24 00:00:00,Nao Se Avexe Nao,"Chico Anysio,Haydee Paula",Anonimo,Sony Music Publishing Brazil Edicoes Musicais Ltda,Performance,,,,,,,,,,,,True,artist_alias,Relatório UBEM - Canal Brasil
Escolinha Professor Raimundo,2025-02-25 00:00:00,Nao Se Avexe Nao,"Chico Anysio,Haydee Paula",Anonimo,Sony Music Publishing Brazil Edicoes Musicais Ltda,Performance,,,,,,,,,,,,True,artist_alias,Relatório UBEM - Canal Brasil
Escolinha Professor Raimundo,2025-02-25 00:00:00,Que Queres Tu De Mim,"Evaldo Gouveia,Jair Amorim",Anonimo,Editora E Importadora Musical Fermata Do Brasil Ltda,Performance,,,,,,,,,,,,True,artist_alias,Relatório UBEM - Canal Brasil
Escolinha Professor Raimundo,2025-02-25 00:00:00,Tempo Bom,Grande Otelo,Anonimo,Mario Luiz De Souza Prata (Mario Prata),Performance,,,,,,,,,,,,True,artist_alias,Relatório UBEM - Canal Brasil
Escolinha Professor Raimundo,2025-02-26 00:00:00,Adocica,Beto Barbosa,Anonimo,Warner Chappell Edicoes Musicais Ltda,Performance,,,,,,,,,,,,True,artist_alias,Relatório UBEM - Canal Brasil
Escolinha Professor Raimundo,2025-02-26 00:00:00,Tempo Bom,Grande Otelo,Anonimo,Mario Luiz De Souza Prata (Mario Prata),Performance,,,,,,,,,,,,True,artist_alias,Relatório UBEM - Canal Brasil
Escolinha Professor Raimundo,2025-02-27 00:00:00,Luzes Da Ribalta,"Antonio Almeida,Charles Chaplin,Joao De Barro",Anonimo,Peermusic Do Brasil Edicoes Musicais Ltda,Performance,,,,,,,,,,,,True,artist_alias,Relatório UBEM - Canal Brasil
Escolinha Professor Raimundo,2025-02-27 00:00:00,Perigosa,"Nelson Motta,Rita Lee,Roberto De Carvalho",Anonimo,"Universal Music Publishing Mgb Brasil Ltda,Warner Chappell Edicoes Musicais Ltda",Performance,,,,,,,,,,,,True,artist_alias,Relatório UBEM - Canal Brasil
Escolinha Professor Raimundo,2025-02-27 00:00:00,Jesus Cristo,"Erasmo Carlos,Roberto Carlos",Anonimo,Warner Chappell Edicoes Musicais Ltda,Performance,,,,,,,,,,,,True,artist_alias,Relatório UBEM - Canal Brasil
Escolinha Professor Raimundo,2025-02-27 00:00:00,Mamae Eu Quero,"Jararaca,Vicente Paiva Ribeiro",Anonimo,Mangione Filhos E Cia Ltda Epp,Performance,,,,,,,,,,,,True,artist_alias,Relatório UBEM - Canal Brasil
Escolinha Professor Raimundo,2025-02-27 00:00:00,Adocica,Beto Barbosa,Anonimo,Warner Chappell Edicoes Musicais Ltda,Performance,,,,,,,,,,,,True,artist_alias,Relatório UBEM - Canal Brasil
Escolinha Professor Raimundo,2025-02-28 00:00:00,Perigosa,"Nelson Motta,Rita Lee,Roberto De Carvalho",Anonimo,"Universal Music Publishing Mgb Brasil Ltda,Warner Chappell Edicoes Musicais Ltda",Performance,,,,,,,,,,,,True,artist_alias,Relatório UBEM - Canal Brasil
Escolinha Professor Raimundo,2025-02-28 00:00:00,Cachaca,"Herber Lobato,Lucio Castro,Marinozio Trigueiros Filhos,Mirabeau Pinheiro",Anonimo,Associacao Defensora De Direitos Autorais (Addaf),Performance,,,,,,,,,,,,True,artist_alias,Relatório UBEM - Canal Brasil
Escolinha Professor Raimundo,2025-02-28 00:00:00,Que Queres Tu De Mim,"Evaldo Gouveia,Jair Amorim",Anonimo,Editora E Importadora Musical Fermata Do Brasil Ltda,Performance,,,,,,,,,,,,True,artist_alias,Relatório UBEM - Canal Brasil
Escolinha Professor Raimundo,2025-02-28 00:00:00,Mamae Eu Quero,"Jararaca,Vicente Paiva Ribeiro",Anonimo,Mangione Filhos E Cia Ltda Epp,Performance,,,,,,,,,,,,True,artist_alias,Relatório UBEM - Canal Brasil
Festival Universo Spanta,2025-02-09 00:00:00,Energia De Gostosa,"Ivete Sangalo,Lari Tavares,Luana Matos,Rafa Lemos,Tassia Morais",Ivete Sangalo,"Iessi Music Label Ltda,Unknown Publisher",Performance,,,,,,,,,,,,True,artist_alias,Relatório UBEM - Canal Brasil
Festival Universo Spanta,2025-02-09 00:00:00,O Verao Bateu Em Minha Porta,"Gigi Cerqueira,Ivete Sangalo,Radames Venancio,Samir Trindade",Ivete Sangalo,Warner Chappell Edicoes Musicais Ltda,Performance,,,,,,,,,,,,True,artist_alias,Relatório UBEM - Canal Brasil
Versões,2025-02-28 00:00:00,Admirável Chip Novo,Pitty,Day,"Unknown Publisher,Warner Chappell Edicoes Musicais Ltda",Performance,,,,,,,,,,,,True,artist_alias,Relatório UBEM - Canal Brasil
Versões,2025-02-28 00:00:00,Brinquedo Torto,Pitty,Day,Warner Chappell Edicoes Musicais Ltda,Performance,,,,,,,,,,,,True,artist_alias,Relatório UBEM - Canal Brasil
Versões,2025-02-28 00:00:00,Dilúvio,"Danilo Valbusa,Day,Marcelinho Ferraz,Pedro Caropreso,Tiê Castro,Vitão",Day,"Universal Music Publishing Mgb Brasil Ltda,Warner Chappell Edicoes Musicais Ltda",Performance,,,,,,,,,,,,True,artist_alias,Relatório UBEM - Canal Brasil
Versões,2025-02-28 00:00:00,Equalize,"Peu Souza,Pitty",Day,Warner Chappell Edicoes Musicais Ltda,Performance,,,,,,,,,,,,True,artist_alias,Relatório UBEM - Canal Brasil
Versões,2025-02-28 00:00:00,I Wanna Be,Pitty,Day,Warner Chappell Edicoes Musicais Ltda,Performance,,,,,,,,,,,,True,artist_alias,Relatório UBEM - Canal Brasil
Versões,2025-02-28 00:00:00,Jurei Que Não Ia Falar De Amor,"Dan Valbusa,Day",Day,"Deck Producoes Artisticas Ltda,Universal Music Publishing Mgb Brasil Ltda",Performance,,,,,,,,,,,,True,artist_alias,Relatório UBEM - Canal Brasil
Versões,2025-02-28 00:00:00,Me Adora,Pitty,Day,Warner Chappell Edicoes Musicais Ltda,Performance,,,,,,,,,,,,True,artist_alias,Relatório UBEM - Canal Brasil
Versões,2025-02-28 00:00:00,Memórias,Pitty,Day,"Unknown Publisher,Warner Chappell Edicoes Musicais Ltda",Performance,,,,,,,,,,,,True,artist_alias,Relatório UBEM - Canal Brasil
Versões,2025-02-28 00:00:00,Metamorfose,"Adriano Alves,Day,Dj Dash,Marcelinho Ferraz",Day,"Deck Producoes Artisticas Ltda,Universal Music Publishing Mgb Brasil Ltda",Performance,,,,,,,,,,,,True,artist_alias,Relatório UBEM - Canal Brasil
Versões,2025-02-28 00:00:00,Na Sua Estante,Pitty,Day,Warner Chappell Edicoes Musicais Ltda,Performance,,,,,,,,,,,,True,artist_alias,Relatório UBEM - Canal Brasil
Versões,2025-02-28 00:00:00,Pulsos,"Martin,Pitty",Day,Warner Chappell Edicoes Musicais Ltda,Performance,,,,,,,,,,,,True,artist_alias,Relatório UBEM - Canal Brasil
Versões,2025-02-28 00:00:00,Semana Que Vem,Pitty,Day,Warner Chappell Edicoes Musicais Ltda,Performance,,,,,,,,,,,,True,artist_alias,Relatório UBEM - Canal Brasil
Big Brother Brasil 25,2025-02-01 00:00:00,Ta Solteira Mas Nao Ta Sozinha,"Gigi,Ivete Sangalo,Radames Venancio,Samir",Ivete Sangalo,Warner Chappell Edicoes Musicais Ltda,Performance,,,,,,,,,,,,True,artist_alias,Relatório UBEM - Canal Brasil
Big Brother Brasil 25,2025-02-01 00:00:00,Energia De Gostosa,"Ivete Sangalo,Lari Tavares,Luana Matos,Rafa Lemos,Tassia Morais",Ivete Sangalo,"Unknown Publisher,Iessi Music Label Ltda",Performance,,,,,,,,,,,,True,artist_alias,Relatório UBEM - Canal Brasil
Mais Voce,2025-02-06 00:00:00,Energia De Gostosa,"Ivete Sangalo,Lari Tavares,Luana Matos,Rafa Lemos,Tassia Morais",Ivete Sangalo,"Unknown Publisher,Iessi Music Label Ltda",Fundo Musical,,,,,,,,,,,,True,artist_alias,Relatório UBEM - Canal Brasil
Big Brother Brasil 25,2025-02-19 00:00:00,Alo Paixao,Jorge Xereu,Ivete Sangalo,Universal Music Publishing Mgb Brasil Ltda,Fundo Musical,,,,,,,,,,,,True,artist_alias,Relatório UBEM - Canal Brasil
Big Brother Brasil 25,2025-02-19 00:00:00,Eva,"Giancarlo Bigazzi,Marcos Ficarelli,Umberto Tozzi",Ivete Sangalo,"Associacao Defensora De Direitos Autorais (Addaf),Peermusic Do Brasil Edicoes Musicais Ltda",Fundo Musical,,,,,,,,,,,,True,artist_alias,Relatório UBEM - Canal Brasil
Mais Voce,2025-02-27 00:00:00,O Verao Bateu Em Minha Porta,"Gigi Cerqueira,Ivete Sangalo,Radames Venancio,Samir Trindade",Ivete Sangalo,Warner Chappell Edicoes Musicais Ltda,Fundo Musical,,,,,,,,,,,,True,artist_alias,Relatório UBEM - Canal Brasil
Corpo A Corpo,2025-02-10 00:00:00,Um Grande Amor,Vinicius Cantuaria,Fagner,Warner Chappell Edicoes Musicais Ltda,Tema Acervo,,,,,,,,,,,,True,artist_alias,Relatório UBEM - Canal Brasil
Angélica 50 & Uns,2025-02-01 00:00:00,Céu Azul,"Chorão,Thiago Castanho",Xamã,Sony Music Publishing Brazil Edicoes Musicais Ltda,Performance,,,,,,,,,,,,True,artist_alias,Relatório UBEM - Canal Brasil
Decora,2025-02-01 00:00:00,Pisando Descalço,Tales De Polli,Maneva,Universal Music Publishing Mgb Brasil Ltda,Fundo Musical Acervo,,,,,,,,,,,,True,artist_alias,Relatório UBEM - Canal Brasil
"Quem Não Pode, Se Sacode",2025-02-01 00:00:00,Axe Moo 3,Mu Carvalho,Mu Carvalho,Sony Music Publishing Brazil Edicoes Musicais Ltda,Fundo Musical,,,,,,,,,,,,True,artist_alias,Relatório UBEM - Canal Brasil
Angélica 50 & Uns,2025-02-02 00:00:00,Céu Azul,"Chorão,Thiago Castanho",Xamã,Sony Music Publishing Brazil Edicoes Musicais Ltda,Performance,,,,,,,,,,,,True,artist_alias,Relatório UBEM - Canal Brasil
"Quem Não Pode, Se Sacode",2025-02-02 00:00:00,Axe Moo 3,Mu Carvalho,Mu Carvalho,Sony Music Publishing Brazil Edicoes Musicais Ltda,Fundo Musical,,,,,,,,,,,,True,artist_alias,Relatório UBEM - Canal Brasil
Tempero De Família - Verão,2025-02-02 00:00:00,"Ordem Das Árvores, A",Tulipa Ruiz,Tulipa Ruiz,"Boa Musica Brasil Direitos Musicais Ltda,Dubas Musica Ltda",Fundo Musical Acervo,,,,,,,,,,,,True,artist_alias,Relatório UBEM - Canal Brasil
"Mais Cor, Por Favor!",2025-02-04 00:00:00,As Pastorinhas,"João De Barro,Noel Rosa",Noel Rosa,Mangione Filhos E Cia Ltda Epp,Fundo Musical Acervo,,,,,,,,,,,,True,artist_alias,Relatório UBEM - Canal Brasil
Que Seja Doce,2025-02-04 00:00:00,O Porquinho,"Toquinho,Vinícius De Moraes",Vinícius De Moraes,Universal Music Publishing Mgb Brasil Ltda,Fundo Musical Acervo,,,,,,,,,,,,True,artist_alias,Relatório UBEM - Canal Brasil
Alma De Cozinheira,2025-02-05 00:00:00,Por Supuesto,"Iuri Rio Branco,Marina Sena",Marina Sena,Boa Musica Brasil Direitos Musicais Ltda,Fundo Musical,,,,,,,,,,,,True,artist_alias,Relatório UBEM - Canal Brasil
Alma De Cozinheira,2025-02-07 00:00:00,Por Supuesto,"Iuri Rio Branco,Marina Sena",Marina Sena,Boa Musica Brasil Direitos Musicais Ltda,Fundo Musical,,,,,,,,,,,,True,artist_alias,Relatório UBEM - Canal Brasil
Alma De Cozinheira,2025-02-09 00:00:00,Por Supuesto,"Iuri Rio Branco,Marina Sena",Marina Sena,Boa Musica Brasil Direitos Musicais Ltda,Fundo Musical,,,,,,,,,,,,True,artist_alias,Relatório UBEM - Canal Brasil
Tempero De Família - Verão,2025-02-10 00:00:00,Tranquilo,Alexandre Kassin,Kassin,"Bmg Rights Management Brasil Ltda,Dubas Musica Ltda",Fundo Musical Acervo,,,,,,,,,,,,True,artist_alias,Relatório UBEM - Canal Brasil
Conversa Com Bial,2025-02-11 00:00:00,Piscina Vazia,"Baco Exu Do Blues,Christian Santana Dates Do Vale,Jlz,Marcelo Vasconcelos De Lamare,Marcos Mauricio",Baco Exu Do Blues,Boa Musica Brasil Direitos Musicais Ltda,Performance,,,,,,,,,,,,True,artist_alias,Relatório UBEM - Canal Brasil
Conversa Com Bial,2025-02-11 00:00:00,20 Ligacoes,"Baco Exu Do Blues,Christian Santana Dates Do Vale,Marcelo De Lamare",Baco Exu Do Blues,Boa Musica Brasil Direitos Musicais Ltda,Performance,,,,,,,,,,,,True,artist_alias,Relatório UBEM - Canal Brasil
Conversa Com Bial,2025-02-12 00:00:00,Piscina Vazia,"Baco Exu Do Blues,Christian Santana Dates Do Vale,Jlz,Marcelo Vasconcelos De Lamare,Marcos Mauricio",Baco Exu Do Blues,Boa Musica Brasil Direitos Musicais Ltda,Performance,,,,,,,,,,,,True,artist_alias,Relatório UBEM - Canal Brasil
Conversa Com Bial,2025-02-12 00:00:00,20 Ligacoes,"Baco Exu Do Blues,Christian Santana Dates Do Vale,Marcelo De Lamare",Baco Exu Do Blues,Boa Musica Brasil Direitos Musicais Ltda,Performance,,,,,,,,,,,,True,artist_alias,Relatório UBEM - Canal Brasil
Admiráveis Conselheiras,2025-02-13 00:00:00,Banho De Folhas,"Emilie Lapa,Luedji Luna",Luedji Luna,Dubas Musica Ltda,Fundo Musical,,,,,,,,,,,,True,artist_alias,Relatório UBEM - Canal Brasil
Que Seja Doce,2025-02-14 00:00:00,Debaixo Dos Caracóis Dos Seus Cabelos,"Erasmo Carlos,Roberto Carlos",Ivete Sangalo,Sony Music Publishing Brazil Edicoes Musicais Ltda,Fundo Musical Acervo,,,,,,,,,,,,True,artist_alias,Relatório UBEM - Canal Brasil
Admiráveis Conselheiras,2025-02-15 00:00:00,Banho De Folhas,"Emilie Lapa,Luedji Luna",Luedji Luna,Dubas Musica Ltda,Fundo Musical,,,,,,,,,,,,True,artist_alias,Relatório UBEM - Canal Brasil
"Quem Não Pode, Se Sacode",2025-02-15 00:00:00,Axe Moo 3,Mu Carvalho,Mu Carvalho,Sony Music Publishing Brazil Edicoes Musicais Ltda,Fundo Musical,,,,,,,,,,,,True,artist_alias,Relatório UBEM - Canal Brasil
Admiráveis Conselheiras,2025-02-16 00:00:00,Banho De Folhas,"Emilie Lapa,Luedji Luna",Luedji Luna,Dubas Musica Ltda,Fundo Musical,,,,,,,,,,,,True,artist_alias,Relatório UBEM - Canal Brasil
Tempero De Família - Verão,2025-02-16 00:00:00,Tranquilo,Alexandre Kassin,Kassin,"Bmg Rights Management Brasil Ltda,Dubas Musica Ltda",Fundo Musical Acervo,,,,,,,,,,,,True,artist_alias,Relatório UBEM - Canal Brasil
Pode Entrar - Refúgios,2025-02-22 00:00:00,Asas,Luedji Luna,Luedji Luna,Dubas Musica Ltda,Fundo Musical,,,,,,,,,,,,True,artist_alias,Relatório UBEM - Canal Brasil
Pode Entrar - Refúgios,2025-02-23 00:00:00,Asas,Luedji Luna,Luedji Luna,Dubas Musica Ltda,Fundo Musical,,,,,,,,,,,,True,artist_alias,Relatório UBEM - Canal Brasil
Avisa Lá Que Eu Vou,2025-02-25 00:00:00,Coração De Gelo,"Shalon Israel,Wiu",Wiu,Warner Chappell Edicoes Musicais Ltda,Fundo Musical,,,,,,,,,,,,True,artist_alias,Relatório UBEM - Canal Brasil
Pode Entrar - Refúgios,2025-02-25 00:00:00,Asas,Luedji Luna,Luedji Luna,Dubas Musica Ltda,Fundo Musical,,,,,,,,,,,,True,artist_alias,Relatório UBEM - Canal Brasil
Avisa Lá Que Eu Vou,2025-02-26 00:00:00,Coração De Gelo,"Shalon Israel,Wiu",Wiu,Warner Chappell Edicoes Musicais Ltda,Fundo Musical,,,,,,,,,,,,True,artist_alias,Relatório UBEM - Canal Brasil
Pode Entrar - Refúgios,2025-02-26 00:00:00,Asas,Luedji Luna,Luedji Luna,Dubas Musica Ltda,Fundo Musical,,,,,,,,,,,,True,artist_alias,Relatório UBEM - Canal Brasil
Pode Entrar - Refúgios,2025-02-27 00:00:00,Asas,Luedji Luna,Luedji Luna,Dubas Musica Ltda,Fundo Musical,,,,,,,,,,,,True,artist_alias,Relatório UBEM - Canal Brasil
"Mais Cor, Por Favor!",2025-02-28 00:00:00,Quando Eu Achar,"Gustavo Ruiz,Tulipa Ruiz",Tulipa Ruiz,Warner Chappell Edicoes Musicais Ltda,Fundo Musical Acervo,,,,,,,,,,,,True,artist_alias,Relatório UBEM - Canal Brasil
Like De Milhões,2025-02-01 00:00:00,Malvadão 3,Xamã,Xamã,Associacao Defensora De Direitos Autorais (Addaf),Fundo Musical,,,,,,,,,,,,True,artist_alias,Relatório UBEM - Canal Brasil
Tô De Graça,2025-02-01 00:00:00,Vamos Beber,"Anderson Alexandre,Dennis Dj",Dennis Dj,Sony Music Publishing Brazil Edicoes Musicais Ltda,Fundo Musical Acervo,,,,,,,,,,,,True,artist_alias,Relatório UBEM - Canal Brasil
Tô De Graça,2025-02-01 00:00:00,Pá Em Todo Mundo,"Dennis Dj,Gabriel Cantini",Dennis Dj,Sony Music Publishing Brazil Edicoes Musicais Ltda,Fundo Musical Acervo,,,,,,,,,,,,True,artist_alias,Relatório UBEM - Canal Brasil
Like De Milhões,2025-02-02 00:00:00,Malvadão 3,Xamã,Xamã,Associacao Defensora De Direitos Autorais (Addaf),Fundo Musical,,,,,,,,,,,,True,artist_alias,Relatório UBEM - Canal Brasil
Tô De Graça,2025-02-02 00:00:00,Vamos Beber,"Anderson Alexandre,Dennis Dj",Dennis Dj,Sony Music Publishing Brazil Edicoes Musicais Ltda,Fundo Musical Acervo,,,,,,,,,,,,True,artist_alias,Relatório UBEM - Canal Brasil
Tô De Graça,2025-02-02 00:00:00,Pá Em Todo Mundo,"Dennis Dj,Gabriel Cantini",Dennis Dj,Sony Music Publishing Brazil Edicoes Musicais Ltda,Fundo Musical Acervo,,,,,,,,,,,,True,artist_alias,Relatório UBEM - Canal Brasil
Tô De Graça,2025-02-03 00:00:00,Beber Beber,"Elivandro Cuca,Guilherme Lopez,Raimundo Bahia",Leonardo,"Sony Music Publishing Brazil Edicoes Musicais Ltda,Universal Music Publishing Mgb Brasil Ltda",Fundo Musical Acervo,,,,,,,,,,,,True,artist_alias,Relatório UBEM - Canal Brasil
Tô De Graça,2025-02-03 00:00:00,Relaxa E Toma,"Dennis Dj,Gabriel Cantini",Dennis Dj,Sony Music Publishing Brazil Edicoes Musicais Ltda,Fundo Musical Acervo,,,,,,,,,,,,True,artist_alias,Relatório UBEM - Canal Brasil
Tvz,2025-02-03 00:00:00,Numa Ilha,"André Oliva,Janluska,Marina Sena,Matheus Bragança",Marina Sena,Boa Musica Brasil Direitos Musicais Ltda,Clipe Musical,,,,,,,,,,,,True,artist_alias,Relatório UBEM - Canal Brasil
Like De Milhões,2025-02-04 00:00:00,Malvadão 3,Xamã,Xamã,Associacao Defensora De Direitos Autorais (Addaf),Fundo Musical,,,,,,,,,,,,True,artist_alias,Relatório UBEM - Canal Brasil
Tô De Graça,2025-02-04 00:00:00,Relaxa E Toma,"Dennis Dj,Gabriel Cantini",Dennis Dj,Sony Music Publishing Brazil Edicoes Musicais Ltda,Fundo Musical Acervo,,,,,,,,,,,,True,artist_alias,Relatório UBEM - Canal Brasil
Tvz,2025-02-04 00:00:00,Tudo Pra Amar Você,"Iuri Rio Branco,Marina Sena",Marina Sena,Boa Musica Brasil Direitos Musicais Ltda,Clipe Musical,,,,,,,,,,,,True,artist_alias,Relatório UBEM - Canal Brasil
Tô De Graça,2025-02-05 00:00:00,Relaxa E Toma,"Dennis Dj,Gabriel Cantini",Dennis Dj,Sony Music Publishing Brazil Edicoes Musicais Ltda,Fundo Musical Acervo,,,,,,,,,,,,True,artist_alias,Relatório UBEM - Canal Brasil
Tvz,2025-02-05 00:00:00,Tudo Pra Amar Você,"Iuri Rio Branco,Marina Sena",Marina Sena,Boa Musica Brasil Direitos Musicais Ltda,Clipe Musical,,,,,,,,,,,,True,artist_alias,Relatório UBEM - Canal Brasil
Vai Que Cola,2025-02-05 00:00:00,Dançando,"Filipe Escandurras,Marcio Victor,Tierry Coringa",Ivete Sangalo,"Abramus Digital Servicos De Identificacao De Repertorio Ltda Me,Warner Chappell Edicoes Musicais Ltda",Fundo Musical Acervo,,,,,,,,,,,,True,artist_alias,Relatório UBEM - Canal Brasil
Tô De Graça,2025-02-06 00:00:00,Céu Da Boca,Ronaldo Marcel,Ivete Sangalo,Warner Chappell Edicoes Musicais Ltda,Fundo Musical Acervo,,,,,,,,,,,,True,artist_alias,Relatório UBEM - Canal Brasil
Tvz,2025-02-06 00:00:00,Numa Ilha,"André Oliva,Janluska,Marina Sena,Matheus Bragança",Marina Sena,Boa Musica Brasil Direitos Musicais Ltda,Clipe Musical,,,,,,,,,,,,True,artist_alias,Relatório UBEM - Canal Brasil
Tô De Graça,2025-02-07 00:00:00,Céu Da Boca,Ronaldo Marcel,Ivete Sangalo,Warner Chappell Edicoes Musicais Ltda,Fundo Musical Acervo,,,,,,,,,,,,True,artist_alias,Relatório UBEM - Canal Brasil
Tvz,2025-02-07 00:00:00,Numa Ilha,"André Oliva,Janluska,Marina Sena,Matheus Bragança",Marina Sena,Boa Musica Brasil Direitos Musicais Ltda,Clipe Musical,,,,,,,,,,,,True,artist_alias,Relatório UBEM - Canal Brasil
Tô De Graça,2025-02-08 00:00:00,Relaxa E Toma,"Dennis Dj,Gabriel Cantini",Dennis Dj,Sony Music Publishing Brazil Edicoes Musicais Ltda,Fundo Musical Acervo,,,,,,,,,,,,True,artist_alias,Relatório UBEM - Canal Brasil
Tô De Graça,2025-02-08 00:00:00,Céu Da Boca,Ronaldo Marcel,Ivete Sangalo,Warner Chappell Edicoes Musicais Ltda,Fundo Musical Acervo,,,,,,,,,,,,True,artist_alias,Relatório UBEM - Canal Brasil
Tô De Graça,2025-02-09 00:00:00,Relaxa E Toma,"Dennis Dj,Gabriel Cantini",Dennis Dj,Sony Music Publishing Brazil Edicoes Musicais Ltda,Fundo Musical Acervo,,,,,,,,,,,,True,artist_alias,Relatório UBEM - Canal Brasil
Tô De Graça,2025-02-09 00:00:00,Céu Da Boca,Ronaldo Marcel,Ivete Sangalo,Warner Chappell Edicoes Musicais Ltda,Fundo Musical Acervo,,,,,,,,,,,,True,artist_alias,Relatório UBEM - Canal Brasil
Vai Que Cola,2025-02-09 00:00:00,Qualquer Jeito (Não Está Sendo Fácil),"Erasmo Carlos,Robert Dill,Roberto Carlos",Kátia,Universal Music Publishing Mgb Brasil Ltda,Fundo Musical Acervo,,,,,,,,,,,,True,artist_alias,Relatório UBEM - Canal Brasil
Tvz,2025-02-10 00:00:00,Me Lambe,"Andre Murilo Da Silva,Guilherme Santos Pereira,Jose Henrique Castanho De Godoy Pinheiro,João Vitor Romania Balbino,Pedro Tófani",Jão,"Bmg Rights Management Brasil Ltda,Universal Music Publishing Mgb Brasil Ltda,Warner Chappell Edicoes Musicais Ltda",Clipe Musical,,,,,,,,,,,,True,artist_alias,Relatório UBEM - Canal Brasil
Tvz,2025-02-11 00:00:00,Me Lambe,"Andre Murilo Da Silva,Guilherme Santos Pereira,Jose Henrique Castanho De Godoy Pinheiro,João Vitor Romania Balbino,Pedro Tófani",Jão,"Bmg Rights Management Brasil Ltda,Universal Music Publishing Mgb Brasil Ltda,Warner Chappell Edicoes Musicais Ltda",Clipe Musical,,,,,,,,,,,,True,artist_alias,Relatório UBEM - Canal Brasil
Vai Que Cola,2025-02-12 00:00:00,Qualquer Jeito (Não Está Sendo Fácil),"Erasmo Carlos,Robert Dill,Roberto Carlos",Kátia,Universal Music Publishing Mgb Brasil Ltda,Fundo Musical Acervo,,,,,,,,,,,,True,artist_alias,Relatório UBEM - Canal Brasil
Vai Que Cola,2025-02-13 00:00:00,Qualquer Jeito (Não Está Sendo Fácil),"Erasmo Carlos,Robert Dill,Roberto Carlos",Kátia,Universal Music Publishing Mgb Brasil Ltda,Fundo Musical Acervo,,,,,,,,,,,,True,artist_alias,Relatório UBEM - Canal Brasil
Família Paraíso,2025-02-14 00:00:00,"Noite Preta, A","Alceu Valença,Lula Cortes,Zé Ramalho",Zé Ramalho,Sony Music Publishing Brazil Edicoes Musicais Ltda,Fundo Musical,,,,,,,,,,,,True,artist_alias,Relatório UBEM - Canal Brasil
Tô De Graça,2025-02-14 00:00:00,Beber Beber,"Elivandro Cuca,Guilherme Lopez,Raimundo Bahia",Leonardo,"Sony Music Publishing Brazil Edicoes Musicais Ltda,Universal Music Publishing Mgb Brasil Ltda",Fundo Musical Acervo,,,,,,,,,,,,True,artist_alias,Relatório UBEM - Canal Brasil
Tô De Graça,2025-02-15 00:00:00,Beber Beber,"Elivandro Cuca,Guilherme Lopez,Raimundo Bahia",Leonardo,"Sony Music Publishing Brazil Edicoes Musicais Ltda,Universal Music Publishing Mgb Brasil Ltda",Fundo Musical Acervo,,,,,,,,,,,,True,artist_alias,Relatório UBEM - Canal Brasil
Vai Que Cola,2025-02-15 00:00:00,Qualquer Jeito (Não Está Sendo Fácil),"Erasmo Carlos,Robert Dill,Roberto Carlos",Kátia,Universal Music Publishing Mgb Brasil Ltda,Fundo Musical Acervo,,,,,,,,,,,,True,artist_alias,Relatório UBEM - Canal Brasil
Família Paraíso,2025-02-17 00:00:00,"Noite Preta, A","Alceu Valença,Lula Cortes,Zé Ramalho",Zé Ramalho,Sony Music Publishing Brazil Edicoes Musicais Ltda,Fundo Musical,,,,,,,,,,,,True,artist_alias,Relatório UBEM - Canal Brasil
Tô De Graça,2025-02-17 00:00:00,Beber Beber,"Elivandro Cuca,Guilherme Lopez,Raimundo Bahia",Leonardo,"Sony Music Publishing Brazil Edicoes Musicais Ltda,Universal Music Publishing Mgb Brasil Ltda",Fundo Musical Acervo,,,,,,,,,,,,True,artist_alias,Relatório UBEM - Canal Brasil
Tô De Graça,2025-02-18 00:00:00,Beber Beber,"Elivandro Cuca,Guilherme Lopez,Raimundo Bahia",Leonardo,"Sony Music Publishing Brazil Edicoes Musicais Ltda,Universal Music Publishing Mgb Brasil Ltda",Fundo Musical Acervo,,,,,,,,,,,,True,artist_alias,Relatório UBEM - Canal Brasil
Vai Que Cola,2025-02-21 00:00:00,O Golpe Tá Aí Cai Quem Quer,Dj Guuga,Dj Guuga,"Sony Music Publishing Brazil Edicoes Musicais Ltda,Unknown Publisher",Fundo Musical,,,,,,,,,,,,True,artist_alias,Relatório UBEM - Canal Brasil
Vai Que Cola,2025-02-21 00:00:00,Acelera Aê,"Dan Kambaiah,Fabio O'Brian,Gigi,Magno Santanna",Ivete Sangalo,"Carlos Magno De Santanna,Warner Chappell Edicoes Musicais Ltda",Fundo Musical,,,,,,,,,,,,True,artist_alias,Relatório UBEM - Canal Brasil
Tô De Graça,2025-02-24 00:00:00,Debaixo Dos Caracóis Dos Seus Cabelos,"Erasmo Carlos,Roberto Carlos",Ivete Sangalo,Sony Music Publishing Brazil Edicoes Musicais Ltda,Fundo Musical,,,,,,,,,,,,True,artist_alias,Relatório UBEM - Canal Brasil
Tô De Graça,2025-02-24 00:00:00,Garganta,Totonho Villeroy,Ana Carolina,Universal Music Publishing Mgb Brasil Ltda,Fundo Musical,,,,,,,,,,,,True,artist_alias,Relatório UBEM - Canal Brasil
Vai Que Cola,2025-02-24 00:00:00,Sorte Grande,Lourenço,Ivete Sangalo,L O S Producoes E Promocoes Artisticas Ltda Me,Performance,,,,,,,,,,,,True,artist_alias,Relatório UBEM - Canal Brasil
Tvz,2025-02-26 00:00:00,Energia De Gostosa,"Ivete Sangalo,Tassia Morais,Rafa Lemos,Luana Matos,Lari Tavares",Ivete Sangalo,"Unknown Publisher,Warner Chappell Edições Musicais Ltda.",Clipe Musical,,,,,,,,,,,,True,artist_alias,Relatório UBEM - Canal Brasil
Tvz,2025-02-26 00:00:00,Lugar Perfeito,"Ivete Sangalo,Klismman,Romeu R3,Wallace Vianna",Ivete Sangalo,"Unknown Publisher,Warner Chappell Edicoes Musicais Ltda",Clipe Musical,,,,,,,,,,,,True,artist_alias,Relatório UBEM - Canal Brasil
Vai Que Cola,2025-02-26 00:00:00,Borbulhas De Amor (Tenho Um Coração),"Ferreira Goulart,Juan Luis Guerra",Fagner,Universal Music Publishing Mgb Brasil Ltda,Fundo Musical,,,,,,,,,,,,True,artist_alias,Relatório UBEM - Canal Brasil
Tô De Graça,2025-02-27 00:00:00,Debaixo Dos Caracóis Dos Seus Cabelos,"Erasmo Carlos,Roberto Carlos",Ivete Sangalo,Sony Music Publishing Brazil Edicoes Musicais Ltda,Fundo Musical,,,,,,,,,,,,True,artist_alias,Relatório UBEM - Canal Brasil
Tô De Graça,2025-02-27 00:00:00,Garganta,Totonho Villeroy,Ana Carolina,Universal Music Publishing Mgb Brasil Ltda,Fundo Musical,,,,,,,,,,,,True,artist_alias,Relatório UBEM - Canal Brasil
Tô De Graça,2025-02-27 00:00:00,Beber Beber,"Elivandro Cuca,Guilherme Lopez,Raimundo Bahia",Leonardo,"Sony Music Publishing Brazil Edicoes Musicais Ltda,Universal Music Publishing Mgb Brasil Ltda",Fundo Musical Acervo,,,,,,,,,,,,True,artist_alias,Relatório UBEM - Canal Brasil
Tô De Graça,2025-02-27 00:00:00,Vamos Beber,"Anderson Alexandre,Dennis Dj",Dennis Dj,Sony Music Publishing Brazil Edicoes Musicais Ltda,Fundo Musical,,,,,,,,,,,,True,artist_alias,Relatório UBEM - Canal Brasil
Tvz,2025-02-27 00:00:00,Energia De Gostosa,"Ivete Sangalo,Tassia Morais,Rafa Lemos,Luana Matos,Lari Tavares",Ivete Sangalo,"Unknown Publisher,Warner Chappell Edições Musicais Ltda.",Clipe Musical,,,,,,,,,,,,True,artist_alias,Relatório UBEM - Canal Brasil
Tvz,2025-02-27 00:00:00,Lugar Perfeito,"Ivete Sangalo,Klismman,Romeu R3,Wallace Vianna",Ivete Sangalo,"Unknown Publisher,Warner Chappell Edicoes Musicais Ltda",Clipe Musical,,,,,,,,,,,,True,artist_alias,Relatório UBEM - Canal Brasil
Tvz,2025-02-27 00:00:00,Idiota,"Jão,Pedro Tofani,Zebu",Jão,"Universal Music Publishing Mgb Brasil Ltda,Warner Chappell Edicoes Musicais Ltda",Clipe Musical,,,,,,,,,,,,True,artist_alias,Relatório UBEM - Canal Brasil
Vai Que Cola,2025-02-27 00:00:00,Borbulhas De Amor (Tenho Um Coração),"Ferreira Goulart,Juan Luis Guerra",Fagner,Universal Music Publishing Mgb Brasil Ltda,Fundo Musical,,,,,,,,,,,,True,artist_alias,Relatório UBEM - Canal Brasil
Tô De Graça,2025-02-28 00:00:00,Vamos Beber,"Anderson Alexandre,Dennis Dj",Dennis Dj,Sony Music Publishing Brazil Edicoes Musicais Ltda,Fundo Musical,,,,,,,,,,,,True,artist_alias,Relatório UBEM - Canal Brasil
Tô De Graça,2025-02-28 00:00:00,Pá Em Todo Mundo,"Dennis Dj,Gabriel Cantini",Dennis Dj,Sony Music Publishing Brazil Edicoes Musicais Ltda,Fundo Musical,,,,,,,,,,,,True,artist_alias,Relatório UBEM - Canal Brasil
Tvz,2025-02-28 00:00:00,Idiota,"Jão,Pedro Tofani,Zebu",Jão,"Universal Music Publishing Mgb Brasil Ltda,Warner Chappell Edicoes Musicais Ltda",Clipe Musical,,,,,,,,,,,,True,artist_alias,Relatório UBEM - Canal Brasil
Tvz,2025-02-28 00:00:00,Malvadão 3,Xamã,Xamã,Associacao Defensora De Direitos Autorais (Addaf),Clipe Musical,,,,,,,,,,,,True,artist_alias,Relatório UBEM - Canal Brasil
E De Casa,2025-02-01 00:00:00,O Verao Bateu Em Minha Porta,"Gigi Cerqueira,Ivete Sangalo,Radames Venancio,Samir Trindade",Ivete Sangalo,Warner Chappell Edicoes Musicais Ltda,Fundo Musical,,,,,,,,,,,,True,artist_alias,Relatório UBEM - Canal Brasil
Big Brother Brasil 25,2025-02-01 00:00:00,Ta Solteira Mas Nao Ta Sozinha,"Gigi,Ivete Sangalo,Radames Venancio,Samir",Ivete Sangalo,Warner Chappell Edicoes Musicais Ltda,Ao Vivo Performance,,,,,,,,,,,,True,artist_alias,Relatório UBEM - Canal Brasil
Big Brother Brasil 25,2025-02-01 00:00:00,Energia De Gostosa,"Ivete Sangalo,Lari Tavares,Luana Matos,Rafa Lemos,Tassia Morais",Ivete Sangalo,"Unknown Publisher,Iessi Music Label Ltda",Ao Vivo Performance,,,,,,,,,,,,True,artist_alias,Relatório UBEM - Canal Brasil
Big Brother Brasil 25,2025-02-02 00:00:00,Eva,"Giancarlo Bigazzi,Marcos Ficarelli,Umberto Tozzi",Ivete Sangalo,"Peermusic Do Brasil Edicoes Musicais Ltda,Associacao Defensora De Direitos Autorais (Addaf)",Performance,,,,,,,,,,,,True,artist_alias,Relatório UBEM - Canal Brasil
Big Brother Brasil 25,2025-02-02 00:00:00,Festa,Anderson Cunha,Ivete Sangalo,Universal Music Publishing Mgb Brasil Ltda,Performance,,,,,,,,,,,,True,artist_alias,Relatório UBEM - Canal Brasil
Big Brother Brasil 25,2025-02-02 00:00:00,Tempo De Alegria,"Filipe Escandurras,Gigi,Magno Sant Anna",Ivete Sangalo,"Warner Chappell Edicoes Musicais Ltda,Unknown Publisher,Abramus Digital Servicos De Identificacao De Repertorio Ltda Me",Performance,,,,,,,,,,,,True,artist_alias,Relatório UBEM - Canal Brasil
Big Brother Brasil 25,2025-02-02 00:00:00,Abalou,Gigi,Ivete Sangalo,Warner Chappell Edicoes Musicais Ltda,Performance,,,,,,,,,,,,True,artist_alias,Relatório UBEM - Canal Brasil
Big Brother Brasil 25,2025-02-02 00:00:00,Muito Obrigado Axe,Carlinhos Brown,Ivete Sangalo,Warner Chappell Edicoes Musicais Ltda,Performance,,,,,,,,,,,,True,artist_alias,Relatório UBEM - Canal Brasil
Encontro,2025-02-03 00:00:00,Mucuripe,"Belchior,Fagner",Fagner,Warner Chappell Edicoes Musicais Ltda,Fundo Musical,,,,,,,,,,,,True,artist_alias,Relatório UBEM - Canal Brasil
Vai Que Cola,2025-02-05 00:00:00,Borbulhas De Amor,Juan Luiz Guerra,Fagner,Universal Music Publishing Mgb Brasil Ltda,Fundo Musical,,,,,,,,,,,,True,artist_alias,Relatório UBEM - Canal Brasil
Mais Voce,2025-02-06 00:00:00,Energia De Gostosa,"Ivete Sangalo,Lari Tavares,Luana Matos,Rafa Lemos,Tassia Morais",Ivete Sangalo,"Unknown Publisher,Iessi Music Label Ltda",Ao Vivo Fundo Musical,,,,,,,,,,,,True,artist_alias,Relatório UBEM - Canal Brasil
Vai Que Cola,2025-02-11 00:00:00,Sorte Grande,Lourenco,Ivete Sangalo,L O S Producoes E Promocoes Artisticas Ltda Me,Performance,,,,,,,,,,,,True,artist_alias,Relatório UBEM - Canal Brasil
Vai Que Cola,2025-02-12 00:00:00,Rosas,Antonio Villeroy,Ana Carolina,Universal Music Publishing Mgb Brasil Ltda,Fundo Musical,,,,,,,,,,,,True,artist_alias,Relatório UBEM - Canal Brasil
Big Brother Brasil 25,2025-02-19 00:00:00,Eva,"Giancarlo Bigazzi,Marcos Ficarelli,Umberto Tozzi",Ivete Sangalo,"Peermusic Do Brasil Edicoes Musicais Ltda,Associacao Defensora De Direitos Autorais (Addaf)",Ao Vivo Fundo Musical,,,,,,,,,,,,True,artist_alias,Relatório UBEM - Canal Brasil
Big Brother Brasil 25,2025-02-19 00:00:00,Alo Paixao,Jorge Xereu,Ivete Sangalo,Universal Music Publishing Mgb Brasil Ltda,Ao Vivo Fundo Musical,,,,,,,,,,,,True,artist_alias,Relatório UBEM - Canal Brasil
Big Brother Brasil 25,2025-02-20 00:00:00,Eva,"Giancarlo Bigazzi,Marcos Ficarelli,Umberto Tozzi",Ivete Sangalo,"Peermusic Do Brasil Edicoes Musicais Ltda,Associacao Defensora De Direitos Autorais (Addaf)",Fundo Musical,,,,,,,,,,,,True,artist_alias,Relatório UBEM - Canal Brasil
Vai Que Cola,2025-02-20 00:00:00,Quem De Nos Dois,"A Descobrir,Ana,Dudu,Gianluca Grignani,Massimo Luca",Ana Carolina,"Universal Music Publishing Mgb Brasil Ltda,Warner Chappell Edicoes Musicais Ltda,Unknown Publisher",Fundo Musical,,,,,,,,,,,,True,artist_alias,Relatório UBEM - Canal Brasil
Big Brother Brasil 25,2025-02-20 00:00:00,Beleza Rara,Ed Grandao,Ivete Sangalo,Universal Music Publishing Mgb Brasil Ltda,Fundo Musical,,,,,,,,,,,,True,artist_alias,Relatório UBEM - Canal Brasil
Vai Que Cola,2025-02-20 00:00:00,Ceu Da Boca,Ronaldo Marcel,Ivete Sangalo,Warner Chappell Edicoes Musicais Ltda,Fundo Musical,,,,,,,,,,,,True,artist_alias,Relatório UBEM - Canal Brasil
E De Casa,2025-02-22 00:00:00,Na Beira Do Rio,Marcelo Cabral,Marcelo Cabral,Unknown Publisher,Fundo Musical,,,,,,,,,,,,True,artist_alias,Relatório UBEM - Canal Brasil
E De Casa,2025-02-22 00:00:00,Flor Do Sertao,Marcelo Cabral,Marcelo Cabral,Unknown Publisher,Fundo Musical,,,,,,,,,,,,True,artist_alias,Relatório UBEM - Canal Brasil
Vai Que Cola,2025-02-25 00:00:00,Vidro Fume,"Alex Ferraz Luis Dos Santos,Diogo Correia Da Silva,Tiago Da Silva Merces",Mc Th,Unknown Publisher,Fundo Musical,,,,,,,,,,,,True,artist_alias,Relatório UBEM - Canal Brasil
Mais Voce,2025-02-27 00:00:00,O Verao Bateu Em Minha Porta,"Gigi Cerqueira,Ivete Sangalo,Radames Venancio,Samir Trindade",Ivete Sangalo,Warner Chappell Edicoes Musicais Ltda,Ao Vivo Fundo Musical,,,,,,,,,,,,True,artist_alias,Relatório UBEM - Canal Brasil
Vai Que Cola,2025-02-27 00:00:00,Ela So Quer Paz,Projota,Projota,Universal Music Publishing Mgb Brasil Ltda,Fundo Musical,,,,,,,,,,,,True,artist_alias,Relatório UBEM - Canal Brasil
Big Brother Brasil 25,2025-02-28 00:00:00,Muito Obrigado Axe,Carlinhos Brown,Ivete Sangalo,Warner Chappell Edicoes Musicais Ltda,Fundo Musical,,,,,,,,,,,,True,artist_alias,Relatório UBEM - Canal Brasil
Toma La Da Ca,2025-02-01 00:00:00,Devaneio,Jorge Vercillo,Jorge Vercillo,Warner Chappell Edicoes Musicais Ltda,Fundo Musical,,,,,,,,,,,,True,artist_alias,Relatório UBEM - Canal Brasil
Escolinha Professor Raimundo,2025-02-13 00:00:00,Que Queres Tu De Mim,"Evaldo Gouveia,Jair Amorim",Anonimo,Editora E Importadora Musical Fermata Do Brasil Ltda,Performance,,,,,,,,,,,,True,artist_alias,Relatório UBEM - Canal Brasil
Escolinha Professor Raimundo,2025-02-14 00:00:00,Que Queres Tu De Mim,"Evaldo Gouveia,Jair Amorim",Anonimo,Editora E Importadora Musical Fermata Do Brasil Ltda,Performance,,,,,,,,,,,,True,artist_alias,Relatório UBEM - Canal Brasil
Escolinha Professor Raimundo,2025-02-19 00:00:00,Strangers In The Night,"Bert Kaempfert,Charles Singleton,Eddie Snyder",Anonimo,Universal Music Publishing Mgb Brasil Ltda,Performance,,,,,,,,,,,,True,artist_alias,Relatório UBEM - Canal Brasil
Escolinha Professor Raimundo,2025-02-20 00:00:00,Que Queres Tu De Mim,"Evaldo Gouveia,Jair Amorim",Anonimo,Editora E Importadora Musical Fermata Do Brasil Ltda,Performance,,,,,,,,,,,,True,artist_alias,Relatório UBEM - Canal Brasil
Escolinha Professor Raimundo,2025-02-20 00:00:00,Strangers In The Night,"Bert Kaempfert,Charles Singleton,Eddie Snyder",Anonimo,Universal Music Publishing Mgb Brasil Ltda,Performance,,,,,,,,,,,,True,artist_alias,Relatório UBEM - Canal Brasil
Escolinha Professor Raimundo,2025-02-20 00:00:00,Valsa Da Despedida,David Nasser,Anonimo,Irmaos Vitale Editores Ltda,Performance,,,,,,,,,,,,True,artist_alias,Relatório UBEM - Canal Brasil
Escolinha Professor Raimundo,2025-02-21 00:00:00,Que Queres Tu De Mim,"Evaldo Gouveia,Jair Amorim",Anonimo,Editora E Importadora Musical Fermata Do Brasil Ltda,Performance,,,,,,,,,,,,True,artist_alias,Relatório UBEM - Canal Brasil
Escolinha Professor Raimundo,2025-02-21 00:00:00,Valsa Da Despedida,David Nasser,Anonimo,Irmaos Vitale Editores Ltda,Performance,,,,,,,,,,,,True,artist_alias,Relatório UBEM - Canal Brasil
Escolinha Professor Raimundo,2025-02-21 00:00:00,Garota De Ipanema,"Tom Jobim,Vinicius De Moraes",Anonimo,"Jobim Music Ltda,Universal Music Publishing Mgb Brasil Ltda",Performance,,,,,,,,,,,,True,artist_alias,Relatório UBEM - Canal Brasil
Escolinha Professor Raimundo,2025-02-24 00:00:00,Garota De Ipanema,"Tom Jobim,Vinicius De Moraes",Anonimo,"Universal Music Publishing Mgb Brasil Ltda,Jobim Music Ltda",Performance,,,,,,,,,,,,True,artist_alias,Relatório UBEM - Canal Brasil
Escolinha Professor Raimundo,2025-02-24 00:00:00,O Escandalo,"Henry Brown,Huon Donaldson,Renato Barros",Anonimo,Unknown Publisher,Performance,,,,,,,,,,,,True,artist_alias,Relatório UBEM - Canal Brasil
Escolinha Professor Raimundo,2025-02-24 00:00:00,Nao Se Avexe Nao,"Chico Anysio,Haydee Paula",Anonimo,Sony Music Publishing Brazil Edicoes Musicais Ltda,Performance,,,,,,,,,,,,True,artist_alias,Relatório UBEM - Canal Brasil
Escolinha Professor Raimundo,2025-02-25 00:00:00,Nao Se Avexe Nao,"Chico Anysio,Haydee Paula",Anonimo,Sony Music Publishing Brazil Edicoes Musicais Ltda,Performance,,,,,,,,,,,,True,artist_alias,Relatório UBEM - Canal Brasil
Escolinha Professor Raimundo,2025-02-25 00:00:00,Que Queres Tu De Mim,"Evaldo Gouveia,Jair Amorim",Anonimo,Editora E Importadora Musical Fermata Do Brasil Ltda,Performance,,,,,,,,,,,,True,artist_alias,Relatório UBEM - Canal Brasil
Escolinha Professor Raimundo,2025-02-25 00:00:00,Tempo Bom,Grande Otelo,Anonimo,Mario Luiz De Souza Prata (Mario Prata),Performance,,,,,,,,,,,,True,artist_alias,Relatório UBEM - Canal Brasil
Escolinha Professor Raimundo,2025-02-26 00:00:00,Adocica,Beto Barbosa,Anonimo,Warner Chappell Edicoes Musicais Ltda,Performance,,,,,,,,,,,,True,artist_alias,Relatório UBEM - Canal Brasil
Escolinha Professor Raimundo,2025-02-26 00:00:00,Tempo Bom,Grande Otelo,Anonimo,Mario Luiz De Souza Prata (Mario Prata),Performance,,,,,,,,,,,,True,artist_alias,Relatório UBEM - Canal Brasil
Escolinha Professor Raimundo,2025-02-27 00:00:00,Luzes Da Ribalta,"Antonio Almeida,Charles Chaplin,Joao De Barro",Anonimo,Peermusic Do Brasil Edicoes Musicais Ltda,Performance,,,,,,,,,,,,True,artist_alias,Relatório UBEM - Canal Brasil
Escolinha Professor Raimundo,2025-02-27 00:00:00,Perigosa,"Nelson Motta,Rita Lee,Roberto De Carvalho",Anonimo,"Universal Music Publishing Mgb Brasil Ltda,Warner Chappell Edicoes Musicais Ltda",Performance,,,,,,,,,,,,True,artist_alias,Relatório UBEM - Canal Brasil
Escolinha Professor Raimundo,2025-02-27 00:00:00,Jesus Cristo,"Erasmo Carlos,Roberto Carlos",Anonimo,Warner Chappell Edicoes Musicais Ltda,Performance,,,,,,,,,,,,True,artist_alias,Relatório UBEM - Canal Brasil
Escolinha Professor Raimundo,2025-02-27 00:00:00,Mamae Eu Quero,"Jararaca,Vicente Paiva Ribeiro",Anonimo,Mangione Filhos E Cia Ltda Epp,Performance,,,,,,,,,,,,True,artist_alias,Relatório UBEM - Canal Brasil
Escolinha Professor Raimundo,2025-02-27 00:00:00,Adocica,Beto Barbosa,Anonimo,Warner Chappell Edicoes Musicais Ltda,Performance,,,,,,,,,,,,True,artist_alias,Relatório UBEM - Canal Brasil
Escolinha Professor Raimundo,2025-02-28 00:00:00,Perigosa,"Nelson Motta,Rita Lee,Roberto De Carvalho",Anonimo,"Universal Music Publishing Mgb Brasil Ltda,Warner Chappell Edicoes Musicais Ltda",Performance,,,,,,,,,,,,True,artist_alias,Relatório UBEM - Canal Brasil
Escolinha Professor Raimundo,2025-02-28 00:00:00,Cachaca,"Herber Lobato,Lucio Castro,Marinozio Trigueiros Filhos,Mirabeau Pinheiro",Anonimo,Associacao Defensora De Direitos Autorais (Addaf),Performance,,,,,,,,,,,,True,artist_alias,Relatório UBEM - Canal Brasil
Escolinha Professor Raimundo,2025-02-28 00:00:00,Que Queres Tu De Mim,"Evaldo Gouveia,Jair Amorim",Anonimo,Editora E Importadora Musical Fermata Do Brasil Ltda,Performance,,,,,,,,,,,,True,artist_alias,Relatório UBEM - Canal Brasil
Escolinha Professor Raimundo,2025-02-28 00:00:00,Mamae Eu Quero,"Jararaca,Vicente Paiva Ribeiro",Anonimo,Mangione Filhos E Cia Ltda Epp,Performance,,,,,,,,,,,,True,artist_alias,Relatório UBEM - Canal Brasil
Esporte Espetacular,2024-11-17 00:00:00,Principia,"Emicida,Nave",Emicida,"Sony Music Publishing Brazil Edicoes Musicais Ltda,Warner Chappell Edicoes Musicais Ltda",Fundo Em Jornalismo,,,,,,,,,,,,True,artist_alias,Relatório UBEM - Canal Brasil
Globo Esporte,2024-11-29 00:00:00,Parabens Da Xuxa,"Michael Sullivan,Miguel Plopschi,Paulo Massadas",Michael Sullivan,Sony Music Publishing Brazil Edicoes Musicais Ltda,Performance,,,,,,,,,,,,True,artist_alias,Relatório UBEM - Canal Brasil
Altas Horas,2024-11-09 00:00:00,Abalou,Gigi,Ivete Sangalo,Warner Chappell Edicoes Musicais Ltda,Performance,,,,,,,,,,,,True,artist_alias,Relatório UBEM - Canal Brasil
Altas Horas,2024-11-09 00:00:00,Batucada,"Gigi Cerqueira,Ivete Sangalo,Samir Trindade",Ivete Sangalo,Warner Chappell Edicoes Musicais Ltda,Performance,,,,,,,,,,,,True,artist_alias,Relatório UBEM - Canal Brasil
Altas Horas,2024-11-09 00:00:00,Cria Da Ivete,"Ivete Sangalo,Luciano Chaves,Samir Trindade",Ivete Sangalo,Warner Chappell Edicoes Musicais Ltda,Performance,,,,,,,,,,,,True,artist_alias,Relatório UBEM - Canal Brasil
Altas Horas,2024-11-09 00:00:00,Festa,Anderson Cunha,Ivete Sangalo,"Universal Music Publishing Mgb Brasil Ltda,Warner Chappell Edicoes Musicais Ltda",Performance,,,,,,,,,,,,True,artist_alias,Relatório UBEM - Canal Brasil
Altas Horas,2024-11-09 00:00:00,Levada Louca,"Alaim Tavares,Gilson Babilonia,Lula Carvalho",Ivete Sangalo,"Universal Music Publishing Mgb Brasil Ltda,Sony Music Publishing Brazil Edicoes Musicais Ltda",Performance,,,,,,,,,,,,True,artist_alias,Relatório UBEM - Canal Brasil
Altas Horas,2024-11-09 00:00:00,Na Base Do Beijo,"Alaim Tavares,Rita Mendes",Ivete Sangalo,"Warner Chappell Edicoes Musicais Ltda,Sony Music Publishing Brazil Edicoes Musicais Ltda",Performance,,,,,,,,,,,,True,artist_alias,Relatório UBEM - Canal Brasil
Altas Horas,2024-11-09 00:00:00,O Mundo Vai,"Ivete Sangalo,Neilton Cerqueira Santos,Radames Venancio,Ramon Cruz,Samir Trindade,Tierry",Ivete Sangalo,"Unknown Publisher,Universal Music Publishing Mgb Brasil Ltda,Warner Chappell Edicoes Musicais Ltda",Performance,,,,,,,,,,,,True,artist_alias,Relatório UBEM - Canal Brasil
Altas Horas,2024-11-09 00:00:00,Rua Da Saudade,"Gigi Cerqueira,Ivete Sangalo,Radames Venancio,Samir Trindade",Ivete Sangalo,Warner Chappell Edicoes Musicais Ltda,Performance,,,,,,,,,,,,True,artist_alias,Relatório UBEM - Canal Brasil
Altas Horas,2024-11-09 00:00:00,Seus Recados,"Gigi Cerqueira,Ivete Sangalo,Liniker Barros,Radames Venancio,Samir Trindade",Ivete Sangalo,"Warner Chappell Edicoes Musicais Ltda,Boa Musica Brasil Direitos Musicais Ltda",Performance,,,,,,,,,,,,True,artist_alias,Relatório UBEM - Canal Brasil
Altas Horas,2024-11-09 00:00:00,Sorte Grande,Lourenco,Ivete Sangalo,L O S Producoes E Promocoes Artisticas Ltda Me,Performance,,,,,,,,,,,,True,artist_alias,Relatório UBEM - Canal Brasil
Altas Horas,2024-11-09 00:00:00,Tempo De Alegria,"Filipe Escandurras,Gigi,Magno Sant Anna",Ivete Sangalo,"Unknown Publisher,Abramus Digital Servicos De Identificacao De Repertorio Ltda Me,Warner Chappell Edicoes Musicais Ltda",Performance,,,,,,,,,,,,True,artist_alias,Relatório UBEM - Canal Brasil
Altas Horas,2024-11-09 00:00:00,Zero A Cem,"Josué Moreira,Lucas Anchieta Gonzaga Ribeiro",Ivete Sangalo,"Warner Chappell Edicoes Musicais Ltda,Costa & Valle Gestao De Direitos Autorais E Producao Artistica Ltda Me",Performance,,,,,,,,,,,,True,artist_alias,Relatório UBEM - Canal Brasil
Circuito Sertanejo,2024-11-17 00:00:00,Amor Na Praia,"Caio Limas,Cleber Show,Lucas Souza Lima,Norman Braga Rocha,Rohan Braz De Melo Laudelino",Nattan,"Avioes Do Forro Grav. E Edicoes Musicais Ltda,Patrick Iohan Ferreira Rego 04954975174 (Milionarios Hits),Sony Music Publishing Brazil Edicoes Musicais Ltda",Performance,,,,,,,,,,,,True,artist_alias,Relatório UBEM - Canal Brasil
Conversa Com Bial,2024-11-25 00:00:00,20 Ligacoes,"Baco Exu Do Blues,Christian Santana Dactes Do Vale,Marcelo De Lamare",Baco Exu Do Blues,Boa Musica Brasil Direitos Musicais Ltda,Performance,,,,,,,,,,,,True,artist_alias,Relatório UBEM - Canal Brasil
Conversa Com Bial,2024-11-25 00:00:00,Piscina Vazia,"Baco Exu Do Blues,Christian Santana Dactes Do Vale,Jlz,Marcelo Vasconcelos De Lamare,Marcos Mauricio",Baco Exu Do Blues,"Unknown Publisher,Boa Musica Brasil Direitos Musicais Ltda",Performance,,,,,,,,,,,,True,artist_alias,Relatório UBEM - Canal Brasil
Conversa Com Bial,2024-11-04 00:00:00,Me Toca,"Iuri Rio Branco,Marina Sena",Marina Sena,Boa Musica Brasil Direitos Musicais Ltda,Fundo Musical,,,,,,,,,,,,True,artist_alias,Relatório UBEM - Canal Brasil
To Nessa,2024-11-03 00:00:00,Amor Na Praia,"Caio Limas,Cleber Show,Lucas Souza Lima,Norman Braga Rocha,Rohan Braz De Melo Laudelino",Nattan,"Sony Music Publishing Brazil Edicoes Musicais Ltda,Avioes Do Forro Grav. E Edicoes Musicais Ltda,Patrick Iohan Ferreira Rego 04954975174 (Milionarios Hits)",Performance,,,,,,,,,,,,True,artist_alias,Relatório UBEM - Canal Brasil
To Nessa,2024-11-03 00:00:00,Love Gostosinho,"Caio Sanfoneiro,Felipe Amorim,Kaleb Junior",Nattan,Nattan Producoes Artisticas Ltda (Nattan),Performance,,,,,,,,,,,,True,artist_alias,Relatório UBEM - Canal Brasil
To Nessa,2024-11-03 00:00:00,Ta Rocheda,"Caio Sanfoneiro,Felipe Amorim,Taciana Gomes,Vitinho Sanfoneiro",Nattan,"Sony Music Publishing Brazil Edicoes Musicais Ltda,Berger Producoes Ltda",Performance,,,,,,,,,,,,True,artist_alias,Relatório UBEM - Canal Brasil
Vai Que Cola,2024-11-06 00:00:00,Dancando,"Filipe Escandurras,Marcio Victor,Tierry",Ivete Sangalo,"Warner Chappell Edicoes Musicais Ltda,Abramus Digital Servicos De Identificacao De Repertorio Ltda Me",Performance,,,,,,,,,,,,True,artist_alias,Relatório UBEM - Canal Brasil
Vai Que Cola,2024-11-21 00:00:00,Debaixo Dos Caracois Dos Seus Cabelos,"Erasmo Carlos,Roberto Carlos",Ivete Sangalo,Sony Music Publishing Brazil Edicoes Musicais Ltda,Fundo Musical,,,,,,,,,,,,True,artist_alias,Relatório UBEM - Canal Brasil
Vai Que Cola,2024-11-08 00:00:00,Dancando,"Filipe Escandurras,Marcio Victor,Tierry",Ivete Sangalo,"Warner Chappell Edicoes Musicais Ltda,Abramus Digital Servicos De Identificacao De Repertorio Ltda Me",Performance,,,,,,,,,,,,True,artist_alias,Relatório UBEM - Canal Brasil
A Grande Familia,2024-11-25 00:00:00,La Vem,Berna Ceppas,Berna Ceppas,Sony Music Publishing Brazil Edicoes Musicais Ltda,Fundo Musical,,,,,,,,,,,,True,artist_alias,Relatório UBEM - Canal Brasil
A Grande Familia,2024-11-26 00:00:00,La Vem,Berna Ceppas,Berna Ceppas,Sony Music Publishing Brazil Edicoes Musicais Ltda,Fundo Musical,,,,,,,,,,,,True,artist_alias,Relatório UBEM - Canal Brasil
A Grande Familia,2024-11-23 00:00:00,Levante A Mao E Cante,Nilton Cezar,Anonimo,Unknown Publisher,Performance,,,,,,,,,,,,True,artist_alias,Relatório UBEM - Canal Brasil
A Grande Familia,2024-11-21 00:00:00,La Vem,Berna Ceppas,Berna Ceppas,Sony Music Publishing Brazil Edicoes Musicais Ltda,Fundo Musical,,,,,,,,,,,,True,artist_alias,Relatório UBEM - Canal Brasil
A Grande Familia,2024-11-28 00:00:00,La Vem,Berna Ceppas,Berna Ceppas,Sony Music Publishing Brazil Edicoes Musicais Ltda,Fundo Musical,,,,,,,,,,,,True,artist_alias,Relatório UBEM - Canal Brasil
A Grande Familia,2024-11-13 00:00:00,A Aposta,Berna Ceppas,Berna Ceppas,Sony Music Publishing Brazil Edicoes Musicais Ltda,Fundo Musical,,,,,,,,,,,,True,artist_alias,Relatório UBEM - Canal Brasil
A Grande Familia,2024-11-13 00:00:00,Juro Que Vi,Berna Ceppas,Berna Ceppas,Bernard Ceppas De Carvalho E Farias,Fundo Musical,,,,,,,,,,,,True,artist_alias,Relatório UBEM - Canal Brasil
A Grande Familia,2024-11-13 00:00:00,La Vem,Berna Ceppas,Berna Ceppas,Sony Music Publishing Brazil Edicoes Musicais Ltda,Fundo Musical,,,,,,,,,,,,True,artist_alias,Relatório UBEM - Canal Brasil
A Grande Familia,2024-11-14 00:00:00,Arremate 17,Berna Ceppas,Berna Ceppas,Sony Music Publishing Brazil Edicoes Musicais Ltda,Fundo Musical,,,,,,,,,,,,True,artist_alias,Relatório UBEM - Canal Brasil
A Grande Familia,2024-11-14 00:00:00,Baby Mesquita,Berna Ceppas,Berna Ceppas,Bernard Ceppas De Carvalho E Farias,Fundo Musical,,,,,,,,,,,,True,artist_alias,Relatório UBEM - Canal Brasil
A Grande Familia,2024-11-14 00:00:00,Balada Para Um Casal,Berna Ceppas,Berna Ceppas,Bernard Ceppas De Carvalho E Farias,Fundo Musical,,,,,,,,,,,,True,artist_alias,Relatório UBEM - Canal Brasil
A Grande Familia,2024-11-14 00:00:00,Foi Seu Pai,Berna Ceppas,Berna Ceppas,Bernard Ceppas De Carvalho E Farias,Fundo Musical,,,,,,,,,,,,True,artist_alias,Relatório UBEM - Canal Brasil
A Grande Familia,2024-11-14 00:00:00,Nene Estraga Prazeres,Berna Ceppas,Berna Ceppas,Bernard Ceppas De Carvalho E Farias,Fundo Musical,,,,,,,,,,,,True,artist_alias,Relatório UBEM - Canal Brasil
A Grande Familia,2024-11-14 00:00:00,No Flagra,Berna Ceppas,Berna Ceppas,Bernard Ceppas De Carvalho E Farias,Fundo Musical,,,,,,,,,,,,True,artist_alias,Relatório UBEM - Canal Brasil
A Grande Familia,2024-11-14 00:00:00,A Estreia D Bety Davila,Berna Ceppas,Berna Ceppas,Bernard Ceppas De Carvalho E Farias,Fundo Musical,,,,,,,,,,,,True,artist_alias,Relatório UBEM - Canal Brasil
A Grande Familia,2024-11-15 00:00:00,A Estreia D Bety Davila,Berna Ceppas,Berna Ceppas,Bernard Ceppas De Carvalho E Farias,Fundo Musical,,,,,,,,,,,,True,artist_alias,Relatório UBEM - Canal Brasil
A Grande Familia,2024-11-14 00:00:00,Misterio De Guadalajara,Berna Ceppas,Berna Ceppas,Bernard Ceppas De Carvalho E Farias,Fundo Musical,,,,,,,,,,,,True,artist_alias,Relatório UBEM - Canal Brasil
A Grande Familia,2024-11-15 00:00:00,Misterio De Guadalajara,Berna Ceppas,Berna Ceppas,Bernard Ceppas De Carvalho E Farias,Fundo Musical,,,,,,,,,,,,True,artist_alias,Relatório UBEM - Canal Brasil
A Grande Familia,2024-11-14 00:00:00,Suspeita,Berna Ceppas,Berna Ceppas,Bernard Ceppas De Carvalho E Farias,Fundo Musical,,,,,,,,,,,,True,artist_alias,Relatório UBEM - Canal Brasil
A Grande Familia,2024-11-15 00:00:00,Suspeita,Berna Ceppas,Berna Ceppas,Bernard Ceppas De Carvalho E Farias,Fundo Musical,,,,,,,,,,,,True,artist_alias,Relatório UBEM - Canal Brasil
A Grande Familia,2024-11-11 00:00:00,Revendo O Passado,Freire Junior,Anonimo,Associacao Defensora De Direitos Autorais (Addaf),Fundo Musical,,,,,,,,,,,,True,artist_alias,Relatório UBEM - Canal Brasil
A Grande Familia,2024-11-08 00:00:00,Dorme Familia,Berna Ceppas,Berna Ceppas,Bernard Ceppas De Carvalho E Farias,Fundo Musical,,,,,,,,,,,,True,artist_alias,Relatório UBEM - Canal Brasil
A Grande Familia,2024-11-08 00:00:00,Fecha A Cortina,Berna Ceppas,Berna Ceppas,Bernard Ceppas De Carvalho E Farias,Fundo Musical,,,,,,,,,,,,True,artist_alias,Relatório UBEM - Canal Brasil
A Grande Familia,2024-11-08 00:00:00,O Tempo Cura,Berna Ceppas,Berna Ceppas,Bernard Ceppas De Carvalho E Farias,Fundo Musical,,,,,,,,,,,,True,artist_alias,Relatório UBEM - Canal Brasil
A Grande Familia,2024-11-08 00:00:00,Pagode Agf,Berna Ceppas,Berna Ceppas,Bernard Ceppas De Carvalho E Farias,Fundo Musical,,,,,,,,,,,,True,artist_alias,Relatório UBEM - Canal Brasil
A Grande Familia,2024-11-22 00:00:00,Cafe Da Manha,"Erasmo Carlos,Roberto Carlos",Anonimo,Sony Music Publishing Brazil Edicoes Musicais Ltda,Performance,,,,,,,,,,,,True,artist_alias,Relatório UBEM - Canal Brasil
A Grande Familia,2024-11-25 00:00:00,Cafe Da Manha,"Erasmo Carlos,Roberto Carlos",Anonimo,Sony Music Publishing Brazil Edicoes Musicais Ltda,Performance,,,,,,,,,,,,True,artist_alias,Relatório UBEM - Canal Brasil
A Grande Familia,2024-11-22 00:00:00,Como E Grande O Meu Amor Por Voce,Roberto Carlos,Anonimo,Sony Music Publishing Brazil Edicoes Musicais Ltda,Performance,,,,,,,,,,,,True,artist_alias,Relatório UBEM - Canal Brasil
A Grande Familia,2024-11-25 00:00:00,Como E Grande O Meu Amor Por Voce,Roberto Carlos,Anonimo,Sony Music Publishing Brazil Edicoes Musicais Ltda,Performance,,,,,,,,,,,,True,artist_alias,Relatório UBEM - Canal Brasil
A Grande Familia,2024-11-22 00:00:00,Fera Ferida,"Erasmo Carlos,Roberto Carlos",Anonimo,Sony Music Publishing Brazil Edicoes Musicais Ltda,Performance,,,,,,,,,,,,True,artist_alias,Relatório UBEM - Canal Brasil
A Grande Familia,2024-11-25 00:00:00,Fera Ferida,"Erasmo Carlos,Roberto Carlos",Anonimo,Sony Music Publishing Brazil Edicoes Musicais Ltda,Performance,,,,,,,,,,,,True,artist_alias,Relatório UBEM - Canal Brasil
A Grande Familia,2024-11-22 00:00:00,Jesus Cristo,"Erasmo Carlos,Roberto Carlos",Anonimo,Warner Chappell Edicoes Musicais Ltda,Performance,,,,,,,,,,,,True,artist_alias,Relatório UBEM - Canal Brasil
A Grande Familia,2024-11-25 00:00:00,Jesus Cristo,"Erasmo Carlos,Roberto Carlos",Anonimo,Warner Chappell Edicoes Musicais Ltda,Performance,,,,,,,,,,,,True,artist_alias,Relatório UBEM - Canal Brasil
A Grande Familia,2024-11-22 00:00:00,Mulher De Fases,"Digao,Rodolfo",Anonimo,Warner Chappell Edicoes Musicais Ltda,Performance,,,,,,,,,,,,True,artist_alias,Relatório UBEM - Canal Brasil
A Grande Familia,2024-11-25 00:00:00,Mulher De Fases,"Digao,Rodolfo",Anonimo,Warner Chappell Edicoes Musicais Ltda,Performance,,,,,,,,,,,,True,artist_alias,Relatório UBEM - Canal Brasil
A Grande Familia,2024-11-11 00:00:00,Acredita Bicho,Berna Ceppas,Berna Ceppas,Bernard Ceppas De Carvalho E Farias,Fundo Musical,,,,,,,,,,,,True,artist_alias,Relatório UBEM - Canal Brasil
A Grande Familia,2024-11-12 00:00:00,Acredita Bicho,Berna Ceppas,Berna Ceppas,Bernard Ceppas De Carvalho E Farias,Fundo Musical,,,,,,,,,,,,True,artist_alias,Relatório UBEM - Canal Brasil
A Grande Familia,2024-11-11 00:00:00,Julieta Ofelia,Berna Ceppas,Berna Ceppas,Bernard Ceppas De Carvalho E Farias,Fundo Musical,,,,,,,,,,,,True,artist_alias,Relatório UBEM - Canal Brasil
A Grande Familia,2024-11-12 00:00:00,Julieta Ofelia,Berna Ceppas,Berna Ceppas,Bernard Ceppas De Carvalho E Farias,Fundo Musical,,,,,,,,,,,,True,artist_alias,Relatório UBEM - Canal Brasil
A Grande Familia,2024-11-15 00:00:00,Da Na Minha Cara,Berna Ceppas,Berna Ceppas,Bernard Ceppas De Carvalho E Farias,Fundo Musical,,,,,,,,,,,,True,artist_alias,Relatório UBEM - Canal Brasil
A Grande Familia,2024-11-15 00:00:00,Troca Troca,Berna Ceppas,Berna Ceppas,Bernard Ceppas De Carvalho E Farias,Fundo Musical,,,,,,,,,,,,True,artist_alias,Relatório UBEM - Canal Brasil
A Grande Familia,2024-11-12 00:00:00,Foi Voce,Berna Ceppas,Berna Ceppas,Bernard Ceppas De Carvalho E Farias,Fundo Musical,,,,,,,,,,,,True,artist_alias,Relatório UBEM - Canal Brasil
A Grande Familia,2024-11-12 00:00:00,To De Olho,Berna Ceppas,Berna Ceppas,Bernard Ceppas De Carvalho E Farias,Fundo Musical,,,,,,,,,,,,True,artist_alias,Relatório UBEM - Canal Brasil
A Grande Familia,2024-11-12 00:00:00,Vidrei Em Voce,Berna Ceppas,Berna Ceppas,Bernard Ceppas De Carvalho E Farias,Fundo Musical,,,,,,,,,,,,True,artist_alias,Relatório UBEM - Canal Brasil
A Grande Familia,2024-11-09 00:00:00,Acredita Bicho,Berna Ceppas,Berna Ceppas,Bernard Ceppas De Carvalho E Farias,Fundo Musical,,,,,,,,,,,,True,artist_alias,Relatório UBEM - Canal Brasil
A Grande Familia,2024-11-09 00:00:00,Clima De Passagem,Berna Ceppas,Berna Ceppas,Bernard Ceppas De Carvalho E Farias,Fundo Musical,,,,,,,,,,,,True,artist_alias,Relatório UBEM - Canal Brasil
A Grande Familia,2024-11-09 00:00:00,Cumbia D Apoio,Berna Ceppas,Berna Ceppas,Bernard Ceppas De Carvalho E Farias,Fundo Musical,,,,,,,,,,,,True,artist_alias,Relatório UBEM - Canal Brasil
A Grande Familia,2024-11-09 00:00:00,Ex Presidiario Quer O Filho De Volta,Berna Ceppas,Berna Ceppas,Bernard Ceppas De Carvalho E Farias,Fundo Musical,,,,,,,,,,,,True,artist_alias,Relatório UBEM - Canal Brasil
A Grande Familia,2024-11-09 00:00:00,Julieta Ofelia,Berna Ceppas,Berna Ceppas,Bernard Ceppas De Carvalho E Farias,Fundo Musical,,,,,,,,,,,,True,artist_alias,Relatório UBEM - Canal Brasil
A Grande Familia,2024-11-09 00:00:00,Trilha Orig 2,Berna Ceppas,Berna Ceppas,Bernard Ceppas De Carvalho E Farias,Fundo Musical,,,,,,,,,,,,True,artist_alias,Relatório UBEM - Canal Brasil
A Grande Familia,2024-11-09 00:00:00,Juro Que Vi,Berna Ceppas,Berna Ceppas,Bernard Ceppas De Carvalho E Farias,Fundo Musical,,,,,,,,,,,,True,artist_alias,Relatório UBEM - Canal Brasil
A Grande Familia,2024-11-09 00:00:00,Sai Da Minha Vida,Berna Ceppas,Berna Ceppas,Sony Music Publishing Brazil Edicoes Musicais Ltda,Fundo Musical,,,,,,,,,,,,True,artist_alias,Relatório UBEM - Canal Brasil
A Grande Familia,2024-11-09 00:00:00,Surge Paulo Fraga,Berna Ceppas,Berna Ceppas,Bernard Ceppas De Carvalho E Farias,Fundo Musical,,,,,,,,,,,,True,artist_alias,Relatório UBEM - Canal Brasil
A Grande Familia,2024-11-11 00:00:00,Mzk Terceiros,Berna Ceppas,Berna Ceppas,Bernard Ceppas De Carvalho E Farias,Fundo Musical,,,,,,,,,,,,True,artist_alias,Relatório UBEM - Canal Brasil
A Grande Familia,2024-11-11 00:00:00,O Sonho Do Lineu,Berna Ceppas,Berna Ceppas,Bernard Ceppas De Carvalho E Farias,Fundo Musical,,,,,,,,,,,,True,artist_alias,Relatório UBEM - Canal Brasil
A Grande Familia,2024-11-11 00:00:00,Vamos La,Berna Ceppas,Berna Ceppas,Bernard Ceppas De Carvalho E Farias,Fundo Musical,,,,,,,,,,,,True,artist_alias,Relatório UBEM - Canal Brasil
A Grande Familia,2024-11-13 00:00:00,Cumbia D Apoio,Berna Ceppas,Berna Ceppas,Bernard Ceppas De Carvalho E Farias,Fundo Musical,,,,,,,,,,,,True,artist_alias,Relatório UBEM - Canal Brasil
A Grande Familia,2024-11-14 00:00:00,Cumbia D Apoio,Berna Ceppas,Berna Ceppas,Bernard Ceppas De Carvalho E Farias,Fundo Musical,,,,,,,,,,,,True,artist_alias,Relatório UBEM - Canal Brasil
A Grande Familia,2024-11-13 00:00:00,Julieta Ofelia,Berna Ceppas,Berna Ceppas,Bernard Ceppas De Carvalho E Farias,Fundo Musical,,,,,,,,,,,,True,artist_alias,Relatório UBEM - Canal Brasil
A Grande Familia,2024-11-14 00:00:00,Julieta Ofelia,Berna Ceppas,Berna Ceppas,Bernard Ceppas De Carvalho E Farias,Fundo Musical,,,,,,,,,,,,True,artist_alias,Relatório UBEM - Canal Brasil
A Grande Familia,2024-11-13 00:00:00,Nenesteria,Berna Ceppas,Berna Ceppas,Bernard Ceppas De Carvalho E Farias,Fundo Musical,,,,,,,,,,,,True,artist_alias,Relatório UBEM - Canal Brasil
A Grande Familia,2024-11-14 00:00:00,Nenesteria,Berna Ceppas,Berna Ceppas,Bernard Ceppas De Carvalho E Farias,Fundo Musical,,,,,,,,,,,,True,artist_alias,Relatório UBEM - Canal Brasil
A Grande Familia,2024-11-13 00:00:00,Tragedia Em Alto Mar,Berna Ceppas,Berna Ceppas,Bernard Ceppas De Carvalho E Farias,Fundo Musical,,,,,,,,,,,,True,artist_alias,Relatório UBEM - Canal Brasil
A Grande Familia,2024-11-14 00:00:00,Tragedia Em Alto Mar,Berna Ceppas,Berna Ceppas,Bernard Ceppas De Carvalho E Farias,Fundo Musical,,,,,,,,,,,,True,artist_alias,Relatório UBEM - Canal Brasil
A Grande Familia,2024-11-21 00:00:00,A Aposta,Berna Ceppas,Berna Ceppas,Sony Music Publishing Brazil Edicoes Musicais Ltda,Fundo Musical,,,,,,,,,,,,True,artist_alias,Relatório UBEM - Canal Brasil
A Grande Familia,2024-11-21 00:00:00,Sai Da Minha Vida,Berna Ceppas,Berna Ceppas,Sony Music Publishing Brazil Edicoes Musicais Ltda,Fundo Musical,,,,,,,,,,,,True,artist_alias,Relatório UBEM - Canal Brasil
Roque Santeiro (Reprise),2024-11-04 00:00:00,Misterios Da Meia Noite,Ze Ramalho,Ze Ramalho,Sony Music Publishing Brazil Edicoes Musicais Ltda,Tema,,,,,,,,,,,,True,artist_alias,Relatório UBEM - Canal Brasil
Escolinha Professor Raimundo,2024-11-08 00:00:00,Chove Chuva,Jorge Benjor,Anonimo,Peermusic Do Brasil Edicoes Musicais Ltda,Performance,,,,,,,,,,,,True,artist_alias,Relatório UBEM - Canal Brasil
Escolinha Professor Raimundo,2024-11-18 00:00:00,Solamente Una Vez,Agustin Lara,Anonimo,Irmaos Vitale Editores Ltda,Performance,,,,,,,,,,,,True,artist_alias,Relatório UBEM - Canal Brasil
Escolinha Professor Raimundo,2024-11-18 00:00:00,Tiroliro,"Dp,Joao Portaro",Anonimo,"Editora E Importadora Musical Fermata Do Brasil Ltda,Domínio Público",Performance,,,,,,,,,,,,True,artist_alias,Relatório UBEM - Canal Brasil
Escolinha Professor Raimundo,2024-11-20 00:00:00,Hino Do Botafogo,Lamartine Babo,Anonimo,Editora E Importadora Musical Fermata Do Brasil Ltda,Performance,,,,,,,,,,,,True,artist_alias,Relatório UBEM - Canal Brasil
Sai De Baixo,2024-11-02 00:00:00,Vou De Taxi,"Aloysio Reis,Biafra,Ethiene Roda Gil,Frank Langoboff",Anonimo,"Warner Chappell Edicoes Musicais Ltda,Sony Music Publishing Brazil Edicoes Musicais Ltda",Performance,,,,,,,,,,,,True,artist_alias,Relatório UBEM - Canal Brasil
Toma La Da Ca,2024-11-02 00:00:00,Devaneio,Jorge Vercillo,Jorge Vercillo,Warner Chappell Edicoes Musicais Ltda,Fundo Musical,,,,,,,,,,,,True,artist_alias,Relatório UBEM - Canal Brasil
Barão 40,2024-11-05 00:00:00,Beleza Rara,Ed Grandão,Ivete Sangalo,Universal Music Publishing Mgb Brasil Ltda,Performance,,,,,,,,,,,,True,artist_alias,Relatório UBEM - Canal Brasil
Barão 40,2024-11-06 00:00:00,Beleza Rara,Ed Grandão,Ivete Sangalo,Universal Music Publishing Mgb Brasil Ltda,Performance,,,,,,,,,,,,True,artist_alias,Relatório UBEM - Canal Brasil
Barão 40,2024-11-09 00:00:00,Beleza Rara,Ed Grandão,Ivete Sangalo,Universal Music Publishing Mgb Brasil Ltda,Performance,,,,,,,,,,,,True,artist_alias,Relatório UBEM - Canal Brasil
Barão 40,2024-11-10 00:00:00,Beleza Rara,Ed Grandão,Ivete Sangalo,Universal Music Publishing Mgb Brasil Ltda,Performance,,,,,,,,,,,,True,artist_alias,Relatório UBEM - Canal Brasil
Barão 40,2024-11-05 00:00:00,Moral,"Gigi Cerqueira,Ivete Sangalo,Radames Venancio,Samir Trindade",Ivete Sangalo,"Unknown Publisher,Warner Chappell Edicoes Musicais Ltda",Performance,,,,,,,,,,,,True,artist_alias,Relatório UBEM - Canal Brasil
Barão 40,2024-11-06 00:00:00,Moral,"Gigi Cerqueira,Ivete Sangalo,Radames Venancio,Samir Trindade",Ivete Sangalo,"Unknown Publisher,Warner Chappell Edicoes Musicais Ltda",Performance,,,,,,,,,,,,True,artist_alias,Relatório UBEM - Canal Brasil
Barão 40,2024-11-09 00:00:00,Moral,"Gigi Cerqueira,Ivete Sangalo,Radames Venancio,Samir Trindade",Ivete Sangalo,"Unknown Publisher,Warner Chappell Edicoes Musicais Ltda",Performance,,,,,,,,,,,,True,artist_alias,Relatório UBEM - Canal Brasil
Barão 40,2024-11-10 00:00:00,Moral,"Gigi Cerqueira,Ivete Sangalo,Radames Venancio,Samir Trindade",Ivete Sangalo,"Unknown Publisher,Warner Chappell Edicoes Musicais Ltda",Performance,,,,,,,,,,,,True,artist_alias,Relatório UBEM - Canal Brasil
Barão 40,2024-11-05 00:00:00,Nada Vai Nos Separar,"Ivete Sangalo,Neilton Cerqueira Santos,Radames Muniz Venancio,Samir Trindade",Ivete Sangalo,Warner Chappell Edicoes Musicais Ltda,Performance,,,,,,,,,,,,True,artist_alias,Relatório UBEM - Canal Brasil
Barão 40,2024-11-06 00:00:00,Nada Vai Nos Separar,"Ivete Sangalo,Neilton Cerqueira Santos,Radames Muniz Venancio,Samir Trindade",Ivete Sangalo,Warner Chappell Edicoes Musicais Ltda,Performance,,,,,,,,,,,,True,artist_alias,Relatório UBEM - Canal Brasil
Barão 40,2024-11-09 00:00:00,Nada Vai Nos Separar,"Ivete Sangalo,Neilton Cerqueira Santos,Radames Muniz Venancio,Samir Trindade",Ivete Sangalo,Warner Chappell Edicoes Musicais Ltda,Performance,,,,,,,,,,,,True,artist_alias,Relatório UBEM - Canal Brasil
Barão 40,2024-11-10 00:00:00,Nada Vai Nos Separar,"Ivete Sangalo,Neilton Cerqueira Santos,Radames Muniz Venancio,Samir Trindade",Ivete Sangalo,Warner Chappell Edicoes Musicais Ltda,Performance,,,,,,,,,,,,True,artist_alias,Relatório UBEM - Canal Brasil
Barão 40,2024-11-05 00:00:00,Rua Da Saudade,"Gigi Cerqueira,Ivete Sangalo,Radames Venancio,Samir Trindade",Ivete Sangalo,Warner Chappell Edicoes Musicais Ltda,Performance,,,,,,,,,,,,True,artist_alias,Relatório UBEM - Canal Brasil
Barão 40,2024-11-06 00:00:00,Rua Da Saudade,"Gigi Cerqueira,Ivete Sangalo,Radames Venancio,Samir Trindade",Ivete Sangalo,Warner Chappell Edicoes Musicais Ltda,Performance,,,,,,,,,,,,True,artist_alias,Relatório UBEM - Canal Brasil
Barão 40,2024-11-09 00:00:00,Rua Da Saudade,"Gigi Cerqueira,Ivete Sangalo,Radames Venancio,Samir Trindade",Ivete Sangalo,Warner Chappell Edicoes Musicais Ltda,Performance,,,,,,,,,,,,True,artist_alias,Relatório UBEM - Canal Brasil
Barão 40,2024-11-10 00:00:00,Rua Da Saudade,"Gigi Cerqueira,Ivete Sangalo,Radames Venancio,Samir Trindade",Ivete Sangalo,Warner Chappell Edicoes Musicais Ltda,Performance,,,,,,,,,,,,True,artist_alias,Relatório UBEM - Canal Brasil
Experimente,2024-11-19 00:00:00,Aceite-C Sample: O Mais Belo Dos Belos(A Verdade Do Ilê/o Charme Da Li,"Adailton Poesia,Guiguio,Rico Dalasam,Valter Farias",Rico Dalasam,"Boa Musica Brasil Direitos Musicais Ltda,Universal Music Publishing Mgb Brasil Ltda",Performance Acervo,,,,,,,,,,,,True,artist_alias,Relatório UBEM - Canal Brasil
Experimente,2024-11-20 00:00:00,Aceite-C Sample: O Mais Belo Dos Belos(A Verdade Do Ilê/o Charme Da Li,"Adailton Poesia,Guiguio,Rico Dalasam,Valter Farias",Rico Dalasam,"Boa Musica Brasil Direitos Musicais Ltda,Universal Music Publishing Mgb Brasil Ltda",Performance Acervo,,,,,,,,,,,,True,artist_alias,Relatório UBEM - Canal Brasil
Experimente,2024-11-24 00:00:00,Aceite-C Sample: O Mais Belo Dos Belos(A Verdade Do Ilê/o Charme Da Li,"Adailton Poesia,Guiguio,Rico Dalasam,Valter Farias",Rico Dalasam,"Boa Musica Brasil Direitos Musicais Ltda,Universal Music Publishing Mgb Brasil Ltda",Performance Acervo,,,,,,,,,,,,True,artist_alias,Relatório UBEM - Canal Brasil
Experimente,2024-11-19 00:00:00,Dalasam,"Felipe Neo,Rico Dalasam",Rico Dalasam,"Boa Musica Brasil Direitos Musicais Ltda,Unknown Publisher",Performance Acervo,,,,,,,,,,,,True,artist_alias,Relatório UBEM - Canal Brasil
Experimente,2024-11-20 00:00:00,Dalasam,"Felipe Neo,Rico Dalasam",Rico Dalasam,"Boa Musica Brasil Direitos Musicais Ltda,Unknown Publisher",Performance Acervo,,,,,,,,,,,,True,artist_alias,Relatório UBEM - Canal Brasil
Experimente,2024-11-24 00:00:00,Dalasam,"Felipe Neo,Rico Dalasam",Rico Dalasam,"Boa Musica Brasil Direitos Musicais Ltda,Unknown Publisher",Performance Acervo,,,,,,,,,,,,True,artist_alias,Relatório UBEM - Canal Brasil
Experimente,2024-11-19 00:00:00,Deixa,"Felipe Neo,Rico Dalasam",Rico Dalasam,"Boa Musica Brasil Direitos Musicais Ltda,Unknown Publisher",Performance Acervo,,,,,,,,,,,,True,artist_alias,Relatório UBEM - Canal Brasil
Experimente,2024-11-20 00:00:00,Deixa,"Felipe Neo,Rico Dalasam",Rico Dalasam,"Boa Musica Brasil Direitos Musicais Ltda,Unknown Publisher",Performance Acervo,,,,,,,,,,,,True,artist_alias,Relatório UBEM - Canal Brasil
Experimente,2024-11-24 00:00:00,Deixa,"Felipe Neo,Rico Dalasam",Rico Dalasam,"Boa Musica Brasil Direitos Musicais Ltda,Unknown Publisher",Performance Acervo,,,,,,,,,,,,True,artist_alias,Relatório UBEM - Canal Brasil
Experimente,2024-11-19 00:00:00,Esse Close Eu Dei,"Felipe Neo,Rico Dalasam",Rico Dalasam,"Boa Musica Brasil Direitos Musicais Ltda,Unknown Publisher",Performance Acervo,,,,,,,,,,,,True,artist_alias,Relatório UBEM - Canal Brasil
Experimente,2024-11-20 00:00:00,Esse Close Eu Dei,"Felipe Neo,Rico Dalasam",Rico Dalasam,"Boa Musica Brasil Direitos Musicais Ltda,Unknown Publisher",Performance Acervo,,,,,,,,,,,,True,artist_alias,Relatório UBEM - Canal Brasil
Experimente,2024-11-24 00:00:00,Esse Close Eu Dei,"Felipe Neo,Rico Dalasam",Rico Dalasam,"Boa Musica Brasil Direitos Musicais Ltda,Unknown Publisher",Performance Acervo,,,,,,,,,,,,True,artist_alias,Relatório UBEM - Canal Brasil
Experimente,2024-11-19 00:00:00,Fogo Em Mim,"Mahal Pita,Rico Dalasam",Rico Dalasam,"Boa Musica Brasil Direitos Musicais Ltda,Unknown Publisher",Performance Acervo,,,,,,,,,,,,True,artist_alias,Relatório UBEM - Canal Brasil
Experimente,2024-11-20 00:00:00,Fogo Em Mim,"Mahal Pita,Rico Dalasam",Rico Dalasam,"Boa Musica Brasil Direitos Musicais Ltda,Unknown Publisher",Performance Acervo,,,,,,,,,,,,True,artist_alias,Relatório UBEM - Canal Brasil
Experimente,2024-11-24 00:00:00,Fogo Em Mim,"Mahal Pita,Rico Dalasam",Rico Dalasam,"Boa Musica Brasil Direitos Musicais Ltda,Unknown Publisher",Performance Acervo,,,,,,,,,,,,True,artist_alias,Relatório UBEM - Canal Brasil
Experimente,2024-11-19 00:00:00,Milimili,"Mahal Rosado Pita Oliveira (Mahal Pita),Rico Dalasam",Rico Dalasam,"Boa Musica Brasil Direitos Musicais Ltda,Unknown Publisher",Performance Acervo,,,,,,,,,,,,True,artist_alias,Relatório UBEM - Canal Brasil
Experimente,2024-11-20 00:00:00,Milimili,"Mahal Rosado Pita Oliveira (Mahal Pita),Rico Dalasam",Rico Dalasam,"Boa Musica Brasil Direitos Musicais Ltda,Unknown Publisher",Performance Acervo,,,,,,,,,,,,True,artist_alias,Relatório UBEM - Canal Brasil
Experimente,2024-11-24 00:00:00,Milimili,"Mahal Rosado Pita Oliveira (Mahal Pita),Rico Dalasam",Rico Dalasam,"Boa Musica Brasil Direitos Musicais Ltda,Unknown Publisher",Performance Acervo,,,,,,,,,,,,True,artist_alias,Relatório UBEM - Canal Brasil
Experimente,2024-11-19 00:00:00,Não Posso Esperar,"Felipe Neo,Rico Dalasam",Rico Dalasam,"Boa Musica Brasil Direitos Musicais Ltda,Unknown Publisher",Performance Acervo,,,,,,,,,,,,True,artist_alias,Relatório UBEM - Canal Brasil
Experimente,2024-11-20 00:00:00,Não Posso Esperar,"Felipe Neo,Rico Dalasam",Rico Dalasam,"Boa Musica Brasil Direitos Musicais Ltda,Unknown Publisher",Performance Acervo,,,,,,,,,,,,True,artist_alias,Relatório UBEM - Canal Brasil
Experimente,2024-11-24 00:00:00,Não Posso Esperar,"Felipe Neo,Rico Dalasam",Rico Dalasam,"Boa Musica Brasil Direitos Musicais Ltda,Unknown Publisher",Performance Acervo,,,,,,,,,,,,True,artist_alias,Relatório UBEM - Canal Brasil
Experimente,2024-11-19 00:00:00,Nortes,Rico Dalasam,Rico Dalasam,Boa Musica Brasil Direitos Musicais Ltda,Performance Acervo,,,,,,,,,,,,True,artist_alias,Relatório UBEM - Canal Brasil
Experimente,2024-11-20 00:00:00,Nortes,Rico Dalasam,Rico Dalasam,Boa Musica Brasil Direitos Musicais Ltda,Performance Acervo,,,,,,,,,,,,True,artist_alias,Relatório UBEM - Canal Brasil
Experimente,2024-11-24 00:00:00,Nortes,Rico Dalasam,Rico Dalasam,Boa Musica Brasil Direitos Musicais Ltda,Performance Acervo,,,,,,,,,,,,True,artist_alias,Relatório UBEM - Canal Brasil
Experimente,2024-11-19 00:00:00,Procure,"Felipe Neo,Rico Dalasam",Rico Dalasam,"Boa Musica Brasil Direitos Musicais Ltda,Unknown Publisher",Performance Acervo,,,,,,,,,,,,True,artist_alias,Relatório UBEM - Canal Brasil
Experimente,2024-11-20 00:00:00,Procure,"Felipe Neo,Rico Dalasam",Rico Dalasam,"Boa Musica Brasil Direitos Musicais Ltda,Unknown Publisher",Performance Acervo,,,,,,,,,,,,True,artist_alias,Relatório UBEM - Canal Brasil
Experimente,2024-11-24 00:00:00,Procure,"Felipe Neo,Rico Dalasam",Rico Dalasam,"Boa Musica Brasil Direitos Musicais Ltda,Unknown Publisher",Performance Acervo,,,,,,,,,,,,True,artist_alias,Relatório UBEM - Canal Brasil
Experimente,2024-11-19 00:00:00,Riquíssima,"Felipe Neo,Rico Dalasam",Rico Dalasam,"Boa Musica Brasil Direitos Musicais Ltda,Unknown Publisher",Performance Acervo,,,,,,,,,,,,True,artist_alias,Relatório UBEM - Canal Brasil
Experimente,2024-11-20 00:00:00,Riquíssima,"Felipe Neo,Rico Dalasam",Rico Dalasam,"Boa Musica Brasil Direitos Musicais Ltda,Unknown Publisher",Performance Acervo,,,,,,,,,,,,True,artist_alias,Relatório UBEM - Canal Brasil
Experimente,2024-11-24 00:00:00,Riquíssima,"Felipe Neo,Rico Dalasam",Rico Dalasam,"Boa Musica Brasil Direitos Musicais Ltda,Unknown Publisher",Performance Acervo,,,,,,,,,,,,True,artist_alias,Relatório UBEM - Canal Brasil
Experimente,2024-11-19 00:00:00,Todo Dia,"Dj Gorky,Maffalda,Rico Dalasam",Rico Dalasam,"Boa Musica Brasil Direitos Musicais Ltda,Warner Chappell Edicoes Musicais Ltda",Performance Acervo,,,,,,,,,,,,True,artist_alias,Relatório UBEM - Canal Brasil
Experimente,2024-11-20 00:00:00,Todo Dia,"Dj Gorky,Maffalda,Rico Dalasam",Rico Dalasam,"Boa Musica Brasil Direitos Musicais Ltda,Warner Chappell Edicoes Musicais Ltda",Performance Acervo,,,,,,,,,,,,True,artist_alias,Relatório UBEM - Canal Brasil
Experimente,2024-11-24 00:00:00,Todo Dia,"Dj Gorky,Maffalda,Rico Dalasam",Rico Dalasam,"Boa Musica Brasil Direitos Musicais Ltda,Warner Chappell Edicoes Musicais Ltda",Performance Acervo,,,,,,,,,,,,True,artist_alias,Relatório UBEM - Canal Brasil
Experimente,2024-11-15 00:00:00,Karamba,"Mateus Mameri Tinoco,Potyguara Bardo",Potyguara Bardo,"Universal Music Publishing Mgb Brasil Ltda,Unknown Publisher",Performance,,,,,,,,,,,,True,artist_alias,Relatório UBEM - Canal Brasil
Experimente,2024-11-17 00:00:00,Karamba,"Mateus Mameri Tinoco,Potyguara Bardo",Potyguara Bardo,"Universal Music Publishing Mgb Brasil Ltda,Unknown Publisher",Performance,,,,,,,,,,,,True,artist_alias,Relatório UBEM - Canal Brasil
Experimente,2024-11-18 00:00:00,Karamba,"Mateus Mameri Tinoco,Potyguara Bardo",Potyguara Bardo,"Universal Music Publishing Mgb Brasil Ltda,Unknown Publisher",Performance,,,,,,,,,,,,True,artist_alias,Relatório UBEM - Canal Brasil
Experimente,2024-11-15 00:00:00,Lambada Do Flop,"Dante Augusto Lima Cabral Da Costa,Potyguara Bardo,Walther Nazario Da Silva Junior",Potyguara Bardo,"Universal Music Publishing Mgb Brasil Ltda,Unknown Publisher",Performance,,,,,,,,,,,,True,artist_alias,Relatório UBEM - Canal Brasil
Experimente,2024-11-17 00:00:00,Lambada Do Flop,"Dante Augusto Lima Cabral Da Costa,Potyguara Bardo,Walther Nazario Da Silva Junior",Potyguara Bardo,"Universal Music Publishing Mgb Brasil Ltda,Unknown Publisher",Performance,,,,,,,,,,,,True,artist_alias,Relatório UBEM - Canal Brasil
Experimente,2024-11-18 00:00:00,Lambada Do Flop,"Dante Augusto Lima Cabral Da Costa,Potyguara Bardo,Walther Nazario Da Silva Junior",Potyguara Bardo,"Universal Music Publishing Mgb Brasil Ltda,Unknown Publisher",Performance,,,,,,,,,,,,True,artist_alias,Relatório UBEM - Canal Brasil
Experimente,2024-11-15 00:00:00,Você Não Existe,"Dante Augusto Lima Cabral Da Costa,Mateus Mameri Tinôco,Potyguara Bardo",Potyguara Bardo,"Universal Music Publishing Mgb Brasil Ltda,Unknown Publisher",Performance,,,,,,,,,,,,True,artist_alias,Relatório UBEM - Canal Brasil
Experimente,2024-11-17 00:00:00,Você Não Existe,"Dante Augusto Lima Cabral Da Costa,Mateus Mameri Tinôco,Potyguara Bardo",Potyguara Bardo,"Universal Music Publishing Mgb Brasil Ltda,Unknown Publisher",Performance,,,,,,,,,,,,True,artist_alias,Relatório UBEM - Canal Brasil
Experimente,2024-11-18 00:00:00,Você Não Existe,"Dante Augusto Lima Cabral Da Costa,Mateus Mameri Tinôco,Potyguara Bardo",Potyguara Bardo,"Universal Music Publishing Mgb Brasil Ltda,Unknown Publisher",Performance,,,,,,,,,,,,True,artist_alias,Relatório UBEM - Canal Brasil
Inesquecíveis Da Música Brasileira,2024-11-15 00:00:00,Consolação,"Baden Powell,Vinícius De Moraes",Baden Powell,Universal Music Publishing Mgb Brasil Ltda,Performance Acervo,,,,,,,,,,,,True,artist_alias,Relatório UBEM - Canal Brasil
Inesquecíveis Da Música Brasileira,2024-11-16 00:00:00,Consolação,"Baden Powell,Vinícius De Moraes",Baden Powell,Universal Music Publishing Mgb Brasil Ltda,Performance Acervo,,,,,,,,,,,,True,artist_alias,Relatório UBEM - Canal Brasil
Inesquecíveis Da Música Brasileira,2024-11-18 00:00:00,Consolação,"Baden Powell,Vinícius De Moraes",Baden Powell,Universal Music Publishing Mgb Brasil Ltda,Performance Acervo,,,,,,,,,,,,True,artist_alias,Relatório UBEM - Canal Brasil
Melhores Momentos Rock In Rio: Rock In Rio 2024 - Luedji Luna Convida Tássia Reis E Xênia França,2024-11-22 00:00:00,Acalanto,Luedji Luna,Luedji Luna,Dubas Musica Ltda,Performance,,,,,,,,,,,,True,artist_alias,Relatório UBEM - Canal Brasil
Melhores Momentos Rock In Rio: Rock In Rio 2024 - Luedji Luna Convida Tássia Reis E Xênia França,2024-11-22 00:00:00,Banho De Folhas,"Emilie Lapa,Luedji Luna",Luedji Luna,Dubas Musica Ltda,Performance,,,,,,,,,,,,True,artist_alias,Relatório UBEM - Canal Brasil
Melhores Momentos Rock In Rio: Rock In Rio 2024 - Luedji Luna Convida Tássia Reis E Xênia França,2024-11-22 00:00:00,Blue,Luedji Luna,Luedji Luna,Boa Musica Brasil Direitos Musicais Ltda,Performance,,,,,,,,,,,,True,artist_alias,Relatório UBEM - Canal Brasil
Melhores Momentos Rock In Rio: Rock In Rio 2024 - Luedji Luna Convida Tássia Reis E Xênia França,2024-11-22 00:00:00,Bom Mesmo É Estar Debaixo D'água,"François Muleka,Luedji Luna",Luedji Luna,"Boa Musica Brasil Direitos Musicais Ltda,Unknown Publisher,Warner Chappell Edicoes Musicais Ltda",Performance,,,,,,,,,,,,True,artist_alias,Relatório UBEM - Canal Brasil
Melhores Momentos Rock In Rio: Rock In Rio 2024 - Luedji Luna Convida Tássia Reis E Xênia França,2024-11-22 00:00:00,Enquanto Durmo,Luedji Luna,Luedji Luna,Boa Musica Brasil Direitos Musicais Ltda,Performance,,,,,,,,,,,,True,artist_alias,Relatório UBEM - Canal Brasil
Melhores Momentos Rock In Rio: Rock In Rio 2024 - Luedji Luna Convida Tássia Reis E Xênia França,2024-11-22 00:00:00,Metáfora,"Anna Ruth Ferreira Rocha,Luedji Luna",Luedji Luna,"Boa Musica Brasil Direitos Musicais Ltda,Unknown Publisher",Performance,,,,,,,,,,,,True,artist_alias,Relatório UBEM - Canal Brasil
Melhores Momentos Rock In Rio: Rock In Rio 2024 - Luedji Luna Convida Tássia Reis E Xênia França,2024-11-22 00:00:00,Pele,"John Roderick Key Jr,Luedji Luna,Mereba",Luedji Luna,"Abramus Digital Servicos De Identificacao De Repertorio Ltda Me,Boa Musica Brasil Direitos Musicais Ltda,Peermusic Do Brasil Edicoes Musicais Ltda,Unknown Publisher",Performance,,,,,,,,,,,,True,artist_alias,Relatório UBEM - Canal Brasil
Melhores Momentos Rock In Rio: Rock In Rio 2024 - Pra Sempre Pop,2024-11-04 00:00:00,Festa,Anderson Cunha,Ivete Sangalo,"Universal Music Publishing Mgb Brasil Ltda,Warner Chappell Edicoes Musicais Ltda",Performance,,,,,,,,,,,,True,artist_alias,Relatório UBEM - Canal Brasil
Melhores Momentos Rock In Rio: Rock In Rio 2024 - Pra Sempre Pop,2024-11-04 00:00:00,Idiota,"Jão,Pedro Tofani,Zebu",Jão,"Universal Music Publishing Mgb Brasil Ltda,Warner Chappell Edicoes Musicais Ltda",Performance,,,,,,,,,,,,True,artist_alias,Relatório UBEM - Canal Brasil
Melhores Momentos Rock In Rio: Rock In Rio 2024 - Pra Sempre Pop,2024-11-04 00:00:00,Me Lambe,"Jão,Pedro Tófani,Tropkillaz,Zebu",Jão,"Bmg Rights Management Brasil Ltda,Universal Music Publishing Mgb Brasil Ltda,Unknown Publisher",Performance,,,,,,,,,,,,True,artist_alias,Relatório UBEM - Canal Brasil
Melhores Momentos Rock In Rio: Rock In Rio 2024 - Pra Sempre Pop,2024-11-04 00:00:00,Sorte Grande,Lourenço,Ivete Sangalo,L O S Producoes E Promocoes Artisticas Ltda Me,Performance,,,,,,,,,,,,True,artist_alias,Relatório UBEM - Canal Brasil
Palco Principal: Multishow Ao Vivo - Ana Carolina - Dois Quartos,2024-11-08 00:00:00,"1.100,00 (Nega Marrenta)","Aleh Ferreira,Ana Carolina",Ana Carolina,"Universal Music Publishing Mgb Brasil Ltda,Sony Music Publishing Brazil Edicoes Musicais Ltda,Unknown Publisher",Performance Acervo,,,,,,,,,,,,True,artist_alias,Relatório UBEM - Canal Brasil
Palco Principal: Multishow Ao Vivo - Ana Carolina - Dois Quartos,2024-11-09 00:00:00,"1.100,00 (Nega Marrenta)","Aleh Ferreira,Ana Carolina",Ana Carolina,"Universal Music Publishing Mgb Brasil Ltda,Sony Music Publishing Brazil Edicoes Musicais Ltda,Unknown Publisher",Performance Acervo,,,,,,,,,,,,True,artist_alias,Relatório UBEM - Canal Brasil
Palco Principal: Multishow Ao Vivo - Ana Carolina - Dois Quartos,2024-11-11 00:00:00,"1.100,00 (Nega Marrenta)","Aleh Ferreira,Ana Carolina",Ana Carolina,"Universal Music Publishing Mgb Brasil Ltda,Sony Music Publishing Brazil Edicoes Musicais Ltda,Unknown Publisher",Performance Acervo,,,,,,,,,,,,True,artist_alias,Relatório UBEM - Canal Brasil
Palco Principal: Multishow Ao Vivo - Ana Carolina - Dois Quartos,2024-11-08 00:00:00,Cantinho,"Ana Carolina,Gastão Villeroy",Ana Carolina,"Sony Music Publishing Brazil Edicoes Musicais Ltda,Universal Music Publishing Mgb Brasil Ltda,Unknown Publisher",Performance Acervo,,,,,,,,,,,,True,artist_alias,Relatório UBEM - Canal Brasil
Palco Principal: Multishow Ao Vivo - Ana Carolina - Dois Quartos,2024-11-09 00:00:00,Cantinho,"Ana Carolina,Gastão Villeroy",Ana Carolina,"Sony Music Publishing Brazil Edicoes Musicais Ltda,Universal Music Publishing Mgb Brasil Ltda,Unknown Publisher",Performance Acervo,,,,,,,,,,,,True,artist_alias,Relatório UBEM - Canal Brasil
Palco Principal: Multishow Ao Vivo - Ana Carolina - Dois Quartos,2024-11-11 00:00:00,Cantinho,"Ana Carolina,Gastão Villeroy",Ana Carolina,"Sony Music Publishing Brazil Edicoes Musicais Ltda,Universal Music Publishing Mgb Brasil Ltda,Unknown Publisher",Performance Acervo,,,,,,,,,,,,True,artist_alias,Relatório UBEM - Canal Brasil
Palco Principal: Multishow Ao Vivo - Ana Carolina - Dois Quartos,2024-11-08 00:00:00,É Isso Aí,"Ana Carolina,Damien Rice",Ana Carolina,Warner Chappell Edicoes Musicais Ltda,Performance Acervo,,,,,,,,,,,,True,artist_alias,Relatório UBEM - Canal Brasil
Palco Principal: Multishow Ao Vivo - Ana Carolina - Dois Quartos,2024-11-09 00:00:00,É Isso Aí,"Ana Carolina,Damien Rice",Ana Carolina,Warner Chappell Edicoes Musicais Ltda,Performance Acervo,,,,,,,,,,,,True,artist_alias,Relatório UBEM - Canal Brasil
Palco Principal: Multishow Ao Vivo - Ana Carolina - Dois Quartos,2024-11-11 00:00:00,É Isso Aí,"Ana Carolina,Damien Rice",Ana Carolina,Warner Chappell Edicoes Musicais Ltda,Performance Acervo,,,,,,,,,,,,True,artist_alias,Relatório UBEM - Canal Brasil
Palco Principal: Multishow Ao Vivo - Ana Carolina - Dois Quartos,2024-11-08 00:00:00,Elevador,Ana Carolina,Ana Carolina,Sony Music Publishing Brazil Edicoes Musicais Ltda,Performance Acervo,,,,,,,,,,,,True,artist_alias,Relatório UBEM - Canal Brasil
Palco Principal: Multishow Ao Vivo - Ana Carolina - Dois Quartos,2024-11-09 00:00:00,Elevador,Ana Carolina,Ana Carolina,Sony Music Publishing Brazil Edicoes Musicais Ltda,Performance Acervo,,,,,,,,,,,,True,artist_alias,Relatório UBEM - Canal Brasil
Palco Principal: Multishow Ao Vivo - Ana Carolina - Dois Quartos,2024-11-11 00:00:00,Elevador,Ana Carolina,Ana Carolina,Sony Music Publishing Brazil Edicoes Musicais Ltda,Performance Acervo,,,,,,,,,,,,True,artist_alias,Relatório UBEM - Canal Brasil
Palco Principal: Multishow Ao Vivo - Ana Carolina - Dois Quartos,2024-11-08 00:00:00,Encostar Na Tua,Ana Carolina,Ana Carolina,Sony Music Publishing Brazil Edicoes Musicais Ltda,Performance Acervo,,,,,,,,,,,,True,artist_alias,Relatório UBEM - Canal Brasil
Palco Principal: Multishow Ao Vivo - Ana Carolina - Dois Quartos,2024-11-09 00:00:00,Encostar Na Tua,Ana Carolina,Ana Carolina,Sony Music Publishing Brazil Edicoes Musicais Ltda,Performance Acervo,,,,,,,,,,,,True,artist_alias,Relatório UBEM - Canal Brasil
Palco Principal: Multishow Ao Vivo - Ana Carolina - Dois Quartos,2024-11-11 00:00:00,Encostar Na Tua,Ana Carolina,Ana Carolina,Sony Music Publishing Brazil Edicoes Musicais Ltda,Performance Acervo,,,,,,,,,,,,True,artist_alias,Relatório UBEM - Canal Brasil
Palco Principal: Multishow Ao Vivo - Ana Carolina - Dois Quartos,2024-11-08 00:00:00,Eu Comi A Madona,"Alvin L,Ana Carolina,Mano Melo,Totonho Villeroy",Ana Carolina,"Sony Music Publishing Brazil Edicoes Musicais Ltda,Universal Music Publishing Mgb Brasil Ltda,Warner Chappell Edicoes Musicais Ltda",Performance Acervo,,,,,,,,,,,,True,artist_alias,Relatório UBEM - Canal Brasil
Palco Principal: Multishow Ao Vivo - Ana Carolina - Dois Quartos,2024-11-09 00:00:00,Eu Comi A Madona,"Alvin L,Ana Carolina,Mano Melo,Totonho Villeroy",Ana Carolina,"Sony Music Publishing Brazil Edicoes Musicais Ltda,Universal Music Publishing Mgb Brasil Ltda,Warner Chappell Edicoes Musicais Ltda",Performance Acervo,,,,,,,,,,,,True,artist_alias,Relatório UBEM - Canal Brasil
Palco Principal: Multishow Ao Vivo - Ana Carolina - Dois Quartos,2024-11-11 00:00:00,Eu Comi A Madona,"Alvin L,Ana Carolina,Mano Melo,Totonho Villeroy",Ana Carolina,"Sony Music Publishing Brazil Edicoes Musicais Ltda,Universal Music Publishing Mgb Brasil Ltda,Warner Chappell Edicoes Musicais Ltda",Performance Acervo,,,,,,,,,,,,True,artist_alias,Relatório UBEM - Canal Brasil
Palco Principal: Multishow Ao Vivo - Ana Carolina - Dois Quartos,2024-11-08 00:00:00,Eu Sou Melhor Que Você,Maurício Pacheco,Ana Carolina,"Sony Music Publishing Brazil Edicoes Musicais Ltda,Warner Chappell Edicoes Musicais Ltda",Performance Acervo,,,,,,,,,,,,True,artist_alias,Relatório UBEM - Canal Brasil
Palco Principal: Multishow Ao Vivo - Ana Carolina - Dois Quartos,2024-11-09 00:00:00,Eu Sou Melhor Que Você,Maurício Pacheco,Ana Carolina,"Sony Music Publishing Brazil Edicoes Musicais Ltda,Warner Chappell Edicoes Musicais Ltda",Performance Acervo,,,,,,,,,,,,True,artist_alias,Relatório UBEM - Canal Brasil
Palco Principal: Multishow Ao Vivo - Ana Carolina - Dois Quartos,2024-11-11 00:00:00,Eu Sou Melhor Que Você,Maurício Pacheco,Ana Carolina,"Sony Music Publishing Brazil Edicoes Musicais Ltda,Warner Chappell Edicoes Musicais Ltda",Performance Acervo,,,,,,,,,,,,True,artist_alias,Relatório UBEM - Canal Brasil
Palco Principal: Multishow Ao Vivo - Ana Carolina - Dois Quartos,2024-11-08 00:00:00,Fever,"Eddie Cooley,John Davenport",Ana Carolina,"Bmg Rights Management Brasil Ltda,Warner Chappell Edicoes Musicais Ltda",Performance Acervo,,,,,,,,,,,,True,artist_alias,Relatório UBEM - Canal Brasil
Palco Principal: Multishow Ao Vivo - Ana Carolina - Dois Quartos,2024-11-09 00:00:00,Fever,"Eddie Cooley,John Davenport",Ana Carolina,"Bmg Rights Management Brasil Ltda,Warner Chappell Edicoes Musicais Ltda",Performance Acervo,,,,,,,,,,,,True,artist_alias,Relatório UBEM - Canal Brasil
Palco Principal: Multishow Ao Vivo - Ana Carolina - Dois Quartos,2024-11-11 00:00:00,Fever,"Eddie Cooley,John Davenport",Ana Carolina,"Bmg Rights Management Brasil Ltda,Warner Chappell Edicoes Musicais Ltda",Performance Acervo,,,,,,,,,,,,True,artist_alias,Relatório UBEM - Canal Brasil
Palco Principal: Multishow Ao Vivo - Ana Carolina - Dois Quartos,2024-11-08 00:00:00,Nua,"Ana Carolina,Vítor Ramil",Ana Carolina,"Sony Music Publishing Brazil Edicoes Musicais Ltda,Unknown Publisher",Performance Acervo,,,,,,,,,,,,True,artist_alias,Relatório UBEM - Canal Brasil
Palco Principal: Multishow Ao Vivo - Ana Carolina - Dois Quartos,2024-11-09 00:00:00,Nua,"Ana Carolina,Vítor Ramil",Ana Carolina,"Sony Music Publishing Brazil Edicoes Musicais Ltda,Unknown Publisher",Performance Acervo,,,,,,,,,,,,True,artist_alias,Relatório UBEM - Canal Brasil
Palco Principal: Multishow Ao Vivo - Ana Carolina - Dois Quartos,2024-11-11 00:00:00,Nua,"Ana Carolina,Vítor Ramil",Ana Carolina,"Sony Music Publishing Brazil Edicoes Musicais Ltda,Unknown Publisher",Performance Acervo,,,,,,,,,,,,True,artist_alias,Relatório UBEM - Canal Brasil
Palco Principal: Multishow Ao Vivo - Ana Carolina - Dois Quartos,2024-11-08 00:00:00,Pra Rua Me Levar,"Ana Carolina,Totonho Villeroy",Ana Carolina,"Sony Music Publishing Brazil Edicoes Musicais Ltda,Universal Music Publishing Mgb Brasil Ltda",Performance Acervo,,,,,,,,,,,,True,artist_alias,Relatório UBEM - Canal Brasil
Palco Principal: Multishow Ao Vivo - Ana Carolina - Dois Quartos,2024-11-09 00:00:00,Pra Rua Me Levar,"Ana Carolina,Totonho Villeroy",Ana Carolina,"Sony Music Publishing Brazil Edicoes Musicais Ltda,Universal Music Publishing Mgb Brasil Ltda",Performance Acervo,,,,,,,,,,,,True,artist_alias,Relatório UBEM - Canal Brasil
Palco Principal: Multishow Ao Vivo - Ana Carolina - Dois Quartos,2024-11-11 00:00:00,Pra Rua Me Levar,"Ana Carolina,Totonho Villeroy",Ana Carolina,"Sony Music Publishing Brazil Edicoes Musicais Ltda,Universal Music Publishing Mgb Brasil Ltda",Performance Acervo,,,,,,,,,,,,True,artist_alias,Relatório UBEM - Canal Brasil
Palco Principal: Multishow Ao Vivo - Ana Carolina - Dois Quartos,2024-11-08 00:00:00,Quem De Nós Dois (La Mia Storia Tra Le Dita),"Ana Carolina,Dudu Falcão,Gianluca Grignani,Massimo Luca",Ana Carolina,"Universal Music Publishing Mgb Brasil Ltda,Warner Chappell Edicoes Musicais Ltda",Performance Acervo,,,,,,,,,,,,True,artist_alias,Relatório UBEM - Canal Brasil
Palco Principal: Multishow Ao Vivo - Ana Carolina - Dois Quartos,2024-11-09 00:00:00,Quem De Nós Dois (La Mia Storia Tra Le Dita),"Ana Carolina,Dudu Falcão,Gianluca Grignani,Massimo Luca",Ana Carolina,"Universal Music Publishing Mgb Brasil Ltda,Warner Chappell Edicoes Musicais Ltda",Performance Acervo,,,,,,,,,,,,True,artist_alias,Relatório UBEM - Canal Brasil
Palco Principal: Multishow Ao Vivo - Ana Carolina - Dois Quartos,2024-11-11 00:00:00,Quem De Nós Dois (La Mia Storia Tra Le Dita),"Ana Carolina,Dudu Falcão,Gianluca Grignani,Massimo Luca",Ana Carolina,"Universal Music Publishing Mgb Brasil Ltda,Warner Chappell Edicoes Musicais Ltda",Performance Acervo,,,,,,,,,,,,True,artist_alias,Relatório UBEM - Canal Brasil
Palco Principal: Multishow Ao Vivo - Ana Carolina - Dois Quartos,2024-11-08 00:00:00,Rosas,Totonho Villeroy,Ana Carolina,Universal Music Publishing Mgb Brasil Ltda,Performance Acervo,,,,,,,,,,,,True,artist_alias,Relatório UBEM - Canal Brasil
Palco Principal: Multishow Ao Vivo - Ana Carolina - Dois Quartos,2024-11-09 00:00:00,Rosas,Totonho Villeroy,Ana Carolina,Universal Music Publishing Mgb Brasil Ltda,Performance Acervo,,,,,,,,,,,,True,artist_alias,Relatório UBEM - Canal Brasil
Palco Principal: Multishow Ao Vivo - Ana Carolina - Dois Quartos,2024-11-11 00:00:00,Rosas,Totonho Villeroy,Ana Carolina,Universal Music Publishing Mgb Brasil Ltda,Performance Acervo,,,,,,,,,,,,True,artist_alias,Relatório UBEM - Canal Brasil
Palco Principal: Multishow Ao Vivo - Ana Carolina - Dois Quartos,2024-11-08 00:00:00,Ruas De Outono,"Ana Carolina,Totonho Villeroy",Ana Carolina,"Sony Music Publishing Brazil Edicoes Musicais Ltda,Universal Music Publishing Mgb Brasil Ltda,Unknown Publisher",Performance Acervo,,,,,,,,,,,,True,artist_alias,Relatório UBEM - Canal Brasil
Palco Principal: Multishow Ao Vivo - Ana Carolina - Dois Quartos,2024-11-09 00:00:00,Ruas De Outono,"Ana Carolina,Totonho Villeroy",Ana Carolina,"Sony Music Publishing Brazil Edicoes Musicais Ltda,Universal Music Publishing Mgb Brasil Ltda,Unknown Publisher",Performance Acervo,,,,,,,,,,,,True,artist_alias,Relatório UBEM - Canal Brasil
Palco Principal: Multishow Ao Vivo - Ana Carolina - Dois Quartos,2024-11-11 00:00:00,Ruas De Outono,"Ana Carolina,Totonho Villeroy",Ana Carolina,"Sony Music Publishing Brazil Edicoes Musicais Ltda,Universal Music Publishing Mgb Brasil Ltda,Unknown Publisher",Performance Acervo,,,,,,,,,,,,True,artist_alias,Relatório UBEM - Canal Brasil
Palco Principal: Multishow Ao Vivo - Ana Carolina - Dois Quartos,2024-11-08 00:00:00,Trancado,Ana Carolina,Ana Carolina,Sony Music Publishing Brazil Edicoes Musicais Ltda,Performance Acervo,,,,,,,,,,,,True,artist_alias,Relatório UBEM - Canal Brasil
Palco Principal: Multishow Ao Vivo - Ana Carolina - Dois Quartos,2024-11-09 00:00:00,Trancado,Ana Carolina,Ana Carolina,Sony Music Publishing Brazil Edicoes Musicais Ltda,Performance Acervo,,,,,,,,,,,,True,artist_alias,Relatório UBEM - Canal Brasil
Palco Principal: Multishow Ao Vivo - Ana Carolina - Dois Quartos,2024-11-11 00:00:00,Trancado,Ana Carolina,Ana Carolina,Sony Music Publishing Brazil Edicoes Musicais Ltda,Performance Acervo,,,,,,,,,,,,True,artist_alias,Relatório UBEM - Canal Brasil
Palco Principal: Multishow Ao Vivo - Ana Carolina - Dois Quartos,2024-11-08 00:00:00,Uma Louca Tempestade,"Bebeto Alves,Totonho Villeroy",Ana Carolina,"Nossamusica Producoes E Edicoes Musicais Ltda Epp,Universal Music Publishing Mgb Brasil Ltda",Performance Acervo,,,,,,,,,,,,True,artist_alias,Relatório UBEM - Canal Brasil
Palco Principal: Multishow Ao Vivo - Ana Carolina - Dois Quartos,2024-11-09 00:00:00,Uma Louca Tempestade,"Bebeto Alves,Totonho Villeroy",Ana Carolina,"Nossamusica Producoes E Edicoes Musicais Ltda Epp,Universal Music Publishing Mgb Brasil Ltda",Performance Acervo,,,,,,,,,,,,True,artist_alias,Relatório UBEM - Canal Brasil
Palco Principal: Multishow Ao Vivo - Ana Carolina - Dois Quartos,2024-11-11 00:00:00,Uma Louca Tempestade,"Bebeto Alves,Totonho Villeroy",Ana Carolina,"Nossamusica Producoes E Edicoes Musicais Ltda Epp,Universal Music Publishing Mgb Brasil Ltda",Performance Acervo,,,,,,,,,,,,True,artist_alias,Relatório UBEM - Canal Brasil
Palco Principal: Multishow Ao Vivo - Ana Carolina - Dois Quartos,2024-11-08 00:00:00,Vai (Verão De 2001),Mona Saback,Ana Carolina,Sony Music Publishing Brazil Edicoes Musicais Ltda,Performance Acervo,,,,,,,,,,,,True,artist_alias,Relatório UBEM - Canal Brasil
Palco Principal: Multishow Ao Vivo - Ana Carolina - Dois Quartos,2024-11-09 00:00:00,Vai (Verão De 2001),Mona Saback,Ana Carolina,Sony Music Publishing Brazil Edicoes Musicais Ltda,Performance Acervo,,,,,,,,,,,,True,artist_alias,Relatório UBEM - Canal Brasil
Palco Principal: Multishow Ao Vivo - Ana Carolina - Dois Quartos,2024-11-11 00:00:00,Vai (Verão De 2001),Mona Saback,Ana Carolina,Sony Music Publishing Brazil Edicoes Musicais Ltda,Performance Acervo,,,,,,,,,,,,True,artist_alias,Relatório UBEM - Canal Brasil
Palco Principal: Multishow Ao Vivo - Ivete Sangalo 20 Anos,2024-11-15 00:00:00,Acelera Aê,"Dan Kambaiah,Fabio O'Brian,Gigi,Magno Santanna",Ivete Sangalo,"Carlos Magno De Santana,Warner Chappell Edicoes Musicais Ltda",Performance Acervo,,,,,,,,,,,,True,artist_alias,Relatório UBEM - Canal Brasil
Palco Principal: Multishow Ao Vivo - Ivete Sangalo 20 Anos,2024-11-16 00:00:00,Acelera Aê,"Dan Kambaiah,Fabio O'Brian,Gigi,Magno Santanna",Ivete Sangalo,"Carlos Magno De Santana,Warner Chappell Edicoes Musicais Ltda",Performance Acervo,,,,,,,,,,,,True,artist_alias,Relatório UBEM - Canal Brasil
Palco Principal: Multishow Ao Vivo - Ivete Sangalo 20 Anos,2024-11-18 00:00:00,Acelera Aê,"Dan Kambaiah,Fabio O'Brian,Gigi,Magno Santanna",Ivete Sangalo,"Carlos Magno De Santana,Warner Chappell Edicoes Musicais Ltda",Performance Acervo,,,,,,,,,,,,True,artist_alias,Relatório UBEM - Canal Brasil
Palco Principal: Multishow Ao Vivo - Ivete Sangalo 20 Anos,2024-11-15 00:00:00,Arerê,"Alaim Tavares,Gilson Babilônia",Ivete Sangalo,"Sony Music Publishing Brazil Edicoes Musicais Ltda,Universal Music Publishing Mgb Brasil Ltda",Performance Acervo,,,,,,,,,,,,True,artist_alias,Relatório UBEM - Canal Brasil
Palco Principal: Multishow Ao Vivo - Ivete Sangalo 20 Anos,2024-11-16 00:00:00,Arerê,"Alaim Tavares,Gilson Babilônia",Ivete Sangalo,"Sony Music Publishing Brazil Edicoes Musicais Ltda,Universal Music Publishing Mgb Brasil Ltda",Performance Acervo,,,,,,,,,,,,True,artist_alias,Relatório UBEM - Canal Brasil
Palco Principal: Multishow Ao Vivo - Ivete Sangalo 20 Anos,2024-11-18 00:00:00,Arerê,"Alaim Tavares,Gilson Babilônia",Ivete Sangalo,"Sony Music Publishing Brazil Edicoes Musicais Ltda,Universal Music Publishing Mgb Brasil Ltda",Performance Acervo,,,,,,,,,,,,True,artist_alias,Relatório UBEM - Canal Brasil
Palco Principal: Multishow Ao Vivo - Ivete Sangalo 20 Anos,2024-11-15 00:00:00,Beleza Rara,Ed Grandão,Ivete Sangalo,Universal Music Publishing Mgb Brasil Ltda,Performance Acervo,,,,,,,,,,,,True,artist_alias,Relatório UBEM - Canal Brasil
Palco Principal: Multishow Ao Vivo - Ivete Sangalo 20 Anos,2024-11-16 00:00:00,Beleza Rara,Ed Grandão,Ivete Sangalo,Universal Music Publishing Mgb Brasil Ltda,Performance Acervo,,,,,,,,,,,,True,artist_alias,Relatório UBEM - Canal Brasil
Palco Principal: Multishow Ao Vivo - Ivete Sangalo 20 Anos,2024-11-18 00:00:00,Beleza Rara,Ed Grandão,Ivete Sangalo,Universal Music Publishing Mgb Brasil Ltda,Performance Acervo,,,,,,,,,,,,True,artist_alias,Relatório UBEM - Canal Brasil
Palco Principal: Multishow Ao Vivo - Ivete Sangalo 20 Anos,2024-11-15 00:00:00,Debaixo Dos Caracóis Dos Seus Cabelos,"Erasmo Carlos,Roberto Carlos",Ivete Sangalo,Sony Music Publishing Brazil Edicoes Musicais Ltda,Performance Acervo,,,,,,,,,,,,True,artist_alias,Relatório UBEM - Canal Brasil
Palco Principal: Multishow Ao Vivo - Ivete Sangalo 20 Anos,2024-11-16 00:00:00,Debaixo Dos Caracóis Dos Seus Cabelos,"Erasmo Carlos,Roberto Carlos",Ivete Sangalo,Sony Music Publishing Brazil Edicoes Musicais Ltda,Performance Acervo,,,,,,,,,,,,True,artist_alias,Relatório UBEM - Canal Brasil
Palco Principal: Multishow Ao Vivo - Ivete Sangalo 20 Anos,2024-11-18 00:00:00,Debaixo Dos Caracóis Dos Seus Cabelos,"Erasmo Carlos,Roberto Carlos",Ivete Sangalo,Sony Music Publishing Brazil Edicoes Musicais Ltda,Performance Acervo,,,,,,,,,,,,True,artist_alias,Relatório UBEM - Canal Brasil
Palco Principal: Multishow Ao Vivo - Ivete Sangalo 20 Anos,2024-11-15 00:00:00,"Empurra, Empurra","Alaim Tavares,Gilson Babilônia",Ivete Sangalo,Sony Music Publishing Brazil Edicoes Musicais Ltda,Performance Acervo,,,,,,,,,,,,True,artist_alias,Relatório UBEM - Canal Brasil
Palco Principal: Multishow Ao Vivo - Ivete Sangalo 20 Anos,2024-11-16 00:00:00,"Empurra, Empurra","Alaim Tavares,Gilson Babilônia",Ivete Sangalo,Sony Music Publishing Brazil Edicoes Musicais Ltda,Performance Acervo,,,,,,,,,,,,True,artist_alias,Relatório UBEM - Canal Brasil
Palco Principal: Multishow Ao Vivo - Ivete Sangalo 20 Anos,2024-11-18 00:00:00,"Empurra, Empurra","Alaim Tavares,Gilson Babilônia",Ivete Sangalo,Sony Music Publishing Brazil Edicoes Musicais Ltda,Performance Acervo,,,,,,,,,,,,True,artist_alias,Relatório UBEM - Canal Brasil
Palco Principal: Multishow Ao Vivo - Ivete Sangalo 20 Anos,2024-11-15 00:00:00,Eva,"Giancarlo Bigazzi,Marcos Ficarelli,Umberto Tozzi",Ivete Sangalo,"Associacao Defensora De Direitos Autorais (Addaf),Peermusic Do Brasil Edicoes Musicais Ltda",Performance Acervo,,,,,,,,,,,,True,artist_alias,Relatório UBEM - Canal Brasil
Palco Principal: Multishow Ao Vivo - Ivete Sangalo 20 Anos,2024-11-16 00:00:00,Eva,"Giancarlo Bigazzi,Marcos Ficarelli,Umberto Tozzi",Ivete Sangalo,"Associacao Defensora De Direitos Autorais (Addaf),Peermusic Do Brasil Edicoes Musicais Ltda",Performance Acervo,,,,,,,,,,,,True,artist_alias,Relatório UBEM - Canal Brasil
Palco Principal: Multishow Ao Vivo - Ivete Sangalo 20 Anos,2024-11-18 00:00:00,Eva,"Giancarlo Bigazzi,Marcos Ficarelli,Umberto Tozzi",Ivete Sangalo,"Associacao Defensora De Direitos Autorais (Addaf),Peermusic Do Brasil Edicoes Musicais Ltda",Performance Acervo,,,,,,,,,,,,True,artist_alias,Relatório UBEM - Canal Brasil
Palco Principal: Multishow Ao Vivo - Ivete Sangalo 20 Anos,2024-11-15 00:00:00,Fã,Mônica San Galo,Ivete Sangalo,Iessi Music Label Ltda,Performance Acervo,,,,,,,,,,,,True,artist_alias,Relatório UBEM - Canal Brasil
Palco Principal: Multishow Ao Vivo - Ivete Sangalo 20 Anos,2024-11-16 00:00:00,Fã,Mônica San Galo,Ivete Sangalo,Iessi Music Label Ltda,Performance Acervo,,,,,,,,,,,,True,artist_alias,Relatório UBEM - Canal Brasil
Palco Principal: Multishow Ao Vivo - Ivete Sangalo 20 Anos,2024-11-18 00:00:00,Fã,Mônica San Galo,Ivete Sangalo,Iessi Music Label Ltda,Performance Acervo,,,,,,,,,,,,True,artist_alias,Relatório UBEM - Canal Brasil
Palco Principal: Multishow Ao Vivo - Ivete Sangalo 20 Anos,2024-11-15 00:00:00,Faraó Divindade Do Egito,Luciano Gomes,Ivete Sangalo,Universal Music Publishing Mgb Brasil Ltda,Performance Acervo,,,,,,,,,,,,True,artist_alias,Relatório UBEM - Canal Brasil
Palco Principal: Multishow Ao Vivo - Ivete Sangalo 20 Anos,2024-11-16 00:00:00,Faraó Divindade Do Egito,Luciano Gomes,Ivete Sangalo,Universal Music Publishing Mgb Brasil Ltda,Performance Acervo,,,,,,,,,,,,True,artist_alias,Relatório UBEM - Canal Brasil
Palco Principal: Multishow Ao Vivo - Ivete Sangalo 20 Anos,2024-11-18 00:00:00,Faraó Divindade Do Egito,Luciano Gomes,Ivete Sangalo,Universal Music Publishing Mgb Brasil Ltda,Performance Acervo,,,,,,,,,,,,True,artist_alias,Relatório UBEM - Canal Brasil
Palco Principal: Multishow Ao Vivo - Ivete Sangalo 20 Anos,2024-11-15 00:00:00,Flor Do Reggae,"Fabinho O'Brian,Gigi,Ivete Sangalo",Ivete Sangalo,Warner Chappell Edicoes Musicais Ltda,Performance Acervo,,,,,,,,,,,,True,artist_alias,Relatório UBEM - Canal Brasil
Palco Principal: Multishow Ao Vivo - Ivete Sangalo 20 Anos,2024-11-16 00:00:00,Flor Do Reggae,"Fabinho O'Brian,Gigi,Ivete Sangalo",Ivete Sangalo,Warner Chappell Edicoes Musicais Ltda,Performance Acervo,,,,,,,,,,,,True,artist_alias,Relatório UBEM - Canal Brasil
Palco Principal: Multishow Ao Vivo - Ivete Sangalo 20 Anos,2024-11-18 00:00:00,Flor Do Reggae,"Fabinho O'Brian,Gigi,Ivete Sangalo",Ivete Sangalo,Warner Chappell Edicoes Musicais Ltda,Performance Acervo,,,,,,,,,,,,True,artist_alias,Relatório UBEM - Canal Brasil
Palco Principal: Multishow Ao Vivo - Ivete Sangalo 20 Anos,2024-11-15 00:00:00,Ladeira Do Pelô,Betão,Ivete Sangalo,Warner Chappell Edicoes Musicais Ltda,Performance Acervo,,,,,,,,,,,,True,artist_alias,Relatório UBEM - Canal Brasil
Palco Principal: Multishow Ao Vivo - Ivete Sangalo 20 Anos,2024-11-16 00:00:00,Ladeira Do Pelô,Betão,Ivete Sangalo,Warner Chappell Edicoes Musicais Ltda,Performance Acervo,,,,,,,,,,,,True,artist_alias,Relatório UBEM - Canal Brasil
Palco Principal: Multishow Ao Vivo - Ivete Sangalo 20 Anos,2024-11-18 00:00:00,Ladeira Do Pelô,Betão,Ivete Sangalo,Warner Chappell Edicoes Musicais Ltda,Performance Acervo,,,,,,,,,,,,True,artist_alias,Relatório UBEM - Canal Brasil
Palco Principal: Multishow Ao Vivo - Ivete Sangalo 20 Anos,2024-11-15 00:00:00,Manda Ver,"Alaim Tavares,Gilson Babilônia",Ivete Sangalo,"Sony Music Publishing Brazil Edicoes Musicais Ltda,Universal Music Publishing Mgb Brasil Ltda",Performance Acervo,,,,,,,,,,,,True,artist_alias,Relatório UBEM - Canal Brasil
Palco Principal: Multishow Ao Vivo - Ivete Sangalo 20 Anos,2024-11-16 00:00:00,Manda Ver,"Alaim Tavares,Gilson Babilônia",Ivete Sangalo,"Sony Music Publishing Brazil Edicoes Musicais Ltda,Universal Music Publishing Mgb Brasil Ltda",Performance Acervo,,,,,,,,,,,,True,artist_alias,Relatório UBEM - Canal Brasil
Palco Principal: Multishow Ao Vivo - Ivete Sangalo 20 Anos,2024-11-18 00:00:00,Manda Ver,"Alaim Tavares,Gilson Babilônia",Ivete Sangalo,"Sony Music Publishing Brazil Edicoes Musicais Ltda,Universal Music Publishing Mgb Brasil Ltda",Performance Acervo,,,,,,,,,,,,True,artist_alias,Relatório UBEM - Canal Brasil
Palco Principal: Multishow Ao Vivo - Ivete Sangalo 20 Anos,2024-11-15 00:00:00,Mega Beijo,Lourenço,Ivete Sangalo,L O S Producoes E Promocoes Artisticas Ltda Me,Performance Acervo,,,,,,,,,,,,True,artist_alias,Relatório UBEM - Canal Brasil
Palco Principal: Multishow Ao Vivo - Ivete Sangalo 20 Anos,2024-11-16 00:00:00,Mega Beijo,Lourenço,Ivete Sangalo,L O S Producoes E Promocoes Artisticas Ltda Me,Performance Acervo,,,,,,,,,,,,True,artist_alias,Relatório UBEM - Canal Brasil
Palco Principal: Multishow Ao Vivo - Ivete Sangalo 20 Anos,2024-11-18 00:00:00,Mega Beijo,Lourenço,Ivete Sangalo,L O S Producoes E Promocoes Artisticas Ltda Me,Performance Acervo,,,,,,,,,,,,True,artist_alias,Relatório UBEM - Canal Brasil
Palco Principal: Multishow Ao Vivo - Ivete Sangalo 20 Anos,2024-11-15 00:00:00,Na Base Do Beijo,"Alaim Tavares,Rita Mendes",Ivete Sangalo,"Sony Music Publishing Brazil Edicoes Musicais Ltda,Warner Chappell Edicoes Musicais Ltda",Performance Acervo,,,,,,,,,,,,True,artist_alias,Relatório UBEM - Canal Brasil
Palco Principal: Multishow Ao Vivo - Ivete Sangalo 20 Anos,2024-11-16 00:00:00,Na Base Do Beijo,"Alaim Tavares,Rita Mendes",Ivete Sangalo,"Sony Music Publishing Brazil Edicoes Musicais Ltda,Warner Chappell Edicoes Musicais Ltda",Performance Acervo,,,,,,,,,,,,True,artist_alias,Relatório UBEM - Canal Brasil
Palco Principal: Multishow Ao Vivo - Ivete Sangalo 20 Anos,2024-11-18 00:00:00,Na Base Do Beijo,"Alaim Tavares,Rita Mendes",Ivete Sangalo,"Sony Music Publishing Brazil Edicoes Musicais Ltda,Warner Chappell Edicoes Musicais Ltda",Performance Acervo,,,,,,,,,,,,True,artist_alias,Relatório UBEM - Canal Brasil
Palco Principal: Multishow Ao Vivo - Ivete Sangalo 20 Anos,2024-11-15 00:00:00,No Brilho Desse Olhar,"Dan Kanbahia,Davi Sales",Ivete Sangalo,"Universal Music Publishing Mgb Brasil Ltda,Warner Chappell Edicoes Musicais Ltda",Performance Acervo,,,,,,,,,,,,True,artist_alias,Relatório UBEM - Canal Brasil
Palco Principal: Multishow Ao Vivo - Ivete Sangalo 20 Anos,2024-11-16 00:00:00,No Brilho Desse Olhar,"Dan Kanbahia,Davi Sales",Ivete Sangalo,"Universal Music Publishing Mgb Brasil Ltda,Warner Chappell Edicoes Musicais Ltda",Performance Acervo,,,,,,,,,,,,True,artist_alias,Relatório UBEM - Canal Brasil
Palco Principal: Multishow Ao Vivo - Ivete Sangalo 20 Anos,2024-11-18 00:00:00,No Brilho Desse Olhar,"Dan Kanbahia,Davi Sales",Ivete Sangalo,"Universal Music Publishing Mgb Brasil Ltda,Warner Chappell Edicoes Musicais Ltda",Performance Acervo,,,,,,,,,,,,True,artist_alias,Relatório UBEM - Canal Brasil
Palco Principal: Multishow Ao Vivo - Ivete Sangalo 20 Anos,2024-11-15 00:00:00,Pra Abalar,"Gilson Babilônia,Tonho Matéria",Ivete Sangalo,"Sony Music Publishing Brazil Edicoes Musicais Ltda,Universal Music Publishing Mgb Brasil Ltda",Performance Acervo,,,,,,,,,,,,True,artist_alias,Relatório UBEM - Canal Brasil
Palco Principal: Multishow Ao Vivo - Ivete Sangalo 20 Anos,2024-11-16 00:00:00,Pra Abalar,"Gilson Babilônia,Tonho Matéria",Ivete Sangalo,"Sony Music Publishing Brazil Edicoes Musicais Ltda,Universal Music Publishing Mgb Brasil Ltda",Performance Acervo,,,,,,,,,,,,True,artist_alias,Relatório UBEM - Canal Brasil
Palco Principal: Multishow Ao Vivo - Ivete Sangalo 20 Anos,2024-11-18 00:00:00,Pra Abalar,"Gilson Babilônia,Tonho Matéria",Ivete Sangalo,"Sony Music Publishing Brazil Edicoes Musicais Ltda,Universal Music Publishing Mgb Brasil Ltda",Performance Acervo,,,,,,,,,,,,True,artist_alias,Relatório UBEM - Canal Brasil
Palco Principal: Multishow Ao Vivo - Ivete Sangalo 20 Anos,2024-11-15 00:00:00,Pra Frente,"Filipe Escandurras,Gigi,Magno Santanna",Ivete Sangalo,"Abramus Digital Servicos De Identificacao De Repertorio Ltda Me,Carlos Magno De Santana,Warner Chappell Edicoes Musicais Ltda",Performance Acervo,,,,,,,,,,,,True,artist_alias,Relatório UBEM - Canal Brasil
Palco Principal: Multishow Ao Vivo - Ivete Sangalo 20 Anos,2024-11-16 00:00:00,Pra Frente,"Filipe Escandurras,Gigi,Magno Santanna",Ivete Sangalo,"Abramus Digital Servicos De Identificacao De Repertorio Ltda Me,Carlos Magno De Santana,Warner Chappell Edicoes Musicais Ltda",Performance Acervo,,,,,,,,,,,,True,artist_alias,Relatório UBEM - Canal Brasil
Palco Principal: Multishow Ao Vivo - Ivete Sangalo 20 Anos,2024-11-18 00:00:00,Pra Frente,"Filipe Escandurras,Gigi,Magno Santanna",Ivete Sangalo,"Abramus Digital Servicos De Identificacao De Repertorio Ltda Me,Carlos Magno De Santana,Warner Chappell Edicoes Musicais Ltda",Performance Acervo,,,,,,,,,,,,True,artist_alias,Relatório UBEM - Canal Brasil
Palco Principal: Multishow Ao Vivo - Ivete Sangalo 20 Anos,2024-11-15 00:00:00,Pra Sempre Ter Você,Eva Cavalcante,Ivete Sangalo,Warner Chappell Edicoes Musicais Ltda,Performance Acervo,,,,,,,,,,,,True,artist_alias,Relatório UBEM - Canal Brasil
Palco Principal: Multishow Ao Vivo - Ivete Sangalo 20 Anos,2024-11-16 00:00:00,Pra Sempre Ter Você,Eva Cavalcante,Ivete Sangalo,Warner Chappell Edicoes Musicais Ltda,Performance Acervo,,,,,,,,,,,,True,artist_alias,Relatório UBEM - Canal Brasil
Palco Principal: Multishow Ao Vivo - Ivete Sangalo 20 Anos,2024-11-18 00:00:00,Pra Sempre Ter Você,Eva Cavalcante,Ivete Sangalo,Warner Chappell Edicoes Musicais Ltda,Performance Acervo,,,,,,,,,,,,True,artist_alias,Relatório UBEM - Canal Brasil
Palco Principal: Multishow Ao Vivo - Ivete Sangalo 20 Anos,2024-11-15 00:00:00,Quando A Chuva Passar,Ramon Cruz,Ivete Sangalo,Iessi Music Label Ltda,Performance Acervo,,,,,,,,,,,,True,artist_alias,Relatório UBEM - Canal Brasil
Palco Principal: Multishow Ao Vivo - Ivete Sangalo 20 Anos,2024-11-16 00:00:00,Quando A Chuva Passar,Ramon Cruz,Ivete Sangalo,Iessi Music Label Ltda,Performance Acervo,,,,,,,,,,,,True,artist_alias,Relatório UBEM - Canal Brasil
Palco Principal: Multishow Ao Vivo - Ivete Sangalo 20 Anos,2024-11-18 00:00:00,Quando A Chuva Passar,Ramon Cruz,Ivete Sangalo,Iessi Music Label Ltda,Performance Acervo,,,,,,,,,,,,True,artist_alias,Relatório UBEM - Canal Brasil
Palco Principal: Multishow Ao Vivo - Ivete Sangalo 20 Anos,2024-11-15 00:00:00,Se Eu Não Te Amasse Tanto Assim,"Herbert Vianna,Paulo Sergio Valle",Ivete Sangalo,Sony Music Publishing Brazil Edicoes Musicais Ltda,Performance Acervo,,,,,,,,,,,,True,artist_alias,Relatório UBEM - Canal Brasil
Palco Principal: Multishow Ao Vivo - Ivete Sangalo 20 Anos,2024-11-16 00:00:00,Se Eu Não Te Amasse Tanto Assim,"Herbert Vianna,Paulo Sergio Valle",Ivete Sangalo,Sony Music Publishing Brazil Edicoes Musicais Ltda,Performance Acervo,,,,,,,,,,,,True,artist_alias,Relatório UBEM - Canal Brasil
Palco Principal: Multishow Ao Vivo - Ivete Sangalo 20 Anos,2024-11-18 00:00:00,Se Eu Não Te Amasse Tanto Assim,"Herbert Vianna,Paulo Sergio Valle",Ivete Sangalo,Sony Music Publishing Brazil Edicoes Musicais Ltda,Performance Acervo,,,,,,,,,,,,True,artist_alias,Relatório UBEM - Canal Brasil
Palco Principal: Multishow Ao Vivo - Ivete Sangalo 20 Anos,2024-11-15 00:00:00,Sorte Grande,Lourenço,Ivete Sangalo,L O S Producoes E Promocoes Artisticas Ltda Me,Performance Acervo,,,,,,,,,,,,True,artist_alias,Relatório UBEM - Canal Brasil
Palco Principal: Multishow Ao Vivo - Ivete Sangalo 20 Anos,2024-11-16 00:00:00,Sorte Grande,Lourenço,Ivete Sangalo,L O S Producoes E Promocoes Artisticas Ltda Me,Performance Acervo,,,,,,,,,,,,True,artist_alias,Relatório UBEM - Canal Brasil
Palco Principal: Multishow Ao Vivo - Ivete Sangalo 20 Anos,2024-11-18 00:00:00,Sorte Grande,Lourenço,Ivete Sangalo,L O S Producoes E Promocoes Artisticas Ltda Me,Performance Acervo,,,,,,,,,,,,True,artist_alias,Relatório UBEM - Canal Brasil
Palco Principal: Multishow Ao Vivo - Ivete Sangalo 20 Anos,2024-11-15 00:00:00,Tempo De Alegria,"Filipe Escandurras,Gigi,Magno Sant'Anna",Ivete Sangalo,"Abramus Digital Servicos De Identificacao De Repertorio Ltda Me,Carlos Magno De Santana,Warner Chappell Edicoes Musicais Ltda",Performance Acervo,,,,,,,,,,,,True,artist_alias,Relatório UBEM - Canal Brasil
Palco Principal: Multishow Ao Vivo - Ivete Sangalo 20 Anos,2024-11-16 00:00:00,Tempo De Alegria,"Filipe Escandurras,Gigi,Magno Sant'Anna",Ivete Sangalo,"Abramus Digital Servicos De Identificacao De Repertorio Ltda Me,Carlos Magno De Santana,Warner Chappell Edicoes Musicais Ltda",Performance Acervo,,,,,,,,,,,,True,artist_alias,Relatório UBEM - Canal Brasil
Palco Principal: Multishow Ao Vivo - Ivete Sangalo 20 Anos,2024-11-18 00:00:00,Tempo De Alegria,"Filipe Escandurras,Gigi,Magno Sant'Anna",Ivete Sangalo,"Abramus Digital Servicos De Identificacao De Repertorio Ltda Me,Carlos Magno De Santana,Warner Chappell Edicoes Musicais Ltda",Performance Acervo,,,,,,,,,,,,True,artist_alias,Relatório UBEM - Canal Brasil
Palco Principal: Multishow Ao Vivo - Ivete Sangalo 20 Anos,2024-11-15 00:00:00,"Tum, Tum, Goiaba","Leonardo Reis,Márcio Brasil",Ivete Sangalo,"Antonio Leonardo Reis Costa 90546342515 (Reis Musicais),Iessi Music Label Ltda,Unknown Publisher",Performance Acervo,,,,,,,,,,,,True,artist_alias,Relatório UBEM - Canal Brasil
Palco Principal: Multishow Ao Vivo - Ivete Sangalo 20 Anos,2024-11-16 00:00:00,"Tum, Tum, Goiaba","Leonardo Reis,Márcio Brasil",Ivete Sangalo,"Antonio Leonardo Reis Costa 90546342515 (Reis Musicais),Iessi Music Label Ltda,Unknown Publisher",Performance Acervo,,,,,,,,,,,,True,artist_alias,Relatório UBEM - Canal Brasil
Palco Principal: Multishow Ao Vivo - Ivete Sangalo 20 Anos,2024-11-18 00:00:00,"Tum, Tum, Goiaba","Leonardo Reis,Márcio Brasil",Ivete Sangalo,"Antonio Leonardo Reis Costa 90546342515 (Reis Musicais),Iessi Music Label Ltda,Unknown Publisher",Performance Acervo,,,,,,,,,,,,True,artist_alias,Relatório UBEM - Canal Brasil
Prêmio Multishow: Especial 2020,2024-11-26 00:00:00,O Mundo Vai,"Gigi,Ivete Sangalo,Radames Venancio,Ramon Cruz,Samir Pereira,Tierry",Ivete Sangalo,"Universal Music Publishing Mgb Brasil Ltda,Unknown Publisher,Warner Chappell Edicoes Musicais Ltda",Performance,,,,,,,,,,,,True,artist_alias,Relatório UBEM - Canal Brasil
Prêmio Multishow: Especial 2020,2024-11-27 00:00:00,O Mundo Vai,"Gigi,Ivete Sangalo,Radames Venancio,Ramon Cruz,Samir Pereira,Tierry",Ivete Sangalo,"Universal Music Publishing Mgb Brasil Ltda,Unknown Publisher,Warner Chappell Edicoes Musicais Ltda",Performance,,,,,,,,,,,,True,artist_alias,Relatório UBEM - Canal Brasil
Prêmio Multishow: Especial 2020,2024-11-29 00:00:00,O Mundo Vai,"Gigi,Ivete Sangalo,Radames Venancio,Ramon Cruz,Samir Pereira,Tierry",Ivete Sangalo,"Universal Music Publishing Mgb Brasil Ltda,Unknown Publisher,Warner Chappell Edicoes Musicais Ltda",Performance,,,,,,,,,,,,True,artist_alias,Relatório UBEM - Canal Brasil
Prêmio Multishow: Especial 2021,2024-11-27 00:00:00,Eu Sei De Cor,"Danillo Davilla,Elcio Di Carvalho,Junior Pepato,Lari Ferreira",Ivete Sangalo,Bmg Rights Management Brasil Ltda,Performance,,,,,,,,,,,,True,artist_alias,Relatório UBEM - Canal Brasil
Prêmio Multishow: Especial 2021,2024-11-28 00:00:00,Eu Sei De Cor,"Danillo Davilla,Elcio Di Carvalho,Junior Pepato,Lari Ferreira",Ivete Sangalo,Bmg Rights Management Brasil Ltda,Performance,,,,,,,,,,,,True,artist_alias,Relatório UBEM - Canal Brasil
Prêmio Multishow: Especial 2021,2024-11-30 00:00:00,Eu Sei De Cor,"Danillo Davilla,Elcio Di Carvalho,Junior Pepato,Lari Ferreira",Ivete Sangalo,Bmg Rights Management Brasil Ltda,Performance,,,,,,,,,,,,True,artist_alias,Relatório UBEM - Canal Brasil
Prêmio Multishow: Especial 2022,2024-11-28 00:00:00,Acorda Pedrinho,"Bernardo Crisostomo Pasquali,Bernardo Derviche Hey,Gabriel Dunajski Mendes,Gustavo Pimentel Karam,Rafael Dunajski Mendes",Jovem Dionísio,Warner Chappell Edicoes Musicais Ltda,Performance,,,,,,,,,,,,True,artist_alias,Relatório UBEM - Canal Brasil
Prêmio Multishow: Especial 2022,2024-11-29 00:00:00,Acorda Pedrinho,"Bernardo Crisostomo Pasquali,Bernardo Derviche Hey,Gabriel Dunajski Mendes,Gustavo Pimentel Karam,Rafael Dunajski Mendes",Jovem Dionísio,Warner Chappell Edicoes Musicais Ltda,Performance,,,,,,,,,,,,True,artist_alias,Relatório UBEM - Canal Brasil
Prêmio Multishow: Especial 2022,2024-11-28 00:00:00,Idiota,"Jão,Pedro Tofani,Zebu",Jão,"Universal Music Publishing Mgb Brasil Ltda,Warner Chappell Edicoes Musicais Ltda",Performance,,,,,,,,,,,,True,artist_alias,Relatório UBEM - Canal Brasil
Prêmio Multishow: Especial 2022,2024-11-29 00:00:00,Idiota,"Jão,Pedro Tofani,Zebu",Jão,"Universal Music Publishing Mgb Brasil Ltda,Warner Chappell Edicoes Musicais Ltda",Performance,,,,,,,,,,,,True,artist_alias,Relatório UBEM - Canal Brasil
Setlist,2024-11-27 00:00:00,Telas,"Jean Costa Machado,Luiz Gustavo Da Silva",Siamese,Unknown Publisher,Clipe Musical,,,,,,,,,,,,True,artist_alias,Relatório UBEM - Canal Brasil
Setlist,2024-11-28 00:00:00,Telas,"Jean Costa Machado,Luiz Gustavo Da Silva",Siamese,Unknown Publisher,Clipe Musical,,,,,,,,,,,,True,artist_alias,Relatório UBEM - Canal Brasil
Setlist,2024-11-30 00:00:00,Telas,"Jean Costa Machado,Luiz Gustavo Da Silva",Siamese,Unknown Publisher,Clipe Musical,,,,,,,,,,,,True,artist_alias,Relatório UBEM - Canal Brasil
Alma De Cozinheira,2024-11-01 00:00:00,Voltei Pra Mim,"Iuri Rio Branco,Marina Sena",Marina Sena,Boa Musica Brasil Direitos Musicais Ltda,Performance,,,,,,,,,,,,True,artist_alias,Relatório UBEM - Canal Brasil
Alma De Cozinheira,2024-11-02 00:00:00,Voltei Pra Mim,"Iuri Rio Branco,Marina Sena",Marina Sena,Boa Musica Brasil Direitos Musicais Ltda,Performance,,,,,,,,,,,,True,artist_alias,Relatório UBEM - Canal Brasil
Alma De Cozinheira,2024-11-03 00:00:00,Voltei Pra Mim,"Iuri Rio Branco,Marina Sena",Marina Sena,Boa Musica Brasil Direitos Musicais Ltda,Performance,,,,,,,,,,,,True,artist_alias,Relatório UBEM - Canal Brasil
Alma De Cozinheira,2024-11-05 00:00:00,Voltei Pra Mim,"Iuri Rio Branco,Marina Sena",Marina Sena,Boa Musica Brasil Direitos Musicais Ltda,Performance,,,,,,,,,,,,True,artist_alias,Relatório UBEM - Canal Brasil
Angélica 50 & Uns,2024-11-12 00:00:00,Céu Azul,"Chorão,Thiago Castanho",Xamã,"Sony Music Publishing Brazil Edicoes Musicais Ltda,Unknown Publisher",Performance,,,,,,,,,,,,True,artist_alias,Relatório UBEM - Canal Brasil
Angélica 50 & Uns,2024-11-15 00:00:00,Céu Azul,"Chorão,Thiago Castanho",Xamã,"Sony Music Publishing Brazil Edicoes Musicais Ltda,Unknown Publisher",Performance,,,,,,,,,,,,True,artist_alias,Relatório UBEM - Canal Brasil
Angélica 50 & Uns,2024-11-16 00:00:00,Céu Azul,"Chorão,Thiago Castanho",Xamã,"Sony Music Publishing Brazil Edicoes Musicais Ltda,Unknown Publisher",Performance,,,,,,,,,,,,True,artist_alias,Relatório UBEM - Canal Brasil
Angélica 50 & Uns,2024-11-17 00:00:00,Céu Azul,"Chorão,Thiago Castanho",Xamã,"Sony Music Publishing Brazil Edicoes Musicais Ltda,Unknown Publisher",Performance,,,,,,,,,,,,True,artist_alias,Relatório UBEM - Canal Brasil
Angélica 50 & Uns,2024-11-18 00:00:00,Céu Azul,"Chorão,Thiago Castanho",Xamã,"Sony Music Publishing Brazil Edicoes Musicais Ltda,Unknown Publisher",Performance,,,,,,,,,,,,True,artist_alias,Relatório UBEM - Canal Brasil
Angélica 50 & Uns,2024-11-19 00:00:00,Céu Azul,"Chorão,Thiago Castanho",Xamã,"Sony Music Publishing Brazil Edicoes Musicais Ltda,Unknown Publisher",Performance,,,,,,,,,,,,True,artist_alias,Relatório UBEM - Canal Brasil
Avisa Lá Que Eu Vou,2024-11-01 00:00:00,Coração De Gelo,"Shalon Israel,Wiu",Wiu,Warner Chappell Edicoes Musicais Ltda,Fundo Musical,,,,,,,,,,,,True,artist_alias,Relatório UBEM - Canal Brasil
Avisa Lá Que Eu Vou,2024-11-02 00:00:00,Coração De Gelo,"Shalon Israel,Wiu",Wiu,Warner Chappell Edicoes Musicais Ltda,Fundo Musical,,,,,,,,,,,,True,artist_alias,Relatório UBEM - Canal Brasil
Conversa Com Bial,2024-11-04 00:00:00,Me Toca,"Iuri Rio Branco D Luz,Marina Sena",Marina Sena,Boa Musica Brasil Direitos Musicais Ltda,Fundo Musical,,,,,,,,,,,,True,artist_alias,Relatório UBEM - Canal Brasil
Conversa Com Bial,2024-11-25 00:00:00,20 Ligacoes,"Baco Exu Do Blues,Christian Santana Dates Do Vale,Marcelo De Lamare",Baco Exu Do Blues,Boa Musica Brasil Direitos Musicais Ltda,Performance,,,,,,,,,,,,True,artist_alias,Relatório UBEM - Canal Brasil
Conversa Com Bial,2024-11-25 00:00:00,Piscina Vazia,"Baco Exu Do Blues,Christian Santana Dates Do Vale,Jlz,Marcelo Vasconcelos De Lamare,Marcos Mauricio",Baco Exu Do Blues,Boa Musica Brasil Direitos Musicais Ltda,Performance,,,,,,,,,,,,True,artist_alias,Relatório UBEM - Canal Brasil
Decora,2024-11-28 00:00:00,"Galinha D'angola, A","Toquinho,Vinícius De Moraes",Ivete Sangalo,Universal Music Publishing Mgb Brasil Ltda,Fundo Musical Acervo,,,,,,,,,,,,True,artist_alias,Relatório UBEM - Canal Brasil
Decora,2024-11-30 00:00:00,"Galinha D'angola, A","Toquinho,Vinícius De Moraes",Ivete Sangalo,Universal Music Publishing Mgb Brasil Ltda,Fundo Musical Acervo,,,,,,,,,,,,True,artist_alias,Relatório UBEM - Canal Brasil
Fantástico Apresenta: Negritudes,2024-11-16 00:00:00,MARCATOS DE MOTIVACAO E AMOR LRS,Leonardo Sperling,Leonardo Sperling,Unknown Publisher,Fundo Musical,,,,,,,,,,,,True,artist_alias,Relatório UBEM - Canal Brasil
"Mais Cor, Por Favor!",2024-11-27 00:00:00,Efêmera,"Gustavo Ruiz,Tulipa Ruiz",Tulipa Ruiz,"Boa Musica Brasil Direitos Musicais Ltda,Dubas Musica Ltda,Warner Chappell Edicoes Musicais Ltda",Fundo Musical Acervo,,,,,,,,,,,,True,artist_alias,Relatório UBEM - Canal Brasil
"Mais Cor, Por Favor!",2024-11-01 00:00:00,Maracangalha,Dorival Caymmi,Danilo Caymmi,Cap Music Edicoes Ltda Epp,Fundo Musical Acervo,,,,,,,,,,,,True,artist_alias,Relatório UBEM - Canal Brasil
"Mais Cor, Por Favor!",2024-11-26 00:00:00,"Ordem Das Árvores, A",Tulipa Ruiz,Tulipa Ruiz,"Boa Musica Brasil Direitos Musicais Ltda,Dubas Musica Ltda",Fundo Musical Acervo,,,,,,,,,,,,True,artist_alias,Relatório UBEM - Canal Brasil
"Que História É Essa, Porchat?",2024-11-19 00:00:00,Há Uma Saída,"Fabiano Barcellos,Leo De Jesus",Thiago Pantaleão,Prisma Fernandes 2005 Editora Ltda,Fundo Musical,,,,,,,,,,,,True,artist_alias,Relatório UBEM - Canal Brasil
"Que História É Essa, Porchat?",2024-11-20 00:00:00,Há Uma Saída,"Fabiano Barcellos,Leo De Jesus",Thiago Pantaleão,Prisma Fernandes 2005 Editora Ltda,Fundo Musical,,,,,,,,,,,,True,artist_alias,Relatório UBEM - Canal Brasil
"Que História É Essa, Porchat?",2024-11-23 00:00:00,Há Uma Saída,"Fabiano Barcellos,Leo De Jesus",Thiago Pantaleão,Prisma Fernandes 2005 Editora Ltda,Fundo Musical,,,,,,,,,,,,True,artist_alias,Relatório UBEM - Canal Brasil
"Que História É Essa, Porchat?",2024-11-24 00:00:00,Há Uma Saída,"Fabiano Barcellos,Leo De Jesus",Thiago Pantaleão,Prisma Fernandes 2005 Editora Ltda,Fundo Musical,,,,,,,,,,,,True,artist_alias,Relatório UBEM - Canal Brasil
Que Marravilha!,2024-11-10 00:00:00,Saudade Da Bahia,Dorival Caymmi,Baden Powell,"Cap Music Edicoes Ltda Epp,Unknown Publisher",Fundo Musical Acervo,,,,,,,,,,,,True,artist_alias,Relatório UBEM - Canal Brasil
Saia Justa,2024-11-13 00:00:00,"Rua, A","Dan,Dj Dash,Jão,Marcelinho Ferraz,Pedro Tofani",Jão,Universal Music Publishing Mgb Brasil Ltda,Ao Vivo Fundo Musical,,,,,,,,,,,,True,artist_alias,Relatório UBEM - Canal Brasil
Saia Justa,2024-11-14 00:00:00,"Rua, A","Dan,Dj Dash,Jão,Marcelinho Ferraz,Pedro Tofani",Jão,Universal Music Publishing Mgb Brasil Ltda,Fundo Musical,,,,,,,,,,,,True,artist_alias,Relatório UBEM - Canal Brasil
Saia Justa,2024-11-15 00:00:00,"Rua, A","Dan,Dj Dash,Jão,Marcelinho Ferraz,Pedro Tofani",Jão,Universal Music Publishing Mgb Brasil Ltda,Fundo Musical,,,,,,,,,,,,True,artist_alias,Relatório UBEM - Canal Brasil
Saia Justa - Mini Saia,2024-11-17 00:00:00,"Rua, A","Dan,Dj Dash,Jão,Marcelinho Ferraz,Pedro Tofani",Jão,Universal Music Publishing Mgb Brasil Ltda,Fundo Musical,,,,,,,,,,,,True,artist_alias,Relatório UBEM - Canal Brasil
Sobre Nós Dois,2024-11-23 00:00:00,Tem Cabaré Essa Noite,"D Lesly Lora,Flavinho Do Kadet,Geoffrey Rojas,Yonathan Mickey Then Jaquez",Nattan,"Editora E Importadora Musical Fermata Do Brasil Ltda,Peermusic Do Brasil Edicoes Musicais Ltda,Warner Chappell Edicoes Musicais Ltda",Fundo Musical,,,,,,,,,,,,True,artist_alias,Relatório UBEM - Canal Brasil
Sobre Nós Dois,2024-11-27 00:00:00,Tem Cabaré Essa Noite,"D Lesly Lora,Flavinho Do Kadet,Geoffrey Rojas,Yonathan Mickey Then Jaquez",Nattan,"Editora E Importadora Musical Fermata Do Brasil Ltda,Peermusic Do Brasil Edicoes Musicais Ltda,Warner Chappell Edicoes Musicais Ltda",Fundo Musical,,,,,,,,,,,,True,artist_alias,Relatório UBEM - Canal Brasil
Sobre Nós Dois,2024-11-30 00:00:00,Tem Cabaré Essa Noite,"D Lesly Lora,Flavinho Do Kadet,Geoffrey Rojas,Yonathan Mickey Then Jaquez",Nattan,"Editora E Importadora Musical Fermata Do Brasil Ltda,Peermusic Do Brasil Edicoes Musicais Ltda,Warner Chappell Edicoes Musicais Ltda",Fundo Musical,,,,,,,,,,,,True,artist_alias,Relatório UBEM - Canal Brasil
Tempero De Família,2024-11-04 00:00:00,Deve Ser Amor,"Baden Powell,Vinícius De Moraes",Baden Powell,Universal Music Publishing Mgb Brasil Ltda,Fundo Musical Acervo,,,,,,,,,,,,True,artist_alias,Relatório UBEM - Canal Brasil
Tempero De Família,2024-11-05 00:00:00,Deve Ser Amor,"Baden Powell,Vinícius De Moraes",Baden Powell,Universal Music Publishing Mgb Brasil Ltda,Fundo Musical Acervo,,,,,,,,,,,,True,artist_alias,Relatório UBEM - Canal Brasil
Tempero De Família,2024-11-10 00:00:00,Deve Ser Amor,"Baden Powell,Vinícius De Moraes",Baden Powell,Universal Music Publishing Mgb Brasil Ltda,Fundo Musical Acervo,,,,,,,,,,,,True,artist_alias,Relatório UBEM - Canal Brasil
Tempero De Família,2024-11-29 00:00:00,Leão Do Norte,"Lenine,Paulo César Pinheiro",Lenine,"Boa Musica Brasil Direitos Musicais Ltda,Sony Music Publishing Brazil Edicoes Musicais Ltda",Fundo Musical Acervo,,,,,,,,,,,,True,artist_alias,Relatório UBEM - Canal Brasil
Tempero De Família,2024-11-28 00:00:00,Lá E Lô,Lenine,Lenine,Boa Musica Brasil Direitos Musicais Ltda,Fundo Musical Acervo,,,,,,,,,,,,True,artist_alias,Relatório UBEM - Canal Brasil
Tempero De Família,2024-11-28 00:00:00,O Último Pôr Do Sol,"Lenine,Lula Queiroga",Lenine,"Boa Musica Brasil Direitos Musicais Ltda,Humaita Edicoes Musicais Ltda Me",Fundo Musical Acervo,,,,,,,,,,,,True,artist_alias,Relatório UBEM - Canal Brasil
Tempero De Família,2024-11-28 00:00:00,Olho De Peixe,Lenine,Lenine,Boa Musica Brasil Direitos Musicais Ltda,Fundo Musical Acervo,,,,,,,,,,,,True,artist_alias,Relatório UBEM - Canal Brasil
Tempero De Família,2024-11-14 00:00:00,O Último Pôr Do Sol,"Lenine,Lula Queiroga",Lenine,"Boa Musica Brasil Direitos Musicais Ltda,Humaita Edicoes Musicais Ltda Me",Fundo Musical Acervo,,,,,,,,,,,,True,artist_alias,Relatório UBEM - Canal Brasil
Tempero De Família,2024-11-15 00:00:00,O Último Pôr Do Sol,"Lenine,Lula Queiroga",Lenine,"Boa Musica Brasil Direitos Musicais Ltda,Humaita Edicoes Musicais Ltda Me",Fundo Musical Acervo,,,,,,,,,,,,True,artist_alias,Relatório UBEM - Canal Brasil
Humor Multishow - Vai Que Cola,2024-11-04 00:00:00,Borbulhas De Amor (Tenho Um Coração),"Ferreira Goulart,Juan Luis Guerra",Fagner,Universal Music Publishing Mgb Brasil Ltda,Fundo Musical,,,,,,,,,,,,True,artist_alias,Relatório UBEM - Canal Brasil
Humor Multishow - Vai Que Cola,2024-11-11 00:00:00,Borbulhas De Amor (Tenho Um Coração),"Ferreira Goulart,Juan Luis Guerra",Fagner,Universal Music Publishing Mgb Brasil Ltda,Fundo Musical,,,,,,,,,,,,True,artist_alias,Relatório UBEM - Canal Brasil
Lady Night - Com Tatá Werneck,2024-11-12 00:00:00,Ombrim (Ai Que Delícia O Verão),"Marina De Oliveira Sena,Mateus Lima De Araujo,Roniel Da Silva Bruno De Sousa,Tales Yure Da Costa Ramos",Marina Sena,Boa Musica Brasil Direitos Musicais Ltda,Performance,,,,,,,,,,,,True,artist_alias,Relatório UBEM - Canal Brasil
Lady Night - Com Tatá Werneck,2024-11-13 00:00:00,Ombrim (Ai Que Delícia O Verão),"Marina De Oliveira Sena,Mateus Lima De Araujo,Roniel Da Silva Bruno De Sousa,Tales Yure Da Costa Ramos",Marina Sena,Boa Musica Brasil Direitos Musicais Ltda,Performance,,,,,,,,,,,,True,artist_alias,Relatório UBEM - Canal Brasil
Lady Night - Com Tatá Werneck,2024-11-17 00:00:00,Ombrim (Ai Que Delícia O Verão),"Marina De Oliveira Sena,Mateus Lima De Araujo,Roniel Da Silva Bruno De Sousa,Tales Yure Da Costa Ramos",Marina Sena,Boa Musica Brasil Direitos Musicais Ltda,Performance,,,,,,,,,,,,True,artist_alias,Relatório UBEM - Canal Brasil
Lady Night - Com Tatá Werneck,2024-11-20 00:00:00,Arerê,"Alaim Tavares,Gilson Babilônia",Ivete Sangalo,"Sony Music Publishing Brazil Edicoes Musicais Ltda,Universal Music Publishing Mgb Brasil Ltda",Performance,,,,,,,,,,,,True,artist_alias,Relatório UBEM - Canal Brasil
Lady Night - Com Tatá Werneck,2024-11-21 00:00:00,Arerê,"Alaim Tavares,Gilson Babilônia",Ivete Sangalo,"Sony Music Publishing Brazil Edicoes Musicais Ltda,Universal Music Publishing Mgb Brasil Ltda",Performance,,,,,,,,,,,,True,artist_alias,Relatório UBEM - Canal Brasil
Lady Night - Com Tatá Werneck,2024-11-23 00:00:00,Arerê,"Alaim Tavares,Gilson Babilônia",Ivete Sangalo,"Sony Music Publishing Brazil Edicoes Musicais Ltda,Universal Music Publishing Mgb Brasil Ltda",Performance,,,,,,,,,,,,True,artist_alias,Relatório UBEM - Canal Brasil
Lady Night - Com Tatá Werneck,2024-11-20 00:00:00,Conga Conga Conga,Mister Sam,Ivete Sangalo,Peermusic Do Brasil Edicoes Musicais Ltda,Performance,,,,,,,,,,,,True,artist_alias,Relatório UBEM - Canal Brasil
Lady Night - Com Tatá Werneck,2024-11-21 00:00:00,Conga Conga Conga,Mister Sam,Ivete Sangalo,Peermusic Do Brasil Edicoes Musicais Ltda,Performance,,,,,,,,,,,,True,artist_alias,Relatório UBEM - Canal Brasil
Lady Night - Com Tatá Werneck,2024-11-23 00:00:00,Conga Conga Conga,Mister Sam,Ivete Sangalo,Peermusic Do Brasil Edicoes Musicais Ltda,Performance,,,,,,,,,,,,True,artist_alias,Relatório UBEM - Canal Brasil
Lady Night - Com Tatá Werneck,2024-11-20 00:00:00,Festa,Anderson Cunha,Ivete Sangalo,"Universal Music Publishing Mgb Brasil Ltda,Warner Chappell Edicoes Musicais Ltda",Performance,,,,,,,,,,,,True,artist_alias,Relatório UBEM - Canal Brasil
Lady Night - Com Tatá Werneck,2024-11-21 00:00:00,Festa,Anderson Cunha,Ivete Sangalo,"Universal Music Publishing Mgb Brasil Ltda,Warner Chappell Edicoes Musicais Ltda",Performance,,,,,,,,,,,,True,artist_alias,Relatório UBEM - Canal Brasil
Lady Night - Com Tatá Werneck,2024-11-23 00:00:00,Festa,Anderson Cunha,Ivete Sangalo,"Universal Music Publishing Mgb Brasil Ltda,Warner Chappell Edicoes Musicais Ltda",Performance,,,,,,,,,,,,True,artist_alias,Relatório UBEM - Canal Brasil
Lady Night - Com Tatá Werneck,2024-11-20 00:00:00,Se Eu Não Te Amasse Tanto Assim,"Herbert Vianna,Paulo Sergio Valle",Ivete Sangalo,Sony Music Publishing Brazil Edicoes Musicais Ltda,Performance,,,,,,,,,,,,True,artist_alias,Relatório UBEM - Canal Brasil
Lady Night - Com Tatá Werneck,2024-11-21 00:00:00,Se Eu Não Te Amasse Tanto Assim,"Herbert Vianna,Paulo Sergio Valle",Ivete Sangalo,Sony Music Publishing Brazil Edicoes Musicais Ltda,Performance,,,,,,,,,,,,True,artist_alias,Relatório UBEM - Canal Brasil
Lady Night - Com Tatá Werneck,2024-11-23 00:00:00,Se Eu Não Te Amasse Tanto Assim,"Herbert Vianna,Paulo Sergio Valle",Ivete Sangalo,Sony Music Publishing Brazil Edicoes Musicais Ltda,Performance,,,,,,,,,,,,True,artist_alias,Relatório UBEM - Canal Brasil
Lady Night - Com Tatá Werneck,2024-11-20 00:00:00,Sorte Grande,Lourenço,Ivete Sangalo,L O S Producoes E Promocoes Artisticas Ltda Me,Performance,,,,,,,,,,,,True,artist_alias,Relatório UBEM - Canal Brasil
Lady Night - Com Tatá Werneck,2024-11-21 00:00:00,Sorte Grande,Lourenço,Ivete Sangalo,L O S Producoes E Promocoes Artisticas Ltda Me,Performance,,,,,,,,,,,,True,artist_alias,Relatório UBEM - Canal Brasil
Lady Night - Com Tatá Werneck,2024-11-23 00:00:00,Sorte Grande,Lourenço,Ivete Sangalo,L O S Producoes E Promocoes Artisticas Ltda Me,Performance,,,,,,,,,,,,True,artist_alias,Relatório UBEM - Canal Brasil
Prêmio Multishow: Especial 2020,2024-11-26 00:00:00,O Mundo Vai,"Gigi,Ivete Sangalo,Radames Venancio,Ramon Cruz,Samir Pereira,Tierry",Ivete Sangalo,"Universal Music Publishing Mgb Brasil Ltda,Unknown Publisher,Warner Chappell Edicoes Musicais Ltda",Performance,,,,,,,,,,,,True,artist_alias,Relatório UBEM - Canal Brasil
Prêmio Multishow: Especial 2020,2024-11-27 00:00:00,O Mundo Vai,"Gigi,Ivete Sangalo,Radames Venancio,Ramon Cruz,Samir Pereira,Tierry",Ivete Sangalo,"Universal Music Publishing Mgb Brasil Ltda,Unknown Publisher,Warner Chappell Edicoes Musicais Ltda",Performance,,,,,,,,,,,,True,artist_alias,Relatório UBEM - Canal Brasil
Prêmio Multishow: Especial 2021,2024-11-27 00:00:00,Eu Sei De Cor,"Danillo Davilla,Elcio Di Carvalho,Junior Pepato,Lari Ferreira",Ivete Sangalo,Bmg Rights Management Brasil Ltda,Performance,,,,,,,,,,,,True,artist_alias,Relatório UBEM - Canal Brasil
Prêmio Multishow: Especial 2021,2024-11-28 00:00:00,Eu Sei De Cor,"Danillo Davilla,Elcio Di Carvalho,Junior Pepato,Lari Ferreira",Ivete Sangalo,Bmg Rights Management Brasil Ltda,Performance,,,,,,,,,,,,True,artist_alias,Relatório UBEM - Canal Brasil
Prêmio Multishow: Especial 2022,2024-11-28 00:00:00,Acorda Pedrinho,"Bernardo Crisostomo Pasquali,Bernardo Derviche Hey,Gabriel Dunajski Mendes,Gustavo Pimentel Karam,Rafael Dunajski Mendes",Jovem Dionísio,Warner Chappell Edicoes Musicais Ltda,Performance,,,,,,,,,,,,True,artist_alias,Relatório UBEM - Canal Brasil
Prêmio Multishow: Especial 2022,2024-11-29 00:00:00,Acorda Pedrinho,"Bernardo Crisostomo Pasquali,Bernardo Derviche Hey,Gabriel Dunajski Mendes,Gustavo Pimentel Karam,Rafael Dunajski Mendes",Jovem Dionísio,Warner Chappell Edicoes Musicais Ltda,Performance,,,,,,,,,,,,True,artist_alias,Relatório UBEM - Canal Brasil
Prêmio Multishow: Especial 2022,2024-11-28 00:00:00,Idiota,"Jão,Pedro Tofani,Zebu",Jão,"Universal Music Publishing Mgb Brasil Ltda,Warner Chappell Edicoes Musicais Ltda",Performance,,,,,,,,,,,,True,artist_alias,Relatório UBEM - Canal Brasil
Prêmio Multishow: Especial 2022,2024-11-29 00:00:00,Idiota,"Jão,Pedro Tofani,Zebu",Jão,"Universal Music Publishing Mgb Brasil Ltda,Warner Chappell Edicoes Musicais Ltda",Performance,,,,,,,,,,,,True,artist_alias,Relatório UBEM - Canal Brasil
Rock The Mountain 2024 - Matuê,2024-11-16 00:00:00,333,"Gabriel Brandão Da Costa (Brandão),Jose Alberto De Oliveira Girao Filho,Matheus Brasileiro Aguiar,Samuel Batista",Matuê,"Warner Chappell Edicoes Musicais Ltda,Unknown Publisher",Ao Vivo Performance,,,,,,,,,,,,True,artist_alias,Relatório UBEM - Canal Brasil
Rock The Mountain 2024 - Matuê,2024-11-16 00:00:00,777-666,Matuê,Matuê,"Unknown Publisher,Warner Chappell Edicoes Musicais Ltda",Ao Vivo Performance,,,,,,,,,,,,True,artist_alias,Relatório UBEM - Canal Brasil
Rock The Mountain 2024 - Matuê,2024-11-16 00:00:00,Anos Luz,Matuê,Matuê,Warner Chappell Edicoes Musicais Ltda,Ao Vivo Performance,,,,,,,,,,,,True,artist_alias,Relatório UBEM - Canal Brasil
Rock The Mountain 2024 - Matuê,2024-11-16 00:00:00,Castlevania,Matuê,Matuê,Unknown Publisher,Ao Vivo Performance,,,,,,,,,,,,True,artist_alias,Relatório UBEM - Canal Brasil
Rock The Mountain 2024 - Matuê,2024-11-16 00:00:00,Conexões De Máfia,"Gibbo,Mako,Matuê,Rich The Kid",Matuê,"Sony Music Publishing Brazil Edicoes Musicais Ltda,Unknown Publisher,Warner Chappell Edicoes Musicais Ltda",Ao Vivo Performance,,,,,,,,,,,,True,artist_alias,Relatório UBEM - Canal Brasil
Rock The Mountain 2024 - Matuê,2024-11-16 00:00:00,Crack Com Mussilon,Matuê,Matuê,Unknown Publisher,Ao Vivo Performance,,,,,,,,,,,,True,artist_alias,Relatório UBEM - Canal Brasil
Rock The Mountain 2024 - Matuê,2024-11-16 00:00:00,É Sal,Matuê,Matuê,Warner Chappell Edicoes Musicais Ltda,Ao Vivo Performance,,,,,,,,,,,,True,artist_alias,Relatório UBEM - Canal Brasil
Rock The Mountain 2024 - Matuê,2024-11-16 00:00:00,Isso É Sério,"Brandão85,Matuê",Matuê,"Unknown Publisher,Warner Chappell Edicoes Musicais Ltda",Ao Vivo Performance,,,,,,,,,,,,True,artist_alias,Relatório UBEM - Canal Brasil
Rock The Mountain 2024 - Matuê,2024-11-16 00:00:00,Kenny G,Matuê,Matuê,Warner Chappell Edicoes Musicais Ltda,Ao Vivo Performance,,,,,,,,,,,,True,artist_alias,Relatório UBEM - Canal Brasil
Rock The Mountain 2024 - Matuê,2024-11-16 00:00:00,"Morte Do Autotune, A","Amanda Coronha,Matuê",Matuê,"Universal Music Publishing Mgb Brasil Ltda,Warner Chappell Edicoes Musicais Ltda",Ao Vivo Performance,,,,,,,,,,,,True,artist_alias,Relatório UBEM - Canal Brasil
Rock The Mountain 2024 - Matuê,2024-11-16 00:00:00,O Som,"Brandão85,Drakoz,Fábio Scooby,Matuê,Nox,Samuel Batista",Matuê,Unknown Publisher,Ao Vivo Performance,,,,,,,,,,,,True,artist_alias,Relatório UBEM - Canal Brasil
Rock The Mountain 2024 - Matuê,2024-11-16 00:00:00,Quer Voar,"Emicida,Grou,Lorentz,Matuê,Palaze,Quantich,Rael",Matuê,Warner Chappell Edicoes Musicais Ltda,Ao Vivo Performance,,,,,,,,,,,,True,artist_alias,Relatório UBEM - Canal Brasil
Rock The Mountain 2024 - Matuê,2024-11-16 00:00:00,Vampiro,"Fernospazzin,Matuê,Teto,Wiu",Matuê,Warner Chappell Edicoes Musicais Ltda,Ao Vivo Performance,,,,,,,,,,,,True,artist_alias,Relatório UBEM - Canal Brasil
Tô De Graça,2024-11-02 00:00:00,Debaixo Dos Caracóis Dos Seus Cabelos,"Erasmo Carlos,Roberto Carlos",Ivete Sangalo,Sony Music Publishing Brazil Edicoes Musicais Ltda,Fundo Musical,,,,,,,,,,,,True,artist_alias,Relatório UBEM - Canal Brasil
Tô De Graça,2024-11-03 00:00:00,Debaixo Dos Caracóis Dos Seus Cabelos,"Erasmo Carlos,Roberto Carlos",Ivete Sangalo,Sony Music Publishing Brazil Edicoes Musicais Ltda,Fundo Musical,,,,,,,,,,,,True,artist_alias,Relatório UBEM - Canal Brasil
Tô De Graça,2024-11-02 00:00:00,Garganta,Totonho Villeroy,Ana Carolina,Universal Music Publishing Mgb Brasil Ltda,Fundo Musical,,,,,,,,,,,,True,artist_alias,Relatório UBEM - Canal Brasil
Tô De Graça,2024-11-03 00:00:00,Garganta,Totonho Villeroy,Ana Carolina,Universal Music Publishing Mgb Brasil Ltda,Fundo Musical,,,,,,,,,,,,True,artist_alias,Relatório UBEM - Canal Brasil
Tô De Graça,2024-11-18 00:00:00,Tipo Gin,Mc Kevin O Chris,Kevin O Chris,Orb Music Rights Ltda,Fundo Musical,,,,,,,,,,,,True,artist_alias,Relatório UBEM - Canal Brasil
Tô De Graça,2024-11-19 00:00:00,Tipo Gin,Mc Kevin O Chris,Kevin O Chris,Orb Music Rights Ltda,Fundo Musical,,,,,,,,,,,,True,artist_alias,Relatório UBEM - Canal Brasil
Tô De Graça,2024-11-21 00:00:00,Tipo Gin,Mc Kevin O Chris,Kevin O Chris,Orb Music Rights Ltda,Fundo Musical,,,,,,,,,,,,True,artist_alias,Relatório UBEM - Canal Brasil
Tô De Graça,2024-11-01 00:00:00,Vamos Beber,"Anderson Alexandre,Dennis Dj",Dennis Dj,Sony Music Publishing Brazil Edicoes Musicais Ltda,Fundo Musical,,,,,,,,,,,,True,artist_alias,Relatório UBEM - Canal Brasil
Tô De Graça,2024-11-02 00:00:00,Vamos Beber,"Anderson Alexandre,Dennis Dj",Dennis Dj,Sony Music Publishing Brazil Edicoes Musicais Ltda,Fundo Musical,,,,,,,,,,,,True,artist_alias,Relatório UBEM - Canal Brasil
Tô De Graça,2024-11-03 00:00:00,Vamos Beber,"Anderson Alexandre,Dennis Dj",Dennis Dj,Sony Music Publishing Brazil Edicoes Musicais Ltda,Fundo Musical,,,,,,,,,,,,True,artist_alias,Relatório UBEM - Canal Brasil
Tô De Graça,2024-11-01 00:00:00,Pá Em Todo Mundo,"Dennis Dj,Gabriel Cantini",Dennis Dj,Sony Music Publishing Brazil Edicoes Musicais Ltda,Fundo Musical,,,,,,,,,,,,True,artist_alias,Relatório UBEM - Canal Brasil
Tô De Graça,2024-11-03 00:00:00,Pá Em Todo Mundo,"Dennis Dj,Gabriel Cantini",Dennis Dj,Sony Music Publishing Brazil Edicoes Musicais Ltda,Fundo Musical,,,,,,,,,,,,True,artist_alias,Relatório UBEM - Canal Brasil
Tô De Graça,2024-11-01 00:00:00,Relaxa E Toma,"Dennis Dj,Gabriel Cantini",Dennis Dj,Sony Music Publishing Brazil Edicoes Musicais Ltda,Fundo Musical,,,,,,,,,,,,True,artist_alias,Relatório UBEM - Canal Brasil
Tô De Graça,2024-11-03 00:00:00,Relaxa E Toma,"Dennis Dj,Gabriel Cantini",Dennis Dj,Sony Music Publishing Brazil Edicoes Musicais Ltda,Fundo Musical,,,,,,,,,,,,True,artist_alias,Relatório UBEM - Canal Brasil
Tô De Graça,2024-11-04 00:00:00,Relaxa E Toma,"Dennis Dj,Gabriel Cantini",Dennis Dj,Sony Music Publishing Brazil Edicoes Musicais Ltda,Fundo Musical,,,,,,,,,,,,True,artist_alias,Relatório UBEM - Canal Brasil
Tô De Graça,2024-11-04 00:00:00,"Chapa É Quente, A","Emicida,Fred,Kassin,Nave",Emicida,"Dubas Musica Ltda,Sony Music Publishing Brazil Edicoes Musicais Ltda,Unknown Publisher,Warner Chappell Edicoes Musicais Ltda",Fundo Musical,,,,,,,,,,,,True,artist_alias,Relatório UBEM - Canal Brasil
Tô De Graça,2024-11-05 00:00:00,"Chapa É Quente, A","Emicida,Fred,Kassin,Nave",Emicida,"Dubas Musica Ltda,Sony Music Publishing Brazil Edicoes Musicais Ltda,Unknown Publisher,Warner Chappell Edicoes Musicais Ltda",Fundo Musical,,,,,,,,,,,,True,artist_alias,Relatório UBEM - Canal Brasil
Tô De Graça,2024-11-09 00:00:00,"Chapa É Quente, A","Emicida,Fred,Kassin,Nave",Emicida,"Dubas Musica Ltda,Sony Music Publishing Brazil Edicoes Musicais Ltda,Unknown Publisher,Warner Chappell Edicoes Musicais Ltda",Fundo Musical,,,,,,,,,,,,True,artist_alias,Relatório UBEM - Canal Brasil
Tô De Graça,2024-11-10 00:00:00,"Chapa É Quente, A","Emicida,Fred,Kassin,Nave",Emicida,"Dubas Musica Ltda,Sony Music Publishing Brazil Edicoes Musicais Ltda,Unknown Publisher,Warner Chappell Edicoes Musicais Ltda",Fundo Musical,,,,,,,,,,,,True,artist_alias,Relatório UBEM - Canal Brasil
Tô De Graça,2024-11-07 00:00:00,Arrocha Dos Cornos,Wagner Marinho De Santana,Dj Guuga,Sony Music Publishing Brazil Edicoes Musicais Ltda,Fundo Musical,,,,,,,,,,,,True,artist_alias,Relatório UBEM - Canal Brasil
Tô De Graça,2024-11-08 00:00:00,Arrocha Dos Cornos,Wagner Marinho De Santana,Dj Guuga,Sony Music Publishing Brazil Edicoes Musicais Ltda,Fundo Musical,,,,,,,,,,,,True,artist_alias,Relatório UBEM - Canal Brasil
Tô De Graça,2024-11-09 00:00:00,Arrocha Dos Cornos,Wagner Marinho De Santana,Dj Guuga,Sony Music Publishing Brazil Edicoes Musicais Ltda,Fundo Musical,,,,,,,,,,,,True,artist_alias,Relatório UBEM - Canal Brasil
Tô De Graça,2024-11-10 00:00:00,Arrocha Dos Cornos,Wagner Marinho De Santana,Dj Guuga,Sony Music Publishing Brazil Edicoes Musicais Ltda,Fundo Musical,,,,,,,,,,,,True,artist_alias,Relatório UBEM - Canal Brasil
Tô De Graça,2024-11-07 00:00:00,Debaixo Dos Caracóis Dos Seus Cabelos,"Erasmo Carlos,Roberto Carlos",Ivete Sangalo,Sony Music Publishing Brazil Edicoes Musicais Ltda,Fundo Musical,,,,,,,,,,,,True,artist_alias,Relatório UBEM - Canal Brasil
Tô De Graça,2024-11-08 00:00:00,Debaixo Dos Caracóis Dos Seus Cabelos,"Erasmo Carlos,Roberto Carlos",Ivete Sangalo,Sony Music Publishing Brazil Edicoes Musicais Ltda,Fundo Musical,,,,,,,,,,,,True,artist_alias,Relatório UBEM - Canal Brasil
Tô De Graça,2024-11-09 00:00:00,Debaixo Dos Caracóis Dos Seus Cabelos,"Erasmo Carlos,Roberto Carlos",Ivete Sangalo,Sony Music Publishing Brazil Edicoes Musicais Ltda,Fundo Musical,,,,,,,,,,,,True,artist_alias,Relatório UBEM - Canal Brasil
Tô De Graça,2024-11-10 00:00:00,Debaixo Dos Caracóis Dos Seus Cabelos,"Erasmo Carlos,Roberto Carlos",Ivete Sangalo,Sony Music Publishing Brazil Edicoes Musicais Ltda,Fundo Musical,,,,,,,,,,,,True,artist_alias,Relatório UBEM - Canal Brasil
Tô De Graça,2024-11-12 00:00:00,Pá Em Todo Mundo,"Dennis Dj,Gabriel Cantini",Dennis Dj,Sony Music Publishing Brazil Edicoes Musicais Ltda,Fundo Musical,,,,,,,,,,,,True,artist_alias,Relatório UBEM - Canal Brasil
Tô De Graça,2024-11-13 00:00:00,Pá Em Todo Mundo,"Dennis Dj,Gabriel Cantini",Dennis Dj,Sony Music Publishing Brazil Edicoes Musicais Ltda,Fundo Musical,,,,,,,,,,,,True,artist_alias,Relatório UBEM - Canal Brasil
Tô De Graça,2024-11-16 00:00:00,Pá Em Todo Mundo,"Dennis Dj,Gabriel Cantini",Dennis Dj,Sony Music Publishing Brazil Edicoes Musicais Ltda,Fundo Musical,,,,,,,,,,,,True,artist_alias,Relatório UBEM - Canal Brasil
Tô De Graça,2024-11-17 00:00:00,Pá Em Todo Mundo,"Dennis Dj,Gabriel Cantini",Dennis Dj,Sony Music Publishing Brazil Edicoes Musicais Ltda,Fundo Musical,,,,,,,,,,,,True,artist_alias,Relatório UBEM - Canal Brasil
Tvz,2024-11-06 00:00:00,Idiota,"Jão,Pedro Tofani,Zebu",Jão,"Universal Music Publishing Mgb Brasil Ltda,Warner Chappell Edicoes Musicais Ltda",Clipe Musical,,,,,,,,,,,,True,artist_alias,Relatório UBEM - Canal Brasil
Tvz,2024-11-07 00:00:00,Idiota,"Jão,Pedro Tofani,Zebu",Jão,"Universal Music Publishing Mgb Brasil Ltda,Warner Chappell Edicoes Musicais Ltda",Clipe Musical,,,,,,,,,,,,True,artist_alias,Relatório UBEM - Canal Brasil
Tvz,2024-11-09 00:00:00,Idiota,"Jão,Pedro Tofani,Zebu",Jão,"Universal Music Publishing Mgb Brasil Ltda,Warner Chappell Edicoes Musicais Ltda",Clipe Musical,,,,,,,,,,,,True,artist_alias,Relatório UBEM - Canal Brasil
Tvz,2024-11-19 00:00:00,Ambição,"Cristal,Nagalli,Wey",Cristal,"Universal Music Publishing Mgb Brasil Ltda,Unknown Publisher",Clipe Musical,,,,,,,,,,,,True,artist_alias,Relatório UBEM - Canal Brasil
Tvz,2024-11-20 00:00:00,Ambição,"Cristal,Nagalli,Wey",Cristal,"Universal Music Publishing Mgb Brasil Ltda,Unknown Publisher",Clipe Musical,,,,,,,,,,,,True,artist_alias,Relatório UBEM - Canal Brasil
Tvz,2024-11-12 00:00:00,O Som,"Brandão85,Drakoz,Fábio Scooby,Matuê,Nox,Samuel Batista",Matuê,Unknown Publisher,Clipe Musical,,,,,,,,,,,,True,artist_alias,Relatório UBEM - Canal Brasil
Tvz,2024-11-13 00:00:00,O Som,"Brandão85,Drakoz,Fábio Scooby,Matuê,Nox,Samuel Batista",Matuê,Unknown Publisher,Clipe Musical,,,,,,,,,,,,True,artist_alias,Relatório UBEM - Canal Brasil
Tvz,2024-11-15 00:00:00,O Som,"Brandão85,Drakoz,Fábio Scooby,Matuê,Nox,Samuel Batista",Matuê,Unknown Publisher,Clipe Musical,,,,,,,,,,,,True,artist_alias,Relatório UBEM - Canal Brasil
Tvz,2024-11-18 00:00:00,O Som,"Brandão85,Drakoz,Fábio Scooby,Matuê,Nox,Samuel Batista",Matuê,Unknown Publisher,Clipe Musical,,,,,,,,,,,,True,artist_alias,Relatório UBEM - Canal Brasil
Tvz Ao Vivo,2024-11-04 00:00:00,Por Supuesto,"Iuri Rio Branco,Marina Sena",Marina Sena,Boa Musica Brasil Direitos Musicais Ltda,Ao Vivo Performance,,,,,,,,,,,,True,artist_alias,Relatório UBEM - Canal Brasil
Tvz Ao Vivo,2024-11-05 00:00:00,Por Supuesto,"Iuri Rio Branco,Marina Sena",Marina Sena,Boa Musica Brasil Direitos Musicais Ltda,Performance,,,,,,,,,,,,True,artist_alias,Relatório UBEM - Canal Brasil
Tvz Ao Vivo,2024-11-07 00:00:00,Leão,Xamã,Xamã,"Associacao Defensora De Direitos Autorais (Addaf),Warner Chappell Edicoes Musicais Ltda",Ao Vivo Performance,,,,,,,,,,,,True,artist_alias,Relatório UBEM - Canal Brasil
Tvz Ao Vivo,2024-11-08 00:00:00,Leão,Xamã,Xamã,"Associacao Defensora De Direitos Autorais (Addaf),Warner Chappell Edicoes Musicais Ltda",Performance,,,,,,,,,,,,True,artist_alias,Relatório UBEM - Canal Brasil
Tvz Ao Vivo,2024-11-07 00:00:00,Mary Madalena,"Ivan Lins,Ronaldo Monteiro De Souza,Xamã",Xamã,"Oilua Producões Artis Edicões Musicais Ltda,Unknown Publisher,Warner Chappell Edicoes Musicais Ltda",Ao Vivo Performance,,,,,,,,,,,,True,artist_alias,Relatório UBEM - Canal Brasil
Tvz Ao Vivo,2024-11-08 00:00:00,Mary Madalena,"Ivan Lins,Ronaldo Monteiro De Souza,Xamã",Xamã,"Oilua Producões Artis Edicões Musicais Ltda,Unknown Publisher,Warner Chappell Edicoes Musicais Ltda",Performance,,,,,,,,,,,,True,artist_alias,Relatório UBEM - Canal Brasil
Tvz Ao Vivo,2024-11-07 00:00:00,O Som,Matuê,Matuê,Unknown Publisher,Ao Vivo Performance,,,,,,,,,,,,True,artist_alias,Relatório UBEM - Canal Brasil
Tvz Ao Vivo,2024-11-08 00:00:00,O Som,Matuê,Matuê,Unknown Publisher,Performance,,,,,,,,,,,,True,artist_alias,Relatório UBEM - Canal Brasil
Tvz Ao Vivo,2024-11-07 00:00:00,Rainha Da Finesse,Vinicius William Sales De Lima,Wiu,Unknown Publisher,Ao Vivo Performance,,,,,,,,,,,,True,artist_alias,Relatório UBEM - Canal Brasil
Tvz Ao Vivo,2024-11-08 00:00:00,Rainha Da Finesse,Vinicius William Sales De Lima,Wiu,Unknown Publisher,Performance,,,,,,,,,,,,True,artist_alias,Relatório UBEM - Canal Brasil
Tvz Ao Vivo,2024-11-25 00:00:00,O Tempo Não Para,"Arnaldo Brandão,Cazuza",Yago Oproprio,"Nowa Producoes Artisticas Ltda Epp,Unknown Publisher,Warner Chappell Edicoes Musicais Ltda",Ao Vivo Performance,,,,,,,,,,,,True,artist_alias,Relatório UBEM - Canal Brasil
Tvz Ao Vivo,2024-11-26 00:00:00,O Tempo Não Para,"Arnaldo Brandão,Cazuza",Yago Oproprio,"Nowa Producoes Artisticas Ltda Epp,Unknown Publisher,Warner Chappell Edicoes Musicais Ltda",Performance,,,,,,,,,,,,True,artist_alias,Relatório UBEM - Canal Brasil
Uma Vila De Novela,2024-11-26 00:00:00,As Novinhas Tão Sensacional,"Isidoro Ferreira De Figueiredo,Pablo Francisco Silva De Souza",Mc Romântico,Universal Music Publishing Mgb Brasil Ltda,Fundo Musical,,,,,,,,,,,,True,artist_alias,Relatório UBEM - Canal Brasil
Uma Vila De Novela,2024-11-27 00:00:00,As Novinhas Tão Sensacional,"Isidoro Ferreira De Figueiredo,Pablo Francisco Silva De Souza",Mc Romântico,Universal Music Publishing Mgb Brasil Ltda,Fundo Musical,,,,,,,,,,,,True,artist_alias,Relatório UBEM - Canal Brasil
Uma Vila De Novela,2024-11-28 00:00:00,As Novinhas Tão Sensacional,"Isidoro Ferreira De Figueiredo,Pablo Francisco Silva De Souza",Mc Romântico,Universal Music Publishing Mgb Brasil Ltda,Fundo Musical,,,,,,,,,,,,True,artist_alias,Relatório UBEM - Canal Brasil
Vai Que Cola,2024-11-01 00:00:00,Retirantes,"Dorival Caymmi,Jorge Amado",Dorival Caymmi,"Copyrights Consultoria Ltda Epp,Rosa Morena Edições Musicais Ltda,Sony Music Publishing Brazil Edicoes Musicais Ltda",Fundo Musical Acervo,,,,,,,,,,,,True,artist_alias,Relatório UBEM - Canal Brasil
Vai Que Cola,2024-11-02 00:00:00,Retirantes,"Dorival Caymmi,Jorge Amado",Dorival Caymmi,"Copyrights Consultoria Ltda Epp,Rosa Morena Edições Musicais Ltda,Sony Music Publishing Brazil Edicoes Musicais Ltda",Fundo Musical Acervo,,,,,,,,,,,,True,artist_alias,Relatório UBEM - Canal Brasil
Vai Que Cola,2024-11-03 00:00:00,Ela Só Quer Paz,Projota,Projota,Universal Music Publishing Mgb Brasil Ltda,Fundo Musical Acervo,,,,,,,,,,,,True,artist_alias,Relatório UBEM - Canal Brasil
Vai Que Cola,2024-11-08 00:00:00,Ela Só Quer Paz,Projota,Projota,Universal Music Publishing Mgb Brasil Ltda,Fundo Musical Acervo,,,,,,,,,,,,True,artist_alias,Relatório UBEM - Canal Brasil
Vai Que Cola,2024-11-11 00:00:00,Ela Só Quer Paz,Projota,Projota,Universal Music Publishing Mgb Brasil Ltda,Fundo Musical Acervo,,,,,,,,,,,,True,artist_alias,Relatório UBEM - Canal Brasil
Vai Que Cola,2024-11-03 00:00:00,Qualquer Jeito (Não Está Sendo Fácil),"Erasmo Carlos,Robert Dill,Roberto Carlos",Kátia,Universal Music Publishing Mgb Brasil Ltda,Fundo Musical Acervo,,,,,,,,,,,,True,artist_alias,Relatório UBEM - Canal Brasil
Vai Que Cola,2024-11-11 00:00:00,Qualquer Jeito (Não Está Sendo Fácil),"Erasmo Carlos,Robert Dill,Roberto Carlos",Kátia,Universal Music Publishing Mgb Brasil Ltda,Fundo Musical Acervo,,,,,,,,,,,,True,artist_alias,Relatório UBEM - Canal Brasil
Vai Que Cola,2024-11-12 00:00:00,Qualquer Jeito (Não Está Sendo Fácil),"Erasmo Carlos,Robert Dill,Roberto Carlos",Kátia,Universal Music Publishing Mgb Brasil Ltda,Fundo Musical Acervo,,,,,,,,,,,,True,artist_alias,Relatório UBEM - Canal Brasil
Vai Que Cola,2024-11-14 00:00:00,Céu Da Boca,Ronaldo Marcel,Ivete Sangalo,Warner Chappell Edicoes Musicais Ltda,Fundo Musical Acervo,,,,,,,,,,,,True,artist_alias,Relatório UBEM - Canal Brasil
Vai Que Cola,2024-11-15 00:00:00,Céu Da Boca,Ronaldo Marcel,Ivete Sangalo,Warner Chappell Edicoes Musicais Ltda,Fundo Musical Acervo,,,,,,,,,,,,True,artist_alias,Relatório UBEM - Canal Brasil
Vai Que Cola,2024-11-20 00:00:00,Quem De Nós Dois (La Mia Storia Tra Le Dita),"Ana Carolina,Dudu Falcão,Gianluca Grignani,Massimo Luca",Ana Carolina,"Universal Music Publishing Mgb Brasil Ltda,Warner Chappell Edicoes Musicais Ltda",Fundo Musical Acervo,,,,,,,,,,,,True,artist_alias,Relatório UBEM - Canal Brasil
Vai Que Cola,2024-11-21 00:00:00,Quem De Nós Dois (La Mia Storia Tra Le Dita),"Ana Carolina,Dudu Falcão,Gianluca Grignani,Massimo Luca",Ana Carolina,"Universal Music Publishing Mgb Brasil Ltda,Warner Chappell Edicoes Musicais Ltda",Fundo Musical Acervo,,,,,,,,,,,,True,artist_alias,Relatório UBEM - Canal Brasil
Vai Que Cola,2024-11-23 00:00:00,Quem De Nós Dois (La Mia Storia Tra Le Dita),"Ana Carolina,Dudu Falcão,Gianluca Grignani,Massimo Luca",Ana Carolina,"Universal Music Publishing Mgb Brasil Ltda,Warner Chappell Edicoes Musicais Ltda",Fundo Musical Acervo,,,,,,,,,,,,True,artist_alias,Relatório UBEM - Canal Brasil
Especial Guilherme Guedes: Melhores Momentos Rock In Rio 2024,2024-10-17 00:00:00,Idiota,"Jão,Pedro Tofani,Zebu",Jão,"Universal Music Publishing Mgb Brasil Ltda,Warner Chappell Edicoes Musicais Ltda",Performance,,,,,,,,,,,,True,artist_alias,Relatório UBEM - Canal Brasil
Especial Guilherme Guedes: Melhores Momentos Rock In Rio 2024,2024-10-19 00:00:00,Idiota,"Jão,Pedro Tofani,Zebu",Jão,"Universal Music Publishing Mgb Brasil Ltda,Warner Chappell Edicoes Musicais Ltda",Performance,,,,,,,,,,,,True,artist_alias,Relatório UBEM - Canal Brasil
Especial Guilherme Guedes: Melhores Momentos Rock In Rio 2024,2024-10-20 00:00:00,Idiota,"Jão,Pedro Tofani,Zebu",Jão,"Universal Music Publishing Mgb Brasil Ltda,Warner Chappell Edicoes Musicais Ltda",Performance,,,,,,,,,,,,True,artist_alias,Relatório UBEM - Canal Brasil
Especial Guilherme Guedes: Melhores Momentos Rock In Rio 2024,2024-10-23 00:00:00,Idiota,"Jão,Pedro Tofani,Zebu",Jão,"Universal Music Publishing Mgb Brasil Ltda,Warner Chappell Edicoes Musicais Ltda",Performance,,,,,,,,,,,,True,artist_alias,Relatório UBEM - Canal Brasil
Especial Guilherme Guedes: Melhores Momentos Rock In Rio 2024,2024-10-24 00:00:00,Idiota,"Jão,Pedro Tofani,Zebu",Jão,"Universal Music Publishing Mgb Brasil Ltda,Warner Chappell Edicoes Musicais Ltda",Performance,,,,,,,,,,,,True,artist_alias,Relatório UBEM - Canal Brasil
Especial Guilherme Guedes: Melhores Momentos Rock In Rio 2024,2024-10-22 00:00:00,Eva,"Giancarlo Bigazzi,Marcos Ficarelli,Umberto Tozzi",Ivete Sangalo,"Associacao Defensora De Direitos Autorais (Addaf),Peermusic Do Brasil Edicoes Musicais Ltda",Performance,,,,,,,,,,,,True,artist_alias,Relatório UBEM - Canal Brasil
Especial Guilherme Guedes: Melhores Momentos Rock In Rio 2024,2024-10-26 00:00:00,Eva,"Giancarlo Bigazzi,Marcos Ficarelli,Umberto Tozzi",Ivete Sangalo,"Associacao Defensora De Direitos Autorais (Addaf),Peermusic Do Brasil Edicoes Musicais Ltda",Performance,,,,,,,,,,,,True,artist_alias,Relatório UBEM - Canal Brasil
Especial Guilherme Guedes: Melhores Momentos Rock In Rio 2024,2024-10-27 00:00:00,Eva,"Giancarlo Bigazzi,Marcos Ficarelli,Umberto Tozzi",Ivete Sangalo,"Associacao Defensora De Direitos Autorais (Addaf),Peermusic Do Brasil Edicoes Musicais Ltda",Performance,,,,,,,,,,,,True,artist_alias,Relatório UBEM - Canal Brasil
Especial Guilherme Guedes: Melhores Momentos Rock In Rio 2024,2024-10-28 00:00:00,Eva,"Giancarlo Bigazzi,Marcos Ficarelli,Umberto Tozzi",Ivete Sangalo,"Associacao Defensora De Direitos Autorais (Addaf),Peermusic Do Brasil Edicoes Musicais Ltda",Performance,,,,,,,,,,,,True,artist_alias,Relatório UBEM - Canal Brasil
Especial Guilherme Guedes: Melhores Momentos Rock In Rio 2024,2024-10-29 00:00:00,Eva,"Giancarlo Bigazzi,Marcos Ficarelli,Umberto Tozzi",Ivete Sangalo,"Associacao Defensora De Direitos Autorais (Addaf),Peermusic Do Brasil Edicoes Musicais Ltda",Performance,,,,,,,,,,,,True,artist_alias,Relatório UBEM - Canal Brasil
Experimente,2024-10-10 00:00:00,Candeeiro,Leticia Fialho,Leticia Fialho,Unknown Publisher,Performance,,,,,,,,,,,,True,artist_alias,Relatório UBEM - Canal Brasil
Experimente,2024-10-11 00:00:00,Candeeiro,Leticia Fialho,Leticia Fialho,Unknown Publisher,Performance,,,,,,,,,,,,True,artist_alias,Relatório UBEM - Canal Brasil
Experimente,2024-10-13 00:00:00,Candeeiro,Leticia Fialho,Leticia Fialho,Unknown Publisher,Performance,,,,,,,,,,,,True,artist_alias,Relatório UBEM - Canal Brasil
Experimente,2024-10-10 00:00:00,Carta De Fogo,"Alexandre Da Silva,Leticia Fialho",Leticia Fialho,Unknown Publisher,Performance,,,,,,,,,,,,True,artist_alias,Relatório UBEM - Canal Brasil
Experimente,2024-10-11 00:00:00,Carta De Fogo,"Alexandre Da Silva,Leticia Fialho",Leticia Fialho,Unknown Publisher,Performance,,,,,,,,,,,,True,artist_alias,Relatório UBEM - Canal Brasil
Experimente,2024-10-13 00:00:00,Carta De Fogo,"Alexandre Da Silva,Leticia Fialho",Leticia Fialho,Unknown Publisher,Performance,,,,,,,,,,,,True,artist_alias,Relatório UBEM - Canal Brasil
Experimente,2024-10-10 00:00:00,Corpo E Canção,"Leticia Fialho,Luara Learth",Leticia Fialho,Unknown Publisher,Performance,,,,,,,,,,,,True,artist_alias,Relatório UBEM - Canal Brasil
Experimente,2024-10-11 00:00:00,Corpo E Canção,"Leticia Fialho,Luara Learth",Leticia Fialho,Unknown Publisher,Performance,,,,,,,,,,,,True,artist_alias,Relatório UBEM - Canal Brasil
Experimente,2024-10-13 00:00:00,Corpo E Canção,"Leticia Fialho,Luara Learth",Leticia Fialho,Unknown Publisher,Performance,,,,,,,,,,,,True,artist_alias,Relatório UBEM - Canal Brasil
Experimente,2024-10-10 00:00:00,Maravilha Marginal,Leticia Fialho,Leticia Fialho,Unknown Publisher,Performance,,,,,,,,,,,,True,artist_alias,Relatório UBEM - Canal Brasil
Experimente,2024-10-11 00:00:00,Maravilha Marginal,Leticia Fialho,Leticia Fialho,Unknown Publisher,Performance,,,,,,,,,,,,True,artist_alias,Relatório UBEM - Canal Brasil
Experimente,2024-10-13 00:00:00,Maravilha Marginal,Leticia Fialho,Leticia Fialho,Unknown Publisher,Performance,,,,,,,,,,,,True,artist_alias,Relatório UBEM - Canal Brasil
Experimente,2024-10-10 00:00:00,Rua A Fora,Leticia Fialho,Leticia Fialho,Unknown Publisher,Performance,,,,,,,,,,,,True,artist_alias,Relatório UBEM - Canal Brasil
Experimente,2024-10-11 00:00:00,Rua A Fora,Leticia Fialho,Leticia Fialho,Unknown Publisher,Performance,,,,,,,,,,,,True,artist_alias,Relatório UBEM - Canal Brasil
Experimente,2024-10-13 00:00:00,Rua A Fora,Leticia Fialho,Leticia Fialho,Unknown Publisher,Performance,,,,,,,,,,,,True,artist_alias,Relatório UBEM - Canal Brasil
Experimente,2024-10-24 00:00:00,Ashiley Banks,"Cristal,Mdn Beatz",Cristal,Unknown Publisher,Performance,,,,,,,,,,,,True,artist_alias,Relatório UBEM - Canal Brasil
Experimente,2024-10-25 00:00:00,Ashiley Banks,"Cristal,Mdn Beatz",Cristal,Unknown Publisher,Performance,,,,,,,,,,,,True,artist_alias,Relatório UBEM - Canal Brasil
Experimente,2024-10-27 00:00:00,Ashiley Banks,"Cristal,Mdn Beatz",Cristal,Unknown Publisher,Performance,,,,,,,,,,,,True,artist_alias,Relatório UBEM - Canal Brasil
Experimente,2024-10-24 00:00:00,Forasteiro,"Cristal,Mdn Beatz,Paulo Dionísio",Cristal,"Boa Musica Brasil Direitos Musicais Ltda,Unknown Publisher",Performance,,,,,,,,,,,,True,artist_alias,Relatório UBEM - Canal Brasil
Experimente,2024-10-25 00:00:00,Forasteiro,"Cristal,Mdn Beatz,Paulo Dionísio",Cristal,"Boa Musica Brasil Direitos Musicais Ltda,Unknown Publisher",Performance,,,,,,,,,,,,True,artist_alias,Relatório UBEM - Canal Brasil
Experimente,2024-10-27 00:00:00,Forasteiro,"Cristal,Mdn Beatz,Paulo Dionísio",Cristal,"Boa Musica Brasil Direitos Musicais Ltda,Unknown Publisher",Performance,,,,,,,,,,,,True,artist_alias,Relatório UBEM - Canal Brasil
Inesquecíveis Da Música Brasileira,2024-10-04 00:00:00,Bandeira Branca,"Laercio Alves,Max Nunes",Pedro Ivo,Irmaos Vitale Editores Ltda,Performance Acervo,,,,,,,,,,,,True,artist_alias,Relatório UBEM - Canal Brasil
Inesquecíveis Da Música Brasileira,2024-10-05 00:00:00,Bandeira Branca,"Laercio Alves,Max Nunes",Pedro Ivo,Irmaos Vitale Editores Ltda,Performance Acervo,,,,,,,,,,,,True,artist_alias,Relatório UBEM - Canal Brasil
Inesquecíveis Da Música Brasileira,2024-10-07 00:00:00,Bandeira Branca,"Laercio Alves,Max Nunes",Pedro Ivo,Irmaos Vitale Editores Ltda,Performance Acervo,,,,,,,,,,,,True,artist_alias,Relatório UBEM - Canal Brasil
Inesquecíveis Da Música Brasileira,2024-10-04 00:00:00,Marcha Da Cueca,"Carlos Mendes,Livardo Alves,Sardinha",Pedro Ivo,Irmaos Vitale Editores Ltda,Performance Acervo,,,,,,,,,,,,True,artist_alias,Relatório UBEM - Canal Brasil
Inesquecíveis Da Música Brasileira,2024-10-05 00:00:00,Marcha Da Cueca,"Carlos Mendes,Livardo Alves,Sardinha",Pedro Ivo,Irmaos Vitale Editores Ltda,Performance Acervo,,,,,,,,,,,,True,artist_alias,Relatório UBEM - Canal Brasil
Inesquecíveis Da Música Brasileira,2024-10-07 00:00:00,Marcha Da Cueca,"Carlos Mendes,Livardo Alves,Sardinha",Pedro Ivo,Irmaos Vitale Editores Ltda,Performance Acervo,,,,,,,,,,,,True,artist_alias,Relatório UBEM - Canal Brasil
Inesquecíveis Da Música Brasileira,2024-10-04 00:00:00,Sassaricando,"Luiz Antonio,Oldemar Magalhães,Zé Mario",Pedro Ivo,Todamerica Edicoes Ltda,Performance Acervo,,,,,,,,,,,,True,artist_alias,Relatório UBEM - Canal Brasil
Inesquecíveis Da Música Brasileira,2024-10-05 00:00:00,Sassaricando,"Luiz Antonio,Oldemar Magalhães,Zé Mario",Pedro Ivo,Todamerica Edicoes Ltda,Performance Acervo,,,,,,,,,,,,True,artist_alias,Relatório UBEM - Canal Brasil
Inesquecíveis Da Música Brasileira,2024-10-07 00:00:00,Sassaricando,"Luiz Antonio,Oldemar Magalhães,Zé Mario",Pedro Ivo,Todamerica Edicoes Ltda,Performance Acervo,,,,,,,,,,,,True,artist_alias,Relatório UBEM - Canal Brasil
Inesquecíveis Da Música Brasileira,2024-10-04 00:00:00,Vai Com Jeito,Braguinha,Pedro Ivo,Todamerica Edicoes Ltda,Performance Acervo,,,,,,,,,,,,True,artist_alias,Relatório UBEM - Canal Brasil
Inesquecíveis Da Música Brasileira,2024-10-05 00:00:00,Vai Com Jeito,Braguinha,Pedro Ivo,Todamerica Edicoes Ltda,Performance Acervo,,,,,,,,,,,,True,artist_alias,Relatório UBEM - Canal Brasil
Inesquecíveis Da Música Brasileira,2024-10-07 00:00:00,Vai Com Jeito,Braguinha,Pedro Ivo,Todamerica Edicoes Ltda,Performance Acervo,,,,,,,,,,,,True,artist_alias,Relatório UBEM - Canal Brasil
Melhores Momentos Rock In Rio: Rock In Rio 2024 - Veigh & Kayblack,2024-10-01 00:00:00,Clickbait,"Nicolas Araújo Almeida,Thiago Veigh Da Silva",Veigh,Unknown Publisher,Performance,,,,,,,,,,,,True,artist_alias,Relatório UBEM - Canal Brasil
Melhores Momentos Rock In Rio: Rock In Rio 2024 - Veigh & Kayblack,2024-10-01 00:00:00,Engana Dizendo Que Ama,"Matheus De Araujo Santos,Thiago Veigh Da Silva",Veigh,Unknown Publisher,Performance,,,,,,,,,,,,True,artist_alias,Relatório UBEM - Canal Brasil
Melhores Momentos Rock In Rio: Rock In Rio 2024 - Veigh & Kayblack,2024-10-01 00:00:00,Jeito Bandido,"Ruan Mesquita Da Silva,Thiago Veigh Da Silva",Veigh,Unknown Publisher,Performance,,,,,,,,,,,,True,artist_alias,Relatório UBEM - Canal Brasil
Melhores Momentos Rock In Rio: Rock In Rio 2024 - Veigh & Kayblack,2024-10-01 00:00:00,Meio Pá,"Luanna Santos Oliveira,Thiago Veigh Da Silva",Veigh,Unknown Publisher,Performance,,,,,,,,,,,,True,artist_alias,Relatório UBEM - Canal Brasil
Melhores Momentos Rock In Rio: Rock In Rio 2024 - Veigh & Kayblack,2024-10-01 00:00:00,Novo Balanço,"Bvga,Malax,Nagalli,Veigh",Veigh,"Bmg Rights Management Brasil Ltda,Universal Music Publishing Mgb Brasil Ltda",Performance,,,,,,,,,,,,True,artist_alias,Relatório UBEM - Canal Brasil
Melhores Momentos Rock In Rio: Rock In Rio 2024 - Veigh & Kayblack,2024-10-01 00:00:00,"Perdoa Por Tudo, Vida",Thiago Veigh Da Silva,Veigh,Unknown Publisher,Performance,,,,,,,,,,,,True,artist_alias,Relatório UBEM - Canal Brasil
Melhores Momentos Rock In Rio: Rock In Rio 2024 - Veigh & Kayblack,2024-10-01 00:00:00,Vem Desestressar,"Mc Ph,Veigh,Vulgo Fk",Veigh,"Universal Music Publishing Mgb Brasil Ltda,Unknown Publisher",Performance,,,,,,,,,,,,True,artist_alias,Relatório UBEM - Canal Brasil
Mulheres Do Brasil - Tulipa Ruiz,2024-10-10 00:00:00,Bom,"Gustavo Ruiz,Tulipa Ruiz",Tulipa Ruiz,"Boa Musica Brasil Direitos Musicais Ltda,Warner Chappell Edicoes Musicais Ltda",Fundo Musical Acervo,,,,,,,,,,,,True,artist_alias,Relatório UBEM - Canal Brasil
Mulheres Do Brasil - Tulipa Ruiz,2024-10-11 00:00:00,Bom,"Gustavo Ruiz,Tulipa Ruiz",Tulipa Ruiz,"Boa Musica Brasil Direitos Musicais Ltda,Warner Chappell Edicoes Musicais Ltda",Fundo Musical Acervo,,,,,,,,,,,,True,artist_alias,Relatório UBEM - Canal Brasil
Mulheres Do Brasil - Tulipa Ruiz,2024-10-12 00:00:00,Bom,"Gustavo Ruiz,Tulipa Ruiz",Tulipa Ruiz,"Boa Musica Brasil Direitos Musicais Ltda,Warner Chappell Edicoes Musicais Ltda",Fundo Musical Acervo,,,,,,,,,,,,True,artist_alias,Relatório UBEM - Canal Brasil
Mulheres Do Brasil - Tulipa Ruiz,2024-10-10 00:00:00,Cada Voz,Tulipa Ruiz,Tulipa Ruiz,"Boa Musica Brasil Direitos Musicais Ltda,Dubas Musica Ltda",Fundo Musical Acervo,,,,,,,,,,,,True,artist_alias,Relatório UBEM - Canal Brasil
Mulheres Do Brasil - Tulipa Ruiz,2024-10-11 00:00:00,Cada Voz,Tulipa Ruiz,Tulipa Ruiz,"Boa Musica Brasil Direitos Musicais Ltda,Dubas Musica Ltda",Fundo Musical Acervo,,,,,,,,,,,,True,artist_alias,Relatório UBEM - Canal Brasil
Mulheres Do Brasil - Tulipa Ruiz,2024-10-12 00:00:00,Cada Voz,Tulipa Ruiz,Tulipa Ruiz,"Boa Musica Brasil Direitos Musicais Ltda,Dubas Musica Ltda",Fundo Musical Acervo,,,,,,,,,,,,True,artist_alias,Relatório UBEM - Canal Brasil
Mulheres Do Brasil - Tulipa Ruiz,2024-10-10 00:00:00,Do Amor,"Gustavo Ruiz,Tulipa Ruiz",Tulipa Ruiz,"Boa Musica Brasil Direitos Musicais Ltda,Warner Chappell Edicoes Musicais Ltda",Fundo Musical Acervo,,,,,,,,,,,,True,artist_alias,Relatório UBEM - Canal Brasil
Mulheres Do Brasil - Tulipa Ruiz,2024-10-11 00:00:00,Do Amor,"Gustavo Ruiz,Tulipa Ruiz",Tulipa Ruiz,"Boa Musica Brasil Direitos Musicais Ltda,Warner Chappell Edicoes Musicais Ltda",Fundo Musical Acervo,,,,,,,,,,,,True,artist_alias,Relatório UBEM - Canal Brasil
Mulheres Do Brasil - Tulipa Ruiz,2024-10-12 00:00:00,Do Amor,"Gustavo Ruiz,Tulipa Ruiz",Tulipa Ruiz,"Boa Musica Brasil Direitos Musicais Ltda,Warner Chappell Edicoes Musicais Ltda",Fundo Musical Acervo,,,,,,,,,,,,True,artist_alias,Relatório UBEM - Canal Brasil
Mulheres Do Brasil - Tulipa Ruiz,2024-10-10 00:00:00,É,Tulipa Ruiz,Tulipa Ruiz,"Boa Musica Brasil Direitos Musicais Ltda,Warner Chappell Edicoes Musicais Ltda",Performance Acervo,,,,,,,,,,,,True,artist_alias,Relatório UBEM - Canal Brasil
Mulheres Do Brasil - Tulipa Ruiz,2024-10-11 00:00:00,É,Tulipa Ruiz,Tulipa Ruiz,"Boa Musica Brasil Direitos Musicais Ltda,Warner Chappell Edicoes Musicais Ltda",Performance Acervo,,,,,,,,,,,,True,artist_alias,Relatório UBEM - Canal Brasil
Mulheres Do Brasil - Tulipa Ruiz,2024-10-12 00:00:00,É,Tulipa Ruiz,Tulipa Ruiz,"Boa Musica Brasil Direitos Musicais Ltda,Warner Chappell Edicoes Musicais Ltda",Performance Acervo,,,,,,,,,,,,True,artist_alias,Relatório UBEM - Canal Brasil
Mulheres Do Brasil - Tulipa Ruiz,2024-10-10 00:00:00,Efêmera,"Gustavo Ruiz,Tulipa Ruiz",Tulipa Ruiz,"Warner Chappell Edicoes Musicais Ltda,Boa Musica Brasil Direitos Musicais Ltda,Dubas Musica Ltda",Performance Acervo,,,,,,,,,,,,True,artist_alias,Relatório UBEM - Canal Brasil
Mulheres Do Brasil - Tulipa Ruiz,2024-10-11 00:00:00,Efêmera,"Gustavo Ruiz,Tulipa Ruiz",Tulipa Ruiz,"Warner Chappell Edicoes Musicais Ltda,Boa Musica Brasil Direitos Musicais Ltda,Dubas Musica Ltda",Performance Acervo,,,,,,,,,,,,True,artist_alias,Relatório UBEM - Canal Brasil
Mulheres Do Brasil - Tulipa Ruiz,2024-10-12 00:00:00,Efêmera,"Gustavo Ruiz,Tulipa Ruiz",Tulipa Ruiz,"Warner Chappell Edicoes Musicais Ltda,Boa Musica Brasil Direitos Musicais Ltda,Dubas Musica Ltda",Performance Acervo,,,,,,,,,,,,True,artist_alias,Relatório UBEM - Canal Brasil
Mulheres Do Brasil - Tulipa Ruiz,2024-10-10 00:00:00,Ok,"Gustavo Ruiz,Tulipa Ruiz",Tulipa Ruiz,"Boa Musica Brasil Direitos Musicais Ltda,Universal Music Publishing Mgb Brasil Ltda,Warner Chappell Edicoes Musicais Ltda",Fundo Musical Acervo,,,,,,,,,,,,True,artist_alias,Relatório UBEM - Canal Brasil
Mulheres Do Brasil - Tulipa Ruiz,2024-10-11 00:00:00,Ok,"Gustavo Ruiz,Tulipa Ruiz",Tulipa Ruiz,"Boa Musica Brasil Direitos Musicais Ltda,Universal Music Publishing Mgb Brasil Ltda,Warner Chappell Edicoes Musicais Ltda",Fundo Musical Acervo,,,,,,,,,,,,True,artist_alias,Relatório UBEM - Canal Brasil
Mulheres Do Brasil - Tulipa Ruiz,2024-10-12 00:00:00,Ok,"Gustavo Ruiz,Tulipa Ruiz",Tulipa Ruiz,"Boa Musica Brasil Direitos Musicais Ltda,Universal Music Publishing Mgb Brasil Ltda,Warner Chappell Edicoes Musicais Ltda",Fundo Musical Acervo,,,,,,,,,,,,True,artist_alias,Relatório UBEM - Canal Brasil
Mulheres Do Brasil - Tulipa Ruiz,2024-10-10 00:00:00,"Ordem Das Árvores, A",Tulipa Ruiz,Tulipa Ruiz,"Boa Musica Brasil Direitos Musicais Ltda,Dubas Musica Ltda",Fundo Musical Acervo,,,,,,,,,,,,True,artist_alias,Relatório UBEM - Canal Brasil
Mulheres Do Brasil - Tulipa Ruiz,2024-10-11 00:00:00,"Ordem Das Árvores, A",Tulipa Ruiz,Tulipa Ruiz,"Boa Musica Brasil Direitos Musicais Ltda,Dubas Musica Ltda",Fundo Musical Acervo,,,,,,,,,,,,True,artist_alias,Relatório UBEM - Canal Brasil
Mulheres Do Brasil - Tulipa Ruiz,2024-10-12 00:00:00,"Ordem Das Árvores, A",Tulipa Ruiz,Tulipa Ruiz,"Boa Musica Brasil Direitos Musicais Ltda,Dubas Musica Ltda",Fundo Musical Acervo,,,,,,,,,,,,True,artist_alias,Relatório UBEM - Canal Brasil
Mulheres Do Brasil - Tulipa Ruiz,2024-10-10 00:00:00,Pontual,Tulipa Ruiz,Tulipa Ruiz,"Boa Musica Brasil Direitos Musicais Ltda,Dubas Musica Ltda",Fundo Musical Acervo,,,,,,,,,,,,True,artist_alias,Relatório UBEM - Canal Brasil
Mulheres Do Brasil - Tulipa Ruiz,2024-10-11 00:00:00,Pontual,Tulipa Ruiz,Tulipa Ruiz,"Boa Musica Brasil Direitos Musicais Ltda,Dubas Musica Ltda",Fundo Musical Acervo,,,,,,,,,,,,True,artist_alias,Relatório UBEM - Canal Brasil
Mulheres Do Brasil - Tulipa Ruiz,2024-10-12 00:00:00,Pontual,Tulipa Ruiz,Tulipa Ruiz,"Boa Musica Brasil Direitos Musicais Ltda,Dubas Musica Ltda",Fundo Musical Acervo,,,,,,,,,,,,True,artist_alias,Relatório UBEM - Canal Brasil
Mulheres Do Brasil - Tulipa Ruiz,2024-10-10 00:00:00,Script,Tulipa Ruiz,Tulipa Ruiz,Boa Musica Brasil Direitos Musicais Ltda,Performance Acervo,,,,,,,,,,,,True,artist_alias,Relatório UBEM - Canal Brasil
Mulheres Do Brasil - Tulipa Ruiz,2024-10-11 00:00:00,Script,Tulipa Ruiz,Tulipa Ruiz,Boa Musica Brasil Direitos Musicais Ltda,Performance Acervo,,,,,,,,,,,,True,artist_alias,Relatório UBEM - Canal Brasil
Mulheres Do Brasil - Tulipa Ruiz,2024-10-12 00:00:00,Script,Tulipa Ruiz,Tulipa Ruiz,Boa Musica Brasil Direitos Musicais Ltda,Performance Acervo,,,,,,,,,,,,True,artist_alias,Relatório UBEM - Canal Brasil
Mulheres Do Brasil - Tulipa Ruiz,2024-10-10 00:00:00,Sushi,Tulipa Ruiz,Tulipa Ruiz,"Boa Musica Brasil Direitos Musicais Ltda,Dubas Musica Ltda",Fundo Musical Acervo,,,,,,,,,,,,True,artist_alias,Relatório UBEM - Canal Brasil
Mulheres Do Brasil - Tulipa Ruiz,2024-10-11 00:00:00,Sushi,Tulipa Ruiz,Tulipa Ruiz,"Boa Musica Brasil Direitos Musicais Ltda,Dubas Musica Ltda",Fundo Musical Acervo,,,,,,,,,,,,True,artist_alias,Relatório UBEM - Canal Brasil
Mulheres Do Brasil - Tulipa Ruiz,2024-10-12 00:00:00,Sushi,Tulipa Ruiz,Tulipa Ruiz,"Boa Musica Brasil Direitos Musicais Ltda,Dubas Musica Ltda",Fundo Musical Acervo,,,,,,,,,,,,True,artist_alias,Relatório UBEM - Canal Brasil
Palco Principal: Multishow Ao Vivo - Ana Carolina - Dois Quartos,2024-10-17 00:00:00,"1.100,00 (Nega Marrenta)","Aleh Ferreira,Ana Carolina",Ana Carolina,"Sony Music Publishing Brazil Edicoes Musicais Ltda,Universal Music Publishing Mgb Brasil Ltda,Unknown Publisher",Performance Acervo,,,,,,,,,,,,True,artist_alias,Relatório UBEM - Canal Brasil
Palco Principal: Multishow Ao Vivo - Ana Carolina - Dois Quartos,2024-10-19 00:00:00,"1.100,00 (Nega Marrenta)","Aleh Ferreira,Ana Carolina",Ana Carolina,"Sony Music Publishing Brazil Edicoes Musicais Ltda,Universal Music Publishing Mgb Brasil Ltda,Unknown Publisher",Performance Acervo,,,,,,,,,,,,True,artist_alias,Relatório UBEM - Canal Brasil
Palco Principal: Multishow Ao Vivo - Ana Carolina - Dois Quartos,2024-10-21 00:00:00,"1.100,00 (Nega Marrenta)","Aleh Ferreira,Ana Carolina",Ana Carolina,"Sony Music Publishing Brazil Edicoes Musicais Ltda,Universal Music Publishing Mgb Brasil Ltda,Unknown Publisher",Performance Acervo,,,,,,,,,,,,True,artist_alias,Relatório UBEM - Canal Brasil
Palco Principal: Multishow Ao Vivo - Ana Carolina - Dois Quartos,2024-10-22 00:00:00,"1.100,00 (Nega Marrenta)","Aleh Ferreira,Ana Carolina",Ana Carolina,"Sony Music Publishing Brazil Edicoes Musicais Ltda,Universal Music Publishing Mgb Brasil Ltda,Unknown Publisher",Performance Acervo,,,,,,,,,,,,True,artist_alias,Relatório UBEM - Canal Brasil
Palco Principal: Multishow Ao Vivo - Ana Carolina - Dois Quartos,2024-10-17 00:00:00,Cantinho,"Ana Carolina,Gastão Villeroy",Ana Carolina,"Sony Music Publishing Brazil Edicoes Musicais Ltda,Universal Music Publishing Mgb Brasil Ltda,Unknown Publisher",Performance Acervo,,,,,,,,,,,,True,artist_alias,Relatório UBEM - Canal Brasil
Palco Principal: Multishow Ao Vivo - Ana Carolina - Dois Quartos,2024-10-19 00:00:00,Cantinho,"Ana Carolina,Gastão Villeroy",Ana Carolina,"Sony Music Publishing Brazil Edicoes Musicais Ltda,Universal Music Publishing Mgb Brasil Ltda,Unknown Publisher",Performance Acervo,,,,,,,,,,,,True,artist_alias,Relatório UBEM - Canal Brasil
Palco Principal: Multishow Ao Vivo - Ana Carolina - Dois Quartos,2024-10-21 00:00:00,Cantinho,"Ana Carolina,Gastão Villeroy",Ana Carolina,"Sony Music Publishing Brazil Edicoes Musicais Ltda,Universal Music Publishing Mgb Brasil Ltda,Unknown Publisher",Performance Acervo,,,,,,,,,,,,True,artist_alias,Relatório UBEM - Canal Brasil
Palco Principal: Multishow Ao Vivo - Ana Carolina - Dois Quartos,2024-10-22 00:00:00,Cantinho,"Ana Carolina,Gastão Villeroy",Ana Carolina,"Sony Music Publishing Brazil Edicoes Musicais Ltda,Universal Music Publishing Mgb Brasil Ltda,Unknown Publisher",Performance Acervo,,,,,,,,,,,,True,artist_alias,Relatório UBEM - Canal Brasil
Palco Principal: Multishow Ao Vivo - Ana Carolina - Dois Quartos,2024-10-17 00:00:00,É Isso Aí,"Ana Carolina,Damien Rice",Ana Carolina,Warner Chappell Edicoes Musicais Ltda,Performance Acervo,,,,,,,,,,,,True,artist_alias,Relatório UBEM - Canal Brasil
Palco Principal: Multishow Ao Vivo - Ana Carolina - Dois Quartos,2024-10-19 00:00:00,É Isso Aí,"Ana Carolina,Damien Rice",Ana Carolina,Warner Chappell Edicoes Musicais Ltda,Performance Acervo,,,,,,,,,,,,True,artist_alias,Relatório UBEM - Canal Brasil
Palco Principal: Multishow Ao Vivo - Ana Carolina - Dois Quartos,2024-10-21 00:00:00,É Isso Aí,"Ana Carolina,Damien Rice",Ana Carolina,Warner Chappell Edicoes Musicais Ltda,Performance Acervo,,,,,,,,,,,,True,artist_alias,Relatório UBEM - Canal Brasil
Palco Principal: Multishow Ao Vivo - Ana Carolina - Dois Quartos,2024-10-22 00:00:00,É Isso Aí,"Ana Carolina,Damien Rice",Ana Carolina,Warner Chappell Edicoes Musicais Ltda,Performance Acervo,,,,,,,,,,,,True,artist_alias,Relatório UBEM - Canal Brasil
Palco Principal: Multishow Ao Vivo - Ana Carolina - Dois Quartos,2024-10-17 00:00:00,Elevador,Ana Carolina,Ana Carolina,Sony Music Publishing Brazil Edicoes Musicais Ltda,Performance Acervo,,,,,,,,,,,,True,artist_alias,Relatório UBEM - Canal Brasil
Palco Principal: Multishow Ao Vivo - Ana Carolina - Dois Quartos,2024-10-19 00:00:00,Elevador,Ana Carolina,Ana Carolina,Sony Music Publishing Brazil Edicoes Musicais Ltda,Performance Acervo,,,,,,,,,,,,True,artist_alias,Relatório UBEM - Canal Brasil
Palco Principal: Multishow Ao Vivo - Ana Carolina - Dois Quartos,2024-10-21 00:00:00,Elevador,Ana Carolina,Ana Carolina,Sony Music Publishing Brazil Edicoes Musicais Ltda,Performance Acervo,,,,,,,,,,,,True,artist_alias,Relatório UBEM - Canal Brasil
Palco Principal: Multishow Ao Vivo - Ana Carolina - Dois Quartos,2024-10-22 00:00:00,Elevador,Ana Carolina,Ana Carolina,Sony Music Publishing Brazil Edicoes Musicais Ltda,Performance Acervo,,,,,,,,,,,,True,artist_alias,Relatório UBEM - Canal Brasil
Palco Principal: Multishow Ao Vivo - Ana Carolina - Dois Quartos,2024-10-17 00:00:00,Encostar Na Tua,Ana Carolina,Ana Carolina,"Sony Music Publishing Brazil Edicoes Musicais Ltda,Unknown Publisher",Performance Acervo,,,,,,,,,,,,True,artist_alias,Relatório UBEM - Canal Brasil
Palco Principal: Multishow Ao Vivo - Ana Carolina - Dois Quartos,2024-10-19 00:00:00,Encostar Na Tua,Ana Carolina,Ana Carolina,"Sony Music Publishing Brazil Edicoes Musicais Ltda,Unknown Publisher",Performance Acervo,,,,,,,,,,,,True,artist_alias,Relatório UBEM - Canal Brasil
Palco Principal: Multishow Ao Vivo - Ana Carolina - Dois Quartos,2024-10-21 00:00:00,Encostar Na Tua,Ana Carolina,Ana Carolina,"Sony Music Publishing Brazil Edicoes Musicais Ltda,Unknown Publisher",Performance Acervo,,,,,,,,,,,,True,artist_alias,Relatório UBEM - Canal Brasil
Palco Principal: Multishow Ao Vivo - Ana Carolina - Dois Quartos,2024-10-22 00:00:00,Encostar Na Tua,Ana Carolina,Ana Carolina,"Sony Music Publishing Brazil Edicoes Musicais Ltda,Unknown Publisher",Performance Acervo,,,,,,,,,,,,True,artist_alias,Relatório UBEM - Canal Brasil
Palco Principal: Multishow Ao Vivo - Ana Carolina - Dois Quartos,2024-10-17 00:00:00,Eu Comi A Madona,"Alvin L,Ana Carolina,Mano Melo,Totonho Villeroy",Ana Carolina,"Sony Music Publishing Brazil Edicoes Musicais Ltda,Universal Music Publishing Mgb Brasil Ltda,Warner Chappell Edicoes Musicais Ltda",Performance Acervo,,,,,,,,,,,,True,artist_alias,Relatório UBEM - Canal Brasil
Palco Principal: Multishow Ao Vivo - Ana Carolina - Dois Quartos,2024-10-19 00:00:00,Eu Comi A Madona,"Alvin L,Ana Carolina,Mano Melo,Totonho Villeroy",Ana Carolina,"Sony Music Publishing Brazil Edicoes Musicais Ltda,Universal Music Publishing Mgb Brasil Ltda,Warner Chappell Edicoes Musicais Ltda",Performance Acervo,,,,,,,,,,,,True,artist_alias,Relatório UBEM - Canal Brasil
Palco Principal: Multishow Ao Vivo - Ana Carolina - Dois Quartos,2024-10-21 00:00:00,Eu Comi A Madona,"Alvin L,Ana Carolina,Mano Melo,Totonho Villeroy",Ana Carolina,"Sony Music Publishing Brazil Edicoes Musicais Ltda,Universal Music Publishing Mgb Brasil Ltda,Warner Chappell Edicoes Musicais Ltda",Performance Acervo,,,,,,,,,,,,True,artist_alias,Relatório UBEM - Canal Brasil
Palco Principal: Multishow Ao Vivo - Ana Carolina - Dois Quartos,2024-10-22 00:00:00,Eu Comi A Madona,"Alvin L,Ana Carolina,Mano Melo,Totonho Villeroy",Ana Carolina,"Sony Music Publishing Brazil Edicoes Musicais Ltda,Universal Music Publishing Mgb Brasil Ltda,Warner Chappell Edicoes Musicais Ltda",Performance Acervo,,,,,,,,,,,,True,artist_alias,Relatório UBEM - Canal Brasil
Palco Principal: Multishow Ao Vivo - Ana Carolina - Dois Quartos,2024-10-17 00:00:00,Eu Sou Melhor Que Você,Maurício Pacheco,Ana Carolina,"Sony Music Publishing Brazil Edicoes Musicais Ltda,Warner Chappell Edicoes Musicais Ltda",Performance Acervo,,,,,,,,,,,,True,artist_alias,Relatório UBEM - Canal Brasil
Palco Principal: Multishow Ao Vivo - Ana Carolina - Dois Quartos,2024-10-19 00:00:00,Eu Sou Melhor Que Você,Maurício Pacheco,Ana Carolina,"Sony Music Publishing Brazil Edicoes Musicais Ltda,Warner Chappell Edicoes Musicais Ltda",Performance Acervo,,,,,,,,,,,,True,artist_alias,Relatório UBEM - Canal Brasil
Palco Principal: Multishow Ao Vivo - Ana Carolina - Dois Quartos,2024-10-21 00:00:00,Eu Sou Melhor Que Você,Maurício Pacheco,Ana Carolina,"Sony Music Publishing Brazil Edicoes Musicais Ltda,Warner Chappell Edicoes Musicais Ltda",Performance Acervo,,,,,,,,,,,,True,artist_alias,Relatório UBEM - Canal Brasil
Palco Principal: Multishow Ao Vivo - Ana Carolina - Dois Quartos,2024-10-22 00:00:00,Eu Sou Melhor Que Você,Maurício Pacheco,Ana Carolina,"Sony Music Publishing Brazil Edicoes Musicais Ltda,Warner Chappell Edicoes Musicais Ltda",Performance Acervo,,,,,,,,,,,,True,artist_alias,Relatório UBEM - Canal Brasil
Palco Principal: Multishow Ao Vivo - Ana Carolina - Dois Quartos,2024-10-17 00:00:00,Fever,"Eddie Cooley,John Davenport",Ana Carolina,"Bmg Rights Management Brasil Ltda,Warner Chappell Edicoes Musicais Ltda",Performance Acervo,,,,,,,,,,,,True,artist_alias,Relatório UBEM - Canal Brasil
Palco Principal: Multishow Ao Vivo - Ana Carolina - Dois Quartos,2024-10-19 00:00:00,Fever,"Eddie Cooley,John Davenport",Ana Carolina,"Bmg Rights Management Brasil Ltda,Warner Chappell Edicoes Musicais Ltda",Performance Acervo,,,,,,,,,,,,True,artist_alias,Relatório UBEM - Canal Brasil
Palco Principal: Multishow Ao Vivo - Ana Carolina - Dois Quartos,2024-10-21 00:00:00,Fever,"Eddie Cooley,John Davenport",Ana Carolina,"Bmg Rights Management Brasil Ltda,Warner Chappell Edicoes Musicais Ltda",Performance Acervo,,,,,,,,,,,,True,artist_alias,Relatório UBEM - Canal Brasil
Palco Principal: Multishow Ao Vivo - Ana Carolina - Dois Quartos,2024-10-22 00:00:00,Fever,"Eddie Cooley,John Davenport",Ana Carolina,"Bmg Rights Management Brasil Ltda,Warner Chappell Edicoes Musicais Ltda",Performance Acervo,,,,,,,,,,,,True,artist_alias,Relatório UBEM - Canal Brasil
Palco Principal: Multishow Ao Vivo - Ana Carolina - Dois Quartos,2024-10-17 00:00:00,Nua,"Ana Carolina,Vítor Ramil",Ana Carolina,"Sony Music Publishing Brazil Edicoes Musicais Ltda,Unknown Publisher",Performance Acervo,,,,,,,,,,,,True,artist_alias,Relatório UBEM - Canal Brasil
Palco Principal: Multishow Ao Vivo - Ana Carolina - Dois Quartos,2024-10-19 00:00:00,Nua,"Ana Carolina,Vítor Ramil",Ana Carolina,"Sony Music Publishing Brazil Edicoes Musicais Ltda,Unknown Publisher",Performance Acervo,,,,,,,,,,,,True,artist_alias,Relatório UBEM - Canal Brasil
Palco Principal: Multishow Ao Vivo - Ana Carolina - Dois Quartos,2024-10-21 00:00:00,Nua,"Ana Carolina,Vítor Ramil",Ana Carolina,"Sony Music Publishing Brazil Edicoes Musicais Ltda,Unknown Publisher",Performance Acervo,,,,,,,,,,,,True,artist_alias,Relatório UBEM - Canal Brasil
Palco Principal: Multishow Ao Vivo - Ana Carolina - Dois Quartos,2024-10-22 00:00:00,Nua,"Ana Carolina,Vítor Ramil",Ana Carolina,"Sony Music Publishing Brazil Edicoes Musicais Ltda,Unknown Publisher",Performance Acervo,,,,,,,,,,,,True,artist_alias,Relatório UBEM - Canal Brasil
Palco Principal: Multishow Ao Vivo - Ana Carolina - Dois Quartos,2024-10-17 00:00:00,Pra Rua Me Levar,"Ana Carolina,Totonho Villeroy",Ana Carolina,"Sony Music Publishing Brazil Edicoes Musicais Ltda,Universal Music Publishing Mgb Brasil Ltda",Performance Acervo,,,,,,,,,,,,True,artist_alias,Relatório UBEM - Canal Brasil
Palco Principal: Multishow Ao Vivo - Ana Carolina - Dois Quartos,2024-10-19 00:00:00,Pra Rua Me Levar,"Ana Carolina,Totonho Villeroy",Ana Carolina,"Sony Music Publishing Brazil Edicoes Musicais Ltda,Universal Music Publishing Mgb Brasil Ltda",Performance Acervo,,,,,,,,,,,,True,artist_alias,Relatório UBEM - Canal Brasil
Palco Principal: Multishow Ao Vivo - Ana Carolina - Dois Quartos,2024-10-21 00:00:00,Pra Rua Me Levar,"Ana Carolina,Totonho Villeroy",Ana Carolina,"Sony Music Publishing Brazil Edicoes Musicais Ltda,Universal Music Publishing Mgb Brasil Ltda",Performance Acervo,,,,,,,,,,,,True,artist_alias,Relatório UBEM - Canal Brasil
Palco Principal: Multishow Ao Vivo - Ana Carolina - Dois Quartos,2024-10-22 00:00:00,Pra Rua Me Levar,"Ana Carolina,Totonho Villeroy",Ana Carolina,"Sony Music Publishing Brazil Edicoes Musicais Ltda,Universal Music Publishing Mgb Brasil Ltda",Performance Acervo,,,,,,,,,,,,True,artist_alias,Relatório UBEM - Canal Brasil
Palco Principal: Multishow Ao Vivo - Ana Carolina - Dois Quartos,2024-10-17 00:00:00,Quem De Nós Dois (La Mia Storia Tra Le Dita),"Ana Carolina,Dudu Falcão,Gianluca Grignani,Massimo Luca",Ana Carolina,"Universal Music Publishing Mgb Brasil Ltda,Warner Chappell Edicoes Musicais Ltda",Performance Acervo,,,,,,,,,,,,True,artist_alias,Relatório UBEM - Canal Brasil
Palco Principal: Multishow Ao Vivo - Ana Carolina - Dois Quartos,2024-10-19 00:00:00,Quem De Nós Dois (La Mia Storia Tra Le Dita),"Ana Carolina,Dudu Falcão,Gianluca Grignani,Massimo Luca",Ana Carolina,"Universal Music Publishing Mgb Brasil Ltda,Warner Chappell Edicoes Musicais Ltda",Performance Acervo,,,,,,,,,,,,True,artist_alias,Relatório UBEM - Canal Brasil
Palco Principal: Multishow Ao Vivo - Ana Carolina - Dois Quartos,2024-10-21 00:00:00,Quem De Nós Dois (La Mia Storia Tra Le Dita),"Ana Carolina,Dudu Falcão,Gianluca Grignani,Massimo Luca",Ana Carolina,"Universal Music Publishing Mgb Brasil Ltda,Warner Chappell Edicoes Musicais Ltda",Performance Acervo,,,,,,,,,,,,True,artist_alias,Relatório UBEM - Canal Brasil
Palco Principal: Multishow Ao Vivo - Ana Carolina - Dois Quartos,2024-10-22 00:00:00,Quem De Nós Dois (La Mia Storia Tra Le Dita),"Ana Carolina,Dudu Falcão,Gianluca Grignani,Massimo Luca",Ana Carolina,"Universal Music Publishing Mgb Brasil Ltda,Warner Chappell Edicoes Musicais Ltda",Performance Acervo,,,,,,,,,,,,True,artist_alias,Relatório UBEM - Canal Brasil
Palco Principal: Multishow Ao Vivo - Ana Carolina - Dois Quartos,2024-10-17 00:00:00,Rosas,Totonho Villeroy,Ana Carolina,Universal Music Publishing Mgb Brasil Ltda,Performance Acervo,,,,,,,,,,,,True,artist_alias,Relatório UBEM - Canal Brasil
Palco Principal: Multishow Ao Vivo - Ana Carolina - Dois Quartos,2024-10-19 00:00:00,Rosas,Totonho Villeroy,Ana Carolina,Universal Music Publishing Mgb Brasil Ltda,Performance Acervo,,,,,,,,,,,,True,artist_alias,Relatório UBEM - Canal Brasil
Palco Principal: Multishow Ao Vivo - Ana Carolina - Dois Quartos,2024-10-21 00:00:00,Rosas,Totonho Villeroy,Ana Carolina,Universal Music Publishing Mgb Brasil Ltda,Performance Acervo,,,,,,,,,,,,True,artist_alias,Relatório UBEM - Canal Brasil
Palco Principal: Multishow Ao Vivo - Ana Carolina - Dois Quartos,2024-10-22 00:00:00,Rosas,Totonho Villeroy,Ana Carolina,Universal Music Publishing Mgb Brasil Ltda,Performance Acervo,,,,,,,,,,,,True,artist_alias,Relatório UBEM - Canal Brasil
Palco Principal: Multishow Ao Vivo - Ana Carolina - Dois Quartos,2024-10-17 00:00:00,Ruas De Outono,"Ana Carolina,Totonho Villeroy",Ana Carolina,"Sony Music Publishing Brazil Edicoes Musicais Ltda,Universal Music Publishing Mgb Brasil Ltda,Unknown Publisher",Performance Acervo,,,,,,,,,,,,True,artist_alias,Relatório UBEM - Canal Brasil
Palco Principal: Multishow Ao Vivo - Ana Carolina - Dois Quartos,2024-10-19 00:00:00,Ruas De Outono,"Ana Carolina,Totonho Villeroy",Ana Carolina,"Sony Music Publishing Brazil Edicoes Musicais Ltda,Universal Music Publishing Mgb Brasil Ltda,Unknown Publisher",Performance Acervo,,,,,,,,,,,,True,artist_alias,Relatório UBEM - Canal Brasil
Palco Principal: Multishow Ao Vivo - Ana Carolina - Dois Quartos,2024-10-21 00:00:00,Ruas De Outono,"Ana Carolina,Totonho Villeroy",Ana Carolina,"Sony Music Publishing Brazil Edicoes Musicais Ltda,Universal Music Publishing Mgb Brasil Ltda,Unknown Publisher",Performance Acervo,,,,,,,,,,,,True,artist_alias,Relatório UBEM - Canal Brasil
Palco Principal: Multishow Ao Vivo - Ana Carolina - Dois Quartos,2024-10-22 00:00:00,Ruas De Outono,"Ana Carolina,Totonho Villeroy",Ana Carolina,"Sony Music Publishing Brazil Edicoes Musicais Ltda,Universal Music Publishing Mgb Brasil Ltda,Unknown Publisher",Performance Acervo,,,,,,,,,,,,True,artist_alias,Relatório UBEM - Canal Brasil
Palco Principal: Multishow Ao Vivo - Ana Carolina - Dois Quartos,2024-10-17 00:00:00,Trancado,Ana Carolina,Ana Carolina,Sony Music Publishing Brazil Edicoes Musicais Ltda,Performance Acervo,,,,,,,,,,,,True,artist_alias,Relatório UBEM - Canal Brasil
Palco Principal: Multishow Ao Vivo - Ana Carolina - Dois Quartos,2024-10-19 00:00:00,Trancado,Ana Carolina,Ana Carolina,Sony Music Publishing Brazil Edicoes Musicais Ltda,Performance Acervo,,,,,,,,,,,,True,artist_alias,Relatório UBEM - Canal Brasil
Palco Principal: Multishow Ao Vivo - Ana Carolina - Dois Quartos,2024-10-21 00:00:00,Trancado,Ana Carolina,Ana Carolina,Sony Music Publishing Brazil Edicoes Musicais Ltda,Performance Acervo,,,,,,,,,,,,True,artist_alias,Relatório UBEM - Canal Brasil
Palco Principal: Multishow Ao Vivo - Ana Carolina - Dois Quartos,2024-10-22 00:00:00,Trancado,Ana Carolina,Ana Carolina,Sony Music Publishing Brazil Edicoes Musicais Ltda,Performance Acervo,,,,,,,,,,,,True,artist_alias,Relatório UBEM - Canal Brasil
Palco Principal: Multishow Ao Vivo - Ana Carolina - Dois Quartos,2024-10-17 00:00:00,Uma Louca Tempestade,"Bebeto Alves,Totonho Villeroy",Ana Carolina,"Nossamusica Producoes E Edicoes Musicais Ltda Epp,Universal Music Publishing Mgb Brasil Ltda",Performance Acervo,,,,,,,,,,,,True,artist_alias,Relatório UBEM - Canal Brasil
Palco Principal: Multishow Ao Vivo - Ana Carolina - Dois Quartos,2024-10-19 00:00:00,Uma Louca Tempestade,"Bebeto Alves,Totonho Villeroy",Ana Carolina,"Nossamusica Producoes E Edicoes Musicais Ltda Epp,Universal Music Publishing Mgb Brasil Ltda",Performance Acervo,,,,,,,,,,,,True,artist_alias,Relatório UBEM - Canal Brasil
Palco Principal: Multishow Ao Vivo - Ana Carolina - Dois Quartos,2024-10-21 00:00:00,Uma Louca Tempestade,"Bebeto Alves,Totonho Villeroy",Ana Carolina,"Nossamusica Producoes E Edicoes Musicais Ltda Epp,Universal Music Publishing Mgb Brasil Ltda",Performance Acervo,,,,,,,,,,,,True,artist_alias,Relatório UBEM - Canal Brasil
Palco Principal: Multishow Ao Vivo - Ana Carolina - Dois Quartos,2024-10-22 00:00:00,Uma Louca Tempestade,"Bebeto Alves,Totonho Villeroy",Ana Carolina,"Nossamusica Producoes E Edicoes Musicais Ltda Epp,Universal Music Publishing Mgb Brasil Ltda",Performance Acervo,,,,,,,,,,,,True,artist_alias,Relatório UBEM - Canal Brasil
Palco Principal: Multishow Ao Vivo - Ana Carolina - Dois Quartos,2024-10-17 00:00:00,Vai (Verão De 2001),Mona Saback,Ana Carolina,Sony Music Publishing Brazil Edicoes Musicais Ltda,Performance Acervo,,,,,,,,,,,,True,artist_alias,Relatório UBEM - Canal Brasil
Palco Principal: Multishow Ao Vivo - Ana Carolina - Dois Quartos,2024-10-19 00:00:00,Vai (Verão De 2001),Mona Saback,Ana Carolina,Sony Music Publishing Brazil Edicoes Musicais Ltda,Performance Acervo,,,,,,,,,,,,True,artist_alias,Relatório UBEM - Canal Brasil
Palco Principal: Multishow Ao Vivo - Ana Carolina - Dois Quartos,2024-10-21 00:00:00,Vai (Verão De 2001),Mona Saback,Ana Carolina,Sony Music Publishing Brazil Edicoes Musicais Ltda,Performance Acervo,,,,,,,,,,,,True,artist_alias,Relatório UBEM - Canal Brasil
Palco Principal: Multishow Ao Vivo - Ana Carolina - Dois Quartos,2024-10-22 00:00:00,Vai (Verão De 2001),Mona Saback,Ana Carolina,Sony Music Publishing Brazil Edicoes Musicais Ltda,Performance Acervo,,,,,,,,,,,,True,artist_alias,Relatório UBEM - Canal Brasil
Palco Principal: Multishow Ao Vivo - Ivete Sangalo 20 Anos,2024-10-10 00:00:00,Acelera Aê,"Dan Kambaiah,Fabio O'Brian,Gigi,Magno Santanna",Ivete Sangalo,"Unknown Publisher,Warner Chappell Edicoes Musicais Ltda",Performance Acervo,,,,,,,,,,,,True,artist_alias,Relatório UBEM - Canal Brasil
Palco Principal: Multishow Ao Vivo - Ivete Sangalo 20 Anos,2024-10-12 00:00:00,Acelera Aê,"Dan Kambaiah,Fabio O'Brian,Gigi,Magno Santanna",Ivete Sangalo,"Unknown Publisher,Warner Chappell Edicoes Musicais Ltda",Performance Acervo,,,,,,,,,,,,True,artist_alias,Relatório UBEM - Canal Brasil
Palco Principal: Multishow Ao Vivo - Ivete Sangalo 20 Anos,2024-10-14 00:00:00,Acelera Aê,"Dan Kambaiah,Fabio O'Brian,Gigi,Magno Santanna",Ivete Sangalo,"Unknown Publisher,Warner Chappell Edicoes Musicais Ltda",Performance Acervo,,,,,,,,,,,,True,artist_alias,Relatório UBEM - Canal Brasil
Palco Principal: Multishow Ao Vivo - Ivete Sangalo 20 Anos,2024-10-15 00:00:00,Acelera Aê,"Dan Kambaiah,Fabio O'Brian,Gigi,Magno Santanna",Ivete Sangalo,"Unknown Publisher,Warner Chappell Edicoes Musicais Ltda",Performance Acervo,,,,,,,,,,,,True,artist_alias,Relatório UBEM - Canal Brasil
Palco Principal: Multishow Ao Vivo - Ivete Sangalo 20 Anos,2024-10-10 00:00:00,Arerê,"Alaim Tavares,Gilson Babilônia",Ivete Sangalo,"Sony Music Publishing Brazil Edicoes Musicais Ltda,Universal Music Publishing Mgb Brasil Ltda",Performance Acervo,,,,,,,,,,,,True,artist_alias,Relatório UBEM - Canal Brasil
Palco Principal: Multishow Ao Vivo - Ivete Sangalo 20 Anos,2024-10-12 00:00:00,Arerê,"Alaim Tavares,Gilson Babilônia",Ivete Sangalo,"Sony Music Publishing Brazil Edicoes Musicais Ltda,Universal Music Publishing Mgb Brasil Ltda",Performance Acervo,,,,,,,,,,,,True,artist_alias,Relatório UBEM - Canal Brasil
Palco Principal: Multishow Ao Vivo - Ivete Sangalo 20 Anos,2024-10-14 00:00:00,Arerê,"Alaim Tavares,Gilson Babilônia",Ivete Sangalo,"Sony Music Publishing Brazil Edicoes Musicais Ltda,Universal Music Publishing Mgb Brasil Ltda",Performance Acervo,,,,,,,,,,,,True,artist_alias,Relatório UBEM - Canal Brasil
Palco Principal: Multishow Ao Vivo - Ivete Sangalo 20 Anos,2024-10-15 00:00:00,Arerê,"Alaim Tavares,Gilson Babilônia",Ivete Sangalo,"Sony Music Publishing Brazil Edicoes Musicais Ltda,Universal Music Publishing Mgb Brasil Ltda",Performance Acervo,,,,,,,,,,,,True,artist_alias,Relatório UBEM - Canal Brasil
Palco Principal: Multishow Ao Vivo - Ivete Sangalo 20 Anos,2024-10-10 00:00:00,Beleza Rara,Ed Grandão,Ivete Sangalo,Universal Music Publishing Mgb Brasil Ltda,Performance Acervo,,,,,,,,,,,,True,artist_alias,Relatório UBEM - Canal Brasil
Palco Principal: Multishow Ao Vivo - Ivete Sangalo 20 Anos,2024-10-12 00:00:00,Beleza Rara,Ed Grandão,Ivete Sangalo,Universal Music Publishing Mgb Brasil Ltda,Performance Acervo,,,,,,,,,,,,True,artist_alias,Relatório UBEM - Canal Brasil
Palco Principal: Multishow Ao Vivo - Ivete Sangalo 20 Anos,2024-10-14 00:00:00,Beleza Rara,Ed Grandão,Ivete Sangalo,Universal Music Publishing Mgb Brasil Ltda,Performance Acervo,,,,,,,,,,,,True,artist_alias,Relatório UBEM - Canal Brasil
Palco Principal: Multishow Ao Vivo - Ivete Sangalo 20 Anos,2024-10-15 00:00:00,Beleza Rara,Ed Grandão,Ivete Sangalo,Universal Music Publishing Mgb Brasil Ltda,Performance Acervo,,,,,,,,,,,,True,artist_alias,Relatório UBEM - Canal Brasil
Palco Principal: Multishow Ao Vivo - Ivete Sangalo 20 Anos,2024-10-10 00:00:00,Debaixo Dos Caracóis Dos Seus Cabelos,"Erasmo Carlos,Roberto Carlos",Ivete Sangalo,Sony Music Publishing Brazil Edicoes Musicais Ltda,Performance Acervo,,,,,,,,,,,,True,artist_alias,Relatório UBEM - Canal Brasil
Palco Principal: Multishow Ao Vivo - Ivete Sangalo 20 Anos,2024-10-12 00:00:00,Debaixo Dos Caracóis Dos Seus Cabelos,"Erasmo Carlos,Roberto Carlos",Ivete Sangalo,Sony Music Publishing Brazil Edicoes Musicais Ltda,Performance Acervo,,,,,,,,,,,,True,artist_alias,Relatório UBEM - Canal Brasil
Palco Principal: Multishow Ao Vivo - Ivete Sangalo 20 Anos,2024-10-14 00:00:00,Debaixo Dos Caracóis Dos Seus Cabelos,"Erasmo Carlos,Roberto Carlos",Ivete Sangalo,Sony Music Publishing Brazil Edicoes Musicais Ltda,Performance Acervo,,,,,,,,,,,,True,artist_alias,Relatório UBEM - Canal Brasil
Palco Principal: Multishow Ao Vivo - Ivete Sangalo 20 Anos,2024-10-15 00:00:00,Debaixo Dos Caracóis Dos Seus Cabelos,"Erasmo Carlos,Roberto Carlos",Ivete Sangalo,Sony Music Publishing Brazil Edicoes Musicais Ltda,Performance Acervo,,,,,,,,,,,,True,artist_alias,Relatório UBEM - Canal Brasil
Palco Principal: Multishow Ao Vivo - Ivete Sangalo 20 Anos,2024-10-10 00:00:00,"Empurra, Empurra","Alaim Tavares,Gilson Babilônia",Ivete Sangalo,Sony Music Publishing Brazil Edicoes Musicais Ltda,Performance Acervo,,,,,,,,,,,,True,artist_alias,Relatório UBEM - Canal Brasil
Palco Principal: Multishow Ao Vivo - Ivete Sangalo 20 Anos,2024-10-12 00:00:00,"Empurra, Empurra","Alaim Tavares,Gilson Babilônia",Ivete Sangalo,Sony Music Publishing Brazil Edicoes Musicais Ltda,Performance Acervo,,,,,,,,,,,,True,artist_alias,Relatório UBEM - Canal Brasil
Palco Principal: Multishow Ao Vivo - Ivete Sangalo 20 Anos,2024-10-14 00:00:00,"Empurra, Empurra","Alaim Tavares,Gilson Babilônia",Ivete Sangalo,Sony Music Publishing Brazil Edicoes Musicais Ltda,Performance Acervo,,,,,,,,,,,,True,artist_alias,Relatório UBEM - Canal Brasil
Palco Principal: Multishow Ao Vivo - Ivete Sangalo 20 Anos,2024-10-15 00:00:00,"Empurra, Empurra","Alaim Tavares,Gilson Babilônia",Ivete Sangalo,Sony Music Publishing Brazil Edicoes Musicais Ltda,Performance Acervo,,,,,,,,,,,,True,artist_alias,Relatório UBEM - Canal Brasil
Palco Principal: Multishow Ao Vivo - Ivete Sangalo 20 Anos,2024-10-10 00:00:00,Eva,"Giancarlo Bigazzi,Marcos Ficarelli,Umberto Tozzi",Ivete Sangalo,"Associacao Defensora De Direitos Autorais (Addaf),Peermusic Do Brasil Edicoes Musicais Ltda",Performance Acervo,,,,,,,,,,,,True,artist_alias,Relatório UBEM - Canal Brasil
Palco Principal: Multishow Ao Vivo - Ivete Sangalo 20 Anos,2024-10-12 00:00:00,Eva,"Giancarlo Bigazzi,Marcos Ficarelli,Umberto Tozzi",Ivete Sangalo,"Associacao Defensora De Direitos Autorais (Addaf),Peermusic Do Brasil Edicoes Musicais Ltda",Performance Acervo,,,,,,,,,,,,True,artist_alias,Relatório UBEM - Canal Brasil
Palco Principal: Multishow Ao Vivo - Ivete Sangalo 20 Anos,2024-10-14 00:00:00,Eva,"Giancarlo Bigazzi,Marcos Ficarelli,Umberto Tozzi",Ivete Sangalo,"Associacao Defensora De Direitos Autorais (Addaf),Peermusic Do Brasil Edicoes Musicais Ltda",Performance Acervo,,,,,,,,,,,,True,artist_alias,Relatório UBEM - Canal Brasil
Palco Principal: Multishow Ao Vivo - Ivete Sangalo 20 Anos,2024-10-15 00:00:00,Eva,"Giancarlo Bigazzi,Marcos Ficarelli,Umberto Tozzi",Ivete Sangalo,"Associacao Defensora De Direitos Autorais (Addaf),Peermusic Do Brasil Edicoes Musicais Ltda",Performance Acervo,,,,,,,,,,,,True,artist_alias,Relatório UBEM - Canal Brasil
Palco Principal: Multishow Ao Vivo - Ivete Sangalo 20 Anos,2024-10-10 00:00:00,Fã,Mônica San Galo,Ivete Sangalo,Iessi Music Label Ltda,Performance Acervo,,,,,,,,,,,,True,artist_alias,Relatório UBEM - Canal Brasil
Palco Principal: Multishow Ao Vivo - Ivete Sangalo 20 Anos,2024-10-12 00:00:00,Fã,Mônica San Galo,Ivete Sangalo,Iessi Music Label Ltda,Performance Acervo,,,,,,,,,,,,True,artist_alias,Relatório UBEM - Canal Brasil
Palco Principal: Multishow Ao Vivo - Ivete Sangalo 20 Anos,2024-10-14 00:00:00,Fã,Mônica San Galo,Ivete Sangalo,Iessi Music Label Ltda,Performance Acervo,,,,,,,,,,,,True,artist_alias,Relatório UBEM - Canal Brasil
Palco Principal: Multishow Ao Vivo - Ivete Sangalo 20 Anos,2024-10-15 00:00:00,Fã,Mônica San Galo,Ivete Sangalo,Iessi Music Label Ltda,Performance Acervo,,,,,,,,,,,,True,artist_alias,Relatório UBEM - Canal Brasil
Palco Principal: Multishow Ao Vivo - Ivete Sangalo 20 Anos,2024-10-10 00:00:00,Faraó Divindade Do Egito,Luciano Gomes,Ivete Sangalo,Universal Music Publishing Mgb Brasil Ltda,Performance Acervo,,,,,,,,,,,,True,artist_alias,Relatório UBEM - Canal Brasil
Palco Principal: Multishow Ao Vivo - Ivete Sangalo 20 Anos,2024-10-12 00:00:00,Faraó Divindade Do Egito,Luciano Gomes,Ivete Sangalo,Universal Music Publishing Mgb Brasil Ltda,Performance Acervo,,,,,,,,,,,,True,artist_alias,Relatório UBEM - Canal Brasil
Palco Principal: Multishow Ao Vivo - Ivete Sangalo 20 Anos,2024-10-14 00:00:00,Faraó Divindade Do Egito,Luciano Gomes,Ivete Sangalo,Universal Music Publishing Mgb Brasil Ltda,Performance Acervo,,,,,,,,,,,,True,artist_alias,Relatório UBEM - Canal Brasil
Palco Principal: Multishow Ao Vivo - Ivete Sangalo 20 Anos,2024-10-15 00:00:00,Faraó Divindade Do Egito,Luciano Gomes,Ivete Sangalo,Universal Music Publishing Mgb Brasil Ltda,Performance Acervo,,,,,,,,,,,,True,artist_alias,Relatório UBEM - Canal Brasil
Palco Principal: Multishow Ao Vivo - Ivete Sangalo 20 Anos,2024-10-10 00:00:00,Flor Do Reggae,"Fabinho O'Brian,Gigi,Ivete Sangalo",Ivete Sangalo,Warner Chappell Edicoes Musicais Ltda,Performance Acervo,,,,,,,,,,,,True,artist_alias,Relatório UBEM - Canal Brasil
Palco Principal: Multishow Ao Vivo - Ivete Sangalo 20 Anos,2024-10-12 00:00:00,Flor Do Reggae,"Fabinho O'Brian,Gigi,Ivete Sangalo",Ivete Sangalo,Warner Chappell Edicoes Musicais Ltda,Performance Acervo,,,,,,,,,,,,True,artist_alias,Relatório UBEM - Canal Brasil
Palco Principal: Multishow Ao Vivo - Ivete Sangalo 20 Anos,2024-10-14 00:00:00,Flor Do Reggae,"Fabinho O'Brian,Gigi,Ivete Sangalo",Ivete Sangalo,Warner Chappell Edicoes Musicais Ltda,Performance Acervo,,,,,,,,,,,,True,artist_alias,Relatório UBEM - Canal Brasil
Palco Principal: Multishow Ao Vivo - Ivete Sangalo 20 Anos,2024-10-15 00:00:00,Flor Do Reggae,"Fabinho O'Brian,Gigi,Ivete Sangalo",Ivete Sangalo,Warner Chappell Edicoes Musicais Ltda,Performance Acervo,,,,,,,,,,,,True,artist_alias,Relatório UBEM - Canal Brasil
Palco Principal: Multishow Ao Vivo - Ivete Sangalo 20 Anos,2024-10-10 00:00:00,Ladeira Do Pelô,Betão,Ivete Sangalo,Warner Chappell Edicoes Musicais Ltda,Performance Acervo,,,,,,,,,,,,True,artist_alias,Relatório UBEM - Canal Brasil
Palco Principal: Multishow Ao Vivo - Ivete Sangalo 20 Anos,2024-10-12 00:00:00,Ladeira Do Pelô,Betão,Ivete Sangalo,Warner Chappell Edicoes Musicais Ltda,Performance Acervo,,,,,,,,,,,,True,artist_alias,Relatório UBEM - Canal Brasil
Palco Principal: Multishow Ao Vivo - Ivete Sangalo 20 Anos,2024-10-14 00:00:00,Ladeira Do Pelô,Betão,Ivete Sangalo,Warner Chappell Edicoes Musicais Ltda,Performance Acervo,,,,,,,,,,,,True,artist_alias,Relatório UBEM - Canal Brasil
Palco Principal: Multishow Ao Vivo - Ivete Sangalo 20 Anos,2024-10-15 00:00:00,Ladeira Do Pelô,Betão,Ivete Sangalo,Warner Chappell Edicoes Musicais Ltda,Performance Acervo,,,,,,,,,,,,True,artist_alias,Relatório UBEM - Canal Brasil
Palco Principal: Multishow Ao Vivo - Ivete Sangalo 20 Anos,2024-10-10 00:00:00,Manda Ver,"Alaim Tavares,Gilson Babilônia",Ivete Sangalo,"Sony Music Publishing Brazil Edicoes Musicais Ltda,Universal Music Publishing Mgb Brasil Ltda",Performance Acervo,,,,,,,,,,,,True,artist_alias,Relatório UBEM - Canal Brasil
Palco Principal: Multishow Ao Vivo - Ivete Sangalo 20 Anos,2024-10-12 00:00:00,Manda Ver,"Alaim Tavares,Gilson Babilônia",Ivete Sangalo,"Sony Music Publishing Brazil Edicoes Musicais Ltda,Universal Music Publishing Mgb Brasil Ltda",Performance Acervo,,,,,,,,,,,,True,artist_alias,Relatório UBEM - Canal Brasil
Palco Principal: Multishow Ao Vivo - Ivete Sangalo 20 Anos,2024-10-14 00:00:00,Manda Ver,"Alaim Tavares,Gilson Babilônia",Ivete Sangalo,"Sony Music Publishing Brazil Edicoes Musicais Ltda,Universal Music Publishing Mgb Brasil Ltda",Performance Acervo,,,,,,,,,,,,True,artist_alias,Relatório UBEM - Canal Brasil
Palco Principal: Multishow Ao Vivo - Ivete Sangalo 20 Anos,2024-10-15 00:00:00,Manda Ver,"Alaim Tavares,Gilson Babilônia",Ivete Sangalo,"Sony Music Publishing Brazil Edicoes Musicais Ltda,Universal Music Publishing Mgb Brasil Ltda",Performance Acervo,,,,,,,,,,,,True,artist_alias,Relatório UBEM - Canal Brasil
Palco Principal: Multishow Ao Vivo - Ivete Sangalo 20 Anos,2024-10-10 00:00:00,Mega Beijo,Lourenço,Ivete Sangalo,L O S Producoes E Promocoes Artisticas Ltda Me,Performance Acervo,,,,,,,,,,,,True,artist_alias,Relatório UBEM - Canal Brasil
Palco Principal: Multishow Ao Vivo - Ivete Sangalo 20 Anos,2024-10-12 00:00:00,Mega Beijo,Lourenço,Ivete Sangalo,L O S Producoes E Promocoes Artisticas Ltda Me,Performance Acervo,,,,,,,,,,,,True,artist_alias,Relatório UBEM - Canal Brasil
Palco Principal: Multishow Ao Vivo - Ivete Sangalo 20 Anos,2024-10-14 00:00:00,Mega Beijo,Lourenço,Ivete Sangalo,L O S Producoes E Promocoes Artisticas Ltda Me,Performance Acervo,,,,,,,,,,,,True,artist_alias,Relatório UBEM - Canal Brasil
Palco Principal: Multishow Ao Vivo - Ivete Sangalo 20 Anos,2024-10-15 00:00:00,Mega Beijo,Lourenço,Ivete Sangalo,L O S Producoes E Promocoes Artisticas Ltda Me,Performance Acervo,,,,,,,,,,,,True,artist_alias,Relatório UBEM - Canal Brasil
Palco Principal: Multishow Ao Vivo - Ivete Sangalo 20 Anos,2024-10-10 00:00:00,Na Base Do Beijo,"Alaim Tavares,Rita Mendes",Ivete Sangalo,"Sony Music Publishing Brazil Edicoes Musicais Ltda,Warner Chappell Edicoes Musicais Ltda",Performance Acervo,,,,,,,,,,,,True,artist_alias,Relatório UBEM - Canal Brasil
Palco Principal: Multishow Ao Vivo - Ivete Sangalo 20 Anos,2024-10-12 00:00:00,Na Base Do Beijo,"Alaim Tavares,Rita Mendes",Ivete Sangalo,"Sony Music Publishing Brazil Edicoes Musicais Ltda,Warner Chappell Edicoes Musicais Ltda",Performance Acervo,,,,,,,,,,,,True,artist_alias,Relatório UBEM - Canal Brasil
Palco Principal: Multishow Ao Vivo - Ivete Sangalo 20 Anos,2024-10-14 00:00:00,Na Base Do Beijo,"Alaim Tavares,Rita Mendes",Ivete Sangalo,"Sony Music Publishing Brazil Edicoes Musicais Ltda,Warner Chappell Edicoes Musicais Ltda",Performance Acervo,,,,,,,,,,,,True,artist_alias,Relatório UBEM - Canal Brasil
Palco Principal: Multishow Ao Vivo - Ivete Sangalo 20 Anos,2024-10-15 00:00:00,Na Base Do Beijo,"Alaim Tavares,Rita Mendes",Ivete Sangalo,"Sony Music Publishing Brazil Edicoes Musicais Ltda,Warner Chappell Edicoes Musicais Ltda",Performance Acervo,,,,,,,,,,,,True,artist_alias,Relatório UBEM - Canal Brasil
Palco Principal: Multishow Ao Vivo - Ivete Sangalo 20 Anos,2024-10-10 00:00:00,No Brilho Desse Olhar,"Dan Kanbahia,Davi Sales",Ivete Sangalo,"Iessi Music Label Ltda,Universal Music Publishing Mgb Brasil Ltda",Performance Acervo,,,,,,,,,,,,True,artist_alias,Relatório UBEM - Canal Brasil
Palco Principal: Multishow Ao Vivo - Ivete Sangalo 20 Anos,2024-10-12 00:00:00,No Brilho Desse Olhar,"Dan Kanbahia,Davi Sales",Ivete Sangalo,"Iessi Music Label Ltda,Universal Music Publishing Mgb Brasil Ltda",Performance Acervo,,,,,,,,,,,,True,artist_alias,Relatório UBEM - Canal Brasil
Palco Principal: Multishow Ao Vivo - Ivete Sangalo 20 Anos,2024-10-14 00:00:00,No Brilho Desse Olhar,"Dan Kanbahia,Davi Sales",Ivete Sangalo,"Iessi Music Label Ltda,Universal Music Publishing Mgb Brasil Ltda",Performance Acervo,,,,,,,,,,,,True,artist_alias,Relatório UBEM - Canal Brasil
Palco Principal: Multishow Ao Vivo - Ivete Sangalo 20 Anos,2024-10-15 00:00:00,No Brilho Desse Olhar,"Dan Kanbahia,Davi Sales",Ivete Sangalo,"Iessi Music Label Ltda,Universal Music Publishing Mgb Brasil Ltda",Performance Acervo,,,,,,,,,,,,True,artist_alias,Relatório UBEM - Canal Brasil
Palco Principal: Multishow Ao Vivo - Ivete Sangalo 20 Anos,2024-10-10 00:00:00,Pra Abalar,"Gilson Babilônia,Tonho Matéria",Ivete Sangalo,"Sony Music Publishing Brazil Edicoes Musicais Ltda,Universal Music Publishing Mgb Brasil Ltda",Performance Acervo,,,,,,,,,,,,True,artist_alias,Relatório UBEM - Canal Brasil
Palco Principal: Multishow Ao Vivo - Ivete Sangalo 20 Anos,2024-10-12 00:00:00,Pra Abalar,"Gilson Babilônia,Tonho Matéria",Ivete Sangalo,"Sony Music Publishing Brazil Edicoes Musicais Ltda,Universal Music Publishing Mgb Brasil Ltda",Performance Acervo,,,,,,,,,,,,True,artist_alias,Relatório UBEM - Canal Brasil
Palco Principal: Multishow Ao Vivo - Ivete Sangalo 20 Anos,2024-10-14 00:00:00,Pra Abalar,"Gilson Babilônia,Tonho Matéria",Ivete Sangalo,"Sony Music Publishing Brazil Edicoes Musicais Ltda,Universal Music Publishing Mgb Brasil Ltda",Performance Acervo,,,,,,,,,,,,True,artist_alias,Relatório UBEM - Canal Brasil
Palco Principal: Multishow Ao Vivo - Ivete Sangalo 20 Anos,2024-10-15 00:00:00,Pra Abalar,"Gilson Babilônia,Tonho Matéria",Ivete Sangalo,"Sony Music Publishing Brazil Edicoes Musicais Ltda,Universal Music Publishing Mgb Brasil Ltda",Performance Acervo,,,,,,,,,,,,True,artist_alias,Relatório UBEM - Canal Brasil
Palco Principal: Multishow Ao Vivo - Ivete Sangalo 20 Anos,2024-10-10 00:00:00,Pra Frente,"Filipe Escandurras,Gigi,Magno Santanna",Ivete Sangalo,"Abramus Digital Servicos De Identificacao De Repertorio Ltda Me,Warner Chappell Edicoes Musicais Ltda",Performance Acervo,,,,,,,,,,,,True,artist_alias,Relatório UBEM - Canal Brasil
Palco Principal: Multishow Ao Vivo - Ivete Sangalo 20 Anos,2024-10-12 00:00:00,Pra Frente,"Filipe Escandurras,Gigi,Magno Santanna",Ivete Sangalo,"Abramus Digital Servicos De Identificacao De Repertorio Ltda Me,Warner Chappell Edicoes Musicais Ltda",Performance Acervo,,,,,,,,,,,,True,artist_alias,Relatório UBEM - Canal Brasil
Palco Principal: Multishow Ao Vivo - Ivete Sangalo 20 Anos,2024-10-14 00:00:00,Pra Frente,"Filipe Escandurras,Gigi,Magno Santanna",Ivete Sangalo,"Abramus Digital Servicos De Identificacao De Repertorio Ltda Me,Warner Chappell Edicoes Musicais Ltda",Performance Acervo,,,,,,,,,,,,True,artist_alias,Relatório UBEM - Canal Brasil
Palco Principal: Multishow Ao Vivo - Ivete Sangalo 20 Anos,2024-10-15 00:00:00,Pra Frente,"Filipe Escandurras,Gigi,Magno Santanna",Ivete Sangalo,"Abramus Digital Servicos De Identificacao De Repertorio Ltda Me,Warner Chappell Edicoes Musicais Ltda",Performance Acervo,,,,,,,,,,,,True,artist_alias,Relatório UBEM - Canal Brasil
Palco Principal: Multishow Ao Vivo - Ivete Sangalo 20 Anos,2024-10-10 00:00:00,Pra Sempre Ter Você,Eva Cavalcante,Ivete Sangalo,Iessi Music Label Ltda,Performance Acervo,,,,,,,,,,,,True,artist_alias,Relatório UBEM - Canal Brasil
Palco Principal: Multishow Ao Vivo - Ivete Sangalo 20 Anos,2024-10-12 00:00:00,Pra Sempre Ter Você,Eva Cavalcante,Ivete Sangalo,Iessi Music Label Ltda,Performance Acervo,,,,,,,,,,,,True,artist_alias,Relatório UBEM - Canal Brasil
Palco Principal: Multishow Ao Vivo - Ivete Sangalo 20 Anos,2024-10-14 00:00:00,Pra Sempre Ter Você,Eva Cavalcante,Ivete Sangalo,Iessi Music Label Ltda,Performance Acervo,,,,,,,,,,,,True,artist_alias,Relatório UBEM - Canal Brasil
Palco Principal: Multishow Ao Vivo - Ivete Sangalo 20 Anos,2024-10-15 00:00:00,Pra Sempre Ter Você,Eva Cavalcante,Ivete Sangalo,Iessi Music Label Ltda,Performance Acervo,,,,,,,,,,,,True,artist_alias,Relatório UBEM - Canal Brasil
Palco Principal: Multishow Ao Vivo - Ivete Sangalo 20 Anos,2024-10-10 00:00:00,Quando A Chuva Passar,Ramon Cruz,Ivete Sangalo,Iessi Music Label Ltda,Performance Acervo,,,,,,,,,,,,True,artist_alias,Relatório UBEM - Canal Brasil
Palco Principal: Multishow Ao Vivo - Ivete Sangalo 20 Anos,2024-10-12 00:00:00,Quando A Chuva Passar,Ramon Cruz,Ivete Sangalo,Iessi Music Label Ltda,Performance Acervo,,,,,,,,,,,,True,artist_alias,Relatório UBEM - Canal Brasil
Palco Principal: Multishow Ao Vivo - Ivete Sangalo 20 Anos,2024-10-14 00:00:00,Quando A Chuva Passar,Ramon Cruz,Ivete Sangalo,Iessi Music Label Ltda,Performance Acervo,,,,,,,,,,,,True,artist_alias,Relatório UBEM - Canal Brasil
Palco Principal: Multishow Ao Vivo - Ivete Sangalo 20 Anos,2024-10-15 00:00:00,Quando A Chuva Passar,Ramon Cruz,Ivete Sangalo,Iessi Music Label Ltda,Performance Acervo,,,,,,,,,,,,True,artist_alias,Relatório UBEM - Canal Brasil
Palco Principal: Multishow Ao Vivo - Ivete Sangalo 20 Anos,2024-10-10 00:00:00,Se Eu Não Te Amasse Tanto Assim,"Herbert Vianna,Paulo Sergio Valle",Ivete Sangalo,Sony Music Publishing Brazil Edicoes Musicais Ltda,Performance Acervo,,,,,,,,,,,,True,artist_alias,Relatório UBEM - Canal Brasil
Palco Principal: Multishow Ao Vivo - Ivete Sangalo 20 Anos,2024-10-12 00:00:00,Se Eu Não Te Amasse Tanto Assim,"Herbert Vianna,Paulo Sergio Valle",Ivete Sangalo,Sony Music Publishing Brazil Edicoes Musicais Ltda,Performance Acervo,,,,,,,,,,,,True,artist_alias,Relatório UBEM - Canal Brasil
Palco Principal: Multishow Ao Vivo - Ivete Sangalo 20 Anos,2024-10-14 00:00:00,Se Eu Não Te Amasse Tanto Assim,"Herbert Vianna,Paulo Sergio Valle",Ivete Sangalo,Sony Music Publishing Brazil Edicoes Musicais Ltda,Performance Acervo,,,,,,,,,,,,True,artist_alias,Relatório UBEM - Canal Brasil
Palco Principal: Multishow Ao Vivo - Ivete Sangalo 20 Anos,2024-10-15 00:00:00,Se Eu Não Te Amasse Tanto Assim,"Herbert Vianna,Paulo Sergio Valle",Ivete Sangalo,Sony Music Publishing Brazil Edicoes Musicais Ltda,Performance Acervo,,,,,,,,,,,,True,artist_alias,Relatório UBEM - Canal Brasil
Palco Principal: Multishow Ao Vivo - Ivete Sangalo 20 Anos,2024-10-10 00:00:00,Sorte Grande,Lourenço,Ivete Sangalo,L O S Producoes E Promocoes Artisticas Ltda Me,Performance Acervo,,,,,,,,,,,,True,artist_alias,Relatório UBEM - Canal Brasil
Palco Principal: Multishow Ao Vivo - Ivete Sangalo 20 Anos,2024-10-12 00:00:00,Sorte Grande,Lourenço,Ivete Sangalo,L O S Producoes E Promocoes Artisticas Ltda Me,Performance Acervo,,,,,,,,,,,,True,artist_alias,Relatório UBEM - Canal Brasil
Palco Principal: Multishow Ao Vivo - Ivete Sangalo 20 Anos,2024-10-14 00:00:00,Sorte Grande,Lourenço,Ivete Sangalo,L O S Producoes E Promocoes Artisticas Ltda Me,Performance Acervo,,,,,,,,,,,,True,artist_alias,Relatório UBEM - Canal Brasil
Palco Principal: Multishow Ao Vivo - Ivete Sangalo 20 Anos,2024-10-15 00:00:00,Sorte Grande,Lourenço,Ivete Sangalo,L O S Producoes E Promocoes Artisticas Ltda Me,Performance Acervo,,,,,,,,,,,,True,artist_alias,Relatório UBEM - Canal Brasil
Palco Principal: Multishow Ao Vivo - Ivete Sangalo 20 Anos,2024-10-10 00:00:00,Tempo De Alegria,"Filipe Escandurras,Gigi,Magno Sant'Anna",Ivete Sangalo,"Abramus Digital Servicos De Identificacao De Repertorio Ltda Me,Unknown Publisher,Warner Chappell Edicoes Musicais Ltda",Performance Acervo,,,,,,,,,,,,True,artist_alias,Relatório UBEM - Canal Brasil
Palco Principal: Multishow Ao Vivo - Ivete Sangalo 20 Anos,2024-10-12 00:00:00,Tempo De Alegria,"Filipe Escandurras,Gigi,Magno Sant'Anna",Ivete Sangalo,"Abramus Digital Servicos De Identificacao De Repertorio Ltda Me,Unknown Publisher,Warner Chappell Edicoes Musicais Ltda",Performance Acervo,,,,,,,,,,,,True,artist_alias,Relatório UBEM - Canal Brasil
Palco Principal: Multishow Ao Vivo - Ivete Sangalo 20 Anos,2024-10-14 00:00:00,Tempo De Alegria,"Filipe Escandurras,Gigi,Magno Sant'Anna",Ivete Sangalo,"Abramus Digital Servicos De Identificacao De Repertorio Ltda Me,Unknown Publisher,Warner Chappell Edicoes Musicais Ltda",Performance Acervo,,,,,,,,,,,,True,artist_alias,Relatório UBEM - Canal Brasil
Palco Principal: Multishow Ao Vivo - Ivete Sangalo 20 Anos,2024-10-15 00:00:00,Tempo De Alegria,"Filipe Escandurras,Gigi,Magno Sant'Anna",Ivete Sangalo,"Abramus Digital Servicos De Identificacao De Repertorio Ltda Me,Unknown Publisher,Warner Chappell Edicoes Musicais Ltda",Performance Acervo,,,,,,,,,,,,True,artist_alias,Relatório UBEM - Canal Brasil
Palco Principal: Multishow Ao Vivo - Ivete Sangalo 20 Anos,2024-10-10 00:00:00,"Tum, Tum, Goiaba","Leonardo Reis,Márcio Brasil",Ivete Sangalo,"Antonio Leonardo Reis Costa 90546342515 (Reis Musicais),Iessi Music Label Ltda,Unknown Publisher",Performance Acervo,,,,,,,,,,,,True,artist_alias,Relatório UBEM - Canal Brasil
Palco Principal: Multishow Ao Vivo - Ivete Sangalo 20 Anos,2024-10-12 00:00:00,"Tum, Tum, Goiaba","Leonardo Reis,Márcio Brasil",Ivete Sangalo,"Antonio Leonardo Reis Costa 90546342515 (Reis Musicais),Iessi Music Label Ltda,Unknown Publisher",Performance Acervo,,,,,,,,,,,,True,artist_alias,Relatório UBEM - Canal Brasil
Palco Principal: Multishow Ao Vivo - Ivete Sangalo 20 Anos,2024-10-14 00:00:00,"Tum, Tum, Goiaba","Leonardo Reis,Márcio Brasil",Ivete Sangalo,"Antonio Leonardo Reis Costa 90546342515 (Reis Musicais),Iessi Music Label Ltda,Unknown Publisher",Performance Acervo,,,,,,,,,,,,True,artist_alias,Relatório UBEM - Canal Brasil
Palco Principal: Multishow Ao Vivo - Ivete Sangalo 20 Anos,2024-10-15 00:00:00,"Tum, Tum, Goiaba","Leonardo Reis,Márcio Brasil",Ivete Sangalo,"Antonio Leonardo Reis Costa 90546342515 (Reis Musicais),Iessi Music Label Ltda,Unknown Publisher",Performance Acervo,,,,,,,,,,,,True,artist_alias,Relatório UBEM - Canal Brasil
Admiráveis Conselheiras,2024-10-18 00:00:00,Banho De Folhas,"Emilie Lapa,Luedji Luna",Luedji Luna,Dubas Musica Ltda,Fundo Musical,,,,,,,,,,,,True,artist_alias,Relatório UBEM - Canal Brasil
Admiráveis Conselheiras,2024-10-19 00:00:00,Banho De Folhas,"Emilie Lapa,Luedji Luna",Luedji Luna,Dubas Musica Ltda,Fundo Musical,,,,,,,,,,,,True,artist_alias,Relatório UBEM - Canal Brasil
Admiráveis Conselheiras,2024-10-20 00:00:00,Banho De Folhas,"Emilie Lapa,Luedji Luna",Luedji Luna,Dubas Musica Ltda,Fundo Musical,,,,,,,,,,,,True,artist_alias,Relatório UBEM - Canal Brasil
Admiráveis Conselheiras,2024-10-22 00:00:00,Banho De Folhas,"Emilie Lapa,Luedji Luna",Luedji Luna,Dubas Musica Ltda,Fundo Musical,,,,,,,,,,,,True,artist_alias,Relatório UBEM - Canal Brasil
Admiráveis Conselheiras,2024-10-23 00:00:00,Banho De Folhas,"Emilie Lapa,Luedji Luna",Luedji Luna,Dubas Musica Ltda,Fundo Musical,,,,,,,,,,,,True,artist_alias,Relatório UBEM - Canal Brasil
Alma De Cozinheira,2024-10-30 00:00:00,Voltei Pra Mim,"Iuri Rio Branco,Marina Sena",Marina Sena,Boa Musica Brasil Direitos Musicais Ltda,Performance,,,,,,,,,,,,True,artist_alias,Relatório UBEM - Canal Brasil
Alma De Cozinheira,2024-10-31 00:00:00,Voltei Pra Mim,"Iuri Rio Branco,Marina Sena",Marina Sena,Boa Musica Brasil Direitos Musicais Ltda,Performance,,,,,,,,,,,,True,artist_alias,Relatório UBEM - Canal Brasil
Avisa Lá Que Eu Vou,2024-10-27 00:00:00,Coração De Gelo,"Shalon Israel,Wiu",Wiu,Warner Chappell Edicoes Musicais Ltda,Fundo Musical,,,,,,,,,,,,True,artist_alias,Relatório UBEM - Canal Brasil
Food Truck - A Batalha,2024-10-31 00:00:00,Borbulhas De Amor (Tenho Um Coração),"Ferreira Goulart,Juan Luis Guerra",Fagner,Universal Music Publishing Mgb Brasil Ltda,Fundo Musical Acervo,,,,,,,,,,,,True,artist_alias,Relatório UBEM - Canal Brasil
"Mais Cor, Por Favor!",2024-10-04 00:00:00,Efêmera,"Gustavo Ruiz,Tulipa Ruiz",Tulipa Ruiz,"Warner Chappell Edicoes Musicais Ltda,Boa Musica Brasil Direitos Musicais Ltda,Dubas Musica Ltda",Fundo Musical Acervo,,,,,,,,,,,,True,artist_alias,Relatório UBEM - Canal Brasil
Que Seja Doce,2024-10-18 00:00:00,Berimbau,"Baden Powell,Vinícius De Moraes",Vinícius De Moraes,Universal Music Publishing Mgb Brasil Ltda,Fundo Musical Acervo,,,,,,,,,,,,True,artist_alias,Relatório UBEM - Canal Brasil
Sobre Nós Dois,2024-10-22 00:00:00,Tem Cabaré Essa Noite,"D Lesly Lora,Flavinho Do Kadet,Geoffrey Rojas,Yonathan Mickey Then Jaquez",Nattan,"Editora E Importadora Musical Fermata Do Brasil Ltda,Peermusic Do Brasil Edicoes Musicais Ltda,Warner Chappell Edicoes Musicais Ltda",Fundo Musical,,,,,,,,,,,,True,artist_alias,Relatório UBEM - Canal Brasil
Tempero De Família,2024-10-18 00:00:00,Alma Gêmea,"Emicida,Felipe Vassão",Emicida,Warner Chappell Edicoes Musicais Ltda,Fundo Musical,,,,,,,,,,,,True,artist_alias,Relatório UBEM - Canal Brasil
Tempero De Família,2024-10-20 00:00:00,Alma Gêmea,"Emicida,Felipe Vassão",Emicida,Warner Chappell Edicoes Musicais Ltda,Fundo Musical,,,,,,,,,,,,True,artist_alias,Relatório UBEM - Canal Brasil
Hotéis Incríveis - T1 a T2,2024-10-08 00:00:00,O Último Pôr Do Sol,"Lenine,Lula Queiroga",Lenine,"Boa Musica Brasil Direitos Musicais Ltda,Humaita Edicoes Musicais Ltda Me",Fundo Musical Acervo,,,,,,,,,,,,True,artist_alias,Relatório UBEM - Canal Brasil
Hotéis Incríveis - T1 a T2,2024-10-13 00:00:00,O Último Pôr Do Sol,"Lenine,Lula Queiroga",Lenine,"Boa Musica Brasil Direitos Musicais Ltda,Humaita Edicoes Musicais Ltda Me",Fundo Musical Acervo,,,,,,,,,,,,True,artist_alias,Relatório UBEM - Canal Brasil
Especial Guilherme Guedes: Melhores Momentos Rock In Rio 2024,2024-10-18 00:00:00,Idiota,"Jão,Pedro Tofani,Zebu",Jão,"Universal Music Publishing Mgb Brasil Ltda,Warner Chappell Edicoes Musicais Ltda",Performance,,,,,,,,,,,,True,artist_alias,Relatório UBEM - Canal Brasil
Especial Guilherme Guedes: Melhores Momentos Rock In Rio 2024,2024-10-19 00:00:00,Idiota,"Jão,Pedro Tofani,Zebu",Jão,"Universal Music Publishing Mgb Brasil Ltda,Warner Chappell Edicoes Musicais Ltda",Performance,,,,,,,,,,,,True,artist_alias,Relatório UBEM - Canal Brasil
Especial Guilherme Guedes: Melhores Momentos Rock In Rio 2024,2024-10-20 00:00:00,Idiota,"Jão,Pedro Tofani,Zebu",Jão,"Universal Music Publishing Mgb Brasil Ltda,Warner Chappell Edicoes Musicais Ltda",Performance,,,,,,,,,,,,True,artist_alias,Relatório UBEM - Canal Brasil
Especial Guilherme Guedes: Melhores Momentos Rock In Rio 2024,2024-10-21 00:00:00,Idiota,"Jão,Pedro Tofani,Zebu",Jão,"Universal Music Publishing Mgb Brasil Ltda,Warner Chappell Edicoes Musicais Ltda",Performance,,,,,,,,,,,,True,artist_alias,Relatório UBEM - Canal Brasil
Especial Guilherme Guedes: Melhores Momentos Rock In Rio 2024,2024-10-22 00:00:00,Idiota,"Jão,Pedro Tofani,Zebu",Jão,"Universal Music Publishing Mgb Brasil Ltda,Warner Chappell Edicoes Musicais Ltda",Performance,,,,,,,,,,,,True,artist_alias,Relatório UBEM - Canal Brasil
Especial Guilherme Guedes: Melhores Momentos Rock In Rio 2024,2024-10-23 00:00:00,Idiota,"Jão,Pedro Tofani,Zebu",Jão,"Universal Music Publishing Mgb Brasil Ltda,Warner Chappell Edicoes Musicais Ltda",Performance,,,,,,,,,,,,True,artist_alias,Relatório UBEM - Canal Brasil
Especial Guilherme Guedes: Melhores Momentos Rock In Rio 2024,2024-10-23 00:00:00,Eva,"Giancarlo Bigazzi,Marcos Ficarelli,Umberto Tozzi",Ivete Sangalo,"Associacao Defensora De Direitos Autorais (Addaf),Peermusic Do Brasil Edicoes Musicais Ltda",Performance,,,,,,,,,,,,True,artist_alias,Relatório UBEM - Canal Brasil
Especial Guilherme Guedes: Melhores Momentos Rock In Rio 2024,2024-10-24 00:00:00,Eva,"Giancarlo Bigazzi,Marcos Ficarelli,Umberto Tozzi",Ivete Sangalo,"Associacao Defensora De Direitos Autorais (Addaf),Peermusic Do Brasil Edicoes Musicais Ltda",Performance,,,,,,,,,,,,True,artist_alias,Relatório UBEM - Canal Brasil
Especial Guilherme Guedes: Melhores Momentos Rock In Rio 2024,2024-10-25 00:00:00,Eva,"Giancarlo Bigazzi,Marcos Ficarelli,Umberto Tozzi",Ivete Sangalo,"Associacao Defensora De Direitos Autorais (Addaf),Peermusic Do Brasil Edicoes Musicais Ltda",Performance,,,,,,,,,,,,True,artist_alias,Relatório UBEM - Canal Brasil
Especial Guilherme Guedes: Melhores Momentos Rock In Rio 2024,2024-10-26 00:00:00,Eva,"Giancarlo Bigazzi,Marcos Ficarelli,Umberto Tozzi",Ivete Sangalo,"Associacao Defensora De Direitos Autorais (Addaf),Peermusic Do Brasil Edicoes Musicais Ltda",Performance,,,,,,,,,,,,True,artist_alias,Relatório UBEM - Canal Brasil
Especial Rock In Rio - Melhores Momentos: Rock In Rio 2024 - Jão,2024-10-16 00:00:00,Acontece,"Jão,Pedro Tofani",Jão,Universal Music Publishing Mgb Brasil Ltda,Performance,,,,,,,,,,,,True,artist_alias,Relatório UBEM - Canal Brasil
Especial Rock In Rio - Melhores Momentos: Rock In Rio 2024 - Jão,2024-10-16 00:00:00,Alinhamento Milenar,"Jão,Pedro Tofani,Zebu",Jão,"Universal Music Publishing Mgb Brasil Ltda,Warner Chappell Edicoes Musicais Ltda",Performance,,,,,,,,,,,,True,artist_alias,Relatório UBEM - Canal Brasil
Especial Rock In Rio - Melhores Momentos: Rock In Rio 2024 - Jão,2024-10-16 00:00:00,Escorpião,"Jão,Pedro Tofani,Zebu",Jão,"Universal Music Publishing Mgb Brasil Ltda,Warner Chappell Edicoes Musicais Ltda",Performance,,,,,,,,,,,,True,artist_alias,Relatório UBEM - Canal Brasil
Especial Rock In Rio - Melhores Momentos: Rock In Rio 2024 - Jão,2024-10-16 00:00:00,Essa Eu Fiz Pro Nosso Amor,"Danilo Valbusa,Jão,Marcelinho Ferraz,Pedro Dash,Pedro Tofani",Jão,Universal Music Publishing Mgb Brasil Ltda,Performance,,,,,,,,,,,,True,artist_alias,Relatório UBEM - Canal Brasil
Especial Rock In Rio - Melhores Momentos: Rock In Rio 2024 - Jão,2024-10-16 00:00:00,Idiota,"Jão,Pedro Tofani,Zebu",Jão,"Universal Music Publishing Mgb Brasil Ltda,Warner Chappell Edicoes Musicais Ltda",Performance,,,,,,,,,,,,True,artist_alias,Relatório UBEM - Canal Brasil
Especial Rock In Rio - Melhores Momentos: Rock In Rio 2024 - Jão,2024-10-16 00:00:00,Imaturo,"Danilo Valbusa,Jão,Marcelinho Ferraz,Pedro Dash",Jão,Universal Music Publishing Mgb Brasil Ltda,Performance,,,,,,,,,,,,True,artist_alias,Relatório UBEM - Canal Brasil
Especial Rock In Rio - Melhores Momentos: Rock In Rio 2024 - Jão,2024-10-16 00:00:00,Julho,"Jão,Pedro Tofani,Zebu",Jão,"Universal Music Publishing Mgb Brasil Ltda,Warner Chappell Edicoes Musicais Ltda",Performance,,,,,,,,,,,,True,artist_alias,Relatório UBEM - Canal Brasil
Especial Rock In Rio - Melhores Momentos: Rock In Rio 2024 - Jão,2024-10-16 00:00:00,Locadora,"Jão,Pedro Tofani,Zebu",Jão,"Universal Music Publishing Mgb Brasil Ltda,Warner Chappell Edicoes Musicais Ltda",Performance,,,,,,,,,,,,True,artist_alias,Relatório UBEM - Canal Brasil
Especial Rock In Rio - Melhores Momentos: Rock In Rio 2024 - Jão,2024-10-16 00:00:00,Me Lambe,"Jão,Pedro Tófani,Tropkillaz,Zebu",Jão,"Bmg Rights Management Brasil Ltda,Universal Music Publishing Mgb Brasil Ltda,Unknown Publisher",Performance,,,,,,,,,,,,True,artist_alias,Relatório UBEM - Canal Brasil
Especial Rock In Rio - Melhores Momentos: Rock In Rio 2024 - Jão,2024-10-16 00:00:00,Meninos E Meninas,Jão,Jão,Universal Music Publishing Mgb Brasil Ltda,Performance,,,,,,,,,,,,True,artist_alias,Relatório UBEM - Canal Brasil
Especial Rock In Rio - Melhores Momentos: Rock In Rio 2024 - Jão,2024-10-16 00:00:00,O Triste É Que Eu Te Amo,"Björn Yttling,John Eriksson,Jão,Pedro Tofani,Peter Morén,Zebu",Jão,Unknown Publisher,Performance,,,,,,,,,,,,True,artist_alias,Relatório UBEM - Canal Brasil
Especial Rock In Rio - Melhores Momentos: Rock In Rio 2024 - Jão,2024-10-16 00:00:00,Pilantra,"Anitta,Jão,Pedro Tofani,Zebu",Jão,"Sony Music Publishing Brazil Edicoes Musicais Ltda,Universal Music Publishing Mgb Brasil Ltda,Warner Chappell Edicoes Musicais Ltda",Performance,,,,,,,,,,,,True,artist_alias,Relatório UBEM - Canal Brasil
Especial Rock In Rio - Melhores Momentos: Rock In Rio 2024 - Jão,2024-10-16 00:00:00,Santo,"Jão,Pedro Tofani,Zebu",Jão,"Universal Music Publishing Mgb Brasil Ltda,Warner Chappell Edicoes Musicais Ltda",Performance,,,,,,,,,,,,True,artist_alias,Relatório UBEM - Canal Brasil
Especial Rock In Rio - Melhores Momentos: Rock In Rio 2024 - Jão,2024-10-16 00:00:00,Vou Morrer Sozinho,"Dan Valbusa,Jão,Marcelinho Ferraz,Pedro Dash,Pedro Tofani",Jão,Universal Music Publishing Mgb Brasil Ltda,Performance,,,,,,,,,,,,True,artist_alias,Relatório UBEM - Canal Brasil
Especial Rock In Rio - Melhores Momentos: Rock In Rio 2024 - Matuê Part Wiu E Teto,2024-10-12 00:00:00,333,Matuê,Matuê,Unknown Publisher,Performance,,,,,,,,,,,,True,artist_alias,Relatório UBEM - Canal Brasil
Especial Rock In Rio - Melhores Momentos: Rock In Rio 2024 - Matuê Part Wiu E Teto,2024-10-12 00:00:00,O Som,Matuê,Matuê,Unknown Publisher,Performance,,,,,,,,,,,,True,artist_alias,Relatório UBEM - Canal Brasil
Especial Rock In Rio - Melhores Momentos: Rock In Rio 2024 - Matuê Part Wiu E Teto,2024-10-12 00:00:00,Quer Voar,"Emicida,Grou,Lorentz,Matuê,Palaze,Quantich,Rael",Matuê,Warner Chappell Edicoes Musicais Ltda,Performance,,,,,,,,,,,,True,artist_alias,Relatório UBEM - Canal Brasil
Especial Rock In Rio - Melhores Momentos: Rock In Rio 2024 - Pra Sempre Rap,2024-10-21 00:00:00,Malvadão 3,Xamã,Xamã,Associacao Defensora De Direitos Autorais (Addaf),Performance,,,,,,,,,,,,True,artist_alias,Relatório UBEM - Canal Brasil
Especial Rock In Rio - Melhores Momentos: Rock In Rio 2024 - Pra Sempre Rap,2024-10-21 00:00:00,Ponta De Lança,Rincon Sapiência,Rincon Sapiência,Unknown Publisher,Performance,,,,,,,,,,,,True,artist_alias,Relatório UBEM - Canal Brasil
Especial Rock In Rio - Melhores Momentos: Rock In Rio 2024 - Pra Sempre Rap,2024-10-21 00:00:00,Solto,"Coyotebeats,Djonga,Hot",Djonga,"Abramus Digital Servicos De Identificacao De Repertorio Ltda Me,Unknown Publisher,Warner Chappell Edicoes Musicais Ltda",Performance,,,,,,,,,,,,True,artist_alias,Relatório UBEM - Canal Brasil
Humor Multishow - Família Paraíso,2024-10-07 00:00:00,"Noite Preta, A","Alceu Valença,Lula Cortes,Zé Ramalho",Zé Ramalho,Sony Music Publishing Brazil Edicoes Musicais Ltda,Fundo Musical,,,,,,,,,,,,True,artist_alias,Relatório UBEM - Canal Brasil
Lady Night - Com Tatá Werneck,2024-10-08 00:00:00,Rocket Man,"Bernie Taupin,Elton John",Jão,Universal Music Publishing Mgb Brasil Ltda,Performance,,,,,,,,,,,,True,artist_alias,Relatório UBEM - Canal Brasil
Lady Night - Com Tatá Werneck,2024-10-09 00:00:00,Rocket Man,"Bernie Taupin,Elton John",Jão,Universal Music Publishing Mgb Brasil Ltda,Performance,,,,,,,,,,,,True,artist_alias,Relatório UBEM - Canal Brasil
Lady Night - Com Tatá Werneck,2024-10-10 00:00:00,Rocket Man,"Bernie Taupin,Elton John",Jão,Universal Music Publishing Mgb Brasil Ltda,Performance,,,,,,,,,,,,True,artist_alias,Relatório UBEM - Canal Brasil
Lady Night - Com Tatá Werneck,2024-10-13 00:00:00,Rocket Man,"Bernie Taupin,Elton John",Jão,Universal Music Publishing Mgb Brasil Ltda,Performance,,,,,,,,,,,,True,artist_alias,Relatório UBEM - Canal Brasil
Tô De Graça,2024-10-01 00:00:00,Vamos Beber,"Anderson Alexandre,Dennis Dj",Dennis Dj,Sony Music Publishing Brazil Edicoes Musicais Ltda,Fundo Musical Acervo,,,,,,,,,,,,True,artist_alias,Relatório UBEM - Canal Brasil
Tô De Graça,2024-10-05 00:00:00,Vamos Beber,"Anderson Alexandre,Dennis Dj",Dennis Dj,Sony Music Publishing Brazil Edicoes Musicais Ltda,Fundo Musical Acervo,,,,,,,,,,,,True,artist_alias,Relatório UBEM - Canal Brasil
Tô De Graça,2024-10-06 00:00:00,Vamos Beber,"Anderson Alexandre,Dennis Dj",Dennis Dj,Sony Music Publishing Brazil Edicoes Musicais Ltda,Fundo Musical Acervo,,,,,,,,,,,,True,artist_alias,Relatório UBEM - Canal Brasil
Tô De Graça,2024-10-08 00:00:00,Vamos Beber,"Anderson Alexandre,Dennis Dj",Dennis Dj,Sony Music Publishing Brazil Edicoes Musicais Ltda,Fundo Musical Acervo,,,,,,,,,,,,True,artist_alias,Relatório UBEM - Canal Brasil
Tô De Graça,2024-10-03 00:00:00,Pá Em Todo Mundo,"Dennis Dj,Gabriel Cantini",Dennis Dj,Sony Music Publishing Brazil Edicoes Musicais Ltda,Fundo Musical Acervo,,,,,,,,,,,,True,artist_alias,Relatório UBEM - Canal Brasil
Tô De Graça,2024-10-06 00:00:00,Pá Em Todo Mundo,"Dennis Dj,Gabriel Cantini",Dennis Dj,Sony Music Publishing Brazil Edicoes Musicais Ltda,Fundo Musical Acervo,,,,,,,,,,,,True,artist_alias,Relatório UBEM - Canal Brasil
Tô De Graça,2024-10-28 00:00:00,Debaixo Dos Caracóis Dos Seus Cabelos,"Erasmo Carlos,Roberto Carlos",Ivete Sangalo,Sony Music Publishing Brazil Edicoes Musicais Ltda,Fundo Musical,,,,,,,,,,,,True,artist_alias,Relatório UBEM - Canal Brasil
Tô De Graça,2024-10-29 00:00:00,Debaixo Dos Caracóis Dos Seus Cabelos,"Erasmo Carlos,Roberto Carlos",Ivete Sangalo,Sony Music Publishing Brazil Edicoes Musicais Ltda,Fundo Musical,,,,,,,,,,,,True,artist_alias,Relatório UBEM - Canal Brasil
Tô De Graça,2024-10-30 00:00:00,Debaixo Dos Caracóis Dos Seus Cabelos,"Erasmo Carlos,Roberto Carlos",Ivete Sangalo,Sony Music Publishing Brazil Edicoes Musicais Ltda,Fundo Musical,,,,,,,,,,,,True,artist_alias,Relatório UBEM - Canal Brasil
Tô De Graça,2024-10-28 00:00:00,Garganta,Totonho Villeroy,Ana Carolina,Universal Music Publishing Mgb Brasil Ltda,Fundo Musical,,,,,,,,,,,,True,artist_alias,Relatório UBEM - Canal Brasil
Tô De Graça,2024-10-29 00:00:00,Garganta,Totonho Villeroy,Ana Carolina,Universal Music Publishing Mgb Brasil Ltda,Fundo Musical,,,,,,,,,,,,True,artist_alias,Relatório UBEM - Canal Brasil
Tô De Graça,2024-10-30 00:00:00,Garganta,Totonho Villeroy,Ana Carolina,Universal Music Publishing Mgb Brasil Ltda,Fundo Musical,,,,,,,,,,,,True,artist_alias,Relatório UBEM - Canal Brasil
Tô De Graça,2024-10-30 00:00:00,Vamos Beber,"Anderson Alexandre,Dennis Dj",Dennis Dj,Sony Music Publishing Brazil Edicoes Musicais Ltda,Fundo Musical,,,,,,,,,,,,True,artist_alias,Relatório UBEM - Canal Brasil
Tô De Graça,2024-10-31 00:00:00,Vamos Beber,"Anderson Alexandre,Dennis Dj",Dennis Dj,Sony Music Publishing Brazil Edicoes Musicais Ltda,Fundo Musical,,,,,,,,,,,,True,artist_alias,Relatório UBEM - Canal Brasil
Tô De Graça,2024-10-10 00:00:00,Relaxa E Toma,"Dennis Dj,Gabriel Cantini",Dennis Dj,Sony Music Publishing Brazil Edicoes Musicais Ltda,Fundo Musical Acervo,,,,,,,,,,,,True,artist_alias,Relatório UBEM - Canal Brasil
Tô De Graça,2024-10-12 00:00:00,Relaxa E Toma,"Dennis Dj,Gabriel Cantini",Dennis Dj,Sony Music Publishing Brazil Edicoes Musicais Ltda,Fundo Musical Acervo,,,,,,,,,,,,True,artist_alias,Relatório UBEM - Canal Brasil
Tô De Graça,2024-10-31 00:00:00,Pá Em Todo Mundo,"Dennis Dj,Gabriel Cantini",Dennis Dj,Sony Music Publishing Brazil Edicoes Musicais Ltda,Fundo Musical,,,,,,,,,,,,True,artist_alias,Relatório UBEM - Canal Brasil
Tô De Graça,2024-10-14 00:00:00,Céu Da Boca,Ronaldo Marcel,Ivete Sangalo,Warner Chappell Edicoes Musicais Ltda,Fundo Musical Acervo,,,,,,,,,,,,True,artist_alias,Relatório UBEM - Canal Brasil
Tô De Graça,2024-10-15 00:00:00,Céu Da Boca,Ronaldo Marcel,Ivete Sangalo,Warner Chappell Edicoes Musicais Ltda,Fundo Musical Acervo,,,,,,,,,,,,True,artist_alias,Relatório UBEM - Canal Brasil
Tô De Graça,2024-10-19 00:00:00,Céu Da Boca,Ronaldo Marcel,Ivete Sangalo,Warner Chappell Edicoes Musicais Ltda,Fundo Musical Acervo,,,,,,,,,,,,True,artist_alias,Relatório UBEM - Canal Brasil
Tô De Graça,2024-10-20 00:00:00,Beber Beber,"Elivandro Cuca,Guilherme Lopez,Raimundo Bahia",Leonardo,"Sony Music Publishing Brazil Edicoes Musicais Ltda,Universal Music Publishing Mgb Brasil Ltda",Fundo Musical Acervo,,,,,,,,,,,,True,artist_alias,Relatório UBEM - Canal Brasil
Tô De Graça,2024-10-21 00:00:00,Beber Beber,"Elivandro Cuca,Guilherme Lopez,Raimundo Bahia",Leonardo,"Sony Music Publishing Brazil Edicoes Musicais Ltda,Universal Music Publishing Mgb Brasil Ltda",Fundo Musical Acervo,,,,,,,,,,,,True,artist_alias,Relatório UBEM - Canal Brasil
Tô De Graça,2024-10-22 00:00:00,Beber Beber,"Elivandro Cuca,Guilherme Lopez,Raimundo Bahia",Leonardo,"Sony Music Publishing Brazil Edicoes Musicais Ltda,Universal Music Publishing Mgb Brasil Ltda",Fundo Musical Acervo,,,,,,,,,,,,True,artist_alias,Relatório UBEM - Canal Brasil
Tô De Graça,2024-10-26 00:00:00,Beber Beber,"Elivandro Cuca,Guilherme Lopez,Raimundo Bahia",Leonardo,"Sony Music Publishing Brazil Edicoes Musicais Ltda,Universal Music Publishing Mgb Brasil Ltda",Fundo Musical Acervo,,,,,,,,,,,,True,artist_alias,Relatório UBEM - Canal Brasil
Tô De Graça,2024-10-27 00:00:00,Beber Beber,"Elivandro Cuca,Guilherme Lopez,Raimundo Bahia",Leonardo,"Sony Music Publishing Brazil Edicoes Musicais Ltda,Universal Music Publishing Mgb Brasil Ltda",Fundo Musical Acervo,,,,,,,,,,,,True,artist_alias,Relatório UBEM - Canal Brasil
Tvz,2024-10-23 00:00:00,Malvadão 3,Xamã,Xamã,Associacao Defensora De Direitos Autorais (Addaf),Clipe Musical,,,,,,,,,,,,True,artist_alias,Relatório UBEM - Canal Brasil
Tvz,2024-10-24 00:00:00,Malvadão 3,Xamã,Xamã,Associacao Defensora De Direitos Autorais (Addaf),Clipe Musical,,,,,,,,,,,,True,artist_alias,Relatório UBEM - Canal Brasil
Tvz,2024-10-26 00:00:00,Malvadão 3,Xamã,Xamã,Associacao Defensora De Direitos Autorais (Addaf),Clipe Musical,,,,,,,,,,,,True,artist_alias,Relatório UBEM - Canal Brasil
Tvz,2024-10-22 00:00:00,Nois É Nois,"Buga,Galdino Beats,Nagalli,Thiago Veigh Da Silva",Veigh,"Bmg Rights Management Brasil Ltda,Universal Music Publishing Mgb Brasil Ltda,Unknown Publisher",Clipe Musical,,,,,,,,,,,,True,artist_alias,Relatório UBEM - Canal Brasil
Tvz,2024-10-23 00:00:00,Nois É Nois,"Buga,Galdino Beats,Nagalli,Thiago Veigh Da Silva",Veigh,"Bmg Rights Management Brasil Ltda,Universal Music Publishing Mgb Brasil Ltda,Unknown Publisher",Clipe Musical,,,,,,,,,,,,True,artist_alias,Relatório UBEM - Canal Brasil
Tvz,2024-10-18 00:00:00,Não Precisa Mudar,"Gigi,Saulo Fernandes",Ivete Sangalo,Iessi Music Label Ltda,Clipe Musical,,,,,,,,,,,,True,artist_alias,Relatório UBEM - Canal Brasil
Tvz,2024-10-21 00:00:00,Não Precisa Mudar,"Gigi,Saulo Fernandes",Ivete Sangalo,Iessi Music Label Ltda,Clipe Musical,,,,,,,,,,,,True,artist_alias,Relatório UBEM - Canal Brasil
Tvz,2024-10-11 00:00:00,Tipo Gin,Mc Kevin O Chris,Kevin O Chris,Orb Music Rights Ltda,Clipe Musical,,,,,,,,,,,,True,artist_alias,Relatório UBEM - Canal Brasil
Tvz,2024-10-14 00:00:00,Tipo Gin,Mc Kevin O Chris,Kevin O Chris,Orb Music Rights Ltda,Clipe Musical,,,,,,,,,,,,True,artist_alias,Relatório UBEM - Canal Brasil
Tvz,2024-10-01 00:00:00,Rainha Da Finesse,Vinicius William Sales De Lima,Wiu,Unknown Publisher,Clipe Musical,,,,,,,,,,,,True,artist_alias,Relatório UBEM - Canal Brasil
Tvz,2024-10-02 00:00:00,Rainha Da Finesse,Vinicius William Sales De Lima,Wiu,Unknown Publisher,Clipe Musical,,,,,,,,,,,,True,artist_alias,Relatório UBEM - Canal Brasil
Tvz,2024-10-15 00:00:00,Rainha Da Finesse,Vinicius William Sales De Lima,Wiu,Unknown Publisher,Clipe Musical,,,,,,,,,,,,True,artist_alias,Relatório UBEM - Canal Brasil
Tvz,2024-10-16 00:00:00,Rainha Da Finesse,Vinicius William Sales De Lima,Wiu,Unknown Publisher,Clipe Musical,,,,,,,,,,,,True,artist_alias,Relatório UBEM - Canal Brasil
Tvz Ao Vivo,2024-10-03 00:00:00,Idiota,"Jão,Pedro Tofani,Zebu",Jão,"Universal Music Publishing Mgb Brasil Ltda,Warner Chappell Edicoes Musicais Ltda",Ao Vivo Performance,,,,,,,,,,,,True,artist_alias,Relatório UBEM - Canal Brasil
Tvz Ao Vivo,2024-10-04 00:00:00,Idiota,"Jão,Pedro Tofani,Zebu",Jão,"Universal Music Publishing Mgb Brasil Ltda,Warner Chappell Edicoes Musicais Ltda",Performance,,,,,,,,,,,,True,artist_alias,Relatório UBEM - Canal Brasil
Tvz Ao Vivo,2024-10-10 00:00:00,Coração De Gelo,"Shalon Israel,Wiu",Wiu,Warner Chappell Edicoes Musicais Ltda,Ao Vivo Performance,,,,,,,,,,,,True,artist_alias,Relatório UBEM - Canal Brasil
Tvz Ao Vivo,2024-10-11 00:00:00,Coração De Gelo,"Shalon Israel,Wiu",Wiu,Warner Chappell Edicoes Musicais Ltda,Performance,,,,,,,,,,,,True,artist_alias,Relatório UBEM - Canal Brasil
Tvz Ao Vivo,2024-10-10 00:00:00,Novo Balanço,"Bvga,Malax,Nagalli,Veigh",Veigh,"Bmg Rights Management Brasil Ltda,Universal Music Publishing Mgb Brasil Ltda",Ao Vivo Performance,,,,,,,,,,,,True,artist_alias,Relatório UBEM - Canal Brasil
Tvz Ao Vivo,2024-10-11 00:00:00,Novo Balanço,"Bvga,Malax,Nagalli,Veigh",Veigh,"Bmg Rights Management Brasil Ltda,Universal Music Publishing Mgb Brasil Ltda",Performance,,,,,,,,,,,,True,artist_alias,Relatório UBEM - Canal Brasil
Tvz Ao Vivo,2024-10-10 00:00:00,Rainha Da Finesse,Vinicius William Sales De Lima,Wiu,Unknown Publisher,Ao Vivo Performance,,,,,,,,,,,,True,artist_alias,Relatório UBEM - Canal Brasil
Tvz Ao Vivo,2024-10-11 00:00:00,Rainha Da Finesse,Vinicius William Sales De Lima,Wiu,Unknown Publisher,Performance,,,,,,,,,,,,True,artist_alias,Relatório UBEM - Canal Brasil
Tvz Ao Vivo,2024-10-10 00:00:00,Toca O Trompete,"Caio Djay,Felipe Amorim,Kaleb Jr,Vitim Compositor",Wiu,Unknown Publisher,Ao Vivo Performance,,,,,,,,,,,,True,artist_alias,Relatório UBEM - Canal Brasil
Tvz Ao Vivo,2024-10-11 00:00:00,Toca O Trompete,"Caio Djay,Felipe Amorim,Kaleb Jr,Vitim Compositor",Wiu,Unknown Publisher,Performance,,,,,,,,,,,,True,artist_alias,Relatório UBEM - Canal Brasil
Tvz Ao Vivo,2024-10-24 00:00:00,O Som,Matuê,Matuê,Unknown Publisher,Ao Vivo Performance,,,,,,,,,,,,True,artist_alias,Relatório UBEM - Canal Brasil
Tvz Ao Vivo,2024-10-25 00:00:00,O Som,Matuê,Matuê,Unknown Publisher,Performance,,,,,,,,,,,,True,artist_alias,Relatório UBEM - Canal Brasil
Vai Que Cola,2024-10-27 00:00:00,Retirantes,"Dorival Caymmi,Jorge Amado",Dorival Caymmi,"Copyrights Consultoria Ltda Epp,Rosa Morena Edições Musicais Ltda,Sony Music Publishing Brazil Edicoes Musicais Ltda",Fundo Musical Acervo,,,,,,,,,,,,True,artist_alias,Relatório UBEM - Canal Brasil
Vai Que Cola,2024-10-31 00:00:00,Retirantes,"Dorival Caymmi,Jorge Amado",Dorival Caymmi,"Copyrights Consultoria Ltda Epp,Rosa Morena Edições Musicais Ltda,Sony Music Publishing Brazil Edicoes Musicais Ltda",Fundo Musical Acervo,,,,,,,,,,,,True,artist_alias,Relatório UBEM - Canal Brasil
Vai Que Cola,2024-10-03 00:00:00,Garganta,Totonho Villeroy,Ana Carolina,Universal Music Publishing Mgb Brasil Ltda,Fundo Musical Acervo,,,,,,,,,,,,True,artist_alias,Relatório UBEM - Canal Brasil
Vai Que Cola,2024-10-03 00:00:00,Quem De Nós Dois (La Mia Storia Tra Le Dita),"Ana Carolina,Dudu Falcão,Gianluca Grignani,Massimo Luca",Ana Carolina,"Universal Music Publishing Mgb Brasil Ltda,Warner Chappell Edicoes Musicais Ltda",Fundo Musical Acervo,,,,,,,,,,,,True,artist_alias,Relatório UBEM - Canal Brasil
Avisa La Que Eu Vou,2024-10-16 00:00:00,Coracao De Gelo,"Shalon Israel,Wiu",Wiu,Warner Chappell Edicoes Musicais Ltda,Fundo Musical,,,,,,,,,,,,True,artist_alias,Relatório UBEM - Canal Brasil
Circuito Sertanejo,2024-10-06 00:00:00,Amor Na Praia,"Caio Limas,Cleber Show,Lucas Souza Lima,Norman Braga Rocha,Rohan Braz De Melo Laudelino",Nattan,"Sony Music Publishing Brazil Edicoes Musicais Ltda,Avioes Do Forro Grav. E Edicoes Musicais Ltda,Patrick Iohan Ferreira Rego 04954975174 (Milionarios Hits)",Performance,,,,,,,,,,,,True,artist_alias,Relatório UBEM - Canal Brasil
Circuito Sertanejo,2024-10-06 00:00:00,Tem Cabare Essa Noite,"D Lesly Lora,Geoffrey Rojas,Yonathan Mickey Then Jaquez",Nattan,"Editora E Importadora Musical Fermata Do Brasil Ltda,Peermusic Do Brasil Edicoes Musicais Ltda,Warner Chappell Edicoes Musicais Ltda",Performance,,,,,,,,,,,,True,artist_alias,Relatório UBEM - Canal Brasil
Hoje E Dia Das Criancas,2024-10-11 00:00:00,Vou Deixar,"Chico Amaral,Samuel Rosa",Jao,Sony Music Publishing Brazil Edicoes Musicais Ltda,Performance,,,,,,,,,,,,True,artist_alias,Relatório UBEM - Canal Brasil
Mais Voce,2024-10-04 00:00:00,Agora Eu Ja Sei,"Gigi,Ivete Sangalo",Ivete Sangalo,Warner Chappell Edicoes Musicais Ltda,Fundo Musical,,,,,,,,,,,,True,artist_alias,Relatório UBEM - Canal Brasil
Vai Que Cola,2024-10-24 00:00:00,As Novinhas Tao Sensacional,"Isidoro Ferreira,Pablo Francisco Silva",Mc Romântico,Universal Music Publishing Mgb Brasil Ltda,Fundo Musical,,,,,,,,,,,,True,artist_alias,Relatório UBEM - Canal Brasil
Vai Que Cola,2024-10-15 00:00:00,Meu Namorado E Maior Otario,Mc Carol,Mc Carol,Veronica C R Alves Producoes Artisticas,Fundo Musical,,,,,,,,,,,,True,artist_alias,Relatório UBEM - Canal Brasil
Escolinha Professor Raimundo,2024-10-02 00:00:00,Foi Um Rio Que Passou Em Minha Vida,Paulinho Da Viola,Anonimo,Irmaos Vitale Editores Ltda,Fundo Musical,,,,,,,,,,,,True,artist_alias,Relatório UBEM - Canal Brasil
Escolinha Professor Raimundo,2024-10-02 00:00:00,Me Da Um Dinheiro Ai,"Glauco Ferreira,Homero Ferreira,Ivan Ferreira",Anonimo,Irmaos Vitale Editores Ltda,Performance,,,,,,,,,,,,True,artist_alias,Relatório UBEM - Canal Brasil
Escolinha Professor Raimundo,2024-10-02 00:00:00,Pega Na Mentira,"Erasmo Carlos,Roberto Carlos",Anonimo,Warner Chappell Edicoes Musicais Ltda,Performance,,,,,,,,,,,,True,artist_alias,Relatório UBEM - Canal Brasil
Viver A Vida,2024-10-10 00:00:00,Como E Grande O Meu Amor Por Voce,Roberto Carlos,Anonimo,Sony Music Publishing Brazil Edicoes Musicais Ltda,Performance,,,,,,,,,,,,True,artist_alias,Relatório UBEM - Canal Brasil
Escolinha Professor Raimundo,2024-10-21 00:00:00,Pais Tropical,Jorge Benjor,Anonimo,Von Lehmann Producoes Aristicas Eireli,Fundo Musical,,,,,,,,,,,,True,artist_alias,Relatório UBEM - Canal Brasil
Escolinha Professor Raimundo,2024-10-22 00:00:00,Pais Tropical,Jorge Benjor,Anonimo,Von Lehmann Producoes Aristicas Eireli,Fundo Musical,,,,,,,,,,,,True,artist_alias,Relatório UBEM - Canal Brasil
Escolinha Professor Raimundo,2024-10-23 00:00:00,Procurando Tu,"Antonio Barros,J Luna",Anonimo,Warner Chappell Edicoes Musicais Ltda,Fundo Musical,,,,,,,,,,,,True,artist_alias,Relatório UBEM - Canal Brasil
Escolinha Professor Raimundo,2024-10-24 00:00:00,Procurando Tu,"Antonio Barros,J Luna",Anonimo,Warner Chappell Edicoes Musicais Ltda,Fundo Musical,,,,,,,,,,,,True,artist_alias,Relatório UBEM - Canal Brasil
Escolinha Professor Raimundo,2024-10-22 00:00:00,Lata D Agua,"Jota Jr,Luiz Antonio",Anonimo,Todamerica Edicoes Ltda,Fundo Musical,,,,,,,,,,,,True,artist_alias,Relatório UBEM - Canal Brasil
Escolinha Professor Raimundo,2024-10-23 00:00:00,Lata D Agua,"Jota Jr,Luiz Antonio",Anonimo,Todamerica Edicoes Ltda,Fundo Musical,,,,,,,,,,,,True,artist_alias,Relatório UBEM - Canal Brasil
Escolinha Professor Raimundo,2024-10-25 00:00:00,Derramaro O Gai,"Luiz Gonzaga,Ze Dantas",Anonimo,Irmaos Vitale Editores Ltda,Fundo Musical,,,,,,,,,,,,True,artist_alias,Relatório UBEM - Canal Brasil
Escolinha Professor Raimundo,2024-10-28 00:00:00,Derramaro O Gai,"Luiz Gonzaga,Ze Dantas",Anonimo,Irmaos Vitale Editores Ltda,Fundo Musical,,,,,,,,,,,,True,artist_alias,Relatório UBEM - Canal Brasil
Escolinha Professor Raimundo,2024-10-25 00:00:00,Sei La Mangueira,"Herminio Bello De Carvalho,Paulinho Da Viola",Anonimo,Irmaos Vitale Editores Ltda,Performance,,,,,,,,,,,,True,artist_alias,Relatório UBEM - Canal Brasil
Escolinha Professor Raimundo,2024-10-28 00:00:00,Sei La Mangueira,"Herminio Bello De Carvalho,Paulinho Da Viola",Anonimo,Irmaos Vitale Editores Ltda,Performance,,,,,,,,,,,,True,artist_alias,Relatório UBEM - Canal Brasil
Escolinha Professor Raimundo,2024-10-25 00:00:00,Feira De Acari,"Dj Pirata,Marlboro Dj",Anonimo,Universal Music Publishing Mgb Brasil Ltda,Performance,,,,,,,,,,,,True,artist_alias,Relatório UBEM - Canal Brasil
Escolinha Professor Raimundo,2024-10-28 00:00:00,Feira De Acari,"Dj Pirata,Marlboro Dj",Anonimo,Universal Music Publishing Mgb Brasil Ltda,Performance,,,,,,,,,,,,True,artist_alias,Relatório UBEM - Canal Brasil
Escolinha Professor Raimundo,2024-10-28 00:00:00,Festa De Arromba,"Erasmo Carlos,Roberto Carlos",Anonimo,Sony Music Publishing Brazil Edicoes Musicais Ltda,Fundo Musical,,,,,,,,,,,,True,artist_alias,Relatório UBEM - Canal Brasil
Escolinha Professor Raimundo,2024-10-29 00:00:00,Festa De Arromba,"Erasmo Carlos,Roberto Carlos",Anonimo,Sony Music Publishing Brazil Edicoes Musicais Ltda,Fundo Musical,,,,,,,,,,,,True,artist_alias,Relatório UBEM - Canal Brasil
Escolinha Professor Raimundo,2024-10-29 00:00:00,Realce,Gilberto Gil,Anonimo,Sony Music Publishing Brazil Edicoes Musicais Ltda,Fundo Musical,,,,,,,,,,,,True,artist_alias,Relatório UBEM - Canal Brasil
Escolinha Professor Raimundo,2024-10-30 00:00:00,Realce,Gilberto Gil,Anonimo,Sony Music Publishing Brazil Edicoes Musicais Ltda,Fundo Musical,,,,,,,,,,,,True,artist_alias,Relatório UBEM - Canal Brasil
Escolinha Professor Raimundo,2024-10-03 00:00:00,Tiroliro,"Dp,Joao Portaro",Anonimo,"Domínio Público,Editora E Importadora Musical Fermata Do Brasil Ltda",Fundo Musical,,,,,,,,,,,,True,artist_alias,Relatório UBEM - Canal Brasil
Escolinha Professor Raimundo,2024-10-04 00:00:00,O Xote Das Meninas,"Luiz Gonzaga,Ze Dantas",Anonimo,Irmaos Vitale Editores Ltda,Fundo Musical,,,,,,,,,,,,True,artist_alias,Relatório UBEM - Canal Brasil
Escolinha Professor Raimundo,2024-10-09 00:00:00,Arrebita,Roberto Leal,Anonimo,Editora E Importadora Musical Fermata Do Brasil Ltda,Performance,,,,,,,,,,,,True,artist_alias,Relatório UBEM - Canal Brasil
Escolinha Professor Raimundo,2024-10-10 00:00:00,Nega Do Cabelo Duro,"David Nasser,Rubens Soares",Anonimo,Mangione Filhos E Cia Ltda Epp,Performance,,,,,,,,,,,,True,artist_alias,Relatório UBEM - Canal Brasil
Escolinha Professor Raimundo,2024-10-14 00:00:00,Modinha Para Gabriela,Dorival Caymmi,Anonimo,Sony Music Publishing Brazil Edicoes Musicais Ltda,Fundo Musical,,,,,,,,,,,,True,artist_alias,Relatório UBEM - Canal Brasil
Escolinha Professor Raimundo,2024-10-14 00:00:00,Bate O Pe,"Katia Maria,Roberto Leal",Anonimo,Editora E Importadora Musical Fermata Do Brasil Ltda,Fundo Musical,,,,,,,,,,,,True,artist_alias,Relatório UBEM - Canal Brasil
Escolinha Professor Raimundo,2024-10-17 00:00:00,Beijinho Doce,Nho Pai,Anonimo,Associacao Defensora De Direitos Autorais (Addaf),Fundo Musical,,,,,,,,,,,,True,artist_alias,Relatório UBEM - Canal Brasil
Escolinha Professor Raimundo,2024-10-17 00:00:00,O Leaozinho,Caetano Veloso,Anonimo,Warner Chappell Edicoes Musicais Ltda,Fundo Musical,,,,,,,,,,,,True,artist_alias,Relatório UBEM - Canal Brasil
Escolinha Professor Raimundo,2024-10-17 00:00:00,A Media Luz,"Carlos Cesar Lenzi,Edgardo Donato",Anonimo,Associacao Defensora De Direitos Autorais (Addaf),Performance,,,,,,,,,,,,True,artist_alias,Relatório UBEM - Canal Brasil
Escolinha Professor Raimundo,2024-10-18 00:00:00,A Media Luz,"Carlos Cesar Lenzi,Edgardo Donato",Anonimo,Associacao Defensora De Direitos Autorais (Addaf),Performance,,,,,,,,,,,,True,artist_alias,Relatório UBEM - Canal Brasil
Toma La Da Ca,2024-10-29 00:00:00,Devaneio,Jorge Vercillo,Jorge Vercillo,Warner Chappell Edicoes Musicais Ltda,Fundo Musical,,,,,,,,,,,,True,artist_alias,Relatório UBEM - Canal Brasil
Toma La Da Ca,2024-10-30 00:00:00,Devaneio,Jorge Vercillo,Jorge Vercillo,Warner Chappell Edicoes Musicais Ltda,Fundo Musical,,,,,,,,,,,,True,artist_alias,Relatório UBEM - Canal Brasil
Os Casais Que Amamos,2024-10-08 00:00:00,Nossa Luz,Eduardo Dusek,Fagner,Irmaos Vitale Editores Ltda,Fundo Musical,,,,,,,,,,,,True,artist_alias,Relatório UBEM - Canal Brasil
ESTRELA DA CASA,2024-09-04 00:00:00,SORTE GRANDE,LOURENCO,IVETE SANGALO,L O S,MUSICA COMERCIAL,,,,,,,,,,,,True,artist_alias,Relatório UBEM - Canal Brasil
ENCONTRO,2024-09-06 00:00:00,BERIMBAU,"BADEN POWELL,VINICIUS DE MORAES",VINICIUS DE MORAES,"UNIVERSAL MGB,UNIVERSAL MGB",MUSICA COMERCIAL,,,,,,,,,,,,True,artist_alias,Relatório UBEM - Canal Brasil
ESTRELA DA CASA,2024-09-06 00:00:00,IDIOTA,"JAO,PEDRO TOFANI,ZEBU",JAO,"UNIVERSAL MGB,UNIVERSAL MGB,WARNER CHAPPELL",MUSICA COMERCIAL,,,,,,,,,,,,True,artist_alias,Relatório UBEM - Canal Brasil
ESTRELA DA CASA,2024-09-06 00:00:00,IDIOTA,"JAO,PEDRO TOFANI,ZEBU",JAO,"UNIVERSAL MGB,UNIVERSAL MGB,WARNER CHAPPELL",MUSICA COMERCIAL,,,,,,,,,,,,True,artist_alias,Relatório UBEM - Canal Brasil
ESTRELA DA CASA,2024-09-07 00:00:00,ESSA EU FIZ PRO NOSSO AMOR,"DANILO VALBUSA,DJ DASH,JAO,MARCELINHO FERRAZ,PEDRO TOFANI",JÃO,"UNIVERSAL MGB,UNIVERSAL MGB,UNIVERSAL MGB,UNIVERSAL MGB,UNIVERSAL MGB",MUSICA COMERCIAL,,,,,,,,,,,,True,artist_alias,Relatório UBEM - Canal Brasil
ESTRELA DA CASA,2024-09-07 00:00:00,PILANTRA,"ANITTA,JAO,PEDRO TOFANI,ZEBU",JÃO,"SONY MUSIC PUBLISHING,UNIVERSAL MGB,UNIVERSAL MGB,WARNER CHAPPELL",MUSICA COMERCIAL,,,,,,,,,,,,True,artist_alias,Relatório UBEM - Canal Brasil
ESTRELA DA CASA,2024-09-07 00:00:00,A BOBA FUI EU,"JEFFERSON JUNIOR,LUDMILLA,UMBERTO TAVARES",JÃO,"ORB MUSIC,WARNER CHAPPELL,ORB MUSIC",MUSICA COMERCIAL,,,,,,,,,,,,True,artist_alias,Relatório UBEM - Canal Brasil
ESTRELA DA CASA,2024-09-07 00:00:00,ME LAMBE,"JAO,PEDRO TOFANI,TROPKILLAZ,ZEBU",JÃO,"UNIVERSAL MGB,UNIVERSAL MGB,BMG,A DESCOBRIR",MUSICA COMERCIAL,,,,,,,,,,,,True,artist_alias,Relatório UBEM - Canal Brasil
CALDEIRAO COM MION,2024-09-07 00:00:00,CATEDRAL,"CHRISTIAAN OYENS,TANITA TIKARAM,ZELIA DUNCAN",LUIZA POSSI,"WARNER CHAPPELL,WARNER CHAPPELL,WARNER CHAPPELL",MUSICA COMERCIAL,,,,,,,,,,,,True,artist_alias,Relatório UBEM - Canal Brasil
VAI QUE COLA,2024-09-09 00:00:00,CEU DA BOCA,RONALDO MARCEL,IVETE SANGALO,WARNER CHAPPELL,MUSICA COMERCIAL,,,,,,,,,,,,True,artist_alias,Relatório UBEM - Canal Brasil
VAI QUE COLA,2024-09-10 00:00:00,SINHA MOCA,"BOZZO BARRETTI,GUARABYRA,MARCELO BARBOSA,VICTOR MARTINS",LEONARDO,"DUETO,VITALE,WARNER CHAPPELL,MIRAMAR",MUSICA COMERCIAL,,,,,,,,,,,,True,artist_alias,Relatório UBEM - Canal Brasil
VAI QUE COLA,2024-09-10 00:00:00,QUEM DE NOS DOIS,"A DESCOBRIR,ANA,DUDU,GIANLUCA GRIGNANI,GIANLUCA GRIGNANI,MASSIMO LUCA",ANA CAROLINA,"A DESCOBRIR,WARNER CHAPPELL,WARNER CHAPPELL,UNIVERSAL MGB,WARNER CHAPPELL,WARNER CHAPPELL",MUSICA COMERCIAL,,,,,,,,,,,,True,artist_alias,Relatório UBEM - Canal Brasil
VAI QUE COLA,2024-09-12 00:00:00,EVA,"GIANCARLO BIGAZZI,M FICARELLI,UMBERTO TOZZI,UMBERTO TOZZI",IVETE SANGALO,"PEERMUSIC,PEERMUSIC,ADDAF,PEERMUSIC",MUSICA COMERCIAL,,,,,,,,,,,,True,artist_alias,Relatório UBEM - Canal Brasil
ESTRELA DA CASA,2024-09-13 00:00:00,BATUCADA,"GIGI CERQUEIRA,IVETE SANGALO,SAMIR TRINDADE",IVETE SANGALO,"WARNER CHAPPELL,WARNER CHAPPELL,WARNER CHAPPELL",MUSICA COMERCIAL,,,,,,,,,,,,True,artist_alias,Relatório UBEM - Canal Brasil
ESTRELA DA CASA,2024-09-13 00:00:00,BATUCADA,"GIGI CERQUEIRA,IVETE SANGALO,SAMIR TRINDADE",IVETE SANGALO,"WARNER CHAPPELL,WARNER CHAPPELL,WARNER CHAPPELL",MUSICA COMERCIAL,,,,,,,,,,,,True,artist_alias,Relatório UBEM - Canal Brasil
VAI QUE COLA,2024-09-13 00:00:00,DEBAIXO DOS CARACOIS DOS SEUS CABELOS,"ERASMO CARLOS,ROBERTO CARLOS",IVETE SANGALO,"SONY MUSIC PUBLISHING,SONY MUSIC PUBLISHING",MUSICA COMERCIAL,,,,,,,,,,,,True,artist_alias,Relatório UBEM - Canal Brasil
ESTRELA DA CASA,2024-09-14 00:00:00,BATUCADA,"GIGI CERQUEIRA,IVETE SANGALO,SAMIR TRINDADE",IVETE SANGALO,"WARNER CHAPPELL,WARNER CHAPPELL,WARNER CHAPPELL",MUSICA COMERCIAL,,,,,,,,,,,,True,artist_alias,Relatório UBEM - Canal Brasil
ESTRELA DA CASA,2024-09-14 00:00:00,CRIA DA IVETE,"IVETE SANGALO,LUCIANO CHAVES,SAMIR TRINDADE",IVETE SANGALO,"WARNER CHAPPELL,WARNER CHAPPELL,WARNER CHAPPELL",MUSICA COMERCIAL,,,,,,,,,,,,True,artist_alias,Relatório UBEM - Canal Brasil
ESTRELA DA CASA,2024-09-14 00:00:00,ACELERA AE,"DAN KAMBAIAH,FABINHO O BRIAN,GIGI,MAGNO SANT ANNA",IVETE SANGALO,"WARNER CHAPPELL,WARNER CHAPPELL,WARNER CHAPPELL,A DESCOBRIR",MUSICA COMERCIAL,,,,,,,,,,,,True,artist_alias,Relatório UBEM - Canal Brasil
ESTRELA DA CASA,2024-09-14 00:00:00,QUANDO A CHUVA PASSAR,RAMON CRUZ,IVETE SANGALO,WARNER CHAPPELL,MUSICA COMERCIAL,,,,,,,,,,,,True,artist_alias,Relatório UBEM - Canal Brasil
E DE CASA,2024-09-14 00:00:00,SORTE GRANDE,LOURENCO,IVETE SANGALO,L O S,MUSICA COMERCIAL,,,,,,,,,,,,True,artist_alias,Relatório UBEM - Canal Brasil
ALTAS HORAS,2024-09-14 00:00:00,COBERTOR,"DAN,DASH,DH,PROJOTA",PROJOTA,"UNIVERSAL MGB,UNIVERSAL MGB,A DESCOBRIR,UNIVERSAL MGB",MUSICA COMERCIAL,,,,,,,,,,,,True,artist_alias,Relatório UBEM - Canal Brasil
ALTAS HORAS,2024-09-14 00:00:00,SO OS LOUCOS SABEM,"CHORAO,THIAGO CASTANHO",PROJOTA,"SONY MUSIC PUBLISHING,SONY MUSIC PUBLISHING",MUSICA COMERCIAL,,,,,,,,,,,,True,artist_alias,Relatório UBEM - Canal Brasil
VAI QUE COLA,2024-09-15 00:00:00,DEBAIXO DOS CARACOIS DOS SEUS CABELOS,"ERASMO CARLOS,ROBERTO CARLOS",IVETE SANGALO,"SONY MUSIC PUBLISHING,SONY MUSIC PUBLISHING",MUSICA COMERCIAL,,,,,,,,,,,,True,artist_alias,Relatório UBEM - Canal Brasil
MAIS VOCE,2024-09-19 00:00:00,IDIOTA,"JAO,PEDRO TOFANI,ZEBU",JÃO,"UNIVERSAL MGB,UNIVERSAL MGB,WARNER CHAPPELL",MUSICA COMERCIAL,,,,,,,,,,,,True,artist_alias,Relatório UBEM - Canal Brasil
MAIS VOCE,2024-09-19 00:00:00,IDIOTA,"JAO,PEDRO TOFANI,ZEBU",JAO,"UNIVERSAL MGB,UNIVERSAL MGB,WARNER CHAPPELL",MUSICA COMERCIAL,,,,,,,,,,,,True,artist_alias,Relatório UBEM - Canal Brasil
FANTASTICO,2024-09-22 00:00:00,EVA,"GIANCARLO BIGAZZI,UMBERTO TOZZI",IVETE SANGALO,"PEERMUSIC,PEERMUSIC",MUSICA COMERCIAL,,,,,,,,,,,,True,artist_alias,Relatório UBEM - Canal Brasil
FANTASTICO,2024-09-22 00:00:00,TEMPO DE ALEGRIA,"FILIPE ESCANDURRAS,GIGI,MAGNO SANT ANNA",IVETE SANGALO,"ABRAMUS,A DESCOBRIR,WARNER CHAPPELL",MUSICA COMERCIAL,,,,,,,,,,,,True,artist_alias,Relatório UBEM - Canal Brasil
FANTASTICO,2024-09-22 00:00:00,QUANDO A CHUVA PASSAR,RAMON CRUZ,IVETE SANGALO,WARNER CHAPPELL,MUSICA COMERCIAL,,,,,,,,,,,,True,artist_alias,Relatório UBEM - Canal Brasil
FANTASTICO,2024-09-22 00:00:00,EVA,"GIANCARLO BIGAZZI,UMBERTO TOZZI",IVETE SANGALO,"PEERMUSIC,PEERMUSIC",MUSICA COMERCIAL,,,,,,,,,,,,True,artist_alias,Relatório UBEM - Canal Brasil
FANTASTICO,2024-09-22 00:00:00,TEMPO DE ALEGRIA,"FILIPE ESCANDURRAS,GIGI,MAGNO SANT ANNA",IVETE SANGALO,"ABRAMUS,A DESCOBRIR,WARNER CHAPPELL",MUSICA COMERCIAL,,,,,,,,,,,,True,artist_alias,Relatório UBEM - Canal Brasil
DOMINGAO COM HUCK,2024-09-22 00:00:00,MULEQUE DE VILA,"DAN,DJ DASH,PROJOTA",PROJOTA,"UNIVERSAL MGB,UNIVERSAL MGB,UNIVERSAL MGB",MUSICA COMERCIAL,,,,,,,,,,,,True,artist_alias,Relatório UBEM - Canal Brasil
DOMINGAO COM HUCK,2024-09-22 00:00:00,MULEQUE DE VILA,"DAN,DJ DASH,PROJOTA",PROJOTA,"UNIVERSAL MGB,UNIVERSAL MGB,UNIVERSAL MGB",MUSICA COMERCIAL,,,,,,,,,,,,True,artist_alias,Relatório UBEM - Canal Brasil
DOMINGAO COM HUCK,2024-09-22 00:00:00,ABALOU,GIGI,IVETE SANGALO,WARNER CHAPPELL,MUSICA COMERCIAL,,,,,,,,,,,,True,artist_alias,Relatório UBEM - Canal Brasil
DOMINGAO COM HUCK,2024-09-22 00:00:00,SORTE GRANDE,LOURENCO,IVETE SANGALO,L O S,MUSICA COMERCIAL,,,,,,,,,,,,True,artist_alias,Relatório UBEM - Canal Brasil
VAI QUE COLA,2024-09-23 00:00:00,SORTE GRANDE,LOURENCO,IVETE SANGALO,L O S,MUSICA COMERCIAL,,,,,,,,,,,,True,artist_alias,Relatório UBEM - Canal Brasil
MAIS VOCE,2024-09-23 00:00:00,EVA,"GIANCARLO BIGAZZI,M FICARELLI,UMBERTO TOZZI,UMBERTO TOZZI",IVETE SANGALO,"PEERMUSIC,PEERMUSIC,ADDAF,PEERMUSIC",MUSICA COMERCIAL,,,,,,,,,,,,True,artist_alias,Relatório UBEM - Canal Brasil
VAI QUE COLA,2024-09-24 00:00:00,DEBAIXO DOS CARACOIS DOS SEUS CABELOS,"ERASMO CARLOS,ROBERTO CARLOS",IVETE SANGALO,"SONY MUSIC PUBLISHING,SONY MUSIC PUBLISHING",MUSICA COMERCIAL,,,,,,,,,,,,True,artist_alias,Relatório UBEM - Canal Brasil
VAI QUE COLA,2024-09-24 00:00:00,TO NA RUA,"GAL SALES,XEXEU II",IVETE SANGALO,"WARNER CHAPPELL,WARNER CHAPPELL",MUSICA COMERCIAL,,,,,,,,,,,,True,artist_alias,Relatório UBEM - Canal Brasil
CALDEIRAO COM MION,2024-09-28 00:00:00,BICHO DE SETE CABECAS  INSTRUMENTAL,"GERALDO AZEVEDO,ZE RAMALHO",ZE RAMALHO,"DUBAS,SONY MUSIC PUBLISHING",MUSICA COMERCIAL,,,,,,,,,,,,True,artist_alias,Relatório UBEM - Canal Brasil
CALDEIRAO COM MION,2024-09-28 00:00:00,BICHO DE SETE CABECAS  INSTRUMENTAL,"GERALDO AZEVEDO,ZE RAMALHO",ZE RAMALHO,"DUBAS,SONY MUSIC PUBLISHING",MUSICA COMERCIAL,,,,,,,,,,,,True,artist_alias,Relatório UBEM - Canal Brasil
CALDEIRAO COM MION,2024-09-28 00:00:00,ADMIRAVEL GADO NOVO,ZE RAMALHO,ZE RAMALHO,SONY MUSIC PUBLISHING,MUSICA COMERCIAL,,,,,,,,,,,,True,artist_alias,Relatório UBEM - Canal Brasil
CALDEIRAO COM MION,2024-09-28 00:00:00,FREVO MULHER,ZE RAMALHO,ZE RAMALHO,WARNER CHAPPELL,MUSICA COMERCIAL,,,,,,,,,,,,True,artist_alias,Relatório UBEM - Canal Brasil
CALDEIRAO COM MION,2024-09-28 00:00:00,ADMIRAVEL GADO NOVO,ZE RAMALHO,ZE RAMALHO,SONY MUSIC PUBLISHING,MUSICA COMERCIAL,,,,,,,,,,,,True,artist_alias,Relatório UBEM - Canal Brasil
CALDEIRAO COM MION,2024-09-28 00:00:00,I WANT TO HOLD YOUR HAND,"JOHN LENNON,PAUL MCCARTNEY",ZE RAMALHO,"SONY MUSIC PUBLISHING,SONY MUSIC PUBLISHING",MUSICA COMERCIAL,,,,,,,,,,,,True,artist_alias,Relatório UBEM - Canal Brasil
CALDEIRAO COM MION,2024-09-28 00:00:00,VOU DANADO PRA CATENDE,"ALCEU VALENCA,ASCENSSO FERREIRA",ZE RAMALHO,"SONY MUSIC PUBLISHING,SONY MUSIC PUBLISHING",MUSICA COMERCIAL,,,,,,,,,,,,True,artist_alias,Relatório UBEM - Canal Brasil
CALDEIRAO COM MION,2024-09-28 00:00:00,AVOHAI,ZE RAMALHO,ZE RAMALHO,UNIVERSAL MGB,MUSICA COMERCIAL,,,,,,,,,,,,True,artist_alias,Relatório UBEM - Canal Brasil
CALDEIRAO COM MION,2024-09-28 00:00:00,CHAO DE GIZ,ZE RAMALHO,ZE RAMALHO,SONY MUSIC PUBLISHING,MUSICA COMERCIAL,,,,,,,,,,,,True,artist_alias,Relatório UBEM - Canal Brasil
CALDEIRAO COM MION,2024-09-28 00:00:00,SINONIMOS,"CESAR AUGUSTO,CLAUDIO NOAM,PAULO SERGIO",ZE RAMALHO,"WARNER CHAPPELL,SONY MUSIC PUBLISHING,WARNER CHAPPELL",MUSICA COMERCIAL,,,,,,,,,,,,True,artist_alias,Relatório UBEM - Canal Brasil
CALDEIRAO COM MION,2024-09-28 00:00:00,ENTRE A SERPENTE E A ESTRELA,"ALDIR BLANC,P FRASER,TERRY STAFFORD",ZE RAMALHO,"WARNER CHAPPELL,WARNER CHAPPELL,WARNER CHAPPELL",MUSICA COMERCIAL,,,,,,,,,,,,True,artist_alias,Relatório UBEM - Canal Brasil
CALDEIRAO COM MION,2024-09-28 00:00:00,FREVO MULHER,ZE RAMALHO,ZE RAMALHO,WARNER CHAPPELL,MUSICA COMERCIAL,,,,,,,,,,,,True,artist_alias,Relatório UBEM - Canal Brasil
CALDEIRAO COM MION,2024-09-28 00:00:00,FREVO MULHER,ZE RAMALHO,ZE RAMALHO,WARNER CHAPPELL,MUSICA COMERCIAL,,,,,,,,,,,,True,artist_alias,Relatório UBEM - Canal Brasil
ROCK IN RIO 2024,2024-09-29 00:00:00,EVA,"GIANCARLO BIGAZZI,UMBERTO TOZZI",IVETE SANGALO,"PEERMUSIC,PEERMUSIC",MUSICA COMERCIAL,,,,,,,,,,,,True,artist_alias,Relatório UBEM - Canal Brasil
VAI QUE COLA,2024-08-01 00:00:00,DANCANDO,"FILIPE ESCANDURRAS,MARCIO VICTOR,TIERRY",IVETE SANGALO,"ABRAMUS,WARNER CHAPPELL,WARNER CHAPPELL",MUSICA COMERCIAL,,,,,,,,,,,,True,artist_alias,Relatório UBEM - Canal Brasil
DOMINGAO COM HUCK,2024-08-04 00:00:00,CARRO VELHO,"IVETE SANGALO,NINHA",IVETE SANGALO,"WARNER CHAPPELL,UNIVERSAL MGB",MUSICA COMERCIAL,,,,,,,,,,,,True,artist_alias,Relatório UBEM - Canal Brasil
VAI QUE COLA,2024-08-05 00:00:00,CADE DALILA,"ALAIM TAVARES,CARLINHOS BROWN",IVETE SANGALO,"SONY MUSIC PUBLISHING,WARNER CHAPPELL",MUSICA COMERCIAL,,,,,,,,,,,,True,artist_alias,Relatório UBEM - Canal Brasil
CONVERSA COM BIAL,2024-08-06 00:00:00,O MUNDO VAI,"IVETE SANGALO,NEILTON CERQUEIRA SANTOS,RADAMES VENANCIO,RAMON CRUZ,SAMIR TRINDADE,TIERRY",IVETE SANGALO,"WARNER CHAPPELL,WARNER CHAPPELL,WARNER CHAPPELL,A DESCOBRIR,WARNER CHAPPELL,UNIVERSAL MGB",MUSICA COMERCIAL,,,,,,,,,,,,True,artist_alias,Relatório UBEM - Canal Brasil
VAI QUE COLA,2024-08-06 00:00:00,DANCANDO,"FILIPE ESCANDURRAS,MARCIO VICTOR,TIERRY",IVETE SANGALO,"ABRAMUS,WARNER CHAPPELL,WARNER CHAPPELL",MUSICA COMERCIAL,,,,,,,,,,,,True,artist_alias,Relatório UBEM - Canal Brasil
VAI QUE COLA,2024-08-09 00:00:00,DANCANDO,"FILIPE ESCANDURRAS,MARCIO VICTOR,TIERRY",IVETE SANGALO,"ABRAMUS,WARNER CHAPPELL,WARNER CHAPPELL",MUSICA COMERCIAL,,,,,,,,,,,,True,artist_alias,Relatório UBEM - Canal Brasil
VAI QUE COLA,2024-08-15 00:00:00,DEBAIXO DOS CARACOIS DOS SEUS CABELOS,"ERASMO CARLOS,ROBERTO CARLOS",IVETE SANGALO,"SONY MUSIC PUBLISHING,SONY MUSIC PUBLISHING",MUSICA COMERCIAL,,,,,,,,,,,,True,artist_alias,Relatório UBEM - Canal Brasil
ENCONTRO,2024-08-16 00:00:00,ESCORPIAO,"JAO,PEDRO TOFANI,ZEBU",JAO,"UNIVERSAL MGB,UNIVERSAL MGB,WARNER CHAPPELL",MUSICA COMERCIAL,,,,,,,,,,,,True,artist_alias,Relatório UBEM - Canal Brasil
NA PRAIA FESTIVAL,2024-08-18 00:00:00,AMOR NA PRAIA,"CAIO LIMAS,CLEBER SHOW,LUCAS SOUZA LIMA,NORMAN BRAGA ROCHA,ROHAN BRAZ DE MELO LAUDELINO",NATTAN,"MILIONARIOS HITS,AVIOES DO FORRO,MILIONARIOS HITS,SONY MUSIC PUBLISHING,MILIONARIOS HITS",MUSICA COMERCIAL,,,,,,,,,,,,True,artist_alias,Relatório UBEM - Canal Brasil
NA PRAIA FESTIVAL,2024-08-18 00:00:00,PELADO,"DAVI MELO SANTIAGO,DMIELL DOS SANTOS MILHOMEM,JOAO RAFAEL CORREIA COSTA,LEONARDO CARVALHO DO NASCIMENTO",NATTAN,"WARNER CHAPPELL,WARNER CHAPPELL,WARNER CHAPPELL,WARNER CHAPPELL",MUSICA COMERCIAL,,,,,,,,,,,,True,artist_alias,Relatório UBEM - Canal Brasil
NA PRAIA FESTIVAL,2024-08-18 00:00:00,AMERICANA NA VAQUEJADA,"ANTONIO MENDES ALVES,BRUNO HENRIQUE SANTOS DA SILVA,ERLANDERSON MATOS PEREIRA SILVA",NATTAN,"BMG,BMG,BMG",MUSICA COMERCIAL,,,,,,,,,,,,True,artist_alias,Relatório UBEM - Canal Brasil
NA PRAIA FESTIVAL,2024-08-18 00:00:00,LOVE GOSTOSINHO,"CAIO SANFONEIRO,FELIPE AMORIM,KALEB JUNIOR",NATTAN,"A DESCOBRIR,A DESCOBRIR,A DESCOBRIR",MUSICA COMERCIAL,,,,,,,,,,,,True,artist_alias,Relatório UBEM - Canal Brasil
DOMINGAO COM HUCK,2024-08-25 00:00:00,ACORDA PEDRINHO,"BER HEY,BERNARDO CRISOSTOMO PASQUALI,GABRIEL DUNAJSKI MENDES,GUSTAVO PIMENTEL KARAM,RAFAEL DUNAJSKI MENDES",JOVEM DIONISIO,"WARNER CHAPPELL,WARNER CHAPPELL,WARNER CHAPPELL,WARNER CHAPPELL,WARNER CHAPPELL",MUSICA COMERCIAL,,,,,,,,,,,,True,artist_alias,Relatório UBEM - Canal Brasil
DOMINGAO COM HUCK,2024-08-25 00:00:00,ACORDA PEDRINHO,"BER HEY,BERNARDO CRISOSTOMO PASQUALI,GABRIEL DUNAJSKI MENDES,GUSTAVO PIMENTEL KARAM,RAFAEL DUNAJSKI MENDES",JOVEM DIONISIO,"WARNER CHAPPELL,WARNER CHAPPELL,WARNER CHAPPELL,WARNER CHAPPELL,WARNER CHAPPELL",MUSICA COMERCIAL,,,,,,,,,,,,True,artist_alias,Relatório UBEM - Canal Brasil
ESTRELA DA CASA,2024-08-29 00:00:00,SORTE GRANDE,LOURENCO,IVETE SANGALO,L O S,MUSICA COMERCIAL,,,,,,,,,,,,True,artist_alias,Relatório UBEM - Canal Brasil
ESTRELA DA CASA,2024-08-30 00:00:00,VAMOS PRA GAIOLA,DJ KEVIN,KEVIN O CHRIS,ORB MUSIC,MUSICA COMERCIAL,,,,,,,,,,,,True,artist_alias,Relatório UBEM - Canal Brasil
ESTRELA DA CASA,2024-08-30 00:00:00,VAMOS PRA GAIOLA,DJ KEVIN,KEVIN O CHRIS,ORB MUSIC,MUSICA COMERCIAL,,,,,,,,,,,,True,artist_alias,Relatório UBEM - Canal Brasil
ESTRELA DA CASA,2024-08-31 00:00:00,TU TA NA GAIOLA,"DJ KEVIN,DJ KEVIN,DJ VITINHO VIBE",KEVIN O CHRIS,"ABRAMUS,ORB MUSIC,ORB MUSIC",MUSICA COMERCIAL,,,,,,,,,,,,True,artist_alias,Relatório UBEM - Canal Brasil
ESTRELA DA CASA,2024-08-31 00:00:00,GLAMOUROSA RAP DA GLAMUROSA,"MC MARCINHO,MC MARCINHO",KEVIN O CHRIS,"NOWA,SONY MUSIC PUBLISHING",MUSICA COMERCIAL,,,,,,,,,,,,True,artist_alias,Relatório UBEM - Canal Brasil
PRA SEMPRE PAQUITAS,16/09/2024,AVENTURA BELLA,MU CARVALHO,MU CARVALHO,SIGEM,TRILHA MUSICAL,,,,,,,,,,,,True,artist_alias,Relatório UBEM - Canal Brasil
PRA SEMPRE PAQUITAS,16/09/2024,AVENTURA BELLA,MU CARVALHO,MU CARVALHO,SIGEM,TRILHA MUSICAL,,,,,,,,,,,,True,artist_alias,Relatório UBEM - Canal Brasil
PRA SEMPRE PAQUITAS,16/09/2024,COMENDADOR,MU CARVALHO,MU CARVALHO,SIGEM,TRILHA MUSICAL,,,,,,,,,,,,True,artist_alias,Relatório UBEM - Canal Brasil
PRA SEMPRE PAQUITAS,16/09/2024,EMOTIVA 8 GTR MOO,MU CARVALHO,MU CARVALHO,SIGEM,TRILHA MUSICAL,,,,,,,,,,,,True,artist_alias,Relatório UBEM - Canal Brasil
RENSGA HITS,10/10/2024,BLOQUEIA SEU EX,"GABRIEL BK,MARCOS BRENO,VICTOR CASAGRANDE",NATTAN,"SONY MUSIC PUBLISHING,WARNER CHAPPELL,WARNER CHAPPELL",MUSICA COMERCIAL,,,,,,,,,,,,True,artist_alias,Relatório UBEM - Canal Brasil
