title_supplier,artist,title_norm,author_norm,title_ref,author,source,author_norm_supplier,author_norm_ref
Segredo,João Nogueira,segredo,,SEGREDO,T-039.611.383-9,,joao nogueira,t-039.611.383-9
Anima,Milton Nascimento,anima,,ANIMA,T-039.497.775-3,,milton nascimento,t-039.497.775-3
Travessia,Milton Nascimento,travessia,,TRAVESSIA,T-313.642.509-3,,milton nascimento,t-313.642.509-3
Identidade,Leci Brandão,identidade,,IDENTIDADE,T-039.497.763-9,,leci brandao,t-039.497.763-9
Tem Nada Não,Joyce Cândido,tem nada nao,,TEM NADA NAO,T-040.303.145-7,,joyce candido,t-040.303.145-7
Summertime,Rosinha De Valença,summertime,,SUMMERTIME,T-317.793.940-7,,rosinha de valenca,t-317.793.940-7
Summertime,Kat Edmonson,summertime,,SUMMERTIME,T-317.793.940-7,,kat edmonson,t-317.793.940-7
Segredo,João Nogueira,segredo,,SEGREDO,T-039.611.383-9,,joao nogueira,t-039.611.383-9
Pelas Ruas Da Cidade,Paulo César Pinheiro,pelas ruas da cidade,,PELAS RUAS DA CIDADE,T-325.057.705-6,,paulo cesar pinheiro,t-325.057.705-6
Onde Está Você,Tuyo,onde esta voce,,ONDE ESTA VOCE,T-040.271.868-6,,tuyo,t-040.271.868-6
Perigo,Tássia Reis,perigo,,PERIGO,T-301.572.557-8,,tassia reis,t-301.572.557-8
Perigo,Tássia Reis,perigo,,PERIGO,T-302.809.006-0,,tassia reis,t-302.809.006-0
Banana,Joyce Moreno,banana,,BANANA,T-303.113.484-2,,joyce moreno,t-303.113.484-2
Tudo,Joyce Moreno,tudo,,TUDO,T-301.718.723-0,,joyce moreno,t-301.718.723-0
Deja Vu,Day,deja vu,,DÉJÀ VU,T-308.187.765-4,,day,t-308.187.765-4
Máscara,Day,mascara,,MÁSCARA,,,day,
Teto De Vidro,Day,teto de vidro,,TETO DE VIDRO,T-321.537.364-7,,day,t-321.537.364-7
Travessia,Milton Nascimento,travessia,,TRAVESSIA,T-313.642.509-3,,milton nascimento,t-313.642.509-3
Alvorada,Cartola,alvorada,,ALVORADA,T-040.011.846-8,,cartola,t-040.011.846-8
Alvorada,Cartola,alvorada,,ALVORADA,,,cartola,
Gigante,Ivete Sangalo,gigante,,GIGANTE,GUSTAVO ZUCHOWSKI STROTTMANN,,ivete sangalo,gustavo zuchowski strottmann
Macetando,Ivete Sangalo,macetando,,MACETANDO,T-318.000.000-0,,ivete sangalo,t-318.000.000-0
Beijinho No Ombro,Valesca Popozuda,beijinho no ombro,,BEIJINHO NO OMBRO,T-311.569.064-3,,valesca popozuda,t-311.569.064-3
Treme Treme,"As Gêmeas Lacração,Mc Loma",treme treme,,TREME TREME,,,"as gemeas lacracao,mc loma",
Esquema,Mia Wicthoff,esquema,,ESQUEMA,T-319.876.005-9,,mia wicthoff,t-319.876.005-9
Esquema,Mia Wicthoff,esquema,,ESQUEMA,T-318.043.291-7,,mia wicthoff,t-318.043.291-7
Fuleragem,Mc Wm,fuleragem,,FULERAGEM,T-305.214.250-0,,mc wm,t-305.214.250-0
Perigo,Tássia Reis,perigo,,PERIGO,T-301.572.557-8,,tassia reis,t-301.572.557-8
Perigo,Tássia Reis,perigo,,PERIGO,T-302.809.006-0,,tassia reis,t-302.809.006-0
Banana,Joyce Moreno,banana,,BANANA,T-303.113.484-2,,joyce moreno,t-303.113.484-2
Tudo,Joyce Moreno,tudo,,TUDO,T-301.718.723-0,,joyce moreno,t-301.718.723-0
Deixa Eu Sonhar,Joelma,deixa eu sonhar,,DEIXA EU SONHAR,T-040.000.420-7,,joelma,t-040.000.420-7
Lágrimas De Sangue,Yasmin Mendes,lagrimas de sangue,,LÁGRIMAS DE SANGUE,,,yasmin mendes,
Macetando,Ivete Sangalo,macetando,,MACETANDO,T-318.000.000-0,,ivete sangalo,t-318.000.000-0
Crucificados Pelo Sistema,Ratos Do Porão,crucificados pelo sistema,,CRUCIFICADOS PELO SISTEMA,,,ratos do porao,
Sentir Ódio E Nada Mais,Ratos De Porão,sentir odio e nada mais,,SENTIR ODIO E NADA MAIS,T-039.593.539-3,,ratos de porao,t-039.593.539-3
Deja Vu,Day,deja vu,,DÉJÀ VU,T-308.187.765-4,,day,t-308.187.765-4
Máscara,Day,mascara,,MÁSCARA,,,day,
Teto De Vidro,Day,teto de vidro,,TETO DE VIDRO,T-321.537.364-7,,day,t-321.537.364-7
Travessia,Milton Nascimento,travessia,,TRAVESSIA,T-313.642.509-3,,milton nascimento,t-313.642.509-3
Alvorada,Cartola,alvorada,,ALVORADA,T-040.011.846-8,,cartola,t-040.011.846-8
Alvorada,Cartola,alvorada,,ALVORADA,,,cartola,
Felicidade,Seu Jorge,felicidade,,FELICIDADE,,,seu jorge,
Final Feliz,Plateia: Márcia Rosa,final feliz,,FINAL FELIZ,T-315.996.147-0,,plateia: marcia rosa,t-315.996.147-0
Beijinho No Ombro,Valesca Popozuda,beijinho no ombro,,BEIJINHO NO OMBRO,T-311.569.064-3,,valesca popozuda,t-311.569.064-3
Combate,"Aldair Playboy,Mc Wm",combate,,COMBATE,T-306.803.836-4,,"aldair playboy,mc wm",t-306.803.836-4
Treme Treme,"As Gêmeas Lacração,Mc Loma",treme treme,,TREME TREME,,,"as gemeas lacracao,mc loma",
Fuleragem,Mc Wm,fuleragem,,FULERAGEM,T-305.214.250-0,,mc wm,t-305.214.250-0
Lugar Nenhum,Titãs,lugar nenhum,,LUGAR NENHUM,T-304.311.961-1,,titas,t-304.311.961-1
Desejo,Soweto,desejo,,DESEJO,T-322.628.586-1,,soweto,t-322.628.586-1
Gratidão,Soweto,gratidao,,GRATIDÃO,T-305.217.523-8,,soweto,t-305.217.523-8
Ilusão,Soweto,ilusao,,ILUSAO,T-040.011.902-9,,soweto,t-040.011.902-9
Ilusão,Soweto,ilusao,,ILUSÃO,,,soweto,
Perfume,Soweto,perfume,,PERFUME,T-305.215.262-8,,soweto,t-305.215.262-8
Te Quero,Soweto,te quero,,TE QUERO,T-305.218.717-0,,soweto,t-305.218.717-0
Nocaute,"Monic, The",nocaute,,NOCAUTE,T-317.794.059-5,,"monic, the",t-317.794.059-5
Dèjá Vu,Selvagens À Procura Da Lei,deja vu,,DÉJÀ VU,T-308.187.765-4,,selvagens a procura da lei,t-308.187.765-4
Ghost,Secret Weapons,ghost,,GHOST,,,secret weapons,
Alvorada,Cartola,alvorada,,ALVORADA,T-040.011.846-8,,cartola,t-040.011.846-8
Alvorada,Cartola,alvorada,,ALVORADA,,,cartola,
Final Feliz,Plateia: Márcia Rosa,final feliz,,FINAL FELIZ,T-315.996.147-0,,plateia: marcia rosa,t-315.996.147-0
Brisa,Iza,brisa,,BRISA,T-315.799.145-8,,iza,t-315.799.145-8
Brisa,Iza,brisa,,BRISA,T-316.180.981-6,,iza,t-316.180.981-6
Brisa,Iza,brisa,,BRISA,T-326.766.166-1,,iza,t-326.766.166-1
Treme Treme,"As Gêmeas Lacração,Mc Loma",treme treme,,TREME TREME,,,"as gemeas lacracao,mc loma",
Me Gusta,"Anitta,Cardi B,Myke Towers",me gusta,,ME GUSTA,,,"anitta,cardi b,myke towers",
Eu Vou Sentar,"Melody,Nattan",eu vou sentar,,EU VOU SENTAR,T-305.267.256-3,,"melody,nattan",t-305.267.256-3
Acabou,Jammil E Uma Noites,acabou,,ACABOU,T-039.497.780-0,,jammil e uma noites,t-039.497.780-0
Medo,"Baggios, The",medo,,MEDO,T-039.497.778-6,,"baggios, the",t-039.497.778-6
Medo,"Baggios, The",medo,,MEDO,,,"baggios, the",
Amora,Renato Teixeira,amora,,AMORA,,,renato teixeira,
Deixa Eu Sonhar,Joelma,deixa eu sonhar,,DEIXA EU SONHAR,T-040.000.420-7,,joelma,t-040.000.420-7
Lágrimas De Sangue,Yasmin Mendes,lagrimas de sangue,,LÁGRIMAS DE SANGUE,,,yasmin mendes,
Macetando,Ivete Sangalo,macetando,,MACETANDO,T-318.000.000-0,,ivete sangalo,t-318.000.000-0
Alvorada,Cartola,alvorada,,ALVORADA,T-040.011.846-8,,cartola,t-040.011.846-8
Alvorada,Cartola,alvorada,,ALVORADA,,,cartola,
Travessia,Milton Nascimento,travessia,,TRAVESSIA,T-313.642.509-3,,milton nascimento,t-313.642.509-3
Vamos Fugir,Gilberto Gil,vamos fugir,,VAMOS FUGIR,T-305.415.581-2,,gilberto gil,t-305.415.581-2
Together,She & Him,together,,TOGETHER,,,she & him,
Felicidade,Rita Lee,felicidade,,FELICIDADE,,,rita lee,
Monalisa,Jorge Vercillo,monalisa,,MONALISA,,,jorge vercillo,
Brisa,Iza,brisa,,BRISA,T-315.799.145-8,,iza,t-315.799.145-8
Brisa,Iza,brisa,,BRISA,T-316.180.981-6,,iza,t-316.180.981-6
Brisa,Iza,brisa,,BRISA,T-326.766.166-1,,iza,t-326.766.166-1
Fuleragem,Mc Wm,fuleragem,,FULERAGEM,T-305.214.250-0,,mc wm,t-305.214.250-0
Mulher Rendeira,Trio Nordestino,mulher rendeira,,MULHER RENDEIRA,T-039.167.658-6,,trio nordestino,t-039.167.658-6
Eu Vou Sentar,"Melody,Nattan",eu vou sentar,,EU VOU SENTAR,T-305.267.256-3,,"melody,nattan",t-305.267.256-3
Acabou,Jammil E Uma Noites,acabou,,ACABOU,T-039.497.780-0,,jammil e uma noites,t-039.497.780-0
Medo,"Baggios, The",medo,,MEDO,T-039.497.778-6,,"baggios, the",t-039.497.778-6
Medo,"Baggios, The",medo,,MEDO,,,"baggios, the",
Sideral,My Magical Glowing Lens,sideral,,SIDERAL,,,my magical glowing lens,
Amora,Renato Teixeira,amora,,AMORA,,,renato teixeira,
Desejo,Soweto,desejo,,DESEJO,T-322.628.586-1,,soweto,t-322.628.586-1
Gratidão,Soweto,gratidao,,GRATIDÃO,T-305.217.523-8,,soweto,t-305.217.523-8
Ilusão,Soweto,ilusao,,ILUSAO,T-040.011.902-9,,soweto,t-040.011.902-9
Ilusão,Soweto,ilusao,,ILUSÃO,,,soweto,
Perfume,Soweto,perfume,,PERFUME,T-305.215.262-8,,soweto,t-305.215.262-8
Te Quero,Soweto,te quero,,TE QUERO,T-305.218.717-0,,soweto,t-305.218.717-0
Macetando,Banda Lady Night,macetando,,MACETANDO,T-318.000.000-0,,banda lady night,t-318.000.000-0
Felicidade,Rita Lee,felicidade,,FELICIDADE,,,rita lee,
Fuleragem,Mc Wm,fuleragem,,FULERAGEM,T-305.214.250-0,,mc wm,t-305.214.250-0
Mulher Rendeira,Trio Nordestino,mulher rendeira,,MULHER RENDEIRA,T-039.167.658-6,,trio nordestino,t-039.167.658-6
Brisa,Iza,brisa,,BRISA,T-315.799.145-8,,iza,t-315.799.145-8
Brisa,Iza,brisa,,BRISA,T-316.180.981-6,,iza,t-316.180.981-6
Brisa,Iza,brisa,,BRISA,T-326.766.166-1,,iza,t-326.766.166-1
Sideral,My Magical Glowing Lens,sideral,,SIDERAL,,,my magical glowing lens,
Cuidado,Tuyo,cuidado,,CUIDADO,T-317.794.225-1,,tuyo,t-317.794.225-1
Cuidado,Tuyo,cuidado,,CUIDADO,,,tuyo,
Deixa Eu Sonhar,Joelma,deixa eu sonhar,,DEIXA EU SONHAR,T-040.000.420-7,,joelma,t-040.000.420-7
Lágrimas De Sangue,Yasmin Mendes,lagrimas de sangue,,LÁGRIMAS DE SANGUE,,,yasmin mendes,
Macetando,Ivete Sangalo,macetando,,MACETANDO,T-318.000.000-0,,ivete sangalo,t-318.000.000-0
Lua,Nilson Neto,lua,,LUA,,,nilson neto,
Essa É Pra Você,Arthur Espindola,essa e pra voce,,ESSA É PRA VOCE,T-040.048.737-7,,arthur espindola,t-040.048.737-7
Vermelho,Chico Da Silva,vermelho,,VERMELHO,T-313.315.106-7,,chico da silva,t-313.315.106-7
Count On Me,Bruno Mars,count on me,,COUNT ON ME,T-320.126.127-6,,bruno mars,t-320.126.127-6
Felicidade,Rita Lee,felicidade,,FELICIDADE,,,rita lee,
Outdoor,"Inspirasom,Rodrigo Sant'anna",outdoor,,OUTDOOR,T-301.719.331-2,,"inspirasom,rodrigo sant'anna",t-301.719.331-2
Fuleragem,Mc Wm,fuleragem,,FULERAGEM,T-305.214.250-0,,mc wm,t-305.214.250-0
Sentadão,"Felipe Original,Js,Pedro Sampaio",sentadao,,SENTADÃO,T-303.014.916-3,,"felipe original,js,pedro sampaio",t-303.014.916-3
Sentadão,"Felipe Original,Js,Pedro Sampaio",sentadao,,SENTADÃO,T-304.715.440-1,,"felipe original,js,pedro sampaio",t-304.715.440-1
Sentadão,"Felipe Original,Js,Pedro Sampaio",sentadao,,SENTADÃO,T-325.955.974-1,,"felipe original,js,pedro sampaio",t-325.955.974-1
Mulher Rendeira,Trio Nordestino,mulher rendeira,,MULHER RENDEIRA,T-039.167.658-6,,trio nordestino,t-039.167.658-6
Kamasutra,Lauana Prado,kamasutra,,KAMASUTRA,T-305.217.338-9,,lauana prado,t-305.217.338-9
Baobá,Caio Prado,baoba,,BAOBA,T-303.385.332-2,,caio prado,t-303.385.332-2
Cuidado,Tuyo,cuidado,,CUIDADO,T-317.794.225-1,,tuyo,t-317.794.225-1
Cuidado,Tuyo,cuidado,,CUIDADO,,,tuyo,
Quem Sabe,"Beatriz Rabello,Paulinho Da Viola",quem sabe,,QUEM SABE,,,"beatriz rabello,paulinho da viola",
Deixa Eu Sonhar,Joelma,deixa eu sonhar,,DEIXA EU SONHAR,T-040.000.420-7,,joelma,t-040.000.420-7
Lágrimas De Sangue,Yasmin Mendes,lagrimas de sangue,,LÁGRIMAS DE SANGUE,,,yasmin mendes,
Macetando,Ivete Sangalo,macetando,,MACETANDO,T-318.000.000-0,,ivete sangalo,t-318.000.000-0
Brisa,Iza,brisa,,BRISA,T-315.799.145-8,,iza,t-315.799.145-8
Brisa,Iza,brisa,,BRISA,T-316.180.981-6,,iza,t-316.180.981-6
Brisa,Iza,brisa,,BRISA,T-326.766.166-1,,iza,t-326.766.166-1
Sem Filtro,Iza,sem filtro,,SEM FILTRO,T-335.572.263-9,,iza,t-335.572.263-9
Desejo,Soweto,desejo,,DESEJO,T-322.628.586-1,,soweto,t-322.628.586-1
Gratidão,Soweto,gratidao,,GRATIDÃO,T-305.217.523-8,,soweto,t-305.217.523-8
Ilusão,Soweto,ilusao,,ILUSAO,T-040.011.902-9,,soweto,t-040.011.902-9
Ilusão,Soweto,ilusao,,ILUSÃO,,,soweto,
Perfume,Soweto,perfume,,PERFUME,T-305.215.262-8,,soweto,t-305.215.262-8
Te Quero,Soweto,te quero,,TE QUERO,T-305.218.717-0,,soweto,t-305.218.717-0
Lua,Nilson Neto,lua,,LUA,,,nilson neto,
Proposta,Pepê,proposta,,PROPOSTA,T-313.413.810-2,,pepe,t-313.413.810-2
Essa É Pra Você,Arthur Espindola,essa e pra voce,,ESSA É PRA VOCE,T-040.048.737-7,,arthur espindola,t-040.048.737-7
Vermelho,Chico Da Silva,vermelho,,VERMELHO,T-313.315.106-7,,chico da silva,t-313.315.106-7
Aurora,Aurora Miranda,aurora,,AURORA,,,aurora miranda,
Sentadão,Pedro Sampaio,sentadao,,SENTADÃO,T-303.014.916-3,,pedro sampaio,t-303.014.916-3
Sentadão,Pedro Sampaio,sentadao,,SENTADÃO,T-304.715.440-1,,pedro sampaio,t-304.715.440-1
Sentadão,Pedro Sampaio,sentadao,,SENTADÃO,T-325.955.974-1,,pedro sampaio,t-325.955.974-1
Felicidade,Rita Lee,felicidade,,FELICIDADE,,,rita lee,
Outdoor,"Inspirasom,Rodrigo Sant'anna",outdoor,,OUTDOOR,T-301.719.331-2,,"inspirasom,rodrigo sant'anna",t-301.719.331-2
Malandramente,"Dennis Dj,Nandinho,Nego Bam",malandramente,,MALANDRAMENTE,T-308.115.009-2,,"dennis dj,nandinho,nego bam",t-308.115.009-2
Fuleragem,Mc Wm,fuleragem,,FULERAGEM,T-305.214.250-0,,mc wm,t-305.214.250-0
Terremoto,"Anitta,Mc Kevinho",terremoto,,TERREMOTO,T-307.297.647-3,,"anitta,mc kevinho",t-307.297.647-3
Beijinho No Ombro,Andy Gercker,beijinho no ombro,,BEIJINHO NO OMBRO,T-311.569.064-3,,andy gercker,t-311.569.064-3
Kamasutra,Lauana Prado,kamasutra,,KAMASUTRA,T-305.217.338-9,,lauana prado,t-305.217.338-9
Ela,"Ferrugem,Sorriso Maroto",ela,,ELA,T-322.696.235-8,,"ferrugem,sorriso maroto",t-322.696.235-8
São Paulo,"Anitta,Weeknd, The",sao paulo,,SÃO PAULO,,,"anitta,weeknd, the",
Brisa,Iza,brisa,,BRISA,T-315.799.145-8,,iza,t-315.799.145-8
Brisa,Iza,brisa,,BRISA,T-316.180.981-6,,iza,t-316.180.981-6
Brisa,Iza,brisa,,BRISA,T-326.766.166-1,,iza,t-326.766.166-1
Baobá,Caio Prado,baoba,,BAOBA,T-303.385.332-2,,caio prado,t-303.385.332-2
Medo,"Baggios, The",medo,,MEDO,T-039.497.778-6,,"baggios, the",t-039.497.778-6
Medo,"Baggios, The",medo,,MEDO,,,"baggios, the",
Sideral,My Magical Glowing Lens,sideral,,SIDERAL,,,my magical glowing lens,
Cuidado,Tuyo,cuidado,,CUIDADO,T-317.794.225-1,,tuyo,t-317.794.225-1
Cuidado,Tuyo,cuidado,,CUIDADO,,,tuyo,
Quem Sabe,"Beatriz Rabello,Paulinho Da Viola",quem sabe,,QUEM SABE,,,"beatriz rabello,paulinho da viola",
Amora,Renato Teixeira,amora,,AMORA,,,renato teixeira,
Desejo,Soweto,desejo,,DESEJO,T-322.628.586-1,,soweto,t-322.628.586-1
Gratidão,Soweto,gratidao,,GRATIDÃO,T-305.217.523-8,,soweto,t-305.217.523-8
Ilusão,Soweto,ilusao,,ILUSAO,T-040.011.902-9,,soweto,t-040.011.902-9
Ilusão,Soweto,ilusao,,ILUSÃO,,,soweto,
Perfume,Soweto,perfume,,PERFUME,T-305.215.262-8,,soweto,t-305.215.262-8
Te Quero,Soweto,te quero,,TE QUERO,T-305.218.717-0,,soweto,t-305.218.717-0
Luz,Djavan,luz,,LUZ,T-040.285.617-0,,djavan,t-040.285.617-0
Luz,Djavan,luz,,LUZ,,,djavan,
Luz,Djavan,luz,,LUZ,T-040.279.887-1,,djavan,t-040.279.887-1
Socadona,Preta Gil,socadona,,SOCADONA,T-305.217.548-7,,preta gil,t-305.217.548-7
Socadona,Preta Gil,socadona,,SOCADONA,,,preta gil,
Felicidade,Rita Lee,felicidade,,FELICIDADE,,,rita lee,
Brisa,Iza,brisa,,BRISA,T-315.799.145-8,,iza,t-315.799.145-8
Brisa,Iza,brisa,,BRISA,T-316.180.981-6,,iza,t-316.180.981-6
Brisa,Iza,brisa,,BRISA,T-326.766.166-1,,iza,t-326.766.166-1
Fuleragem,Mc Wm,fuleragem,,FULERAGEM,T-305.214.250-0,,mc wm,t-305.214.250-0
Sentadão,"Felipe Original,Js,Pedro Sampaio",sentadao,,SENTADÃO,T-303.014.916-3,,"felipe original,js,pedro sampaio",t-303.014.916-3
Sentadão,"Felipe Original,Js,Pedro Sampaio",sentadao,,SENTADÃO,T-304.715.440-1,,"felipe original,js,pedro sampaio",t-304.715.440-1
Sentadão,"Felipe Original,Js,Pedro Sampaio",sentadao,,SENTADÃO,T-325.955.974-1,,"felipe original,js,pedro sampaio",t-325.955.974-1
Mulher Rendeira,Trio Nordestino,mulher rendeira,,MULHER RENDEIRA,T-039.167.658-6,,trio nordestino,t-039.167.658-6
Beijinho No Ombro,Andy Gercker,beijinho no ombro,,BEIJINHO NO OMBRO,T-311.569.064-3,,andy gercker,t-311.569.064-3
Linha De Frente,"Budah,Tibery",linha de frente,,LINHA DE FRENTE,T-308.636.270-7,,"budah,tibery",t-308.636.270-7
Brisa,Iza,brisa,,BRISA,T-315.799.145-8,,iza,t-315.799.145-8
Brisa,Iza,brisa,,BRISA,T-316.180.981-6,,iza,t-316.180.981-6
Brisa,Iza,brisa,,BRISA,T-326.766.166-1,,iza,t-326.766.166-1
Acabou,Jammil E Uma Noites,acabou,,ACABOU,T-039.497.780-0,,jammil e uma noites,t-039.497.780-0
Baobá,Caio Prado,baoba,,BAOBA,T-303.385.332-2,,caio prado,t-303.385.332-2
Medo,"Baggios, The",medo,,MEDO,T-039.497.778-6,,"baggios, the",t-039.497.778-6
Medo,"Baggios, The",medo,,MEDO,,,"baggios, the",
Sideral,My Magical Glowing Lens,sideral,,SIDERAL,,,my magical glowing lens,
Cuidado,Tuyo,cuidado,,CUIDADO,T-317.794.225-1,,tuyo,t-317.794.225-1
Cuidado,Tuyo,cuidado,,CUIDADO,,,tuyo,
Amora,Renato Teixeira,amora,,AMORA,,,renato teixeira,
Macetando,Ivete Sangalo,macetando,,MACETANDO,T-318.000.000-0,,ivete sangalo,t-318.000.000-0
Brisa,Iza,brisa,,BRISA,T-315.799.145-8,,iza,t-315.799.145-8
Brisa,Iza,brisa,,BRISA,T-316.180.981-6,,iza,t-316.180.981-6
Brisa,Iza,brisa,,BRISA,T-326.766.166-1,,iza,t-326.766.166-1
Sem Filtro,Iza,sem filtro,,SEM FILTRO,T-335.572.263-9,,iza,t-335.572.263-9
Travessia,Milton Nascimento,travessia,,TRAVESSIA,T-313.642.509-3,,milton nascimento,t-313.642.509-3
Monalisa,Jorge Vercillo,monalisa,,MONALISA,,,jorge vercillo,
Brisa,Iza,brisa,,BRISA,T-315.799.145-8,,iza,t-315.799.145-8
Brisa,Iza,brisa,,BRISA,T-316.180.981-6,,iza,t-316.180.981-6
Brisa,Iza,brisa,,BRISA,T-326.766.166-1,,iza,t-326.766.166-1
Fuleragem,Mc Wm,fuleragem,,FULERAGEM,T-305.214.250-0,,mc wm,t-305.214.250-0
Sentadão,"Felipe Original,Js,Pedro Sampaio",sentadao,,SENTADÃO,T-303.014.916-3,,"felipe original,js,pedro sampaio",t-303.014.916-3
Sentadão,"Felipe Original,Js,Pedro Sampaio",sentadao,,SENTADÃO,T-304.715.440-1,,"felipe original,js,pedro sampaio",t-304.715.440-1
Sentadão,"Felipe Original,Js,Pedro Sampaio",sentadao,,SENTADÃO,T-325.955.974-1,,"felipe original,js,pedro sampaio",t-325.955.974-1
Mulher Rendeira,Trio Nordestino,mulher rendeira,,MULHER RENDEIRA,T-039.167.658-6,,trio nordestino,t-039.167.658-6
Treme Treme,"As Gêmeas Lacração,Mc Loma",treme treme,,TREME TREME,,,"as gemeas lacracao,mc loma",
Beijinho No Ombro,Andy Gercker,beijinho no ombro,,BEIJINHO NO OMBRO,T-311.569.064-3,,andy gercker,t-311.569.064-3
Brisa,Iza,brisa,,BRISA,T-315.799.145-8,,iza,t-315.799.145-8
Brisa,Iza,brisa,,BRISA,T-316.180.981-6,,iza,t-316.180.981-6
Brisa,Iza,brisa,,BRISA,T-326.766.166-1,,iza,t-326.766.166-1
Baobá,Caio Prado,baoba,,BAOBA,T-303.385.332-2,,caio prado,t-303.385.332-2
Praga,Dônica,praga,,PRAGA,T-317.818.119-2,,donica,t-317.818.119-2
Desejo,Soweto,desejo,,DESEJO,T-322.628.586-1,,soweto,t-322.628.586-1
Gratidão,Soweto,gratidao,,GRATIDÃO,T-305.217.523-8,,soweto,t-305.217.523-8
Ilusão,Soweto,ilusao,,ILUSAO,T-040.011.902-9,,soweto,t-040.011.902-9
Ilusão,Soweto,ilusao,,ILUSÃO,,,soweto,
Perfume,Soweto,perfume,,PERFUME,T-305.215.262-8,,soweto,t-305.215.262-8
Te Quero,Soweto,te quero,,TE QUERO,T-305.218.717-0,,soweto,t-305.218.717-0
Se Foi,Aninha Portal,se foi,,SE FOI,T-039.497.697-6,,aninha portal,t-039.497.697-6
Verdade,Karinah,verdade,,VERDADE,T-302.003.913-4,,karinah,t-302.003.913-4
Proposta,Pepê,proposta,,PROPOSTA,T-313.413.810-2,,pepe,t-313.413.810-2
Essa É Pra Você,Arthur Espindola,essa e pra voce,,ESSA É PRA VOCE,T-040.048.737-7,,arthur espindola,t-040.048.737-7
Vermelho,Chico Da Silva,vermelho,,VERMELHO,T-313.315.106-7,,chico da silva,t-313.315.106-7
Sentadão,Pedro Sampaio,sentadao,,SENTADÃO,T-303.014.916-3,,pedro sampaio,t-303.014.916-3
Sentadão,Pedro Sampaio,sentadao,,SENTADÃO,T-304.715.440-1,,pedro sampaio,t-304.715.440-1
Sentadão,Pedro Sampaio,sentadao,,SENTADÃO,T-325.955.974-1,,pedro sampaio,t-325.955.974-1
Domingo,Inspirasom,domingo,,DOMINGO,T-307.003.485-0,,inspirasom,t-307.003.485-0
Domingo,Inspirasom,domingo,,DOMINGO,T-301.991.455-3,,inspirasom,t-301.991.455-3
Até O Céu,"Anitta,Mc Cabelinho",ate o ceu,,ATÉ O CÉU,T-333.819.469-3,,"anitta,mc cabelinho",t-333.819.469-3
Deja Vu,Olivia Rodrigo,deja vu,,DÉJÀ VU,T-308.187.765-4,,olivia rodrigo,t-308.187.765-4
Ela,"Ferrugem,Sorriso Maroto",ela,,ELA,T-322.696.235-8,,"ferrugem,sorriso maroto",t-322.696.235-8
São Paulo,"Anitta,Weeknd, The",sao paulo,,SÃO PAULO,,,"anitta,weeknd, the",
Praga,Dônica,praga,,PRAGA,T-317.818.119-2,,donica,t-317.818.119-2
Drama,Rico Dalasam,drama,,DRAMA,T-039.662.293-7,,rico dalasam,t-039.662.293-7
Drama,Rico Dalasam,drama,,DRAMA,T-932.546.398-7,,rico dalasam,t-932.546.398-7
Drama,Rico Dalasam,drama,,DRAMA,T-321.537.188-9,,rico dalasam,t-321.537.188-9
Macetando,Ivete Sangalo,macetando,,MACETANDO,T-318.000.000-0,,ivete sangalo,t-318.000.000-0
Brisa,Iza,brisa,,BRISA,T-315.799.145-8,,iza,t-315.799.145-8
Brisa,Iza,brisa,,BRISA,T-316.180.981-6,,iza,t-316.180.981-6
Brisa,Iza,brisa,,BRISA,T-326.766.166-1,,iza,t-326.766.166-1
Sem Filtro,Iza,sem filtro,,SEM FILTRO,T-335.572.263-9,,iza,t-335.572.263-9
Se Foi,Aninha Portal,se foi,,SE FOI,T-039.497.697-6,,aninha portal,t-039.497.697-6
Temporal,Bruna Mendez,temporal,,TEMPORAL,T-307.003.180-6,,bruna mendez,t-307.003.180-6
Verdade,Karinah,verdade,,VERDADE,T-302.003.913-4,,karinah,t-302.003.913-4
Simbolo Da Paz,Ventania,simbolo da paz,,SÍMBOLO DA PAZ,,,ventania,
Brisa,"Andy Gercker,Evelyn Castro,Roberta Rodrigues,Rodrigo Sant'anna",brisa,,BRISA,T-315.799.145-8,,"andy gercker,evelyn castro,roberta rodrigues,rodrigo sant'anna",t-315.799.145-8
Brisa,"Andy Gercker,Evelyn Castro,Roberta Rodrigues,Rodrigo Sant'anna",brisa,,BRISA,T-316.180.981-6,,"andy gercker,evelyn castro,roberta rodrigues,rodrigo sant'anna",t-316.180.981-6
Brisa,"Andy Gercker,Evelyn Castro,Roberta Rodrigues,Rodrigo Sant'anna",brisa,,BRISA,T-326.766.166-1,,"andy gercker,evelyn castro,roberta rodrigues,rodrigo sant'anna",t-326.766.166-1
Fica,"Anavitória,Matheus & Kauan",fica,,FICA,,,"anavitoria,matheus & kauan",
Me Perdoa,Ferrugem,me perdoa,,ME PERDOA,,,ferrugem,
Tudo,Liniker,tudo,,TUDO,T-301.718.723-0,,liniker,t-301.718.723-0
Deja Vu,Olivia Rodrigo,deja vu,,DÉJÀ VU,T-308.187.765-4,,olivia rodrigo,t-308.187.765-4
Drama,Rico Dalasam,drama,,DRAMA,T-039.662.293-7,,rico dalasam,t-039.662.293-7
Drama,Rico Dalasam,drama,,DRAMA,T-932.546.398-7,,rico dalasam,t-932.546.398-7
Drama,Rico Dalasam,drama,,DRAMA,T-321.537.188-9,,rico dalasam,t-321.537.188-9
Temporal,Bruna Mendez,temporal,,TEMPORAL,T-307.003.180-6,,bruna mendez,t-307.003.180-6
Simbolo Da Paz,Ventania,simbolo da paz,,SÍMBOLO DA PAZ,,,ventania,
Brisa,"Andy Gercker,Evelyn Castro,Roberta Rodrigues,Rodrigo Sant'anna",brisa,,BRISA,T-315.799.145-8,,"andy gercker,evelyn castro,roberta rodrigues,rodrigo sant'anna",t-315.799.145-8
Brisa,"Andy Gercker,Evelyn Castro,Roberta Rodrigues,Rodrigo Sant'anna",brisa,,BRISA,T-316.180.981-6,,"andy gercker,evelyn castro,roberta rodrigues,rodrigo sant'anna",t-316.180.981-6
Brisa,"Andy Gercker,Evelyn Castro,Roberta Rodrigues,Rodrigo Sant'anna",brisa,,BRISA,T-326.766.166-1,,"andy gercker,evelyn castro,roberta rodrigues,rodrigo sant'anna",t-326.766.166-1
Fica,"Anavitória,Matheus & Kauan",fica,,FICA,,,"anavitoria,matheus & kauan",
Me Perdoa,Ferrugem,me perdoa,,ME PERDOA,,,ferrugem,
Deja Vu,Olivia Rodrigo,deja vu,,DÉJÀ VU,T-308.187.765-4,,olivia rodrigo,t-308.187.765-4
Freestyle,Xamã,freestyle,,FREESTYLE,T-321.150.611-1,,xama,t-321.150.611-1
Macetando,Ivete Sangalo,macetando,,MACETANDO,T-318.000.000-0,,ivete sangalo,t-318.000.000-0
Brisa,Iza,brisa,,BRISA,T-315.799.145-8,,iza,t-315.799.145-8
Brisa,Iza,brisa,,BRISA,T-316.180.981-6,,iza,t-316.180.981-6
Brisa,Iza,brisa,,BRISA,T-326.766.166-1,,iza,t-326.766.166-1
Sem Filtro,Iza,sem filtro,,SEM FILTRO,T-335.572.263-9,,iza,t-335.572.263-9
Carolina,Seu Jorge,carolina,,CAROLINA,,,seu jorge,
Maria,Roberta Miranda,maria,,MARIA,T-307.006.304-2,,roberta miranda,t-307.006.304-2
Maria,Roberta Miranda,maria,,MARIA,T-311.953.638-4,,roberta miranda,t-311.953.638-4
Simbolo Da Paz,Ventania,simbolo da paz,,SÍMBOLO DA PAZ,,,ventania,
Felicidade,Seu Jorge,felicidade,,FELICIDADE,,,seu jorge,
Morena,Luan Santana,morena,,MORENA,,,luan santana,
Morena,Luan Santana,morena,,MORENA,T-312.550.698-7,,luan santana,t-312.550.698-7
Tanto Faz,Luan Santana,tanto faz,,TANTO FAZ,,,luan santana,
Deja Vu,Olivia Rodrigo,deja vu,,DÉJÀ VU,T-308.187.765-4,,olivia rodrigo,t-308.187.765-4
Beijinho No Ombro,Valesca Popozuda,beijinho no ombro,,BEIJINHO NO OMBRO,T-311.569.064-3,,valesca popozuda,t-311.569.064-3
Bigode Grosso,Mc Marcelly,bigode grosso,,BIGODE GROSSO,T-040.000.440-1,,mc marcelly,t-040.000.440-1
Freestyle,Xamã,freestyle,,FREESTYLE,T-321.150.611-1,,xama,t-321.150.611-1
Obsessão,Beatriz Rabello,obsessao,,OBSESSÃO,T-039.632.967-1,,beatriz rabello,t-039.632.967-1
Recomeçar,Beatriz Rabello,recomecar,,RECOMECAR,T-039.311.437-8,,beatriz rabello,t-039.311.437-8
Recomeçar,Beatriz Rabello,recomecar,,RECOMEÇAR,T-308.840.890-2,,beatriz rabello,t-308.840.890-2
Recomeçar,Beatriz Rabello,recomecar,,RECOMEÇAR,T-316.010.042-1,,beatriz rabello,t-316.010.042-1
Recomeçar,Beatriz Rabello,recomecar,,RECOMEÇAR,,,beatriz rabello,
Macetando,Ivete Sangalo,macetando,,MACETANDO,T-318.000.000-0,,ivete sangalo,t-318.000.000-0
Brisa,Iza,brisa,,BRISA,T-315.799.145-8,,iza,t-315.799.145-8
Brisa,Iza,brisa,,BRISA,T-316.180.981-6,,iza,t-316.180.981-6
Brisa,Iza,brisa,,BRISA,T-326.766.166-1,,iza,t-326.766.166-1
Sem Filtro,Iza,sem filtro,,SEM FILTRO,T-335.572.263-9,,iza,t-335.572.263-9
Carolina,Seu Jorge,carolina,,CAROLINA,,,seu jorge,
Sugar,"Francesco Yates,Robin Schulz",sugar,,SUGAR,T-039.948.077-3,,"francesco yates,robin schulz",t-039.948.077-3
Morena,Luan Santana,morena,,MORENA,,,luan santana,
Morena,Luan Santana,morena,,MORENA,T-312.550.698-7,,luan santana,t-312.550.698-7
Tanto Faz,Luan Santana,tanto faz,,TANTO FAZ,,,luan santana,
Freestyle,Xamã,freestyle,,FREESTYLE,T-321.150.611-1,,xama,t-321.150.611-1
Drama,Rico Dalasam,drama,,DRAMA,T-039.662.293-7,,rico dalasam,t-039.662.293-7
Drama,Rico Dalasam,drama,,DRAMA,T-932.546.398-7,,rico dalasam,t-932.546.398-7
Drama,Rico Dalasam,drama,,DRAMA,T-321.537.188-9,,rico dalasam,t-321.537.188-9
Obsessão,Beatriz Rabello,obsessao,,OBSESSÃO,T-039.632.967-1,,beatriz rabello,t-039.632.967-1
Recomeçar,Beatriz Rabello,recomecar,,RECOMECAR,T-039.311.437-8,,beatriz rabello,t-039.311.437-8
Recomeçar,Beatriz Rabello,recomecar,,RECOMEÇAR,T-308.840.890-2,,beatriz rabello,t-308.840.890-2
Recomeçar,Beatriz Rabello,recomecar,,RECOMEÇAR,T-316.010.042-1,,beatriz rabello,t-316.010.042-1
Recomeçar,Beatriz Rabello,recomecar,,RECOMEÇAR,,,beatriz rabello,
Simbolo Da Paz,Ventania,simbolo da paz,,SÍMBOLO DA PAZ,,,ventania,
Macetando,"Ivete Sangalo,Ludmilla",macetando,,MACETANDO,T-318.000.000-0,,"ivete sangalo,ludmilla",t-318.000.000-0
Domingo,Inspirasom,domingo,,DOMINGO,T-307.003.485-0,,inspirasom,t-307.003.485-0
Domingo,Inspirasom,domingo,,DOMINGO,T-301.991.455-3,,inspirasom,t-301.991.455-3
Até O Céu,"Anitta,Mc Cabelinho",ate o ceu,,ATÉ O CÉU,T-333.819.469-3,,"anitta,mc cabelinho",t-333.819.469-3
Brisa,"Andy Gercker,Evelyn Castro,Roberta Rodrigues,Rodrigo Sant'anna",brisa,,BRISA,T-315.799.145-8,,"andy gercker,evelyn castro,roberta rodrigues,rodrigo sant'anna",t-315.799.145-8
Brisa,"Andy Gercker,Evelyn Castro,Roberta Rodrigues,Rodrigo Sant'anna",brisa,,BRISA,T-316.180.981-6,,"andy gercker,evelyn castro,roberta rodrigues,rodrigo sant'anna",t-316.180.981-6
Brisa,"Andy Gercker,Evelyn Castro,Roberta Rodrigues,Rodrigo Sant'anna",brisa,,BRISA,T-326.766.166-1,,"andy gercker,evelyn castro,roberta rodrigues,rodrigo sant'anna",t-326.766.166-1
Praga,Dônica,praga,,PRAGA,T-317.818.119-2,,donica,t-317.818.119-2
Drama,Rico Dalasam,drama,,DRAMA,T-039.662.293-7,,rico dalasam,t-039.662.293-7
Drama,Rico Dalasam,drama,,DRAMA,T-932.546.398-7,,rico dalasam,t-932.546.398-7
Drama,Rico Dalasam,drama,,DRAMA,T-321.537.188-9,,rico dalasam,t-321.537.188-9
Simbolo Da Paz,Ventania,simbolo da paz,,SÍMBOLO DA PAZ,,,ventania,
Macetando,"Ivete Sangalo,Ludmilla",macetando,,MACETANDO,T-318.000.000-0,,"ivete sangalo,ludmilla",t-318.000.000-0
Domingo,Inspirasom,domingo,,DOMINGO,T-307.003.485-0,,inspirasom,t-307.003.485-0
Domingo,Inspirasom,domingo,,DOMINGO,T-301.991.455-3,,inspirasom,t-301.991.455-3
Até O Céu,"Anitta,Mc Cabelinho",ate o ceu,,ATÉ O CÉU,T-333.819.469-3,,"anitta,mc cabelinho",t-333.819.469-3
Brisa,"Andy Gercker,Evelyn Castro,Roberta Rodrigues,Rodrigo Sant'anna",brisa,,BRISA,T-315.799.145-8,,"andy gercker,evelyn castro,roberta rodrigues,rodrigo sant'anna",t-315.799.145-8
Brisa,"Andy Gercker,Evelyn Castro,Roberta Rodrigues,Rodrigo Sant'anna",brisa,,BRISA,T-316.180.981-6,,"andy gercker,evelyn castro,roberta rodrigues,rodrigo sant'anna",t-316.180.981-6
Brisa,"Andy Gercker,Evelyn Castro,Roberta Rodrigues,Rodrigo Sant'anna",brisa,,BRISA,T-326.766.166-1,,"andy gercker,evelyn castro,roberta rodrigues,rodrigo sant'anna",t-326.766.166-1
Beijinho No Ombro,Valesca Popozuda,beijinho no ombro,,BEIJINHO NO OMBRO,T-311.569.064-3,,valesca popozuda,t-311.569.064-3
Bigode Grosso,Mc Marcelly,bigode grosso,,BIGODE GROSSO,T-040.000.440-1,,mc marcelly,t-040.000.440-1
Maria,Ricky Martin,maria,,MARIA,T-307.006.304-2,,ricky martin,t-307.006.304-2
Maria,Ricky Martin,maria,,MARIA,T-311.953.638-4,,ricky martin,t-311.953.638-4
Oração,"Alexandre Carlo,Oriente",oracao,,ORACAO,T-040.521.423-4,,"alexandre carlo,oriente",t-040.521.423-4
Eu Sei,Gabriel Elias,eu sei,,EU SEI,T-323.310.474-6,,gabriel elias,t-323.310.474-6
Vamos Fugir,Gabriel Elias,vamos fugir,,VAMOS FUGIR,T-305.415.581-2,,gabriel elias,t-305.415.581-2
2020,Sbtrkt,2020,,2020,T-301.721.117-1,,sbtrkt,t-301.721.117-1
2020,Sbtrkt,2020,,2020,,,sbtrkt,
Desafio,Harmonia Do Samba,desafio,,DESAFIO,T-040.453.293-9,,harmonia do samba,t-040.453.293-9
Desafio,Harmonia Do Samba,desafio,,DESAFIO,T-312.554.786-2,,harmonia do samba,t-312.554.786-2
Desafio,Harmonia Do Samba,desafio,,DESAFIO,T-040.453.293-9,,harmonia do samba,t-040.453.293-9
Desafio,Harmonia Do Samba,desafio,,DESAFIO,T-312.554.786-2,,harmonia do samba,t-312.554.786-2
Primavera,"Francisco, El Hombre",primavera,,PRIMAVERA,T-330.191.323-1,,"francisco, el hombre",t-330.191.323-1
Primavera,"Francisco, El Hombre",primavera,,PRIMAVERA,T-040.160.962-8,,"francisco, el hombre",t-040.160.962-8
Segredo,Ana Gabriela,segredo,,SEGREDO,T-039.611.383-9,,ana gabriela,t-039.611.383-9
Ela,Clarissa,ela,,ELA,T-322.696.235-8,,clarissa,t-322.696.235-8
Oração,"Alexandre Carlo,Oriente",oracao,,ORACAO,T-040.521.423-4,,"alexandre carlo,oriente",t-040.521.423-4
Eu Sei,Gabriel Elias,eu sei,,EU SEI,T-323.310.474-6,,gabriel elias,t-323.310.474-6
Vamos Fugir,Gabriel Elias,vamos fugir,,VAMOS FUGIR,T-305.415.581-2,,gabriel elias,t-305.415.581-2
Macetando,"Ivete Sangalo,Ludmilla",macetando,,MACETANDO,T-318.000.000-0,,"ivete sangalo,ludmilla",t-318.000.000-0
Summertime,"Modern Jazz Quartet, The",summertime,,SUMMERTIME,T-317.793.940-7,,"modern jazz quartet, the",t-317.793.940-7
Pantanal,Maria Bethania,pantanal,,PANTANAL,T-318.464.891-3,,maria bethania,t-318.464.891-3
Summertime,Personagem Tieta,summertime,,SUMMERTIME,T-317.793.940-7,,personagem tieta,t-317.793.940-7
Sentadinha,Léo Santana,sentadinha,,SENTADINHA,T-306.792.989-5,,leo santana,t-306.792.989-5
Sentadinha,Léo Santana,sentadinha,,SENTADINHA,T-308.506.890-8,,leo santana,t-308.506.890-8
Beijinho No Ombro,Valesca Popozuda,beijinho no ombro,,BEIJINHO NO OMBRO,T-311.569.064-3,,valesca popozuda,t-311.569.064-3
Bigode Grosso,Mc Marcelly,bigode grosso,,BIGODE GROSSO,T-040.000.440-1,,mc marcelly,t-040.000.440-1
Primavera,"Francisco, El Hombre",primavera,,PRIMAVERA,T-330.191.323-1,,"francisco, el hombre",t-330.191.323-1
Primavera,"Francisco, El Hombre",primavera,,PRIMAVERA,T-040.160.962-8,,"francisco, el hombre",t-040.160.962-8
Chega,Mart'nália,chega,,CHÊGA,T-312.562.445-1,,mart'nalia,t-312.562.445-1
Segredo,Ana Gabriela,segredo,,SEGREDO,T-039.611.383-9,,ana gabriela,t-039.611.383-9
Ela,Clarissa,ela,,ELA,T-322.696.235-8,,clarissa,t-322.696.235-8
Vencedor,Calcinha Preta,vencedor,,VENCEDOR,T-313.263.562-8,,calcinha preta,t-313.263.562-8
Satisfação,Tati Quebra Barraco,satisfacao,,SATISFAÇÃO,T-302.730.937-7,,tati quebra barraco,t-302.730.937-7
Pantanal,Maria Bethania,pantanal,,PANTANAL,T-318.464.891-3,,maria bethania,t-318.464.891-3
Summertime,Personagem Tieta,summertime,,SUMMERTIME,T-317.793.940-7,,personagem tieta,t-317.793.940-7
Maria,Ricky Martin,maria,,MARIA,T-307.006.304-2,,ricky martin,t-307.006.304-2
Maria,Ricky Martin,maria,,MARIA,T-311.953.638-4,,ricky martin,t-311.953.638-4
Chega,Mart'nália,chega,,CHÊGA,T-312.562.445-1,,mart'nalia,t-312.562.445-1
Vencedor,Calcinha Preta,vencedor,,VENCEDOR,T-313.263.562-8,,calcinha preta,t-313.263.562-8
Idgaf,"Brendon Urie,Ciara O'connor,Dua Lipa,Maitre Gims,Mnek,Noah A Seelmann,Saweetie,Todd Sherman Clark,Uzoechi Osisioma Emenike",idgaf,,IDGAF,T-304.308.877-9,,"brendon urie,ciara o'connor,dua lipa,maitre gims,mnek,noah a seelmann,saweetie,todd sherman clark,uzoechi osisioma emenike",t-304.308.877-9
Pantanal,Maria Bethania,pantanal,,PANTANAL,T-318.464.891-3,,maria bethania,t-318.464.891-3
Summertime,Personagem Tieta,summertime,,SUMMERTIME,T-317.793.940-7,,personagem tieta,t-317.793.940-7
Tudo Ok,"Js Mão De Ouro,Mila,Thiaguinho Mt",tudo ok,,TUDO OK,T-040.059.792-3,,"js mao de ouro,mila,thiaguinho mt",t-040.059.792-3
Beijinho No Ombro,Valesca Popozuda,beijinho no ombro,,BEIJINHO NO OMBRO,T-311.569.064-3,,valesca popozuda,t-311.569.064-3
Bigode Grosso,Mc Marcelly,bigode grosso,,BIGODE GROSSO,T-040.000.440-1,,mc marcelly,t-040.000.440-1
Maria,Ricky Martin,maria,,MARIA,T-307.006.304-2,,ricky martin,t-307.006.304-2
Maria,Ricky Martin,maria,,MARIA,T-311.953.638-4,,ricky martin,t-311.953.638-4
Sou Eu,Ludmilla,sou eu,,SOU EU,T-042.615.532-9,,ludmilla,t-042.615.532-9
Morena,Vitor Kley,morena,,MORENA,,,vitor kley,
Morena,Vitor Kley,morena,,MORENA,T-312.550.698-7,,vitor kley,t-312.550.698-7
Eu Sei,Gabriel Elias,eu sei,,EU SEI,T-323.310.474-6,,gabriel elias,t-323.310.474-6
Vamos Fugir,Gabriel Elias,vamos fugir,,VAMOS FUGIR,T-305.415.581-2,,gabriel elias,t-305.415.581-2
Breakdown,Jack Johnson,breakdown,,BREAKDOWN,T-316.329.272-2,,jack johnson,t-316.329.272-2
Letícia,"Duguinho Do Acordeon,Jota Reis,Samir Trindade,Saymon Marques",leticia,,LETICIA,T-039.948.058-0,,"duguinho do acordeon,jota reis,samir trindade,saymon marques",t-039.948.058-0
Pantanal,Maria Bethania,pantanal,,PANTANAL,T-318.464.891-3,,maria bethania,t-318.464.891-3
Summertime,Personagem Tieta,summertime,,SUMMERTIME,T-317.793.940-7,,personagem tieta,t-317.793.940-7
Maria,Ricky Martin,maria,,MARIA,T-307.006.304-2,,ricky martin,t-307.006.304-2
Maria,Ricky Martin,maria,,MARIA,T-311.953.638-4,,ricky martin,t-311.953.638-4
Sou Eu,Ludmilla,sou eu,,SOU EU,T-042.615.532-9,,ludmilla,t-042.615.532-9
Primavera,"Francisco, El Hombre",primavera,,PRIMAVERA,T-330.191.323-1,,"francisco, el hombre",t-330.191.323-1
Primavera,"Francisco, El Hombre",primavera,,PRIMAVERA,T-040.160.962-8,,"francisco, el hombre",t-040.160.962-8
Chega,Mart'nália,chega,,CHÊGA,T-312.562.445-1,,mart'nalia,t-312.562.445-1
Morena,Vitor Kley,morena,,MORENA,,,vitor kley,
Morena,Vitor Kley,morena,,MORENA,T-312.550.698-7,,vitor kley,t-312.550.698-7
Eu Sei,Gabriel Elias,eu sei,,EU SEI,T-323.310.474-6,,gabriel elias,t-323.310.474-6
Vamos Fugir,Gabriel Elias,vamos fugir,,VAMOS FUGIR,T-305.415.581-2,,gabriel elias,t-305.415.581-2
Vencedor,Calcinha Preta,vencedor,,VENCEDOR,T-313.263.562-8,,calcinha preta,t-313.263.562-8
Pantanal,Maria Bethania,pantanal,,PANTANAL,T-318.464.891-3,,maria bethania,t-318.464.891-3
Summertime,Personagem Tieta,summertime,,SUMMERTIME,T-317.793.940-7,,personagem tieta,t-317.793.940-7
Sentadinha,Léo Santana,sentadinha,,SENTADINHA,T-306.792.989-5,,leo santana,t-306.792.989-5
Sentadinha,Léo Santana,sentadinha,,SENTADINHA,T-308.506.890-8,,leo santana,t-308.506.890-8
Tudo Ok,"Js Mão De Ouro,Mila,Thiaguinho Mt",tudo ok,,TUDO OK,T-040.059.792-3,,"js mao de ouro,mila,thiaguinho mt",t-040.059.792-3
Beijinho No Ombro,Valesca Popozuda,beijinho no ombro,,BEIJINHO NO OMBRO,T-311.569.064-3,,valesca popozuda,t-311.569.064-3
Bigode Grosso,Mc Marcelly,bigode grosso,,BIGODE GROSSO,T-040.000.440-1,,mc marcelly,t-040.000.440-1
Maria,Ricky Martin,maria,,MARIA,T-307.006.304-2,,ricky martin,t-307.006.304-2
Maria,Ricky Martin,maria,,MARIA,T-311.953.638-4,,ricky martin,t-311.953.638-4
Primavera,"Francisco, El Hombre",primavera,,PRIMAVERA,T-330.191.323-1,,"francisco, el hombre",t-330.191.323-1
Primavera,"Francisco, El Hombre",primavera,,PRIMAVERA,T-040.160.962-8,,"francisco, el hombre",t-040.160.962-8
Chega,Mart'nália,chega,,CHÊGA,T-312.562.445-1,,mart'nalia,t-312.562.445-1
Eu Sei,Gabriel Elias,eu sei,,EU SEI,T-323.310.474-6,,gabriel elias,t-323.310.474-6
Vamos Fugir,Gabriel Elias,vamos fugir,,VAMOS FUGIR,T-305.415.581-2,,gabriel elias,t-305.415.581-2
Letícia,"Duguinho Do Acordeon,Jota Reis,Samir Trindade,Saymon Marques",leticia,,LETICIA,T-039.948.058-0,,"duguinho do acordeon,jota reis,samir trindade,saymon marques",t-039.948.058-0
Sentadinha,Léo Santana,sentadinha,,SENTADINHA,T-306.792.989-5,,leo santana,t-306.792.989-5
Sentadinha,Léo Santana,sentadinha,,SENTADINHA,T-308.506.890-8,,leo santana,t-308.506.890-8
Tudo Ok,"Js Mão De Ouro,Mila,Thiaguinho Mt",tudo ok,,TUDO OK,T-040.059.792-3,,"js mao de ouro,mila,thiaguinho mt",t-040.059.792-3
Quem É Você,"Fabiano Menotti,Juju Menotti",quem e voce,,QUEM É VOCÊ,T-327.279.661-5,,"fabiano menotti,juju menotti",t-327.279.661-5
Beijinho No Ombro,Valesca Popozuda,beijinho no ombro,,BEIJINHO NO OMBRO,T-311.569.064-3,,valesca popozuda,t-311.569.064-3
Bigode Grosso,Mc Marcelly,bigode grosso,,BIGODE GROSSO,T-040.000.440-1,,mc marcelly,t-040.000.440-1
Sou Eu,Ludmilla,sou eu,,SOU EU,T-042.615.532-9,,ludmilla,t-042.615.532-9
Nostalgia,Pablo Dominguez,nostalgia,,NOSTALGIA,T-306.794.342-0,,pablo dominguez,t-306.794.342-0
Saudade,Pablo Dominguez,saudade,,SAUDADE,T-306.509.964-7,,pablo dominguez,t-306.509.964-7
Saudade,Pablo Dominguez,saudade,,SAUDADE,T-039.751.632-3,,pablo dominguez,t-039.751.632-3
Saudade,Pablo Dominguez,saudade,,SAUDADE,,,pablo dominguez,
Saudade,Pablo Dominguez,saudade,,SAUDADE,T-305.264.938-0,,pablo dominguez,t-305.264.938-0
Aurora,Pablo Dominguez,aurora,,AURORA,,,pablo dominguez,
Roda Gigante,Pablo Domiguez,roda gigante,,RODA GIGANTE,T-322.010.787-5,,pablo domiguez,t-322.010.787-5
Morena,Vitor Kley,morena,,MORENA,,,vitor kley,
Morena,Vitor Kley,morena,,MORENA,T-312.550.698-7,,vitor kley,t-312.550.698-7
Idgaf,"Brendon Urie,Ciara O'connor,Dua Lipa,Maitre Gims,Mnek,Noah A Seelmann,Saweetie,Todd Sherman Clark,Uzoechi Osisioma Emenike",idgaf,,IDGAF,T-304.308.877-9,,"brendon urie,ciara o'connor,dua lipa,maitre gims,mnek,noah a seelmann,saweetie,todd sherman clark,uzoechi osisioma emenike",t-304.308.877-9
Letícia,"Duguinho Do Acordeon,Jota Reis,Samir Trindade,Saymon Marques",leticia,,LETICIA,T-039.948.058-0,,"duguinho do acordeon,jota reis,samir trindade,saymon marques",t-039.948.058-0
Sugar,Robin Schulz,sugar,,SUGAR,T-039.948.077-3,,robin schulz,t-039.948.077-3
Espelho,João Nogueira,espelho,,ESPELHO,T-931.652.333-8,,joao nogueira,t-931.652.333-8
Espelho,João Nogueira,espelho,,ESPELHO,T-335.571.845-1,,joao nogueira,t-335.571.845-1
Sugar,Robin Schulz,sugar,,SUGAR,T-039.948.077-3,,robin schulz,t-039.948.077-3
Andarilho,Majur,andarilho,,ANDARILHO,T-330.191.305-9,,majur,t-330.191.305-9
Nostalgia,Pablo Dominguez,nostalgia,,NOSTALGIA,T-306.794.342-0,,pablo dominguez,t-306.794.342-0
Saudade,Pablo Dominguez,saudade,,SAUDADE,T-306.509.964-7,,pablo dominguez,t-306.509.964-7
Saudade,Pablo Dominguez,saudade,,SAUDADE,T-039.751.632-3,,pablo dominguez,t-039.751.632-3
Saudade,Pablo Dominguez,saudade,,SAUDADE,,,pablo dominguez,
Saudade,Pablo Dominguez,saudade,,SAUDADE,T-305.264.938-0,,pablo dominguez,t-305.264.938-0
Aurora,Pablo Dominguez,aurora,,AURORA,,,pablo dominguez,
Roda Gigante,Pablo Domiguez,roda gigante,,RODA GIGANTE,T-322.010.787-5,,pablo domiguez,t-322.010.787-5
Vitória,Vital,vitoria,,VITÓRIA,,,vital,
Saudade,Day Macedo,saudade,,SAUDADE,T-306.509.964-7,,day macedo,t-306.509.964-7
Saudade,Day Macedo,saudade,,SAUDADE,T-039.751.632-3,,day macedo,t-039.751.632-3
Saudade,Day Macedo,saudade,,SAUDADE,,,day macedo,
Saudade,Day Macedo,saudade,,SAUDADE,T-305.264.938-0,,day macedo,t-305.264.938-0
Penumbra,"Djonga,Rapaz Do Dread,Sarah Guedes",penumbra,,PENUMBRA,T-040.011.904-1,,"djonga,rapaz do dread,sarah guedes",t-040.011.904-1
Na Mão De Quem,"Dow Raiz,Marina Peralta",na mao de quem,,NA MÃO DE QUEM,T-325.956.784-1,,"dow raiz,marina peralta",t-325.956.784-1
Cabeça Erguida,"Cynthia Luz,Drik Barbosa,Lourena",cabeca erguida,,CABEÇA ERGUIDA,T-317.794.109-8,,"cynthia luz,drik barbosa,lourena",t-317.794.109-8
Vermelho,Rodrigo Sant'anna,vermelho,,VERMELHO,T-313.315.106-7,,rodrigo sant'anna,t-313.315.106-7
Sugar,Robin Schulz,sugar,,SUGAR,T-039.948.077-3,,robin schulz,t-039.948.077-3
Macetando,"Ivete Sangalo,Ludmilla",macetando,,MACETANDO,T-318.000.000-0,,"ivete sangalo,ludmilla",t-318.000.000-0
Andarilho,Majur,andarilho,,ANDARILHO,T-330.191.305-9,,majur,t-330.191.305-9
Vitória,Vital,vitoria,,VITÓRIA,,,vital,
Saudade,Day Macedo,saudade,,SAUDADE,T-306.509.964-7,,day macedo,t-306.509.964-7
Saudade,Day Macedo,saudade,,SAUDADE,T-039.751.632-3,,day macedo,t-039.751.632-3
Saudade,Day Macedo,saudade,,SAUDADE,,,day macedo,
Saudade,Day Macedo,saudade,,SAUDADE,T-305.264.938-0,,day macedo,t-305.264.938-0
Morena,Clayton & Romário,morena,,MORENA,,,clayton & romario,
Morena,Clayton & Romário,morena,,MORENA,T-312.550.698-7,,clayton & romario,t-312.550.698-7
Penumbra,"Djonga,Rapaz Do Dread,Sarah Guedes",penumbra,,PENUMBRA,T-040.011.904-1,,"djonga,rapaz do dread,sarah guedes",t-040.011.904-1
Na Mão De Quem,"Dow Raiz,Marina Peralta",na mao de quem,,NA MÃO DE QUEM,T-325.956.784-1,,"dow raiz,marina peralta",t-325.956.784-1
Luz,Djavan,luz,,LUZ,T-040.285.617-0,,djavan,t-040.285.617-0
Luz,Djavan,luz,,LUZ,,,djavan,
Luz,Djavan,luz,,LUZ,T-040.279.887-1,,djavan,t-040.279.887-1
Sugar,Robin Schulz,sugar,,SUGAR,T-039.948.077-3,,robin schulz,t-039.948.077-3
Cabeça Erguida,"Cynthia Luz,Drik Barbosa,Lourena",cabeca erguida,,CABEÇA ERGUIDA,T-317.794.109-8,,"cynthia luz,drik barbosa,lourena",t-317.794.109-8
Macetando,"Ivete Sangalo,Ludmilla",macetando,,MACETANDO,T-318.000.000-0,,"ivete sangalo,ludmilla",t-318.000.000-0
Terremoto,"Anitta,Mc Kevinho",terremoto,,TERREMOTO,T-307.297.647-3,,"anitta,mc kevinho",t-307.297.647-3
Andarilho,Majur,andarilho,,ANDARILHO,T-330.191.305-9,,majur,t-330.191.305-9
Primavera,"Francis Hime,Olivia Hime",primavera,,PRIMAVERA,T-330.191.323-1,,"francis hime,olivia hime",t-330.191.323-1
Primavera,"Francis Hime,Olivia Hime",primavera,,PRIMAVERA,T-040.160.962-8,,"francis hime,olivia hime",t-040.160.962-8
Morena,Clayton & Romário,morena,,MORENA,,,clayton & romario,
Morena,Clayton & Romário,morena,,MORENA,T-312.550.698-7,,clayton & romario,t-312.550.698-7
Luz,Djavan,luz,,LUZ,T-040.285.617-0,,djavan,t-040.285.617-0
Luz,Djavan,luz,,LUZ,,,djavan,
Luz,Djavan,luz,,LUZ,T-040.279.887-1,,djavan,t-040.279.887-1
Idgaf,Dua Lipa,idgaf,,IDGAF,T-304.308.877-9,,dua lipa,t-304.308.877-9
Letícia,"Duguinho Do Acordeon,Jota Reis,Samir Trindade,Saymon Marques",leticia,,LETICIA,T-039.948.058-0,,"duguinho do acordeon,jota reis,samir trindade,saymon marques",t-039.948.058-0
Cabeça Erguida,"Cynthia Luz,Drik Barbosa,Lourena",cabeca erguida,,CABEÇA ERGUIDA,T-317.794.109-8,,"cynthia luz,drik barbosa,lourena",t-317.794.109-8
Baile De Favela,Mc João,baile de favela,,BAILE DE FAVELA,T-303.383.693-6,,mc joao,t-303.383.693-6
Do Lado De Cá,Chimarruts,do lado de ca,,DO LADO DE CÁ,,,chimarruts,
Primavera,"Francis Hime,Olivia Hime",primavera,,PRIMAVERA,T-330.191.323-1,,"francis hime,olivia hime",t-330.191.323-1
Primavera,"Francis Hime,Olivia Hime",primavera,,PRIMAVERA,T-040.160.962-8,,"francis hime,olivia hime",t-040.160.962-8
Aurora,Simone Lial,aurora,,AURORA,,,simone lial,
Pegando Fogo,Simone Lial,pegando fogo,,PEGANDO FOGO,T-305.213.998-3,,simone lial,t-305.213.998-3
Invisível,Jovem Dionisio,invisivel,,INVISÍVEL,T-327.329.923-9,,jovem dionisio,t-327.329.923-9
Sinto Muito,Jovem Dionisio,sinto muito,,SINTO MUITO,T-325.460.763-7,,jovem dionisio,t-325.460.763-7
Sebastiana,Luiz Gonzaga,sebastiana,,SEBASTIANA,,,luiz gonzaga,
Girassol,Fábio Porchat,girassol,,GIRASSOL,T-335.572.256-0,,fabio porchat,t-335.572.256-0
Doce,Jão,doce,,DOCE,,,jao,
Doce,Jão,doce,,DOCE,T-313.795.621-5,,jao,t-313.795.621-5
Cabeça Erguida,"Cynthia Luz,Drik Barbosa,Lourena",cabeca erguida,,CABEÇA ERGUIDA,T-317.794.109-8,,"cynthia luz,drik barbosa,lourena",t-317.794.109-8
Sugar,Maroon 5,sugar,,SUGAR,T-039.948.077-3,,maroon 5,t-039.948.077-3
Terremoto,"Anitta,Mc Kevinho",terremoto,,TERREMOTO,T-307.297.647-3,,"anitta,mc kevinho",t-307.297.647-3
Vitória,Vital,vitoria,,VITÓRIA,,,vital,
Primavera,"Francis Hime,Olivia Hime",primavera,,PRIMAVERA,T-330.191.323-1,,"francis hime,olivia hime",t-330.191.323-1
Primavera,"Francis Hime,Olivia Hime",primavera,,PRIMAVERA,T-040.160.962-8,,"francis hime,olivia hime",t-040.160.962-8
Aurora,Simone Lial,aurora,,AURORA,,,simone lial,
Pegando Fogo,Simone Lial,pegando fogo,,PEGANDO FOGO,T-305.213.998-3,,simone lial,t-305.213.998-3
Saudade,Day Macedo,saudade,,SAUDADE,T-306.509.964-7,,day macedo,t-306.509.964-7
Saudade,Day Macedo,saudade,,SAUDADE,T-039.751.632-3,,day macedo,t-039.751.632-3
Saudade,Day Macedo,saudade,,SAUDADE,,,day macedo,
Saudade,Day Macedo,saudade,,SAUDADE,T-305.264.938-0,,day macedo,t-305.264.938-0
Luz,Djavan,luz,,LUZ,T-040.285.617-0,,djavan,t-040.285.617-0
Luz,Djavan,luz,,LUZ,,,djavan,
Luz,Djavan,luz,,LUZ,T-040.279.887-1,,djavan,t-040.279.887-1
Sugar,Robin Schulz,sugar,,SUGAR,T-039.948.077-3,,robin schulz,t-039.948.077-3
Cabeça Erguida,"Cynthia Luz,Drik Barbosa,Lourena",cabeca erguida,,CABEÇA ERGUIDA,T-317.794.109-8,,"cynthia luz,drik barbosa,lourena",t-317.794.109-8
Baile De Favela,Mc João,baile de favela,,BAILE DE FAVELA,T-303.383.693-6,,mc joao,t-303.383.693-6
Sugar,Robin Schulz,sugar,,SUGAR,T-039.948.077-3,,robin schulz,t-039.948.077-3
Brisa,Iza,brisa,,BRISA,T-315.799.145-8,,iza,t-315.799.145-8
Brisa,Iza,brisa,,BRISA,T-316.180.981-6,,iza,t-316.180.981-6
Brisa,Iza,brisa,,BRISA,T-326.766.166-1,,iza,t-326.766.166-1
Andarilho,Majur,andarilho,,ANDARILHO,T-330.191.305-9,,majur,t-330.191.305-9
Vitória,Vital,vitoria,,VITÓRIA,,,vital,
Agradece,Marina Peralta,agradece,,AGRADECE,T-040.279.886-0,,marina peralta,t-040.279.886-0
Demarcação,Marina Peralta,demarcacao,,DEMARCAÇÃO,T-313.247.524-8,,marina peralta,t-313.247.524-8
Ela Encanta,Marina Peralta,ela encanta,,ELA ENCANTA,T-040.279.892-8,,marina peralta,t-040.279.892-8
Garoa,Marina Peralta,garoa,,GAROA,T-040.279.889-3,,marina peralta,t-040.279.889-3
Larga-Te,Marina Peralta,larga-te,,LARGA-TE,T-335.236.280-8,,marina peralta,t-335.236.280-8
Mama Respect,Marina Peralta,mama respect,,MAMA RESPECT,T-040.437.544-5,,marina peralta,t-040.437.544-5
Mulheres No Controle,Marina Peralta,mulheres no controle,,MULHERES NO CONTROLE,T-305.619.569-4,,marina peralta,t-305.619.569-4
Pay Attention,Marina Peralta,pay attention,,PAY ATTENTION,T-304.710.519-7,,marina peralta,t-304.710.519-7
Peço Licença,Marina Peralta,peco licenca,,PEÇO LICENÇA,T-335.361.863-6,,marina peralta,t-335.361.863-6
Saudade,Day Macedo,saudade,,SAUDADE,T-306.509.964-7,,day macedo,t-306.509.964-7
Saudade,Day Macedo,saudade,,SAUDADE,T-039.751.632-3,,day macedo,t-039.751.632-3
Saudade,Day Macedo,saudade,,SAUDADE,,,day macedo,
Saudade,Day Macedo,saudade,,SAUDADE,T-305.264.938-0,,day macedo,t-305.264.938-0
Luz,Djavan,luz,,LUZ,T-040.285.617-0,,djavan,t-040.285.617-0
Luz,Djavan,luz,,LUZ,,,djavan,
Luz,Djavan,luz,,LUZ,T-040.279.887-1,,djavan,t-040.279.887-1
Sebastiana,Luiz Gonzaga,sebastiana,,SEBASTIANA,,,luiz gonzaga,
Idgaf,"Brendon Urie,Ciara O'connor,Dua Lipa,Maitre Gims,Mnek,Noah A Seelmann,Saweetie,Todd Sherman Clark,Uzoechi Osisioma Emenike",idgaf,,IDGAF,T-304.308.877-9,,"brendon urie,ciara o'connor,dua lipa,maitre gims,mnek,noah a seelmann,saweetie,todd sherman clark,uzoechi osisioma emenike",t-304.308.877-9
Girassol,Fábio Porchat,girassol,,GIRASSOL,T-335.572.256-0,,fabio porchat,t-335.572.256-0
Espelho,João Nogueira,espelho,,ESPELHO,T-931.652.333-8,,joao nogueira,t-931.652.333-8
Espelho,João Nogueira,espelho,,ESPELHO,T-335.571.845-1,,joao nogueira,t-335.571.845-1
Vermelho,Rodrigo Sant'anna,vermelho,,VERMELHO,T-313.315.106-7,,rodrigo sant'anna,t-313.315.106-7
Baile De Favela,Mc João,baile de favela,,BAILE DE FAVELA,T-303.383.693-6,,mc joao,t-303.383.693-6
Doce,Posada E O Clã,doce,,DOCE,,,posada e o cla,
Doce,Posada E O Clã,doce,,DOCE,T-313.795.621-5,,posada e o cla,t-313.795.621-5
Faxina,Posada E O Clã,faxina,,FAXINA,T-040.275.773-6,,posada e o cla,t-040.275.773-6
Camomila,Kell Smith,camomila,,CAMOMILA,T-322.010.798-8,,kell smith,t-322.010.798-8
Sebastiana,Luiz Gonzaga,sebastiana,,SEBASTIANA,,,luiz gonzaga,
Te Prometo,"Dennis Dj,Mc Don Juan",te prometo,,TE PROMETO,T-313.277.717-0,,"dennis dj,mc don juan",t-313.277.717-0
Sugar,Maroon 5,sugar,,SUGAR,T-039.948.077-3,,maroon 5,t-039.948.077-3
Summertime,Personagem Tieta,summertime,,SUMMERTIME,T-317.793.940-7,,personagem tieta,t-317.793.940-7
Summertime,Personagem Tieta,summertime,,SUMMERTIME,T-317.793.940-7,,personagem tieta,t-317.793.940-7
Criminal,Britney Spears,criminal,,CRIMINAL,T-932.737.486-7,,britney spears,t-932.737.486-7
Opening,Bruce Brubaker,opening,,OPENING,,,bruce brubaker,
Leticia,Ze Vaqueiro,leticia,,LETICIA,T-039.948.058-0,,ze vaqueiro,t-039.948.058-0
Mais Uma Vez,Marisa Monte,mais uma vez,,MAIS UMA VEZ,T-330.191.320-8,,marisa monte,t-330.191.320-8
Tudo,Liniker,tudo,,TUDO,T-301.718.723-0,,liniker,t-301.718.723-0
Perfume,Belo,perfume,,PERFUME,T-305.215.262-8,,belo,t-305.215.262-8
Fetiche,Lauana Prado,fetiche,,FETICHE,T-316.009.896-0,,lauana prado,t-316.009.896-0
Sou Eu,Ludmilla,sou eu,,SOU EU,T-042.615.532-9,,ludmilla,t-042.615.532-9
Fuleragem,Mc Wm,fuleragem,,FULERAGEM,T-305.214.250-0,,mc wm,t-305.214.250-0
Maquina Do Tempo,Matue,maquina do tempo,,MAQUINA DO TEMPO,T-040.341.279-2,,matue,t-040.341.279-2
Maquina Do Tempo,Matue,maquina do tempo,,MÁQUINA DO TEMPO,T-301.567.051-2,,matue,t-301.567.051-2
Sinais,Sorriso Maroto,sinais,,SINAIS,T-039.662.232-4,,sorriso maroto,t-039.662.232-4
Cabeca Erguida,"Cynthia Luz,Drik Barbosa,Lourena",cabeca erguida,,CABEÇA ERGUIDA,T-317.794.109-8,,"cynthia luz,drik barbosa,lourena",t-317.794.109-8
Mil Motivos,Rachel Novaes,mil motivos,,MIL MOTIVOS,,,rachel novaes,
Mil Motivos,Rachel Novaes,mil motivos,,MIL MOTIVOS,,,rachel novaes,
Maria,Roberta Miranda,maria,,MARIA,T-307.006.304-2,,roberta miranda,t-307.006.304-2
Maria,Roberta Miranda,maria,,MARIA,T-311.953.638-4,,roberta miranda,t-311.953.638-4
Alvorada,"Alcione,Cartola",alvorada,,ALVORADA,T-040.011.846-8,,"alcione,cartola",t-040.011.846-8
Alvorada,"Alcione,Cartola",alvorada,,ALVORADA,,,"alcione,cartola",
Copacabana,Salome Da Bahia,copacabana,,COPACABANA,,,salome da bahia,
Copacabana,Salome Da Bahia,copacabana,,COPACABANA,,,salome da bahia,
Copacabana,Salome Da Bahia,copacabana,,COPACABANA,,,salome da bahia,
Copacabana,Salome Da Bahia,copacabana,,COPACABANA,,,salome da bahia,
Copacabana,Salome Da Bahia,copacabana,,COPACABANA,,,salome da bahia,
Copacabana,Salome Da Bahia,copacabana,,COPACABANA,,,salome da bahia,
Copacabana,Salome Da Bahia,copacabana,,COPACABANA,,,salome da bahia,
Copacabana,Salome Da Bahia,copacabana,,COPACABANA,,,salome da bahia,
Copacabana,Salome Da Bahia,copacabana,,COPACABANA,,,salome da bahia,
Copacabana,Salome Da Bahia,copacabana,,COPACABANA,,,salome da bahia,
Copacabana,Salome Da Bahia,copacabana,,COPACABANA,,,salome da bahia,
Copacabana,Salome Da Bahia,copacabana,,COPACABANA,,,salome da bahia,
Copacabana,Salome Da Bahia,copacabana,,COPACABANA,,,salome da bahia,
Copacabana,Salome Da Bahia,copacabana,,COPACABANA,,,salome da bahia,
Copacabana,Salome Da Bahia,copacabana,,COPACABANA,,,salome da bahia,
Copacabana,Rex Gildo,copacabana,,COPACABANA,,,rex gildo,
Copacabana,Salome Da Bahia,copacabana,,COPACABANA,,,salome da bahia,
Copacabana,Salome Da Bahia,copacabana,,COPACABANA,,,salome da bahia,
Copacabana,Salome Da Bahia,copacabana,,COPACABANA,,,salome da bahia,
Copacabana,Rex Gildo,copacabana,,COPACABANA,,,rex gildo,
Tira A Camisa,"Elenco,Plateia",tira a camisa,,TIRA A CAMISA,T-040.165.605-0,,"elenco,plateia",t-040.165.605-0
Tempo,Elenco,tempo,,TEMPO,T-039.406.064-0,,elenco,t-039.406.064-0
Tempo,Elenco,tempo,,TEMPO,T-323.976.460-0,,elenco,t-323.976.460-0
Sebastiana,Anonimo,sebastiana,,SEBASTIANA,,,anonimo,
Sebastiana,Anonimo,sebastiana,,SEBASTIANA,,,anonimo,
Tempo,Lucy Alves,tempo,,TEMPO,T-039.406.064-0,,lucy alves,t-039.406.064-0
Tempo,Lucy Alves,tempo,,TEMPO,T-323.976.460-0,,lucy alves,t-323.976.460-0
Copacabana,Salome Da Bahia,copacabana,,COPACABANA,,,salome da bahia,
Copacabana,Salome Da Bahia,copacabana,,COPACABANA,,,salome da bahia,
Copacabana,Salome Da Bahia,copacabana,,COPACABANA,,,salome da bahia,
Carcara,Anonimo,carcara,,CARCARA,T-040.347.911-7,,anonimo,t-040.347.911-7
Carcara,Anonimo,carcara,,CARCARÁ,T-308.468.519-4,,anonimo,t-308.468.519-4
Ave Maria,Claudia Ohana,ave maria,,AVE MARIA,T-040.076.547-0,,claudia ohana,t-040.076.547-0
Aurora,Não Identificado,aurora,,AURORA,,,nao identificado,
Tempo,Elenco,tempo,,TEMPO,T-039.406.064-0,,elenco,t-039.406.064-0
Tempo,Elenco,tempo,,TEMPO,T-323.976.460-0,,elenco,t-323.976.460-0
Primavera,Não Identificado,primavera,,PRIMAVERA,T-330.191.323-1,,nao identificado,t-330.191.323-1
Primavera,Não Identificado,primavera,,PRIMAVERA,T-040.160.962-8,,nao identificado,t-040.160.962-8
Tempo,Lucy Alves,tempo,,TEMPO,T-039.406.064-0,,lucy alves,t-039.406.064-0
Tempo,Lucy Alves,tempo,,TEMPO,T-323.976.460-0,,lucy alves,t-323.976.460-0
Carcara,Anonimo,carcara,,CARCARA,T-040.347.911-7,,anonimo,t-040.347.911-7
Carcara,Anonimo,carcara,,CARCARÁ,T-308.468.519-4,,anonimo,t-308.468.519-4
Copacabana,Salome Da Bahia,copacabana,,COPACABANA,,,salome da bahia,
Copacabana,Salome Da Bahia,copacabana,,COPACABANA,,,salome da bahia,
Copacabana,Salome Da Bahia,copacabana,,COPACABANA,,,salome da bahia,
Copacabana,Salome Da Bahia,copacabana,,COPACABANA,,,salome da bahia,
Copacabana,Rex Gildo,copacabana,,COPACABANA,,,rex gildo,
Final Feliz,J. Eskine,final feliz,,FINAL FELIZ,T-315.996.147-0,,j. eskine,t-315.996.147-0
Carolina,"Pedrinho Do Cavaco,Rafael Portugal",carolina,,CAROLINA,,,"pedrinho do cavaco,rafael portugal",
Logo Eu,Natanzinho Lima,logo eu,,LOGO EU,,,natanzinho lima,
Te Amo,Wanderlea,te amo,,TE AMO,,,wanderlea,
Fama,Beth Lamas,fama,,FAMA,T-324.681.088-4,,beth lamas,t-324.681.088-4
Gratidao,L7Nnon,gratidao,,GRATIDÃO,T-305.217.523-8,,l7nnon,t-305.217.523-8
O Vento,Los Hermanos,o vento,,O VENTO,T-039.311.309-1,,los hermanos,t-039.311.309-1
Gatilho,Matheus & Kauan,gatilho,,GATILHO,T-327.661.162-8,,matheus & kauan,t-327.661.162-8
Aquelas Coisas,"João Mendes,Manu Bahtidão",aquelas coisas,,AQUELAS COISAS,T-317.817.145-0,,"joao mendes,manu bahtidao",t-317.817.145-0
Copacabana,Salome Da Bahia,copacabana,,COPACABANA,,,salome da bahia,
Copacabana,Salome Da Bahia,copacabana,,COPACABANA,,,salome da bahia,
Copacabana,Rex Gildo,copacabana,,COPACABANA,,,rex gildo,
Maravilhosa,Ze Vaqueiro,maravilhosa,,MARAVILHOSA,T-306.797.414-1,,ze vaqueiro,t-306.797.414-1
Felicidade,Personagem Foguinho,felicidade,,FELICIDADE,,,personagem foguinho,
Felicidade,Rita Lee,felicidade,,FELICIDADE,,,rita lee,
Rosa,Não Identificado,rosa,,ROSA,T-039.167.643-9,,nao identificado,t-039.167.643-9
Baile De Favela,Mc Joao,baile de favela,,BAILE DE FAVELA,T-303.383.693-6,,mc joao,t-303.383.693-6
Sebastiana,Anonimo,sebastiana,,SEBASTIANA,,,anonimo,
Copacabana,Salome Da Bahia,copacabana,,COPACABANA,,,salome da bahia,
Caras E Bocas,Chicas,caras e bocas,,CARAS E BOCAS,T-042.817.834-0,,chicas,t-042.817.834-0
Pantanal,Maria Bethania,pantanal,,PANTANAL,T-318.464.891-3,,maria bethania,t-318.464.891-3
Sebastiana,Anonimo,sebastiana,,SEBASTIANA,,,anonimo,
Sebastiana,Anonimo,sebastiana,,SEBASTIANA,,,anonimo,
Vida,Padre Fabio De Melo,vida,,VIDA,,,padre fabio de melo,
Malandramente,Elenco Vai Que Cola,malandramente,,MALANDRAMENTE,T-308.115.009-2,,elenco vai que cola,t-308.115.009-2
Vinganca,Linda Batista,vinganca,,VINGANÇA,T-040.226.902-6,,linda batista,t-040.226.902-6
Vem Na Minha,Kelly Key,vem na minha,,VEM NA MINHA,T-042.817.833-9,,kelly key,t-042.817.833-9
Minueto,Não Identificado,minueto,,MINUETO,T-039.167.536-7,,nao identificado,t-039.167.536-7
Máscara,Day,mascara,,MÁSCARA,,,day,
Verdade,Karinah,verdade,,VERDADE,T-302.003.913-4,,karinah,t-302.003.913-4
Sonho,Não Identificado,sonho,,SONHO,T-039.218.960-4,,nao identificado,t-039.218.960-4
Sonho,Não Identificado,sonho,,SONHO,,,nao identificado,
Macetando,"Ivete Sangalo,Ludmilla",macetando,,MACETANDO,T-318.000.000-0,,"ivete sangalo,ludmilla",t-318.000.000-0
2020,Sbtrkt,2020,,2020,T-301.721.117-1,,sbtrkt,t-301.721.117-1
2020,Sbtrkt,2020,,2020,,,sbtrkt,
Dança Do Pombo,Mc Faisca,danca do pombo,,DANÇA DO POMBO,T-315.906.851-2,,mc faisca,t-315.906.851-2
Sebastiana,Luiz Gonzaga,sebastiana,,SEBASTIANA,,,luiz gonzaga,
Coragem,Diogo Nogueira,coragem,,CORAGEM,T-040.522.266-3,,diogo nogueira,t-040.522.266-3
Coragem,Diogo Nogueira,coragem,,CORAGEM,,,diogo nogueira,
Rio Babilônia,Jorge Ben Jor,rio babilonia,,RIO BABILÔNIA,T-311.596.075-9,,jorge ben jor,t-311.596.075-9
Bem Te Vi,Tetê Espíndola,bem te vi,,BEM TE VI,T-315.798.949-2,,tete espindola,t-315.798.949-2
Coragem,Diogo Nogueira,coragem,,CORAGEM,T-040.522.266-3,,diogo nogueira,t-040.522.266-3
Coragem,Diogo Nogueira,coragem,,CORAGEM,,,diogo nogueira,
Revoada,Quinteto Armorial,revoada,,REVOADA,T-306.358.236-1,,quinteto armorial,t-306.358.236-1
Bem Te Vi,Tetê Espíndola,bem te vi,,BEM TE VI,T-315.798.949-2,,tete espindola,t-315.798.949-2
Sebastiana,Luiz Gonzaga,sebastiana,,SEBASTIANA,,,luiz gonzaga,
Revoada,Quinteto Armorial,revoada,,REVOADA,T-306.358.236-1,,quinteto armorial,t-306.358.236-1
Coragem,Diogo Nogueira,coragem,,CORAGEM,T-040.522.266-3,,diogo nogueira,t-040.522.266-3
Coragem,Diogo Nogueira,coragem,,CORAGEM,,,diogo nogueira,
Tudo,Liniker,tudo,,TUDO,T-301.718.723-0,,liniker,t-301.718.723-0
Coragem,Diogo Nogueira,coragem,,CORAGEM,T-040.522.266-3,,diogo nogueira,t-040.522.266-3
Coragem,Diogo Nogueira,coragem,,CORAGEM,,,diogo nogueira,
Revoada,Quinteto Armorial,revoada,,REVOADA,T-306.358.236-1,,quinteto armorial,t-306.358.236-1
Coragem,Diogo Nogueira,coragem,,CORAGEM,T-040.522.266-3,,diogo nogueira,t-040.522.266-3
Coragem,Diogo Nogueira,coragem,,CORAGEM,,,diogo nogueira,
Sebastiana,Luiz Gonzaga,sebastiana,,SEBASTIANA,,,luiz gonzaga,
Coragem,Diogo Nogueira,coragem,,CORAGEM,T-040.522.266-3,,diogo nogueira,t-040.522.266-3
Coragem,Diogo Nogueira,coragem,,CORAGEM,,,diogo nogueira,
Rio Babilônia,Jorge Ben Jor,rio babilonia,,RIO BABILÔNIA,T-311.596.075-9,,jorge ben jor,t-311.596.075-9
Tudo,Liniker,tudo,,TUDO,T-301.718.723-0,,liniker,t-301.718.723-0
Fetiche,Baco Exu Do Blues,fetiche,,FETICHE,T-316.009.896-0,,baco exu do blues,t-316.009.896-0
Fetiche,Baco Exu Do Blues,fetiche,,FETICHE,T-316.009.896-0,,baco exu do blues,t-316.009.896-0
Macetando,"Ivete Sangalo,Ludmilla",macetando,,MACETANDO,T-318.000.000-0,,"ivete sangalo,ludmilla",t-318.000.000-0
Idgaf,"Brendon Urie,Ciara O'connor,Dua Lipa,Maitre Gims,Mnek,Noah A Seelmann,Saweetie,Todd Sherman Clark,Uzoechi Osisioma Emenike",idgaf,,IDGAF,T-304.308.877-9,,"brendon urie,ciara o'connor,dua lipa,maitre gims,mnek,noah a seelmann,saweetie,todd sherman clark,uzoechi osisioma emenike",t-304.308.877-9
É O Que Me Interessa,Lenine,e o que me interessa,,E O QUE ME INTERESSA,T-042.618.597-8,,lenine,t-042.618.597-8
Essa É Pra Você,Arthur Espindola,essa e pra voce,,ESSA É PRA VOCE,T-040.048.737-7,,arthur espindola,t-040.048.737-7
Vermelho,Chico Da Silva,vermelho,,VERMELHO,T-313.315.106-7,,chico da silva,t-313.315.106-7
Maria,Roberta Miranda,maria,,MARIA,T-307.006.304-2,,roberta miranda,t-307.006.304-2
Maria,Roberta Miranda,maria,,MARIA,T-311.953.638-4,,roberta miranda,t-311.953.638-4
Essa É Pra Você,Arthur Espindola,essa e pra voce,,ESSA É PRA VOCE,T-040.048.737-7,,arthur espindola,t-040.048.737-7
Vermelho,Chico Da Silva,vermelho,,VERMELHO,T-313.315.106-7,,chico da silva,t-313.315.106-7
Simbolo Da Paz,Ventania,simbolo da paz,,SÍMBOLO DA PAZ,,,ventania,
Paciência,"Alcione,Ferrugem",paciencia,,PACIENCIA,T-039.497.721-9,,"alcione,ferrugem",t-039.497.721-9
Paciência,"Alcione,Ferrugem",paciencia,,PACIÊNCIA,T-040.522.253-8,,"alcione,ferrugem",t-040.522.253-8
Sugar,Maroon 5,sugar,,SUGAR,T-039.948.077-3,,maroon 5,t-039.948.077-3
Idgaf,Dua Lipa,idgaf,,IDGAF,T-304.308.877-9,,dua lipa,t-304.308.877-9
Maria,Roberta Miranda,maria,,MARIA,T-307.006.304-2,,roberta miranda,t-307.006.304-2
Maria,Roberta Miranda,maria,,MARIA,T-311.953.638-4,,roberta miranda,t-311.953.638-4
Essa É Pra Você,Arthur Espindola,essa e pra voce,,ESSA É PRA VOCE,T-040.048.737-7,,arthur espindola,t-040.048.737-7
Vermelho,Chico Da Silva,vermelho,,VERMELHO,T-313.315.106-7,,chico da silva,t-313.315.106-7
Maria,Roberta Miranda,maria,,MARIA,T-307.006.304-2,,roberta miranda,t-307.006.304-2
Maria,Roberta Miranda,maria,,MARIA,T-311.953.638-4,,roberta miranda,t-311.953.638-4
Paciência,"Alcione,Ferrugem",paciencia,,PACIENCIA,T-039.497.721-9,,"alcione,ferrugem",t-039.497.721-9
Paciência,"Alcione,Ferrugem",paciencia,,PACIÊNCIA,T-040.522.253-8,,"alcione,ferrugem",t-040.522.253-8
Felicidade,Seu Jorge,felicidade,,FELICIDADE,,,seu jorge,
Alvorada,Teresa Cristina,alvorada,,ALVORADA,T-040.011.846-8,,teresa cristina,t-040.011.846-8
Alvorada,Teresa Cristina,alvorada,,ALVORADA,,,teresa cristina,
Travessia,Milton Nascimento,travessia,,TRAVESSIA,T-313.642.509-3,,milton nascimento,t-313.642.509-3
Felicidade,Seu Jorge,felicidade,,FELICIDADE,,,seu jorge,
Alvorada,Teresa Cristina,alvorada,,ALVORADA,T-040.011.846-8,,teresa cristina,t-040.011.846-8
Alvorada,Teresa Cristina,alvorada,,ALVORADA,,,teresa cristina,
Vencedor,Calcinha Preta,vencedor,,VENCEDOR,T-313.263.562-8,,calcinha preta,t-313.263.562-8
Alvorada,Cartola,alvorada,,ALVORADA,T-040.011.846-8,,cartola,t-040.011.846-8
Alvorada,Cartola,alvorada,,ALVORADA,,,cartola,
Pantanal,Personagem Juma,pantanal,,PANTANAL,T-318.464.891-3,,personagem juma,t-318.464.891-3
Perfume,Soweto,perfume,,PERFUME,T-305.215.262-8,,soweto,t-305.215.262-8
Corda Bamba,"Ivete Sangalo,Iza",corda bamba,,CORDA BAMBA,T-335.571.849-5,,"ivete sangalo,iza",t-335.571.849-5
Terremoto,"Anitta,Mc Kevinho",terremoto,,TERREMOTO,T-307.297.647-3,,"anitta,mc kevinho",t-307.297.647-3
Reforma,"Manim Vaqueiro,Thiago Freitas",reforma,,REFORMA,T-040.275.778-1,,"manim vaqueiro,thiago freitas",t-040.275.778-1
Beijinho No Ombro,Valesca Popozuda,beijinho no ombro,,BEIJINHO NO OMBRO,T-311.569.064-3,,valesca popozuda,t-311.569.064-3
Corda Bamba,"Ivete Sangalo,Iza",corda bamba,,CORDA BAMBA,T-335.571.849-5,,"ivete sangalo,iza",t-335.571.849-5
Terremoto,"Anitta,Mc Kevinho",terremoto,,TERREMOTO,T-307.297.647-3,,"anitta,mc kevinho",t-307.297.647-3
Temporal,Thiaguinho,temporal,,TEMPORAL,T-307.003.180-6,,thiaguinho,t-307.003.180-6
Beijinho No Ombro,Valesca Popozuda,beijinho no ombro,,BEIJINHO NO OMBRO,T-311.569.064-3,,valesca popozuda,t-311.569.064-3
Downtown,"Anitta,J Balvin",downtown,,DOWNTOWN,,,"anitta,j balvin",
Socadona,"Ludmilla,Mariah Angeliq,Mr. Vegas,Topo La Maskara",socadona,,SOCADONA,T-305.217.548-7,,"ludmilla,mariah angeliq,mr. vegas,topo la maskara",t-305.217.548-7
Socadona,"Ludmilla,Mariah Angeliq,Mr. Vegas,Topo La Maskara",socadona,,SOCADONA,,,"ludmilla,mariah angeliq,mr. vegas,topo la maskara",
Malvada,Zé Felipe,malvada,,MALVADA,T-303.019.880-8,,ze felipe,t-303.019.880-8
Malvada,Zé Felipe,malvada,,MALVADA,,,ze felipe,
Downtown,"Anitta,J Balvin",downtown,,DOWNTOWN,,,"anitta,j balvin",
Inquilino,Naiara Azevedo Part. Zé Neto & Cristiano,inquilino,,INQUILINO,T-315.996.161-8,,naiara azevedo part. ze neto & cristiano,t-315.996.161-8
Macetando,"Ivete Sangalo,Ludmilla",macetando,,MACETANDO,T-318.000.000-0,,"ivete sangalo,ludmilla",t-318.000.000-0
Brisa,Iza,brisa,,BRISA,T-315.799.145-8,,iza,t-315.799.145-8
Brisa,Iza,brisa,,BRISA,T-316.180.981-6,,iza,t-316.180.981-6
Brisa,Iza,brisa,,BRISA,T-326.766.166-1,,iza,t-326.766.166-1
Malvada,Zé Felipe,malvada,,MALVADA,T-303.019.880-8,,ze felipe,t-303.019.880-8
Malvada,Zé Felipe,malvada,,MALVADA,,,ze felipe,
Inquilino,Naiara Azevedo Part. Zé Neto & Cristiano,inquilino,,INQUILINO,T-315.996.161-8,,naiara azevedo part. ze neto & cristiano,t-315.996.161-8
Macetando,"Ivete Sangalo,Ludmilla",macetando,,MACETANDO,T-318.000.000-0,,"ivete sangalo,ludmilla",t-318.000.000-0
Amigo,Elenco Família Paraíso,amigo,,AMIGO,,,elenco familia paraiso,
Beijinho No Ombro,Valesca Popozuda,beijinho no ombro,,BEIJINHO NO OMBRO,T-311.569.064-3,,valesca popozuda,t-311.569.064-3
Corda Bamba,Iza,corda bamba,,CORDA BAMBA,T-335.571.849-5,,iza,t-335.571.849-5
Sugar,Robin Schulz,sugar,,SUGAR,T-039.948.077-3,,robin schulz,t-039.948.077-3
Brisa,Iza,brisa,,BRISA,T-315.799.145-8,,iza,t-315.799.145-8
Brisa,Iza,brisa,,BRISA,T-316.180.981-6,,iza,t-316.180.981-6
Brisa,Iza,brisa,,BRISA,T-326.766.166-1,,iza,t-326.766.166-1
Beijinho No Ombro,"Marcus Majella,Valesca Popozuda",beijinho no ombro,,BEIJINHO NO OMBRO,T-311.569.064-3,,"marcus majella,valesca popozuda",t-311.569.064-3
Malvada,Zé Felipe,malvada,,MALVADA,T-303.019.880-8,,ze felipe,t-303.019.880-8
Malvada,Zé Felipe,malvada,,MALVADA,,,ze felipe,
Inquilino,Naiara Azevedo Part. Zé Neto & Cristiano,inquilino,,INQUILINO,T-315.996.161-8,,naiara azevedo part. ze neto & cristiano,t-315.996.161-8
Beijinho No Ombro,Valesca Popozuda,beijinho no ombro,,BEIJINHO NO OMBRO,T-311.569.064-3,,valesca popozuda,t-311.569.064-3
Corda Bamba,Iza,corda bamba,,CORDA BAMBA,T-335.571.849-5,,iza,t-335.571.849-5
Brisa,Iza,brisa,,BRISA,T-315.799.145-8,,iza,t-315.799.145-8
Brisa,Iza,brisa,,BRISA,T-316.180.981-6,,iza,t-316.180.981-6
Brisa,Iza,brisa,,BRISA,T-326.766.166-1,,iza,t-326.766.166-1
Malvada,Zé Felipe,malvada,,MALVADA,T-303.019.880-8,,ze felipe,t-303.019.880-8
Malvada,Zé Felipe,malvada,,MALVADA,,,ze felipe,
Inquilino,Naiara Azevedo Part. Zé Neto & Cristiano,inquilino,,INQUILINO,T-315.996.161-8,,naiara azevedo part. ze neto & cristiano,t-315.996.161-8
Brisa,Iza,brisa,,BRISA,T-315.799.145-8,,iza,t-315.799.145-8
Brisa,Iza,brisa,,BRISA,T-316.180.981-6,,iza,t-316.180.981-6
Brisa,Iza,brisa,,BRISA,T-326.766.166-1,,iza,t-326.766.166-1
Amigo,Elenco Família Paraíso,amigo,,AMIGO,,,elenco familia paraiso,
Dança Do Maxixe,Companhia Do Pagode,danca do maxixe,,DANÇA DO MAXIXE,,,companhia do pagode,
Treme Treme,"As Gêmeas Lacração,Mc Loma",treme treme,,TREME TREME,,,"as gemeas lacracao,mc loma",
Fuleragem,Mc Wm,fuleragem,,FULERAGEM,T-305.214.250-0,,mc wm,t-305.214.250-0
Sugar,Robin Schulz,sugar,,SUGAR,T-039.948.077-3,,robin schulz,t-039.948.077-3
Beijinho No Ombro,"Marcus Majella,Valesca Popozuda",beijinho no ombro,,BEIJINHO NO OMBRO,T-311.569.064-3,,"marcus majella,valesca popozuda",t-311.569.064-3
Beijinho No Ombro,Valesca Popozuda,beijinho no ombro,,BEIJINHO NO OMBRO,T-311.569.064-3,,valesca popozuda,t-311.569.064-3
Corda Bamba,Iza,corda bamba,,CORDA BAMBA,T-335.571.849-5,,iza,t-335.571.849-5
Sugar,Maroon 5,sugar,,SUGAR,T-039.948.077-3,,maroon 5,t-039.948.077-3
Vermelho,Gloria Groove,vermelho,,VERMELHO,T-313.315.106-7,,gloria groove,t-313.315.106-7
Sentou E Gostou,"Dj Rd,Mc Jottapê,Mc M10",sentou e gostou,,SENTOU E GOSTOU,T-303.761.734-4,,"dj rd,mc jottape,mc m10",t-303.761.734-4
Fuleragem,Mc Wm,fuleragem,,FULERAGEM,T-305.214.250-0,,mc wm,t-305.214.250-0
Sugar,Maroon 5,sugar,,SUGAR,T-039.948.077-3,,maroon 5,t-039.948.077-3
Sugar,Maroon 5,sugar,,SUGAR,T-039.948.077-3,,maroon 5,t-039.948.077-3
Vermelho,Gloria Groove,vermelho,,VERMELHO,T-313.315.106-7,,gloria groove,t-313.315.106-7
Armadilha,Péricles,armadilha,,ARMADILHA,,,pericles,
Sentou E Gostou,"Dj Rd,Mc Jottapê,Mc M10",sentou e gostou,,SENTOU E GOSTOU,T-303.761.734-4,,"dj rd,mc jottape,mc m10",t-303.761.734-4
Fuleragem,Mc Wm,fuleragem,,FULERAGEM,T-305.214.250-0,,mc wm,t-305.214.250-0
Sugar,Maroon 5,sugar,,SUGAR,T-039.948.077-3,,maroon 5,t-039.948.077-3
Tudo,Liniker,tudo,,TUDO,T-301.718.723-0,,liniker,t-301.718.723-0
Armadilha,Péricles,armadilha,,ARMADILHA,,,pericles,
Dança Do Maxixe,Companhia Do Pagode,danca do maxixe,,DANÇA DO MAXIXE,,,companhia do pagode,
Treme Treme,"As Gêmeas Lacração,Mc Loma",treme treme,,TREME TREME,,,"as gemeas lacracao,mc loma",
Fuleragem,Mc Wm,fuleragem,,FULERAGEM,T-305.214.250-0,,mc wm,t-305.214.250-0
Sentou E Gostou,"Dj Rd,Mc Jottapê,Mc M10",sentou e gostou,,SENTOU E GOSTOU,T-303.761.734-4,,"dj rd,mc jottape,mc m10",t-303.761.734-4
Fuleragem,Mc Wm,fuleragem,,FULERAGEM,T-305.214.250-0,,mc wm,t-305.214.250-0
Sugar,Maroon 5,sugar,,SUGAR,T-039.948.077-3,,maroon 5,t-039.948.077-3
Armadilha,Péricles,armadilha,,ARMADILHA,,,pericles,
Dança Do Maxixe,Companhia Do Pagode,danca do maxixe,,DANÇA DO MAXIXE,,,companhia do pagode,
Treme Treme,"As Gêmeas Lacração,Mc Loma",treme treme,,TREME TREME,,,"as gemeas lacracao,mc loma",
Fuleragem,Mc Wm,fuleragem,,FULERAGEM,T-305.214.250-0,,mc wm,t-305.214.250-0
Sentou E Gostou,"Dj Rd,Mc Jottapê,Mc M10",sentou e gostou,,SENTOU E GOSTOU,T-303.761.734-4,,"dj rd,mc jottape,mc m10",t-303.761.734-4
Fuleragem,Mc Wm,fuleragem,,FULERAGEM,T-305.214.250-0,,mc wm,t-305.214.250-0
Tudo,Liniker,tudo,,TUDO,T-301.718.723-0,,liniker,t-301.718.723-0
Armadilha,Péricles,armadilha,,ARMADILHA,,,pericles,
Carcará,Personagem Juma,carcara,,CARCARA,T-040.347.911-7,,personagem juma,t-040.347.911-7
Carcará,Personagem Juma,carcara,,CARCARÁ,T-308.468.519-4,,personagem juma,t-308.468.519-4
Máscara,Pitty,mascara,,MÁSCARA,,,pitty,
Dança Do Maxixe,Companhia Do Pagode,danca do maxixe,,DANÇA DO MAXIXE,,,companhia do pagode,
Treme Treme,"As Gêmeas Lacração,Mc Loma",treme treme,,TREME TREME,,,"as gemeas lacracao,mc loma",
Fuleragem,Mc Wm,fuleragem,,FULERAGEM,T-305.214.250-0,,mc wm,t-305.214.250-0
Carcará,Personagem Juma,carcara,,CARCARA,T-040.347.911-7,,personagem juma,t-040.347.911-7
Carcará,Personagem Juma,carcara,,CARCARÁ,T-308.468.519-4,,personagem juma,t-308.468.519-4
Máscara,Pitty,mascara,,MÁSCARA,,,pitty,
Terremoto,"Anitta,Mc Kevinho",terremoto,,TERREMOTO,T-307.297.647-3,,"anitta,mc kevinho",t-307.297.647-3
Terremoto,"Anitta,Mc Kevinho",terremoto,,TERREMOTO,T-307.297.647-3,,"anitta,mc kevinho",t-307.297.647-3
Amanhã,"Reginaldo Rossi,Roberta Miranda",amanha,,AMANHÃ,T-307.004.953-1,,"reginaldo rossi,roberta miranda",t-307.004.953-1
Carcará,Personagem Juma,carcara,,CARCARA,T-040.347.911-7,,personagem juma,t-040.347.911-7
Carcará,Personagem Juma,carcara,,CARCARÁ,T-308.468.519-4,,personagem juma,t-308.468.519-4
Máscara,Pitty,mascara,,MÁSCARA,,,pitty,
Malandramente,"Dennis Dj,Nandinho,Nego Bam",malandramente,,MALANDRAMENTE,T-308.115.009-2,,"dennis dj,nandinho,nego bam",t-308.115.009-2
Terremoto,"Anitta,Mc Kevinho",terremoto,,TERREMOTO,T-307.297.647-3,,"anitta,mc kevinho",t-307.297.647-3
Amanhã,"Reginaldo Rossi,Roberta Miranda",amanha,,AMANHÃ,T-307.004.953-1,,"reginaldo rossi,roberta miranda",t-307.004.953-1
Carcará,Personagem Juma,carcara,,CARCARA,T-040.347.911-7,,personagem juma,t-040.347.911-7
Carcará,Personagem Juma,carcara,,CARCARÁ,T-308.468.519-4,,personagem juma,t-308.468.519-4
Máscara,Pitty,mascara,,MÁSCARA,,,pitty,
Combate,"Aldair Playboy,Mc Wm",combate,,COMBATE,T-306.803.836-4,,"aldair playboy,mc wm",t-306.803.836-4
Terremoto,"Anitta,Mc Kevinho",terremoto,,TERREMOTO,T-307.297.647-3,,"anitta,mc kevinho",t-307.297.647-3
Carcará,Personagem Juma,carcara,,CARCARA,T-040.347.911-7,,personagem juma,t-040.347.911-7
Carcará,Personagem Juma,carcara,,CARCARÁ,T-308.468.519-4,,personagem juma,t-308.468.519-4
Máscara,Pitty,mascara,,MÁSCARA,,,pitty,
Combate,"Aldair Playboy,Mc Wm",combate,,COMBATE,T-306.803.836-4,,"aldair playboy,mc wm",t-306.803.836-4
Malandramente,"Dennis Dj,Nandinho,Nego Bam",malandramente,,MALANDRAMENTE,T-308.115.009-2,,"dennis dj,nandinho,nego bam",t-308.115.009-2
Terremoto,"Anitta,Mc Kevinho",terremoto,,TERREMOTO,T-307.297.647-3,,"anitta,mc kevinho",t-307.297.647-3
Até O Fim,"Banda Mahi,Markinho Duran",ate o fim,,ATE O FIM,T-042.023.019-8,,"banda mahi,markinho duran",t-042.023.019-8
Eu Vou,"Fábio Brazza,Txéllo",eu vou,,EU VOU,T-040.469.531-3,,"fabio brazza,txello",t-040.469.531-3
Terrorista,Sirena,terrorista,,TERRORISTA,T-932.265.309-8,,sirena,t-932.265.309-8
Terremoto,"Anitta,Mc Kevinho",terremoto,,TERREMOTO,T-307.297.647-3,,"anitta,mc kevinho",t-307.297.647-3
Malandramente,"Dennis Dj,Nandinho,Nego Bam",malandramente,,MALANDRAMENTE,T-308.115.009-2,,"dennis dj,nandinho,nego bam",t-308.115.009-2
Terremoto,"Anitta,Mc Kevinho",terremoto,,TERREMOTO,T-307.297.647-3,,"anitta,mc kevinho",t-307.297.647-3
Terremoto,"Anitta,Mc Kevinho",terremoto,,TERREMOTO,T-307.297.647-3,,"anitta,mc kevinho",t-307.297.647-3
Combate,"Aldair Playboy,Mc Wm",combate,,COMBATE,T-306.803.836-4,,"aldair playboy,mc wm",t-306.803.836-4
Terremoto,"Anitta,Mc Kevinho",terremoto,,TERREMOTO,T-307.297.647-3,,"anitta,mc kevinho",t-307.297.647-3
Verdade,Karinah,verdade,,VERDADE,T-302.003.913-4,,karinah,t-302.003.913-4
De Novo,Vitor Kley,de novo,,DE NOVO,T-319.876.158-5,,vitor kley,t-319.876.158-5
Era Uma Vez,Sandy & Junior,era uma vez,,ERA UMA VEZ,,,sandy & junior,
Maliciosa,Ludmilla,maliciosa,,MALICIOSA,T-308.115.017-2,,ludmilla,t-308.115.017-2
Beijinho No Ombro,Valesca Popozuda,beijinho no ombro,,BEIJINHO NO OMBRO,T-311.569.064-3,,valesca popozuda,t-311.569.064-3
Sentou E Gostou,"Dj Rd,Mc Jottapê,Mc M10",sentou e gostou,,SENTOU E GOSTOU,T-303.761.734-4,,"dj rd,mc jottape,mc m10",t-303.761.734-4
Fuleragem,Mc Wm,fuleragem,,FULERAGEM,T-305.214.250-0,,mc wm,t-305.214.250-0
Eu Vou Sentar,"Melody,Nattan",eu vou sentar,,EU VOU SENTAR,T-305.267.256-3,,"melody,nattan",t-305.267.256-3
Verdade,Karinah,verdade,,VERDADE,T-302.003.913-4,,karinah,t-302.003.913-4
De Novo,Vitor Kley,de novo,,DE NOVO,T-319.876.158-5,,vitor kley,t-319.876.158-5
Eu Vou Sentar,"Melody,Nattan",eu vou sentar,,EU VOU SENTAR,T-305.267.256-3,,"melody,nattan",t-305.267.256-3
São Paulo,"Anitta,Weeknd, The",sao paulo,,SÃO PAULO,,,"anitta,weeknd, the",
Fuleragem,Mc Wm,fuleragem,,FULERAGEM,T-305.214.250-0,,mc wm,t-305.214.250-0
Malandramente,"Dennis Dj,Nandinho,Nego Bam",malandramente,,MALANDRAMENTE,T-308.115.009-2,,"dennis dj,nandinho,nego bam",t-308.115.009-2
São Paulo,"Anitta,Weeknd, The",sao paulo,,SÃO PAULO,,,"anitta,weeknd, the",
Final Feliz,Plateia: Márcia Rosa,final feliz,,FINAL FELIZ,T-315.996.147-0,,plateia: marcia rosa,t-315.996.147-0
Brisa,"Andy Gercker,Evelyn Castro,Roberta Rodrigues,Rodrigo Sant'anna",brisa,,BRISA,T-315.799.145-8,,"andy gercker,evelyn castro,roberta rodrigues,rodrigo sant'anna",t-315.799.145-8
Brisa,"Andy Gercker,Evelyn Castro,Roberta Rodrigues,Rodrigo Sant'anna",brisa,,BRISA,T-316.180.981-6,,"andy gercker,evelyn castro,roberta rodrigues,rodrigo sant'anna",t-316.180.981-6
Brisa,"Andy Gercker,Evelyn Castro,Roberta Rodrigues,Rodrigo Sant'anna",brisa,,BRISA,T-326.766.166-1,,"andy gercker,evelyn castro,roberta rodrigues,rodrigo sant'anna",t-326.766.166-1
Treme Treme,"As Gêmeas Lacração,Mc Loma",treme treme,,TREME TREME,,,"as gemeas lacracao,mc loma",
Me Gusta,"Anitta,Cardi B,Myke Towers",me gusta,,ME GUSTA,,,"anitta,cardi b,myke towers",
Fuleragem,Mc Wm,fuleragem,,FULERAGEM,T-305.214.250-0,,mc wm,t-305.214.250-0
Pedra,Technobrass,pedra,,PEDRA,,,technobrass,
Dna,"Kills, The",dna,,DNA,,,"kills, the",
Pedra,Technobrass,pedra,,PEDRA,,,technobrass,
Dna,"Kills, The",dna,,DNA,,,"kills, the",
Pedra,Technobrass,pedra,,PEDRA,,,technobrass,
Dna,"Kills, The",dna,,DNA,,,"kills, the",
Baile De Favela,Mc João,baile de favela,,BAILE DE FAVELA,T-303.383.693-6,,mc joao,t-303.383.693-6
Baile De Favela,Mc João,baile de favela,,BAILE DE FAVELA,T-303.383.693-6,,mc joao,t-303.383.693-6
Baile De Favela,Mc João,baile de favela,,BAILE DE FAVELA,T-303.383.693-6,,mc joao,t-303.383.693-6
Baile De Favela,Mc João,baile de favela,,BAILE DE FAVELA,T-303.383.693-6,,mc joao,t-303.383.693-6
Baile De Favela,Mc João,baile de favela,,BAILE DE FAVELA,T-303.383.693-6,,mc joao,t-303.383.693-6
Baile De Favela,Mc João,baile de favela,,BAILE DE FAVELA,T-303.383.693-6,,mc joao,t-303.383.693-6
De Novo,Vitor Kley,de novo,,DE NOVO,T-319.876.158-5,,vitor kley,t-319.876.158-5
Socadona,Participantes,socadona,,SOCADONA,T-305.217.548-7,,participantes,t-305.217.548-7
Socadona,Participantes,socadona,,SOCADONA,,,participantes,
Praia,Murilo Huff,praia,,PRAIA,,,murilo huff,
Maravilhosa,Banda,maravilhosa,,MARAVILHOSA,T-306.797.414-1,,banda,t-306.797.414-1
Sexto Sentido,Joao Lucas,sexto sentido,,SEXTO SENTIDO,T-039.311.527-9,,joao lucas,t-039.311.527-9
Balanco,Nacao Zumbi,balanco,,BALANCO,T-039.828.191-8,,nacao zumbi,t-039.828.191-8
Maria,Ricky Martin,maria,,MARIA,T-307.006.304-2,,ricky martin,t-307.006.304-2
Maria,Ricky Martin,maria,,MARIA,T-311.953.638-4,,ricky martin,t-311.953.638-4
Ei Moto Taxi,"Dj Dn O Astro,Dj Mts,Mc Monik Do Pix",ei moto taxi,,EI MOTO TAXI,T-330.716.394-2,,"dj dn o astro,dj mts,mc monik do pix",t-330.716.394-2
A Danca,Mc Hariel,a danca,,A DANÇA,T-309.492.339-0,,mc hariel,t-309.492.339-0
Me Chama,Lobao,me chama,,ME CHAMA,T-311.953.645-3,,lobao,t-311.953.645-3
Pocoto,Mc Serginho,pocoto,,POCOTÓ,T-306.794.969-9,,mc serginho,t-306.794.969-9
Beijinho No Ombro,Participante,beijinho no ombro,,BEIJINHO NO OMBRO,T-311.569.064-3,,participante,t-311.569.064-3
Era Uma Vez,Sandy E Junior,era uma vez,,ERA UMA VEZ,,,sandy e junior,
Amanha,Roberta Miranda,amanha,,AMANHÃ,T-307.004.953-1,,roberta miranda,t-307.004.953-1
Tubaroes,Diego & Victor Hugo,tubaroes,,TUBAROES,,,diego & victor hugo,
Poc Poc,Pedro Sampaio,poc poc,,POC POC,,,pedro sampaio,
Vida,Bruna Viola,vida,,VIDA,,,bruna viola,
Mascara,Pitty,mascara,,MÁSCARA,,,pitty,
Tubaroes,Diego & Victor Hugo,tubaroes,,TUBAROES,,,diego & victor hugo,
Ei Moto Taxi,"Dj Fabricio Satisfaction,Dj Luan Indiscutível,Mc Monik Do Pix",ei moto taxi,,EI MOTO TAXI,T-330.716.394-2,,"dj fabricio satisfaction,dj luan indiscutivel,mc monik do pix",t-330.716.394-2
Carcara,Personagem Juma,carcara,,CARCARA,T-040.347.911-7,,personagem juma,t-040.347.911-7
Carcara,Personagem Juma,carcara,,CARCARÁ,T-308.468.519-4,,personagem juma,t-308.468.519-4
Criminal,Britney Spears,criminal,,CRIMINAL,T-932.737.486-7,,britney spears,t-932.737.486-7
Baile De Favela,Cacau Protasio,baile de favela,,BAILE DE FAVELA,T-303.383.693-6,,cacau protasio,t-303.383.693-6
Baile De Favela,Mc Joao,baile de favela,,BAILE DE FAVELA,T-303.383.693-6,,mc joao,t-303.383.693-6
Perfume,Belo,perfume,,PERFUME,T-305.215.262-8,,belo,t-305.215.262-8
Criminal,Britney Spears,criminal,,CRIMINAL,T-932.737.486-7,,britney spears,t-932.737.486-7
Espelho,Chico Chico,espelho,,ESPELHO,T-931.652.333-8,,chico chico,t-931.652.333-8
Espelho,Chico Chico,espelho,,ESPELHO,T-335.571.845-1,,chico chico,t-335.571.845-1
Opiniao,Samantha Schmutz,opiniao,,OPINIÃO,,,samantha schmutz,
Perfume,Participantes Bbb 25,perfume,,PERFUME,T-305.215.262-8,,participantes bbb 25,t-305.215.262-8
Sou Eu,Ludmilla,sou eu,,SOU EU,T-042.615.532-9,,ludmilla,t-042.615.532-9
Maria,Blondie,maria,,MARIA,T-307.006.304-2,,blondie,t-307.006.304-2
Maria,Blondie,maria,,MARIA,T-311.953.638-4,,blondie,t-311.953.638-4
Poc Poc,Pedro Sampaio,poc poc,,POC POC,,,pedro sampaio,
Verdade,Karinah,verdade,,VERDADE,T-302.003.913-4,,karinah,t-302.003.913-4
Copacabana,Salome Da Bahia,copacabana,,COPACABANA,,,salome da bahia,
Copacabana,Salome Da Bahia,copacabana,,COPACABANA,,,salome da bahia,
Banho De Espuma,Elenco,banho de espuma,,BANHO DE ESPUMA,T-311.604.310-4,,elenco,t-311.604.310-4
Copacabana,Salome Da Bahia,copacabana,,COPACABANA,,,salome da bahia,
Copacabana,Salome Da Bahia,copacabana,,COPACABANA,,,salome da bahia,
Copacabana,Salome Da Bahia,copacabana,,COPACABANA,,,salome da bahia,
Copacabana,Salome Da Bahia,copacabana,,COPACABANA,,,salome da bahia,
Copacabana,Salome Da Bahia,copacabana,,COPACABANA,,,salome da bahia,
Copacabana,Salome Da Bahia,copacabana,,COPACABANA,,,salome da bahia,
America,Elenco,america,,AMERICA,T-039.497.748-0,,elenco,t-039.497.748-0
Aurora,Elenco,aurora,,AURORA,,,elenco,
Copacabana,Salome Da Bahia,copacabana,,COPACABANA,,,salome da bahia,
Copacabana,Salome Da Bahia,copacabana,,COPACABANA,,,salome da bahia,
America,Elenco,america,,AMERICA,T-039.497.748-0,,elenco,t-039.497.748-0
Copacabana,Salome Da Bahia,copacabana,,COPACABANA,,,salome da bahia,
Copacabana,Salome Da Bahia,copacabana,,COPACABANA,,,salome da bahia,
Copacabana,Salome Da Bahia,copacabana,,COPACABANA,,,salome da bahia,
Copacabana,Salome Da Bahia,copacabana,,COPACABANA,,,salome da bahia,
Copacabana,Salome Da Bahia,copacabana,,COPACABANA,,,salome da bahia,
Copacabana,Salome Da Bahia,copacabana,,COPACABANA,,,salome da bahia,
Copacabana,Salome Da Bahia,copacabana,,COPACABANA,,,salome da bahia,
Copacabana,Salome Da Bahia,copacabana,,COPACABANA,,,salome da bahia,
Copacabana,Salome Da Bahia,copacabana,,COPACABANA,,,salome da bahia,
Copacabana,Salome Da Bahia,copacabana,,COPACABANA,,,salome da bahia,
America,Elenco,america,,AMERICA,T-039.497.748-0,,elenco,t-039.497.748-0
Copacabana,Salome Da Bahia,copacabana,,COPACABANA,,,salome da bahia,
Copacabana,Salome Da Bahia,copacabana,,COPACABANA,,,salome da bahia,
Copacabana,Salome Da Bahia,copacabana,,COPACABANA,,,salome da bahia,
Copacabana,Salome Da Bahia,copacabana,,COPACABANA,,,salome da bahia,
Colecao,Cassiano,colecao,,COLEÇÃO,T-039.611.379-3,,cassiano,t-039.611.379-3
Copacabana,Salome Da Bahia,copacabana,,COPACABANA,,,salome da bahia,
Copacabana,Salome Da Bahia,copacabana,,COPACABANA,,,salome da bahia,
Copacabana,Salome Da Bahia,copacabana,,COPACABANA,,,salome da bahia,
Copacabana,Salome Da Bahia,copacabana,,COPACABANA,,,salome da bahia,
Copacabana,Salome Da Bahia,copacabana,,COPACABANA,,,salome da bahia,
Copacabana,Salome Da Bahia,copacabana,,COPACABANA,,,salome da bahia,
Copacabana,Salome Da Bahia,copacabana,,COPACABANA,,,salome da bahia,
Copacabana,Salome Da Bahia,copacabana,,COPACABANA,,,salome da bahia,
Copacabana,Salome Da Bahia,copacabana,,COPACABANA,,,salome da bahia,
Copacabana,Salome Da Bahia,copacabana,,COPACABANA,,,salome da bahia,
Copacabana,Salome Da Bahia,copacabana,,COPACABANA,,,salome da bahia,
Copacabana,Salome Da Bahia,copacabana,,COPACABANA,,,salome da bahia,
Copacabana,Salome Da Bahia,copacabana,,COPACABANA,,,salome da bahia,
Copacabana,Salome Da Bahia,copacabana,,COPACABANA,,,salome da bahia,
Copacabana,Salome Da Bahia,copacabana,,COPACABANA,,,salome da bahia,
Copacabana,Salome Da Bahia,copacabana,,COPACABANA,,,salome da bahia,
Copacabana,Salome Da Bahia,copacabana,,COPACABANA,,,salome da bahia,
Sebastiana,Anonimo,sebastiana,,SEBASTIANA,,,anonimo,
Copacabana,Salome Da Bahia,copacabana,,COPACABANA,,,salome da bahia,
Sebastiana,Anonimo,sebastiana,,SEBASTIANA,,,anonimo,
Copacabana,Salome Da Bahia,copacabana,,COPACABANA,,,salome da bahia,
Tudo Com Voce,"Leo,Victor",tudo com voce,,TUDO COM VOCE,T-039.134.796-8,,"leo,victor",t-039.134.796-8
Copacabana,Salome Da Bahia,copacabana,,COPACABANA,,,salome da bahia,
Copacabana,Salome Da Bahia,copacabana,,COPACABANA,,,salome da bahia,
Pocoto,Mc Serginho,pocoto,,POCOTÓ,T-306.794.969-9,,mc serginho,t-306.794.969-9
Leve,"Sandy,Wanessa",leve,,LEVE,T-315.958.048-6,,"sandy,wanessa",t-315.958.048-6
Leve,"Sandy,Wanessa",leve,,LEVE,,,"sandy,wanessa",
Leve,"Sandy,Wanessa",leve,,LEVE,T-335.482.970-8,,"sandy,wanessa",t-335.482.970-8
Domingo,Dilsinho,domingo,,DOMINGO,T-307.003.485-0,,dilsinho,t-307.003.485-0
Domingo,Dilsinho,domingo,,DOMINGO,T-301.991.455-3,,dilsinho,t-301.991.455-3
Macetando,Ivete Sangalo,macetando,,MACETANDO,T-318.000.000-0,,ivete sangalo,t-318.000.000-0
Felicidade,Seu Jorge,felicidade,,FELICIDADE,,,seu jorge,
Teto De Vidro,Day,teto de vidro,,TETO DE VIDRO,T-321.537.364-7,,day,t-321.537.364-7
Deja Vu,Day,deja vu,,DÉJÀ VU,T-308.187.765-4,,day,t-308.187.765-4
Máscara,Day,mascara,,MÁSCARA,,,day,
Verdade,Karinah,verdade,,VERDADE,T-302.003.913-4,,karinah,t-302.003.913-4
Sonho,Não Identificado,sonho,,SONHO,T-039.218.960-4,,nao identificado,t-039.218.960-4
Sonho,Não Identificado,sonho,,SONHO,,,nao identificado,
Macetando,"Ivete Sangalo,Ludmilla",macetando,,MACETANDO,T-318.000.000-0,,"ivete sangalo,ludmilla",t-318.000.000-0
2020,Sbtrkt,2020,,2020,T-301.721.117-1,,sbtrkt,t-301.721.117-1
2020,Sbtrkt,2020,,2020,,,sbtrkt,
Dança Do Pombo,Mc Faisca,danca do pombo,,DANÇA DO POMBO,T-315.906.851-2,,mc faisca,t-315.906.851-2
Sebastiana,Luiz Gonzaga,sebastiana,,SEBASTIANA,,,luiz gonzaga,
Coragem,Diogo Nogueira,coragem,,CORAGEM,T-040.522.266-3,,diogo nogueira,t-040.522.266-3
Coragem,Diogo Nogueira,coragem,,CORAGEM,,,diogo nogueira,
Rio Babilônia,Jorge Ben Jor,rio babilonia,,RIO BABILÔNIA,T-311.596.075-9,,jorge ben jor,t-311.596.075-9
Bem Te Vi,Tetê Espíndola,bem te vi,,BEM TE VI,T-315.798.949-2,,tete espindola,t-315.798.949-2
Coragem,Diogo Nogueira,coragem,,CORAGEM,T-040.522.266-3,,diogo nogueira,t-040.522.266-3
Coragem,Diogo Nogueira,coragem,,CORAGEM,,,diogo nogueira,
Revoada,Quinteto Armorial,revoada,,REVOADA,T-306.358.236-1,,quinteto armorial,t-306.358.236-1
Bem Te Vi,Tetê Espíndola,bem te vi,,BEM TE VI,T-315.798.949-2,,tete espindola,t-315.798.949-2
Sebastiana,Luiz Gonzaga,sebastiana,,SEBASTIANA,,,luiz gonzaga,
Revoada,Quinteto Armorial,revoada,,REVOADA,T-306.358.236-1,,quinteto armorial,t-306.358.236-1
Coragem,Diogo Nogueira,coragem,,CORAGEM,T-040.522.266-3,,diogo nogueira,t-040.522.266-3
Coragem,Diogo Nogueira,coragem,,CORAGEM,,,diogo nogueira,
Tudo,Liniker,tudo,,TUDO,T-301.718.723-0,,liniker,t-301.718.723-0
Coragem,Diogo Nogueira,coragem,,CORAGEM,T-040.522.266-3,,diogo nogueira,t-040.522.266-3
Coragem,Diogo Nogueira,coragem,,CORAGEM,,,diogo nogueira,
Revoada,Quinteto Armorial,revoada,,REVOADA,T-306.358.236-1,,quinteto armorial,t-306.358.236-1
Coragem,Diogo Nogueira,coragem,,CORAGEM,T-040.522.266-3,,diogo nogueira,t-040.522.266-3
Coragem,Diogo Nogueira,coragem,,CORAGEM,,,diogo nogueira,
Sebastiana,Luiz Gonzaga,sebastiana,,SEBASTIANA,,,luiz gonzaga,
Coragem,Diogo Nogueira,coragem,,CORAGEM,T-040.522.266-3,,diogo nogueira,t-040.522.266-3
Coragem,Diogo Nogueira,coragem,,CORAGEM,,,diogo nogueira,
Rio Babilônia,Jorge Ben Jor,rio babilonia,,RIO BABILÔNIA,T-311.596.075-9,,jorge ben jor,t-311.596.075-9
Tudo,Liniker,tudo,,TUDO,T-301.718.723-0,,liniker,t-301.718.723-0
Fetiche,Baco Exu Do Blues,fetiche,,FETICHE,T-316.009.896-0,,baco exu do blues,t-316.009.896-0
Fetiche,Baco Exu Do Blues,fetiche,,FETICHE,T-316.009.896-0,,baco exu do blues,t-316.009.896-0
Macetando,"Ivete Sangalo,Ludmilla",macetando,,MACETANDO,T-318.000.000-0,,"ivete sangalo,ludmilla",t-318.000.000-0
Idgaf,"Brendon Urie,Ciara O'connor,Dua Lipa,Maitre Gims,Mnek,Noah A Seelmann,Saweetie,Todd Sherman Clark,Uzoechi Osisioma Emenike",idgaf,,IDGAF,T-304.308.877-9,,"brendon urie,ciara o'connor,dua lipa,maitre gims,mnek,noah a seelmann,saweetie,todd sherman clark,uzoechi osisioma emenike",t-304.308.877-9
É O Que Me Interessa,Lenine,e o que me interessa,,E O QUE ME INTERESSA,T-042.618.597-8,,lenine,t-042.618.597-8
Essa É Pra Você,Arthur Espindola,essa e pra voce,,ESSA É PRA VOCE,T-040.048.737-7,,arthur espindola,t-040.048.737-7
Vermelho,Chico Da Silva,vermelho,,VERMELHO,T-313.315.106-7,,chico da silva,t-313.315.106-7
Maria,Roberta Miranda,maria,,MARIA,T-307.006.304-2,,roberta miranda,t-307.006.304-2
Maria,Roberta Miranda,maria,,MARIA,T-311.953.638-4,,roberta miranda,t-311.953.638-4
Essa É Pra Você,Arthur Espindola,essa e pra voce,,ESSA É PRA VOCE,T-040.048.737-7,,arthur espindola,t-040.048.737-7
Vermelho,Chico Da Silva,vermelho,,VERMELHO,T-313.315.106-7,,chico da silva,t-313.315.106-7
Simbolo Da Paz,Ventania,simbolo da paz,,SÍMBOLO DA PAZ,,,ventania,
Paciência,"Alcione,Ferrugem",paciencia,,PACIENCIA,T-039.497.721-9,,"alcione,ferrugem",t-039.497.721-9
Paciência,"Alcione,Ferrugem",paciencia,,PACIÊNCIA,T-040.522.253-8,,"alcione,ferrugem",t-040.522.253-8
Sugar,Maroon 5,sugar,,SUGAR,T-039.948.077-3,,maroon 5,t-039.948.077-3
Idgaf,Dua Lipa,idgaf,,IDGAF,T-304.308.877-9,,dua lipa,t-304.308.877-9
Maria,Roberta Miranda,maria,,MARIA,T-307.006.304-2,,roberta miranda,t-307.006.304-2
Maria,Roberta Miranda,maria,,MARIA,T-311.953.638-4,,roberta miranda,t-311.953.638-4
Essa É Pra Você,Arthur Espindola,essa e pra voce,,ESSA É PRA VOCE,T-040.048.737-7,,arthur espindola,t-040.048.737-7
Vermelho,Chico Da Silva,vermelho,,VERMELHO,T-313.315.106-7,,chico da silva,t-313.315.106-7
Maria,Roberta Miranda,maria,,MARIA,T-307.006.304-2,,roberta miranda,t-307.006.304-2
Maria,Roberta Miranda,maria,,MARIA,T-311.953.638-4,,roberta miranda,t-311.953.638-4
Paciência,"Alcione,Ferrugem",paciencia,,PACIENCIA,T-039.497.721-9,,"alcione,ferrugem",t-039.497.721-9
Paciência,"Alcione,Ferrugem",paciencia,,PACIÊNCIA,T-040.522.253-8,,"alcione,ferrugem",t-040.522.253-8
Felicidade,Seu Jorge,felicidade,,FELICIDADE,,,seu jorge,
Alvorada,Teresa Cristina,alvorada,,ALVORADA,T-040.011.846-8,,teresa cristina,t-040.011.846-8
Alvorada,Teresa Cristina,alvorada,,ALVORADA,,,teresa cristina,
Travessia,Milton Nascimento,travessia,,TRAVESSIA,T-313.642.509-3,,milton nascimento,t-313.642.509-3
Felicidade,Seu Jorge,felicidade,,FELICIDADE,,,seu jorge,
Alvorada,Teresa Cristina,alvorada,,ALVORADA,T-040.011.846-8,,teresa cristina,t-040.011.846-8
Alvorada,Teresa Cristina,alvorada,,ALVORADA,,,teresa cristina,
Vencedor,Calcinha Preta,vencedor,,VENCEDOR,T-313.263.562-8,,calcinha preta,t-313.263.562-8
Alvorada,Cartola,alvorada,,ALVORADA,T-040.011.846-8,,cartola,t-040.011.846-8
Alvorada,Cartola,alvorada,,ALVORADA,,,cartola,
Pantanal,Personagem Juma,pantanal,,PANTANAL,T-318.464.891-3,,personagem juma,t-318.464.891-3
Perfume,Soweto,perfume,,PERFUME,T-305.215.262-8,,soweto,t-305.215.262-8
Corda Bamba,"Ivete Sangalo,Iza",corda bamba,,CORDA BAMBA,T-335.571.849-5,,"ivete sangalo,iza",t-335.571.849-5
Terremoto,"Anitta,Mc Kevinho",terremoto,,TERREMOTO,T-307.297.647-3,,"anitta,mc kevinho",t-307.297.647-3
Reforma,"Manim Vaqueiro,Thiago Freitas",reforma,,REFORMA,T-040.275.778-1,,"manim vaqueiro,thiago freitas",t-040.275.778-1
Beijinho No Ombro,Valesca Popozuda,beijinho no ombro,,BEIJINHO NO OMBRO,T-311.569.064-3,,valesca popozuda,t-311.569.064-3
Corda Bamba,"Ivete Sangalo,Iza",corda bamba,,CORDA BAMBA,T-335.571.849-5,,"ivete sangalo,iza",t-335.571.849-5
Terremoto,"Anitta,Mc Kevinho",terremoto,,TERREMOTO,T-307.297.647-3,,"anitta,mc kevinho",t-307.297.647-3
Temporal,Thiaguinho,temporal,,TEMPORAL,T-307.003.180-6,,thiaguinho,t-307.003.180-6
Beijinho No Ombro,Valesca Popozuda,beijinho no ombro,,BEIJINHO NO OMBRO,T-311.569.064-3,,valesca popozuda,t-311.569.064-3
Downtown,"Anitta,J Balvin",downtown,,DOWNTOWN,,,"anitta,j balvin",
Socadona,"Ludmilla,Mariah Angeliq,Mr. Vegas,Topo La Maskara",socadona,,SOCADONA,T-305.217.548-7,,"ludmilla,mariah angeliq,mr. vegas,topo la maskara",t-305.217.548-7
Socadona,"Ludmilla,Mariah Angeliq,Mr. Vegas,Topo La Maskara",socadona,,SOCADONA,,,"ludmilla,mariah angeliq,mr. vegas,topo la maskara",
Malvada,Zé Felipe,malvada,,MALVADA,T-303.019.880-8,,ze felipe,t-303.019.880-8
Malvada,Zé Felipe,malvada,,MALVADA,,,ze felipe,
Downtown,"Anitta,J Balvin",downtown,,DOWNTOWN,,,"anitta,j balvin",
Inquilino,Naiara Azevedo Part. Zé Neto & Cristiano,inquilino,,INQUILINO,T-315.996.161-8,,naiara azevedo part. ze neto & cristiano,t-315.996.161-8
Macetando,"Ivete Sangalo,Ludmilla",macetando,,MACETANDO,T-318.000.000-0,,"ivete sangalo,ludmilla",t-318.000.000-0
Brisa,Iza,brisa,,BRISA,T-315.799.145-8,,iza,t-315.799.145-8
Brisa,Iza,brisa,,BRISA,T-316.180.981-6,,iza,t-316.180.981-6
Brisa,Iza,brisa,,BRISA,T-326.766.166-1,,iza,t-326.766.166-1
Malvada,Zé Felipe,malvada,,MALVADA,T-303.019.880-8,,ze felipe,t-303.019.880-8
Malvada,Zé Felipe,malvada,,MALVADA,,,ze felipe,
Inquilino,Naiara Azevedo Part. Zé Neto & Cristiano,inquilino,,INQUILINO,T-315.996.161-8,,naiara azevedo part. ze neto & cristiano,t-315.996.161-8
Macetando,"Ivete Sangalo,Ludmilla",macetando,,MACETANDO,T-318.000.000-0,,"ivete sangalo,ludmilla",t-318.000.000-0
Amigo,Elenco Família Paraíso,amigo,,AMIGO,,,elenco familia paraiso,
Beijinho No Ombro,Valesca Popozuda,beijinho no ombro,,BEIJINHO NO OMBRO,T-311.569.064-3,,valesca popozuda,t-311.569.064-3
Corda Bamba,Iza,corda bamba,,CORDA BAMBA,T-335.571.849-5,,iza,t-335.571.849-5
Sugar,Robin Schulz,sugar,,SUGAR,T-039.948.077-3,,robin schulz,t-039.948.077-3
Brisa,Iza,brisa,,BRISA,T-315.799.145-8,,iza,t-315.799.145-8
Brisa,Iza,brisa,,BRISA,T-316.180.981-6,,iza,t-316.180.981-6
Brisa,Iza,brisa,,BRISA,T-326.766.166-1,,iza,t-326.766.166-1
Beijinho No Ombro,"Marcus Majella,Valesca Popozuda",beijinho no ombro,,BEIJINHO NO OMBRO,T-311.569.064-3,,"marcus majella,valesca popozuda",t-311.569.064-3
Malvada,Zé Felipe,malvada,,MALVADA,T-303.019.880-8,,ze felipe,t-303.019.880-8
Malvada,Zé Felipe,malvada,,MALVADA,,,ze felipe,
Inquilino,Naiara Azevedo Part. Zé Neto & Cristiano,inquilino,,INQUILINO,T-315.996.161-8,,naiara azevedo part. ze neto & cristiano,t-315.996.161-8
Beijinho No Ombro,Valesca Popozuda,beijinho no ombro,,BEIJINHO NO OMBRO,T-311.569.064-3,,valesca popozuda,t-311.569.064-3
Corda Bamba,Iza,corda bamba,,CORDA BAMBA,T-335.571.849-5,,iza,t-335.571.849-5
Brisa,Iza,brisa,,BRISA,T-315.799.145-8,,iza,t-315.799.145-8
Brisa,Iza,brisa,,BRISA,T-316.180.981-6,,iza,t-316.180.981-6
Brisa,Iza,brisa,,BRISA,T-326.766.166-1,,iza,t-326.766.166-1
Malvada,Zé Felipe,malvada,,MALVADA,T-303.019.880-8,,ze felipe,t-303.019.880-8
Malvada,Zé Felipe,malvada,,MALVADA,,,ze felipe,
Inquilino,Naiara Azevedo Part. Zé Neto & Cristiano,inquilino,,INQUILINO,T-315.996.161-8,,naiara azevedo part. ze neto & cristiano,t-315.996.161-8
Brisa,Iza,brisa,,BRISA,T-315.799.145-8,,iza,t-315.799.145-8
Brisa,Iza,brisa,,BRISA,T-316.180.981-6,,iza,t-316.180.981-6
Brisa,Iza,brisa,,BRISA,T-326.766.166-1,,iza,t-326.766.166-1
Amigo,Elenco Família Paraíso,amigo,,AMIGO,,,elenco familia paraiso,
Dança Do Maxixe,Companhia Do Pagode,danca do maxixe,,DANÇA DO MAXIXE,,,companhia do pagode,
Treme Treme,"As Gêmeas Lacração,Mc Loma",treme treme,,TREME TREME,,,"as gemeas lacracao,mc loma",
Fuleragem,Mc Wm,fuleragem,,FULERAGEM,T-305.214.250-0,,mc wm,t-305.214.250-0
Sugar,Robin Schulz,sugar,,SUGAR,T-039.948.077-3,,robin schulz,t-039.948.077-3
Beijinho No Ombro,"Marcus Majella,Valesca Popozuda",beijinho no ombro,,BEIJINHO NO OMBRO,T-311.569.064-3,,"marcus majella,valesca popozuda",t-311.569.064-3
Beijinho No Ombro,Valesca Popozuda,beijinho no ombro,,BEIJINHO NO OMBRO,T-311.569.064-3,,valesca popozuda,t-311.569.064-3
Corda Bamba,Iza,corda bamba,,CORDA BAMBA,T-335.571.849-5,,iza,t-335.571.849-5
Sugar,Maroon 5,sugar,,SUGAR,T-039.948.077-3,,maroon 5,t-039.948.077-3
Vermelho,Gloria Groove,vermelho,,VERMELHO,T-313.315.106-7,,gloria groove,t-313.315.106-7
Sentou E Gostou,"Dj Rd,Mc Jottapê,Mc M10",sentou e gostou,,SENTOU E GOSTOU,T-303.761.734-4,,"dj rd,mc jottape,mc m10",t-303.761.734-4
Fuleragem,Mc Wm,fuleragem,,FULERAGEM,T-305.214.250-0,,mc wm,t-305.214.250-0
Sugar,Maroon 5,sugar,,SUGAR,T-039.948.077-3,,maroon 5,t-039.948.077-3
Sugar,Maroon 5,sugar,,SUGAR,T-039.948.077-3,,maroon 5,t-039.948.077-3
Vermelho,Gloria Groove,vermelho,,VERMELHO,T-313.315.106-7,,gloria groove,t-313.315.106-7
Armadilha,Péricles,armadilha,,ARMADILHA,,,pericles,
Sentou E Gostou,"Dj Rd,Mc Jottapê,Mc M10",sentou e gostou,,SENTOU E GOSTOU,T-303.761.734-4,,"dj rd,mc jottape,mc m10",t-303.761.734-4
Fuleragem,Mc Wm,fuleragem,,FULERAGEM,T-305.214.250-0,,mc wm,t-305.214.250-0
Sugar,Maroon 5,sugar,,SUGAR,T-039.948.077-3,,maroon 5,t-039.948.077-3
Tudo,Liniker,tudo,,TUDO,T-301.718.723-0,,liniker,t-301.718.723-0
Armadilha,Péricles,armadilha,,ARMADILHA,,,pericles,
Dança Do Maxixe,Companhia Do Pagode,danca do maxixe,,DANÇA DO MAXIXE,,,companhia do pagode,
Treme Treme,"As Gêmeas Lacração,Mc Loma",treme treme,,TREME TREME,,,"as gemeas lacracao,mc loma",
Fuleragem,Mc Wm,fuleragem,,FULERAGEM,T-305.214.250-0,,mc wm,t-305.214.250-0
Sentou E Gostou,"Dj Rd,Mc Jottapê,Mc M10",sentou e gostou,,SENTOU E GOSTOU,T-303.761.734-4,,"dj rd,mc jottape,mc m10",t-303.761.734-4
Fuleragem,Mc Wm,fuleragem,,FULERAGEM,T-305.214.250-0,,mc wm,t-305.214.250-0
Sugar,Maroon 5,sugar,,SUGAR,T-039.948.077-3,,maroon 5,t-039.948.077-3
Armadilha,Péricles,armadilha,,ARMADILHA,,,pericles,
Dança Do Maxixe,Companhia Do Pagode,danca do maxixe,,DANÇA DO MAXIXE,,,companhia do pagode,
Treme Treme,"As Gêmeas Lacração,Mc Loma",treme treme,,TREME TREME,,,"as gemeas lacracao,mc loma",
Fuleragem,Mc Wm,fuleragem,,FULERAGEM,T-305.214.250-0,,mc wm,t-305.214.250-0
Sentou E Gostou,"Dj Rd,Mc Jottapê,Mc M10",sentou e gostou,,SENTOU E GOSTOU,T-303.761.734-4,,"dj rd,mc jottape,mc m10",t-303.761.734-4
Fuleragem,Mc Wm,fuleragem,,FULERAGEM,T-305.214.250-0,,mc wm,t-305.214.250-0
Tudo,Liniker,tudo,,TUDO,T-301.718.723-0,,liniker,t-301.718.723-0
Armadilha,Péricles,armadilha,,ARMADILHA,,,pericles,
Carcará,Personagem Juma,carcara,,CARCARA,T-040.347.911-7,,personagem juma,t-040.347.911-7
Carcará,Personagem Juma,carcara,,CARCARÁ,T-308.468.519-4,,personagem juma,t-308.468.519-4
Máscara,Pitty,mascara,,MÁSCARA,,,pitty,
Dança Do Maxixe,Companhia Do Pagode,danca do maxixe,,DANÇA DO MAXIXE,,,companhia do pagode,
Treme Treme,"As Gêmeas Lacração,Mc Loma",treme treme,,TREME TREME,,,"as gemeas lacracao,mc loma",
Fuleragem,Mc Wm,fuleragem,,FULERAGEM,T-305.214.250-0,,mc wm,t-305.214.250-0
Carcará,Personagem Juma,carcara,,CARCARA,T-040.347.911-7,,personagem juma,t-040.347.911-7
Carcará,Personagem Juma,carcara,,CARCARÁ,T-308.468.519-4,,personagem juma,t-308.468.519-4
Máscara,Pitty,mascara,,MÁSCARA,,,pitty,
Terremoto,"Anitta,Mc Kevinho",terremoto,,TERREMOTO,T-307.297.647-3,,"anitta,mc kevinho",t-307.297.647-3
Terremoto,"Anitta,Mc Kevinho",terremoto,,TERREMOTO,T-307.297.647-3,,"anitta,mc kevinho",t-307.297.647-3
Amanhã,"Reginaldo Rossi,Roberta Miranda",amanha,,AMANHÃ,T-307.004.953-1,,"reginaldo rossi,roberta miranda",t-307.004.953-1
Carcará,Personagem Juma,carcara,,CARCARA,T-040.347.911-7,,personagem juma,t-040.347.911-7
Carcará,Personagem Juma,carcara,,CARCARÁ,T-308.468.519-4,,personagem juma,t-308.468.519-4
Máscara,Pitty,mascara,,MÁSCARA,,,pitty,
Malandramente,"Dennis Dj,Nandinho,Nego Bam",malandramente,,MALANDRAMENTE,T-308.115.009-2,,"dennis dj,nandinho,nego bam",t-308.115.009-2
Terremoto,"Anitta,Mc Kevinho",terremoto,,TERREMOTO,T-307.297.647-3,,"anitta,mc kevinho",t-307.297.647-3
Amanhã,"Reginaldo Rossi,Roberta Miranda",amanha,,AMANHÃ,T-307.004.953-1,,"reginaldo rossi,roberta miranda",t-307.004.953-1
Carcará,Personagem Juma,carcara,,CARCARA,T-040.347.911-7,,personagem juma,t-040.347.911-7
Carcará,Personagem Juma,carcara,,CARCARÁ,T-308.468.519-4,,personagem juma,t-308.468.519-4
Máscara,Pitty,mascara,,MÁSCARA,,,pitty,
Combate,"Aldair Playboy,Mc Wm",combate,,COMBATE,T-306.803.836-4,,"aldair playboy,mc wm",t-306.803.836-4
Terremoto,"Anitta,Mc Kevinho",terremoto,,TERREMOTO,T-307.297.647-3,,"anitta,mc kevinho",t-307.297.647-3
Carcará,Personagem Juma,carcara,,CARCARA,T-040.347.911-7,,personagem juma,t-040.347.911-7
Carcará,Personagem Juma,carcara,,CARCARÁ,T-308.468.519-4,,personagem juma,t-308.468.519-4
Máscara,Pitty,mascara,,MÁSCARA,,,pitty,
Combate,"Aldair Playboy,Mc Wm",combate,,COMBATE,T-306.803.836-4,,"aldair playboy,mc wm",t-306.803.836-4
Malandramente,"Dennis Dj,Nandinho,Nego Bam",malandramente,,MALANDRAMENTE,T-308.115.009-2,,"dennis dj,nandinho,nego bam",t-308.115.009-2
Terremoto,"Anitta,Mc Kevinho",terremoto,,TERREMOTO,T-307.297.647-3,,"anitta,mc kevinho",t-307.297.647-3
Até O Fim,"Banda Mahi,Markinho Duran",ate o fim,,ATE O FIM,T-042.023.019-8,,"banda mahi,markinho duran",t-042.023.019-8
Eu Vou,"Fábio Brazza,Txéllo",eu vou,,EU VOU,T-040.469.531-3,,"fabio brazza,txello",t-040.469.531-3
Terrorista,Sirena,terrorista,,TERRORISTA,T-932.265.309-8,,sirena,t-932.265.309-8
Terremoto,"Anitta,Mc Kevinho",terremoto,,TERREMOTO,T-307.297.647-3,,"anitta,mc kevinho",t-307.297.647-3
Malandramente,"Dennis Dj,Nandinho,Nego Bam",malandramente,,MALANDRAMENTE,T-308.115.009-2,,"dennis dj,nandinho,nego bam",t-308.115.009-2
Terremoto,"Anitta,Mc Kevinho",terremoto,,TERREMOTO,T-307.297.647-3,,"anitta,mc kevinho",t-307.297.647-3
Terremoto,"Anitta,Mc Kevinho",terremoto,,TERREMOTO,T-307.297.647-3,,"anitta,mc kevinho",t-307.297.647-3
Combate,"Aldair Playboy,Mc Wm",combate,,COMBATE,T-306.803.836-4,,"aldair playboy,mc wm",t-306.803.836-4
Terremoto,"Anitta,Mc Kevinho",terremoto,,TERREMOTO,T-307.297.647-3,,"anitta,mc kevinho",t-307.297.647-3
Verdade,Karinah,verdade,,VERDADE,T-302.003.913-4,,karinah,t-302.003.913-4
De Novo,Vitor Kley,de novo,,DE NOVO,T-319.876.158-5,,vitor kley,t-319.876.158-5
Era Uma Vez,Sandy & Junior,era uma vez,,ERA UMA VEZ,,,sandy & junior,
Maliciosa,Ludmilla,maliciosa,,MALICIOSA,T-308.115.017-2,,ludmilla,t-308.115.017-2
Beijinho No Ombro,Valesca Popozuda,beijinho no ombro,,BEIJINHO NO OMBRO,T-311.569.064-3,,valesca popozuda,t-311.569.064-3
Sentou E Gostou,"Dj Rd,Mc Jottapê,Mc M10",sentou e gostou,,SENTOU E GOSTOU,T-303.761.734-4,,"dj rd,mc jottape,mc m10",t-303.761.734-4
Fuleragem,Mc Wm,fuleragem,,FULERAGEM,T-305.214.250-0,,mc wm,t-305.214.250-0
Eu Vou Sentar,"Melody,Nattan",eu vou sentar,,EU VOU SENTAR,T-305.267.256-3,,"melody,nattan",t-305.267.256-3
Verdade,Karinah,verdade,,VERDADE,T-302.003.913-4,,karinah,t-302.003.913-4
De Novo,Vitor Kley,de novo,,DE NOVO,T-319.876.158-5,,vitor kley,t-319.876.158-5
Eu Vou Sentar,"Melody,Nattan",eu vou sentar,,EU VOU SENTAR,T-305.267.256-3,,"melody,nattan",t-305.267.256-3
São Paulo,"Anitta,Weeknd, The",sao paulo,,SÃO PAULO,,,"anitta,weeknd, the",
Fuleragem,Mc Wm,fuleragem,,FULERAGEM,T-305.214.250-0,,mc wm,t-305.214.250-0
Malandramente,"Dennis Dj,Nandinho,Nego Bam",malandramente,,MALANDRAMENTE,T-308.115.009-2,,"dennis dj,nandinho,nego bam",t-308.115.009-2
São Paulo,"Anitta,Weeknd, The",sao paulo,,SÃO PAULO,,,"anitta,weeknd, the",
Final Feliz,Plateia: Márcia Rosa,final feliz,,FINAL FELIZ,T-315.996.147-0,,plateia: marcia rosa,t-315.996.147-0
Brisa,"Andy Gercker,Evelyn Castro,Roberta Rodrigues,Rodrigo Sant'anna",brisa,,BRISA,T-315.799.145-8,,"andy gercker,evelyn castro,roberta rodrigues,rodrigo sant'anna",t-315.799.145-8
Brisa,"Andy Gercker,Evelyn Castro,Roberta Rodrigues,Rodrigo Sant'anna",brisa,,BRISA,T-316.180.981-6,,"andy gercker,evelyn castro,roberta rodrigues,rodrigo sant'anna",t-316.180.981-6
Brisa,"Andy Gercker,Evelyn Castro,Roberta Rodrigues,Rodrigo Sant'anna",brisa,,BRISA,T-326.766.166-1,,"andy gercker,evelyn castro,roberta rodrigues,rodrigo sant'anna",t-326.766.166-1
Treme Treme,"As Gêmeas Lacração,Mc Loma",treme treme,,TREME TREME,,,"as gemeas lacracao,mc loma",
Me Gusta,"Anitta,Cardi B,Myke Towers",me gusta,,ME GUSTA,,,"anitta,cardi b,myke towers",
Fuleragem,Mc Wm,fuleragem,,FULERAGEM,T-305.214.250-0,,mc wm,t-305.214.250-0
Pedra,Technobrass,pedra,,PEDRA,,,technobrass,
Dna,"Kills, The",dna,,DNA,,,"kills, the",
Pedra,Technobrass,pedra,,PEDRA,,,technobrass,
Dna,"Kills, The",dna,,DNA,,,"kills, the",
Pedra,Technobrass,pedra,,PEDRA,,,technobrass,
Dna,"Kills, The",dna,,DNA,,,"kills, the",
Baile De Favela,Mc João,baile de favela,,BAILE DE FAVELA,T-303.383.693-6,,mc joao,t-303.383.693-6
Baile De Favela,Mc João,baile de favela,,BAILE DE FAVELA,T-303.383.693-6,,mc joao,t-303.383.693-6
Baile De Favela,Mc João,baile de favela,,BAILE DE FAVELA,T-303.383.693-6,,mc joao,t-303.383.693-6
Baile De Favela,Mc João,baile de favela,,BAILE DE FAVELA,T-303.383.693-6,,mc joao,t-303.383.693-6
Baile De Favela,Mc João,baile de favela,,BAILE DE FAVELA,T-303.383.693-6,,mc joao,t-303.383.693-6
Baile De Favela,Mc João,baile de favela,,BAILE DE FAVELA,T-303.383.693-6,,mc joao,t-303.383.693-6
De Novo,Vitor Kley,de novo,,DE NOVO,T-319.876.158-5,,vitor kley,t-319.876.158-5
Socadona,Participantes,socadona,,SOCADONA,T-305.217.548-7,,participantes,t-305.217.548-7
Socadona,Participantes,socadona,,SOCADONA,,,participantes,
Praia,Murilo Huff,praia,,PRAIA,,,murilo huff,
Maravilhosa,Banda,maravilhosa,,MARAVILHOSA,T-306.797.414-1,,banda,t-306.797.414-1
Sexto Sentido,Joao Lucas,sexto sentido,,SEXTO SENTIDO,T-039.311.527-9,,joao lucas,t-039.311.527-9
Balanco,Nacao Zumbi,balanco,,BALANCO,T-039.828.191-8,,nacao zumbi,t-039.828.191-8
Maria,Ricky Martin,maria,,MARIA,T-307.006.304-2,,ricky martin,t-307.006.304-2
Maria,Ricky Martin,maria,,MARIA,T-311.953.638-4,,ricky martin,t-311.953.638-4
Ei Moto Taxi,"Dj Dn O Astro,Dj Mts,Mc Monik Do Pix",ei moto taxi,,EI MOTO TAXI,T-330.716.394-2,,"dj dn o astro,dj mts,mc monik do pix",t-330.716.394-2
A Danca,Mc Hariel,a danca,,A DANÇA,T-309.492.339-0,,mc hariel,t-309.492.339-0
Me Chama,Lobao,me chama,,ME CHAMA,T-311.953.645-3,,lobao,t-311.953.645-3
Pocoto,Mc Serginho,pocoto,,POCOTÓ,T-306.794.969-9,,mc serginho,t-306.794.969-9
Beijinho No Ombro,Participante,beijinho no ombro,,BEIJINHO NO OMBRO,T-311.569.064-3,,participante,t-311.569.064-3
Era Uma Vez,Sandy E Junior,era uma vez,,ERA UMA VEZ,,,sandy e junior,
Amanha,Roberta Miranda,amanha,,AMANHÃ,T-307.004.953-1,,roberta miranda,t-307.004.953-1
Tubaroes,Diego & Victor Hugo,tubaroes,,TUBAROES,,,diego & victor hugo,
Poc Poc,Pedro Sampaio,poc poc,,POC POC,,,pedro sampaio,
Vida,Bruna Viola,vida,,VIDA,,,bruna viola,
Mascara,Pitty,mascara,,MÁSCARA,,,pitty,
Tubaroes,Diego & Victor Hugo,tubaroes,,TUBAROES,,,diego & victor hugo,
Ei Moto Taxi,"Dj Fabricio Satisfaction,Dj Luan Indiscutível,Mc Monik Do Pix",ei moto taxi,,EI MOTO TAXI,T-330.716.394-2,,"dj fabricio satisfaction,dj luan indiscutivel,mc monik do pix",t-330.716.394-2
Carcara,Personagem Juma,carcara,,CARCARA,T-040.347.911-7,,personagem juma,t-040.347.911-7
Carcara,Personagem Juma,carcara,,CARCARÁ,T-308.468.519-4,,personagem juma,t-308.468.519-4
Criminal,Britney Spears,criminal,,CRIMINAL,T-932.737.486-7,,britney spears,t-932.737.486-7
Baile De Favela,Cacau Protasio,baile de favela,,BAILE DE FAVELA,T-303.383.693-6,,cacau protasio,t-303.383.693-6
Baile De Favela,Mc Joao,baile de favela,,BAILE DE FAVELA,T-303.383.693-6,,mc joao,t-303.383.693-6
Perfume,Belo,perfume,,PERFUME,T-305.215.262-8,,belo,t-305.215.262-8
Criminal,Britney Spears,criminal,,CRIMINAL,T-932.737.486-7,,britney spears,t-932.737.486-7
Espelho,Chico Chico,espelho,,ESPELHO,T-931.652.333-8,,chico chico,t-931.652.333-8
Espelho,Chico Chico,espelho,,ESPELHO,T-335.571.845-1,,chico chico,t-335.571.845-1
Opiniao,Samantha Schmutz,opiniao,,OPINIÃO,,,samantha schmutz,
Perfume,Participantes Bbb 25,perfume,,PERFUME,T-305.215.262-8,,participantes bbb 25,t-305.215.262-8
Sou Eu,Ludmilla,sou eu,,SOU EU,T-042.615.532-9,,ludmilla,t-042.615.532-9
Maria,Blondie,maria,,MARIA,T-307.006.304-2,,blondie,t-307.006.304-2
Maria,Blondie,maria,,MARIA,T-311.953.638-4,,blondie,t-311.953.638-4
Poc Poc,Pedro Sampaio,poc poc,,POC POC,,,pedro sampaio,
Verdade,Karinah,verdade,,VERDADE,T-302.003.913-4,,karinah,t-302.003.913-4
Copacabana,Salome Da Bahia,copacabana,,COPACABANA,,,salome da bahia,
Copacabana,Salome Da Bahia,copacabana,,COPACABANA,,,salome da bahia,
Banho De Espuma,Elenco,banho de espuma,,BANHO DE ESPUMA,T-311.604.310-4,,elenco,t-311.604.310-4
Copacabana,Salome Da Bahia,copacabana,,COPACABANA,,,salome da bahia,
Copacabana,Salome Da Bahia,copacabana,,COPACABANA,,,salome da bahia,
Copacabana,Salome Da Bahia,copacabana,,COPACABANA,,,salome da bahia,
Copacabana,Salome Da Bahia,copacabana,,COPACABANA,,,salome da bahia,
Copacabana,Salome Da Bahia,copacabana,,COPACABANA,,,salome da bahia,
Copacabana,Salome Da Bahia,copacabana,,COPACABANA,,,salome da bahia,
America,Elenco,america,,AMERICA,T-039.497.748-0,,elenco,t-039.497.748-0
Aurora,Elenco,aurora,,AURORA,,,elenco,
Copacabana,Salome Da Bahia,copacabana,,COPACABANA,,,salome da bahia,
Copacabana,Salome Da Bahia,copacabana,,COPACABANA,,,salome da bahia,
America,Elenco,america,,AMERICA,T-039.497.748-0,,elenco,t-039.497.748-0
Copacabana,Salome Da Bahia,copacabana,,COPACABANA,,,salome da bahia,
Copacabana,Salome Da Bahia,copacabana,,COPACABANA,,,salome da bahia,
Copacabana,Salome Da Bahia,copacabana,,COPACABANA,,,salome da bahia,
Copacabana,Salome Da Bahia,copacabana,,COPACABANA,,,salome da bahia,
Copacabana,Salome Da Bahia,copacabana,,COPACABANA,,,salome da bahia,
Copacabana,Salome Da Bahia,copacabana,,COPACABANA,,,salome da bahia,
Copacabana,Salome Da Bahia,copacabana,,COPACABANA,,,salome da bahia,
Copacabana,Salome Da Bahia,copacabana,,COPACABANA,,,salome da bahia,
Copacabana,Salome Da Bahia,copacabana,,COPACABANA,,,salome da bahia,
Copacabana,Salome Da Bahia,copacabana,,COPACABANA,,,salome da bahia,
America,Elenco,america,,AMERICA,T-039.497.748-0,,elenco,t-039.497.748-0
Copacabana,Salome Da Bahia,copacabana,,COPACABANA,,,salome da bahia,
Copacabana,Salome Da Bahia,copacabana,,COPACABANA,,,salome da bahia,
Copacabana,Salome Da Bahia,copacabana,,COPACABANA,,,salome da bahia,
Copacabana,Salome Da Bahia,copacabana,,COPACABANA,,,salome da bahia,
Colecao,Cassiano,colecao,,COLEÇÃO,T-039.611.379-3,,cassiano,t-039.611.379-3
Copacabana,Salome Da Bahia,copacabana,,COPACABANA,,,salome da bahia,
Copacabana,Salome Da Bahia,copacabana,,COPACABANA,,,salome da bahia,
Copacabana,Salome Da Bahia,copacabana,,COPACABANA,,,salome da bahia,
Copacabana,Salome Da Bahia,copacabana,,COPACABANA,,,salome da bahia,
Copacabana,Salome Da Bahia,copacabana,,COPACABANA,,,salome da bahia,
Copacabana,Salome Da Bahia,copacabana,,COPACABANA,,,salome da bahia,
Copacabana,Salome Da Bahia,copacabana,,COPACABANA,,,salome da bahia,
Copacabana,Salome Da Bahia,copacabana,,COPACABANA,,,salome da bahia,
Copacabana,Salome Da Bahia,copacabana,,COPACABANA,,,salome da bahia,
Copacabana,Salome Da Bahia,copacabana,,COPACABANA,,,salome da bahia,
Copacabana,Salome Da Bahia,copacabana,,COPACABANA,,,salome da bahia,
Copacabana,Salome Da Bahia,copacabana,,COPACABANA,,,salome da bahia,
Copacabana,Salome Da Bahia,copacabana,,COPACABANA,,,salome da bahia,
Copacabana,Salome Da Bahia,copacabana,,COPACABANA,,,salome da bahia,
Copacabana,Salome Da Bahia,copacabana,,COPACABANA,,,salome da bahia,
Copacabana,Salome Da Bahia,copacabana,,COPACABANA,,,salome da bahia,
Copacabana,Salome Da Bahia,copacabana,,COPACABANA,,,salome da bahia,
Sebastiana,Anonimo,sebastiana,,SEBASTIANA,,,anonimo,
Copacabana,Salome Da Bahia,copacabana,,COPACABANA,,,salome da bahia,
Sebastiana,Anonimo,sebastiana,,SEBASTIANA,,,anonimo,
Copacabana,Salome Da Bahia,copacabana,,COPACABANA,,,salome da bahia,
Tudo Com Voce,"Leo,Victor",tudo com voce,,TUDO COM VOCE,T-039.134.796-8,,"leo,victor",t-039.134.796-8
Copacabana,Salome Da Bahia,copacabana,,COPACABANA,,,salome da bahia,
Copacabana,Salome Da Bahia,copacabana,,COPACABANA,,,salome da bahia,
Pocoto,Mc Serginho,pocoto,,POCOTÓ,T-306.794.969-9,,mc serginho,t-306.794.969-9
Nada Mudou,"Daniel,Luan Pereira,Rionegro,Solimoes",nada mudou,,NADA MUDOU,T-039.544.550-7,,"daniel,luan pereira,rionegro,solimoes",t-039.544.550-7
Perfume,Belo,perfume,,PERFUME,T-305.215.262-8,,belo,t-305.215.262-8
Alvorada,"Alcione,Cartola",alvorada,,ALVORADA,T-040.011.846-8,,"alcione,cartola",t-040.011.846-8
Alvorada,"Alcione,Cartola",alvorada,,ALVORADA,,,"alcione,cartola",
Alvorada,"Alcione,Cartola",alvorada,,ALVORADA,T-040.011.846-8,,"alcione,cartola",t-040.011.846-8
Alvorada,"Alcione,Cartola",alvorada,,ALVORADA,,,"alcione,cartola",
Perfume,Belo,perfume,,PERFUME,T-305.215.262-8,,belo,t-305.215.262-8
Momento,Não Identificado,momento,,MOMENTO,T-039.828.196-3,,nao identificado,t-039.828.196-3
Rosa,Não Identificado,rosa,,ROSA,T-039.167.643-9,,nao identificado,t-039.167.643-9
Identidade,Jorge Aragao,identidade,,IDENTIDADE,T-039.497.763-9,,jorge aragao,t-039.497.763-9
Temporal,Samba 90 Graus,temporal,,TEMPORAL,T-307.003.180-6,,samba 90 graus,t-307.003.180-6
Macetando,Ivete Sangalo,macetando,,MACETANDO,T-318.000.000-0,,ivete sangalo,t-318.000.000-0
Vamos Fugir,Banda Lucio Mauro E Filhos,vamos fugir,,VAMOS FUGIR,T-305.415.581-2,,banda lucio mauro e filhos,t-305.415.581-2
Vamos Fugir,Elenco,vamos fugir,,VAMOS FUGIR,T-305.415.581-2,,elenco,t-305.415.581-2
Brisa,"Iza,Jota Quest",brisa,,BRISA,T-315.799.145-8,,"iza,jota quest",t-315.799.145-8
Brisa,"Iza,Jota Quest",brisa,,BRISA,T-316.180.981-6,,"iza,jota quest",t-316.180.981-6
Brisa,"Iza,Jota Quest",brisa,,BRISA,T-326.766.166-1,,"iza,jota quest",t-326.766.166-1
Amigo,"Banda Lucio Mauro E Filhos,Elenco",amigo,,AMIGO,,,"banda lucio mauro e filhos,elenco",
Fetiche,Baco Exu Do Blues,fetiche,,FETICHE,T-316.009.896-0,,baco exu do blues,t-316.009.896-0
Mudancas,Vanusa,mudancas,,MUDANÇAS,T-307.298.915-8,,vanusa,t-307.298.915-8
Poc Poc,Pedro Sampaio,poc poc,,POC POC,,,pedro sampaio,
Aquarela,Toquinho,aquarela,,AQUARELA,,,toquinho,
Sereia,Lulu Santos,sereia,,SEREIA,T-316.183.205-5,,lulu santos,t-316.183.205-5
Sereia,Lulu Santos,sereia,,SEREIA,T-324.241.294-4,,lulu santos,t-324.241.294-4
Desafio,Anonimos,desafio,,DESAFIO,T-040.453.293-9,,anonimos,t-040.453.293-9
Desafio,Anonimos,desafio,,DESAFIO,T-312.554.786-2,,anonimos,t-312.554.786-2
Aurora Boreal,Rael,aurora boreal,,AURORA BOREAL,T-931.652.334-9,,rael,t-931.652.334-9
Anjos,Gabz,anjos,,ANJOS,T-307.003.484-9,,gabz,t-307.003.484-9
Verdade,Zeca Pagodinho,verdade,,VERDADE,T-302.003.913-4,,zeca pagodinho,t-302.003.913-4
Esse Cara Sou Eu,Roberto Carlos,esse cara sou eu,,ESSE CARA SOU EU,T-327.279.701-6,,roberto carlos,t-327.279.701-6
Maria,Matue,maria,,MARIA,T-307.006.304-2,,matue,t-307.006.304-2
Maria,Matue,maria,,MARIA,T-311.953.638-4,,matue,t-311.953.638-4
Teto De Vidro,Pitty,teto de vidro,,TETO DE VIDRO,T-321.537.364-7,,pitty,t-321.537.364-7
Verdade,Zeca Pagodinho,verdade,,VERDADE,T-302.003.913-4,,zeca pagodinho,t-302.003.913-4
O Vento,Djavan,o vento,,O VENTO,T-039.311.309-1,,djavan,t-039.311.309-1
Samurai,Djavan,samurai,,SAMURAI,T-300.960.761-4,,djavan,t-300.960.761-4
Se,Djavan,se,,SE,T-306.925.949-6,,djavan,t-306.925.949-6
Sou Eu,Ludmilla,sou eu,,SOU EU,T-042.615.532-9,,ludmilla,t-042.615.532-9
Felicidade,Fábio Jr,felicidade,,FELICIDADE,,,fabio jr,
Fim De Ano,"Dona Jo (Catarina Abdala),Ferdinando (Marcus Majella)",fim de ano,,FIM DE ANO,T-322.186.020-0,,"dona jo (catarina abdala),ferdinando (marcus majella)",t-322.186.020-0
Oracao,Leo Fressato,oracao,,ORACAO,T-040.521.423-4,,leo fressato,t-040.521.423-4
Corda Bamba,"Ivete Sangalo,Iza",corda bamba,,CORDA BAMBA,T-335.571.849-5,,"ivete sangalo,iza",t-335.571.849-5
Linha De Frente,Iza,linha de frente,,LINHA DE FRENTE,T-308.636.270-7,,iza,t-308.636.270-7
Era Uma Vez,Kell Smith,era uma vez,,ERA UMA VEZ,,,kell smith,
Sugar,Maroon 5,sugar,,SUGAR,T-039.948.077-3,,maroon 5,t-039.948.077-3
Fuleragem,Mc Wm,fuleragem,,FULERAGEM,T-305.214.250-0,,mc wm,t-305.214.250-0
Ouro De Tolo,Elenco,ouro de tolo,,OURO DE TOLO,T-335.572.181-8,,elenco,t-335.572.181-8
Ouro De Tolo,Elenco,ouro de tolo,,OURO DE TOLO,T-335.572.181-8,,elenco,t-335.572.181-8
Verdade,Zeca Pagodinho,verdade,,VERDADE,T-302.003.913-4,,zeca pagodinho,t-302.003.913-4
Verdade,Zeca Pagodinho,verdade,,VERDADE,T-302.003.913-4,,zeca pagodinho,t-302.003.913-4
Verdade,Zeca Pagodinho,verdade,,VERDADE,T-302.003.913-4,,zeca pagodinho,t-302.003.913-4
Ouro De Tolo,Berna Ceppas,ouro de tolo,,OURO DE TOLO,T-335.572.181-8,,berna ceppas,t-335.572.181-8
Mulheres,Martinho Da Vila,mulheres,,MULHERES,T-330.488.001-7,,martinho da vila,t-330.488.001-7
Esse Cara Sou Eu,Elenco,esse cara sou eu,,ESSE CARA SOU EU,T-327.279.701-6,,elenco,t-327.279.701-6
Domingo,So Pra Contrariar,domingo,,DOMINGO,T-307.003.485-0,,so pra contrariar,t-307.003.485-0
Domingo,So Pra Contrariar,domingo,,DOMINGO,T-301.991.455-3,,so pra contrariar,t-301.991.455-3
Escandalosa,Atriz,escandalosa,,ESCANDALOSA,T-322.010.795-5,,atriz,t-322.010.795-5
Se Joga,Elenco,se joga,,SE JOGA,T-931.480.187-1,,elenco,t-931.480.187-1
Ilhabela,Holger,ilhabela,,ILHABELA,T-301.567.022-7,,holger,t-301.567.022-7
America,Elenco,america,,AMERICA,T-039.497.748-0,,elenco,t-039.497.748-0
America,Elenco,america,,AMERICA,T-039.497.748-0,,elenco,t-039.497.748-0
Santa Fe,Moraes Moreira,santa fe,,SANTA FE,T-306.926.950-3,,moraes moreira,t-306.926.950-3
Banana,Virginia Lane,banana,,BANANA,T-303.113.484-2,,virginia lane,t-303.113.484-2
Banana,Virginia Lane,banana,,BANANA,T-303.113.484-2,,virginia lane,t-303.113.484-2
Copacabana,Salome Da Bahia,copacabana,,COPACABANA,,,salome da bahia,
Copacabana,Salome Da Bahia,copacabana,,COPACABANA,,,salome da bahia,
Copacabana,Salome Da Bahia,copacabana,,COPACABANA,,,salome da bahia,
Copacabana,Salome Da Bahia,copacabana,,COPACABANA,,,salome da bahia,
Copacabana,Salome Da Bahia,copacabana,,COPACABANA,,,salome da bahia,
Copacabana,Salome Da Bahia,copacabana,,COPACABANA,,,salome da bahia,
Copacabana,Rex Gildo,copacabana,,COPACABANA,,,rex gildo,
Banho De Espuma,Elenco,banho de espuma,,BANHO DE ESPUMA,T-311.604.310-4,,elenco,t-311.604.310-4
Banho De Espuma,Elenco,banho de espuma,,BANHO DE ESPUMA,T-311.604.310-4,,elenco,t-311.604.310-4
Banho De Espuma,Elenco,banho de espuma,,BANHO DE ESPUMA,T-311.604.310-4,,elenco,t-311.604.310-4
Copacabana,Salome Da Bahia,copacabana,,COPACABANA,,,salome da bahia,
Copacabana,Salome Da Bahia,copacabana,,COPACABANA,,,salome da bahia,
Copacabana,Salome Da Bahia,copacabana,,COPACABANA,,,salome da bahia,
Copacabana,Salome Da Bahia,copacabana,,COPACABANA,,,salome da bahia,
Copacabana,Salome Da Bahia,copacabana,,COPACABANA,,,salome da bahia,
Copacabana,Salome Da Bahia,copacabana,,COPACABANA,,,salome da bahia,
Copacabana,Salome Da Bahia,copacabana,,COPACABANA,,,salome da bahia,
Copacabana,Salome Da Bahia,copacabana,,COPACABANA,,,salome da bahia,
Copacabana,Salome Da Bahia,copacabana,,COPACABANA,,,salome da bahia,
Copacabana,Rex Gildo,copacabana,,COPACABANA,,,rex gildo,
Copacabana,Rex Gildo,copacabana,,COPACABANA,,,rex gildo,
Copacabana,Rex Gildo,copacabana,,COPACABANA,,,rex gildo,
Coleção,Ivete Sangalo,colecao,,COLEÇÃO,T-039.611.379-3,,ivete sangalo,t-039.611.379-3
Coleção,Ivete Sangalo,colecao,,COLEÇÃO,T-039.611.379-3,,ivete sangalo,t-039.611.379-3
Coleção,Ivete Sangalo,colecao,,COLEÇÃO,T-039.611.379-3,,ivete sangalo,t-039.611.379-3
Coleção,Ivete Sangalo,colecao,,COLEÇÃO,T-039.611.379-3,,ivete sangalo,t-039.611.379-3
Medo,"Baggios, The",medo,,MEDO,T-039.497.778-6,,"baggios, the",t-039.497.778-6
Medo,"Baggios, The",medo,,MEDO,,,"baggios, the",
Medo,"Baggios, The",medo,,MEDO,T-039.497.778-6,,"baggios, the",t-039.497.778-6
Medo,"Baggios, The",medo,,MEDO,,,"baggios, the",
Medo,"Baggios, The",medo,,MEDO,T-039.497.778-6,,"baggios, the",t-039.497.778-6
Medo,"Baggios, The",medo,,MEDO,,,"baggios, the",
Drama,Rico Dalasam,drama,,DRAMA,T-039.662.293-7,,rico dalasam,t-039.662.293-7
Drama,Rico Dalasam,drama,,DRAMA,T-932.546.398-7,,rico dalasam,t-932.546.398-7
Drama,Rico Dalasam,drama,,DRAMA,T-321.537.188-9,,rico dalasam,t-321.537.188-9
Drama,Rico Dalasam,drama,,DRAMA,T-039.662.293-7,,rico dalasam,t-039.662.293-7
Drama,Rico Dalasam,drama,,DRAMA,T-932.546.398-7,,rico dalasam,t-932.546.398-7
Drama,Rico Dalasam,drama,,DRAMA,T-321.537.188-9,,rico dalasam,t-321.537.188-9
Drama,Rico Dalasam,drama,,DRAMA,T-039.662.293-7,,rico dalasam,t-039.662.293-7
Drama,Rico Dalasam,drama,,DRAMA,T-932.546.398-7,,rico dalasam,t-932.546.398-7
Drama,Rico Dalasam,drama,,DRAMA,T-321.537.188-9,,rico dalasam,t-321.537.188-9
Praga,Dônica,praga,,PRAGA,T-317.818.119-2,,donica,t-317.818.119-2
Praga,Dônica,praga,,PRAGA,T-317.818.119-2,,donica,t-317.818.119-2
Primavera,"Francisco, El Hombre",primavera,,PRIMAVERA,T-330.191.323-1,,"francisco, el hombre",t-330.191.323-1
Primavera,"Francisco, El Hombre",primavera,,PRIMAVERA,T-040.160.962-8,,"francisco, el hombre",t-040.160.962-8
Primavera,"Francisco, El Hombre",primavera,,PRIMAVERA,T-330.191.323-1,,"francisco, el hombre",t-330.191.323-1
Primavera,"Francisco, El Hombre",primavera,,PRIMAVERA,T-040.160.962-8,,"francisco, el hombre",t-040.160.962-8
Garoa,Jota Pê,garoa,,GAROA,T-040.279.889-3,,jota pe,t-040.279.889-3
Garoa,Jota Pê,garoa,,GAROA,T-040.279.889-3,,jota pe,t-040.279.889-3
Garoa,Jota Pê,garoa,,GAROA,T-040.279.889-3,,jota pe,t-040.279.889-3
Jogo Da Vida,Potyguara Bardo,jogo da vida,,JOGO DA VIDA,T-306.795.376-4,,potyguara bardo,t-306.795.376-4
Jogo Da Vida,Potyguara Bardo,jogo da vida,,JOGO DA VIDA,T-306.795.376-4,,potyguara bardo,t-306.795.376-4
Jogo Da Vida,Potyguara Bardo,jogo da vida,,JOGO DA VIDA,T-306.795.376-4,,potyguara bardo,t-306.795.376-4
Sonhos,Jonathan Ferrer,sonhos,,SONHOS,,,jonathan ferrer,
Sonhos,Jonathan Ferrer,sonhos,,SONHOS,,,jonathan ferrer,
Sideral,My Magical Glowing Lens,sideral,,SIDERAL,,,my magical glowing lens,
Sideral,My Magical Glowing Lens,sideral,,SIDERAL,,,my magical glowing lens,
Sideral,My Magical Glowing Lens,sideral,,SIDERAL,,,my magical glowing lens,
Exodus,Orquestra Voadora,exodus,,EXODUS,T-932.547.418-8,,orquestra voadora,t-932.547.418-8
Primavera,"Francis Hime,Olivia Hime",primavera,,PRIMAVERA,T-330.191.323-1,,"francis hime,olivia hime",t-330.191.323-1
Primavera,"Francis Hime,Olivia Hime",primavera,,PRIMAVERA,T-040.160.962-8,,"francis hime,olivia hime",t-040.160.962-8
Primavera,"Francis Hime,Olivia Hime",primavera,,PRIMAVERA,T-330.191.323-1,,"francis hime,olivia hime",t-330.191.323-1
Primavera,"Francis Hime,Olivia Hime",primavera,,PRIMAVERA,T-040.160.962-8,,"francis hime,olivia hime",t-040.160.962-8
Primavera,"Francis Hime,Olivia Hime",primavera,,PRIMAVERA,T-330.191.323-1,,"francis hime,olivia hime",t-330.191.323-1
Primavera,"Francis Hime,Olivia Hime",primavera,,PRIMAVERA,T-040.160.962-8,,"francis hime,olivia hime",t-040.160.962-8
Sampa,"Dudu Nobre,Rildo Hora",sampa,,SAMPA,,,"dudu nobre,rildo hora",
Sampa,"Dudu Nobre,Rildo Hora",sampa,,SAMPA,,,"dudu nobre,rildo hora",
Verdade,Dudu Nobre,verdade,,VERDADE,T-302.003.913-4,,dudu nobre,t-302.003.913-4
Verdade,Dudu Nobre,verdade,,VERDADE,T-302.003.913-4,,dudu nobre,t-302.003.913-4
Verdade,Dudu Nobre,verdade,,VERDADE,T-302.003.913-4,,dudu nobre,t-302.003.913-4
Game Over,Avenged Sevenfold,game over,,GAME OVER,,,avenged sevenfold,
Perfume,Belo,perfume,,PERFUME,T-305.215.262-8,,belo,t-305.215.262-8
Ilusão,Filipe Ret,ilusao,,ILUSAO,T-040.011.902-9,,filipe ret,t-040.011.902-9
Ilusão,Filipe Ret,ilusao,,ILUSÃO,,,filipe ret,
Sinais,"Luedji Luna,Tássia Reis",sinais,,SINAIS,T-039.662.232-4,,"luedji luna,tassia reis",t-039.662.232-4
Rosa,"Baianasystem,Olodum",rosa,,ROSA,T-039.167.643-9,,"baianasystem,olodum",t-039.167.643-9
Máscara,Pitty,mascara,,MÁSCARA,,,pitty,
Teto De Vidro,Pitty,teto de vidro,,TETO DE VIDRO,T-321.537.364-7,,pitty,t-321.537.364-7
Vermelho,Gloria Groove,vermelho,,VERMELHO,T-313.315.106-7,,gloria groove,t-313.315.106-7
Banana,Joyce Moreno,banana,,BANANA,T-303.113.484-2,,joyce moreno,t-303.113.484-2
Banana,Joyce Moreno,banana,,BANANA,T-303.113.484-2,,joyce moreno,t-303.113.484-2
Banana,Joyce Moreno,banana,,BANANA,T-303.113.484-2,,joyce moreno,t-303.113.484-2
Tudo,Joyce Moreno,tudo,,TUDO,T-301.718.723-0,,joyce moreno,t-301.718.723-0
Tudo,Joyce Moreno,tudo,,TUDO,T-301.718.723-0,,joyce moreno,t-301.718.723-0
Tudo,Joyce Moreno,tudo,,TUDO,T-301.718.723-0,,joyce moreno,t-301.718.723-0
Chega,Mart'nália,chega,,CHÊGA,T-312.562.445-1,,mart'nalia,t-312.562.445-1
Chega,Mart'nália,chega,,CHÊGA,T-312.562.445-1,,mart'nalia,t-312.562.445-1
Chega,Mart'nália,chega,,CHÊGA,T-312.562.445-1,,mart'nalia,t-312.562.445-1
Tudo Com Você,Lulu Santos,tudo com voce,,TUDO COM VOCE,T-039.134.796-8,,lulu santos,t-039.134.796-8
Tudo Com Você,Lulu Santos,tudo com voce,,TUDO COM VOCE,T-039.134.796-8,,lulu santos,t-039.134.796-8
Tudo Com Você,Lulu Santos,tudo com voce,,TUDO COM VOCE,T-039.134.796-8,,lulu santos,t-039.134.796-8
Tudo Com Você,Lulu Santos,tudo com voce,,TUDO COM VOCE,T-039.134.796-8,,lulu santos,t-039.134.796-8
Aqui,Ana Carolina,aqui,,AQUI,T-039.298.063-0,,ana carolina,t-039.298.063-0
Aqui,Ana Carolina,aqui,,AQUI,T-039.298.063-0,,ana carolina,t-039.298.063-0
Aqui,Ana Carolina,aqui,,AQUI,T-039.298.063-0,,ana carolina,t-039.298.063-0
Confesso,Ana Carolina,confesso,,CONFESSO,T-324.068.646-4,,ana carolina,t-324.068.646-4
Confesso,Ana Carolina,confesso,,CONFESSO,T-324.068.646-4,,ana carolina,t-324.068.646-4
Confesso,Ana Carolina,confesso,,CONFESSO,T-324.068.646-4,,ana carolina,t-324.068.646-4
Tolerância,Ana Carolina,tolerancia,,TOLERÂNCIA,T-317.839.732-1,,ana carolina,t-317.839.732-1
Tolerância,Ana Carolina,tolerancia,,TOLERÂNCIA,T-317.839.732-1,,ana carolina,t-317.839.732-1
Tolerância,Ana Carolina,tolerancia,,TOLERÂNCIA,T-317.839.732-1,,ana carolina,t-317.839.732-1
Sampa,"Caetano Veloso,Gilberto Gil",sampa,,SAMPA,,,"caetano veloso,gilberto gil",
Sampa,"Caetano Veloso,Gilberto Gil",sampa,,SAMPA,,,"caetano veloso,gilberto gil",
Sampa,"Caetano Veloso,Gilberto Gil",sampa,,SAMPA,,,"caetano veloso,gilberto gil",
Miragem,Ivete Sangalo,miragem,,MIRAGEM,T-305.619.017-7,,ivete sangalo,t-305.619.017-7
Miragem,Ivete Sangalo,miragem,,MIRAGEM,,,ivete sangalo,
Miragem,Ivete Sangalo,miragem,,MIRAGEM,T-305.619.017-7,,ivete sangalo,t-305.619.017-7
Miragem,Ivete Sangalo,miragem,,MIRAGEM,,,ivete sangalo,
Miragem,Ivete Sangalo,miragem,,MIRAGEM,T-305.619.017-7,,ivete sangalo,t-305.619.017-7
Miragem,Ivete Sangalo,miragem,,MIRAGEM,,,ivete sangalo,
Insônia,Rita Lee,insonia,,INSÔNIA,T-040.280.608-9,,rita lee,t-040.280.608-9
Se Manca,Rita Lee,se manca,,SE MANCA,T-040.136.004-0,,rita lee,t-040.136.004-0
Mãe,Chico Chico,mae,,MÃE,T-306.800.395-8,,chico chico,t-306.800.395-8
Mãe,Chico Chico,mae,,MÃE,,,chico chico,
Mãe,Chico Chico,mae,,MÃE,T-306.800.395-8,,chico chico,t-306.800.395-8
Mãe,Chico Chico,mae,,MÃE,,,chico chico,
Mãe,Chico Chico,mae,,MÃE,T-306.800.395-8,,chico chico,t-306.800.395-8
Mãe,Chico Chico,mae,,MÃE,,,chico chico,
Gratidão,L7nnon,gratidao,,GRATIDÃO,T-305.217.523-8,,l7nnon,t-305.217.523-8
Gratidão,L7nnon,gratidao,,GRATIDÃO,T-305.217.523-8,,l7nnon,t-305.217.523-8
Penumbra,"Djonga,Rapaz Do Dread,Sarah Guedes",penumbra,,PENUMBRA,T-040.011.904-1,,"djonga,rapaz do dread,sarah guedes",t-040.011.904-1
Selvagem,Fábio Sina,selvagem,,SELVAGEM,T-304.714.892-1,,fabio sina,t-304.714.892-1
Selvagem,Fábio Sina,selvagem,,SELVAGEM,T-304.714.892-1,,fabio sina,t-304.714.892-1
Selvagem,Fábio Sina,selvagem,,SELVAGEM,T-304.714.892-1,,fabio sina,t-304.714.892-1
Do Zero,"Nagalli,Tz Da Coronel,Yunk Vino",do zero,,DO ZERO,T-039.758.508-8,,"nagalli,tz da coronel,yunk vino",t-039.758.508-8
Do Zero,"Nagalli,Tz Da Coronel,Yunk Vino",do zero,,DO ZERO,T-039.758.508-8,,"nagalli,tz da coronel,yunk vino",t-039.758.508-8
Do Zero,"Nagalli,Tz Da Coronel,Yunk Vino",do zero,,DO ZERO,T-039.758.508-8,,"nagalli,tz da coronel,yunk vino",t-039.758.508-8
Teto De Vidro,Pitty,teto de vidro,,TETO DE VIDRO,T-321.537.364-7,,pitty,t-321.537.364-7
Teto De Vidro,Pitty,teto de vidro,,TETO DE VIDRO,T-321.537.364-7,,pitty,t-321.537.364-7
Teto De Vidro,Pitty,teto de vidro,,TETO DE VIDRO,T-321.537.364-7,,pitty,t-321.537.364-7
Na Estrada,"Nando Reis,Péricles",na estrada,,NA ESTRADA,T-039.298.060-7,,"nando reis,pericles",t-039.298.060-7
Na Estrada,"Nando Reis,Péricles",na estrada,,NA ESTRADA,T-040.035.482-6,,"nando reis,pericles",t-040.035.482-6
Na Estrada,"Nando Reis,Péricles",na estrada,,NA ESTRADA,T-039.298.060-7,,"nando reis,pericles",t-039.298.060-7
Na Estrada,"Nando Reis,Péricles",na estrada,,NA ESTRADA,T-040.035.482-6,,"nando reis,pericles",t-040.035.482-6
Temporal,Bruna Mendez,temporal,,TEMPORAL,T-307.003.180-6,,bruna mendez,t-307.003.180-6
Temporal,Bruna Mendez,temporal,,TEMPORAL,T-307.003.180-6,,bruna mendez,t-307.003.180-6
Temporal,Bruna Mendez,temporal,,TEMPORAL,T-307.003.180-6,,bruna mendez,t-307.003.180-6
Nocaute,"Monic, The",nocaute,,NOCAUTE,T-317.794.059-5,,"monic, the",t-317.794.059-5
Nocaute,"Monic, The",nocaute,,NOCAUTE,T-317.794.059-5,,"monic, the",t-317.794.059-5
Nocaute,"Monic, The",nocaute,,NOCAUTE,T-317.794.059-5,,"monic, the",t-317.794.059-5
Recaída,"Jon Jon,Kevin O Chris",recaida,,RECAÍDA,T-322.528.884-2,,"jon jon,kevin o chris",t-322.528.884-2
Recaída,"Jon Jon,Kevin O Chris",recaida,,RECAÍDA,T-322.528.884-2,,"jon jon,kevin o chris",t-322.528.884-2
Recaída,"Jon Jon,Kevin O Chris",recaida,,RECAÍDA,T-322.528.884-2,,"jon jon,kevin o chris",t-322.528.884-2
Recaída,"Jon Jon,Kevin O Chris",recaida,,RECAÍDA,T-322.528.884-2,,"jon jon,kevin o chris",t-322.528.884-2
Recaída,"Jon Jon,Kevin O Chris",recaida,,RECAÍDA,T-322.528.884-2,,"jon jon,kevin o chris",t-322.528.884-2
Recaída,"Jon Jon,Kevin O Chris",recaida,,RECAÍDA,T-322.528.884-2,,"jon jon,kevin o chris",t-322.528.884-2
Se Foi,Aninha Portal,se foi,,SE FOI,T-039.497.697-6,,aninha portal,t-039.497.697-6
Se Foi,Aninha Portal,se foi,,SE FOI,T-039.497.697-6,,aninha portal,t-039.497.697-6
Se Foi,Aninha Portal,se foi,,SE FOI,T-039.497.697-6,,aninha portal,t-039.497.697-6
Proposta,Pepê,proposta,,PROPOSTA,T-313.413.810-2,,pepe,t-313.413.810-2
Proposta,Pepê,proposta,,PROPOSTA,T-313.413.810-2,,pepe,t-313.413.810-2
Proposta,Pepê,proposta,,PROPOSTA,T-313.413.810-2,,pepe,t-313.413.810-2
Segredo,Ana Gabriela,segredo,,SEGREDO,T-039.611.383-9,,ana gabriela,t-039.611.383-9
Segredo,Ana Gabriela,segredo,,SEGREDO,T-039.611.383-9,,ana gabriela,t-039.611.383-9
Segredo,Ana Gabriela,segredo,,SEGREDO,T-039.611.383-9,,ana gabriela,t-039.611.383-9
Saudade,Lauana Prado,saudade,,SAUDADE,T-306.509.964-7,,lauana prado,t-306.509.964-7
Saudade,Lauana Prado,saudade,,SAUDADE,T-039.751.632-3,,lauana prado,t-039.751.632-3
Saudade,Lauana Prado,saudade,,SAUDADE,,,lauana prado,
Saudade,Lauana Prado,saudade,,SAUDADE,T-305.264.938-0,,lauana prado,t-305.264.938-0
Saudade,Lauana Prado,saudade,,SAUDADE,T-306.509.964-7,,lauana prado,t-306.509.964-7
Saudade,Lauana Prado,saudade,,SAUDADE,T-039.751.632-3,,lauana prado,t-039.751.632-3
Saudade,Lauana Prado,saudade,,SAUDADE,,,lauana prado,
Saudade,Lauana Prado,saudade,,SAUDADE,T-305.264.938-0,,lauana prado,t-305.264.938-0
Saudade,Lauana Prado,saudade,,SAUDADE,T-306.509.964-7,,lauana prado,t-306.509.964-7
Saudade,Lauana Prado,saudade,,SAUDADE,T-039.751.632-3,,lauana prado,t-039.751.632-3
Saudade,Lauana Prado,saudade,,SAUDADE,,,lauana prado,
Saudade,Lauana Prado,saudade,,SAUDADE,T-305.264.938-0,,lauana prado,t-305.264.938-0
Mangue,Guaiamoons,mangue,,MANGUE,T-335.394.313-8,,guaiamoons,t-335.394.313-8
Mangue,Guaiamoons,mangue,,MANGUE,T-335.394.313-8,,guaiamoons,t-335.394.313-8
Mangue,Guaiamoons,mangue,,MANGUE,T-335.394.313-8,,guaiamoons,t-335.394.313-8
Cuidado,Eloysa,cuidado,,CUIDADO,T-317.794.225-1,,eloysa,t-317.794.225-1
Cuidado,Eloysa,cuidado,,CUIDADO,,,eloysa,
Cuidado,Eloysa,cuidado,,CUIDADO,T-317.794.225-1,,eloysa,t-317.794.225-1
Cuidado,Eloysa,cuidado,,CUIDADO,,,eloysa,
Cuidado,Eloysa,cuidado,,CUIDADO,T-317.794.225-1,,eloysa,t-317.794.225-1
Cuidado,Eloysa,cuidado,,CUIDADO,,,eloysa,
Vendavais,Ave Sangria,vendavais,,VENDAVAIS,T-040.396.849-9,,ave sangria,t-040.396.849-9
Vendavais,Ave Sangria,vendavais,,VENDAVAIS,T-040.396.849-9,,ave sangria,t-040.396.849-9
Vendavais,Ave Sangria,vendavais,,VENDAVAIS,T-040.396.849-9,,ave sangria,t-040.396.849-9
Tamo Junto,"Carlinhos Brown,Lexa",tamo junto,,TAMO JUNTO,,,"carlinhos brown,lexa",
Tamo Junto,"Carlinhos Brown,Lexa",tamo junto,,TAMO JUNTO,,,"carlinhos brown,lexa",
Tamo Junto,"Carlinhos Brown,Lexa",tamo junto,,TAMO JUNTO,,,"carlinhos brown,lexa",
Saudade,Breno Miranda,saudade,,SAUDADE,T-306.509.964-7,,breno miranda,t-306.509.964-7
Saudade,Breno Miranda,saudade,,SAUDADE,T-039.751.632-3,,breno miranda,t-039.751.632-3
Saudade,Breno Miranda,saudade,,SAUDADE,,,breno miranda,
Saudade,Breno Miranda,saudade,,SAUDADE,T-305.264.938-0,,breno miranda,t-305.264.938-0
Saudade,Breno Miranda,saudade,,SAUDADE,T-306.509.964-7,,breno miranda,t-306.509.964-7
Saudade,Breno Miranda,saudade,,SAUDADE,T-039.751.632-3,,breno miranda,t-039.751.632-3
Saudade,Breno Miranda,saudade,,SAUDADE,,,breno miranda,
Saudade,Breno Miranda,saudade,,SAUDADE,T-305.264.938-0,,breno miranda,t-305.264.938-0
Saudade,Breno Miranda,saudade,,SAUDADE,T-306.509.964-7,,breno miranda,t-306.509.964-7
Saudade,Breno Miranda,saudade,,SAUDADE,T-039.751.632-3,,breno miranda,t-039.751.632-3
Saudade,Breno Miranda,saudade,,SAUDADE,,,breno miranda,
Saudade,Breno Miranda,saudade,,SAUDADE,T-305.264.938-0,,breno miranda,t-305.264.938-0
Luz,"Breno Miranda,Koalla",luz,,LUZ,T-040.285.617-0,,"breno miranda,koalla",t-040.285.617-0
Luz,"Breno Miranda,Koalla",luz,,LUZ,,,"breno miranda,koalla",
Luz,"Breno Miranda,Koalla",luz,,LUZ,T-040.279.887-1,,"breno miranda,koalla",t-040.279.887-1
Luz,"Breno Miranda,Koalla",luz,,LUZ,T-040.285.617-0,,"breno miranda,koalla",t-040.285.617-0
Luz,"Breno Miranda,Koalla",luz,,LUZ,,,"breno miranda,koalla",
Luz,"Breno Miranda,Koalla",luz,,LUZ,T-040.279.887-1,,"breno miranda,koalla",t-040.279.887-1
Luz,"Breno Miranda,Koalla",luz,,LUZ,T-040.285.617-0,,"breno miranda,koalla",t-040.285.617-0
Luz,"Breno Miranda,Koalla",luz,,LUZ,,,"breno miranda,koalla",
Luz,"Breno Miranda,Koalla",luz,,LUZ,T-040.279.887-1,,"breno miranda,koalla",t-040.279.887-1
Carolina,Seu Jorge,carolina,,CAROLINA,,,seu jorge,
Carcará,Otto,carcara,,CARCARA,T-040.347.911-7,,otto,t-040.347.911-7
Carcará,Otto,carcara,,CARCARÁ,T-308.468.519-4,,otto,t-308.468.519-4
Namora Comigo,Moska,namora comigo,,NAMORA COMIGO,T-317.623.017-0,,moska,t-317.623.017-0
Namora Comigo,Moska,namora comigo,,NAMORA COMIGO,T-317.623.017-0,,moska,t-317.623.017-0
Caos,Titãs,caos,,CAOS,T-039.593.535-9,,titas,t-039.593.535-9
Caos,Titãs,caos,,CAOS,T-322.966.870-2,,titas,t-322.966.870-2
Caos,Titãs,caos,,CAOS,T-335.571.856-4,,titas,t-335.571.856-4
Caos,Titãs,caos,,CAOS,T-039.593.535-9,,titas,t-039.593.535-9
Caos,Titãs,caos,,CAOS,T-322.966.870-2,,titas,t-322.966.870-2
Caos,Titãs,caos,,CAOS,T-335.571.856-4,,titas,t-335.571.856-4
Era Uma Vez,Gloria Groove,era uma vez,,ERA UMA VEZ,,,gloria groove,
Era Uma Vez,Gloria Groove,era uma vez,,ERA UMA VEZ,,,gloria groove,
Imortal,Gloria Groove,imortal,,IMORTAL,T-307.118.165-8,,gloria groove,t-307.118.165-8
Imortal,Gloria Groove,imortal,,IMORTAL,T-307.118.165-8,,gloria groove,t-307.118.165-8
Samurai,Thiaguinho,samurai,,SAMURAI,T-300.960.761-4,,thiaguinho,t-300.960.761-4
Se,Thiaguinho,se,,SE,T-306.925.949-6,,thiaguinho,t-306.925.949-6
Identidade,Jorge Aragão,identidade,,IDENTIDADE,T-039.497.763-9,,jorge aragao,t-039.497.763-9
Identidade,Jorge Aragão,identidade,,IDENTIDADE,T-039.497.763-9,,jorge aragao,t-039.497.763-9
Identidade,Jorge Aragão,identidade,,IDENTIDADE,T-039.497.763-9,,jorge aragao,t-039.497.763-9
Identidade,Jorge Aragão,identidade,,IDENTIDADE,T-039.497.763-9,,jorge aragao,t-039.497.763-9
Aurora Boreal,Rael,aurora boreal,,AURORA BOREAL,T-931.652.334-9,,rael,t-931.652.334-9
Verdade,Zeca Pagodinho,verdade,,VERDADE,T-302.003.913-4,,zeca pagodinho,t-302.003.913-4
Maria,Roberta Miranda,maria,,MARIA,T-307.006.304-2,,roberta miranda,t-307.006.304-2
Maria,Roberta Miranda,maria,,MARIA,T-311.953.638-4,,roberta miranda,t-311.953.638-4
Maria,Roberta Miranda,maria,,MARIA,T-307.006.304-2,,roberta miranda,t-307.006.304-2
Maria,Roberta Miranda,maria,,MARIA,T-311.953.638-4,,roberta miranda,t-311.953.638-4
Maria,Roberta Miranda,maria,,MARIA,T-307.006.304-2,,roberta miranda,t-307.006.304-2
Maria,Roberta Miranda,maria,,MARIA,T-311.953.638-4,,roberta miranda,t-311.953.638-4
Maria,Roberta Miranda,maria,,MARIA,T-307.006.304-2,,roberta miranda,t-307.006.304-2
Maria,Roberta Miranda,maria,,MARIA,T-311.953.638-4,,roberta miranda,t-311.953.638-4
Maria,Roberta Miranda,maria,,MARIA,T-307.006.304-2,,roberta miranda,t-307.006.304-2
Maria,Roberta Miranda,maria,,MARIA,T-311.953.638-4,,roberta miranda,t-311.953.638-4
Travessia,Milton Nascimento,travessia,,TRAVESSIA,T-313.642.509-3,,milton nascimento,t-313.642.509-3
Travessia,Milton Nascimento,travessia,,TRAVESSIA,T-313.642.509-3,,milton nascimento,t-313.642.509-3
Travessia,Milton Nascimento,travessia,,TRAVESSIA,T-313.642.509-3,,milton nascimento,t-313.642.509-3
Travessia,Milton Nascimento,travessia,,TRAVESSIA,T-313.642.509-3,,milton nascimento,t-313.642.509-3
Travessia,Milton Nascimento,travessia,,TRAVESSIA,T-313.642.509-3,,milton nascimento,t-313.642.509-3
Andarilho,Majur,andarilho,,ANDARILHO,T-330.191.305-9,,majur,t-330.191.305-9
Andarilho,Majur,andarilho,,ANDARILHO,T-330.191.305-9,,majur,t-330.191.305-9
Andarilho,Majur,andarilho,,ANDARILHO,T-330.191.305-9,,majur,t-330.191.305-9
Andarilho,Majur,andarilho,,ANDARILHO,T-330.191.305-9,,majur,t-330.191.305-9
Andarilho,Majur,andarilho,,ANDARILHO,T-330.191.305-9,,majur,t-330.191.305-9
Andarilho,Majur,andarilho,,ANDARILHO,T-330.191.305-9,,majur,t-330.191.305-9
Coisas Que Eu Sei,Majur,coisas que eu sei,,COISAS QUE EU SEI,T-042.615.531-8,,majur,t-042.615.531-8
Coisas Que Eu Sei,Majur,coisas que eu sei,,COISAS QUE EU SEI,T-042.615.531-8,,majur,t-042.615.531-8
Coisas Que Eu Sei,Majur,coisas que eu sei,,COISAS QUE EU SEI,T-042.615.531-8,,majur,t-042.615.531-8
Coisas Que Eu Sei,Majur,coisas que eu sei,,COISAS QUE EU SEI,T-042.615.531-8,,majur,t-042.615.531-8
Coisas Que Eu Sei,Majur,coisas que eu sei,,COISAS QUE EU SEI,T-042.615.531-8,,majur,t-042.615.531-8
Coisas Que Eu Sei,Majur,coisas que eu sei,,COISAS QUE EU SEI,T-042.615.531-8,,majur,t-042.615.531-8
Vencedor,Calcinha Preta,vencedor,,VENCEDOR,T-313.263.562-8,,calcinha preta,t-313.263.562-8
Vencedor,Calcinha Preta,vencedor,,VENCEDOR,T-313.263.562-8,,calcinha preta,t-313.263.562-8
Vencedor,Calcinha Preta,vencedor,,VENCEDOR,T-313.263.562-8,,calcinha preta,t-313.263.562-8
Sebastiana,Luiz Gonzaga,sebastiana,,SEBASTIANA,,,luiz gonzaga,
Ô Sorte,Mosquito,o sorte,,Ô SORTE,T-305.413.482-2,,mosquito,t-305.413.482-2
Ô Sorte,Mosquito,o sorte,,Ô SORTE,T-305.413.482-2,,mosquito,t-305.413.482-2
Ô Sorte,Mosquito,o sorte,,Ô SORTE,T-305.413.482-2,,mosquito,t-305.413.482-2
Fetiche,Baco Exu Do Blues,fetiche,,FETICHE,T-316.009.896-0,,baco exu do blues,t-316.009.896-0
Call Me,St. Paul And The Broken Bones,call me,,CALL ME,T-327.279.638-6,,st. paul and the broken bones,t-327.279.638-6
Call Me,St. Paul And The Broken Bones,call me,,CALL ME,T-327.279.638-6,,st. paul and the broken bones,t-327.279.638-6
Ela,Gilberto Gil,ela,,ELA,T-322.696.235-8,,gilberto gil,t-322.696.235-8
Ela,Gilberto Gil,ela,,ELA,T-322.696.235-8,,gilberto gil,t-322.696.235-8
Aquarela,Toquinho,aquarela,,AQUARELA,,,toquinho,
Verdade,Evaldo Macarrão,verdade,,VERDADE,T-302.003.913-4,,evaldo macarrao,t-302.003.913-4
Beijinho No Ombro,Gabriela Prioli,beijinho no ombro,,BEIJINHO NO OMBRO,T-311.569.064-3,,gabriela prioli,t-311.569.064-3
Beijinho No Ombro,Gabriela Prioli,beijinho no ombro,,BEIJINHO NO OMBRO,T-311.569.064-3,,gabriela prioli,t-311.569.064-3
Felicidade,Seu Jorge,felicidade,,FELICIDADE,,,seu jorge,
Felicidade,Seu Jorge,felicidade,,FELICIDADE,,,seu jorge,
Felicidade,Seu Jorge,felicidade,,FELICIDADE,,,seu jorge,
Felicidade,Seu Jorge,felicidade,,FELICIDADE,,,seu jorge,
Dança Do Pombo,Mc Faisca,danca do pombo,,DANÇA DO POMBO,T-315.906.851-2,,mc faisca,t-315.906.851-2
Volte Sempre,Nina Becker,volte sempre,,VOLTE SEMPRE,T-321.150.594-7,,nina becker,t-321.150.594-7
Volte Sempre,Nina Becker,volte sempre,,VOLTE SEMPRE,T-321.150.594-7,,nina becker,t-321.150.594-7
Volte Sempre,Nina Becker,volte sempre,,VOLTE SEMPRE,T-321.150.594-7,,nina becker,t-321.150.594-7
Chocolate,Tim Maia,chocolate,,CHOCOLATE,T-322.528.891-1,,tim maia,t-322.528.891-1
Chocolate,Fat Family,chocolate,,CHOCOLATE,T-322.528.891-1,,fat family,t-322.528.891-1
Alienação,Ilê Aiyê,alienacao,,ALIENACAO,T-039.748.715-8,,ile aiye,t-039.748.715-8
Identidade,Jorge Aragão,identidade,,IDENTIDADE,T-039.497.763-9,,jorge aragao,t-039.497.763-9
Sou Favela,Léo Santana,sou favela,,SOU FAVELA,T-329.651.842-4,,leo santana,t-329.651.842-4
Bandida,Melly,bandida,,BANDIDA,,,melly,
Bandida,Melly,bandida,,BANDIDA,T-313.263.400-1,,melly,t-313.263.400-1
Cacau,Melly,cacau,,CACAU,,,melly,
Falar De Amor,Melly,falar de amor,,FALAR DE AMOR,,,melly,
Paraíso,Melly,paraiso,,PARAISO,T-301.576.907-6,,melly,t-301.576.907-6
Paraíso,Melly,paraiso,,PARAISO,T-304.308.878-0,,melly,t-304.308.878-0
Desafio,"Belo,Fofão,Negao Da Serrinha",desafio,,DESAFIO,T-040.453.293-9,,"belo,fofao,negao da serrinha",t-040.453.293-9
Desafio,"Belo,Fofão,Negao Da Serrinha",desafio,,DESAFIO,T-312.554.786-2,,"belo,fofao,negao da serrinha",t-312.554.786-2
Perfume,Belo,perfume,,PERFUME,T-305.215.262-8,,belo,t-305.215.262-8
Tudo Passa,Adryana Ribeiro,tudo passa,,TUDO PASSA,T-040.070.521-6,,adryana ribeiro,t-040.070.521-6
Tudo Passa,Adryana Ribeiro,tudo passa,,TUDO PASSA,T-040.070.521-6,,adryana ribeiro,t-040.070.521-6
Fogueira,Hugo & Guilherme,fogueira,,FOGUEIRA,,,hugo & guilherme,
Mágica,Hugo & Guilherme,magica,,MÁGICA,T-307.416.503-6,,hugo & guilherme,t-307.416.503-6
Treme Treme,Hugo & Guilherme,treme treme,,TREME TREME,,,hugo & guilherme,
Sentadão,Antônio Fagundes,sentadao,,SENTADÃO,T-303.014.916-3,,antonio fagundes,t-303.014.916-3
Sentadão,Antônio Fagundes,sentadao,,SENTADÃO,T-304.715.440-1,,antonio fagundes,t-304.715.440-1
Sentadão,Antônio Fagundes,sentadao,,SENTADÃO,T-325.955.974-1,,antonio fagundes,t-325.955.974-1
Sentadão,Antônio Fagundes,sentadao,,SENTADÃO,T-303.014.916-3,,antonio fagundes,t-303.014.916-3
Sentadão,Antônio Fagundes,sentadao,,SENTADÃO,T-304.715.440-1,,antonio fagundes,t-304.715.440-1
Sentadão,Antônio Fagundes,sentadao,,SENTADÃO,T-325.955.974-1,,antonio fagundes,t-325.955.974-1
Macetando,"Banda Lady Night,Ivete Sangalo",macetando,,MACETANDO,T-318.000.000-0,,"banda lady night,ivete sangalo",t-318.000.000-0
Macetando,"Banda Lady Night,Ivete Sangalo",macetando,,MACETANDO,T-318.000.000-0,,"banda lady night,ivete sangalo",t-318.000.000-0
Macetando,"Banda Lady Night,Ivete Sangalo",macetando,,MACETANDO,T-318.000.000-0,,"banda lady night,ivete sangalo",t-318.000.000-0
Pote De Ouro,Liniker,pote de ouro,,POTE DE OURO,,,liniker,
Psiu,Liniker,psiu,,PSIU,T-335.821.334-6,,liniker,t-335.821.334-6
Tudo,Liniker,tudo,,TUDO,T-301.718.723-0,,liniker,t-301.718.723-0
Me Chama,Cacau Protásio,me chama,,ME CHAMA,T-311.953.645-3,,cacau protasio,t-311.953.645-3
Beijinho No Ombro,Valesca Popozuda,beijinho no ombro,,BEIJINHO NO OMBRO,T-311.569.064-3,,valesca popozuda,t-311.569.064-3
Beijinho No Ombro,Valesca Popozuda,beijinho no ombro,,BEIJINHO NO OMBRO,T-311.569.064-3,,valesca popozuda,t-311.569.064-3
Beijinho No Ombro,Valesca Popozuda,beijinho no ombro,,BEIJINHO NO OMBRO,T-311.569.064-3,,valesca popozuda,t-311.569.064-3
Beijinho No Ombro,Valesca Popozuda,beijinho no ombro,,BEIJINHO NO OMBRO,T-311.569.064-3,,valesca popozuda,t-311.569.064-3
Beijinho No Ombro,Valesca Popozuda,beijinho no ombro,,BEIJINHO NO OMBRO,T-311.569.064-3,,valesca popozuda,t-311.569.064-3
Beijinho No Ombro,Valesca Popozuda,beijinho no ombro,,BEIJINHO NO OMBRO,T-311.569.064-3,,valesca popozuda,t-311.569.064-3
Mantra,Mumuzinho,mantra,,MANTRA,T-301.577.149-6,,mumuzinho,t-301.577.149-6
Mantra,Mumuzinho,mantra,,MANTRA,T-301.577.149-6,,mumuzinho,t-301.577.149-6
Mantra,Mumuzinho,mantra,,MANTRA,T-301.577.149-6,,mumuzinho,t-301.577.149-6
Mãe,Chico Chico,mae,,MÃE,T-306.800.395-8,,chico chico,t-306.800.395-8
Mãe,Chico Chico,mae,,MÃE,,,chico chico,
Mãe,Chico Chico,mae,,MÃE,T-306.800.395-8,,chico chico,t-306.800.395-8
Mãe,Chico Chico,mae,,MÃE,,,chico chico,
Gratidão,L7nnon,gratidao,,GRATIDÃO,T-305.217.523-8,,l7nnon,t-305.217.523-8
Gratidão,L7nnon,gratidao,,GRATIDÃO,T-305.217.523-8,,l7nnon,t-305.217.523-8
Vem Ni Mim,Àttøøxxá,vem ni mim,,VEM NI MIM,T-303.114.085-5,,attøøxxa,t-303.114.085-5
Eu Te Avisei,"Ceejay,Renan Ricio",eu te avisei,,EU TE AVISEI,,,"ceejay,renan ricio",
Coragem,Cpm 22,coragem,,CORAGEM,T-040.522.266-3,,cpm 22,t-040.522.266-3
Coragem,Cpm 22,coragem,,CORAGEM,,,cpm 22,
Lágrimas De Sangue,Joelma,lagrimas de sangue,,LÁGRIMAS DE SANGUE,,,joelma,
Temporal,Joelma,temporal,,TEMPORAL,T-307.003.180-6,,joelma,t-307.003.180-6
Máquina Do Tempo,Matuê,maquina do tempo,,MAQUINA DO TEMPO,T-040.341.279-2,,matue,t-040.341.279-2
Máquina Do Tempo,Matuê,maquina do tempo,,MÁQUINA DO TEMPO,T-301.567.051-2,,matue,t-301.567.051-2
Maria,Matuê,maria,,MARIA,T-307.006.304-2,,matue,t-307.006.304-2
Maria,Matuê,maria,,MARIA,T-311.953.638-4,,matue,t-311.953.638-4
Desejo,Soweto,desejo,,DESEJO,T-322.628.586-1,,soweto,t-322.628.586-1
Gratidão,Soweto,gratidao,,GRATIDÃO,T-305.217.523-8,,soweto,t-305.217.523-8
Ilusão,Soweto,ilusao,,ILUSAO,T-040.011.902-9,,soweto,t-040.011.902-9
Ilusão,Soweto,ilusao,,ILUSÃO,,,soweto,
Perfume,Soweto,perfume,,PERFUME,T-305.215.262-8,,soweto,t-305.215.262-8
Te Quero,Soweto,te quero,,TE QUERO,T-305.218.717-0,,soweto,t-305.218.717-0
Sentadinha,Léo Santana,sentadinha,,SENTADINHA,T-306.792.989-5,,leo santana,t-306.792.989-5
Sentadinha,Léo Santana,sentadinha,,SENTADINHA,T-308.506.890-8,,leo santana,t-308.506.890-8
Sentadinha,Léo Santana,sentadinha,,SENTADINHA,T-306.792.989-5,,leo santana,t-306.792.989-5
Sentadinha,Léo Santana,sentadinha,,SENTADINHA,T-308.506.890-8,,leo santana,t-308.506.890-8
Sentadinha,Léo Santana,sentadinha,,SENTADINHA,T-306.792.989-5,,leo santana,t-306.792.989-5
Sentadinha,Léo Santana,sentadinha,,SENTADINHA,T-308.506.890-8,,leo santana,t-308.506.890-8
Tudo Ok,"Js Mão De Ouro,Mila,Thiaguinho Mt",tudo ok,,TUDO OK,T-040.059.792-3,,"js mao de ouro,mila,thiaguinho mt",t-040.059.792-3
Tudo Ok,"Js Mão De Ouro,Mila,Thiaguinho Mt",tudo ok,,TUDO OK,T-040.059.792-3,,"js mao de ouro,mila,thiaguinho mt",t-040.059.792-3
Tudo Ok,"Js Mão De Ouro,Mila,Thiaguinho Mt",tudo ok,,TUDO OK,T-040.059.792-3,,"js mao de ouro,mila,thiaguinho mt",t-040.059.792-3
Beijinho No Ombro,Valesca Popozuda,beijinho no ombro,,BEIJINHO NO OMBRO,T-311.569.064-3,,valesca popozuda,t-311.569.064-3
Beijinho No Ombro,Valesca Popozuda,beijinho no ombro,,BEIJINHO NO OMBRO,T-311.569.064-3,,valesca popozuda,t-311.569.064-3
Treme Treme,"As Gêmeas Lacração,Mc Loma",treme treme,,TREME TREME,,,"as gemeas lacracao,mc loma",
Treme Treme,"As Gêmeas Lacração,Mc Loma",treme treme,,TREME TREME,,,"as gemeas lacracao,mc loma",
Brisa,Iza,brisa,,BRISA,T-315.799.145-8,,iza,t-315.799.145-8
Brisa,Iza,brisa,,BRISA,T-316.180.981-6,,iza,t-316.180.981-6
Brisa,Iza,brisa,,BRISA,T-326.766.166-1,,iza,t-326.766.166-1
Brisa,Iza,brisa,,BRISA,T-315.799.145-8,,iza,t-315.799.145-8
Brisa,Iza,brisa,,BRISA,T-316.180.981-6,,iza,t-316.180.981-6
Brisa,Iza,brisa,,BRISA,T-326.766.166-1,,iza,t-326.766.166-1
Brisa,Iza,brisa,,BRISA,T-315.799.145-8,,iza,t-315.799.145-8
Brisa,Iza,brisa,,BRISA,T-316.180.981-6,,iza,t-316.180.981-6
Brisa,Iza,brisa,,BRISA,T-326.766.166-1,,iza,t-326.766.166-1
Brisa,Iza,brisa,,BRISA,T-315.799.145-8,,iza,t-315.799.145-8
Brisa,Iza,brisa,,BRISA,T-316.180.981-6,,iza,t-316.180.981-6
Brisa,Iza,brisa,,BRISA,T-326.766.166-1,,iza,t-326.766.166-1
Mulher Rendeira,Trio Nordestino,mulher rendeira,,MULHER RENDEIRA,T-039.167.658-6,,trio nordestino,t-039.167.658-6
Mulher Rendeira,Trio Nordestino,mulher rendeira,,MULHER RENDEIRA,T-039.167.658-6,,trio nordestino,t-039.167.658-6
Mulher Rendeira,Trio Nordestino,mulher rendeira,,MULHER RENDEIRA,T-039.167.658-6,,trio nordestino,t-039.167.658-6
Mulher Rendeira,Trio Nordestino,mulher rendeira,,MULHER RENDEIRA,T-039.167.658-6,,trio nordestino,t-039.167.658-6
Fuleragem,Mc Wm,fuleragem,,FULERAGEM,T-305.214.250-0,,mc wm,t-305.214.250-0
Fuleragem,Mc Wm,fuleragem,,FULERAGEM,T-305.214.250-0,,mc wm,t-305.214.250-0
Fuleragem,Mc Wm,fuleragem,,FULERAGEM,T-305.214.250-0,,mc wm,t-305.214.250-0
Fuleragem,Mc Wm,fuleragem,,FULERAGEM,T-305.214.250-0,,mc wm,t-305.214.250-0
Baile De Favela,Mc João,baile de favela,,BAILE DE FAVELA,T-303.383.693-6,,mc joao,t-303.383.693-6
Baile De Favela,Mc João,baile de favela,,BAILE DE FAVELA,T-303.383.693-6,,mc joao,t-303.383.693-6
Baile De Favela,Mc João,baile de favela,,BAILE DE FAVELA,T-303.383.693-6,,mc joao,t-303.383.693-6
Baile De Favela,Mc João,baile de favela,,BAILE DE FAVELA,T-303.383.693-6,,mc joao,t-303.383.693-6
Sentadão,"Felipe Original,Js,Pedro Sampaio",sentadao,,SENTADÃO,T-303.014.916-3,,"felipe original,js,pedro sampaio",t-303.014.916-3
Sentadão,"Felipe Original,Js,Pedro Sampaio",sentadao,,SENTADÃO,T-304.715.440-1,,"felipe original,js,pedro sampaio",t-304.715.440-1
Sentadão,"Felipe Original,Js,Pedro Sampaio",sentadao,,SENTADÃO,T-325.955.974-1,,"felipe original,js,pedro sampaio",t-325.955.974-1
Sentadão,"Felipe Original,Js,Pedro Sampaio",sentadao,,SENTADÃO,T-303.014.916-3,,"felipe original,js,pedro sampaio",t-303.014.916-3
Sentadão,"Felipe Original,Js,Pedro Sampaio",sentadao,,SENTADÃO,T-304.715.440-1,,"felipe original,js,pedro sampaio",t-304.715.440-1
Sentadão,"Felipe Original,Js,Pedro Sampaio",sentadao,,SENTADÃO,T-325.955.974-1,,"felipe original,js,pedro sampaio",t-325.955.974-1
Sentadão,"Felipe Original,Js,Pedro Sampaio",sentadao,,SENTADÃO,T-303.014.916-3,,"felipe original,js,pedro sampaio",t-303.014.916-3
Sentadão,"Felipe Original,Js,Pedro Sampaio",sentadao,,SENTADÃO,T-304.715.440-1,,"felipe original,js,pedro sampaio",t-304.715.440-1
Sentadão,"Felipe Original,Js,Pedro Sampaio",sentadao,,SENTADÃO,T-325.955.974-1,,"felipe original,js,pedro sampaio",t-325.955.974-1
Sentadão,"Felipe Original,Js,Pedro Sampaio",sentadao,,SENTADÃO,T-303.014.916-3,,"felipe original,js,pedro sampaio",t-303.014.916-3
Sentadão,"Felipe Original,Js,Pedro Sampaio",sentadao,,SENTADÃO,T-304.715.440-1,,"felipe original,js,pedro sampaio",t-304.715.440-1
Sentadão,"Felipe Original,Js,Pedro Sampaio",sentadao,,SENTADÃO,T-325.955.974-1,,"felipe original,js,pedro sampaio",t-325.955.974-1
Beijinho No Ombro,Andy Gercker,beijinho no ombro,,BEIJINHO NO OMBRO,T-311.569.064-3,,andy gercker,t-311.569.064-3
Beijinho No Ombro,Andy Gercker,beijinho no ombro,,BEIJINHO NO OMBRO,T-311.569.064-3,,andy gercker,t-311.569.064-3
Beijinho No Ombro,Andy Gercker,beijinho no ombro,,BEIJINHO NO OMBRO,T-311.569.064-3,,andy gercker,t-311.569.064-3
Até O Céu,"Anitta,Mc Cabelinho",ate o ceu,,ATÉ O CÉU,T-333.819.469-3,,"anitta,mc cabelinho",t-333.819.469-3
Até O Céu,"Anitta,Mc Cabelinho",ate o ceu,,ATÉ O CÉU,T-333.819.469-3,,"anitta,mc cabelinho",t-333.819.469-3
Até O Céu,"Anitta,Mc Cabelinho",ate o ceu,,ATÉ O CÉU,T-333.819.469-3,,"anitta,mc cabelinho",t-333.819.469-3
Até O Céu,"Anitta,Mc Cabelinho",ate o ceu,,ATÉ O CÉU,T-333.819.469-3,,"anitta,mc cabelinho",t-333.819.469-3
Brisa,"Andy Gercker,Evelyn Castro,Roberta Rodrigues,Rodrigo Sant'anna",brisa,,BRISA,T-315.799.145-8,,"andy gercker,evelyn castro,roberta rodrigues,rodrigo sant'anna",t-315.799.145-8
Brisa,"Andy Gercker,Evelyn Castro,Roberta Rodrigues,Rodrigo Sant'anna",brisa,,BRISA,T-316.180.981-6,,"andy gercker,evelyn castro,roberta rodrigues,rodrigo sant'anna",t-316.180.981-6
Brisa,"Andy Gercker,Evelyn Castro,Roberta Rodrigues,Rodrigo Sant'anna",brisa,,BRISA,T-326.766.166-1,,"andy gercker,evelyn castro,roberta rodrigues,rodrigo sant'anna",t-326.766.166-1
Brisa,"Andy Gercker,Evelyn Castro,Roberta Rodrigues,Rodrigo Sant'anna",brisa,,BRISA,T-315.799.145-8,,"andy gercker,evelyn castro,roberta rodrigues,rodrigo sant'anna",t-315.799.145-8
Brisa,"Andy Gercker,Evelyn Castro,Roberta Rodrigues,Rodrigo Sant'anna",brisa,,BRISA,T-316.180.981-6,,"andy gercker,evelyn castro,roberta rodrigues,rodrigo sant'anna",t-316.180.981-6
Brisa,"Andy Gercker,Evelyn Castro,Roberta Rodrigues,Rodrigo Sant'anna",brisa,,BRISA,T-326.766.166-1,,"andy gercker,evelyn castro,roberta rodrigues,rodrigo sant'anna",t-326.766.166-1
Brisa,"Andy Gercker,Evelyn Castro,Roberta Rodrigues,Rodrigo Sant'anna",brisa,,BRISA,T-315.799.145-8,,"andy gercker,evelyn castro,roberta rodrigues,rodrigo sant'anna",t-315.799.145-8
Brisa,"Andy Gercker,Evelyn Castro,Roberta Rodrigues,Rodrigo Sant'anna",brisa,,BRISA,T-316.180.981-6,,"andy gercker,evelyn castro,roberta rodrigues,rodrigo sant'anna",t-316.180.981-6
Brisa,"Andy Gercker,Evelyn Castro,Roberta Rodrigues,Rodrigo Sant'anna",brisa,,BRISA,T-326.766.166-1,,"andy gercker,evelyn castro,roberta rodrigues,rodrigo sant'anna",t-326.766.166-1
Maliciosa,Ludmilla,maliciosa,,MALICIOSA,T-308.115.017-2,,ludmilla,t-308.115.017-2
Maliciosa,Ludmilla,maliciosa,,MALICIOSA,T-308.115.017-2,,ludmilla,t-308.115.017-2
Maliciosa,Ludmilla,maliciosa,,MALICIOSA,T-308.115.017-2,,ludmilla,t-308.115.017-2
Macetando,"Ivete Sangalo,Ludmilla",macetando,,MACETANDO,T-318.000.000-0,,"ivete sangalo,ludmilla",t-318.000.000-0
Macetando,"Ivete Sangalo,Ludmilla",macetando,,MACETANDO,T-318.000.000-0,,"ivete sangalo,ludmilla",t-318.000.000-0
Macetando,"Ivete Sangalo,Ludmilla",macetando,,MACETANDO,T-318.000.000-0,,"ivete sangalo,ludmilla",t-318.000.000-0
Macetando,"Ivete Sangalo,Ludmilla",macetando,,MACETANDO,T-318.000.000-0,,"ivete sangalo,ludmilla",t-318.000.000-0
Macetando,"Ivete Sangalo,Ludmilla",macetando,,MACETANDO,T-318.000.000-0,,"ivete sangalo,ludmilla",t-318.000.000-0
Macetando,"Ivete Sangalo,Ludmilla",macetando,,MACETANDO,T-318.000.000-0,,"ivete sangalo,ludmilla",t-318.000.000-0
Macetando,"Ivete Sangalo,Ludmilla",macetando,,MACETANDO,T-318.000.000-0,,"ivete sangalo,ludmilla",t-318.000.000-0
La Noche,Yago Oproprio,la noche,,LA NOCHE,T-328.946.779-0,,yago oproprio,t-328.946.779-0
La Noche,Yago Oproprio,la noche,,LA NOCHE,T-328.946.779-0,,yago oproprio,t-328.946.779-0
La Noche,Yago Oproprio,la noche,,LA NOCHE,T-328.946.779-0,,yago oproprio,t-328.946.779-0
La Noche,Yago Oproprio,la noche,,LA NOCHE,T-328.946.779-0,,yago oproprio,t-328.946.779-0
Tudo,Liniker,tudo,,TUDO,T-301.718.723-0,,liniker,t-301.718.723-0
Tudo,Liniker,tudo,,TUDO,T-301.718.723-0,,liniker,t-301.718.723-0
Tudo,Liniker,tudo,,TUDO,T-301.718.723-0,,liniker,t-301.718.723-0
Tudo,Liniker,tudo,,TUDO,T-301.718.723-0,,liniker,t-301.718.723-0
Tudo,Liniker,tudo,,TUDO,T-301.718.723-0,,liniker,t-301.718.723-0
Peito Aberto,Budah,peito aberto,,PEITO ABERTO,,,budah,
Peito Aberto,Budah,peito aberto,,PEITO ABERTO,,,budah,
São Paulo,"Anitta,Weeknd, The",sao paulo,,SÃO PAULO,,,"anitta,weeknd, the",
São Paulo,"Anitta,Weeknd, The",sao paulo,,SÃO PAULO,,,"anitta,weeknd, the",
Saudade,Lauana Prado,saudade,,SAUDADE,T-306.509.964-7,,lauana prado,t-306.509.964-7
Saudade,Lauana Prado,saudade,,SAUDADE,T-039.751.632-3,,lauana prado,t-039.751.632-3
Saudade,Lauana Prado,saudade,,SAUDADE,,,lauana prado,
Saudade,Lauana Prado,saudade,,SAUDADE,T-305.264.938-0,,lauana prado,t-305.264.938-0
Saudade,Lauana Prado,saudade,,SAUDADE,T-306.509.964-7,,lauana prado,t-306.509.964-7
Saudade,Lauana Prado,saudade,,SAUDADE,T-039.751.632-3,,lauana prado,t-039.751.632-3
Saudade,Lauana Prado,saudade,,SAUDADE,,,lauana prado,
Saudade,Lauana Prado,saudade,,SAUDADE,T-305.264.938-0,,lauana prado,t-305.264.938-0
Downtown,"Anitta,J Balvin",downtown,,DOWNTOWN,,,"anitta,j balvin",
Downtown,"Anitta,J Balvin",downtown,,DOWNTOWN,,,"anitta,j balvin",
Linha De Frente,"Budah,Tibery",linha de frente,,LINHA DE FRENTE,T-308.636.270-7,,"budah,tibery",t-308.636.270-7
Samurai,Jota.Pê,samurai,,SAMURAI,T-300.960.761-4,,jota.pe,t-300.960.761-4
Samurai,Jota.Pê,samurai,,SAMURAI,T-300.960.761-4,,jota.pe,t-300.960.761-4
Tudo,Liniker,tudo,,TUDO,T-301.718.723-0,,liniker,t-301.718.723-0
Tudo,Liniker,tudo,,TUDO,T-301.718.723-0,,liniker,t-301.718.723-0
Vamos Fugir,Jota.Pê,vamos fugir,,VAMOS FUGIR,T-305.415.581-2,,jota.pe,t-305.415.581-2
Vamos Fugir,Jota.Pê,vamos fugir,,VAMOS FUGIR,T-305.415.581-2,,jota.pe,t-305.415.581-2
Tudo,Liniker,tudo,,TUDO,T-301.718.723-0,,liniker,t-301.718.723-0
Tudo,Liniker,tudo,,TUDO,T-301.718.723-0,,liniker,t-301.718.723-0
Eu Vou Sentar,"Melody,Nattan",eu vou sentar,,EU VOU SENTAR,T-305.267.256-3,,"melody,nattan",t-305.267.256-3
Eu Vou Sentar,"Melody,Nattan",eu vou sentar,,EU VOU SENTAR,T-305.267.256-3,,"melody,nattan",t-305.267.256-3
Amor Incendiário,Yago Oproprio,amor incendiario,,AMOR INCENDIÁRIO,T-040.507.369-9,,yago oproprio,t-040.507.369-9
Amor Incendiário,Yago Oproprio,amor incendiario,,AMOR INCENDIÁRIO,T-040.507.369-9,,yago oproprio,t-040.507.369-9
Imprevisto,"Rô Rosa,Skeeter Beats,Yago Oproprio",imprevisto,,IMPREVISTO,T-312.561.383-0,,"ro rosa,skeeter beats,yago oproprio",t-312.561.383-0
Imprevisto,"Rô Rosa,Skeeter Beats,Yago Oproprio",imprevisto,,IMPREVISTO,T-312.561.383-0,,"ro rosa,skeeter beats,yago oproprio",t-312.561.383-0
La Noche,Yago Oproprio,la noche,,LA NOCHE,T-328.946.779-0,,yago oproprio,t-328.946.779-0
La Noche,Yago Oproprio,la noche,,LA NOCHE,T-328.946.779-0,,yago oproprio,t-328.946.779-0
Tudo,Liniker,tudo,,TUDO,T-301.718.723-0,,liniker,t-301.718.723-0
Tudo,Liniker,tudo,,TUDO,T-301.718.723-0,,liniker,t-301.718.723-0
Eu Sei,Fresno,eu sei,,EU SEI,T-323.310.474-6,,fresno,t-323.310.474-6
Eu Sei,Fresno,eu sei,,EU SEI,T-323.310.474-6,,fresno,t-323.310.474-6
Temporal,Bruna Mendez,temporal,,TEMPORAL,T-307.003.180-6,,bruna mendez,t-307.003.180-6
Temporal,Bruna Mendez,temporal,,TEMPORAL,T-307.003.180-6,,bruna mendez,t-307.003.180-6
Nocaute,"Monic, The",nocaute,,NOCAUTE,T-317.794.059-5,,"monic, the",t-317.794.059-5
Esquema,Mia Wicthoff,esquema,,ESQUEMA,T-319.876.005-9,,mia wicthoff,t-319.876.005-9
Esquema,Mia Wicthoff,esquema,,ESQUEMA,T-318.043.291-7,,mia wicthoff,t-318.043.291-7
Baile De Favela,Mc João,baile de favela,,BAILE DE FAVELA,T-303.383.693-6,,mc joao,t-303.383.693-6
Baile De Favela,Mc João,baile de favela,,BAILE DE FAVELA,T-303.383.693-6,,mc joao,t-303.383.693-6
Baile De Favela,Mc João,baile de favela,,BAILE DE FAVELA,T-303.383.693-6,,mc joao,t-303.383.693-6
Maria,Blondie,maria,,MARIA,T-307.006.304-2,,blondie,t-307.006.304-2
Maria,Blondie,maria,,MARIA,T-311.953.638-4,,blondie,t-311.953.638-4
Criminal,Britney Spears,criminal,,CRIMINAL,T-932.737.486-7,,britney spears,t-932.737.486-7
Criminal,Britney Spears,criminal,,CRIMINAL,T-932.737.486-7,,britney spears,t-932.737.486-7
Criminal,Britney Spears,criminal,,CRIMINAL,T-932.737.486-7,,britney spears,t-932.737.486-7
Criminal,Britney Spears,criminal,,CRIMINAL,T-932.737.486-7,,britney spears,t-932.737.486-7
Criminal,Britney Spears,criminal,,CRIMINAL,T-932.737.486-7,,britney spears,t-932.737.486-7
Criminal,Britney Spears,criminal,,CRIMINAL,T-932.737.486-7,,britney spears,t-932.737.486-7
Criminal,Britney Spears,criminal,,CRIMINAL,T-932.737.486-7,,britney spears,t-932.737.486-7
Criminal,Britney Spears,criminal,,CRIMINAL,T-932.737.486-7,,britney spears,t-932.737.486-7
Criminal,Britney Spears,criminal,,CRIMINAL,T-932.737.486-7,,britney spears,t-932.737.486-7
Criminal,Britney Spears,criminal,,CRIMINAL,T-932.737.486-7,,britney spears,t-932.737.486-7
Opinião,Samantha Schmütz,opiniao,,OPINIÃO,,,samantha schmutz,
Opinião,Samantha Schmütz,opiniao,,OPINIÃO,,,samantha schmutz,
Opinião,Samantha Schmütz,opiniao,,OPINIÃO,,,samantha schmutz,
Opinião,Samantha Schmütz,opiniao,,OPINIÃO,,,samantha schmutz,
Baile De Favela,Mc João,baile de favela,,BAILE DE FAVELA,T-303.383.693-6,,mc joao,t-303.383.693-6
Baile De Favela,Mc João,baile de favela,,BAILE DE FAVELA,T-303.383.693-6,,mc joao,t-303.383.693-6
Baile De Favela,Mc João,baile de favela,,BAILE DE FAVELA,T-303.383.693-6,,mc joao,t-303.383.693-6
Baile De Favela,Mc João,baile de favela,,BAILE DE FAVELA,T-303.383.693-6,,mc joao,t-303.383.693-6
Satisfação,Tati Quebra Barraco,satisfacao,,SATISFAÇÃO,T-302.730.937-7,,tati quebra barraco,t-302.730.937-7
Baile De Favela,Mc João,baile de favela,,BAILE DE FAVELA,T-303.383.693-6,,mc joao,t-303.383.693-6
Baile De Favela,Mc João,baile de favela,,BAILE DE FAVELA,T-303.383.693-6,,mc joao,t-303.383.693-6
Maria,Ricky Martin,maria,,MARIA,T-307.006.304-2,,ricky martin,t-307.006.304-2
Maria,Ricky Martin,maria,,MARIA,T-311.953.638-4,,ricky martin,t-311.953.638-4
Maria,Ricky Martin,maria,,MARIA,T-307.006.304-2,,ricky martin,t-307.006.304-2
Maria,Ricky Martin,maria,,MARIA,T-311.953.638-4,,ricky martin,t-311.953.638-4
Maria,Ricky Martin,maria,,MARIA,T-307.006.304-2,,ricky martin,t-307.006.304-2
Maria,Ricky Martin,maria,,MARIA,T-311.953.638-4,,ricky martin,t-311.953.638-4
Maria,Ricky Martin,maria,,MARIA,T-307.006.304-2,,ricky martin,t-307.006.304-2
Maria,Ricky Martin,maria,,MARIA,T-311.953.638-4,,ricky martin,t-311.953.638-4
Vingança,Linda Batista,vinganca,,VINGANÇA,T-040.226.902-6,,linda batista,t-040.226.902-6
Vingança,Linda Batista,vinganca,,VINGANÇA,T-040.226.902-6,,linda batista,t-040.226.902-6
Socadona,"Ludmilla,Mariah Angeliq,Mr. Vegas,Topo La Maskara",socadona,,SOCADONA,T-305.217.548-7,,"ludmilla,mariah angeliq,mr. vegas,topo la maskara",t-305.217.548-7
Socadona,"Ludmilla,Mariah Angeliq,Mr. Vegas,Topo La Maskara",socadona,,SOCADONA,,,"ludmilla,mariah angeliq,mr. vegas,topo la maskara",
Socadona,"Ludmilla,Mariah Angeliq,Mr. Vegas,Topo La Maskara",socadona,,SOCADONA,T-305.217.548-7,,"ludmilla,mariah angeliq,mr. vegas,topo la maskara",t-305.217.548-7
Socadona,"Ludmilla,Mariah Angeliq,Mr. Vegas,Topo La Maskara",socadona,,SOCADONA,,,"ludmilla,mariah angeliq,mr. vegas,topo la maskara",
Socadona,"Ludmilla,Mariah Angeliq,Mr. Vegas,Topo La Maskara",socadona,,SOCADONA,T-305.217.548-7,,"ludmilla,mariah angeliq,mr. vegas,topo la maskara",t-305.217.548-7
Socadona,"Ludmilla,Mariah Angeliq,Mr. Vegas,Topo La Maskara",socadona,,SOCADONA,,,"ludmilla,mariah angeliq,mr. vegas,topo la maskara",
Vendaval,Majur,vendaval,,VENDAVAL,,,majur,
Andarilho,Majur,andarilho,,ANDARILHO,T-330.191.305-9,,majur,t-330.191.305-9
Andarilho,Majur,andarilho,,ANDARILHO,T-330.191.305-9,,majur,t-330.191.305-9
Andarilho,Majur,andarilho,,ANDARILHO,T-330.191.305-9,,majur,t-330.191.305-9
Andarilho,Majur,andarilho,,ANDARILHO,T-330.191.305-9,,majur,t-330.191.305-9
Máquina Do Tempo,Matuê,maquina do tempo,,MAQUINA DO TEMPO,T-040.341.279-2,,matue,t-040.341.279-2
Máquina Do Tempo,Matuê,maquina do tempo,,MÁQUINA DO TEMPO,T-301.567.051-2,,matue,t-301.567.051-2
Máquina Do Tempo,Matuê,maquina do tempo,,MAQUINA DO TEMPO,T-040.341.279-2,,matue,t-040.341.279-2
Máquina Do Tempo,Matuê,maquina do tempo,,MÁQUINA DO TEMPO,T-301.567.051-2,,matue,t-301.567.051-2
Máquina Do Tempo,Matuê,maquina do tempo,,MAQUINA DO TEMPO,T-040.341.279-2,,matue,t-040.341.279-2
Máquina Do Tempo,Matuê,maquina do tempo,,MÁQUINA DO TEMPO,T-301.567.051-2,,matue,t-301.567.051-2
Máquina Do Tempo,Matuê,maquina do tempo,,MAQUINA DO TEMPO,T-040.341.279-2,,matue,t-040.341.279-2
Máquina Do Tempo,Matuê,maquina do tempo,,MÁQUINA DO TEMPO,T-301.567.051-2,,matue,t-301.567.051-2
Máquina Do Tempo,Matuê,maquina do tempo,,MAQUINA DO TEMPO,T-040.341.279-2,,matue,t-040.341.279-2
Máquina Do Tempo,Matuê,maquina do tempo,,MÁQUINA DO TEMPO,T-301.567.051-2,,matue,t-301.567.051-2
Rockstar,21 Savage,rockstar,,ROCKSTAR,T-039.544.547-2,,21 savage,t-039.544.547-2
Rockstar,21 Savage,rockstar,,ROCKSTAR,T-328.312.366-6,,21 savage,t-328.312.366-6
Rockstar,21 Savage,rockstar,,ROCKSTAR,T-039.544.547-2,,21 savage,t-039.544.547-2
Rockstar,21 Savage,rockstar,,ROCKSTAR,T-328.312.366-6,,21 savage,t-328.312.366-6
Rockstar,21 Savage,rockstar,,ROCKSTAR,T-039.544.547-2,,21 savage,t-039.544.547-2
Rockstar,21 Savage,rockstar,,ROCKSTAR,T-328.312.366-6,,21 savage,t-328.312.366-6
Rockstar,21 Savage,rockstar,,ROCKSTAR,T-039.544.547-2,,21 savage,t-039.544.547-2
Rockstar,21 Savage,rockstar,,ROCKSTAR,T-328.312.366-6,,21 savage,t-328.312.366-6
Rockstar,21 Savage,rockstar,,ROCKSTAR,T-039.544.547-2,,21 savage,t-039.544.547-2
Rockstar,21 Savage,rockstar,,ROCKSTAR,T-328.312.366-6,,21 savage,t-328.312.366-6
Máscara,Pitty,mascara,,MÁSCARA,,,pitty,
Máscara,Pitty,mascara,,MÁSCARA,,,pitty,
Máscara,Pitty,mascara,,MÁSCARA,,,pitty,
Máscara,Pitty,mascara,,MÁSCARA,,,pitty,
Máscara,Pitty,mascara,,MÁSCARA,,,pitty,
Mantém,Pra Sempre Trap,mantem,,MANTÉM,T-931.477.304-1,,pra sempre trap,t-931.477.304-1
Mantém,Pra Sempre Trap,mantem,,MANTÉM,T-931.477.304-1,,pra sempre trap,t-931.477.304-1
Mantém,Pra Sempre Trap,mantem,,MANTÉM,T-931.477.304-1,,pra sempre trap,t-931.477.304-1
Mantém,Pra Sempre Trap,mantem,,MANTÉM,T-931.477.304-1,,pra sempre trap,t-931.477.304-1
Mantém,Pra Sempre Trap,mantem,,MANTÉM,T-931.477.304-1,,pra sempre trap,t-931.477.304-1
Cuidado,Tuyo,cuidado,,CUIDADO,T-317.794.225-1,,tuyo,t-317.794.225-1
Cuidado,Tuyo,cuidado,,CUIDADO,,,tuyo,
Cuidado,Tuyo,cuidado,,CUIDADO,T-317.794.225-1,,tuyo,t-317.794.225-1
Cuidado,Tuyo,cuidado,,CUIDADO,,,tuyo,
Cuidado,Tuyo,cuidado,,CUIDADO,T-317.794.225-1,,tuyo,t-317.794.225-1
Cuidado,Tuyo,cuidado,,CUIDADO,,,tuyo,
Cuidado,Tuyo,cuidado,,CUIDADO,T-317.794.225-1,,tuyo,t-317.794.225-1
Cuidado,Tuyo,cuidado,,CUIDADO,,,tuyo,
Rotina,Zaynara,rotina,,ROTINA,T-316.009.961-2,,zaynara,t-316.009.961-2
Rotina,Zaynara,rotina,,ROTINA,T-316.009.961-2,,zaynara,t-316.009.961-2
Rotina,Zaynara,rotina,,ROTINA,T-316.009.961-2,,zaynara,t-316.009.961-2
Segredo,Sophia Chablau E Uma Enorme Perda De Tempo,segredo,,SEGREDO,T-039.611.383-9,,sophia chablau e uma enorme perda de tempo,t-039.611.383-9
Segredo,Sophia Chablau E Uma Enorme Perda De Tempo,segredo,,SEGREDO,T-039.611.383-9,,sophia chablau e uma enorme perda de tempo,t-039.611.383-9
Segredo,Sophia Chablau E Uma Enorme Perda De Tempo,segredo,,SEGREDO,T-039.611.383-9,,sophia chablau e uma enorme perda de tempo,t-039.611.383-9
Convite,Juliana Sinimbú,convite,,CONVITE,T-303.015.344-3,,juliana sinimbu,t-303.015.344-3
Convite,Juliana Sinimbú,convite,,CONVITE,T-303.015.344-3,,juliana sinimbu,t-303.015.344-3
Convite,Juliana Sinimbú,convite,,CONVITE,T-303.015.344-3,,juliana sinimbu,t-303.015.344-3
Bailarina,Ventre,bailarina,,BAILARINA,T-311.569.060-9,,ventre,t-311.569.060-9
Bailarina,Ventre,bailarina,,BAILARINA,T-313.602.491-0,,ventre,t-313.602.491-0
Bailarina,Ventre,bailarina,,BAILARINA,T-311.569.060-9,,ventre,t-311.569.060-9
Bailarina,Ventre,bailarina,,BAILARINA,T-313.602.491-0,,ventre,t-313.602.491-0
Carnaval,Ventre,carnaval,,CARNAVAL,T-039.269.033-3,,ventre,t-039.269.033-3
Carnaval,Ventre,carnaval,,CARNAVAL,T-040.344.097-0,,ventre,t-040.344.097-0
Carnaval,Ventre,carnaval,,CARNAVAL,,,ventre,
Carnaval,Ventre,carnaval,,CARNAVAL,T-039.269.033-3,,ventre,t-039.269.033-3
Carnaval,Ventre,carnaval,,CARNAVAL,T-040.344.097-0,,ventre,t-040.344.097-0
Carnaval,Ventre,carnaval,,CARNAVAL,,,ventre,
Quente,Ventre,quente,,QUENTE,T-040.140.018-7,,ventre,t-040.140.018-7
Quente,Ventre,quente,,QUENTE,T-320.312.400-5,,ventre,t-320.312.400-5
Quente,Ventre,quente,,QUENTE,,,ventre,
Quente,Ventre,quente,,QUENTE,T-040.140.018-7,,ventre,t-040.140.018-7
Quente,Ventre,quente,,QUENTE,T-320.312.400-5,,ventre,t-320.312.400-5
Quente,Ventre,quente,,QUENTE,,,ventre,
Despedida,Evandro Vedovelli,despedida,,DESPEDIDA,T-039.497.745-7,,evandro vedovelli,t-039.497.745-7
Despedida,Evandro Vedovelli,despedida,,DESPEDIDA,T-039.497.745-7,,evandro vedovelli,t-039.497.745-7
Despedida,Evandro Vedovelli,despedida,,DESPEDIDA,T-039.497.745-7,,evandro vedovelli,t-039.497.745-7
Despedida,Evandro Vedovelli,despedida,,DESPEDIDA,T-039.497.745-7,,evandro vedovelli,t-039.497.745-7
Despedida,Evandro Vedovelli,despedida,,DESPEDIDA,T-039.497.745-7,,evandro vedovelli,t-039.497.745-7
Retrato,Evandro Vedovelli,retrato,,RETRATO,,,evandro vedovelli,
Retrato,Evandro Vedovelli,retrato,,RETRATO,,,evandro vedovelli,
Retrato,Evandro Vedovelli,retrato,,RETRATO,,,evandro vedovelli,
Retrato,Evandro Vedovelli,retrato,,RETRATO,,,evandro vedovelli,
Retrato,Evandro Vedovelli,retrato,,RETRATO,,,evandro vedovelli,
Medo,"13.7,Chico Chico",medo,,MEDO,T-039.497.778-6,,"13.7,chico chico",t-039.497.778-6
Medo,"13.7,Chico Chico",medo,,MEDO,,,"13.7,chico chico",
Medo,"13.7,Chico Chico",medo,,MEDO,T-039.497.778-6,,"13.7,chico chico",t-039.497.778-6
Medo,"13.7,Chico Chico",medo,,MEDO,,,"13.7,chico chico",
Medo,"13.7,Chico Chico",medo,,MEDO,T-039.497.778-6,,"13.7,chico chico",t-039.497.778-6
Medo,"13.7,Chico Chico",medo,,MEDO,,,"13.7,chico chico",
Praia,"13.7,Chico Chico",praia,,PRAIA,,,"13.7,chico chico",
Praia,"13.7,Chico Chico",praia,,PRAIA,,,"13.7,chico chico",
Praia,"13.7,Chico Chico",praia,,PRAIA,,,"13.7,chico chico",
Sideral,My Magical Glowing Lens,sideral,,SIDERAL,,,my magical glowing lens,
Sideral,My Magical Glowing Lens,sideral,,SIDERAL,,,my magical glowing lens,
Sideral,My Magical Glowing Lens,sideral,,SIDERAL,,,my magical glowing lens,
Exodus,Orquestra Voadora,exodus,,EXODUS,T-932.547.418-8,,orquestra voadora,t-932.547.418-8
Exodus,Orquestra Voadora,exodus,,EXODUS,T-932.547.418-8,,orquestra voadora,t-932.547.418-8
Quem Sabe,"Beatriz Rabello,Paulinho Da Viola",quem sabe,,QUEM SABE,,,"beatriz rabello,paulinho da viola",
Quem Sabe,"Beatriz Rabello,Paulinho Da Viola",quem sabe,,QUEM SABE,,,"beatriz rabello,paulinho da viola",
Quem Sabe,"Beatriz Rabello,Paulinho Da Viola",quem sabe,,QUEM SABE,,,"beatriz rabello,paulinho da viola",
Obsessão,Beatriz Rabello,obsessao,,OBSESSÃO,T-039.632.967-1,,beatriz rabello,t-039.632.967-1
Obsessão,Beatriz Rabello,obsessao,,OBSESSÃO,T-039.632.967-1,,beatriz rabello,t-039.632.967-1
Obsessão,Beatriz Rabello,obsessao,,OBSESSÃO,T-039.632.967-1,,beatriz rabello,t-039.632.967-1
Recomeçar,Beatriz Rabello,recomecar,,RECOMECAR,T-039.311.437-8,,beatriz rabello,t-039.311.437-8
Recomeçar,Beatriz Rabello,recomecar,,RECOMEÇAR,T-308.840.890-2,,beatriz rabello,t-308.840.890-2
Recomeçar,Beatriz Rabello,recomecar,,RECOMEÇAR,T-316.010.042-1,,beatriz rabello,t-316.010.042-1
Recomeçar,Beatriz Rabello,recomecar,,RECOMEÇAR,,,beatriz rabello,
Recomeçar,Beatriz Rabello,recomecar,,RECOMECAR,T-039.311.437-8,,beatriz rabello,t-039.311.437-8
Recomeçar,Beatriz Rabello,recomecar,,RECOMEÇAR,T-308.840.890-2,,beatriz rabello,t-308.840.890-2
Recomeçar,Beatriz Rabello,recomecar,,RECOMEÇAR,T-316.010.042-1,,beatriz rabello,t-316.010.042-1
Recomeçar,Beatriz Rabello,recomecar,,RECOMEÇAR,,,beatriz rabello,
Recomeçar,Beatriz Rabello,recomecar,,RECOMECAR,T-039.311.437-8,,beatriz rabello,t-039.311.437-8
Recomeçar,Beatriz Rabello,recomecar,,RECOMEÇAR,T-308.840.890-2,,beatriz rabello,t-308.840.890-2
Recomeçar,Beatriz Rabello,recomecar,,RECOMEÇAR,T-316.010.042-1,,beatriz rabello,t-316.010.042-1
Recomeçar,Beatriz Rabello,recomecar,,RECOMEÇAR,,,beatriz rabello,
Rockstar,21 Savage,rockstar,,ROCKSTAR,T-039.544.547-2,,21 savage,t-039.544.547-2
Rockstar,21 Savage,rockstar,,ROCKSTAR,T-328.312.366-6,,21 savage,t-328.312.366-6
Balmain,"Funk Orquestra,Mc Daniel",balmain,,BALMAIN,,,"funk orquestra,mc daniel",
Barbie,"Funk Orquestra,Mc Rebecca",barbie,,BARBIE,T-321.330.288-2,,"funk orquestra,mc rebecca",t-321.330.288-2
Marretada Do Thor,"Funk Orquestra,Mc Daniel,Mc Rebecca,Mc Soffia",marretada do thor,,MARRETADA DO THOR,,,"funk orquestra,mc daniel,mc rebecca,mc soffia",
Segredo,Kayblack,segredo,,SEGREDO,T-039.611.383-9,,kayblack,t-039.611.383-9
Déjà Vu,Pitty,deja vu,,DÉJÀ VU,T-308.187.765-4,,pitty,t-308.187.765-4
Déjà Vu,Pitty,deja vu,,DÉJÀ VU,T-308.187.765-4,,pitty,t-308.187.765-4
Déjà Vu,Pitty,deja vu,,DÉJÀ VU,T-308.187.765-4,,pitty,t-308.187.765-4
Máscara,Pitty,mascara,,MÁSCARA,,,pitty,
Máscara,Pitty,mascara,,MÁSCARA,,,pitty,
Máscara,Pitty,mascara,,MÁSCARA,,,pitty,
Te Amo,Vanessa Da Mata,te amo,,TE AMO,,,vanessa da mata,
Te Amo,Vanessa Da Mata,te amo,,TE AMO,,,vanessa da mata,
Te Amo,Vanessa Da Mata,te amo,,TE AMO,,,vanessa da mata,
Aqui,Ana Carolina,aqui,,AQUI,T-039.298.063-0,,ana carolina,t-039.298.063-0
Aqui,Ana Carolina,aqui,,AQUI,T-039.298.063-0,,ana carolina,t-039.298.063-0
Aqui,Ana Carolina,aqui,,AQUI,T-039.298.063-0,,ana carolina,t-039.298.063-0
Aqui,Ana Carolina,aqui,,AQUI,T-039.298.063-0,,ana carolina,t-039.298.063-0
Confesso,Ana Carolina,confesso,,CONFESSO,T-324.068.646-4,,ana carolina,t-324.068.646-4
Confesso,Ana Carolina,confesso,,CONFESSO,T-324.068.646-4,,ana carolina,t-324.068.646-4
Confesso,Ana Carolina,confesso,,CONFESSO,T-324.068.646-4,,ana carolina,t-324.068.646-4
Confesso,Ana Carolina,confesso,,CONFESSO,T-324.068.646-4,,ana carolina,t-324.068.646-4
Tolerância,Ana Carolina,tolerancia,,TOLERÂNCIA,T-317.839.732-1,,ana carolina,t-317.839.732-1
Tolerância,Ana Carolina,tolerancia,,TOLERÂNCIA,T-317.839.732-1,,ana carolina,t-317.839.732-1
Tolerância,Ana Carolina,tolerancia,,TOLERÂNCIA,T-317.839.732-1,,ana carolina,t-317.839.732-1
Tolerância,Ana Carolina,tolerancia,,TOLERÂNCIA,T-317.839.732-1,,ana carolina,t-317.839.732-1
Miragem,Ivete Sangalo,miragem,,MIRAGEM,T-305.619.017-7,,ivete sangalo,t-305.619.017-7
Miragem,Ivete Sangalo,miragem,,MIRAGEM,,,ivete sangalo,
Miragem,Ivete Sangalo,miragem,,MIRAGEM,T-305.619.017-7,,ivete sangalo,t-305.619.017-7
Miragem,Ivete Sangalo,miragem,,MIRAGEM,,,ivete sangalo,
Miragem,Ivete Sangalo,miragem,,MIRAGEM,T-305.619.017-7,,ivete sangalo,t-305.619.017-7
Miragem,Ivete Sangalo,miragem,,MIRAGEM,,,ivete sangalo,
Miragem,Ivete Sangalo,miragem,,MIRAGEM,T-305.619.017-7,,ivete sangalo,t-305.619.017-7
Miragem,Ivete Sangalo,miragem,,MIRAGEM,,,ivete sangalo,
Insônia,Rita Lee,insonia,,INSÔNIA,T-040.280.608-9,,rita lee,t-040.280.608-9
Insônia,Rita Lee,insonia,,INSÔNIA,T-040.280.608-9,,rita lee,t-040.280.608-9
Insônia,Rita Lee,insonia,,INSÔNIA,T-040.280.608-9,,rita lee,t-040.280.608-9
Se Manca,Rita Lee,se manca,,SE MANCA,T-040.136.004-0,,rita lee,t-040.136.004-0
Se Manca,Rita Lee,se manca,,SE MANCA,T-040.136.004-0,,rita lee,t-040.136.004-0
Se Manca,Rita Lee,se manca,,SE MANCA,T-040.136.004-0,,rita lee,t-040.136.004-0
Perfume,Soweto,perfume,,PERFUME,T-305.215.262-8,,soweto,t-305.215.262-8
Perfume,Soweto,perfume,,PERFUME,T-305.215.262-8,,soweto,t-305.215.262-8
Perfume,Soweto,perfume,,PERFUME,T-305.215.262-8,,soweto,t-305.215.262-8
Perfume,Soweto,perfume,,PERFUME,T-305.215.262-8,,soweto,t-305.215.262-8
Penumbra,"Djonga,Rapaz Do Dread,Sarah Guedes",penumbra,,PENUMBRA,T-040.011.904-1,,"djonga,rapaz do dread,sarah guedes",t-040.011.904-1
Penumbra,"Djonga,Rapaz Do Dread,Sarah Guedes",penumbra,,PENUMBRA,T-040.011.904-1,,"djonga,rapaz do dread,sarah guedes",t-040.011.904-1
Lua,Nilson Neto,lua,,LUA,,,nilson neto,
Lua,Nilson Neto,lua,,LUA,,,nilson neto,
Lua,Nilson Neto,lua,,LUA,,,nilson neto,
Lua,Nilson Neto,lua,,LUA,,,nilson neto,
Lua,Nilson Neto,lua,,LUA,,,nilson neto,
Lua,Nilson Neto,lua,,LUA,,,nilson neto,
Condor,Prettos,condor,,CONDOR,,,prettos,
Condor,Prettos,condor,,CONDOR,,,prettos,
Condor,Prettos,condor,,CONDOR,,,prettos,
Na Estrada,"Nando Reis,Péricles",na estrada,,NA ESTRADA,T-039.298.060-7,,"nando reis,pericles",t-039.298.060-7
Na Estrada,"Nando Reis,Péricles",na estrada,,NA ESTRADA,T-040.035.482-6,,"nando reis,pericles",t-040.035.482-6
Sem Amor,Giana Mello,sem amor,,SEM AMOR,T-335.550.071-5,,giana mello,t-335.550.071-5
Sem Amor,Giana Mello,sem amor,,SEM AMOR,T-335.550.071-5,,giana mello,t-335.550.071-5
Sem Amor,Giana Mello,sem amor,,SEM AMOR,T-335.550.071-5,,giana mello,t-335.550.071-5
Temporal,Bruna Mendez,temporal,,TEMPORAL,T-307.003.180-6,,bruna mendez,t-307.003.180-6
Temporal,Bruna Mendez,temporal,,TEMPORAL,T-307.003.180-6,,bruna mendez,t-307.003.180-6
Temporal,Bruna Mendez,temporal,,TEMPORAL,T-307.003.180-6,,bruna mendez,t-307.003.180-6
Recaída,"Jon Jon,Kevin O Chris",recaida,,RECAÍDA,T-322.528.884-2,,"jon jon,kevin o chris",t-322.528.884-2
Recaída,"Jon Jon,Kevin O Chris",recaida,,RECAÍDA,T-322.528.884-2,,"jon jon,kevin o chris",t-322.528.884-2
Recaída,"Jon Jon,Kevin O Chris",recaida,,RECAÍDA,T-322.528.884-2,,"jon jon,kevin o chris",t-322.528.884-2
Recaída,"Jon Jon,Kevin O Chris",recaida,,RECAÍDA,T-322.528.884-2,,"jon jon,kevin o chris",t-322.528.884-2
Recaída,"Jon Jon,Kevin O Chris",recaida,,RECAÍDA,T-322.528.884-2,,"jon jon,kevin o chris",t-322.528.884-2
Recaída,"Jon Jon,Kevin O Chris",recaida,,RECAÍDA,T-322.528.884-2,,"jon jon,kevin o chris",t-322.528.884-2
Se Foi,Aninha Portal,se foi,,SE FOI,T-039.497.697-6,,aninha portal,t-039.497.697-6
Se Foi,Aninha Portal,se foi,,SE FOI,T-039.497.697-6,,aninha portal,t-039.497.697-6
Se Foi,Aninha Portal,se foi,,SE FOI,T-039.497.697-6,,aninha portal,t-039.497.697-6
Califórnia,Bruno Schiavo,california,,CALIFORNIA,T-040.397.472-0,,bruno schiavo,t-040.397.472-0
Califórnia,Bruno Schiavo,california,,CALIFORNIA,T-040.397.472-0,,bruno schiavo,t-040.397.472-0
Califórnia,Bruno Schiavo,california,,CALIFORNIA,T-040.397.472-0,,bruno schiavo,t-040.397.472-0
Proposta,Pepê,proposta,,PROPOSTA,T-313.413.810-2,,pepe,t-313.413.810-2
Proposta,Pepê,proposta,,PROPOSTA,T-313.413.810-2,,pepe,t-313.413.810-2
Proposta,Pepê,proposta,,PROPOSTA,T-313.413.810-2,,pepe,t-313.413.810-2
Amanhã,"Ana Vilela,Ráae",amanha,,AMANHÃ,T-307.004.953-1,,"ana vilela,raae",t-307.004.953-1
Amanhã,"Ana Vilela,Ráae",amanha,,AMANHÃ,T-307.004.953-1,,"ana vilela,raae",t-307.004.953-1
Amanhã,"Ana Vilela,Ráae",amanha,,AMANHÃ,T-307.004.953-1,,"ana vilela,raae",t-307.004.953-1
Lua Nova,"Flavia K,Flora Piquerobí",lua nova,,LUA NOVA,T-302.129.848-2,,"flavia k,flora piquerobi",t-302.129.848-2
Lua Nova,"Flavia K,Flora Piquerobí",lua nova,,LUA NOVA,T-302.129.848-2,,"flavia k,flora piquerobi",t-302.129.848-2
Ela,Clarissa,ela,,ELA,T-322.696.235-8,,clarissa,t-322.696.235-8
Ela,Clarissa,ela,,ELA,T-322.696.235-8,,clarissa,t-322.696.235-8
Ela,Clarissa,ela,,ELA,T-322.696.235-8,,clarissa,t-322.696.235-8
Jeito Diferente,Yuri Corbal,jeito diferente,,JEITO DIFERENTE,T-317.214.640-2,,yuri corbal,t-317.214.640-2
Jeito Diferente,Yuri Corbal,jeito diferente,,JEITO DIFERENTE,T-317.214.640-2,,yuri corbal,t-317.214.640-2
Jeito Diferente,Yuri Corbal,jeito diferente,,JEITO DIFERENTE,T-317.214.640-2,,yuri corbal,t-317.214.640-2
Leve,Pedro Mann,leve,,LEVE,T-315.958.048-6,,pedro mann,t-315.958.048-6
Leve,Pedro Mann,leve,,LEVE,,,pedro mann,
Leve,Pedro Mann,leve,,LEVE,T-335.482.970-8,,pedro mann,t-335.482.970-8
Leve,Pedro Mann,leve,,LEVE,T-315.958.048-6,,pedro mann,t-315.958.048-6
Leve,Pedro Mann,leve,,LEVE,,,pedro mann,
Leve,Pedro Mann,leve,,LEVE,T-335.482.970-8,,pedro mann,t-335.482.970-8
Leve,Pedro Mann,leve,,LEVE,T-315.958.048-6,,pedro mann,t-315.958.048-6
Leve,Pedro Mann,leve,,LEVE,,,pedro mann,
Leve,Pedro Mann,leve,,LEVE,T-335.482.970-8,,pedro mann,t-335.482.970-8
Saudade,Breno Miranda,saudade,,SAUDADE,T-306.509.964-7,,breno miranda,t-306.509.964-7
Saudade,Breno Miranda,saudade,,SAUDADE,T-039.751.632-3,,breno miranda,t-039.751.632-3
Saudade,Breno Miranda,saudade,,SAUDADE,,,breno miranda,
Saudade,Breno Miranda,saudade,,SAUDADE,T-305.264.938-0,,breno miranda,t-305.264.938-0
Saudade,Breno Miranda,saudade,,SAUDADE,T-306.509.964-7,,breno miranda,t-306.509.964-7
Saudade,Breno Miranda,saudade,,SAUDADE,T-039.751.632-3,,breno miranda,t-039.751.632-3
Saudade,Breno Miranda,saudade,,SAUDADE,,,breno miranda,
Saudade,Breno Miranda,saudade,,SAUDADE,T-305.264.938-0,,breno miranda,t-305.264.938-0
Saudade,Breno Miranda,saudade,,SAUDADE,T-306.509.964-7,,breno miranda,t-306.509.964-7
Saudade,Breno Miranda,saudade,,SAUDADE,T-039.751.632-3,,breno miranda,t-039.751.632-3
Saudade,Breno Miranda,saudade,,SAUDADE,,,breno miranda,
Saudade,Breno Miranda,saudade,,SAUDADE,T-305.264.938-0,,breno miranda,t-305.264.938-0
Ela,Lala Dias,ela,,ELA,T-322.696.235-8,,lala dias,t-322.696.235-8
Ela,Lala Dias,ela,,ELA,T-322.696.235-8,,lala dias,t-322.696.235-8
Ela,Lala Dias,ela,,ELA,T-322.696.235-8,,lala dias,t-322.696.235-8
Sampa,Caetano Veloso,sampa,,SAMPA,,,caetano veloso,
Sampa,Caetano Veloso,sampa,,SAMPA,,,caetano veloso,
Sampa,Caetano Veloso,sampa,,SAMPA,,,caetano veloso,
Carcará,Otto,carcara,,CARCARA,T-040.347.911-7,,otto,t-040.347.911-7
Carcará,Otto,carcara,,CARCARÁ,T-308.468.519-4,,otto,t-308.468.519-4
Felicidade,Outro Eu,felicidade,,FELICIDADE,,,outro eu,
Felicidade,Outro Eu,felicidade,,FELICIDADE,,,outro eu,
Felicidade,Outro Eu,felicidade,,FELICIDADE,,,outro eu,
Felicidade,Outro Eu,felicidade,,FELICIDADE,,,outro eu,
Girassol,Rosa De Saron,girassol,,GIRASSOL,T-335.572.256-0,,rosa de saron,t-335.572.256-0
Ave Maria,Jorge Aragao,ave maria,,AVE MARIA,T-040.076.547-0,,jorge aragao,t-040.076.547-0
Identidade,Jorge Aragao,identidade,,IDENTIDADE,T-039.497.763-9,,jorge aragao,t-039.497.763-9
Baile De Favela,"Dj R7,Mc Joao",baile de favela,,BAILE DE FAVELA,T-303.383.693-6,,"dj r7,mc joao",t-303.383.693-6
Girassol,Rebeca Andrade,girassol,,GIRASSOL,T-335.572.256-0,,rebeca andrade,t-335.572.256-0
Nao Olhe Pra Tras,Não identificado,nao olhe pra tras,,NÃO OLHE PRA TRÁS,T-305.623.719-1,,nao identificado,t-305.623.719-1
Mantra,Não identificado,mantra,,MANTRA,T-301.577.149-6,,nao identificado,t-301.577.149-6
Contra Mao,Não identificado,contra mao,,CONTRA MÃO,,,nao identificado,
America,Não identificado,america,,AMERICA,T-039.497.748-0,,nao identificado,t-039.497.748-0
Ave Maria,Não identificado,ave maria,,AVE MARIA,T-040.076.547-0,,nao identificado,t-040.076.547-0
Ave Maria,Não identificado,ave maria,,AVE MARIA,T-040.076.547-0,,nao identificado,t-040.076.547-0
Luz,Djavan,luz,,LUZ,T-040.285.617-0,,djavan,t-040.285.617-0
Luz,Djavan,luz,,LUZ,,,djavan,
Luz,Djavan,luz,,LUZ,T-040.279.887-1,,djavan,t-040.279.887-1
Andarilho,Majur,andarilho,,ANDARILHO,T-330.191.305-9,,majur,t-330.191.305-9
Andarilho,Majur,andarilho,,ANDARILHO,T-330.191.305-9,,majur,t-330.191.305-9
Andarilho,Majur,andarilho,,ANDARILHO,T-330.191.305-9,,majur,t-330.191.305-9
Andarilho,Majur,andarilho,,ANDARILHO,T-330.191.305-9,,majur,t-330.191.305-9
Andarilho,Majur,andarilho,,ANDARILHO,T-330.191.305-9,,majur,t-330.191.305-9
Andarilho,Majur,andarilho,,ANDARILHO,T-330.191.305-9,,majur,t-330.191.305-9
Coisas Que Eu Sei,Majur,coisas que eu sei,,COISAS QUE EU SEI,T-042.615.531-8,,majur,t-042.615.531-8
Coisas Que Eu Sei,Majur,coisas que eu sei,,COISAS QUE EU SEI,T-042.615.531-8,,majur,t-042.615.531-8
Coisas Que Eu Sei,Majur,coisas que eu sei,,COISAS QUE EU SEI,T-042.615.531-8,,majur,t-042.615.531-8
Coisas Que Eu Sei,Majur,coisas que eu sei,,COISAS QUE EU SEI,T-042.615.531-8,,majur,t-042.615.531-8
Coisas Que Eu Sei,Majur,coisas que eu sei,,COISAS QUE EU SEI,T-042.615.531-8,,majur,t-042.615.531-8
Coisas Que Eu Sei,Majur,coisas que eu sei,,COISAS QUE EU SEI,T-042.615.531-8,,majur,t-042.615.531-8
Luz,Djavan,luz,,LUZ,T-040.285.617-0,,djavan,t-040.285.617-0
Luz,Djavan,luz,,LUZ,,,djavan,
Luz,Djavan,luz,,LUZ,T-040.279.887-1,,djavan,t-040.279.887-1
Luz,Djavan,luz,,LUZ,T-040.285.617-0,,djavan,t-040.285.617-0
Luz,Djavan,luz,,LUZ,,,djavan,
Luz,Djavan,luz,,LUZ,T-040.279.887-1,,djavan,t-040.279.887-1
Luz,Djavan,luz,,LUZ,T-040.285.617-0,,djavan,t-040.285.617-0
Luz,Djavan,luz,,LUZ,,,djavan,
Luz,Djavan,luz,,LUZ,T-040.279.887-1,,djavan,t-040.279.887-1
Luz,Djavan,luz,,LUZ,T-040.285.617-0,,djavan,t-040.285.617-0
Luz,Djavan,luz,,LUZ,,,djavan,
Luz,Djavan,luz,,LUZ,T-040.279.887-1,,djavan,t-040.279.887-1
Luz,Djavan,luz,,LUZ,T-040.285.617-0,,djavan,t-040.285.617-0
Luz,Djavan,luz,,LUZ,,,djavan,
Luz,Djavan,luz,,LUZ,T-040.279.887-1,,djavan,t-040.279.887-1
Luz,Djavan,luz,,LUZ,T-040.285.617-0,,djavan,t-040.285.617-0
Luz,Djavan,luz,,LUZ,,,djavan,
Luz,Djavan,luz,,LUZ,T-040.279.887-1,,djavan,t-040.279.887-1
Simbolo Da Paz,Ventania,simbolo da paz,,SÍMBOLO DA PAZ,,,ventania,
Essa É Pra Você,Arthur Espindola,essa e pra voce,,ESSA É PRA VOCE,T-040.048.737-7,,arthur espindola,t-040.048.737-7
Vermelho,Chico Da Silva,vermelho,,VERMELHO,T-313.315.106-7,,chico da silva,t-313.315.106-7
Andarilho,Majur,andarilho,,ANDARILHO,T-330.191.305-9,,majur,t-330.191.305-9
Andarilho,Majur,andarilho,,ANDARILHO,T-330.191.305-9,,majur,t-330.191.305-9
Ô Sorte,Mosquito,o sorte,,Ô SORTE,T-305.413.482-2,,mosquito,t-305.413.482-2
Felicidade,"Laura Lavieri,Marcelo Jeneci",felicidade,,FELICIDADE,,,"laura lavieri,marcelo jeneci",
Felicidade,"Laura Lavieri,Marcelo Jeneci",felicidade,,FELICIDADE,,,"laura lavieri,marcelo jeneci",
Felicidade,Seu Jorge,felicidade,,FELICIDADE,,,seu jorge,
Felicidade,Seu Jorge,felicidade,,FELICIDADE,,,seu jorge,
Felicidade,Seu Jorge,felicidade,,FELICIDADE,,,seu jorge,
Maliciosa,Ludmilla,maliciosa,,MALICIOSA,T-308.115.017-2,,ludmilla,t-308.115.017-2
Breakdown,Jack Johnson,breakdown,,BREAKDOWN,T-316.329.272-2,,jack johnson,t-316.329.272-2
Breakdown,Jack Johnson,breakdown,,BREAKDOWN,T-316.329.272-2,,jack johnson,t-316.329.272-2
Corpo Fechado,Alcione,corpo fechado,,CORPO FECHADO,T-313.688.630-7,,alcione,t-313.688.630-7
Verdade,Evaldo Macarrão,verdade,,VERDADE,T-302.003.913-4,,evaldo macarrao,t-302.003.913-4
Verdade,Evaldo Macarrão,verdade,,VERDADE,T-302.003.913-4,,evaldo macarrao,t-302.003.913-4
Verdade,Evaldo Macarrão,verdade,,VERDADE,T-302.003.913-4,,evaldo macarrao,t-302.003.913-4
Fogueira,Ed Gama,fogueira,,FOGUEIRA,,,ed gama,
Quem É Essa Menina De Vermelho,Gloria Groove,quem e essa menina de vermelho,,QUEM É ESSA MENINA DE VERMELHO,,,gloria groove,
Criminal,Lorran Soares,criminal,,CRIMINAL,T-932.737.486-7,,lorran soares,t-932.737.486-7
Criminal,Lorran Soares,criminal,,CRIMINAL,T-932.737.486-7,,lorran soares,t-932.737.486-7
Criminal,Lorran Soares,criminal,,CRIMINAL,T-932.737.486-7,,lorran soares,t-932.737.486-7
Criminal,Lorran Soares,criminal,,CRIMINAL,T-932.737.486-7,,lorran soares,t-932.737.486-7
Dança Do Pombo,Mc Faisca,danca do pombo,,DANÇA DO POMBO,T-315.906.851-2,,mc faisca,t-315.906.851-2
Dança Do Pombo,Mc Faisca,danca do pombo,,DANÇA DO POMBO,T-315.906.851-2,,mc faisca,t-315.906.851-2
Dança Do Pombo,Mc Faisca,danca do pombo,,DANÇA DO POMBO,T-315.906.851-2,,mc faisca,t-315.906.851-2
Dança Do Pombo,Mc Faisca,danca do pombo,,DANÇA DO POMBO,T-315.906.851-2,,mc faisca,t-315.906.851-2
Dança Do Pombo,Mc Faisca,danca do pombo,,DANÇA DO POMBO,T-315.906.851-2,,mc faisca,t-315.906.851-2
Dança Do Pombo,Mc Faisca,danca do pombo,,DANÇA DO POMBO,T-315.906.851-2,,mc faisca,t-315.906.851-2
Together,She & Him,together,,TOGETHER,,,she & him,
Together,She & Him,together,,TOGETHER,,,she & him,
Summertime,"Modern Jazz Quartet, The",summertime,,SUMMERTIME,T-317.793.940-7,,"modern jazz quartet, the",t-317.793.940-7
Summertime,"Modern Jazz Quartet, The",summertime,,SUMMERTIME,T-317.793.940-7,,"modern jazz quartet, the",t-317.793.940-7
Máquina Do Tempo,Matuê,maquina do tempo,,MAQUINA DO TEMPO,T-040.341.279-2,,matue,t-040.341.279-2
Máquina Do Tempo,Matuê,maquina do tempo,,MÁQUINA DO TEMPO,T-301.567.051-2,,matue,t-301.567.051-2
Máquina Do Tempo,Matuê,maquina do tempo,,MAQUINA DO TEMPO,T-040.341.279-2,,matue,t-040.341.279-2
Máquina Do Tempo,Matuê,maquina do tempo,,MÁQUINA DO TEMPO,T-301.567.051-2,,matue,t-301.567.051-2
Máquina Do Tempo,Matuê,maquina do tempo,,MAQUINA DO TEMPO,T-040.341.279-2,,matue,t-040.341.279-2
Máquina Do Tempo,Matuê,maquina do tempo,,MÁQUINA DO TEMPO,T-301.567.051-2,,matue,t-301.567.051-2
Máquina Do Tempo,Matuê,maquina do tempo,,MAQUINA DO TEMPO,T-040.341.279-2,,matue,t-040.341.279-2
Máquina Do Tempo,Matuê,maquina do tempo,,MÁQUINA DO TEMPO,T-301.567.051-2,,matue,t-301.567.051-2
Rockstar,21 Savage,rockstar,,ROCKSTAR,T-039.544.547-2,,21 savage,t-039.544.547-2
Rockstar,21 Savage,rockstar,,ROCKSTAR,T-328.312.366-6,,21 savage,t-328.312.366-6
Rockstar,21 Savage,rockstar,,ROCKSTAR,T-039.544.547-2,,21 savage,t-039.544.547-2
Rockstar,21 Savage,rockstar,,ROCKSTAR,T-328.312.366-6,,21 savage,t-328.312.366-6
Rockstar,21 Savage,rockstar,,ROCKSTAR,T-039.544.547-2,,21 savage,t-039.544.547-2
Rockstar,21 Savage,rockstar,,ROCKSTAR,T-328.312.366-6,,21 savage,t-328.312.366-6
Rockstar,21 Savage,rockstar,,ROCKSTAR,T-039.544.547-2,,21 savage,t-039.544.547-2
Rockstar,21 Savage,rockstar,,ROCKSTAR,T-328.312.366-6,,21 savage,t-328.312.366-6
Máscara,Pitty,mascara,,MÁSCARA,,,pitty,
Máscara,Pitty,mascara,,MÁSCARA,,,pitty,
Máscara,Pitty,mascara,,MÁSCARA,,,pitty,
Máscara,Pitty,mascara,,MÁSCARA,,,pitty,
Mantém,Pra Sempre Trap,mantem,,MANTÉM,T-931.477.304-1,,pra sempre trap,t-931.477.304-1
Mantém,Pra Sempre Trap,mantem,,MANTÉM,T-931.477.304-1,,pra sempre trap,t-931.477.304-1
Mantém,Pra Sempre Trap,mantem,,MANTÉM,T-931.477.304-1,,pra sempre trap,t-931.477.304-1
Mantém,Pra Sempre Trap,mantem,,MANTÉM,T-931.477.304-1,,pra sempre trap,t-931.477.304-1
Me Perdoa,Ferrugem,me perdoa,,ME PERDOA,,,ferrugem,
Vermelho,Gloria Groove,vermelho,,VERMELHO,T-313.315.106-7,,gloria groove,t-313.315.106-7
Astronauta,"Gabriel O Pensador,Lulu Santos",astronauta,,ASTRONAUTA,T-306.794.336-2,,"gabriel o pensador,lulu santos",t-306.794.336-2
Máquina Do Tempo,Matuê,maquina do tempo,,MAQUINA DO TEMPO,T-040.341.279-2,,matue,t-040.341.279-2
Máquina Do Tempo,Matuê,maquina do tempo,,MÁQUINA DO TEMPO,T-301.567.051-2,,matue,t-301.567.051-2
Fama,"Luisa Sonza,Pedro Sampaio",fama,,FAMA,T-324.681.088-4,,"luisa sonza,pedro sampaio",t-324.681.088-4
Verdade,Zeca Pagodinho,verdade,,VERDADE,T-302.003.913-4,,zeca pagodinho,t-302.003.913-4
Beijinho No Ombro,Valesca Popozuda,beijinho no ombro,,BEIJINHO NO OMBRO,T-311.569.064-3,,valesca popozuda,t-311.569.064-3
Amigo,Banda Lady Night,amigo,,AMIGO,,,banda lady night,
Amigo,Banda Lady Night,amigo,,AMIGO,,,banda lady night,
Amigo,Banda Lady Night,amigo,,AMIGO,,,banda lady night,
Mulheres,Talita Werneck,mulheres,,MULHERES,T-330.488.001-7,,talita werneck,t-330.488.001-7
Fake News,Gustavo Mioto,fake news,,FAKE NEWS,T-306.076.018-7,,gustavo mioto,t-306.076.018-7
Fake News,Gustavo Mioto,fake news,,FAKE NEWS,,,gustavo mioto,
Fake News,Gustavo Mioto,fake news,,FAKE NEWS,T-306.076.018-7,,gustavo mioto,t-306.076.018-7
Fake News,Gustavo Mioto,fake news,,FAKE NEWS,,,gustavo mioto,
Fake News,Gustavo Mioto,fake news,,FAKE NEWS,T-306.076.018-7,,gustavo mioto,t-306.076.018-7
Fake News,Gustavo Mioto,fake news,,FAKE NEWS,,,gustavo mioto,
Mantra,Mumuzinho,mantra,,MANTRA,T-301.577.149-6,,mumuzinho,t-301.577.149-6
Mantra,Mumuzinho,mantra,,MANTRA,T-301.577.149-6,,mumuzinho,t-301.577.149-6
Mantra,Mumuzinho,mantra,,MANTRA,T-301.577.149-6,,mumuzinho,t-301.577.149-6
Mantra,Mumuzinho,mantra,,MANTRA,T-301.577.149-6,,mumuzinho,t-301.577.149-6
Mantra,Mumuzinho,mantra,,MANTRA,T-301.577.149-6,,mumuzinho,t-301.577.149-6
Mantra,Mumuzinho,mantra,,MANTRA,T-301.577.149-6,,mumuzinho,t-301.577.149-6
Corda Bamba,"Ivete Sangalo,Iza",corda bamba,,CORDA BAMBA,T-335.571.849-5,,"ivete sangalo,iza",t-335.571.849-5
Corda Bamba,"Ivete Sangalo,Iza",corda bamba,,CORDA BAMBA,T-335.571.849-5,,"ivete sangalo,iza",t-335.571.849-5
Terremoto,"Anitta,Mc Kevinho",terremoto,,TERREMOTO,T-307.297.647-3,,"anitta,mc kevinho",t-307.297.647-3
Terremoto,"Anitta,Mc Kevinho",terremoto,,TERREMOTO,T-307.297.647-3,,"anitta,mc kevinho",t-307.297.647-3
Terremoto,"Anitta,Mc Kevinho",terremoto,,TERREMOTO,T-307.297.647-3,,"anitta,mc kevinho",t-307.297.647-3
Terremoto,"Anitta,Mc Kevinho",terremoto,,TERREMOTO,T-307.297.647-3,,"anitta,mc kevinho",t-307.297.647-3
Malandramente,"Dennis Dj,Nandinho,Nego Bam",malandramente,,MALANDRAMENTE,T-308.115.009-2,,"dennis dj,nandinho,nego bam",t-308.115.009-2
Malandramente,"Dennis Dj,Nandinho,Nego Bam",malandramente,,MALANDRAMENTE,T-308.115.009-2,,"dennis dj,nandinho,nego bam",t-308.115.009-2
Malandramente,"Dennis Dj,Nandinho,Nego Bam",malandramente,,MALANDRAMENTE,T-308.115.009-2,,"dennis dj,nandinho,nego bam",t-308.115.009-2
Malandramente,"Dennis Dj,Nandinho,Nego Bam",malandramente,,MALANDRAMENTE,T-308.115.009-2,,"dennis dj,nandinho,nego bam",t-308.115.009-2
Combate,"Aldair Playboy,Mc Wm",combate,,COMBATE,T-306.803.836-4,,"aldair playboy,mc wm",t-306.803.836-4
Combate,"Aldair Playboy,Mc Wm",combate,,COMBATE,T-306.803.836-4,,"aldair playboy,mc wm",t-306.803.836-4
Combate,"Aldair Playboy,Mc Wm",combate,,COMBATE,T-306.803.836-4,,"aldair playboy,mc wm",t-306.803.836-4
Terremoto,"Anitta,Mc Kevinho",terremoto,,TERREMOTO,T-307.297.647-3,,"anitta,mc kevinho",t-307.297.647-3
Terremoto,"Anitta,Mc Kevinho",terremoto,,TERREMOTO,T-307.297.647-3,,"anitta,mc kevinho",t-307.297.647-3
Terremoto,"Anitta,Mc Kevinho",terremoto,,TERREMOTO,T-307.297.647-3,,"anitta,mc kevinho",t-307.297.647-3
Beijinho No Ombro,Valesca Popozuda,beijinho no ombro,,BEIJINHO NO OMBRO,T-311.569.064-3,,valesca popozuda,t-311.569.064-3
Treme Treme,"As Gêmeas Lacração,Mc Loma",treme treme,,TREME TREME,,,"as gemeas lacracao,mc loma",
Inquilino,Naiara Azevedo Part. Zé Neto & Cristiano,inquilino,,INQUILINO,T-315.996.161-8,,naiara azevedo part. ze neto & cristiano,t-315.996.161-8
Inquilino,Naiara Azevedo Part. Zé Neto & Cristiano,inquilino,,INQUILINO,T-315.996.161-8,,naiara azevedo part. ze neto & cristiano,t-315.996.161-8
Inquilino,Naiara Azevedo Part. Zé Neto & Cristiano,inquilino,,INQUILINO,T-315.996.161-8,,naiara azevedo part. ze neto & cristiano,t-315.996.161-8
Beijinho No Ombro,Rodrigo Sant'anna,beijinho no ombro,,BEIJINHO NO OMBRO,T-311.569.064-3,,rodrigo sant'anna,t-311.569.064-3
Beijinho No Ombro,Valesca Popozuda,beijinho no ombro,,BEIJINHO NO OMBRO,T-311.569.064-3,,valesca popozuda,t-311.569.064-3
Beijinho No Ombro,Valesca Popozuda,beijinho no ombro,,BEIJINHO NO OMBRO,T-311.569.064-3,,valesca popozuda,t-311.569.064-3
Beijinho No Ombro,Valesca Popozuda,beijinho no ombro,,BEIJINHO NO OMBRO,T-311.569.064-3,,valesca popozuda,t-311.569.064-3
Corda Bamba,Iza,corda bamba,,CORDA BAMBA,T-335.571.849-5,,iza,t-335.571.849-5
Corda Bamba,Iza,corda bamba,,CORDA BAMBA,T-335.571.849-5,,iza,t-335.571.849-5
Corda Bamba,Iza,corda bamba,,CORDA BAMBA,T-335.571.849-5,,iza,t-335.571.849-5
Dança Do Maxixe,Companhia Do Pagode,danca do maxixe,,DANÇA DO MAXIXE,,,companhia do pagode,
Dança Do Maxixe,Companhia Do Pagode,danca do maxixe,,DANÇA DO MAXIXE,,,companhia do pagode,
Dança Do Maxixe,Companhia Do Pagode,danca do maxixe,,DANÇA DO MAXIXE,,,companhia do pagode,
Fuleragem,Mc Wm,fuleragem,,FULERAGEM,T-305.214.250-0,,mc wm,t-305.214.250-0
Fuleragem,Mc Wm,fuleragem,,FULERAGEM,T-305.214.250-0,,mc wm,t-305.214.250-0
Fuleragem,Mc Wm,fuleragem,,FULERAGEM,T-305.214.250-0,,mc wm,t-305.214.250-0
Treme Treme,"As Gêmeas Lacração,Mc Loma",treme treme,,TREME TREME,,,"as gemeas lacracao,mc loma",
Treme Treme,"As Gêmeas Lacração,Mc Loma",treme treme,,TREME TREME,,,"as gemeas lacracao,mc loma",
Treme Treme,"As Gêmeas Lacração,Mc Loma",treme treme,,TREME TREME,,,"as gemeas lacracao,mc loma",
Fuleragem,Mc Wm,fuleragem,,FULERAGEM,T-305.214.250-0,,mc wm,t-305.214.250-0
Fuleragem,Mc Wm,fuleragem,,FULERAGEM,T-305.214.250-0,,mc wm,t-305.214.250-0
Fuleragem,Mc Wm,fuleragem,,FULERAGEM,T-305.214.250-0,,mc wm,t-305.214.250-0
Fuleragem,Mc Wm,fuleragem,,FULERAGEM,T-305.214.250-0,,mc wm,t-305.214.250-0
Sentou E Gostou,"Dj Rd,Mc Jottapê,Mc M10",sentou e gostou,,SENTOU E GOSTOU,T-303.761.734-4,,"dj rd,mc jottape,mc m10",t-303.761.734-4
Sentou E Gostou,"Dj Rd,Mc Jottapê,Mc M10",sentou e gostou,,SENTOU E GOSTOU,T-303.761.734-4,,"dj rd,mc jottape,mc m10",t-303.761.734-4
Sentou E Gostou,"Dj Rd,Mc Jottapê,Mc M10",sentou e gostou,,SENTOU E GOSTOU,T-303.761.734-4,,"dj rd,mc jottape,mc m10",t-303.761.734-4
Sentou E Gostou,"Dj Rd,Mc Jottapê,Mc M10",sentou e gostou,,SENTOU E GOSTOU,T-303.761.734-4,,"dj rd,mc jottape,mc m10",t-303.761.734-4
Maliciosa,Ludmilla,maliciosa,,MALICIOSA,T-308.115.017-2,,ludmilla,t-308.115.017-2
Maliciosa,Ludmilla,maliciosa,,MALICIOSA,T-308.115.017-2,,ludmilla,t-308.115.017-2
Sugar,Maroon 5,sugar,,SUGAR,T-039.948.077-3,,maroon 5,t-039.948.077-3
Sugar,Maroon 5,sugar,,SUGAR,T-039.948.077-3,,maroon 5,t-039.948.077-3
Sugar,Maroon 5,sugar,,SUGAR,T-039.948.077-3,,maroon 5,t-039.948.077-3
Tudo,Liniker,tudo,,TUDO,T-301.718.723-0,,liniker,t-301.718.723-0
Tudo,Liniker,tudo,,TUDO,T-301.718.723-0,,liniker,t-301.718.723-0
Fama,"Luisa Sonza,Pedro Sampaio",fama,,FAMA,T-324.681.088-4,,"luisa sonza,pedro sampaio",t-324.681.088-4
Fama,"Luisa Sonza,Pedro Sampaio",fama,,FAMA,T-324.681.088-4,,"luisa sonza,pedro sampaio",t-324.681.088-4
Fetiche,"Cristinas,Lauana Prado",fetiche,,FETICHE,T-316.009.896-0,,"cristinas,lauana prado",t-316.009.896-0
Fetiche,"Cristinas,Lauana Prado",fetiche,,FETICHE,T-316.009.896-0,,"cristinas,lauana prado",t-316.009.896-0
Morena,Luan Santana,morena,,MORENA,,,luan santana,
Morena,Luan Santana,morena,,MORENA,T-312.550.698-7,,luan santana,t-312.550.698-7
Morena,Luan Santana,morena,,MORENA,,,luan santana,
Morena,Luan Santana,morena,,MORENA,T-312.550.698-7,,luan santana,t-312.550.698-7
Sober,"Cat Dealers,Santti",sober,,SOBER,T-320.126.178-7,,"cat dealers,santti",t-320.126.178-7
Sober,"Cat Dealers,Santti",sober,,SOBER,T-320.126.178-7,,"cat dealers,santti",t-320.126.178-7
Fama,"Luisa Sonza,Pedro Sampaio",fama,,FAMA,T-324.681.088-4,,"luisa sonza,pedro sampaio",t-324.681.088-4
Maliciosa,Ludmilla,maliciosa,,MALICIOSA,T-308.115.017-2,,ludmilla,t-308.115.017-2
Maliciosa,Ludmilla,maliciosa,,MALICIOSA,T-308.115.017-2,,ludmilla,t-308.115.017-2
Depois Do Baile,"Azzy,Budah,Dennis,Djonga,Hungria,Mc Don Juan,Mc Ph,Orochi,Veigh,Wiu",depois do baile,,DEPOIS DO BAILE,T-306.076.017-6,,"azzy,budah,dennis,djonga,hungria,mc don juan,mc ph,orochi,veigh,wiu",t-306.076.017-6
Depois Do Baile,"Azzy,Budah,Dennis,Djonga,Hungria,Mc Don Juan,Mc Ph,Orochi,Veigh,Wiu",depois do baile,,DEPOIS DO BAILE,T-306.076.017-6,,"azzy,budah,dennis,djonga,hungria,mc don juan,mc ph,orochi,veigh,wiu",t-306.076.017-6
La Noche,Yago Oproprio,la noche,,LA NOCHE,T-328.946.779-0,,yago oproprio,t-328.946.779-0
La Noche,Yago Oproprio,la noche,,LA NOCHE,T-328.946.779-0,,yago oproprio,t-328.946.779-0
Tudo,Liniker,tudo,,TUDO,T-301.718.723-0,,liniker,t-301.718.723-0
Tudo,Liniker,tudo,,TUDO,T-301.718.723-0,,liniker,t-301.718.723-0
Linha De Frente,"Budah,Tibery",linha de frente,,LINHA DE FRENTE,T-308.636.270-7,,"budah,tibery",t-308.636.270-7
Do Zero,"Nagalli,Tz Da Coronel,Yunk Vino",do zero,,DO ZERO,T-039.758.508-8,,"nagalli,tz da coronel,yunk vino",t-039.758.508-8
La Noche,Yago Oproprio,la noche,,LA NOCHE,T-328.946.779-0,,yago oproprio,t-328.946.779-0
Talvez,Thami,talvez,,TALVEZ,T-039.758.808-7,,thami,t-039.758.808-7
Talvez,Thami,talvez,,TALVEZ,T-040.081.810-1,,thami,t-040.081.810-1
Baile De Favela,Mc João,baile de favela,,BAILE DE FAVELA,T-303.383.693-6,,mc joao,t-303.383.693-6
Baile De Favela,Mc João,baile de favela,,BAILE DE FAVELA,T-303.383.693-6,,mc joao,t-303.383.693-6
Baile De Favela,Mc João,baile de favela,,BAILE DE FAVELA,T-303.383.693-6,,mc joao,t-303.383.693-6
Baile De Favela,Mc João,baile de favela,,BAILE DE FAVELA,T-303.383.693-6,,mc joao,t-303.383.693-6
Baile De Favela,Cacau Protásio,baile de favela,,BAILE DE FAVELA,T-303.383.693-6,,cacau protasio,t-303.383.693-6
Baile De Favela,Cacau Protásio,baile de favela,,BAILE DE FAVELA,T-303.383.693-6,,cacau protasio,t-303.383.693-6
Baile De Favela,Cacau Protásio,baile de favela,,BAILE DE FAVELA,T-303.383.693-6,,cacau protasio,t-303.383.693-6
Maria,Blondie,maria,,MARIA,T-307.006.304-2,,blondie,t-307.006.304-2
Maria,Blondie,maria,,MARIA,T-311.953.638-4,,blondie,t-311.953.638-4
Maria,Blondie,maria,,MARIA,T-307.006.304-2,,blondie,t-307.006.304-2
Maria,Blondie,maria,,MARIA,T-311.953.638-4,,blondie,t-311.953.638-4
Maria,Blondie,maria,,MARIA,T-307.006.304-2,,blondie,t-307.006.304-2
Maria,Blondie,maria,,MARIA,T-311.953.638-4,,blondie,t-311.953.638-4
Criminal,Britney Spears,criminal,,CRIMINAL,T-932.737.486-7,,britney spears,t-932.737.486-7
Criminal,Britney Spears,criminal,,CRIMINAL,T-932.737.486-7,,britney spears,t-932.737.486-7
Opinião,Samantha Schmütz,opiniao,,OPINIÃO,,,samantha schmutz,
Satisfação,Tati Quebra Barraco,satisfacao,,SATISFAÇÃO,T-302.730.937-7,,tati quebra barraco,t-302.730.937-7
Satisfação,Tati Quebra Barraco,satisfacao,,SATISFAÇÃO,T-302.730.937-7,,tati quebra barraco,t-302.730.937-7
Poderosa,Suzy Brasil,poderosa,,PODEROSA,T-304.309.033-7,,suzy brasil,t-304.309.033-7
Poderosa,Suzy Brasil,poderosa,,PODEROSA,T-304.309.033-7,,suzy brasil,t-304.309.033-7
Mãe,Gal Costa,mae,,MÃE,T-306.800.395-8,,gal costa,t-306.800.395-8
Mãe,Gal Costa,mae,,MÃE,,,gal costa,
Mãe,Gal Costa,mae,,MÃE,T-306.800.395-8,,gal costa,t-306.800.395-8
Mãe,Gal Costa,mae,,MÃE,,,gal costa,
Mãe,Gal Costa,mae,,MÃE,T-306.800.395-8,,gal costa,t-306.800.395-8
Mãe,Gal Costa,mae,,MÃE,,,gal costa,
Acabou,Jammil E Uma Noites,acabou,,ACABOU,T-039.497.780-0,,jammil e uma noites,t-039.497.780-0
Acabou,Jammil E Uma Noites,acabou,,ACABOU,T-039.497.780-0,,jammil e uma noites,t-039.497.780-0
Acabou,Jammil E Uma Noites,acabou,,ACABOU,T-039.497.780-0,,jammil e uma noites,t-039.497.780-0
Call Me,Blondie,call me,,CALL ME,T-327.279.638-6,,blondie,t-327.279.638-6
Call Me,Blondie,call me,,CALL ME,T-327.279.638-6,,blondie,t-327.279.638-6
Call Me,Blondie,call me,,CALL ME,T-327.279.638-6,,blondie,t-327.279.638-6
Call Me,Blondie,call me,,CALL ME,T-327.279.638-6,,blondie,t-327.279.638-6
Maria,Blondie,maria,,MARIA,T-307.006.304-2,,blondie,t-307.006.304-2
Maria,Blondie,maria,,MARIA,T-311.953.638-4,,blondie,t-311.953.638-4
Maria,Blondie,maria,,MARIA,T-307.006.304-2,,blondie,t-307.006.304-2
Maria,Blondie,maria,,MARIA,T-311.953.638-4,,blondie,t-311.953.638-4
Maria,Blondie,maria,,MARIA,T-307.006.304-2,,blondie,t-307.006.304-2
Maria,Blondie,maria,,MARIA,T-311.953.638-4,,blondie,t-311.953.638-4
Maria,Blondie,maria,,MARIA,T-307.006.304-2,,blondie,t-307.006.304-2
Maria,Blondie,maria,,MARIA,T-311.953.638-4,,blondie,t-311.953.638-4
Acabou,Jammil E Uma Noites,acabou,,ACABOU,T-039.497.780-0,,jammil e uma noites,t-039.497.780-0
Acabou,Jammil E Uma Noites,acabou,,ACABOU,T-039.497.780-0,,jammil e uma noites,t-039.497.780-0
Acabou,Jammil E Uma Noites,acabou,,ACABOU,T-039.497.780-0,,jammil e uma noites,t-039.497.780-0
"Cabeça, Ombro, Joelho E Pé",Xuxa,"cabeca, ombro, joelho e pe",,"CABEÇA, OMBRO, JOELHO E PÉ",T-311.573.124-9,,xuxa,t-311.573.124-9
"Cabeça, Ombro, Joelho E Pé",Xuxa,"cabeca, ombro, joelho e pe",,"CABEÇA, OMBRO, JOELHO E PÉ",T-311.573.124-9,,xuxa,t-311.573.124-9
"Cabeça, Ombro, Joelho E Pé",Xuxa,"cabeca, ombro, joelho e pe",,"CABEÇA, OMBRO, JOELHO E PÉ",T-311.573.124-9,,xuxa,t-311.573.124-9
Agora Vai,"Giovani Cidreira,Linn Da Quebrada",agora vai,,AGORA VAI,T-313.255.747-8,,"giovani cidreira,linn da quebrada",t-313.255.747-8
Maliciosa,Ludmilla,maliciosa,,MALICIOSA,T-308.115.017-2,,ludmilla,t-308.115.017-2
Ave Maria,Jorge Aragao,ave maria,,AVE MARIA,T-040.076.547-0,,jorge aragao,t-040.076.547-0
Identidade,Jorge Aragao,identidade,,IDENTIDADE,T-039.497.763-9,,jorge aragao,t-039.497.763-9
Baile De Favela,"Dj R7,Mc Joao",baile de favela,,BAILE DE FAVELA,T-303.383.693-6,,"dj r7,mc joao",t-303.383.693-6
Baile De Favela,"Dj R7,Mc Joao",baile de favela,,BAILE DE FAVELA,T-303.383.693-6,,"dj r7,mc joao",t-303.383.693-6
Girassol,Rebeca Andrade,girassol,,GIRASSOL,T-335.572.256-0,,rebeca andrade,t-335.572.256-0
Girassol,Rebeca Andrade,girassol,,GIRASSOL,T-335.572.256-0,,rebeca andrade,t-335.572.256-0
A Danca,Mc Hariel,a danca,,A DANÇA,T-309.492.339-0,,mc hariel,t-309.492.339-0
Fica Comigo,Thauane Fontinelle,fica comigo,,FICA COMIGO,T-305.623.715-7,,thauane fontinelle,t-305.623.715-7
Deserto,Padre Marcelo Rossi,deserto,,DESERTO,T-039.611.378-2,,padre marcelo rossi,t-039.611.378-2
Mascara,"Lexa,Wenny",mascara,,MÁSCARA,,,"lexa,wenny",
Vamos Fugir,"Izzy Gordon,Tony Gordon",vamos fugir,,VAMOS FUGIR,T-305.415.581-2,,"izzy gordon,tony gordon",t-305.415.581-2
Era Uma Vez,Elenco,era uma vez,,ERA UMA VEZ,,,elenco,
A Danca,Mc Hariel,a danca,,A DANÇA,T-309.492.339-0,,mc hariel,t-309.492.339-0
Ilusao,Mc Hariel,ilusao,,ILUSAO,T-040.011.902-9,,mc hariel,t-040.011.902-9
Ilusao,Mc Hariel,ilusao,,ILUSÃO,,,mc hariel,
Maliciosa,Ludmilla,maliciosa,,MALICIOSA,T-308.115.017-2,,ludmilla,t-308.115.017-2
So Voce,Fabio Jr,so voce,,SO VOCE,T-039.310.698-3,,fabio jr,t-039.310.698-3
Girassol,Rosa De Saron,girassol,,GIRASSOL,T-335.572.256-0,,rosa de saron,t-335.572.256-0
Girassol,Leidy Murilho,girassol,,GIRASSOL,T-335.572.256-0,,leidy murilho,t-335.572.256-0
Felicidade,"Mc Cabelinho,Pretinho Da Serrinha",felicidade,,FELICIDADE,,,"mc cabelinho,pretinho da serrinha",
Me Chama,Marina,me chama,,ME CHAMA,T-311.953.645-3,,marina,t-311.953.645-3
Beijinho No Ombro,Valesca Popozuda,beijinho no ombro,,BEIJINHO NO OMBRO,T-311.569.064-3,,valesca popozuda,t-311.569.064-3
Gratidao,L7Nnon,gratidao,,GRATIDÃO,T-305.217.523-8,,l7nnon,t-305.217.523-8
Aquelas Coisas,Joao Gomes,aquelas coisas,,AQUELAS COISAS,T-317.817.145-0,,joao gomes,t-317.817.145-0
Intuicao,Mari Fernandes,intuicao,,INTUIÇÃO,T-330.191.259-0,,mari fernandes,t-330.191.259-0
Intuicao,Mari Fernandes,intuicao,,INTUIÇÃO,T-317.794.064-2,,mari fernandes,t-317.794.064-2
Chama,Luan Pereira,chama,,CHAMA,T-303.013.981-8,,luan pereira,t-303.013.981-8
Vai Luan,Luan Pereira,vai luan,,VAI LUAN,T-303.014.610-8,,luan pereira,t-303.014.610-8
Vai Luan,Luan Pereira,vai luan,,VAI LUAN,T-304.246.536-7,,luan pereira,t-304.246.536-7
Sou Eu,Ludmilla,sou eu,,SOU EU,T-042.615.532-9,,ludmilla,t-042.615.532-9
Sou Eu,Ludmilla,sou eu,,SOU EU,T-042.615.532-9,,ludmilla,t-042.615.532-9
Banho De Espuma,Rita Lee,banho de espuma,,BANHO DE ESPUMA,T-311.604.310-4,,rita lee,t-311.604.310-4
Maria,Ricky Martin,maria,,MARIA,T-307.006.304-2,,ricky martin,t-307.006.304-2
Maria,Ricky Martin,maria,,MARIA,T-311.953.638-4,,ricky martin,t-311.953.638-4
Fuleragem,Mc Wm,fuleragem,,FULERAGEM,T-305.214.250-0,,mc wm,t-305.214.250-0
Maria,Alejandro Vqc,maria,,MARIA,T-307.006.304-2,,alejandro vqc,t-307.006.304-2
Maria,Alejandro Vqc,maria,,MARIA,T-311.953.638-4,,alejandro vqc,t-311.953.638-4
Fuleragem,Mc Wm,fuleragem,,FULERAGEM,T-305.214.250-0,,mc wm,t-305.214.250-0
Santa Fe,Moraes Moreira,santa fe,,SANTA FE,T-306.926.950-3,,moraes moreira,t-306.926.950-3
Amigo,Roberto Carlos,amigo,,AMIGO,,,roberto carlos,
Amigo,Roberto Carlos,amigo,,AMIGO,,,roberto carlos,
Amigo,Roberto Carlos,amigo,,AMIGO,,,roberto carlos,
Rosa,Atores,rosa,,ROSA,T-039.167.643-9,,atores,t-039.167.643-9
Porque,Reginaldo Rossi,porque,,PORQUE,T-040.140.017-6,,reginaldo rossi,t-040.140.017-6
Granada,Stanley Black E Orquestra,granada,,GRANADA,T-040.348.474-1,,stanley black e orquestra,t-040.348.474-1
So,Elenco,so,,SÓ,T-039.632.969-3,,elenco,t-039.632.969-3
Chocolate,Angelica,chocolate,,CHOCOLATE,T-322.528.891-1,,angelica,t-322.528.891-1
Esmeralda,Roberto Faissal,esmeralda,,ESMERALDA,,,roberto faissal,
Esmeralda,Roberto Faissal,esmeralda,,ESMERALDA,,,roberto faissal,
Copacabana,Salome Da Bahia,copacabana,,COPACABANA,,,salome da bahia,
Copacabana,Salome Da Bahia,copacabana,,COPACABANA,,,salome da bahia,
Copacabana,Salome Da Bahia,copacabana,,COPACABANA,,,salome da bahia,
Copacabana,Rex Gildo,copacabana,,COPACABANA,,,rex gildo,
Copacabana,Salome Da Bahia,copacabana,,COPACABANA,,,salome da bahia,
Copacabana,Salome Da Bahia,copacabana,,COPACABANA,,,salome da bahia,
Copacabana,Salome Da Bahia,copacabana,,COPACABANA,,,salome da bahia,
Copacabana,Salome Da Bahia,copacabana,,COPACABANA,,,salome da bahia,
Copacabana,Salome Da Bahia,copacabana,,COPACABANA,,,salome da bahia,
Copacabana,Salome Da Bahia,copacabana,,COPACABANA,,,salome da bahia,
Copacabana,Salome Da Bahia,copacabana,,COPACABANA,,,salome da bahia,
Copacabana,Salome Da Bahia,copacabana,,COPACABANA,,,salome da bahia,
Copacabana,Salome Da Bahia,copacabana,,COPACABANA,,,salome da bahia,
Copacabana,Salome Da Bahia,copacabana,,COPACABANA,,,salome da bahia,
Copacabana,Salome Da Bahia,copacabana,,COPACABANA,,,salome da bahia,
Copacabana,Salome Da Bahia,copacabana,,COPACABANA,,,salome da bahia,
Copacabana,Salome Da Bahia,copacabana,,COPACABANA,,,salome da bahia,
Copacabana,Salome Da Bahia,copacabana,,COPACABANA,,,salome da bahia,
Copacabana,Salome Da Bahia,copacabana,,COPACABANA,,,salome da bahia,
Copacabana,Salome Da Bahia,copacabana,,COPACABANA,,,salome da bahia,
Copacabana,Salome Da Bahia,copacabana,,COPACABANA,,,salome da bahia,
Sebastiana,Anonimo,sebastiana,,SEBASTIANA,,,anonimo,
Carcara,Anonimo,carcara,,CARCARA,T-040.347.911-7,,anonimo,t-040.347.911-7
Carcara,Anonimo,carcara,,CARCARÁ,T-308.468.519-4,,anonimo,t-308.468.519-4
Travessia,Elenco,travessia,,TRAVESSIA,T-313.642.509-3,,elenco,t-313.642.509-3
AVE MARIA,DANY ROLAND,ave maria,,AVE MARIA,T-040.076.547-0,,dany roland,t-040.076.547-0
AVE MARIA,DANY ROLAND,ave maria,,AVE MARIA,T-040.076.547-0,,dany roland,t-040.076.547-0
AVE MARIA,DANY ROLAND,ave maria,,AVE MARIA,T-040.076.547-0,,dany roland,t-040.076.547-0
AVE MARIA,DANY ROLAND,ave maria,,AVE MARIA,T-040.076.547-0,,dany roland,t-040.076.547-0
AVE MARIA,DANY ROLAND,ave maria,,AVE MARIA,T-040.076.547-0,,dany roland,t-040.076.547-0
CUIDADO,CALIFFA,cuidado,,CUIDADO,T-317.794.225-1,,califfa,t-317.794.225-1
CUIDADO,CALIFFA,cuidado,,CUIDADO,,,califfa,
BAILE DE FAVELA,"RAFAEL PORTUGAL,PEDRINHO DO CAVACO",baile de favela,,BAILE DE FAVELA,T-303.383.693-6,,"rafael portugal,pedrinho do cavaco",t-303.383.693-6
SUGAR,"RITON,SOAKY SIREN",sugar,,SUGAR,T-039.948.077-3,,"riton,soaky siren",t-039.948.077-3
SUGAR,"RITON,SOAKY SIREN",sugar,,SUGAR,T-039.948.077-3,,"riton,soaky siren",t-039.948.077-3
PAPO RETO,CHARLIE BROWN JR,papo reto,,PAPO RETO,,,charlie brown jr,
FINAL DE SEMANA,CALIFFA,final de semana,,FINAL DE SEMANA,T-303.016.328-7,,califfa,t-303.016.328-7
FINAL DE SEMANA,CALIFFA,final de semana,,FINAL DE SEMANA,T-303.016.328-7,,califfa,t-303.016.328-7
FINAL DE SEMANA,CALIFFA,final de semana,,FINAL DE SEMANA,T-303.016.328-7,,califfa,t-303.016.328-7
FINAL DE SEMANA,CALIFFA,final de semana,,FINAL DE SEMANA,T-303.016.328-7,,califfa,t-303.016.328-7
CUIDADO,CALIFFA,cuidado,,CUIDADO,T-317.794.225-1,,califfa,t-317.794.225-1
CUIDADO,CALIFFA,cuidado,,CUIDADO,,,califfa,
CUIDADO,CALIFFA,cuidado,,CUIDADO,T-317.794.225-1,,califfa,t-317.794.225-1
CUIDADO,CALIFFA,cuidado,,CUIDADO,,,califfa,
FINAL DE SEMANA,CALIFFA,final de semana,,FINAL DE SEMANA,T-303.016.328-7,,califfa,t-303.016.328-7
CUIDADO,CALIFFA,cuidado,,CUIDADO,T-317.794.225-1,,califfa,t-317.794.225-1
CUIDADO,CALIFFA,cuidado,,CUIDADO,,,califfa,
GRATIDAO,RAMALHO,gratidao,,GRATIDÃO,T-305.217.523-8,,ramalho,t-305.217.523-8
SAMURAI,PARTICIPANTES ESTRELA DA CASA,samurai,,SAMURAI,T-300.960.761-4,,participantes estrela da casa,t-300.960.761-4
CUIDADO,CALIFFA,cuidado,,CUIDADO,T-317.794.225-1,,califfa,t-317.794.225-1
CUIDADO,CALIFFA,cuidado,,CUIDADO,,,califfa,
CUIDADO,CALIFFA,cuidado,,CUIDADO,T-317.794.225-1,,califfa,t-317.794.225-1
CUIDADO,CALIFFA,cuidado,,CUIDADO,,,califfa,
CORDA BAMBA,"IVETE SANGALO,IZA",corda bamba,,CORDA BAMBA,T-335.571.849-5,,"ivete sangalo,iza",t-335.571.849-5
LINHA DE FRENTE,IZA,linha de frente,,LINHA DE FRENTE,T-308.636.270-7,,iza,t-308.636.270-7
CAROLINA,JUAN PAIVA,carolina,,CAROLINA,,,juan paiva,
GIRASSOL,LEIDY MURILHO,girassol,,GIRASSOL,T-335.572.256-0,,leidy murilho,t-335.572.256-0
MACETANDO,"IVETE SANGALO, LUDMILLA",macetando,,MACETANDO,T-318.000.000-0,,"ivete sangalo, ludmilla",t-318.000.000-0
AI AI AI,VANESSA DA MATA,ai ai ai,,AI AI AI,T-305.267.265-4,,vanessa da mata,t-305.267.265-4
PARAISO,DIEGO MARTINS,paraiso,,PARAISO,T-301.576.907-6,,diego martins,t-301.576.907-6
PARAISO,DIEGO MARTINS,paraiso,,PARAISO,T-304.308.878-0,,diego martins,t-304.308.878-0
DESERTO,PADRE MARCELO ROSSI,deserto,,DESERTO,T-039.611.378-2,,padre marcelo rossi,t-039.611.378-2
PAPO RETO,CHARLIE BROWN JR,papo reto,,PAPO RETO,,,charlie brown jr,
POC POC,PEDRO SAMPAIO,poc poc,,POC POC,,,pedro sampaio,
GRATIDAO,RAMALHO,gratidao,,GRATIDÃO,T-305.217.523-8,,ramalho,t-305.217.523-8
GRATIDAO,RAMALHO,gratidao,,GRATIDÃO,T-305.217.523-8,,ramalho,t-305.217.523-8
GRATIDAO,RAMALHO,gratidao,,GRATIDÃO,T-305.217.523-8,,ramalho,t-305.217.523-8
MENTIROSA,MARCOS & BELUTTI,mentirosa,,MENTIROSA,,,marcos & belutti,
MENTIROSA,MARCOS & BELUTTI,mentirosa,,MENTIROSA,T-332.483.930-3,,marcos & belutti,t-332.483.930-3
MALICIOSA,LUDMILLA,maliciosa,,MALICIOSA,T-308.115.017-2,,ludmilla,t-308.115.017-2
MALICIOSA,LUDMILLA,maliciosa,,MALICIOSA,T-308.115.017-2,,ludmilla,t-308.115.017-2
TEU SEGREDO,VUOU PRO SERENO,teu segredo,,TEU SEGREDO,T-303.014.148-7,,vuou pro sereno,t-303.014.148-7
TEU SEGREDO,VOU PRO SERENO,teu segredo,,TEU SEGREDO,T-303.014.148-7,,vou pro sereno,t-303.014.148-7
ESSE CARA SOU EU,FERDINANDO (MARCUS MAJELLA),esse cara sou eu,,ESSE CARA SOU EU,T-327.279.701-6,,ferdinando (marcus majella),t-327.279.701-6
MAN DOWN,RIHANNA,man down,,MAN DOWN,T-040.106.196-8,,rihanna,t-040.106.196-8
MACETANDO,IVETE SANGALO,macetando,,MACETANDO,T-318.000.000-0,,ivete sangalo,t-318.000.000-0
LUA,"ALOK, ANA CATELA. HUNGRIA HIP HOP",lua,,LUA,,,"alok, ana catela. hungria hip hop",
LUA,"ALOK, ANA CASTELA, HUNGRIA HIP HOP",lua,,LUA,,,"alok, ana castela, hungria hip hop",
DO LADO DE CA,CHIMARRUTS,do lado de ca,,DO LADO DE CÁ,,,chimarruts,
MARIA,RICKY MARTIN,maria,,MARIA,T-307.006.304-2,,ricky martin,t-307.006.304-2
MARIA,RICKY MARTIN,maria,,MARIA,T-311.953.638-4,,ricky martin,t-311.953.638-4
IMORTAL,SANDY E JUNIOR,imortal,,IMORTAL,T-307.118.165-8,,sandy e junior,t-307.118.165-8
MASCARA,PITTY,mascara,,MÁSCARA,,,pitty,
TETO DE VIDRO,PITTY,teto de vidro,,TETO DE VIDRO,T-321.537.364-7,,pitty,t-321.537.364-7
FINAL FELIZ,JORGE VERCILLO,final feliz,,FINAL FELIZ,T-315.996.147-0,,jorge vercillo,t-315.996.147-0
SAMURAI,JORGE VERCILLO,samurai,,SAMURAI,T-300.960.761-4,,jorge vercillo,t-300.960.761-4
FELICIDADE,BANDA LUCIO MAURO E FILHOS,felicidade,,FELICIDADE,,,banda lucio mauro e filhos,
FELICIDADE,BANDA LUCIO MAURO E FILHOS,felicidade,,FELICIDADE,,,banda lucio mauro e filhos,
FELICIDADE,BANDA LUCIO MAURO E FILHOS,felicidade,,FELICIDADE,,,banda lucio mauro e filhos,
FELICIDADE,BANDA LUCIO MAURO E FILHOS,felicidade,,FELICIDADE,,,banda lucio mauro e filhos,
FELICIDADE,MARCELO JENECI,felicidade,,FELICIDADE,,,marcelo jeneci,
FELICIDADE,"MARCELO JENECI,DOMINGUINHOS",felicidade,,FELICIDADE,,,"marcelo jeneci,dominguinhos",
PAPO RETO,CHARLIE BROWN JR,papo reto,,PAPO RETO,,,charlie brown jr,
MACETANDO,IVETE SANGALO,macetando,,MACETANDO,T-318.000.000-0,,ivete sangalo,t-318.000.000-0
SUGAR,"SOAKY SIREN,RITON",sugar,,SUGAR,T-039.948.077-3,,"soaky siren,riton",t-039.948.077-3
SUGAR,"RITON,SOAKY SIREN",sugar,,SUGAR,T-039.948.077-3,,"riton,soaky siren",t-039.948.077-3
MARACUTAIA,KAROL CONKA,maracutaia,,MARACUTAIA,T-313.315.112-5,,karol conka,t-313.315.112-5
AI AI AI,VANESSA DA MATA,ai ai ai,,AI AI AI,T-305.267.265-4,,vanessa da mata,t-305.267.265-4
MORENA,VITOR KLEY,morena,,MORENA,,,vitor kley,
MORENA,VITOR KLEY,morena,,MORENA,T-312.550.698-7,,vitor kley,t-312.550.698-7
SUGAR,MAROON 5,sugar,,SUGAR,T-039.948.077-3,,maroon 5,t-039.948.077-3
GIRASSOL,LEIDY MURILHO,girassol,,GIRASSOL,T-335.572.256-0,,leidy murilho,t-335.572.256-0
BAILE DE FAVELA,"MAEJOR,MC JOAO",baile de favela,,BAILE DE FAVELA,T-303.383.693-6,,"maejor,mc joao",t-303.383.693-6
AVE MARIA,DANY ROLAND,ave maria,,AVE MARIA,T-040.076.547-0,,dany roland,t-040.076.547-0
PACIENCIA,"FERRUGEM,ALCIONE",paciencia,,PACIENCIA,T-039.497.721-9,,"ferrugem,alcione",t-039.497.721-9
PACIENCIA,"FERRUGEM,ALCIONE",paciencia,,PACIÊNCIA,T-040.522.253-8,,"ferrugem,alcione",t-040.522.253-8
BAILE DE FAVELA,DJ PIMPA,baile de favela,,BAILE DE FAVELA,T-303.383.693-6,,dj pimpa,t-303.383.693-6
AMIGO,MARCOS MION,amigo,,AMIGO,,,marcos mion,
SO VOCE,"FABIO JUNIOR,ERIBERTO LEAO",so voce,,SO VOCE,T-039.310.698-3,,"fabio junior,eriberto leao",t-039.310.698-3
FELICIDADE,FABIO JUNIOR,felicidade,,FELICIDADE,,,fabio junior,
ABISMO,"MANU BAHTIDAO,MARI FERNANDEZ",abismo,,ABISMO,T-303.016.284-2,,"manu bahtidao,mari fernandez",t-303.016.284-2
ABISMO,"MANU BAHTIDAO,MARI FERNANDEZ",abismo,,ABISMO,T-315.588.616-7,,"manu bahtidao,mari fernandez",t-315.588.616-7
REPLAY,UNNA X,replay,,REPLAY,,,unna x,
REPLAY,UNNA X,replay,,REPLAY,T-325.460.789-7,,unna x,t-325.460.789-7
GRATIDAO,L7NNON,gratidao,,GRATIDÃO,T-305.217.523-8,,l7nnon,t-305.217.523-8
GRATIDAO,L7NNON,gratidao,,GRATIDÃO,T-305.217.523-8,,l7nnon,t-305.217.523-8
DEPOIS DO BAILE,"WIU,VEIGH,OROCHI,MC PH,MC DON JUAN,HUNGRIA,DJONGA,DENNIS,BUDAH,AZZY",depois do baile,,DEPOIS DO BAILE,T-306.076.017-6,,"wiu,veigh,orochi,mc ph,mc don juan,hungria,djonga,dennis,budah,azzy",t-306.076.017-6
FELICIDADE,FÁBIO JR,felicidade,,FELICIDADE,,,fabio jr,
FIM DE ANO,"DONA JO (CATARINA ABDALA),FERDINANDO (MARCUS MAJELLA)",fim de ano,,FIM DE ANO,T-322.186.020-0,,"dona jo (catarina abdala),ferdinando (marcus majella)",t-322.186.020-0
PAPI,JENNIFER LOPEZ,papi,,PAPI,T-300.970.750-6,,jennifer lopez,t-300.970.750-6
PAPI,JENNIFER LOPEZ,papi,,PAPI,,,jennifer lopez,
MARAVILHA,RACA NEGRA,maravilha,,MARAVILHA,T-305.267.266-5,,raca negra,t-305.267.266-5
VAMOS FUGIR,SAMUEL ROSA,vamos fugir,,VAMOS FUGIR,T-305.415.581-2,,samuel rosa,t-305.415.581-2
BAILE DE FAVELA,MC JOAO,baile de favela,,BAILE DE FAVELA,T-303.383.693-6,,mc joao,t-303.383.693-6
BAILE DE FAVELA,MC JOAO,baile de favela,,BAILE DE FAVELA,T-303.383.693-6,,mc joao,t-303.383.693-6
CASEI COM A PUTARIA,MC DANIEL,casei com a putaria,,CASEI COM A PUTARIA,T-317.934.283-3,,mc daniel,t-317.934.283-3
TUDO,LINIKER,tudo,,TUDO,T-301.718.723-0,,liniker,t-301.718.723-0
TUDO,LINIKER,tudo,,TUDO,T-301.718.723-0,,liniker,t-301.718.723-0
ERA UMA VEZ,KELL SMITH,era uma vez,,ERA UMA VEZ,,,kell smith,
FINAL DE SEMANA,CALIFFA,final de semana,,FINAL DE SEMANA,T-303.016.328-7,,califfa,t-303.016.328-7
GIRASSOL,LEIDY MURILHO,girassol,,GIRASSOL,T-335.572.256-0,,leidy murilho,t-335.572.256-0
SAMPA,FERNANDA PORTO,sampa,,SAMPA,,,fernanda porto,
SAMPA,FERNANDA PORTO,sampa,,SAMPA,,,fernanda porto,
ELA,SORRISO MAROTO,ela,,ELA,T-322.696.235-8,,sorriso maroto,t-322.696.235-8
NADA MUDOU,LEO JAIME,nada mudou,,NADA MUDOU,T-039.544.550-7,,leo jaime,t-039.544.550-7
CORDA BAMBA,"IVETE SANGALO,IZA",corda bamba,,CORDA BAMBA,T-335.571.849-5,,"ivete sangalo,iza",t-335.571.849-5
DOWNTOWN,"ANITTA,J BALVIN",downtown,,DOWNTOWN,,,"anitta,j balvin",
CUIDADO,CALIFFA,cuidado,,CUIDADO,T-317.794.225-1,,califfa,t-317.794.225-1
CUIDADO,CALIFFA,cuidado,,CUIDADO,,,califfa,
ORACAO,LEO FRESSATO,oracao,,ORACAO,T-040.521.423-4,,leo fressato,t-040.521.423-4
VERMELHO,FAFÁ DE BELÉM,vermelho,,VERMELHO,T-313.315.106-7,,fafa de belem,t-313.315.106-7
GIRASSOL,CIDADE NEGRA,girassol,,GIRASSOL,T-335.572.256-0,,cidade negra,t-335.572.256-0
GIRASSOL,CIDADE NEGRA,girassol,,GIRASSOL,T-335.572.256-0,,cidade negra,t-335.572.256-0
GIRASSOL,"CIDADE NEGRA,TONI GARRIDO",girassol,,GIRASSOL,T-335.572.256-0,,"cidade negra,toni garrido",t-335.572.256-0
CUIDADO,CALIFFA,cuidado,,CUIDADO,T-317.794.225-1,,califfa,t-317.794.225-1
CUIDADO,CALIFFA,cuidado,,CUIDADO,,,califfa,
ME CHAMA,MARINA LIMA,me chama,,ME CHAMA,T-311.953.645-3,,marina lima,t-311.953.645-3
ME CHAMA,SAMANTHA SCHMÜTZ,me chama,,ME CHAMA,T-311.953.645-3,,samantha schmutz,t-311.953.645-3
SOU EU,LUDMILLA,sou eu,,SOU EU,T-042.615.532-9,,ludmilla,t-042.615.532-9
DRAMA,DANY ROLAND,drama,,DRAMA,T-039.662.293-7,,dany roland,t-039.662.293-7
DRAMA,DANY ROLAND,drama,,DRAMA,T-932.546.398-7,,dany roland,t-932.546.398-7
DRAMA,DANY ROLAND,drama,,DRAMA,T-321.537.188-9,,dany roland,t-321.537.188-9
PERIGO,DANY ROLAND,perigo,,PERIGO,T-301.572.557-8,,dany roland,t-301.572.557-8
PERIGO,DANY ROLAND,perigo,,PERIGO,T-302.809.006-0,,dany roland,t-302.809.006-0
SEGREDO,DANY ROLAND,segredo,,SEGREDO,T-039.611.383-9,,dany roland,t-039.611.383-9
SEGREDO,DANY ROLAND,segredo,,SEGREDO,T-039.611.383-9,,dany roland,t-039.611.383-9
SEGREDO,DANY ROLAND,segredo,,SEGREDO,T-039.611.383-9,,dany roland,t-039.611.383-9
SEGREDO,DANY ROLAND,segredo,,SEGREDO,T-039.611.383-9,,dany roland,t-039.611.383-9
DRAMA,DANY ROLAND,drama,,DRAMA,T-039.662.293-7,,dany roland,t-039.662.293-7
DRAMA,DANY ROLAND,drama,,DRAMA,T-932.546.398-7,,dany roland,t-932.546.398-7
DRAMA,DANY ROLAND,drama,,DRAMA,T-321.537.188-9,,dany roland,t-321.537.188-9
AVE MARIA,DANY ROLAND,ave maria,,AVE MARIA,T-040.076.547-0,,dany roland,t-040.076.547-0
AVE MARIA,DANY ROLAND,ave maria,,AVE MARIA,T-040.076.547-0,,dany roland,t-040.076.547-0
AVE MARIA,DANY ROLAND,ave maria,,AVE MARIA,T-040.076.547-0,,dany roland,t-040.076.547-0
AVE MARIA,DANY ROLAND,ave maria,,AVE MARIA,T-040.076.547-0,,dany roland,t-040.076.547-0
AVE MARIA,DANY ROLAND,ave maria,,AVE MARIA,T-040.076.547-0,,dany roland,t-040.076.547-0
PERIGO,DANY ROLAND,perigo,,PERIGO,T-301.572.557-8,,dany roland,t-301.572.557-8
PERIGO,DANY ROLAND,perigo,,PERIGO,T-302.809.006-0,,dany roland,t-302.809.006-0
IDENTIDADE,"DIOGO POÇAS, DUDU BORGES, LEONARDO MENDES",identidade,,IDENTIDADE,T-039.497.763-9,,"diogo pocas, dudu borges, leonardo mendes",t-039.497.763-9
IDENTIDADE,"DIOGO POÇAS, DUDU BORGES, LEONARDO MENDES",identidade,,IDENTIDADE,T-039.497.763-9,,"diogo pocas, dudu borges, leonardo mendes",t-039.497.763-9
IDENTIDADE,"DIOGO POÇAS, DUDU BORGES, LEONARDO MENDES",identidade,,IDENTIDADE,T-039.497.763-9,,"diogo pocas, dudu borges, leonardo mendes",t-039.497.763-9
IDENTIDADE,"DEBORAH SECCO, FABIANA KARLA",identidade,,IDENTIDADE,T-039.497.763-9,,"deborah secco, fabiana karla",t-039.497.763-9
IDENTIDADE,"DEBORAH SECCO, FABIANA KARLA",identidade,,IDENTIDADE,T-039.497.763-9,,"deborah secco, fabiana karla",t-039.497.763-9
CORAGEM,"ALEJANDRO CLAVEAUX, ALICE WEGMANN",coragem,,CORAGEM,T-040.522.266-3,,"alejandro claveaux, alice wegmann",t-040.522.266-3
CORAGEM,"ALEJANDRO CLAVEAUX, ALICE WEGMANN",coragem,,CORAGEM,,,"alejandro claveaux, alice wegmann",
IDENTIDADE,"DEBORAH SECO, FABIANA KARLA",identidade,,IDENTIDADE,T-039.497.763-9,,"deborah seco, fabiana karla",t-039.497.763-9
IDENTIDADE,"MARIA MAUD, LAURA SIMÕES",identidade,,IDENTIDADE,T-039.497.763-9,,"maria maud, laura simoes",t-039.497.763-9
IDENTIDADE,DUDU BORGES,identidade,,IDENTIDADE,T-039.497.763-9,,dudu borges,t-039.497.763-9
IDENTIDADE,"DIOGO POÇAS, DUDU BORGES, LEONARDO MENDES",identidade,,IDENTIDADE,T-039.497.763-9,,"diogo pocas, dudu borges, leonardo mendes",t-039.497.763-9
IDENTIDADE,"DIOGO POÇAS, DUDU BORGES, LEONARDO MENDES",identidade,,IDENTIDADE,T-039.497.763-9,,"diogo pocas, dudu borges, leonardo mendes",t-039.497.763-9
IDENTIDADE,"MARIA MAUD, LAURA SIMÕES",identidade,,IDENTIDADE,T-039.497.763-9,,"maria maud, laura simoes",t-039.497.763-9
IDENTIDADE,"DIOGO POÇAS, DUDU BORGES, LEONARDO MENDES",identidade,,IDENTIDADE,T-039.497.763-9,,"diogo pocas, dudu borges, leonardo mendes",t-039.497.763-9
IDENTIDADE,"MARIA MAUD, LAURA SIMÕES",identidade,,IDENTIDADE,T-039.497.763-9,,"maria maud, laura simoes",t-039.497.763-9
IDENTIDADE,"DEBORAH SECO, FABIANA KARLA",identidade,,IDENTIDADE,T-039.497.763-9,,"deborah seco, fabiana karla",t-039.497.763-9
MALVADA,ZÉ FELIPE,malvada,,MALVADA,T-303.019.880-8,,ze felipe,t-303.019.880-8
MALVADA,ZÉ FELIPE,malvada,,MALVADA,,,ze felipe,
IDENTIDADE,"DIOGO POÇAS, DUDU BORGES, LEONARDO MENDES",identidade,,IDENTIDADE,T-039.497.763-9,,"diogo pocas, dudu borges, leonardo mendes",t-039.497.763-9
CORAGEM,"DUDU BORGES, DIOGO POÇAS, LEONARDO MENDES",coragem,,CORAGEM,T-040.522.266-3,,"dudu borges, diogo pocas, leonardo mendes",t-040.522.266-3
CORAGEM,"DUDU BORGES, DIOGO POÇAS, LEONARDO MENDES",coragem,,CORAGEM,,,"dudu borges, diogo pocas, leonardo mendes",
IDENTIDADE,"DIOGO POÇAS, DUDU BORGES, LEONARDO MENDES",identidade,,IDENTIDADE,T-039.497.763-9,,"diogo pocas, dudu borges, leonardo mendes",t-039.497.763-9
IDENTIDADE,"DEBORAH SECCO, FABIANA KARLA",identidade,,IDENTIDADE,T-039.497.763-9,,"deborah secco, fabiana karla",t-039.497.763-9
IDENTIDADE,"MARIA MAUD, LAURA SIMÕES",identidade,,IDENTIDADE,T-039.497.763-9,,"maria maud, laura simoes",t-039.497.763-9
JOGO SUJO,SANY PITBULL,jogo sujo,,JOGO SUJO,T-040.429.746-6,,sany pitbull,t-040.429.746-6
JOGO SUJO,SANY PITBULL,jogo sujo,,JOGO SUJO,T-335.722.833-8,,sany pitbull,t-335.722.833-8
JOGO SUJO,SANY PITBULL,jogo sujo,,JOGO SUJO,T-040.429.746-6,,sany pitbull,t-040.429.746-6
JOGO SUJO,SANY PITBULL,jogo sujo,,JOGO SUJO,T-335.722.833-8,,sany pitbull,t-335.722.833-8
AMIGO,ROBERTO CARLOS,amigo,,AMIGO,,,roberto carlos,
