provider,file,sheet,programa,data_exibicao,numero_programa,exibicao_tipo,categoria_programa,titulo_musica,autor,interprete,tipo_sincronizacao,percentual_editora,valor_editora_brl,editora,gravadora,iswc,isrc,amount_cents,amount_int
SBT,01. Solicitação janeiro 2024.xls,Relatório Solicitação,,,,,,,,,,,,,,,,0,0
SBT,01. Solicitação janeiro 2024.xls,Relatório Solicitação,,,,,,,,,,,,,,,,0,0
SBT,01. Solicitação janeiro 2024.xls,Relatório Solicitação,,,,,,EDITORA,,,EDITORA,,,,,,,0,0
SBT,01. Solicitação janeiro 2024.xls,Relatório Solicitação,,,,,,ABRAMUS DIGITAL SERV. IDENT. REPERTÓRIO,,,ABRAMUS DIGITAL SERV. IDENT. REPERTÓRIO,,,,,,,19548,195
SBT,01. Solicitação janeiro 2024.xls,Relatório Solicitação,,,,,,WARNER CHAPPELL EDIÇÕES MUSICAIS LTDA,,,WARNER CHAPPELL EDIÇÕES MUSICAIS LTDA,,,,,,,19548,195
SBT,01. Solicitação janeiro 2024.xls,Relatório Solicitação,,,,,,DIVERSAS,,,DIVERSAS,,,,,,,39096,391
SBT,01. Solicitação janeiro 2024.xls,Relatório Solicitação,,,,,,WARNER CHAPPELL EDIÇÕES MUSICAIS LTDA,,,WARNER CHAPPELL EDIÇÕES MUSICAIS LTDA,,,,,,,26061,261
SBT,01. Solicitação janeiro 2024.xls,Relatório Solicitação,,,,,,SONY MUSIC PUBLISHING (BRASIL) EDIÇÕES MUSICAIS LTDA,,,SONY MUSIC PUBLISHING (BRASIL) EDIÇÕES MUSICAIS LTDA,,,,,,,13035,130
SBT,01. Solicitação janeiro 2024.xls,Relatório Solicitação,,,,,,WARNER CHAPPELL EDIÇÕES MUSICAIS LTDA,,,WARNER CHAPPELL EDIÇÕES MUSICAIS LTDA,,,,,,,39096,391
SBT,01. Solicitação janeiro 2024.xls,Relatório Solicitação,,,,,,DIVERSAS,,,DIVERSAS,,,,,,,19548,195
SBT,01. Solicitação janeiro 2024.xls,Relatório Solicitação,,,,,,EMI SONGS DO BRASIL EDIÇÕES MUSICAIS LTDA,,,EMI SONGS DO BRASIL EDIÇÕES MUSICAIS LTDA,,,,,,,19548,195
SBT,01. Solicitação janeiro 2024.xls,Relatório Solicitação,,,,,,DIVERSAS,,,DIVERSAS,,,,,,,39096,391
SBT,01. Solicitação janeiro 2024.xls,Relatório Solicitação,,,,,,MK MUSIC EDIÇÕES MUSICAIS LTDA,,,MK MUSIC EDIÇÕES MUSICAIS LTDA,,,,,,,39096,391
SBT,01. Solicitação janeiro 2024.xls,Relatório Solicitação,,,,,,MK MUSIC EDIÇÕES MUSICAIS LTDA,,,MK MUSIC EDIÇÕES MUSICAIS LTDA,,,,,,,39096,391
SBT,01. Solicitação janeiro 2024.xls,Relatório Solicitação,,,,,,MK MUSIC EDIÇÕES MUSICAIS LTDA,,,MK MUSIC EDIÇÕES MUSICAIS LTDA,,,,,,,39096,391
SBT,01. Solicitação janeiro 2024.xls,Relatório Solicitação,,,,,,DIVERSAS,,,DIVERSAS,,,,,,,39096,391
SBT,01. Solicitação janeiro 2024.xls,Relatório Solicitação,,,,,,DIVERSAS,,,DIVERSAS,,,,,,,39096,391
SBT,01. Solicitação janeiro 2024.xls,Relatório Solicitação,,,,,,MK MUSIC EDIÇÕES MUSICAIS LTDA,,,MK MUSIC EDIÇÕES MUSICAIS LTDA,,,,,,,39096,391
SBT,01. Solicitação janeiro 2024.xls,Relatório Solicitação,,,,,,PEERMUSIC DO BRASIL EDIÇÕES MUSICAIS LTDA,,,PEERMUSIC DO BRASIL EDIÇÕES MUSICAIS LTDA,,,,,,,39096,391
SBT,01. Solicitação janeiro 2024.xls,Relatório Solicitação,,,,,,SONY MUSIC PUBLISHING (BRASIL) EDIÇÕES MUSICAIS LTDA,,,SONY MUSIC PUBLISHING (BRASIL) EDIÇÕES MUSICAIS LTDA,,,,,,,39096,391
SBT,01. Solicitação janeiro 2024.xls,Relatório Solicitação,,,,,,PEERMUSIC DO BRASIL EDIÇÕES MUSICAIS LTDA,,,PEERMUSIC DO BRASIL EDIÇÕES MUSICAIS LTDA,,,,,,,39096,391
SBT,01. Solicitação janeiro 2024.xls,Relatório Solicitação,,,,,,EDITORA ADORANDO LTDA.,,,EDITORA ADORANDO LTDA.,,,,,,,28149,281
SBT,01. Solicitação janeiro 2024.xls,Relatório Solicitação,,,,,,ABRAMUS DIGITAL SERV. IDENT. REPERTÓRIO,,,ABRAMUS DIGITAL SERV. IDENT. REPERTÓRIO,,,,,,,10947,109
SBT,01. Solicitação janeiro 2024.xls,Relatório Solicitação,,,,,,DIVERSAS,,,DIVERSAS,,,,,,,39096,391
SBT,01. Solicitação janeiro 2024.xls,Relatório Solicitação,,,,,,WARNER/CHAPPELL EDIÇÕES MUSICAIS LTDA,,,WARNER/CHAPPELL EDIÇÕES MUSICAIS LTDA,,,,,,,39096,391
SBT,01. Solicitação janeiro 2024.xls,Relatório Solicitação,,,,,,MUSICAL PRODUÇÕES GOSPEL LTDA,,,MUSICAL PRODUÇÕES GOSPEL LTDA,,,,,,,23458,235
SBT,01. Solicitação janeiro 2024.xls,Relatório Solicitação,,,,,,ABRAMUS DIGITAL SERV. IDENT. REPERTÓRIO,,,ABRAMUS DIGITAL SERV. IDENT. REPERTÓRIO,,,,,,,15638,156
SBT,01. Solicitação janeiro 2024.xls,Relatório Solicitação,,,,,,MUSICAL PRODUÇÕES GOSPEL LTDA,,,MUSICAL PRODUÇÕES GOSPEL LTDA,,,,,,,39096,391
SBT,01. Solicitação janeiro 2024.xls,Relatório Solicitação,,,,,,DIVERSAS,,,DIVERSAS,,,,,,,39096,391
SBT,01. Solicitação janeiro 2024.xls,Relatório Solicitação,,,,,,ABRAMUS DIGITAL SERV. IDENT. REPERTÓRIO,,,ABRAMUS DIGITAL SERV. IDENT. REPERTÓRIO,,,,,,,39096,391
SBT,01. Solicitação janeiro 2024.xls,Relatório Solicitação,,,,,,DIVERSAS,,,DIVERSAS,,,,,,,39096,391
SBT,01. Solicitação janeiro 2024.xls,Relatório Solicitação,,,,,,DIVERSAS,,,DIVERSAS,,,,,,,39096,391
SBT,01. Solicitação janeiro 2024.xls,Relatório Solicitação,,,,,,DIVERSAS,,,DIVERSAS,,,,,,,39096,391
SBT,01. Solicitação janeiro 2024.xls,Relatório Solicitação,,,,,,UNIVERSAL MUSIC PUBLISHING MGB BRASIL LTDA,,,UNIVERSAL MUSIC PUBLISHING MGB BRASIL LTDA,,,,,,,78192,782
SBT,01. Solicitação janeiro 2024.xls,Relatório Solicitação,,,,,,UNIVERSAL MUSIC PUBLISHING MGB BRASIL LTDA,,,UNIVERSAL MUSIC PUBLISHING MGB BRASIL LTDA,,,,,,,35831,358
SBT,01. Solicitação janeiro 2024.xls,Relatório Solicitação,,,,,,WARNER CHAPPELL EDIÇÕES MUSICAIS LTDA,,,WARNER CHAPPELL EDIÇÕES MUSICAIS LTDA,,,,,,,3265,33
SBT,01. Solicitação janeiro 2024.xls,Relatório Solicitação,,,,,,DIVERSAS,,,DIVERSAS,,,,,,,39096,391
SBT,01. Solicitação janeiro 2024.xls,Relatório Solicitação,,,,,,UNIVERSAL MUSIC PUBLISHING MGB BRASIL LTDA,,,UNIVERSAL MUSIC PUBLISHING MGB BRASIL LTDA,,,,,,,35812,358
SBT,01. Solicitação janeiro 2024.xls,Relatório Solicitação,,,,,,DIVERSAS,,,DIVERSAS,,,,,,,31,0
SBT,01. Solicitação janeiro 2024.xls,Relatório Solicitação,,,,,,WARNER CHAPPELL EDIÇÕES MUSICAIS LTDA,,,WARNER CHAPPELL EDIÇÕES MUSICAIS LTDA,,,,,,,3253,33
SBT,01. Solicitação janeiro 2024.xls,Relatório Solicitação,,,,,,PEERMUSIC DO BRASIL EDIÇÕES MUSICAIS LTDA,,,PEERMUSIC DO BRASIL EDIÇÕES MUSICAIS LTDA,,,,,,,39096,391
SBT,01. Solicitação janeiro 2024.xls,Relatório Solicitação,,,,,,PEERMUSIC DO BRASIL EDIÇÕES MUSICAIS LTDA,,,PEERMUSIC DO BRASIL EDIÇÕES MUSICAIS LTDA,,,,,,,39096,391
SBT,01. Solicitação janeiro 2024.xls,Relatório Solicitação,,,,,,IRMÃOS VITALE EDITORES LTDA,,,IRMÃOS VITALE EDITORES LTDA,,,,,,,39096,391
SBT,01. Solicitação janeiro 2024.xls,Relatório Solicitação,,,,,,FUSION MUSIC EDIÇÕES MUSICAIS LTDA,,,FUSION MUSIC EDIÇÕES MUSICAIS LTDA,,,,,,,78192,782
SBT,01. Solicitação janeiro 2024.xls,Relatório Solicitação,,,,,,WARNER CHAPPELL EDIÇÕES MUSICAIS LTDA,,,WARNER CHAPPELL EDIÇÕES MUSICAIS LTDA,,,,,,,19548,195
SBT,01. Solicitação janeiro 2024.xls,Relatório Solicitação,,,,,,PEERMUSIC DO BRASIL EDIÇÕES MUSICAIS LTDA,,,PEERMUSIC DO BRASIL EDIÇÕES MUSICAIS LTDA,,,,,,,19548,195
SBT,01. Solicitação janeiro 2024.xls,Relatório Solicitação,,,,,,EDITORA E IMPORTADORA MUSICAL FERMATA DO BRASIL LTDA,,,EDITORA E IMPORTADORA MUSICAL FERMATA DO BRASIL LTDA,,,,,,,39096,391
SBT,01. Solicitação janeiro 2024.xls,Relatório Solicitação,,,,,,PEERMUSIC DO BRASIL EDIÇÕES MUSICAIS LTDA,,,PEERMUSIC DO BRASIL EDIÇÕES MUSICAIS LTDA,,,,,,,13035,130
SBT,01. Solicitação janeiro 2024.xls,Relatório Solicitação,,,,,,WARNER CHAPPELL EDIÇÕES MUSICAIS LTDA,,,WARNER CHAPPELL EDIÇÕES MUSICAIS LTDA,,,,,,,13031,130
SBT,01. Solicitação janeiro 2024.xls,Relatório Solicitação,,,,,,SONY MUSIC PUBLISHING (BRASIL) EDIÇÕES MUSICAIS LTDA,,,SONY MUSIC PUBLISHING (BRASIL) EDIÇÕES MUSICAIS LTDA,,,,,,,13031,130
SBT,01. Solicitação janeiro 2024.xls,Relatório Solicitação,,,,,,DIVERSAS,,,DIVERSAS,,,,,,,39096,391
SBT,01. Solicitação janeiro 2024.xls,Relatório Solicitação,,,,,,DIVERSAS,,,DIVERSAS,,,,,,,39096,391
SBT,01. Solicitação janeiro 2024.xls,Relatório Solicitação,,,,,,UNIVERSAL MUSIC PUBLISHING MGB BRASIL LTDA,,,UNIVERSAL MUSIC PUBLISHING MGB BRASIL LTDA,,,,,,,14661,147
SBT,01. Solicitação janeiro 2024.xls,Relatório Solicitação,,,,,,SONY MUSIC PUBLISHING (BRASIL) EDIÇÕES MUSICAIS LTDA,,,SONY MUSIC PUBLISHING (BRASIL) EDIÇÕES MUSICAIS LTDA,,,,,,,24435,244
SBT,01. Solicitação janeiro 2024.xls,Relatório Solicitação,,,,,,UNIVERSAL MUSIC PUBLISHING MGB BRASIL LTDA,,,UNIVERSAL MUSIC PUBLISHING MGB BRASIL LTDA,,,,,,,39096,391
SBT,01. Solicitação janeiro 2024.xls,Relatório Solicitação,,,,,,DIVERSAS,,,DIVERSAS,,,,,,,39096,391
SBT,01. Solicitação janeiro 2024.xls,Relatório Solicitação,,,,,,DIVERSAS,,,DIVERSAS,,,,,,,39096,391
SBT,01. Solicitação janeiro 2024.xls,Relatório Solicitação,,,,,,DIVERSAS,,,DIVERSAS,,,,,,,39096,391
SBT,01. Solicitação janeiro 2024.xls,Relatório Solicitação,,,,,,DIVERSAS,,,DIVERSAS,,,,,,,13031,130
SBT,01. Solicitação janeiro 2024.xls,Relatório Solicitação,,,,,,ABRAMUS DIGITAL SERV. IDENT. REPERTÓRIO,,,ABRAMUS DIGITAL SERV. IDENT. REPERTÓRIO,,,,,,,26065,261
SBT,01. Solicitação janeiro 2024.xls,Relatório Solicitação,,,,,,IRMÃOS VITALE EDITORES LTDA,,,IRMÃOS VITALE EDITORES LTDA,,,,,,,39096,391
SBT,01. Solicitação janeiro 2024.xls,Relatório Solicitação,,,,,,DIVERSAS,,,DIVERSAS,,,,,,,7819,78
SBT,01. Solicitação janeiro 2024.xls,Relatório Solicitação,,,,,,SONY MUSIC PUBLISHING (BRASIL) EDIÇÕES MUSICAIS LTDA,,,SONY MUSIC PUBLISHING (BRASIL) EDIÇÕES MUSICAIS LTDA,,,,,,,31277,313
SBT,01. Solicitação janeiro 2024.xls,Relatório Solicitação,,,,,,PEERMUSIC DO BRASIL EDIÇÕES MUSICAIS LTDA,,,PEERMUSIC DO BRASIL EDIÇÕES MUSICAIS LTDA,,,,,,,39096,391
SBT,01. Solicitação janeiro 2024.xls,Relatório Solicitação,,,,,,SONY MUSIC PUBLISHING (BRASIL) EDIÇÕES MUSICAIS LTDA,,,SONY MUSIC PUBLISHING (BRASIL) EDIÇÕES MUSICAIS LTDA,,,,,,,39096,391
SBT,01. Solicitação janeiro 2024.xls,Relatório Solicitação,,,,,,SONY MUSIC PUBLISHING (BRASIL) EDIÇÕES MUSICAIS LTDA,,,SONY MUSIC PUBLISHING (BRASIL) EDIÇÕES MUSICAIS LTDA,,,,,,,39096,391
SBT,01. Solicitação janeiro 2024.xls,Relatório Solicitação,,,,,,ADDAF - ASS. DEF. DIREITOS AUTORAIS FONOMECÂNICOS,,,ADDAF - ASS. DEF. DIREITOS AUTORAIS FONOMECÂNICOS,,,,,,,32583,326
SBT,01. Solicitação janeiro 2024.xls,Relatório Solicitação,,,,,,FORTUNA MUSICAL EDIÇÕES LTDA,,,FORTUNA MUSICAL EDIÇÕES LTDA,,,,,,,6513,65
SBT,01. Solicitação janeiro 2024.xls,Relatório Solicitação,,,,,,MAC MAC PRODUÇÕES ARTÍSTICAS LTDA.,,,MAC MAC PRODUÇÕES ARTÍSTICAS LTDA.,,,,,,,39096,391
SBT,01. Solicitação janeiro 2024.xls,Relatório Solicitação,,,,,,SONY MUSIC PUBLISHING (BRASIL) EDIÇÕES MUSICAIS LTDA,,,SONY MUSIC PUBLISHING (BRASIL) EDIÇÕES MUSICAIS LTDA,,,,,,,19548,195
SBT,01. Solicitação janeiro 2024.xls,Relatório Solicitação,,,,,,WARNER CHAPPELL EDIÇÕES MUSICAIS LTDA,,,WARNER CHAPPELL EDIÇÕES MUSICAIS LTDA,,,,,,,19548,195
SBT,01. Solicitação janeiro 2024.xls,Relatório Solicitação,,,,,,DIVERSAS,,,DIVERSAS,,,,,,,13035,130
SBT,01. Solicitação janeiro 2024.xls,Relatório Solicitação,,,,,,THIAGO ABDULAHAD NUNES RIOS ME,,,THIAGO ABDULAHAD NUNES RIOS ME,,,,,,,26061,261
SBT,01. Solicitação janeiro 2024.xls,Relatório Solicitação,,,,,,PEERMUSIC DO BRASIL EDIÇÕES MUSICAIS LTDA,,,PEERMUSIC DO BRASIL EDIÇÕES MUSICAIS LTDA,,,,,,,39096,391
SBT,01. Solicitação janeiro 2024.xls,Relatório Solicitação,,,,,,UNIVERSAL MUSIC PUBLISHING MGB BRASIL LTDA,,,UNIVERSAL MUSIC PUBLISHING MGB BRASIL LTDA,,,,,,,39096,391
SBT,01. Solicitação janeiro 2024.xls,Relatório Solicitação,,,,,,BMG RIGHTS MANAGEMENT BRASIL LTDA,,,BMG RIGHTS MANAGEMENT BRASIL LTDA,,,,,,,4887,49
SBT,01. Solicitação janeiro 2024.xls,Relatório Solicitação,,,,,,ABRAMUS DIGITAL SERV. IDENT. REPERTÓRIO,,,ABRAMUS DIGITAL SERV. IDENT. REPERTÓRIO,,,,,,,4887,49
SBT,01. Solicitação janeiro 2024.xls,Relatório Solicitação,,,,,,WARNER CHAPPELL EDIÇÕES MUSICAIS LTDA,,,WARNER CHAPPELL EDIÇÕES MUSICAIS LTDA,,,,,,,29322,293
SBT,01. Solicitação janeiro 2024.xls,Relatório Solicitação,,,,,,SONY MUSIC PUBLISHING (BRASIL) EDIÇÕES MUSICAIS LTDA,,,SONY MUSIC PUBLISHING (BRASIL) EDIÇÕES MUSICAIS LTDA,,,,,,,39096,391
SBT,01. Solicitação janeiro 2024.xls,Relatório Solicitação,,,,,,MEGA PRODUÇÕES ARTISTICAS LTDA,,,MEGA PRODUÇÕES ARTISTICAS LTDA,,,,,,,8797,88
SBT,01. Solicitação janeiro 2024.xls,Relatório Solicitação,,,,,,DIVERSAS,,,DIVERSAS,,,,,,,13195,132
SBT,01. Solicitação janeiro 2024.xls,Relatório Solicitação,,,,,,PEERMUSIC DO BRASIL EDIÇÕES MUSICAIS LTDA,,,PEERMUSIC DO BRASIL EDIÇÕES MUSICAIS LTDA,,,,,,,39100,391
SBT,01. Solicitação janeiro 2024.xls,Relatório Solicitação,,,,,,SINGLE HITS PRODUÇÕES ARTISTICAS,,,SINGLE HITS PRODUÇÕES ARTISTICAS,,,,,,,13195,132
SBT,01. Solicitação janeiro 2024.xls,Relatório Solicitação,,,,,,UNIVERSAL MUSIC PUBLISHING MGB BRASIL LTDA,,,UNIVERSAL MUSIC PUBLISHING MGB BRASIL LTDA,,,,,,,26061,261
SBT,01. Solicitação janeiro 2024.xls,Relatório Solicitação,,,,,,WARNER CHAPPELL EDIÇÕES MUSICAIS LTDA,,,WARNER CHAPPELL EDIÇÕES MUSICAIS LTDA,,,,,,,52131,521
SBT,01. Solicitação janeiro 2024.xls,Relatório Solicitação,,,,,,SONY MUSIC PUBLISHING (BRASIL) EDIÇÕES MUSICAIS LTDA,,,SONY MUSIC PUBLISHING (BRASIL) EDIÇÕES MUSICAIS LTDA,,,,,,,78192,782
SBT,01. Solicitação janeiro 2024.xls,Relatório Solicitação,,,,,,BMG RIGHTS MANAGEMENT BRASIL LTDA,,,BMG RIGHTS MANAGEMENT BRASIL LTDA,,,,,,,78192,782
SBT,01. Solicitação janeiro 2024.xls,Relatório Solicitação,,,,,,WORLDSHOW PROMOÇÕES E EVENTOS,,,WORLDSHOW PROMOÇÕES E EVENTOS,,,,,,,19548,195
SBT,01. Solicitação janeiro 2024.xls,Relatório Solicitação,,,,,,BMG RIGHTS MANAGEMENT BRASIL LTDA,,,BMG RIGHTS MANAGEMENT BRASIL LTDA,,,,,,,19548,195
SBT,01. Solicitação janeiro 2024.xls,Relatório Solicitação,,,,,,UNIVERSAL MUSIC PUBLISHING MGB BRASIL LTDA,,,UNIVERSAL MUSIC PUBLISHING MGB BRASIL LTDA,,,,,,,39096,391
SBT,01. Solicitação janeiro 2024.xls,Relatório Solicitação,,,,,,WORLDSHOW PROMOÇÕES E EVENTOS,,,WORLDSHOW PROMOÇÕES E EVENTOS,,,,,,,9774,98
SBT,01. Solicitação janeiro 2024.xls,Relatório Solicitação,,,,,,BMG RIGHTS MANAGEMENT BRASIL LTDA,,,BMG RIGHTS MANAGEMENT BRASIL LTDA,,,,,,,9774,98
SBT,01. Solicitação janeiro 2024.xls,Relatório Solicitação,,,,,,UNIVERSAL MUSIC PUBLISHING MGB BRASIL LTDA,,,UNIVERSAL MUSIC PUBLISHING MGB BRASIL LTDA,,,,,,,19548,195
SBT,01. Solicitação janeiro 2024.xls,Relatório Solicitação,,,,,,WARNER CHAPPELL EDIÇÕES MUSICAIS LTDA,,,WARNER CHAPPELL EDIÇÕES MUSICAIS LTDA,,,,,,,39096,391
SBT,01. Solicitação janeiro 2024.xls,Relatório Solicitação,,,,,,EDITORA E IMPORTADORA MUSICAL FERMATA DO BRASIL LTDA,,,EDITORA E IMPORTADORA MUSICAL FERMATA DO BRASIL LTDA,,,,,,,78192,782
SBT,01. Solicitação janeiro 2024.xls,Relatório Solicitação,,,,,,SONY MUSIC PUBLISHING (BRASIL) EDIÇÕES MUSICAIS LTDA,,,SONY MUSIC PUBLISHING (BRASIL) EDIÇÕES MUSICAIS LTDA,,,,,,,78192,782
SBT,01. Solicitação janeiro 2024.xls,Relatório Solicitação,,,,,,SONY MUSIC PUBLISHING (BRASIL) EDIÇÕES MUSICAIS LTDA,,,SONY MUSIC PUBLISHING (BRASIL) EDIÇÕES MUSICAIS LTDA,,,,,,,78192,782
SBT,01. Solicitação janeiro 2024.xls,Relatório Solicitação,,,,,,DIVERSAS,,,DIVERSAS,,,,,,,10263,103
SBT,01. Solicitação janeiro 2024.xls,Relatório Solicitação,,,,,,SONY MUSIC PUBLISHING (BRASIL) EDIÇÕES MUSICAIS LTDA,,,SONY MUSIC PUBLISHING (BRASIL) EDIÇÕES MUSICAIS LTDA,,,,,,,151500,1515
SBT,01. Solicitação janeiro 2024.xls,Relatório Solicitação,,,,,,DECK PRODUÇÕES ARTÍSTICAS LTDA,,,DECK PRODUÇÕES ARTÍSTICAS LTDA,,,,,,,13684,137
SBT,01. Solicitação janeiro 2024.xls,Relatório Solicitação,,,,,,DIVERSAS,,,DIVERSAS,,,,,,,39096,391
SBT,01. Solicitação janeiro 2024.xls,Relatório Solicitação,,,,,,NOWA PRODUÇÕES ARTÍSTICAS LTDA,,,NOWA PRODUÇÕES ARTÍSTICAS LTDA,,,,,,,78192,782
SBT,01. Solicitação janeiro 2024.xls,Relatório Solicitação,,,,,,WARNER CHAPPELL EDIÇÕES MUSICAIS LTDA,,,WARNER CHAPPELL EDIÇÕES MUSICAIS LTDA,,,,,,,19548,195
SBT,01. Solicitação janeiro 2024.xls,Relatório Solicitação,,,,,,EMI SONGS DO BRASIL EDIÇÕES MUSICAIS LTDA,,,EMI SONGS DO BRASIL EDIÇÕES MUSICAIS LTDA,,,,,,,19548,195
SBT,01. Solicitação janeiro 2024.xls,Relatório Solicitação,,,,,,SONY MUSIC PUBLISHING (BRASIL) EDIÇÕES MUSICAIS LTDA,,,SONY MUSIC PUBLISHING (BRASIL) EDIÇÕES MUSICAIS LTDA,,,,,,,39096,391
SBT,01. Solicitação janeiro 2024.xls,Relatório Solicitação,,,,,,UNIVERSAL MUSIC PUBLISHING MGB BRASIL LTDA,,,UNIVERSAL MUSIC PUBLISHING MGB BRASIL LTDA,,,,,,,39096,391
SBT,01. Solicitação janeiro 2024.xls,Relatório Solicitação,,,,,,DIVERSAS,,,DIVERSAS,,,,,,,78192,782
SBT,01. Solicitação janeiro 2024.xls,Relatório Solicitação,,,,,,WARNER CHAPPELL EDIÇÕES MUSICAIS LTDA,,,WARNER CHAPPELL EDIÇÕES MUSICAIS LTDA,,,,,,,39096,391
SBT,01. Solicitação janeiro 2024.xls,Relatório Solicitação,,,,,,DIVERSAS,,,DIVERSAS,,,,,,,39096,391
SBT,01. Solicitação janeiro 2024.xls,Relatório Solicitação,,,,,,DIVERSAS,,,DIVERSAS,,,,,,,39096,391
SBT,01. Solicitação janeiro 2024.xls,Relatório Solicitação,,,,,,DIVERSAS,,,DIVERSAS,,,,,,,39096,391
SBT,01. Solicitação janeiro 2024.xls,Relatório Solicitação,,,,,,DIVERSAS,,,DIVERSAS,,,,,,,78192,782
SBT,01. Solicitação janeiro 2024.xls,Relatório Solicitação,,,,,,DIVERSAS,,,DIVERSAS,,,,,,,5864,59
SBT,01. Solicitação janeiro 2024.xls,Relatório Solicitação,,,,,,PEPATO & PEPATO EMPREENDIMENTOS ARTISTICOS E MUSICAIS,,,PEPATO & PEPATO EMPREENDIMENTOS ARTISTICOS E MUSICAIS,,,,,,,9774,98
SBT,01. Solicitação janeiro 2024.xls,Relatório Solicitação,,,,,,WARNER CHAPPELL EDIÇÕES MUSICAIS LTDA,,,WARNER CHAPPELL EDIÇÕES MUSICAIS LTDA,,,,,,,15638,156
SBT,01. Solicitação janeiro 2024.xls,Relatório Solicitação,,,,,,SONY MUSIC PUBLISHING (BRASIL) EDIÇÕES MUSICAIS LTDA,,,SONY MUSIC PUBLISHING (BRASIL) EDIÇÕES MUSICAIS LTDA,,,,,,,7819,78
SBT,01. Solicitação janeiro 2024.xls,Relatório Solicitação,,,,,,UNIVERSAL MUSIC PUBLISHING MGB BRASIL LTDA,,,UNIVERSAL MUSIC PUBLISHING MGB BRASIL LTDA,,,,,,,39096,391
SBT,01. Solicitação janeiro 2024.xls,Relatório Solicitação,,,,,,BMG RIGHTS MANAGEMENT BRASIL LTDA,,,BMG RIGHTS MANAGEMENT BRASIL LTDA,,,,,,,9774,98
SBT,01. Solicitação janeiro 2024.xls,Relatório Solicitação,,,,,,THIAGO ABDULAHAD NUNES RIOS ME,,,THIAGO ABDULAHAD NUNES RIOS ME,,,,,,,4887,49
SBT,01. Solicitação janeiro 2024.xls,Relatório Solicitação,,,,,,WARNER CHAPPELL EDIÇÕES MUSICAIS LTDA,,,WARNER CHAPPELL EDIÇÕES MUSICAIS LTDA,,,,,,,24435,244
SBT,01. Solicitação janeiro 2024.xls,Relatório Solicitação,,,,,,MEGA PRODUÇÕES ARTISTICAS LTDA,,,MEGA PRODUÇÕES ARTISTICAS LTDA,,,,,,,26061,261
SBT,01. Solicitação janeiro 2024.xls,Relatório Solicitação,,,,,,SONY MUSIC PUBLISHING (BRASIL) EDIÇÕES MUSICAIS LTDA,,,SONY MUSIC PUBLISHING (BRASIL) EDIÇÕES MUSICAIS LTDA,,,,,,,13035,130
SBT,01. Solicitação janeiro 2024.xls,Relatório Solicitação,,,,,,UNIVERSAL MUSIC PUBLISHING MGB BRASIL LTDA,,,UNIVERSAL MUSIC PUBLISHING MGB BRASIL LTDA,,,,,,,15638,156
SBT,01. Solicitação janeiro 2024.xls,Relatório Solicitação,,,,,,BMG RIGHTS MANAGEMENT BRASIL LTDA,,,BMG RIGHTS MANAGEMENT BRASIL LTDA,,,,,,,19548,195
SBT,01. Solicitação janeiro 2024.xls,Relatório Solicitação,,,,,,DIVERSAS,,,DIVERSAS,,,,,,,39100,391
SBT,01. Solicitação janeiro 2024.xls,Relatório Solicitação,,,,,,DUETO EDIÇÕES MUSICAIS LTDA.,,,DUETO EDIÇÕES MUSICAIS LTDA.,,,,,,,39096,391
SBT,01. Solicitação janeiro 2024.xls,Relatório Solicitação,,,,,,DIVERSAS,,,DIVERSAS,,,,,,,39096,391
SBT,01. Solicitação janeiro 2024.xls,Relatório Solicitação,,,,,,DIVERSAS,,,DIVERSAS,,,,,,,39096,391
SBT,01. Solicitação janeiro 2024.xls,Relatório Solicitação,,,,,,MUSICAL PRODUÇÕES GOSPEL LTDA,,,MUSICAL PRODUÇÕES GOSPEL LTDA,,,,,,,13031,130
SBT,01. Solicitação janeiro 2024.xls,Relatório Solicitação,,,,,,WARNER CHAPPELL EDIÇÕES MUSICAIS LTDA,,,WARNER CHAPPELL EDIÇÕES MUSICAIS LTDA,,,,,,,26065,261
SBT,01. Solicitação janeiro 2024.xls,Relatório Solicitação,,,,,,UNIVERSAL MUSIC PUBLISHING MGB BRASIL LTDA,,,UNIVERSAL MUSIC PUBLISHING MGB BRASIL LTDA,,,,,,,39096,391
SBT,01. Solicitação janeiro 2024.xls,Relatório Solicitação,,,,,,BLACKOUT EDITORA EIRELI,,,BLACKOUT EDITORA EIRELI,,,,,,,13031,130
SBT,01. Solicitação janeiro 2024.xls,Relatório Solicitação,,,,,,M B NUNES ME,,,M B NUNES ME,,,,,,,13035,130
SBT,01. Solicitação janeiro 2024.xls,Relatório Solicitação,,,,,,BMG RIGHTS MANAGEMENT BRASIL LTDA,,,BMG RIGHTS MANAGEMENT BRASIL LTDA,,,,,,,13031,130
SBT,01. Solicitação janeiro 2024.xls,Relatório Solicitação,,,,,,SONY MUSIC PUBLISHING (BRASIL) EDIÇÕES MUSICAIS LTDA,,,SONY MUSIC PUBLISHING (BRASIL) EDIÇÕES MUSICAIS LTDA,,,,,,,39096,391
SBT,01. Solicitação janeiro 2024.xls,Relatório Solicitação,,,,,,FUSION MUSIC EDIÇÕES MUSICAIS LTDA,,,FUSION MUSIC EDIÇÕES MUSICAIS LTDA,,,,,,,39096,391
SBT,01. Solicitação janeiro 2024.xls,Relatório Solicitação,,,,,,BMG RIGHTS MANAGEMENT BRASIL LTDA,,,BMG RIGHTS MANAGEMENT BRASIL LTDA,,,,,,,13031,130
SBT,01. Solicitação janeiro 2024.xls,Relatório Solicitação,,,,,,ABRAMUS DIGITAL SERV. IDENT. REPERTÓRIO,,,ABRAMUS DIGITAL SERV. IDENT. REPERTÓRIO,,,,,,,13031,130
SBT,01. Solicitação janeiro 2024.xls,Relatório Solicitação,,,,,,WARNER CHAPPELL EDIÇÕES MUSICAIS LTDA,,,WARNER CHAPPELL EDIÇÕES MUSICAIS LTDA,,,,,,,13035,130
SBT,01. Solicitação janeiro 2024.xls,Relatório Solicitação,,,,,,UNIVERSAL MUSIC PUBLISHING MGB BRASIL LTDA,,,UNIVERSAL MUSIC PUBLISHING MGB BRASIL LTDA,,,,,,,39096,391
SBT,01. Solicitação janeiro 2024.xls,Relatório Solicitação,,,,,,UNIVERSAL MUSIC PUBLISHING MGB BRASIL LTDA,,,UNIVERSAL MUSIC PUBLISHING MGB BRASIL LTDA,,,,,,,19548,195
SBT,01. Solicitação janeiro 2024.xls,Relatório Solicitação,,,,,,WARNER CHAPPELL EDIÇÕES MUSICAIS LTDA,,,WARNER CHAPPELL EDIÇÕES MUSICAIS LTDA,,,,,,,58644,586
SBT,01. Solicitação janeiro 2024.xls,Relatório Solicitação,,,,,,SONY MUSIC PUBLISHING (BRASIL) EDIÇÕES MUSICAIS LTDA,,,SONY MUSIC PUBLISHING (BRASIL) EDIÇÕES MUSICAIS LTDA,,,,,,,39096,391
SBT,01. Solicitação janeiro 2024.xls,Relatório Solicitação,,,,,,WARNER CHAPPELL EDIÇÕES MUSICAIS LTDA,,,WARNER CHAPPELL EDIÇÕES MUSICAIS LTDA,,,,,,,39096,391
SBT,01. Solicitação janeiro 2024.xls,Relatório Solicitação,,,,,,DIVERSAS,,,DIVERSAS,,,,,,,78192,782
SBT,01. Solicitação janeiro 2024.xls,Relatório Solicitação,,,,,,PEERMUSIC DO BRASIL EDIÇÕES MUSICAIS LTDA,,,PEERMUSIC DO BRASIL EDIÇÕES MUSICAIS LTDA,,,,,,,26069,261
SBT,01. Solicitação janeiro 2024.xls,Relatório Solicitação,,,,,,DIVERSAS,,,DIVERSAS,,,,,,,52123,521
SBT,01. Solicitação janeiro 2024.xls,Relatório Solicitação,,,,,,FÁBRICA DA MÚSICA EDIÇÕES MUSICAIS LTDA.,,,FÁBRICA DA MÚSICA EDIÇÕES MUSICAIS LTDA.,,,,,,,39096,391
SBT,01. Solicitação janeiro 2024.xls,Relatório Solicitação,,,,,,UNIVERSAL MUSIC PUBLISHING MGB BRASIL LTDA,,,UNIVERSAL MUSIC PUBLISHING MGB BRASIL LTDA,,,,,,,39096,391
SBT,01. Solicitação janeiro 2024.xls,Relatório Solicitação,,,,,,DIVERSAS,,,DIVERSAS,,,,,,,39096,391
SBT,01. Solicitação janeiro 2024.xls,Relatório Solicitação,,,,,,DIVERSAS,,,DIVERSAS,,,,,,,19548,195
SBT,01. Solicitação janeiro 2024.xls,Relatório Solicitação,,,,,,WARNER CHAPPELL EDIÇÕES MUSICAIS LTDA,,,WARNER CHAPPELL EDIÇÕES MUSICAIS LTDA,,,,,,,9774,98
SBT,01. Solicitação janeiro 2024.xls,Relatório Solicitação,,,,,,ABRAMUS DIGITAL SERV. IDENT. REPERTÓRIO,,,ABRAMUS DIGITAL SERV. IDENT. REPERTÓRIO,,,,,,,9774,98
SBT,01. Solicitação janeiro 2024.xls,Relatório Solicitação,,,,,,UNIVERSAL MUSIC PUBLISHING MGB BRASIL LTDA,,,UNIVERSAL MUSIC PUBLISHING MGB BRASIL LTDA,,,,,,,19548,195
SBT,01. Solicitação janeiro 2024.xls,Relatório Solicitação,,,,,,WARNER CHAPPELL EDIÇÕES MUSICAIS LTDA,,,WARNER CHAPPELL EDIÇÕES MUSICAIS LTDA,,,,,,,19548,195
SBT,01. Solicitação janeiro 2024.xls,Relatório Solicitação,,,,,,DIVERSAS,,,DIVERSAS,,,,,,,13042,130
SBT,01. Solicitação janeiro 2024.xls,Relatório Solicitação,,,,,,ABRAMUS DIGITAL SERV. IDENT. REPERTÓRIO,,,ABRAMUS DIGITAL SERV. IDENT. REPERTÓRIO,,,,,,,26054,261
SBT,01. Solicitação janeiro 2024.xls,Relatório Solicitação,,,,,,SONY MUSIC PUBLISHING (BRASIL) EDIÇÕES MUSICAIS LTDA,,,SONY MUSIC PUBLISHING (BRASIL) EDIÇÕES MUSICAIS LTDA,,,,,,,39096,391
SBT,01. Solicitação janeiro 2024.xls,Relatório Solicitação,,,,,,PEERMUSIC DO BRASIL EDIÇÕES MUSICAIS LTDA,,,PEERMUSIC DO BRASIL EDIÇÕES MUSICAIS LTDA,,,,,,,39096,391
SBT,01. Solicitação janeiro 2024.xls,Relatório Solicitação,,,,,,SONY MUSIC PUBLISHING (BRASIL) EDIÇÕES MUSICAIS LTDA,,,SONY MUSIC PUBLISHING (BRASIL) EDIÇÕES MUSICAIS LTDA,,,,,,,19548,195
SBT,01. Solicitação janeiro 2024.xls,Relatório Solicitação,,,,,,DIVERSAS,,,DIVERSAS,,,,,,,19548,195
SBT,01. Solicitação janeiro 2024.xls,Relatório Solicitação,,,,,,MAC MAC PRODUÇÕES ARTÍSTICAS LTDA.,,,MAC MAC PRODUÇÕES ARTÍSTICAS LTDA.,,,,,,,39096,391
SBT,01. Solicitação janeiro 2024.xls,Relatório Solicitação,,,,,,SONY MUSIC PUBLISHING (BRASIL) EDIÇÕES MUSICAIS LTDA,,,SONY MUSIC PUBLISHING (BRASIL) EDIÇÕES MUSICAIS LTDA,,,,,,,78192,782
SBT,01. Solicitação janeiro 2024.xls,Relatório Solicitação,,,,,,SONY MUSIC PUBLISHING (BRASIL) EDIÇÕES MUSICAIS LTDA,,,SONY MUSIC PUBLISHING (BRASIL) EDIÇÕES MUSICAIS LTDA,,,,,,,39096,391
SBT,01. Solicitação janeiro 2024.xls,Relatório Solicitação,,,,,,WARNER CHAPPELL EDIÇÕES MUSICAIS LTDA,,,WARNER CHAPPELL EDIÇÕES MUSICAIS LTDA,,,,,,,39096,391
SBT,01. Solicitação janeiro 2024.xls,Relatório Solicitação,,,,,,UNIVERSAL MUSIC PUBLISHING MGB BRASIL LTDA,,,UNIVERSAL MUSIC PUBLISHING MGB BRASIL LTDA,,,,,,,39096,391
SBT,01. Solicitação janeiro 2024.xls,Relatório Solicitação,,,,,,IRMÃOS VITALE EDITORES LTDA,,,IRMÃOS VITALE EDITORES LTDA,,,,,,,39096,391
SBT,01. Solicitação janeiro 2024.xls,Relatório Solicitação,,,,,,SONY MUSIC PUBLISHING (BRASIL) EDIÇÕES MUSICAIS LTDA,,,SONY MUSIC PUBLISHING (BRASIL) EDIÇÕES MUSICAIS LTDA,,,,,,,39096,391
SBT,01. Solicitação janeiro 2024.xls,Relatório Solicitação,,,,,,DIVERSAS,,,DIVERSAS,,,,,,,39096,391
SBT,01. Solicitação janeiro 2024.xls,Relatório Solicitação,,,,,,SONY MUSIC PUBLISHING (BRASIL) EDIÇÕES MUSICAIS LTDA,,,SONY MUSIC PUBLISHING (BRASIL) EDIÇÕES MUSICAIS LTDA,,,,,,,13031,130
SBT,01. Solicitação janeiro 2024.xls,Relatório Solicitação,,,,,,DIVERSAS,,,DIVERSAS,,,,,,,26065,261
SBT,01. Solicitação janeiro 2024.xls,Relatório Solicitação,,,,,,UNIVERSAL MUSIC PUBLISHING MGB BRASIL LTDA,,,UNIVERSAL MUSIC PUBLISHING MGB BRASIL LTDA,,,,,,,78192,782
SBT,01. Solicitação janeiro 2024.xls,Relatório Solicitação,,,,,,IESSI MUSIC LABEL LTDA,,,IESSI MUSIC LABEL LTDA,,,,,,,78192,782
SBT,01. Solicitação janeiro 2024.xls,Relatório Solicitação,,,,,,SONY MUSIC PUBLISHING (BRASIL) EDIÇÕES MUSICAIS LTDA,,,SONY MUSIC PUBLISHING (BRASIL) EDIÇÕES MUSICAIS LTDA,,,,,,,39096,391
SBT,01. Solicitação janeiro 2024.xls,Relatório Solicitação,,,,,,WARNER CHAPPELL EDIÇÕES MUSICAIS LTDA,,,WARNER CHAPPELL EDIÇÕES MUSICAIS LTDA,,,,,,,39096,391
SBT,01. Solicitação janeiro 2024.xls,Relatório Solicitação,,,,,,UNIVERSAL MUSIC PUBLISHING MGB BRASIL LTDA,,,UNIVERSAL MUSIC PUBLISHING MGB BRASIL LTDA,,,,,,,83666,837
SBT,01. Solicitação janeiro 2024.xls,Relatório Solicitação,,,,,,DIVERSAS,,,DIVERSAS,,,,,,,83666,837
SBT,01. Solicitação janeiro 2024.xls,Relatório Solicitação,,,,,,UNIVERSAL MUSIC PUBLISHING MGB BRASIL LTDA,,,UNIVERSAL MUSIC PUBLISHING MGB BRASIL LTDA,,,,,,,39096,391
SBT,01. Solicitação janeiro 2024.xls,Relatório Solicitação,,,,,,DIVERSAS,,,DIVERSAS,,,,,,,39096,391
SBT,01. Solicitação janeiro 2024.xls,Relatório Solicitação,,,,,,BLACKOUT EDITORA EIRELI,,,BLACKOUT EDITORA EIRELI,,,,,,,39096,391
SBT,01. Solicitação janeiro 2024.xls,Relatório Solicitação,,,,,,DIVERSAS,,,DIVERSAS,,,,,,,39096,391
SBT,01. Solicitação janeiro 2024.xls,Relatório Solicitação,,,,,,DIVERSAS,,,DIVERSAS,,,,,,,39096,391
SBT,01. Solicitação janeiro 2024.xls,Relatório Solicitação,,,,,,DECK PRODUÇÕES ARTÍSTICAS LTDA,,,DECK PRODUÇÕES ARTÍSTICAS LTDA,,,,,,,39096,391
SBT,01. Solicitação janeiro 2024.xls,Relatório Solicitação,,,,,,BMG RIGHTS MANAGEMENT BRASIL LTDA,,,BMG RIGHTS MANAGEMENT BRASIL LTDA,,,,,,,39100,391
SBT,01. Solicitação janeiro 2024.xls,Relatório Solicitação,,,,,,DIVERSAS,,,DIVERSAS,,,,,,,2346,23
SBT,01. Solicitação janeiro 2024.xls,Relatório Solicitação,,,,,,ABRAMUS DIGITAL SERV. IDENT. REPERTÓRIO,,,ABRAMUS DIGITAL SERV. IDENT. REPERTÓRIO,,,,,,,9383,94
SBT,01. Solicitação janeiro 2024.xls,Relatório Solicitação,,,,,,SONY MUSIC PUBLISHING (BRASIL) EDIÇÕES MUSICAIS LTDA,,,SONY MUSIC PUBLISHING (BRASIL) EDIÇÕES MUSICAIS LTDA,,,,,,,23458,235
SBT,01. Solicitação janeiro 2024.xls,Relatório Solicitação,,,,,,IRMÃOS VITALE EDITORES LTDA,,,IRMÃOS VITALE EDITORES LTDA,,,,,,,39096,391
SBT,01. Solicitação janeiro 2024.xls,Relatório Solicitação,,,,,,UNIVERSAL MUSIC PUBLISHING MGB BRASIL LTDA,,,UNIVERSAL MUSIC PUBLISHING MGB BRASIL LTDA,,,,,,,39096,391
SBT,01. Solicitação janeiro 2024.xls,Relatório Solicitação,,,,,,UNIVERSAL MUSIC PUBLISHING MGB BRASIL LTDA,,,UNIVERSAL MUSIC PUBLISHING MGB BRASIL LTDA,,,,,,,35186,352
SBT,01. Solicitação janeiro 2024.xls,Relatório Solicitação,,,,,,ABRAMUS DIGITAL SERV. IDENT. REPERTÓRIO,,,ABRAMUS DIGITAL SERV. IDENT. REPERTÓRIO,,,,,,,39100,391
SBT,01. Solicitação janeiro 2024.xls,Relatório Solicitação,,,,,,IESSI MUSIC LABEL LTDA,,,IESSI MUSIC LABEL LTDA,,,,,,,39096,391
SBT,01. Solicitação janeiro 2024.xls,Relatório Solicitação,,,,,,UNIVERSAL MUSIC PUBLISHING MGB BRASIL LTDA,,,UNIVERSAL MUSIC PUBLISHING MGB BRASIL LTDA,,,,,,,39096,391
SBT,01. Solicitação janeiro 2024.xls,Relatório Solicitação,,,,,,BMG RIGHTS MANAGEMENT BRASIL LTDA,,,BMG RIGHTS MANAGEMENT BRASIL LTDA,,,,,,,39100,391
SBT,01. Solicitação janeiro 2024.xls,Relatório Solicitação,,,,,,DIVERSAS,,,DIVERSAS,,,,,,,7037,70
SBT,01. Solicitação janeiro 2024.xls,Relatório Solicitação,,,,,,ABRAMUS DIGITAL SERV. IDENT. REPERTÓRIO,,,ABRAMUS DIGITAL SERV. IDENT. REPERTÓRIO,,,,,,,4692,47
SBT,01. Solicitação janeiro 2024.xls,Relatório Solicitação,,,,,,SONY MUSIC PUBLISHING (BRASIL) EDIÇÕES MUSICAIS LTDA,,,SONY MUSIC PUBLISHING (BRASIL) EDIÇÕES MUSICAIS LTDA,,,,,,,23458,235
SBT,01. Solicitação janeiro 2024.xls,Relatório Solicitação,,,,,,DIVERSAS,,,DIVERSAS,,,,,,,26065,261
SBT,01. Solicitação janeiro 2024.xls,Relatório Solicitação,,,,,,WARNER CHAPPELL EDIÇÕES MUSICAIS LTDA,,,WARNER CHAPPELL EDIÇÕES MUSICAIS LTDA,,,,,,,13031,130
SBT,01. Solicitação janeiro 2024.xls,Relatório Solicitação,,,,,,DIVERSAS,,,DIVERSAS,,,,,,,39096,391
SBT,01. Solicitação janeiro 2024.xls,Relatório Solicitação,,,,,,SONY MUSIC PUBLISHING (BRASIL) EDIÇÕES MUSICAIS LTDA,,,SONY MUSIC PUBLISHING (BRASIL) EDIÇÕES MUSICAIS LTDA,,,,,,,39096,391
SBT,01. Solicitação janeiro 2024.xls,Relatório Solicitação,,,,,,DIVERSAS,,,DIVERSAS,,,,,,,167331,1673
SBT,01. Solicitação janeiro 2024.xls,Relatório Solicitação,,,,,,JULIANA FAKRI DE ASSIS EPP,,,JULIANA FAKRI DE ASSIS EPP,,,,,,,39096,391
SBT,01. Solicitação janeiro 2024.xls,Relatório Solicitação,,,,,,SONY MUSIC PUBLISHING (BRASIL) EDIÇÕES MUSICAIS LTDA,,,SONY MUSIC PUBLISHING (BRASIL) EDIÇÕES MUSICAIS LTDA,,,,,,,39096,391
SBT,01. Solicitação janeiro 2024.xls,Relatório Solicitação,,,,,,JULIANA FAKRI DE ASSIS EPP,,,JULIANA FAKRI DE ASSIS EPP,,,,,,,39096,391
SBT,01. Solicitação janeiro 2024.xls,Relatório Solicitação,,,,,,UNIVERSAL MUSIC PUBLISHING MGB BRASIL LTDA,,,UNIVERSAL MUSIC PUBLISHING MGB BRASIL LTDA,,,,,,,39096,391
SBT,01. Solicitação janeiro 2024.xls,Relatório Solicitação,,,,,,SONY MUSIC PUBLISHING (BRASIL) EDIÇÕES MUSICAIS LTDA,,,SONY MUSIC PUBLISHING (BRASIL) EDIÇÕES MUSICAIS LTDA,,,,,,,39096,391
SBT,01. Solicitação janeiro 2024.xls,Relatório Solicitação,,,,,,WARNER CHAPPELL EDIÇÕES MUSICAIS LTDA,,,WARNER CHAPPELL EDIÇÕES MUSICAIS LTDA,,,,,,,39096,391
SBT,01. Solicitação janeiro 2024.xls,Relatório Solicitação,,,,,,SONY MUSIC PUBLISHING (BRASIL) EDIÇÕES MUSICAIS LTDA,,,SONY MUSIC PUBLISHING (BRASIL) EDIÇÕES MUSICAIS LTDA,,,,,,,39096,391
SBT,01. Solicitação janeiro 2024.xls,Relatório Solicitação,,,,,,PEERMUSIC DO BRASIL EDIÇÕES MUSICAIS LTDA,,,PEERMUSIC DO BRASIL EDIÇÕES MUSICAIS LTDA,,,,,,,39096,391
SBT,01. Solicitação janeiro 2024.xls,Relatório Solicitação,,,,,,DIVERSAS,,,DIVERSAS,,,,,,,9774,98
SBT,01. Solicitação janeiro 2024.xls,Relatório Solicitação,,,,,,BMG RIGHTS MANAGEMENT BRASIL LTDA,,,BMG RIGHTS MANAGEMENT BRASIL LTDA,,,,,,,19548,195
SBT,01. Solicitação janeiro 2024.xls,Relatório Solicitação,,,,,,SONY MUSIC PUBLISHING (BRASIL) EDIÇÕES MUSICAIS LTDA,,,SONY MUSIC PUBLISHING (BRASIL) EDIÇÕES MUSICAIS LTDA,,,,,,,9774,98
SBT,01. Solicitação janeiro 2024.xls,Relatório Solicitação,,,,,,SONY MUSIC PUBLISHING (BRASIL) EDIÇÕES MUSICAIS LTDA,,,SONY MUSIC PUBLISHING (BRASIL) EDIÇÕES MUSICAIS LTDA,,,,,,,39096,391
SBT,01. Solicitação janeiro 2024.xls,Relatório Solicitação,,,,,,UNIVERSAL MUSIC PUBLISHING MGB BRASIL LTDA,,,UNIVERSAL MUSIC PUBLISHING MGB BRASIL LTDA,,,,,,,19548,195
SBT,01. Solicitação janeiro 2024.xls,Relatório Solicitação,,,,,,BMG RIGHTS MANAGEMENT BRASIL LTDA,,,BMG RIGHTS MANAGEMENT BRASIL LTDA,,,,,,,19548,195
SBT,01. Solicitação janeiro 2024.xls,Relatório Solicitação,,,,,,IRMÃOS VITALE EDITORES LTDA,,,IRMÃOS VITALE EDITORES LTDA,,,,,,,39096,391
SBT,01. Solicitação janeiro 2024.xls,Relatório Solicitação,,,,,,DIVERSAS,,,DIVERSAS,,,,,,,9774,98
SBT,01. Solicitação janeiro 2024.xls,Relatório Solicitação,,,,,,THIAGO ABDULAHAD NUNES RIOS ME,,,THIAGO ABDULAHAD NUNES RIOS ME,,,,,,,9774,98
SBT,01. Solicitação janeiro 2024.xls,Relatório Solicitação,,,,,,ABRAMUS DIGITAL SERV. IDENT. REPERTÓRIO,,,ABRAMUS DIGITAL SERV. IDENT. REPERTÓRIO,,,,,,,9774,98
SBT,01. Solicitação janeiro 2024.xls,Relatório Solicitação,,,,,,WARNER CHAPPELL EDIÇÕES MUSICAIS LTDA,,,WARNER CHAPPELL EDIÇÕES MUSICAIS LTDA,,,,,,,9774,98
SBT,01. Solicitação janeiro 2024.xls,Relatório Solicitação,,,,,,SONY MUSIC PUBLISHING (BRASIL) EDIÇÕES MUSICAIS LTDA,,,SONY MUSIC PUBLISHING (BRASIL) EDIÇÕES MUSICAIS LTDA,,,,,,,39096,391
SBT,01. Solicitação janeiro 2024.xls,Relatório Solicitação,,,,,,DIVERSAS,,,DIVERSAS,,,,,,,13027,130
SBT,01. Solicitação janeiro 2024.xls,Relatório Solicitação,,,,,,SONY MUSIC PUBLISHING (BRASIL) EDIÇÕES MUSICAIS LTDA,,,SONY MUSIC PUBLISHING (BRASIL) EDIÇÕES MUSICAIS LTDA,,,,,,,13035,130
SBT,01. Solicitação janeiro 2024.xls,Relatório Solicitação,,,,,,DECK PRODUÇÕES ARTÍSTICAS LTDA,,,DECK PRODUÇÕES ARTÍSTICAS LTDA,,,,,,,13035,130
SBT,01. Solicitação janeiro 2024.xls,Relatório Solicitação,,,,,,SONY MUSIC PUBLISHING (BRASIL) EDIÇÕES MUSICAIS LTDA,,,SONY MUSIC PUBLISHING (BRASIL) EDIÇÕES MUSICAIS LTDA,,,,,,,39096,391
SBT,01. Solicitação janeiro 2024.xls,Relatório Solicitação,,,,,,SONY MUSIC PUBLISHING (BRASIL) EDIÇÕES MUSICAIS LTDA,,,SONY MUSIC PUBLISHING (BRASIL) EDIÇÕES MUSICAIS LTDA,,,,,,,19548,195
SBT,01. Solicitação janeiro 2024.xls,Relatório Solicitação,,,,,,PEERMUSIC DO BRASIL EDIÇÕES MUSICAIS LTDA,,,PEERMUSIC DO BRASIL EDIÇÕES MUSICAIS LTDA,,,,,,,19548,195
SBT,01. Solicitação janeiro 2024.xls,Relatório Solicitação,,,,,,DIVERSAS,,,DIVERSAS,,,,,,,39096,391
SBT,01. Solicitação janeiro 2024.xls,Relatório Solicitação,,,,,,UNIVERSAL MUSIC PUBLISHING MGB BRASIL LTDA,,,UNIVERSAL MUSIC PUBLISHING MGB BRASIL LTDA,,,,,,,39096,391
SBT,01. Solicitação janeiro 2024.xls,Relatório Solicitação,,,,,,UNIVERSAL MUSIC PUBLISHING MGB BRASIL LTDA,,,UNIVERSAL MUSIC PUBLISHING MGB BRASIL LTDA,,,,,,,19548,195
SBT,01. Solicitação janeiro 2024.xls,Relatório Solicitação,,,,,,SONY MUSIC PUBLISHING (BRASIL) EDIÇÕES MUSICAIS LTDA,,,SONY MUSIC PUBLISHING (BRASIL) EDIÇÕES MUSICAIS LTDA,,,,,,,19548,195
SBT,01. Solicitação janeiro 2024.xls,Relatório Solicitação,,,,,,UNIVERSAL MUSIC PUBLISHING MGB BRASIL LTDA,,,UNIVERSAL MUSIC PUBLISHING MGB BRASIL LTDA,,,,,,,39096,391
SBT,01. Solicitação janeiro 2024.xls,Relatório Solicitação,,,,,,SONY MUSIC PUBLISHING (BRASIL) EDIÇÕES MUSICAIS LTDA,,,SONY MUSIC PUBLISHING (BRASIL) EDIÇÕES MUSICAIS LTDA,,,,,,,39096,391
SBT,01. Solicitação janeiro 2024.xls,Relatório Solicitação,,,,,,UNIVERSAL MUSIC PUBLISHING MGB BRASIL LTDA,,,UNIVERSAL MUSIC PUBLISHING MGB BRASIL LTDA,,,,,,,13035,130
SBT,01. Solicitação janeiro 2024.xls,Relatório Solicitação,,,,,,JULIANA FAKRI DE ASSIS EPP,,,JULIANA FAKRI DE ASSIS EPP,,,,,,,13027,130
SBT,01. Solicitação janeiro 2024.xls,Relatório Solicitação,,,,,,SONY MUSIC PUBLISHING (BRASIL) EDIÇÕES MUSICAIS LTDA,,,SONY MUSIC PUBLISHING (BRASIL) EDIÇÕES MUSICAIS LTDA,,,,,,,13035,130
SBT,01. Solicitação janeiro 2024.xls,Relatório Solicitação,,,,,,UNIVERSAL MUSIC PUBLISHING MGB BRASIL LTDA,,,UNIVERSAL MUSIC PUBLISHING MGB BRASIL LTDA,,,,,,,19548,195
SBT,01. Solicitação janeiro 2024.xls,Relatório Solicitação,,,,,,SONY MUSIC PUBLISHING (BRASIL) EDIÇÕES MUSICAIS LTDA,,,SONY MUSIC PUBLISHING (BRASIL) EDIÇÕES MUSICAIS LTDA,,,,,,,19548,195
SBT,01. Solicitação janeiro 2024.xls,Relatório Solicitação,,,,,,PEERMUSIC DO BRASIL EDIÇÕES MUSICAIS LTDA,,,PEERMUSIC DO BRASIL EDIÇÕES MUSICAIS LTDA,,,,,,,19548,195
SBT,01. Solicitação janeiro 2024.xls,Relatório Solicitação,,,,,,DIVERSAS,,,DIVERSAS,,,,,,,19548,195
SBT,01. Solicitação janeiro 2024.xls,Relatório Solicitação,,,,,,PEERMUSIC DO BRASIL EDIÇÕES MUSICAIS LTDA,,,PEERMUSIC DO BRASIL EDIÇÕES MUSICAIS LTDA,,,,,,,39096,391
SBT,01. Solicitação janeiro 2024.xls,Relatório Solicitação,,,,,,PEERMUSIC DO BRASIL EDIÇÕES MUSICAIS LTDA,,,PEERMUSIC DO BRASIL EDIÇÕES MUSICAIS LTDA,,,,,,,39096,391
SBT,01. Solicitação janeiro 2024.xls,Relatório Solicitação,,,,,,UNIVERSAL MUSIC PUBLISHING MGB BRASIL LTDA,,,UNIVERSAL MUSIC PUBLISHING MGB BRASIL LTDA,,,,,,,7819,78
SBT,01. Solicitação janeiro 2024.xls,Relatório Solicitação,,,,,,DIVERSAS,,,DIVERSAS,,,,,,,15638,156
SBT,01. Solicitação janeiro 2024.xls,Relatório Solicitação,,,,,,WARNER CHAPPELL EDIÇÕES MUSICAIS LTDA,,,WARNER CHAPPELL EDIÇÕES MUSICAIS LTDA,,,,,,,15638,156
SBT,01. Solicitação janeiro 2024.xls,Relatório Solicitação,,,,,,PEERMUSIC DO BRASIL EDIÇÕES MUSICAIS LTDA,,,PEERMUSIC DO BRASIL EDIÇÕES MUSICAIS LTDA,,,,,,,19548,195
SBT,01. Solicitação janeiro 2024.xls,Relatório Solicitação,,,,,,WARNER CHAPPELL EDIÇÕES MUSICAIS LTDA,,,WARNER CHAPPELL EDIÇÕES MUSICAIS LTDA,,,,,,,19548,195
SBT,01. Solicitação janeiro 2024.xls,Relatório Solicitação,,,,,,PEERMUSIC DO BRASIL EDIÇÕES MUSICAIS LTDA,,,PEERMUSIC DO BRASIL EDIÇÕES MUSICAIS LTDA,,,,,,,39096,391
SBT,01. Solicitação janeiro 2024.xls,Relatório Solicitação,,,,,,DIVERSAS,,,DIVERSAS,,,,,,,39096,391
SBT,01. Solicitação janeiro 2024.xls,Relatório Solicitação,,,,,,DIVERSAS,,,DIVERSAS,,,,,,,78192,782
SBT,01. Solicitação janeiro 2024.xls,Relatório Solicitação,,,,,,DIVERSAS,,,DIVERSAS,,,,,,,39096,391
SBT,01. Solicitação janeiro 2024.xls,Relatório Solicitação,,,,,,DIVERSAS,,,DIVERSAS,,,,,,,39096,391
SBT,01. Solicitação janeiro 2024.xls,Relatório Solicitação,,,,,,DIVERSAS,,,DIVERSAS,,,,,,,78192,782
SBT,01. Solicitação janeiro 2024.xls,Relatório Solicitação,,,,,,DIVERSAS,,,DIVERSAS,,,,,,,39096,391
SBT,01. Solicitação janeiro 2024.xls,Relatório Solicitação,,,,,,DIVERSAS,,,DIVERSAS,,,,,,,39096,391
SBT,01. Solicitação janeiro 2024.xls,Relatório Solicitação,,,,,,DIVERSAS,,,DIVERSAS,,,,,,,39096,391
SBT,01. Solicitação janeiro 2024.xls,Relatório Solicitação,,,,,,DIVERSAS,,,DIVERSAS,,,,,,,78192,782
SBT,01. Solicitação janeiro 2024.xls,Relatório Solicitação,,,,,,DIVERSAS,,,DIVERSAS,,,,,,,39096,391
SBT,01. Solicitação janeiro 2024.xls,Relatório Solicitação,,,,,,DIVERSAS,,,DIVERSAS,,,,,,,78192,782
SBT,01. Solicitação janeiro 2024.xls,Relatório Solicitação,,,,,,DIVERSAS,,,DIVERSAS,,,,,,,78192,782
SBT,01. Solicitação janeiro 2024.xls,Relatório Solicitação,,,,,,DIVERSAS,,,DIVERSAS,,,,,,,78192,782
SBT,01. Solicitação janeiro 2024.xls,Relatório Solicitação,,,,,,DIVERSAS,,,DIVERSAS,,,,,,,78192,782
SBT,01. Solicitação janeiro 2024.xls,Relatório Solicitação,,,,,,DIVERSAS,,,DIVERSAS,,,,,,,78192,782
SBT,01. Solicitação janeiro 2024.xls,Relatório Solicitação,,,,,,DIVERSAS,,,DIVERSAS,,,,,,,78192,782
SBT,01. Solicitação janeiro 2024.xls,Relatório Solicitação,,,,,,DIVERSAS,,,DIVERSAS,,,,,,,78192,782
SBT,01. Solicitação janeiro 2024.xls,Relatório Solicitação,,,,,,DIVERSAS,,,DIVERSAS,,,,,,,78192,782
SBT,01. Solicitação janeiro 2024.xls,Relatório Solicitação,,,,,,DIVERSAS,,,DIVERSAS,,,,,,,78192,782
SBT,01. Solicitação janeiro 2024.xls,Relatório Solicitação,,,,,,DIVERSAS,,,DIVERSAS,,,,,,,78192,782
SBT,01. Solicitação janeiro 2024.xls,Relatório Solicitação,,,,,,DIVERSAS,,,DIVERSAS,,,,,,,78192,782
SBT,01. Solicitação janeiro 2024.xls,Relatório Solicitação,,,,,,UNIVERSAL MUSIC PUBLISHING MGB BRASIL LTDA,,,UNIVERSAL MUSIC PUBLISHING MGB BRASIL LTDA,,,,,,,39096,391
SBT,01. Solicitação janeiro 2024.xls,Relatório Solicitação,,,,,,WARNER CHAPPELL EDIÇÕES MUSICAIS LTDA,,,WARNER CHAPPELL EDIÇÕES MUSICAIS LTDA,,,,,,,39096,391
SBT,01. Solicitação janeiro 2024.xls,Relatório Solicitação,,,,,,PEERMUSIC DO BRASIL EDIÇÕES MUSICAIS LTDA,,,PEERMUSIC DO BRASIL EDIÇÕES MUSICAIS LTDA,,,,,,,39096,391
SBT,01. Solicitação janeiro 2024.xls,Relatório Solicitação,,,,,,WARNER CHAPPELL EDIÇÕES MUSICAIS LTDA,,,WARNER CHAPPELL EDIÇÕES MUSICAIS LTDA,,,,,,,19548,195
SBT,01. Solicitação janeiro 2024.xls,Relatório Solicitação,,,,,,PEERMUSIC DO BRASIL EDIÇÕES MUSICAIS LTDA,,,PEERMUSIC DO BRASIL EDIÇÕES MUSICAIS LTDA,,,,,,,19548,195
SBT,01. Solicitação janeiro 2024.xls,Relatório Solicitação,,,,,,IRMÃOS VITALE EDITORES LTDA,,,IRMÃOS VITALE EDITORES LTDA,,,,,,,39096,391
SBT,01. Solicitação janeiro 2024.xls,Relatório Solicitação,,,,,,FUSION MUSIC EDIÇÕES MUSICAIS LTDA,,,FUSION MUSIC EDIÇÕES MUSICAIS LTDA,,,,,,,78192,782
SBT,01. Solicitação janeiro 2024.xls,Relatório Solicitação,,,,,,DIVERSAS,,,DIVERSAS,,,,,,,26065,261
SBT,01. Solicitação janeiro 2024.xls,Relatório Solicitação,,,,,,WARNER CHAPPELL EDIÇÕES MUSICAIS LTDA,,,WARNER CHAPPELL EDIÇÕES MUSICAIS LTDA,,,,,,,13031,130
SBT,01. Solicitação janeiro 2024.xls,Relatório Solicitação,,,,,,BMG RIGHTS MANAGEMENT BRASIL LTDA,,,BMG RIGHTS MANAGEMENT BRASIL LTDA,,,,,,,19548,195
SBT,01. Solicitação janeiro 2024.xls,Relatório Solicitação,,,,,,WARNER CHAPPELL EDIÇÕES MUSICAIS LTDA,,,WARNER CHAPPELL EDIÇÕES MUSICAIS LTDA,,,,,,,19548,195
SBT,01. Solicitação janeiro 2024.xls,Relatório Solicitação,,,,,,DIVERSAS,,,DIVERSAS,,,,,,,39096,391
SBT,01. Solicitação janeiro 2024.xls,Relatório Solicitação,,,,,,DIVERSAS,,,DIVERSAS,,,,,,,39096,391
SBT,01. Solicitação janeiro 2024.xls,Relatório Solicitação,,,,,,DIVERSAS,,,DIVERSAS,,,,,,,39096,391
SBT,01. Solicitação janeiro 2024.xls,Relatório Solicitação,,,,,,EDITORA E IMPORTADORA MUSICAL FERMATA DO BRASIL LTDA,,,EDITORA E IMPORTADORA MUSICAL FERMATA DO BRASIL LTDA,,,,,,,78192,782
SBT,01. Solicitação janeiro 2024.xls,Relatório Solicitação,,,,,,SONY MUSIC PUBLISHING (BRASIL) EDIÇÕES MUSICAIS LTDA,,,SONY MUSIC PUBLISHING (BRASIL) EDIÇÕES MUSICAIS LTDA,,,,,,,39096,391
SBT,01. Solicitação janeiro 2024.xls,Relatório Solicitação,,,,,,WARNER CHAPPELL EDIÇÕES MUSICAIS LTDA,,,WARNER CHAPPELL EDIÇÕES MUSICAIS LTDA,,,,,,,39096,391
SBT,01. Solicitação janeiro 2024.xls,Relatório Solicitação,,,,,,SONY MUSIC PUBLISHING (BRASIL) EDIÇÕES MUSICAIS LTDA,,,SONY MUSIC PUBLISHING (BRASIL) EDIÇÕES MUSICAIS LTDA,,,,,,,39096,391
SBT,01. Solicitação janeiro 2024.xls,Relatório Solicitação,,,,,,IRMÃOS VITALE EDITORES LTDA,,,IRMÃOS VITALE EDITORES LTDA,,,,,,,39096,391
SBT,01. Solicitação janeiro 2024.xls,Relatório Solicitação,,,,,,FUSION MUSIC EDIÇÕES MUSICAIS LTDA,,,FUSION MUSIC EDIÇÕES MUSICAIS LTDA,,,,,,,78192,782
SBT,01. Solicitação janeiro 2024.xls,Relatório Solicitação,,,,,,WORLDSHOW PROMOÇÕES E EVENTOS,,,WORLDSHOW PROMOÇÕES E EVENTOS,,,,,,,19548,195
SBT,01. Solicitação janeiro 2024.xls,Relatório Solicitação,,,,,,DECK PRODUÇÕES ARTÍSTICAS LTDA,,,DECK PRODUÇÕES ARTÍSTICAS LTDA,,,,,,,19548,195
SBT,01. Solicitação janeiro 2024.xls,Relatório Solicitação,,,,,,PEERMUSIC DO BRASIL EDIÇÕES MUSICAIS LTDA,,,PEERMUSIC DO BRASIL EDIÇÕES MUSICAIS LTDA,,,,,,,39096,391
SBT,01. Solicitação janeiro 2024.xls,Relatório Solicitação,,,,,,DIVERSAS,,,DIVERSAS,,,,,,,78192,782
SBT,01. Solicitação janeiro 2024.xls,Relatório Solicitação,,,,,,DIVERSAS,,,DIVERSAS,,,,,,,78192,782
SBT,01. Solicitação janeiro 2024.xls,Relatório Solicitação,,,,,,DIVERSAS,,,DIVERSAS,,,,,,,39096,391
SBT,01. Solicitação janeiro 2024.xls,Relatório Solicitação,,,,,,DIVERSAS,,,DIVERSAS,,,,,,,39096,391
SBT,01. Solicitação janeiro 2024.xls,Relatório Solicitação,,,,,,DIVERSAS,,,DIVERSAS,,,,,,,39096,391
SBT,01. Solicitação janeiro 2024.xls,Relatório Solicitação,,,,,,UNIVERSAL MUSIC PUBLISHING MGB BRASIL LTDA,,,UNIVERSAL MUSIC PUBLISHING MGB BRASIL LTDA,,,,,,,39096,391
SBT,01. Solicitação janeiro 2024.xls,Relatório Solicitação,,,,,,DIVERSAS,,,DIVERSAS,,,,,,,39096,391
SBT,01. Solicitação janeiro 2024.xls,Relatório Solicitação,,,,,,DIVERSAS,,,DIVERSAS,,,,,,,29322,293
SBT,01. Solicitação janeiro 2024.xls,Relatório Solicitação,,,,,,ABRAMUS DIGITAL SERV. IDENT. REPERTÓRIO,,,ABRAMUS DIGITAL SERV. IDENT. REPERTÓRIO,,,,,,,9774,98
SBT,01. Solicitação janeiro 2024.xls,Relatório Solicitação,,,,,,SONY MUSIC PUBLISHING (BRASIL) EDIÇÕES MUSICAIS LTDA,,,SONY MUSIC PUBLISHING (BRASIL) EDIÇÕES MUSICAIS LTDA,,,,,,,78192,782
SBT,01. Solicitação janeiro 2024.xls,Relatório Solicitação,,,,,,MAC MAC PRODUÇÕES ARTÍSTICAS LTDA.,,,MAC MAC PRODUÇÕES ARTÍSTICAS LTDA.,,,,,,,78192,782
SBT,01. Solicitação janeiro 2024.xls,Relatório Solicitação,,,,,,SONY MUSIC PUBLISHING (BRASIL) EDIÇÕES MUSICAIS LTDA,,,SONY MUSIC PUBLISHING (BRASIL) EDIÇÕES MUSICAIS LTDA,,,,,,,39096,391
SBT,01. Solicitação janeiro 2024.xls,Relatório Solicitação,,,,,,IRMÃOS VITALE EDITORES LTDA,,,IRMÃOS VITALE EDITORES LTDA,,,,,,,78192,782
SBT,01. Solicitação janeiro 2024.xls,Relatório Solicitação,,,,,,SONY MUSIC PUBLISHING (BRASIL) EDIÇÕES MUSICAIS LTDA,,,SONY MUSIC PUBLISHING (BRASIL) EDIÇÕES MUSICAIS LTDA,,,,,,,39096,391
SBT,01. Solicitação janeiro 2024.xls,Relatório Solicitação,,,,,,PEERMUSIC DO BRASIL EDIÇÕES MUSICAIS LTDA,,,PEERMUSIC DO BRASIL EDIÇÕES MUSICAIS LTDA,,,,,,,78192,782
SBT,01. Solicitação janeiro 2024.xls,Relatório Solicitação,,,,,,SONY MUSIC PUBLISHING (BRASIL) EDIÇÕES MUSICAIS LTDA,,,SONY MUSIC PUBLISHING (BRASIL) EDIÇÕES MUSICAIS LTDA,,,,,,,39096,391
SBT,01. Solicitação janeiro 2024.xls,Relatório Solicitação,,,,,,UNIVERSAL MUSIC PUBLISHING MGB BRASIL LTDA,,,UNIVERSAL MUSIC PUBLISHING MGB BRASIL LTDA,,,,,,,19548,195
SBT,01. Solicitação janeiro 2024.xls,Relatório Solicitação,,,,,,WARNER CHAPPELL EDIÇÕES MUSICAIS LTDA,,,WARNER CHAPPELL EDIÇÕES MUSICAIS LTDA,,,,,,,19548,195
SBT,01. Solicitação janeiro 2024.xls,Relatório Solicitação,,,,,,SONY MUSIC PUBLISHING (BRASIL) EDIÇÕES MUSICAIS LTDA,,,SONY MUSIC PUBLISHING (BRASIL) EDIÇÕES MUSICAIS LTDA,,,,,,,39096,391
SBT,01. Solicitação janeiro 2024.xls,Relatório Solicitação,,,,,,BERGER PRODUÇÕES LTDA,,,BERGER PRODUÇÕES LTDA,,,,,,,19548,195
SBT,01. Solicitação janeiro 2024.xls,Relatório Solicitação,,,,,,SONY MUSIC PUBLISHING (BRASIL) EDIÇÕES MUSICAIS LTDA,,,SONY MUSIC PUBLISHING (BRASIL) EDIÇÕES MUSICAIS LTDA,,,,,,,19548,195
SBT,01. Solicitação janeiro 2024.xls,Relatório Solicitação,,,,,,PEERMUSIC DO BRASIL EDIÇÕES MUSICAIS LTDA,,,PEERMUSIC DO BRASIL EDIÇÕES MUSICAIS LTDA,,,,,,,39096,391
SBT,01. Solicitação janeiro 2024.xls,Relatório Solicitação,,,,,,ADDAF - ASS. DEF. DIREITOS AUTORAIS FONOMECÂNICOS,,,ADDAF - ASS. DEF. DIREITOS AUTORAIS FONOMECÂNICOS,,,,,,,22805,228
SBT,01. Solicitação janeiro 2024.xls,Relatório Solicitação,,,,,,DIVERSAS,,,DIVERSAS,,,,,,,16291,163
SBT,01. Solicitação janeiro 2024.xls,Relatório Solicitação,,,,,,PEERMUSIC DO BRASIL EDIÇÕES MUSICAIS LTDA,,,PEERMUSIC DO BRASIL EDIÇÕES MUSICAIS LTDA,,,,,,,39096,391
SBT,01. Solicitação janeiro 2024.xls,Relatório Solicitação,,,,,,DIVERSAS,,,DIVERSAS,,,,,,,39096,391
SBT,01. Solicitação janeiro 2024.xls,Relatório Solicitação,,,,,,JULIANA FAKRI DE ASSIS EPP,,,JULIANA FAKRI DE ASSIS EPP,,,,,,,195400,1954
SBT,01. Solicitação janeiro 2024.xls,Relatório Solicitação,,,,,,WARNER CHAPPELL EDIÇÕES MUSICAIS LTDA,,,WARNER CHAPPELL EDIÇÕES MUSICAIS LTDA,,,,,,,6513,65
SBT,01. Solicitação janeiro 2024.xls,Relatório Solicitação,,,,,,DIVERSAS,,,DIVERSAS,,,,,,,52138,521
SBT,01. Solicitação janeiro 2024.xls,Relatório Solicitação,,,,,,WARNER CHAPPELL EDIÇÕES MUSICAIS LTDA,,,WARNER CHAPPELL EDIÇÕES MUSICAIS LTDA,,,,,,,15638,156
SBT,01. Solicitação janeiro 2024.xls,Relatório Solicitação,,,,,,DIVERSAS,,,DIVERSAS,,,,,,,62554,626
SBT,01. Solicitação janeiro 2024.xls,Relatório Solicitação,,,,,,BMG RIGHTS MANAGEMENT BRASIL LTDA,,,BMG RIGHTS MANAGEMENT BRASIL LTDA,,,,,,,19548,195
SBT,01. Solicitação janeiro 2024.xls,Relatório Solicitação,,,,,,WARNER CHAPPELL EDIÇÕES MUSICAIS LTDA,,,WARNER CHAPPELL EDIÇÕES MUSICAIS LTDA,,,,,,,19548,195
SBT,01. Solicitação janeiro 2024.xls,Relatório Solicitação,,,,,,WARNER CHAPPELL EDIÇÕES MUSICAIS LTDA,,,WARNER CHAPPELL EDIÇÕES MUSICAIS LTDA,,,,,,,19548,195
SBT,01. Solicitação janeiro 2024.xls,Relatório Solicitação,,,,,,UNIVERSAL MUSIC PUBLISHING MGB BRASIL LTDA,,,UNIVERSAL MUSIC PUBLISHING MGB BRASIL LTDA,,,,,,,19548,195
SBT,01. Solicitação janeiro 2024.xls,Relatório Solicitação,,,,,,SONY MUSIC PUBLISHING (BRASIL) EDIÇÕES MUSICAIS LTDA,,,SONY MUSIC PUBLISHING (BRASIL) EDIÇÕES MUSICAIS LTDA,,,,,,,19548,195
SBT,01. Solicitação janeiro 2024.xls,Relatório Solicitação,,,,,,WARNER CHAPPELL EDIÇÕES MUSICAIS LTDA,,,WARNER CHAPPELL EDIÇÕES MUSICAIS LTDA,,,,,,,19548,195
SBT,01. Solicitação janeiro 2024.xls,Relatório Solicitação,,,,,,DIVERSAS,,,DIVERSAS,,,,,,,39096,391
SBT,01. Solicitação janeiro 2024.xls,Relatório Solicitação,,,,,,BMG RIGHTS MANAGEMENT BRASIL LTDA,,,BMG RIGHTS MANAGEMENT BRASIL LTDA,,,,,,,39096,391
SBT,01. Solicitação janeiro 2024.xls,Relatório Solicitação,,,,,,UNIVERSAL MUSIC PUBLISHING MGB BRASIL LTDA,,,UNIVERSAL MUSIC PUBLISHING MGB BRASIL LTDA,,,,,,,39096,391
SBT,01. Solicitação janeiro 2024.xls,Relatório Solicitação,,,,,,IRMÃOS VITALE EDITORES LTDA,,,IRMÃOS VITALE EDITORES LTDA,,,,,,,39096,391
SBT,01. Solicitação janeiro 2024.xls,Relatório Solicitação,,,,,,EDITORA E IMPORTADORA MUSICAL FERMATA DO BRASIL LTDA,,,EDITORA E IMPORTADORA MUSICAL FERMATA DO BRASIL LTDA,,,,,,,39096,391
SBT,01. Solicitação janeiro 2024.xls,Relatório Solicitação,,,,,,ADDAF - ASS. DEF. DIREITOS AUTORAIS FONOMECÂNICOS,,,ADDAF - ASS. DEF. DIREITOS AUTORAIS FONOMECÂNICOS,,,,,,,19548,195
SBT,01. Solicitação janeiro 2024.xls,Relatório Solicitação,,,,,,TODAMERICA EDICOES LTDA,,,TODAMERICA EDICOES LTDA,,,,,,,19548,195
SBT,01. Solicitação janeiro 2024.xls,Relatório Solicitação,,,,,,UNIVERSAL MUSIC PUBLISHING MGB BRASIL LTDA,,,UNIVERSAL MUSIC PUBLISHING MGB BRASIL LTDA,,,,,,,78192,782
SBT,01. Solicitação janeiro 2024.xls,Relatório Solicitação,,,,,,IRMÃOS VITALE EDITORES LTDA,,,IRMÃOS VITALE EDITORES LTDA,,,,,,,78192,782
SBT,01. Solicitação janeiro 2024.xls,Relatório Solicitação,,,,,,PEERMUSIC DO BRASIL EDIÇÕES MUSICAIS LTDA,,,PEERMUSIC DO BRASIL EDIÇÕES MUSICAIS LTDA,,,,,,,39096,391
SBT,01. Solicitação janeiro 2024.xls,Relatório Solicitação,,,,,,DIVERSAS,,,DIVERSAS,,,,,,,39096,391
SBT,01. Solicitação janeiro 2024.xls,Relatório Solicitação,,,,,,PEERMUSIC DO BRASIL EDIÇÕES MUSICAIS LTDA,,,PEERMUSIC DO BRASIL EDIÇÕES MUSICAIS LTDA,,,,,,,39096,391
SBT,01. Solicitação janeiro 2024.xls,Relatório Solicitação,,,,,,WARNER CHAPPELL EDIÇÕES MUSICAIS LTDA,,,WARNER CHAPPELL EDIÇÕES MUSICAIS LTDA,,,,,,,39096,391
SBT,01. Solicitação janeiro 2024.xls,Relatório Solicitação,,,,,,SONY MUSIC PUBLISHING (BRASIL) EDIÇÕES MUSICAIS LTDA,,,SONY MUSIC PUBLISHING (BRASIL) EDIÇÕES MUSICAIS LTDA,,,,,,,13035,130
SBT,01. Solicitação janeiro 2024.xls,Relatório Solicitação,,,,,,DIVERSAS,,,DIVERSAS,,,,,,,26061,261
SBT,01. Solicitação janeiro 2024.xls,Relatório Solicitação,,,,,,DIVERSAS,,,DIVERSAS,,,,,,,78192,782
SBT,01. Solicitação janeiro 2024.xls,Relatório Solicitação,,,,,,WARNER CHAPPELL EDIÇÕES MUSICAIS LTDA,,,WARNER CHAPPELL EDIÇÕES MUSICAIS LTDA,,,,,,,29322,293
SBT,01. Solicitação janeiro 2024.xls,Relatório Solicitação,,,,,,DIVERSAS,,,DIVERSAS,,,,,,,488700,4887
SBT,01. Solicitação janeiro 2024.xls,Relatório Solicitação,,,,,,SONY MUSIC PUBLISHING (BRASIL) EDIÇÕES MUSICAIS LTDA,,,SONY MUSIC PUBLISHING (BRASIL) EDIÇÕES MUSICAIS LTDA,,,,,,,39096,391
SBT,01. Solicitação janeiro 2024.xls,Relatório Solicitação,,,,,,DIVERSAS,,,DIVERSAS,,,,,,,39096,391
SBT,01. Solicitação janeiro 2024.xls,Relatório Solicitação,,,,,,ABRAMUS DIGITAL SERV. IDENT. REPERTÓRIO,,,ABRAMUS DIGITAL SERV. IDENT. REPERTÓRIO,,,,,,,39096,391
SBT,01. Solicitação janeiro 2024.xls,Relatório Solicitação,,,,,,DIVERSAS,,,DIVERSAS,,,,,,,39096,391
SBT,01. Solicitação janeiro 2024.xls,Relatório Solicitação,,,,,,IRMÃOS VITALE EDITORES LTDA,,,IRMÃOS VITALE EDITORES LTDA,,,,,,,39096,391
SBT,01. Solicitação janeiro 2024.xls,Relatório Solicitação,,,,,,WARNER CHAPPELL EDIÇÕES MUSICAIS LTDA,,,WARNER CHAPPELL EDIÇÕES MUSICAIS LTDA,,,,,,,39096,391
SBT,01. Solicitação janeiro 2024.xls,Relatório Solicitação,,,,,,SONY MUSIC PUBLISHING (BRASIL) EDIÇÕES MUSICAIS LTDA,,,SONY MUSIC PUBLISHING (BRASIL) EDIÇÕES MUSICAIS LTDA,,,,,,,39096,391
SBT,01. Solicitação janeiro 2024.xls,Relatório Solicitação,,,,,,DIVERSAS,,,DIVERSAS,,,,,,,78192,782
SBT,01. Solicitação janeiro 2024.xls,Relatório Solicitação,,,,,,WARNER CHAPPELL EDIÇÕES MUSICAIS LTDA,,,WARNER CHAPPELL EDIÇÕES MUSICAIS LTDA,,,,,,,39096,391
SBT,01. Solicitação janeiro 2024.xls,Relatório Solicitação,,,,,,PEERMUSIC DO BRASIL EDIÇÕES MUSICAIS LTDA,,,PEERMUSIC DO BRASIL EDIÇÕES MUSICAIS LTDA,,,,,,,58644,586
SBT,01. Solicitação janeiro 2024.xls,Relatório Solicitação,,,,,,SONY MUSIC PUBLISHING (BRASIL) EDIÇÕES MUSICAIS LTDA,,,SONY MUSIC PUBLISHING (BRASIL) EDIÇÕES MUSICAIS LTDA,,,,,,,19548,195
SBT,01. Solicitação janeiro 2024.xls,Relatório Solicitação,,,,,,DIVERSAS,,,DIVERSAS,,,,,,,78192,782
SBT,01. Solicitação janeiro 2024.xls,Relatório Solicitação,,,,,,BMG RIGHTS MANAGEMENT BRASIL LTDA,,,BMG RIGHTS MANAGEMENT BRASIL LTDA,,,,,,,43006,430
SBT,01. Solicitação janeiro 2024.xls,Relatório Solicitação,,,,,,DIVERSAS,,,DIVERSAS,,,,,,,35186,352
SBT,01. Solicitação janeiro 2024.xls,Relatório Solicitação,,,,,,WARNER CHAPPELL EDIÇÕES MUSICAIS LTDA,,,WARNER CHAPPELL EDIÇÕES MUSICAIS LTDA,,,,,,,39096,391
SBT,01. Solicitação janeiro 2024.xls,Relatório Solicitação,,,,,,DIVERSAS,,,DIVERSAS,,,,,,,19548,195
SBT,01. Solicitação janeiro 2024.xls,Relatório Solicitação,,,,,,ABRAMUS DIGITAL SERV. IDENT. REPERTÓRIO,,,ABRAMUS DIGITAL SERV. IDENT. REPERTÓRIO,,,,,,,19548,195
SBT,01. Solicitação janeiro 2024.xls,Relatório Solicitação,,,,,,UNIVERSAL MUSIC PUBLISHING MGB BRASIL LTDA,,,UNIVERSAL MUSIC PUBLISHING MGB BRASIL LTDA,,,,,,,39096,391
SBT,01. Solicitação janeiro 2024.xls,Relatório Solicitação,,,,,,DIVERSAS,,,DIVERSAS,,,,,,,39096,391
SBT,01. Solicitação janeiro 2024.xls,Relatório Solicitação,,,,,,UNIVERSAL MUSIC PUBLISHING MGB BRASIL LTDA,,,UNIVERSAL MUSIC PUBLISHING MGB BRASIL LTDA,,,,,,,13035,130
SBT,01. Solicitação janeiro 2024.xls,Relatório Solicitação,,,,,,DIVERSAS,,,DIVERSAS,,,,,,,26061,261
SBT,01. Solicitação janeiro 2024.xls,Relatório Solicitação,,,,,,WARNER CHAPPELL EDIÇÕES MUSICAIS LTDA,,,WARNER CHAPPELL EDIÇÕES MUSICAIS LTDA,,,,,,,39096,391
SBT,01. Solicitação janeiro 2024.xls,Relatório Solicitação,,,,,,"MANGIONE, FILHOS E CIA LTDA",,,"MANGIONE, FILHOS E CIA LTDA",,,,,,,19548,195
SBT,01. Solicitação janeiro 2024.xls,Relatório Solicitação,,,,,,DIVERSAS,,,DIVERSAS,,,,,,,15638,156
SBT,01. Solicitação janeiro 2024.xls,Relatório Solicitação,,,,,,DECK PRODUÇÕES ARTÍSTICAS LTDA,,,DECK PRODUÇÕES ARTÍSTICAS LTDA,,,,,,,39100,391
SBT,01. Solicitação janeiro 2024.xls,Relatório Solicitação,,,,,,DIVERSAS,,,DIVERSAS,,,,,,,78192,782
SBT,01. Solicitação janeiro 2024.xls,Relatório Solicitação,,,,,,DIVERSAS,,,DIVERSAS,,,,,,,78192,782
SBT,01. Solicitação janeiro 2024.xls,Relatório Solicitação,,,,,,UNIVERSAL MUSIC PUBLISHING MGB BRASIL LTDA,,,UNIVERSAL MUSIC PUBLISHING MGB BRASIL LTDA,,,,,,,39096,391
SBT,01. Solicitação janeiro 2024.xls,Relatório Solicitação,,,,,,DIVERSAS,,,DIVERSAS,,,,,,,13031,130
SBT,01. Solicitação janeiro 2024.xls,Relatório Solicitação,,,,,,PEERMUSIC DO BRASIL EDIÇÕES MUSICAIS LTDA,,,PEERMUSIC DO BRASIL EDIÇÕES MUSICAIS LTDA,,,,,,,26065,261
SBT,01. Solicitação janeiro 2024.xls,Relatório Solicitação,,,,,,BMG RIGHTS MANAGEMENT BRASIL LTDA,,,BMG RIGHTS MANAGEMENT BRASIL LTDA,,,,,,,6517,65
SBT,01. Solicitação janeiro 2024.xls,Relatório Solicitação,,,,,,DIVERSAS,,,DIVERSAS,,,,,,,8,0
SBT,01. Solicitação janeiro 2024.xls,Relatório Solicitação,,,,,,WARNER CHAPPELL EDIÇÕES MUSICAIS LTDA,,,WARNER CHAPPELL EDIÇÕES MUSICAIS LTDA,,,,,,,13027,130
SBT,01. Solicitação janeiro 2024.xls,Relatório Solicitação,,,,,,SONY MUSIC PUBLISHING (BRASIL) EDIÇÕES MUSICAIS LTDA,,,SONY MUSIC PUBLISHING (BRASIL) EDIÇÕES MUSICAIS LTDA,,,,,,,19544,195
SBT,01. Solicitação janeiro 2024.xls,Relatório Solicitação,,,,,,BMG RIGHTS MANAGEMENT BRASIL LTDA,,,BMG RIGHTS MANAGEMENT BRASIL LTDA,,,,,,,13035,130
SBT,01. Solicitação janeiro 2024.xls,Relatório Solicitação,,,,,,DIVERSAS,,,DIVERSAS,,,,,,,16,0
SBT,01. Solicitação janeiro 2024.xls,Relatório Solicitação,,,,,,WARNER CHAPPELL EDIÇÕES MUSICAIS LTDA,,,WARNER CHAPPELL EDIÇÕES MUSICAIS LTDA,,,,,,,26054,261
SBT,01. Solicitação janeiro 2024.xls,Relatório Solicitação,,,,,,SONY MUSIC PUBLISHING (BRASIL) EDIÇÕES MUSICAIS LTDA,,,SONY MUSIC PUBLISHING (BRASIL) EDIÇÕES MUSICAIS LTDA,,,,,,,39088,391
SBT,01. Solicitação janeiro 2024.xls,Relatório Solicitação,,,,,,DIVERSAS,,,DIVERSAS,,,,,,,29322,293
SBT,01. Solicitação janeiro 2024.xls,Relatório Solicitação,,,,,,ABRAMUS DIGITAL SERV. IDENT. REPERTÓRIO,,,ABRAMUS DIGITAL SERV. IDENT. REPERTÓRIO,,,,,,,9774,98
SBT,01. Solicitação janeiro 2024.xls,Relatório Solicitação,,,,,,EDITORA MUSICAL PANTTANAL LTDA,,,EDITORA MUSICAL PANTTANAL LTDA,,,,,,,39096,391
SBT,01. Solicitação janeiro 2024.xls,Relatório Solicitação,,,,,,TRÊS SONS EDITORA MUSICAL E GRAVADORA DIGITAL LTDA-ME,,,TRÊS SONS EDITORA MUSICAL E GRAVADORA DIGITAL LTDA-ME,,,,,,,13035,130
SBT,01. Solicitação janeiro 2024.xls,Relatório Solicitação,,,,,,WARNER CHAPPELL EDIÇÕES MUSICAIS LTDA,,,WARNER CHAPPELL EDIÇÕES MUSICAIS LTDA,,,,,,,13031,130
SBT,01. Solicitação janeiro 2024.xls,Relatório Solicitação,,,,,,ABRAMUS DIGITAL SERV. IDENT. REPERTÓRIO,,,ABRAMUS DIGITAL SERV. IDENT. REPERTÓRIO,,,,,,,13031,130
SBT,01. Solicitação janeiro 2024.xls,Relatório Solicitação,,,,,,TRÊS SONS EDITORA MUSICAL E GRAVADORA DIGITAL LTDA-ME,,,TRÊS SONS EDITORA MUSICAL E GRAVADORA DIGITAL LTDA-ME,,,,,,,26069,261
SBT,01. Solicitação janeiro 2024.xls,Relatório Solicitação,,,,,,WARNER CHAPPELL EDIÇÕES MUSICAIS LTDA,,,WARNER CHAPPELL EDIÇÕES MUSICAIS LTDA,,,,,,,26061,261
SBT,01. Solicitação janeiro 2024.xls,Relatório Solicitação,,,,,,ABRAMUS DIGITAL SERV. IDENT. REPERTÓRIO,,,ABRAMUS DIGITAL SERV. IDENT. REPERTÓRIO,,,,,,,26061,261
SBT,01. Solicitação janeiro 2024.xls,Relatório Solicitação,,,,,,UNIVERSAL MUSIC PUBLISHING MGB BRASIL LTDA,,,UNIVERSAL MUSIC PUBLISHING MGB BRASIL LTDA,,,,,,,52131,521
SBT,01. Solicitação janeiro 2024.xls,Relatório Solicitação,,,,,,SONY MUSIC PUBLISHING (BRASIL) EDIÇÕES MUSICAIS LTDA,,,SONY MUSIC PUBLISHING (BRASIL) EDIÇÕES MUSICAIS LTDA,,,,,,,26061,261
SBT,01. Solicitação janeiro 2024.xls,Relatório Solicitação,,,,,,SONY MUSIC PUBLISHING (BRASIL) EDIÇÕES MUSICAIS LTDA,,,SONY MUSIC PUBLISHING (BRASIL) EDIÇÕES MUSICAIS LTDA,,,,,,,39096,391
SBT,01. Solicitação janeiro 2024.xls,Relatório Solicitação,,,,,,DIVERSAS,,,DIVERSAS,,,,,,,32059,321
SBT,01. Solicitação janeiro 2024.xls,Relatório Solicitação,,,,,,PEERMUSIC DO BRASIL EDIÇÕES MUSICAIS LTDA,,,PEERMUSIC DO BRASIL EDIÇÕES MUSICAIS LTDA,,,,,,,7037,70
SBT,01. Solicitação janeiro 2024.xls,Relatório Solicitação,,,,,,BMG RIGHTS MANAGEMENT BRASIL LTDA,,,BMG RIGHTS MANAGEMENT BRASIL LTDA,,,,,,,9774,98
SBT,01. Solicitação janeiro 2024.xls,Relatório Solicitação,,,,,,UNIVERSAL MUSIC PUBLISHING MGB BRASIL LTDA,,,UNIVERSAL MUSIC PUBLISHING MGB BRASIL LTDA,,,,,,,9774,98
SBT,01. Solicitação janeiro 2024.xls,Relatório Solicitação,,,,,,DIVERSAS,,,DIVERSAS,,,,,,,9774,98
SBT,01. Solicitação janeiro 2024.xls,Relatório Solicitação,,,,,,WORK SHOW EDITORA E PRODUÇÕES MUSICAIS LTDA - ME,,,WORK SHOW EDITORA E PRODUÇÕES MUSICAIS LTDA - ME,,,,,,,9774,98
SBT,01. Solicitação janeiro 2024.xls,Relatório Solicitação,,,,,,DIVERSAS,,,DIVERSAS,,,,,,,78192,782
SBT,01. Solicitação janeiro 2024.xls,Relatório Solicitação,,,,,,EDITORA E IMPORTADORA MUSICAL FERMATA DO BRASIL LTDA,,,EDITORA E IMPORTADORA MUSICAL FERMATA DO BRASIL LTDA,,,,,,,78192,782
SBT,01. Solicitação janeiro 2024.xls,Relatório Solicitação,,,,,,WARNER CHAPPELL EDIÇÕES MUSICAIS LTDA,,,WARNER CHAPPELL EDIÇÕES MUSICAIS LTDA,,,,,,,78192,782
SBT,01. Solicitação janeiro 2024.xls,Relatório Solicitação,,,,,,DIVERSAS,,,DIVERSAS,,,,,,,39096,391
SBT,01. Solicitação janeiro 2024.xls,Relatório Solicitação,,,,,,SONY MUSIC PUBLISHING (BRASIL) EDIÇÕES MUSICAIS LTDA,,,SONY MUSIC PUBLISHING (BRASIL) EDIÇÕES MUSICAIS LTDA,,,,,,,39096,391
SBT,01. Solicitação janeiro 2024.xls,Relatório Solicitação,,,,,,WARNER CHAPPELL EDIÇÕES MUSICAIS LTDA,,,WARNER CHAPPELL EDIÇÕES MUSICAIS LTDA,,,,,,,39096,391
SBT,01. Solicitação janeiro 2024.xls,Relatório Solicitação,,,,,,JULIANA FAKRI DE ASSIS EPP,,,JULIANA FAKRI DE ASSIS EPP,,,,,,,39096,391
SBT,01. Solicitação janeiro 2024.xls,Relatório Solicitação,,,,,,SONY MUSIC PUBLISHING (BRASIL) EDIÇÕES MUSICAIS LTDA,,,SONY MUSIC PUBLISHING (BRASIL) EDIÇÕES MUSICAIS LTDA,,,,,,,19548,195
SBT,01. Solicitação janeiro 2024.xls,Relatório Solicitação,,,,,,DIVERSAS,,,DIVERSAS,,,,,,,19548,195
SBT,01. Solicitação janeiro 2024.xls,Relatório Solicitação,,,,,,DIVERSAS,,,DIVERSAS,,,,,,,39096,391
SBT,01. Solicitação janeiro 2024.xls,Relatório Solicitação,,,,,,PEERMUSIC DO BRASIL EDIÇÕES MUSICAIS LTDA,,,PEERMUSIC DO BRASIL EDIÇÕES MUSICAIS LTDA,,,,,,,39096,391
SBT,01. Solicitação janeiro 2024.xls,Relatório Solicitação,,,,,,PEERMUSIC DO BRASIL EDIÇÕES MUSICAIS LTDA,,,PEERMUSIC DO BRASIL EDIÇÕES MUSICAIS LTDA,,,,,,,39096,391
SBT,01. Solicitação janeiro 2024.xls,Relatório Solicitação,,,,,,DIVERSAS,,,DIVERSAS,,,,,,,39096,391
SBT,01. Solicitação janeiro 2024.xls,Relatório Solicitação,,,,,,EDITORA E IMPORTADORA MUSICAL FERMATA DO BRASIL LTDA,,,EDITORA E IMPORTADORA MUSICAL FERMATA DO BRASIL LTDA,,,,,,,39096,391
SBT,01. Solicitação janeiro 2024.xls,Relatório Solicitação,,,,,,EDITORA E IMPORTADORA MUSICAL FERMATA DO BRASIL LTDA,,,EDITORA E IMPORTADORA MUSICAL FERMATA DO BRASIL LTDA,,,,,,,39096,391
SBT,01. Solicitação janeiro 2024.xls,Relatório Solicitação,,,,,,UNIVERSAL MUSIC PUBLISHING MGB BRASIL LTDA,,,UNIVERSAL MUSIC PUBLISHING MGB BRASIL LTDA,,,,,,,39096,391
SBT,01. Solicitação janeiro 2024.xls,Relatório Solicitação,,,,,,SONY MUSIC PUBLISHING (BRASIL) EDIÇÕES MUSICAIS LTDA,,,SONY MUSIC PUBLISHING (BRASIL) EDIÇÕES MUSICAIS LTDA,,,,,,,39096,391
SBT,01. Solicitação janeiro 2024.xls,Relatório Solicitação,,,,,,WARNER CHAPPELL EDIÇÕES MUSICAIS LTDA,,,WARNER CHAPPELL EDIÇÕES MUSICAIS LTDA,,,,,,,39096,391
SBT,01. Solicitação janeiro 2024.xls,Relatório Solicitação,,,,,,SONY MUSIC PUBLISHING (BRASIL) EDIÇÕES MUSICAIS LTDA,,,SONY MUSIC PUBLISHING (BRASIL) EDIÇÕES MUSICAIS LTDA,,,,,,,39096,391
SBT,01. Solicitação janeiro 2024.xls,Relatório Solicitação,,,,,,ADDAF - ASS. DEF. DIREITOS AUTORAIS FONOMECÂNICOS,,,ADDAF - ASS. DEF. DIREITOS AUTORAIS FONOMECÂNICOS,,,,,,,39096,391
SBT,01. Solicitação janeiro 2024.xls,Relatório Solicitação,,,,,,DIVERSAS,,,DIVERSAS,,,,,,,39096,391
SBT,01. Solicitação janeiro 2024.xls,Relatório Solicitação,,,,,,SONY MUSIC PUBLISHING (BRASIL) EDIÇÕES MUSICAIS LTDA,,,SONY MUSIC PUBLISHING (BRASIL) EDIÇÕES MUSICAIS LTDA,,,,,,,39096,391
SBT,01. Solicitação janeiro 2024.xls,Relatório Solicitação,,,,,,SONY MUSIC PUBLISHING (BRASIL) EDIÇÕES MUSICAIS LTDA,,,SONY MUSIC PUBLISHING (BRASIL) EDIÇÕES MUSICAIS LTDA,,,,,,,19548,195
SBT,01. Solicitação janeiro 2024.xls,Relatório Solicitação,,,,,,DIVERSAS,,,DIVERSAS,,,,,,,19548,195
SBT,01. Solicitação janeiro 2024.xls,Relatório Solicitação,,,,,,UNIVERSAL MUSIC PUBLISHING MGB BRASIL LTDA,,,UNIVERSAL MUSIC PUBLISHING MGB BRASIL LTDA,,,,,,,83666,837
SBT,01. Solicitação janeiro 2024.xls,Relatório Solicitação,,,,,,DIVERSAS,,,DIVERSAS,,,,,,,83666,837
SBT,01. Solicitação janeiro 2024.xls,Relatório Solicitação,,,,,,DIVERSAS,,,DIVERSAS,,,,,,,167331,1673
SBT,01. Solicitação janeiro 2024.xls,Relatório Solicitação,,,,,,SONY MUSIC PUBLISHING (BRASIL) EDIÇÕES MUSICAIS LTDA,,,SONY MUSIC PUBLISHING (BRASIL) EDIÇÕES MUSICAIS LTDA,,,,,,,13035,130
SBT,01. Solicitação janeiro 2024.xls,Relatório Solicitação,,,,,,DIVERSAS,,,DIVERSAS,,,,,,,65157,652
SBT,01. Solicitação janeiro 2024.xls,Relatório Solicitação,,,,,,EDITORA E IMPORTADORA MUSICAL FERMATA DO BRASIL LTDA,,,EDITORA E IMPORTADORA MUSICAL FERMATA DO BRASIL LTDA,,,,,,,39096,391
SBT,01. Solicitação janeiro 2024.xls,Relatório Solicitação,,,,,,DIVERSAS,,,DIVERSAS,,,,,,,39096,391
SBT,01. Solicitação janeiro 2024.xls,Relatório Solicitação,,,,,,IRMÃOS VITALE EDITORES LTDA,,,IRMÃOS VITALE EDITORES LTDA,,,,,,,83665,837
SBT,01. Solicitação janeiro 2024.xls,Relatório Solicitação,,,,,,BMG RIGHTS MANAGEMENT BRASIL LTDA,,,BMG RIGHTS MANAGEMENT BRASIL LTDA,,,,,,,83665,837
SBT,01. Solicitação janeiro 2024.xls,Relatório Solicitação,,,,,,NOSSAMÚSICA PRODUÇÕES E EDIÇÕES MUSICAIS LTDA,,,NOSSAMÚSICA PRODUÇÕES E EDIÇÕES MUSICAIS LTDA,,,,,,,39096,391
SBT,01. Solicitação janeiro 2024.xls,Relatório Solicitação,,,,,,WARNER CHAPPELL EDIÇÕES MUSICAIS LTDA,,,WARNER CHAPPELL EDIÇÕES MUSICAIS LTDA,,,,,,,39096,391
SBT,01. Solicitação janeiro 2024.xls,Relatório Solicitação,,,,,,ABRAMUS DIGITAL SERV. IDENT. REPERTÓRIO,,,ABRAMUS DIGITAL SERV. IDENT. REPERTÓRIO,,,,,,,9774,98
SBT,01. Solicitação janeiro 2024.xls,Relatório Solicitação,,,,,,BMG RIGHTS MANAGEMENT BRASIL LTDA,,,BMG RIGHTS MANAGEMENT BRASIL LTDA,,,,,,,29322,293
SBT,01. Solicitação janeiro 2024.xls,Relatório Solicitação,,,,,,SONY MUSIC PUBLISHING (BRASIL) EDIÇÕES MUSICAIS LTDA,,,SONY MUSIC PUBLISHING (BRASIL) EDIÇÕES MUSICAIS LTDA,,,,,,,39096,391
SBT,01. Solicitação janeiro 2024.xls,Relatório Solicitação,,,,,,BMG RIGHTS MANAGEMENT BRASIL LTDA,,,BMG RIGHTS MANAGEMENT BRASIL LTDA,,,,,,,39096,391
SBT,01. Solicitação janeiro 2024.xls,Relatório Solicitação,,,,,,TODAMERICA EDICOES LTDA,,,TODAMERICA EDICOES LTDA,,,,,,,39096,391
SBT,01. Solicitação janeiro 2024.xls,Relatório Solicitação,,,,,,PEERMUSIC DO BRASIL EDIÇÕES MUSICAIS LTDA,,,PEERMUSIC DO BRASIL EDIÇÕES MUSICAIS LTDA,,,,,,,39096,391
SBT,01. Solicitação janeiro 2024.xls,Relatório Solicitação,,,,,,DIVERSAS,,,DIVERSAS,,,,,,,39096,391
SBT,01. Solicitação janeiro 2024.xls,Relatório Solicitação,,,,,,EDITORA MUSICAL PANTTANAL LTDA,,,EDITORA MUSICAL PANTTANAL LTDA,,,,,,,19548,195
SBT,01. Solicitação janeiro 2024.xls,Relatório Solicitação,,,,,,SONY MUSIC PUBLISHING (BRASIL) EDIÇÕES MUSICAIS LTDA,,,SONY MUSIC PUBLISHING (BRASIL) EDIÇÕES MUSICAIS LTDA,,,,,,,19548,195
SBT,01. Solicitação janeiro 2024.xls,Relatório Solicitação,,,,,,UNIVERSAL MUSIC PUBLISHING MGB BRASIL LTDA,,,UNIVERSAL MUSIC PUBLISHING MGB BRASIL LTDA,,,,,,,39096,391
SBT,01. Solicitação janeiro 2024.xls,Relatório Solicitação,,,,,,UNIVERSAL MUSIC PUBLISHING MGB BRASIL LTDA,,,UNIVERSAL MUSIC PUBLISHING MGB BRASIL LTDA,,,,,,,39096,391
SBT,01. Solicitação janeiro 2024.xls,Relatório Solicitação,,,,,,UNIVERSAL MUSIC PUBLISHING MGB BRASIL LTDA,,,UNIVERSAL MUSIC PUBLISHING MGB BRASIL LTDA,,,,,,,11729,117
SBT,01. Solicitação janeiro 2024.xls,Relatório Solicitação,,,,,,BMG RIGHTS MANAGEMENT BRASIL LTDA,,,BMG RIGHTS MANAGEMENT BRASIL LTDA,,,,,,,13031,130
SBT,01. Solicitação janeiro 2024.xls,Relatório Solicitação,,,,,,DIVERSAS,,,DIVERSAS,,,,,,,14337,143
SBT,01. Solicitação janeiro 2024.xls,Relatório Solicitação,,,,,,PEERMUSIC DO BRASIL EDIÇÕES MUSICAIS LTDA,,,PEERMUSIC DO BRASIL EDIÇÕES MUSICAIS LTDA,,,,,,,39096,391
SBT,01. Solicitação janeiro 2024.xls,Relatório Solicitação,,,,,,WARNER CHAPPELL EDIÇÕES MUSICAIS LTDA,,,WARNER CHAPPELL EDIÇÕES MUSICAIS LTDA,,,,,,,39096,391
SBT,01. Solicitação janeiro 2024.xls,Relatório Solicitação,,,,,,IRMÃOS VITALE EDITORES LTDA,,,IRMÃOS VITALE EDITORES LTDA,,,,,,,39096,391
SBT,01. Solicitação janeiro 2024.xls,Relatório Solicitação,,,,,,SONY MUSIC PUBLISHING (BRASIL) EDIÇÕES MUSICAIS LTDA,,,SONY MUSIC PUBLISHING (BRASIL) EDIÇÕES MUSICAIS LTDA,,,,,,,39096,391
SBT,01. Solicitação janeiro 2024.xls,Relatório Solicitação,,,,,,DIVERSAS,,,DIVERSAS,,,,,,,78192,782
SBT,01. Solicitação janeiro 2024.xls,Relatório Solicitação,,,,,,IRMÃOS VITALE EDITORES LTDA,,,IRMÃOS VITALE EDITORES LTDA,,,,,,,78192,782
SBT,01. Solicitação janeiro 2024.xls,Relatório Solicitação,,,,,,SONY MUSIC PUBLISHING (BRASIL) EDIÇÕES MUSICAIS LTDA,,,SONY MUSIC PUBLISHING (BRASIL) EDIÇÕES MUSICAIS LTDA,,,,,,,78192,782
SBT,01. Solicitação janeiro 2024.xls,Relatório Solicitação,,,,,,BMG RIGHTS MANAGEMENT BRASIL LTDA,,,BMG RIGHTS MANAGEMENT BRASIL LTDA,,,,,,,39096,391
SBT,01. Solicitação janeiro 2024.xls,Relatório Solicitação,,,,,,ADDAF - ASS. DEF. DIREITOS AUTORAIS FONOMECÂNICOS,,,ADDAF - ASS. DEF. DIREITOS AUTORAIS FONOMECÂNICOS,,,,,,,39096,391
SBT,01. Solicitação janeiro 2024.xls,Relatório Solicitação,,,,,,BMG RIGHTS MANAGEMENT BRASIL LTDA,,,BMG RIGHTS MANAGEMENT BRASIL LTDA,,,,,,,164200,1642
SBT,01. Solicitação janeiro 2024.xls,Relatório Solicitação,,,,,,DIVERSAS,,,DIVERSAS,,,,,,,17914,179
SBT,01. Solicitação janeiro 2024.xls,Relatório Solicitação,,,,,,WARNER CHAPPELL EDIÇÕES MUSICAIS LTDA,,,WARNER CHAPPELL EDIÇÕES MUSICAIS LTDA,,,,,,,4762,48
SBT,01. Solicitação janeiro 2024.xls,Relatório Solicitação,,,,,,BMG RIGHTS MANAGEMENT BRASIL LTDA,,,BMG RIGHTS MANAGEMENT BRASIL LTDA,,,,,,,39096,391
SBT,01. Solicitação janeiro 2024.xls,Relatório Solicitação,,,,,,ADDAF - ASS. DEF. DIREITOS AUTORAIS FONOMECÂNICOS,,,ADDAF - ASS. DEF. DIREITOS AUTORAIS FONOMECÂNICOS,,,,,,,39096,391
SBT,01. Solicitação janeiro 2024.xls,Relatório Solicitação,,,,,,IRMÃOS VITALE EDITORES LTDA,,,IRMÃOS VITALE EDITORES LTDA,,,,,,,39096,391
SBT,01. Solicitação janeiro 2024.xls,Relatório Solicitação,,,,,,DIVERSAS,,,DIVERSAS,,,,,,,39096,391
SBT,01. Solicitação janeiro 2024.xls,Relatório Solicitação,,,,,,SONY MUSIC PUBLISHING (BRASIL) EDIÇÕES MUSICAIS LTDA,,,SONY MUSIC PUBLISHING (BRASIL) EDIÇÕES MUSICAIS LTDA,,,,,,,39096,391
SBT,01. Solicitação janeiro 2024.xls,Relatório Solicitação,,,,,,DIVERSAS,,,DIVERSAS,,,,,,,78192,782
SBT,01. Solicitação janeiro 2024.xls,Relatório Solicitação,,,,,,PEERMUSIC DO BRASIL EDIÇÕES MUSICAIS LTDA,,,PEERMUSIC DO BRASIL EDIÇÕES MUSICAIS LTDA,,,,,,,39096,391
SBT,01. Solicitação janeiro 2024.xls,Relatório Solicitação,,,,,,WARNER CHAPPELL EDIÇÕES MUSICAIS LTDA,,,WARNER CHAPPELL EDIÇÕES MUSICAIS LTDA,,,,,,,39096,391
SBT,01. Solicitação janeiro 2024.xls,Relatório Solicitação,,,,,,SONY MUSIC PUBLISHING (BRASIL) EDIÇÕES MUSICAIS LTDA,,,SONY MUSIC PUBLISHING (BRASIL) EDIÇÕES MUSICAIS LTDA,,,,,,,39096,391
SBT,01. Solicitação janeiro 2024.xls,Relatório Solicitação,,,,,,WARNER CHAPPELL EDIÇÕES MUSICAIS LTDA,,,WARNER CHAPPELL EDIÇÕES MUSICAIS LTDA,,,,,,,39096,391
SBT,01. Solicitação janeiro 2024.xls,Relatório Solicitação,,,,,,DIVERSAS,,,DIVERSAS,,,,,,,39096,391
SBT,01. Solicitação janeiro 2024.xls,Relatório Solicitação,,,,,,PEERMUSIC DO BRASIL EDIÇÕES MUSICAIS LTDA,,,PEERMUSIC DO BRASIL EDIÇÕES MUSICAIS LTDA,,,,,,,39096,391
SBT,01. Solicitação janeiro 2024.xls,Relatório Solicitação,,,,,,WARNER CHAPPELL EDIÇÕES MUSICAIS LTDA,,,WARNER CHAPPELL EDIÇÕES MUSICAIS LTDA,,,,,,,39096,391
SBT,01. Solicitação janeiro 2024.xls,Relatório Solicitação,,,,,,DIVERSAS,,,DIVERSAS,,,,,,,19548,195
SBT,01. Solicitação janeiro 2024.xls,Relatório Solicitação,,,,,,SONY MUSIC PUBLISHING (BRASIL) EDIÇÕES MUSICAIS LTDA,,,SONY MUSIC PUBLISHING (BRASIL) EDIÇÕES MUSICAIS LTDA,,,,,,,19548,195
SBT,01. Solicitação janeiro 2024.xls,Relatório Solicitação,,,,,,DIVERSAS,,,DIVERSAS,,,,,,,39096,391
SBT,01. Solicitação janeiro 2024.xls,Relatório Solicitação,,,,,,SOMZOOM GRAVAÇÕES E EDIÇÕES MUSICAIS LTDA,,,SOMZOOM GRAVAÇÕES E EDIÇÕES MUSICAIS LTDA,,,,,,,39096,391
SBT,01. Solicitação janeiro 2024.xls,Relatório Solicitação,,,,,,UNIVERSAL MUSIC PUBLISHING MGB BRASIL LTDA,,,UNIVERSAL MUSIC PUBLISHING MGB BRASIL LTDA,,,,,,,39096,391
SBT,01. Solicitação janeiro 2024.xls,Relatório Solicitação,,,,,,UNIVERSAL MUSIC PUBLISHING MGB BRASIL LTDA,,,UNIVERSAL MUSIC PUBLISHING MGB BRASIL LTDA,,,,,,,39096,391
SBT,01. Solicitação janeiro 2024.xls,Relatório Solicitação,,,,,,WARNER CHAPPELL EDIÇÕES MUSICAIS LTDA,,,WARNER CHAPPELL EDIÇÕES MUSICAIS LTDA,,,,,,,39096,391
SBT,01. Solicitação janeiro 2024.xls,Relatório Solicitação,,,,,,WARNER CHAPPELL EDIÇÕES MUSICAIS LTDA,,,WARNER CHAPPELL EDIÇÕES MUSICAIS LTDA,,,,,,,19548,195
SBT,01. Solicitação janeiro 2024.xls,Relatório Solicitação,,,,,,DIVERSAS,,,DIVERSAS,,,,,,,19548,195
SBT,01. Solicitação janeiro 2024.xls,Relatório Solicitação,,,,,,DIVERSAS,,,DIVERSAS,,,,,,,78192,782
SBT,01. Solicitação janeiro 2024.xls,Relatório Solicitação,,,,,,DIVERSAS,,,DIVERSAS,,,,,,,78192,782
SBT,01. Solicitação janeiro 2024.xls,Relatório Solicitação,,,,,,DIVERSAS,,,DIVERSAS,,,,,,,78192,782
SBT,01. Solicitação janeiro 2024.xls,Relatório Solicitação,,,,,,DIVERSAS,,,DIVERSAS,,,,,,,78192,782
SBT,01. Solicitação janeiro 2024.xls,Relatório Solicitação,,,,,,WARNER CHAPPELL EDIÇÕES MUSICAIS LTDA,,,WARNER CHAPPELL EDIÇÕES MUSICAIS LTDA,,,,,,,39100,391
SBT,01. Solicitação janeiro 2024.xls,Relatório Solicitação,,,,,,DIVERSAS,,,DIVERSAS,,,,,,,74282,743
SBT,01. Solicitação janeiro 2024.xls,Relatório Solicitação,,,,,,WARNER CHAPPELL EDIÇÕES MUSICAIS LTDA,,,WARNER CHAPPELL EDIÇÕES MUSICAIS LTDA,,,,,,,17202,172
SBT,01. Solicitação janeiro 2024.xls,Relatório Solicitação,,,,,,SONY MUSIC PUBLISHING (BRASIL) EDIÇÕES MUSICAIS LTDA,,,SONY MUSIC PUBLISHING (BRASIL) EDIÇÕES MUSICAIS LTDA,,,,,,,1564,16
SBT,01. Solicitação janeiro 2024.xls,Relatório Solicitação,,,,,,DIVERSAS,,,DIVERSAS,,,,,,,59426,594
SBT,01. Solicitação janeiro 2024.xls,Relatório Solicitação,,,,,,DIVERSAS,,,DIVERSAS,,,,,,,78192,782
SBT,01. Solicitação janeiro 2024.xls,Relatório Solicitação,,,,,,DIVERSAS,,,DIVERSAS,,,,,,,78192,782
SBT,01. Solicitação janeiro 2024.xls,Relatório Solicitação,,,,,,UNIVERSAL MUSIC PUBLISHING MGB BRASIL LTDA,,,UNIVERSAL MUSIC PUBLISHING MGB BRASIL LTDA,,,,,,,19548,195
SBT,01. Solicitação janeiro 2024.xls,Relatório Solicitação,,,,,,DIVERSAS,,,DIVERSAS,,,,,,,58644,586
SBT,01. Solicitação janeiro 2024.xls,Relatório Solicitação,,,,,,DIVERSAS,,,DIVERSAS,,,,,,,78192,782
SBT,01. Solicitação janeiro 2024.xls,Relatório Solicitação,,,,,,WARNER CHAPPELL EDIÇÕES MUSICAIS LTDA,,,WARNER CHAPPELL EDIÇÕES MUSICAIS LTDA,,,,,,,13027,130
SBT,01. Solicitação janeiro 2024.xls,Relatório Solicitação,,,,,,DIVERSAS,,,DIVERSAS,,,,,,,65165,652
SBT,01. Solicitação janeiro 2024.xls,Relatório Solicitação,,,,,,DIVERSAS,,,DIVERSAS,,,,,,,78192,782
SBT,01. Solicitação janeiro 2024.xls,Relatório Solicitação,,,,,,DIVERSAS,,,DIVERSAS,,,,,,,39096,391
SBT,01. Solicitação janeiro 2024.xls,Relatório Solicitação,,,,,,UNIVERSAL MUSIC PUBLISHING MGB BRASIL LTDA,,,UNIVERSAL MUSIC PUBLISHING MGB BRASIL LTDA,,,,,,,1955,20
SBT,01. Solicitação janeiro 2024.xls,Relatório Solicitação,,,,,,DIVERSAS,,,DIVERSAS,,,,,,,71022,710
SBT,01. Solicitação janeiro 2024.xls,Relatório Solicitação,,,,,,SONY MUSIC PUBLISHING (BRASIL) EDIÇÕES MUSICAIS LTDA,,,SONY MUSIC PUBLISHING (BRASIL) EDIÇÕES MUSICAIS LTDA,,,,,,,5215,52
SBT,01. Solicitação janeiro 2024.xls,Relatório Solicitação,,,,,,DIVERSAS,,,DIVERSAS,,,,,,,78192,782
SBT,01. Solicitação janeiro 2024.xls,Relatório Solicitação,,,,,,THIAGO ABDULAHAD NUNES RIOS ME,,,THIAGO ABDULAHAD NUNES RIOS ME,,,,,,,5583,56
SBT,01. Solicitação janeiro 2024.xls,Relatório Solicitação,,,,,,DIVERSAS,,,DIVERSAS,,,,,,,5591,56
SBT,01. Solicitação janeiro 2024.xls,Relatório Solicitação,,,,,,WARNER CHAPPELL EDIÇÕES MUSICAIS LTDA,,,WARNER CHAPPELL EDIÇÕES MUSICAIS LTDA,,,,,,,67018,670
SBT,01. Solicitação janeiro 2024.xls,Relatório Solicitação,,,,,,THIAGO ABDULAHAD NUNES RIOS ME,,,THIAGO ABDULAHAD NUNES RIOS ME,,,,,,,20846,208
SBT,01. Solicitação janeiro 2024.xls,Relatório Solicitação,,,,,,DIVERSAS,,,DIVERSAS,,,,,,,15654,157
SBT,01. Solicitação janeiro 2024.xls,Relatório Solicitação,,,,,,WARNER CHAPPELL EDIÇÕES MUSICAIS LTDA,,,WARNER CHAPPELL EDIÇÕES MUSICAIS LTDA,,,,,,,41692,417
SBT,01. Solicitação janeiro 2024.xls,Relatório Solicitação,,,,,,BMG RIGHTS MANAGEMENT BRASIL LTDA,,,BMG RIGHTS MANAGEMENT BRASIL LTDA,,,,,,,78192,782
SBT,01. Solicitação janeiro 2024.xls,Relatório Solicitação,,,,,,DUBAS MÚSICA LTDA,,,DUBAS MÚSICA LTDA,,,,,,,66463,665
SBT,01. Solicitação janeiro 2024.xls,Relatório Solicitação,,,,,,UNIVERSAL MUSIC PUBLISHING MGB BRASIL LTDA,,,UNIVERSAL MUSIC PUBLISHING MGB BRASIL LTDA,,,,,,,11729,117
SBT,01. Solicitação janeiro 2024.xls,Relatório Solicitação,,,,,,WARNER CHAPPELL EDIÇÕES MUSICAIS LTDA,,,WARNER CHAPPELL EDIÇÕES MUSICAIS LTDA,,,,,,,78192,782
SBT,01. Solicitação janeiro 2024.xls,Relatório Solicitação,,,,,,UNIVERSAL MUSIC PUBLISHING MGB BRASIL LTDA,,,UNIVERSAL MUSIC PUBLISHING MGB BRASIL LTDA,,,,,,,78192,782
SBT,01. Solicitação janeiro 2024.xls,Relatório Solicitação,,,,,,WARNER CHAPPELL EDIÇÕES MUSICAIS LTDA,,,WARNER CHAPPELL EDIÇÕES MUSICAIS LTDA,,,,,,,78192,782
SBT,01. Solicitação janeiro 2024.xls,Relatório Solicitação,,,,,,DIVERSAS,,,DIVERSAS,,,,,,,78192,782
SBT,01. Solicitação janeiro 2024.xls,Relatório Solicitação,,,,,,UNIVERSAL MUSIC PUBLISHING MGB BRASIL LTDA,,,UNIVERSAL MUSIC PUBLISHING MGB BRASIL LTDA,,,,,,,78192,782
SBT,01. Solicitação janeiro 2024.xls,Relatório Solicitação,,,,,,DIVERSAS,,,DIVERSAS,,,,,,,78192,782
SBT,01. Solicitação janeiro 2024.xls,Relatório Solicitação,,,,,,DIVERSAS,,,DIVERSAS,,,,,,,39096,391
SBT,01. Solicitação janeiro 2024.xls,Relatório Solicitação,,,,,,ABRAMUS DIGITAL SERV. IDENT. REPERTÓRIO,,,ABRAMUS DIGITAL SERV. IDENT. REPERTÓRIO,,,,,,,19548,195
SBT,01. Solicitação janeiro 2024.xls,Relatório Solicitação,,,,,,WARNER CHAPPELL EDIÇÕES MUSICAIS LTDA,,,WARNER CHAPPELL EDIÇÕES MUSICAIS LTDA,,,,,,,19548,195
SBT,01. Solicitação janeiro 2024.xls,Relatório Solicitação,,,,,,UNIVERSAL MUSIC PUBLISHING MGB BRASIL LTDA,,,UNIVERSAL MUSIC PUBLISHING MGB BRASIL LTDA,,,,,,,19548,195
SBT,01. Solicitação janeiro 2024.xls,Relatório Solicitação,,,,,,WARNER CHAPPELL EDIÇÕES MUSICAIS LTDA,,,WARNER CHAPPELL EDIÇÕES MUSICAIS LTDA,,,,,,,58644,586
SBT,01. Solicitação janeiro 2024.xls,Relatório Solicitação,,,,,,THIAGO ABDULAHAD NUNES RIOS ME,,,THIAGO ABDULAHAD NUNES RIOS ME,,,,,,,15638,156
SBT,01. Solicitação janeiro 2024.xls,Relatório Solicitação,,,,,,ABRAMUS DIGITAL SERV. IDENT. REPERTÓRIO,,,ABRAMUS DIGITAL SERV. IDENT. REPERTÓRIO,,,,,,,15638,156
SBT,01. Solicitação janeiro 2024.xls,Relatório Solicitação,,,,,,SONY MUSIC PUBLISHING (BRASIL) EDIÇÕES MUSICAIS LTDA,,,SONY MUSIC PUBLISHING (BRASIL) EDIÇÕES MUSICAIS LTDA,,,,,,,31277,313
SBT,01. Solicitação janeiro 2024.xls,Relatório Solicitação,,,,,,WARNER CHAPPELL EDIÇÕES MUSICAIS LTDA,,,WARNER CHAPPELL EDIÇÕES MUSICAIS LTDA,,,,,,,15638,156
SBT,01. Solicitação janeiro 2024.xls,Relatório Solicitação,,,,,,UNIVERSAL MUSIC PUBLISHING MGB BRASIL LTDA,,,UNIVERSAL MUSIC PUBLISHING MGB BRASIL LTDA,,,,,,,19548,195
SBT,01. Solicitação janeiro 2024.xls,Relatório Solicitação,,,,,,WARNER CHAPPELL EDIÇÕES MUSICAIS LTDA,,,WARNER CHAPPELL EDIÇÕES MUSICAIS LTDA,,,,,,,19548,195
SBT,01. Solicitação janeiro 2024.xls,Relatório Solicitação,,,,,,SONY MUSIC PUBLISHING (BRASIL) EDIÇÕES MUSICAIS LTDA,,,SONY MUSIC PUBLISHING (BRASIL) EDIÇÕES MUSICAIS LTDA,,,,,,,39096,391
SBT,01. Solicitação janeiro 2024.xls,Relatório Solicitação,,,,,,ADDAF - ASS. DEF. DIREITOS AUTORAIS FONOMECÂNICOS,,,ADDAF - ASS. DEF. DIREITOS AUTORAIS FONOMECÂNICOS,,,,,,,39096,391
SBT,01. Solicitação janeiro 2024.xls,Relatório Solicitação,,,,,,DIVERSAS,,,DIVERSAS,,,,,,,39096,391
SBT,01. Solicitação janeiro 2024.xls,Relatório Solicitação,,,,,,DIVERSAS,,,DIVERSAS,,,,,,,26069,261
SBT,01. Solicitação janeiro 2024.xls,Relatório Solicitação,,,,,,THIAGO ABDULAHAD NUNES RIOS ME,,,THIAGO ABDULAHAD NUNES RIOS ME,,,,,,,52123,521
SBT,01. Solicitação janeiro 2024.xls,Relatório Solicitação,,,,,,UNIVERSAL MUSIC PUBLISHING MGB BRASIL LTDA,,,UNIVERSAL MUSIC PUBLISHING MGB BRASIL LTDA,,,,,,,19548,195
SBT,01. Solicitação janeiro 2024.xls,Relatório Solicitação,,,,,,WARNER CHAPPELL EDIÇÕES MUSICAIS LTDA,,,WARNER CHAPPELL EDIÇÕES MUSICAIS LTDA,,,,,,,19548,195
SBT,01. Solicitação janeiro 2024.xls,Relatório Solicitação,,,,,,ABRAMUS DIGITAL SERV. IDENT. REPERTÓRIO,,,ABRAMUS DIGITAL SERV. IDENT. REPERTÓRIO,,,,,,,25412,254
SBT,01. Solicitação janeiro 2024.xls,Relatório Solicitação,,,,,,WARNER CHAPPELL EDIÇÕES MUSICAIS LTDA,,,WARNER CHAPPELL EDIÇÕES MUSICAIS LTDA,,,,,,,13684,137
SBT,01. Solicitação janeiro 2024.xls,Relatório Solicitação,,,,,,SONY MUSIC PUBLISHING (BRASIL) EDIÇÕES MUSICAIS LTDA,,,SONY MUSIC PUBLISHING (BRASIL) EDIÇÕES MUSICAIS LTDA,,,,,,,39096,391
SBT,01. Solicitação janeiro 2024.xls,Relatório Solicitação,,,,,,THIAGO ABDULAHAD NUNES RIOS ME,,,THIAGO ABDULAHAD NUNES RIOS ME,,,,,,,39096,391
SBT,01. Solicitação janeiro 2024.xls,Relatório Solicitação,,,,,,SONY MUSIC PUBLISHING (BRASIL) EDIÇÕES MUSICAIS LTDA,,,SONY MUSIC PUBLISHING (BRASIL) EDIÇÕES MUSICAIS LTDA,,,,,,,39096,391
SBT,01. Solicitação janeiro 2024.xls,Relatório Solicitação,,,,,,DIVERSAS,,,DIVERSAS,,,,,,,9121,91
SBT,01. Solicitação janeiro 2024.xls,Relatório Solicitação,,,,,,WARNER CHAPPELL EDIÇÕES MUSICAIS LTDA,,,WARNER CHAPPELL EDIÇÕES MUSICAIS LTDA,,,,,,,29975,300
SBT,01. Solicitação janeiro 2024.xls,Relatório Solicitação,,,,,,DIVERSAS,,,DIVERSAS,,,,,,,29322,293
SBT,01. Solicitação janeiro 2024.xls,Relatório Solicitação,,,,,,ABRAMUS DIGITAL SERV. IDENT. REPERTÓRIO,,,ABRAMUS DIGITAL SERV. IDENT. REPERTÓRIO,,,,,,,9774,98
SBT,01. Solicitação janeiro 2024.xls,Relatório Solicitação,,,,,,DIVERSAS,,,DIVERSAS,,,,,,,39096,391
SBT,01. Solicitação janeiro 2024.xls,Relatório Solicitação,,,,,,TRÊS SONS EDITORA MUSICAL E GRAVADORA DIGITAL LTDA-ME,,,TRÊS SONS EDITORA MUSICAL E GRAVADORA DIGITAL LTDA-ME,,,,,,,7819,78
SBT,01. Solicitação janeiro 2024.xls,Relatório Solicitação,,,,,,BMG RIGHTS MANAGEMENT BRASIL LTDA,,,BMG RIGHTS MANAGEMENT BRASIL LTDA,,,,,,,31277,313
SBT,01. Solicitação janeiro 2024.xls,Relatório Solicitação,,,,,,SONY MUSIC PUBLISHING (BRASIL) EDIÇÕES MUSICAIS LTDA,,,SONY MUSIC PUBLISHING (BRASIL) EDIÇÕES MUSICAIS LTDA,,,,,,,39096,391
SBT,01. Solicitação janeiro 2024.xls,Relatório Solicitação,,,,,,"OLÊ OLÁ PROMOÇÕES, EVENTOS E EDIÇÕES MUSICAIS LTDA",,,"OLÊ OLÁ PROMOÇÕES, EVENTOS E EDIÇÕES MUSICAIS LTDA",,,,,,,39096,391
SBT,01. Solicitação janeiro 2024.xls,Relatório Solicitação,,,,,,DIVERSAS,,,DIVERSAS,,,,,,,39096,391
SBT,01. Solicitação janeiro 2024.xls,Relatório Solicitação,,,,,,UNIVERSAL MUSIC PUBLISHING MGB BRASIL LTDA,,,UNIVERSAL MUSIC PUBLISHING MGB BRASIL LTDA,,,,,,,39096,391
SBT,01. Solicitação janeiro 2024.xls,Relatório Solicitação,,,,,,BMG RIGHTS MANAGEMENT BRASIL LTDA,,,BMG RIGHTS MANAGEMENT BRASIL LTDA,,,,,,,26061,261
SBT,01. Solicitação janeiro 2024.xls,Relatório Solicitação,,,,,,DIVERSAS,,,DIVERSAS,,,,,,,4,0
SBT,01. Solicitação janeiro 2024.xls,Relatório Solicitação,,,,,,SONY MUSIC PUBLISHING (BRASIL) EDIÇÕES MUSICAIS LTDA,,,SONY MUSIC PUBLISHING (BRASIL) EDIÇÕES MUSICAIS LTDA,,,,,,,13031,130
SBT,01. Solicitação janeiro 2024.xls,Relatório Solicitação,,,,,,SONY MUSIC PUBLISHING (BRASIL) EDIÇÕES MUSICAIS LTDA,,,SONY MUSIC PUBLISHING (BRASIL) EDIÇÕES MUSICAIS LTDA,,,,,,,39096,391
SBT,01. Solicitação janeiro 2024.xls,Relatório Solicitação,,,,,,BMG RIGHTS MANAGEMENT BRASIL LTDA,,,BMG RIGHTS MANAGEMENT BRASIL LTDA,,,,,,,6513,65
SBT,01. Solicitação janeiro 2024.xls,Relatório Solicitação,,,,,,DIVERSAS,,,DIVERSAS,,,,,,,3268,33
SBT,01. Solicitação janeiro 2024.xls,Relatório Solicitação,,,,,,IESSI MUSIC LABEL LTDA,,,IESSI MUSIC LABEL LTDA,,,,,,,13027,130
SBT,01. Solicitação janeiro 2024.xls,Relatório Solicitação,,,,,,WARNER CHAPPELL EDIÇÕES MUSICAIS LTDA,,,WARNER CHAPPELL EDIÇÕES MUSICAIS LTDA,,,,,,,9774,98
SBT,01. Solicitação janeiro 2024.xls,Relatório Solicitação,,,,,,SONY MUSIC PUBLISHING (BRASIL) EDIÇÕES MUSICAIS LTDA,,,SONY MUSIC PUBLISHING (BRASIL) EDIÇÕES MUSICAIS LTDA,,,,,,,6513,65
SBT,01. Solicitação janeiro 2024.xls,Relatório Solicitação,,,,,,DIVERSAS,,,DIVERSAS,,,,,,,13035,130
SBT,01. Solicitação janeiro 2024.xls,Relatório Solicitação,,,,,,THIAGO ABDULAHAD NUNES RIOS ME,,,THIAGO ABDULAHAD NUNES RIOS ME,,,,,,,26061,261
SBT,01. Solicitação janeiro 2024.xls,Relatório Solicitação,,,,,,THIAGO ABDULAHAD NUNES RIOS ME,,,THIAGO ABDULAHAD NUNES RIOS ME,,,,,,,19548,195
SBT,01. Solicitação janeiro 2024.xls,Relatório Solicitação,,,,,,WARNER CHAPPELL EDIÇÕES MUSICAIS LTDA,,,WARNER CHAPPELL EDIÇÕES MUSICAIS LTDA,,,,,,,19548,195
SBT,01. Solicitação janeiro 2024.xls,Relatório Solicitação,,,,,,DIVERSAS,,,DIVERSAS,,,,,,,39096,391
SBT,01. Solicitação janeiro 2024.xls,Relatório Solicitação,,,,,,DIVERSAS,,,DIVERSAS,,,,,,,78192,782
SBT,01. Solicitação janeiro 2024.xls,Relatório Solicitação,,,,,,DIVERSAS,,,DIVERSAS,,,,,,,78192,782
SBT,01. Solicitação janeiro 2024.xls,Relatório Solicitação,,,,,,DIVERSAS,,,DIVERSAS,,,,,,,78192,782
SBT,01. Solicitação janeiro 2024.xls,Relatório Solicitação,,,,,,DIVERSAS,,,DIVERSAS,,,,,,,39096,391
SBT,01. Solicitação janeiro 2024.xls,Relatório Solicitação,,,,,,DIVERSAS,,,DIVERSAS,,,,,,,78192,782
SBT,01. Solicitação janeiro 2024.xls,Relatório Solicitação,,,,,,DIVERSAS,,,DIVERSAS,,,,,,,78192,782
SBT,01. Solicitação janeiro 2024.xls,Relatório Solicitação,,,,,,DIVERSAS,,,DIVERSAS,,,,,,,39096,391
SBT,01. Solicitação janeiro 2024.xls,Relatório Solicitação,,,,,,DIVERSAS,,,DIVERSAS,,,,,,,39096,391
SBT,01. Solicitação janeiro 2024.xls,Relatório Solicitação,,,,,,DIVERSAS,,,DIVERSAS,,,,,,,39096,391
SBT,01. Solicitação janeiro 2024.xls,Relatório Solicitação,,,,,,DIVERSAS,,,DIVERSAS,,,,,,,78192,782
SBT,01. Solicitação janeiro 2024.xls,Relatório Solicitação,,,,,,DIVERSAS,,,DIVERSAS,,,,,,,39096,391
SBT,01. Solicitação janeiro 2024.xls,Relatório Solicitação,,,,,,DIVERSAS,,,DIVERSAS,,,,,,,78192,782
SBT,01. Solicitação janeiro 2024.xls,Relatório Solicitação,,,,,,DIVERSAS,,,DIVERSAS,,,,,,,78192,782
SBT,01. Solicitação janeiro 2024.xls,Relatório Solicitação,,,,,,WARNER CHAPPELL EDIÇÕES MUSICAIS LTDA,,,WARNER CHAPPELL EDIÇÕES MUSICAIS LTDA,,,,,,,9774,98
SBT,01. Solicitação janeiro 2024.xls,Relatório Solicitação,,,,,,DIVERSAS,,,DIVERSAS,,,,,,,29322,293
SBT,01. Solicitação janeiro 2024.xls,Relatório Solicitação,,,,,,SONY MUSIC PUBLISHING (BRASIL) EDIÇÕES MUSICAIS LTDA,,,SONY MUSIC PUBLISHING (BRASIL) EDIÇÕES MUSICAIS LTDA,,,,,,,2444,24
SBT,01. Solicitação janeiro 2024.xls,Relatório Solicitação,,,,,,DIVERSAS,,,DIVERSAS,,,,,,,36652,367
SBT,01. Solicitação janeiro 2024.xls,Relatório Solicitação,,,,,,SONY MUSIC PUBLISHING (BRASIL) EDIÇÕES MUSICAIS LTDA,,,SONY MUSIC PUBLISHING (BRASIL) EDIÇÕES MUSICAIS LTDA,,,,,,,4887,49
SBT,01. Solicitação janeiro 2024.xls,Relatório Solicitação,,,,,,DIVERSAS,,,DIVERSAS,,,,,,,73305,733
SBT,01. Solicitação janeiro 2024.xls,Relatório Solicitação,,,,,,DIVERSAS,,,DIVERSAS,,,,,,,39096,391
SBT,01. Solicitação janeiro 2024.xls,Relatório Solicitação,,,,,,DIVERSAS,,,DIVERSAS,,,,,,,78192,782
SBT,01. Solicitação janeiro 2024.xls,Relatório Solicitação,,,,,,DIVERSAS,,,DIVERSAS,,,,,,,78192,782
SBT,01. Solicitação janeiro 2024.xls,Relatório Solicitação,,,,,,DIVERSAS,,,DIVERSAS,,,,,,,78192,782
SBT,01. Solicitação janeiro 2024.xls,Relatório Solicitação,,,,,,WARNER CHAPPELL EDIÇÕES MUSICAIS LTDA,,,WARNER CHAPPELL EDIÇÕES MUSICAIS LTDA,,,,,,,19548,195
SBT,01. Solicitação janeiro 2024.xls,Relatório Solicitação,,,,,,DIVERSAS,,,DIVERSAS,,,,,,,58644,586
SBT,01. Solicitação janeiro 2024.xls,Relatório Solicitação,,,,,,DIVERSAS,,,DIVERSAS,,,,,,,78192,782
SBT,01. Solicitação janeiro 2024.xls,Relatório Solicitação,,,,,,DIVERSAS,,,DIVERSAS,,,,,,,78192,782
SBT,01. Solicitação janeiro 2024.xls,Relatório Solicitação,,,,,,DIVERSAS,,,DIVERSAS,,,,,,,78192,782
SBT,01. Solicitação janeiro 2024.xls,Relatório Solicitação,,,,,,DIVERSAS,,,DIVERSAS,,,,,,,167331,1673
SBT,01. Solicitação janeiro 2024.xls,Relatório Solicitação,,,,,,DIVERSAS,,,DIVERSAS,,,,,,,39096,391
SBT,01. Solicitação janeiro 2024.xls,Relatório Solicitação,,,,,,SONY MUSIC PUBLISHING (BRASIL) EDIÇÕES MUSICAIS LTDA,,,SONY MUSIC PUBLISHING (BRASIL) EDIÇÕES MUSICAIS LTDA,,,,,,,39096,391
SBT,01. Solicitação janeiro 2024.xls,Relatório Solicitação,,,,,,DIVERSAS,,,DIVERSAS,,,,,,,39096,391
SBT,01. Solicitação janeiro 2024.xls,Relatório Solicitação,,,,,,DIVERSAS,,,DIVERSAS,,,,,,,78192,782
SBT,01. Solicitação janeiro 2024.xls,Relatório Solicitação,,,,,,WARNER CHAPPELL EDIÇÕES MUSICAIS LTDA,,,WARNER CHAPPELL EDIÇÕES MUSICAIS LTDA,,,,,,,20916,209
SBT,01. Solicitação janeiro 2024.xls,Relatório Solicitação,,,,,,UNIVERSAL MUSIC PUBLISHING MGB BRASIL LTDA,,,UNIVERSAL MUSIC PUBLISHING MGB BRASIL LTDA,,,,,,,10458,105
SBT,01. Solicitação janeiro 2024.xls,Relatório Solicitação,,,,,,DIVERSAS,,,DIVERSAS,,,,,,,52291,523
SBT,01. Solicitação janeiro 2024.xls,Relatório Solicitação,,,,,,DIVERSAS,,,DIVERSAS,,,,,,,83665,837
SBT,01. Solicitação janeiro 2024.xls,Relatório Solicitação,,,,,,WARNER CHAPPELL EDIÇÕES MUSICAIS LTDA,,,WARNER CHAPPELL EDIÇÕES MUSICAIS LTDA,,,,,,,27877,279
SBT,01. Solicitação janeiro 2024.xls,Relatório Solicitação,,,,,,DIVERSAS,,,DIVERSAS,,,,,,,55788,558
SBT,01. Solicitação janeiro 2024.xls,Relatório Solicitação,,,,,,WORK SHOW EDITORA E PRODUÇÕES MUSICAIS LTDA - ME,,,WORK SHOW EDITORA E PRODUÇÕES MUSICAIS LTDA - ME,,,,,,,10458,105
SBT,01. Solicitação janeiro 2024.xls,Relatório Solicitação,,,,,,DIVERSAS,,,DIVERSAS,,,,,,,73207,732
SBT,01. Solicitação janeiro 2024.xls,Relatório Solicitação,,,,,,WARNER CHAPPELL EDIÇÕES MUSICAIS LTDA,,,WARNER CHAPPELL EDIÇÕES MUSICAIS LTDA,,,,,,,41832,418
SBT,01. Solicitação janeiro 2024.xls,Relatório Solicitação,,,,,,DIVERSAS,,,DIVERSAS,,,,,,,41832,418
SBT,01. Solicitação janeiro 2024.xls,Relatório Solicitação,,,,,,SONY MUSIC PUBLISHING (BRASIL) EDIÇÕES MUSICAIS LTDA,,,SONY MUSIC PUBLISHING (BRASIL) EDIÇÕES MUSICAIS LTDA,,,,,,,39096,391
SBT,01. Solicitação janeiro 2024.xls,Relatório Solicitação,,,,,,NOWA PRODUÇÕES ARTÍSTICAS LTDA,,,NOWA PRODUÇÕES ARTÍSTICAS LTDA,,,,,,,19548,195
SBT,01. Solicitação janeiro 2024.xls,Relatório Solicitação,,,,,,SONY MUSIC PUBLISHING (BRASIL) EDIÇÕES MUSICAIS LTDA,,,SONY MUSIC PUBLISHING (BRASIL) EDIÇÕES MUSICAIS LTDA,,,,,,,19548,195
SBT,01. Solicitação janeiro 2024.xls,Relatório Solicitação,,,,,,ADDAF - ASS. DEF. DIREITOS AUTORAIS FONOMECÂNICOS,,,ADDAF - ASS. DEF. DIREITOS AUTORAIS FONOMECÂNICOS,,,,,,,39096,391
SBT,01. Solicitação janeiro 2024.xls,Relatório Solicitação,,,,,,PEERMUSIC DO BRASIL EDIÇÕES MUSICAIS LTDA,,,PEERMUSIC DO BRASIL EDIÇÕES MUSICAIS LTDA,,,,,,,78192,782
SBT,01. Solicitação janeiro 2024.xls,Relatório Solicitação,,,,,,ADDAF - ASS. DEF. DIREITOS AUTORAIS FONOMECÂNICOS,,,ADDAF - ASS. DEF. DIREITOS AUTORAIS FONOMECÂNICOS,,,,,,,39096,391
SBT,01. Solicitação janeiro 2024.xls,Relatório Solicitação,,,,,,DIVERSAS,,,DIVERSAS,,,,,,,39096,391
SBT,01. Solicitação janeiro 2024.xls,Relatório Solicitação,,,,,,UNIVERSAL MUSIC PUBLISHING MGB BRASIL LTDA,,,UNIVERSAL MUSIC PUBLISHING MGB BRASIL LTDA,,,,,,,15638,156
SBT,01. Solicitação janeiro 2024.xls,Relatório Solicitação,,,,,,BMG RIGHTS MANAGEMENT BRASIL LTDA,,,BMG RIGHTS MANAGEMENT BRASIL LTDA,,,,,,,19548,195
SBT,01. Solicitação janeiro 2024.xls,Relatório Solicitação,,,,,,DIVERSAS,,,DIVERSAS,,,,,,,39100,391
SBT,01. Solicitação janeiro 2024.xls,Relatório Solicitação,,,,,,SONY MUSIC PUBLISHING (BRASIL) EDIÇÕES MUSICAIS LTDA,,,SONY MUSIC PUBLISHING (BRASIL) EDIÇÕES MUSICAIS LTDA,,,,,,,13031,130
SBT,01. Solicitação janeiro 2024.xls,Relatório Solicitação,,,,,,DIVERSAS,,,DIVERSAS,,,,,,,13035,130
SBT,01. Solicitação janeiro 2024.xls,Relatório Solicitação,,,,,,WARNER CHAPPELL EDIÇÕES MUSICAIS LTDA,,,WARNER CHAPPELL EDIÇÕES MUSICAIS LTDA,,,,,,,13031,130
SBT,01. Solicitação janeiro 2024.xls,Relatório Solicitação,,,,,,WARNER CHAPPELL EDIÇÕES MUSICAIS LTDA,,,WARNER CHAPPELL EDIÇÕES MUSICAIS LTDA,,,,,,,39096,391
SBT,01. Solicitação janeiro 2024.xls,Relatório Solicitação,,,,,,DIVERSAS,,,DIVERSAS,,,,,,,13042,130
SBT,01. Solicitação janeiro 2024.xls,Relatório Solicitação,,,,,,ABRAMUS DIGITAL SERV. IDENT. REPERTÓRIO,,,ABRAMUS DIGITAL SERV. IDENT. REPERTÓRIO,,,,,,,26054,261
SBT,01. Solicitação janeiro 2024.xls,Relatório Solicitação,,,,,,WARNER CHAPPELL EDIÇÕES MUSICAIS LTDA,,,WARNER CHAPPELL EDIÇÕES MUSICAIS LTDA,,,,,,,39096,391
SBT,01. Solicitação janeiro 2024.xls,Relatório Solicitação,,,,,,SONY MUSIC PUBLISHING (BRASIL) EDIÇÕES MUSICAIS LTDA,,,SONY MUSIC PUBLISHING (BRASIL) EDIÇÕES MUSICAIS LTDA,,,,,,,39096,391
SBT,01. Solicitação janeiro 2024.xls,Relatório Solicitação,,,,,,BMG RIGHTS MANAGEMENT BRASIL LTDA,,,BMG RIGHTS MANAGEMENT BRASIL LTDA,,,,,,,39096,391
SBT,01. Solicitação janeiro 2024.xls,Relatório Solicitação,,,,,,WARNER CHAPPELL EDIÇÕES MUSICAIS LTDA,,,WARNER CHAPPELL EDIÇÕES MUSICAIS LTDA,,,,,,,39096,391
SBT,01. Solicitação janeiro 2024.xls,Relatório Solicitação,,,,,,WARNER CHAPPELL EDIÇÕES MUSICAIS LTDA,,,WARNER CHAPPELL EDIÇÕES MUSICAIS LTDA,,,,,,,78192,782
SBT,01. Solicitação janeiro 2024.xls,Relatório Solicitação,,,,,,PEERMUSIC DO BRASIL EDIÇÕES MUSICAIS LTDA,,,PEERMUSIC DO BRASIL EDIÇÕES MUSICAIS LTDA,,,,,,,39096,391
SBT,01. Solicitação janeiro 2024.xls,Relatório Solicitação,,,,,,DECK PRODUÇÕES ARTÍSTICAS LTDA,,,DECK PRODUÇÕES ARTÍSTICAS LTDA,,,,,,,39096,391
SBT,01. Solicitação janeiro 2024.xls,Relatório Solicitação,,,,,,SONY MUSIC PUBLISHING (BRASIL) EDIÇÕES MUSICAIS LTDA,,,SONY MUSIC PUBLISHING (BRASIL) EDIÇÕES MUSICAIS LTDA,,,,,,,13031,130
SBT,01. Solicitação janeiro 2024.xls,Relatório Solicitação,,,,,,DIVERSAS,,,DIVERSAS,,,,,,,26065,261
SBT,01. Solicitação janeiro 2024.xls,Relatório Solicitação,,,,,,DIVERSAS,,,DIVERSAS,,,,,,,39096,391
SBT,01. Solicitação janeiro 2024.xls,Relatório Solicitação,,,,,,BMG RIGHTS MANAGEMENT BRASIL LTDA,,,BMG RIGHTS MANAGEMENT BRASIL LTDA,,,,,,,29322,293
SBT,01. Solicitação janeiro 2024.xls,Relatório Solicitação,,,,,,DIVERSAS,,,DIVERSAS,,,,,,,9774,98
SBT,01. Solicitação janeiro 2024.xls,Relatório Solicitação,,,,,,BMG RIGHTS MANAGEMENT BRASIL LTDA,,,BMG RIGHTS MANAGEMENT BRASIL LTDA,,,,,,,39096,391
SBT,01. Solicitação janeiro 2024.xls,Relatório Solicitação,,,,,,DIVERSAS,,,DIVERSAS,,,,,,,39096,391
SBT,01. Solicitação janeiro 2024.xls,Relatório Solicitação,,,,,,WARNER/CHAPPELL EDIÇÕES MUSICAIS LTDA,,,WARNER/CHAPPELL EDIÇÕES MUSICAIS LTDA,,,,,,,39096,391
SBT,01. Solicitação janeiro 2024.xls,Relatório Solicitação,,,,,,WARNER CHAPPELL EDIÇÕES MUSICAIS LTDA,,,WARNER CHAPPELL EDIÇÕES MUSICAIS LTDA,,,,,,,39096,391
SBT,01. Solicitação janeiro 2024.xls,Relatório Solicitação,,,,,,DIVERSAS,,,DIVERSAS,,,,,,,7819,78
SBT,01. Solicitação janeiro 2024.xls,Relatório Solicitação,,,,,,WARNER CHAPPELL EDIÇÕES MUSICAIS LTDA,,,WARNER CHAPPELL EDIÇÕES MUSICAIS LTDA,,,,,,,31277,313
SBT,01. Solicitação janeiro 2024.xls,Relatório Solicitação,,,,,,SONY MUSIC PUBLISHING (BRASIL) EDIÇÕES MUSICAIS LTDA,,,SONY MUSIC PUBLISHING (BRASIL) EDIÇÕES MUSICAIS LTDA,,,,,,,39096,391
SBT,01. Solicitação janeiro 2024.xls,Relatório Solicitação,,,,,,DIVERSAS,,,DIVERSAS,,,,,,,167331,1673
SBT,01. Solicitação janeiro 2024.xls,Relatório Solicitação,,,,,,UNIVERSAL MUSIC PUBLISHING MGB BRASIL LTDA,,,UNIVERSAL MUSIC PUBLISHING MGB BRASIL LTDA,,,,,,,83666,837
SBT,01. Solicitação janeiro 2024.xls,Relatório Solicitação,,,,,,DIVERSAS,,,DIVERSAS,,,,,,,83666,837
SBT,01. Solicitação janeiro 2024.xls,Relatório Solicitação,,,,,,UNIVERSAL MUSIC PUBLISHING MGB BRASIL LTDA,,,UNIVERSAL MUSIC PUBLISHING MGB BRASIL LTDA,,,,,,,78192,782
SBT,01. Solicitação janeiro 2024.xls,Relatório Solicitação,,,,,,ABRAMUS DIGITAL SERV. IDENT. REPERTÓRIO,,,ABRAMUS DIGITAL SERV. IDENT. REPERTÓRIO,,,,,,,39096,391
SBT,01. Solicitação janeiro 2024.xls,Relatório Solicitação,,,,,,WARNER CHAPPELL EDIÇÕES MUSICAIS LTDA,,,WARNER CHAPPELL EDIÇÕES MUSICAIS LTDA,,,,,,,39096,391
SBT,01. Solicitação janeiro 2024.xls,Relatório Solicitação,,,,,,SONY MUSIC PUBLISHING (BRASIL) EDIÇÕES MUSICAIS LTDA,,,SONY MUSIC PUBLISHING (BRASIL) EDIÇÕES MUSICAIS LTDA,,,,,,,78192,782
SBT,01. Solicitação janeiro 2024.xls,Relatório Solicitação,,,,,,DIVERSAS,,,DIVERSAS,,,,,,,78192,782
SBT,01. Solicitação janeiro 2024.xls,Relatório Solicitação,,,,,,WARNER CHAPPELL EDIÇÕES MUSICAIS LTDA,,,WARNER CHAPPELL EDIÇÕES MUSICAIS LTDA,,,,,,,41832,418
SBT,01. Solicitação janeiro 2024.xls,Relatório Solicitação,,,,,,DIVERSAS,,,DIVERSAS,,,,,,,41832,418
SBT,01. Solicitação janeiro 2024.xls,Relatório Solicitação,,,,,,DIVERSAS,,,DIVERSAS,,,,,,,83665,837
SBT,01. Solicitação janeiro 2024.xls,Relatório Solicitação,,,,,,DIVERSAS,,,DIVERSAS,,,,,,,167331,1673
SBT,01. Solicitação janeiro 2024.xls,Relatório Solicitação,,,,,,DIVERSAS,,,DIVERSAS,,,,,,,83665,837
SBT,01. Solicitação janeiro 2024.xls,Relatório Solicitação,,,,,,DIVERSAS,,,DIVERSAS,,,,,,,167331,1673
SBT,01. Solicitação janeiro 2024.xls,Relatório Solicitação,,,,,,DIVERSAS,,,DIVERSAS,,,,,,,83665,837
SBT,01. Solicitação janeiro 2024.xls,Relatório Solicitação,,,,,,DIVERSAS,,,DIVERSAS,,,,,,,83665,837
SBT,01. Solicitação janeiro 2024.xls,Relatório Solicitação,,,,,,DIVERSAS,,,DIVERSAS,,,,,,,83665,837
SBT,01. Solicitação janeiro 2024.xls,Relatório Solicitação,,,,,,WARNER CHAPPELL EDIÇÕES MUSICAIS LTDA,,,WARNER CHAPPELL EDIÇÕES MUSICAIS LTDA,,,,,,,27609,276
SBT,01. Solicitação janeiro 2024.xls,Relatório Solicitação,,,,,,DIVERSAS,,,DIVERSAS,,,,,,,56056,561
SBT,01. Solicitação janeiro 2024.xls,Relatório Solicitação,,,,,,DIVERSAS,,,DIVERSAS,,,,,,,83665,837
SBT,01. Solicitação janeiro 2024.xls,Relatório Solicitação,,,,,,DIVERSAS,,,DIVERSAS,,,,,,,83665,837
SBT,01. Solicitação janeiro 2024.xls,Relatório Solicitação,,,,,,PEERMUSIC DO BRASIL EDIÇÕES MUSICAIS LTDA,,,PEERMUSIC DO BRASIL EDIÇÕES MUSICAIS LTDA,,,,,,,39096,391
SBT,01. Solicitação janeiro 2024.xls,Relatório Solicitação,,,,,,PEERMUSIC DO BRASIL EDIÇÕES MUSICAIS LTDA,,,PEERMUSIC DO BRASIL EDIÇÕES MUSICAIS LTDA,,,,,,,39096,391
SBT,01. Solicitação janeiro 2024.xls,Relatório Solicitação,,,,,,PEERMUSIC DO BRASIL EDIÇÕES MUSICAIS LTDA,,,PEERMUSIC DO BRASIL EDIÇÕES MUSICAIS LTDA,,,,,,,78192,782
SBT,01. Solicitação janeiro 2024.xls,Relatório Solicitação,,,,,,DUETO EDIÇÕES MUSICAIS LTDA.,,,DUETO EDIÇÕES MUSICAIS LTDA.,,,,,,,19548,195
SBT,01. Solicitação janeiro 2024.xls,Relatório Solicitação,,,,,,SONY MUSIC PUBLISHING (BRASIL) EDIÇÕES MUSICAIS LTDA,,,SONY MUSIC PUBLISHING (BRASIL) EDIÇÕES MUSICAIS LTDA,,,,,,,19548,195
SBT,01. Solicitação janeiro 2024.xls,Relatório Solicitação,,,,,,WARNER CHAPPELL EDIÇÕES MUSICAIS LTDA,,,WARNER CHAPPELL EDIÇÕES MUSICAIS LTDA,,,,,,,39096,391
SBT,01. Solicitação janeiro 2024.xls,Relatório Solicitação,,,,,,WARNER CHAPPELL EDIÇÕES MUSICAIS LTDA,,,WARNER CHAPPELL EDIÇÕES MUSICAIS LTDA,,,,,,,39096,391
SBT,01. Solicitação janeiro 2024.xls,Relatório Solicitação,,,,,,UNIVERSAL MUSIC PUBLISHING MGB BRASIL LTDA,,,UNIVERSAL MUSIC PUBLISHING MGB BRASIL LTDA,,,,,,,39096,391
SBT,01. Solicitação janeiro 2024.xls,Relatório Solicitação,,,,,,PEERMUSIC DO BRASIL EDIÇÕES MUSICAIS LTDA,,,PEERMUSIC DO BRASIL EDIÇÕES MUSICAIS LTDA,,,,,,,39096,391
SBT,01. Solicitação janeiro 2024.xls,Relatório Solicitação,,,,,,DIVERSAS,,,DIVERSAS,,,,,,,39096,391
SBT,01. Solicitação janeiro 2024.xls,Relatório Solicitação,,,,,,DIVERSAS,,,DIVERSAS,,,,,,,78192,782
SBT,01. Solicitação janeiro 2024.xls,Relatório Solicitação,,,,,,DIVERSAS,,,DIVERSAS,,,,,,,78192,782
SBT,01. Solicitação janeiro 2024.xls,Relatório Solicitação,,,,,,SONY MUSIC PUBLISHING (BRASIL) EDIÇÕES MUSICAIS LTDA,,,SONY MUSIC PUBLISHING (BRASIL) EDIÇÕES MUSICAIS LTDA,,,,,,,39096,391
SBT,01. Solicitação janeiro 2024.xls,Relatório Solicitação,,,,,,SONY MUSIC PUBLISHING (BRASIL) EDIÇÕES MUSICAIS LTDA,,,SONY MUSIC PUBLISHING (BRASIL) EDIÇÕES MUSICAIS LTDA,,,,,,,39096,391
SBT,01. Solicitação janeiro 2024.xls,Relatório Solicitação,,,,,,SONY MUSIC PUBLISHING (BRASIL) EDIÇÕES MUSICAIS LTDA,,,SONY MUSIC PUBLISHING (BRASIL) EDIÇÕES MUSICAIS LTDA,,,,,,,39096,391
SBT,01. Solicitação janeiro 2024.xls,Relatório Solicitação,,,,,,DIVERSAS,,,DIVERSAS,,,,,,,78192,782
SBT,01. Solicitação janeiro 2024.xls,Relatório Solicitação,,,,,,PEERMUSIC DO BRASIL EDIÇÕES MUSICAIS LTDA,,,PEERMUSIC DO BRASIL EDIÇÕES MUSICAIS LTDA,,,,,,,39096,391
SBT,01. Solicitação janeiro 2024.xls,Relatório Solicitação,,,,,,DIVERSAS,,,DIVERSAS,,,,,,,39096,391
SBT,01. Solicitação janeiro 2024.xls,Relatório Solicitação,,,,,,IRMÃOS VITALE EDITORES LTDA,,,IRMÃOS VITALE EDITORES LTDA,,,,,,,39096,391
SBT,01. Solicitação janeiro 2024.xls,Relatório Solicitação,,,,,,FUSION MUSIC EDIÇÕES MUSICAIS LTDA,,,FUSION MUSIC EDIÇÕES MUSICAIS LTDA,,,,,,,78192,782
SBT,01. Solicitação janeiro 2024.xls,Relatório Solicitação,,,,,,DIVERSAS,,,DIVERSAS,,,,,,,39096,391
SBT,01. Solicitação janeiro 2024.xls,Relatório Solicitação,,,,,,UNIVERSAL MUSIC PUBLISHING MGB BRASIL LTDA,,,UNIVERSAL MUSIC PUBLISHING MGB BRASIL LTDA,,,,,,,19548,195
SBT,01. Solicitação janeiro 2024.xls,Relatório Solicitação,,,,,,SONY MUSIC PUBLISHING (BRASIL) EDIÇÕES MUSICAIS LTDA,,,SONY MUSIC PUBLISHING (BRASIL) EDIÇÕES MUSICAIS LTDA,,,,,,,19548,195
SBT,01. Solicitação janeiro 2024.xls,Relatório Solicitação,,,,,,PEERMUSIC DO BRASIL EDIÇÕES MUSICAIS LTDA,,,PEERMUSIC DO BRASIL EDIÇÕES MUSICAIS LTDA,,,,,,,39096,391
SBT,01. Solicitação janeiro 2024.xls,Relatório Solicitação,,,,,,UNIVERSAL MUSIC PUBLISHING MGB BRASIL LTDA,,,UNIVERSAL MUSIC PUBLISHING MGB BRASIL LTDA,,,,,,,39096,391
SBT,01. Solicitação janeiro 2024.xls,Relatório Solicitação,,,,,,WARNER CHAPPELL EDIÇÕES MUSICAIS LTDA,,,WARNER CHAPPELL EDIÇÕES MUSICAIS LTDA,,,,,,,78192,782
SBT,01. Solicitação janeiro 2024.xls,Relatório Solicitação,,,,,,WARNER CHAPPELL EDIÇÕES MUSICAIS LTDA,,,WARNER CHAPPELL EDIÇÕES MUSICAIS LTDA,,,,,,,39096,391
SBT,01. Solicitação janeiro 2024.xls,Relatório Solicitação,,,,,,UNIVERSAL MUSIC PUBLISHING MGB BRASIL LTDA,,,UNIVERSAL MUSIC PUBLISHING MGB BRASIL LTDA,,,,,,,39096,391
SBT,01. Solicitação janeiro 2024.xls,Relatório Solicitação,,,,,,UNIVERSAL MUSIC PUBLISHING MGB BRASIL LTDA,,,UNIVERSAL MUSIC PUBLISHING MGB BRASIL LTDA,,,,,,,39096,391
SBT,01. Solicitação janeiro 2024.xls,Relatório Solicitação,,,,,,DIVERSAS,,,DIVERSAS,,,,,,,39096,391
SBT,01. Solicitação janeiro 2024.xls,Relatório Solicitação,,,,,,DIVERSAS,,,DIVERSAS,,,,,,,39096,391
SBT,01. Solicitação janeiro 2024.xls,Relatório Solicitação,,,,,,WARNER CHAPPELL EDIÇÕES MUSICAIS LTDA,,,WARNER CHAPPELL EDIÇÕES MUSICAIS LTDA,,,,,,,19548,195
SBT,01. Solicitação janeiro 2024.xls,Relatório Solicitação,,,,,,UNIVERSAL MUSIC PUBLISHING MGB BRASIL LTDA,,,UNIVERSAL MUSIC PUBLISHING MGB BRASIL LTDA,,,,,,,19548,195
SBT,01. Solicitação janeiro 2024.xls,Relatório Solicitação,,,,,,SONY MUSIC PUBLISHING (BRASIL) EDIÇÕES MUSICAIS LTDA,,,SONY MUSIC PUBLISHING (BRASIL) EDIÇÕES MUSICAIS LTDA,,,,,,,78192,782
SBT,01. Solicitação janeiro 2024.xls,Relatório Solicitação,,,,,,UNIVERSAL MUSIC PUBLISHING MGB BRASIL LTDA,,,UNIVERSAL MUSIC PUBLISHING MGB BRASIL LTDA,,,,,,,78192,782
SBT,01. Solicitação janeiro 2024.xls,Relatório Solicitação,,,,,,WARNER CHAPPELL EDIÇÕES MUSICAIS LTDA,,,WARNER CHAPPELL EDIÇÕES MUSICAIS LTDA,,,,,,,78192,782
SBT,01. Solicitação janeiro 2024.xls,Relatório Solicitação,,,,,,ABRAMUS DIGITAL SERV. IDENT. REPERTÓRIO,,,ABRAMUS DIGITAL SERV. IDENT. REPERTÓRIO,,,,,,,39096,391
SBT,01. Solicitação janeiro 2024.xls,Relatório Solicitação,,,,,,PEERMUSIC DO BRASIL EDIÇÕES MUSICAIS LTDA,,,PEERMUSIC DO BRASIL EDIÇÕES MUSICAIS LTDA,,,,,,,39096,391
SBT,01. Solicitação janeiro 2024.xls,Relatório Solicitação,,,,,,WARNER CHAPPELL EDIÇÕES MUSICAIS LTDA,,,WARNER CHAPPELL EDIÇÕES MUSICAIS LTDA,,,,,,,78192,782
SBT,01. Solicitação janeiro 2024.xls,Relatório Solicitação,,,,,,WARNER CHAPPELL EDIÇÕES MUSICAIS LTDA,,,WARNER CHAPPELL EDIÇÕES MUSICAIS LTDA,,,,,,,52131,521
SBT,01. Solicitação janeiro 2024.xls,Relatório Solicitação,,,,,,NOWA PRODUÇÕES ARTÍSTICAS LTDA,,,NOWA PRODUÇÕES ARTÍSTICAS LTDA,,,,,,,26061,261
SBT,01. Solicitação janeiro 2024.xls,Relatório Solicitação,,,,,,SONY MUSIC PUBLISHING (BRASIL) EDIÇÕES MUSICAIS LTDA,,,SONY MUSIC PUBLISHING (BRASIL) EDIÇÕES MUSICAIS LTDA,,,,,,,78192,782
SBT,01. Solicitação janeiro 2024.xls,Relatório Solicitação,,,,,,WARNER CHAPPELL EDIÇÕES MUSICAIS LTDA,,,WARNER CHAPPELL EDIÇÕES MUSICAIS LTDA,,,,,,,78192,782
SBT,01. Solicitação janeiro 2024.xls,Relatório Solicitação,,,,,,SONY MUSIC PUBLISHING (BRASIL) EDIÇÕES MUSICAIS LTDA,,,SONY MUSIC PUBLISHING (BRASIL) EDIÇÕES MUSICAIS LTDA,,,,,,,78192,782
SBT,01. Solicitação janeiro 2024.xls,Relatório Solicitação,,,,,,WARNER CHAPPELL EDIÇÕES MUSICAIS LTDA,,,WARNER CHAPPELL EDIÇÕES MUSICAIS LTDA,,,,,,,78192,782
SBT,01. Solicitação janeiro 2024.xls,Relatório Solicitação,,,,,,SONY MUSIC PUBLISHING (BRASIL) EDIÇÕES MUSICAIS LTDA,,,SONY MUSIC PUBLISHING (BRASIL) EDIÇÕES MUSICAIS LTDA,,,,,,,78192,782
SBT,01. Solicitação janeiro 2024.xls,Relatório Solicitação,,,,,,SONY MUSIC PUBLISHING (BRASIL) EDIÇÕES MUSICAIS LTDA,,,SONY MUSIC PUBLISHING (BRASIL) EDIÇÕES MUSICAIS LTDA,,,,,,,78192,782
SBT,01. Solicitação janeiro 2024.xls,Relatório Solicitação,,,,,,UNIVERSAL MUSIC PUBLISHING MGB BRASIL LTDA,,,UNIVERSAL MUSIC PUBLISHING MGB BRASIL LTDA,,,,,,,78192,782
SBT,01. Solicitação janeiro 2024.xls,Relatório Solicitação,,,,,,WARNER CHAPPELL EDIÇÕES MUSICAIS LTDA,,,WARNER CHAPPELL EDIÇÕES MUSICAIS LTDA,,,,,,,52131,521
SBT,01. Solicitação janeiro 2024.xls,Relatório Solicitação,,,,,,SONY MUSIC PUBLISHING (BRASIL) EDIÇÕES MUSICAIS LTDA,,,SONY MUSIC PUBLISHING (BRASIL) EDIÇÕES MUSICAIS LTDA,,,,,,,26061,261
SBT,01. Solicitação janeiro 2024.xls,Relatório Solicitação,,,,,,UNIVERSAL MUSIC PUBLISHING MGB BRASIL LTDA,,,UNIVERSAL MUSIC PUBLISHING MGB BRASIL LTDA,,,,,,,58644,586
SBT,01. Solicitação janeiro 2024.xls,Relatório Solicitação,,,,,,DIVERSAS,,,DIVERSAS,,,,,,,19548,195
SBT,01. Solicitação janeiro 2024.xls,Relatório Solicitação,,,,,,WARNER CHAPPELL EDIÇÕES MUSICAIS LTDA,,,WARNER CHAPPELL EDIÇÕES MUSICAIS LTDA,,,,,,,39096,391
SBT,01. Solicitação janeiro 2024.xls,Relatório Solicitação,,,,,,BMG RIGHTS MANAGEMENT BRASIL LTDA,,,BMG RIGHTS MANAGEMENT BRASIL LTDA,,,,,,,19548,195
SBT,01. Solicitação janeiro 2024.xls,Relatório Solicitação,,,,,,WARNER CHAPPELL EDIÇÕES MUSICAIS LTDA,,,WARNER CHAPPELL EDIÇÕES MUSICAIS LTDA,,,,,,,19548,195
SBT,01. Solicitação janeiro 2024.xls,Relatório Solicitação,,,,,,SONY MUSIC PUBLISHING (BRASIL) EDIÇÕES MUSICAIS LTDA,,,SONY MUSIC PUBLISHING (BRASIL) EDIÇÕES MUSICAIS LTDA,,,,,,,39096,391
SBT,01. Solicitação janeiro 2024.xls,Relatório Solicitação,,,,,,SONY MUSIC PUBLISHING (BRASIL) EDIÇÕES MUSICAIS LTDA,,,SONY MUSIC PUBLISHING (BRASIL) EDIÇÕES MUSICAIS LTDA,,,,,,,39096,391
SBT,01. Solicitação janeiro 2024.xls,Relatório Solicitação,,,,,,WARNER CHAPPELL EDIÇÕES MUSICAIS LTDA,,,WARNER CHAPPELL EDIÇÕES MUSICAIS LTDA,,,,,,,39096,391
SBT,01. Solicitação janeiro 2024.xls,Relatório Solicitação,,,,,,UNIVERSAL MUSIC PUBLISHING MGB BRASIL LTDA,,,UNIVERSAL MUSIC PUBLISHING MGB BRASIL LTDA,,,,,,,39096,391
SBT,01. Solicitação janeiro 2024.xls,Relatório Solicitação,,,,,,UNIVERSAL MUSIC PUBLISHING MGB BRASIL LTDA,,,UNIVERSAL MUSIC PUBLISHING MGB BRASIL LTDA,,,,,,,7819,78
SBT,01. Solicitação janeiro 2024.xls,Relatório Solicitação,,,,,,DC CONSULTORIA LTDA,,,DC CONSULTORIA LTDA,,,,,,,7819,78
SBT,01. Solicitação janeiro 2024.xls,Relatório Solicitação,,,,,,SONY MUSIC PUBLISHING (BRASIL) EDIÇÕES MUSICAIS LTDA,,,SONY MUSIC PUBLISHING (BRASIL) EDIÇÕES MUSICAIS LTDA,,,,,,,7819,78
SBT,01. Solicitação janeiro 2024.xls,Relatório Solicitação,,,,,,WARNER CHAPPELL EDIÇÕES MUSICAIS LTDA,,,WARNER CHAPPELL EDIÇÕES MUSICAIS LTDA,,,,,,,15638,156
SBT,01. Solicitação janeiro 2024.xls,Relatório Solicitação,,,,,,UNIVERSAL MUSIC PUBLISHING MGB BRASIL LTDA,,,UNIVERSAL MUSIC PUBLISHING MGB BRASIL LTDA,,,,,,,7819,78
SBT,01. Solicitação janeiro 2024.xls,Relatório Solicitação,,,,,,DC CONSULTORIA LTDA,,,DC CONSULTORIA LTDA,,,,,,,7819,78
SBT,01. Solicitação janeiro 2024.xls,Relatório Solicitação,,,,,,SONY MUSIC PUBLISHING (BRASIL) EDIÇÕES MUSICAIS LTDA,,,SONY MUSIC PUBLISHING (BRASIL) EDIÇÕES MUSICAIS LTDA,,,,,,,7819,78
SBT,01. Solicitação janeiro 2024.xls,Relatório Solicitação,,,,,,WARNER CHAPPELL EDIÇÕES MUSICAIS LTDA,,,WARNER CHAPPELL EDIÇÕES MUSICAIS LTDA,,,,,,,15638,156
SBT,01. Solicitação janeiro 2024.xls,Relatório Solicitação,,,,,,WARNER CHAPPELL EDIÇÕES MUSICAIS LTDA,,,WARNER CHAPPELL EDIÇÕES MUSICAIS LTDA,,,,,,,39096,391
SBT,01. Solicitação janeiro 2024.xls,Relatório Solicitação,,,,,,WARNER CHAPPELL EDIÇÕES MUSICAIS LTDA,,,WARNER CHAPPELL EDIÇÕES MUSICAIS LTDA,,,,,,,39096,391
SBT,01. Solicitação janeiro 2024.xls,Relatório Solicitação,,,,,,SONY MUSIC PUBLISHING (BRASIL) EDIÇÕES MUSICAIS LTDA,,,SONY MUSIC PUBLISHING (BRASIL) EDIÇÕES MUSICAIS LTDA,,,,,,,39096,391
SBT,01. Solicitação janeiro 2024.xls,Relatório Solicitação,,,,,,DIVERSAS,,,DIVERSAS,,,,,,,39096,391
SBT,01. Solicitação janeiro 2024.xls,Relatório Solicitação,,,,,,SONY MUSIC PUBLISHING (BRASIL) EDIÇÕES MUSICAIS LTDA,,,SONY MUSIC PUBLISHING (BRASIL) EDIÇÕES MUSICAIS LTDA,,,,,,,19548,195
SBT,01. Solicitação janeiro 2024.xls,Relatório Solicitação,,,,,,WARNER CHAPPELL EDIÇÕES MUSICAIS LTDA,,,WARNER CHAPPELL EDIÇÕES MUSICAIS LTDA,,,,,,,19548,195
SBT,01. Solicitação janeiro 2024.xls,Relatório Solicitação,,,,,,WARNER CHAPPELL EDIÇÕES MUSICAIS LTDA,,,WARNER CHAPPELL EDIÇÕES MUSICAIS LTDA,,,,,,,39096,391
SBT,01. Solicitação janeiro 2024.xls,Relatório Solicitação,,,,,,INDIE PUBLISHING LTDA,,,INDIE PUBLISHING LTDA,,,,,,,39096,391
SBT,01. Solicitação janeiro 2024.xls,Relatório Solicitação,,,,,,SONY MUSIC PUBLISHING (BRASIL) EDIÇÕES MUSICAIS LTDA,,,SONY MUSIC PUBLISHING (BRASIL) EDIÇÕES MUSICAIS LTDA,,,,,,,39096,391
SBT,01. Solicitação janeiro 2024.xls,Relatório Solicitação,,,,,,WARNER CHAPPELL EDIÇÕES MUSICAIS LTDA,,,WARNER CHAPPELL EDIÇÕES MUSICAIS LTDA,,,,,,,39096,391
SBT,01. Solicitação janeiro 2024.xls,Relatório Solicitação,,,,,,UNIVERSAL MUSIC PUBLISHING MGB BRASIL LTDA,,,UNIVERSAL MUSIC PUBLISHING MGB BRASIL LTDA,,,,,,,19548,195
SBT,01. Solicitação janeiro 2024.xls,Relatório Solicitação,,,,,,WARNER CHAPPELL EDIÇÕES MUSICAIS LTDA,,,WARNER CHAPPELL EDIÇÕES MUSICAIS LTDA,,,,,,,19548,195
SBT,01. Solicitação janeiro 2024.xls,Relatório Solicitação,,,,,,MK MUSIC EDIÇÕES MUSICAIS LTDA,,,MK MUSIC EDIÇÕES MUSICAIS LTDA,,,,,,,78192,782
SBT,01. Solicitação janeiro 2024.xls,Relatório Solicitação,,,,,,ABRAMUS DIGITAL SERV. IDENT. REPERTÓRIO,,,ABRAMUS DIGITAL SERV. IDENT. REPERTÓRIO,,,,,,,39096,391
SBT,01. Solicitação janeiro 2024.xls,Relatório Solicitação,,,,,,ABRAMUS DIGITAL SERV. IDENT. REPERTÓRIO,,,ABRAMUS DIGITAL SERV. IDENT. REPERTÓRIO,,,,,,,39096,391
SBT,01. Solicitação janeiro 2024.xls,Relatório Solicitação,,,,,,ABRAMUS DIGITAL SERV. IDENT. REPERTÓRIO,,,ABRAMUS DIGITAL SERV. IDENT. REPERTÓRIO,,,,,,,39096,391
SBT,01. Solicitação janeiro 2024.xls,Relatório Solicitação,,,,,,ABRAMUS DIGITAL SERV. IDENT. REPERTÓRIO,,,ABRAMUS DIGITAL SERV. IDENT. REPERTÓRIO,,,,,,,39096,391
SBT,01. Solicitação janeiro 2024.xls,Relatório Solicitação,,,,,,DIVERSAS,,,DIVERSAS,,,,,,,39096,391
SBT,01. Solicitação janeiro 2024.xls,Relatório Solicitação,,,,,,ABRAMUS DIGITAL SERV. IDENT. REPERTÓRIO,,,ABRAMUS DIGITAL SERV. IDENT. REPERTÓRIO,,,,,,,39096,391
SBT,01. Solicitação janeiro 2024.xls,Relatório Solicitação,,,,,,ABRAMUS DIGITAL SERV. IDENT. REPERTÓRIO,,,ABRAMUS DIGITAL SERV. IDENT. REPERTÓRIO,,,,,,,78192,782
SBT,01. Solicitação janeiro 2024.xls,Relatório Solicitação,,,,,,IESSI MUSIC LABEL LTDA,,,IESSI MUSIC LABEL LTDA,,,,,,,39096,391
SBT,01. Solicitação janeiro 2024.xls,Relatório Solicitação,,,,,,SONY MUSIC PUBLISHING (BRASIL) EDIÇÕES MUSICAIS LTDA,,,SONY MUSIC PUBLISHING (BRASIL) EDIÇÕES MUSICAIS LTDA,,,,,,,39096,391
SBT,01. Solicitação janeiro 2024.xls,Relatório Solicitação,,,,,,UNIVERSAL MUSIC PUBLISHING MGB BRASIL LTDA,,,UNIVERSAL MUSIC PUBLISHING MGB BRASIL LTDA,,,,,,,78192,782
SBT,01. Solicitação janeiro 2024.xls,Relatório Solicitação,,,,,,UNIVERSAL MUSIC PUBLISHING MGB BRASIL LTDA,,,UNIVERSAL MUSIC PUBLISHING MGB BRASIL LTDA,,,,,,,39096,391
SBT,01. Solicitação janeiro 2024.xls,Relatório Solicitação,,,,,,WARNER CHAPPELL EDIÇÕES MUSICAIS LTDA,,,WARNER CHAPPELL EDIÇÕES MUSICAIS LTDA,,,,,,,19548,195
SBT,01. Solicitação janeiro 2024.xls,Relatório Solicitação,,,,,,SONY MUSIC PUBLISHING (BRASIL) EDIÇÕES MUSICAIS LTDA,,,SONY MUSIC PUBLISHING (BRASIL) EDIÇÕES MUSICAIS LTDA,,,,,,,19548,195
SBT,01. Solicitação janeiro 2024.xls,Relatório Solicitação,,,,,,UNIVERSAL MUSIC PUBLISHING MGB BRASIL LTDA,,,UNIVERSAL MUSIC PUBLISHING MGB BRASIL LTDA,,,,,,,78192,782
SBT,01. Solicitação janeiro 2024.xls,Relatório Solicitação,,,,,,DIVERSAS,,,DIVERSAS,,,,,,,2275,23
SBT,01. Solicitação janeiro 2024.xls,Relatório Solicitação,,,,,,ABRAMUS DIGITAL SERV. IDENT. REPERTÓRIO,,,ABRAMUS DIGITAL SERV. IDENT. REPERTÓRIO,,,,,,,2283,23
SBT,01. Solicitação janeiro 2024.xls,Relatório Solicitação,,,,,,SONY MUSIC PUBLISHING (BRASIL) EDIÇÕES MUSICAIS LTDA,,,SONY MUSIC PUBLISHING (BRASIL) EDIÇÕES MUSICAIS LTDA,,,,,,,34537,345
SBT,01. Solicitação janeiro 2024.xls,Relatório Solicitação,,,,,,UNIVERSAL MUSIC PUBLISHING MGB BRASIL LTDA,,,UNIVERSAL MUSIC PUBLISHING MGB BRASIL LTDA,,,,,,,12382,124
SBT,01. Solicitação janeiro 2024.xls,Relatório Solicitação,,,,,,PEERMUSIC DO BRASIL EDIÇÕES MUSICAIS LTDA,,,PEERMUSIC DO BRASIL EDIÇÕES MUSICAIS LTDA,,,,,,,14333,143
SBT,01. Solicitação janeiro 2024.xls,Relatório Solicitação,,,,,,WARNER CHAPPELL EDIÇÕES MUSICAIS LTDA,,,WARNER CHAPPELL EDIÇÕES MUSICAIS LTDA,,,,,,,12382,124
SBT,01. Solicitação janeiro 2024.xls,Relatório Solicitação,,,,,,UNIVERSAL MUSIC PUBLISHING MGB BRASIL LTDA,,,UNIVERSAL MUSIC PUBLISHING MGB BRASIL LTDA,,,,,,,4887,49
SBT,01. Solicitação janeiro 2024.xls,Relatório Solicitação,,,,,,PEERMUSIC DO BRASIL EDIÇÕES MUSICAIS LTDA,,,PEERMUSIC DO BRASIL EDIÇÕES MUSICAIS LTDA,,,,,,,20525,205
SBT,01. Solicitação janeiro 2024.xls,Relatório Solicitação,,,,,,SONY MUSIC PUBLISHING (BRASIL) EDIÇÕES MUSICAIS LTDA,,,SONY MUSIC PUBLISHING (BRASIL) EDIÇÕES MUSICAIS LTDA,,,,,,,13684,137
SBT,01. Solicitação janeiro 2024.xls,Relatório Solicitação,,,,,,UNIVERSAL MUSIC PUBLISHING MGB BRASIL LTDA,,,UNIVERSAL MUSIC PUBLISHING MGB BRASIL LTDA,,,,,,,22285,223
SBT,01. Solicitação janeiro 2024.xls,Relatório Solicitação,,,,,,SONY MUSIC PUBLISHING (BRASIL) EDIÇÕES MUSICAIS LTDA,,,SONY MUSIC PUBLISHING (BRASIL) EDIÇÕES MUSICAIS LTDA,,,,,,,16811,168
SBT,01. Solicitação janeiro 2024.xls,Relatório Solicitação,,,,,,SONY MUSIC PUBLISHING (BRASIL) EDIÇÕES MUSICAIS LTDA,,,SONY MUSIC PUBLISHING (BRASIL) EDIÇÕES MUSICAIS LTDA,,,,,,,39096,391
SBT,01. Solicitação janeiro 2024.xls,Relatório Solicitação,,,,,,PEERMUSIC DO BRASIL EDIÇÕES MUSICAIS LTDA,,,PEERMUSIC DO BRASIL EDIÇÕES MUSICAIS LTDA,,,,,,,29658,297
SBT,01. Solicitação janeiro 2024.xls,Relatório Solicitação,,,,,,SONY MUSIC PUBLISHING (BRASIL) EDIÇÕES MUSICAIS LTDA,,,SONY MUSIC PUBLISHING (BRASIL) EDIÇÕES MUSICAIS LTDA,,,,,,,9438,94
SBT,01. Solicitação janeiro 2024.xls,Relatório Solicitação,,,,,,SONY MUSIC PUBLISHING (BRASIL) EDIÇÕES MUSICAIS LTDA,,,SONY MUSIC PUBLISHING (BRASIL) EDIÇÕES MUSICAIS LTDA,,,,,,,39096,391
SBT,01. Solicitação janeiro 2024.xls,Relatório Solicitação,,,,,,UNIVERSAL MUSIC PUBLISHING MGB BRASIL LTDA,,,UNIVERSAL MUSIC PUBLISHING MGB BRASIL LTDA,,,,,,,39096,391
SBT,01. Solicitação janeiro 2024.xls,Relatório Solicitação,,,,,,ABRAMUS DIGITAL SERV. IDENT. REPERTÓRIO,,,ABRAMUS DIGITAL SERV. IDENT. REPERTÓRIO,,,,,,,73300,733
SBT,01. Solicitação janeiro 2024.xls,Relatório Solicitação,,,,,,PEERMUSIC DO BRASIL EDIÇÕES MUSICAIS LTDA,,,PEERMUSIC DO BRASIL EDIÇÕES MUSICAIS LTDA,,,,,,,23458,235
SBT,01. Solicitação janeiro 2024.xls,Relatório Solicitação,,,,,,SONY MUSIC PUBLISHING (BRASIL) EDIÇÕES MUSICAIS LTDA,,,SONY MUSIC PUBLISHING (BRASIL) EDIÇÕES MUSICAIS LTDA,,,,,,,8308,83
SBT,01. Solicitação janeiro 2024.xls,Relatório Solicitação,,,,,,JULIANA FAKRI DE ASSIS EPP,,,JULIANA FAKRI DE ASSIS EPP,,,,,,,13031,130
SBT,01. Solicitação janeiro 2024.xls,Relatório Solicitação,,,,,,WARNER CHAPPELL EDIÇÕES MUSICAIS LTDA,,,WARNER CHAPPELL EDIÇÕES MUSICAIS LTDA,,,,,,,26065,261
SBT,01. Solicitação janeiro 2024.xls,Relatório Solicitação,,,,,,DIVERSAS,,,DIVERSAS,,,,,,,39096,391
SBT,01. Solicitação janeiro 2024.xls,Relatório Solicitação,,,,,,WARNER CHAPPELL EDIÇÕES MUSICAIS LTDA,,,WARNER CHAPPELL EDIÇÕES MUSICAIS LTDA,,,,,,,78192,782
SBT,01. Solicitação janeiro 2024.xls,Relatório Solicitação,,,,,,SONY MUSIC PUBLISHING (BRASIL) EDIÇÕES MUSICAIS LTDA,,,SONY MUSIC PUBLISHING (BRASIL) EDIÇÕES MUSICAIS LTDA,,,,,,,78192,782
SBT,01. Solicitação janeiro 2024.xls,Relatório Solicitação,,,,,,SONY MUSIC PUBLISHING (BRASIL) EDIÇÕES MUSICAIS LTDA,,,SONY MUSIC PUBLISHING (BRASIL) EDIÇÕES MUSICAIS LTDA,,,,,,,39096,391
SBT,01. Solicitação janeiro 2024.xls,Relatório Solicitação,,,,,,UNIVERSAL MUSIC PUBLISHING MGB BRASIL LTDA,,,UNIVERSAL MUSIC PUBLISHING MGB BRASIL LTDA,,,,,,,39096,391
SBT,01. Solicitação janeiro 2024.xls,Relatório Solicitação,,,,,,UNIVERSAL MUSIC PUBLISHING MGB BRASIL LTDA,,,UNIVERSAL MUSIC PUBLISHING MGB BRASIL LTDA,,,,,,,39096,391
SBT,01. Solicitação janeiro 2024.xls,Relatório Solicitação,,,,,,UNIVERSAL MUSIC PUBLISHING MGB BRASIL LTDA,,,UNIVERSAL MUSIC PUBLISHING MGB BRASIL LTDA,,,,,,,39096,391
SBT,01. Solicitação janeiro 2024.xls,Relatório Solicitação,,,,,,SONY MUSIC PUBLISHING (BRASIL) EDIÇÕES MUSICAIS LTDA,,,SONY MUSIC PUBLISHING (BRASIL) EDIÇÕES MUSICAIS LTDA,,,,,,,39096,391
SBT,01. Solicitação janeiro 2024.xls,Relatório Solicitação,,,,,,DIVERSAS,,,DIVERSAS,,,,,,,39096,391
SBT,01. Solicitação janeiro 2024.xls,Relatório Solicitação,,,,,,BMG RIGHTS MANAGEMENT BRASIL LTDA,,,BMG RIGHTS MANAGEMENT BRASIL LTDA,,,,,,,39096,391
SBT,01. Solicitação janeiro 2024.xls,Relatório Solicitação,,,,,,WARNER CHAPPELL EDIÇÕES MUSICAIS LTDA,,,WARNER CHAPPELL EDIÇÕES MUSICAIS LTDA,,,,,,,39096,391
SBT,01. Solicitação janeiro 2024.xls,Relatório Solicitação,,,,,,DIVERSAS,,,DIVERSAS,,,,,,,39096,391
SBT,01. Solicitação janeiro 2024.xls,Relatório Solicitação,,,,,,WARNER CHAPPELL EDIÇÕES MUSICAIS LTDA,,,WARNER CHAPPELL EDIÇÕES MUSICAIS LTDA,,,,,,,39096,391
SBT,01. Solicitação janeiro 2024.xls,Relatório Solicitação,,,,,,PEERMUSIC DO BRASIL EDIÇÕES MUSICAIS LTDA,,,PEERMUSIC DO BRASIL EDIÇÕES MUSICAIS LTDA,,,,,,,39096,391
SBT,01. Solicitação janeiro 2024.xls,Relatório Solicitação,,,,,,WARNER CHAPPELL EDIÇÕES MUSICAIS LTDA,,,WARNER CHAPPELL EDIÇÕES MUSICAIS LTDA,,,,,,,39096,391
SBT,01. Solicitação janeiro 2024.xls,Relatório Solicitação,,,,,,UNIVERSAL MUSIC PUBLISHING MGB BRASIL LTDA,,,UNIVERSAL MUSIC PUBLISHING MGB BRASIL LTDA,,,,,,,39096,391
SBT,01. Solicitação janeiro 2024.xls,Relatório Solicitação,,,,,,UNIVERSAL MUSIC PUBLISHING MGB BRASIL LTDA,,,UNIVERSAL MUSIC PUBLISHING MGB BRASIL LTDA,,,,,,,39096,391
SBT,01. Solicitação janeiro 2024.xls,Relatório Solicitação,,,,,,UNIVERSAL MUSIC PUBLISHING MGB BRASIL LTDA,,,UNIVERSAL MUSIC PUBLISHING MGB BRASIL LTDA,,,,,,,39096,391
SBT,01. Solicitação janeiro 2024.xls,Relatório Solicitação,,,,,,DIVERSAS,,,DIVERSAS,,,,,,,39096,391
SBT,01. Solicitação janeiro 2024.xls,Relatório Solicitação,,,,,,SONY MUSIC PUBLISHING (BRASIL) EDIÇÕES MUSICAIS LTDA,,,SONY MUSIC PUBLISHING (BRASIL) EDIÇÕES MUSICAIS LTDA,,,,,,,39096,391
SBT,01. Solicitação janeiro 2024.xls,Relatório Solicitação,,,,,,SONY MUSIC PUBLISHING (BRASIL) EDIÇÕES MUSICAIS LTDA,,,SONY MUSIC PUBLISHING (BRASIL) EDIÇÕES MUSICAIS LTDA,,,,,,,39096,391
SBT,01. Solicitação janeiro 2024.xls,Relatório Solicitação,,,,,,WARNER CHAPPELL EDIÇÕES MUSICAIS LTDA,,,WARNER CHAPPELL EDIÇÕES MUSICAIS LTDA,,,,,,,39096,391
SBT,01. Solicitação janeiro 2024.xls,Relatório Solicitação,,,,,,EDITORA E IMPORTADORA MUSICAL FERMATA DO BRASIL LTDA,,,EDITORA E IMPORTADORA MUSICAL FERMATA DO BRASIL LTDA,,,,,,,26061,261
SBT,01. Solicitação janeiro 2024.xls,Relatório Solicitação,,,,,,SONY MUSIC PUBLISHING (BRASIL) EDIÇÕES MUSICAIS LTDA,,,SONY MUSIC PUBLISHING (BRASIL) EDIÇÕES MUSICAIS LTDA,,,,,,,13035,130
SBT,01. Solicitação janeiro 2024.xls,Relatório Solicitação,,,,,,SONY MUSIC PUBLISHING (BRASIL) EDIÇÕES MUSICAIS LTDA,,,SONY MUSIC PUBLISHING (BRASIL) EDIÇÕES MUSICAIS LTDA,,,,,,,78192,782
SBT,01. Solicitação janeiro 2024.xls,Relatório Solicitação,,,,,,WARNER CHAPPELL EDIÇÕES MUSICAIS LTDA,,,WARNER CHAPPELL EDIÇÕES MUSICAIS LTDA,,,,,,,29322,293
SBT,01. Solicitação janeiro 2024.xls,Relatório Solicitação,,,,,,SONY MUSIC PUBLISHING (BRASIL) EDIÇÕES MUSICAIS LTDA,,,SONY MUSIC PUBLISHING (BRASIL) EDIÇÕES MUSICAIS LTDA,,,,,,,9774,98
SBT,01. Solicitação janeiro 2024.xls,Relatório Solicitação,,,,,,SONY MUSIC PUBLISHING (BRASIL) EDIÇÕES MUSICAIS LTDA,,,SONY MUSIC PUBLISHING (BRASIL) EDIÇÕES MUSICAIS LTDA,,,,,,,78192,782
SBT,01. Solicitação janeiro 2024.xls,Relatório Solicitação,,,,,,UNIVERSAL MUSIC PUBLISHING MGB BRASIL LTDA,,,UNIVERSAL MUSIC PUBLISHING MGB BRASIL LTDA,,,,,,,78192,782
SBT,01. Solicitação janeiro 2024.xls,Relatório Solicitação,,,,,,SONY MUSIC PUBLISHING (BRASIL) EDIÇÕES MUSICAIS LTDA,,,SONY MUSIC PUBLISHING (BRASIL) EDIÇÕES MUSICAIS LTDA,,,,,,,39096,391
SBT,01. Solicitação janeiro 2024.xls,Relatório Solicitação,,,,,,SONY MUSIC PUBLISHING (BRASIL) EDIÇÕES MUSICAIS LTDA,,,SONY MUSIC PUBLISHING (BRASIL) EDIÇÕES MUSICAIS LTDA,,,,,,,39096,391
SBT,01. Solicitação janeiro 2024.xls,Relatório Solicitação,,,,,,IRMÃOS VITALE EDITORES LTDA,,,IRMÃOS VITALE EDITORES LTDA,,,,,,,39096,391
SBT,01. Solicitação janeiro 2024.xls,Relatório Solicitação,,,,,,UNIVERSAL MUSIC PUBLISHING MGB BRASIL LTDA,,,UNIVERSAL MUSIC PUBLISHING MGB BRASIL LTDA,,,,,,,39096,391
SBT,01. Solicitação janeiro 2024.xls,Relatório Solicitação,,,,,,ROYAL MUSIC PRODUÇÕES E ASSESSORIA LTDA,,,ROYAL MUSIC PRODUÇÕES E ASSESSORIA LTDA,,,,,,,19548,195
SBT,01. Solicitação janeiro 2024.xls,Relatório Solicitação,,,,,,ABRAMUS DIGITAL SERV. IDENT. REPERTÓRIO,,,ABRAMUS DIGITAL SERV. IDENT. REPERTÓRIO,,,,,,,19548,195
SBT,01. Solicitação janeiro 2024.xls,Relatório Solicitação,,,,,,UNIVERSAL MUSIC PUBLISHING MGB BRASIL LTDA,,,UNIVERSAL MUSIC PUBLISHING MGB BRASIL LTDA,,,,,,,39096,391
SBT,01. Solicitação janeiro 2024.xls,Relatório Solicitação,,,,,,WARNER CHAPPELL EDIÇÕES MUSICAIS LTDA,,,WARNER CHAPPELL EDIÇÕES MUSICAIS LTDA,,,,,,,39096,391
SBT,01. Solicitação janeiro 2024.xls,Relatório Solicitação,,,,,,SONY MUSIC PUBLISHING (BRASIL) EDIÇÕES MUSICAIS LTDA,,,SONY MUSIC PUBLISHING (BRASIL) EDIÇÕES MUSICAIS LTDA,,,,,,,39096,391
SBT,01. Solicitação janeiro 2024.xls,Relatório Solicitação,,,,,,UNIVERSAL MUSIC PUBLISHING MGB BRASIL LTDA,,,UNIVERSAL MUSIC PUBLISHING MGB BRASIL LTDA,,,,,,,19548,195
SBT,01. Solicitação janeiro 2024.xls,Relatório Solicitação,,,,,,SONY MUSIC PUBLISHING (BRASIL) EDIÇÕES MUSICAIS LTDA,,,SONY MUSIC PUBLISHING (BRASIL) EDIÇÕES MUSICAIS LTDA,,,,,,,19548,195
SBT,01. Solicitação janeiro 2024.xls,Relatório Solicitação,,,,,,ALTAFONTE BRASIL DIREITOS MUSICAIS LTDA,,,ALTAFONTE BRASIL DIREITOS MUSICAIS LTDA,,,,,,,3261,33
SBT,01. Solicitação janeiro 2024.xls,Relatório Solicitação,,,,,,UNIVERSAL MUSIC PUBLISHING MGB BRASIL LTDA,,,UNIVERSAL MUSIC PUBLISHING MGB BRASIL LTDA,,,,,,,13031,130
SBT,01. Solicitação janeiro 2024.xls,Relatório Solicitação,,,,,,WARNER CHAPPELL EDIÇÕES MUSICAIS LTDA,,,WARNER CHAPPELL EDIÇÕES MUSICAIS LTDA,,,,,,,9774,98
SBT,01. Solicitação janeiro 2024.xls,Relatório Solicitação,,,,,,SONY MUSIC PUBLISHING (BRASIL) EDIÇÕES MUSICAIS LTDA,,,SONY MUSIC PUBLISHING (BRASIL) EDIÇÕES MUSICAIS LTDA,,,,,,,13031,130
SBT,01. Solicitação janeiro 2024.xls,Relatório Solicitação,,,,,,WARNER CHAPPELL EDIÇÕES MUSICAIS LTDA,,,WARNER CHAPPELL EDIÇÕES MUSICAIS LTDA,,,,,,,39096,391
SBT,01. Solicitação janeiro 2024.xls,Relatório Solicitação,,,,,,WARNER CHAPPELL EDIÇÕES MUSICAIS LTDA,,,WARNER CHAPPELL EDIÇÕES MUSICAIS LTDA,,,,,,,39096,391
SBT,01. Solicitação janeiro 2024.xls,Relatório Solicitação,,,,,,UNIVERSAL MUSIC PUBLISHING MGB BRASIL LTDA,,,UNIVERSAL MUSIC PUBLISHING MGB BRASIL LTDA,,,,,,,39096,391
SBT,01. Solicitação janeiro 2024.xls,Relatório Solicitação,,,,,,UNIVERSAL MUSIC PUBLISHING MGB BRASIL LTDA,,,UNIVERSAL MUSIC PUBLISHING MGB BRASIL LTDA,,,,,,,26061,261
SBT,01. Solicitação janeiro 2024.xls,Relatório Solicitação,,,,,,JULIANA FAKRI DE ASSIS EPP,,,JULIANA FAKRI DE ASSIS EPP,,,,,,,26069,261
SBT,01. Solicitação janeiro 2024.xls,Relatório Solicitação,,,,,,WARNER CHAPPELL EDIÇÕES MUSICAIS LTDA,,,WARNER CHAPPELL EDIÇÕES MUSICAIS LTDA,,,,,,,26061,261
SBT,01. Solicitação janeiro 2024.xls,Relatório Solicitação,,,,,,WARNER CHAPPELL EDIÇÕES MUSICAIS LTDA,,,WARNER CHAPPELL EDIÇÕES MUSICAIS LTDA,,,,,,,78192,782
SBT,01. Solicitação janeiro 2024.xls,Relatório Solicitação,,,,,,UNIVERSAL MUSIC PUBLISHING MGB BRASIL LTDA,,,UNIVERSAL MUSIC PUBLISHING MGB BRASIL LTDA,,,,,,,26069,261
SBT,01. Solicitação janeiro 2024.xls,Relatório Solicitação,,,,,,DECK PRODUÇÕES ARTÍSTICAS LTDA,,,DECK PRODUÇÕES ARTÍSTICAS LTDA,,,,,,,52123,521
SBT,01. Solicitação janeiro 2024.xls,Relatório Solicitação,,,,,,UNIVERSAL MUSIC PUBLISHING MGB BRASIL LTDA,,,UNIVERSAL MUSIC PUBLISHING MGB BRASIL LTDA,,,,,,,52123,521
SBT,01. Solicitação janeiro 2024.xls,Relatório Solicitação,,,,,,PEERMUSIC DO BRASIL EDIÇÕES MUSICAIS LTDA,,,PEERMUSIC DO BRASIL EDIÇÕES MUSICAIS LTDA,,,,,,,26069,261
SBT,01. Solicitação janeiro 2024.xls,Relatório Solicitação,,,,,,LUANDA EDIÇÕES MUSICAS LTDA,,,LUANDA EDIÇÕES MUSICAS LTDA,,,,,,,78192,782
SBT,01. Solicitação janeiro 2024.xls,Relatório Solicitação,,,,,,DIVERSAS,,,DIVERSAS,,,,,,,78192,782
SBT,01. Solicitação janeiro 2024.xls,Relatório Solicitação,,,,,,IRMÃOS VITALE EDITORES LTDA,,,IRMÃOS VITALE EDITORES LTDA,,,,,,,78192,782
SBT,01. Solicitação janeiro 2024.xls,Relatório Solicitação,,,,,,PEERMUSIC DO BRASIL EDIÇÕES MUSICAIS LTDA,,,PEERMUSIC DO BRASIL EDIÇÕES MUSICAIS LTDA,,,,,,,26061,261
SBT,01. Solicitação janeiro 2024.xls,Relatório Solicitação,,,,,,SONY MUSIC PUBLISHING (BRASIL) EDIÇÕES MUSICAIS LTDA,,,SONY MUSIC PUBLISHING (BRASIL) EDIÇÕES MUSICAIS LTDA,,,,,,,52131,521
SBT,01. Solicitação janeiro 2024.xls,Relatório Solicitação,,,,,,UNIVERSAL MUSIC PUBLISHING MGB BRASIL LTDA,,,UNIVERSAL MUSIC PUBLISHING MGB BRASIL LTDA,,,,,,,78192,782
SBT,01. Solicitação janeiro 2024.xls,Relatório Solicitação,,,,,,WARNER CHAPPELL EDIÇÕES MUSICAIS LTDA,,,WARNER CHAPPELL EDIÇÕES MUSICAIS LTDA,,,,,,,78192,782
SBT,01. Solicitação janeiro 2024.xls,Relatório Solicitação,,,,,,WARNER CHAPPELL EDIÇÕES MUSICAIS LTDA,,,WARNER CHAPPELL EDIÇÕES MUSICAIS LTDA,,,,,,,78192,782
SBT,01. Solicitação janeiro 2024.xls,Relatório Solicitação,,,,,,SONY MUSIC PUBLISHING (BRASIL) EDIÇÕES MUSICAIS LTDA,,,SONY MUSIC PUBLISHING (BRASIL) EDIÇÕES MUSICAIS LTDA,,,,,,,78192,782
SBT,01. Solicitação janeiro 2024.xls,Relatório Solicitação,,,,,,PEERMUSIC DO BRASIL EDIÇÕES MUSICAIS LTDA,,,PEERMUSIC DO BRASIL EDIÇÕES MUSICAIS LTDA,,,,,,,78192,782
SBT,01. Solicitação janeiro 2024.xls,Relatório Solicitação,,,,,,UNIVERSAL MUSIC PUBLISHING MGB BRASIL LTDA,,,UNIVERSAL MUSIC PUBLISHING MGB BRASIL LTDA,,,,,,,78192,782
SBT,01. Solicitação janeiro 2024.xls,Relatório Solicitação,,,,,,UNIVERSAL MUSIC PUBLISHING MGB BRASIL LTDA,,,UNIVERSAL MUSIC PUBLISHING MGB BRASIL LTDA,,,,,,,78192,782
SBT,01. Solicitação janeiro 2024.xls,Relatório Solicitação,,,,,,PEERMUSIC DO BRASIL EDIÇÕES MUSICAIS LTDA,,,PEERMUSIC DO BRASIL EDIÇÕES MUSICAIS LTDA,,,,,,,78192,782
SBT,01. Solicitação janeiro 2024.xls,Relatório Solicitação,,,,,,WARNER CHAPPELL EDIÇÕES MUSICAIS LTDA,,,WARNER CHAPPELL EDIÇÕES MUSICAIS LTDA,,,,,,,26069,261
SBT,01. Solicitação janeiro 2024.xls,Relatório Solicitação,,,,,,DIVERSAS,,,DIVERSAS,,,,,,,52123,521
SBT,01. Solicitação janeiro 2024.xls,Relatório Solicitação,,,,,,WARNER CHAPPELL EDIÇÕES MUSICAIS LTDA,,,WARNER CHAPPELL EDIÇÕES MUSICAIS LTDA,,,,,,,39096,391
SBT,01. Solicitação janeiro 2024.xls,Relatório Solicitação,,,,,,UNIVERSAL MUSIC PUBLISHING MGB BRASIL LTDA,,,UNIVERSAL MUSIC PUBLISHING MGB BRASIL LTDA,,,,,,,39096,391
SBT,01. Solicitação janeiro 2024.xls,Relatório Solicitação,,,,,,WARNER CHAPPELL EDIÇÕES MUSICAIS LTDA,,,WARNER CHAPPELL EDIÇÕES MUSICAIS LTDA,,,,,,,78192,782
SBT,01. Solicitação janeiro 2024.xls,Relatório Solicitação,,,,,,UNIVERSAL MUSIC PUBLISHING MGB BRASIL LTDA,,,UNIVERSAL MUSIC PUBLISHING MGB BRASIL LTDA,,,,,,,78192,782
SBT,01. Solicitação janeiro 2024.xls,Relatório Solicitação,,,,,,SONY MUSIC PUBLISHING (BRASIL) EDIÇÕES MUSICAIS LTDA,,,SONY MUSIC PUBLISHING (BRASIL) EDIÇÕES MUSICAIS LTDA,,,,,,,39096,391
SBT,01. Solicitação janeiro 2024.xls,Relatório Solicitação,,,,,,WARNER CHAPPELL EDIÇÕES MUSICAIS LTDA,,,WARNER CHAPPELL EDIÇÕES MUSICAIS LTDA,,,,,,,39096,391
SBT,01. Solicitação janeiro 2024.xls,Relatório Solicitação,,,,,,DIVERSAS,,,DIVERSAS,,,,,,,78192,782
SBT,01. Solicitação janeiro 2024.xls,Relatório Solicitação,,,,,,EDITORA E IMPORTADORA MUSICAL FERMATA DO BRASIL LTDA,,,EDITORA E IMPORTADORA MUSICAL FERMATA DO BRASIL LTDA,,,,,,,39096,391
SBT,01. Solicitação janeiro 2024.xls,Relatório Solicitação,,,,,,BMG RIGHTS MANAGEMENT BRASIL LTDA,,,BMG RIGHTS MANAGEMENT BRASIL LTDA,,,,,,,39096,391
SBT,01. Solicitação janeiro 2024.xls,Relatório Solicitação,,,,,,EDITORA E IMPORTADORA MUSICAL FERMATA DO BRASIL LTDA,,,EDITORA E IMPORTADORA MUSICAL FERMATA DO BRASIL LTDA,,,,,,,39096,391
SBT,01. Solicitação janeiro 2024.xls,Relatório Solicitação,,,,,,WARNER CHAPPELL EDIÇÕES MUSICAIS LTDA,,,WARNER CHAPPELL EDIÇÕES MUSICAIS LTDA,,,,,,,39096,391
SBT,01. Solicitação janeiro 2024.xls,Relatório Solicitação,,,,,,DIVERSAS,,,DIVERSAS,,,,,,,39096,391
SBT,01. Solicitação janeiro 2024.xls,Relatório Solicitação,,,,,,DIVERSAS,,,DIVERSAS,,,,,,,7819,78
SBT,01. Solicitação janeiro 2024.xls,Relatório Solicitação,,,,,,WARNER CHAPPELL EDIÇÕES MUSICAIS LTDA,,,WARNER CHAPPELL EDIÇÕES MUSICAIS LTDA,,,,,,,23458,235
SBT,01. Solicitação janeiro 2024.xls,Relatório Solicitação,,,,,,SONY MUSIC PUBLISHING (BRASIL) EDIÇÕES MUSICAIS LTDA,,,SONY MUSIC PUBLISHING (BRASIL) EDIÇÕES MUSICAIS LTDA,,,,,,,7819,78
SBT,01. Solicitação janeiro 2024.xls,Relatório Solicitação,,,,,,WARNER CHAPPELL EDIÇÕES MUSICAIS LTDA,,,WARNER CHAPPELL EDIÇÕES MUSICAIS LTDA,,,,,,,19548,195
SBT,01. Solicitação janeiro 2024.xls,Relatório Solicitação,,,,,,NOWA PRODUÇÕES ARTÍSTICAS LTDA,,,NOWA PRODUÇÕES ARTÍSTICAS LTDA,,,,,,,19548,195
SBT,01. Solicitação janeiro 2024.xls,Relatório Solicitação,,,,,,DIVERSAS,,,DIVERSAS,,,,,,,39096,391
SBT,01. Solicitação janeiro 2024.xls,Relatório Solicitação,,,,,,UNIVERSAL MUSIC PUBLISHING MGB BRASIL LTDA,,,UNIVERSAL MUSIC PUBLISHING MGB BRASIL LTDA,,,,,,,39096,391
SBT,01. Solicitação janeiro 2024.xls,Relatório Solicitação,,,,,,SONY MUSIC PUBLISHING (BRASIL) EDIÇÕES MUSICAIS LTDA,,,SONY MUSIC PUBLISHING (BRASIL) EDIÇÕES MUSICAIS LTDA,,,,,,,39096,391
SBT,01. Solicitação janeiro 2024.xls,Relatório Solicitação,,,,,,SONY MUSIC PUBLISHING (BRASIL) EDIÇÕES MUSICAIS LTDA,,,SONY MUSIC PUBLISHING (BRASIL) EDIÇÕES MUSICAIS LTDA,,,,,,,39096,391
SBT,01. Solicitação janeiro 2024.xls,Relatório Solicitação,,,,,,SONY MUSIC PUBLISHING (BRASIL) EDIÇÕES MUSICAIS LTDA,,,SONY MUSIC PUBLISHING (BRASIL) EDIÇÕES MUSICAIS LTDA,,,,,,,39096,391
SBT,01. Solicitação janeiro 2024.xls,Relatório Solicitação,,,,,,ABRAMUS DIGITAL SERV. IDENT. REPERTÓRIO,,,ABRAMUS DIGITAL SERV. IDENT. REPERTÓRIO,,,,,,,39096,391
SBT,01. Solicitação janeiro 2024.xls,Relatório Solicitação,,,,,,IRMÃOS VITALE EDITORES LTDA,,,IRMÃOS VITALE EDITORES LTDA,,,,,,,39096,391
SBT,01. Solicitação janeiro 2024.xls,Relatório Solicitação,,,,,,DIVERSAS,,,DIVERSAS,,,,,,,39096,391
SBT,01. Solicitação janeiro 2024.xls,Relatório Solicitação,,,,,,SONY MUSIC PUBLISHING (BRASIL) EDIÇÕES MUSICAIS LTDA,,,SONY MUSIC PUBLISHING (BRASIL) EDIÇÕES MUSICAIS LTDA,,,,,,,39096,391
SBT,01. Solicitação janeiro 2024.xls,Relatório Solicitação,,,,,,EDITORA E IMPORTADORA MUSICAL FERMATA DO BRASIL LTDA,,,EDITORA E IMPORTADORA MUSICAL FERMATA DO BRASIL LTDA,,,,,,,39096,391
SBT,01. Solicitação janeiro 2024.xls,Relatório Solicitação,,,,,,SONY MUSIC PUBLISHING (BRASIL) EDIÇÕES MUSICAIS LTDA,,,SONY MUSIC PUBLISHING (BRASIL) EDIÇÕES MUSICAIS LTDA,,,,,,,39096,391
SBT,01. Solicitação janeiro 2024.xls,Relatório Solicitação,,,,,,UNIVERSAL MUSIC PUBLISHING MGB BRASIL LTDA,,,UNIVERSAL MUSIC PUBLISHING MGB BRASIL LTDA,,,,,,,39096,391
SBT,01. Solicitação janeiro 2024.xls,Relatório Solicitação,,,,,,UNIVERSAL MUSIC PUBLISHING MGB BRASIL LTDA,,,UNIVERSAL MUSIC PUBLISHING MGB BRASIL LTDA,,,,,,,39096,391
SBT,01. Solicitação janeiro 2024.xls,Relatório Solicitação,,,,,,BMG RIGHTS MANAGEMENT BRASIL LTDA,,,BMG RIGHTS MANAGEMENT BRASIL LTDA,,,,,,,31277,313
SBT,01. Solicitação janeiro 2024.xls,Relatório Solicitação,,,,,,DIVERSAS,,,DIVERSAS,,,,,,,7819,78
SBT,01. Solicitação janeiro 2024.xls,Relatório Solicitação,,,,,,DIVERSAS,,,DIVERSAS,,,,,,,8476,85
SBT,01. Solicitação janeiro 2024.xls,Relatório Solicitação,,,,,,THIAGO ABDULAHAD NUNES RIOS ME,,,THIAGO ABDULAHAD NUNES RIOS ME,,,,,,,9774,98
SBT,01. Solicitação janeiro 2024.xls,Relatório Solicitação,,,,,,WARNER CHAPPELL EDIÇÕES MUSICAIS LTDA,,,WARNER CHAPPELL EDIÇÕES MUSICAIS LTDA,,,,,,,20846,208
SBT,01. Solicitação janeiro 2024.xls,Relatório Solicitação,,,,,,PEERMUSIC DO BRASIL EDIÇÕES MUSICAIS LTDA,,,PEERMUSIC DO BRASIL EDIÇÕES MUSICAIS LTDA,,,,,,,39096,391
SBT,01. Solicitação janeiro 2024.xls,Relatório Solicitação,,,,,,UNIVERSAL MUSIC PUBLISHING MGB BRASIL LTDA,,,UNIVERSAL MUSIC PUBLISHING MGB BRASIL LTDA,,,,,,,78192,782
SBT,01. Solicitação janeiro 2024.xls,Relatório Solicitação,,,,,,FORTUNA MUSICAL EDIÇÕES LTDA,,,FORTUNA MUSICAL EDIÇÕES LTDA,,,,,,,39096,391
SBT,01. Solicitação janeiro 2024.xls,Relatório Solicitação,,,,,,DIVERSAS,,,DIVERSAS,,,,,,,78192,782
SBT,01. Solicitação janeiro 2024.xls,Relatório Solicitação,,,,,,WARNER CHAPPELL EDIÇÕES MUSICAIS LTDA,,,WARNER CHAPPELL EDIÇÕES MUSICAIS LTDA,,,,,,,39096,391
SBT,01. Solicitação janeiro 2024.xls,Relatório Solicitação,,,,,,MEGA PRODUÇÕES ARTISTICAS LTDA,,,MEGA PRODUÇÕES ARTISTICAS LTDA,,,,,,,39096,391
SBT,01. Solicitação janeiro 2024.xls,Relatório Solicitação,,,,,,SONY MUSIC PUBLISHING (BRASIL) EDIÇÕES MUSICAIS LTDA,,,SONY MUSIC PUBLISHING (BRASIL) EDIÇÕES MUSICAIS LTDA,,,,,,,39096,391
SBT,01. Solicitação janeiro 2024.xls,Relatório Solicitação,,,,,,BMG RIGHTS MANAGEMENT BRASIL LTDA,,,BMG RIGHTS MANAGEMENT BRASIL LTDA,,,,,,,4887,49
SBT,01. Solicitação janeiro 2024.xls,Relatório Solicitação,,,,,,PEERMUSIC DO BRASIL EDIÇÕES MUSICAIS LTDA,,,PEERMUSIC DO BRASIL EDIÇÕES MUSICAIS LTDA,,,,,,,19548,195
SBT,01. Solicitação janeiro 2024.xls,Relatório Solicitação,,,,,,WARNER CHAPPELL EDIÇÕES MUSICAIS LTDA,,,WARNER CHAPPELL EDIÇÕES MUSICAIS LTDA,,,,,,,14661,147
SBT,01. Solicitação janeiro 2024.xls,Relatório Solicitação,,,,,,UNIVERSAL MUSIC PUBLISHING MGB BRASIL LTDA,,,UNIVERSAL MUSIC PUBLISHING MGB BRASIL LTDA,,,,,,,39096,391
SBT,01. Solicitação janeiro 2024.xls,Relatório Solicitação,,,,,,EDITORA E IMPORTADORA MUSICAL FERMATA DO BRASIL LTDA,,,EDITORA E IMPORTADORA MUSICAL FERMATA DO BRASIL LTDA,,,,,,,39096,391
SBT,01. Solicitação janeiro 2024.xls,Relatório Solicitação,,,,,,UNIVERSAL MUSIC PUBLISHING MGB BRASIL LTDA,,,UNIVERSAL MUSIC PUBLISHING MGB BRASIL LTDA,,,,,,,19548,195
SBT,01. Solicitação janeiro 2024.xls,Relatório Solicitação,,,,,,WARNER CHAPPELL EDIÇÕES MUSICAIS LTDA,,,WARNER CHAPPELL EDIÇÕES MUSICAIS LTDA,,,,,,,19548,195
SBT,01. Solicitação janeiro 2024.xls,Relatório Solicitação,,,,,,WARNER CHAPPELL EDIÇÕES MUSICAIS LTDA,,,WARNER CHAPPELL EDIÇÕES MUSICAIS LTDA,,,,,,,39096,391
SBT,01. Solicitação janeiro 2024.xls,Relatório Solicitação,,,,,,WARNER CHAPPELL EDIÇÕES MUSICAIS LTDA,,,WARNER CHAPPELL EDIÇÕES MUSICAIS LTDA,,,,,,,39096,391
SBT,01. Solicitação janeiro 2024.xls,Relatório Solicitação,,,,,,WARNER CHAPPELL EDIÇÕES MUSICAIS LTDA,,,WARNER CHAPPELL EDIÇÕES MUSICAIS LTDA,,,,,,,78192,782
SBT,01. Solicitação janeiro 2024.xls,Relatório Solicitação,,,,,,ADDAF - ASS. DEF. DIREITOS AUTORAIS FONOMECÂNICOS,,,ADDAF - ASS. DEF. DIREITOS AUTORAIS FONOMECÂNICOS,,,,,,,78192,782
SBT,01. Solicitação janeiro 2024.xls,Relatório Solicitação,,,,,,DIVERSAS,,,DIVERSAS,,,,,,,39096,391
SBT,01. Solicitação janeiro 2024.xls,Relatório Solicitação,,,,,,ABRAMUS DIGITAL SERV. IDENT. REPERTÓRIO,,,ABRAMUS DIGITAL SERV. IDENT. REPERTÓRIO,,,,,,,39096,391
SBT,01. Solicitação janeiro 2024.xls,Relatório Solicitação,,,,,,WARNER CHAPPELL EDIÇÕES MUSICAIS LTDA,,,WARNER CHAPPELL EDIÇÕES MUSICAIS LTDA,,,,,,,39096,391
SBT,01. Solicitação janeiro 2024.xls,Relatório Solicitação,,,,,,WARNER CHAPPELL EDIÇÕES MUSICAIS LTDA,,,WARNER CHAPPELL EDIÇÕES MUSICAIS LTDA,,,,,,,26061,261
SBT,01. Solicitação janeiro 2024.xls,Relatório Solicitação,,,,,,SONY MUSIC PUBLISHING (BRASIL) EDIÇÕES MUSICAIS LTDA,,,SONY MUSIC PUBLISHING (BRASIL) EDIÇÕES MUSICAIS LTDA,,,,,,,13035,130
SBT,01. Solicitação janeiro 2024.xls,Relatório Solicitação,,,,,,PEERMUSIC DO BRASIL EDIÇÕES MUSICAIS LTDA,,,PEERMUSIC DO BRASIL EDIÇÕES MUSICAIS LTDA,,,,,,,39096,391
SBT,01. Solicitação janeiro 2024.xls,Relatório Solicitação,,,,,,PEERMUSIC DO BRASIL EDIÇÕES MUSICAIS LTDA,,,PEERMUSIC DO BRASIL EDIÇÕES MUSICAIS LTDA,,,,,,,39096,391
SBT,01. Solicitação janeiro 2024.xls,Relatório Solicitação,,,,,,IRMÃOS VITALE EDITORES LTDA,,,IRMÃOS VITALE EDITORES LTDA,,,,,,,39096,391
SBT,01. Solicitação janeiro 2024.xls,Relatório Solicitação,,,,,,WORK SHOW EDITORA E PRODUÇÕES MUSICAIS LTDA - ME,,,WORK SHOW EDITORA E PRODUÇÕES MUSICAIS LTDA - ME,,,,,,,9774,98
SBT,01. Solicitação janeiro 2024.xls,Relatório Solicitação,,,,,,BMG RIGHTS MANAGEMENT BRASIL LTDA,,,BMG RIGHTS MANAGEMENT BRASIL LTDA,,,,,,,19548,195
SBT,01. Solicitação janeiro 2024.xls,Relatório Solicitação,,,,,,WARNER CHAPPELL EDIÇÕES MUSICAIS LTDA,,,WARNER CHAPPELL EDIÇÕES MUSICAIS LTDA,,,,,,,9774,98
SBT,01. Solicitação janeiro 2024.xls,Relatório Solicitação,,,,,,WARNER CHAPPELL EDIÇÕES MUSICAIS LTDA,,,WARNER CHAPPELL EDIÇÕES MUSICAIS LTDA,,,,,,,39096,391
SBT,01. Solicitação janeiro 2024.xls,Relatório Solicitação,,,,,,BMG RIGHTS MANAGEMENT BRASIL LTDA,,,BMG RIGHTS MANAGEMENT BRASIL LTDA,,,,,,,6517,65
SBT,01. Solicitação janeiro 2024.xls,Relatório Solicitação,,,,,,THIAGO ABDULAHAD NUNES RIOS ME,,,THIAGO ABDULAHAD NUNES RIOS ME,,,,,,,6513,65
SBT,01. Solicitação janeiro 2024.xls,Relatório Solicitação,,,,,,EDITORA MUSICAL WALERIA LEÃO LTDA ME,,,EDITORA MUSICAL WALERIA LEÃO LTDA ME,,,,,,,16291,163
SBT,01. Solicitação janeiro 2024.xls,Relatório Solicitação,,,,,,WARNER CHAPPELL EDIÇÕES MUSICAIS LTDA,,,WARNER CHAPPELL EDIÇÕES MUSICAIS LTDA,,,,,,,9774,98
SBT,01. Solicitação janeiro 2024.xls,Relatório Solicitação,,,,,,SONY MUSIC PUBLISHING (BRASIL) EDIÇÕES MUSICAIS LTDA,,,SONY MUSIC PUBLISHING (BRASIL) EDIÇÕES MUSICAIS LTDA,,,,,,,39096,391
SBT,01. Solicitação janeiro 2024.xls,Relatório Solicitação,,,,,,UNIVERSAL MUSIC PUBLISHING MGB BRASIL LTDA,,,UNIVERSAL MUSIC PUBLISHING MGB BRASIL LTDA,,,,,,,39096,391
SBT,01. Solicitação janeiro 2024.xls,Relatório Solicitação,,,,,,SONY MUSIC PUBLISHING (BRASIL) EDIÇÕES MUSICAIS LTDA,,,SONY MUSIC PUBLISHING (BRASIL) EDIÇÕES MUSICAIS LTDA,,,,,,,4347,43
SBT,01. Solicitação janeiro 2024.xls,Relatório Solicitação,,,,,,JULIANA FAKRI DE ASSIS EPP,,,JULIANA FAKRI DE ASSIS EPP,,,,,,,73845,738
SBT,01. Solicitação janeiro 2024.xls,Relatório Solicitação,,,,,,IRMÃOS VITALE EDITORES LTDA,,,IRMÃOS VITALE EDITORES LTDA,,,,,,,39096,391
SBT,01. Solicitação janeiro 2024.xls,Relatório Solicitação,,,,,,DIVERSAS,,,DIVERSAS,,,,,,,39096,391
SBT,01. Solicitação janeiro 2024.xls,Relatório Solicitação,,,,,,SONY MUSIC PUBLISHING (BRASIL) EDIÇÕES MUSICAIS LTDA,,,SONY MUSIC PUBLISHING (BRASIL) EDIÇÕES MUSICAIS LTDA,,,,,,,39096,391
SBT,01. Solicitação janeiro 2024.xls,Relatório Solicitação,,,,,,SONY MUSIC PUBLISHING (BRASIL) EDIÇÕES MUSICAIS LTDA,,,SONY MUSIC PUBLISHING (BRASIL) EDIÇÕES MUSICAIS LTDA,,,,,,,78192,782
SBT,01. Solicitação janeiro 2024.xls,Relatório Solicitação,,,,,,SONY MUSIC PUBLISHING (BRASIL) EDIÇÕES MUSICAIS LTDA,,,SONY MUSIC PUBLISHING (BRASIL) EDIÇÕES MUSICAIS LTDA,,,,,,,39096,391
SBT,01. Solicitação janeiro 2024.xls,Relatório Solicitação,,,,,,DIVERSAS,,,DIVERSAS,,,,,,,39096,391
SBT,01. Solicitação janeiro 2024.xls,Relatório Solicitação,,,,,,FORTUNA MUSICAL EDIÇÕES LTDA,,,FORTUNA MUSICAL EDIÇÕES LTDA,,,,,,,39096,391
SBT,01. Solicitação janeiro 2024.xls,Relatório Solicitação,,,,,,BMG RIGHTS MANAGEMENT BRASIL LTDA,,,BMG RIGHTS MANAGEMENT BRASIL LTDA,,,,,,,19548,195
SBT,01. Solicitação janeiro 2024.xls,Relatório Solicitação,,,,,,WARNER CHAPPELL EDIÇÕES MUSICAIS LTDA,,,WARNER CHAPPELL EDIÇÕES MUSICAIS LTDA,,,,,,,19548,195
SBT,01. Solicitação janeiro 2024.xls,Relatório Solicitação,,,,,,DIVERSAS,,,DIVERSAS,,,,,,,39096,391
SBT,01. Solicitação janeiro 2024.xls,Relatório Solicitação,,,,,,PEERMUSIC DO BRASIL EDIÇÕES MUSICAIS LTDA,,,PEERMUSIC DO BRASIL EDIÇÕES MUSICAIS LTDA,,,,,,,39096,391
SBT,01. Solicitação janeiro 2024.xls,Relatório Solicitação,,,,,,DIVERSAS,,,DIVERSAS,,,,,,,39096,391
SBT,01. Solicitação janeiro 2024.xls,Relatório Solicitação,,,,,,TRÊS SONS EDITORA MUSICAL E GRAVADORA DIGITAL LTDA-ME,,,TRÊS SONS EDITORA MUSICAL E GRAVADORA DIGITAL LTDA-ME,,,,,,,7819,78
SBT,01. Solicitação janeiro 2024.xls,Relatório Solicitação,,,,,,BMG RIGHTS MANAGEMENT BRASIL LTDA,,,BMG RIGHTS MANAGEMENT BRASIL LTDA,,,,,,,31277,313
SBT,01. Solicitação janeiro 2024.xls,Relatório Solicitação,,,,,,IRMÃOS VITALE EDITORES LTDA,,,IRMÃOS VITALE EDITORES LTDA,,,,,,,39096,391
SBT,01. Solicitação janeiro 2024.xls,Relatório Solicitação,,,,,,ADDAF - ASS. DEF. DIREITOS AUTORAIS FONOMECÂNICOS,,,ADDAF - ASS. DEF. DIREITOS AUTORAIS FONOMECÂNICOS,,,,,,,39096,391
SBT,01. Solicitação janeiro 2024.xls,Relatório Solicitação,,,,,,DIVERSAS,,,DIVERSAS,,,,,,,78192,782
SBT,01. Solicitação janeiro 2024.xls,Relatório Solicitação,,,,,,WARNER CHAPPELL EDIÇÕES MUSICAIS LTDA,,,WARNER CHAPPELL EDIÇÕES MUSICAIS LTDA,,,,,,,39096,391
SBT,01. Solicitação janeiro 2024.xls,Relatório Solicitação,,,,,,DIVERSAS,,,DIVERSAS,,,,,,,19548,195
SBT,01. Solicitação janeiro 2024.xls,Relatório Solicitação,,,,,,BMG RIGHTS MANAGEMENT BRASIL LTDA,,,BMG RIGHTS MANAGEMENT BRASIL LTDA,,,,,,,19548,195
SBT,01. Solicitação janeiro 2024.xls,Relatório Solicitação,,,,,,UNIVERSAL MUSIC PUBLISHING MGB BRASIL LTDA,,,UNIVERSAL MUSIC PUBLISHING MGB BRASIL LTDA,,,,,,,39096,391
SBT,01. Solicitação janeiro 2024.xls,Relatório Solicitação,,,,,,UNIVERSAL MUSIC PUBLISHING MGB BRASIL LTDA,,,UNIVERSAL MUSIC PUBLISHING MGB BRASIL LTDA,,,,,,,39096,391
SBT,01. Solicitação janeiro 2024.xls,Relatório Solicitação,,,,,,DIVERSAS,,,DIVERSAS,,,,,,,39096,391
SBT,01. Solicitação janeiro 2024.xls,Relatório Solicitação,,,,,,DIVERSAS,,,DIVERSAS,,,,,,,78192,782
SBT,01. Solicitação janeiro 2024.xls,Relatório Solicitação,,,,,,UNIVERSAL MUSIC PUBLISHING MGB BRASIL LTDA,,,UNIVERSAL MUSIC PUBLISHING MGB BRASIL LTDA,,,,,,,78192,782
SBT,01. Solicitação janeiro 2024.xls,Relatório Solicitação,,,,,,EDITORA MUSICAL CORISCO LTDA,,,EDITORA MUSICAL CORISCO LTDA,,,,,,,78192,782
SBT,01. Solicitação janeiro 2024.xls,Relatório Solicitação,,,,,,PEERMUSIC DO BRASIL EDIÇÕES MUSICAIS LTDA,,,PEERMUSIC DO BRASIL EDIÇÕES MUSICAIS LTDA,,,,,,,78192,782
SBT,01. Solicitação janeiro 2024.xls,Relatório Solicitação,,,,,,IRMÃOS VITALE EDITORES LTDA,,,IRMÃOS VITALE EDITORES LTDA,,,,,,,78192,782
SBT,01. Solicitação janeiro 2024.xls,Relatório Solicitação,,,,,,DIVERSAS,,,DIVERSAS,,,,,,,78192,782
SBT,01. Solicitação janeiro 2024.xls,Relatório Solicitação,,,,,,EDITORA MUSICAL CORISCO LTDA,,,EDITORA MUSICAL CORISCO LTDA,,,,,,,78192,782
SBT,01. Solicitação janeiro 2024.xls,Relatório Solicitação,,,,,,UNIVERSAL MUSIC PUBLISHING MGB BRASIL LTDA,,,UNIVERSAL MUSIC PUBLISHING MGB BRASIL LTDA,,,,,,,50825,508
SBT,01. Solicitação janeiro 2024.xls,Relatório Solicitação,,,,,,WARNER CHAPPELL EDIÇÕES MUSICAIS LTDA,,,WARNER CHAPPELL EDIÇÕES MUSICAIS LTDA,,,,,,,7819,78
SBT,01. Solicitação janeiro 2024.xls,Relatório Solicitação,,,,,,SONY MUSIC PUBLISHING (BRASIL) EDIÇÕES MUSICAIS LTDA,,,SONY MUSIC PUBLISHING (BRASIL) EDIÇÕES MUSICAIS LTDA,,,,,,,19548,195
SBT,01. Solicitação janeiro 2024.xls,Relatório Solicitação,,,,,,WARNER CHAPPELL EDIÇÕES MUSICAIS LTDA,,,WARNER CHAPPELL EDIÇÕES MUSICAIS LTDA,,,,,,,46915,469
SBT,01. Solicitação janeiro 2024.xls,Relatório Solicitação,,,,,,DIVERSAS,,,DIVERSAS,,,,,,,31277,313
SBT,01. Solicitação janeiro 2024.xls,Relatório Solicitação,,,,,,THIAGO ABDULAHAD NUNES RIOS ME,,,THIAGO ABDULAHAD NUNES RIOS ME,,,,,,,29322,293
SBT,01. Solicitação janeiro 2024.xls,Relatório Solicitação,,,,,,WARNER CHAPPELL EDIÇÕES MUSICAIS LTDA,,,WARNER CHAPPELL EDIÇÕES MUSICAIS LTDA,,,,,,,9774,98
SBT,01. Solicitação janeiro 2024.xls,Relatório Solicitação,,,,,,THIAGO ABDULAHAD NUNES RIOS ME,,,THIAGO ABDULAHAD NUNES RIOS ME,,,,,,,13031,130
SBT,01. Solicitação janeiro 2024.xls,Relatório Solicitação,,,,,,WARNER CHAPPELL EDIÇÕES MUSICAIS LTDA,,,WARNER CHAPPELL EDIÇÕES MUSICAIS LTDA,,,,,,,26065,261
SBT,01. Solicitação janeiro 2024.xls,Relatório Solicitação,,,,,,DIVERSAS,,,DIVERSAS,,,,,,,7827,78
SBT,01. Solicitação janeiro 2024.xls,Relatório Solicitação,,,,,,THIAGO ABDULAHAD NUNES RIOS ME,,,THIAGO ABDULAHAD NUNES RIOS ME,,,,,,,10423,104
SBT,01. Solicitação janeiro 2024.xls,Relatório Solicitação,,,,,,WARNER CHAPPELL EDIÇÕES MUSICAIS LTDA,,,WARNER CHAPPELL EDIÇÕES MUSICAIS LTDA,,,,,,,20846,208
SBT,01. Solicitação janeiro 2024.xls,Relatório Solicitação,,,,,,THIAGO ABDULAHAD NUNES RIOS ME,,,THIAGO ABDULAHAD NUNES RIOS ME,,,,,,,8148,81
SBT,01. Solicitação janeiro 2024.xls,Relatório Solicitação,,,,,,DIVERSAS,,,DIVERSAS,,,,,,,8144,81
SBT,01. Solicitação janeiro 2024.xls,Relatório Solicitação,,,,,,WARNER CHAPPELL EDIÇÕES MUSICAIS LTDA,,,WARNER CHAPPELL EDIÇÕES MUSICAIS LTDA,,,,,,,22805,228
SBT,01. Solicitação janeiro 2024.xls,Relatório Solicitação,,,,,,THIAGO ABDULAHAD NUNES RIOS ME,,,THIAGO ABDULAHAD NUNES RIOS ME,,,,,,,7819,78
SBT,01. Solicitação janeiro 2024.xls,Relatório Solicitação,,,,,,WARNER CHAPPELL EDIÇÕES MUSICAIS LTDA,,,WARNER CHAPPELL EDIÇÕES MUSICAIS LTDA,,,,,,,15638,156
SBT,01. Solicitação janeiro 2024.xls,Relatório Solicitação,,,,,,SONY MUSIC PUBLISHING (BRASIL) EDIÇÕES MUSICAIS LTDA,,,SONY MUSIC PUBLISHING (BRASIL) EDIÇÕES MUSICAIS LTDA,,,,,,,15638,156
SBT,01. Solicitação janeiro 2024.xls,Relatório Solicitação,,,,,,THIAGO ABDULAHAD NUNES RIOS ME,,,THIAGO ABDULAHAD NUNES RIOS ME,,,,,,,7819,78
SBT,01. Solicitação janeiro 2024.xls,Relatório Solicitação,,,,,,WARNER CHAPPELL EDIÇÕES MUSICAIS LTDA,,,WARNER CHAPPELL EDIÇÕES MUSICAIS LTDA,,,,,,,15638,156
SBT,01. Solicitação janeiro 2024.xls,Relatório Solicitação,,,,,,SONY MUSIC PUBLISHING (BRASIL) EDIÇÕES MUSICAIS LTDA,,,SONY MUSIC PUBLISHING (BRASIL) EDIÇÕES MUSICAIS LTDA,,,,,,,15638,156
SBT,01. Solicitação janeiro 2024.xls,Relatório Solicitação,,,,,,DIVERSAS,,,DIVERSAS,,,,,,,39096,391
SBT,01. Solicitação janeiro 2024.xls,Relatório Solicitação,,,,,,BMG RIGHTS MANAGEMENT BRASIL LTDA,,,BMG RIGHTS MANAGEMENT BRASIL LTDA,,,,,,,6513,65
SBT,01. Solicitação janeiro 2024.xls,Relatório Solicitação,,,,,,DIVERSAS,,,DIVERSAS,,,,,,,3268,33
SBT,01. Solicitação janeiro 2024.xls,Relatório Solicitação,,,,,,IESSI MUSIC LABEL LTDA,,,IESSI MUSIC LABEL LTDA,,,,,,,13027,130
SBT,01. Solicitação janeiro 2024.xls,Relatório Solicitação,,,,,,WARNER CHAPPELL EDIÇÕES MUSICAIS LTDA,,,WARNER CHAPPELL EDIÇÕES MUSICAIS LTDA,,,,,,,9774,98
SBT,01. Solicitação janeiro 2024.xls,Relatório Solicitação,,,,,,SONY MUSIC PUBLISHING (BRASIL) EDIÇÕES MUSICAIS LTDA,,,SONY MUSIC PUBLISHING (BRASIL) EDIÇÕES MUSICAIS LTDA,,,,,,,6513,65
SBT,01. Solicitação janeiro 2024.xls,Relatório Solicitação,,,,,,WARNER CHAPPELL EDIÇÕES MUSICAIS LTDA,,,WARNER CHAPPELL EDIÇÕES MUSICAIS LTDA,,,,,,,39096,391
SBT,01. Solicitação janeiro 2024.xls,Relatório Solicitação,,,,,,DIVERSAS,,,DIVERSAS,,,,,,,167331,1673
SBT,01. Solicitação janeiro 2024.xls,Relatório Solicitação,,,,,,DIVERSAS,,,DIVERSAS,,,,,,,167331,1673
SBT,01. Solicitação janeiro 2024.xls,Relatório Solicitação,,,,,,DIVERSAS,,,DIVERSAS,,,,,,,167331,1673
SBT,01. Solicitação janeiro 2024.xls,Relatório Solicitação,,,,,,BMG RIGHTS MANAGEMENT BRASIL LTDA,,,BMG RIGHTS MANAGEMENT BRASIL LTDA,,,,,,,13035,130
SBT,01. Solicitação janeiro 2024.xls,Relatório Solicitação,,,,,,UNIVERSAL MUSIC PUBLISHING MGB BRASIL LTDA,,,UNIVERSAL MUSIC PUBLISHING MGB BRASIL LTDA,,,,,,,13027,130
SBT,01. Solicitação janeiro 2024.xls,Relatório Solicitação,,,,,,ABRAMUS DIGITAL SERV. IDENT. REPERTÓRIO,,,ABRAMUS DIGITAL SERV. IDENT. REPERTÓRIO,,,,,,,13035,130
SBT,01. Solicitação janeiro 2024.xls,Relatório Solicitação,,,,,,SONY MUSIC PUBLISHING (BRASIL) EDIÇÕES MUSICAIS LTDA,,,SONY MUSIC PUBLISHING (BRASIL) EDIÇÕES MUSICAIS LTDA,,,,,,,39096,391
SBT,01. Solicitação janeiro 2024.xls,Relatório Solicitação,,,,,,UNIVERSAL MUSIC PUBLISHING MGB BRASIL LTDA,,,UNIVERSAL MUSIC PUBLISHING MGB BRASIL LTDA,,,,,,,39096,391
SBT,01. Solicitação janeiro 2024.xls,Relatório Solicitação,,,,,,BMG RIGHTS MANAGEMENT BRASIL LTDA,,,BMG RIGHTS MANAGEMENT BRASIL LTDA,,,,,,,39096,391
SBT,01. Solicitação janeiro 2024.xls,Relatório Solicitação,,,,,,BMG RIGHTS MANAGEMENT BRASIL LTDA,,,BMG RIGHTS MANAGEMENT BRASIL LTDA,,,,,,,39096,391
SBT,01. Solicitação janeiro 2024.xls,Relatório Solicitação,,,,,,BMG RIGHTS MANAGEMENT BRASIL LTDA,,,BMG RIGHTS MANAGEMENT BRASIL LTDA,,,,,,,39096,391
SBT,01. Solicitação janeiro 2024.xls,Relatório Solicitação,,,,,,BMG RIGHTS MANAGEMENT BRASIL LTDA,,,BMG RIGHTS MANAGEMENT BRASIL LTDA,,,,,,,39096,391
SBT,01. Solicitação janeiro 2024.xls,Relatório Solicitação,,,,,,NOSSAMÚSICA PRODUÇÕES E EDIÇÕES MUSICAIS LTDA,,,NOSSAMÚSICA PRODUÇÕES E EDIÇÕES MUSICAIS LTDA,,,,,,,39096,391
SBT,01. Solicitação janeiro 2024.xls,Relatório Solicitação,,,,,,WARNER CHAPPELL EDIÇÕES MUSICAIS LTDA,,,WARNER CHAPPELL EDIÇÕES MUSICAIS LTDA,,,,,,,33232,332
SBT,01. Solicitação janeiro 2024.xls,Relatório Solicitação,,,,,,ABRAMUS DIGITAL SERV. IDENT. REPERTÓRIO,,,ABRAMUS DIGITAL SERV. IDENT. REPERTÓRIO,,,,,,,5864,59
SBT,01. Solicitação janeiro 2024.xls,Relatório Solicitação,,,,,,SONY MUSIC PUBLISHING (BRASIL) EDIÇÕES MUSICAIS LTDA,,,SONY MUSIC PUBLISHING (BRASIL) EDIÇÕES MUSICAIS LTDA,,,,,,,39096,391
SBT,01. Solicitação janeiro 2024.xls,Relatório Solicitação,,,,,,UNIVERSAL MUSIC PUBLISHING MGB BRASIL LTDA,,,UNIVERSAL MUSIC PUBLISHING MGB BRASIL LTDA,,,,,,,39096,391
SBT,01. Solicitação janeiro 2024.xls,Relatório Solicitação,,,,,,"MANGIONE, FILHOS E CIA LTDA",,,"MANGIONE, FILHOS E CIA LTDA",,,,,,,19548,195
SBT,01. Solicitação janeiro 2024.xls,Relatório Solicitação,,,,,,DIVERSAS,,,DIVERSAS,,,,,,,15638,156
SBT,01. Solicitação janeiro 2024.xls,Relatório Solicitação,,,,,,DECK PRODUÇÕES ARTÍSTICAS LTDA,,,DECK PRODUÇÕES ARTÍSTICAS LTDA,,,,,,,39100,391
SBT,01. Solicitação janeiro 2024.xls,Relatório Solicitação,,,,,,MEGA PRODUÇÕES ARTISTICAS LTDA,,,MEGA PRODUÇÕES ARTISTICAS LTDA,,,,,,,8797,88
SBT,01. Solicitação janeiro 2024.xls,Relatório Solicitação,,,,,,DIVERSAS,,,DIVERSAS,,,,,,,13195,132
SBT,01. Solicitação janeiro 2024.xls,Relatório Solicitação,,,,,,PEERMUSIC DO BRASIL EDIÇÕES MUSICAIS LTDA,,,PEERMUSIC DO BRASIL EDIÇÕES MUSICAIS LTDA,,,,,,,39100,391
SBT,01. Solicitação janeiro 2024.xls,Relatório Solicitação,,,,,,SINGLE HITS PRODUÇÕES ARTISTICAS,,,SINGLE HITS PRODUÇÕES ARTISTICAS,,,,,,,13195,132
SBT,01. Solicitação janeiro 2024.xls,Relatório Solicitação,,,,,,BERGER PRODUÇÕES LTDA,,,BERGER PRODUÇÕES LTDA,,,,,,,39096,391
SBT,01. Solicitação janeiro 2024.xls,Relatório Solicitação,,,,,,WARNER CHAPPELL EDIÇÕES MUSICAIS LTDA,,,WARNER CHAPPELL EDIÇÕES MUSICAIS LTDA,,,,,,,19548,195
SBT,01. Solicitação janeiro 2024.xls,Relatório Solicitação,,,,,,SONY MUSIC PUBLISHING (BRASIL) EDIÇÕES MUSICAIS LTDA,,,SONY MUSIC PUBLISHING (BRASIL) EDIÇÕES MUSICAIS LTDA,,,,,,,19548,195
SBT,01. Solicitação janeiro 2024.xls,Relatório Solicitação,,,,,,DIVERSAS,,,DIVERSAS,,,,,,,39096,391
SBT,01. Solicitação janeiro 2024.xls,Relatório Solicitação,,,,,,DIVERSAS,,,DIVERSAS,,,,,,,167331,1673
SBT,01. Solicitação janeiro 2024.xls,Relatório Solicitação,,,,,,DIVERSAS,,,DIVERSAS,,,,,,,167331,1673
SBT,01. Solicitação janeiro 2024.xls,Relatório Solicitação,,,,,,BMG RIGHTS MANAGEMENT BRASIL LTDA,,,BMG RIGHTS MANAGEMENT BRASIL LTDA,,,,,,,27367,274
SBT,01. Solicitação janeiro 2024.xls,Relatório Solicitação,,,,,,JULIANA FAKRI DE ASSIS EPP,,,JULIANA FAKRI DE ASSIS EPP,,,,,,,11729,117
SBT,01. Solicitação janeiro 2024.xls,Relatório Solicitação,,,,,,BMG RIGHTS MANAGEMENT BRASIL LTDA,,,BMG RIGHTS MANAGEMENT BRASIL LTDA,,,,,,,7819,78
SBT,01. Solicitação janeiro 2024.xls,Relatório Solicitação,,,,,,EDITORA MUSICAL WALERIA LEÃO LTDA ME,,,EDITORA MUSICAL WALERIA LEÃO LTDA ME,,,,,,,23458,235
SBT,01. Solicitação janeiro 2024.xls,Relatório Solicitação,,,,,,SONY MUSIC PUBLISHING (BRASIL) EDIÇÕES MUSICAIS LTDA,,,SONY MUSIC PUBLISHING (BRASIL) EDIÇÕES MUSICAIS LTDA,,,,,,,7819,78
SBT,01. Solicitação janeiro 2024.xls,Relatório Solicitação,,,,,,DIVERSAS,,,DIVERSAS,,,,,,,19548,195
SBT,01. Solicitação janeiro 2024.xls,Relatório Solicitação,,,,,,ABRAMUS DIGITAL SERV. IDENT. REPERTÓRIO,,,ABRAMUS DIGITAL SERV. IDENT. REPERTÓRIO,,,,,,,9774,98
SBT,01. Solicitação janeiro 2024.xls,Relatório Solicitação,,,,,,WARNER CHAPPELL EDIÇÕES MUSICAIS LTDA,,,WARNER CHAPPELL EDIÇÕES MUSICAIS LTDA,,,,,,,9774,98
SBT,01. Solicitação janeiro 2024.xls,Relatório Solicitação,,,,,,DIVERSAS,,,DIVERSAS,,,,,,,12968,130
SBT,01. Solicitação janeiro 2024.xls,Relatório Solicitação,,,,,,EDITORA MUSICAL PANTTANAL LTDA,,,EDITORA MUSICAL PANTTANAL LTDA,,,,,,,13031,130
SBT,01. Solicitação janeiro 2024.xls,Relatório Solicitação,,,,,,BMG RIGHTS MANAGEMENT BRASIL LTDA,,,BMG RIGHTS MANAGEMENT BRASIL LTDA,,,,,,,13097,131
SBT,01. Solicitação janeiro 2024.xls,Relatório Solicitação,,,,,,UNIVERSAL MUSIC PUBLISHING MGB BRASIL LTDA,,,UNIVERSAL MUSIC PUBLISHING MGB BRASIL LTDA,,,,,,,39096,391
SBT,01. Solicitação janeiro 2024.xls,Relatório Solicitação,,,,,,DECK PRODUÇÕES ARTÍSTICAS LTDA,,,DECK PRODUÇÕES ARTÍSTICAS LTDA,,,,,,,39096,391
SBT,01. Solicitação janeiro 2024.xls,Relatório Solicitação,,,,,,EDITORA MUSICAL PANTTANAL LTDA,,,EDITORA MUSICAL PANTTANAL LTDA,,,,,,,39096,391
SBT,01. Solicitação janeiro 2024.xls,Relatório Solicitação,,,,,,UNIVERSAL MUSIC PUBLISHING MGB BRASIL LTDA,,,UNIVERSAL MUSIC PUBLISHING MGB BRASIL LTDA,,,,,,,19548,195
SBT,01. Solicitação janeiro 2024.xls,Relatório Solicitação,,,,,,SONY MUSIC PUBLISHING (BRASIL) EDIÇÕES MUSICAIS LTDA,,,SONY MUSIC PUBLISHING (BRASIL) EDIÇÕES MUSICAIS LTDA,,,,,,,19548,195
SBT,01. Solicitação janeiro 2024.xls,Relatório Solicitação,,,,,,IRMÃOS VITALE EDITORES LTDA,,,IRMÃOS VITALE EDITORES LTDA,,,,,,,39096,391
SBT,01. Solicitação janeiro 2024.xls,Relatório Solicitação,,,,,,DECK PRODUÇÕES ARTÍSTICAS LTDA,,,DECK PRODUÇÕES ARTÍSTICAS LTDA,,,,,,,39096,391
SBT,01. Solicitação janeiro 2024.xls,Relatório Solicitação,,,,,,DECK PRODUÇÕES ARTÍSTICAS LTDA,,,DECK PRODUÇÕES ARTÍSTICAS LTDA,,,,,,,39096,391
SBT,01. Solicitação janeiro 2024.xls,Relatório Solicitação,,,,,,DIVERSAS,,,DIVERSAS,,,,,,,39096,391
SBT,01. Solicitação janeiro 2024.xls,Relatório Solicitação,,,,,,DECK PRODUÇÕES ARTÍSTICAS LTDA,,,DECK PRODUÇÕES ARTÍSTICAS LTDA,,,,,,,39096,391
SBT,01. Solicitação janeiro 2024.xls,Relatório Solicitação,,,,,,UNIVERSAL MUSIC PUBLISHING MGB BRASIL LTDA,,,UNIVERSAL MUSIC PUBLISHING MGB BRASIL LTDA,,,,,,,19548,195
SBT,01. Solicitação janeiro 2024.xls,Relatório Solicitação,,,,,,WARNER CHAPPELL EDIÇÕES MUSICAIS LTDA,,,WARNER CHAPPELL EDIÇÕES MUSICAIS LTDA,,,,,,,19548,195
SBT,01. Solicitação janeiro 2024.xls,Relatório Solicitação,,,,,,WARNER CHAPPELL EDIÇÕES MUSICAIS LTDA,,,WARNER CHAPPELL EDIÇÕES MUSICAIS LTDA,,,,,,,29322,293
SBT,01. Solicitação janeiro 2024.xls,Relatório Solicitação,,,,,,SONY MUSIC PUBLISHING (BRASIL) EDIÇÕES MUSICAIS LTDA,,,SONY MUSIC PUBLISHING (BRASIL) EDIÇÕES MUSICAIS LTDA,,,,,,,9774,98
SBT,01. Solicitação janeiro 2024.xls,Relatório Solicitação,,,,,,EDITORA E IMPORTADORA MUSICAL FERMATA DO BRASIL LTDA,,,EDITORA E IMPORTADORA MUSICAL FERMATA DO BRASIL LTDA,,,,,,,78192,782
SBT,01. Solicitação janeiro 2024.xls,Relatório Solicitação,,,,,,SONY MUSIC PUBLISHING (BRASIL) EDIÇÕES MUSICAIS LTDA,,,SONY MUSIC PUBLISHING (BRASIL) EDIÇÕES MUSICAIS LTDA,,,,,,,39096,391
SBT,01. Solicitação janeiro 2024.xls,Relatório Solicitação,,,,,,DIVERSAS,,,DIVERSAS,,,,,,,29322,293
SBT,01. Solicitação janeiro 2024.xls,Relatório Solicitação,,,,,,ADDAF - ASS. DEF. DIREITOS AUTORAIS FONOMECÂNICOS,,,ADDAF - ASS. DEF. DIREITOS AUTORAIS FONOMECÂNICOS,,,,,,,9774,98
SBT,01. Solicitação janeiro 2024.xls,Relatório Solicitação,,,,,,MEGA PRODUÇÕES ARTISTICAS LTDA,,,MEGA PRODUÇÕES ARTISTICAS LTDA,,,,,,,7819,78
SBT,01. Solicitação janeiro 2024.xls,Relatório Solicitação,,,,,,BMG RIGHTS MANAGEMENT BRASIL LTDA,,,BMG RIGHTS MANAGEMENT BRASIL LTDA,,,,,,,7819,78
SBT,01. Solicitação janeiro 2024.xls,Relatório Solicitação,,,,,,ABRAMUS DIGITAL SERV. IDENT. REPERTÓRIO,,,ABRAMUS DIGITAL SERV. IDENT. REPERTÓRIO,,,,,,,23458,235
SBT,01. Solicitação janeiro 2024.xls,Relatório Solicitação,,,,,,UNIVERSAL MUSIC PUBLISHING MGB BRASIL LTDA,,,UNIVERSAL MUSIC PUBLISHING MGB BRASIL LTDA,,,,,,,78192,782
SBT,01. Solicitação janeiro 2024.xls,Relatório Solicitação,,,,,,WARNER CHAPPELL EDIÇÕES MUSICAIS LTDA,,,WARNER CHAPPELL EDIÇÕES MUSICAIS LTDA,,,,,,,39096,391
SBT,01. Solicitação janeiro 2024.xls,Relatório Solicitação,,,,,,SONY MUSIC PUBLISHING (BRASIL) EDIÇÕES MUSICAIS LTDA,,,SONY MUSIC PUBLISHING (BRASIL) EDIÇÕES MUSICAIS LTDA,,,,,,,39096,391
SBT,01. Solicitação janeiro 2024.xls,Relatório Solicitação,,,,,,PEERMUSIC DO BRASIL EDIÇÕES MUSICAIS LTDA,,,PEERMUSIC DO BRASIL EDIÇÕES MUSICAIS LTDA,,,,,,,39096,391
SBT,01. Solicitação janeiro 2024.xls,Relatório Solicitação,,,,,,DIVERSAS,,,DIVERSAS,,,,,,,13035,130
SBT,01. Solicitação janeiro 2024.xls,Relatório Solicitação,,,,,,PEERMUSIC DO BRASIL EDIÇÕES MUSICAIS LTDA,,,PEERMUSIC DO BRASIL EDIÇÕES MUSICAIS LTDA,,,,,,,13031,130
SBT,01. Solicitação janeiro 2024.xls,Relatório Solicitação,,,,,,WARNER CHAPPELL EDIÇÕES MUSICAIS LTDA,,,WARNER CHAPPELL EDIÇÕES MUSICAIS LTDA,,,,,,,13031,130
SBT,01. Solicitação janeiro 2024.xls,Relatório Solicitação,,,,,,WARNER CHAPPELL EDIÇÕES MUSICAIS LTDA,,,WARNER CHAPPELL EDIÇÕES MUSICAIS LTDA,,,,,,,11729,117
SBT,01. Solicitação janeiro 2024.xls,Relatório Solicitação,,,,,,DIVERSAS,,,DIVERSAS,,,,,,,66463,665
SBT,01. Solicitação janeiro 2024.xls,Relatório Solicitação,,,,,,DIVERSAS,,,DIVERSAS,,,,,,,167331,1673
SBT,01. Solicitação janeiro 2024.xls,Relatório Solicitação,,,,,,UNIVERSAL MUSIC PUBLISHING MGB BRASIL LTDA,,,UNIVERSAL MUSIC PUBLISHING MGB BRASIL LTDA,,,,,,,39096,391
SBT,01. Solicitação janeiro 2024.xls,Relatório Solicitação,,,,,,SONY MUSIC PUBLISHING (BRASIL) EDIÇÕES MUSICAIS LTDA,,,SONY MUSIC PUBLISHING (BRASIL) EDIÇÕES MUSICAIS LTDA,,,,,,,39096,391
SBT,01. Solicitação janeiro 2024.xls,Relatório Solicitação,,,,,,UNIVERSAL MUSIC PUBLISHING MGB BRASIL LTDA,,,UNIVERSAL MUSIC PUBLISHING MGB BRASIL LTDA,,,,,,,13035,130
SBT,01. Solicitação janeiro 2024.xls,Relatório Solicitação,,,,,,DIVERSAS,,,DIVERSAS,,,,,,,13031,130
SBT,01. Solicitação janeiro 2024.xls,Relatório Solicitação,,,,,,SONY MUSIC PUBLISHING (BRASIL) EDIÇÕES MUSICAIS LTDA,,,SONY MUSIC PUBLISHING (BRASIL) EDIÇÕES MUSICAIS LTDA,,,,,,,13031,130
SBT,01. Solicitação janeiro 2024.xls,Relatório Solicitação,,,,,,DIVERSAS,,,DIVERSAS,,,,,,,39096,391
SBT,01. Solicitação janeiro 2024.xls,Relatório Solicitação,,,,,,WARNER CHAPPELL EDIÇÕES MUSICAIS LTDA,,,WARNER CHAPPELL EDIÇÕES MUSICAIS LTDA,,,,,,,39096,391
SBT,01. Solicitação janeiro 2024.xls,Relatório Solicitação,,,,,,PEERMUSIC DO BRASIL EDIÇÕES MUSICAIS LTDA,,,PEERMUSIC DO BRASIL EDIÇÕES MUSICAIS LTDA,,,,,,,39096,391
SBT,01. Solicitação janeiro 2024.xls,Relatório Solicitação,,,,,,IRMÃOS VITALE EDITORES LTDA,,,IRMÃOS VITALE EDITORES LTDA,,,,,,,39096,391
SBT,01. Solicitação janeiro 2024.xls,Relatório Solicitação,,,,,,"MANGIONE, FILHOS E CIA LTDA",,,"MANGIONE, FILHOS E CIA LTDA",,,,,,,39096,391
SBT,01. Solicitação janeiro 2024.xls,Relatório Solicitação,,,,,,DIVERSAS,,,DIVERSAS,,,,,,,13035,130
SBT,01. Solicitação janeiro 2024.xls,Relatório Solicitação,,,,,,THIAGO ABDULAHAD NUNES RIOS ME,,,THIAGO ABDULAHAD NUNES RIOS ME,,,,,,,26061,261
SBT,01. Solicitação janeiro 2024.xls,Relatório Solicitação,,,,,,IESSI MUSIC LABEL LTDA,,,IESSI MUSIC LABEL LTDA,,,,,,,39096,391
SBT,01. Solicitação janeiro 2024.xls,Relatório Solicitação,,,,,,SONY MUSIC PUBLISHING (BRASIL) EDIÇÕES MUSICAIS LTDA,,,SONY MUSIC PUBLISHING (BRASIL) EDIÇÕES MUSICAIS LTDA,,,,,,,39096,391
SBT,01. Solicitação janeiro 2024.xls,Relatório Solicitação,,,,,,UNIVERSAL MUSIC PUBLISHING MGB BRASIL LTDA,,,UNIVERSAL MUSIC PUBLISHING MGB BRASIL LTDA,,,,,,,73300,733
SBT,01. Solicitação janeiro 2024.xls,Relatório Solicitação,,,,,,SONY MUSIC PUBLISHING (BRASIL) EDIÇÕES MUSICAIS LTDA,,,SONY MUSIC PUBLISHING (BRASIL) EDIÇÕES MUSICAIS LTDA,,,,,,,31766,318
SBT,01. Solicitação janeiro 2024.xls,Relatório Solicitação,,,,,,UNIVERSAL MUSIC PUBLISHING MGB BRASIL LTDA,,,UNIVERSAL MUSIC PUBLISHING MGB BRASIL LTDA,,,,,,,39096,391
SBT,01. Solicitação janeiro 2024.xls,Relatório Solicitação,,,,,,WARNER CHAPPELL EDIÇÕES MUSICAIS LTDA,,,WARNER CHAPPELL EDIÇÕES MUSICAIS LTDA,,,,,,,39096,391
SBT,01. Solicitação janeiro 2024.xls,Relatório Solicitação,,,,,,DIVERSAS,,,DIVERSAS,,,,,,,39096,391
SBT,01. Solicitação janeiro 2024.xls,Relatório Solicitação,,,,,,SONY MUSIC PUBLISHING (BRASIL) EDIÇÕES MUSICAIS LTDA,,,SONY MUSIC PUBLISHING (BRASIL) EDIÇÕES MUSICAIS LTDA,,,,,,,39096,391
SBT,01. Solicitação janeiro 2024.xls,Relatório Solicitação,,,,,,SONY MUSIC PUBLISHING (BRASIL) EDIÇÕES MUSICAIS LTDA,,,SONY MUSIC PUBLISHING (BRASIL) EDIÇÕES MUSICAIS LTDA,,,,,,,39096,391
SBT,01. Solicitação janeiro 2024.xls,Relatório Solicitação,,,,,,WARNER CHAPPELL EDIÇÕES MUSICAIS LTDA,,,WARNER CHAPPELL EDIÇÕES MUSICAIS LTDA,,,,,,,39096,391
SBT,01. Solicitação janeiro 2024.xls,Relatório Solicitação,,,,,,BMG RIGHTS MANAGEMENT BRASIL LTDA,,,BMG RIGHTS MANAGEMENT BRASIL LTDA,,,,,,,4887,49
SBT,01. Solicitação janeiro 2024.xls,Relatório Solicitação,,,,,,EDITORA E IMPORTADORA MUSICAL FERMATA DO BRASIL LTDA,,,EDITORA E IMPORTADORA MUSICAL FERMATA DO BRASIL LTDA,,,,,,,24435,244
SBT,01. Solicitação janeiro 2024.xls,Relatório Solicitação,,,,,,ABRAMUS DIGITAL SERV. IDENT. REPERTÓRIO,,,ABRAMUS DIGITAL SERV. IDENT. REPERTÓRIO,,,,,,,4887,49
SBT,01. Solicitação janeiro 2024.xls,Relatório Solicitação,,,,,,SONY MUSIC PUBLISHING (BRASIL) EDIÇÕES MUSICAIS LTDA,,,SONY MUSIC PUBLISHING (BRASIL) EDIÇÕES MUSICAIS LTDA,,,,,,,4887,49
SBT,01. Solicitação janeiro 2024.xls,Relatório Solicitação,,,,,,SONY MUSIC PUBLISHING (BRASIL) EDIÇÕES MUSICAIS LTDA,,,SONY MUSIC PUBLISHING (BRASIL) EDIÇÕES MUSICAIS LTDA,,,,,,,39096,391
SBT,01. Solicitação janeiro 2024.xls,Relatório Solicitação,,,,,,DIVERSAS,,,DIVERSAS,,,,,,,39096,391
SBT,01. Solicitação janeiro 2024.xls,Relatório Solicitação,,,,,,NOWA PRODUÇÕES ARTÍSTICAS LTDA,,,NOWA PRODUÇÕES ARTÍSTICAS LTDA,,,,,,,39096,391
SBT,01. Solicitação janeiro 2024.xls,Relatório Solicitação,,,,,,NOWA PRODUÇÕES ARTÍSTICAS LTDA,,,NOWA PRODUÇÕES ARTÍSTICAS LTDA,,,,,,,39096,391
SBT,01. Solicitação janeiro 2024.xls,Relatório Solicitação,,,,,,DIVERSAS,,,DIVERSAS,,,,,,,19548,195
SBT,01. Solicitação janeiro 2024.xls,Relatório Solicitação,,,,,,UNIVERSAL MUSIC PUBLISHING MGB BRASIL LTDA,,,UNIVERSAL MUSIC PUBLISHING MGB BRASIL LTDA,,,,,,,19548,195
SBT,01. Solicitação janeiro 2024.xls,Relatório Solicitação,,,,,,SONY MUSIC PUBLISHING (BRASIL) EDIÇÕES MUSICAIS LTDA,,,SONY MUSIC PUBLISHING (BRASIL) EDIÇÕES MUSICAIS LTDA,,,,,,,39096,391
SBT,01. Solicitação janeiro 2024.xls,Relatório Solicitação,,,,,,SONY MUSIC PUBLISHING (BRASIL) EDIÇÕES MUSICAIS LTDA,,,SONY MUSIC PUBLISHING (BRASIL) EDIÇÕES MUSICAIS LTDA,,,,,,,39096,391
SBT,01. Solicitação janeiro 2024.xls,Relatório Solicitação,,,,,,DIVERSAS,,,DIVERSAS,,,,,,,7819,78
SBT,01. Solicitação janeiro 2024.xls,Relatório Solicitação,,,,,,SONY MUSIC PUBLISHING (BRASIL) EDIÇÕES MUSICAIS LTDA,,,SONY MUSIC PUBLISHING (BRASIL) EDIÇÕES MUSICAIS LTDA,,,,,,,31277,313
SBT,01. Solicitação janeiro 2024.xls,Relatório Solicitação,,,,,,DIVERSAS,,,DIVERSAS,,,,,,,7819,78
SBT,01. Solicitação janeiro 2024.xls,Relatório Solicitação,,,,,,SONY MUSIC PUBLISHING (BRASIL) EDIÇÕES MUSICAIS LTDA,,,SONY MUSIC PUBLISHING (BRASIL) EDIÇÕES MUSICAIS LTDA,,,,,,,31277,313
SBT,01. Solicitação janeiro 2024.xls,Relatório Solicitação,,,,,,DIVERSAS,,,DIVERSAS,,,,,,,39096,391
SBT,01. Solicitação janeiro 2024.xls,Relatório Solicitação,,,,,,DIVERSAS,,,DIVERSAS,,,,,,,10263,103
SBT,01. Solicitação janeiro 2024.xls,Relatório Solicitação,,,,,,SONY MUSIC PUBLISHING (BRASIL) EDIÇÕES MUSICAIS LTDA,,,SONY MUSIC PUBLISHING (BRASIL) EDIÇÕES MUSICAIS LTDA,,,,,,,151500,1515
SBT,01. Solicitação janeiro 2024.xls,Relatório Solicitação,,,,,,DECK PRODUÇÕES ARTÍSTICAS LTDA,,,DECK PRODUÇÕES ARTÍSTICAS LTDA,,,,,,,13684,137
SBT,01. Solicitação janeiro 2024.xls,Relatório Solicitação,,,,,,PEERMUSIC DO BRASIL EDIÇÕES MUSICAIS LTDA,,,PEERMUSIC DO BRASIL EDIÇÕES MUSICAIS LTDA,,,,,,,39096,391
SBT,01. Solicitação janeiro 2024.xls,Relatório Solicitação,,,,,,BMG RIGHTS MANAGEMENT BRASIL LTDA,,,BMG RIGHTS MANAGEMENT BRASIL LTDA,,,,,,,39096,391
SBT,01. Solicitação janeiro 2024.xls,Relatório Solicitação,,,,,,UNIVERSAL MUSIC PUBLISHING MGB BRASIL LTDA,,,UNIVERSAL MUSIC PUBLISHING MGB BRASIL LTDA,,,,,,,9774,98
SBT,01. Solicitação janeiro 2024.xls,Relatório Solicitação,,,,,,WARNER CHAPPELL EDIÇÕES MUSICAIS LTDA,,,WARNER CHAPPELL EDIÇÕES MUSICAIS LTDA,,,,,,,29322,293
SBT,01. Solicitação janeiro 2024.xls,Relatório Solicitação,,,,,,WARNER CHAPPELL EDIÇÕES MUSICAIS LTDA,,,WARNER CHAPPELL EDIÇÕES MUSICAIS LTDA,,,,,,,19548,195
SBT,01. Solicitação janeiro 2024.xls,Relatório Solicitação,,,,,,DIVERSAS,,,DIVERSAS,,,,,,,19548,195
SBT,01. Solicitação janeiro 2024.xls,Relatório Solicitação,,,,,,UNIVERSAL MUSIC PUBLISHING MGB BRASIL LTDA,,,UNIVERSAL MUSIC PUBLISHING MGB BRASIL LTDA,,,,,,,14661,147
SBT,01. Solicitação janeiro 2024.xls,Relatório Solicitação,,,,,,SONY MUSIC PUBLISHING (BRASIL) EDIÇÕES MUSICAIS LTDA,,,SONY MUSIC PUBLISHING (BRASIL) EDIÇÕES MUSICAIS LTDA,,,,,,,24435,244
SBT,01. Solicitação janeiro 2024.xls,Relatório Solicitação,,,,,,UNIVERSAL MUSIC PUBLISHING MGB BRASIL LTDA,,,UNIVERSAL MUSIC PUBLISHING MGB BRASIL LTDA,,,,,,,39096,391
SBT,01. Solicitação janeiro 2024.xls,Relatório Solicitação,,,,,,SONY MUSIC PUBLISHING (BRASIL) EDIÇÕES MUSICAIS LTDA,,,SONY MUSIC PUBLISHING (BRASIL) EDIÇÕES MUSICAIS LTDA,,,,,,,39096,391
SBT,01. Solicitação janeiro 2024.xls,Relatório Solicitação,,,,,,PEERMUSIC DO BRASIL EDIÇÕES MUSICAIS LTDA,,,PEERMUSIC DO BRASIL EDIÇÕES MUSICAIS LTDA,,,,,,,39096,391
SBT,01. Solicitação janeiro 2024.xls,Relatório Solicitação,,,,,,UNIVERSAL MUSIC PUBLISHING MGB BRASIL LTDA,,,UNIVERSAL MUSIC PUBLISHING MGB BRASIL LTDA,,,,,,,39096,391
SBT,01. Solicitação janeiro 2024.xls,Relatório Solicitação,,,,,,WARNER CHAPPELL EDIÇÕES MUSICAIS LTDA,,,WARNER CHAPPELL EDIÇÕES MUSICAIS LTDA,,,,,,,39096,391
SBT,01. Solicitação janeiro 2024.xls,Relatório Solicitação,,,,,,DIVERSAS,,,DIVERSAS,,,,,,,39096,391
SBT,01. Solicitação janeiro 2024.xls,Relatório Solicitação,,,,,,EDITORA MUSICAL CORISCO LTDA,,,EDITORA MUSICAL CORISCO LTDA,,,,,,,39096,391
SBT,01. Solicitação janeiro 2024.xls,Relatório Solicitação,,,,,,WARNER CHAPPELL EDIÇÕES MUSICAIS LTDA,,,WARNER CHAPPELL EDIÇÕES MUSICAIS LTDA,,,,,,,39096,391
SBT,01. Solicitação janeiro 2024.xls,Relatório Solicitação,,,,,,SONY MUSIC PUBLISHING (BRASIL) EDIÇÕES MUSICAIS LTDA,,,SONY MUSIC PUBLISHING (BRASIL) EDIÇÕES MUSICAIS LTDA,,,,,,,39096,391
SBT,01. Solicitação janeiro 2024.xls,Relatório Solicitação,,,,,,WARNER CHAPPELL EDIÇÕES MUSICAIS LTDA,,,WARNER CHAPPELL EDIÇÕES MUSICAIS LTDA,,,,,,,39096,391
SBT,01. Solicitação janeiro 2024.xls,Relatório Solicitação,,,,,,SONY MUSIC PUBLISHING (BRASIL) EDIÇÕES MUSICAIS LTDA,,,SONY MUSIC PUBLISHING (BRASIL) EDIÇÕES MUSICAIS LTDA,,,,,,,39096,391
SBT,01. Solicitação janeiro 2024.xls,Relatório Solicitação,,,,,,PEERMUSIC DO BRASIL EDIÇÕES MUSICAIS LTDA,,,PEERMUSIC DO BRASIL EDIÇÕES MUSICAIS LTDA,,,,,,,78192,782
SBT,01. Solicitação janeiro 2024.xls,Relatório Solicitação,,,,,,UNIVERSAL MUSIC PUBLISHING MGB BRASIL LTDA,,,UNIVERSAL MUSIC PUBLISHING MGB BRASIL LTDA,,,,,,,78192,782
SBT,01. Solicitação janeiro 2024.xls,Relatório Solicitação,,,,,,WARNER CHAPPELL EDIÇÕES MUSICAIS LTDA,,,WARNER CHAPPELL EDIÇÕES MUSICAIS LTDA,,,,,,,29322,293
SBT,01. Solicitação janeiro 2024.xls,Relatório Solicitação,,,,,,SONY MUSIC PUBLISHING (BRASIL) EDIÇÕES MUSICAIS LTDA,,,SONY MUSIC PUBLISHING (BRASIL) EDIÇÕES MUSICAIS LTDA,,,,,,,9774,98
SBT,01. Solicitação janeiro 2024.xls,Relatório Solicitação,,,,,,WARNER CHAPPELL EDIÇÕES MUSICAIS LTDA,,,WARNER CHAPPELL EDIÇÕES MUSICAIS LTDA,,,,,,,39096,391
SBT,01. Solicitação janeiro 2024.xls,Relatório Solicitação,,,,,,WORLDSHOW PROMOÇÕES E EVENTOS,,,WORLDSHOW PROMOÇÕES E EVENTOS,,,,,,,19548,195
SBT,01. Solicitação janeiro 2024.xls,Relatório Solicitação,,,,,,DECK PRODUÇÕES ARTÍSTICAS LTDA,,,DECK PRODUÇÕES ARTÍSTICAS LTDA,,,,,,,19548,195
SBT,01. Solicitação janeiro 2024.xls,Relatório Solicitação,,,,,,WARNER CHAPPELL EDIÇÕES MUSICAIS LTDA,,,WARNER CHAPPELL EDIÇÕES MUSICAIS LTDA,,,,,,,78192,782
SBT,01. Solicitação janeiro 2024.xls,Relatório Solicitação,,,,,,ABRAMUS DIGITAL SERV. IDENT. REPERTÓRIO,,,ABRAMUS DIGITAL SERV. IDENT. REPERTÓRIO,,,,,,,39096,391
SBT,01. Solicitação janeiro 2024.xls,Relatório Solicitação,,,,,,SONY MUSIC PUBLISHING (BRASIL) EDIÇÕES MUSICAIS LTDA,,,SONY MUSIC PUBLISHING (BRASIL) EDIÇÕES MUSICAIS LTDA,,,,,,,39096,391
SBT,01. Solicitação janeiro 2024.xls,Relatório Solicitação,,,,,,DIVERSAS,,,DIVERSAS,,,,,,,39096,391
SBT,01. Solicitação janeiro 2024.xls,Relatório Solicitação,,,,,,SONY MUSIC PUBLISHING (BRASIL) EDIÇÕES MUSICAIS LTDA,,,SONY MUSIC PUBLISHING (BRASIL) EDIÇÕES MUSICAIS LTDA,,,,,,,39096,391
SBT,01. Solicitação janeiro 2024.xls,Relatório Solicitação,,,,,,DIVERSAS,,,DIVERSAS,,,,,,,78192,782
SBT,01. Solicitação janeiro 2024.xls,Relatório Solicitação,,,,,,MAC MAC PRODUÇÕES ARTÍSTICAS LTDA.,,,MAC MAC PRODUÇÕES ARTÍSTICAS LTDA.,,,,,,,39096,391
SBT,01. Solicitação janeiro 2024.xls,Relatório Solicitação,,,,,,SM PUBLISHING (BRASIL) EDIÇÕES MUSICAIS LTDA,,,SM PUBLISHING (BRASIL) EDIÇÕES MUSICAIS LTDA,,,,,,,19548,195
SBT,01. Solicitação janeiro 2024.xls,Relatório Solicitação,,,,,,WARNER CHAPPELL EDIÇÕES MUSICAIS LTDA,,,WARNER CHAPPELL EDIÇÕES MUSICAIS LTDA,,,,,,,19548,195
SBT,01. Solicitação janeiro 2024.xls,Relatório Solicitação,,,,,,WARNER CHAPPELL EDIÇÕES MUSICAIS LTDA,,,WARNER CHAPPELL EDIÇÕES MUSICAIS LTDA,,,,,,,78192,782
SBT,01. Solicitação janeiro 2024.xls,Relatório Solicitação,,,,,,PEERMUSIC DO BRASIL EDIÇÕES MUSICAIS LTDA,,,PEERMUSIC DO BRASIL EDIÇÕES MUSICAIS LTDA,,,,,,,78192,782
SBT,01. Solicitação janeiro 2024.xls,Relatório Solicitação,,,,,,UNIVERSAL MUSIC PUBLISHING MGB BRASIL LTDA,,,UNIVERSAL MUSIC PUBLISHING MGB BRASIL LTDA,,,,,,,31277,313
SBT,01. Solicitação janeiro 2024.xls,Relatório Solicitação,,,,,,SONY MUSIC PUBLISHING (BRASIL) EDIÇÕES MUSICAIS LTDA,,,SONY MUSIC PUBLISHING (BRASIL) EDIÇÕES MUSICAIS LTDA,,,,,,,7819,78
SBT,01. Solicitação janeiro 2024.xls,Relatório Solicitação,,,,,,JKF,,,JKF,,,,,,,39096,391
SBT,01. Solicitação janeiro 2024.xls,Relatório Solicitação,,,,,,SONY MUSIC PUBLISHING (BRASIL) EDIÇÕES MUSICAIS LTDA,,,SONY MUSIC PUBLISHING (BRASIL) EDIÇÕES MUSICAIS LTDA,,,,,,,39096,391
SBT,01. Solicitação janeiro 2024.xls,Relatório Solicitação,,,,,,UNIVERSAL MUSIC PUBLISHING MGB BRASIL LTDA,,,UNIVERSAL MUSIC PUBLISHING MGB BRASIL LTDA,,,,,,,78192,782
SBT,01. Solicitação janeiro 2024.xls,Relatório Solicitação,,,,,,UNIVERSAL MUSIC PUBLISHING MGB BRASIL LTDA,,,UNIVERSAL MUSIC PUBLISHING MGB BRASIL LTDA,,,,,,,78192,782
SBT,01. Solicitação janeiro 2024.xls,Relatório Solicitação,,,,,,UNIVERSAL MUSIC PUBLISHING MGB BRASIL LTDA,,,UNIVERSAL MUSIC PUBLISHING MGB BRASIL LTDA,,,,,,,39096,391
SBT,01. Solicitação janeiro 2024.xls,Relatório Solicitação,,,,,,EDITORA MUSICAL CORISCO LTDA,,,EDITORA MUSICAL CORISCO LTDA,,,,,,,19548,195
SBT,01. Solicitação janeiro 2024.xls,Relatório Solicitação,,,,,,DIVERSAS,,,DIVERSAS,,,,,,,19548,195
SBT,01. Solicitação janeiro 2024.xls,Relatório Solicitação,,,,,,ATRAÇÃO PRODUÇÕES ILIMITADAS LTDA,,,ATRAÇÃO PRODUÇÕES ILIMITADAS LTDA,,,,,,,39096,391
SBT,01. Solicitação janeiro 2024.xls,Relatório Solicitação,,,,,,NANY CD'S LTDA,,,NANY CD'S LTDA,,,,,,,39096,391
SBT,01. Solicitação janeiro 2024.xls,Relatório Solicitação,,,,,,THIAGO ABDULAHAD NUNES RIOS ME,,,THIAGO ABDULAHAD NUNES RIOS ME,,,,,,,9774,98
SBT,01. Solicitação janeiro 2024.xls,Relatório Solicitação,,,,,,WARNER CHAPPELL EDIÇÕES MUSICAIS LTDA,,,WARNER CHAPPELL EDIÇÕES MUSICAIS LTDA,,,,,,,29322,293
SBT,01. Solicitação janeiro 2024.xls,Relatório Solicitação,,,,,,THIAGO ABDULAHAD NUNES RIOS ME,,,THIAGO ABDULAHAD NUNES RIOS ME,,,,,,,31277,313
SBT,01. Solicitação janeiro 2024.xls,Relatório Solicitação,,,,,,DIVERSAS,,,DIVERSAS,,,,,,,7819,78
SBT,01. Solicitação janeiro 2024.xls,Relatório Solicitação,,,,,,DIVERSAS,,,DIVERSAS,,,,,,,13035,130
SBT,01. Solicitação janeiro 2024.xls,Relatório Solicitação,,,,,,THIAGO ABDULAHAD NUNES RIOS ME,,,THIAGO ABDULAHAD NUNES RIOS ME,,,,,,,26061,261
SBT,01. Solicitação janeiro 2024.xls,Relatório Solicitação,,,,,,BMG RIGHTS MANAGEMENT BRASIL LTDA,,,BMG RIGHTS MANAGEMENT BRASIL LTDA,,,,,,,11338,113
SBT,01. Solicitação janeiro 2024.xls,Relatório Solicitação,,,,,,DIVERSAS,,,DIVERSAS,,,,,,,16585,166
SBT,01. Solicitação janeiro 2024.xls,Relatório Solicitação,,,,,,SONY MUSIC PUBLISHING (BRASIL) EDIÇÕES MUSICAIS LTDA,,,SONY MUSIC PUBLISHING (BRASIL) EDIÇÕES MUSICAIS LTDA,,,,,,,11174,112
SBT,01. Solicitação janeiro 2024.xls,Relatório Solicitação,,,,,,DIVERSAS,,,DIVERSAS,,,,,,,39096,391
SBT,01. Solicitação janeiro 2024.xls,Relatório Solicitação,,,,,,WARNER CHAPPELL EDIÇÕES MUSICAIS LTDA,,,WARNER CHAPPELL EDIÇÕES MUSICAIS LTDA,,,,,,,19548,195
SBT,01. Solicitação janeiro 2024.xls,Relatório Solicitação,,,,,,PEERMUSIC DO BRASIL EDIÇÕES MUSICAIS LTDA,,,PEERMUSIC DO BRASIL EDIÇÕES MUSICAIS LTDA,,,,,,,19548,195
SBT,01. Solicitação janeiro 2024.xls,Relatório Solicitação,,,,,,SONY MUSIC PUBLISHING (BRASIL) EDIÇÕES MUSICAIS LTDA,,,SONY MUSIC PUBLISHING (BRASIL) EDIÇÕES MUSICAIS LTDA,,,,,,,39096,391
SBT,01. Solicitação janeiro 2024.xls,Relatório Solicitação,,,,,,DIVERSAS,,,DIVERSAS,,,,,,,78192,782
SBT,01. Solicitação janeiro 2024.xls,Relatório Solicitação,,,,,,"MANGIONE, FILHOS E CIA LTDA",,,"MANGIONE, FILHOS E CIA LTDA",,,,,,,39096,391
SBT,01. Solicitação janeiro 2024.xls,Relatório Solicitação,,,,,,DIVERSAS,,,DIVERSAS,,,,,,,31277,313
SBT,01. Solicitação janeiro 2024.xls,Relatório Solicitação,,,,,,DECK PRODUÇÕES ARTÍSTICAS LTDA,,,DECK PRODUÇÕES ARTÍSTICAS LTDA,,,,,,,7819,78
SBT,01. Solicitação janeiro 2024.xls,Relatório Solicitação,,,,,,WARNER CHAPPELL EDIÇÕES MUSICAIS LTDA,,,WARNER CHAPPELL EDIÇÕES MUSICAIS LTDA,,,,,,,15638,156
SBT,01. Solicitação janeiro 2024.xls,Relatório Solicitação,,,,,,THIAGO ABDULAHAD NUNES RIOS ME,,,THIAGO ABDULAHAD NUNES RIOS ME,,,,,,,15638,156
SBT,01. Solicitação janeiro 2024.xls,Relatório Solicitação,,,,,,SONY MUSIC PUBLISHING (BRASIL) EDIÇÕES MUSICAIS LTDA,,,SONY MUSIC PUBLISHING (BRASIL) EDIÇÕES MUSICAIS LTDA,,,,,,,46915,469
SBT,01. Solicitação janeiro 2024.xls,Relatório Solicitação,,,,,,SONY MUSIC PUBLISHING (BRASIL) EDIÇÕES MUSICAIS LTDA,,,SONY MUSIC PUBLISHING (BRASIL) EDIÇÕES MUSICAIS LTDA,,,,,,,78192,782
SBT,01. Solicitação janeiro 2024.xls,Relatório Solicitação,,,,,,BMG RIGHTS MANAGEMENT BRASIL LTDA,,,BMG RIGHTS MANAGEMENT BRASIL LTDA,,,,,,,58644,586
SBT,01. Solicitação janeiro 2024.xls,Relatório Solicitação,,,,,,ABRAMUS DIGITAL SERV. IDENT. REPERTÓRIO,,,ABRAMUS DIGITAL SERV. IDENT. REPERTÓRIO,,,,,,,19548,195
SBT,01. Solicitação janeiro 2024.xls,Relatório Solicitação,,,,,,DIVERSAS,,,DIVERSAS,,,,,,,11729,117
SBT,01. Solicitação janeiro 2024.xls,Relatório Solicitação,,,,,,WARNER CHAPPELL EDIÇÕES MUSICAIS LTDA,,,WARNER CHAPPELL EDIÇÕES MUSICAIS LTDA,,,,,,,66463,665
SBT,01. Solicitação janeiro 2024.xls,Relatório Solicitação,,,,,,BMG RIGHTS MANAGEMENT BRASIL LTDA,,,BMG RIGHTS MANAGEMENT BRASIL LTDA,,,,,,,13035,130
SBT,01. Solicitação janeiro 2024.xls,Relatório Solicitação,,,,,,DIVERSAS,,,DIVERSAS,,,,,,,16,0
SBT,01. Solicitação janeiro 2024.xls,Relatório Solicitação,,,,,,WARNER CHAPPELL EDIÇÕES MUSICAIS LTDA,,,WARNER CHAPPELL EDIÇÕES MUSICAIS LTDA,,,,,,,26054,261
SBT,01. Solicitação janeiro 2024.xls,Relatório Solicitação,,,,,,SONY MUSIC PUBLISHING (BRASIL) EDIÇÕES MUSICAIS LTDA,,,SONY MUSIC PUBLISHING (BRASIL) EDIÇÕES MUSICAIS LTDA,,,,,,,39088,391
SBT,01. Solicitação janeiro 2024.xls,Relatório Solicitação,,,,,,BMG RIGHTS MANAGEMENT BRASIL LTDA,,,BMG RIGHTS MANAGEMENT BRASIL LTDA,,,,,,,78192,782
SBT,01. Solicitação janeiro 2024.xls,Relatório Solicitação,,,,,,BMG RIGHTS MANAGEMENT BRASIL LTDA,,,BMG RIGHTS MANAGEMENT BRASIL LTDA,,,,,,,78192,782
SBT,01. Solicitação janeiro 2024.xls,Relatório Solicitação,,,,,,WARNER CHAPPELL EDIÇÕES MUSICAIS LTDA,,,WARNER CHAPPELL EDIÇÕES MUSICAIS LTDA,,,,,,,78192,782
SBT,01. Solicitação janeiro 2024.xls,Relatório Solicitação,,,,,,BMG RIGHTS MANAGEMENT BRASIL LTDA,,,BMG RIGHTS MANAGEMENT BRASIL LTDA,,,,,,,15638,156
SBT,01. Solicitação janeiro 2024.xls,Relatório Solicitação,,,,,,EDITORA MUSICAL PANTTANAL LTDA,,,EDITORA MUSICAL PANTTANAL LTDA,,,,,,,31277,313
SBT,01. Solicitação janeiro 2024.xls,Relatório Solicitação,,,,,,ABRAMUS DIGITAL SERV. IDENT. REPERTÓRIO,,,ABRAMUS DIGITAL SERV. IDENT. REPERTÓRIO,,,,,,,15638,156
SBT,01. Solicitação janeiro 2024.xls,Relatório Solicitação,,,,,,WARNER CHAPPELL EDIÇÕES MUSICAIS LTDA,,,WARNER CHAPPELL EDIÇÕES MUSICAIS LTDA,,,,,,,15638,156
SBT,01. Solicitação janeiro 2024.xls,Relatório Solicitação,,,,,,WARNER CHAPPELL EDIÇÕES MUSICAIS LTDA,,,WARNER CHAPPELL EDIÇÕES MUSICAIS LTDA,,,,,,,78192,782
SBT,01. Solicitação janeiro 2024.xls,Relatório Solicitação,,,,,,PEPATO & PEPATO EMPREENDIMENTOS ARTISTICOS E MUSICAIS,,,PEPATO & PEPATO EMPREENDIMENTOS ARTISTICOS E MUSICAIS,,,,,,,26061,261
SBT,01. Solicitação janeiro 2024.xls,Relatório Solicitação,,,,,,WARNER CHAPPELL EDIÇÕES MUSICAIS LTDA,,,WARNER CHAPPELL EDIÇÕES MUSICAIS LTDA,,,,,,,26061,261
SBT,01. Solicitação janeiro 2024.xls,Relatório Solicitação,,,,,,ABRAMUS DIGITAL SERV. IDENT. REPERTÓRIO,,,ABRAMUS DIGITAL SERV. IDENT. REPERTÓRIO,,,,,,,26069,261
SBT,01. Solicitação janeiro 2024.xls,Relatório Solicitação,,,,,,SONY MUSIC PUBLISHING (BRASIL) EDIÇÕES MUSICAIS LTDA,,,SONY MUSIC PUBLISHING (BRASIL) EDIÇÕES MUSICAIS LTDA,,,,,,,34436,344
SBT,01. Solicitação janeiro 2024.xls,Relatório Solicitação,,,,,,DIVERSAS,,,DIVERSAS,,,,,,,28118,281
SBT,01. Solicitação janeiro 2024.xls,Relatório Solicitação,,,,,,NOSSAMÚSICA PRODUÇÕES E EDIÇÕES MUSICAIS LTDA,,,NOSSAMÚSICA PRODUÇÕES E EDIÇÕES MUSICAIS LTDA,,,,,,,15638,156
SBT,01. Solicitação janeiro 2024.xls,Relatório Solicitação,,,,,,UNIVERSAL MUSIC PUBLISHING MGB BRASIL LTDA,,,UNIVERSAL MUSIC PUBLISHING MGB BRASIL LTDA,,,,,,,52131,521
SBT,01. Solicitação janeiro 2024.xls,Relatório Solicitação,,,,,,BMG RIGHTS MANAGEMENT BRASIL LTDA,,,BMG RIGHTS MANAGEMENT BRASIL LTDA,,,,,,,10423,104
SBT,01. Solicitação janeiro 2024.xls,Relatório Solicitação,,,,,,SONY MUSIC PUBLISHING (BRASIL) EDIÇÕES MUSICAIS LTDA,,,SONY MUSIC PUBLISHING (BRASIL) EDIÇÕES MUSICAIS LTDA,,,,,,,15638,156
SBT,01. Solicitação janeiro 2024.xls,Relatório Solicitação,,,,,,MINHA AUTORIA ASSESSORIA EM DIREITOS MUSICAIS LTDA.,,,MINHA AUTORIA ASSESSORIA EM DIREITOS MUSICAIS LTDA.,,,,,,,39096,391
SBT,01. Solicitação janeiro 2024.xls,Relatório Solicitação,,,,,,UNIVERSAL MUSIC PUBLISHING MGB BRASIL LTDA,,,UNIVERSAL MUSIC PUBLISHING MGB BRASIL LTDA,,,,,,,39096,391
SBT,01. Solicitação janeiro 2024.xls,Relatório Solicitação,,,,,,DIVERSAS,,,DIVERSAS,,,,,,,11729,117
SBT,01. Solicitação janeiro 2024.xls,Relatório Solicitação,,,,,,WARNER CHAPPELL EDIÇÕES MUSICAIS LTDA,,,WARNER CHAPPELL EDIÇÕES MUSICAIS LTDA,,,,,,,27367,274
SBT,01. Solicitação janeiro 2024.xls,Relatório Solicitação,,,,,,ADDAF - ASS. DEF. DIREITOS AUTORAIS FONOMECÂNICOS,,,ADDAF - ASS. DEF. DIREITOS AUTORAIS FONOMECÂNICOS,,,,,,,19548,195
SBT,01. Solicitação janeiro 2024.xls,Relatório Solicitação,,,,,,UNIVERSAL MUSIC PUBLISHING MGB BRASIL LTDA,,,UNIVERSAL MUSIC PUBLISHING MGB BRASIL LTDA,,,,,,,19548,195
SBT,01. Solicitação janeiro 2024.xls,Relatório Solicitação,,,,,,ADDAF - ASS. DEF. DIREITOS AUTORAIS FONOMECÂNICOS,,,ADDAF - ASS. DEF. DIREITOS AUTORAIS FONOMECÂNICOS,,,,,,,19548,195
SBT,01. Solicitação janeiro 2024.xls,Relatório Solicitação,,,,,,SONY MUSIC PUBLISHING (BRASIL) EDIÇÕES MUSICAIS LTDA,,,SONY MUSIC PUBLISHING (BRASIL) EDIÇÕES MUSICAIS LTDA,,,,,,,19548,195
SBT,01. Solicitação janeiro 2024.xls,Relatório Solicitação,,,,,,DIVERSAS,,,DIVERSAS,,,,,,,19548,195
SBT,01. Solicitação janeiro 2024.xls,Relatório Solicitação,,,,,,ABRAMUS DIGITAL SERV. IDENT. REPERTÓRIO,,,ABRAMUS DIGITAL SERV. IDENT. REPERTÓRIO,,,,,,,9774,98
SBT,01. Solicitação janeiro 2024.xls,Relatório Solicitação,,,,,,WARNER CHAPPELL EDIÇÕES MUSICAIS LTDA,,,WARNER CHAPPELL EDIÇÕES MUSICAIS LTDA,,,,,,,9774,98
SBT,01. Solicitação janeiro 2024.xls,Relatório Solicitação,,,,,,DIVERSAS,,,DIVERSAS,,,,,,,29322,293
SBT,01. Solicitação janeiro 2024.xls,Relatório Solicitação,,,,,,SONY MUSIC PUBLISHING (BRASIL) EDIÇÕES MUSICAIS LTDA,,,SONY MUSIC PUBLISHING (BRASIL) EDIÇÕES MUSICAIS LTDA,,,,,,,488700,4887
SBT,01. Solicitação janeiro 2024.xls,Relatório Solicitação,,,,,,SONY MUSIC PUBLISHING (BRASIL) EDIÇÕES MUSICAIS LTDA,,,SONY MUSIC PUBLISHING (BRASIL) EDIÇÕES MUSICAIS LTDA,,,,,,,19548,195
SBT,01. Solicitação janeiro 2024.xls,Relatório Solicitação,,,,,,WARNER CHAPPELL EDIÇÕES MUSICAIS LTDA,,,WARNER CHAPPELL EDIÇÕES MUSICAIS LTDA,,,,,,,19548,195
SBT,01. Solicitação janeiro 2024.xls,Relatório Solicitação,,,,,,PEERMUSIC DO BRASIL EDIÇÕES MUSICAIS LTDA,,,PEERMUSIC DO BRASIL EDIÇÕES MUSICAIS LTDA,,,,,,,39096,391
SBT,01. Solicitação janeiro 2024.xls,Relatório Solicitação,,,,,,WARNER CHAPPELL EDIÇÕES MUSICAIS LTDA,,,WARNER CHAPPELL EDIÇÕES MUSICAIS LTDA,,,,,,,39096,391
SBT,01. Solicitação janeiro 2024.xls,Relatório Solicitação,,,,,,UNIVERSAL MUSIC PUBLISHING MGB BRASIL LTDA,,,UNIVERSAL MUSIC PUBLISHING MGB BRASIL LTDA,,,,,,,19548,195
SBT,01. Solicitação janeiro 2024.xls,Relatório Solicitação,,,,,,WARNER CHAPPELL EDIÇÕES MUSICAIS LTDA,,,WARNER CHAPPELL EDIÇÕES MUSICAIS LTDA,,,,,,,19548,195
SBT,01. Solicitação janeiro 2024.xls,Relatório Solicitação,,,,,,DIVERSAS,,,DIVERSAS,,,,,,,9774,98
SBT,01. Solicitação janeiro 2024.xls,Relatório Solicitação,,,,,,THIAGO ABDULAHAD NUNES RIOS ME,,,THIAGO ABDULAHAD NUNES RIOS ME,,,,,,,9774,98
SBT,01. Solicitação janeiro 2024.xls,Relatório Solicitação,,,,,,ABRAMUS DIGITAL SERV. IDENT. REPERTÓRIO,,,ABRAMUS DIGITAL SERV. IDENT. REPERTÓRIO,,,,,,,9774,98
SBT,01. Solicitação janeiro 2024.xls,Relatório Solicitação,,,,,,WARNER CHAPPELL EDIÇÕES MUSICAIS LTDA,,,WARNER CHAPPELL EDIÇÕES MUSICAIS LTDA,,,,,,,9774,98
SBT,01. Solicitação janeiro 2024.xls,Relatório Solicitação,,,,,,BMG RIGHTS MANAGEMENT BRASIL LTDA,,,BMG RIGHTS MANAGEMENT BRASIL LTDA,,,,,,,39096,391
SBT,01. Solicitação janeiro 2024.xls,Relatório Solicitação,,,,,,DIVERSAS,,,DIVERSAS,,,,,,,26065,261
SBT,01. Solicitação janeiro 2024.xls,Relatório Solicitação,,,,,,WARNER CHAPPELL EDIÇÕES MUSICAIS LTDA,,,WARNER CHAPPELL EDIÇÕES MUSICAIS LTDA,,,,,,,13031,130
SBT,01. Solicitação janeiro 2024.xls,Relatório Solicitação,,,,,,UNIVERSAL MUSIC PUBLISHING MGB BRASIL LTDA,,,UNIVERSAL MUSIC PUBLISHING MGB BRASIL LTDA,,,,,,,39096,391
SBT,01. Solicitação janeiro 2024.xls,Relatório Solicitação,,,,,,UNIVERSAL MUSIC PUBLISHING MGB BRASIL LTDA,,,UNIVERSAL MUSIC PUBLISHING MGB BRASIL LTDA,,,,,,,39096,391
SBT,01. Solicitação janeiro 2024.xls,Relatório Solicitação,,,,,,BERGER PRODUÇÕES LTDA,,,BERGER PRODUÇÕES LTDA,,,,,,,19548,195
SBT,01. Solicitação janeiro 2024.xls,Relatório Solicitação,,,,,,DIVERSAS,,,DIVERSAS,,,,,,,19548,195
SBT,01. Solicitação janeiro 2024.xls,Relatório Solicitação,,,,,,DIVERSAS,,,DIVERSAS,,,,,,,39096,391
SBT,01. Solicitação janeiro 2024.xls,Relatório Solicitação,,,,,,DECK PRODUÇÕES ARTÍSTICAS LTDA,,,DECK PRODUÇÕES ARTÍSTICAS LTDA,,,,,,,39096,391
SBT,01. Solicitação janeiro 2024.xls,Relatório Solicitação,,,,,,PEERMUSIC DO BRASIL EDIÇÕES MUSICAIS LTDA,,,PEERMUSIC DO BRASIL EDIÇÕES MUSICAIS LTDA,,,,,,,39096,391
SBT,01. Solicitação janeiro 2024.xls,Relatório Solicitação,,,,,,SONY MUSIC PUBLISHING (BRASIL) EDIÇÕES MUSICAIS LTDA,,,SONY MUSIC PUBLISHING (BRASIL) EDIÇÕES MUSICAIS LTDA,,,,,,,39096,391
SBT,01. Solicitação janeiro 2024.xls,Relatório Solicitação,,,,,,SONY MUSIC PUBLISHING (BRASIL) EDIÇÕES MUSICAIS LTDA,,,SONY MUSIC PUBLISHING (BRASIL) EDIÇÕES MUSICAIS LTDA,,,,,,,39096,391
SBT,01. Solicitação janeiro 2024.xls,Relatório Solicitação,,,,,,WARNER CHAPPELL EDIÇÕES MUSICAIS LTDA,,,WARNER CHAPPELL EDIÇÕES MUSICAIS LTDA,,,,,,,39096,391
SBT,01. Solicitação janeiro 2024.xls,Relatório Solicitação,,,,,,DIVERSAS,,,DIVERSAS,,,,,,,39096,391
SBT,01. Solicitação janeiro 2024.xls,Relatório Solicitação,,,,,,BMG RIGHTS MANAGEMENT BRASIL LTDA,,,BMG RIGHTS MANAGEMENT BRASIL LTDA,,,,,,,6513,65
SBT,01. Solicitação janeiro 2024.xls,Relatório Solicitação,,,,,,DIVERSAS,,,DIVERSAS,,,,,,,12,0
SBT,01. Solicitação janeiro 2024.xls,Relatório Solicitação,,,,,,WARNER CHAPPELL EDIÇÕES MUSICAIS LTDA,,,WARNER CHAPPELL EDIÇÕES MUSICAIS LTDA,,,,,,,13027,130
SBT,01. Solicitação janeiro 2024.xls,Relatório Solicitação,,,,,,SONY MUSIC PUBLISHING (BRASIL) EDIÇÕES MUSICAIS LTDA,,,SONY MUSIC PUBLISHING (BRASIL) EDIÇÕES MUSICAIS LTDA,,,,,,,19544,195
SBT,01. Solicitação janeiro 2024.xls,Relatório Solicitação,,,,,,UNIVERSAL MUSIC PUBLISHING MGB BRASIL LTDA,,,UNIVERSAL MUSIC PUBLISHING MGB BRASIL LTDA,,,,,,,39096,391
SBT,01. Solicitação janeiro 2024.xls,Relatório Solicitação,,,,,,DIVERSAS,,,DIVERSAS,,,,,,,39096,391
SBT,01. Solicitação janeiro 2024.xls,Relatório Solicitação,,,,,,EDITORA MUSICAL PANTTANAL LTDA,,,EDITORA MUSICAL PANTTANAL LTDA,,,,,,,15638,156
SBT,01. Solicitação janeiro 2024.xls,Relatório Solicitação,,,,,,WARNER CHAPPELL EDIÇÕES MUSICAIS LTDA,,,WARNER CHAPPELL EDIÇÕES MUSICAIS LTDA,,,,,,,7819,78
SBT,01. Solicitação janeiro 2024.xls,Relatório Solicitação,,,,,,SONY MUSIC PUBLISHING (BRASIL) EDIÇÕES MUSICAIS LTDA,,,SONY MUSIC PUBLISHING (BRASIL) EDIÇÕES MUSICAIS LTDA,,,,,,,15638,156
SBT,01. Solicitação janeiro 2024.xls,Relatório Solicitação,,,,,,UNIVERSAL MUSIC PUBLISHING MGB BRASIL LTDA,,,UNIVERSAL MUSIC PUBLISHING MGB BRASIL LTDA,,,,,,,19548,195
SBT,01. Solicitação janeiro 2024.xls,Relatório Solicitação,,,,,,SONY MUSIC PUBLISHING (BRASIL) EDIÇÕES MUSICAIS LTDA,,,SONY MUSIC PUBLISHING (BRASIL) EDIÇÕES MUSICAIS LTDA,,,,,,,19548,195
SBT,01. Solicitação janeiro 2024.xls,Relatório Solicitação,,,,,,TRÊS SONS EDITORA MUSICAL E GRAVADORA DIGITAL LTDA-ME,,,TRÊS SONS EDITORA MUSICAL E GRAVADORA DIGITAL LTDA-ME,,,,,,,9774,98
SBT,01. Solicitação janeiro 2024.xls,Relatório Solicitação,,,,,,JULIANA FAKRI DE ASSIS EPP,,,JULIANA FAKRI DE ASSIS EPP,,,,,,,19548,195
SBT,01. Solicitação janeiro 2024.xls,Relatório Solicitação,,,,,,ABRAMUS DIGITAL SERV. IDENT. REPERTÓRIO,,,ABRAMUS DIGITAL SERV. IDENT. REPERTÓRIO,,,,,,,9774,98
SBT,01. Solicitação janeiro 2024.xls,Relatório Solicitação,,,,,,ABRAMUS DIGITAL SERV. IDENT. REPERTÓRIO,,,ABRAMUS DIGITAL SERV. IDENT. REPERTÓRIO,,,,,,,9774,98
SBT,01. Solicitação janeiro 2024.xls,Relatório Solicitação,,,,,,DIVERSAS,,,DIVERSAS,,,,,,,29322,293
SBT,01. Solicitação janeiro 2024.xls,Relatório Solicitação,,,,,,DIVERSAS,,,DIVERSAS,,,,,,,78192,782
SBT,01. Solicitação janeiro 2024.xls,Relatório Solicitação,,,,,,UNIVERSAL MUSIC PUBLISHING MGB BRASIL LTDA,,,UNIVERSAL MUSIC PUBLISHING MGB BRASIL LTDA,,,,,,,21503,215
SBT,01. Solicitação janeiro 2024.xls,Relatório Solicitação,,,,,,DIVERSAS,,,DIVERSAS,,,,,,,1955,20
SBT,01. Solicitação janeiro 2024.xls,Relatório Solicitação,,,,,,SONY MUSIC PUBLISHING (BRASIL) EDIÇÕES MUSICAIS LTDA,,,SONY MUSIC PUBLISHING (BRASIL) EDIÇÕES MUSICAIS LTDA,,,,,,,15638,156
SBT,01. Solicitação janeiro 2024.xls,Relatório Solicitação,,,,,,UNIVERSAL MUSIC PUBLISHING MGB BRASIL LTDA,,,UNIVERSAL MUSIC PUBLISHING MGB BRASIL LTDA,,,,,,,43006,430
SBT,01. Solicitação janeiro 2024.xls,Relatório Solicitação,,,,,,DIVERSAS,,,DIVERSAS,,,,,,,39100,391
SBT,01. Solicitação janeiro 2024.xls,Relatório Solicitação,,,,,,SONY MUSIC PUBLISHING (BRASIL) EDIÇÕES MUSICAIS LTDA,,,SONY MUSIC PUBLISHING (BRASIL) EDIÇÕES MUSICAIS LTDA,,,,,,,31277,313
SBT,01. Solicitação janeiro 2024.xls,Relatório Solicitação,,,,,,MEGA PRODUÇÕES ARTISTICAS LTDA,,,MEGA PRODUÇÕES ARTISTICAS LTDA,,,,,,,17593,176
SBT,01. Solicitação janeiro 2024.xls,Relatório Solicitação,,,,,,DIVERSAS,,,DIVERSAS,,,,,,,263900,2639
SBT,01. Solicitação janeiro 2024.xls,Relatório Solicitação,,,,,,PEERMUSIC DO BRASIL EDIÇÕES MUSICAIS LTDA,,,PEERMUSIC DO BRASIL EDIÇÕES MUSICAIS LTDA,,,,,,,7819,78
SBT,01. Solicitação janeiro 2024.xls,Relatório Solicitação,,,,,,SINGLE HITS PRODUÇÕES ARTISTICAS,,,SINGLE HITS PRODUÇÕES ARTISTICAS,,,,,,,263900,2639
SBT,01. Solicitação janeiro 2024.xls,Relatório Solicitação,,,,,,PEERMUSIC DO BRASIL EDIÇÕES MUSICAIS LTDA,,,PEERMUSIC DO BRASIL EDIÇÕES MUSICAIS LTDA,,,,,,,39096,391
SBT,01. Solicitação janeiro 2024.xls,Relatório Solicitação,,,,,,UNIVERSAL MUSIC PUBLISHING MGB BRASIL LTDA,,,UNIVERSAL MUSIC PUBLISHING MGB BRASIL LTDA,,,,,,,19548,195
SBT,01. Solicitação janeiro 2024.xls,Relatório Solicitação,,,,,,SONY MUSIC PUBLISHING (BRASIL) EDIÇÕES MUSICAIS LTDA,,,SONY MUSIC PUBLISHING (BRASIL) EDIÇÕES MUSICAIS LTDA,,,,,,,19548,195
SBT,01. Solicitação janeiro 2024.xls,Relatório Solicitação,,,,,,WARNER CHAPPELL EDIÇÕES MUSICAIS LTDA,,,WARNER CHAPPELL EDIÇÕES MUSICAIS LTDA,,,,,,,78192,782
SBT,01. Solicitação janeiro 2024.xls,Relatório Solicitação,,,,,,MEGA PRODUÇÕES ARTISTICAS LTDA,,,MEGA PRODUÇÕES ARTISTICAS LTDA,,,,,,,13031,130
SBT,01. Solicitação janeiro 2024.xls,Relatório Solicitação,,,,,,BMG RIGHTS MANAGEMENT BRASIL LTDA,,,BMG RIGHTS MANAGEMENT BRASIL LTDA,,,,,,,6517,65
SBT,01. Solicitação janeiro 2024.xls,Relatório Solicitação,,,,,,DIVERSAS,,,DIVERSAS,,,,,,,19548,195
SBT,01. Solicitação janeiro 2024.xls,Relatório Solicitação,,,,,,UNIVERSAL MUSIC PUBLISHING MGB BRASIL LTDA,,,UNIVERSAL MUSIC PUBLISHING MGB BRASIL LTDA,,,,,,,39096,391
SBT,01. Solicitação janeiro 2024.xls,Relatório Solicitação,,,,,,DIVERSAS,,,DIVERSAS,,,,,,,13035,130
SBT,01. Solicitação janeiro 2024.xls,Relatório Solicitação,,,,,,SONY MUSIC PUBLISHING (BRASIL) EDIÇÕES MUSICAIS LTDA,,,SONY MUSIC PUBLISHING (BRASIL) EDIÇÕES MUSICAIS LTDA,,,,,,,26061,261
SBT,01. Solicitação janeiro 2024.xls,Relatório Solicitação,,,,,,WARNER CHAPPELL EDIÇÕES MUSICAIS LTDA,,,WARNER CHAPPELL EDIÇÕES MUSICAIS LTDA,,,,,,,78192,782
SBT,01. Solicitação janeiro 2024.xls,Relatório Solicitação,,,,,,UNIVERSAL MUSIC PUBLISHING MGB BRASIL LTDA,,,UNIVERSAL MUSIC PUBLISHING MGB BRASIL LTDA,,,,,,,78192,782
SBT,01. Solicitação janeiro 2024.xls,Relatório Solicitação,,,,,,DIVERSAS,,,DIVERSAS,,,,,,,39096,391
SBT,01. Solicitação janeiro 2024.xls,Relatório Solicitação,,,,,,TRÊS PONTAS EDIÇÕES MUSICAIS LTDA,,,TRÊS PONTAS EDIÇÕES MUSICAIS LTDA,,,,,,,39096,391
SBT,01. Solicitação janeiro 2024.xls,Relatório Solicitação,,,,,,SONY MUSIC PUBLISHING (BRASIL) EDIÇÕES MUSICAIS LTDA,,,SONY MUSIC PUBLISHING (BRASIL) EDIÇÕES MUSICAIS LTDA,,,,,,,39096,391
SBT,01. Solicitação janeiro 2024.xls,Relatório Solicitação,,,,,,BMG RIGHTS MANAGEMENT BRASIL LTDA,,,BMG RIGHTS MANAGEMENT BRASIL LTDA,,,,,,,39100,391
SBT,01. Solicitação janeiro 2024.xls,Relatório Solicitação,,,,,,DIVERSAS,,,DIVERSAS,,,,,,,2346,23
SBT,01. Solicitação janeiro 2024.xls,Relatório Solicitação,,,,,,ABRAMUS DIGITAL SERV. IDENT. REPERTÓRIO,,,ABRAMUS DIGITAL SERV. IDENT. REPERTÓRIO,,,,,,,9383,94
SBT,01. Solicitação janeiro 2024.xls,Relatório Solicitação,,,,,,SONY MUSIC PUBLISHING (BRASIL) EDIÇÕES MUSICAIS LTDA,,,SONY MUSIC PUBLISHING (BRASIL) EDIÇÕES MUSICAIS LTDA,,,,,,,23458,235
SBT,01. Solicitação janeiro 2024.xls,Relatório Solicitação,,,,,,DIVERSAS,,,DIVERSAS,,,,,,,167331,1673
SBT,01. Solicitação janeiro 2024.xls,Relatório Solicitação,,,,,,SONY MUSIC PUBLISHING (BRASIL) EDIÇÕES MUSICAIS LTDA,,,SONY MUSIC PUBLISHING (BRASIL) EDIÇÕES MUSICAIS LTDA,,,,,,,19548,195
SBT,01. Solicitação janeiro 2024.xls,Relatório Solicitação,,,,,,DIVERSAS,,,DIVERSAS,,,,,,,58644,586
