provider,file,sheet,programa,data_exibicao,numero_programa,exibicao_tipo,categoria_programa,titulo_musica,autor,interprete,tipo_sincronizacao,percentual_editora,valor_editora_brl,editora,gravadora,iswc,isrc,amount_cents,amount_int
SBT,02. Solicitação fevereiro 2024.xls,Relatório Solicitação,,,,,,,,,,,,,,,,0,0
SBT,02. Solicitação fevereiro 2024.xls,Relatório Solicitação,,,,,,,,,,,,,,,,0,0
SBT,02. Solicitação fevereiro 2024.xls,Relatório Solicitação,,,,,,EDITORA,,,EDITORA,,,,,,,0,0
SBT,02. Solicitação fevereiro 2024.xls,Relatório Solicitação,,,,,,ABRAMUS DIGITAL SERV. IDENT. REPERTÓRIO,,,ABRAMUS DIGITAL SERV. IDENT. REPERTÓRIO,,,,,,,19548,195
SBT,02. Solicitação fevereiro 2024.xls,Relatório Solicitação,,,,,,WARNER CHAPPELL EDIÇÕES MUSICAIS LTDA,,,WARNER CHAPPELL EDIÇÕES MUSICAIS LTDA,,,,,,,19548,195
SBT,02. Solicitação fevereiro 2024.xls,Relatório Solicitação,,,,,,DIVERSAS,,,DIVERSAS,,,,,,,39096,391
SBT,02. Solicitação fevereiro 2024.xls,Relatório Solicitação,,,,,,WARNER CHAPPELL EDIÇÕES MUSICAIS LTDA,,,WARNER CHAPPELL EDIÇÕES MUSICAIS LTDA,,,,,,,26061,261
SBT,02. Solicitação fevereiro 2024.xls,Relatório Solicitação,,,,,,SONY MUSIC PUBLISHING (BRASIL) EDIÇÕES MUSICAIS LTDA,,,SONY MUSIC PUBLISHING (BRASIL) EDIÇÕES MUSICAIS LTDA,,,,,,,13035,130
SBT,02. Solicitação fevereiro 2024.xls,Relatório Solicitação,,,,,,WARNER CHAPPELL EDIÇÕES MUSICAIS LTDA,,,WARNER CHAPPELL EDIÇÕES MUSICAIS LTDA,,,,,,,39096,391
SBT,02. Solicitação fevereiro 2024.xls,Relatório Solicitação,,,,,,DIVERSAS,,,DIVERSAS,,,,,,,19548,195
SBT,02. Solicitação fevereiro 2024.xls,Relatório Solicitação,,,,,,EMI SONGS DO BRASIL EDIÇÕES MUSICAIS LTDA,,,EMI SONGS DO BRASIL EDIÇÕES MUSICAIS LTDA,,,,,,,19548,195
SBT,02. Solicitação fevereiro 2024.xls,Relatório Solicitação,,,,,,DIVERSAS,,,DIVERSAS,,,,,,,39096,391
SBT,02. Solicitação fevereiro 2024.xls,Relatório Solicitação,,,,,,MK MUSIC EDIÇÕES MUSICAIS LTDA,,,MK MUSIC EDIÇÕES MUSICAIS LTDA,,,,,,,39096,391
SBT,02. Solicitação fevereiro 2024.xls,Relatório Solicitação,,,,,,MK MUSIC EDIÇÕES MUSICAIS LTDA,,,MK MUSIC EDIÇÕES MUSICAIS LTDA,,,,,,,39096,391
SBT,02. Solicitação fevereiro 2024.xls,Relatório Solicitação,,,,,,MK MUSIC EDIÇÕES MUSICAIS LTDA,,,MK MUSIC EDIÇÕES MUSICAIS LTDA,,,,,,,39096,391
SBT,02. Solicitação fevereiro 2024.xls,Relatório Solicitação,,,,,,DIVERSAS,,,DIVERSAS,,,,,,,39096,391
SBT,02. Solicitação fevereiro 2024.xls,Relatório Solicitação,,,,,,DIVERSAS,,,DIVERSAS,,,,,,,39096,391
SBT,02. Solicitação fevereiro 2024.xls,Relatório Solicitação,,,,,,MK MUSIC EDIÇÕES MUSICAIS LTDA,,,MK MUSIC EDIÇÕES MUSICAIS LTDA,,,,,,,39096,391
SBT,02. Solicitação fevereiro 2024.xls,Relatório Solicitação,,,,,,PEERMUSIC DO BRASIL EDIÇÕES MUSICAIS LTDA,,,PEERMUSIC DO BRASIL EDIÇÕES MUSICAIS LTDA,,,,,,,39096,391
SBT,02. Solicitação fevereiro 2024.xls,Relatório Solicitação,,,,,,SONY MUSIC PUBLISHING (BRASIL) EDIÇÕES MUSICAIS LTDA,,,SONY MUSIC PUBLISHING (BRASIL) EDIÇÕES MUSICAIS LTDA,,,,,,,39096,391
SBT,02. Solicitação fevereiro 2024.xls,Relatório Solicitação,,,,,,PEERMUSIC DO BRASIL EDIÇÕES MUSICAIS LTDA,,,PEERMUSIC DO BRASIL EDIÇÕES MUSICAIS LTDA,,,,,,,39096,391
SBT,02. Solicitação fevereiro 2024.xls,Relatório Solicitação,,,,,,EDITORA ADORANDO LTDA.,,,EDITORA ADORANDO LTDA.,,,,,,,28149,281
SBT,02. Solicitação fevereiro 2024.xls,Relatório Solicitação,,,,,,ABRAMUS DIGITAL SERV. IDENT. REPERTÓRIO,,,ABRAMUS DIGITAL SERV. IDENT. REPERTÓRIO,,,,,,,10947,109
SBT,02. Solicitação fevereiro 2024.xls,Relatório Solicitação,,,,,,DIVERSAS,,,DIVERSAS,,,,,,,39096,391
SBT,02. Solicitação fevereiro 2024.xls,Relatório Solicitação,,,,,,WARNER/CHAPPELL EDIÇÕES MUSICAIS LTDA,,,WARNER/CHAPPELL EDIÇÕES MUSICAIS LTDA,,,,,,,39096,391
SBT,02. Solicitação fevereiro 2024.xls,Relatório Solicitação,,,,,,MUSICAL PRODUÇÕES GOSPEL LTDA,,,MUSICAL PRODUÇÕES GOSPEL LTDA,,,,,,,23458,235
SBT,02. Solicitação fevereiro 2024.xls,Relatório Solicitação,,,,,,ABRAMUS DIGITAL SERV. IDENT. REPERTÓRIO,,,ABRAMUS DIGITAL SERV. IDENT. REPERTÓRIO,,,,,,,15638,156
SBT,02. Solicitação fevereiro 2024.xls,Relatório Solicitação,,,,,,MUSICAL PRODUÇÕES GOSPEL LTDA,,,MUSICAL PRODUÇÕES GOSPEL LTDA,,,,,,,39096,391
SBT,02. Solicitação fevereiro 2024.xls,Relatório Solicitação,,,,,,DIVERSAS,,,DIVERSAS,,,,,,,39096,391
SBT,02. Solicitação fevereiro 2024.xls,Relatório Solicitação,,,,,,ABRAMUS DIGITAL SERV. IDENT. REPERTÓRIO,,,ABRAMUS DIGITAL SERV. IDENT. REPERTÓRIO,,,,,,,39096,391
SBT,02. Solicitação fevereiro 2024.xls,Relatório Solicitação,,,,,,DIVERSAS,,,DIVERSAS,,,,,,,39096,391
SBT,02. Solicitação fevereiro 2024.xls,Relatório Solicitação,,,,,,DIVERSAS,,,DIVERSAS,,,,,,,39096,391
SBT,02. Solicitação fevereiro 2024.xls,Relatório Solicitação,,,,,,DIVERSAS,,,DIVERSAS,,,,,,,39096,391
SBT,02. Solicitação fevereiro 2024.xls,Relatório Solicitação,,,,,,WARNER CHAPPELL EDIÇÕES MUSICAIS LTDA,,,WARNER CHAPPELL EDIÇÕES MUSICAIS LTDA,,,,,,,39096,391
SBT,02. Solicitação fevereiro 2024.xls,Relatório Solicitação,,,,,,DIVERSAS,,,DIVERSAS,,,,,,,39096,391
SBT,02. Solicitação fevereiro 2024.xls,Relatório Solicitação,,,,,,DIVERSAS,,,DIVERSAS,,,,,,,78192,782
SBT,02. Solicitação fevereiro 2024.xls,Relatório Solicitação,,,,,,DIVERSAS,,,DIVERSAS,,,,,,,78192,782
SBT,02. Solicitação fevereiro 2024.xls,Relatório Solicitação,,,,,,DIVERSAS,,,DIVERSAS,,,,,,,167331,1673
SBT,02. Solicitação fevereiro 2024.xls,Relatório Solicitação,,,,,,DIVERSAS,,,DIVERSAS,,,,,,,167331,1673
SBT,02. Solicitação fevereiro 2024.xls,Relatório Solicitação,,,,,,WORK SHOW EDITORA E PRODUÇÕES MUSICAIS LTDA - ME,,,WORK SHOW EDITORA E PRODUÇÕES MUSICAIS LTDA - ME,,,,,,,8367,84
SBT,02. Solicitação fevereiro 2024.xls,Relatório Solicitação,,,,,,DIVERSAS,,,DIVERSAS,,,,,,,158964,1590
SBT,02. Solicitação fevereiro 2024.xls,Relatório Solicitação,,,,,,DIVERSAS,,,DIVERSAS,,,,,,,167331,1673
SBT,02. Solicitação fevereiro 2024.xls,Relatório Solicitação,,,,,,JULIANA FAKRI DE ASSIS EPP,,,JULIANA FAKRI DE ASSIS EPP,,,,,,,41833,418
SBT,02. Solicitação fevereiro 2024.xls,Relatório Solicitação,,,,,,DIVERSAS,,,DIVERSAS,,,,,,,125498,1255
SBT,02. Solicitação fevereiro 2024.xls,Relatório Solicitação,,,,,,DIVERSAS,,,DIVERSAS,,,,,,,167331,1673
SBT,02. Solicitação fevereiro 2024.xls,Relatório Solicitação,,,,,,DIVERSAS,,,DIVERSAS,,,,,,,167331,1673
SBT,02. Solicitação fevereiro 2024.xls,Relatório Solicitação,,,,,,DIVERSAS,,,DIVERSAS,,,,,,,83665,837
SBT,02. Solicitação fevereiro 2024.xls,Relatório Solicitação,,,,,,DIVERSAS,,,DIVERSAS,,,,,,,83665,837
SBT,02. Solicitação fevereiro 2024.xls,Relatório Solicitação,,,,,,DIVERSAS,,,DIVERSAS,,,,,,,83665,837
SBT,02. Solicitação fevereiro 2024.xls,Relatório Solicitação,,,,,,WORK SHOW EDITORA E PRODUÇÕES MUSICAIS LTDA - ME,,,WORK SHOW EDITORA E PRODUÇÕES MUSICAIS LTDA - ME,,,,,,,4183,42
SBT,02. Solicitação fevereiro 2024.xls,Relatório Solicitação,,,,,,DIVERSAS,,,DIVERSAS,,,,,,,79482,795
SBT,02. Solicitação fevereiro 2024.xls,Relatório Solicitação,,,,,,DIVERSAS,,,DIVERSAS,,,,,,,83665,837
SBT,02. Solicitação fevereiro 2024.xls,Relatório Solicitação,,,,,,DIVERSAS,,,DIVERSAS,,,,,,,167331,1673
SBT,02. Solicitação fevereiro 2024.xls,Relatório Solicitação,,,,,,DIVERSAS,,,DIVERSAS,,,,,,,167331,1673
SBT,02. Solicitação fevereiro 2024.xls,Relatório Solicitação,,,,,,PEERMUSIC DO BRASIL EDIÇÕES MUSICAIS LTDA,,,PEERMUSIC DO BRASIL EDIÇÕES MUSICAIS LTDA,,,,,,,39096,391
SBT,02. Solicitação fevereiro 2024.xls,Relatório Solicitação,,,,,,SONY MUSIC PUBLISHING (BRASIL) EDIÇÕES MUSICAIS LTDA,,,SONY MUSIC PUBLISHING (BRASIL) EDIÇÕES MUSICAIS LTDA,,,,,,,39096,391
SBT,02. Solicitação fevereiro 2024.xls,Relatório Solicitação,,,,,,WARNER CHAPPELL EDIÇÕES MUSICAIS LTDA,,,WARNER CHAPPELL EDIÇÕES MUSICAIS LTDA,,,,,,,39096,391
SBT,02. Solicitação fevereiro 2024.xls,Relatório Solicitação,,,,,,SONY MUSIC PUBLISHING (BRASIL) EDIÇÕES MUSICAIS LTDA,,,SONY MUSIC PUBLISHING (BRASIL) EDIÇÕES MUSICAIS LTDA,,,,,,,39096,391
SBT,02. Solicitação fevereiro 2024.xls,Relatório Solicitação,,,,,,SONY MUSIC PUBLISHING (BRASIL) EDIÇÕES MUSICAIS LTDA,,,SONY MUSIC PUBLISHING (BRASIL) EDIÇÕES MUSICAIS LTDA,,,,,,,83665,837
SBT,02. Solicitação fevereiro 2024.xls,Relatório Solicitação,,,,,,WARNER CHAPPELL EDIÇÕES MUSICAIS LTDA,,,WARNER CHAPPELL EDIÇÕES MUSICAIS LTDA,,,,,,,41832,418
SBT,02. Solicitação fevereiro 2024.xls,Relatório Solicitação,,,,,,UNIVERSAL MUSIC PUBLISHING MGB BRASIL LTDA,,,UNIVERSAL MUSIC PUBLISHING MGB BRASIL LTDA,,,,,,,41832,418
SBT,02. Solicitação fevereiro 2024.xls,Relatório Solicitação,,,,,,PEERMUSIC DO BRASIL EDIÇÕES MUSICAIS LTDA,,,PEERMUSIC DO BRASIL EDIÇÕES MUSICAIS LTDA,,,,,,,83665,837
SBT,02. Solicitação fevereiro 2024.xls,Relatório Solicitação,,,,,,SONY MUSIC PUBLISHING (BRASIL) EDIÇÕES MUSICAIS LTDA,,,SONY MUSIC PUBLISHING (BRASIL) EDIÇÕES MUSICAIS LTDA,,,,,,,83665,837
SBT,02. Solicitação fevereiro 2024.xls,Relatório Solicitação,,,,,,BMG RIGHTS MANAGEMENT BRASIL LTDA,,,BMG RIGHTS MANAGEMENT BRASIL LTDA,,,,,,,13947,139
SBT,02. Solicitação fevereiro 2024.xls,Relatório Solicitação,,,,,,DIVERSAS,,,DIVERSAS,,,,,,,17,0
SBT,02. Solicitação fevereiro 2024.xls,Relatório Solicitação,,,,,,WARNER CHAPPELL EDIÇÕES MUSICAIS LTDA,,,WARNER CHAPPELL EDIÇÕES MUSICAIS LTDA,,,,,,,27877,279
SBT,02. Solicitação fevereiro 2024.xls,Relatório Solicitação,,,,,,SONY MUSIC PUBLISHING (BRASIL) EDIÇÕES MUSICAIS LTDA,,,SONY MUSIC PUBLISHING (BRASIL) EDIÇÕES MUSICAIS LTDA,,,,,,,41824,418
SBT,02. Solicitação fevereiro 2024.xls,Relatório Solicitação,,,,,,BMG RIGHTS MANAGEMENT BRASIL LTDA,,,BMG RIGHTS MANAGEMENT BRASIL LTDA,,,,,,,83665,837
SBT,02. Solicitação fevereiro 2024.xls,Relatório Solicitação,,,,,,SM PUBLISHING (BRASIL) EDIÇÕES MUSICAIS LTDA,,,SM PUBLISHING (BRASIL) EDIÇÕES MUSICAIS LTDA,,,,,,,3347,33
SBT,02. Solicitação fevereiro 2024.xls,Relatório Solicitação,,,,,,DIVERSAS,,,DIVERSAS,,,,,,,80318,803
SBT,02. Solicitação fevereiro 2024.xls,Relatório Solicitação,,,,,,UNIVERSAL MUSIC PUBLISHING MGB BRASIL LTDA,,,UNIVERSAL MUSIC PUBLISHING MGB BRASIL LTDA,,,,,,,83665,837
SBT,02. Solicitação fevereiro 2024.xls,Relatório Solicitação,,,,,,WARNER CHAPPELL EDIÇÕES MUSICAIS LTDA,,,WARNER CHAPPELL EDIÇÕES MUSICAIS LTDA,,,,,,,55779,558
SBT,02. Solicitação fevereiro 2024.xls,Relatório Solicitação,,,,,,NOWA PRODUÇÕES ARTÍSTICAS LTDA,,,NOWA PRODUÇÕES ARTÍSTICAS LTDA,,,,,,,27886,279
SBT,02. Solicitação fevereiro 2024.xls,Relatório Solicitação,,,,,,SONY MUSIC PUBLISHING (BRASIL) EDIÇÕES MUSICAIS LTDA,,,SONY MUSIC PUBLISHING (BRASIL) EDIÇÕES MUSICAIS LTDA,,,,,,,83665,837
SBT,02. Solicitação fevereiro 2024.xls,Relatório Solicitação,,,,,,FORTUNA MUSICAL EDIÇÕES LTDA,,,FORTUNA MUSICAL EDIÇÕES LTDA,,,,,,,83665,837
SBT,02. Solicitação fevereiro 2024.xls,Relatório Solicitação,,,,,,SONY MUSIC PUBLISHING (BRASIL) EDIÇÕES MUSICAIS LTDA,,,SONY MUSIC PUBLISHING (BRASIL) EDIÇÕES MUSICAIS LTDA,,,,,,,39096,391
SBT,02. Solicitação fevereiro 2024.xls,Relatório Solicitação,,,,,,DIVERSAS,,,DIVERSAS,,,,,,,39096,391
SBT,02. Solicitação fevereiro 2024.xls,Relatório Solicitação,,,,,,DIVERSAS,,,DIVERSAS,,,,,,,26073,261
SBT,02. Solicitação fevereiro 2024.xls,Relatório Solicitação,,,,,,WARNER CHAPPELL EDIÇÕES MUSICAIS LTDA,,,WARNER CHAPPELL EDIÇÕES MUSICAIS LTDA,,,,,,,13023,130
SBT,02. Solicitação fevereiro 2024.xls,Relatório Solicitação,,,,,,UNIVERSAL MUSIC PUBLISHING MGB BRASIL LTDA,,,UNIVERSAL MUSIC PUBLISHING MGB BRASIL LTDA,,,,,,,39096,391
SBT,02. Solicitação fevereiro 2024.xls,Relatório Solicitação,,,,,,IRMÃOS VITALE EDITORES LTDA,,,IRMÃOS VITALE EDITORES LTDA,,,,,,,83665,837
SBT,02. Solicitação fevereiro 2024.xls,Relatório Solicitação,,,,,,UNIVERSAL MUSIC PUBLISHING MGB BRASIL LTDA,,,UNIVERSAL MUSIC PUBLISHING MGB BRASIL LTDA,,,,,,,55779,558
SBT,02. Solicitação fevereiro 2024.xls,Relatório Solicitação,,,,,,SONY MUSIC PUBLISHING (BRASIL) EDIÇÕES MUSICAIS LTDA,,,SONY MUSIC PUBLISHING (BRASIL) EDIÇÕES MUSICAIS LTDA,,,,,,,27886,279
SBT,02. Solicitação fevereiro 2024.xls,Relatório Solicitação,,,,,,DIVERSAS,,,DIVERSAS,,,,,,,83665,837
SBT,02. Solicitação fevereiro 2024.xls,Relatório Solicitação,,,,,,UNIVERSAL MUSIC PUBLISHING MGB BRASIL LTDA,,,UNIVERSAL MUSIC PUBLISHING MGB BRASIL LTDA,,,,,,,83665,837
SBT,02. Solicitação fevereiro 2024.xls,Relatório Solicitação,,,,,,IRMÃOS VITALE EDITORES LTDA,,,IRMÃOS VITALE EDITORES LTDA,,,,,,,83665,837
SBT,02. Solicitação fevereiro 2024.xls,Relatório Solicitação,,,,,,SONY MUSIC PUBLISHING (BRASIL) EDIÇÕES MUSICAIS LTDA,,,SONY MUSIC PUBLISHING (BRASIL) EDIÇÕES MUSICAIS LTDA,,,,,,,83665,837
SBT,02. Solicitação fevereiro 2024.xls,Relatório Solicitação,,,,,,DIVERSAS,,,DIVERSAS,,,,,,,83665,837
SBT,02. Solicitação fevereiro 2024.xls,Relatório Solicitação,,,,,,FUSION MUSIC EDIÇÕES MUSICAIS LTDA,,,FUSION MUSIC EDIÇÕES MUSICAIS LTDA,,,,,,,167331,1673
SBT,02. Solicitação fevereiro 2024.xls,Relatório Solicitação,,,,,,SONY MUSIC PUBLISHING (BRASIL) EDIÇÕES MUSICAIS LTDA,,,SONY MUSIC PUBLISHING (BRASIL) EDIÇÕES MUSICAIS LTDA,,,,,,,83665,837
SBT,02. Solicitação fevereiro 2024.xls,Relatório Solicitação,,,,,,DIVERSAS,,,DIVERSAS,,,,,,,83665,837
SBT,02. Solicitação fevereiro 2024.xls,Relatório Solicitação,,,,,,UNIVERSAL MUSIC PUBLISHING MGB BRASIL LTDA,,,UNIVERSAL MUSIC PUBLISHING MGB BRASIL LTDA,,,,,,,83665,837
SBT,02. Solicitação fevereiro 2024.xls,Relatório Solicitação,,,,,,DIVERSAS,,,DIVERSAS,,,,,,,83665,837
SBT,02. Solicitação fevereiro 2024.xls,Relatório Solicitação,,,,,,EDITORA E IMPORTADORA MUSICAL FERMATA DO BRASIL LTDA,,,EDITORA E IMPORTADORA MUSICAL FERMATA DO BRASIL LTDA,,,,,,,83665,837
SBT,02. Solicitação fevereiro 2024.xls,Relatório Solicitação,,,,,,IRMÃOS VITALE EDITORES LTDA,,,IRMÃOS VITALE EDITORES LTDA,,,,,,,83665,837
SBT,02. Solicitação fevereiro 2024.xls,Relatório Solicitação,,,,,,DIVERSAS,,,DIVERSAS,,,,,,,78192,782
SBT,02. Solicitação fevereiro 2024.xls,Relatório Solicitação,,,,,,DIVERSAS,,,DIVERSAS,,,,,,,78192,782
SBT,02. Solicitação fevereiro 2024.xls,Relatório Solicitação,,,,,,DIVERSAS,,,DIVERSAS,,,,,,,39096,391
SBT,02. Solicitação fevereiro 2024.xls,Relatório Solicitação,,,,,,MK MUSIC EDIÇÕES MUSICAIS LTDA,,,MK MUSIC EDIÇÕES MUSICAIS LTDA,,,,,,,39096,391
SBT,02. Solicitação fevereiro 2024.xls,Relatório Solicitação,,,,,,MK MUSIC EDIÇÕES MUSICAIS LTDA,,,MK MUSIC EDIÇÕES MUSICAIS LTDA,,,,,,,39096,391
SBT,02. Solicitação fevereiro 2024.xls,Relatório Solicitação,,,,,,DIVERSAS,,,DIVERSAS,,,,,,,39096,391
SBT,02. Solicitação fevereiro 2024.xls,Relatório Solicitação,,,,,,MK MUSIC EDIÇÕES MUSICAIS LTDA,,,MK MUSIC EDIÇÕES MUSICAIS LTDA,,,,,,,39096,391
SBT,02. Solicitação fevereiro 2024.xls,Relatório Solicitação,,,,,,PEERMUSIC DO BRASIL EDIÇÕES MUSICAIS LTDA,,,PEERMUSIC DO BRASIL EDIÇÕES MUSICAIS LTDA,,,,,,,39096,391
SBT,02. Solicitação fevereiro 2024.xls,Relatório Solicitação,,,,,,SONY MUSIC PUBLISHING (BRASIL) EDIÇÕES MUSICAIS LTDA,,,SONY MUSIC PUBLISHING (BRASIL) EDIÇÕES MUSICAIS LTDA,,,,,,,39096,391
SBT,02. Solicitação fevereiro 2024.xls,Relatório Solicitação,,,,,,DIVERSAS,,,DIVERSAS,,,,,,,39096,391
SBT,02. Solicitação fevereiro 2024.xls,Relatório Solicitação,,,,,,DIVERSAS,,,DIVERSAS,,,,,,,167331,1673
SBT,02. Solicitação fevereiro 2024.xls,Relatório Solicitação,,,,,,SONY MUSIC PUBLISHING (BRASIL) EDIÇÕES MUSICAIS LTDA,,,SONY MUSIC PUBLISHING (BRASIL) EDIÇÕES MUSICAIS LTDA,,,,,,,83666,837
SBT,02. Solicitação fevereiro 2024.xls,Relatório Solicitação,,,,,,WARNER CHAPPELL EDIÇÕES MUSICAIS LTDA,,,WARNER CHAPPELL EDIÇÕES MUSICAIS LTDA,,,,,,,83666,837
SBT,02. Solicitação fevereiro 2024.xls,Relatório Solicitação,,,,,,DIVERSAS,,,DIVERSAS,,,,,,,39096,391
SBT,02. Solicitação fevereiro 2024.xls,Relatório Solicitação,,,,,,DIVERSAS,,,DIVERSAS,,,,,,,39096,391
SBT,02. Solicitação fevereiro 2024.xls,Relatório Solicitação,,,,,,WARNER CHAPPELL EDIÇÕES MUSICAIS LTDA,,,WARNER CHAPPELL EDIÇÕES MUSICAIS LTDA,,,,,,,39096,391
SBT,02. Solicitação fevereiro 2024.xls,Relatório Solicitação,,,,,,SONY MUSIC PUBLISHING (BRASIL) EDIÇÕES MUSICAIS LTDA,,,SONY MUSIC PUBLISHING (BRASIL) EDIÇÕES MUSICAIS LTDA,,,,,,,39096,391
SBT,02. Solicitação fevereiro 2024.xls,Relatório Solicitação,,,,,,BMG RIGHTS MANAGEMENT BRASIL LTDA,,,BMG RIGHTS MANAGEMENT BRASIL LTDA,,,,,,,39096,391
SBT,02. Solicitação fevereiro 2024.xls,Relatório Solicitação,,,,,,BMG RIGHTS MANAGEMENT BRASIL LTDA,,,BMG RIGHTS MANAGEMENT BRASIL LTDA,,,,,,,39096,391
SBT,02. Solicitação fevereiro 2024.xls,Relatório Solicitação,,,,,,UNIVERSAL MUSIC PUBLISHING MGB BRASIL LTDA,,,UNIVERSAL MUSIC PUBLISHING MGB BRASIL LTDA,,,,,,,14661,147
SBT,02. Solicitação fevereiro 2024.xls,Relatório Solicitação,,,,,,SONY MUSIC PUBLISHING (BRASIL) EDIÇÕES MUSICAIS LTDA,,,SONY MUSIC PUBLISHING (BRASIL) EDIÇÕES MUSICAIS LTDA,,,,,,,24435,244
SBT,02. Solicitação fevereiro 2024.xls,Relatório Solicitação,,,,,,SM PUBLISHING (BRASIL) EDIÇÕES MUSICAIS LTDA,,,SM PUBLISHING (BRASIL) EDIÇÕES MUSICAIS LTDA,,,,,,,39096,391
SBT,02. Solicitação fevereiro 2024.xls,Relatório Solicitação,,,,,,SONY MUSIC PUBLISHING (BRASIL) EDIÇÕES MUSICAIS LTDA,,,SONY MUSIC PUBLISHING (BRASIL) EDIÇÕES MUSICAIS LTDA,,,,,,,39096,391
SBT,02. Solicitação fevereiro 2024.xls,Relatório Solicitação,,,,,,DIVERSAS,,,DIVERSAS,,,,,,,39096,391
SBT,02. Solicitação fevereiro 2024.xls,Relatório Solicitação,,,,,,DIVERSAS,,,DIVERSAS,,,,,,,39096,391
SBT,02. Solicitação fevereiro 2024.xls,Relatório Solicitação,,,,,,IRMÃOS VITALE EDITORES LTDA,,,IRMÃOS VITALE EDITORES LTDA,,,,,,,39096,391
SBT,02. Solicitação fevereiro 2024.xls,Relatório Solicitação,,,,,,WARNER CHAPPELL EDIÇÕES MUSICAIS LTDA,,,WARNER CHAPPELL EDIÇÕES MUSICAIS LTDA,,,,,,,39096,391
SBT,02. Solicitação fevereiro 2024.xls,Relatório Solicitação,,,,,,THIAGO ABDULAHAD NUNES RIOS ME,,,THIAGO ABDULAHAD NUNES RIOS ME,,,,,,,23458,235
SBT,02. Solicitação fevereiro 2024.xls,Relatório Solicitação,,,,,,SONY MUSIC PUBLISHING (BRASIL) EDIÇÕES MUSICAIS LTDA,,,SONY MUSIC PUBLISHING (BRASIL) EDIÇÕES MUSICAIS LTDA,,,,,,,15638,156
SBT,02. Solicitação fevereiro 2024.xls,Relatório Solicitação,,,,,,WARNER CHAPPELL EDIÇÕES MUSICAIS LTDA,,,WARNER CHAPPELL EDIÇÕES MUSICAIS LTDA,,,,,,,13035,130
SBT,02. Solicitação fevereiro 2024.xls,Relatório Solicitação,,,,,,DIVERSAS,,,DIVERSAS,,,,,,,65157,652
SBT,02. Solicitação fevereiro 2024.xls,Relatório Solicitação,,,,,,WARNER/CHAPPELL EDIÇÕES MUSICAIS LTDA,,,WARNER/CHAPPELL EDIÇÕES MUSICAIS LTDA,,,,,,,83665,837
SBT,02. Solicitação fevereiro 2024.xls,Relatório Solicitação,,,,,,DIVERSAS,,,DIVERSAS,,,,,,,83665,837
SBT,02. Solicitação fevereiro 2024.xls,Relatório Solicitação,,,,,,UNIVERSAL MUSIC PUBLISHING MGB BRASIL LTDA,,,UNIVERSAL MUSIC PUBLISHING MGB BRASIL LTDA,,,,,,,83665,837
SBT,02. Solicitação fevereiro 2024.xls,Relatório Solicitação,,,,,,DIVERSAS,,,DIVERSAS,,,,,,,83665,837
SBT,02. Solicitação fevereiro 2024.xls,Relatório Solicitação,,,,,,DIVERSAS,,,DIVERSAS,,,,,,,83665,837
SBT,02. Solicitação fevereiro 2024.xls,Relatório Solicitação,,,,,,SONY MUSIC PUBLISHING (BRASIL) EDIÇÕES MUSICAIS LTDA,,,SONY MUSIC PUBLISHING (BRASIL) EDIÇÕES MUSICAIS LTDA,,,,,,,83665,837
SBT,02. Solicitação fevereiro 2024.xls,Relatório Solicitação,,,,,,COPA MUSIC EDIÇÕES MUSICAIS LTDA,,,COPA MUSIC EDIÇÕES MUSICAIS LTDA,,,,,,,83665,837
SBT,02. Solicitação fevereiro 2024.xls,Relatório Solicitação,,,,,,DIVERSAS,,,DIVERSAS,,,,,,,83665,837
SBT,02. Solicitação fevereiro 2024.xls,Relatório Solicitação,,,,,,PEERMUSIC DO BRASIL EDIÇÕES MUSICAIS LTDA,,,PEERMUSIC DO BRASIL EDIÇÕES MUSICAIS LTDA,,,,,,,83665,837
SBT,02. Solicitação fevereiro 2024.xls,Relatório Solicitação,,,,,,DIVERSAS,,,DIVERSAS,,,,,,,83665,837
SBT,02. Solicitação fevereiro 2024.xls,Relatório Solicitação,,,,,,DIVERSAS,,,DIVERSAS,,,,,,,83665,837
SBT,02. Solicitação fevereiro 2024.xls,Relatório Solicitação,,,,,,DECK PRODUÇÕES ARTÍSTICAS LTDA,,,DECK PRODUÇÕES ARTÍSTICAS LTDA,,,,,,,83665,837
SBT,02. Solicitação fevereiro 2024.xls,Relatório Solicitação,,,,,,DIVERSAS,,,DIVERSAS,,,,,,,83665,837
SBT,02. Solicitação fevereiro 2024.xls,Relatório Solicitação,,,,,,DIVERSAS,,,DIVERSAS,,,,,,,83665,837
SBT,02. Solicitação fevereiro 2024.xls,Relatório Solicitação,,,,,,DECK PRODUÇÕES ARTÍSTICAS LTDA,,,DECK PRODUÇÕES ARTÍSTICAS LTDA,,,,,,,83665,837
SBT,02. Solicitação fevereiro 2024.xls,Relatório Solicitação,,,,,,SONY MUSIC PUBLISHING (BRASIL) EDIÇÕES MUSICAIS LTDA,,,SONY MUSIC PUBLISHING (BRASIL) EDIÇÕES MUSICAIS LTDA,,,,,,,83665,837
SBT,02. Solicitação fevereiro 2024.xls,Relatório Solicitação,,,,,,DIVERSAS,,,DIVERSAS,,,,,,,83665,837
SBT,02. Solicitação fevereiro 2024.xls,Relatório Solicitação,,,,,,UNIVERSAL MUSIC PUBLISHING MGB BRASIL LTDA,,,UNIVERSAL MUSIC PUBLISHING MGB BRASIL LTDA,,,,,,,83665,837
SBT,02. Solicitação fevereiro 2024.xls,Relatório Solicitação,,,,,,IESSI MUSIC LABEL LTDA,,,IESSI MUSIC LABEL LTDA,,,,,,,83665,837
SBT,02. Solicitação fevereiro 2024.xls,Relatório Solicitação,,,,,,UNIVERSAL MUSIC PUBLISHING MGB BRASIL LTDA,,,UNIVERSAL MUSIC PUBLISHING MGB BRASIL LTDA,,,,,,,41832,418
SBT,02. Solicitação fevereiro 2024.xls,Relatório Solicitação,,,,,,IESSI MUSIC LABEL LTDA,,,IESSI MUSIC LABEL LTDA,,,,,,,41832,418
SBT,02. Solicitação fevereiro 2024.xls,Relatório Solicitação,,,,,,UNIVERSAL MUSIC PUBLISHING MGB BRASIL LTDA,,,UNIVERSAL MUSIC PUBLISHING MGB BRASIL LTDA,,,,,,,83665,837
SBT,02. Solicitação fevereiro 2024.xls,Relatório Solicitação,,,,,,DIVERSAS,,,DIVERSAS,,,,,,,41832,418
SBT,02. Solicitação fevereiro 2024.xls,Relatório Solicitação,,,,,,UNIVERSAL MUSIC PUBLISHING MGB BRASIL LTDA,,,UNIVERSAL MUSIC PUBLISHING MGB BRASIL LTDA,,,,,,,41832,418
SBT,02. Solicitação fevereiro 2024.xls,Relatório Solicitação,,,,,,SONY MUSIC PUBLISHING (BRASIL) EDIÇÕES MUSICAIS LTDA,,,SONY MUSIC PUBLISHING (BRASIL) EDIÇÕES MUSICAIS LTDA,,,,,,,50199,502
SBT,02. Solicitação fevereiro 2024.xls,Relatório Solicitação,,,,,,DIVERSAS,,,DIVERSAS,,,,,,,33466,335
SBT,02. Solicitação fevereiro 2024.xls,Relatório Solicitação,,,,,,WARNER CHAPPELL EDIÇÕES MUSICAIS LTDA,,,WARNER CHAPPELL EDIÇÕES MUSICAIS LTDA,,,,,,,41832,418
SBT,02. Solicitação fevereiro 2024.xls,Relatório Solicitação,,,,,,UNIVERSAL MUSIC PUBLISHING MGB BRASIL LTDA,,,UNIVERSAL MUSIC PUBLISHING MGB BRASIL LTDA,,,,,,,41832,418
SBT,02. Solicitação fevereiro 2024.xls,Relatório Solicitação,,,,,,EDITORA MUSICAL PANTTANAL LTDA,,,EDITORA MUSICAL PANTTANAL LTDA,,,,,,,83665,837
SBT,02. Solicitação fevereiro 2024.xls,Relatório Solicitação,,,,,,WARNER CHAPPELL EDIÇÕES MUSICAIS LTDA,,,WARNER CHAPPELL EDIÇÕES MUSICAIS LTDA,,,,,,,83665,837
SBT,02. Solicitação fevereiro 2024.xls,Relatório Solicitação,,,,,,SONY MUSIC PUBLISHING (BRASIL) EDIÇÕES MUSICAIS LTDA,,,SONY MUSIC PUBLISHING (BRASIL) EDIÇÕES MUSICAIS LTDA,,,,,,,83665,837
SBT,02. Solicitação fevereiro 2024.xls,Relatório Solicitação,,,,,,DIVERSAS,,,DIVERSAS,,,,,,,83665,837
SBT,02. Solicitação fevereiro 2024.xls,Relatório Solicitação,,,,,,UNIVERSAL MUSIC PUBLISHING MGB BRASIL LTDA,,,UNIVERSAL MUSIC PUBLISHING MGB BRASIL LTDA,,,,,,,83666,837
SBT,02. Solicitação fevereiro 2024.xls,Relatório Solicitação,,,,,,WARNER CHAPPELL EDIÇÕES MUSICAIS LTDA,,,WARNER CHAPPELL EDIÇÕES MUSICAIS LTDA,,,,,,,83666,837
SBT,02. Solicitação fevereiro 2024.xls,Relatório Solicitação,,,,,,DECK PRODUÇÕES ARTÍSTICAS LTDA,,,DECK PRODUÇÕES ARTÍSTICAS LTDA,,,,,,,167331,1673
SBT,02. Solicitação fevereiro 2024.xls,Relatório Solicitação,,,,,,DIVERSAS,,,DIVERSAS,,,,,,,167331,1673
SBT,02. Solicitação fevereiro 2024.xls,Relatório Solicitação,,,,,,DIVERSAS,,,DIVERSAS,,,,,,,167331,1673
SBT,02. Solicitação fevereiro 2024.xls,Relatório Solicitação,,,,,,WARNER CHAPPELL EDIÇÕES MUSICAIS LTDA,,,WARNER CHAPPELL EDIÇÕES MUSICAIS LTDA,,,,,,,167331,1673
SBT,02. Solicitação fevereiro 2024.xls,Relatório Solicitação,,,,,,SONY MUSIC PUBLISHING (BRASIL) EDIÇÕES MUSICAIS LTDA,,,SONY MUSIC PUBLISHING (BRASIL) EDIÇÕES MUSICAIS LTDA,,,,,,,55788,558
SBT,02. Solicitação fevereiro 2024.xls,Relatório Solicitação,,,,,,DIVERSAS,,,DIVERSAS,,,,,,,111543,1115
SBT,02. Solicitação fevereiro 2024.xls,Relatório Solicitação,,,,,,DIVERSAS,,,DIVERSAS,,,,,,,167331,1673
SBT,02. Solicitação fevereiro 2024.xls,Relatório Solicitação,,,,,,DIVERSAS,,,DIVERSAS,,,,,,,167331,1673
SBT,02. Solicitação fevereiro 2024.xls,Relatório Solicitação,,,,,,SM PUBLISHING (BRASIL) EDIÇÕES MUSICAIS LTDA,,,SM PUBLISHING (BRASIL) EDIÇÕES MUSICAIS LTDA,,,,,,,167331,1673
SBT,02. Solicitação fevereiro 2024.xls,Relatório Solicitação,,,,,,UNIVERSAL MUSIC PUBLISHING MGB BRASIL LTDA,,,UNIVERSAL MUSIC PUBLISHING MGB BRASIL LTDA,,,,,,,167331,1673
SBT,02. Solicitação fevereiro 2024.xls,Relatório Solicitação,,,,,,DIVERSAS,,,DIVERSAS,,,,,,,167331,1673
SBT,02. Solicitação fevereiro 2024.xls,Relatório Solicitação,,,,,,UNIVERSAL MUSIC PUBLISHING MGB BRASIL LTDA,,,UNIVERSAL MUSIC PUBLISHING MGB BRASIL LTDA,,,,,,,167331,1673
SBT,02. Solicitação fevereiro 2024.xls,Relatório Solicitação,,,,,,SONY MUSIC PUBLISHING (BRASIL) EDIÇÕES MUSICAIS LTDA,,,SONY MUSIC PUBLISHING (BRASIL) EDIÇÕES MUSICAIS LTDA,,,,,,,167331,1673
SBT,02. Solicitação fevereiro 2024.xls,Relatório Solicitação,,,,,,SONY MUSIC PUBLISHING (BRASIL) EDIÇÕES MUSICAIS LTDA,,,SONY MUSIC PUBLISHING (BRASIL) EDIÇÕES MUSICAIS LTDA,,,,,,,167331,1673
SBT,02. Solicitação fevereiro 2024.xls,Relatório Solicitação,,,,,,DIVERSAS,,,DIVERSAS,,,,,,,167331,1673
SBT,02. Solicitação fevereiro 2024.xls,Relatório Solicitação,,,,,,UNIVERSAL MUSIC PUBLISHING MGB BRASIL LTDA,,,UNIVERSAL MUSIC PUBLISHING MGB BRASIL LTDA,,,,,,,167331,1673
SBT,02. Solicitação fevereiro 2024.xls,Relatório Solicitação,,,,,,UNIVERSAL MUSIC PUBLISHING MGB BRASIL LTDA,,,UNIVERSAL MUSIC PUBLISHING MGB BRASIL LTDA,,,,,,,41832,418
SBT,02. Solicitação fevereiro 2024.xls,Relatório Solicitação,,,,,,SONY MUSIC PUBLISHING (BRASIL) EDIÇÕES MUSICAIS LTDA,,,SONY MUSIC PUBLISHING (BRASIL) EDIÇÕES MUSICAIS LTDA,,,,,,,41832,418
SBT,02. Solicitação fevereiro 2024.xls,Relatório Solicitação,,,,,,UNIVERSAL MUSIC PUBLISHING MGB BRASIL LTDA,,,UNIVERSAL MUSIC PUBLISHING MGB BRASIL LTDA,,,,,,,83665,837
SBT,02. Solicitação fevereiro 2024.xls,Relatório Solicitação,,,,,,UNIVERSAL MUSIC PUBLISHING MGB BRASIL LTDA,,,UNIVERSAL MUSIC PUBLISHING MGB BRASIL LTDA,,,,,,,83665,837
SBT,02. Solicitação fevereiro 2024.xls,Relatório Solicitação,,,,,,DIVERSAS,,,DIVERSAS,,,,,,,83665,837
SBT,02. Solicitação fevereiro 2024.xls,Relatório Solicitação,,,,,,DIVERSAS,,,DIVERSAS,,,,,,,83665,837
SBT,02. Solicitação fevereiro 2024.xls,Relatório Solicitação,,,,,,UNIVERSAL MUSIC PUBLISHING MGB BRASIL LTDA,,,UNIVERSAL MUSIC PUBLISHING MGB BRASIL LTDA,,,,,,,83665,837
SBT,02. Solicitação fevereiro 2024.xls,Relatório Solicitação,,,,,,UNIVERSAL MUSIC PUBLISHING MGB BRASIL LTDA,,,UNIVERSAL MUSIC PUBLISHING MGB BRASIL LTDA,,,,,,,83665,837
SBT,02. Solicitação fevereiro 2024.xls,Relatório Solicitação,,,,,,ATRAÇÃO PRODUÇÕES ILIMITADAS LTDA,,,ATRAÇÃO PRODUÇÕES ILIMITADAS LTDA,,,,,,,83665,837
SBT,02. Solicitação fevereiro 2024.xls,Relatório Solicitação,,,,,,DIVERSAS,,,DIVERSAS,,,,,,,83665,837
SBT,02. Solicitação fevereiro 2024.xls,Relatório Solicitação,,,,,,DIVERSAS,,,DIVERSAS,,,,,,,83665,837
SBT,02. Solicitação fevereiro 2024.xls,Relatório Solicitação,,,,,,DIVERSAS,,,DIVERSAS,,,,,,,83665,837
SBT,02. Solicitação fevereiro 2024.xls,Relatório Solicitação,,,,,,DIVERSAS,,,DIVERSAS,,,,,,,83665,837
SBT,02. Solicitação fevereiro 2024.xls,Relatório Solicitação,,,,,,UNIVERSAL MUSIC PUBLISHING MGB BRASIL LTDA,,,UNIVERSAL MUSIC PUBLISHING MGB BRASIL LTDA,,,,,,,83666,837
SBT,02. Solicitação fevereiro 2024.xls,Relatório Solicitação,,,,,,SONY MUSIC PUBLISHING (BRASIL) EDIÇÕES MUSICAIS LTDA,,,SONY MUSIC PUBLISHING (BRASIL) EDIÇÕES MUSICAIS LTDA,,,,,,,83666,837
SBT,02. Solicitação fevereiro 2024.xls,Relatório Solicitação,,,,,,DUBAS MÚSICA LTDA,,,DUBAS MÚSICA LTDA,,,,,,,167331,1673
SBT,02. Solicitação fevereiro 2024.xls,Relatório Solicitação,,,,,,SONY MUSIC PUBLISHING (BRASIL) EDIÇÕES MUSICAIS LTDA,,,SONY MUSIC PUBLISHING (BRASIL) EDIÇÕES MUSICAIS LTDA,,,,,,,167331,1673
SBT,02. Solicitação fevereiro 2024.xls,Relatório Solicitação,,,,,,PEERMUSIC DO BRASIL EDIÇÕES MUSICAIS LTDA,,,PEERMUSIC DO BRASIL EDIÇÕES MUSICAIS LTDA,,,,,,,167331,1673
SBT,02. Solicitação fevereiro 2024.xls,Relatório Solicitação,,,,,,IRMÃOS VITALE EDITORES LTDA,,,IRMÃOS VITALE EDITORES LTDA,,,,,,,167331,1673
SBT,02. Solicitação fevereiro 2024.xls,Relatório Solicitação,,,,,,DIVERSAS,,,DIVERSAS,,,,,,,167331,1673
SBT,02. Solicitação fevereiro 2024.xls,Relatório Solicitação,,,,,,DIVERSAS,,,DIVERSAS,,,,,,,167331,1673
SBT,02. Solicitação fevereiro 2024.xls,Relatório Solicitação,,,,,,DIVERSAS,,,DIVERSAS,,,,,,,167331,1673
SBT,02. Solicitação fevereiro 2024.xls,Relatório Solicitação,,,,,,DIVERSAS,,,DIVERSAS,,,,,,,167331,1673
SBT,02. Solicitação fevereiro 2024.xls,Relatório Solicitação,,,,,,DIVERSAS,,,DIVERSAS,,,,,,,167331,1673
SBT,02. Solicitação fevereiro 2024.xls,Relatório Solicitação,,,,,,DIVERSAS,,,DIVERSAS,,,,,,,167331,1673
SBT,02. Solicitação fevereiro 2024.xls,Relatório Solicitação,,,,,,DIVERSAS,,,DIVERSAS,,,,,,,167331,1673
SBT,02. Solicitação fevereiro 2024.xls,Relatório Solicitação,,,,,,DIVERSAS,,,DIVERSAS,,,,,,,167331,1673
SBT,02. Solicitação fevereiro 2024.xls,Relatório Solicitação,,,,,,DIVERSAS,,,DIVERSAS,,,,,,,167331,1673
SBT,02. Solicitação fevereiro 2024.xls,Relatório Solicitação,,,,,,WARNER CHAPPELL EDIÇÕES MUSICAIS LTDA,,,WARNER CHAPPELL EDIÇÕES MUSICAIS LTDA,,,,,,,83666,837
SBT,02. Solicitação fevereiro 2024.xls,Relatório Solicitação,,,,,,SONY MUSIC PUBLISHING (BRASIL) EDIÇÕES MUSICAIS LTDA,,,SONY MUSIC PUBLISHING (BRASIL) EDIÇÕES MUSICAIS LTDA,,,,,,,83666,837
SBT,02. Solicitação fevereiro 2024.xls,Relatório Solicitação,,,,,,DECK PRODUÇÕES ARTÍSTICAS LTDA,,,DECK PRODUÇÕES ARTÍSTICAS LTDA,,,,,,,83665,837
SBT,02. Solicitação fevereiro 2024.xls,Relatório Solicitação,,,,,,WARNER CHAPPELL EDIÇÕES MUSICAIS LTDA,,,WARNER CHAPPELL EDIÇÕES MUSICAIS LTDA,,,,,,,83665,837
SBT,02. Solicitação fevereiro 2024.xls,Relatório Solicitação,,,,,,DIVERSAS,,,DIVERSAS,,,,,,,83665,837
SBT,02. Solicitação fevereiro 2024.xls,Relatório Solicitação,,,,,,DECK PRODUÇÕES ARTÍSTICAS LTDA,,,DECK PRODUÇÕES ARTÍSTICAS LTDA,,,,,,,83665,837
SBT,02. Solicitação fevereiro 2024.xls,Relatório Solicitação,,,,,,EDITORA E IMPORTADORA MUSICAL FERMATA DO BRASIL LTDA,,,EDITORA E IMPORTADORA MUSICAL FERMATA DO BRASIL LTDA,,,,,,,83665,837
SBT,02. Solicitação fevereiro 2024.xls,Relatório Solicitação,,,,,,UNIVERSAL MUSIC PUBLISHING MGB BRASIL LTDA,,,UNIVERSAL MUSIC PUBLISHING MGB BRASIL LTDA,,,,,,,41832,418
SBT,02. Solicitação fevereiro 2024.xls,Relatório Solicitação,,,,,,SONY MUSIC PUBLISHING (BRASIL) EDIÇÕES MUSICAIS LTDA,,,SONY MUSIC PUBLISHING (BRASIL) EDIÇÕES MUSICAIS LTDA,,,,,,,41832,418
SBT,02. Solicitação fevereiro 2024.xls,Relatório Solicitação,,,,,,DECK PRODUÇÕES ARTÍSTICAS LTDA,,,DECK PRODUÇÕES ARTÍSTICAS LTDA,,,,,,,83665,837
SBT,02. Solicitação fevereiro 2024.xls,Relatório Solicitação,,,,,,DIVERSAS,,,DIVERSAS,,,,,,,83665,837
SBT,02. Solicitação fevereiro 2024.xls,Relatório Solicitação,,,,,,DIVERSAS,,,DIVERSAS,,,,,,,83665,837
SBT,02. Solicitação fevereiro 2024.xls,Relatório Solicitação,,,,,,WARNER CHAPPELL EDIÇÕES MUSICAIS LTDA,,,WARNER CHAPPELL EDIÇÕES MUSICAIS LTDA,,,,,,,83665,837
SBT,02. Solicitação fevereiro 2024.xls,Relatório Solicitação,,,,,,SONY MUSIC PUBLISHING (BRASIL) EDIÇÕES MUSICAIS LTDA,,,SONY MUSIC PUBLISHING (BRASIL) EDIÇÕES MUSICAIS LTDA,,,,,,,83665,837
SBT,02. Solicitação fevereiro 2024.xls,Relatório Solicitação,,,,,,DIVERSAS,,,DIVERSAS,,,,,,,83665,837
SBT,02. Solicitação fevereiro 2024.xls,Relatório Solicitação,,,,,,EDITORA E IMPORTADORA MUSICAL FERMATA DO BRASIL LTDA,,,EDITORA E IMPORTADORA MUSICAL FERMATA DO BRASIL LTDA,,,,,,,39096,391
SBT,02. Solicitação fevereiro 2024.xls,Relatório Solicitação,,,,,,ABRAMUS DIGITAL SERV. IDENT. REPERTÓRIO,,,ABRAMUS DIGITAL SERV. IDENT. REPERTÓRIO,,,,,,,39096,391
SBT,02. Solicitação fevereiro 2024.xls,Relatório Solicitação,,,,,,ABRAMUS DIGITAL SERV. IDENT. REPERTÓRIO,,,ABRAMUS DIGITAL SERV. IDENT. REPERTÓRIO,,,,,,,1955,20
SBT,02. Solicitação fevereiro 2024.xls,Relatório Solicitação,,,,,,WARNER CHAPPELL EDIÇÕES MUSICAIS LTDA,,,WARNER CHAPPELL EDIÇÕES MUSICAIS LTDA,,,,,,,17593,176
SBT,02. Solicitação fevereiro 2024.xls,Relatório Solicitação,,,,,,SONY MUSIC PUBLISHING (BRASIL) EDIÇÕES MUSICAIS LTDA,,,SONY MUSIC PUBLISHING (BRASIL) EDIÇÕES MUSICAIS LTDA,,,,,,,19548,195
SBT,02. Solicitação fevereiro 2024.xls,Relatório Solicitação,,,,,,DIVERSAS,,,DIVERSAS,,,,,,,83665,837
SBT,02. Solicitação fevereiro 2024.xls,Relatório Solicitação,,,,,,DIVERSAS,,,DIVERSAS,,,,,,,83665,837
SBT,02. Solicitação fevereiro 2024.xls,Relatório Solicitação,,,,,,DIVERSAS,,,DIVERSAS,,,,,,,83665,837
SBT,02. Solicitação fevereiro 2024.xls,Relatório Solicitação,,,,,,DIVERSAS,,,DIVERSAS,,,,,,,83665,837
SBT,02. Solicitação fevereiro 2024.xls,Relatório Solicitação,,,,,,DIVERSAS,,,DIVERSAS,,,,,,,83665,837
SBT,02. Solicitação fevereiro 2024.xls,Relatório Solicitação,,,,,,DIVERSAS,,,DIVERSAS,,,,,,,83665,837
SBT,02. Solicitação fevereiro 2024.xls,Relatório Solicitação,,,,,,DIVERSAS,,,DIVERSAS,,,,,,,83665,837
SBT,02. Solicitação fevereiro 2024.xls,Relatório Solicitação,,,,,,PÉ DE VERSO LTDA,,,PÉ DE VERSO LTDA,,,,,,,83665,837
SBT,02. Solicitação fevereiro 2024.xls,Relatório Solicitação,,,,,,SONY MUSIC PUBLISHING (BRASIL) EDIÇÕES MUSICAIS LTDA,,,SONY MUSIC PUBLISHING (BRASIL) EDIÇÕES MUSICAIS LTDA,,,,,,,83665,837
SBT,02. Solicitação fevereiro 2024.xls,Relatório Solicitação,,,,,,DIVERSAS,,,DIVERSAS,,,,,,,41832,418
SBT,02. Solicitação fevereiro 2024.xls,Relatório Solicitação,,,,,,WARNER CHAPPELL EDIÇÕES MUSICAIS LTDA,,,WARNER CHAPPELL EDIÇÕES MUSICAIS LTDA,,,,,,,41832,418
SBT,02. Solicitação fevereiro 2024.xls,Relatório Solicitação,,,,,,DIVERSAS,,,DIVERSAS,,,,,,,83665,837
SBT,02. Solicitação fevereiro 2024.xls,Relatório Solicitação,,,,,,PEERMUSIC DO BRASIL EDIÇÕES MUSICAIS LTDA,,,PEERMUSIC DO BRASIL EDIÇÕES MUSICAIS LTDA,,,,,,,167331,1673
SBT,02. Solicitação fevereiro 2024.xls,Relatório Solicitação,,,,,,DIVERSAS,,,DIVERSAS,,,,,,,167331,1673
SBT,02. Solicitação fevereiro 2024.xls,Relatório Solicitação,,,,,,WARNER CHAPPELL EDIÇÕES MUSICAIS LTDA,,,WARNER CHAPPELL EDIÇÕES MUSICAIS LTDA,,,,,,,167331,1673
SBT,02. Solicitação fevereiro 2024.xls,Relatório Solicitação,,,,,,JULIANA FAKRI DE ASSIS EPP,,,JULIANA FAKRI DE ASSIS EPP,,,,,,,167331,1673
SBT,02. Solicitação fevereiro 2024.xls,Relatório Solicitação,,,,,,JULIANA FAKRI DE ASSIS EPP,,,JULIANA FAKRI DE ASSIS EPP,,,,,,,167331,1673
SBT,02. Solicitação fevereiro 2024.xls,Relatório Solicitação,,,,,,WARNER CHAPPELL EDIÇÕES MUSICAIS LTDA,,,WARNER CHAPPELL EDIÇÕES MUSICAIS LTDA,,,,,,,33466,335
SBT,02. Solicitação fevereiro 2024.xls,Relatório Solicitação,,,,,,DIVERSAS,,,DIVERSAS,,,,,,,100399,1004
SBT,02. Solicitação fevereiro 2024.xls,Relatório Solicitação,,,,,,ABRAMUS DIGITAL SERV. IDENT. REPERTÓRIO,,,ABRAMUS DIGITAL SERV. IDENT. REPERTÓRIO,,,,,,,33466,335
SBT,02. Solicitação fevereiro 2024.xls,Relatório Solicitação,,,,,,PEERMUSIC DO BRASIL EDIÇÕES MUSICAIS LTDA,,,PEERMUSIC DO BRASIL EDIÇÕES MUSICAIS LTDA,,,,,,,167331,1673
SBT,02. Solicitação fevereiro 2024.xls,Relatório Solicitação,,,,,,UNIVERSAL MUSIC PUBLISHING MGB BRASIL LTDA,,,UNIVERSAL MUSIC PUBLISHING MGB BRASIL LTDA,,,,,,,83666,837
SBT,02. Solicitação fevereiro 2024.xls,Relatório Solicitação,,,,,,WARNER CHAPPELL EDIÇÕES MUSICAIS LTDA,,,WARNER CHAPPELL EDIÇÕES MUSICAIS LTDA,,,,,,,83666,837
SBT,02. Solicitação fevereiro 2024.xls,Relatório Solicitação,,,,,,EDITORA MUSICAL PANTTANAL LTDA,,,EDITORA MUSICAL PANTTANAL LTDA,,,,,,,167331,1673
SBT,02. Solicitação fevereiro 2024.xls,Relatório Solicitação,,,,,,THIAGO ABDULAHAD NUNES RIOS ME,,,THIAGO ABDULAHAD NUNES RIOS ME,,,,,,,83666,837
SBT,02. Solicitação fevereiro 2024.xls,Relatório Solicitação,,,,,,WARNER CHAPPELL EDIÇÕES MUSICAIS LTDA,,,WARNER CHAPPELL EDIÇÕES MUSICAIS LTDA,,,,,,,83666,837
SBT,02. Solicitação fevereiro 2024.xls,Relatório Solicitação,,,,,,ABRAMUS DIGITAL SERV. IDENT. REPERTÓRIO,,,ABRAMUS DIGITAL SERV. IDENT. REPERTÓRIO,,,,,,,167331,1673
SBT,02. Solicitação fevereiro 2024.xls,Relatório Solicitação,,,,,,UNIVERSAL MUSIC PUBLISHING MGB BRASIL LTDA,,,UNIVERSAL MUSIC PUBLISHING MGB BRASIL LTDA,,,,,,,167331,1673
SBT,02. Solicitação fevereiro 2024.xls,Relatório Solicitação,,,,,,DIVERSAS,,,DIVERSAS,,,,,,,167331,1673
SBT,02. Solicitação fevereiro 2024.xls,Relatório Solicitação,,,,,,FORTUNA MUSICAL EDIÇÕES LTDA,,,FORTUNA MUSICAL EDIÇÕES LTDA,,,,,,,167331,1673
SBT,02. Solicitação fevereiro 2024.xls,Relatório Solicitação,,,,,,BMG RIGHTS MANAGEMENT BRASIL LTDA,,,BMG RIGHTS MANAGEMENT BRASIL LTDA,,,,,,,167331,1673
SBT,02. Solicitação fevereiro 2024.xls,Relatório Solicitação,,,,,,PEERMUSIC DO BRASIL EDIÇÕES MUSICAIS LTDA,,,PEERMUSIC DO BRASIL EDIÇÕES MUSICAIS LTDA,,,,,,,167331,1673
SBT,02. Solicitação fevereiro 2024.xls,Relatório Solicitação,,,,,,PÉ DE VERSO LTDA,,,PÉ DE VERSO LTDA,,,,,,,20916,209
SBT,02. Solicitação fevereiro 2024.xls,Relatório Solicitação,,,,,,ARAÚJO & OLIVEIRA EDIÇÕES MUSICAIS LTDA ME,,,ARAÚJO & OLIVEIRA EDIÇÕES MUSICAIS LTDA ME,,,,,,,20916,209
SBT,02. Solicitação fevereiro 2024.xls,Relatório Solicitação,,,,,,SONY MUSIC PUBLISHING (BRASIL) EDIÇÕES MUSICAIS LTDA,,,SONY MUSIC PUBLISHING (BRASIL) EDIÇÕES MUSICAIS LTDA,,,,,,,20916,209
SBT,02. Solicitação fevereiro 2024.xls,Relatório Solicitação,,,,,,WARNER CHAPPELL EDIÇÕES MUSICAIS LTDA,,,WARNER CHAPPELL EDIÇÕES MUSICAIS LTDA,,,,,,,20916,209
SBT,02. Solicitação fevereiro 2024.xls,Relatório Solicitação,,,,,,UNIVERSAL MUSIC PUBLISHING MGB BRASIL LTDA,,,UNIVERSAL MUSIC PUBLISHING MGB BRASIL LTDA,,,,,,,83665,837
SBT,02. Solicitação fevereiro 2024.xls,Relatório Solicitação,,,,,,BMG RIGHTS MANAGEMENT BRASIL LTDA,,,BMG RIGHTS MANAGEMENT BRASIL LTDA,,,,,,,13947,139
SBT,02. Solicitação fevereiro 2024.xls,Relatório Solicitação,,,,,,DIVERSAS,,,DIVERSAS,,,,,,,17,0
SBT,02. Solicitação fevereiro 2024.xls,Relatório Solicitação,,,,,,WARNER CHAPPELL EDIÇÕES MUSICAIS LTDA,,,WARNER CHAPPELL EDIÇÕES MUSICAIS LTDA,,,,,,,27877,279
SBT,02. Solicitação fevereiro 2024.xls,Relatório Solicitação,,,,,,SONY MUSIC PUBLISHING (BRASIL) EDIÇÕES MUSICAIS LTDA,,,SONY MUSIC PUBLISHING (BRASIL) EDIÇÕES MUSICAIS LTDA,,,,,,,41824,418
SBT,02. Solicitação fevereiro 2024.xls,Relatório Solicitação,,,,,,SONY MUSIC PUBLISHING (BRASIL) EDIÇÕES MUSICAIS LTDA,,,SONY MUSIC PUBLISHING (BRASIL) EDIÇÕES MUSICAIS LTDA,,,,,,,83665,837
SBT,02. Solicitação fevereiro 2024.xls,Relatório Solicitação,,,,,,BMG RIGHTS MANAGEMENT BRASIL LTDA,,,BMG RIGHTS MANAGEMENT BRASIL LTDA,,,,,,,50199,502
SBT,02. Solicitação fevereiro 2024.xls,Relatório Solicitação,,,,,,ABRAMUS DIGITAL SERV. IDENT. REPERTÓRIO,,,ABRAMUS DIGITAL SERV. IDENT. REPERTÓRIO,,,,,,,33466,335
SBT,02. Solicitação fevereiro 2024.xls,Relatório Solicitação,,,,,,DIVERSAS,,,DIVERSAS,,,,,,,83665,837
SBT,02. Solicitação fevereiro 2024.xls,Relatório Solicitação,,,,,,BMG RIGHTS MANAGEMENT BRASIL LTDA,,,BMG RIGHTS MANAGEMENT BRASIL LTDA,,,,,,,83665,837
SBT,02. Solicitação fevereiro 2024.xls,Relatório Solicitação,,,,,,EDITORA MUSICAL CORISCO LTDA,,,EDITORA MUSICAL CORISCO LTDA,,,,,,,83665,837
SBT,02. Solicitação fevereiro 2024.xls,Relatório Solicitação,,,,,,DIVERSAS,,,DIVERSAS,,,,,,,20916,209
SBT,02. Solicitação fevereiro 2024.xls,Relatório Solicitação,,,,,,WARNER CHAPPELL EDIÇÕES MUSICAIS LTDA,,,WARNER CHAPPELL EDIÇÕES MUSICAIS LTDA,,,,,,,62749,627
SBT,02. Solicitação fevereiro 2024.xls,Relatório Solicitação,,,,,,UNIVERSAL MUSIC PUBLISHING MGB BRASIL LTDA,,,UNIVERSAL MUSIC PUBLISHING MGB BRASIL LTDA,,,,,,,20916,209
SBT,02. Solicitação fevereiro 2024.xls,Relatório Solicitação,,,,,,DIVERSAS,,,DIVERSAS,,,,,,,62749,627
SBT,02. Solicitação fevereiro 2024.xls,Relatório Solicitação,,,,,,PEERMUSIC DO BRASIL EDIÇÕES MUSICAIS LTDA,,,PEERMUSIC DO BRASIL EDIÇÕES MUSICAIS LTDA,,,,,,,41832,418
SBT,02. Solicitação fevereiro 2024.xls,Relatório Solicitação,,,,,,WARNER CHAPPELL EDIÇÕES MUSICAIS LTDA,,,WARNER CHAPPELL EDIÇÕES MUSICAIS LTDA,,,,,,,41832,418
SBT,02. Solicitação fevereiro 2024.xls,Relatório Solicitação,,,,,,DIVERSAS,,,DIVERSAS,,,,,,,83665,837
SBT,02. Solicitação fevereiro 2024.xls,Relatório Solicitação,,,,,,UNIVERSAL MUSIC PUBLISHING MGB BRASIL LTDA,,,UNIVERSAL MUSIC PUBLISHING MGB BRASIL LTDA,,,,,,,83665,837
SBT,02. Solicitação fevereiro 2024.xls,Relatório Solicitação,,,,,,SONY MUSIC PUBLISHING (BRASIL) EDIÇÕES MUSICAIS LTDA,,,SONY MUSIC PUBLISHING (BRASIL) EDIÇÕES MUSICAIS LTDA,,,,,,,167331,1673
SBT,02. Solicitação fevereiro 2024.xls,Relatório Solicitação,,,,,,EDITORA MUSICAL PANTTANAL LTDA,,,EDITORA MUSICAL PANTTANAL LTDA,,,,,,,83665,837
SBT,02. Solicitação fevereiro 2024.xls,Relatório Solicitação,,,,,,L.O.S PRODUÇÕES E PROMOÇÕES ARTÍSTICAS LTDA,,,L.O.S PRODUÇÕES E PROMOÇÕES ARTÍSTICAS LTDA,,,,,,,167331,1673
SBT,02. Solicitação fevereiro 2024.xls,Relatório Solicitação,,,,,,PEERMUSIC DO BRASIL EDIÇÕES MUSICAIS LTDA,,,PEERMUSIC DO BRASIL EDIÇÕES MUSICAIS LTDA,,,,,,,167331,1673
SBT,02. Solicitação fevereiro 2024.xls,Relatório Solicitação,,,,,,DIVERSAS,,,DIVERSAS,,,,,,,167331,1673
SBT,02. Solicitação fevereiro 2024.xls,Relatório Solicitação,,,,,,WARNER CHAPPELL EDIÇÕES MUSICAIS LTDA,,,WARNER CHAPPELL EDIÇÕES MUSICAIS LTDA,,,,,,,167331,1673
SBT,02. Solicitação fevereiro 2024.xls,Relatório Solicitação,,,,,,UNIVERSAL MUSIC PUBLISHING MGB BRASIL LTDA,,,UNIVERSAL MUSIC PUBLISHING MGB BRASIL LTDA,,,,,,,111560,1116
SBT,02. Solicitação fevereiro 2024.xls,Relatório Solicitação,,,,,,DIVERSAS,,,DIVERSAS,,,,,,,55771,558
SBT,02. Solicitação fevereiro 2024.xls,Relatório Solicitação,,,,,,SONY MUSIC PUBLISHING (BRASIL) EDIÇÕES MUSICAIS LTDA,,,SONY MUSIC PUBLISHING (BRASIL) EDIÇÕES MUSICAIS LTDA,,,,,,,39096,391
SBT,02. Solicitação fevereiro 2024.xls,Relatório Solicitação,,,,,,BMG RIGHTS MANAGEMENT BRASIL LTDA,,,BMG RIGHTS MANAGEMENT BRASIL LTDA,,,,,,,39096,391
SBT,02. Solicitação fevereiro 2024.xls,Relatório Solicitação,,,,,,UNIVERSAL MUSIC PUBLISHING MGB BRASIL LTDA,,,UNIVERSAL MUSIC PUBLISHING MGB BRASIL LTDA,,,,,,,78192,782
SBT,02. Solicitação fevereiro 2024.xls,Relatório Solicitação,,,,,,UNIVERSAL MUSIC PUBLISHING MGB BRASIL LTDA,,,UNIVERSAL MUSIC PUBLISHING MGB BRASIL LTDA,,,,,,,78192,782
SBT,02. Solicitação fevereiro 2024.xls,Relatório Solicitação,,,,,,"MANGIONE, FILHOS E CIA LTDA",,,"MANGIONE, FILHOS E CIA LTDA",,,,,,,78192,782
SBT,02. Solicitação fevereiro 2024.xls,Relatório Solicitação,,,,,,"MANGIONE, FILHOS E CIA LTDA",,,"MANGIONE, FILHOS E CIA LTDA",,,,,,,78192,782
SBT,02. Solicitação fevereiro 2024.xls,Relatório Solicitação,,,,,,IRMÃOS VITALE EDITORES LTDA,,,IRMÃOS VITALE EDITORES LTDA,,,,,,,78192,782
SBT,02. Solicitação fevereiro 2024.xls,Relatório Solicitação,,,,,,UNIVERSAL MUSIC PUBLISHING MGB BRASIL LTDA,,,UNIVERSAL MUSIC PUBLISHING MGB BRASIL LTDA,,,,,,,78192,782
SBT,02. Solicitação fevereiro 2024.xls,Relatório Solicitação,,,,,,SONY MUSIC PUBLISHING (BRASIL) EDIÇÕES MUSICAIS LTDA,,,SONY MUSIC PUBLISHING (BRASIL) EDIÇÕES MUSICAIS LTDA,,,,,,,15638,156
SBT,02. Solicitação fevereiro 2024.xls,Relatório Solicitação,,,,,,ABRAMUS DIGITAL SERV. IDENT. REPERTÓRIO,,,ABRAMUS DIGITAL SERV. IDENT. REPERTÓRIO,,,,,,,31277,313
SBT,02. Solicitação fevereiro 2024.xls,Relatório Solicitação,,,,,,WARNER CHAPPELL EDIÇÕES MUSICAIS LTDA,,,WARNER CHAPPELL EDIÇÕES MUSICAIS LTDA,,,,,,,31277,313
SBT,02. Solicitação fevereiro 2024.xls,Relatório Solicitação,,,,,,MAC MAC PRODUÇÕES ARTÍSTICAS LTDA.,,,MAC MAC PRODUÇÕES ARTÍSTICAS LTDA.,,,,,,,78192,782
SBT,02. Solicitação fevereiro 2024.xls,Relatório Solicitação,,,,,,EDITORA E IMPORTADORA MUSICAL FERMATA DO BRASIL LTDA,,,EDITORA E IMPORTADORA MUSICAL FERMATA DO BRASIL LTDA,,,,,,,78192,782
SBT,02. Solicitação fevereiro 2024.xls,Relatório Solicitação,,,,,,DIVERSAS,,,DIVERSAS,,,,,,,39096,391
SBT,02. Solicitação fevereiro 2024.xls,Relatório Solicitação,,,,,,PEERMUSIC DO BRASIL EDIÇÕES MUSICAIS LTDA,,,PEERMUSIC DO BRASIL EDIÇÕES MUSICAIS LTDA,,,,,,,83665,837
SBT,02. Solicitação fevereiro 2024.xls,Relatório Solicitação,,,,,,EDITORA E IMPORTADORA MUSICAL FERMATA DO BRASIL LTDA,,,EDITORA E IMPORTADORA MUSICAL FERMATA DO BRASIL LTDA,,,,,,,83665,837
SBT,02. Solicitação fevereiro 2024.xls,Relatório Solicitação,,,,,,SONY MUSIC PUBLISHING (BRASIL) EDIÇÕES MUSICAIS LTDA,,,SONY MUSIC PUBLISHING (BRASIL) EDIÇÕES MUSICAIS LTDA,,,,,,,41832,418
SBT,02. Solicitação fevereiro 2024.xls,Relatório Solicitação,,,,,,WARNER CHAPPELL EDIÇÕES MUSICAIS LTDA,,,WARNER CHAPPELL EDIÇÕES MUSICAIS LTDA,,,,,,,41832,418
SBT,02. Solicitação fevereiro 2024.xls,Relatório Solicitação,,,,,,DIVERSAS,,,DIVERSAS,,,,,,,68605,686
SBT,02. Solicitação fevereiro 2024.xls,Relatório Solicitação,,,,,,PEERMUSIC DO BRASIL EDIÇÕES MUSICAIS LTDA,,,PEERMUSIC DO BRASIL EDIÇÕES MUSICAIS LTDA,,,,,,,15060,151
SBT,02. Solicitação fevereiro 2024.xls,Relatório Solicitação,,,,,,UNIVERSAL MUSIC PUBLISHING MGB BRASIL LTDA,,,UNIVERSAL MUSIC PUBLISHING MGB BRASIL LTDA,,,,,,,41833,418
SBT,02. Solicitação fevereiro 2024.xls,Relatório Solicitação,,,,,,WARNER CHAPPELL EDIÇÕES MUSICAIS LTDA,,,WARNER CHAPPELL EDIÇÕES MUSICAIS LTDA,,,,,,,125498,1255
SBT,02. Solicitação fevereiro 2024.xls,Relatório Solicitação,,,,,,DIVERSAS,,,DIVERSAS,,,,,,,83665,837
SBT,02. Solicitação fevereiro 2024.xls,Relatório Solicitação,,,,,,SONY MUSIC PUBLISHING (BRASIL) EDIÇÕES MUSICAIS LTDA,,,SONY MUSIC PUBLISHING (BRASIL) EDIÇÕES MUSICAIS LTDA,,,,,,,83665,837
SBT,02. Solicitação fevereiro 2024.xls,Relatório Solicitação,,,,,,WARNER CHAPPELL EDIÇÕES MUSICAIS LTDA,,,WARNER CHAPPELL EDIÇÕES MUSICAIS LTDA,,,,,,,83665,837
SBT,02. Solicitação fevereiro 2024.xls,Relatório Solicitação,,,,,,FUSION MUSIC EDIÇÕES MUSICAIS LTDA,,,FUSION MUSIC EDIÇÕES MUSICAIS LTDA,,,,,,,27877,279
SBT,02. Solicitação fevereiro 2024.xls,Relatório Solicitação,,,,,,WARNER CHAPPELL EDIÇÕES MUSICAIS LTDA,,,WARNER CHAPPELL EDIÇÕES MUSICAIS LTDA,,,,,,,55788,558
SBT,02. Solicitação fevereiro 2024.xls,Relatório Solicitação,,,,,,DIVERSAS,,,DIVERSAS,,,,,,,83665,837
SBT,02. Solicitação fevereiro 2024.xls,Relatório Solicitação,,,,,,BMG RIGHTS MANAGEMENT BRASIL LTDA,,,BMG RIGHTS MANAGEMENT BRASIL LTDA,,,,,,,83665,837
SBT,02. Solicitação fevereiro 2024.xls,Relatório Solicitação,,,,,,BMG RIGHTS MANAGEMENT BRASIL LTDA,,,BMG RIGHTS MANAGEMENT BRASIL LTDA,,,,,,,83665,837
SBT,02. Solicitação fevereiro 2024.xls,Relatório Solicitação,,,,,,WARNER CHAPPELL EDIÇÕES MUSICAIS LTDA,,,WARNER CHAPPELL EDIÇÕES MUSICAIS LTDA,,,,,,,14641,146
SBT,02. Solicitação fevereiro 2024.xls,Relatório Solicitação,,,,,,DIVERSAS,,,DIVERSAS,,,,,,,69024,690
SBT,02. Solicitação fevereiro 2024.xls,Relatório Solicitação,,,,,,UNIVERSAL MUSIC PUBLISHING MGB BRASIL LTDA,,,UNIVERSAL MUSIC PUBLISHING MGB BRASIL LTDA,,,,,,,83665,837
SBT,02. Solicitação fevereiro 2024.xls,Relatório Solicitação,,,,,,CAP MUSIC EDIÇÕES LTDA - EPP,,,CAP MUSIC EDIÇÕES LTDA - EPP,,,,,,,167331,1673
SBT,02. Solicitação fevereiro 2024.xls,Relatório Solicitação,,,,,,WARNER CHAPPELL EDIÇÕES MUSICAIS LTDA,,,WARNER CHAPPELL EDIÇÕES MUSICAIS LTDA,,,,,,,167331,1673
SBT,02. Solicitação fevereiro 2024.xls,Relatório Solicitação,,,,,,EDITORA E IMPORTADORA MUSICAL FERMATA DO BRASIL LTDA,,,EDITORA E IMPORTADORA MUSICAL FERMATA DO BRASIL LTDA,,,,,,,167331,1673
SBT,02. Solicitação fevereiro 2024.xls,Relatório Solicitação,,,,,,ADDAF - ASS. DEF. DIREITOS AUTORAIS FONOMECÂNICOS,,,ADDAF - ASS. DEF. DIREITOS AUTORAIS FONOMECÂNICOS,,,,,,,41832,418
SBT,02. Solicitação fevereiro 2024.xls,Relatório Solicitação,,,,,,TODAMERICA EDICOES LTDA,,,TODAMERICA EDICOES LTDA,,,,,,,41832,418
SBT,02. Solicitação fevereiro 2024.xls,Relatório Solicitação,,,,,,BMG RIGHTS MANAGEMENT BRASIL LTDA,,,BMG RIGHTS MANAGEMENT BRASIL LTDA,,,,,,,83665,837
SBT,02. Solicitação fevereiro 2024.xls,Relatório Solicitação,,,,,,EDITORA E IMPORTADORA MUSICAL FERMATA DO BRASIL LTDA,,,EDITORA E IMPORTADORA MUSICAL FERMATA DO BRASIL LTDA,,,,,,,83665,837
SBT,02. Solicitação fevereiro 2024.xls,Relatório Solicitação,,,,,,SM PUBLISHING (BRASIL) EDIÇÕES MUSICAIS LTDA,,,SM PUBLISHING (BRASIL) EDIÇÕES MUSICAIS LTDA,,,,,,,167331,1673
SBT,02. Solicitação fevereiro 2024.xls,Relatório Solicitação,,,,,,PART PRODUCOES ARTISTICAS LTDA,,,PART PRODUCOES ARTISTICAS LTDA,,,,,,,27886,279
SBT,02. Solicitação fevereiro 2024.xls,Relatório Solicitação,,,,,,WARNER CHAPPELL EDIÇÕES MUSICAIS LTDA,,,WARNER CHAPPELL EDIÇÕES MUSICAIS LTDA,,,,,,,55779,558
SBT,02. Solicitação fevereiro 2024.xls,Relatório Solicitação,,,,,,PART PRODUCOES ARTISTICAS LTDA,,,PART PRODUCOES ARTISTICAS LTDA,,,,,,,55771,558
SBT,02. Solicitação fevereiro 2024.xls,Relatório Solicitação,,,,,,WARNER CHAPPELL EDIÇÕES MUSICAIS LTDA,,,WARNER CHAPPELL EDIÇÕES MUSICAIS LTDA,,,,,,,111560,1116
SBT,02. Solicitação fevereiro 2024.xls,Relatório Solicitação,,,,,,DIVERSAS,,,DIVERSAS,,,,,,,83665,837
SBT,02. Solicitação fevereiro 2024.xls,Relatório Solicitação,,,,,,DIVERSAS,,,DIVERSAS,,,,,,,167331,1673
SBT,02. Solicitação fevereiro 2024.xls,Relatório Solicitação,,,,,,SONY MUSIC PUBLISHING (BRASIL) EDIÇÕES MUSICAIS LTDA,,,SONY MUSIC PUBLISHING (BRASIL) EDIÇÕES MUSICAIS LTDA,,,,,,,27886,279
SBT,02. Solicitação fevereiro 2024.xls,Relatório Solicitação,,,,,,DIVERSAS,,,DIVERSAS,,,,,,,27894,279
SBT,02. Solicitação fevereiro 2024.xls,Relatório Solicitação,,,,,,WARNER CHAPPELL EDIÇÕES MUSICAIS LTDA,,,WARNER CHAPPELL EDIÇÕES MUSICAIS LTDA,,,,,,,27886,279
SBT,02. Solicitação fevereiro 2024.xls,Relatório Solicitação,,,,,,SONY MUSIC PUBLISHING (BRASIL) EDIÇÕES MUSICAIS LTDA,,,SONY MUSIC PUBLISHING (BRASIL) EDIÇÕES MUSICAIS LTDA,,,,,,,55771,558
SBT,02. Solicitação fevereiro 2024.xls,Relatório Solicitação,,,,,,DIVERSAS,,,DIVERSAS,,,,,,,55788,558
SBT,02. Solicitação fevereiro 2024.xls,Relatório Solicitação,,,,,,WARNER CHAPPELL EDIÇÕES MUSICAIS LTDA,,,WARNER CHAPPELL EDIÇÕES MUSICAIS LTDA,,,,,,,55771,558
SBT,02. Solicitação fevereiro 2024.xls,Relatório Solicitação,,,,,,UNIVERSAL MUSIC PUBLISHING MGB BRASIL LTDA,,,UNIVERSAL MUSIC PUBLISHING MGB BRASIL LTDA,,,,,,,20916,209
SBT,02. Solicitação fevereiro 2024.xls,Relatório Solicitação,,,,,,DIVERSAS,,,DIVERSAS,,,,,,,41832,418
SBT,02. Solicitação fevereiro 2024.xls,Relatório Solicitação,,,,,,WARNER CHAPPELL EDIÇÕES MUSICAIS LTDA,,,WARNER CHAPPELL EDIÇÕES MUSICAIS LTDA,,,,,,,20916,209
SBT,02. Solicitação fevereiro 2024.xls,Relatório Solicitação,,,,,,UNIVERSAL MUSIC PUBLISHING MGB BRASIL LTDA,,,UNIVERSAL MUSIC PUBLISHING MGB BRASIL LTDA,,,,,,,41833,418
SBT,02. Solicitação fevereiro 2024.xls,Relatório Solicitação,,,,,,DIVERSAS,,,DIVERSAS,,,,,,,83666,837
SBT,02. Solicitação fevereiro 2024.xls,Relatório Solicitação,,,,,,WARNER CHAPPELL EDIÇÕES MUSICAIS LTDA,,,WARNER CHAPPELL EDIÇÕES MUSICAIS LTDA,,,,,,,41833,418
SBT,02. Solicitação fevereiro 2024.xls,Relatório Solicitação,,,,,,MEGA PRODUÇÕES ARTISTICAS LTDA,,,MEGA PRODUÇÕES ARTISTICAS LTDA,,,,,,,55771,558
SBT,02. Solicitação fevereiro 2024.xls,Relatório Solicitação,,,,,,SONY MUSIC PUBLISHING (BRASIL) EDIÇÕES MUSICAIS LTDA,,,SONY MUSIC PUBLISHING (BRASIL) EDIÇÕES MUSICAIS LTDA,,,,,,,27894,279
SBT,02. Solicitação fevereiro 2024.xls,Relatório Solicitação,,,,,,MEGA PRODUÇÕES ARTISTICAS LTDA,,,MEGA PRODUÇÕES ARTISTICAS LTDA,,,,,,,111543,1115
SBT,02. Solicitação fevereiro 2024.xls,Relatório Solicitação,,,,,,SONY MUSIC PUBLISHING (BRASIL) EDIÇÕES MUSICAIS LTDA,,,SONY MUSIC PUBLISHING (BRASIL) EDIÇÕES MUSICAIS LTDA,,,,,,,55788,558
SBT,02. Solicitação fevereiro 2024.xls,Relatório Solicitação,,,,,,DIVERSAS,,,DIVERSAS,,,,,,,83665,837
SBT,02. Solicitação fevereiro 2024.xls,Relatório Solicitação,,,,,,DIVERSAS,,,DIVERSAS,,,,,,,167331,1673
SBT,02. Solicitação fevereiro 2024.xls,Relatório Solicitação,,,,,,WARNER CHAPPELL EDIÇÕES MUSICAIS LTDA,,,WARNER CHAPPELL EDIÇÕES MUSICAIS LTDA,,,,,,,83665,837
SBT,02. Solicitação fevereiro 2024.xls,Relatório Solicitação,,,,,,WARNER CHAPPELL EDIÇÕES MUSICAIS LTDA,,,WARNER CHAPPELL EDIÇÕES MUSICAIS LTDA,,,,,,,167331,1673
SBT,02. Solicitação fevereiro 2024.xls,Relatório Solicitação,,,,,,WARNER CHAPPELL EDIÇÕES MUSICAIS LTDA,,,WARNER CHAPPELL EDIÇÕES MUSICAIS LTDA,,,,,,,83665,837
SBT,02. Solicitação fevereiro 2024.xls,Relatório Solicitação,,,,,,DIVERSAS,,,DIVERSAS,,,,,,,29283,293
SBT,02. Solicitação fevereiro 2024.xls,Relatório Solicitação,,,,,,SM PUBLISHING (BRASIL) EDIÇÕES MUSICAIS LTDA,,,SM PUBLISHING (BRASIL) EDIÇÕES MUSICAIS LTDA,,,,,,,54382,544
SBT,02. Solicitação fevereiro 2024.xls,Relatório Solicitação,,,,,,IRMÃOS VITALE EDITORES LTDA,,,IRMÃOS VITALE EDITORES LTDA,,,,,,,83665,837
SBT,02. Solicitação fevereiro 2024.xls,Relatório Solicitação,,,,,,WARNER CHAPPELL EDIÇÕES MUSICAIS LTDA,,,WARNER CHAPPELL EDIÇÕES MUSICAIS LTDA,,,,,,,11713,117
SBT,02. Solicitação fevereiro 2024.xls,Relatório Solicitação,,,,,,UNIVERSAL MUSIC PUBLISHING MGB BRASIL LTDA,,,UNIVERSAL MUSIC PUBLISHING MGB BRASIL LTDA,,,,,,,35139,351
SBT,02. Solicitação fevereiro 2024.xls,Relatório Solicitação,,,,,,SONY MUSIC PUBLISHING (BRASIL) EDIÇÕES MUSICAIS LTDA,,,SONY MUSIC PUBLISHING (BRASIL) EDIÇÕES MUSICAIS LTDA,,,,,,,31793,318
SBT,02. Solicitação fevereiro 2024.xls,Relatório Solicitação,,,,,,ABRAMUS DIGITAL SERV. IDENT. REPERTÓRIO,,,ABRAMUS DIGITAL SERV. IDENT. REPERTÓRIO,,,,,,,5020,50
SBT,02. Solicitação fevereiro 2024.xls,Relatório Solicitação,,,,,,UNIVERSAL MUSIC PUBLISHING MGB BRASIL LTDA,,,UNIVERSAL MUSIC PUBLISHING MGB BRASIL LTDA,,,,,,,83665,837
SBT,02. Solicitação fevereiro 2024.xls,Relatório Solicitação,,,,,,SONY MUSIC PUBLISHING (BRASIL) EDIÇÕES MUSICAIS LTDA,,,SONY MUSIC PUBLISHING (BRASIL) EDIÇÕES MUSICAIS LTDA,,,,,,,39096,391
SBT,02. Solicitação fevereiro 2024.xls,Relatório Solicitação,,,,,,ITAMAR PEREIRA ROCHA - FUSION,,,ITAMAR PEREIRA ROCHA - FUSION,,,,,,,78192,782
SBT,02. Solicitação fevereiro 2024.xls,Relatório Solicitação,,,,,,DIVERSAS,,,DIVERSAS,,,,,,,19548,195
SBT,02. Solicitação fevereiro 2024.xls,Relatório Solicitação,,,,,,WARNER CHAPPELL EDIÇÕES MUSICAIS LTDA,,,WARNER CHAPPELL EDIÇÕES MUSICAIS LTDA,,,,,,,19548,195
SBT,02. Solicitação fevereiro 2024.xls,Relatório Solicitação,,,,,,UNIVERSAL MUSIC PUBLISHING MGB BRASIL LTDA,,,UNIVERSAL MUSIC PUBLISHING MGB BRASIL LTDA,,,,,,,39096,391
SBT,02. Solicitação fevereiro 2024.xls,Relatório Solicitação,,,,,,EDITORA MUSICAL PANTTANAL LTDA,,,EDITORA MUSICAL PANTTANAL LTDA,,,,,,,39096,391
SBT,02. Solicitação fevereiro 2024.xls,Relatório Solicitação,,,,,,PEERMUSIC DO BRASIL EDIÇÕES MUSICAIS LTDA,,,PEERMUSIC DO BRASIL EDIÇÕES MUSICAIS LTDA,,,,,,,39096,391
SBT,02. Solicitação fevereiro 2024.xls,Relatório Solicitação,,,,,,SONY MUSIC PUBLISHING (BRASIL) EDIÇÕES MUSICAIS LTDA,,,SONY MUSIC PUBLISHING (BRASIL) EDIÇÕES MUSICAIS LTDA,,,,,,,39096,391
SBT,02. Solicitação fevereiro 2024.xls,Relatório Solicitação,,,,,,DIVERSAS,,,DIVERSAS,,,,,,,39096,391
SBT,02. Solicitação fevereiro 2024.xls,Relatório Solicitação,,,,,,DIVERSAS,,,DIVERSAS,,,,,,,39096,391
SBT,02. Solicitação fevereiro 2024.xls,Relatório Solicitação,,,,,,PEERMUSIC DO BRASIL EDIÇÕES MUSICAIS LTDA,,,PEERMUSIC DO BRASIL EDIÇÕES MUSICAIS LTDA,,,,,,,78192,782
SBT,02. Solicitação fevereiro 2024.xls,Relatório Solicitação,,,,,,SONY MUSIC PUBLISHING (BRASIL) EDIÇÕES MUSICAIS LTDA,,,SONY MUSIC PUBLISHING (BRASIL) EDIÇÕES MUSICAIS LTDA,,,,,,,39096,391
SBT,02. Solicitação fevereiro 2024.xls,Relatório Solicitação,,,,,,BMG RIGHTS MANAGEMENT BRASIL LTDA,,,BMG RIGHTS MANAGEMENT BRASIL LTDA,,,,,,,22305,223
SBT,02. Solicitação fevereiro 2024.xls,Relatório Solicitação,,,,,,DIVERSAS,,,DIVERSAS,,,,,,,61377,614
SBT,02. Solicitação fevereiro 2024.xls,Relatório Solicitação,,,,,,ABRAMUS DIGITAL SERV. IDENT. REPERTÓRIO,,,ABRAMUS DIGITAL SERV. IDENT. REPERTÓRIO,,,,,,,65075,651
SBT,02. Solicitação fevereiro 2024.xls,Relatório Solicitação,,,,,,SONY MUSIC PUBLISHING (BRASIL) EDIÇÕES MUSICAIS LTDA,,,SONY MUSIC PUBLISHING (BRASIL) EDIÇÕES MUSICAIS LTDA,,,,,,,18574,186
SBT,02. Solicitação fevereiro 2024.xls,Relatório Solicitação,,,,,,THIAGO ABDULAHAD NUNES RIOS ME,,,THIAGO ABDULAHAD NUNES RIOS ME,,,,,,,5974,60
SBT,02. Solicitação fevereiro 2024.xls,Relatório Solicitação,,,,,,DIVERSAS,,,DIVERSAS,,,,,,,5982,60
SBT,02. Solicitação fevereiro 2024.xls,Relatório Solicitação,,,,,,WARNER CHAPPELL EDIÇÕES MUSICAIS LTDA,,,WARNER CHAPPELL EDIÇÕES MUSICAIS LTDA,,,,,,,71709,717
SBT,02. Solicitação fevereiro 2024.xls,Relatório Solicitação,,,,,,DIVERSAS,,,DIVERSAS,,,,,,,83665,837
SBT,02. Solicitação fevereiro 2024.xls,Relatório Solicitação,,,,,,DIVERSAS,,,DIVERSAS,,,,,,,83665,837
SBT,02. Solicitação fevereiro 2024.xls,Relatório Solicitação,,,,,,DIVERSAS,,,DIVERSAS,,,,,,,83665,837
SBT,02. Solicitação fevereiro 2024.xls,Relatório Solicitação,,,,,,DIVERSAS,,,DIVERSAS,,,,,,,38486,385
SBT,02. Solicitação fevereiro 2024.xls,Relatório Solicitação,,,,,,PEERMUSIC DO BRASIL EDIÇÕES MUSICAIS LTDA,,,PEERMUSIC DO BRASIL EDIÇÕES MUSICAIS LTDA,,,,,,,15060,151
SBT,02. Solicitação fevereiro 2024.xls,Relatório Solicitação,,,,,,WARNER CHAPPELL EDIÇÕES MUSICAIS LTDA,,,WARNER CHAPPELL EDIÇÕES MUSICAIS LTDA,,,,,,,30119,301
SBT,02. Solicitação fevereiro 2024.xls,Relatório Solicitação,,,,,,PEERMUSIC DO BRASIL EDIÇÕES MUSICAIS LTDA,,,PEERMUSIC DO BRASIL EDIÇÕES MUSICAIS LTDA,,,,,,,29283,293
SBT,02. Solicitação fevereiro 2024.xls,Relatório Solicitação,,,,,,WARNER CHAPPELL EDIÇÕES MUSICAIS LTDA,,,WARNER CHAPPELL EDIÇÕES MUSICAIS LTDA,,,,,,,33466,335
SBT,02. Solicitação fevereiro 2024.xls,Relatório Solicitação,,,,,,SONY MUSIC PUBLISHING (BRASIL) EDIÇÕES MUSICAIS LTDA,,,SONY MUSIC PUBLISHING (BRASIL) EDIÇÕES MUSICAIS LTDA,,,,,,,20916,209
SBT,02. Solicitação fevereiro 2024.xls,Relatório Solicitação,,,,,,MK MUSIC EDIÇÕES MUSICAIS LTDA,,,MK MUSIC EDIÇÕES MUSICAIS LTDA,,,,,,,83665,837
SBT,02. Solicitação fevereiro 2024.xls,Relatório Solicitação,,,,,,DIVERSAS,,,DIVERSAS,,,,,,,83665,837
SBT,02. Solicitação fevereiro 2024.xls,Relatório Solicitação,,,,,,ABRAMUS DIGITAL SERV. IDENT. REPERTÓRIO,,,ABRAMUS DIGITAL SERV. IDENT. REPERTÓRIO,,,,,,,83665,837
SBT,02. Solicitação fevereiro 2024.xls,Relatório Solicitação,,,,,,"MANGIONE, FILHOS E CIA LTDA",,,"MANGIONE, FILHOS E CIA LTDA",,,,,,,83665,837
SBT,02. Solicitação fevereiro 2024.xls,Relatório Solicitação,,,,,,SONY MUSIC PUBLISHING (BRASIL) EDIÇÕES MUSICAIS LTDA,,,SONY MUSIC PUBLISHING (BRASIL) EDIÇÕES MUSICAIS LTDA,,,,,,,83665,837
SBT,02. Solicitação fevereiro 2024.xls,Relatório Solicitação,,,,,,IRMÃOS VITALE EDITORES LTDA,,,IRMÃOS VITALE EDITORES LTDA,,,,,,,83665,837
SBT,02. Solicitação fevereiro 2024.xls,Relatório Solicitação,,,,,,DIVERSAS,,,DIVERSAS,,,,,,,83665,837
SBT,02. Solicitação fevereiro 2024.xls,Relatório Solicitação,,,,,,WORK SHOW EDITORA E PRODUÇÕES MUSICAIS LTDA - ME,,,WORK SHOW EDITORA E PRODUÇÕES MUSICAIS LTDA - ME,,,,,,,69726,697
SBT,02. Solicitação fevereiro 2024.xls,Relatório Solicitação,,,,,,DIVERSAS,,,DIVERSAS,,,,,,,13939,139
SBT,02. Solicitação fevereiro 2024.xls,Relatório Solicitação,,,,,,WARNER CHAPPELL EDIÇÕES MUSICAIS LTDA,,,WARNER CHAPPELL EDIÇÕES MUSICAIS LTDA,,,,,,,83665,837
SBT,02. Solicitação fevereiro 2024.xls,Relatório Solicitação,,,,,,WARNER CHAPPELL EDIÇÕES MUSICAIS LTDA,,,WARNER CHAPPELL EDIÇÕES MUSICAIS LTDA,,,,,,,83665,837
SBT,02. Solicitação fevereiro 2024.xls,Relatório Solicitação,,,,,,DIVERSAS,,,DIVERSAS,,,,,,,83665,837
SBT,02. Solicitação fevereiro 2024.xls,Relatório Solicitação,,,,,,ABRAMUS DIGITAL SERV. IDENT. REPERTÓRIO,,,ABRAMUS DIGITAL SERV. IDENT. REPERTÓRIO,,,,,,,167331,1673
SBT,02. Solicitação fevereiro 2024.xls,Relatório Solicitação,,,,,,"MANGIONE, FILHOS E CIA LTDA",,,"MANGIONE, FILHOS E CIA LTDA",,,,,,,167331,1673
SBT,02. Solicitação fevereiro 2024.xls,Relatório Solicitação,,,,,,SONY MUSIC PUBLISHING (BRASIL) EDIÇÕES MUSICAIS LTDA,,,SONY MUSIC PUBLISHING (BRASIL) EDIÇÕES MUSICAIS LTDA,,,,,,,167331,1673
SBT,02. Solicitação fevereiro 2024.xls,Relatório Solicitação,,,,,,WARNER CHAPPELL EDIÇÕES MUSICAIS LTDA,,,WARNER CHAPPELL EDIÇÕES MUSICAIS LTDA,,,,,,,83665,837
SBT,02. Solicitação fevereiro 2024.xls,Relatório Solicitação,,,,,,UNIVERSAL MUSIC PUBLISHING MGB BRASIL LTDA,,,UNIVERSAL MUSIC PUBLISHING MGB BRASIL LTDA,,,,,,,19548,195
SBT,02. Solicitação fevereiro 2024.xls,Relatório Solicitação,,,,,,DIVERSAS,,,DIVERSAS,,,,,,,58644,586
SBT,02. Solicitação fevereiro 2024.xls,Relatório Solicitação,,,,,,DIVERSAS,,,DIVERSAS,,,,,,,83665,837
SBT,02. Solicitação fevereiro 2024.xls,Relatório Solicitação,,,,,,DIVERSAS,,,DIVERSAS,,,,,,,83665,837
SBT,02. Solicitação fevereiro 2024.xls,Relatório Solicitação,,,,,,DIVERSAS,,,DIVERSAS,,,,,,,83665,837
SBT,02. Solicitação fevereiro 2024.xls,Relatório Solicitação,,,,,,DIVERSAS,,,DIVERSAS,,,,,,,78192,782
SBT,02. Solicitação fevereiro 2024.xls,Relatório Solicitação,,,,,,DIVERSAS,,,DIVERSAS,,,,,,,39096,391
SBT,02. Solicitação fevereiro 2024.xls,Relatório Solicitação,,,,,,SONY MUSIC PUBLISHING (BRASIL) EDIÇÕES MUSICAIS LTDA,,,SONY MUSIC PUBLISHING (BRASIL) EDIÇÕES MUSICAIS LTDA,,,,,,,39096,391
SBT,02. Solicitação fevereiro 2024.xls,Relatório Solicitação,,,,,,DIVERSAS,,,DIVERSAS,,,,,,,39096,391
SBT,02. Solicitação fevereiro 2024.xls,Relatório Solicitação,,,,,,DIVERSAS,,,DIVERSAS,,,,,,,39096,391
SBT,02. Solicitação fevereiro 2024.xls,Relatório Solicitação,,,,,,SONY MUSIC PUBLISHING (BRASIL) EDIÇÕES MUSICAIS LTDA,,,SONY MUSIC PUBLISHING (BRASIL) EDIÇÕES MUSICAIS LTDA,,,,,,,39096,391
SBT,02. Solicitação fevereiro 2024.xls,Relatório Solicitação,,,,,,DIVERSAS,,,DIVERSAS,,,,,,,39096,391
SBT,02. Solicitação fevereiro 2024.xls,Relatório Solicitação,,,,,,BMG RIGHTS MANAGEMENT BRASIL LTDA,,,BMG RIGHTS MANAGEMENT BRASIL LTDA,,,,,,,39096,391
SBT,02. Solicitação fevereiro 2024.xls,Relatório Solicitação,,,,,,DIVERSAS,,,DIVERSAS,,,,,,,167331,1673
SBT,02. Solicitação fevereiro 2024.xls,Relatório Solicitação,,,,,,UNIVERSAL MUSIC PUBLISHING MGB BRASIL LTDA,,,UNIVERSAL MUSIC PUBLISHING MGB BRASIL LTDA,,,,,,,41832,418
SBT,02. Solicitação fevereiro 2024.xls,Relatório Solicitação,,,,,,SONY MUSIC PUBLISHING (BRASIL) EDIÇÕES MUSICAIS LTDA,,,SONY MUSIC PUBLISHING (BRASIL) EDIÇÕES MUSICAIS LTDA,,,,,,,41832,418
SBT,02. Solicitação fevereiro 2024.xls,Relatório Solicitação,,,,,,PEERMUSIC DO BRASIL EDIÇÕES MUSICAIS LTDA,,,PEERMUSIC DO BRASIL EDIÇÕES MUSICAIS LTDA,,,,,,,83665,837
SBT,02. Solicitação fevereiro 2024.xls,Relatório Solicitação,,,,,,UNIVERSAL MUSIC PUBLISHING MGB BRASIL LTDA,,,UNIVERSAL MUSIC PUBLISHING MGB BRASIL LTDA,,,,,,,83665,837
SBT,02. Solicitação fevereiro 2024.xls,Relatório Solicitação,,,,,,SONY MUSIC PUBLISHING (BRASIL) EDIÇÕES MUSICAIS LTDA,,,SONY MUSIC PUBLISHING (BRASIL) EDIÇÕES MUSICAIS LTDA,,,,,,,83665,837
SBT,02. Solicitação fevereiro 2024.xls,Relatório Solicitação,,,,,,BERGER PRODUÇÕES LTDA,,,BERGER PRODUÇÕES LTDA,,,,,,,83665,837
SBT,02. Solicitação fevereiro 2024.xls,Relatório Solicitação,,,,,,UNIVERSAL MUSIC PUBLISHING MGB BRASIL LTDA,,,UNIVERSAL MUSIC PUBLISHING MGB BRASIL LTDA,,,,,,,83665,837
SBT,02. Solicitação fevereiro 2024.xls,Relatório Solicitação,,,,,,WARNER CHAPPELL EDIÇÕES MUSICAIS LTDA,,,WARNER CHAPPELL EDIÇÕES MUSICAIS LTDA,,,,,,,41832,418
SBT,02. Solicitação fevereiro 2024.xls,Relatório Solicitação,,,,,,SONY MUSIC PUBLISHING (BRASIL) EDIÇÕES MUSICAIS LTDA,,,SONY MUSIC PUBLISHING (BRASIL) EDIÇÕES MUSICAIS LTDA,,,,,,,41832,418
SBT,02. Solicitação fevereiro 2024.xls,Relatório Solicitação,,,,,,IRMÃOS VITALE EDITORES LTDA,,,IRMÃOS VITALE EDITORES LTDA,,,,,,,83665,837
SBT,02. Solicitação fevereiro 2024.xls,Relatório Solicitação,,,,,,BMG RIGHTS MANAGEMENT BRASIL LTDA,,,BMG RIGHTS MANAGEMENT BRASIL LTDA,,,,,,,13947,139
SBT,02. Solicitação fevereiro 2024.xls,Relatório Solicitação,,,,,,DIVERSAS,,,DIVERSAS,,,,,,,17,0
SBT,02. Solicitação fevereiro 2024.xls,Relatório Solicitação,,,,,,WARNER CHAPPELL EDIÇÕES MUSICAIS LTDA,,,WARNER CHAPPELL EDIÇÕES MUSICAIS LTDA,,,,,,,27877,279
SBT,02. Solicitação fevereiro 2024.xls,Relatório Solicitação,,,,,,SONY MUSIC PUBLISHING (BRASIL) EDIÇÕES MUSICAIS LTDA,,,SONY MUSIC PUBLISHING (BRASIL) EDIÇÕES MUSICAIS LTDA,,,,,,,41824,418
SBT,02. Solicitação fevereiro 2024.xls,Relatório Solicitação,,,,,,UNIVERSAL MUSIC PUBLISHING MGB BRASIL LTDA,,,UNIVERSAL MUSIC PUBLISHING MGB BRASIL LTDA,,,,,,,83665,837
SBT,02. Solicitação fevereiro 2024.xls,Relatório Solicitação,,,,,,ADDAF - ASS. DEF. DIREITOS AUTORAIS FONOMECÂNICOS,,,ADDAF - ASS. DEF. DIREITOS AUTORAIS FONOMECÂNICOS,,,,,,,41832,418
SBT,02. Solicitação fevereiro 2024.xls,Relatório Solicitação,,,,,,TODAMERICA EDICOES LTDA,,,TODAMERICA EDICOES LTDA,,,,,,,41832,418
SBT,02. Solicitação fevereiro 2024.xls,Relatório Solicitação,,,,,,EDITORA E IMPORTADORA MUSICAL FERMATA DO BRASIL LTDA,,,EDITORA E IMPORTADORA MUSICAL FERMATA DO BRASIL LTDA,,,,,,,83665,837
SBT,02. Solicitação fevereiro 2024.xls,Relatório Solicitação,,,,,,SONY MUSIC PUBLISHING (BRASIL) EDIÇÕES MUSICAIS LTDA,,,SONY MUSIC PUBLISHING (BRASIL) EDIÇÕES MUSICAIS LTDA,,,,,,,167331,1673
SBT,02. Solicitação fevereiro 2024.xls,Relatório Solicitação,,,,,,TODAMERICA EDICOES LTDA,,,TODAMERICA EDICOES LTDA,,,,,,,167331,1673
SBT,02. Solicitação fevereiro 2024.xls,Relatório Solicitação,,,,,,ADDAF - ASS. DEF. DIREITOS AUTORAIS FONOMECÂNICOS,,,ADDAF - ASS. DEF. DIREITOS AUTORAIS FONOMECÂNICOS,,,,,,,167331,1673
SBT,02. Solicitação fevereiro 2024.xls,Relatório Solicitação,,,,,,DIVERSAS,,,DIVERSAS,,,,,,,167331,1673
SBT,02. Solicitação fevereiro 2024.xls,Relatório Solicitação,,,,,,DIVERSAS,,,DIVERSAS,,,,,,,83665,837
SBT,02. Solicitação fevereiro 2024.xls,Relatório Solicitação,,,,,,DIVERSAS,,,DIVERSAS,,,,,,,83665,837
SBT,02. Solicitação fevereiro 2024.xls,Relatório Solicitação,,,,,,Caco Music,,,Caco Music,,,,,,,83665,837
SBT,02. Solicitação fevereiro 2024.xls,Relatório Solicitação,,,,,,Caco Music,,,Caco Music,,,,,,,83665,837
SBT,02. Solicitação fevereiro 2024.xls,Relatório Solicitação,,,,,,SONY MUSIC PUBLISHING (BRASIL) EDIÇÕES MUSICAIS LTDA,,,SONY MUSIC PUBLISHING (BRASIL) EDIÇÕES MUSICAIS LTDA,,,,,,,83665,837
SBT,02. Solicitação fevereiro 2024.xls,Relatório Solicitação,,,,,,DIVERSAS,,,DIVERSAS,,,,,,,83665,837
SBT,02. Solicitação fevereiro 2024.xls,Relatório Solicitação,,,,,,DIVERSAS,,,DIVERSAS,,,,,,,83665,837
SBT,02. Solicitação fevereiro 2024.xls,Relatório Solicitação,,,,,,DIVERSAS,,,DIVERSAS,,,,,,,83665,837
SBT,02. Solicitação fevereiro 2024.xls,Relatório Solicitação,,,,,,UNIVERSAL MUSIC PUBLISHING MGB BRASIL LTDA,,,UNIVERSAL MUSIC PUBLISHING MGB BRASIL LTDA,,,,,,,19548,195
SBT,02. Solicitação fevereiro 2024.xls,Relatório Solicitação,,,,,,IRMÃOS VITALE EDITORES LTDA,,,IRMÃOS VITALE EDITORES LTDA,,,,,,,19548,195
SBT,02. Solicitação fevereiro 2024.xls,Relatório Solicitação,,,,,,PEERMUSIC DO BRASIL EDIÇÕES MUSICAIS LTDA,,,PEERMUSIC DO BRASIL EDIÇÕES MUSICAIS LTDA,,,,,,,39096,391
SBT,02. Solicitação fevereiro 2024.xls,Relatório Solicitação,,,,,,PEERMUSIC DO BRASIL EDIÇÕES MUSICAIS LTDA,,,PEERMUSIC DO BRASIL EDIÇÕES MUSICAIS LTDA,,,,,,,39096,391
SBT,02. Solicitação fevereiro 2024.xls,Relatório Solicitação,,,,,,DIVERSAS,,,DIVERSAS,,,,,,,78192,782
SBT,02. Solicitação fevereiro 2024.xls,Relatório Solicitação,,,,,,SONY MUSIC PUBLISHING (BRASIL) EDIÇÕES MUSICAIS LTDA,,,SONY MUSIC PUBLISHING (BRASIL) EDIÇÕES MUSICAIS LTDA,,,,,,,13035,130
SBT,02. Solicitação fevereiro 2024.xls,Relatório Solicitação,,,,,,UNIVERSAL MUSIC PUBLISHING MGB BRASIL LTDA,,,UNIVERSAL MUSIC PUBLISHING MGB BRASIL LTDA,,,,,,,26061,261
SBT,02. Solicitação fevereiro 2024.xls,Relatório Solicitação,,,,,,UNIVERSAL MUSIC PUBLISHING MGB BRASIL LTDA,,,UNIVERSAL MUSIC PUBLISHING MGB BRASIL LTDA,,,,,,,13035,130
SBT,02. Solicitação fevereiro 2024.xls,Relatório Solicitação,,,,,,WARNER CHAPPELL EDIÇÕES MUSICAIS LTDA,,,WARNER CHAPPELL EDIÇÕES MUSICAIS LTDA,,,,,,,13027,130
SBT,02. Solicitação fevereiro 2024.xls,Relatório Solicitação,,,,,,SONY MUSIC PUBLISHING (BRASIL) EDIÇÕES MUSICAIS LTDA,,,SONY MUSIC PUBLISHING (BRASIL) EDIÇÕES MUSICAIS LTDA,,,,,,,13035,130
SBT,02. Solicitação fevereiro 2024.xls,Relatório Solicitação,,,,,,WARNER CHAPPELL EDIÇÕES MUSICAIS LTDA,,,WARNER CHAPPELL EDIÇÕES MUSICAIS LTDA,,,,,,,19548,195
SBT,02. Solicitação fevereiro 2024.xls,Relatório Solicitação,,,,,,DIVERSAS,,,DIVERSAS,,,,,,,19548,195
SBT,02. Solicitação fevereiro 2024.xls,Relatório Solicitação,,,,,,SONY MUSIC PUBLISHING (BRASIL) EDIÇÕES MUSICAIS LTDA,,,SONY MUSIC PUBLISHING (BRASIL) EDIÇÕES MUSICAIS LTDA,,,,,,,13031,130
SBT,02. Solicitação fevereiro 2024.xls,Relatório Solicitação,,,,,,DIVERSAS,,,DIVERSAS,,,,,,,26065,261
SBT,02. Solicitação fevereiro 2024.xls,Relatório Solicitação,,,,,,WARNER CHAPPELL EDIÇÕES MUSICAIS LTDA,,,WARNER CHAPPELL EDIÇÕES MUSICAIS LTDA,,,,,,,9774,98
SBT,02. Solicitação fevereiro 2024.xls,Relatório Solicitação,,,,,,DIVERSAS,,,DIVERSAS,,,,,,,19548,195
SBT,02. Solicitação fevereiro 2024.xls,Relatório Solicitação,,,,,,ABRAMUS DIGITAL SERV. IDENT. REPERTÓRIO,,,ABRAMUS DIGITAL SERV. IDENT. REPERTÓRIO,,,,,,,9774,98
SBT,02. Solicitação fevereiro 2024.xls,Relatório Solicitação,,,,,,EDITORA E IMPORTADORA MUSICAL FERMATA DO BRASIL LTDA,,,EDITORA E IMPORTADORA MUSICAL FERMATA DO BRASIL LTDA,,,,,,,39096,391
SBT,02. Solicitação fevereiro 2024.xls,Relatório Solicitação,,,,,,WARNER CHAPPELL EDIÇÕES MUSICAIS LTDA,,,WARNER CHAPPELL EDIÇÕES MUSICAIS LTDA,,,,,,,39096,391
SBT,02. Solicitação fevereiro 2024.xls,Relatório Solicitação,,,,,,DIVERSAS,,,DIVERSAS,,,,,,,39096,391
SBT,02. Solicitação fevereiro 2024.xls,Relatório Solicitação,,,,,,BMG RIGHTS MANAGEMENT BRASIL LTDA,,,BMG RIGHTS MANAGEMENT BRASIL LTDA,,,,,,,4887,49
SBT,02. Solicitação fevereiro 2024.xls,Relatório Solicitação,,,,,,ABRAMUS DIGITAL SERV. IDENT. REPERTÓRIO,,,ABRAMUS DIGITAL SERV. IDENT. REPERTÓRIO,,,,,,,4887,49
SBT,02. Solicitação fevereiro 2024.xls,Relatório Solicitação,,,,,,WARNER CHAPPELL EDIÇÕES MUSICAIS LTDA,,,WARNER CHAPPELL EDIÇÕES MUSICAIS LTDA,,,,,,,29322,293
SBT,02. Solicitação fevereiro 2024.xls,Relatório Solicitação,,,,,,ADDAF - ASS. DEF. DIREITOS AUTORAIS FONOMECÂNICOS,,,ADDAF - ASS. DEF. DIREITOS AUTORAIS FONOMECÂNICOS,,,,,,,19548,195
SBT,02. Solicitação fevereiro 2024.xls,Relatório Solicitação,,,,,,PEERMUSIC DO BRASIL EDIÇÕES MUSICAIS LTDA,,,PEERMUSIC DO BRASIL EDIÇÕES MUSICAIS LTDA,,,,,,,19548,195
SBT,02. Solicitação fevereiro 2024.xls,Relatório Solicitação,,,,,,WARNER CHAPPELL EDIÇÕES MUSICAIS LTDA,,,WARNER CHAPPELL EDIÇÕES MUSICAIS LTDA,,,,,,,39096,391
SBT,02. Solicitação fevereiro 2024.xls,Relatório Solicitação,,,,,,ADDAF - ASS. DEF. DIREITOS AUTORAIS FONOMECÂNICOS,,,ADDAF - ASS. DEF. DIREITOS AUTORAIS FONOMECÂNICOS,,,,,,,39096,391
SBT,02. Solicitação fevereiro 2024.xls,Relatório Solicitação,,,,,,WARNER CHAPPELL EDIÇÕES MUSICAIS LTDA,,,WARNER CHAPPELL EDIÇÕES MUSICAIS LTDA,,,,,,,39096,391
SBT,02. Solicitação fevereiro 2024.xls,Relatório Solicitação,,,,,,TRÊS SONS EDITORA MUSICAL E GRAVADORA DIGITAL LTDA-ME,,,TRÊS SONS EDITORA MUSICAL E GRAVADORA DIGITAL LTDA-ME,,,,,,,7819,78
SBT,02. Solicitação fevereiro 2024.xls,Relatório Solicitação,,,,,,BMG RIGHTS MANAGEMENT BRASIL LTDA,,,BMG RIGHTS MANAGEMENT BRASIL LTDA,,,,,,,31277,313
SBT,02. Solicitação fevereiro 2024.xls,Relatório Solicitação,,,,,,BMG RIGHTS MANAGEMENT BRASIL LTDA,,,BMG RIGHTS MANAGEMENT BRASIL LTDA,,,,,,,39096,391
SBT,02. Solicitação fevereiro 2024.xls,Relatório Solicitação,,,,,,BMG RIGHTS MANAGEMENT BRASIL LTDA,,,BMG RIGHTS MANAGEMENT BRASIL LTDA,,,,,,,39096,391
SBT,02. Solicitação fevereiro 2024.xls,Relatório Solicitação,,,,,,DIVERSAS,,,DIVERSAS,,,,,,,39096,391
SBT,02. Solicitação fevereiro 2024.xls,Relatório Solicitação,,,,,,DIVERSAS,,,DIVERSAS,,,,,,,39096,391
SBT,02. Solicitação fevereiro 2024.xls,Relatório Solicitação,,,,,,UNIVERSAL MUSIC PUBLISHING MGB BRASIL LTDA,,,UNIVERSAL MUSIC PUBLISHING MGB BRASIL LTDA,,,,,,,39096,391
SBT,02. Solicitação fevereiro 2024.xls,Relatório Solicitação,,,,,,DIVERSAS,,,DIVERSAS,,,,,,,39096,391
SBT,02. Solicitação fevereiro 2024.xls,Relatório Solicitação,,,,,,PEERMUSIC DO BRASIL EDIÇÕES MUSICAIS LTDA,,,PEERMUSIC DO BRASIL EDIÇÕES MUSICAIS LTDA,,,,,,,39096,391
SBT,02. Solicitação fevereiro 2024.xls,Relatório Solicitação,,,,,,DIVERSAS,,,DIVERSAS,,,,,,,167331,1673
SBT,02. Solicitação fevereiro 2024.xls,Relatório Solicitação,,,,,,PEERMUSIC DO BRASIL EDIÇÕES MUSICAIS LTDA,,,PEERMUSIC DO BRASIL EDIÇÕES MUSICAIS LTDA,,,,,,,83665,837
SBT,02. Solicitação fevereiro 2024.xls,Relatório Solicitação,,,,,,DIVERSAS,,,DIVERSAS,,,,,,,83665,837
SBT,02. Solicitação fevereiro 2024.xls,Relatório Solicitação,,,,,,DIVERSAS,,,DIVERSAS,,,,,,,83665,837
SBT,02. Solicitação fevereiro 2024.xls,Relatório Solicitação,,,,,,DIVERSAS,,,DIVERSAS,,,,,,,83665,837
SBT,02. Solicitação fevereiro 2024.xls,Relatório Solicitação,,,,,,PEERMUSIC DO BRASIL EDIÇÕES MUSICAIS LTDA,,,PEERMUSIC DO BRASIL EDIÇÕES MUSICAIS LTDA,,,,,,,83665,837
SBT,02. Solicitação fevereiro 2024.xls,Relatório Solicitação,,,,,,WARNER CHAPPELL EDIÇÕES MUSICAIS LTDA,,,WARNER CHAPPELL EDIÇÕES MUSICAIS LTDA,,,,,,,83665,837
SBT,02. Solicitação fevereiro 2024.xls,Relatório Solicitação,,,,,,DIVERSAS,,,DIVERSAS,,,,,,,83665,837
SBT,02. Solicitação fevereiro 2024.xls,Relatório Solicitação,,,,,,BMG RIGHTS MANAGEMENT BRASIL LTDA,,,BMG RIGHTS MANAGEMENT BRASIL LTDA,,,,,,,41832,418
SBT,02. Solicitação fevereiro 2024.xls,Relatório Solicitação,,,,,,SONY MUSIC PUBLISHING (BRASIL) EDIÇÕES MUSICAIS LTDA,,,SONY MUSIC PUBLISHING (BRASIL) EDIÇÕES MUSICAIS LTDA,,,,,,,41832,418
SBT,02. Solicitação fevereiro 2024.xls,Relatório Solicitação,,,,,,DIVERSAS,,,DIVERSAS,,,,,,,83665,837
SBT,02. Solicitação fevereiro 2024.xls,Relatório Solicitação,,,,,,WARNER CHAPPELL EDIÇÕES MUSICAIS LTDA,,,WARNER CHAPPELL EDIÇÕES MUSICAIS LTDA,,,,,,,6961,70
SBT,02. Solicitação fevereiro 2024.xls,Relatório Solicitação,,,,,,DIVERSAS,,,DIVERSAS,,,,,,,76704,767
SBT,02. Solicitação fevereiro 2024.xls,Relatório Solicitação,,,,,,UNIVERSAL MUSIC PUBLISHING MGB BRASIL LTDA,,,UNIVERSAL MUSIC PUBLISHING MGB BRASIL LTDA,,,,,,,83665,837
SBT,02. Solicitação fevereiro 2024.xls,Relatório Solicitação,,,,,,WARNER CHAPPELL EDIÇÕES MUSICAIS LTDA,,,WARNER CHAPPELL EDIÇÕES MUSICAIS LTDA,,,,,,,83665,837
SBT,02. Solicitação fevereiro 2024.xls,Relatório Solicitação,,,,,,PART PRODUCOES ARTISTICAS LTDA,,,PART PRODUCOES ARTISTICAS LTDA,,,,,,,27886,279
SBT,02. Solicitação fevereiro 2024.xls,Relatório Solicitação,,,,,,WARNER CHAPPELL EDIÇÕES MUSICAIS LTDA,,,WARNER CHAPPELL EDIÇÕES MUSICAIS LTDA,,,,,,,55779,558
SBT,02. Solicitação fevereiro 2024.xls,Relatório Solicitação,,,,,,ABRAMUS DIGITAL SERV. IDENT. REPERTÓRIO,,,ABRAMUS DIGITAL SERV. IDENT. REPERTÓRIO,,,,,,,62749,627
SBT,02. Solicitação fevereiro 2024.xls,Relatório Solicitação,,,,,,WARNER CHAPPELL EDIÇÕES MUSICAIS LTDA,,,WARNER CHAPPELL EDIÇÕES MUSICAIS LTDA,,,,,,,20916,209
SBT,02. Solicitação fevereiro 2024.xls,Relatório Solicitação,,,,,,WARNER CHAPPELL EDIÇÕES MUSICAIS LTDA,,,WARNER CHAPPELL EDIÇÕES MUSICAIS LTDA,,,,,,,83665,837
SBT,02. Solicitação fevereiro 2024.xls,Relatório Solicitação,,,,,,WARNER CHAPPELL EDIÇÕES MUSICAIS LTDA,,,WARNER CHAPPELL EDIÇÕES MUSICAIS LTDA,,,,,,,83665,837
SBT,02. Solicitação fevereiro 2024.xls,Relatório Solicitação,,,,,,PEPATO & PEPATO EMPREENDIMENTOS ARTISTICOS E MUSICAIS,,,PEPATO & PEPATO EMPREENDIMENTOS ARTISTICOS E MUSICAIS,,,,,,,27886,279
SBT,02. Solicitação fevereiro 2024.xls,Relatório Solicitação,,,,,,WARNER CHAPPELL EDIÇÕES MUSICAIS LTDA,,,WARNER CHAPPELL EDIÇÕES MUSICAIS LTDA,,,,,,,27886,279
SBT,02. Solicitação fevereiro 2024.xls,Relatório Solicitação,,,,,,ABRAMUS DIGITAL SERV. IDENT. REPERTÓRIO,,,ABRAMUS DIGITAL SERV. IDENT. REPERTÓRIO,,,,,,,27894,279
SBT,02. Solicitação fevereiro 2024.xls,Relatório Solicitação,,,,,,DIVERSAS,,,DIVERSAS,,,,,,,167331,1673
SBT,02. Solicitação fevereiro 2024.xls,Relatório Solicitação,,,,,,WARNER CHAPPELL EDIÇÕES MUSICAIS LTDA,,,WARNER CHAPPELL EDIÇÕES MUSICAIS LTDA,,,,,,,167331,1673
SBT,02. Solicitação fevereiro 2024.xls,Relatório Solicitação,,,,,,WARNER CHAPPELL EDIÇÕES MUSICAIS LTDA,,,WARNER CHAPPELL EDIÇÕES MUSICAIS LTDA,,,,,,,167331,1673
SBT,02. Solicitação fevereiro 2024.xls,Relatório Solicitação,,,,,,EDITORA MUSICAL PANTTANAL LTDA,,,EDITORA MUSICAL PANTTANAL LTDA,,,,,,,167331,1673
SBT,02. Solicitação fevereiro 2024.xls,Relatório Solicitação,,,,,,BMG RIGHTS MANAGEMENT BRASIL LTDA,,,BMG RIGHTS MANAGEMENT BRASIL LTDA,,,,,,,117132,1171
SBT,02. Solicitação fevereiro 2024.xls,Relatório Solicitação,,,,,,JULIANA FAKRI DE ASSIS EPP,,,JULIANA FAKRI DE ASSIS EPP,,,,,,,50199,502
SBT,02. Solicitação fevereiro 2024.xls,Relatório Solicitação,,,,,,DIVERSAS,,,DIVERSAS,,,,,,,167331,1673
SBT,02. Solicitação fevereiro 2024.xls,Relatório Solicitação,,,,,,DIVERSAS,,,DIVERSAS,,,,,,,167331,1673
SBT,02. Solicitação fevereiro 2024.xls,Relatório Solicitação,,,,,,UNIVERSAL MUSIC PUBLISHING MGB BRASIL LTDA,,,UNIVERSAL MUSIC PUBLISHING MGB BRASIL LTDA,,,,,,,167331,1673
SBT,02. Solicitação fevereiro 2024.xls,Relatório Solicitação,,,,,,SONY MUSIC PUBLISHING (BRASIL) EDIÇÕES MUSICAIS LTDA,,,SONY MUSIC PUBLISHING (BRASIL) EDIÇÕES MUSICAIS LTDA,,,,,,,167331,1673
SBT,02. Solicitação fevereiro 2024.xls,Relatório Solicitação,,,,,,WARNER CHAPPELL EDIÇÕES MUSICAIS LTDA,,,WARNER CHAPPELL EDIÇÕES MUSICAIS LTDA,,,,,,,167331,1673
SBT,02. Solicitação fevereiro 2024.xls,Relatório Solicitação,,,,,,DIVERSAS,,,DIVERSAS,,,,,,,167331,1673
SBT,02. Solicitação fevereiro 2024.xls,Relatório Solicitação,,,,,,WARNER CHAPPELL EDIÇÕES MUSICAIS LTDA,,,WARNER CHAPPELL EDIÇÕES MUSICAIS LTDA,,,,,,,167331,1673
SBT,02. Solicitação fevereiro 2024.xls,Relatório Solicitação,,,,,,DIVERSAS,,,DIVERSAS,,,,,,,167331,1673
SBT,02. Solicitação fevereiro 2024.xls,Relatório Solicitação,,,,,,WARNER CHAPPELL EDIÇÕES MUSICAIS LTDA,,,WARNER CHAPPELL EDIÇÕES MUSICAIS LTDA,,,,,,,58566,586
SBT,02. Solicitação fevereiro 2024.xls,Relatório Solicitação,,,,,,DIVERSAS,,,DIVERSAS,,,,,,,108765,1088
SBT,02. Solicitação fevereiro 2024.xls,Relatório Solicitação,,,,,,WARNER CHAPPELL EDIÇÕES MUSICAIS LTDA,,,WARNER CHAPPELL EDIÇÕES MUSICAIS LTDA,,,,,,,83666,837
SBT,02. Solicitação fevereiro 2024.xls,Relatório Solicitação,,,,,,UNIVERSAL MUSIC PUBLISHING MGB BRASIL LTDA,,,UNIVERSAL MUSIC PUBLISHING MGB BRASIL LTDA,,,,,,,83666,837
SBT,02. Solicitação fevereiro 2024.xls,Relatório Solicitação,,,,,,SONY MUSIC PUBLISHING (BRASIL) EDIÇÕES MUSICAIS LTDA,,,SONY MUSIC PUBLISHING (BRASIL) EDIÇÕES MUSICAIS LTDA,,,,,,,33466,335
SBT,02. Solicitação fevereiro 2024.xls,Relatório Solicitação,,,,,,ABRAMUS DIGITAL SERV. IDENT. REPERTÓRIO,,,ABRAMUS DIGITAL SERV. IDENT. REPERTÓRIO,,,,,,,33466,335
SBT,02. Solicitação fevereiro 2024.xls,Relatório Solicitação,,,,,,WARNER CHAPPELL EDIÇÕES MUSICAIS LTDA,,,WARNER CHAPPELL EDIÇÕES MUSICAIS LTDA,,,,,,,66932,669
SBT,02. Solicitação fevereiro 2024.xls,Relatório Solicitação,,,,,,DECK PRODUÇÕES ARTÍSTICAS LTDA,,,DECK PRODUÇÕES ARTÍSTICAS LTDA,,,,,,,33466,335
SBT,02. Solicitação fevereiro 2024.xls,Relatório Solicitação,,,,,,IRMÃOS VITALE EDITORES LTDA,,,IRMÃOS VITALE EDITORES LTDA,,,,,,,83665,837
SBT,02. Solicitação fevereiro 2024.xls,Relatório Solicitação,,,,,,BMG RIGHTS MANAGEMENT BRASIL LTDA,,,BMG RIGHTS MANAGEMENT BRASIL LTDA,,,,,,,83665,837
SBT,02. Solicitação fevereiro 2024.xls,Relatório Solicitação,,,,,,BMG RIGHTS MANAGEMENT BRASIL LTDA,,,BMG RIGHTS MANAGEMENT BRASIL LTDA,,,,,,,83665,837
SBT,02. Solicitação fevereiro 2024.xls,Relatório Solicitação,,,,,,UNIVERSAL MUSIC PUBLISHING MGB BRASIL LTDA,,,UNIVERSAL MUSIC PUBLISHING MGB BRASIL LTDA,,,,,,,83665,837
SBT,02. Solicitação fevereiro 2024.xls,Relatório Solicitação,,,,,,DIVERSAS,,,DIVERSAS,,,,,,,27191,272
SBT,02. Solicitação fevereiro 2024.xls,Relatório Solicitação,,,,,,SONY MUSIC PUBLISHING (BRASIL) EDIÇÕES MUSICAIS LTDA,,,SONY MUSIC PUBLISHING (BRASIL) EDIÇÕES MUSICAIS LTDA,,,,,,,13596,136
SBT,02. Solicitação fevereiro 2024.xls,Relatório Solicitação,,,,,,DECK PRODUÇÕES ARTÍSTICAS LTDA,,,DECK PRODUÇÕES ARTÍSTICAS LTDA,,,,,,,29283,293
SBT,02. Solicitação fevereiro 2024.xls,Relatório Solicitação,,,,,,DECK PRODUÇÕES ARTÍSTICAS LTDA,,,DECK PRODUÇÕES ARTÍSTICAS LTDA,,,,,,,83665,837
SBT,02. Solicitação fevereiro 2024.xls,Relatório Solicitação,,,,,,DIVERSAS,,,DIVERSAS,,,,,,,83665,837
SBT,02. Solicitação fevereiro 2024.xls,Relatório Solicitação,,,,,,WARNER CHAPPELL EDIÇÕES MUSICAIS LTDA,,,WARNER CHAPPELL EDIÇÕES MUSICAIS LTDA,,,,,,,167331,1673
SBT,02. Solicitação fevereiro 2024.xls,Relatório Solicitação,,,,,,ANGELIM PRODUCOES ARTISTICAS EIRELI - ME,,,ANGELIM PRODUCOES ARTISTICAS EIRELI - ME,,,,,,,20916,209
SBT,02. Solicitação fevereiro 2024.xls,Relatório Solicitação,,,,,,SONY MUSIC PUBLISHING (BRASIL) EDIÇÕES MUSICAIS LTDA,,,SONY MUSIC PUBLISHING (BRASIL) EDIÇÕES MUSICAIS LTDA,,,,,,,20916,209
SBT,02. Solicitação fevereiro 2024.xls,Relatório Solicitação,,,,,,WARNER CHAPPELL EDIÇÕES MUSICAIS LTDA,,,WARNER CHAPPELL EDIÇÕES MUSICAIS LTDA,,,,,,,41832,418
SBT,02. Solicitação fevereiro 2024.xls,Relatório Solicitação,,,,,,SONY MUSIC PUBLISHING (BRASIL) EDIÇÕES MUSICAIS LTDA,,,SONY MUSIC PUBLISHING (BRASIL) EDIÇÕES MUSICAIS LTDA,,,,,,,83665,837
SBT,02. Solicitação fevereiro 2024.xls,Relatório Solicitação,,,,,,PEERMUSIC DO BRASIL EDIÇÕES MUSICAIS LTDA,,,PEERMUSIC DO BRASIL EDIÇÕES MUSICAIS LTDA,,,,,,,83665,837
SBT,02. Solicitação fevereiro 2024.xls,Relatório Solicitação,,,,,,UNIVERSAL MUSIC PUBLISHING MGB BRASIL LTDA,,,UNIVERSAL MUSIC PUBLISHING MGB BRASIL LTDA,,,,,,,167331,1673
SBT,02. Solicitação fevereiro 2024.xls,Relatório Solicitação,,,,,,UNIVERSAL MUSIC PUBLISHING MGB BRASIL LTDA,,,UNIVERSAL MUSIC PUBLISHING MGB BRASIL LTDA,,,,,,,167331,1673
SBT,02. Solicitação fevereiro 2024.xls,Relatório Solicitação,,,,,,DIVERSAS,,,DIVERSAS,,,,,,,76972,770
SBT,02. Solicitação fevereiro 2024.xls,Relatório Solicitação,,,,,,PEERMUSIC DO BRASIL EDIÇÕES MUSICAIS LTDA,,,PEERMUSIC DO BRASIL EDIÇÕES MUSICAIS LTDA,,,,,,,30120,301
SBT,02. Solicitação fevereiro 2024.xls,Relatório Solicitação,,,,,,WARNER CHAPPELL EDIÇÕES MUSICAIS LTDA,,,WARNER CHAPPELL EDIÇÕES MUSICAIS LTDA,,,,,,,60239,602
SBT,02. Solicitação fevereiro 2024.xls,Relatório Solicitação,,,,,,DIVERSAS,,,DIVERSAS,,,,,,,167331,1673
SBT,02. Solicitação fevereiro 2024.xls,Relatório Solicitação,,,,,,DIVERSAS,,,DIVERSAS,,,,,,,83665,837
SBT,02. Solicitação fevereiro 2024.xls,Relatório Solicitação,,,,,,PEERMUSIC DO BRASIL EDIÇÕES MUSICAIS LTDA,,,PEERMUSIC DO BRASIL EDIÇÕES MUSICAIS LTDA,,,,,,,39096,391
SBT,02. Solicitação fevereiro 2024.xls,Relatório Solicitação,,,,,,UNIVERSAL MUSIC PUBLISHING MGB BRASIL LTDA,,,UNIVERSAL MUSIC PUBLISHING MGB BRASIL LTDA,,,,,,,19548,195
SBT,02. Solicitação fevereiro 2024.xls,Relatório Solicitação,,,,,,JOBIM MUSIC LTDA,,,JOBIM MUSIC LTDA,,,,,,,19548,195
SBT,02. Solicitação fevereiro 2024.xls,Relatório Solicitação,,,,,,BMG RIGHTS MANAGEMENT BRASIL LTDA,,,BMG RIGHTS MANAGEMENT BRASIL LTDA,,,,,,,9774,98
SBT,02. Solicitação fevereiro 2024.xls,Relatório Solicitação,,,,,,DIVERSAS,,,DIVERSAS,,,,,,,14661,147
SBT,02. Solicitação fevereiro 2024.xls,Relatório Solicitação,,,,,,SONY MUSIC PUBLISHING (BRASIL) EDIÇÕES MUSICAIS LTDA,,,SONY MUSIC PUBLISHING (BRASIL) EDIÇÕES MUSICAIS LTDA,,,,,,,14661,147
SBT,02. Solicitação fevereiro 2024.xls,Relatório Solicitação,,,,,,SONY MUSIC PUBLISHING (BRASIL) EDIÇÕES MUSICAIS LTDA,,,SONY MUSIC PUBLISHING (BRASIL) EDIÇÕES MUSICAIS LTDA,,,,,,,39096,391
SBT,02. Solicitação fevereiro 2024.xls,Relatório Solicitação,,,,,,BMG RIGHTS MANAGEMENT BRASIL LTDA,,,BMG RIGHTS MANAGEMENT BRASIL LTDA,,,,,,,19548,195
SBT,02. Solicitação fevereiro 2024.xls,Relatório Solicitação,,,,,,WARNER CHAPPELL EDIÇÕES MUSICAIS LTDA,,,WARNER CHAPPELL EDIÇÕES MUSICAIS LTDA,,,,,,,19548,195
SBT,02. Solicitação fevereiro 2024.xls,Relatório Solicitação,,,,,,DIVERSAS,,,DIVERSAS,,,,,,,167331,1673
SBT,02. Solicitação fevereiro 2024.xls,Relatório Solicitação,,,,,,DIVERSAS,,,DIVERSAS,,,,,,,167331,1673
SBT,02. Solicitação fevereiro 2024.xls,Relatório Solicitação,,,,,,ABRAMUS DIGITAL SERV. IDENT. REPERTÓRIO,,,ABRAMUS DIGITAL SERV. IDENT. REPERTÓRIO,,,,,,,83665,837
SBT,02. Solicitação fevereiro 2024.xls,Relatório Solicitação,,,,,,PEERMUSIC DO BRASIL EDIÇÕES MUSICAIS LTDA,,,PEERMUSIC DO BRASIL EDIÇÕES MUSICAIS LTDA,,,,,,,167331,1673
SBT,02. Solicitação fevereiro 2024.xls,Relatório Solicitação,,,,,,EDITORA MUSICAL CORISCO LTDA,,,EDITORA MUSICAL CORISCO LTDA,,,,,,,41832,418
SBT,02. Solicitação fevereiro 2024.xls,Relatório Solicitação,,,,,,DIVERSAS,,,DIVERSAS,,,,,,,41832,418
SBT,02. Solicitação fevereiro 2024.xls,Relatório Solicitação,,,,,,DIVERSAS,,,DIVERSAS,,,,,,,83665,837
SBT,02. Solicitação fevereiro 2024.xls,Relatório Solicitação,,,,,,IRMÃOS VITALE EDITORES LTDA,,,IRMÃOS VITALE EDITORES LTDA,,,,,,,83665,837
SBT,02. Solicitação fevereiro 2024.xls,Relatório Solicitação,,,,,,SONY MUSIC PUBLISHING (BRASIL) EDIÇÕES MUSICAIS LTDA,,,SONY MUSIC PUBLISHING (BRASIL) EDIÇÕES MUSICAIS LTDA,,,,,,,83665,837
SBT,02. Solicitação fevereiro 2024.xls,Relatório Solicitação,,,,,,DIVERSAS,,,DIVERSAS,,,,,,,83665,837
SBT,02. Solicitação fevereiro 2024.xls,Relatório Solicitação,,,,,,SONY MUSIC PUBLISHING (BRASIL) EDIÇÕES MUSICAIS LTDA,,,SONY MUSIC PUBLISHING (BRASIL) EDIÇÕES MUSICAIS LTDA,,,,,,,83665,837
SBT,02. Solicitação fevereiro 2024.xls,Relatório Solicitação,,,,,,DIVERSAS,,,DIVERSAS,,,,,,,83665,837
SBT,02. Solicitação fevereiro 2024.xls,Relatório Solicitação,,,,,,ATRAÇÃO PRODUÇÕES ILIMITADAS LTDA,,,ATRAÇÃO PRODUÇÕES ILIMITADAS LTDA,,,,,,,83665,837
SBT,02. Solicitação fevereiro 2024.xls,Relatório Solicitação,,,,,,DIVERSAS,,,DIVERSAS,,,,,,,83665,837
SBT,02. Solicitação fevereiro 2024.xls,Relatório Solicitação,,,,,,WARNER CHAPPELL EDIÇÕES MUSICAIS LTDA,,,WARNER CHAPPELL EDIÇÕES MUSICAIS LTDA,,,,,,,39096,391
SBT,02. Solicitação fevereiro 2024.xls,Relatório Solicitação,,,,,,DIVERSAS,,,DIVERSAS,,,,,,,39096,391
SBT,02. Solicitação fevereiro 2024.xls,Relatório Solicitação,,,,,,BMG RIGHTS MANAGEMENT BRASIL LTDA,,,BMG RIGHTS MANAGEMENT BRASIL LTDA,,,,,,,39096,391
SBT,02. Solicitação fevereiro 2024.xls,Relatório Solicitação,,,,,,DIVERSAS,,,DIVERSAS,,,,,,,83665,837
SBT,02. Solicitação fevereiro 2024.xls,Relatório Solicitação,,,,,,DIVERSAS,,,DIVERSAS,,,,,,,167331,1673
SBT,02. Solicitação fevereiro 2024.xls,Relatório Solicitação,,,,,,SONY MUSIC PUBLISHING (BRASIL) EDIÇÕES MUSICAIS LTDA,,,SONY MUSIC PUBLISHING (BRASIL) EDIÇÕES MUSICAIS LTDA,,,,,,,83665,837
SBT,02. Solicitação fevereiro 2024.xls,Relatório Solicitação,,,,,,PEERMUSIC DO BRASIL EDIÇÕES MUSICAIS LTDA,,,PEERMUSIC DO BRASIL EDIÇÕES MUSICAIS LTDA,,,,,,,167331,1673
SBT,02. Solicitação fevereiro 2024.xls,Relatório Solicitação,,,,,,SONY MUSIC PUBLISHING (BRASIL) EDIÇÕES MUSICAIS LTDA,,,SONY MUSIC PUBLISHING (BRASIL) EDIÇÕES MUSICAIS LTDA,,,,,,,167331,1673
SBT,02. Solicitação fevereiro 2024.xls,Relatório Solicitação,,,,,,WARNER CHAPPELL EDIÇÕES MUSICAIS LTDA,,,WARNER CHAPPELL EDIÇÕES MUSICAIS LTDA,,,,,,,83665,837
SBT,02. Solicitação fevereiro 2024.xls,Relatório Solicitação,,,,,,DIVERSAS,,,DIVERSAS,,,,,,,41832,418
SBT,02. Solicitação fevereiro 2024.xls,Relatório Solicitação,,,,,,UNIVERSAL MUSIC PUBLISHING MGB BRASIL LTDA,,,UNIVERSAL MUSIC PUBLISHING MGB BRASIL LTDA,,,,,,,41832,418
SBT,02. Solicitação fevereiro 2024.xls,Relatório Solicitação,,,,,,DIVERSAS,,,DIVERSAS,,,,,,,62749,627
SBT,02. Solicitação fevereiro 2024.xls,Relatório Solicitação,,,,,,PEERMUSIC DO BRASIL EDIÇÕES MUSICAIS LTDA,,,PEERMUSIC DO BRASIL EDIÇÕES MUSICAIS LTDA,,,,,,,20916,209
SBT,02. Solicitação fevereiro 2024.xls,Relatório Solicitação,,,,,,SONY MUSIC PUBLISHING (BRASIL) EDIÇÕES MUSICAIS LTDA,,,SONY MUSIC PUBLISHING (BRASIL) EDIÇÕES MUSICAIS LTDA,,,,,,,83666,837
SBT,02. Solicitação fevereiro 2024.xls,Relatório Solicitação,,,,,,WARNER CHAPPELL EDIÇÕES MUSICAIS LTDA,,,WARNER CHAPPELL EDIÇÕES MUSICAIS LTDA,,,,,,,83666,837
SBT,02. Solicitação fevereiro 2024.xls,Relatório Solicitação,,,,,,SONY MUSIC PUBLISHING (BRASIL) EDIÇÕES MUSICAIS LTDA,,,SONY MUSIC PUBLISHING (BRASIL) EDIÇÕES MUSICAIS LTDA,,,,,,,41832,418
SBT,02. Solicitação fevereiro 2024.xls,Relatório Solicitação,,,,,,WARNER CHAPPELL EDIÇÕES MUSICAIS LTDA,,,WARNER CHAPPELL EDIÇÕES MUSICAIS LTDA,,,,,,,41832,418
SBT,02. Solicitação fevereiro 2024.xls,Relatório Solicitação,,,,,,DIVERSAS,,,DIVERSAS,,,,,,,83665,837
SBT,02. Solicitação fevereiro 2024.xls,Relatório Solicitação,,,,,,SONY MUSIC PUBLISHING (BRASIL) EDIÇÕES MUSICAIS LTDA,,,SONY MUSIC PUBLISHING (BRASIL) EDIÇÕES MUSICAIS LTDA,,,,,,,39096,391
SBT,02. Solicitação fevereiro 2024.xls,Relatório Solicitação,,,,,,SM PUBLISHING (BRASIL) EDIÇÕES MUSICAIS LTDA,,,SM PUBLISHING (BRASIL) EDIÇÕES MUSICAIS LTDA,,,,,,,39096,391
SBT,02. Solicitação fevereiro 2024.xls,Relatório Solicitação,,,,,,DIVERSAS,,,DIVERSAS,,,,,,,78192,782
SBT,02. Solicitação fevereiro 2024.xls,Relatório Solicitação,,,,,,IMMEDIATE SOLUTION EDIÇÕES MUSICAIS LTDA,,,IMMEDIATE SOLUTION EDIÇÕES MUSICAIS LTDA,,,,,,,41832,418
SBT,02. Solicitação fevereiro 2024.xls,Relatório Solicitação,,,,,,DECK PRODUÇÕES ARTÍSTICAS LTDA,,,DECK PRODUÇÕES ARTÍSTICAS LTDA,,,,,,,41832,418
SBT,02. Solicitação fevereiro 2024.xls,Relatório Solicitação,,,,,,WARNER CHAPPELL EDIÇÕES MUSICAIS LTDA,,,WARNER CHAPPELL EDIÇÕES MUSICAIS LTDA,,,,,,,83665,837
SBT,02. Solicitação fevereiro 2024.xls,Relatório Solicitação,,,,,,UNIVERSAL MUSIC PUBLISHING MGB BRASIL LTDA,,,UNIVERSAL MUSIC PUBLISHING MGB BRASIL LTDA,,,,,,,41832,418
SBT,02. Solicitação fevereiro 2024.xls,Relatório Solicitação,,,,,,WARNER CHAPPELL EDIÇÕES MUSICAIS LTDA,,,WARNER CHAPPELL EDIÇÕES MUSICAIS LTDA,,,,,,,41832,418
SBT,02. Solicitação fevereiro 2024.xls,Relatório Solicitação,,,,,,WARNER CHAPPELL EDIÇÕES MUSICAIS LTDA,,,WARNER CHAPPELL EDIÇÕES MUSICAIS LTDA,,,,,,,83665,837
SBT,02. Solicitação fevereiro 2024.xls,Relatório Solicitação,,,,,,DIVERSAS,,,DIVERSAS,,,,,,,83665,837
SBT,02. Solicitação fevereiro 2024.xls,Relatório Solicitação,,,,,,DIVERSAS,,,DIVERSAS,,,,,,,83665,837
SBT,02. Solicitação fevereiro 2024.xls,Relatório Solicitação,,,,,,WORK SHOW EDITORA E PRODUÇÕES MUSICAIS LTDA - ME,,,WORK SHOW EDITORA E PRODUÇÕES MUSICAIS LTDA - ME,,,,,,,10458,105
SBT,02. Solicitação fevereiro 2024.xls,Relatório Solicitação,,,,,,DIVERSAS,,,DIVERSAS,,,,,,,73207,732
SBT,02. Solicitação fevereiro 2024.xls,Relatório Solicitação,,,,,,ABRAMUS DIGITAL SERV. IDENT. REPERTÓRIO,,,ABRAMUS DIGITAL SERV. IDENT. REPERTÓRIO,,,,,,,20916,209
SBT,02. Solicitação fevereiro 2024.xls,Relatório Solicitação,,,,,,WARNER CHAPPELL EDIÇÕES MUSICAIS LTDA,,,WARNER CHAPPELL EDIÇÕES MUSICAIS LTDA,,,,,,,62749,627
SBT,02. Solicitação fevereiro 2024.xls,Relatório Solicitação,,,,,,DIVERSAS,,,DIVERSAS,,,,,,,39096,391
SBT,02. Solicitação fevereiro 2024.xls,Relatório Solicitação,,,,,,BMG RIGHTS MANAGEMENT BRASIL LTDA,,,BMG RIGHTS MANAGEMENT BRASIL LTDA,,,,,,,39096,391
SBT,02. Solicitação fevereiro 2024.xls,Relatório Solicitação,,,,,,IRMÃOS VITALE EDITORES LTDA,,,IRMÃOS VITALE EDITORES LTDA,,,,,,,83665,837
SBT,02. Solicitação fevereiro 2024.xls,Relatório Solicitação,,,,,,IRMÃOS VITALE EDITORES LTDA,,,IRMÃOS VITALE EDITORES LTDA,,,,,,,167331,1673
SBT,02. Solicitação fevereiro 2024.xls,Relatório Solicitação,,,,,,FUSION MUSIC EDIÇÕES MUSICAIS LTDA,,,FUSION MUSIC EDIÇÕES MUSICAIS LTDA,,,,,,,167331,1673
SBT,02. Solicitação fevereiro 2024.xls,Relatório Solicitação,,,,,,EDITORA MUSICAL CORISCO LTDA,,,EDITORA MUSICAL CORISCO LTDA,,,,,,,83666,837
SBT,02. Solicitação fevereiro 2024.xls,Relatório Solicitação,,,,,,DIVERSAS,,,DIVERSAS,,,,,,,83666,837
SBT,02. Solicitação fevereiro 2024.xls,Relatório Solicitação,,,,,,IRMÃOS VITALE EDITORES LTDA,,,IRMÃOS VITALE EDITORES LTDA,,,,,,,83665,837
SBT,02. Solicitação fevereiro 2024.xls,Relatório Solicitação,,,,,,ADDAF - ASS. DEF. DIREITOS AUTORAIS FONOMECÂNICOS,,,ADDAF - ASS. DEF. DIREITOS AUTORAIS FONOMECÂNICOS,,,,,,,41832,418
SBT,02. Solicitação fevereiro 2024.xls,Relatório Solicitação,,,,,,TODAMERICA EDICOES LTDA,,,TODAMERICA EDICOES LTDA,,,,,,,41832,418
SBT,02. Solicitação fevereiro 2024.xls,Relatório Solicitação,,,,,,PEERMUSIC DO BRASIL EDIÇÕES MUSICAIS LTDA,,,PEERMUSIC DO BRASIL EDIÇÕES MUSICAIS LTDA,,,,,,,83665,837
SBT,02. Solicitação fevereiro 2024.xls,Relatório Solicitação,,,,,,PEERMUSIC DO BRASIL EDIÇÕES MUSICAIS LTDA,,,PEERMUSIC DO BRASIL EDIÇÕES MUSICAIS LTDA,,,,,,,83665,837
SBT,02. Solicitação fevereiro 2024.xls,Relatório Solicitação,,,,,,DIVERSAS,,,DIVERSAS,,,,,,,83665,837
SBT,02. Solicitação fevereiro 2024.xls,Relatório Solicitação,,,,,,DIVERSAS,,,DIVERSAS,,,,,,,83665,837
SBT,02. Solicitação fevereiro 2024.xls,Relatório Solicitação,,,,,,DIVERSAS,,,DIVERSAS,,,,,,,83665,837
SBT,02. Solicitação fevereiro 2024.xls,Relatório Solicitação,,,,,,BMG RIGHTS MANAGEMENT BRASIL LTDA,,,BMG RIGHTS MANAGEMENT BRASIL LTDA,,,,,,,13939,139
SBT,02. Solicitação fevereiro 2024.xls,Relatório Solicitação,,,,,,DIVERSAS,,,DIVERSAS,,,,,,,6994,70
SBT,02. Solicitação fevereiro 2024.xls,Relatório Solicitação,,,,,,IESSI MUSIC LABEL LTDA,,,IESSI MUSIC LABEL LTDA,,,,,,,27877,279
SBT,02. Solicitação fevereiro 2024.xls,Relatório Solicitação,,,,,,WARNER CHAPPELL EDIÇÕES MUSICAIS LTDA,,,WARNER CHAPPELL EDIÇÕES MUSICAIS LTDA,,,,,,,20916,209
SBT,02. Solicitação fevereiro 2024.xls,Relatório Solicitação,,,,,,SONY MUSIC PUBLISHING (BRASIL) EDIÇÕES MUSICAIS LTDA,,,SONY MUSIC PUBLISHING (BRASIL) EDIÇÕES MUSICAIS LTDA,,,,,,,13939,139
SBT,02. Solicitação fevereiro 2024.xls,Relatório Solicitação,,,,,,SONY MUSIC PUBLISHING (BRASIL) EDIÇÕES MUSICAIS LTDA,,,SONY MUSIC PUBLISHING (BRASIL) EDIÇÕES MUSICAIS LTDA,,,,,,,83665,837
SBT,02. Solicitação fevereiro 2024.xls,Relatório Solicitação,,,,,,WARNER CHAPPELL EDIÇÕES MUSICAIS LTDA,,,WARNER CHAPPELL EDIÇÕES MUSICAIS LTDA,,,,,,,55771,558
SBT,02. Solicitação fevereiro 2024.xls,Relatório Solicitação,,,,,,PEERMUSIC DO BRASIL EDIÇÕES MUSICAIS LTDA,,,PEERMUSIC DO BRASIL EDIÇÕES MUSICAIS LTDA,,,,,,,27894,279
SBT,02. Solicitação fevereiro 2024.xls,Relatório Solicitação,,,,,,DIVERSAS,,,DIVERSAS,,,,,,,83665,837
SBT,02. Solicitação fevereiro 2024.xls,Relatório Solicitação,,,,,,WARNER CHAPPELL EDIÇÕES MUSICAIS LTDA,,,WARNER CHAPPELL EDIÇÕES MUSICAIS LTDA,,,,,,,83665,837
SBT,02. Solicitação fevereiro 2024.xls,Relatório Solicitação,,,,,,SONY MUSIC PUBLISHING (BRASIL) EDIÇÕES MUSICAIS LTDA,,,SONY MUSIC PUBLISHING (BRASIL) EDIÇÕES MUSICAIS LTDA,,,,,,,83665,837
SBT,02. Solicitação fevereiro 2024.xls,Relatório Solicitação,,,,,,DIVERSAS,,,DIVERSAS,,,,,,,71115,711
SBT,02. Solicitação fevereiro 2024.xls,Relatório Solicitação,,,,,,UNIVERSAL MUSIC PUBLISHING MGB BRASIL LTDA,,,UNIVERSAL MUSIC PUBLISHING MGB BRASIL LTDA,,,,,,,12550,126
SBT,02. Solicitação fevereiro 2024.xls,Relatório Solicitação,,,,,,SONY MUSIC PUBLISHING (BRASIL) EDIÇÕES MUSICAIS LTDA,,,SONY MUSIC PUBLISHING (BRASIL) EDIÇÕES MUSICAIS LTDA,,,,,,,83665,837
SBT,02. Solicitação fevereiro 2024.xls,Relatório Solicitação,,,,,,EDITORA E IMPORTADORA MUSICAL FERMATA DO BRASIL LTDA,,,EDITORA E IMPORTADORA MUSICAL FERMATA DO BRASIL LTDA,,,,,,,167331,1673
SBT,02. Solicitação fevereiro 2024.xls,Relatório Solicitação,,,,,,EDITORA E IMPORTADORA MUSICAL FERMATA DO BRASIL LTDA,,,EDITORA E IMPORTADORA MUSICAL FERMATA DO BRASIL LTDA,,,,,,,83665,837
SBT,02. Solicitação fevereiro 2024.xls,Relatório Solicitação,,,,,,IRMÃOS VITALE EDITORES LTDA,,,IRMÃOS VITALE EDITORES LTDA,,,,,,,83665,837
SBT,02. Solicitação fevereiro 2024.xls,Relatório Solicitação,,,,,,DIVERSAS,,,DIVERSAS,,,,,,,83665,837
SBT,02. Solicitação fevereiro 2024.xls,Relatório Solicitação,,,,,,DIVERSAS,,,DIVERSAS,,,,,,,83665,837
SBT,02. Solicitação fevereiro 2024.xls,Relatório Solicitação,,,,,,DIVERSAS,,,DIVERSAS,,,,,,,83665,837
SBT,02. Solicitação fevereiro 2024.xls,Relatório Solicitação,,,,,,DIVERSAS,,,DIVERSAS,,,,,,,58566,586
SBT,02. Solicitação fevereiro 2024.xls,Relatório Solicitação,,,,,,WARNER CHAPPELL EDIÇÕES MUSICAIS LTDA,,,WARNER CHAPPELL EDIÇÕES MUSICAIS LTDA,,,,,,,25100,251
SBT,02. Solicitação fevereiro 2024.xls,Relatório Solicitação,,,,,,PEERMUSIC DO BRASIL EDIÇÕES MUSICAIS LTDA,,,PEERMUSIC DO BRASIL EDIÇÕES MUSICAIS LTDA,,,,,,,83665,837
SBT,02. Solicitação fevereiro 2024.xls,Relatório Solicitação,,,,,,DIVERSAS,,,DIVERSAS,,,,,,,58566,586
SBT,02. Solicitação fevereiro 2024.xls,Relatório Solicitação,,,,,,WARNER CHAPPELL EDIÇÕES MUSICAIS LTDA,,,WARNER CHAPPELL EDIÇÕES MUSICAIS LTDA,,,,,,,25100,251
SBT,02. Solicitação fevereiro 2024.xls,Relatório Solicitação,,,,,,UNIVERSAL MUSIC PUBLISHING MGB BRASIL LTDA,,,UNIVERSAL MUSIC PUBLISHING MGB BRASIL LTDA,,,,,,,83665,837
SBT,02. Solicitação fevereiro 2024.xls,Relatório Solicitação,,,,,,SONY MUSIC PUBLISHING (BRASIL) EDIÇÕES MUSICAIS LTDA,,,SONY MUSIC PUBLISHING (BRASIL) EDIÇÕES MUSICAIS LTDA,,,,,,,83666,837
SBT,02. Solicitação fevereiro 2024.xls,Relatório Solicitação,,,,,,WARNER CHAPPELL EDIÇÕES MUSICAIS LTDA,,,WARNER CHAPPELL EDIÇÕES MUSICAIS LTDA,,,,,,,83666,837
SBT,02. Solicitação fevereiro 2024.xls,Relatório Solicitação,,,,,,UNIVERSAL MUSIC PUBLISHING MGB BRASIL LTDA,,,UNIVERSAL MUSIC PUBLISHING MGB BRASIL LTDA,,,,,,,167331,1673
SBT,02. Solicitação fevereiro 2024.xls,Relatório Solicitação,,,,,,DIVERSAS,,,DIVERSAS,,,,,,,78192,782
SBT,02. Solicitação fevereiro 2024.xls,Relatório Solicitação,,,,,,SONY MUSIC PUBLISHING (BRASIL) EDIÇÕES MUSICAIS LTDA,,,SONY MUSIC PUBLISHING (BRASIL) EDIÇÕES MUSICAIS LTDA,,,,,,,39096,391
SBT,02. Solicitação fevereiro 2024.xls,Relatório Solicitação,,,,,,SONY MUSIC PUBLISHING (BRASIL) EDIÇÕES MUSICAIS LTDA,,,SONY MUSIC PUBLISHING (BRASIL) EDIÇÕES MUSICAIS LTDA,,,,,,,39096,391
SBT,02. Solicitação fevereiro 2024.xls,Relatório Solicitação,,,,,,BMG RIGHTS MANAGEMENT BRASIL LTDA,,,BMG RIGHTS MANAGEMENT BRASIL LTDA,,,,,,,19548,195
SBT,02. Solicitação fevereiro 2024.xls,Relatório Solicitação,,,,,,SONY MUSIC PUBLISHING (BRASIL) EDIÇÕES MUSICAIS LTDA,,,SONY MUSIC PUBLISHING (BRASIL) EDIÇÕES MUSICAIS LTDA,,,,,,,19548,195
SBT,02. Solicitação fevereiro 2024.xls,Relatório Solicitação,,,,,,WARNER CHAPPELL EDIÇÕES MUSICAIS LTDA,,,WARNER CHAPPELL EDIÇÕES MUSICAIS LTDA,,,,,,,19548,195
SBT,02. Solicitação fevereiro 2024.xls,Relatório Solicitação,,,,,,SONY MUSIC PUBLISHING (BRASIL) EDIÇÕES MUSICAIS LTDA,,,SONY MUSIC PUBLISHING (BRASIL) EDIÇÕES MUSICAIS LTDA,,,,,,,19548,195
SBT,02. Solicitação fevereiro 2024.xls,Relatório Solicitação,,,,,,DIVERSAS,,,DIVERSAS,,,,,,,78192,782
SBT,02. Solicitação fevereiro 2024.xls,Relatório Solicitação,,,,,,DIVERSAS,,,DIVERSAS,,,,,,,78192,782
SBT,02. Solicitação fevereiro 2024.xls,Relatório Solicitação,,,,,,DIVERSAS,,,DIVERSAS,,,,,,,78192,782
SBT,02. Solicitação fevereiro 2024.xls,Relatório Solicitação,,,,,,DIVERSAS,,,DIVERSAS,,,,,,,78192,782
SBT,02. Solicitação fevereiro 2024.xls,Relatório Solicitação,,,,,,DIVERSAS,,,DIVERSAS,,,,,,,39096,391
SBT,02. Solicitação fevereiro 2024.xls,Relatório Solicitação,,,,,,NOSSAMÚSICA PRODUÇÕES E EDIÇÕES MUSICAIS LTDA,,,NOSSAMÚSICA PRODUÇÕES E EDIÇÕES MUSICAIS LTDA,,,,,,,39096,391
SBT,02. Solicitação fevereiro 2024.xls,Relatório Solicitação,,,,,,SONY MUSIC PUBLISHING (BRASIL) EDIÇÕES MUSICAIS LTDA,,,SONY MUSIC PUBLISHING (BRASIL) EDIÇÕES MUSICAIS LTDA,,,,,,,39096,391
SBT,02. Solicitação fevereiro 2024.xls,Relatório Solicitação,,,,,,IRMÃOS VITALE EDITORES LTDA,,,IRMÃOS VITALE EDITORES LTDA,,,,,,,39096,391
SBT,02. Solicitação fevereiro 2024.xls,Relatório Solicitação,,,,,,UNIVERSAL MUSIC PUBLISHING MGB BRASIL LTDA,,,UNIVERSAL MUSIC PUBLISHING MGB BRASIL LTDA,,,,,,,35186,352
SBT,02. Solicitação fevereiro 2024.xls,Relatório Solicitação,,,,,,DIVERSAS,,,DIVERSAS,,,,,,,3910,39
SBT,02. Solicitação fevereiro 2024.xls,Relatório Solicitação,,,,,,UNIVERSAL MUSIC PUBLISHING MGB BRASIL LTDA,,,UNIVERSAL MUSIC PUBLISHING MGB BRASIL LTDA,,,,,,,27894,279
SBT,02. Solicitação fevereiro 2024.xls,Relatório Solicitação,,,,,,DIVERSAS,,,DIVERSAS,,,,,,,27886,279
SBT,02. Solicitação fevereiro 2024.xls,Relatório Solicitação,,,,,,WARNER CHAPPELL EDIÇÕES MUSICAIS LTDA,,,WARNER CHAPPELL EDIÇÕES MUSICAIS LTDA,,,,,,,27886,279
SBT,02. Solicitação fevereiro 2024.xls,Relatório Solicitação,,,,,,UNIVERSAL MUSIC PUBLISHING MGB BRASIL LTDA,,,UNIVERSAL MUSIC PUBLISHING MGB BRASIL LTDA,,,,,,,83666,837
SBT,02. Solicitação fevereiro 2024.xls,Relatório Solicitação,,,,,,JOBIM MUSIC LTDA,,,JOBIM MUSIC LTDA,,,,,,,83666,837
SBT,02. Solicitação fevereiro 2024.xls,Relatório Solicitação,,,,,,DIVERSAS,,,DIVERSAS,,,,,,,83665,837
SBT,02. Solicitação fevereiro 2024.xls,Relatório Solicitação,,,,,,SONY MUSIC PUBLISHING (BRASIL) EDIÇÕES MUSICAIS LTDA,,,SONY MUSIC PUBLISHING (BRASIL) EDIÇÕES MUSICAIS LTDA,,,,,,,83665,837
SBT,02. Solicitação fevereiro 2024.xls,Relatório Solicitação,,,,,,UNIVERSAL MUSIC PUBLISHING MGB BRASIL LTDA,,,UNIVERSAL MUSIC PUBLISHING MGB BRASIL LTDA,,,,,,,167331,1673
SBT,02. Solicitação fevereiro 2024.xls,Relatório Solicitação,,,,,,SONY MUSIC PUBLISHING (BRASIL) EDIÇÕES MUSICAIS LTDA,,,SONY MUSIC PUBLISHING (BRASIL) EDIÇÕES MUSICAIS LTDA,,,,,,,83665,837
SBT,02. Solicitação fevereiro 2024.xls,Relatório Solicitação,,,,,,WARNER CHAPPELL EDIÇÕES MUSICAIS LTDA,,,WARNER CHAPPELL EDIÇÕES MUSICAIS LTDA,,,,,,,16733,167
SBT,02. Solicitação fevereiro 2024.xls,Relatório Solicitação,,,,,,DIVERSAS,,,DIVERSAS,,,,,,,66932,669
SBT,02. Solicitação fevereiro 2024.xls,Relatório Solicitação,,,,,,SONY MUSIC PUBLISHING (BRASIL) EDIÇÕES MUSICAIS LTDA,,,SONY MUSIC PUBLISHING (BRASIL) EDIÇÕES MUSICAIS LTDA,,,,,,,83666,837
SBT,02. Solicitação fevereiro 2024.xls,Relatório Solicitação,,,,,,WARNER CHAPPELL EDIÇÕES MUSICAIS LTDA,,,WARNER CHAPPELL EDIÇÕES MUSICAIS LTDA,,,,,,,83666,837
SBT,02. Solicitação fevereiro 2024.xls,Relatório Solicitação,,,,,,BMG RIGHTS MANAGEMENT BRASIL LTDA,,,BMG RIGHTS MANAGEMENT BRASIL LTDA,,,,,,,13947,139
SBT,02. Solicitação fevereiro 2024.xls,Relatório Solicitação,,,,,,DIVERSAS,,,DIVERSAS,,,,,,,17,0
SBT,02. Solicitação fevereiro 2024.xls,Relatório Solicitação,,,,,,WARNER CHAPPELL EDIÇÕES MUSICAIS LTDA,,,WARNER CHAPPELL EDIÇÕES MUSICAIS LTDA,,,,,,,27877,279
SBT,02. Solicitação fevereiro 2024.xls,Relatório Solicitação,,,,,,SONY MUSIC PUBLISHING (BRASIL) EDIÇÕES MUSICAIS LTDA,,,SONY MUSIC PUBLISHING (BRASIL) EDIÇÕES MUSICAIS LTDA,,,,,,,41824,418
SBT,02. Solicitação fevereiro 2024.xls,Relatório Solicitação,,,,,,WARNER CHAPPELL EDIÇÕES MUSICAIS LTDA,,,WARNER CHAPPELL EDIÇÕES MUSICAIS LTDA,,,,,,,83665,837
SBT,02. Solicitação fevereiro 2024.xls,Relatório Solicitação,,,,,,UNIVERSAL MUSIC PUBLISHING MGB BRASIL LTDA,,,UNIVERSAL MUSIC PUBLISHING MGB BRASIL LTDA,,,,,,,83665,837
SBT,02. Solicitação fevereiro 2024.xls,Relatório Solicitação,,,,,,PEERMUSIC DO BRASIL EDIÇÕES MUSICAIS LTDA,,,PEERMUSIC DO BRASIL EDIÇÕES MUSICAIS LTDA,,,,,,,83665,837
SBT,02. Solicitação fevereiro 2024.xls,Relatório Solicitação,,,,,,SONY MUSIC PUBLISHING (BRASIL) EDIÇÕES MUSICAIS LTDA,,,SONY MUSIC PUBLISHING (BRASIL) EDIÇÕES MUSICAIS LTDA,,,,,,,83665,837
SBT,02. Solicitação fevereiro 2024.xls,Relatório Solicitação,,,,,,SM PUBLISHING (BRASIL) EDIÇÕES MUSICAIS LTDA,,,SM PUBLISHING (BRASIL) EDIÇÕES MUSICAIS LTDA,,,,,,,167331,1673
SBT,02. Solicitação fevereiro 2024.xls,Relatório Solicitação,,,,,,PEERMUSIC DO BRASIL EDIÇÕES MUSICAIS LTDA,,,PEERMUSIC DO BRASIL EDIÇÕES MUSICAIS LTDA,,,,,,,83665,837
SBT,02. Solicitação fevereiro 2024.xls,Relatório Solicitação,,,,,,SONY MUSIC PUBLISHING (BRASIL) EDIÇÕES MUSICAIS LTDA,,,SONY MUSIC PUBLISHING (BRASIL) EDIÇÕES MUSICAIS LTDA,,,,,,,83665,837
SBT,02. Solicitação fevereiro 2024.xls,Relatório Solicitação,,,,,,DIVERSAS,,,DIVERSAS,,,,,,,167331,1673
SBT,02. Solicitação fevereiro 2024.xls,Relatório Solicitação,,,,,,DIVERSAS,,,DIVERSAS,,,,,,,167331,1673
SBT,02. Solicitação fevereiro 2024.xls,Relatório Solicitação,,,,,,DIVERSAS,,,DIVERSAS,,,,,,,167331,1673
SBT,02. Solicitação fevereiro 2024.xls,Relatório Solicitação,,,,,,DIVERSAS,,,DIVERSAS,,,,,,,167331,1673
SBT,02. Solicitação fevereiro 2024.xls,Relatório Solicitação,,,,,,DIVERSAS,,,DIVERSAS,,,,,,,167331,1673
SBT,02. Solicitação fevereiro 2024.xls,Relatório Solicitação,,,,,,WARNER CHAPPELL EDIÇÕES MUSICAIS LTDA,,,WARNER CHAPPELL EDIÇÕES MUSICAIS LTDA,,,,,,,20916,209
SBT,02. Solicitação fevereiro 2024.xls,Relatório Solicitação,,,,,,DIVERSAS,,,DIVERSAS,,,,,,,146415,1464
SBT,02. Solicitação fevereiro 2024.xls,Relatório Solicitação,,,,,,DIVERSAS,,,DIVERSAS,,,,,,,167331,1673
SBT,02. Solicitação fevereiro 2024.xls,Relatório Solicitação,,,,,,DIVERSAS,,,DIVERSAS,,,,,,,83665,837
SBT,02. Solicitação fevereiro 2024.xls,Relatório Solicitação,,,,,,DIVERSAS,,,DIVERSAS,,,,,,,167331,1673
SBT,02. Solicitação fevereiro 2024.xls,Relatório Solicitação,,,,,,DIVERSAS,,,DIVERSAS,,,,,,,83665,837
SBT,02. Solicitação fevereiro 2024.xls,Relatório Solicitação,,,,,,DIVERSAS,,,DIVERSAS,,,,,,,167331,1673
SBT,02. Solicitação fevereiro 2024.xls,Relatório Solicitação,,,,,,DIVERSAS,,,DIVERSAS,,,,,,,167331,1673
SBT,02. Solicitação fevereiro 2024.xls,Relatório Solicitação,,,,,,DIVERSAS,,,DIVERSAS,,,,,,,167331,1673
SBT,02. Solicitação fevereiro 2024.xls,Relatório Solicitação,,,,,,DIVERSAS,,,DIVERSAS,,,,,,,167331,1673
SBT,02. Solicitação fevereiro 2024.xls,Relatório Solicitação,,,,,,DIVERSAS,,,DIVERSAS,,,,,,,167331,1673
SBT,02. Solicitação fevereiro 2024.xls,Relatório Solicitação,,,,,,DIVERSAS,,,DIVERSAS,,,,,,,83665,837
SBT,02. Solicitação fevereiro 2024.xls,Relatório Solicitação,,,,,,DIVERSAS,,,DIVERSAS,,,,,,,83665,837
SBT,02. Solicitação fevereiro 2024.xls,Relatório Solicitação,,,,,,DIVERSAS,,,DIVERSAS,,,,,,,83665,837
SBT,02. Solicitação fevereiro 2024.xls,Relatório Solicitação,,,,,,DIVERSAS,,,DIVERSAS,,,,,,,167331,1673
SBT,02. Solicitação fevereiro 2024.xls,Relatório Solicitação,,,,,,WARNER CHAPPELL EDIÇÕES MUSICAIS LTDA,,,WARNER CHAPPELL EDIÇÕES MUSICAIS LTDA,,,,,,,8366,84
SBT,02. Solicitação fevereiro 2024.xls,Relatório Solicitação,,,,,,WORK SHOW EDITORA E PRODUÇÕES MUSICAIS LTDA - ME,,,WORK SHOW EDITORA E PRODUÇÕES MUSICAIS LTDA - ME,,,,,,,4183,42
SBT,02. Solicitação fevereiro 2024.xls,Relatório Solicitação,,,,,,DIVERSAS,,,DIVERSAS,,,,,,,71115,711
SBT,02. Solicitação fevereiro 2024.xls,Relatório Solicitação,,,,,,WARNER CHAPPELL EDIÇÕES MUSICAIS LTDA,,,WARNER CHAPPELL EDIÇÕES MUSICAIS LTDA,,,,,,,16733,167
SBT,02. Solicitação fevereiro 2024.xls,Relatório Solicitação,,,,,,WORK SHOW EDITORA E PRODUÇÕES MUSICAIS LTDA - ME,,,WORK SHOW EDITORA E PRODUÇÕES MUSICAIS LTDA - ME,,,,,,,8367,84
SBT,02. Solicitação fevereiro 2024.xls,Relatório Solicitação,,,,,,DIVERSAS,,,DIVERSAS,,,,,,,142231,1422
SBT,02. Solicitação fevereiro 2024.xls,Relatório Solicitação,,,,,,UNIVERSAL MUSIC PUBLISHING MGB BRASIL LTDA,,,UNIVERSAL MUSIC PUBLISHING MGB BRASIL LTDA,,,,,,,20916,209
SBT,02. Solicitação fevereiro 2024.xls,Relatório Solicitação,,,,,,DIVERSAS,,,DIVERSAS,,,,,,,146415,1464
SBT,02. Solicitação fevereiro 2024.xls,Relatório Solicitação,,,,,,DIVERSAS,,,DIVERSAS,,,,,,,167331,1673
SBT,02. Solicitação fevereiro 2024.xls,Relatório Solicitação,,,,,,WORK SHOW EDITORA E PRODUÇÕES MUSICAIS LTDA - ME,,,WORK SHOW EDITORA E PRODUÇÕES MUSICAIS LTDA - ME,,,,,,,13386,134
SBT,02. Solicitação fevereiro 2024.xls,Relatório Solicitação,,,,,,DIVERSAS,,,DIVERSAS,,,,,,,153945,1539
SBT,02. Solicitação fevereiro 2024.xls,Relatório Solicitação,,,,,,DIVERSAS,,,DIVERSAS,,,,,,,167331,1673
SBT,02. Solicitação fevereiro 2024.xls,Relatório Solicitação,,,,,,DIVERSAS,,,DIVERSAS,,,,,,,167331,1673
SBT,02. Solicitação fevereiro 2024.xls,Relatório Solicitação,,,,,,DIVERSAS,,,DIVERSAS,,,,,,,167331,1673
SBT,02. Solicitação fevereiro 2024.xls,Relatório Solicitação,,,,,,DIVERSAS,,,DIVERSAS,,,,,,,167331,1673
SBT,02. Solicitação fevereiro 2024.xls,Relatório Solicitação,,,,,,DIVERSAS,,,DIVERSAS,,,,,,,167331,1673
SBT,02. Solicitação fevereiro 2024.xls,Relatório Solicitação,,,,,,DIVERSAS,,,DIVERSAS,,,,,,,167331,1673
SBT,02. Solicitação fevereiro 2024.xls,Relatório Solicitação,,,,,,EDITORA ADORANDO LTDA.,,,EDITORA ADORANDO LTDA.,,,,,,,78192,782
SBT,02. Solicitação fevereiro 2024.xls,Relatório Solicitação,,,,,,WARNER CHAPPELL EDIÇÕES MUSICAIS LTDA,,,WARNER CHAPPELL EDIÇÕES MUSICAIS LTDA,,,,,,,39096,391
SBT,02. Solicitação fevereiro 2024.xls,Relatório Solicitação,,,,,,SM PUBLISHING (BRASIL) EDIÇÕES MUSICAIS LTDA,,,SM PUBLISHING (BRASIL) EDIÇÕES MUSICAIS LTDA,,,,,,,39096,391
SBT,02. Solicitação fevereiro 2024.xls,Relatório Solicitação,,,,,,DIVERSAS,,,DIVERSAS,,,,,,,29322,293
SBT,02. Solicitação fevereiro 2024.xls,Relatório Solicitação,,,,,,SONY MUSIC PUBLISHING (BRASIL) EDIÇÕES MUSICAIS LTDA,,,SONY MUSIC PUBLISHING (BRASIL) EDIÇÕES MUSICAIS LTDA,,,,,,,9774,98
SBT,02. Solicitação fevereiro 2024.xls,Relatório Solicitação,,,,,,WARNER CHAPPELL EDIÇÕES MUSICAIS LTDA,,,WARNER CHAPPELL EDIÇÕES MUSICAIS LTDA,,,,,,,39096,391
SBT,02. Solicitação fevereiro 2024.xls,Relatório Solicitação,,,,,,UNIVERSAL MUSIC PUBLISHING MGB BRASIL LTDA,,,UNIVERSAL MUSIC PUBLISHING MGB BRASIL LTDA,,,,,,,39096,391
SBT,02. Solicitação fevereiro 2024.xls,Relatório Solicitação,,,,,,DIVERSAS,,,DIVERSAS,,,,,,,39096,391
SBT,02. Solicitação fevereiro 2024.xls,Relatório Solicitação,,,,,,IRMÃOS VITALE EDITORES LTDA,,,IRMÃOS VITALE EDITORES LTDA,,,,,,,83665,837
SBT,02. Solicitação fevereiro 2024.xls,Relatório Solicitação,,,,,,BMG RIGHTS MANAGEMENT BRASIL LTDA,,,BMG RIGHTS MANAGEMENT BRASIL LTDA,,,,,,,13947,139
SBT,02. Solicitação fevereiro 2024.xls,Relatório Solicitação,,,,,,DIVERSAS,,,DIVERSAS,,,,,,,17,0
SBT,02. Solicitação fevereiro 2024.xls,Relatório Solicitação,,,,,,WARNER CHAPPELL EDIÇÕES MUSICAIS LTDA,,,WARNER CHAPPELL EDIÇÕES MUSICAIS LTDA,,,,,,,27877,279
SBT,02. Solicitação fevereiro 2024.xls,Relatório Solicitação,,,,,,SONY MUSIC PUBLISHING (BRASIL) EDIÇÕES MUSICAIS LTDA,,,SONY MUSIC PUBLISHING (BRASIL) EDIÇÕES MUSICAIS LTDA,,,,,,,41824,418
SBT,02. Solicitação fevereiro 2024.xls,Relatório Solicitação,,,,,,UNIVERSAL MUSIC PUBLISHING MGB BRASIL LTDA,,,UNIVERSAL MUSIC PUBLISHING MGB BRASIL LTDA,,,,,,,83665,837
SBT,02. Solicitação fevereiro 2024.xls,Relatório Solicitação,,,,,,SONY MUSIC PUBLISHING (BRASIL) EDIÇÕES MUSICAIS LTDA,,,SONY MUSIC PUBLISHING (BRASIL) EDIÇÕES MUSICAIS LTDA,,,,,,,83665,837
SBT,02. Solicitação fevereiro 2024.xls,Relatório Solicitação,,,,,,UNIVERSAL MUSIC PUBLISHING MGB BRASIL LTDA,,,UNIVERSAL MUSIC PUBLISHING MGB BRASIL LTDA,,,,,,,41832,418
SBT,02. Solicitação fevereiro 2024.xls,Relatório Solicitação,,,,,,IESSI MUSIC LABEL LTDA,,,IESSI MUSIC LABEL LTDA,,,,,,,41832,418
SBT,02. Solicitação fevereiro 2024.xls,Relatório Solicitação,,,,,,UNIVERSAL MUSIC PUBLISHING MGB BRASIL LTDA,,,UNIVERSAL MUSIC PUBLISHING MGB BRASIL LTDA,,,,,,,9203,92
SBT,02. Solicitação fevereiro 2024.xls,Relatório Solicitação,,,,,,NOSSAMÚSICA PRODUÇÕES E EDIÇÕES MUSICAIS LTDA,,,NOSSAMÚSICA PRODUÇÕES E EDIÇÕES MUSICAIS LTDA,,,,,,,74462,745
SBT,02. Solicitação fevereiro 2024.xls,Relatório Solicitação,,,,,,SONY MUSIC PUBLISHING (BRASIL) EDIÇÕES MUSICAIS LTDA,,,SONY MUSIC PUBLISHING (BRASIL) EDIÇÕES MUSICAIS LTDA,,,,,,,83665,837
SBT,02. Solicitação fevereiro 2024.xls,Relatório Solicitação,,,,,,ADDAF - ASS. DEF. DIREITOS AUTORAIS FONOMECÂNICOS,,,ADDAF - ASS. DEF. DIREITOS AUTORAIS FONOMECÂNICOS,,,,,,,83665,837
SBT,02. Solicitação fevereiro 2024.xls,Relatório Solicitação,,,,,,DIVERSAS,,,DIVERSAS,,,,,,,41832,418
SBT,02. Solicitação fevereiro 2024.xls,Relatório Solicitação,,,,,,BAIUCA DISCOS LTDA,,,BAIUCA DISCOS LTDA,,,,,,,41832,418
SBT,02. Solicitação fevereiro 2024.xls,Relatório Solicitação,,,,,,EDITORA MUSICAL CORISCO LTDA,,,EDITORA MUSICAL CORISCO LTDA,,,,,,,83666,837
SBT,02. Solicitação fevereiro 2024.xls,Relatório Solicitação,,,,,,DIVERSAS,,,DIVERSAS,,,,,,,83666,837
SBT,02. Solicitação fevereiro 2024.xls,Relatório Solicitação,,,,,,DIVERSAS,,,DIVERSAS,,,,,,,83665,837
SBT,02. Solicitação fevereiro 2024.xls,Relatório Solicitação,,,,,,DIVERSAS,,,DIVERSAS,,,,,,,83665,837
SBT,02. Solicitação fevereiro 2024.xls,Relatório Solicitação,,,,,,PEERMUSIC DO BRASIL EDIÇÕES MUSICAIS LTDA,,,PEERMUSIC DO BRASIL EDIÇÕES MUSICAIS LTDA,,,,,,,83665,837
SBT,02. Solicitação fevereiro 2024.xls,Relatório Solicitação,,,,,,UNIVERSAL MUSIC PUBLISHING MGB BRASIL LTDA,,,UNIVERSAL MUSIC PUBLISHING MGB BRASIL LTDA,,,,,,,83665,837
SBT,02. Solicitação fevereiro 2024.xls,Relatório Solicitação,,,,,,SONY MUSIC PUBLISHING (BRASIL) EDIÇÕES MUSICAIS LTDA,,,SONY MUSIC PUBLISHING (BRASIL) EDIÇÕES MUSICAIS LTDA,,,,,,,83665,837
SBT,02. Solicitação fevereiro 2024.xls,Relatório Solicitação,,,,,,EDITORA E IMPORTADORA MUSICAL FERMATA DO BRASIL LTDA,,,EDITORA E IMPORTADORA MUSICAL FERMATA DO BRASIL LTDA,,,,,,,167331,1673
SBT,02. Solicitação fevereiro 2024.xls,Relatório Solicitação,,,,,,SONY MUSIC PUBLISHING (BRASIL) EDIÇÕES MUSICAIS LTDA,,,SONY MUSIC PUBLISHING (BRASIL) EDIÇÕES MUSICAIS LTDA,,,,,,,167331,1673
SBT,02. Solicitação fevereiro 2024.xls,Relatório Solicitação,,,,,,ADDAF - ASS. DEF. DIREITOS AUTORAIS FONOMECÂNICOS,,,ADDAF - ASS. DEF. DIREITOS AUTORAIS FONOMECÂNICOS,,,,,,,167331,1673
SBT,02. Solicitação fevereiro 2024.xls,Relatório Solicitação,,,,,,UNIVERSAL MUSIC PUBLISHING MGB BRASIL LTDA,,,UNIVERSAL MUSIC PUBLISHING MGB BRASIL LTDA,,,,,,,83666,837
SBT,02. Solicitação fevereiro 2024.xls,Relatório Solicitação,,,,,,SONY MUSIC PUBLISHING (BRASIL) EDIÇÕES MUSICAIS LTDA,,,SONY MUSIC PUBLISHING (BRASIL) EDIÇÕES MUSICAIS LTDA,,,,,,,83666,837
SBT,02. Solicitação fevereiro 2024.xls,Relatório Solicitação,,,,,,WARNER CHAPPELL EDIÇÕES MUSICAIS LTDA,,,WARNER CHAPPELL EDIÇÕES MUSICAIS LTDA,,,,,,,83665,837
SBT,02. Solicitação fevereiro 2024.xls,Relatório Solicitação,,,,,,DIVERSAS,,,DIVERSAS,,,,,,,78192,782
SBT,02. Solicitação fevereiro 2024.xls,Relatório Solicitação,,,,,,DIVERSAS,,,DIVERSAS,,,,,,,78192,782
SBT,02. Solicitação fevereiro 2024.xls,Relatório Solicitação,,,,,,UNIVERSAL MUSIC PUBLISHING MGB BRASIL LTDA,,,UNIVERSAL MUSIC PUBLISHING MGB BRASIL LTDA,,,,,,,41832,418
SBT,02. Solicitação fevereiro 2024.xls,Relatório Solicitação,,,,,,SONY MUSIC PUBLISHING (BRASIL) EDIÇÕES MUSICAIS LTDA,,,SONY MUSIC PUBLISHING (BRASIL) EDIÇÕES MUSICAIS LTDA,,,,,,,41832,418
SBT,02. Solicitação fevereiro 2024.xls,Relatório Solicitação,,,,,,EDITORA MUSICAL PANTTANAL LTDA,,,EDITORA MUSICAL PANTTANAL LTDA,,,,,,,83665,837
SBT,02. Solicitação fevereiro 2024.xls,Relatório Solicitação,,,,,,EDITORA MUSICAL PANTTANAL LTDA,,,EDITORA MUSICAL PANTTANAL LTDA,,,,,,,83665,837
SBT,02. Solicitação fevereiro 2024.xls,Relatório Solicitação,,,,,,UNIVERSAL MUSIC PUBLISHING MGB BRASIL LTDA,,,UNIVERSAL MUSIC PUBLISHING MGB BRASIL LTDA,,,,,,,41832,418
SBT,02. Solicitação fevereiro 2024.xls,Relatório Solicitação,,,,,,SONY MUSIC PUBLISHING (BRASIL) EDIÇÕES MUSICAIS LTDA,,,SONY MUSIC PUBLISHING (BRASIL) EDIÇÕES MUSICAIS LTDA,,,,,,,41832,418
SBT,02. Solicitação fevereiro 2024.xls,Relatório Solicitação,,,,,,DIVERSAS,,,DIVERSAS,,,,,,,41832,418
SBT,02. Solicitação fevereiro 2024.xls,Relatório Solicitação,,,,,,BMG RIGHTS MANAGEMENT BRASIL LTDA,,,BMG RIGHTS MANAGEMENT BRASIL LTDA,,,,,,,41832,418
SBT,02. Solicitação fevereiro 2024.xls,Relatório Solicitação,,,,,,MUSICAL PRODUÇÕES GOSPEL LTDA,,,MUSICAL PRODUÇÕES GOSPEL LTDA,,,,,,,50199,502
SBT,02. Solicitação fevereiro 2024.xls,Relatório Solicitação,,,,,,ABRAMUS DIGITAL SERV. IDENT. REPERTÓRIO,,,ABRAMUS DIGITAL SERV. IDENT. REPERTÓRIO,,,,,,,33466,335
SBT,02. Solicitação fevereiro 2024.xls,Relatório Solicitação,,,,,,UNIVERSAL MUSIC PUBLISHING MGB BRASIL LTDA,,,UNIVERSAL MUSIC PUBLISHING MGB BRASIL LTDA,,,,,,,27886,279
SBT,02. Solicitação fevereiro 2024.xls,Relatório Solicitação,,,,,,DIVERSAS,,,DIVERSAS,,,,,,,55779,558
SBT,02. Solicitação fevereiro 2024.xls,Relatório Solicitação,,,,,,IRMÃOS VITALE EDITORES LTDA,,,IRMÃOS VITALE EDITORES LTDA,,,,,,,83665,837
SBT,02. Solicitação fevereiro 2024.xls,Relatório Solicitação,,,,,,DIVERSAS,,,DIVERSAS,,,,,,,83665,837
SBT,02. Solicitação fevereiro 2024.xls,Relatório Solicitação,,,,,,EDITORA MUSICAL PANTTANAL LTDA,,,EDITORA MUSICAL PANTTANAL LTDA,,,,,,,27894,279
SBT,02. Solicitação fevereiro 2024.xls,Relatório Solicitação,,,,,,DIVERSAS,,,DIVERSAS,,,,,,,39038,390
SBT,02. Solicitação fevereiro 2024.xls,Relatório Solicitação,,,,,,WARNER CHAPPELL EDIÇÕES MUSICAIS LTDA,,,WARNER CHAPPELL EDIÇÕES MUSICAIS LTDA,,,,,,,16733,167
SBT,02. Solicitação fevereiro 2024.xls,Relatório Solicitação,,,,,,DIVERSAS,,,DIVERSAS,,,,,,,167331,1673
SBT,02. Solicitação fevereiro 2024.xls,Relatório Solicitação,,,,,,SONY MUSIC PUBLISHING (BRASIL) EDIÇÕES MUSICAIS LTDA,,,SONY MUSIC PUBLISHING (BRASIL) EDIÇÕES MUSICAIS LTDA,,,,,,,83665,837
SBT,02. Solicitação fevereiro 2024.xls,Relatório Solicitação,,,,,,UNIVERSAL MUSIC PUBLISHING MGB BRASIL LTDA,,,UNIVERSAL MUSIC PUBLISHING MGB BRASIL LTDA,,,,,,,55779,558
SBT,02. Solicitação fevereiro 2024.xls,Relatório Solicitação,,,,,,SONY MUSIC PUBLISHING (BRASIL) EDIÇÕES MUSICAIS LTDA,,,SONY MUSIC PUBLISHING (BRASIL) EDIÇÕES MUSICAIS LTDA,,,,,,,27886,279
SBT,02. Solicitação fevereiro 2024.xls,Relatório Solicitação,,,,,,DIVERSAS,,,DIVERSAS,,,,,,,83665,837
SBT,02. Solicitação fevereiro 2024.xls,Relatório Solicitação,,,,,,WARNER CHAPPELL EDIÇÕES MUSICAIS LTDA,,,WARNER CHAPPELL EDIÇÕES MUSICAIS LTDA,,,,,,,41832,418
SBT,02. Solicitação fevereiro 2024.xls,Relatório Solicitação,,,,,,DIVERSAS,,,DIVERSAS,,,,,,,41832,418
SBT,02. Solicitação fevereiro 2024.xls,Relatório Solicitação,,,,,,UNIVERSAL MUSIC PUBLISHING MGB BRASIL LTDA,,,UNIVERSAL MUSIC PUBLISHING MGB BRASIL LTDA,,,,,,,27894,279
SBT,02. Solicitação fevereiro 2024.xls,Relatório Solicitação,,,,,,DECK PRODUÇÕES ARTÍSTICAS LTDA,,,DECK PRODUÇÕES ARTÍSTICAS LTDA,,,,,,,55771,558
SBT,02. Solicitação fevereiro 2024.xls,Relatório Solicitação,,,,,,UNIVERSAL MUSIC PUBLISHING MGB BRASIL LTDA,,,UNIVERSAL MUSIC PUBLISHING MGB BRASIL LTDA,,,,,,,27894,279
SBT,02. Solicitação fevereiro 2024.xls,Relatório Solicitação,,,,,,DIVERSAS,,,DIVERSAS,,,,,,,27886,279
SBT,02. Solicitação fevereiro 2024.xls,Relatório Solicitação,,,,,,WARNER CHAPPELL EDIÇÕES MUSICAIS LTDA,,,WARNER CHAPPELL EDIÇÕES MUSICAIS LTDA,,,,,,,27886,279
SBT,02. Solicitação fevereiro 2024.xls,Relatório Solicitação,,,,,,GEMA EDITORA COMÉRCIO E DISTRIBUIÇÃO EIRELLI - EPP,,,GEMA EDITORA COMÉRCIO E DISTRIBUIÇÃO EIRELLI - EPP,,,,,,,83665,837
SBT,02. Solicitação fevereiro 2024.xls,Relatório Solicitação,,,,,,WARNER CHAPPELL EDIÇÕES MUSICAIS LTDA,,,WARNER CHAPPELL EDIÇÕES MUSICAIS LTDA,,,,,,,83665,837
SBT,02. Solicitação fevereiro 2024.xls,Relatório Solicitação,,,,,,DIVERSAS,,,DIVERSAS,,,,,,,41832,418
SBT,02. Solicitação fevereiro 2024.xls,Relatório Solicitação,,,,,,ABRAMUS DIGITAL SERV. IDENT. REPERTÓRIO,,,ABRAMUS DIGITAL SERV. IDENT. REPERTÓRIO,,,,,,,20916,209
SBT,02. Solicitação fevereiro 2024.xls,Relatório Solicitação,,,,,,WARNER CHAPPELL EDIÇÕES MUSICAIS LTDA,,,WARNER CHAPPELL EDIÇÕES MUSICAIS LTDA,,,,,,,20916,209
SBT,02. Solicitação fevereiro 2024.xls,Relatório Solicitação,,,,,,DIVERSAS,,,DIVERSAS,,,,,,,68605,686
SBT,02. Solicitação fevereiro 2024.xls,Relatório Solicitação,,,,,,PEERMUSIC DO BRASIL EDIÇÕES MUSICAIS LTDA,,,PEERMUSIC DO BRASIL EDIÇÕES MUSICAIS LTDA,,,,,,,15060,151
SBT,02. Solicitação fevereiro 2024.xls,Relatório Solicitação,,,,,,DIVERSAS,,,DIVERSAS,,,,,,,83665,837
SBT,02. Solicitação fevereiro 2024.xls,Relatório Solicitação,,,,,,UNIVERSAL MUSIC PUBLISHING MGB BRASIL LTDA,,,UNIVERSAL MUSIC PUBLISHING MGB BRASIL LTDA,,,,,,,16733,167
SBT,02. Solicitação fevereiro 2024.xls,Relatório Solicitação,,,,,,IESSI MUSIC LABEL LTDA,,,IESSI MUSIC LABEL LTDA,,,,,,,66932,669
SBT,02. Solicitação fevereiro 2024.xls,Relatório Solicitação,,,,,,DIVERSAS,,,DIVERSAS,,,,,,,83665,837
SBT,02. Solicitação fevereiro 2024.xls,Relatório Solicitação,,,,,,SONY MUSIC PUBLISHING (BRASIL) EDIÇÕES MUSICAIS LTDA,,,SONY MUSIC PUBLISHING (BRASIL) EDIÇÕES MUSICAIS LTDA,,,,,,,83665,837
SBT,02. Solicitação fevereiro 2024.xls,Relatório Solicitação,,,,,,UNIVERSAL MUSIC PUBLISHING MGB BRASIL LTDA,,,UNIVERSAL MUSIC PUBLISHING MGB BRASIL LTDA,,,,,,,83665,837
SBT,02. Solicitação fevereiro 2024.xls,Relatório Solicitação,,,,,,UNIVERSAL MUSIC PUBLISHING MGB BRASIL LTDA,,,UNIVERSAL MUSIC PUBLISHING MGB BRASIL LTDA,,,,,,,33466,335
SBT,02. Solicitação fevereiro 2024.xls,Relatório Solicitação,,,,,,DIVERSAS,,,DIVERSAS,,,,,,,133865,1339
SBT,02. Solicitação fevereiro 2024.xls,Relatório Solicitação,,,,,,WORK SHOW EDITORA E PRODUÇÕES MUSICAIS LTDA - ME,,,WORK SHOW EDITORA E PRODUÇÕES MUSICAIS LTDA - ME,,,,,,,13955,140
SBT,02. Solicitação fevereiro 2024.xls,Relatório Solicitação,,,,,,DIVERSAS,,,DIVERSAS,,,,,,,153376,1534
SBT,02. Solicitação fevereiro 2024.xls,Relatório Solicitação,,,,,,UNIVERSAL MUSIC PUBLISHING MGB BRASIL LTDA,,,UNIVERSAL MUSIC PUBLISHING MGB BRASIL LTDA,,,,,,,167331,1673
SBT,02. Solicitação fevereiro 2024.xls,Relatório Solicitação,,,,,,ABRAMUS DIGITAL SERV. IDENT. REPERTÓRIO,,,ABRAMUS DIGITAL SERV. IDENT. REPERTÓRIO,,,,,,,125498,1255
SBT,02. Solicitação fevereiro 2024.xls,Relatório Solicitação,,,,,,WARNER CHAPPELL EDIÇÕES MUSICAIS LTDA,,,WARNER CHAPPELL EDIÇÕES MUSICAIS LTDA,,,,,,,41833,418
SBT,02. Solicitação fevereiro 2024.xls,Relatório Solicitação,,,,,,BMG RIGHTS MANAGEMENT BRASIL LTDA,,,BMG RIGHTS MANAGEMENT BRASIL LTDA,,,,,,,41833,418
SBT,02. Solicitação fevereiro 2024.xls,Relatório Solicitação,,,,,,ROCKING GORILLA MUSIC LTDA,,,ROCKING GORILLA MUSIC LTDA,,,,,,,41833,418
SBT,02. Solicitação fevereiro 2024.xls,Relatório Solicitação,,,,,,WARNER CHAPPELL EDIÇÕES MUSICAIS LTDA,,,WARNER CHAPPELL EDIÇÕES MUSICAIS LTDA,,,,,,,83666,837
SBT,02. Solicitação fevereiro 2024.xls,Relatório Solicitação,,,,,,UNIVERSAL MUSIC PUBLISHING MGB BRASIL LTDA,,,UNIVERSAL MUSIC PUBLISHING MGB BRASIL LTDA,,,,,,,41833,418
SBT,02. Solicitação fevereiro 2024.xls,Relatório Solicitação,,,,,,BMG RIGHTS MANAGEMENT BRASIL LTDA,,,BMG RIGHTS MANAGEMENT BRASIL LTDA,,,,,,,41833,418
SBT,02. Solicitação fevereiro 2024.xls,Relatório Solicitação,,,,,,DIVERSAS,,,DIVERSAS,,,,,,,41833,418
SBT,02. Solicitação fevereiro 2024.xls,Relatório Solicitação,,,,,,WORK SHOW EDITORA E PRODUÇÕES MUSICAIS LTDA - ME,,,WORK SHOW EDITORA E PRODUÇÕES MUSICAIS LTDA - ME,,,,,,,41833,418
SBT,02. Solicitação fevereiro 2024.xls,Relatório Solicitação,,,,,,DIVERSAS,,,DIVERSAS,,,,,,,83666,837
SBT,02. Solicitação fevereiro 2024.xls,Relatório Solicitação,,,,,,DECK PRODUÇÕES ARTÍSTICAS LTDA,,,DECK PRODUÇÕES ARTÍSTICAS LTDA,,,,,,,83666,837
SBT,02. Solicitação fevereiro 2024.xls,Relatório Solicitação,,,,,,SONY MUSIC PUBLISHING (BRASIL) EDIÇÕES MUSICAIS LTDA,,,SONY MUSIC PUBLISHING (BRASIL) EDIÇÕES MUSICAIS LTDA,,,,,,,117132,1171
SBT,02. Solicitação fevereiro 2024.xls,Relatório Solicitação,,,,,,ABRAMUS DIGITAL SERV. IDENT. REPERTÓRIO,,,ABRAMUS DIGITAL SERV. IDENT. REPERTÓRIO,,,,,,,50199,502
SBT,02. Solicitação fevereiro 2024.xls,Relatório Solicitação,,,,,,DIVERSAS,,,DIVERSAS,,,,,,,125498,1255
SBT,02. Solicitação fevereiro 2024.xls,Relatório Solicitação,,,,,,ABRAMUS DIGITAL SERV. IDENT. REPERTÓRIO,,,ABRAMUS DIGITAL SERV. IDENT. REPERTÓRIO,,,,,,,41833,418
SBT,02. Solicitação fevereiro 2024.xls,Relatório Solicitação,,,,,,UNIVERSAL MUSIC PUBLISHING MGB BRASIL LTDA,,,UNIVERSAL MUSIC PUBLISHING MGB BRASIL LTDA,,,,,,,27877,279
SBT,02. Solicitação fevereiro 2024.xls,Relatório Solicitação,,,,,,WARNER CHAPPELL EDIÇÕES MUSICAIS LTDA,,,WARNER CHAPPELL EDIÇÕES MUSICAIS LTDA,,,,,,,139454,1395
SBT,02. Solicitação fevereiro 2024.xls,Relatório Solicitação,,,,,,DIVERSAS,,,DIVERSAS,,,,,,,167331,1673
SBT,02. Solicitação fevereiro 2024.xls,Relatório Solicitação,,,,,,DIVERSAS,,,DIVERSAS,,,,,,,167331,1673
SBT,02. Solicitação fevereiro 2024.xls,Relatório Solicitação,,,,,,UNIVERSAL MUSIC PUBLISHING MGB BRASIL LTDA,,,UNIVERSAL MUSIC PUBLISHING MGB BRASIL LTDA,,,,,,,167331,1673
SBT,02. Solicitação fevereiro 2024.xls,Relatório Solicitação,,,,,,SONY MUSIC PUBLISHING (BRASIL) EDIÇÕES MUSICAIS LTDA,,,SONY MUSIC PUBLISHING (BRASIL) EDIÇÕES MUSICAIS LTDA,,,,,,,83666,837
SBT,02. Solicitação fevereiro 2024.xls,Relatório Solicitação,,,,,,WARNER CHAPPELL EDIÇÕES MUSICAIS LTDA,,,WARNER CHAPPELL EDIÇÕES MUSICAIS LTDA,,,,,,,83666,837
SBT,02. Solicitação fevereiro 2024.xls,Relatório Solicitação,,,,,,DIVERSAS,,,DIVERSAS,,,,,,,167331,1673
SBT,02. Solicitação fevereiro 2024.xls,Relatório Solicitação,,,,,,ADDAF - ASS. DEF. DIREITOS AUTORAIS FONOMECÂNICOS,,,ADDAF - ASS. DEF. DIREITOS AUTORAIS FONOMECÂNICOS,,,,,,,83666,837
SBT,02. Solicitação fevereiro 2024.xls,Relatório Solicitação,,,,,,UNIVERSAL MUSIC PUBLISHING MGB BRASIL LTDA,,,UNIVERSAL MUSIC PUBLISHING MGB BRASIL LTDA,,,,,,,83666,837
SBT,02. Solicitação fevereiro 2024.xls,Relatório Solicitação,,,,,,MEGA PRODUÇÕES ARTISTICAS LTDA,,,MEGA PRODUÇÕES ARTISTICAS LTDA,,,,,,,111543,1115
SBT,02. Solicitação fevereiro 2024.xls,Relatório Solicitação,,,,,,SONY MUSIC PUBLISHING (BRASIL) EDIÇÕES MUSICAIS LTDA,,,SONY MUSIC PUBLISHING (BRASIL) EDIÇÕES MUSICAIS LTDA,,,,,,,55788,558
SBT,02. Solicitação fevereiro 2024.xls,Relatório Solicitação,,,,,,WARNER CHAPPELL EDIÇÕES MUSICAIS LTDA,,,WARNER CHAPPELL EDIÇÕES MUSICAIS LTDA,,,,,,,167331,1673
SBT,02. Solicitação fevereiro 2024.xls,Relatório Solicitação,,,,,,SONY MUSIC PUBLISHING (BRASIL) EDIÇÕES MUSICAIS LTDA,,,SONY MUSIC PUBLISHING (BRASIL) EDIÇÕES MUSICAIS LTDA,,,,,,,167331,1673
SBT,02. Solicitação fevereiro 2024.xls,Relatório Solicitação,,,,,,EDITORA MUSICAL PANTTANAL LTDA,,,EDITORA MUSICAL PANTTANAL LTDA,,,,,,,167331,1673
SBT,02. Solicitação fevereiro 2024.xls,Relatório Solicitação,,,,,,UNIVERSAL MUSIC PUBLISHING MGB BRASIL LTDA,,,UNIVERSAL MUSIC PUBLISHING MGB BRASIL LTDA,,,,,,,83666,837
SBT,02. Solicitação fevereiro 2024.xls,Relatório Solicitação,,,,,,WARNER CHAPPELL EDIÇÕES MUSICAIS LTDA,,,WARNER CHAPPELL EDIÇÕES MUSICAIS LTDA,,,,,,,83666,837
SBT,02. Solicitação fevereiro 2024.xls,Relatório Solicitação,,,,,,WARNER CHAPPELL EDIÇÕES MUSICAIS LTDA,,,WARNER CHAPPELL EDIÇÕES MUSICAIS LTDA,,,,,,,83665,837
SBT,02. Solicitação fevereiro 2024.xls,Relatório Solicitação,,,,,,DIVERSAS,,,DIVERSAS,,,,,,,83665,837
SBT,02. Solicitação fevereiro 2024.xls,Relatório Solicitação,,,,,,DIVERSAS,,,DIVERSAS,,,,,,,83665,837
SBT,02. Solicitação fevereiro 2024.xls,Relatório Solicitação,,,,,,DIVERSAS,,,DIVERSAS,,,,,,,83665,837
SBT,02. Solicitação fevereiro 2024.xls,Relatório Solicitação,,,,,,PEERMUSIC DO BRASIL EDIÇÕES MUSICAIS LTDA,,,PEERMUSIC DO BRASIL EDIÇÕES MUSICAIS LTDA,,,,,,,167331,1673
SBT,02. Solicitação fevereiro 2024.xls,Relatório Solicitação,,,,,,EDITORA MUSICAL PANTTANAL LTDA,,,EDITORA MUSICAL PANTTANAL LTDA,,,,,,,83666,837
SBT,02. Solicitação fevereiro 2024.xls,Relatório Solicitação,,,,,,DIVERSAS,,,DIVERSAS,,,,,,,83666,837
SBT,02. Solicitação fevereiro 2024.xls,Relatório Solicitação,,,,,,EDUARDO TEDESCHI - ME,,,EDUARDO TEDESCHI - ME,,,,,,,39096,391
SBT,02. Solicitação fevereiro 2024.xls,Relatório Solicitação,,,,,,BMG RIGHTS MANAGEMENT BRASIL LTDA,,,BMG RIGHTS MANAGEMENT BRASIL LTDA,,,,,,,19548,195
SBT,02. Solicitação fevereiro 2024.xls,Relatório Solicitação,,,,,,WARNER CHAPPELL EDIÇÕES MUSICAIS LTDA,,,WARNER CHAPPELL EDIÇÕES MUSICAIS LTDA,,,,,,,19548,195
SBT,02. Solicitação fevereiro 2024.xls,Relatório Solicitação,,,,,,PEERMUSIC DO BRASIL EDIÇÕES MUSICAIS LTDA,,,PEERMUSIC DO BRASIL EDIÇÕES MUSICAIS LTDA,,,,,,,39096,391
SBT,02. Solicitação fevereiro 2024.xls,Relatório Solicitação,,,,,,UNIVERSAL MUSIC PUBLISHING MGB BRASIL LTDA,,,UNIVERSAL MUSIC PUBLISHING MGB BRASIL LTDA,,,,,,,19548,195
SBT,02. Solicitação fevereiro 2024.xls,Relatório Solicitação,,,,,,SONY MUSIC PUBLISHING (BRASIL) EDIÇÕES MUSICAIS LTDA,,,SONY MUSIC PUBLISHING (BRASIL) EDIÇÕES MUSICAIS LTDA,,,,,,,19548,195
SBT,02. Solicitação fevereiro 2024.xls,Relatório Solicitação,,,,,,DIVERSAS,,,DIVERSAS,,,,,,,78192,782
SBT,02. Solicitação fevereiro 2024.xls,Relatório Solicitação,,,,,,DIVERSAS,,,DIVERSAS,,,,,,,78192,782
SBT,02. Solicitação fevereiro 2024.xls,Relatório Solicitação,,,,,,SONY MUSIC PUBLISHING (BRASIL) EDIÇÕES MUSICAIS LTDA,,,SONY MUSIC PUBLISHING (BRASIL) EDIÇÕES MUSICAIS LTDA,,,,,,,39096,391
SBT,02. Solicitação fevereiro 2024.xls,Relatório Solicitação,,,,,,SONY MUSIC PUBLISHING (BRASIL) EDIÇÕES MUSICAIS LTDA,,,SONY MUSIC PUBLISHING (BRASIL) EDIÇÕES MUSICAIS LTDA,,,,,,,39096,391
SBT,02. Solicitação fevereiro 2024.xls,Relatório Solicitação,,,,,,DIVERSAS,,,DIVERSAS,,,,,,,19548,195
SBT,02. Solicitação fevereiro 2024.xls,Relatório Solicitação,,,,,,PEERMUSIC DO BRASIL EDIÇÕES MUSICAIS LTDA,,,PEERMUSIC DO BRASIL EDIÇÕES MUSICAIS LTDA,,,,,,,19548,195
SBT,02. Solicitação fevereiro 2024.xls,Relatório Solicitação,,,,,,UNIVERSAL MUSIC PUBLISHING MGB BRASIL LTDA,,,UNIVERSAL MUSIC PUBLISHING MGB BRASIL LTDA,,,,,,,13035,130
SBT,02. Solicitação fevereiro 2024.xls,Relatório Solicitação,,,,,,WARNER CHAPPELL EDIÇÕES MUSICAIS LTDA,,,WARNER CHAPPELL EDIÇÕES MUSICAIS LTDA,,,,,,,13031,130
SBT,02. Solicitação fevereiro 2024.xls,Relatório Solicitação,,,,,,DECK PRODUÇÕES ARTÍSTICAS LTDA,,,DECK PRODUÇÕES ARTÍSTICAS LTDA,,,,,,,13031,130
SBT,02. Solicitação fevereiro 2024.xls,Relatório Solicitação,,,,,,DIVERSAS,,,DIVERSAS,,,,,,,39096,391
SBT,02. Solicitação fevereiro 2024.xls,Relatório Solicitação,,,,,,UNIVERSAL MUSIC PUBLISHING MGB BRASIL LTDA,,,UNIVERSAL MUSIC PUBLISHING MGB BRASIL LTDA,,,,,,,19548,195
SBT,02. Solicitação fevereiro 2024.xls,Relatório Solicitação,,,,,,DIVERSAS,,,DIVERSAS,,,,,,,58644,586
SBT,02. Solicitação fevereiro 2024.xls,Relatório Solicitação,,,,,,DIVERSAS,,,DIVERSAS,,,,,,,78192,782
SBT,02. Solicitação fevereiro 2024.xls,Relatório Solicitação,,,,,,WARNER CHAPPELL EDIÇÕES MUSICAIS LTDA,,,WARNER CHAPPELL EDIÇÕES MUSICAIS LTDA,,,,,,,41832,418
SBT,02. Solicitação fevereiro 2024.xls,Relatório Solicitação,,,,,,PEERMUSIC DO BRASIL EDIÇÕES MUSICAIS LTDA,,,PEERMUSIC DO BRASIL EDIÇÕES MUSICAIS LTDA,,,,,,,41832,418
SBT,02. Solicitação fevereiro 2024.xls,Relatório Solicitação,,,,,,DIVERSAS,,,DIVERSAS,,,,,,,83665,837
SBT,02. Solicitação fevereiro 2024.xls,Relatório Solicitação,,,,,,FUSION MUSIC EDIÇÕES MUSICAIS LTDA,,,FUSION MUSIC EDIÇÕES MUSICAIS LTDA,,,,,,,167331,1673
SBT,02. Solicitação fevereiro 2024.xls,Relatório Solicitação,,,,,,UNIVERSAL MUSIC PUBLISHING MGB BRASIL LTDA,,,UNIVERSAL MUSIC PUBLISHING MGB BRASIL LTDA,,,,,,,83665,837
SBT,02. Solicitação fevereiro 2024.xls,Relatório Solicitação,,,,,,PEERMUSIC DO BRASIL EDIÇÕES MUSICAIS LTDA,,,PEERMUSIC DO BRASIL EDIÇÕES MUSICAIS LTDA,,,,,,,83665,837
SBT,02. Solicitação fevereiro 2024.xls,Relatório Solicitação,,,,,,PEERMUSIC DO BRASIL EDIÇÕES MUSICAIS LTDA,,,PEERMUSIC DO BRASIL EDIÇÕES MUSICAIS LTDA,,,,,,,83665,837
SBT,02. Solicitação fevereiro 2024.xls,Relatório Solicitação,,,,,,DIVERSAS,,,DIVERSAS,,,,,,,83665,837
SBT,02. Solicitação fevereiro 2024.xls,Relatório Solicitação,,,,,,IRMÃOS VITALE EDITORES LTDA,,,IRMÃOS VITALE EDITORES LTDA,,,,,,,83665,837
SBT,02. Solicitação fevereiro 2024.xls,Relatório Solicitação,,,,,,DIVERSAS,,,DIVERSAS,,,,,,,83665,837
SBT,02. Solicitação fevereiro 2024.xls,Relatório Solicitação,,,,,,DIVERSAS,,,DIVERSAS,,,,,,,83665,837
SBT,02. Solicitação fevereiro 2024.xls,Relatório Solicitação,,,,,,UNIVERSAL MUSIC PUBLISHING MGB BRASIL LTDA,,,UNIVERSAL MUSIC PUBLISHING MGB BRASIL LTDA,,,,,,,83665,837
SBT,02. Solicitação fevereiro 2024.xls,Relatório Solicitação,,,,,,UNIVERSAL MUSIC PUBLISHING MGB BRASIL LTDA,,,UNIVERSAL MUSIC PUBLISHING MGB BRASIL LTDA,,,,,,,83665,837
SBT,02. Solicitação fevereiro 2024.xls,Relatório Solicitação,,,,,,PEERMUSIC DO BRASIL EDIÇÕES MUSICAIS LTDA,,,PEERMUSIC DO BRASIL EDIÇÕES MUSICAIS LTDA,,,,,,,83665,837
SBT,02. Solicitação fevereiro 2024.xls,Relatório Solicitação,,,,,,WARNER CHAPPELL EDIÇÕES MUSICAIS LTDA,,,WARNER CHAPPELL EDIÇÕES MUSICAIS LTDA,,,,,,,83665,837
SBT,02. Solicitação fevereiro 2024.xls,Relatório Solicitação,,,,,,WARNER CHAPPELL EDIÇÕES MUSICAIS LTDA,,,WARNER CHAPPELL EDIÇÕES MUSICAIS LTDA,,,,,,,83665,837
SBT,02. Solicitação fevereiro 2024.xls,Relatório Solicitação,,,,,,SONY MUSIC PUBLISHING (BRASIL) EDIÇÕES MUSICAIS LTDA,,,SONY MUSIC PUBLISHING (BRASIL) EDIÇÕES MUSICAIS LTDA,,,,,,,83665,837
SBT,02. Solicitação fevereiro 2024.xls,Relatório Solicitação,,,,,,DIVERSAS,,,DIVERSAS,,,,,,,55779,558
SBT,02. Solicitação fevereiro 2024.xls,Relatório Solicitação,,,,,,WARNER CHAPPELL EDIÇÕES MUSICAIS LTDA,,,WARNER CHAPPELL EDIÇÕES MUSICAIS LTDA,,,,,,,27886,279
SBT,02. Solicitação fevereiro 2024.xls,Relatório Solicitação,,,,,,BMG RIGHTS MANAGEMENT BRASIL LTDA,,,BMG RIGHTS MANAGEMENT BRASIL LTDA,,,,,,,83665,837
SBT,02. Solicitação fevereiro 2024.xls,Relatório Solicitação,,,,,,ABRAMUS DIGITAL SERV. IDENT. REPERTÓRIO,,,ABRAMUS DIGITAL SERV. IDENT. REPERTÓRIO,,,,,,,83665,837
SBT,02. Solicitação fevereiro 2024.xls,Relatório Solicitação,,,,,,DIVERSAS,,,DIVERSAS,,,,,,,83665,837
SBT,02. Solicitação fevereiro 2024.xls,Relatório Solicitação,,,,,,SONY MUSIC PUBLISHING (BRASIL) EDIÇÕES MUSICAIS LTDA,,,SONY MUSIC PUBLISHING (BRASIL) EDIÇÕES MUSICAIS LTDA,,,,,,,83665,837
SBT,02. Solicitação fevereiro 2024.xls,Relatório Solicitação,,,,,,PEPATO & PEPATO EMPREENDIMENTOS ARTISTICOS E MUSICAIS,,,PEPATO & PEPATO EMPREENDIMENTOS ARTISTICOS E MUSICAIS,,,,,,,27886,279
SBT,02. Solicitação fevereiro 2024.xls,Relatório Solicitação,,,,,,WARNER CHAPPELL EDIÇÕES MUSICAIS LTDA,,,WARNER CHAPPELL EDIÇÕES MUSICAIS LTDA,,,,,,,27886,279
SBT,02. Solicitação fevereiro 2024.xls,Relatório Solicitação,,,,,,ABRAMUS DIGITAL SERV. IDENT. REPERTÓRIO,,,ABRAMUS DIGITAL SERV. IDENT. REPERTÓRIO,,,,,,,27894,279
SBT,02. Solicitação fevereiro 2024.xls,Relatório Solicitação,,,,,,UNIVERSAL MUSIC PUBLISHING MGB BRASIL LTDA,,,UNIVERSAL MUSIC PUBLISHING MGB BRASIL LTDA,,,,,,,83665,837
SBT,02. Solicitação fevereiro 2024.xls,Relatório Solicitação,,,,,,SONY MUSIC PUBLISHING (BRASIL) EDIÇÕES MUSICAIS LTDA,,,SONY MUSIC PUBLISHING (BRASIL) EDIÇÕES MUSICAIS LTDA,,,,,,,83665,837
SBT,02. Solicitação fevereiro 2024.xls,Relatório Solicitação,,,,,,UNIVERSAL MUSIC PUBLISHING MGB BRASIL LTDA,,,UNIVERSAL MUSIC PUBLISHING MGB BRASIL LTDA,,,,,,,41832,418
SBT,02. Solicitação fevereiro 2024.xls,Relatório Solicitação,,,,,,IESSI MUSIC LABEL LTDA,,,IESSI MUSIC LABEL LTDA,,,,,,,41832,418
SBT,02. Solicitação fevereiro 2024.xls,Relatório Solicitação,,,,,,UNIVERSAL MUSIC PUBLISHING MGB BRASIL LTDA,,,UNIVERSAL MUSIC PUBLISHING MGB BRASIL LTDA,,,,,,,167331,1673
SBT,02. Solicitação fevereiro 2024.xls,Relatório Solicitação,,,,,,UNIVERSAL MUSIC PUBLISHING MGB BRASIL LTDA,,,UNIVERSAL MUSIC PUBLISHING MGB BRASIL LTDA,,,,,,,83665,837
SBT,02. Solicitação fevereiro 2024.xls,Relatório Solicitação,,,,,,WARNER CHAPPELL EDIÇÕES MUSICAIS LTDA,,,WARNER CHAPPELL EDIÇÕES MUSICAIS LTDA,,,,,,,83665,837
SBT,02. Solicitação fevereiro 2024.xls,Relatório Solicitação,,,,,,PEERMUSIC DO BRASIL EDIÇÕES MUSICAIS LTDA,,,PEERMUSIC DO BRASIL EDIÇÕES MUSICAIS LTDA,,,,,,,39096,391
SBT,02. Solicitação fevereiro 2024.xls,Relatório Solicitação,,,,,,WARNER CHAPPELL EDIÇÕES MUSICAIS LTDA,,,WARNER CHAPPELL EDIÇÕES MUSICAIS LTDA,,,,,,,39096,391
SBT,02. Solicitação fevereiro 2024.xls,Relatório Solicitação,,,,,,WARNER CHAPPELL EDIÇÕES MUSICAIS LTDA,,,WARNER CHAPPELL EDIÇÕES MUSICAIS LTDA,,,,,,,26061,261
SBT,02. Solicitação fevereiro 2024.xls,Relatório Solicitação,,,,,,SONY MUSIC PUBLISHING (BRASIL) EDIÇÕES MUSICAIS LTDA,,,SONY MUSIC PUBLISHING (BRASIL) EDIÇÕES MUSICAIS LTDA,,,,,,,13035,130
SBT,02. Solicitação fevereiro 2024.xls,Relatório Solicitação,,,,,,PEERMUSIC DO BRASIL EDIÇÕES MUSICAIS LTDA,,,PEERMUSIC DO BRASIL EDIÇÕES MUSICAIS LTDA,,,,,,,39096,391
SBT,02. Solicitação fevereiro 2024.xls,Relatório Solicitação,,,,,,PEERMUSIC DO BRASIL EDIÇÕES MUSICAIS LTDA,,,PEERMUSIC DO BRASIL EDIÇÕES MUSICAIS LTDA,,,,,,,39096,391
SBT,02. Solicitação fevereiro 2024.xls,Relatório Solicitação,,,,,,IRMÃOS VITALE EDITORES LTDA,,,IRMÃOS VITALE EDITORES LTDA,,,,,,,39096,391
SBT,02. Solicitação fevereiro 2024.xls,Relatório Solicitação,,,,,,WORK SHOW EDITORA E PRODUÇÕES MUSICAIS LTDA - ME,,,WORK SHOW EDITORA E PRODUÇÕES MUSICAIS LTDA - ME,,,,,,,9774,98
SBT,02. Solicitação fevereiro 2024.xls,Relatório Solicitação,,,,,,BMG RIGHTS MANAGEMENT BRASIL LTDA,,,BMG RIGHTS MANAGEMENT BRASIL LTDA,,,,,,,19548,195
SBT,02. Solicitação fevereiro 2024.xls,Relatório Solicitação,,,,,,WARNER CHAPPELL EDIÇÕES MUSICAIS LTDA,,,WARNER CHAPPELL EDIÇÕES MUSICAIS LTDA,,,,,,,9774,98
SBT,02. Solicitação fevereiro 2024.xls,Relatório Solicitação,,,,,,WARNER CHAPPELL EDIÇÕES MUSICAIS LTDA,,,WARNER CHAPPELL EDIÇÕES MUSICAIS LTDA,,,,,,,39096,391
SBT,02. Solicitação fevereiro 2024.xls,Relatório Solicitação,,,,,,BMG RIGHTS MANAGEMENT BRASIL LTDA,,,BMG RIGHTS MANAGEMENT BRASIL LTDA,,,,,,,6517,65
SBT,02. Solicitação fevereiro 2024.xls,Relatório Solicitação,,,,,,THIAGO ABDULAHAD NUNES RIOS ME,,,THIAGO ABDULAHAD NUNES RIOS ME,,,,,,,6513,65
SBT,02. Solicitação fevereiro 2024.xls,Relatório Solicitação,,,,,,EDITORA MUSICAL WALERIA LEÃO LTDA ME,,,EDITORA MUSICAL WALERIA LEÃO LTDA ME,,,,,,,16291,163
SBT,02. Solicitação fevereiro 2024.xls,Relatório Solicitação,,,,,,WARNER CHAPPELL EDIÇÕES MUSICAIS LTDA,,,WARNER CHAPPELL EDIÇÕES MUSICAIS LTDA,,,,,,,9774,98
SBT,02. Solicitação fevereiro 2024.xls,Relatório Solicitação,,,,,,SONY MUSIC PUBLISHING (BRASIL) EDIÇÕES MUSICAIS LTDA,,,SONY MUSIC PUBLISHING (BRASIL) EDIÇÕES MUSICAIS LTDA,,,,,,,39096,391
SBT,02. Solicitação fevereiro 2024.xls,Relatório Solicitação,,,,,,UNIVERSAL MUSIC PUBLISHING MGB BRASIL LTDA,,,UNIVERSAL MUSIC PUBLISHING MGB BRASIL LTDA,,,,,,,39096,391
SBT,02. Solicitação fevereiro 2024.xls,Relatório Solicitação,,,,,,SONY MUSIC PUBLISHING (BRASIL) EDIÇÕES MUSICAIS LTDA,,,SONY MUSIC PUBLISHING (BRASIL) EDIÇÕES MUSICAIS LTDA,,,,,,,4347,43
SBT,02. Solicitação fevereiro 2024.xls,Relatório Solicitação,,,,,,JULIANA FAKRI DE ASSIS EPP,,,JULIANA FAKRI DE ASSIS EPP,,,,,,,73845,738
SBT,02. Solicitação fevereiro 2024.xls,Relatório Solicitação,,,,,,IRMÃOS VITALE EDITORES LTDA,,,IRMÃOS VITALE EDITORES LTDA,,,,,,,39096,391
SBT,02. Solicitação fevereiro 2024.xls,Relatório Solicitação,,,,,,DIVERSAS,,,DIVERSAS,,,,,,,39096,391
SBT,02. Solicitação fevereiro 2024.xls,Relatório Solicitação,,,,,,SONY MUSIC PUBLISHING (BRASIL) EDIÇÕES MUSICAIS LTDA,,,SONY MUSIC PUBLISHING (BRASIL) EDIÇÕES MUSICAIS LTDA,,,,,,,39096,391
SBT,02. Solicitação fevereiro 2024.xls,Relatório Solicitação,,,,,,SONY MUSIC PUBLISHING (BRASIL) EDIÇÕES MUSICAIS LTDA,,,SONY MUSIC PUBLISHING (BRASIL) EDIÇÕES MUSICAIS LTDA,,,,,,,78192,782
SBT,02. Solicitação fevereiro 2024.xls,Relatório Solicitação,,,,,,SONY MUSIC PUBLISHING (BRASIL) EDIÇÕES MUSICAIS LTDA,,,SONY MUSIC PUBLISHING (BRASIL) EDIÇÕES MUSICAIS LTDA,,,,,,,39096,391
SBT,02. Solicitação fevereiro 2024.xls,Relatório Solicitação,,,,,,DIVERSAS,,,DIVERSAS,,,,,,,39096,391
SBT,02. Solicitação fevereiro 2024.xls,Relatório Solicitação,,,,,,FORTUNA MUSICAL EDIÇÕES LTDA,,,FORTUNA MUSICAL EDIÇÕES LTDA,,,,,,,39096,391
SBT,02. Solicitação fevereiro 2024.xls,Relatório Solicitação,,,,,,BMG RIGHTS MANAGEMENT BRASIL LTDA,,,BMG RIGHTS MANAGEMENT BRASIL LTDA,,,,,,,19548,195
SBT,02. Solicitação fevereiro 2024.xls,Relatório Solicitação,,,,,,WARNER CHAPPELL EDIÇÕES MUSICAIS LTDA,,,WARNER CHAPPELL EDIÇÕES MUSICAIS LTDA,,,,,,,19548,195
SBT,02. Solicitação fevereiro 2024.xls,Relatório Solicitação,,,,,,DIVERSAS,,,DIVERSAS,,,,,,,39096,391
SBT,02. Solicitação fevereiro 2024.xls,Relatório Solicitação,,,,,,PEERMUSIC DO BRASIL EDIÇÕES MUSICAIS LTDA,,,PEERMUSIC DO BRASIL EDIÇÕES MUSICAIS LTDA,,,,,,,39096,391
SBT,02. Solicitação fevereiro 2024.xls,Relatório Solicitação,,,,,,DIVERSAS,,,DIVERSAS,,,,,,,39096,391
SBT,02. Solicitação fevereiro 2024.xls,Relatório Solicitação,,,,,,TRÊS SONS EDITORA MUSICAL E GRAVADORA DIGITAL LTDA-ME,,,TRÊS SONS EDITORA MUSICAL E GRAVADORA DIGITAL LTDA-ME,,,,,,,7819,78
SBT,02. Solicitação fevereiro 2024.xls,Relatório Solicitação,,,,,,BMG RIGHTS MANAGEMENT BRASIL LTDA,,,BMG RIGHTS MANAGEMENT BRASIL LTDA,,,,,,,31277,313
SBT,02. Solicitação fevereiro 2024.xls,Relatório Solicitação,,,,,,IRMÃOS VITALE EDITORES LTDA,,,IRMÃOS VITALE EDITORES LTDA,,,,,,,39096,391
SBT,02. Solicitação fevereiro 2024.xls,Relatório Solicitação,,,,,,ADDAF - ASS. DEF. DIREITOS AUTORAIS FONOMECÂNICOS,,,ADDAF - ASS. DEF. DIREITOS AUTORAIS FONOMECÂNICOS,,,,,,,39096,391
SBT,02. Solicitação fevereiro 2024.xls,Relatório Solicitação,,,,,,DIVERSAS,,,DIVERSAS,,,,,,,78192,782
SBT,02. Solicitação fevereiro 2024.xls,Relatório Solicitação,,,,,,WARNER CHAPPELL EDIÇÕES MUSICAIS LTDA,,,WARNER CHAPPELL EDIÇÕES MUSICAIS LTDA,,,,,,,39096,391
SBT,02. Solicitação fevereiro 2024.xls,Relatório Solicitação,,,,,,DIVERSAS,,,DIVERSAS,,,,,,,19548,195
SBT,02. Solicitação fevereiro 2024.xls,Relatório Solicitação,,,,,,BMG RIGHTS MANAGEMENT BRASIL LTDA,,,BMG RIGHTS MANAGEMENT BRASIL LTDA,,,,,,,19548,195
SBT,02. Solicitação fevereiro 2024.xls,Relatório Solicitação,,,,,,UNIVERSAL MUSIC PUBLISHING MGB BRASIL LTDA,,,UNIVERSAL MUSIC PUBLISHING MGB BRASIL LTDA,,,,,,,39096,391
SBT,02. Solicitação fevereiro 2024.xls,Relatório Solicitação,,,,,,UNIVERSAL MUSIC PUBLISHING MGB BRASIL LTDA,,,UNIVERSAL MUSIC PUBLISHING MGB BRASIL LTDA,,,,,,,39096,391
SBT,02. Solicitação fevereiro 2024.xls,Relatório Solicitação,,,,,,DIVERSAS,,,DIVERSAS,,,,,,,39096,391
SBT,02. Solicitação fevereiro 2024.xls,Relatório Solicitação,,,,,,DIVERSAS,,,DIVERSAS,,,,,,,78192,782
SBT,02. Solicitação fevereiro 2024.xls,Relatório Solicitação,,,,,,UNIVERSAL MUSIC PUBLISHING MGB BRASIL LTDA,,,UNIVERSAL MUSIC PUBLISHING MGB BRASIL LTDA,,,,,,,78192,782
SBT,02. Solicitação fevereiro 2024.xls,Relatório Solicitação,,,,,,EDITORA MUSICAL CORISCO LTDA,,,EDITORA MUSICAL CORISCO LTDA,,,,,,,78192,782
SBT,02. Solicitação fevereiro 2024.xls,Relatório Solicitação,,,,,,PEERMUSIC DO BRASIL EDIÇÕES MUSICAIS LTDA,,,PEERMUSIC DO BRASIL EDIÇÕES MUSICAIS LTDA,,,,,,,78192,782
SBT,02. Solicitação fevereiro 2024.xls,Relatório Solicitação,,,,,,IRMÃOS VITALE EDITORES LTDA,,,IRMÃOS VITALE EDITORES LTDA,,,,,,,78192,782
SBT,02. Solicitação fevereiro 2024.xls,Relatório Solicitação,,,,,,DIVERSAS,,,DIVERSAS,,,,,,,78192,782
SBT,02. Solicitação fevereiro 2024.xls,Relatório Solicitação,,,,,,EDITORA MUSICAL CORISCO LTDA,,,EDITORA MUSICAL CORISCO LTDA,,,,,,,78192,782
SBT,02. Solicitação fevereiro 2024.xls,Relatório Solicitação,,,,,,UNIVERSAL MUSIC PUBLISHING MGB BRASIL LTDA,,,UNIVERSAL MUSIC PUBLISHING MGB BRASIL LTDA,,,,,,,50825,508
SBT,02. Solicitação fevereiro 2024.xls,Relatório Solicitação,,,,,,WARNER CHAPPELL EDIÇÕES MUSICAIS LTDA,,,WARNER CHAPPELL EDIÇÕES MUSICAIS LTDA,,,,,,,7819,78
SBT,02. Solicitação fevereiro 2024.xls,Relatório Solicitação,,,,,,SONY MUSIC PUBLISHING (BRASIL) EDIÇÕES MUSICAIS LTDA,,,SONY MUSIC PUBLISHING (BRASIL) EDIÇÕES MUSICAIS LTDA,,,,,,,19548,195
SBT,02. Solicitação fevereiro 2024.xls,Relatório Solicitação,,,,,,WARNER CHAPPELL EDIÇÕES MUSICAIS LTDA,,,WARNER CHAPPELL EDIÇÕES MUSICAIS LTDA,,,,,,,46915,469
SBT,02. Solicitação fevereiro 2024.xls,Relatório Solicitação,,,,,,DIVERSAS,,,DIVERSAS,,,,,,,31277,313
SBT,02. Solicitação fevereiro 2024.xls,Relatório Solicitação,,,,,,THIAGO ABDULAHAD NUNES RIOS ME,,,THIAGO ABDULAHAD NUNES RIOS ME,,,,,,,29322,293
SBT,02. Solicitação fevereiro 2024.xls,Relatório Solicitação,,,,,,WARNER CHAPPELL EDIÇÕES MUSICAIS LTDA,,,WARNER CHAPPELL EDIÇÕES MUSICAIS LTDA,,,,,,,9774,98
SBT,02. Solicitação fevereiro 2024.xls,Relatório Solicitação,,,,,,THIAGO ABDULAHAD NUNES RIOS ME,,,THIAGO ABDULAHAD NUNES RIOS ME,,,,,,,13031,130
SBT,02. Solicitação fevereiro 2024.xls,Relatório Solicitação,,,,,,WARNER CHAPPELL EDIÇÕES MUSICAIS LTDA,,,WARNER CHAPPELL EDIÇÕES MUSICAIS LTDA,,,,,,,26065,261
SBT,02. Solicitação fevereiro 2024.xls,Relatório Solicitação,,,,,,DIVERSAS,,,DIVERSAS,,,,,,,7827,78
SBT,02. Solicitação fevereiro 2024.xls,Relatório Solicitação,,,,,,THIAGO ABDULAHAD NUNES RIOS ME,,,THIAGO ABDULAHAD NUNES RIOS ME,,,,,,,10423,104
SBT,02. Solicitação fevereiro 2024.xls,Relatório Solicitação,,,,,,WARNER CHAPPELL EDIÇÕES MUSICAIS LTDA,,,WARNER CHAPPELL EDIÇÕES MUSICAIS LTDA,,,,,,,20846,208
SBT,02. Solicitação fevereiro 2024.xls,Relatório Solicitação,,,,,,THIAGO ABDULAHAD NUNES RIOS ME,,,THIAGO ABDULAHAD NUNES RIOS ME,,,,,,,8148,81
SBT,02. Solicitação fevereiro 2024.xls,Relatório Solicitação,,,,,,DIVERSAS,,,DIVERSAS,,,,,,,8144,81
SBT,02. Solicitação fevereiro 2024.xls,Relatório Solicitação,,,,,,WARNER CHAPPELL EDIÇÕES MUSICAIS LTDA,,,WARNER CHAPPELL EDIÇÕES MUSICAIS LTDA,,,,,,,22805,228
SBT,02. Solicitação fevereiro 2024.xls,Relatório Solicitação,,,,,,THIAGO ABDULAHAD NUNES RIOS ME,,,THIAGO ABDULAHAD NUNES RIOS ME,,,,,,,7819,78
SBT,02. Solicitação fevereiro 2024.xls,Relatório Solicitação,,,,,,WARNER CHAPPELL EDIÇÕES MUSICAIS LTDA,,,WARNER CHAPPELL EDIÇÕES MUSICAIS LTDA,,,,,,,15638,156
SBT,02. Solicitação fevereiro 2024.xls,Relatório Solicitação,,,,,,SONY MUSIC PUBLISHING (BRASIL) EDIÇÕES MUSICAIS LTDA,,,SONY MUSIC PUBLISHING (BRASIL) EDIÇÕES MUSICAIS LTDA,,,,,,,15638,156
SBT,02. Solicitação fevereiro 2024.xls,Relatório Solicitação,,,,,,THIAGO ABDULAHAD NUNES RIOS ME,,,THIAGO ABDULAHAD NUNES RIOS ME,,,,,,,7819,78
SBT,02. Solicitação fevereiro 2024.xls,Relatório Solicitação,,,,,,WARNER CHAPPELL EDIÇÕES MUSICAIS LTDA,,,WARNER CHAPPELL EDIÇÕES MUSICAIS LTDA,,,,,,,15638,156
SBT,02. Solicitação fevereiro 2024.xls,Relatório Solicitação,,,,,,SONY MUSIC PUBLISHING (BRASIL) EDIÇÕES MUSICAIS LTDA,,,SONY MUSIC PUBLISHING (BRASIL) EDIÇÕES MUSICAIS LTDA,,,,,,,15638,156
SBT,02. Solicitação fevereiro 2024.xls,Relatório Solicitação,,,,,,DIVERSAS,,,DIVERSAS,,,,,,,39096,391
SBT,02. Solicitação fevereiro 2024.xls,Relatório Solicitação,,,,,,BMG RIGHTS MANAGEMENT BRASIL LTDA,,,BMG RIGHTS MANAGEMENT BRASIL LTDA,,,,,,,6513,65
SBT,02. Solicitação fevereiro 2024.xls,Relatório Solicitação,,,,,,DIVERSAS,,,DIVERSAS,,,,,,,3268,33
SBT,02. Solicitação fevereiro 2024.xls,Relatório Solicitação,,,,,,IESSI MUSIC LABEL LTDA,,,IESSI MUSIC LABEL LTDA,,,,,,,13027,130
SBT,02. Solicitação fevereiro 2024.xls,Relatório Solicitação,,,,,,WARNER CHAPPELL EDIÇÕES MUSICAIS LTDA,,,WARNER CHAPPELL EDIÇÕES MUSICAIS LTDA,,,,,,,9774,98
SBT,02. Solicitação fevereiro 2024.xls,Relatório Solicitação,,,,,,SONY MUSIC PUBLISHING (BRASIL) EDIÇÕES MUSICAIS LTDA,,,SONY MUSIC PUBLISHING (BRASIL) EDIÇÕES MUSICAIS LTDA,,,,,,,6513,65
SBT,02. Solicitação fevereiro 2024.xls,Relatório Solicitação,,,,,,WARNER CHAPPELL EDIÇÕES MUSICAIS LTDA,,,WARNER CHAPPELL EDIÇÕES MUSICAIS LTDA,,,,,,,39096,391
SBT,02. Solicitação fevereiro 2024.xls,Relatório Solicitação,,,,,,DIVERSAS,,,DIVERSAS,,,,,,,167331,1673
SBT,02. Solicitação fevereiro 2024.xls,Relatório Solicitação,,,,,,DIVERSAS,,,DIVERSAS,,,,,,,167331,1673
SBT,02. Solicitação fevereiro 2024.xls,Relatório Solicitação,,,,,,DIVERSAS,,,DIVERSAS,,,,,,,167331,1673
SBT,02. Solicitação fevereiro 2024.xls,Relatório Solicitação,,,,,,BMG RIGHTS MANAGEMENT BRASIL LTDA,,,BMG RIGHTS MANAGEMENT BRASIL LTDA,,,,,,,13035,130
SBT,02. Solicitação fevereiro 2024.xls,Relatório Solicitação,,,,,,UNIVERSAL MUSIC PUBLISHING MGB BRASIL LTDA,,,UNIVERSAL MUSIC PUBLISHING MGB BRASIL LTDA,,,,,,,13027,130
SBT,02. Solicitação fevereiro 2024.xls,Relatório Solicitação,,,,,,ABRAMUS DIGITAL SERV. IDENT. REPERTÓRIO,,,ABRAMUS DIGITAL SERV. IDENT. REPERTÓRIO,,,,,,,13035,130
SBT,02. Solicitação fevereiro 2024.xls,Relatório Solicitação,,,,,,SONY MUSIC PUBLISHING (BRASIL) EDIÇÕES MUSICAIS LTDA,,,SONY MUSIC PUBLISHING (BRASIL) EDIÇÕES MUSICAIS LTDA,,,,,,,39096,391
SBT,02. Solicitação fevereiro 2024.xls,Relatório Solicitação,,,,,,UNIVERSAL MUSIC PUBLISHING MGB BRASIL LTDA,,,UNIVERSAL MUSIC PUBLISHING MGB BRASIL LTDA,,,,,,,39096,391
SBT,02. Solicitação fevereiro 2024.xls,Relatório Solicitação,,,,,,BMG RIGHTS MANAGEMENT BRASIL LTDA,,,BMG RIGHTS MANAGEMENT BRASIL LTDA,,,,,,,39096,391
SBT,02. Solicitação fevereiro 2024.xls,Relatório Solicitação,,,,,,BMG RIGHTS MANAGEMENT BRASIL LTDA,,,BMG RIGHTS MANAGEMENT BRASIL LTDA,,,,,,,39096,391
SBT,02. Solicitação fevereiro 2024.xls,Relatório Solicitação,,,,,,BMG RIGHTS MANAGEMENT BRASIL LTDA,,,BMG RIGHTS MANAGEMENT BRASIL LTDA,,,,,,,39096,391
SBT,02. Solicitação fevereiro 2024.xls,Relatório Solicitação,,,,,,BMG RIGHTS MANAGEMENT BRASIL LTDA,,,BMG RIGHTS MANAGEMENT BRASIL LTDA,,,,,,,39096,391
SBT,02. Solicitação fevereiro 2024.xls,Relatório Solicitação,,,,,,NOSSAMÚSICA PRODUÇÕES E EDIÇÕES MUSICAIS LTDA,,,NOSSAMÚSICA PRODUÇÕES E EDIÇÕES MUSICAIS LTDA,,,,,,,39096,391
SBT,02. Solicitação fevereiro 2024.xls,Relatório Solicitação,,,,,,WARNER CHAPPELL EDIÇÕES MUSICAIS LTDA,,,WARNER CHAPPELL EDIÇÕES MUSICAIS LTDA,,,,,,,33232,332
SBT,02. Solicitação fevereiro 2024.xls,Relatório Solicitação,,,,,,ABRAMUS DIGITAL SERV. IDENT. REPERTÓRIO,,,ABRAMUS DIGITAL SERV. IDENT. REPERTÓRIO,,,,,,,5864,59
SBT,02. Solicitação fevereiro 2024.xls,Relatório Solicitação,,,,,,SONY MUSIC PUBLISHING (BRASIL) EDIÇÕES MUSICAIS LTDA,,,SONY MUSIC PUBLISHING (BRASIL) EDIÇÕES MUSICAIS LTDA,,,,,,,39096,391
SBT,02. Solicitação fevereiro 2024.xls,Relatório Solicitação,,,,,,UNIVERSAL MUSIC PUBLISHING MGB BRASIL LTDA,,,UNIVERSAL MUSIC PUBLISHING MGB BRASIL LTDA,,,,,,,39096,391
SBT,02. Solicitação fevereiro 2024.xls,Relatório Solicitação,,,,,,"MANGIONE, FILHOS E CIA LTDA",,,"MANGIONE, FILHOS E CIA LTDA",,,,,,,19548,195
SBT,02. Solicitação fevereiro 2024.xls,Relatório Solicitação,,,,,,DIVERSAS,,,DIVERSAS,,,,,,,15638,156
SBT,02. Solicitação fevereiro 2024.xls,Relatório Solicitação,,,,,,DECK PRODUÇÕES ARTÍSTICAS LTDA,,,DECK PRODUÇÕES ARTÍSTICAS LTDA,,,,,,,39100,391
SBT,02. Solicitação fevereiro 2024.xls,Relatório Solicitação,,,,,,MEGA PRODUÇÕES ARTISTICAS LTDA,,,MEGA PRODUÇÕES ARTISTICAS LTDA,,,,,,,8797,88
SBT,02. Solicitação fevereiro 2024.xls,Relatório Solicitação,,,,,,DIVERSAS,,,DIVERSAS,,,,,,,13195,132
SBT,02. Solicitação fevereiro 2024.xls,Relatório Solicitação,,,,,,PEERMUSIC DO BRASIL EDIÇÕES MUSICAIS LTDA,,,PEERMUSIC DO BRASIL EDIÇÕES MUSICAIS LTDA,,,,,,,39100,391
SBT,02. Solicitação fevereiro 2024.xls,Relatório Solicitação,,,,,,SINGLE HITS PRODUÇÕES ARTISTICAS,,,SINGLE HITS PRODUÇÕES ARTISTICAS,,,,,,,13195,132
SBT,02. Solicitação fevereiro 2024.xls,Relatório Solicitação,,,,,,BERGER PRODUÇÕES LTDA,,,BERGER PRODUÇÕES LTDA,,,,,,,39096,391
SBT,02. Solicitação fevereiro 2024.xls,Relatório Solicitação,,,,,,WARNER CHAPPELL EDIÇÕES MUSICAIS LTDA,,,WARNER CHAPPELL EDIÇÕES MUSICAIS LTDA,,,,,,,19548,195
SBT,02. Solicitação fevereiro 2024.xls,Relatório Solicitação,,,,,,SONY MUSIC PUBLISHING (BRASIL) EDIÇÕES MUSICAIS LTDA,,,SONY MUSIC PUBLISHING (BRASIL) EDIÇÕES MUSICAIS LTDA,,,,,,,19548,195
SBT,02. Solicitação fevereiro 2024.xls,Relatório Solicitação,,,,,,DIVERSAS,,,DIVERSAS,,,,,,,39096,391
SBT,02. Solicitação fevereiro 2024.xls,Relatório Solicitação,,,,,,DIVERSAS,,,DIVERSAS,,,,,,,167331,1673
SBT,02. Solicitação fevereiro 2024.xls,Relatório Solicitação,,,,,,DIVERSAS,,,DIVERSAS,,,,,,,167331,1673
SBT,02. Solicitação fevereiro 2024.xls,Relatório Solicitação,,,,,,BMG RIGHTS MANAGEMENT BRASIL LTDA,,,BMG RIGHTS MANAGEMENT BRASIL LTDA,,,,,,,27367,274
SBT,02. Solicitação fevereiro 2024.xls,Relatório Solicitação,,,,,,JULIANA FAKRI DE ASSIS EPP,,,JULIANA FAKRI DE ASSIS EPP,,,,,,,11729,117
SBT,02. Solicitação fevereiro 2024.xls,Relatório Solicitação,,,,,,BMG RIGHTS MANAGEMENT BRASIL LTDA,,,BMG RIGHTS MANAGEMENT BRASIL LTDA,,,,,,,7819,78
SBT,02. Solicitação fevereiro 2024.xls,Relatório Solicitação,,,,,,EDITORA MUSICAL WALERIA LEÃO LTDA ME,,,EDITORA MUSICAL WALERIA LEÃO LTDA ME,,,,,,,23458,235
SBT,02. Solicitação fevereiro 2024.xls,Relatório Solicitação,,,,,,SONY MUSIC PUBLISHING (BRASIL) EDIÇÕES MUSICAIS LTDA,,,SONY MUSIC PUBLISHING (BRASIL) EDIÇÕES MUSICAIS LTDA,,,,,,,7819,78
SBT,02. Solicitação fevereiro 2024.xls,Relatório Solicitação,,,,,,DIVERSAS,,,DIVERSAS,,,,,,,19548,195
SBT,02. Solicitação fevereiro 2024.xls,Relatório Solicitação,,,,,,ABRAMUS DIGITAL SERV. IDENT. REPERTÓRIO,,,ABRAMUS DIGITAL SERV. IDENT. REPERTÓRIO,,,,,,,9774,98
SBT,02. Solicitação fevereiro 2024.xls,Relatório Solicitação,,,,,,WARNER CHAPPELL EDIÇÕES MUSICAIS LTDA,,,WARNER CHAPPELL EDIÇÕES MUSICAIS LTDA,,,,,,,9774,98
SBT,02. Solicitação fevereiro 2024.xls,Relatório Solicitação,,,,,,DIVERSAS,,,DIVERSAS,,,,,,,12968,130
SBT,02. Solicitação fevereiro 2024.xls,Relatório Solicitação,,,,,,EDITORA MUSICAL PANTTANAL LTDA,,,EDITORA MUSICAL PANTTANAL LTDA,,,,,,,13031,130
SBT,02. Solicitação fevereiro 2024.xls,Relatório Solicitação,,,,,,BMG RIGHTS MANAGEMENT BRASIL LTDA,,,BMG RIGHTS MANAGEMENT BRASIL LTDA,,,,,,,13097,131
SBT,02. Solicitação fevereiro 2024.xls,Relatório Solicitação,,,,,,UNIVERSAL MUSIC PUBLISHING MGB BRASIL LTDA,,,UNIVERSAL MUSIC PUBLISHING MGB BRASIL LTDA,,,,,,,39096,391
SBT,02. Solicitação fevereiro 2024.xls,Relatório Solicitação,,,,,,DECK PRODUÇÕES ARTÍSTICAS LTDA,,,DECK PRODUÇÕES ARTÍSTICAS LTDA,,,,,,,39096,391
SBT,02. Solicitação fevereiro 2024.xls,Relatório Solicitação,,,,,,EDITORA MUSICAL PANTTANAL LTDA,,,EDITORA MUSICAL PANTTANAL LTDA,,,,,,,39096,391
SBT,02. Solicitação fevereiro 2024.xls,Relatório Solicitação,,,,,,UNIVERSAL MUSIC PUBLISHING MGB BRASIL LTDA,,,UNIVERSAL MUSIC PUBLISHING MGB BRASIL LTDA,,,,,,,19548,195
SBT,02. Solicitação fevereiro 2024.xls,Relatório Solicitação,,,,,,SONY MUSIC PUBLISHING (BRASIL) EDIÇÕES MUSICAIS LTDA,,,SONY MUSIC PUBLISHING (BRASIL) EDIÇÕES MUSICAIS LTDA,,,,,,,19548,195
SBT,02. Solicitação fevereiro 2024.xls,Relatório Solicitação,,,,,,IRMÃOS VITALE EDITORES LTDA,,,IRMÃOS VITALE EDITORES LTDA,,,,,,,39096,391
SBT,02. Solicitação fevereiro 2024.xls,Relatório Solicitação,,,,,,DECK PRODUÇÕES ARTÍSTICAS LTDA,,,DECK PRODUÇÕES ARTÍSTICAS LTDA,,,,,,,39096,391
SBT,02. Solicitação fevereiro 2024.xls,Relatório Solicitação,,,,,,DECK PRODUÇÕES ARTÍSTICAS LTDA,,,DECK PRODUÇÕES ARTÍSTICAS LTDA,,,,,,,39096,391
SBT,02. Solicitação fevereiro 2024.xls,Relatório Solicitação,,,,,,DIVERSAS,,,DIVERSAS,,,,,,,39096,391
SBT,02. Solicitação fevereiro 2024.xls,Relatório Solicitação,,,,,,DECK PRODUÇÕES ARTÍSTICAS LTDA,,,DECK PRODUÇÕES ARTÍSTICAS LTDA,,,,,,,39096,391
SBT,02. Solicitação fevereiro 2024.xls,Relatório Solicitação,,,,,,UNIVERSAL MUSIC PUBLISHING MGB BRASIL LTDA,,,UNIVERSAL MUSIC PUBLISHING MGB BRASIL LTDA,,,,,,,19548,195
SBT,02. Solicitação fevereiro 2024.xls,Relatório Solicitação,,,,,,WARNER CHAPPELL EDIÇÕES MUSICAIS LTDA,,,WARNER CHAPPELL EDIÇÕES MUSICAIS LTDA,,,,,,,19548,195
SBT,02. Solicitação fevereiro 2024.xls,Relatório Solicitação,,,,,,WARNER CHAPPELL EDIÇÕES MUSICAIS LTDA,,,WARNER CHAPPELL EDIÇÕES MUSICAIS LTDA,,,,,,,29322,293
SBT,02. Solicitação fevereiro 2024.xls,Relatório Solicitação,,,,,,SONY MUSIC PUBLISHING (BRASIL) EDIÇÕES MUSICAIS LTDA,,,SONY MUSIC PUBLISHING (BRASIL) EDIÇÕES MUSICAIS LTDA,,,,,,,9774,98
SBT,02. Solicitação fevereiro 2024.xls,Relatório Solicitação,,,,,,EDITORA E IMPORTADORA MUSICAL FERMATA DO BRASIL LTDA,,,EDITORA E IMPORTADORA MUSICAL FERMATA DO BRASIL LTDA,,,,,,,78192,782
SBT,02. Solicitação fevereiro 2024.xls,Relatório Solicitação,,,,,,SONY MUSIC PUBLISHING (BRASIL) EDIÇÕES MUSICAIS LTDA,,,SONY MUSIC PUBLISHING (BRASIL) EDIÇÕES MUSICAIS LTDA,,,,,,,39096,391
SBT,02. Solicitação fevereiro 2024.xls,Relatório Solicitação,,,,,,DIVERSAS,,,DIVERSAS,,,,,,,29322,293
SBT,02. Solicitação fevereiro 2024.xls,Relatório Solicitação,,,,,,ADDAF - ASS. DEF. DIREITOS AUTORAIS FONOMECÂNICOS,,,ADDAF - ASS. DEF. DIREITOS AUTORAIS FONOMECÂNICOS,,,,,,,9774,98
SBT,02. Solicitação fevereiro 2024.xls,Relatório Solicitação,,,,,,MEGA PRODUÇÕES ARTISTICAS LTDA,,,MEGA PRODUÇÕES ARTISTICAS LTDA,,,,,,,7819,78
SBT,02. Solicitação fevereiro 2024.xls,Relatório Solicitação,,,,,,BMG RIGHTS MANAGEMENT BRASIL LTDA,,,BMG RIGHTS MANAGEMENT BRASIL LTDA,,,,,,,7819,78
SBT,02. Solicitação fevereiro 2024.xls,Relatório Solicitação,,,,,,ABRAMUS DIGITAL SERV. IDENT. REPERTÓRIO,,,ABRAMUS DIGITAL SERV. IDENT. REPERTÓRIO,,,,,,,23458,235
SBT,02. Solicitação fevereiro 2024.xls,Relatório Solicitação,,,,,,UNIVERSAL MUSIC PUBLISHING MGB BRASIL LTDA,,,UNIVERSAL MUSIC PUBLISHING MGB BRASIL LTDA,,,,,,,78192,782
SBT,02. Solicitação fevereiro 2024.xls,Relatório Solicitação,,,,,,WARNER CHAPPELL EDIÇÕES MUSICAIS LTDA,,,WARNER CHAPPELL EDIÇÕES MUSICAIS LTDA,,,,,,,39096,391
SBT,02. Solicitação fevereiro 2024.xls,Relatório Solicitação,,,,,,SONY MUSIC PUBLISHING (BRASIL) EDIÇÕES MUSICAIS LTDA,,,SONY MUSIC PUBLISHING (BRASIL) EDIÇÕES MUSICAIS LTDA,,,,,,,39096,391
SBT,02. Solicitação fevereiro 2024.xls,Relatório Solicitação,,,,,,PEERMUSIC DO BRASIL EDIÇÕES MUSICAIS LTDA,,,PEERMUSIC DO BRASIL EDIÇÕES MUSICAIS LTDA,,,,,,,39096,391
SBT,02. Solicitação fevereiro 2024.xls,Relatório Solicitação,,,,,,DIVERSAS,,,DIVERSAS,,,,,,,13035,130
SBT,02. Solicitação fevereiro 2024.xls,Relatório Solicitação,,,,,,PEERMUSIC DO BRASIL EDIÇÕES MUSICAIS LTDA,,,PEERMUSIC DO BRASIL EDIÇÕES MUSICAIS LTDA,,,,,,,13031,130
SBT,02. Solicitação fevereiro 2024.xls,Relatório Solicitação,,,,,,WARNER CHAPPELL EDIÇÕES MUSICAIS LTDA,,,WARNER CHAPPELL EDIÇÕES MUSICAIS LTDA,,,,,,,13031,130
SBT,02. Solicitação fevereiro 2024.xls,Relatório Solicitação,,,,,,WARNER CHAPPELL EDIÇÕES MUSICAIS LTDA,,,WARNER CHAPPELL EDIÇÕES MUSICAIS LTDA,,,,,,,11729,117
SBT,02. Solicitação fevereiro 2024.xls,Relatório Solicitação,,,,,,DIVERSAS,,,DIVERSAS,,,,,,,66463,665
SBT,02. Solicitação fevereiro 2024.xls,Relatório Solicitação,,,,,,DIVERSAS,,,DIVERSAS,,,,,,,167331,1673
SBT,02. Solicitação fevereiro 2024.xls,Relatório Solicitação,,,,,,UNIVERSAL MUSIC PUBLISHING MGB BRASIL LTDA,,,UNIVERSAL MUSIC PUBLISHING MGB BRASIL LTDA,,,,,,,39096,391
SBT,02. Solicitação fevereiro 2024.xls,Relatório Solicitação,,,,,,SONY MUSIC PUBLISHING (BRASIL) EDIÇÕES MUSICAIS LTDA,,,SONY MUSIC PUBLISHING (BRASIL) EDIÇÕES MUSICAIS LTDA,,,,,,,39096,391
SBT,02. Solicitação fevereiro 2024.xls,Relatório Solicitação,,,,,,UNIVERSAL MUSIC PUBLISHING MGB BRASIL LTDA,,,UNIVERSAL MUSIC PUBLISHING MGB BRASIL LTDA,,,,,,,13035,130
SBT,02. Solicitação fevereiro 2024.xls,Relatório Solicitação,,,,,,DIVERSAS,,,DIVERSAS,,,,,,,13031,130
SBT,02. Solicitação fevereiro 2024.xls,Relatório Solicitação,,,,,,SONY MUSIC PUBLISHING (BRASIL) EDIÇÕES MUSICAIS LTDA,,,SONY MUSIC PUBLISHING (BRASIL) EDIÇÕES MUSICAIS LTDA,,,,,,,13031,130
SBT,02. Solicitação fevereiro 2024.xls,Relatório Solicitação,,,,,,DIVERSAS,,,DIVERSAS,,,,,,,39096,391
SBT,02. Solicitação fevereiro 2024.xls,Relatório Solicitação,,,,,,WARNER CHAPPELL EDIÇÕES MUSICAIS LTDA,,,WARNER CHAPPELL EDIÇÕES MUSICAIS LTDA,,,,,,,39096,391
SBT,02. Solicitação fevereiro 2024.xls,Relatório Solicitação,,,,,,PEERMUSIC DO BRASIL EDIÇÕES MUSICAIS LTDA,,,PEERMUSIC DO BRASIL EDIÇÕES MUSICAIS LTDA,,,,,,,39096,391
SBT,02. Solicitação fevereiro 2024.xls,Relatório Solicitação,,,,,,IRMÃOS VITALE EDITORES LTDA,,,IRMÃOS VITALE EDITORES LTDA,,,,,,,39096,391
SBT,02. Solicitação fevereiro 2024.xls,Relatório Solicitação,,,,,,"MANGIONE, FILHOS E CIA LTDA",,,"MANGIONE, FILHOS E CIA LTDA",,,,,,,39096,391
SBT,02. Solicitação fevereiro 2024.xls,Relatório Solicitação,,,,,,DIVERSAS,,,DIVERSAS,,,,,,,13035,130
SBT,02. Solicitação fevereiro 2024.xls,Relatório Solicitação,,,,,,THIAGO ABDULAHAD NUNES RIOS ME,,,THIAGO ABDULAHAD NUNES RIOS ME,,,,,,,26061,261
SBT,02. Solicitação fevereiro 2024.xls,Relatório Solicitação,,,,,,IESSI MUSIC LABEL LTDA,,,IESSI MUSIC LABEL LTDA,,,,,,,39096,391
SBT,02. Solicitação fevereiro 2024.xls,Relatório Solicitação,,,,,,SONY MUSIC PUBLISHING (BRASIL) EDIÇÕES MUSICAIS LTDA,,,SONY MUSIC PUBLISHING (BRASIL) EDIÇÕES MUSICAIS LTDA,,,,,,,39096,391
SBT,02. Solicitação fevereiro 2024.xls,Relatório Solicitação,,,,,,UNIVERSAL MUSIC PUBLISHING MGB BRASIL LTDA,,,UNIVERSAL MUSIC PUBLISHING MGB BRASIL LTDA,,,,,,,73300,733
SBT,02. Solicitação fevereiro 2024.xls,Relatório Solicitação,,,,,,SONY MUSIC PUBLISHING (BRASIL) EDIÇÕES MUSICAIS LTDA,,,SONY MUSIC PUBLISHING (BRASIL) EDIÇÕES MUSICAIS LTDA,,,,,,,31766,318
SBT,02. Solicitação fevereiro 2024.xls,Relatório Solicitação,,,,,,UNIVERSAL MUSIC PUBLISHING MGB BRASIL LTDA,,,UNIVERSAL MUSIC PUBLISHING MGB BRASIL LTDA,,,,,,,39096,391
SBT,02. Solicitação fevereiro 2024.xls,Relatório Solicitação,,,,,,WARNER CHAPPELL EDIÇÕES MUSICAIS LTDA,,,WARNER CHAPPELL EDIÇÕES MUSICAIS LTDA,,,,,,,39096,391
SBT,02. Solicitação fevereiro 2024.xls,Relatório Solicitação,,,,,,DIVERSAS,,,DIVERSAS,,,,,,,39096,391
SBT,02. Solicitação fevereiro 2024.xls,Relatório Solicitação,,,,,,SONY MUSIC PUBLISHING (BRASIL) EDIÇÕES MUSICAIS LTDA,,,SONY MUSIC PUBLISHING (BRASIL) EDIÇÕES MUSICAIS LTDA,,,,,,,39096,391
SBT,02. Solicitação fevereiro 2024.xls,Relatório Solicitação,,,,,,SONY MUSIC PUBLISHING (BRASIL) EDIÇÕES MUSICAIS LTDA,,,SONY MUSIC PUBLISHING (BRASIL) EDIÇÕES MUSICAIS LTDA,,,,,,,39096,391
SBT,02. Solicitação fevereiro 2024.xls,Relatório Solicitação,,,,,,WARNER CHAPPELL EDIÇÕES MUSICAIS LTDA,,,WARNER CHAPPELL EDIÇÕES MUSICAIS LTDA,,,,,,,39096,391
SBT,02. Solicitação fevereiro 2024.xls,Relatório Solicitação,,,,,,BMG RIGHTS MANAGEMENT BRASIL LTDA,,,BMG RIGHTS MANAGEMENT BRASIL LTDA,,,,,,,4887,49
SBT,02. Solicitação fevereiro 2024.xls,Relatório Solicitação,,,,,,EDITORA E IMPORTADORA MUSICAL FERMATA DO BRASIL LTDA,,,EDITORA E IMPORTADORA MUSICAL FERMATA DO BRASIL LTDA,,,,,,,24435,244
SBT,02. Solicitação fevereiro 2024.xls,Relatório Solicitação,,,,,,ABRAMUS DIGITAL SERV. IDENT. REPERTÓRIO,,,ABRAMUS DIGITAL SERV. IDENT. REPERTÓRIO,,,,,,,4887,49
SBT,02. Solicitação fevereiro 2024.xls,Relatório Solicitação,,,,,,SONY MUSIC PUBLISHING (BRASIL) EDIÇÕES MUSICAIS LTDA,,,SONY MUSIC PUBLISHING (BRASIL) EDIÇÕES MUSICAIS LTDA,,,,,,,4887,49
SBT,02. Solicitação fevereiro 2024.xls,Relatório Solicitação,,,,,,SONY MUSIC PUBLISHING (BRASIL) EDIÇÕES MUSICAIS LTDA,,,SONY MUSIC PUBLISHING (BRASIL) EDIÇÕES MUSICAIS LTDA,,,,,,,39096,391
SBT,02. Solicitação fevereiro 2024.xls,Relatório Solicitação,,,,,,DIVERSAS,,,DIVERSAS,,,,,,,39096,391
SBT,02. Solicitação fevereiro 2024.xls,Relatório Solicitação,,,,,,NOWA PRODUÇÕES ARTÍSTICAS LTDA,,,NOWA PRODUÇÕES ARTÍSTICAS LTDA,,,,,,,39096,391
SBT,02. Solicitação fevereiro 2024.xls,Relatório Solicitação,,,,,,NOWA PRODUÇÕES ARTÍSTICAS LTDA,,,NOWA PRODUÇÕES ARTÍSTICAS LTDA,,,,,,,39096,391
SBT,02. Solicitação fevereiro 2024.xls,Relatório Solicitação,,,,,,DIVERSAS,,,DIVERSAS,,,,,,,19548,195
SBT,02. Solicitação fevereiro 2024.xls,Relatório Solicitação,,,,,,UNIVERSAL MUSIC PUBLISHING MGB BRASIL LTDA,,,UNIVERSAL MUSIC PUBLISHING MGB BRASIL LTDA,,,,,,,19548,195
SBT,02. Solicitação fevereiro 2024.xls,Relatório Solicitação,,,,,,SONY MUSIC PUBLISHING (BRASIL) EDIÇÕES MUSICAIS LTDA,,,SONY MUSIC PUBLISHING (BRASIL) EDIÇÕES MUSICAIS LTDA,,,,,,,39096,391
SBT,02. Solicitação fevereiro 2024.xls,Relatório Solicitação,,,,,,SONY MUSIC PUBLISHING (BRASIL) EDIÇÕES MUSICAIS LTDA,,,SONY MUSIC PUBLISHING (BRASIL) EDIÇÕES MUSICAIS LTDA,,,,,,,39096,391
SBT,02. Solicitação fevereiro 2024.xls,Relatório Solicitação,,,,,,DIVERSAS,,,DIVERSAS,,,,,,,7819,78
SBT,02. Solicitação fevereiro 2024.xls,Relatório Solicitação,,,,,,SONY MUSIC PUBLISHING (BRASIL) EDIÇÕES MUSICAIS LTDA,,,SONY MUSIC PUBLISHING (BRASIL) EDIÇÕES MUSICAIS LTDA,,,,,,,31277,313
SBT,02. Solicitação fevereiro 2024.xls,Relatório Solicitação,,,,,,DIVERSAS,,,DIVERSAS,,,,,,,7819,78
SBT,02. Solicitação fevereiro 2024.xls,Relatório Solicitação,,,,,,SONY MUSIC PUBLISHING (BRASIL) EDIÇÕES MUSICAIS LTDA,,,SONY MUSIC PUBLISHING (BRASIL) EDIÇÕES MUSICAIS LTDA,,,,,,,31277,313
SBT,02. Solicitação fevereiro 2024.xls,Relatório Solicitação,,,,,,DIVERSAS,,,DIVERSAS,,,,,,,39096,391
SBT,02. Solicitação fevereiro 2024.xls,Relatório Solicitação,,,,,,DIVERSAS,,,DIVERSAS,,,,,,,10263,103
SBT,02. Solicitação fevereiro 2024.xls,Relatório Solicitação,,,,,,SONY MUSIC PUBLISHING (BRASIL) EDIÇÕES MUSICAIS LTDA,,,SONY MUSIC PUBLISHING (BRASIL) EDIÇÕES MUSICAIS LTDA,,,,,,,151500,1515
SBT,02. Solicitação fevereiro 2024.xls,Relatório Solicitação,,,,,,DECK PRODUÇÕES ARTÍSTICAS LTDA,,,DECK PRODUÇÕES ARTÍSTICAS LTDA,,,,,,,13684,137
SBT,02. Solicitação fevereiro 2024.xls,Relatório Solicitação,,,,,,PEERMUSIC DO BRASIL EDIÇÕES MUSICAIS LTDA,,,PEERMUSIC DO BRASIL EDIÇÕES MUSICAIS LTDA,,,,,,,39096,391
SBT,02. Solicitação fevereiro 2024.xls,Relatório Solicitação,,,,,,BMG RIGHTS MANAGEMENT BRASIL LTDA,,,BMG RIGHTS MANAGEMENT BRASIL LTDA,,,,,,,39096,391
SBT,02. Solicitação fevereiro 2024.xls,Relatório Solicitação,,,,,,UNIVERSAL MUSIC PUBLISHING MGB BRASIL LTDA,,,UNIVERSAL MUSIC PUBLISHING MGB BRASIL LTDA,,,,,,,9774,98
SBT,02. Solicitação fevereiro 2024.xls,Relatório Solicitação,,,,,,WARNER CHAPPELL EDIÇÕES MUSICAIS LTDA,,,WARNER CHAPPELL EDIÇÕES MUSICAIS LTDA,,,,,,,29322,293
SBT,02. Solicitação fevereiro 2024.xls,Relatório Solicitação,,,,,,WARNER CHAPPELL EDIÇÕES MUSICAIS LTDA,,,WARNER CHAPPELL EDIÇÕES MUSICAIS LTDA,,,,,,,19548,195
SBT,02. Solicitação fevereiro 2024.xls,Relatório Solicitação,,,,,,DIVERSAS,,,DIVERSAS,,,,,,,19548,195
SBT,02. Solicitação fevereiro 2024.xls,Relatório Solicitação,,,,,,UNIVERSAL MUSIC PUBLISHING MGB BRASIL LTDA,,,UNIVERSAL MUSIC PUBLISHING MGB BRASIL LTDA,,,,,,,14661,147
SBT,02. Solicitação fevereiro 2024.xls,Relatório Solicitação,,,,,,SONY MUSIC PUBLISHING (BRASIL) EDIÇÕES MUSICAIS LTDA,,,SONY MUSIC PUBLISHING (BRASIL) EDIÇÕES MUSICAIS LTDA,,,,,,,24435,244
SBT,02. Solicitação fevereiro 2024.xls,Relatório Solicitação,,,,,,UNIVERSAL MUSIC PUBLISHING MGB BRASIL LTDA,,,UNIVERSAL MUSIC PUBLISHING MGB BRASIL LTDA,,,,,,,39096,391
SBT,02. Solicitação fevereiro 2024.xls,Relatório Solicitação,,,,,,SONY MUSIC PUBLISHING (BRASIL) EDIÇÕES MUSICAIS LTDA,,,SONY MUSIC PUBLISHING (BRASIL) EDIÇÕES MUSICAIS LTDA,,,,,,,39096,391
SBT,02. Solicitação fevereiro 2024.xls,Relatório Solicitação,,,,,,PEERMUSIC DO BRASIL EDIÇÕES MUSICAIS LTDA,,,PEERMUSIC DO BRASIL EDIÇÕES MUSICAIS LTDA,,,,,,,39096,391
SBT,02. Solicitação fevereiro 2024.xls,Relatório Solicitação,,,,,,UNIVERSAL MUSIC PUBLISHING MGB BRASIL LTDA,,,UNIVERSAL MUSIC PUBLISHING MGB BRASIL LTDA,,,,,,,39096,391
SBT,02. Solicitação fevereiro 2024.xls,Relatório Solicitação,,,,,,WARNER CHAPPELL EDIÇÕES MUSICAIS LTDA,,,WARNER CHAPPELL EDIÇÕES MUSICAIS LTDA,,,,,,,39096,391
SBT,02. Solicitação fevereiro 2024.xls,Relatório Solicitação,,,,,,DIVERSAS,,,DIVERSAS,,,,,,,39096,391
SBT,02. Solicitação fevereiro 2024.xls,Relatório Solicitação,,,,,,EDITORA MUSICAL CORISCO LTDA,,,EDITORA MUSICAL CORISCO LTDA,,,,,,,39096,391
SBT,02. Solicitação fevereiro 2024.xls,Relatório Solicitação,,,,,,WARNER CHAPPELL EDIÇÕES MUSICAIS LTDA,,,WARNER CHAPPELL EDIÇÕES MUSICAIS LTDA,,,,,,,39096,391
SBT,02. Solicitação fevereiro 2024.xls,Relatório Solicitação,,,,,,SONY MUSIC PUBLISHING (BRASIL) EDIÇÕES MUSICAIS LTDA,,,SONY MUSIC PUBLISHING (BRASIL) EDIÇÕES MUSICAIS LTDA,,,,,,,39096,391
SBT,02. Solicitação fevereiro 2024.xls,Relatório Solicitação,,,,,,WARNER CHAPPELL EDIÇÕES MUSICAIS LTDA,,,WARNER CHAPPELL EDIÇÕES MUSICAIS LTDA,,,,,,,39096,391
SBT,02. Solicitação fevereiro 2024.xls,Relatório Solicitação,,,,,,SONY MUSIC PUBLISHING (BRASIL) EDIÇÕES MUSICAIS LTDA,,,SONY MUSIC PUBLISHING (BRASIL) EDIÇÕES MUSICAIS LTDA,,,,,,,39096,391
SBT,02. Solicitação fevereiro 2024.xls,Relatório Solicitação,,,,,,PEERMUSIC DO BRASIL EDIÇÕES MUSICAIS LTDA,,,PEERMUSIC DO BRASIL EDIÇÕES MUSICAIS LTDA,,,,,,,78192,782
SBT,02. Solicitação fevereiro 2024.xls,Relatório Solicitação,,,,,,UNIVERSAL MUSIC PUBLISHING MGB BRASIL LTDA,,,UNIVERSAL MUSIC PUBLISHING MGB BRASIL LTDA,,,,,,,78192,782
SBT,02. Solicitação fevereiro 2024.xls,Relatório Solicitação,,,,,,WARNER CHAPPELL EDIÇÕES MUSICAIS LTDA,,,WARNER CHAPPELL EDIÇÕES MUSICAIS LTDA,,,,,,,29322,293
SBT,02. Solicitação fevereiro 2024.xls,Relatório Solicitação,,,,,,SONY MUSIC PUBLISHING (BRASIL) EDIÇÕES MUSICAIS LTDA,,,SONY MUSIC PUBLISHING (BRASIL) EDIÇÕES MUSICAIS LTDA,,,,,,,9774,98
SBT,02. Solicitação fevereiro 2024.xls,Relatório Solicitação,,,,,,WARNER CHAPPELL EDIÇÕES MUSICAIS LTDA,,,WARNER CHAPPELL EDIÇÕES MUSICAIS LTDA,,,,,,,39096,391
SBT,02. Solicitação fevereiro 2024.xls,Relatório Solicitação,,,,,,WORLDSHOW PROMOÇÕES E EVENTOS,,,WORLDSHOW PROMOÇÕES E EVENTOS,,,,,,,19548,195
SBT,02. Solicitação fevereiro 2024.xls,Relatório Solicitação,,,,,,DECK PRODUÇÕES ARTÍSTICAS LTDA,,,DECK PRODUÇÕES ARTÍSTICAS LTDA,,,,,,,19548,195
SBT,02. Solicitação fevereiro 2024.xls,Relatório Solicitação,,,,,,WARNER CHAPPELL EDIÇÕES MUSICAIS LTDA,,,WARNER CHAPPELL EDIÇÕES MUSICAIS LTDA,,,,,,,78192,782
SBT,02. Solicitação fevereiro 2024.xls,Relatório Solicitação,,,,,,ABRAMUS DIGITAL SERV. IDENT. REPERTÓRIO,,,ABRAMUS DIGITAL SERV. IDENT. REPERTÓRIO,,,,,,,39096,391
SBT,02. Solicitação fevereiro 2024.xls,Relatório Solicitação,,,,,,SONY MUSIC PUBLISHING (BRASIL) EDIÇÕES MUSICAIS LTDA,,,SONY MUSIC PUBLISHING (BRASIL) EDIÇÕES MUSICAIS LTDA,,,,,,,39096,391
SBT,02. Solicitação fevereiro 2024.xls,Relatório Solicitação,,,,,,DIVERSAS,,,DIVERSAS,,,,,,,39096,391
SBT,02. Solicitação fevereiro 2024.xls,Relatório Solicitação,,,,,,SONY MUSIC PUBLISHING (BRASIL) EDIÇÕES MUSICAIS LTDA,,,SONY MUSIC PUBLISHING (BRASIL) EDIÇÕES MUSICAIS LTDA,,,,,,,39096,391
SBT,02. Solicitação fevereiro 2024.xls,Relatório Solicitação,,,,,,DIVERSAS,,,DIVERSAS,,,,,,,78192,782
SBT,02. Solicitação fevereiro 2024.xls,Relatório Solicitação,,,,,,MAC MAC PRODUÇÕES ARTÍSTICAS LTDA.,,,MAC MAC PRODUÇÕES ARTÍSTICAS LTDA.,,,,,,,39096,391
SBT,02. Solicitação fevereiro 2024.xls,Relatório Solicitação,,,,,,SM PUBLISHING (BRASIL) EDIÇÕES MUSICAIS LTDA,,,SM PUBLISHING (BRASIL) EDIÇÕES MUSICAIS LTDA,,,,,,,19548,195
SBT,02. Solicitação fevereiro 2024.xls,Relatório Solicitação,,,,,,WARNER CHAPPELL EDIÇÕES MUSICAIS LTDA,,,WARNER CHAPPELL EDIÇÕES MUSICAIS LTDA,,,,,,,19548,195
SBT,02. Solicitação fevereiro 2024.xls,Relatório Solicitação,,,,,,WARNER CHAPPELL EDIÇÕES MUSICAIS LTDA,,,WARNER CHAPPELL EDIÇÕES MUSICAIS LTDA,,,,,,,78192,782
SBT,02. Solicitação fevereiro 2024.xls,Relatório Solicitação,,,,,,PEERMUSIC DO BRASIL EDIÇÕES MUSICAIS LTDA,,,PEERMUSIC DO BRASIL EDIÇÕES MUSICAIS LTDA,,,,,,,78192,782
SBT,02. Solicitação fevereiro 2024.xls,Relatório Solicitação,,,,,,UNIVERSAL MUSIC PUBLISHING MGB BRASIL LTDA,,,UNIVERSAL MUSIC PUBLISHING MGB BRASIL LTDA,,,,,,,31277,313
SBT,02. Solicitação fevereiro 2024.xls,Relatório Solicitação,,,,,,SONY MUSIC PUBLISHING (BRASIL) EDIÇÕES MUSICAIS LTDA,,,SONY MUSIC PUBLISHING (BRASIL) EDIÇÕES MUSICAIS LTDA,,,,,,,7819,78
SBT,02. Solicitação fevereiro 2024.xls,Relatório Solicitação,,,,,,JKF,,,JKF,,,,,,,39096,391
SBT,02. Solicitação fevereiro 2024.xls,Relatório Solicitação,,,,,,SONY MUSIC PUBLISHING (BRASIL) EDIÇÕES MUSICAIS LTDA,,,SONY MUSIC PUBLISHING (BRASIL) EDIÇÕES MUSICAIS LTDA,,,,,,,39096,391
SBT,02. Solicitação fevereiro 2024.xls,Relatório Solicitação,,,,,,UNIVERSAL MUSIC PUBLISHING MGB BRASIL LTDA,,,UNIVERSAL MUSIC PUBLISHING MGB BRASIL LTDA,,,,,,,78192,782
SBT,02. Solicitação fevereiro 2024.xls,Relatório Solicitação,,,,,,UNIVERSAL MUSIC PUBLISHING MGB BRASIL LTDA,,,UNIVERSAL MUSIC PUBLISHING MGB BRASIL LTDA,,,,,,,78192,782
SBT,02. Solicitação fevereiro 2024.xls,Relatório Solicitação,,,,,,UNIVERSAL MUSIC PUBLISHING MGB BRASIL LTDA,,,UNIVERSAL MUSIC PUBLISHING MGB BRASIL LTDA,,,,,,,39096,391
SBT,02. Solicitação fevereiro 2024.xls,Relatório Solicitação,,,,,,EDITORA MUSICAL CORISCO LTDA,,,EDITORA MUSICAL CORISCO LTDA,,,,,,,19548,195
SBT,02. Solicitação fevereiro 2024.xls,Relatório Solicitação,,,,,,DIVERSAS,,,DIVERSAS,,,,,,,19548,195
SBT,02. Solicitação fevereiro 2024.xls,Relatório Solicitação,,,,,,ATRAÇÃO PRODUÇÕES ILIMITADAS LTDA,,,ATRAÇÃO PRODUÇÕES ILIMITADAS LTDA,,,,,,,39096,391
SBT,02. Solicitação fevereiro 2024.xls,Relatório Solicitação,,,,,,NANY CD'S LTDA,,,NANY CD'S LTDA,,,,,,,39096,391
SBT,02. Solicitação fevereiro 2024.xls,Relatório Solicitação,,,,,,THIAGO ABDULAHAD NUNES RIOS ME,,,THIAGO ABDULAHAD NUNES RIOS ME,,,,,,,9774,98
SBT,02. Solicitação fevereiro 2024.xls,Relatório Solicitação,,,,,,WARNER CHAPPELL EDIÇÕES MUSICAIS LTDA,,,WARNER CHAPPELL EDIÇÕES MUSICAIS LTDA,,,,,,,29322,293
SBT,02. Solicitação fevereiro 2024.xls,Relatório Solicitação,,,,,,THIAGO ABDULAHAD NUNES RIOS ME,,,THIAGO ABDULAHAD NUNES RIOS ME,,,,,,,31277,313
SBT,02. Solicitação fevereiro 2024.xls,Relatório Solicitação,,,,,,DIVERSAS,,,DIVERSAS,,,,,,,7819,78
SBT,02. Solicitação fevereiro 2024.xls,Relatório Solicitação,,,,,,DIVERSAS,,,DIVERSAS,,,,,,,13035,130
SBT,02. Solicitação fevereiro 2024.xls,Relatório Solicitação,,,,,,THIAGO ABDULAHAD NUNES RIOS ME,,,THIAGO ABDULAHAD NUNES RIOS ME,,,,,,,26061,261
SBT,02. Solicitação fevereiro 2024.xls,Relatório Solicitação,,,,,,BMG RIGHTS MANAGEMENT BRASIL LTDA,,,BMG RIGHTS MANAGEMENT BRASIL LTDA,,,,,,,11338,113
SBT,02. Solicitação fevereiro 2024.xls,Relatório Solicitação,,,,,,DIVERSAS,,,DIVERSAS,,,,,,,16585,166
SBT,02. Solicitação fevereiro 2024.xls,Relatório Solicitação,,,,,,SONY MUSIC PUBLISHING (BRASIL) EDIÇÕES MUSICAIS LTDA,,,SONY MUSIC PUBLISHING (BRASIL) EDIÇÕES MUSICAIS LTDA,,,,,,,11174,112
SBT,02. Solicitação fevereiro 2024.xls,Relatório Solicitação,,,,,,DIVERSAS,,,DIVERSAS,,,,,,,39096,391
SBT,02. Solicitação fevereiro 2024.xls,Relatório Solicitação,,,,,,WARNER CHAPPELL EDIÇÕES MUSICAIS LTDA,,,WARNER CHAPPELL EDIÇÕES MUSICAIS LTDA,,,,,,,19548,195
SBT,02. Solicitação fevereiro 2024.xls,Relatório Solicitação,,,,,,PEERMUSIC DO BRASIL EDIÇÕES MUSICAIS LTDA,,,PEERMUSIC DO BRASIL EDIÇÕES MUSICAIS LTDA,,,,,,,19548,195
SBT,02. Solicitação fevereiro 2024.xls,Relatório Solicitação,,,,,,SONY MUSIC PUBLISHING (BRASIL) EDIÇÕES MUSICAIS LTDA,,,SONY MUSIC PUBLISHING (BRASIL) EDIÇÕES MUSICAIS LTDA,,,,,,,39096,391
SBT,02. Solicitação fevereiro 2024.xls,Relatório Solicitação,,,,,,DIVERSAS,,,DIVERSAS,,,,,,,78192,782
SBT,02. Solicitação fevereiro 2024.xls,Relatório Solicitação,,,,,,"MANGIONE, FILHOS E CIA LTDA",,,"MANGIONE, FILHOS E CIA LTDA",,,,,,,39096,391
SBT,02. Solicitação fevereiro 2024.xls,Relatório Solicitação,,,,,,DIVERSAS,,,DIVERSAS,,,,,,,31277,313
SBT,02. Solicitação fevereiro 2024.xls,Relatório Solicitação,,,,,,DECK PRODUÇÕES ARTÍSTICAS LTDA,,,DECK PRODUÇÕES ARTÍSTICAS LTDA,,,,,,,7819,78
SBT,02. Solicitação fevereiro 2024.xls,Relatório Solicitação,,,,,,WARNER CHAPPELL EDIÇÕES MUSICAIS LTDA,,,WARNER CHAPPELL EDIÇÕES MUSICAIS LTDA,,,,,,,15638,156
SBT,02. Solicitação fevereiro 2024.xls,Relatório Solicitação,,,,,,THIAGO ABDULAHAD NUNES RIOS ME,,,THIAGO ABDULAHAD NUNES RIOS ME,,,,,,,15638,156
SBT,02. Solicitação fevereiro 2024.xls,Relatório Solicitação,,,,,,SONY MUSIC PUBLISHING (BRASIL) EDIÇÕES MUSICAIS LTDA,,,SONY MUSIC PUBLISHING (BRASIL) EDIÇÕES MUSICAIS LTDA,,,,,,,46915,469
SBT,02. Solicitação fevereiro 2024.xls,Relatório Solicitação,,,,,,SONY MUSIC PUBLISHING (BRASIL) EDIÇÕES MUSICAIS LTDA,,,SONY MUSIC PUBLISHING (BRASIL) EDIÇÕES MUSICAIS LTDA,,,,,,,78192,782
SBT,02. Solicitação fevereiro 2024.xls,Relatório Solicitação,,,,,,BMG RIGHTS MANAGEMENT BRASIL LTDA,,,BMG RIGHTS MANAGEMENT BRASIL LTDA,,,,,,,58644,586
SBT,02. Solicitação fevereiro 2024.xls,Relatório Solicitação,,,,,,ABRAMUS DIGITAL SERV. IDENT. REPERTÓRIO,,,ABRAMUS DIGITAL SERV. IDENT. REPERTÓRIO,,,,,,,19548,195
SBT,02. Solicitação fevereiro 2024.xls,Relatório Solicitação,,,,,,DIVERSAS,,,DIVERSAS,,,,,,,11729,117
SBT,02. Solicitação fevereiro 2024.xls,Relatório Solicitação,,,,,,WARNER CHAPPELL EDIÇÕES MUSICAIS LTDA,,,WARNER CHAPPELL EDIÇÕES MUSICAIS LTDA,,,,,,,66463,665
SBT,02. Solicitação fevereiro 2024.xls,Relatório Solicitação,,,,,,BMG RIGHTS MANAGEMENT BRASIL LTDA,,,BMG RIGHTS MANAGEMENT BRASIL LTDA,,,,,,,13035,130
SBT,02. Solicitação fevereiro 2024.xls,Relatório Solicitação,,,,,,DIVERSAS,,,DIVERSAS,,,,,,,16,0
SBT,02. Solicitação fevereiro 2024.xls,Relatório Solicitação,,,,,,WARNER CHAPPELL EDIÇÕES MUSICAIS LTDA,,,WARNER CHAPPELL EDIÇÕES MUSICAIS LTDA,,,,,,,26054,261
SBT,02. Solicitação fevereiro 2024.xls,Relatório Solicitação,,,,,,SONY MUSIC PUBLISHING (BRASIL) EDIÇÕES MUSICAIS LTDA,,,SONY MUSIC PUBLISHING (BRASIL) EDIÇÕES MUSICAIS LTDA,,,,,,,39088,391
SBT,02. Solicitação fevereiro 2024.xls,Relatório Solicitação,,,,,,BMG RIGHTS MANAGEMENT BRASIL LTDA,,,BMG RIGHTS MANAGEMENT BRASIL LTDA,,,,,,,78192,782
SBT,02. Solicitação fevereiro 2024.xls,Relatório Solicitação,,,,,,BMG RIGHTS MANAGEMENT BRASIL LTDA,,,BMG RIGHTS MANAGEMENT BRASIL LTDA,,,,,,,78192,782
SBT,02. Solicitação fevereiro 2024.xls,Relatório Solicitação,,,,,,WARNER CHAPPELL EDIÇÕES MUSICAIS LTDA,,,WARNER CHAPPELL EDIÇÕES MUSICAIS LTDA,,,,,,,78192,782
SBT,02. Solicitação fevereiro 2024.xls,Relatório Solicitação,,,,,,BMG RIGHTS MANAGEMENT BRASIL LTDA,,,BMG RIGHTS MANAGEMENT BRASIL LTDA,,,,,,,15638,156
SBT,02. Solicitação fevereiro 2024.xls,Relatório Solicitação,,,,,,EDITORA MUSICAL PANTTANAL LTDA,,,EDITORA MUSICAL PANTTANAL LTDA,,,,,,,31277,313
SBT,02. Solicitação fevereiro 2024.xls,Relatório Solicitação,,,,,,ABRAMUS DIGITAL SERV. IDENT. REPERTÓRIO,,,ABRAMUS DIGITAL SERV. IDENT. REPERTÓRIO,,,,,,,15638,156
SBT,02. Solicitação fevereiro 2024.xls,Relatório Solicitação,,,,,,WARNER CHAPPELL EDIÇÕES MUSICAIS LTDA,,,WARNER CHAPPELL EDIÇÕES MUSICAIS LTDA,,,,,,,15638,156
SBT,02. Solicitação fevereiro 2024.xls,Relatório Solicitação,,,,,,WARNER CHAPPELL EDIÇÕES MUSICAIS LTDA,,,WARNER CHAPPELL EDIÇÕES MUSICAIS LTDA,,,,,,,78192,782
SBT,02. Solicitação fevereiro 2024.xls,Relatório Solicitação,,,,,,PEPATO & PEPATO EMPREENDIMENTOS ARTISTICOS E MUSICAIS,,,PEPATO & PEPATO EMPREENDIMENTOS ARTISTICOS E MUSICAIS,,,,,,,26061,261
SBT,02. Solicitação fevereiro 2024.xls,Relatório Solicitação,,,,,,WARNER CHAPPELL EDIÇÕES MUSICAIS LTDA,,,WARNER CHAPPELL EDIÇÕES MUSICAIS LTDA,,,,,,,26061,261
SBT,02. Solicitação fevereiro 2024.xls,Relatório Solicitação,,,,,,ABRAMUS DIGITAL SERV. IDENT. REPERTÓRIO,,,ABRAMUS DIGITAL SERV. IDENT. REPERTÓRIO,,,,,,,26069,261
SBT,02. Solicitação fevereiro 2024.xls,Relatório Solicitação,,,,,,SONY MUSIC PUBLISHING (BRASIL) EDIÇÕES MUSICAIS LTDA,,,SONY MUSIC PUBLISHING (BRASIL) EDIÇÕES MUSICAIS LTDA,,,,,,,34436,344
SBT,02. Solicitação fevereiro 2024.xls,Relatório Solicitação,,,,,,DIVERSAS,,,DIVERSAS,,,,,,,28118,281
SBT,02. Solicitação fevereiro 2024.xls,Relatório Solicitação,,,,,,NOSSAMÚSICA PRODUÇÕES E EDIÇÕES MUSICAIS LTDA,,,NOSSAMÚSICA PRODUÇÕES E EDIÇÕES MUSICAIS LTDA,,,,,,,15638,156
SBT,02. Solicitação fevereiro 2024.xls,Relatório Solicitação,,,,,,UNIVERSAL MUSIC PUBLISHING MGB BRASIL LTDA,,,UNIVERSAL MUSIC PUBLISHING MGB BRASIL LTDA,,,,,,,52131,521
SBT,02. Solicitação fevereiro 2024.xls,Relatório Solicitação,,,,,,BMG RIGHTS MANAGEMENT BRASIL LTDA,,,BMG RIGHTS MANAGEMENT BRASIL LTDA,,,,,,,10423,104
SBT,02. Solicitação fevereiro 2024.xls,Relatório Solicitação,,,,,,SONY MUSIC PUBLISHING (BRASIL) EDIÇÕES MUSICAIS LTDA,,,SONY MUSIC PUBLISHING (BRASIL) EDIÇÕES MUSICAIS LTDA,,,,,,,15638,156
SBT,02. Solicitação fevereiro 2024.xls,Relatório Solicitação,,,,,,MINHA AUTORIA ASSESSORIA EM DIREITOS MUSICAIS LTDA.,,,MINHA AUTORIA ASSESSORIA EM DIREITOS MUSICAIS LTDA.,,,,,,,39096,391
SBT,02. Solicitação fevereiro 2024.xls,Relatório Solicitação,,,,,,UNIVERSAL MUSIC PUBLISHING MGB BRASIL LTDA,,,UNIVERSAL MUSIC PUBLISHING MGB BRASIL LTDA,,,,,,,39096,391
SBT,02. Solicitação fevereiro 2024.xls,Relatório Solicitação,,,,,,DIVERSAS,,,DIVERSAS,,,,,,,11729,117
SBT,02. Solicitação fevereiro 2024.xls,Relatório Solicitação,,,,,,WARNER CHAPPELL EDIÇÕES MUSICAIS LTDA,,,WARNER CHAPPELL EDIÇÕES MUSICAIS LTDA,,,,,,,27367,274
SBT,02. Solicitação fevereiro 2024.xls,Relatório Solicitação,,,,,,ADDAF - ASS. DEF. DIREITOS AUTORAIS FONOMECÂNICOS,,,ADDAF - ASS. DEF. DIREITOS AUTORAIS FONOMECÂNICOS,,,,,,,19548,195
SBT,02. Solicitação fevereiro 2024.xls,Relatório Solicitação,,,,,,UNIVERSAL MUSIC PUBLISHING MGB BRASIL LTDA,,,UNIVERSAL MUSIC PUBLISHING MGB BRASIL LTDA,,,,,,,19548,195
SBT,02. Solicitação fevereiro 2024.xls,Relatório Solicitação,,,,,,ADDAF - ASS. DEF. DIREITOS AUTORAIS FONOMECÂNICOS,,,ADDAF - ASS. DEF. DIREITOS AUTORAIS FONOMECÂNICOS,,,,,,,19548,195
SBT,02. Solicitação fevereiro 2024.xls,Relatório Solicitação,,,,,,SONY MUSIC PUBLISHING (BRASIL) EDIÇÕES MUSICAIS LTDA,,,SONY MUSIC PUBLISHING (BRASIL) EDIÇÕES MUSICAIS LTDA,,,,,,,19548,195
SBT,02. Solicitação fevereiro 2024.xls,Relatório Solicitação,,,,,,DIVERSAS,,,DIVERSAS,,,,,,,19548,195
SBT,02. Solicitação fevereiro 2024.xls,Relatório Solicitação,,,,,,ABRAMUS DIGITAL SERV. IDENT. REPERTÓRIO,,,ABRAMUS DIGITAL SERV. IDENT. REPERTÓRIO,,,,,,,9774,98
SBT,02. Solicitação fevereiro 2024.xls,Relatório Solicitação,,,,,,WARNER CHAPPELL EDIÇÕES MUSICAIS LTDA,,,WARNER CHAPPELL EDIÇÕES MUSICAIS LTDA,,,,,,,9774,98
SBT,02. Solicitação fevereiro 2024.xls,Relatório Solicitação,,,,,,DIVERSAS,,,DIVERSAS,,,,,,,29322,293
SBT,02. Solicitação fevereiro 2024.xls,Relatório Solicitação,,,,,,SONY MUSIC PUBLISHING (BRASIL) EDIÇÕES MUSICAIS LTDA,,,SONY MUSIC PUBLISHING (BRASIL) EDIÇÕES MUSICAIS LTDA,,,,,,,488700,4887
SBT,02. Solicitação fevereiro 2024.xls,Relatório Solicitação,,,,,,SONY MUSIC PUBLISHING (BRASIL) EDIÇÕES MUSICAIS LTDA,,,SONY MUSIC PUBLISHING (BRASIL) EDIÇÕES MUSICAIS LTDA,,,,,,,19548,195
SBT,02. Solicitação fevereiro 2024.xls,Relatório Solicitação,,,,,,WARNER CHAPPELL EDIÇÕES MUSICAIS LTDA,,,WARNER CHAPPELL EDIÇÕES MUSICAIS LTDA,,,,,,,19548,195
SBT,02. Solicitação fevereiro 2024.xls,Relatório Solicitação,,,,,,PEERMUSIC DO BRASIL EDIÇÕES MUSICAIS LTDA,,,PEERMUSIC DO BRASIL EDIÇÕES MUSICAIS LTDA,,,,,,,39096,391
SBT,02. Solicitação fevereiro 2024.xls,Relatório Solicitação,,,,,,WARNER CHAPPELL EDIÇÕES MUSICAIS LTDA,,,WARNER CHAPPELL EDIÇÕES MUSICAIS LTDA,,,,,,,39096,391
SBT,02. Solicitação fevereiro 2024.xls,Relatório Solicitação,,,,,,UNIVERSAL MUSIC PUBLISHING MGB BRASIL LTDA,,,UNIVERSAL MUSIC PUBLISHING MGB BRASIL LTDA,,,,,,,19548,195
SBT,02. Solicitação fevereiro 2024.xls,Relatório Solicitação,,,,,,WARNER CHAPPELL EDIÇÕES MUSICAIS LTDA,,,WARNER CHAPPELL EDIÇÕES MUSICAIS LTDA,,,,,,,19548,195
SBT,02. Solicitação fevereiro 2024.xls,Relatório Solicitação,,,,,,DIVERSAS,,,DIVERSAS,,,,,,,9774,98
SBT,02. Solicitação fevereiro 2024.xls,Relatório Solicitação,,,,,,THIAGO ABDULAHAD NUNES RIOS ME,,,THIAGO ABDULAHAD NUNES RIOS ME,,,,,,,9774,98
SBT,02. Solicitação fevereiro 2024.xls,Relatório Solicitação,,,,,,ABRAMUS DIGITAL SERV. IDENT. REPERTÓRIO,,,ABRAMUS DIGITAL SERV. IDENT. REPERTÓRIO,,,,,,,9774,98
SBT,02. Solicitação fevereiro 2024.xls,Relatório Solicitação,,,,,,WARNER CHAPPELL EDIÇÕES MUSICAIS LTDA,,,WARNER CHAPPELL EDIÇÕES MUSICAIS LTDA,,,,,,,9774,98
SBT,02. Solicitação fevereiro 2024.xls,Relatório Solicitação,,,,,,BMG RIGHTS MANAGEMENT BRASIL LTDA,,,BMG RIGHTS MANAGEMENT BRASIL LTDA,,,,,,,39096,391
SBT,02. Solicitação fevereiro 2024.xls,Relatório Solicitação,,,,,,DIVERSAS,,,DIVERSAS,,,,,,,26065,261
SBT,02. Solicitação fevereiro 2024.xls,Relatório Solicitação,,,,,,WARNER CHAPPELL EDIÇÕES MUSICAIS LTDA,,,WARNER CHAPPELL EDIÇÕES MUSICAIS LTDA,,,,,,,13031,130
SBT,02. Solicitação fevereiro 2024.xls,Relatório Solicitação,,,,,,UNIVERSAL MUSIC PUBLISHING MGB BRASIL LTDA,,,UNIVERSAL MUSIC PUBLISHING MGB BRASIL LTDA,,,,,,,39096,391
SBT,02. Solicitação fevereiro 2024.xls,Relatório Solicitação,,,,,,UNIVERSAL MUSIC PUBLISHING MGB BRASIL LTDA,,,UNIVERSAL MUSIC PUBLISHING MGB BRASIL LTDA,,,,,,,39096,391
SBT,02. Solicitação fevereiro 2024.xls,Relatório Solicitação,,,,,,BERGER PRODUÇÕES LTDA,,,BERGER PRODUÇÕES LTDA,,,,,,,19548,195
SBT,02. Solicitação fevereiro 2024.xls,Relatório Solicitação,,,,,,DIVERSAS,,,DIVERSAS,,,,,,,19548,195
SBT,02. Solicitação fevereiro 2024.xls,Relatório Solicitação,,,,,,DIVERSAS,,,DIVERSAS,,,,,,,39096,391
SBT,02. Solicitação fevereiro 2024.xls,Relatório Solicitação,,,,,,DECK PRODUÇÕES ARTÍSTICAS LTDA,,,DECK PRODUÇÕES ARTÍSTICAS LTDA,,,,,,,39096,391
SBT,02. Solicitação fevereiro 2024.xls,Relatório Solicitação,,,,,,PEERMUSIC DO BRASIL EDIÇÕES MUSICAIS LTDA,,,PEERMUSIC DO BRASIL EDIÇÕES MUSICAIS LTDA,,,,,,,39096,391
SBT,02. Solicitação fevereiro 2024.xls,Relatório Solicitação,,,,,,SONY MUSIC PUBLISHING (BRASIL) EDIÇÕES MUSICAIS LTDA,,,SONY MUSIC PUBLISHING (BRASIL) EDIÇÕES MUSICAIS LTDA,,,,,,,39096,391
SBT,02. Solicitação fevereiro 2024.xls,Relatório Solicitação,,,,,,SONY MUSIC PUBLISHING (BRASIL) EDIÇÕES MUSICAIS LTDA,,,SONY MUSIC PUBLISHING (BRASIL) EDIÇÕES MUSICAIS LTDA,,,,,,,39096,391
SBT,02. Solicitação fevereiro 2024.xls,Relatório Solicitação,,,,,,WARNER CHAPPELL EDIÇÕES MUSICAIS LTDA,,,WARNER CHAPPELL EDIÇÕES MUSICAIS LTDA,,,,,,,39096,391
SBT,02. Solicitação fevereiro 2024.xls,Relatório Solicitação,,,,,,DIVERSAS,,,DIVERSAS,,,,,,,39096,391
SBT,02. Solicitação fevereiro 2024.xls,Relatório Solicitação,,,,,,BMG RIGHTS MANAGEMENT BRASIL LTDA,,,BMG RIGHTS MANAGEMENT BRASIL LTDA,,,,,,,6513,65
SBT,02. Solicitação fevereiro 2024.xls,Relatório Solicitação,,,,,,DIVERSAS,,,DIVERSAS,,,,,,,12,0
SBT,02. Solicitação fevereiro 2024.xls,Relatório Solicitação,,,,,,WARNER CHAPPELL EDIÇÕES MUSICAIS LTDA,,,WARNER CHAPPELL EDIÇÕES MUSICAIS LTDA,,,,,,,13027,130
SBT,02. Solicitação fevereiro 2024.xls,Relatório Solicitação,,,,,,SONY MUSIC PUBLISHING (BRASIL) EDIÇÕES MUSICAIS LTDA,,,SONY MUSIC PUBLISHING (BRASIL) EDIÇÕES MUSICAIS LTDA,,,,,,,19544,195
SBT,02. Solicitação fevereiro 2024.xls,Relatório Solicitação,,,,,,UNIVERSAL MUSIC PUBLISHING MGB BRASIL LTDA,,,UNIVERSAL MUSIC PUBLISHING MGB BRASIL LTDA,,,,,,,39096,391
SBT,02. Solicitação fevereiro 2024.xls,Relatório Solicitação,,,,,,DIVERSAS,,,DIVERSAS,,,,,,,39096,391
SBT,02. Solicitação fevereiro 2024.xls,Relatório Solicitação,,,,,,EDITORA MUSICAL PANTTANAL LTDA,,,EDITORA MUSICAL PANTTANAL LTDA,,,,,,,15638,156
SBT,02. Solicitação fevereiro 2024.xls,Relatório Solicitação,,,,,,WARNER CHAPPELL EDIÇÕES MUSICAIS LTDA,,,WARNER CHAPPELL EDIÇÕES MUSICAIS LTDA,,,,,,,7819,78
SBT,02. Solicitação fevereiro 2024.xls,Relatório Solicitação,,,,,,SONY MUSIC PUBLISHING (BRASIL) EDIÇÕES MUSICAIS LTDA,,,SONY MUSIC PUBLISHING (BRASIL) EDIÇÕES MUSICAIS LTDA,,,,,,,15638,156
SBT,02. Solicitação fevereiro 2024.xls,Relatório Solicitação,,,,,,UNIVERSAL MUSIC PUBLISHING MGB BRASIL LTDA,,,UNIVERSAL MUSIC PUBLISHING MGB BRASIL LTDA,,,,,,,19548,195
SBT,02. Solicitação fevereiro 2024.xls,Relatório Solicitação,,,,,,SONY MUSIC PUBLISHING (BRASIL) EDIÇÕES MUSICAIS LTDA,,,SONY MUSIC PUBLISHING (BRASIL) EDIÇÕES MUSICAIS LTDA,,,,,,,19548,195
SBT,02. Solicitação fevereiro 2024.xls,Relatório Solicitação,,,,,,TRÊS SONS EDITORA MUSICAL E GRAVADORA DIGITAL LTDA-ME,,,TRÊS SONS EDITORA MUSICAL E GRAVADORA DIGITAL LTDA-ME,,,,,,,9774,98
SBT,02. Solicitação fevereiro 2024.xls,Relatório Solicitação,,,,,,JULIANA FAKRI DE ASSIS EPP,,,JULIANA FAKRI DE ASSIS EPP,,,,,,,19548,195
SBT,02. Solicitação fevereiro 2024.xls,Relatório Solicitação,,,,,,ABRAMUS DIGITAL SERV. IDENT. REPERTÓRIO,,,ABRAMUS DIGITAL SERV. IDENT. REPERTÓRIO,,,,,,,9774,98
SBT,02. Solicitação fevereiro 2024.xls,Relatório Solicitação,,,,,,ABRAMUS DIGITAL SERV. IDENT. REPERTÓRIO,,,ABRAMUS DIGITAL SERV. IDENT. REPERTÓRIO,,,,,,,9774,98
SBT,02. Solicitação fevereiro 2024.xls,Relatório Solicitação,,,,,,DIVERSAS,,,DIVERSAS,,,,,,,29322,293
SBT,02. Solicitação fevereiro 2024.xls,Relatório Solicitação,,,,,,DIVERSAS,,,DIVERSAS,,,,,,,78192,782
SBT,02. Solicitação fevereiro 2024.xls,Relatório Solicitação,,,,,,UNIVERSAL MUSIC PUBLISHING MGB BRASIL LTDA,,,UNIVERSAL MUSIC PUBLISHING MGB BRASIL LTDA,,,,,,,21503,215
SBT,02. Solicitação fevereiro 2024.xls,Relatório Solicitação,,,,,,DIVERSAS,,,DIVERSAS,,,,,,,1955,20
SBT,02. Solicitação fevereiro 2024.xls,Relatório Solicitação,,,,,,SONY MUSIC PUBLISHING (BRASIL) EDIÇÕES MUSICAIS LTDA,,,SONY MUSIC PUBLISHING (BRASIL) EDIÇÕES MUSICAIS LTDA,,,,,,,15638,156
SBT,02. Solicitação fevereiro 2024.xls,Relatório Solicitação,,,,,,UNIVERSAL MUSIC PUBLISHING MGB BRASIL LTDA,,,UNIVERSAL MUSIC PUBLISHING MGB BRASIL LTDA,,,,,,,43006,430
SBT,02. Solicitação fevereiro 2024.xls,Relatório Solicitação,,,,,,DIVERSAS,,,DIVERSAS,,,,,,,39100,391
SBT,02. Solicitação fevereiro 2024.xls,Relatório Solicitação,,,,,,SONY MUSIC PUBLISHING (BRASIL) EDIÇÕES MUSICAIS LTDA,,,SONY MUSIC PUBLISHING (BRASIL) EDIÇÕES MUSICAIS LTDA,,,,,,,31277,313
SBT,02. Solicitação fevereiro 2024.xls,Relatório Solicitação,,,,,,MEGA PRODUÇÕES ARTISTICAS LTDA,,,MEGA PRODUÇÕES ARTISTICAS LTDA,,,,,,,17593,176
SBT,02. Solicitação fevereiro 2024.xls,Relatório Solicitação,,,,,,DIVERSAS,,,DIVERSAS,,,,,,,263900,2639
SBT,02. Solicitação fevereiro 2024.xls,Relatório Solicitação,,,,,,PEERMUSIC DO BRASIL EDIÇÕES MUSICAIS LTDA,,,PEERMUSIC DO BRASIL EDIÇÕES MUSICAIS LTDA,,,,,,,7819,78
SBT,02. Solicitação fevereiro 2024.xls,Relatório Solicitação,,,,,,SINGLE HITS PRODUÇÕES ARTISTICAS,,,SINGLE HITS PRODUÇÕES ARTISTICAS,,,,,,,263900,2639
SBT,02. Solicitação fevereiro 2024.xls,Relatório Solicitação,,,,,,PEERMUSIC DO BRASIL EDIÇÕES MUSICAIS LTDA,,,PEERMUSIC DO BRASIL EDIÇÕES MUSICAIS LTDA,,,,,,,39096,391
SBT,02. Solicitação fevereiro 2024.xls,Relatório Solicitação,,,,,,UNIVERSAL MUSIC PUBLISHING MGB BRASIL LTDA,,,UNIVERSAL MUSIC PUBLISHING MGB BRASIL LTDA,,,,,,,19548,195
SBT,02. Solicitação fevereiro 2024.xls,Relatório Solicitação,,,,,,SONY MUSIC PUBLISHING (BRASIL) EDIÇÕES MUSICAIS LTDA,,,SONY MUSIC PUBLISHING (BRASIL) EDIÇÕES MUSICAIS LTDA,,,,,,,19548,195
SBT,02. Solicitação fevereiro 2024.xls,Relatório Solicitação,,,,,,WARNER CHAPPELL EDIÇÕES MUSICAIS LTDA,,,WARNER CHAPPELL EDIÇÕES MUSICAIS LTDA,,,,,,,78192,782
SBT,02. Solicitação fevereiro 2024.xls,Relatório Solicitação,,,,,,MEGA PRODUÇÕES ARTISTICAS LTDA,,,MEGA PRODUÇÕES ARTISTICAS LTDA,,,,,,,13031,130
SBT,02. Solicitação fevereiro 2024.xls,Relatório Solicitação,,,,,,BMG RIGHTS MANAGEMENT BRASIL LTDA,,,BMG RIGHTS MANAGEMENT BRASIL LTDA,,,,,,,6517,65
SBT,02. Solicitação fevereiro 2024.xls,Relatório Solicitação,,,,,,DIVERSAS,,,DIVERSAS,,,,,,,19548,195
SBT,02. Solicitação fevereiro 2024.xls,Relatório Solicitação,,,,,,UNIVERSAL MUSIC PUBLISHING MGB BRASIL LTDA,,,UNIVERSAL MUSIC PUBLISHING MGB BRASIL LTDA,,,,,,,39096,391
SBT,02. Solicitação fevereiro 2024.xls,Relatório Solicitação,,,,,,DIVERSAS,,,DIVERSAS,,,,,,,13035,130
SBT,02. Solicitação fevereiro 2024.xls,Relatório Solicitação,,,,,,SONY MUSIC PUBLISHING (BRASIL) EDIÇÕES MUSICAIS LTDA,,,SONY MUSIC PUBLISHING (BRASIL) EDIÇÕES MUSICAIS LTDA,,,,,,,26061,261
SBT,02. Solicitação fevereiro 2024.xls,Relatório Solicitação,,,,,,WARNER CHAPPELL EDIÇÕES MUSICAIS LTDA,,,WARNER CHAPPELL EDIÇÕES MUSICAIS LTDA,,,,,,,78192,782
SBT,02. Solicitação fevereiro 2024.xls,Relatório Solicitação,,,,,,UNIVERSAL MUSIC PUBLISHING MGB BRASIL LTDA,,,UNIVERSAL MUSIC PUBLISHING MGB BRASIL LTDA,,,,,,,78192,782
SBT,02. Solicitação fevereiro 2024.xls,Relatório Solicitação,,,,,,DIVERSAS,,,DIVERSAS,,,,,,,39096,391
SBT,02. Solicitação fevereiro 2024.xls,Relatório Solicitação,,,,,,TRÊS PONTAS EDIÇÕES MUSICAIS LTDA,,,TRÊS PONTAS EDIÇÕES MUSICAIS LTDA,,,,,,,39096,391
SBT,02. Solicitação fevereiro 2024.xls,Relatório Solicitação,,,,,,SONY MUSIC PUBLISHING (BRASIL) EDIÇÕES MUSICAIS LTDA,,,SONY MUSIC PUBLISHING (BRASIL) EDIÇÕES MUSICAIS LTDA,,,,,,,39096,391
SBT,02. Solicitação fevereiro 2024.xls,Relatório Solicitação,,,,,,BMG RIGHTS MANAGEMENT BRASIL LTDA,,,BMG RIGHTS MANAGEMENT BRASIL LTDA,,,,,,,39100,391
SBT,02. Solicitação fevereiro 2024.xls,Relatório Solicitação,,,,,,DIVERSAS,,,DIVERSAS,,,,,,,2346,23
SBT,02. Solicitação fevereiro 2024.xls,Relatório Solicitação,,,,,,ABRAMUS DIGITAL SERV. IDENT. REPERTÓRIO,,,ABRAMUS DIGITAL SERV. IDENT. REPERTÓRIO,,,,,,,9383,94
SBT,02. Solicitação fevereiro 2024.xls,Relatório Solicitação,,,,,,SONY MUSIC PUBLISHING (BRASIL) EDIÇÕES MUSICAIS LTDA,,,SONY MUSIC PUBLISHING (BRASIL) EDIÇÕES MUSICAIS LTDA,,,,,,,23458,235
SBT,02. Solicitação fevereiro 2024.xls,Relatório Solicitação,,,,,,DIVERSAS,,,DIVERSAS,,,,,,,167331,1673
SBT,02. Solicitação fevereiro 2024.xls,Relatório Solicitação,,,,,,SONY MUSIC PUBLISHING (BRASIL) EDIÇÕES MUSICAIS LTDA,,,SONY MUSIC PUBLISHING (BRASIL) EDIÇÕES MUSICAIS LTDA,,,,,,,19548,195
SBT,02. Solicitação fevereiro 2024.xls,Relatório Solicitação,,,,,,DIVERSAS,,,DIVERSAS,,,,,,,58644,586
