provider,file,sheet,programa,data_exibicao,numero_programa,exibicao_tipo,categoria_programa,titulo_musica,autor,interprete,tipo_sincronizacao,percentual_editora,valor_editora_brl,editora,gravadora,iswc,isrc,amount_cents,amount_int
SBT,11. Solicitação novembro 2023.xls,Relatório Solicitação,,,,,,,,,,,,,,,,0,0
SBT,11. Solicitação novembro 2023.xls,Relatório Solicitação,,,,,,,,,,,,,,,,0,0
SBT,11. Solicitação novembro 2023.xls,Relatório Solicitação,,,,,,EDITORA,,,EDITORA,,,,,,,0,0
SBT,11. Solicitação novembro 2023.xls,Relatório Solicitação,,,,,,PEERMUSIC DO BRASIL EDIÇÕES MUSICAIS LTDA,,,PEERMUSIC DO BRASIL EDIÇÕES MUSICAIS LTDA,,,,,,,79971,800
SBT,11. Solicitação novembro 2023.xls,Relatório Solicitação,,,,,,PEERMUSIC DO BRASIL EDIÇÕES MUSICAIS LTDA,,,PEERMUSIC DO BRASIL EDIÇÕES MUSICAIS LTDA,,,,,,,79971,800
SBT,11. Solicitação novembro 2023.xls,Relatório Solicitação,,,,,,ADDAF - ASS. DEF. DIREITOS AUTORAIS FONOMECÂNICOS,,,ADDAF - ASS. DEF. DIREITOS AUTORAIS FONOMECÂNICOS,,,,,,,79971,800
SBT,11. Solicitação novembro 2023.xls,Relatório Solicitação,,,,,,ADDAF - ASS. DEF. DIREITOS AUTORAIS FONOMECÂNICOS,,,ADDAF - ASS. DEF. DIREITOS AUTORAIS FONOMECÂNICOS,,,,,,,159943,1599
SBT,11. Solicitação novembro 2023.xls,Relatório Solicitação,,,,,,FORTUNA MUSICAL EDIÇÕES LTDA,,,FORTUNA MUSICAL EDIÇÕES LTDA,,,,,,,159943,1599
SBT,11. Solicitação novembro 2023.xls,Relatório Solicitação,,,,,,DUETO EDIÇÕES MUSICAIS LTDA.,,,DUETO EDIÇÕES MUSICAIS LTDA.,,,,,,,79972,800
SBT,11. Solicitação novembro 2023.xls,Relatório Solicitação,,,,,,SONY MUSIC PUBLISHING (BRASIL) EDIÇÕES MUSICAIS LTDA,,,SONY MUSIC PUBLISHING (BRASIL) EDIÇÕES MUSICAIS LTDA,,,,,,,79972,800
SBT,11. Solicitação novembro 2023.xls,Relatório Solicitação,,,,,,WARNER CHAPPELL EDIÇÕES MUSICAIS LTDA,,,WARNER CHAPPELL EDIÇÕES MUSICAIS LTDA,,,,,,,106618,1066
SBT,11. Solicitação novembro 2023.xls,Relatório Solicitação,,,,,,FUSION MUSIC EDIÇÕES MUSICAIS LTDA,,,FUSION MUSIC EDIÇÕES MUSICAIS LTDA,,,,,,,53325,533
SBT,11. Solicitação novembro 2023.xls,Relatório Solicitação,,,,,,DIVERSAS,,,DIVERSAS,,,,,,,26654,267
SBT,11. Solicitação novembro 2023.xls,Relatório Solicitação,,,,,,ABRAMUS DIGITAL SERV. IDENT. REPERTÓRIO,,,ABRAMUS DIGITAL SERV. IDENT. REPERTÓRIO,,,,,,,53317,533
SBT,11. Solicitação novembro 2023.xls,Relatório Solicitação,,,,,,DIVERSAS,,,DIVERSAS,,,,,,,79971,800
SBT,11. Solicitação novembro 2023.xls,Relatório Solicitação,,,,,,DIVERSAS,,,DIVERSAS,,,,,,,79971,800
SBT,11. Solicitação novembro 2023.xls,Relatório Solicitação,,,,,,IRMÃOS VITALE EDITORES LTDA,,,IRMÃOS VITALE EDITORES LTDA,,,,,,,79971,800
SBT,11. Solicitação novembro 2023.xls,Relatório Solicitação,,,,,,DIVERSAS,,,DIVERSAS,,,,,,,79971,800
SBT,11. Solicitação novembro 2023.xls,Relatório Solicitação,,,,,,PEERMUSIC DO BRASIL EDIÇÕES MUSICAIS LTDA,,,PEERMUSIC DO BRASIL EDIÇÕES MUSICAIS LTDA,,,,,,,79971,800
SBT,11. Solicitação novembro 2023.xls,Relatório Solicitação,,,,,,PEERMUSIC DO BRASIL EDIÇÕES MUSICAIS LTDA,,,PEERMUSIC DO BRASIL EDIÇÕES MUSICAIS LTDA,,,,,,,79971,800
SBT,11. Solicitação novembro 2023.xls,Relatório Solicitação,,,,,,UNIVERSAL MUSIC PUBLISHING MGB BRASIL LTDA,,,UNIVERSAL MUSIC PUBLISHING MGB BRASIL LTDA,,,,,,,26662,267
SBT,11. Solicitação novembro 2023.xls,Relatório Solicitação,,,,,,SONY MUSIC PUBLISHING (BRASIL) EDIÇÕES MUSICAIS LTDA,,,SONY MUSIC PUBLISHING (BRASIL) EDIÇÕES MUSICAIS LTDA,,,,,,,53309,533
SBT,11. Solicitação novembro 2023.xls,Relatório Solicitação,,,,,,BMG RIGHTS MANAGEMENT BRASIL LTDA,,,BMG RIGHTS MANAGEMENT BRASIL LTDA,,,,,,,13331,133
SBT,11. Solicitação novembro 2023.xls,Relatório Solicitação,,,,,,DIVERSAS,,,DIVERSAS,,,,,,,16,0
SBT,11. Solicitação novembro 2023.xls,Relatório Solicitação,,,,,,WARNER CHAPPELL EDIÇÕES MUSICAIS LTDA,,,WARNER CHAPPELL EDIÇÕES MUSICAIS LTDA,,,,,,,26646,266
SBT,11. Solicitação novembro 2023.xls,Relatório Solicitação,,,,,,SONY MUSIC PUBLISHING (BRASIL) EDIÇÕES MUSICAIS LTDA,,,SONY MUSIC PUBLISHING (BRASIL) EDIÇÕES MUSICAIS LTDA,,,,,,,39978,400
SBT,11. Solicitação novembro 2023.xls,Relatório Solicitação,,,,,,JULIANA FAKRI DE ASSIS EPP,,,JULIANA FAKRI DE ASSIS EPP,,,,,,,15994,160
SBT,11. Solicitação novembro 2023.xls,Relatório Solicitação,,,,,,ABRAMUS DIGITAL SERV. IDENT. REPERTÓRIO,,,ABRAMUS DIGITAL SERV. IDENT. REPERTÓRIO,,,,,,,15994,160
SBT,11. Solicitação novembro 2023.xls,Relatório Solicitação,,,,,,WARNER CHAPPELL EDIÇÕES MUSICAIS LTDA,,,WARNER CHAPPELL EDIÇÕES MUSICAIS LTDA,,,,,,,31988,320
SBT,11. Solicitação novembro 2023.xls,Relatório Solicitação,,,,,,SONY MUSIC PUBLISHING (BRASIL) EDIÇÕES MUSICAIS LTDA,,,SONY MUSIC PUBLISHING (BRASIL) EDIÇÕES MUSICAIS LTDA,,,,,,,15994,160
SBT,11. Solicitação novembro 2023.xls,Relatório Solicitação,,,,,,PEERMUSIC DO BRASIL EDIÇÕES MUSICAIS LTDA,,,PEERMUSIC DO BRASIL EDIÇÕES MUSICAIS LTDA,,,,,,,79971,800
SBT,11. Solicitação novembro 2023.xls,Relatório Solicitação,,,,,,DIVERSAS,,,DIVERSAS,,,,,,,79971,800
SBT,11. Solicitação novembro 2023.xls,Relatório Solicitação,,,,,,SONY MUSIC PUBLISHING (BRASIL) EDIÇÕES MUSICAIS LTDA,,,SONY MUSIC PUBLISHING (BRASIL) EDIÇÕES MUSICAIS LTDA,,,,,,,79971,800
SBT,11. Solicitação novembro 2023.xls,Relatório Solicitação,,,,,,SONY MUSIC PUBLISHING (BRASIL) EDIÇÕES MUSICAIS LTDA,,,SONY MUSIC PUBLISHING (BRASIL) EDIÇÕES MUSICAIS LTDA,,,,,,,79971,800
SBT,11. Solicitação novembro 2023.xls,Relatório Solicitação,,,,,,SONY MUSIC PUBLISHING (BRASIL) EDIÇÕES MUSICAIS LTDA,,,SONY MUSIC PUBLISHING (BRASIL) EDIÇÕES MUSICAIS LTDA,,,,,,,159943,1599
SBT,11. Solicitação novembro 2023.xls,Relatório Solicitação,,,,,,WARNER CHAPPELL EDIÇÕES MUSICAIS LTDA,,,WARNER CHAPPELL EDIÇÕES MUSICAIS LTDA,,,,,,,159943,1599
SBT,11. Solicitação novembro 2023.xls,Relatório Solicitação,,,,,,EDITORA MUSICAL PANTTANAL LTDA,,,EDITORA MUSICAL PANTTANAL LTDA,,,,,,,159943,1599
SBT,11. Solicitação novembro 2023.xls,Relatório Solicitação,,,,,,UNIVERSAL MUSIC LTDA.,,,UNIVERSAL MUSIC LTDA.,,,,,,,159943,1599
SBT,11. Solicitação novembro 2023.xls,Relatório Solicitação,,,,,,DIVERSAS,,,DIVERSAS,,,,,,,159943,1599
SBT,11. Solicitação novembro 2023.xls,Relatório Solicitação,,,,,,DIVERSAS,,,DIVERSAS,,,,,,,159943,1599
SBT,11. Solicitação novembro 2023.xls,Relatório Solicitação,,,,,,DIVERSAS,,,DIVERSAS,,,,,,,159943,1599
SBT,11. Solicitação novembro 2023.xls,Relatório Solicitação,,,,,,DIVERSAS,,,DIVERSAS,,,,,,,159943,1599
SBT,11. Solicitação novembro 2023.xls,Relatório Solicitação,,,,,,DIVERSAS,,,DIVERSAS,,,,,,,79971,800
SBT,11. Solicitação novembro 2023.xls,Relatório Solicitação,,,,,,DIVERSAS,,,DIVERSAS,,,,,,,79971,800
SBT,11. Solicitação novembro 2023.xls,Relatório Solicitação,,,,,,DIVERSAS,,,DIVERSAS,,,,,,,79971,800
SBT,11. Solicitação novembro 2023.xls,Relatório Solicitação,,,,,,DIVERSAS,,,DIVERSAS,,,,,,,159943,1599
SBT,11. Solicitação novembro 2023.xls,Relatório Solicitação,,,,,,DIVERSAS,,,DIVERSAS,,,,,,,159943,1599
SBT,11. Solicitação novembro 2023.xls,Relatório Solicitação,,,,,,DIVERSAS,,,DIVERSAS,,,,,,,159943,1599
SBT,11. Solicitação novembro 2023.xls,Relatório Solicitação,,,,,,DIVERSAS,,,DIVERSAS,,,,,,,159943,1599
SBT,11. Solicitação novembro 2023.xls,Relatório Solicitação,,,,,,DIVERSAS,,,DIVERSAS,,,,,,,79971,800
SBT,11. Solicitação novembro 2023.xls,Relatório Solicitação,,,,,,DIVERSAS,,,DIVERSAS,,,,,,,79971,800
SBT,11. Solicitação novembro 2023.xls,Relatório Solicitação,,,,,,DIVERSAS,,,DIVERSAS,,,,,,,79971,800
SBT,11. Solicitação novembro 2023.xls,Relatório Solicitação,,,,,,DIVERSAS,,,DIVERSAS,,,,,,,159943,1599
SBT,11. Solicitação novembro 2023.xls,Relatório Solicitação,,,,,,DIVERSAS,,,DIVERSAS,,,,,,,159943,1599
SBT,11. Solicitação novembro 2023.xls,Relatório Solicitação,,,,,,DIVERSAS,,,DIVERSAS,,,,,,,159943,1599
SBT,11. Solicitação novembro 2023.xls,Relatório Solicitação,,,,,,DIVERSAS,,,DIVERSAS,,,,,,,159943,1599
SBT,11. Solicitação novembro 2023.xls,Relatório Solicitação,,,,,,DIVERSAS,,,DIVERSAS,,,,,,,159943,1599
SBT,11. Solicitação novembro 2023.xls,Relatório Solicitação,,,,,,DIVERSAS,,,DIVERSAS,,,,,,,79971,800
SBT,11. Solicitação novembro 2023.xls,Relatório Solicitação,,,,,,DIVERSAS,,,DIVERSAS,,,,,,,159943,1599
SBT,11. Solicitação novembro 2023.xls,Relatório Solicitação,,,,,,DIVERSAS,,,DIVERSAS,,,,,,,159943,1599
SBT,11. Solicitação novembro 2023.xls,Relatório Solicitação,,,,,,DIVERSAS,,,DIVERSAS,,,,,,,159943,1599
SBT,11. Solicitação novembro 2023.xls,Relatório Solicitação,,,,,,DIVERSAS,,,DIVERSAS,,,,,,,159943,1599
SBT,11. Solicitação novembro 2023.xls,Relatório Solicitação,,,,,,DIVERSAS,,,DIVERSAS,,,,,,,159943,1599
SBT,11. Solicitação novembro 2023.xls,Relatório Solicitação,,,,,,DIVERSAS,,,DIVERSAS,,,,,,,37370,374
SBT,11. Solicitação novembro 2023.xls,Relatório Solicitação,,,,,,SONY MUSIC PUBLISHING (BRASIL) EDIÇÕES MUSICAIS LTDA,,,SONY MUSIC PUBLISHING (BRASIL) EDIÇÕES MUSICAIS LTDA,,,,,,,37370,374
SBT,11. Solicitação novembro 2023.xls,Relatório Solicitação,,,,,,WARNER CHAPPELL EDIÇÕES MUSICAIS LTDA,,,WARNER CHAPPELL EDIÇÕES MUSICAIS LTDA,,,,,,,74740,747
SBT,11. Solicitação novembro 2023.xls,Relatório Solicitação,,,,,,DECK PRODUÇÕES ARTÍSTICAS LTDA,,,DECK PRODUÇÕES ARTÍSTICAS LTDA,,,,,,,74740,747
SBT,11. Solicitação novembro 2023.xls,Relatório Solicitação,,,,,,GEMA EDITORA COMÉRCIO E DISTRIBUIÇÃO EIRELLI - EPP,,,GEMA EDITORA COMÉRCIO E DISTRIBUIÇÃO EIRELLI - EPP,,,,,,,79971,800
SBT,11. Solicitação novembro 2023.xls,Relatório Solicitação,,,,,,IRMÃOS VITALE EDITORES LTDA,,,IRMÃOS VITALE EDITORES LTDA,,,,,,,79971,800
SBT,11. Solicitação novembro 2023.xls,Relatório Solicitação,,,,,,IRMÃOS VITALE EDITORES LTDA,,,IRMÃOS VITALE EDITORES LTDA,,,,,,,79971,800
SBT,11. Solicitação novembro 2023.xls,Relatório Solicitação,,,,,,SONY MUSIC PUBLISHING (BRASIL) EDIÇÕES MUSICAIS LTDA,,,SONY MUSIC PUBLISHING (BRASIL) EDIÇÕES MUSICAIS LTDA,,,,,,,39986,400
SBT,11. Solicitação novembro 2023.xls,Relatório Solicitação,,,,,,DECK PRODUÇÕES ARTÍSTICAS LTDA,,,DECK PRODUÇÕES ARTÍSTICAS LTDA,,,,,,,39986,400
SBT,11. Solicitação novembro 2023.xls,Relatório Solicitação,,,,,,PEERMUSIC DO BRASIL EDIÇÕES MUSICAIS LTDA,,,PEERMUSIC DO BRASIL EDIÇÕES MUSICAIS LTDA,,,,,,,79971,800
SBT,11. Solicitação novembro 2023.xls,Relatório Solicitação,,,,,,UNIVERSAL MUSIC PUBLISHING MGB BRASIL LTDA,,,UNIVERSAL MUSIC PUBLISHING MGB BRASIL LTDA,,,,,,,79971,800
SBT,11. Solicitação novembro 2023.xls,Relatório Solicitação,,,,,,UNIVERSAL MUSIC PUBLISHING MGB BRASIL LTDA,,,UNIVERSAL MUSIC PUBLISHING MGB BRASIL LTDA,,,,,,,79971,800
SBT,11. Solicitação novembro 2023.xls,Relatório Solicitação,,,,,,ADDAF - ASS. DEF. DIREITOS AUTORAIS FONOMECÂNICOS,,,ADDAF - ASS. DEF. DIREITOS AUTORAIS FONOMECÂNICOS,,,,,,,39986,400
SBT,11. Solicitação novembro 2023.xls,Relatório Solicitação,,,,,,DIVERSAS,,,DIVERSAS,,,,,,,39986,400
SBT,11. Solicitação novembro 2023.xls,Relatório Solicitação,,,,,,DIVERSAS,,,DIVERSAS,,,,,,,19993,200
SBT,11. Solicitação novembro 2023.xls,Relatório Solicitação,,,,,,UNIVERSAL MUSIC PUBLISHING MGB BRASIL LTDA,,,UNIVERSAL MUSIC PUBLISHING MGB BRASIL LTDA,,,,,,,19993,200
SBT,11. Solicitação novembro 2023.xls,Relatório Solicitação,,,,,,PEERMUSIC DO BRASIL EDIÇÕES MUSICAIS LTDA,,,PEERMUSIC DO BRASIL EDIÇÕES MUSICAIS LTDA,,,,,,,39986,400
SBT,11. Solicitação novembro 2023.xls,Relatório Solicitação,,,,,,WARNER CHAPPELL EDIÇÕES MUSICAIS LTDA,,,WARNER CHAPPELL EDIÇÕES MUSICAIS LTDA,,,,,,,39986,400
SBT,11. Solicitação novembro 2023.xls,Relatório Solicitação,,,,,,EDITORA MUSICAL WALERIA LEÃO LTDA ME,,,EDITORA MUSICAL WALERIA LEÃO LTDA ME,,,,,,,39986,400
SBT,11. Solicitação novembro 2023.xls,Relatório Solicitação,,,,,,DIVERSAS,,,DIVERSAS,,,,,,,79971,800
SBT,11. Solicitação novembro 2023.xls,Relatório Solicitação,,,,,,EDITORA MUSICAL ARLEQUIM LTDA,,,EDITORA MUSICAL ARLEQUIM LTDA,,,,,,,79971,800
SBT,11. Solicitação novembro 2023.xls,Relatório Solicitação,,,,,,SONY MUSIC PUBLISHING (BRASIL) EDIÇÕES MUSICAIS LTDA,,,SONY MUSIC PUBLISHING (BRASIL) EDIÇÕES MUSICAIS LTDA,,,,,,,79971,800
SBT,11. Solicitação novembro 2023.xls,Relatório Solicitação,,,,,,UNIVERSAL MUSIC PUBLISHING MGB BRASIL LTDA,,,UNIVERSAL MUSIC PUBLISHING MGB BRASIL LTDA,,,,,,,59978,600
SBT,11. Solicitação novembro 2023.xls,Relatório Solicitação,,,,,,SONY MUSIC PUBLISHING (BRASIL) EDIÇÕES MUSICAIS LTDA,,,SONY MUSIC PUBLISHING (BRASIL) EDIÇÕES MUSICAIS LTDA,,,,,,,19993,200
SBT,11. Solicitação novembro 2023.xls,Relatório Solicitação,,,,,,DIVERSAS,,,DIVERSAS,,,,,,,79971,800
SBT,11. Solicitação novembro 2023.xls,Relatório Solicitação,,,,,,WARNER CHAPPELL EDIÇÕES MUSICAIS LTDA,,,WARNER CHAPPELL EDIÇÕES MUSICAIS LTDA,,,,,,,79971,800
SBT,11. Solicitação novembro 2023.xls,Relatório Solicitação,,,,,,WARNER CHAPPELL EDIÇÕES MUSICAIS LTDA,,,WARNER CHAPPELL EDIÇÕES MUSICAIS LTDA,,,,,,,79971,800
SBT,11. Solicitação novembro 2023.xls,Relatório Solicitação,,,,,,DIVERSAS,,,DIVERSAS,,,,,,,79971,800
SBT,11. Solicitação novembro 2023.xls,Relatório Solicitação,,,,,,MAC MAC PRODUÇÕES ARTÍSTICAS LTDA.,,,MAC MAC PRODUÇÕES ARTÍSTICAS LTDA.,,,,,,,79971,800
SBT,11. Solicitação novembro 2023.xls,Relatório Solicitação,,,,,,LUANDA EDIÇÕES MUSICAS LTDA,,,LUANDA EDIÇÕES MUSICAS LTDA,,,,,,,79971,800
SBT,11. Solicitação novembro 2023.xls,Relatório Solicitação,,,,,,DIVERSAS,,,DIVERSAS,,,,,,,79971,800
SBT,11. Solicitação novembro 2023.xls,Relatório Solicitação,,,,,,SONY MUSIC PUBLISHING (BRASIL) EDIÇÕES MUSICAIS LTDA,,,SONY MUSIC PUBLISHING (BRASIL) EDIÇÕES MUSICAIS LTDA,,,,,,,79971,800
SBT,11. Solicitação novembro 2023.xls,Relatório Solicitação,,,,,,DIVERSAS,,,DIVERSAS,,,,,,,79971,800
SBT,11. Solicitação novembro 2023.xls,Relatório Solicitação,,,,,,SONY MUSIC PUBLISHING (BRASIL) EDIÇÕES MUSICAIS LTDA,,,SONY MUSIC PUBLISHING (BRASIL) EDIÇÕES MUSICAIS LTDA,,,,,,,79971,800
SBT,11. Solicitação novembro 2023.xls,Relatório Solicitação,,,,,,SONY MUSIC PUBLISHING (BRASIL) EDIÇÕES MUSICAIS LTDA,,,SONY MUSIC PUBLISHING (BRASIL) EDIÇÕES MUSICAIS LTDA,,,,,,,79971,800
SBT,11. Solicitação novembro 2023.xls,Relatório Solicitação,,,,,,SONY MUSIC PUBLISHING (BRASIL) EDIÇÕES MUSICAIS LTDA,,,SONY MUSIC PUBLISHING (BRASIL) EDIÇÕES MUSICAIS LTDA,,,,,,,39986,400
SBT,11. Solicitação novembro 2023.xls,Relatório Solicitação,,,,,,WARNER CHAPPELL EDIÇÕES MUSICAIS LTDA,,,WARNER CHAPPELL EDIÇÕES MUSICAIS LTDA,,,,,,,39986,400
SBT,11. Solicitação novembro 2023.xls,Relatório Solicitação,,,,,,SONY MUSIC PUBLISHING (BRASIL) EDIÇÕES MUSICAIS LTDA,,,SONY MUSIC PUBLISHING (BRASIL) EDIÇÕES MUSICAIS LTDA,,,,,,,39986,400
SBT,11. Solicitação novembro 2023.xls,Relatório Solicitação,,,,,,WARNER CHAPPELL EDIÇÕES MUSICAIS LTDA,,,WARNER CHAPPELL EDIÇÕES MUSICAIS LTDA,,,,,,,39986,400
SBT,11. Solicitação novembro 2023.xls,Relatório Solicitação,,,,,,UNIVERSAL MUSIC PUBLISHING MGB BRASIL LTDA,,,UNIVERSAL MUSIC PUBLISHING MGB BRASIL LTDA,,,,,,,79971,800
SBT,11. Solicitação novembro 2023.xls,Relatório Solicitação,,,,,,UNIVERSAL MUSIC PUBLISHING MGB BRASIL LTDA,,,UNIVERSAL MUSIC PUBLISHING MGB BRASIL LTDA,,,,,,,79971,800
SBT,11. Solicitação novembro 2023.xls,Relatório Solicitação,,,,,,DECK PRODUÇÕES ARTÍSTICAS LTDA,,,DECK PRODUÇÕES ARTÍSTICAS LTDA,,,,,,,79971,800
SBT,11. Solicitação novembro 2023.xls,Relatório Solicitação,,,,,,DECK PRODUÇÕES ARTÍSTICAS LTDA,,,DECK PRODUÇÕES ARTÍSTICAS LTDA,,,,,,,79971,800
SBT,11. Solicitação novembro 2023.xls,Relatório Solicitação,,,,,,WARNER CHAPPELL EDIÇÕES MUSICAIS LTDA,,,WARNER CHAPPELL EDIÇÕES MUSICAIS LTDA,,,,,,,39986,400
SBT,11. Solicitação novembro 2023.xls,Relatório Solicitação,,,,,,DIVERSAS,,,DIVERSAS,,,,,,,39986,400
SBT,11. Solicitação novembro 2023.xls,Relatório Solicitação,,,,,,BMG RIGHTS MANAGEMENT BRASIL LTDA,,,BMG RIGHTS MANAGEMENT BRASIL LTDA,,,,,,,19993,200
SBT,11. Solicitação novembro 2023.xls,Relatório Solicitação,,,,,,ABRAMUS DIGITAL SERV. IDENT. REPERTÓRIO,,,ABRAMUS DIGITAL SERV. IDENT. REPERTÓRIO,,,,,,,19993,200
SBT,11. Solicitação novembro 2023.xls,Relatório Solicitação,,,,,,WARNER CHAPPELL EDIÇÕES MUSICAIS LTDA,,,WARNER CHAPPELL EDIÇÕES MUSICAIS LTDA,,,,,,,19993,200
SBT,11. Solicitação novembro 2023.xls,Relatório Solicitação,,,,,,DECK PRODUÇÕES ARTÍSTICAS LTDA,,,DECK PRODUÇÕES ARTÍSTICAS LTDA,,,,,,,19993,200
SBT,11. Solicitação novembro 2023.xls,Relatório Solicitação,,,,,,DIVERSAS,,,DIVERSAS,,,,,,,39986,400
SBT,11. Solicitação novembro 2023.xls,Relatório Solicitação,,,,,,ABRAMUS DIGITAL SERV. IDENT. REPERTÓRIO,,,ABRAMUS DIGITAL SERV. IDENT. REPERTÓRIO,,,,,,,39986,400
SBT,11. Solicitação novembro 2023.xls,Relatório Solicitação,,,,,,BMG RIGHTS MANAGEMENT BRASIL LTDA,,,BMG RIGHTS MANAGEMENT BRASIL LTDA,,,,,,,79971,800
SBT,11. Solicitação novembro 2023.xls,Relatório Solicitação,,,,,,SONY MUSIC PUBLISHING (BRASIL) EDIÇÕES MUSICAIS LTDA,,,SONY MUSIC PUBLISHING (BRASIL) EDIÇÕES MUSICAIS LTDA,,,,,,,79971,800
SBT,11. Solicitação novembro 2023.xls,Relatório Solicitação,,,,,,SONY MUSIC PUBLISHING (BRASIL) EDIÇÕES MUSICAIS LTDA,,,SONY MUSIC PUBLISHING (BRASIL) EDIÇÕES MUSICAIS LTDA,,,,,,,79971,800
SBT,11. Solicitação novembro 2023.xls,Relatório Solicitação,,,,,,WARNER/CHAPPELL EDIÇÕES MUSICAIS LTDA,,,WARNER/CHAPPELL EDIÇÕES MUSICAIS LTDA,,,,,,,79971,800
SBT,11. Solicitação novembro 2023.xls,Relatório Solicitação,,,,,,ABRAMUS DIGITAL SERV. IDENT. REPERTÓRIO,,,ABRAMUS DIGITAL SERV. IDENT. REPERTÓRIO,,,,,,,79971,800
SBT,11. Solicitação novembro 2023.xls,Relatório Solicitação,,,,,,DIVERSAS,,,DIVERSAS,,,,,,,79971,800
SBT,11. Solicitação novembro 2023.xls,Relatório Solicitação,,,,,,DIVERSAS,,,DIVERSAS,,,,,,,39986,400
SBT,11. Solicitação novembro 2023.xls,Relatório Solicitação,,,,,,PEERMUSIC DO BRASIL EDIÇÕES MUSICAIS LTDA,,,PEERMUSIC DO BRASIL EDIÇÕES MUSICAIS LTDA,,,,,,,39986,400
SBT,11. Solicitação novembro 2023.xls,Relatório Solicitação,,,,,,WARNER CHAPPELL EDIÇÕES MUSICAIS LTDA,,,WARNER CHAPPELL EDIÇÕES MUSICAIS LTDA,,,,,,,39986,400
SBT,11. Solicitação novembro 2023.xls,Relatório Solicitação,,,,,,DIVERSAS,,,DIVERSAS,,,,,,,39986,400
SBT,11. Solicitação novembro 2023.xls,Relatório Solicitação,,,,,,WARNER CHAPPELL EDIÇÕES MUSICAIS LTDA,,,WARNER CHAPPELL EDIÇÕES MUSICAIS LTDA,,,,,,,39986,400
SBT,11. Solicitação novembro 2023.xls,Relatório Solicitação,,,,,,DIVERSAS,,,DIVERSAS,,,,,,,39986,400
SBT,11. Solicitação novembro 2023.xls,Relatório Solicitação,,,,,,DIVERSAS,,,DIVERSAS,,,,,,,79971,800
SBT,11. Solicitação novembro 2023.xls,Relatório Solicitação,,,,,,ABRAMUS DIGITAL SERV. IDENT. REPERTÓRIO,,,ABRAMUS DIGITAL SERV. IDENT. REPERTÓRIO,,,,,,,79971,800
SBT,11. Solicitação novembro 2023.xls,Relatório Solicitação,,,,,,SONY MUSIC PUBLISHING (BRASIL) EDIÇÕES MUSICAIS LTDA,,,SONY MUSIC PUBLISHING (BRASIL) EDIÇÕES MUSICAIS LTDA,,,,,,,79971,800
SBT,11. Solicitação novembro 2023.xls,Relatório Solicitação,,,,,,SONY MUSIC PUBLISHING (BRASIL) EDIÇÕES MUSICAIS LTDA,,,SONY MUSIC PUBLISHING (BRASIL) EDIÇÕES MUSICAIS LTDA,,,,,,,79971,800
SBT,11. Solicitação novembro 2023.xls,Relatório Solicitação,,,,,,DIVERSAS,,,DIVERSAS,,,,,,,79971,800
SBT,11. Solicitação novembro 2023.xls,Relatório Solicitação,,,,,,TRÊS SONS EDITORA MUSICAL E GRAVADORA DIGITAL LTDA-ME,,,TRÊS SONS EDITORA MUSICAL E GRAVADORA DIGITAL LTDA-ME,,,,,,,79971,800
SBT,11. Solicitação novembro 2023.xls,Relatório Solicitação,,,,,,GRAVADORA DO POVO DE DEUS LTDA,,,GRAVADORA DO POVO DE DEUS LTDA,,,,,,,79971,800
SBT,11. Solicitação novembro 2023.xls,Relatório Solicitação,,,,,,DIVERSAS,,,DIVERSAS,,,,,,,79971,800
SBT,11. Solicitação novembro 2023.xls,Relatório Solicitação,,,,,,DIVERSAS,,,DIVERSAS,,,,,,,79971,800
SBT,11. Solicitação novembro 2023.xls,Relatório Solicitação,,,,,,PEERMUSIC DO BRASIL EDIÇÕES MUSICAIS LTDA,,,PEERMUSIC DO BRASIL EDIÇÕES MUSICAIS LTDA,,,,,,,79971,800
SBT,11. Solicitação novembro 2023.xls,Relatório Solicitação,,,,,,BMG RIGHTS MANAGEMENT BRASIL LTDA,,,BMG RIGHTS MANAGEMENT BRASIL LTDA,,,,,,,21320,213
SBT,11. Solicitação novembro 2023.xls,Relatório Solicitação,,,,,,DIVERSAS,,,DIVERSAS,,,,,,,58667,587
SBT,11. Solicitação novembro 2023.xls,Relatório Solicitação,,,,,,ABRAMUS DIGITAL SERV. IDENT. REPERTÓRIO,,,ABRAMUS DIGITAL SERV. IDENT. REPERTÓRIO,,,,,,,62202,622
SBT,11. Solicitação novembro 2023.xls,Relatório Solicitação,,,,,,SONY MUSIC PUBLISHING (BRASIL) EDIÇÕES MUSICAIS LTDA,,,SONY MUSIC PUBLISHING (BRASIL) EDIÇÕES MUSICAIS LTDA,,,,,,,17754,178
SBT,11. Solicitação novembro 2023.xls,Relatório Solicitação,,,,,,UNIVERSAL MUSIC PUBLISHING MGB BRASIL LTDA,,,UNIVERSAL MUSIC PUBLISHING MGB BRASIL LTDA,,,,,,,159943,1599
SBT,11. Solicitação novembro 2023.xls,Relatório Solicitação,,,,,,DIVERSAS,,,DIVERSAS,,,,,,,159943,1599
SBT,11. Solicitação novembro 2023.xls,Relatório Solicitação,,,,,,DIVERSAS,,,DIVERSAS,,,,,,,79971,800
SBT,11. Solicitação novembro 2023.xls,Relatório Solicitação,,,,,,DIVERSAS,,,DIVERSAS,,,,,,,159943,1599
SBT,11. Solicitação novembro 2023.xls,Relatório Solicitação,,,,,,DIVERSAS,,,DIVERSAS,,,,,,,159943,1599
SBT,11. Solicitação novembro 2023.xls,Relatório Solicitação,,,,,,SONY MUSIC PUBLISHING (BRASIL) EDIÇÕES MUSICAIS LTDA,,,SONY MUSIC PUBLISHING (BRASIL) EDIÇÕES MUSICAIS LTDA,,,,,,,79971,800
SBT,11. Solicitação novembro 2023.xls,Relatório Solicitação,,,,,,NOWA PRODUÇÕES ARTÍSTICAS LTDA,,,NOWA PRODUÇÕES ARTÍSTICAS LTDA,,,,,,,79972,800
SBT,11. Solicitação novembro 2023.xls,Relatório Solicitação,,,,,,DIVERSAS,,,DIVERSAS,,,,,,,79972,800
SBT,11. Solicitação novembro 2023.xls,Relatório Solicitação,,,,,,BMG RIGHTS MANAGEMENT BRASIL LTDA,,,BMG RIGHTS MANAGEMENT BRASIL LTDA,,,,,,,26662,267
SBT,11. Solicitação novembro 2023.xls,Relatório Solicitação,,,,,,DIVERSAS,,,DIVERSAS,,,,,,,26654,267
SBT,11. Solicitação novembro 2023.xls,Relatório Solicitação,,,,,,UNIVERSAL MUSIC PUBLISHING MGB BRASIL LTDA,,,UNIVERSAL MUSIC PUBLISHING MGB BRASIL LTDA,,,,,,,26654,267
SBT,11. Solicitação novembro 2023.xls,Relatório Solicitação,,,,,,GEMA EDITORA COMÉRCIO E DISTRIBUIÇÃO EIRELLI - EPP,,,GEMA EDITORA COMÉRCIO E DISTRIBUIÇÃO EIRELLI - EPP,,,,,,,79971,800
SBT,11. Solicitação novembro 2023.xls,Relatório Solicitação,,,,,,DIVERSAS,,,DIVERSAS,,,,,,,79971,800
SBT,11. Solicitação novembro 2023.xls,Relatório Solicitação,,,,,,ADDAF - ASS. DEF. DIREITOS AUTORAIS FONOMECÂNICOS,,,ADDAF - ASS. DEF. DIREITOS AUTORAIS FONOMECÂNICOS,,,,,,,79971,800
SBT,11. Solicitação novembro 2023.xls,Relatório Solicitação,,,,,,DIVERSAS,,,DIVERSAS,,,,,,,79971,800
SBT,11. Solicitação novembro 2023.xls,Relatório Solicitação,,,,,,UNIVERSAL MUSIC PUBLISHING MGB BRASIL LTDA,,,UNIVERSAL MUSIC PUBLISHING MGB BRASIL LTDA,,,,,,,39986,400
SBT,11. Solicitação novembro 2023.xls,Relatório Solicitação,,,,,,DIVERSAS,,,DIVERSAS,,,,,,,39986,400
SBT,11. Solicitação novembro 2023.xls,Relatório Solicitação,,,,,,UNIVERSAL MUSIC PUBLISHING MGB BRASIL LTDA,,,UNIVERSAL MUSIC PUBLISHING MGB BRASIL LTDA,,,,,,,79972,800
SBT,11. Solicitação novembro 2023.xls,Relatório Solicitação,,,,,,DIVERSAS,,,DIVERSAS,,,,,,,79972,800
SBT,11. Solicitação novembro 2023.xls,Relatório Solicitação,,,,,,SONY MUSIC PUBLISHING (BRASIL) EDIÇÕES MUSICAIS LTDA,,,SONY MUSIC PUBLISHING (BRASIL) EDIÇÕES MUSICAIS LTDA,,,,,,,79971,800
SBT,11. Solicitação novembro 2023.xls,Relatório Solicitação,,,,,,SONY MUSIC PUBLISHING (BRASIL) EDIÇÕES MUSICAIS LTDA,,,SONY MUSIC PUBLISHING (BRASIL) EDIÇÕES MUSICAIS LTDA,,,,,,,26654,267
SBT,11. Solicitação novembro 2023.xls,Relatório Solicitação,,,,,,UNIVERSAL MUSIC PUBLISHING MGB BRASIL LTDA,,,UNIVERSAL MUSIC PUBLISHING MGB BRASIL LTDA,,,,,,,26654,267
SBT,11. Solicitação novembro 2023.xls,Relatório Solicitação,,,,,,DIVERSAS,,,DIVERSAS,,,,,,,26662,267
SBT,11. Solicitação novembro 2023.xls,Relatório Solicitação,,,,,,PEERMUSIC DO BRASIL EDIÇÕES MUSICAIS LTDA,,,PEERMUSIC DO BRASIL EDIÇÕES MUSICAIS LTDA,,,,,,,79971,800
SBT,11. Solicitação novembro 2023.xls,Relatório Solicitação,,,,,,PEERMUSIC DO BRASIL EDIÇÕES MUSICAIS LTDA,,,PEERMUSIC DO BRASIL EDIÇÕES MUSICAIS LTDA,,,,,,,79971,800
SBT,11. Solicitação novembro 2023.xls,Relatório Solicitação,,,,,,FUSION MUSIC EDIÇÕES MUSICAIS LTDA,,,FUSION MUSIC EDIÇÕES MUSICAIS LTDA,,,,,,,159943,1599
SBT,11. Solicitação novembro 2023.xls,Relatório Solicitação,,,,,,EDITORA MUSICAL PANTTANAL LTDA,,,EDITORA MUSICAL PANTTANAL LTDA,,,,,,,79971,800
SBT,11. Solicitação novembro 2023.xls,Relatório Solicitação,,,,,,DIVERSAS,,,DIVERSAS,,,,,,,79971,800
SBT,11. Solicitação novembro 2023.xls,Relatório Solicitação,,,,,,PEERMUSIC DO BRASIL EDIÇÕES MUSICAIS LTDA,,,PEERMUSIC DO BRASIL EDIÇÕES MUSICAIS LTDA,,,,,,,79971,800
SBT,11. Solicitação novembro 2023.xls,Relatório Solicitação,,,,,,IRMÃOS VITALE EDITORES LTDA,,,IRMÃOS VITALE EDITORES LTDA,,,,,,,79971,800
SBT,11. Solicitação novembro 2023.xls,Relatório Solicitação,,,,,,IRMÃOS VITALE EDITORES LTDA,,,IRMÃOS VITALE EDITORES LTDA,,,,,,,79971,800
SBT,11. Solicitação novembro 2023.xls,Relatório Solicitação,,,,,,SONY MUSIC PUBLISHING (BRASIL) EDIÇÕES MUSICAIS LTDA,,,SONY MUSIC PUBLISHING (BRASIL) EDIÇÕES MUSICAIS LTDA,,,,,,,79971,800
SBT,11. Solicitação novembro 2023.xls,Relatório Solicitação,,,,,,UNIVERSAL MUSIC PUBLISHING MGB BRASIL LTDA,,,UNIVERSAL MUSIC PUBLISHING MGB BRASIL LTDA,,,,,,,79971,800
SBT,11. Solicitação novembro 2023.xls,Relatório Solicitação,,,,,,DIVERSAS,,,DIVERSAS,,,,,,,79971,800
SBT,11. Solicitação novembro 2023.xls,Relatório Solicitação,,,,,,DIVERSAS,,,DIVERSAS,,,,,,,79971,800
SBT,11. Solicitação novembro 2023.xls,Relatório Solicitação,,,,,,DIVERSAS,,,DIVERSAS,,,,,,,79971,800
SBT,11. Solicitação novembro 2023.xls,Relatório Solicitação,,,,,,DIVERSAS,,,DIVERSAS,,,,,,,74740,747
SBT,11. Solicitação novembro 2023.xls,Relatório Solicitação,,,,,,UNIVERSAL MUSIC PUBLISHING MGB BRASIL LTDA,,,UNIVERSAL MUSIC PUBLISHING MGB BRASIL LTDA,,,,,,,37370,374
SBT,11. Solicitação novembro 2023.xls,Relatório Solicitação,,,,,,ROCKING GORILLA MUSIC LTDA,,,ROCKING GORILLA MUSIC LTDA,,,,,,,39986,400
SBT,11. Solicitação novembro 2023.xls,Relatório Solicitação,,,,,,DIVERSAS,,,DIVERSAS,,,,,,,39986,400
SBT,11. Solicitação novembro 2023.xls,Relatório Solicitação,,,,,,DIVERSAS,,,DIVERSAS,,,,,,,39986,400
SBT,11. Solicitação novembro 2023.xls,Relatório Solicitação,,,,,,DUBAS MÚSICA LTDA,,,DUBAS MÚSICA LTDA,,,,,,,39986,400
SBT,11. Solicitação novembro 2023.xls,Relatório Solicitação,,,,,,DIVERSAS,,,DIVERSAS,,,,,,,159943,1599
SBT,11. Solicitação novembro 2023.xls,Relatório Solicitação,,,,,,SONY MUSIC PUBLISHING (BRASIL) EDIÇÕES MUSICAIS LTDA,,,SONY MUSIC PUBLISHING (BRASIL) EDIÇÕES MUSICAIS LTDA,,,,,,,79971,800
SBT,11. Solicitação novembro 2023.xls,Relatório Solicitação,,,,,,SONY MUSIC PUBLISHING (BRASIL) EDIÇÕES MUSICAIS LTDA,,,SONY MUSIC PUBLISHING (BRASIL) EDIÇÕES MUSICAIS LTDA,,,,,,,79971,800
SBT,11. Solicitação novembro 2023.xls,Relatório Solicitação,,,,,,DIVERSAS,,,DIVERSAS,,,,,,,74740,747
SBT,11. Solicitação novembro 2023.xls,Relatório Solicitação,,,,,,DIVERSAS,,,DIVERSAS,,,,,,,37370,374
SBT,11. Solicitação novembro 2023.xls,Relatório Solicitação,,,,,,PEERMUSIC DO BRASIL EDIÇÕES MUSICAIS LTDA,,,PEERMUSIC DO BRASIL EDIÇÕES MUSICAIS LTDA,,,,,,,37370,374
SBT,11. Solicitação novembro 2023.xls,Relatório Solicitação,,,,,,WARNER CHAPPELL EDIÇÕES MUSICAIS LTDA,,,WARNER CHAPPELL EDIÇÕES MUSICAIS LTDA,,,,,,,79972,800
SBT,11. Solicitação novembro 2023.xls,Relatório Solicitação,,,,,,ABRAMUS DIGITAL SERV. IDENT. REPERTÓRIO,,,ABRAMUS DIGITAL SERV. IDENT. REPERTÓRIO,,,,,,,79972,800
SBT,11. Solicitação novembro 2023.xls,Relatório Solicitação,,,,,,DIVERSAS,,,DIVERSAS,,,,,,,79971,800
SBT,11. Solicitação novembro 2023.xls,Relatório Solicitação,,,,,,GEMA EDITORA COMÉRCIO E DISTRIBUIÇÃO EIRELLI - EPP,,,GEMA EDITORA COMÉRCIO E DISTRIBUIÇÃO EIRELLI - EPP,,,,,,,79971,800
SBT,11. Solicitação novembro 2023.xls,Relatório Solicitação,,,,,,DIVERSAS,,,DIVERSAS,,,,,,,79971,800
SBT,11. Solicitação novembro 2023.xls,Relatório Solicitação,,,,,,SONY MUSIC PUBLISHING (BRASIL) EDIÇÕES MUSICAIS LTDA,,,SONY MUSIC PUBLISHING (BRASIL) EDIÇÕES MUSICAIS LTDA,,,,,,,79971,800
SBT,11. Solicitação novembro 2023.xls,Relatório Solicitação,,,,,,ABRAMUS DIGITAL SERV. IDENT. REPERTÓRIO,,,ABRAMUS DIGITAL SERV. IDENT. REPERTÓRIO,,,,,,,6662,67
SBT,11. Solicitação novembro 2023.xls,Relatório Solicitação,,,,,,WARNER CHAPPELL EDIÇÕES MUSICAIS LTDA,,,WARNER CHAPPELL EDIÇÕES MUSICAIS LTDA,,,,,,,39986,400
SBT,11. Solicitação novembro 2023.xls,Relatório Solicitação,,,,,,DECK PRODUÇÕES ARTÍSTICAS LTDA,,,DECK PRODUÇÕES ARTÍSTICAS LTDA,,,,,,,33324,333
SBT,11. Solicitação novembro 2023.xls,Relatório Solicitação,,,,,,DIVERSAS,,,DIVERSAS,,,,,,,79971,800
SBT,11. Solicitação novembro 2023.xls,Relatório Solicitação,,,,,,PEERMUSIC DO BRASIL EDIÇÕES MUSICAIS LTDA,,,PEERMUSIC DO BRASIL EDIÇÕES MUSICAIS LTDA,,,,,,,79971,800
SBT,11. Solicitação novembro 2023.xls,Relatório Solicitação,,,,,,WARNER CHAPPELL EDIÇÕES MUSICAIS LTDA,,,WARNER CHAPPELL EDIÇÕES MUSICAIS LTDA,,,,,,,59978,600
SBT,11. Solicitação novembro 2023.xls,Relatório Solicitação,,,,,,SONY MUSIC PUBLISHING (BRASIL) EDIÇÕES MUSICAIS LTDA,,,SONY MUSIC PUBLISHING (BRASIL) EDIÇÕES MUSICAIS LTDA,,,,,,,19993,200
SBT,11. Solicitação novembro 2023.xls,Relatório Solicitação,,,,,,WARNER CHAPPELL EDIÇÕES MUSICAIS LTDA,,,WARNER CHAPPELL EDIÇÕES MUSICAIS LTDA,,,,,,,79971,800
SBT,11. Solicitação novembro 2023.xls,Relatório Solicitação,,,,,,SONY MUSIC PUBLISHING (BRASIL) EDIÇÕES MUSICAIS LTDA,,,SONY MUSIC PUBLISHING (BRASIL) EDIÇÕES MUSICAIS LTDA,,,,,,,79971,800
SBT,11. Solicitação novembro 2023.xls,Relatório Solicitação,,,,,,SONY MUSIC PUBLISHING (BRASIL) EDIÇÕES MUSICAIS LTDA,,,SONY MUSIC PUBLISHING (BRASIL) EDIÇÕES MUSICAIS LTDA,,,,,,,79971,800
SBT,11. Solicitação novembro 2023.xls,Relatório Solicitação,,,,,,UNIVERSAL MUSIC PUBLISHING MGB BRASIL LTDA,,,UNIVERSAL MUSIC PUBLISHING MGB BRASIL LTDA,,,,,,,53325,533
SBT,11. Solicitação novembro 2023.xls,Relatório Solicitação,,,,,,SONY MUSIC PUBLISHING (BRASIL) EDIÇÕES MUSICAIS LTDA,,,SONY MUSIC PUBLISHING (BRASIL) EDIÇÕES MUSICAIS LTDA,,,,,,,106618,1066
SBT,11. Solicitação novembro 2023.xls,Relatório Solicitação,,,,,,DIVERSAS,,,DIVERSAS,,,,,,,159943,1599
SBT,11. Solicitação novembro 2023.xls,Relatório Solicitação,,,,,,WARNER CHAPPELL EDIÇÕES MUSICAIS LTDA,,,WARNER CHAPPELL EDIÇÕES MUSICAIS LTDA,,,,,,,159943,1599
SBT,11. Solicitação novembro 2023.xls,Relatório Solicitação,,,,,,WARNER CHAPPELL EDIÇÕES MUSICAIS LTDA,,,WARNER CHAPPELL EDIÇÕES MUSICAIS LTDA,,,,,,,159943,1599
SBT,11. Solicitação novembro 2023.xls,Relatório Solicitação,,,,,,WARNER CHAPPELL EDIÇÕES MUSICAIS LTDA,,,WARNER CHAPPELL EDIÇÕES MUSICAIS LTDA,,,,,,,79972,800
SBT,11. Solicitação novembro 2023.xls,Relatório Solicitação,,,,,,DIVERSAS,,,DIVERSAS,,,,,,,79972,800
SBT,11. Solicitação novembro 2023.xls,Relatório Solicitação,,,,,,DIVERSAS,,,DIVERSAS,,,,,,,159943,1599
SBT,11. Solicitação novembro 2023.xls,Relatório Solicitação,,,,,,WARNER CHAPPELL EDIÇÕES MUSICAIS LTDA,,,WARNER CHAPPELL EDIÇÕES MUSICAIS LTDA,,,,,,,79972,800
SBT,11. Solicitação novembro 2023.xls,Relatório Solicitação,,,,,,SONY MUSIC PUBLISHING (BRASIL) EDIÇÕES MUSICAIS LTDA,,,SONY MUSIC PUBLISHING (BRASIL) EDIÇÕES MUSICAIS LTDA,,,,,,,79972,800
SBT,11. Solicitação novembro 2023.xls,Relatório Solicitação,,,,,,SONY MUSIC PUBLISHING (BRASIL) EDIÇÕES MUSICAIS LTDA,,,SONY MUSIC PUBLISHING (BRASIL) EDIÇÕES MUSICAIS LTDA,,,,,,,79971,800
SBT,11. Solicitação novembro 2023.xls,Relatório Solicitação,,,,,,SONY MUSIC PUBLISHING (BRASIL) EDIÇÕES MUSICAIS LTDA,,,SONY MUSIC PUBLISHING (BRASIL) EDIÇÕES MUSICAIS LTDA,,,,,,,159943,1599
SBT,11. Solicitação novembro 2023.xls,Relatório Solicitação,,,,,,WARNER CHAPPELL EDIÇÕES MUSICAIS LTDA,,,WARNER CHAPPELL EDIÇÕES MUSICAIS LTDA,,,,,,,106634,1066
SBT,11. Solicitação novembro 2023.xls,Relatório Solicitação,,,,,,UNIVERSAL MUSIC PUBLISHING MGB BRASIL LTDA,,,UNIVERSAL MUSIC PUBLISHING MGB BRASIL LTDA,,,,,,,53309,533
SBT,11. Solicitação novembro 2023.xls,Relatório Solicitação,,,,,,DIVERSAS,,,DIVERSAS,,,,,,,53325,533
SBT,11. Solicitação novembro 2023.xls,Relatório Solicitação,,,,,,WARNER CHAPPELL EDIÇÕES MUSICAIS LTDA,,,WARNER CHAPPELL EDIÇÕES MUSICAIS LTDA,,,,,,,106618,1066
SBT,11. Solicitação novembro 2023.xls,Relatório Solicitação,,,,,,WARNER CHAPPELL EDIÇÕES MUSICAIS LTDA,,,WARNER CHAPPELL EDIÇÕES MUSICAIS LTDA,,,,,,,106618,1066
SBT,11. Solicitação novembro 2023.xls,Relatório Solicitação,,,,,,SONY MUSIC PUBLISHING (BRASIL) EDIÇÕES MUSICAIS LTDA,,,SONY MUSIC PUBLISHING (BRASIL) EDIÇÕES MUSICAIS LTDA,,,,,,,53325,533
SBT,11. Solicitação novembro 2023.xls,Relatório Solicitação,,,,,,UNIVERSAL MUSIC PUBLISHING MGB BRASIL LTDA,,,UNIVERSAL MUSIC PUBLISHING MGB BRASIL LTDA,,,,,,,159943,1599
SBT,11. Solicitação novembro 2023.xls,Relatório Solicitação,,,,,,DIVERSAS,,,DIVERSAS,,,,,,,159943,1599
SBT,11. Solicitação novembro 2023.xls,Relatório Solicitação,,,,,,WARNER CHAPPELL EDIÇÕES MUSICAIS LTDA,,,WARNER CHAPPELL EDIÇÕES MUSICAIS LTDA,,,,,,,159943,1599
SBT,11. Solicitação novembro 2023.xls,Relatório Solicitação,,,,,,UNIVERSAL MUSIC PUBLISHING MGB BRASIL LTDA,,,UNIVERSAL MUSIC PUBLISHING MGB BRASIL LTDA,,,,,,,39986,400
SBT,11. Solicitação novembro 2023.xls,Relatório Solicitação,,,,,,DIVERSAS,,,DIVERSAS,,,,,,,60986,610
SBT,11. Solicitação novembro 2023.xls,Relatório Solicitação,,,,,,WARNER CHAPPELL EDIÇÕES MUSICAIS LTDA,,,WARNER CHAPPELL EDIÇÕES MUSICAIS LTDA,,,,,,,9996,100
SBT,11. Solicitação novembro 2023.xls,Relatório Solicitação,,,,,,SONY MUSIC PUBLISHING (BRASIL) EDIÇÕES MUSICAIS LTDA,,,SONY MUSIC PUBLISHING (BRASIL) EDIÇÕES MUSICAIS LTDA,,,,,,,39986,400
SBT,11. Solicitação novembro 2023.xls,Relatório Solicitação,,,,,,ABRAMUS DIGITAL SERV. IDENT. REPERTÓRIO,,,ABRAMUS DIGITAL SERV. IDENT. REPERTÓRIO,,,,,,,8989,90
SBT,11. Solicitação novembro 2023.xls,Relatório Solicitação,,,,,,DIVERSAS,,,DIVERSAS,,,,,,,39986,400
SBT,11. Solicitação novembro 2023.xls,Relatório Solicitação,,,,,,SONY MUSIC PUBLISHING (BRASIL) EDIÇÕES MUSICAIS LTDA,,,SONY MUSIC PUBLISHING (BRASIL) EDIÇÕES MUSICAIS LTDA,,,,,,,119957,1200
SBT,11. Solicitação novembro 2023.xls,Relatório Solicitação,,,,,,DIVERSAS,,,DIVERSAS,,,,,,,79971,800
SBT,11. Solicitação novembro 2023.xls,Relatório Solicitação,,,,,,IRMÃOS VITALE EDITORES LTDA,,,IRMÃOS VITALE EDITORES LTDA,,,,,,,79971,800
SBT,11. Solicitação novembro 2023.xls,Relatório Solicitação,,,,,,PEERMUSIC DO BRASIL EDIÇÕES MUSICAIS LTDA,,,PEERMUSIC DO BRASIL EDIÇÕES MUSICAIS LTDA,,,,,,,79971,800
SBT,11. Solicitação novembro 2023.xls,Relatório Solicitação,,,,,,WARNER CHAPPELL EDIÇÕES MUSICAIS LTDA,,,WARNER CHAPPELL EDIÇÕES MUSICAIS LTDA,,,,,,,74973,750
SBT,11. Solicitação novembro 2023.xls,Relatório Solicitação,,,,,,SONY MUSIC PUBLISHING (BRASIL) EDIÇÕES MUSICAIS LTDA,,,SONY MUSIC PUBLISHING (BRASIL) EDIÇÕES MUSICAIS LTDA,,,,,,,4998,50
SBT,11. Solicitação novembro 2023.xls,Relatório Solicitação,,,,,,UNIVERSAL MUSIC PUBLISHING MGB BRASIL LTDA,,,UNIVERSAL MUSIC PUBLISHING MGB BRASIL LTDA,,,,,,,26654,267
SBT,11. Solicitação novembro 2023.xls,Relatório Solicitação,,,,,,JULIANA FAKRI DE ASSIS EPP,,,JULIANA FAKRI DE ASSIS EPP,,,,,,,26662,267
SBT,11. Solicitação novembro 2023.xls,Relatório Solicitação,,,,,,WARNER CHAPPELL EDIÇÕES MUSICAIS LTDA,,,WARNER CHAPPELL EDIÇÕES MUSICAIS LTDA,,,,,,,26654,267
SBT,11. Solicitação novembro 2023.xls,Relatório Solicitação,,,,,,PEERMUSIC DO BRASIL EDIÇÕES MUSICAIS LTDA,,,PEERMUSIC DO BRASIL EDIÇÕES MUSICAIS LTDA,,,,,,,39986,400
SBT,11. Solicitação novembro 2023.xls,Relatório Solicitação,,,,,,NOSSAMÚSICA PRODUÇÕES E EDIÇÕES MUSICAIS LTDA,,,NOSSAMÚSICA PRODUÇÕES E EDIÇÕES MUSICAIS LTDA,,,,,,,39986,400
SBT,11. Solicitação novembro 2023.xls,Relatório Solicitação,,,,,,UNIVERSAL MUSIC PUBLISHING MGB BRASIL LTDA,,,UNIVERSAL MUSIC PUBLISHING MGB BRASIL LTDA,,,,,,,79971,800
SBT,11. Solicitação novembro 2023.xls,Relatório Solicitação,,,,,,WARNER CHAPPELL EDIÇÕES MUSICAIS LTDA,,,WARNER CHAPPELL EDIÇÕES MUSICAIS LTDA,,,,,,,79971,800
SBT,11. Solicitação novembro 2023.xls,Relatório Solicitação,,,,,,SONY MUSIC PUBLISHING (BRASIL) EDIÇÕES MUSICAIS LTDA,,,SONY MUSIC PUBLISHING (BRASIL) EDIÇÕES MUSICAIS LTDA,,,,,,,79971,800
SBT,11. Solicitação novembro 2023.xls,Relatório Solicitação,,,,,,UNIVERSAL MUSIC PUBLISHING MGB BRASIL LTDA,,,UNIVERSAL MUSIC PUBLISHING MGB BRASIL LTDA,,,,,,,39986,400
SBT,11. Solicitação novembro 2023.xls,Relatório Solicitação,,,,,,SONY MUSIC PUBLISHING (BRASIL) EDIÇÕES MUSICAIS LTDA,,,SONY MUSIC PUBLISHING (BRASIL) EDIÇÕES MUSICAIS LTDA,,,,,,,39986,400
SBT,11. Solicitação novembro 2023.xls,Relatório Solicitação,,,,,,WARNER CHAPPELL EDIÇÕES MUSICAIS LTDA,,,WARNER CHAPPELL EDIÇÕES MUSICAIS LTDA,,,,,,,79971,800
SBT,11. Solicitação novembro 2023.xls,Relatório Solicitação,,,,,,UNIVERSAL MUSIC PUBLISHING MGB BRASIL LTDA,,,UNIVERSAL MUSIC PUBLISHING MGB BRASIL LTDA,,,,,,,79971,800
SBT,11. Solicitação novembro 2023.xls,Relatório Solicitação,,,,,,DIVERSAS,,,DIVERSAS,,,,,,,79971,800
SBT,11. Solicitação novembro 2023.xls,Relatório Solicitação,,,,,,DECK PRODUÇÕES ARTÍSTICAS LTDA,,,DECK PRODUÇÕES ARTÍSTICAS LTDA,,,,,,,79971,800
SBT,11. Solicitação novembro 2023.xls,Relatório Solicitação,,,,,,UNIVERSAL MUSIC PUBLISHING MGB BRASIL LTDA,,,UNIVERSAL MUSIC PUBLISHING MGB BRASIL LTDA,,,,,,,39986,400
SBT,11. Solicitação novembro 2023.xls,Relatório Solicitação,,,,,,SONY MUSIC PUBLISHING (BRASIL) EDIÇÕES MUSICAIS LTDA,,,SONY MUSIC PUBLISHING (BRASIL) EDIÇÕES MUSICAIS LTDA,,,,,,,39986,400
SBT,11. Solicitação novembro 2023.xls,Relatório Solicitação,,,,,,WARNER CHAPPELL EDIÇÕES MUSICAIS LTDA,,,WARNER CHAPPELL EDIÇÕES MUSICAIS LTDA,,,,,,,39986,400
SBT,11. Solicitação novembro 2023.xls,Relatório Solicitação,,,,,,UNIVERSAL MUSIC PUBLISHING MGB BRASIL LTDA,,,UNIVERSAL MUSIC PUBLISHING MGB BRASIL LTDA,,,,,,,39986,400
SBT,11. Solicitação novembro 2023.xls,Relatório Solicitação,,,,,,DIVERSAS,,,DIVERSAS,,,,,,,79971,800
SBT,11. Solicitação novembro 2023.xls,Relatório Solicitação,,,,,,UNIVERSAL MUSIC PUBLISHING MGB BRASIL LTDA,,,UNIVERSAL MUSIC PUBLISHING MGB BRASIL LTDA,,,,,,,79972,800
SBT,11. Solicitação novembro 2023.xls,Relatório Solicitação,,,,,,WARNER CHAPPELL EDIÇÕES MUSICAIS LTDA,,,WARNER CHAPPELL EDIÇÕES MUSICAIS LTDA,,,,,,,79972,800
SBT,11. Solicitação novembro 2023.xls,Relatório Solicitação,,,,,,DIVERSAS,,,DIVERSAS,,,,,,,159943,1599
SBT,11. Solicitação novembro 2023.xls,Relatório Solicitação,,,,,,DIVERSAS,,,DIVERSAS,,,,,,,106634,1066
SBT,11. Solicitação novembro 2023.xls,Relatório Solicitação,,,,,,WARNER CHAPPELL EDIÇÕES MUSICAIS LTDA,,,WARNER CHAPPELL EDIÇÕES MUSICAIS LTDA,,,,,,,53309,533
SBT,11. Solicitação novembro 2023.xls,Relatório Solicitação,,,,,,SONY MUSIC PUBLISHING (BRASIL) EDIÇÕES MUSICAIS LTDA,,,SONY MUSIC PUBLISHING (BRASIL) EDIÇÕES MUSICAIS LTDA,,,,,,,159943,1599
SBT,11. Solicitação novembro 2023.xls,Relatório Solicitação,,,,,,WARNER CHAPPELL EDIÇÕES MUSICAIS LTDA,,,WARNER CHAPPELL EDIÇÕES MUSICAIS LTDA,,,,,,,159943,1599
SBT,11. Solicitação novembro 2023.xls,Relatório Solicitação,,,,,,WARNER CHAPPELL EDIÇÕES MUSICAIS LTDA,,,WARNER CHAPPELL EDIÇÕES MUSICAIS LTDA,,,,,,,79972,800
SBT,11. Solicitação novembro 2023.xls,Relatório Solicitação,,,,,,UNIVERSAL MUSIC PUBLISHING MGB BRASIL LTDA,,,UNIVERSAL MUSIC PUBLISHING MGB BRASIL LTDA,,,,,,,79972,800
SBT,11. Solicitação novembro 2023.xls,Relatório Solicitação,,,,,,DIVERSAS,,,DIVERSAS,,,,,,,159943,1599
SBT,11. Solicitação novembro 2023.xls,Relatório Solicitação,,,,,,DIVERSAS,,,DIVERSAS,,,,,,,159943,1599
SBT,11. Solicitação novembro 2023.xls,Relatório Solicitação,,,,,,BMG RIGHTS MANAGEMENT BRASIL LTDA,,,BMG RIGHTS MANAGEMENT BRASIL LTDA,,,,,,,21320,213
SBT,11. Solicitação novembro 2023.xls,Relatório Solicitação,,,,,,DIVERSAS,,,DIVERSAS,,,,,,,58667,587
SBT,11. Solicitação novembro 2023.xls,Relatório Solicitação,,,,,,ABRAMUS DIGITAL SERV. IDENT. REPERTÓRIO,,,ABRAMUS DIGITAL SERV. IDENT. REPERTÓRIO,,,,,,,62202,622
SBT,11. Solicitação novembro 2023.xls,Relatório Solicitação,,,,,,SONY MUSIC PUBLISHING (BRASIL) EDIÇÕES MUSICAIS LTDA,,,SONY MUSIC PUBLISHING (BRASIL) EDIÇÕES MUSICAIS LTDA,,,,,,,17754,178
SBT,11. Solicitação novembro 2023.xls,Relatório Solicitação,,,,,,BMG RIGHTS MANAGEMENT BRASIL LTDA,,,BMG RIGHTS MANAGEMENT BRASIL LTDA,,,,,,,26662,267
SBT,11. Solicitação novembro 2023.xls,Relatório Solicitação,,,,,,DIVERSAS,,,DIVERSAS,,,,,,,32,0
SBT,11. Solicitação novembro 2023.xls,Relatório Solicitação,,,,,,WARNER CHAPPELL EDIÇÕES MUSICAIS LTDA,,,WARNER CHAPPELL EDIÇÕES MUSICAIS LTDA,,,,,,,53293,533
SBT,11. Solicitação novembro 2023.xls,Relatório Solicitação,,,,,,SONY MUSIC PUBLISHING (BRASIL) EDIÇÕES MUSICAIS LTDA,,,SONY MUSIC PUBLISHING (BRASIL) EDIÇÕES MUSICAIS LTDA,,,,,,,79956,800
SBT,11. Solicitação novembro 2023.xls,Relatório Solicitação,,,,,,IRMÃOS VITALE EDITORES LTDA,,,IRMÃOS VITALE EDITORES LTDA,,,,,,,159943,1599
SBT,11. Solicitação novembro 2023.xls,Relatório Solicitação,,,,,,MINHA AUTORIA ASSESSORIA EM DIREITOS MUSICAIS LTDA.,,,MINHA AUTORIA ASSESSORIA EM DIREITOS MUSICAIS LTDA.,,,,,,,63977,640
SBT,11. Solicitação novembro 2023.xls,Relatório Solicitação,,,,,,UNIVERSAL MUSIC PUBLISHING MGB BRASIL LTDA,,,UNIVERSAL MUSIC PUBLISHING MGB BRASIL LTDA,,,,,,,31989,320
SBT,11. Solicitação novembro 2023.xls,Relatório Solicitação,,,,,,BMG RIGHTS MANAGEMENT BRASIL LTDA,,,BMG RIGHTS MANAGEMENT BRASIL LTDA,,,,,,,31989,320
SBT,11. Solicitação novembro 2023.xls,Relatório Solicitação,,,,,,ABRAMUS DIGITAL SERV. IDENT. REPERTÓRIO,,,ABRAMUS DIGITAL SERV. IDENT. REPERTÓRIO,,,,,,,31989,320
SBT,11. Solicitação novembro 2023.xls,Relatório Solicitação,,,,,,DIVERSAS,,,DIVERSAS,,,,,,,159943,1599
SBT,11. Solicitação novembro 2023.xls,Relatório Solicitação,,,,,,DIVERSAS,,,DIVERSAS,,,,,,,79971,800
SBT,11. Solicitação novembro 2023.xls,Relatório Solicitação,,,,,,DIVERSAS,,,DIVERSAS,,,,,,,39986,400
SBT,11. Solicitação novembro 2023.xls,Relatório Solicitação,,,,,,DUBAS MÚSICA LTDA,,,DUBAS MÚSICA LTDA,,,,,,,39986,400
SBT,11. Solicitação novembro 2023.xls,Relatório Solicitação,,,,,,DIVERSAS,,,DIVERSAS,,,,,,,39986,400
SBT,11. Solicitação novembro 2023.xls,Relatório Solicitação,,,,,,DUBAS MÚSICA LTDA,,,DUBAS MÚSICA LTDA,,,,,,,39986,400
SBT,11. Solicitação novembro 2023.xls,Relatório Solicitação,,,,,,WARNER CHAPPELL EDIÇÕES MUSICAIS LTDA,,,WARNER CHAPPELL EDIÇÕES MUSICAIS LTDA,,,,,,,26654,267
SBT,11. Solicitação novembro 2023.xls,Relatório Solicitação,,,,,,DIVERSAS,,,DIVERSAS,,,,,,,26662,267
SBT,11. Solicitação novembro 2023.xls,Relatório Solicitação,,,,,,UNIVERSAL MUSIC PUBLISHING MGB BRASIL LTDA,,,UNIVERSAL MUSIC PUBLISHING MGB BRASIL LTDA,,,,,,,26654,267
SBT,11. Solicitação novembro 2023.xls,Relatório Solicitação,,,,,,WARNER CHAPPELL EDIÇÕES MUSICAIS LTDA,,,WARNER CHAPPELL EDIÇÕES MUSICAIS LTDA,,,,,,,79971,800
SBT,11. Solicitação novembro 2023.xls,Relatório Solicitação,,,,,,DIVERSAS,,,DIVERSAS,,,,,,,79971,800
SBT,11. Solicitação novembro 2023.xls,Relatório Solicitação,,,,,,DIVERSAS,,,DIVERSAS,,,,,,,79971,800
SBT,11. Solicitação novembro 2023.xls,Relatório Solicitação,,,,,,PEERMUSIC DO BRASIL EDIÇÕES MUSICAIS LTDA,,,PEERMUSIC DO BRASIL EDIÇÕES MUSICAIS LTDA,,,,,,,24911,249
SBT,11. Solicitação novembro 2023.xls,Relatório Solicitação,,,,,,DIVERSAS,,,DIVERSAS,,,,,,,49829,498
SBT,11. Solicitação novembro 2023.xls,Relatório Solicitação,,,,,,UNIVERSAL MUSIC PUBLISHING MGB BRASIL LTDA,,,UNIVERSAL MUSIC PUBLISHING MGB BRASIL LTDA,,,,,,,39986,400
SBT,11. Solicitação novembro 2023.xls,Relatório Solicitação,,,,,,DIVERSAS,,,DIVERSAS,,,,,,,39986,400
SBT,11. Solicitação novembro 2023.xls,Relatório Solicitação,,,,,,BMG RIGHTS MANAGEMENT BRASIL LTDA,,,BMG RIGHTS MANAGEMENT BRASIL LTDA,,,,,,,79971,800
SBT,11. Solicitação novembro 2023.xls,Relatório Solicitação,,,,,,SONY MUSIC PUBLISHING (BRASIL) EDIÇÕES MUSICAIS LTDA,,,SONY MUSIC PUBLISHING (BRASIL) EDIÇÕES MUSICAIS LTDA,,,,,,,79971,800
SBT,11. Solicitação novembro 2023.xls,Relatório Solicitação,,,,,,UNIVERSAL MUSIC PUBLISHING MGB BRASIL LTDA,,,UNIVERSAL MUSIC PUBLISHING MGB BRASIL LTDA,,,,,,,79971,800
SBT,11. Solicitação novembro 2023.xls,Relatório Solicitação,,,,,,UNIVERSAL MUSIC PUBLISHING MGB BRASIL LTDA,,,UNIVERSAL MUSIC PUBLISHING MGB BRASIL LTDA,,,,,,,79971,800
SBT,11. Solicitação novembro 2023.xls,Relatório Solicitação,,,,,,BMG RIGHTS MANAGEMENT BRASIL LTDA,,,BMG RIGHTS MANAGEMENT BRASIL LTDA,,,,,,,21320,213
SBT,11. Solicitação novembro 2023.xls,Relatório Solicitação,,,,,,DIVERSAS,,,DIVERSAS,,,,,,,58667,587
SBT,11. Solicitação novembro 2023.xls,Relatório Solicitação,,,,,,ABRAMUS DIGITAL SERV. IDENT. REPERTÓRIO,,,ABRAMUS DIGITAL SERV. IDENT. REPERTÓRIO,,,,,,,62202,622
SBT,11. Solicitação novembro 2023.xls,Relatório Solicitação,,,,,,SONY MUSIC PUBLISHING (BRASIL) EDIÇÕES MUSICAIS LTDA,,,SONY MUSIC PUBLISHING (BRASIL) EDIÇÕES MUSICAIS LTDA,,,,,,,17754,178
SBT,11. Solicitação novembro 2023.xls,Relatório Solicitação,,,,,,UNIVERSAL MUSIC PUBLISHING MGB BRASIL LTDA,,,UNIVERSAL MUSIC PUBLISHING MGB BRASIL LTDA,,,,,,,159943,1599
SBT,11. Solicitação novembro 2023.xls,Relatório Solicitação,,,,,,DIVERSAS,,,DIVERSAS,,,,,,,159943,1599
SBT,11. Solicitação novembro 2023.xls,Relatório Solicitação,,,,,,DIVERSAS,,,DIVERSAS,,,,,,,39986,400
SBT,11. Solicitação novembro 2023.xls,Relatório Solicitação,,,,,,SONY MUSIC PUBLISHING (BRASIL) EDIÇÕES MUSICAIS LTDA,,,SONY MUSIC PUBLISHING (BRASIL) EDIÇÕES MUSICAIS LTDA,,,,,,,39986,400
SBT,11. Solicitação novembro 2023.xls,Relatório Solicitação,,,,,,PEERMUSIC DO BRASIL EDIÇÕES MUSICAIS LTDA,,,PEERMUSIC DO BRASIL EDIÇÕES MUSICAIS LTDA,,,,,,,79971,800
SBT,11. Solicitação novembro 2023.xls,Relatório Solicitação,,,,,,SONY MUSIC PUBLISHING (BRASIL) EDIÇÕES MUSICAIS LTDA,,,SONY MUSIC PUBLISHING (BRASIL) EDIÇÕES MUSICAIS LTDA,,,,,,,79971,800
SBT,11. Solicitação novembro 2023.xls,Relatório Solicitação,,,,,,BMG RIGHTS MANAGEMENT BRASIL LTDA,,,BMG RIGHTS MANAGEMENT BRASIL LTDA,,,,,,,13595,136
SBT,11. Solicitação novembro 2023.xls,Relatório Solicitação,,,,,,PEERMUSIC DO BRASIL EDIÇÕES MUSICAIS LTDA,,,PEERMUSIC DO BRASIL EDIÇÕES MUSICAIS LTDA,,,,,,,13595,136
SBT,11. Solicitação novembro 2023.xls,Relatório Solicitação,,,,,,WARNER CHAPPELL EDIÇÕES MUSICAIS LTDA,,,WARNER CHAPPELL EDIÇÕES MUSICAIS LTDA,,,,,,,27190,272
SBT,11. Solicitação novembro 2023.xls,Relatório Solicitação,,,,,,SONY MUSIC PUBLISHING (BRASIL) EDIÇÕES MUSICAIS LTDA,,,SONY MUSIC PUBLISHING (BRASIL) EDIÇÕES MUSICAIS LTDA,,,,,,,19593,196
SBT,11. Solicitação novembro 2023.xls,Relatório Solicitação,,,,,,ABRAMUS DIGITAL SERV. IDENT. REPERTÓRIO,,,ABRAMUS DIGITAL SERV. IDENT. REPERTÓRIO,,,,,,,5998,60
SBT,11. Solicitação novembro 2023.xls,Relatório Solicitação,,,,,,SONY MUSIC PUBLISHING (BRASIL) EDIÇÕES MUSICAIS LTDA,,,SONY MUSIC PUBLISHING (BRASIL) EDIÇÕES MUSICAIS LTDA,,,,,,,79971,800
SBT,11. Solicitação novembro 2023.xls,Relatório Solicitação,,,,,,WARNER CHAPPELL EDIÇÕES MUSICAIS LTDA,,,WARNER CHAPPELL EDIÇÕES MUSICAIS LTDA,,,,,,,159943,1599
SBT,11. Solicitação novembro 2023.xls,Relatório Solicitação,,,,,,DIVERSAS,,,DIVERSAS,,,,,,,159943,1599
SBT,11. Solicitação novembro 2023.xls,Relatório Solicitação,,,,,,DIVERSAS,,,DIVERSAS,,,,,,,119957,1200
SBT,11. Solicitação novembro 2023.xls,Relatório Solicitação,,,,,,ABRAMUS DIGITAL SERV. IDENT. REPERTÓRIO,,,ABRAMUS DIGITAL SERV. IDENT. REPERTÓRIO,,,,,,,39986,400
SBT,11. Solicitação novembro 2023.xls,Relatório Solicitação,,,,,,DIVERSAS,,,DIVERSAS,,,,,,,159943,1599
SBT,11. Solicitação novembro 2023.xls,Relatório Solicitação,,,,,,UNIVERSAL MUSIC PUBLISHING MGB BRASIL LTDA,,,UNIVERSAL MUSIC PUBLISHING MGB BRASIL LTDA,,,,,,,79971,800
SBT,11. Solicitação novembro 2023.xls,Relatório Solicitação,,,,,,COSA NOSTRA FONOGRÁFICA LTDA - ME,,,COSA NOSTRA FONOGRÁFICA LTDA - ME,,,,,,,79971,800
SBT,11. Solicitação novembro 2023.xls,Relatório Solicitação,,,,,,DIVERSAS,,,DIVERSAS,,,,,,,53309,533
SBT,11. Solicitação novembro 2023.xls,Relatório Solicitação,,,,,,SONY MUSIC PUBLISHING (BRASIL) EDIÇÕES MUSICAIS LTDA,,,SONY MUSIC PUBLISHING (BRASIL) EDIÇÕES MUSICAIS LTDA,,,,,,,26662,267
SBT,11. Solicitação novembro 2023.xls,Relatório Solicitação,,,,,,DIVERSAS,,,DIVERSAS,,,,,,,79971,800
SBT,11. Solicitação novembro 2023.xls,Relatório Solicitação,,,,,,WARNER CHAPPELL EDIÇÕES MUSICAIS LTDA,,,WARNER CHAPPELL EDIÇÕES MUSICAIS LTDA,,,,,,,6670,67
SBT,11. Solicitação novembro 2023.xls,Relatório Solicitação,,,,,,DIVERSAS,,,DIVERSAS,,,,,,,41313,413
SBT,11. Solicitação novembro 2023.xls,Relatório Solicitação,,,,,,SONY MUSIC PUBLISHING (BRASIL) EDIÇÕES MUSICAIS LTDA,,,SONY MUSIC PUBLISHING (BRASIL) EDIÇÕES MUSICAIS LTDA,,,,,,,31988,320
SBT,11. Solicitação novembro 2023.xls,Relatório Solicitação,,,,,,DIVERSAS,,,DIVERSAS,,,,,,,79971,800
SBT,11. Solicitação novembro 2023.xls,Relatório Solicitação,,,,,,UNIVERSAL MUSIC PUBLISHING MGB BRASIL LTDA,,,UNIVERSAL MUSIC PUBLISHING MGB BRASIL LTDA,,,,,,,23328,233
SBT,11. Solicitação novembro 2023.xls,Relatório Solicitação,,,,,,ABRAMUS DIGITAL SERV. IDENT. REPERTÓRIO,,,ABRAMUS DIGITAL SERV. IDENT. REPERTÓRIO,,,,,,,53309,533
SBT,11. Solicitação novembro 2023.xls,Relatório Solicitação,,,,,,SONY MUSIC PUBLISHING (BRASIL) EDIÇÕES MUSICAIS LTDA,,,SONY MUSIC PUBLISHING (BRASIL) EDIÇÕES MUSICAIS LTDA,,,,,,,3335,33
SBT,11. Solicitação novembro 2023.xls,Relatório Solicitação,,,,,,DIVERSAS,,,DIVERSAS,,,,,,,79971,800
SBT,11. Solicitação novembro 2023.xls,Relatório Solicitação,,,,,,EDITORA E IMPORTADORA MUSICAL FERMATA DO BRASIL LTDA,,,EDITORA E IMPORTADORA MUSICAL FERMATA DO BRASIL LTDA,,,,,,,79971,800
SBT,11. Solicitação novembro 2023.xls,Relatório Solicitação,,,,,,UNIVERSAL MUSIC PUBLISHING MGB BRASIL LTDA,,,UNIVERSAL MUSIC PUBLISHING MGB BRASIL LTDA,,,,,,,79971,800
SBT,11. Solicitação novembro 2023.xls,Relatório Solicitação,,,,,,DIVERSAS,,,DIVERSAS,,,,,,,79971,800
SBT,11. Solicitação novembro 2023.xls,Relatório Solicitação,,,,,,BMG RIGHTS MANAGEMENT BRASIL LTDA,,,BMG RIGHTS MANAGEMENT BRASIL LTDA,,,,,,,15994,160
SBT,11. Solicitação novembro 2023.xls,Relatório Solicitação,,,,,,DIVERSAS,,,DIVERSAS,,,,,,,23991,240
SBT,11. Solicitação novembro 2023.xls,Relatório Solicitação,,,,,,ABRAMUS DIGITAL SERV. IDENT. REPERTÓRIO,,,ABRAMUS DIGITAL SERV. IDENT. REPERTÓRIO,,,,,,,39986,400
SBT,11. Solicitação novembro 2023.xls,Relatório Solicitação,,,,,,DIVERSAS,,,DIVERSAS,,,,,,,79971,800
SBT,11. Solicitação novembro 2023.xls,Relatório Solicitação,,,,,,SONY MUSIC PUBLISHING (BRASIL) EDIÇÕES MUSICAIS LTDA,,,SONY MUSIC PUBLISHING (BRASIL) EDIÇÕES MUSICAIS LTDA,,,,,,,79971,800
SBT,11. Solicitação novembro 2023.xls,Relatório Solicitação,,,,,,WARNER CHAPPELL EDIÇÕES MUSICAIS LTDA,,,WARNER CHAPPELL EDIÇÕES MUSICAIS LTDA,,,,,,,79971,800
SBT,11. Solicitação novembro 2023.xls,Relatório Solicitação,,,,,,FUSION MUSIC EDIÇÕES MUSICAIS LTDA,,,FUSION MUSIC EDIÇÕES MUSICAIS LTDA,,,,,,,159943,1599
SBT,11. Solicitação novembro 2023.xls,Relatório Solicitação,,,,,,UNIVERSAL MUSIC PUBLISHING MGB BRASIL LTDA,,,UNIVERSAL MUSIC PUBLISHING MGB BRASIL LTDA,,,,,,,79971,800
SBT,11. Solicitação novembro 2023.xls,Relatório Solicitação,,,,,,PEERMUSIC DO BRASIL EDIÇÕES MUSICAIS LTDA,,,PEERMUSIC DO BRASIL EDIÇÕES MUSICAIS LTDA,,,,,,,79971,800
SBT,11. Solicitação novembro 2023.xls,Relatório Solicitação,,,,,,IRMÃOS VITALE EDITORES LTDA,,,IRMÃOS VITALE EDITORES LTDA,,,,,,,79971,800
SBT,11. Solicitação novembro 2023.xls,Relatório Solicitação,,,,,,DIVERSAS,,,DIVERSAS,,,,,,,79971,800
SBT,11. Solicitação novembro 2023.xls,Relatório Solicitação,,,,,,PEERMUSIC DO BRASIL EDIÇÕES MUSICAIS LTDA,,,PEERMUSIC DO BRASIL EDIÇÕES MUSICAIS LTDA,,,,,,,26662,267
SBT,11. Solicitação novembro 2023.xls,Relatório Solicitação,,,,,,WARNER CHAPPELL EDIÇÕES MUSICAIS LTDA,,,WARNER CHAPPELL EDIÇÕES MUSICAIS LTDA,,,,,,,26654,267
SBT,11. Solicitação novembro 2023.xls,Relatório Solicitação,,,,,,SONY MUSIC PUBLISHING (BRASIL) EDIÇÕES MUSICAIS LTDA,,,SONY MUSIC PUBLISHING (BRASIL) EDIÇÕES MUSICAIS LTDA,,,,,,,26654,267
SBT,11. Solicitação novembro 2023.xls,Relatório Solicitação,,,,,,DIVERSAS,,,DIVERSAS,,,,,,,79971,800
SBT,11. Solicitação novembro 2023.xls,Relatório Solicitação,,,,,,DIVERSAS,,,DIVERSAS,,,,,,,79971,800
SBT,11. Solicitação novembro 2023.xls,Relatório Solicitação,,,,,,DIVERSAS,,,DIVERSAS,,,,,,,79971,800
SBT,11. Solicitação novembro 2023.xls,Relatório Solicitação,,,,,,DIVERSAS,,,DIVERSAS,,,,,,,79971,800
SBT,11. Solicitação novembro 2023.xls,Relatório Solicitação,,,,,,DIVERSAS,,,DIVERSAS,,,,,,,13995,140
SBT,11. Solicitação novembro 2023.xls,Relatório Solicitação,,,,,,SM PUBLISHING (BRASIL) EDIÇÕES MUSICAIS LTDA,,,SM PUBLISHING (BRASIL) EDIÇÕES MUSICAIS LTDA,,,,,,,65976,660
SBT,11. Solicitação novembro 2023.xls,Relatório Solicitação,,,,,,DIVERSAS,,,DIVERSAS,,,,,,,13995,140
SBT,11. Solicitação novembro 2023.xls,Relatório Solicitação,,,,,,SM PUBLISHING (BRASIL) EDIÇÕES MUSICAIS LTDA,,,SM PUBLISHING (BRASIL) EDIÇÕES MUSICAIS LTDA,,,,,,,65976,660
SBT,11. Solicitação novembro 2023.xls,Relatório Solicitação,,,,,,BMG RIGHTS MANAGEMENT BRASIL LTDA,,,BMG RIGHTS MANAGEMENT BRASIL LTDA,,,,,,,26662,267
SBT,11. Solicitação novembro 2023.xls,Relatório Solicitação,,,,,,SM PUBLISHING (BRASIL) EDIÇÕES MUSICAIS LTDA,,,SM PUBLISHING (BRASIL) EDIÇÕES MUSICAIS LTDA,,,,,,,53309,533
SBT,11. Solicitação novembro 2023.xls,Relatório Solicitação,,,,,,DIVERSAS,,,DIVERSAS,,,,,,,19993,200
SBT,11. Solicitação novembro 2023.xls,Relatório Solicitação,,,,,,SONY MUSIC PUBLISHING (BRASIL) EDIÇÕES MUSICAIS LTDA,,,SONY MUSIC PUBLISHING (BRASIL) EDIÇÕES MUSICAIS LTDA,,,,,,,59978,600
SBT,11. Solicitação novembro 2023.xls,Relatório Solicitação,,,,,,WARNER CHAPPELL EDIÇÕES MUSICAIS LTDA,,,WARNER CHAPPELL EDIÇÕES MUSICAIS LTDA,,,,,,,15994,160
SBT,11. Solicitação novembro 2023.xls,Relatório Solicitação,,,,,,DIVERSAS,,,DIVERSAS,,,,,,,15994,160
SBT,11. Solicitação novembro 2023.xls,Relatório Solicitação,,,,,,SONY MUSIC PUBLISHING (BRASIL) EDIÇÕES MUSICAIS LTDA,,,SONY MUSIC PUBLISHING (BRASIL) EDIÇÕES MUSICAIS LTDA,,,,,,,15994,160
SBT,11. Solicitação novembro 2023.xls,Relatório Solicitação,,,,,,PEERMUSIC DO BRASIL EDIÇÕES MUSICAIS LTDA,,,PEERMUSIC DO BRASIL EDIÇÕES MUSICAIS LTDA,,,,,,,15994,160
SBT,11. Solicitação novembro 2023.xls,Relatório Solicitação,,,,,,UNIVERSAL MUSIC PUBLISHING MGB BRASIL LTDA,,,UNIVERSAL MUSIC PUBLISHING MGB BRASIL LTDA,,,,,,,15994,160
SBT,11. Solicitação novembro 2023.xls,Relatório Solicitação,,,,,,UNIVERSAL MUSIC PUBLISHING MGB BRASIL LTDA,,,UNIVERSAL MUSIC PUBLISHING MGB BRASIL LTDA,,,,,,,106634,1066
SBT,11. Solicitação novembro 2023.xls,Relatório Solicitação,,,,,,WARNER CHAPPELL EDIÇÕES MUSICAIS LTDA,,,WARNER CHAPPELL EDIÇÕES MUSICAIS LTDA,,,,,,,53309,533
SBT,11. Solicitação novembro 2023.xls,Relatório Solicitação,,,,,,UNIVERSAL MUSIC PUBLISHING MGB BRASIL LTDA,,,UNIVERSAL MUSIC PUBLISHING MGB BRASIL LTDA,,,,,,,31989,320
SBT,11. Solicitação novembro 2023.xls,Relatório Solicitação,,,,,,ABRAMUS DIGITAL SERV. IDENT. REPERTÓRIO,,,ABRAMUS DIGITAL SERV. IDENT. REPERTÓRIO,,,,,,,19993,200
SBT,11. Solicitação novembro 2023.xls,Relatório Solicitação,,,,,,SONY MUSIC PUBLISHING (BRASIL) EDIÇÕES MUSICAIS LTDA,,,SONY MUSIC PUBLISHING (BRASIL) EDIÇÕES MUSICAIS LTDA,,,,,,,107962,1080
SBT,11. Solicitação novembro 2023.xls,Relatório Solicitação,,,,,,SONY MUSIC PUBLISHING (BRASIL) EDIÇÕES MUSICAIS LTDA,,,SONY MUSIC PUBLISHING (BRASIL) EDIÇÕES MUSICAIS LTDA,,,,,,,159943,1599
SBT,11. Solicitação novembro 2023.xls,Relatório Solicitação,,,,,,DIVERSAS,,,DIVERSAS,,,,,,,79971,800
SBT,11. Solicitação novembro 2023.xls,Relatório Solicitação,,,,,,THIAGO ABDULAHAD NUNES RIOS ME,,,THIAGO ABDULAHAD NUNES RIOS ME,,,,,,,79971,800
SBT,11. Solicitação novembro 2023.xls,Relatório Solicitação,,,,,,CACO DISCO PRODUÇÃO LTDA,,,CACO DISCO PRODUÇÃO LTDA,,,,,,,79971,800
SBT,11. Solicitação novembro 2023.xls,Relatório Solicitação,,,,,,SONY MUSIC PUBLISHING (BRASIL) EDIÇÕES MUSICAIS LTDA,,,SONY MUSIC PUBLISHING (BRASIL) EDIÇÕES MUSICAIS LTDA,,,,,,,39986,400
SBT,11. Solicitação novembro 2023.xls,Relatório Solicitação,,,,,,DIVERSAS,,,DIVERSAS,,,,,,,39986,400
SBT,11. Solicitação novembro 2023.xls,Relatório Solicitação,,,,,,SONY MUSIC PUBLISHING (BRASIL) EDIÇÕES MUSICAIS LTDA,,,SONY MUSIC PUBLISHING (BRASIL) EDIÇÕES MUSICAIS LTDA,,,,,,,39986,400
SBT,11. Solicitação novembro 2023.xls,Relatório Solicitação,,,,,,WARNER CHAPPELL EDIÇÕES MUSICAIS LTDA,,,WARNER CHAPPELL EDIÇÕES MUSICAIS LTDA,,,,,,,39986,400
SBT,11. Solicitação novembro 2023.xls,Relatório Solicitação,,,,,,BMG RIGHTS MANAGEMENT BRASIL LTDA,,,BMG RIGHTS MANAGEMENT BRASIL LTDA,,,,,,,79971,800
SBT,11. Solicitação novembro 2023.xls,Relatório Solicitação,,,,,,PEERMUSIC DO BRASIL EDIÇÕES MUSICAIS LTDA,,,PEERMUSIC DO BRASIL EDIÇÕES MUSICAIS LTDA,,,,,,,39986,400
SBT,11. Solicitação novembro 2023.xls,Relatório Solicitação,,,,,,WARNER CHAPPELL EDIÇÕES MUSICAIS LTDA,,,WARNER CHAPPELL EDIÇÕES MUSICAIS LTDA,,,,,,,39986,400
SBT,11. Solicitação novembro 2023.xls,Relatório Solicitação,,,,,,WARNER CHAPPELL EDIÇÕES MUSICAIS LTDA,,,WARNER CHAPPELL EDIÇÕES MUSICAIS LTDA,,,,,,,79971,800
SBT,11. Solicitação novembro 2023.xls,Relatório Solicitação,,,,,,NOSSAMÚSICA PRODUÇÕES E EDIÇÕES MUSICAIS LTDA,,,NOSSAMÚSICA PRODUÇÕES E EDIÇÕES MUSICAIS LTDA,,,,,,,19993,200
SBT,11. Solicitação novembro 2023.xls,Relatório Solicitação,,,,,,SONY MUSIC PUBLISHING (BRASIL) EDIÇÕES MUSICAIS LTDA,,,SONY MUSIC PUBLISHING (BRASIL) EDIÇÕES MUSICAIS LTDA,,,,,,,19993,200
SBT,11. Solicitação novembro 2023.xls,Relatório Solicitação,,,,,,WARNER CHAPPELL EDIÇÕES MUSICAIS LTDA,,,WARNER CHAPPELL EDIÇÕES MUSICAIS LTDA,,,,,,,39986,400
SBT,11. Solicitação novembro 2023.xls,Relatório Solicitação,,,,,,ADDAF - ASS. DEF. DIREITOS AUTORAIS FONOMECÂNICOS,,,ADDAF - ASS. DEF. DIREITOS AUTORAIS FONOMECÂNICOS,,,,,,,79971,800
SBT,11. Solicitação novembro 2023.xls,Relatório Solicitação,,,,,,SONY MUSIC PUBLISHING (BRASIL) EDIÇÕES MUSICAIS LTDA,,,SONY MUSIC PUBLISHING (BRASIL) EDIÇÕES MUSICAIS LTDA,,,,,,,39986,400
SBT,11. Solicitação novembro 2023.xls,Relatório Solicitação,,,,,,WARNER CHAPPELL EDIÇÕES MUSICAIS LTDA,,,WARNER CHAPPELL EDIÇÕES MUSICAIS LTDA,,,,,,,39986,400
SBT,11. Solicitação novembro 2023.xls,Relatório Solicitação,,,,,,IESSI MUSIC LABEL LTDA,,,IESSI MUSIC LABEL LTDA,,,,,,,39986,400
SBT,11. Solicitação novembro 2023.xls,Relatório Solicitação,,,,,,UNIVERSAL MUSIC PUBLISHING MGB BRASIL LTDA,,,UNIVERSAL MUSIC PUBLISHING MGB BRASIL LTDA,,,,,,,50646,506
SBT,11. Solicitação novembro 2023.xls,Relatório Solicitação,,,,,,BMG RIGHTS MANAGEMENT BRASIL LTDA,,,BMG RIGHTS MANAGEMENT BRASIL LTDA,,,,,,,10660,107
SBT,11. Solicitação novembro 2023.xls,Relatório Solicitação,,,,,,DIVERSAS,,,DIVERSAS,,,,,,,16,0
SBT,11. Solicitação novembro 2023.xls,Relatório Solicitação,,,,,,ABRAMUS DIGITAL SERV. IDENT. REPERTÓRIO,,,ABRAMUS DIGITAL SERV. IDENT. REPERTÓRIO,,,,,,,18649,186
SBT,11. Solicitação novembro 2023.xls,Relatório Solicitação,,,,,,DIVERSAS,,,DIVERSAS,,,,,,,79971,800
SBT,11. Solicitação novembro 2023.xls,Relatório Solicitação,,,,,,TRÊS SONS EDITORA MUSICAL E GRAVADORA DIGITAL LTDA-ME,,,TRÊS SONS EDITORA MUSICAL E GRAVADORA DIGITAL LTDA-ME,,,,,,,79972,800
SBT,11. Solicitação novembro 2023.xls,Relatório Solicitação,,,,,,BMG RIGHTS MANAGEMENT BRASIL LTDA,,,BMG RIGHTS MANAGEMENT BRASIL LTDA,,,,,,,79972,800
SBT,11. Solicitação novembro 2023.xls,Relatório Solicitação,,,,,,BMG RIGHTS MANAGEMENT BRASIL LTDA,,,BMG RIGHTS MANAGEMENT BRASIL LTDA,,,,,,,106618,1066
SBT,11. Solicitação novembro 2023.xls,Relatório Solicitação,,,,,,SISTEMA GLOBO DE EDIÇÕES MUSICAIS LTDA,,,SISTEMA GLOBO DE EDIÇÕES MUSICAIS LTDA,,,,,,,53325,533
SBT,11. Solicitação novembro 2023.xls,Relatório Solicitação,,,,,,IRMÃOS VITALE EDITORES LTDA,,,IRMÃOS VITALE EDITORES LTDA,,,,,,,159943,1599
SBT,11. Solicitação novembro 2023.xls,Relatório Solicitação,,,,,,SONY MUSIC PUBLISHING (BRASIL) EDIÇÕES MUSICAIS LTDA,,,SONY MUSIC PUBLISHING (BRASIL) EDIÇÕES MUSICAIS LTDA,,,,,,,159943,1599
SBT,11. Solicitação novembro 2023.xls,Relatório Solicitação,,,,,,UNIVERSAL MUSIC PUBLISHING MGB BRASIL LTDA,,,UNIVERSAL MUSIC PUBLISHING MGB BRASIL LTDA,,,,,,,47983,480
SBT,11. Solicitação novembro 2023.xls,Relatório Solicitação,,,,,,BMG RIGHTS MANAGEMENT BRASIL LTDA,,,BMG RIGHTS MANAGEMENT BRASIL LTDA,,,,,,,53309,533
SBT,11. Solicitação novembro 2023.xls,Relatório Solicitação,,,,,,DIVERSAS,,,DIVERSAS,,,,,,,58651,587
SBT,11. Solicitação novembro 2023.xls,Relatório Solicitação,,,,,,UNIVERSAL MUSIC PUBLISHING MGB BRASIL LTDA,,,UNIVERSAL MUSIC PUBLISHING MGB BRASIL LTDA,,,,,,,53309,533
SBT,11. Solicitação novembro 2023.xls,Relatório Solicitação,,,,,,BMG RIGHTS MANAGEMENT BRASIL LTDA,,,BMG RIGHTS MANAGEMENT BRASIL LTDA,,,,,,,79972,800
SBT,11. Solicitação novembro 2023.xls,Relatório Solicitação,,,,,,DIVERSAS,,,DIVERSAS,,,,,,,26662,267
SBT,11. Solicitação novembro 2023.xls,Relatório Solicitação,,,,,,SONY MUSIC PUBLISHING (BRASIL) EDIÇÕES MUSICAIS LTDA,,,SONY MUSIC PUBLISHING (BRASIL) EDIÇÕES MUSICAIS LTDA,,,,,,,159943,1599
SBT,11. Solicitação novembro 2023.xls,Relatório Solicitação,,,,,,DIVERSAS,,,DIVERSAS,,,,,,,159943,1599
SBT,11. Solicitação novembro 2023.xls,Relatório Solicitação,,,,,,WORLDSHOW PROMOÇÕES E EVENTOS,,,WORLDSHOW PROMOÇÕES E EVENTOS,,,,,,,39986,400
SBT,11. Solicitação novembro 2023.xls,Relatório Solicitação,,,,,,BMG RIGHTS MANAGEMENT BRASIL LTDA,,,BMG RIGHTS MANAGEMENT BRASIL LTDA,,,,,,,39986,400
SBT,11. Solicitação novembro 2023.xls,Relatório Solicitação,,,,,,UNIVERSAL MUSIC PUBLISHING MGB BRASIL LTDA,,,UNIVERSAL MUSIC PUBLISHING MGB BRASIL LTDA,,,,,,,79972,800
SBT,11. Solicitação novembro 2023.xls,Relatório Solicitação,,,,,,MEGA PRODUÇÕES ARTISTICAS LTDA,,,MEGA PRODUÇÕES ARTISTICAS LTDA,,,,,,,106634,1066
SBT,11. Solicitação novembro 2023.xls,Relatório Solicitação,,,,,,SONY MUSIC PUBLISHING (BRASIL) EDIÇÕES MUSICAIS LTDA,,,SONY MUSIC PUBLISHING (BRASIL) EDIÇÕES MUSICAIS LTDA,,,,,,,53309,533
SBT,11. Solicitação novembro 2023.xls,Relatório Solicitação,,,,,,WARNER CHAPPELL EDIÇÕES MUSICAIS LTDA,,,WARNER CHAPPELL EDIÇÕES MUSICAIS LTDA,,,,,,,159943,1599
SBT,11. Solicitação novembro 2023.xls,Relatório Solicitação,,,,,,BMG RIGHTS MANAGEMENT BRASIL LTDA,,,BMG RIGHTS MANAGEMENT BRASIL LTDA,,,,,,,159943,1599
SBT,11. Solicitação novembro 2023.xls,Relatório Solicitação,,,,,,UNIVERSAL MUSIC PUBLISHING MGB BRASIL LTDA,,,UNIVERSAL MUSIC PUBLISHING MGB BRASIL LTDA,,,,,,,159943,1599
SBT,11. Solicitação novembro 2023.xls,Relatório Solicitação,,,,,,DIVERSAS,,,DIVERSAS,,,,,,,26135,261
SBT,11. Solicitação novembro 2023.xls,Relatório Solicitação,,,,,,UNIVERSAL MUSIC PUBLISHING MGB BRASIL LTDA,,,UNIVERSAL MUSIC PUBLISHING MGB BRASIL LTDA,,,,,,,26647,266
SBT,11. Solicitação novembro 2023.xls,Relatório Solicitação,,,,,,BMG RIGHTS MANAGEMENT BRASIL LTDA,,,BMG RIGHTS MANAGEMENT BRASIL LTDA,,,,,,,107162,1072
SBT,11. Solicitação novembro 2023.xls,Relatório Solicitação,,,,,,DIVERSAS,,,DIVERSAS,,,,,,,23991,240
SBT,11. Solicitação novembro 2023.xls,Relatório Solicitação,,,,,,WARNER CHAPPELL EDIÇÕES MUSICAIS LTDA,,,WARNER CHAPPELL EDIÇÕES MUSICAIS LTDA,,,,,,,135952,1360
SBT,11. Solicitação novembro 2023.xls,Relatório Solicitação,,,,,,DIVERSAS,,,DIVERSAS,,,,,,,26135,261
SBT,11. Solicitação novembro 2023.xls,Relatório Solicitação,,,,,,UNIVERSAL MUSIC PUBLISHING MGB BRASIL LTDA,,,UNIVERSAL MUSIC PUBLISHING MGB BRASIL LTDA,,,,,,,26647,266
SBT,11. Solicitação novembro 2023.xls,Relatório Solicitação,,,,,,BMG RIGHTS MANAGEMENT BRASIL LTDA,,,BMG RIGHTS MANAGEMENT BRASIL LTDA,,,,,,,107162,1072
SBT,11. Solicitação novembro 2023.xls,Relatório Solicitação,,,,,,DIVERSAS,,,DIVERSAS,,,,,,,23991,240
SBT,11. Solicitação novembro 2023.xls,Relatório Solicitação,,,,,,WARNER CHAPPELL EDIÇÕES MUSICAIS LTDA,,,WARNER CHAPPELL EDIÇÕES MUSICAIS LTDA,,,,,,,135952,1360
SBT,11. Solicitação novembro 2023.xls,Relatório Solicitação,,,,,,WARNER CHAPPELL EDIÇÕES MUSICAIS LTDA,,,WARNER CHAPPELL EDIÇÕES MUSICAIS LTDA,,,,,,,53309,533
SBT,11. Solicitação novembro 2023.xls,Relatório Solicitação,,,,,,DIVERSAS,,,DIVERSAS,,,,,,,106634,1066
SBT,11. Solicitação novembro 2023.xls,Relatório Solicitação,,,,,,DIVERSAS,,,DIVERSAS,,,,,,,79971,800
SBT,11. Solicitação novembro 2023.xls,Relatório Solicitação,,,,,,DIVERSAS,,,DIVERSAS,,,,,,,59978,600
SBT,11. Solicitação novembro 2023.xls,Relatório Solicitação,,,,,,ABRAMUS DIGITAL SERV. IDENT. REPERTÓRIO,,,ABRAMUS DIGITAL SERV. IDENT. REPERTÓRIO,,,,,,,19993,200
SBT,11. Solicitação novembro 2023.xls,Relatório Solicitação,,,,,,DIVERSAS,,,DIVERSAS,,,,,,,79971,800
SBT,11. Solicitação novembro 2023.xls,Relatório Solicitação,,,,,,DIVERSAS,,,DIVERSAS,,,,,,,18657,187
SBT,11. Solicitação novembro 2023.xls,Relatório Solicitação,,,,,,WARNER CHAPPELL EDIÇÕES MUSICAIS LTDA,,,WARNER CHAPPELL EDIÇÕES MUSICAIS LTDA,,,,,,,61314,613
SBT,11. Solicitação novembro 2023.xls,Relatório Solicitação,,,,,,UNIVERSAL MUSIC PUBLISHING MGB BRASIL LTDA,,,UNIVERSAL MUSIC PUBLISHING MGB BRASIL LTDA,,,,,,,159943,1599
SBT,11. Solicitação novembro 2023.xls,Relatório Solicitação,,,,,,EDITORA E IMPORTADORA MUSICAL FERMATA DO BRASIL LTDA,,,EDITORA E IMPORTADORA MUSICAL FERMATA DO BRASIL LTDA,,,,,,,79971,800
SBT,11. Solicitação novembro 2023.xls,Relatório Solicitação,,,,,,SONY MUSIC PUBLISHING (BRASIL) EDIÇÕES MUSICAIS LTDA,,,SONY MUSIC PUBLISHING (BRASIL) EDIÇÕES MUSICAIS LTDA,,,,,,,39986,400
SBT,11. Solicitação novembro 2023.xls,Relatório Solicitação,,,,,,WARNER CHAPPELL EDIÇÕES MUSICAIS LTDA,,,WARNER CHAPPELL EDIÇÕES MUSICAIS LTDA,,,,,,,39986,400
SBT,11. Solicitação novembro 2023.xls,Relatório Solicitação,,,,,,PEERMUSIC DO BRASIL EDIÇÕES MUSICAIS LTDA,,,PEERMUSIC DO BRASIL EDIÇÕES MUSICAIS LTDA,,,,,,,79971,800
SBT,11. Solicitação novembro 2023.xls,Relatório Solicitação,,,,,,PEERMUSIC DO BRASIL EDIÇÕES MUSICAIS LTDA,,,PEERMUSIC DO BRASIL EDIÇÕES MUSICAIS LTDA,,,,,,,79971,800
SBT,11. Solicitação novembro 2023.xls,Relatório Solicitação,,,,,,THIAGO ABDULAHAD NUNES RIOS ME,,,THIAGO ABDULAHAD NUNES RIOS ME,,,,,,,79971,800
SBT,11. Solicitação novembro 2023.xls,Relatório Solicitação,,,,,,IRMÃOS VITALE EDITORES LTDA,,,IRMÃOS VITALE EDITORES LTDA,,,,,,,39986,400
SBT,11. Solicitação novembro 2023.xls,Relatório Solicitação,,,,,,SONY MUSIC PUBLISHING (BRASIL) EDIÇÕES MUSICAIS LTDA,,,SONY MUSIC PUBLISHING (BRASIL) EDIÇÕES MUSICAIS LTDA,,,,,,,39986,400
SBT,11. Solicitação novembro 2023.xls,Relatório Solicitação,,,,,,DIVERSAS,,,DIVERSAS,,,,,,,79971,800
SBT,11. Solicitação novembro 2023.xls,Relatório Solicitação,,,,,,BMG RIGHTS MANAGEMENT BRASIL LTDA,,,BMG RIGHTS MANAGEMENT BRASIL LTDA,,,,,,,19993,200
SBT,11. Solicitação novembro 2023.xls,Relatório Solicitação,,,,,,THIAGO ABDULAHAD NUNES RIOS ME,,,THIAGO ABDULAHAD NUNES RIOS ME,,,,,,,9996,100
SBT,11. Solicitação novembro 2023.xls,Relatório Solicitação,,,,,,WARNER CHAPPELL EDIÇÕES MUSICAIS LTDA,,,WARNER CHAPPELL EDIÇÕES MUSICAIS LTDA,,,,,,,49982,500
SBT,11. Solicitação novembro 2023.xls,Relatório Solicitação,,,,,,PÉ DE VERSO LTDA,,,PÉ DE VERSO LTDA,,,,,,,19993,200
SBT,11. Solicitação novembro 2023.xls,Relatório Solicitação,,,,,,ARAÚJO & OLIVEIRA EDIÇÕES MUSICAIS LTDA ME,,,ARAÚJO & OLIVEIRA EDIÇÕES MUSICAIS LTDA ME,,,,,,,19993,200
SBT,11. Solicitação novembro 2023.xls,Relatório Solicitação,,,,,,SONY MUSIC PUBLISHING (BRASIL) EDIÇÕES MUSICAIS LTDA,,,SONY MUSIC PUBLISHING (BRASIL) EDIÇÕES MUSICAIS LTDA,,,,,,,19993,200
SBT,11. Solicitação novembro 2023.xls,Relatório Solicitação,,,,,,WARNER CHAPPELL EDIÇÕES MUSICAIS LTDA,,,WARNER CHAPPELL EDIÇÕES MUSICAIS LTDA,,,,,,,19993,200
SBT,11. Solicitação novembro 2023.xls,Relatório Solicitação,,,,,,WARNER CHAPPELL EDIÇÕES MUSICAIS LTDA,,,WARNER CHAPPELL EDIÇÕES MUSICAIS LTDA,,,,,,,79971,800
SBT,11. Solicitação novembro 2023.xls,Relatório Solicitação,,,,,,ADDAF - ASS. DEF. DIREITOS AUTORAIS FONOMECÂNICOS,,,ADDAF - ASS. DEF. DIREITOS AUTORAIS FONOMECÂNICOS,,,,,,,29989,300
SBT,11. Solicitação novembro 2023.xls,Relatório Solicitação,,,,,,WARNER CHAPPELL EDIÇÕES MUSICAIS LTDA,,,WARNER CHAPPELL EDIÇÕES MUSICAIS LTDA,,,,,,,39986,400
SBT,11. Solicitação novembro 2023.xls,Relatório Solicitação,,,,,,SONY MUSIC PUBLISHING (BRASIL) EDIÇÕES MUSICAIS LTDA,,,SONY MUSIC PUBLISHING (BRASIL) EDIÇÕES MUSICAIS LTDA,,,,,,,9996,100
SBT,11. Solicitação novembro 2023.xls,Relatório Solicitação,,,,,,EDITORA MUSICAL PANTTANAL LTDA,,,EDITORA MUSICAL PANTTANAL LTDA,,,,,,,79971,800
SBT,11. Solicitação novembro 2023.xls,Relatório Solicitação,,,,,,WARNER CHAPPELL EDIÇÕES MUSICAIS LTDA,,,WARNER CHAPPELL EDIÇÕES MUSICAIS LTDA,,,,,,,53309,533
SBT,11. Solicitação novembro 2023.xls,Relatório Solicitação,,,,,,SONY MUSIC PUBLISHING (BRASIL) EDIÇÕES MUSICAIS LTDA,,,SONY MUSIC PUBLISHING (BRASIL) EDIÇÕES MUSICAIS LTDA,,,,,,,26662,267
SBT,11. Solicitação novembro 2023.xls,Relatório Solicitação,,,,,,BMG RIGHTS MANAGEMENT BRASIL LTDA,,,BMG RIGHTS MANAGEMENT BRASIL LTDA,,,,,,,26646,266
SBT,11. Solicitação novembro 2023.xls,Relatório Solicitação,,,,,,SONY MUSIC PUBLISHING (BRASIL) EDIÇÕES MUSICAIS LTDA,,,SONY MUSIC PUBLISHING (BRASIL) EDIÇÕES MUSICAIS LTDA,,,,,,,53325,533
SBT,11. Solicitação novembro 2023.xls,Relatório Solicitação,,,,,,WARNER CHAPPELL EDIÇÕES MUSICAIS LTDA,,,WARNER CHAPPELL EDIÇÕES MUSICAIS LTDA,,,,,,,79971,800
SBT,11. Solicitação novembro 2023.xls,Relatório Solicitação,,,,,,BMG RIGHTS MANAGEMENT BRASIL LTDA,,,BMG RIGHTS MANAGEMENT BRASIL LTDA,,,,,,,39986,400
SBT,11. Solicitação novembro 2023.xls,Relatório Solicitação,,,,,,DIVERSAS,,,DIVERSAS,,,,,,,39986,400
SBT,11. Solicitação novembro 2023.xls,Relatório Solicitação,,,,,,IESSI MUSIC LABEL LTDA,,,IESSI MUSIC LABEL LTDA,,,,,,,159943,1599
SBT,11. Solicitação novembro 2023.xls,Relatório Solicitação,,,,,,SONY MUSIC PUBLISHING (BRASIL) EDIÇÕES MUSICAIS LTDA,,,SONY MUSIC PUBLISHING (BRASIL) EDIÇÕES MUSICAIS LTDA,,,,,,,159943,1599
SBT,11. Solicitação novembro 2023.xls,Relatório Solicitação,,,,,,DIVERSAS,,,DIVERSAS,,,,,,,159943,1599
SBT,11. Solicitação novembro 2023.xls,Relatório Solicitação,,,,,,WARNER CHAPPELL EDIÇÕES MUSICAIS LTDA,,,WARNER CHAPPELL EDIÇÕES MUSICAIS LTDA,,,,,,,119957,1200
SBT,11. Solicitação novembro 2023.xls,Relatório Solicitação,,,,,,SONY MUSIC PUBLISHING (BRASIL) EDIÇÕES MUSICAIS LTDA,,,SONY MUSIC PUBLISHING (BRASIL) EDIÇÕES MUSICAIS LTDA,,,,,,,39986,400
SBT,11. Solicitação novembro 2023.xls,Relatório Solicitação,,,,,,DIVERSAS,,,DIVERSAS,,,,,,,159943,1599
SBT,11. Solicitação novembro 2023.xls,Relatório Solicitação,,,,,,IESSI MUSIC LABEL LTDA,,,IESSI MUSIC LABEL LTDA,,,,,,,159943,1599
SBT,11. Solicitação novembro 2023.xls,Relatório Solicitação,,,,,,UNIVERSAL MUSIC PUBLISHING MGB BRASIL LTDA,,,UNIVERSAL MUSIC PUBLISHING MGB BRASIL LTDA,,,,,,,74740,747
SBT,11. Solicitação novembro 2023.xls,Relatório Solicitação,,,,,,DIVERSAS,,,DIVERSAS,,,,,,,79971,800
SBT,11. Solicitação novembro 2023.xls,Relatório Solicitação,,,,,,DIVERSAS,,,DIVERSAS,,,,,,,79971,800
SBT,11. Solicitação novembro 2023.xls,Relatório Solicitação,,,,,,UNIVERSAL MUSIC PUBLISHING MGB BRASIL LTDA,,,UNIVERSAL MUSIC PUBLISHING MGB BRASIL LTDA,,,,,,,39986,400
SBT,11. Solicitação novembro 2023.xls,Relatório Solicitação,,,,,,SONY MUSIC PUBLISHING (BRASIL) EDIÇÕES MUSICAIS LTDA,,,SONY MUSIC PUBLISHING (BRASIL) EDIÇÕES MUSICAIS LTDA,,,,,,,39986,400
SBT,11. Solicitação novembro 2023.xls,Relatório Solicitação,,,,,,WARNER CHAPPELL EDIÇÕES MUSICAIS LTDA,,,WARNER CHAPPELL EDIÇÕES MUSICAIS LTDA,,,,,,,79971,800
SBT,11. Solicitação novembro 2023.xls,Relatório Solicitação,,,,,,DIVERSAS,,,DIVERSAS,,,,,,,79971,800
SBT,11. Solicitação novembro 2023.xls,Relatório Solicitação,,,,,,DIVERSAS,,,DIVERSAS,,,,,,,159943,1599
SBT,11. Solicitação novembro 2023.xls,Relatório Solicitação,,,,,,DIVERSAS,,,DIVERSAS,,,,,,,39986,400
SBT,11. Solicitação novembro 2023.xls,Relatório Solicitação,,,,,,EDITORA E IMPORTADORA MUSICAL FERMATA DO BRASIL LTDA,,,EDITORA E IMPORTADORA MUSICAL FERMATA DO BRASIL LTDA,,,,,,,39986,400
SBT,11. Solicitação novembro 2023.xls,Relatório Solicitação,,,,,,EDITORA E IMPORTADORA MUSICAL FERMATA DO BRASIL LTDA,,,EDITORA E IMPORTADORA MUSICAL FERMATA DO BRASIL LTDA,,,,,,,79971,800
SBT,11. Solicitação novembro 2023.xls,Relatório Solicitação,,,,,,BMG RIGHTS MANAGEMENT BRASIL LTDA,,,BMG RIGHTS MANAGEMENT BRASIL LTDA,,,,,,,15994,160
SBT,11. Solicitação novembro 2023.xls,Relatório Solicitação,,,,,,ABRAMUS DIGITAL SERV. IDENT. REPERTÓRIO,,,ABRAMUS DIGITAL SERV. IDENT. REPERTÓRIO,,,,,,,63977,640
SBT,11. Solicitação novembro 2023.xls,Relatório Solicitação,,,,,,SONY MUSIC PUBLISHING (BRASIL) EDIÇÕES MUSICAIS LTDA,,,SONY MUSIC PUBLISHING (BRASIL) EDIÇÕES MUSICAIS LTDA,,,,,,,79971,800
SBT,11. Solicitação novembro 2023.xls,Relatório Solicitação,,,,,,UNIVERSAL MUSIC PUBLISHING MGB BRASIL LTDA,,,UNIVERSAL MUSIC PUBLISHING MGB BRASIL LTDA,,,,,,,79971,800
SBT,11. Solicitação novembro 2023.xls,Relatório Solicitação,,,,,,SONY MUSIC PUBLISHING (BRASIL) EDIÇÕES MUSICAIS LTDA,,,SONY MUSIC PUBLISHING (BRASIL) EDIÇÕES MUSICAIS LTDA,,,,,,,79971,800
SBT,11. Solicitação novembro 2023.xls,Relatório Solicitação,,,,,,DIVERSAS,,,DIVERSAS,,,,,,,79971,800
SBT,11. Solicitação novembro 2023.xls,Relatório Solicitação,,,,,,DIVERSAS,,,DIVERSAS,,,,,,,79971,800
SBT,11. Solicitação novembro 2023.xls,Relatório Solicitação,,,,,,IRMÃOS VITALE EDITORES LTDA,,,IRMÃOS VITALE EDITORES LTDA,,,,,,,79971,800
SBT,11. Solicitação novembro 2023.xls,Relatório Solicitação,,,,,,PEERMUSIC DO BRASIL EDIÇÕES MUSICAIS LTDA,,,PEERMUSIC DO BRASIL EDIÇÕES MUSICAIS LTDA,,,,,,,79971,800
SBT,11. Solicitação novembro 2023.xls,Relatório Solicitação,,,,,,FUSION MUSIC EDIÇÕES MUSICAIS LTDA,,,FUSION MUSIC EDIÇÕES MUSICAIS LTDA,,,,,,,159943,1599
SBT,11. Solicitação novembro 2023.xls,Relatório Solicitação,,,,,,PEERMUSIC DO BRASIL EDIÇÕES MUSICAIS LTDA,,,PEERMUSIC DO BRASIL EDIÇÕES MUSICAIS LTDA,,,,,,,79971,800
SBT,11. Solicitação novembro 2023.xls,Relatório Solicitação,,,,,,DUBAS MÚSICA LTDA,,,DUBAS MÚSICA LTDA,,,,,,,79971,800
SBT,11. Solicitação novembro 2023.xls,Relatório Solicitação,,,,,,DIVERSAS,,,DIVERSAS,,,,,,,79971,800
SBT,11. Solicitação novembro 2023.xls,Relatório Solicitação,,,,,,DIVERSAS,,,DIVERSAS,,,,,,,79971,800
SBT,11. Solicitação novembro 2023.xls,Relatório Solicitação,,,,,,DIVERSAS,,,DIVERSAS,,,,,,,31989,320
SBT,11. Solicitação novembro 2023.xls,Relatório Solicitação,,,,,,BMG RIGHTS MANAGEMENT BRASIL LTDA,,,BMG RIGHTS MANAGEMENT BRASIL LTDA,,,,,,,127954,1280
SBT,11. Solicitação novembro 2023.xls,Relatório Solicitação,,,,,,PEERMUSIC DO BRASIL EDIÇÕES MUSICAIS LTDA,,,PEERMUSIC DO BRASIL EDIÇÕES MUSICAIS LTDA,,,,,,,79971,800
SBT,11. Solicitação novembro 2023.xls,Relatório Solicitação,,,,,,SONY MUSIC PUBLISHING (BRASIL) EDIÇÕES MUSICAIS LTDA,,,SONY MUSIC PUBLISHING (BRASIL) EDIÇÕES MUSICAIS LTDA,,,,,,,79971,800
SBT,11. Solicitação novembro 2023.xls,Relatório Solicitação,,,,,,PEERMUSIC DO BRASIL EDIÇÕES MUSICAIS LTDA,,,PEERMUSIC DO BRASIL EDIÇÕES MUSICAIS LTDA,,,,,,,79971,800
SBT,11. Solicitação novembro 2023.xls,Relatório Solicitação,,,,,,EMI SONGS DO BRASIL EDIÇÕES MUSICAIS LTDA,,,EMI SONGS DO BRASIL EDIÇÕES MUSICAIS LTDA,,,,,,,79971,800
SBT,11. Solicitação novembro 2023.xls,Relatório Solicitação,,,,,,DIVERSAS,,,DIVERSAS,,,,,,,79971,800
SBT,11. Solicitação novembro 2023.xls,Relatório Solicitação,,,,,,PEERMUSIC DO BRASIL EDIÇÕES MUSICAIS LTDA,,,PEERMUSIC DO BRASIL EDIÇÕES MUSICAIS LTDA,,,,,,,79971,800
SBT,11. Solicitação novembro 2023.xls,Relatório Solicitação,,,,,,PEERMUSIC DO BRASIL EDIÇÕES MUSICAIS LTDA,,,PEERMUSIC DO BRASIL EDIÇÕES MUSICAIS LTDA,,,,,,,79971,800
SBT,11. Solicitação novembro 2023.xls,Relatório Solicitação,,,,,,SONY MUSIC PUBLISHING (BRASIL) EDIÇÕES MUSICAIS LTDA,,,SONY MUSIC PUBLISHING (BRASIL) EDIÇÕES MUSICAIS LTDA,,,,,,,79971,800
SBT,11. Solicitação novembro 2023.xls,Relatório Solicitação,,,,,,PEERMUSIC DO BRASIL EDIÇÕES MUSICAIS LTDA,,,PEERMUSIC DO BRASIL EDIÇÕES MUSICAIS LTDA,,,,,,,79971,800
SBT,11. Solicitação novembro 2023.xls,Relatório Solicitação,,,,,,DIVERSAS,,,DIVERSAS,,,,,,,79971,800
SBT,11. Solicitação novembro 2023.xls,Relatório Solicitação,,,,,,DIVERSAS,,,DIVERSAS,,,,,,,79971,800
SBT,11. Solicitação novembro 2023.xls,Relatório Solicitação,,,,,,SM PUBLISHING (BRASIL) EDIÇÕES MUSICAIS LTDA,,,SM PUBLISHING (BRASIL) EDIÇÕES MUSICAIS LTDA,,,,,,,79971,800
SBT,11. Solicitação novembro 2023.xls,Relatório Solicitação,,,,,,UNIVERSAL MUSIC PUBLISHING MGB BRASIL LTDA,,,UNIVERSAL MUSIC PUBLISHING MGB BRASIL LTDA,,,,,,,79971,800
SBT,11. Solicitação novembro 2023.xls,Relatório Solicitação,,,,,,UNIVERSAL MUSIC PUBLISHING MGB BRASIL LTDA,,,UNIVERSAL MUSIC PUBLISHING MGB BRASIL LTDA,,,,,,,79971,800
SBT,11. Solicitação novembro 2023.xls,Relatório Solicitação,,,,,,DIVERSAS,,,DIVERSAS,,,,,,,79971,800
SBT,11. Solicitação novembro 2023.xls,Relatório Solicitação,,,,,,BMG RIGHTS MANAGEMENT BRASIL LTDA,,,BMG RIGHTS MANAGEMENT BRASIL LTDA,,,,,,,21992,220
SBT,11. Solicitação novembro 2023.xls,Relatório Solicitação,,,,,,UNIVERSAL MUSIC PUBLISHING MGB BRASIL LTDA,,,UNIVERSAL MUSIC PUBLISHING MGB BRASIL LTDA,,,,,,,17993,180
SBT,11. Solicitação novembro 2023.xls,Relatório Solicitação,,,,,,SONY MUSIC PUBLISHING (BRASIL) EDIÇÕES MUSICAIS LTDA,,,SONY MUSIC PUBLISHING (BRASIL) EDIÇÕES MUSICAIS LTDA,,,,,,,39986,400
SBT,11. Solicitação novembro 2023.xls,Relatório Solicitação,,,,,,DIVERSAS,,,DIVERSAS,,,,,,,79971,800
SBT,11. Solicitação novembro 2023.xls,Relatório Solicitação,,,,,,SONY MUSIC PUBLISHING (BRASIL) EDIÇÕES MUSICAIS LTDA,,,SONY MUSIC PUBLISHING (BRASIL) EDIÇÕES MUSICAIS LTDA,,,,,,,39986,400
SBT,11. Solicitação novembro 2023.xls,Relatório Solicitação,,,,,,DIVERSAS,,,DIVERSAS,,,,,,,39986,400
SBT,11. Solicitação novembro 2023.xls,Relatório Solicitação,,,,,,UNIVERSAL MUSIC PUBLISHING MGB BRASIL LTDA,,,UNIVERSAL MUSIC PUBLISHING MGB BRASIL LTDA,,,,,,,79971,800
SBT,11. Solicitação novembro 2023.xls,Relatório Solicitação,,,,,,EDITORA MUSICAL ARLEQUIM LTDA,,,EDITORA MUSICAL ARLEQUIM LTDA,,,,,,,79971,800
SBT,11. Solicitação novembro 2023.xls,Relatório Solicitação,,,,,,UNIVERSAL MUSIC PUBLISHING MGB BRASIL LTDA,,,UNIVERSAL MUSIC PUBLISHING MGB BRASIL LTDA,,,,,,,79971,800
SBT,11. Solicitação novembro 2023.xls,Relatório Solicitação,,,,,,SONY MUSIC PUBLISHING (BRASIL) EDIÇÕES MUSICAIS LTDA,,,SONY MUSIC PUBLISHING (BRASIL) EDIÇÕES MUSICAIS LTDA,,,,,,,79971,800
SBT,11. Solicitação novembro 2023.xls,Relatório Solicitação,,,,,,UNIVERSAL MUSIC PUBLISHING MGB BRASIL LTDA,,,UNIVERSAL MUSIC PUBLISHING MGB BRASIL LTDA,,,,,,,79971,800
SBT,11. Solicitação novembro 2023.xls,Relatório Solicitação,,,,,,SONY MUSIC PUBLISHING (BRASIL) EDIÇÕES MUSICAIS LTDA,,,SONY MUSIC PUBLISHING (BRASIL) EDIÇÕES MUSICAIS LTDA,,,,,,,79971,800
SBT,11. Solicitação novembro 2023.xls,Relatório Solicitação,,,,,,PEERMUSIC DO BRASIL EDIÇÕES MUSICAIS LTDA,,,PEERMUSIC DO BRASIL EDIÇÕES MUSICAIS LTDA,,,,,,,79971,800
SBT,11. Solicitação novembro 2023.xls,Relatório Solicitação,,,,,,SONY MUSIC PUBLISHING (BRASIL) EDIÇÕES MUSICAIS LTDA,,,SONY MUSIC PUBLISHING (BRASIL) EDIÇÕES MUSICAIS LTDA,,,,,,,74740,747
SBT,11. Solicitação novembro 2023.xls,Relatório Solicitação,,,,,,DIVERSAS,,,DIVERSAS,,,,,,,159943,1599
SBT,11. Solicitação novembro 2023.xls,Relatório Solicitação,,,,,,BMG RIGHTS MANAGEMENT BRASIL LTDA,,,BMG RIGHTS MANAGEMENT BRASIL LTDA,,,,,,,26654,267
SBT,11. Solicitação novembro 2023.xls,Relatório Solicitação,,,,,,DIVERSAS,,,DIVERSAS,,,,,,,26662,267
SBT,11. Solicitação novembro 2023.xls,Relatório Solicitação,,,,,,UNIVERSAL MUSIC PUBLISHING MGB BRASIL LTDA,,,UNIVERSAL MUSIC PUBLISHING MGB BRASIL LTDA,,,,,,,26654,267
SBT,11. Solicitação novembro 2023.xls,Relatório Solicitação,,,,,,DIVERSAS,,,DIVERSAS,,,,,,,39986,400
SBT,11. Solicitação novembro 2023.xls,Relatório Solicitação,,,,,,SONY MUSIC PUBLISHING (BRASIL) EDIÇÕES MUSICAIS LTDA,,,SONY MUSIC PUBLISHING (BRASIL) EDIÇÕES MUSICAIS LTDA,,,,,,,39986,400
SBT,11. Solicitação novembro 2023.xls,Relatório Solicitação,,,,,,SM PUBLISHING (BRASIL) EDIÇÕES MUSICAIS LTDA,,,SM PUBLISHING (BRASIL) EDIÇÕES MUSICAIS LTDA,,,,,,,79971,800
SBT,11. Solicitação novembro 2023.xls,Relatório Solicitação,,,,,,DIVERSAS,,,DIVERSAS,,,,,,,79971,800
SBT,11. Solicitação novembro 2023.xls,Relatório Solicitação,,,,,,FUSION MUSIC EDIÇÕES MUSICAIS LTDA,,,FUSION MUSIC EDIÇÕES MUSICAIS LTDA,,,,,,,26662,267
SBT,11. Solicitação novembro 2023.xls,Relatório Solicitação,,,,,,THIAGO ABDULAHAD NUNES RIOS ME,,,THIAGO ABDULAHAD NUNES RIOS ME,,,,,,,53309,533
SBT,11. Solicitação novembro 2023.xls,Relatório Solicitação,,,,,,UNIVERSAL MUSIC PUBLISHING MGB BRASIL LTDA,,,UNIVERSAL MUSIC PUBLISHING MGB BRASIL LTDA,,,,,,,79971,800
SBT,11. Solicitação novembro 2023.xls,Relatório Solicitação,,,,,,BMG RIGHTS MANAGEMENT BRASIL LTDA,,,BMG RIGHTS MANAGEMENT BRASIL LTDA,,,,,,,19993,200
SBT,11. Solicitação novembro 2023.xls,Relatório Solicitação,,,,,,PEERMUSIC DO BRASIL EDIÇÕES MUSICAIS LTDA,,,PEERMUSIC DO BRASIL EDIÇÕES MUSICAIS LTDA,,,,,,,59978,600
SBT,11. Solicitação novembro 2023.xls,Relatório Solicitação,,,,,,WARNER CHAPPELL EDIÇÕES MUSICAIS LTDA,,,WARNER CHAPPELL EDIÇÕES MUSICAIS LTDA,,,,,,,159943,1599
SBT,11. Solicitação novembro 2023.xls,Relatório Solicitação,,,,,,UNIVERSAL MUSIC PUBLISHING MGB BRASIL LTDA,,,UNIVERSAL MUSIC PUBLISHING MGB BRASIL LTDA,,,,,,,46655,467
SBT,11. Solicitação novembro 2023.xls,Relatório Solicitação,,,,,,ABRAMUS DIGITAL SERV. IDENT. REPERTÓRIO,,,ABRAMUS DIGITAL SERV. IDENT. REPERTÓRIO,,,,,,,106618,1066
SBT,11. Solicitação novembro 2023.xls,Relatório Solicitação,,,,,,SONY MUSIC PUBLISHING (BRASIL) EDIÇÕES MUSICAIS LTDA,,,SONY MUSIC PUBLISHING (BRASIL) EDIÇÕES MUSICAIS LTDA,,,,,,,6670,67
SBT,11. Solicitação novembro 2023.xls,Relatório Solicitação,,,,,,DIVERSAS,,,DIVERSAS,,,,,,,79971,800
SBT,11. Solicitação novembro 2023.xls,Relatório Solicitação,,,,,,BMG RIGHTS MANAGEMENT BRASIL LTDA,,,BMG RIGHTS MANAGEMENT BRASIL LTDA,,,,,,,42641,426
SBT,11. Solicitação novembro 2023.xls,Relatório Solicitação,,,,,,EDITORA E IMPORTADORA MUSICAL FERMATA DO BRASIL LTDA,,,EDITORA E IMPORTADORA MUSICAL FERMATA DO BRASIL LTDA,,,,,,,47983,480
SBT,11. Solicitação novembro 2023.xls,Relatório Solicitação,,,,,,SONY MUSIC PUBLISHING (BRASIL) EDIÇÕES MUSICAIS LTDA,,,SONY MUSIC PUBLISHING (BRASIL) EDIÇÕES MUSICAIS LTDA,,,,,,,69319,693
SBT,11. Solicitação novembro 2023.xls,Relatório Solicitação,,,,,,WARNER CHAPPELL EDIÇÕES MUSICAIS LTDA,,,WARNER CHAPPELL EDIÇÕES MUSICAIS LTDA,,,,,,,159943,1599
SBT,11. Solicitação novembro 2023.xls,Relatório Solicitação,,,,,,SONY MUSIC PUBLISHING (BRASIL) EDIÇÕES MUSICAIS LTDA,,,SONY MUSIC PUBLISHING (BRASIL) EDIÇÕES MUSICAIS LTDA,,,,,,,79971,800
SBT,11. Solicitação novembro 2023.xls,Relatório Solicitação,,,,,,DIVERSAS,,,DIVERSAS,,,,,,,79971,800
SBT,11. Solicitação novembro 2023.xls,Relatório Solicitação,,,,,,WARNER CHAPPELL EDIÇÕES MUSICAIS LTDA,,,WARNER CHAPPELL EDIÇÕES MUSICAIS LTDA,,,,,,,79971,800
SBT,11. Solicitação novembro 2023.xls,Relatório Solicitação,,,,,,PEERMUSIC DO BRASIL EDIÇÕES MUSICAIS LTDA,,,PEERMUSIC DO BRASIL EDIÇÕES MUSICAIS LTDA,,,,,,,79971,800
SBT,11. Solicitação novembro 2023.xls,Relatório Solicitação,,,,,,DIVERSAS,,,DIVERSAS,,,,,,,51181,512
SBT,11. Solicitação novembro 2023.xls,Relatório Solicitação,,,,,,WARNER CHAPPELL EDIÇÕES MUSICAIS LTDA,,,WARNER CHAPPELL EDIÇÕES MUSICAIS LTDA,,,,,,,28790,288
SBT,11. Solicitação novembro 2023.xls,Relatório Solicitação,,,,,,IESSI MUSIC LABEL LTDA,,,IESSI MUSIC LABEL LTDA,,,,,,,79971,800
SBT,11. Solicitação novembro 2023.xls,Relatório Solicitação,,,,,,ADDAF - ASS. DEF. DIREITOS AUTORAIS FONOMECÂNICOS,,,ADDAF - ASS. DEF. DIREITOS AUTORAIS FONOMECÂNICOS,,,,,,,79971,800
SBT,11. Solicitação novembro 2023.xls,Relatório Solicitação,,,,,,UNIVERSAL MUSIC PUBLISHING MGB BRASIL LTDA,,,UNIVERSAL MUSIC PUBLISHING MGB BRASIL LTDA,,,,,,,39986,400
SBT,11. Solicitação novembro 2023.xls,Relatório Solicitação,,,,,,WARNER CHAPPELL EDIÇÕES MUSICAIS LTDA,,,WARNER CHAPPELL EDIÇÕES MUSICAIS LTDA,,,,,,,39986,400
SBT,11. Solicitação novembro 2023.xls,Relatório Solicitação,,,,,,BERGER PRODUÇÕES LTDA,,,BERGER PRODUÇÕES LTDA,,,,,,,79972,800
SBT,11. Solicitação novembro 2023.xls,Relatório Solicitação,,,,,,DIVERSAS,,,DIVERSAS,,,,,,,79972,800
SBT,11. Solicitação novembro 2023.xls,Relatório Solicitação,,,,,,BMG RIGHTS MANAGEMENT BRASIL LTDA,,,BMG RIGHTS MANAGEMENT BRASIL LTDA,,,,,,,116758,1168
SBT,11. Solicitação novembro 2023.xls,Relatório Solicitação,,,,,,THIAGO ABDULAHAD NUNES RIOS ME,,,THIAGO ABDULAHAD NUNES RIOS ME,,,,,,,21480,215
SBT,11. Solicitação novembro 2023.xls,Relatório Solicitação,,,,,,WARNER CHAPPELL EDIÇÕES MUSICAIS LTDA,,,WARNER CHAPPELL EDIÇÕES MUSICAIS LTDA,,,,,,,21704,217
SBT,11. Solicitação novembro 2023.xls,Relatório Solicitação,,,,,,SONY MUSIC PUBLISHING (BRASIL) EDIÇÕES MUSICAIS LTDA,,,SONY MUSIC PUBLISHING (BRASIL) EDIÇÕES MUSICAIS LTDA,,,,,,,159943,1599
SBT,11. Solicitação novembro 2023.xls,Relatório Solicitação,,,,,,UNIVERSAL MUSIC PUBLISHING MGB BRASIL LTDA,,,UNIVERSAL MUSIC PUBLISHING MGB BRASIL LTDA,,,,,,,159943,1599
SBT,11. Solicitação novembro 2023.xls,Relatório Solicitação,,,,,,WARNER CHAPPELL EDIÇÕES MUSICAIS LTDA,,,WARNER CHAPPELL EDIÇÕES MUSICAIS LTDA,,,,,,,79972,800
SBT,11. Solicitação novembro 2023.xls,Relatório Solicitação,,,,,,DIVERSAS,,,DIVERSAS,,,,,,,79972,800
SBT,11. Solicitação novembro 2023.xls,Relatório Solicitação,,,,,,UNIVERSAL MUSIC PUBLISHING MGB BRASIL LTDA,,,UNIVERSAL MUSIC PUBLISHING MGB BRASIL LTDA,,,,,,,79972,800
SBT,11. Solicitação novembro 2023.xls,Relatório Solicitação,,,,,,WARNER CHAPPELL EDIÇÕES MUSICAIS LTDA,,,WARNER CHAPPELL EDIÇÕES MUSICAIS LTDA,,,,,,,79972,800
SBT,11. Solicitação novembro 2023.xls,Relatório Solicitação,,,,,,UNIVERSAL MUSIC PUBLISHING MGB BRASIL LTDA,,,UNIVERSAL MUSIC PUBLISHING MGB BRASIL LTDA,,,,,,,159943,1599
SBT,11. Solicitação novembro 2023.xls,Relatório Solicitação,,,,,,IESSI MUSIC LABEL LTDA,,,IESSI MUSIC LABEL LTDA,,,,,,,159943,1599
SBT,11. Solicitação novembro 2023.xls,Relatório Solicitação,,,,,,UNIVERSAL MUSIC PUBLISHING MGB BRASIL LTDA,,,UNIVERSAL MUSIC PUBLISHING MGB BRASIL LTDA,,,,,,,159943,1599
SBT,11. Solicitação novembro 2023.xls,Relatório Solicitação,,,,,,UNIVERSAL MUSIC PUBLISHING MGB BRASIL LTDA,,,UNIVERSAL MUSIC PUBLISHING MGB BRASIL LTDA,,,,,,,79972,800
SBT,11. Solicitação novembro 2023.xls,Relatório Solicitação,,,,,,WARNER CHAPPELL EDIÇÕES MUSICAIS LTDA,,,WARNER CHAPPELL EDIÇÕES MUSICAIS LTDA,,,,,,,79972,800
SBT,11. Solicitação novembro 2023.xls,Relatório Solicitação,,,,,,DIVERSAS,,,DIVERSAS,,,,,,,159943,1599
SBT,11. Solicitação novembro 2023.xls,Relatório Solicitação,,,,,,DIVERSAS,,,DIVERSAS,,,,,,,159943,1599
SBT,11. Solicitação novembro 2023.xls,Relatório Solicitação,,,,,,WARNER CHAPPELL EDIÇÕES MUSICAIS LTDA,,,WARNER CHAPPELL EDIÇÕES MUSICAIS LTDA,,,,,,,159943,1599
SBT,11. Solicitação novembro 2023.xls,Relatório Solicitação,,,,,,LUANDA EDIÇÕES MUSICAS LTDA,,,LUANDA EDIÇÕES MUSICAS LTDA,,,,,,,159943,1599
SBT,11. Solicitação novembro 2023.xls,Relatório Solicitação,,,,,,BMG RIGHTS MANAGEMENT BRASIL LTDA,,,BMG RIGHTS MANAGEMENT BRASIL LTDA,,,,,,,39986,400
SBT,11. Solicitação novembro 2023.xls,Relatório Solicitação,,,,,,ROCKING GORILLA MUSIC LTDA,,,ROCKING GORILLA MUSIC LTDA,,,,,,,39986,400
SBT,11. Solicitação novembro 2023.xls,Relatório Solicitação,,,,,,WARNER CHAPPELL EDIÇÕES MUSICAIS LTDA,,,WARNER CHAPPELL EDIÇÕES MUSICAIS LTDA,,,,,,,79972,800
SBT,11. Solicitação novembro 2023.xls,Relatório Solicitação,,,,,,WARNER CHAPPELL EDIÇÕES MUSICAIS LTDA,,,WARNER CHAPPELL EDIÇÕES MUSICAIS LTDA,,,,,,,159943,1599
SBT,11. Solicitação novembro 2023.xls,Relatório Solicitação,,,,,,EMI SONGS DO BRASIL EDIÇÕES MUSICAIS LTDA,,,EMI SONGS DO BRASIL EDIÇÕES MUSICAIS LTDA,,,,,,,79971,800
SBT,11. Solicitação novembro 2023.xls,Relatório Solicitação,,,,,,DIVERSAS,,,DIVERSAS,,,,,,,79971,800
SBT,11. Solicitação novembro 2023.xls,Relatório Solicitação,,,,,,SONY MUSIC PUBLISHING (BRASIL) EDIÇÕES MUSICAIS LTDA,,,SONY MUSIC PUBLISHING (BRASIL) EDIÇÕES MUSICAIS LTDA,,,,,,,79971,800
SBT,11. Solicitação novembro 2023.xls,Relatório Solicitação,,,,,,IESSI MUSIC LABEL LTDA,,,IESSI MUSIC LABEL LTDA,,,,,,,66640,666
SBT,11. Solicitação novembro 2023.xls,Relatório Solicitação,,,,,,SONY MUSIC PUBLISHING (BRASIL) EDIÇÕES MUSICAIS LTDA,,,SONY MUSIC PUBLISHING (BRASIL) EDIÇÕES MUSICAIS LTDA,,,,,,,13331,133
SBT,11. Solicitação novembro 2023.xls,Relatório Solicitação,,,,,,UNIVERSAL MUSIC PUBLISHING MGB BRASIL LTDA,,,UNIVERSAL MUSIC PUBLISHING MGB BRASIL LTDA,,,,,,,79971,800
SBT,11. Solicitação novembro 2023.xls,Relatório Solicitação,,,,,,SONY MUSIC PUBLISHING (BRASIL) EDIÇÕES MUSICAIS LTDA,,,SONY MUSIC PUBLISHING (BRASIL) EDIÇÕES MUSICAIS LTDA,,,,,,,26662,267
SBT,11. Solicitação novembro 2023.xls,Relatório Solicitação,,,,,,UNIVERSAL MUSIC PUBLISHING MGB BRASIL LTDA,,,UNIVERSAL MUSIC PUBLISHING MGB BRASIL LTDA,,,,,,,53309,533
SBT,11. Solicitação novembro 2023.xls,Relatório Solicitação,,,,,,DIVERSAS,,,DIVERSAS,,,,,,,79971,800
SBT,11. Solicitação novembro 2023.xls,Relatório Solicitação,,,,,,SONY MUSIC PUBLISHING (BRASIL) EDIÇÕES MUSICAIS LTDA,,,SONY MUSIC PUBLISHING (BRASIL) EDIÇÕES MUSICAIS LTDA,,,,,,,159943,1599
SBT,11. Solicitação novembro 2023.xls,Relatório Solicitação,,,,,,SONY MUSIC PUBLISHING (BRASIL) EDIÇÕES MUSICAIS LTDA,,,SONY MUSIC PUBLISHING (BRASIL) EDIÇÕES MUSICAIS LTDA,,,,,,,79972,800
SBT,11. Solicitação novembro 2023.xls,Relatório Solicitação,,,,,,WARNER CHAPPELL EDIÇÕES MUSICAIS LTDA,,,WARNER CHAPPELL EDIÇÕES MUSICAIS LTDA,,,,,,,79972,800
SBT,11. Solicitação novembro 2023.xls,Relatório Solicitação,,,,,,UNIVERSAL MUSIC PUBLISHING MGB BRASIL LTDA,,,UNIVERSAL MUSIC PUBLISHING MGB BRASIL LTDA,,,,,,,79972,800
SBT,11. Solicitação novembro 2023.xls,Relatório Solicitação,,,,,,BMG RIGHTS MANAGEMENT BRASIL LTDA,,,BMG RIGHTS MANAGEMENT BRASIL LTDA,,,,,,,79972,800
SBT,11. Solicitação novembro 2023.xls,Relatório Solicitação,,,,,,DIVERSAS,,,DIVERSAS,,,,,,,159943,1599
SBT,11. Solicitação novembro 2023.xls,Relatório Solicitação,,,,,,SONY MUSIC PUBLISHING (BRASIL) EDIÇÕES MUSICAIS LTDA,,,SONY MUSIC PUBLISHING (BRASIL) EDIÇÕES MUSICAIS LTDA,,,,,,,159943,1599
SBT,11. Solicitação novembro 2023.xls,Relatório Solicitação,,,,,,DIVERSAS,,,DIVERSAS,,,,,,,159943,1599
SBT,11. Solicitação novembro 2023.xls,Relatório Solicitação,,,,,,UNIVERSAL MUSIC PUBLISHING MGB BRASIL LTDA,,,UNIVERSAL MUSIC PUBLISHING MGB BRASIL LTDA,,,,,,,106634,1066
SBT,11. Solicitação novembro 2023.xls,Relatório Solicitação,,,,,,BMG RIGHTS MANAGEMENT BRASIL LTDA,,,BMG RIGHTS MANAGEMENT BRASIL LTDA,,,,,,,21320,213
SBT,11. Solicitação novembro 2023.xls,Relatório Solicitação,,,,,,SONY MUSIC PUBLISHING (BRASIL) EDIÇÕES MUSICAIS LTDA,,,SONY MUSIC PUBLISHING (BRASIL) EDIÇÕES MUSICAIS LTDA,,,,,,,31989,320
SBT,11. Solicitação novembro 2023.xls,Relatório Solicitação,,,,,,ABRAMUS DIGITAL SERV. IDENT. REPERTÓRIO,,,ABRAMUS DIGITAL SERV. IDENT. REPERTÓRIO,,,,,,,79971,800
SBT,11. Solicitação novembro 2023.xls,Relatório Solicitação,,,,,,UNIVERSAL MUSIC PUBLISHING MGB BRASIL LTDA,,,UNIVERSAL MUSIC PUBLISHING MGB BRASIL LTDA,,,,,,,79971,800
SBT,11. Solicitação novembro 2023.xls,Relatório Solicitação,,,,,,WARNER CHAPPELL EDIÇÕES MUSICAIS LTDA,,,WARNER CHAPPELL EDIÇÕES MUSICAIS LTDA,,,,,,,79971,800
SBT,11. Solicitação novembro 2023.xls,Relatório Solicitação,,,,,,BMG RIGHTS MANAGEMENT BRASIL LTDA,,,BMG RIGHTS MANAGEMENT BRASIL LTDA,,,,,,,42641,426
SBT,11. Solicitação novembro 2023.xls,Relatório Solicitação,,,,,,EDITORA E IMPORTADORA MUSICAL FERMATA DO BRASIL LTDA,,,EDITORA E IMPORTADORA MUSICAL FERMATA DO BRASIL LTDA,,,,,,,47983,480
SBT,11. Solicitação novembro 2023.xls,Relatório Solicitação,,,,,,SONY MUSIC PUBLISHING (BRASIL) EDIÇÕES MUSICAIS LTDA,,,SONY MUSIC PUBLISHING (BRASIL) EDIÇÕES MUSICAIS LTDA,,,,,,,69319,693
SBT,11. Solicitação novembro 2023.xls,Relatório Solicitação,,,,,,UNIVERSAL MUSIC PUBLISHING MGB BRASIL LTDA,,,UNIVERSAL MUSIC PUBLISHING MGB BRASIL LTDA,,,,,,,53325,533
SBT,11. Solicitação novembro 2023.xls,Relatório Solicitação,,,,,,DIVERSAS,,,DIVERSAS,,,,,,,106618,1066
SBT,11. Solicitação novembro 2023.xls,Relatório Solicitação,,,,,,EDITORA MUSICAL PANTTANAL LTDA,,,EDITORA MUSICAL PANTTANAL LTDA,,,,,,,31988,320
SBT,11. Solicitação novembro 2023.xls,Relatório Solicitação,,,,,,JULIANA FAKRI DE ASSIS EPP,,,JULIANA FAKRI DE ASSIS EPP,,,,,,,31988,320
SBT,11. Solicitação novembro 2023.xls,Relatório Solicitação,,,,,,WARNER CHAPPELL EDIÇÕES MUSICAIS LTDA,,,WARNER CHAPPELL EDIÇÕES MUSICAIS LTDA,,,,,,,15994,160
SBT,11. Solicitação novembro 2023.xls,Relatório Solicitação,,,,,,UNIVERSAL MUSIC PUBLISHING MGB BRASIL LTDA,,,UNIVERSAL MUSIC PUBLISHING MGB BRASIL LTDA,,,,,,,26654,267
SBT,11. Solicitação novembro 2023.xls,Relatório Solicitação,,,,,,BMG RIGHTS MANAGEMENT BRASIL LTDA,,,BMG RIGHTS MANAGEMENT BRASIL LTDA,,,,,,,26662,267
SBT,11. Solicitação novembro 2023.xls,Relatório Solicitação,,,,,,SONY MUSIC PUBLISHING (BRASIL) EDIÇÕES MUSICAIS LTDA,,,SONY MUSIC PUBLISHING (BRASIL) EDIÇÕES MUSICAIS LTDA,,,,,,,26654,267
SBT,11. Solicitação novembro 2023.xls,Relatório Solicitação,,,,,,SONY MUSIC PUBLISHING (BRASIL) EDIÇÕES MUSICAIS LTDA,,,SONY MUSIC PUBLISHING (BRASIL) EDIÇÕES MUSICAIS LTDA,,,,,,,31988,320
SBT,11. Solicitação novembro 2023.xls,Relatório Solicitação,,,,,,DIVERSAS,,,DIVERSAS,,,,,,,15994,160
SBT,11. Solicitação novembro 2023.xls,Relatório Solicitação,,,,,,EDITORA MUSICAL PANTTANAL LTDA,,,EDITORA MUSICAL PANTTANAL LTDA,,,,,,,31988,320
SBT,11. Solicitação novembro 2023.xls,Relatório Solicitação,,,,,,SONY MUSIC PUBLISHING (BRASIL) EDIÇÕES MUSICAIS LTDA,,,SONY MUSIC PUBLISHING (BRASIL) EDIÇÕES MUSICAIS LTDA,,,,,,,79971,800
SBT,11. Solicitação novembro 2023.xls,Relatório Solicitação,,,,,,BMG RIGHTS MANAGEMENT BRASIL LTDA,,,BMG RIGHTS MANAGEMENT BRASIL LTDA,,,,,,,21848,218
SBT,11. Solicitação novembro 2023.xls,Relatório Solicitação,,,,,,WARNER CHAPPELL EDIÇÕES MUSICAIS LTDA,,,WARNER CHAPPELL EDIÇÕES MUSICAIS LTDA,,,,,,,58123,581
SBT,11. Solicitação novembro 2023.xls,Relatório Solicitação,,,,,,UNIVERSAL MUSIC PUBLISHING MGB BRASIL LTDA,,,UNIVERSAL MUSIC PUBLISHING MGB BRASIL LTDA,,,,,,,79971,800
SBT,11. Solicitação novembro 2023.xls,Relatório Solicitação,,,,,,DIVERSAS,,,DIVERSAS,,,,,,,39986,400
SBT,11. Solicitação novembro 2023.xls,Relatório Solicitação,,,,,,WARNER CHAPPELL EDIÇÕES MUSICAIS LTDA,,,WARNER CHAPPELL EDIÇÕES MUSICAIS LTDA,,,,,,,39986,400
SBT,11. Solicitação novembro 2023.xls,Relatório Solicitação,,,,,,WARNER CHAPPELL EDIÇÕES MUSICAIS LTDA,,,WARNER CHAPPELL EDIÇÕES MUSICAIS LTDA,,,,,,,79972,800
SBT,11. Solicitação novembro 2023.xls,Relatório Solicitação,,,,,,UNIVERSAL MUSIC PUBLISHING MGB BRASIL LTDA,,,UNIVERSAL MUSIC PUBLISHING MGB BRASIL LTDA,,,,,,,79972,800
SBT,11. Solicitação novembro 2023.xls,Relatório Solicitação,,,,,,UNIVERSAL MUSIC PUBLISHING MGB BRASIL LTDA,,,UNIVERSAL MUSIC PUBLISHING MGB BRASIL LTDA,,,,,,,106634,1066
SBT,11. Solicitação novembro 2023.xls,Relatório Solicitação,,,,,,WARNER CHAPPELL EDIÇÕES MUSICAIS LTDA,,,WARNER CHAPPELL EDIÇÕES MUSICAIS LTDA,,,,,,,53309,533
SBT,11. Solicitação novembro 2023.xls,Relatório Solicitação,,,,,,SM PUBLISHING (BRASIL) EDIÇÕES MUSICAIS LTDA,,,SM PUBLISHING (BRASIL) EDIÇÕES MUSICAIS LTDA,,,,,,,63977,640
SBT,11. Solicitação novembro 2023.xls,Relatório Solicitação,,,,,,DIVERSAS,,,DIVERSAS,,,,,,,15994,160
SBT,11. Solicitação novembro 2023.xls,Relatório Solicitação,,,,,,SONY MUSIC PUBLISHING (BRASIL) EDIÇÕES MUSICAIS LTDA,,,SONY MUSIC PUBLISHING (BRASIL) EDIÇÕES MUSICAIS LTDA,,,,,,,39986,400
SBT,11. Solicitação novembro 2023.xls,Relatório Solicitação,,,,,,DIVERSAS,,,DIVERSAS,,,,,,,39986,400
SBT,11. Solicitação novembro 2023.xls,Relatório Solicitação,,,,,,DIVERSAS,,,DIVERSAS,,,,,,,79971,800
SBT,11. Solicitação novembro 2023.xls,Relatório Solicitação,,,,,,WARNER CHAPPELL EDIÇÕES MUSICAIS LTDA,,,WARNER CHAPPELL EDIÇÕES MUSICAIS LTDA,,,,,,,5398,54
SBT,11. Solicitação novembro 2023.xls,Relatório Solicitação,,,,,,GEGE EDIÇÕES MUSICAIS LTDA,,,GEGE EDIÇÕES MUSICAIS LTDA,,,,,,,18657,187
SBT,11. Solicitação novembro 2023.xls,Relatório Solicitação,,,,,,UNIVERSAL MUSIC PUBLISHING MGB BRASIL LTDA,,,UNIVERSAL MUSIC PUBLISHING MGB BRASIL LTDA,,,,,,,18665,187
SBT,11. Solicitação novembro 2023.xls,Relatório Solicitação,,,,,,BMG RIGHTS MANAGEMENT BRASIL LTDA,,,BMG RIGHTS MANAGEMENT BRASIL LTDA,,,,,,,18593,186
SBT,11. Solicitação novembro 2023.xls,Relatório Solicitação,,,,,,DIVERSAS,,,DIVERSAS,,,,,,,18657,187
SBT,11. Solicitação novembro 2023.xls,Relatório Solicitação,,,,,,WARNER CHAPPELL EDIÇÕES MUSICAIS LTDA,,,WARNER CHAPPELL EDIÇÕES MUSICAIS LTDA,,,,,,,5398,54
SBT,11. Solicitação novembro 2023.xls,Relatório Solicitação,,,,,,GEGE EDIÇÕES MUSICAIS LTDA,,,GEGE EDIÇÕES MUSICAIS LTDA,,,,,,,18657,187
SBT,11. Solicitação novembro 2023.xls,Relatório Solicitação,,,,,,UNIVERSAL MUSIC PUBLISHING MGB BRASIL LTDA,,,UNIVERSAL MUSIC PUBLISHING MGB BRASIL LTDA,,,,,,,18665,187
SBT,11. Solicitação novembro 2023.xls,Relatório Solicitação,,,,,,BMG RIGHTS MANAGEMENT BRASIL LTDA,,,BMG RIGHTS MANAGEMENT BRASIL LTDA,,,,,,,18593,186
SBT,11. Solicitação novembro 2023.xls,Relatório Solicitação,,,,,,DIVERSAS,,,DIVERSAS,,,,,,,18657,187
SBT,11. Solicitação novembro 2023.xls,Relatório Solicitação,,,,,,DIVERSAS,,,DIVERSAS,,,,,,,79971,800
SBT,11. Solicitação novembro 2023.xls,Relatório Solicitação,,,,,,NOSSAMÚSICA PRODUÇÕES E EDIÇÕES MUSICAIS LTDA,,,NOSSAMÚSICA PRODUÇÕES E EDIÇÕES MUSICAIS LTDA,,,,,,,79971,800
SBT,11. Solicitação novembro 2023.xls,Relatório Solicitação,,,,,,DIVERSAS,,,DIVERSAS,,,,,,,79971,800
SBT,11. Solicitação novembro 2023.xls,Relatório Solicitação,,,,,,DIVERSAS,,,DIVERSAS,,,,,,,79971,800
SBT,11. Solicitação novembro 2023.xls,Relatório Solicitação,,,,,,DIVERSAS,,,DIVERSAS,,,,,,,79971,800
SBT,11. Solicitação novembro 2023.xls,Relatório Solicitação,,,,,,UNIVERSAL MUSIC PUBLISHING MGB BRASIL LTDA,,,UNIVERSAL MUSIC PUBLISHING MGB BRASIL LTDA,,,,,,,79971,800
SBT,11. Solicitação novembro 2023.xls,Relatório Solicitação,,,,,,PEERMUSIC DO BRASIL EDIÇÕES MUSICAIS LTDA,,,PEERMUSIC DO BRASIL EDIÇÕES MUSICAIS LTDA,,,,,,,79971,800
SBT,11. Solicitação novembro 2023.xls,Relatório Solicitação,,,,,,SONY MUSIC PUBLISHING (BRASIL) EDIÇÕES MUSICAIS LTDA,,,SONY MUSIC PUBLISHING (BRASIL) EDIÇÕES MUSICAIS LTDA,,,,,,,13323,133
SBT,11. Solicitação novembro 2023.xls,Relatório Solicitação,,,,,,WARNER CHAPPELL EDIÇÕES MUSICAIS LTDA,,,WARNER CHAPPELL EDIÇÕES MUSICAIS LTDA,,,,,,,66648,666
SBT,11. Solicitação novembro 2023.xls,Relatório Solicitação,,,,,,"OLÊ OLÁ PROMOÇÕES, EVENTOS E EDIÇÕES MUSICAIS LTDA",,,"OLÊ OLÁ PROMOÇÕES, EVENTOS E EDIÇÕES MUSICAIS LTDA",,,,,,,79971,800
SBT,11. Solicitação novembro 2023.xls,Relatório Solicitação,,,,,,DIVERSAS,,,DIVERSAS,,,,,,,39986,400
SBT,11. Solicitação novembro 2023.xls,Relatório Solicitação,,,,,,UNIVERSAL MUSIC PUBLISHING MGB BRASIL LTDA,,,UNIVERSAL MUSIC PUBLISHING MGB BRASIL LTDA,,,,,,,39986,400
SBT,11. Solicitação novembro 2023.xls,Relatório Solicitação,,,,,,WARNER CHAPPELL EDIÇÕES MUSICAIS LTDA,,,WARNER CHAPPELL EDIÇÕES MUSICAIS LTDA,,,,,,,79971,800
SBT,11. Solicitação novembro 2023.xls,Relatório Solicitação,,,,,,WARNER CHAPPELL EDIÇÕES MUSICAIS LTDA,,,WARNER CHAPPELL EDIÇÕES MUSICAIS LTDA,,,,,,,79971,800
SBT,11. Solicitação novembro 2023.xls,Relatório Solicitação,,,,,,SONY MUSIC PUBLISHING (BRASIL) EDIÇÕES MUSICAIS LTDA,,,SONY MUSIC PUBLISHING (BRASIL) EDIÇÕES MUSICAIS LTDA,,,,,,,79971,800
SBT,11. Solicitação novembro 2023.xls,Relatório Solicitação,,,,,,WARNER CHAPPELL EDIÇÕES MUSICAIS LTDA,,,WARNER CHAPPELL EDIÇÕES MUSICAIS LTDA,,,,,,,79971,800
SBT,11. Solicitação novembro 2023.xls,Relatório Solicitação,,,,,,DIVERSAS,,,DIVERSAS,,,,,,,59978,600
SBT,11. Solicitação novembro 2023.xls,Relatório Solicitação,,,,,,ABRAMUS DIGITAL SERV. IDENT. REPERTÓRIO,,,ABRAMUS DIGITAL SERV. IDENT. REPERTÓRIO,,,,,,,19993,200
SBT,11. Solicitação novembro 2023.xls,Relatório Solicitação,,,,,,SONY MUSIC PUBLISHING (BRASIL) EDIÇÕES MUSICAIS LTDA,,,SONY MUSIC PUBLISHING (BRASIL) EDIÇÕES MUSICAIS LTDA,,,,,,,79971,800
SBT,11. Solicitação novembro 2023.xls,Relatório Solicitação,,,,,,SONY MUSIC PUBLISHING (BRASIL) EDIÇÕES MUSICAIS LTDA,,,SONY MUSIC PUBLISHING (BRASIL) EDIÇÕES MUSICAIS LTDA,,,,,,,79971,800
SBT,11. Solicitação novembro 2023.xls,Relatório Solicitação,,,,,,BMG RIGHTS MANAGEMENT BRASIL LTDA,,,BMG RIGHTS MANAGEMENT BRASIL LTDA,,,,,,,13323,133
SBT,11. Solicitação novembro 2023.xls,Relatório Solicitação,,,,,,DIVERSAS,,,DIVERSAS,,,,,,,6686,67
SBT,11. Solicitação novembro 2023.xls,Relatório Solicitação,,,,,,IESSI MUSIC LABEL LTDA,,,IESSI MUSIC LABEL LTDA,,,,,,,26646,266
SBT,11. Solicitação novembro 2023.xls,Relatório Solicitação,,,,,,WARNER CHAPPELL EDIÇÕES MUSICAIS LTDA,,,WARNER CHAPPELL EDIÇÕES MUSICAIS LTDA,,,,,,,19993,200
SBT,11. Solicitação novembro 2023.xls,Relatório Solicitação,,,,,,SONY MUSIC PUBLISHING (BRASIL) EDIÇÕES MUSICAIS LTDA,,,SONY MUSIC PUBLISHING (BRASIL) EDIÇÕES MUSICAIS LTDA,,,,,,,13323,133
SBT,11. Solicitação novembro 2023.xls,Relatório Solicitação,,,,,,DIVERSAS,,,DIVERSAS,,,,,,,59195,592
SBT,11. Solicitação novembro 2023.xls,Relatório Solicitação,,,,,,BMG RIGHTS MANAGEMENT BRASIL LTDA,,,BMG RIGHTS MANAGEMENT BRASIL LTDA,,,,,,,20793,208
SBT,11. Solicitação novembro 2023.xls,Relatório Solicitação,,,,,,ABRAMUS DIGITAL SERV. IDENT. REPERTÓRIO,,,ABRAMUS DIGITAL SERV. IDENT. REPERTÓRIO,,,,,,,62202,622
SBT,11. Solicitação novembro 2023.xls,Relatório Solicitação,,,,,,SONY MUSIC PUBLISHING (BRASIL) EDIÇÕES MUSICAIS LTDA,,,SONY MUSIC PUBLISHING (BRASIL) EDIÇÕES MUSICAIS LTDA,,,,,,,17754,178
SBT,11. Solicitação novembro 2023.xls,Relatório Solicitação,,,,,,DIVERSAS,,,DIVERSAS,,,,,,,159943,1599
SBT,11. Solicitação novembro 2023.xls,Relatório Solicitação,,,,,,DIVERSAS,,,DIVERSAS,,,,,,,79971,800
SBT,11. Solicitação novembro 2023.xls,Relatório Solicitação,,,,,,MK MUSIC EDIÇÕES MUSICAIS LTDA,,,MK MUSIC EDIÇÕES MUSICAIS LTDA,,,,,,,79971,800
SBT,11. Solicitação novembro 2023.xls,Relatório Solicitação,,,,,,DIVERSAS,,,DIVERSAS,,,,,,,79971,800
SBT,11. Solicitação novembro 2023.xls,Relatório Solicitação,,,,,,WARNER CHAPPELL EDIÇÕES MUSICAIS LTDA,,,WARNER CHAPPELL EDIÇÕES MUSICAIS LTDA,,,,,,,79971,800
SBT,11. Solicitação novembro 2023.xls,Relatório Solicitação,,,,,,WARNER CHAPPELL EDIÇÕES MUSICAIS LTDA,,,WARNER CHAPPELL EDIÇÕES MUSICAIS LTDA,,,,,,,79971,800
SBT,11. Solicitação novembro 2023.xls,Relatório Solicitação,,,,,,DIVERSAS,,,DIVERSAS,,,,,,,74740,747
SBT,11. Solicitação novembro 2023.xls,Relatório Solicitação,,,,,,DIVERSAS,,,DIVERSAS,,,,,,,74740,747
SBT,11. Solicitação novembro 2023.xls,Relatório Solicitação,,,,,,SONY MUSIC PUBLISHING (BRASIL) EDIÇÕES MUSICAIS LTDA,,,SONY MUSIC PUBLISHING (BRASIL) EDIÇÕES MUSICAIS LTDA,,,,,,,79971,800
SBT,11. Solicitação novembro 2023.xls,Relatório Solicitação,,,,,,DIVERSAS,,,DIVERSAS,,,,,,,39986,400
SBT,11. Solicitação novembro 2023.xls,Relatório Solicitação,,,,,,GEGE EDIÇÕES MUSICAIS LTDA,,,GEGE EDIÇÕES MUSICAIS LTDA,,,,,,,39986,400
SBT,11. Solicitação novembro 2023.xls,Relatório Solicitação,,,,,,WARNER CHAPPELL EDIÇÕES MUSICAIS LTDA,,,WARNER CHAPPELL EDIÇÕES MUSICAIS LTDA,,,,,,,39986,400
SBT,11. Solicitação novembro 2023.xls,Relatório Solicitação,,,,,,DIVERSAS,,,DIVERSAS,,,,,,,39986,400
SBT,11. Solicitação novembro 2023.xls,Relatório Solicitação,,,,,,DIVERSAS,,,DIVERSAS,,,,,,,71974,720
SBT,11. Solicitação novembro 2023.xls,Relatório Solicitação,,,,,,ABRAMUS DIGITAL SERV. IDENT. REPERTÓRIO,,,ABRAMUS DIGITAL SERV. IDENT. REPERTÓRIO,,,,,,,7997,80
SBT,11. Solicitação novembro 2023.xls,Relatório Solicitação,,,,,,UNIVERSAL MUSIC PUBLISHING MGB BRASIL LTDA,,,UNIVERSAL MUSIC PUBLISHING MGB BRASIL LTDA,,,,,,,79971,800
SBT,11. Solicitação novembro 2023.xls,Relatório Solicitação,,,,,,DIVERSAS,,,DIVERSAS,,,,,,,59978,600
SBT,11. Solicitação novembro 2023.xls,Relatório Solicitação,,,,,,BMG RIGHTS MANAGEMENT BRASIL LTDA,,,BMG RIGHTS MANAGEMENT BRASIL LTDA,,,,,,,19993,200
SBT,11. Solicitação novembro 2023.xls,Relatório Solicitação,,,,,,SONY MUSIC PUBLISHING (BRASIL) EDIÇÕES MUSICAIS LTDA,,,SONY MUSIC PUBLISHING (BRASIL) EDIÇÕES MUSICAIS LTDA,,,,,,,79971,800
SBT,11. Solicitação novembro 2023.xls,Relatório Solicitação,,,,,,BMG RIGHTS MANAGEMENT BRASIL LTDA,,,BMG RIGHTS MANAGEMENT BRASIL LTDA,,,,,,,74477,745
SBT,11. Solicitação novembro 2023.xls,Relatório Solicitação,,,,,,WARNER CHAPPELL EDIÇÕES MUSICAIS LTDA,,,WARNER CHAPPELL EDIÇÕES MUSICAIS LTDA,,,,,,,5494,55
SBT,11. Solicitação novembro 2023.xls,Relatório Solicitação,,,,,,BMG RIGHTS MANAGEMENT BRASIL LTDA,,,BMG RIGHTS MANAGEMENT BRASIL LTDA,,,,,,,79971,800
SBT,11. Solicitação novembro 2023.xls,Relatório Solicitação,,,,,,JULIANA FAKRI DE ASSIS EPP,,,JULIANA FAKRI DE ASSIS EPP,,,,,,,79971,800
SBT,11. Solicitação novembro 2023.xls,Relatório Solicitação,,,,,,PEERMUSIC DO BRASIL EDIÇÕES MUSICAIS LTDA,,,PEERMUSIC DO BRASIL EDIÇÕES MUSICAIS LTDA,,,,,,,79971,800
SBT,11. Solicitação novembro 2023.xls,Relatório Solicitação,,,,,,UNIVERSAL MUSIC PUBLISHING MGB BRASIL LTDA,,,UNIVERSAL MUSIC PUBLISHING MGB BRASIL LTDA,,,,,,,79971,800
SBT,11. Solicitação novembro 2023.xls,Relatório Solicitação,,,,,,EDITORA MUSICAL PANTTANAL LTDA,,,EDITORA MUSICAL PANTTANAL LTDA,,,,,,,79971,800
SBT,11. Solicitação novembro 2023.xls,Relatório Solicitação,,,,,,DIVERSAS,,,DIVERSAS,,,,,,,79971,800
SBT,11. Solicitação novembro 2023.xls,Relatório Solicitação,,,,,,WARNER CHAPPELL EDIÇÕES MUSICAIS LTDA,,,WARNER CHAPPELL EDIÇÕES MUSICAIS LTDA,,,,,,,79971,800
SBT,11. Solicitação novembro 2023.xls,Relatório Solicitação,,,,,,IRMÃOS VITALE EDITORES LTDA,,,IRMÃOS VITALE EDITORES LTDA,,,,,,,79971,800
SBT,11. Solicitação novembro 2023.xls,Relatório Solicitação,,,,,,BMG RIGHTS MANAGEMENT BRASIL LTDA,,,BMG RIGHTS MANAGEMENT BRASIL LTDA,,,,,,,26662,267
SBT,11. Solicitação novembro 2023.xls,Relatório Solicitação,,,,,,JULIANA FAKRI DE ASSIS EPP,,,JULIANA FAKRI DE ASSIS EPP,,,,,,,53309,533
SBT,11. Solicitação novembro 2023.xls,Relatório Solicitação,,,,,,WARNER CHAPPELL EDIÇÕES MUSICAIS LTDA,,,WARNER CHAPPELL EDIÇÕES MUSICAIS LTDA,,,,,,,79971,800
SBT,11. Solicitação novembro 2023.xls,Relatório Solicitação,,,,,,SONY MUSIC PUBLISHING (BRASIL) EDIÇÕES MUSICAIS LTDA,,,SONY MUSIC PUBLISHING (BRASIL) EDIÇÕES MUSICAIS LTDA,,,,,,,79971,800
SBT,11. Solicitação novembro 2023.xls,Relatório Solicitação,,,,,,Work,,,Work,,,,,,,79971,800
SBT,11. Solicitação novembro 2023.xls,Relatório Solicitação,,,,,,DIVERSAS,,,DIVERSAS,,,,,,,79971,800
SBT,11. Solicitação novembro 2023.xls,Relatório Solicitação,,,,,,DIVERSAS,,,DIVERSAS,,,,,,,79971,800
SBT,11. Solicitação novembro 2023.xls,Relatório Solicitação,,,,,,DIVERSAS,,,DIVERSAS,,,,,,,79971,800
SBT,11. Solicitação novembro 2023.xls,Relatório Solicitação,,,,,,DIVERSAS,,,DIVERSAS,,,,,,,79971,800
SBT,11. Solicitação novembro 2023.xls,Relatório Solicitação,,,,,,SONY MUSIC PUBLISHING (BRASIL) EDIÇÕES MUSICAIS LTDA,,,SONY MUSIC PUBLISHING (BRASIL) EDIÇÕES MUSICAIS LTDA,,,,,,,79971,800
SBT,11. Solicitação novembro 2023.xls,Relatório Solicitação,,,,,,SONY MUSIC PUBLISHING (BRASIL) EDIÇÕES MUSICAIS LTDA,,,SONY MUSIC PUBLISHING (BRASIL) EDIÇÕES MUSICAIS LTDA,,,,,,,79971,800
SBT,11. Solicitação novembro 2023.xls,Relatório Solicitação,,,,,,ADDAF - ASS. DEF. DIREITOS AUTORAIS FONOMECÂNICOS,,,ADDAF - ASS. DEF. DIREITOS AUTORAIS FONOMECÂNICOS,,,,,,,79971,800
SBT,11. Solicitação novembro 2023.xls,Relatório Solicitação,,,,,,SONY MUSIC PUBLISHING (BRASIL) EDIÇÕES MUSICAIS LTDA,,,SONY MUSIC PUBLISHING (BRASIL) EDIÇÕES MUSICAIS LTDA,,,,,,,79971,800
SBT,11. Solicitação novembro 2023.xls,Relatório Solicitação,,,,,,WARNER CHAPPELL EDIÇÕES MUSICAIS LTDA,,,WARNER CHAPPELL EDIÇÕES MUSICAIS LTDA,,,,,,,67975,680
SBT,11. Solicitação novembro 2023.xls,Relatório Solicitação,,,,,,ABRAMUS DIGITAL SERV. IDENT. REPERTÓRIO,,,ABRAMUS DIGITAL SERV. IDENT. REPERTÓRIO,,,,,,,11996,120
SBT,11. Solicitação novembro 2023.xls,Relatório Solicitação,,,,,,DIVERSAS,,,DIVERSAS,,,,,,,79971,800
SBT,11. Solicitação novembro 2023.xls,Relatório Solicitação,,,,,,PEERMUSIC DO BRASIL EDIÇÕES MUSICAIS LTDA,,,PEERMUSIC DO BRASIL EDIÇÕES MUSICAIS LTDA,,,,,,,79971,800
SBT,11. Solicitação novembro 2023.xls,Relatório Solicitação,,,,,,DIVERSAS,,,DIVERSAS,,,,,,,79971,800
SBT,11. Solicitação novembro 2023.xls,Relatório Solicitação,,,,,,IRMÃOS VITALE EDITORES LTDA,,,IRMÃOS VITALE EDITORES LTDA,,,,,,,79971,800
SBT,11. Solicitação novembro 2023.xls,Relatório Solicitação,,,,,,FUSION MUSIC EDIÇÕES MUSICAIS LTDA,,,FUSION MUSIC EDIÇÕES MUSICAIS LTDA,,,,,,,159943,1599
SBT,11. Solicitação novembro 2023.xls,Relatório Solicitação,,,,,,WORLDSHOW PROMOÇÕES E EVENTOS,,,WORLDSHOW PROMOÇÕES E EVENTOS,,,,,,,39986,400
SBT,11. Solicitação novembro 2023.xls,Relatório Solicitação,,,,,,DECK PRODUÇÕES ARTÍSTICAS LTDA,,,DECK PRODUÇÕES ARTÍSTICAS LTDA,,,,,,,39986,400
SBT,11. Solicitação novembro 2023.xls,Relatório Solicitação,,,,,,DIVERSAS,,,DIVERSAS,,,,,,,79971,800
SBT,11. Solicitação novembro 2023.xls,Relatório Solicitação,,,,,,PEERMUSIC DO BRASIL EDIÇÕES MUSICAIS LTDA,,,PEERMUSIC DO BRASIL EDIÇÕES MUSICAIS LTDA,,,,,,,71974,720
SBT,11. Solicitação novembro 2023.xls,Relatório Solicitação,,,,,,SONY MUSIC PUBLISHING (BRASIL) EDIÇÕES MUSICAIS LTDA,,,SONY MUSIC PUBLISHING (BRASIL) EDIÇÕES MUSICAIS LTDA,,,,,,,7997,80
SBT,11. Solicitação novembro 2023.xls,Relatório Solicitação,,,,,,UNIVERSAL MUSIC PUBLISHING MGB BRASIL LTDA,,,UNIVERSAL MUSIC PUBLISHING MGB BRASIL LTDA,,,,,,,79971,800
SBT,11. Solicitação novembro 2023.xls,Relatório Solicitação,,,,,,PEERMUSIC DO BRASIL EDIÇÕES MUSICAIS LTDA,,,PEERMUSIC DO BRASIL EDIÇÕES MUSICAIS LTDA,,,,,,,79971,800
SBT,11. Solicitação novembro 2023.xls,Relatório Solicitação,,,,,,DIVERSAS,,,DIVERSAS,,,,,,,79971,800
SBT,11. Solicitação novembro 2023.xls,Relatório Solicitação,,,,,,ADDAF - ASS. DEF. DIREITOS AUTORAIS FONOMECÂNICOS,,,ADDAF - ASS. DEF. DIREITOS AUTORAIS FONOMECÂNICOS,,,,,,,79971,800
SBT,11. Solicitação novembro 2023.xls,Relatório Solicitação,,,,,,UNIVERSAL MUSIC PUBLISHING MGB BRASIL LTDA,,,UNIVERSAL MUSIC PUBLISHING MGB BRASIL LTDA,,,,,,,79971,800
SBT,11. Solicitação novembro 2023.xls,Relatório Solicitação,,,,,,EDITORA E IMPORTADORA MUSICAL FERMATA DO BRASIL LTDA,,,EDITORA E IMPORTADORA MUSICAL FERMATA DO BRASIL LTDA,,,,,,,79971,800
SBT,11. Solicitação novembro 2023.xls,Relatório Solicitação,,,,,,WARNER CHAPPELL EDIÇÕES MUSICAIS LTDA,,,WARNER CHAPPELL EDIÇÕES MUSICAIS LTDA,,,,,,,79971,800
SBT,11. Solicitação novembro 2023.xls,Relatório Solicitação,,,,,,IRMÃOS VITALE EDITORES LTDA,,,IRMÃOS VITALE EDITORES LTDA,,,,,,,159943,1599
SBT,11. Solicitação novembro 2023.xls,Relatório Solicitação,,,,,,FUSION MUSIC EDIÇÕES MUSICAIS LTDA,,,FUSION MUSIC EDIÇÕES MUSICAIS LTDA,,,,,,,159943,1599
SBT,11. Solicitação novembro 2023.xls,Relatório Solicitação,,,,,,DIVERSAS,,,DIVERSAS,,,,,,,79971,800
SBT,11. Solicitação novembro 2023.xls,Relatório Solicitação,,,,,,UNIVERSAL MUSIC PUBLISHING MGB BRASIL LTDA,,,UNIVERSAL MUSIC PUBLISHING MGB BRASIL LTDA,,,,,,,79971,800
SBT,11. Solicitação novembro 2023.xls,Relatório Solicitação,,,,,,DIVERSAS,,,DIVERSAS,,,,,,,79971,800
SBT,11. Solicitação novembro 2023.xls,Relatório Solicitação,,,,,,DIVERSAS,,,DIVERSAS,,,,,,,79971,800
SBT,11. Solicitação novembro 2023.xls,Relatório Solicitação,,,,,,DIVERSAS,,,DIVERSAS,,,,,,,79971,800
SBT,11. Solicitação novembro 2023.xls,Relatório Solicitação,,,,,,DIVERSAS,,,DIVERSAS,,,,,,,74740,747
SBT,11. Solicitação novembro 2023.xls,Relatório Solicitação,,,,,,MAC MAC PRODUÇÕES ARTÍSTICAS LTDA.,,,MAC MAC PRODUÇÕES ARTÍSTICAS LTDA.,,,,,,,79971,800
SBT,11. Solicitação novembro 2023.xls,Relatório Solicitação,,,,,,UNIVERSAL MUSIC PUBLISHING MGB BRASIL LTDA,,,UNIVERSAL MUSIC PUBLISHING MGB BRASIL LTDA,,,,,,,79971,800
SBT,11. Solicitação novembro 2023.xls,Relatório Solicitação,,,,,,MAC MAC PRODUÇÕES ARTÍSTICAS LTDA.,,,MAC MAC PRODUÇÕES ARTÍSTICAS LTDA.,,,,,,,79971,800
SBT,11. Solicitação novembro 2023.xls,Relatório Solicitação,,,,,,EDITORA E IMPORTADORA MUSICAL FERMATA DO BRASIL LTDA,,,EDITORA E IMPORTADORA MUSICAL FERMATA DO BRASIL LTDA,,,,,,,79971,800
SBT,11. Solicitação novembro 2023.xls,Relatório Solicitação,,,,,,UNIVERSAL MUSIC PUBLISHING MGB BRASIL LTDA,,,UNIVERSAL MUSIC PUBLISHING MGB BRASIL LTDA,,,,,,,159943,1599
SBT,11. Solicitação novembro 2023.xls,Relatório Solicitação,,,,,,WARNER CHAPPELL EDIÇÕES MUSICAIS LTDA,,,WARNER CHAPPELL EDIÇÕES MUSICAIS LTDA,,,,,,,39986,400
SBT,11. Solicitação novembro 2023.xls,Relatório Solicitação,,,,,,SONY MUSIC PUBLISHING (BRASIL) EDIÇÕES MUSICAIS LTDA,,,SONY MUSIC PUBLISHING (BRASIL) EDIÇÕES MUSICAIS LTDA,,,,,,,39986,400
SBT,11. Solicitação novembro 2023.xls,Relatório Solicitação,,,,,,WARNER CHAPPELL EDIÇÕES MUSICAIS LTDA,,,WARNER CHAPPELL EDIÇÕES MUSICAIS LTDA,,,,,,,79971,800
SBT,11. Solicitação novembro 2023.xls,Relatório Solicitação,,,,,,SONY MUSIC PUBLISHING (BRASIL) EDIÇÕES MUSICAIS LTDA,,,SONY MUSIC PUBLISHING (BRASIL) EDIÇÕES MUSICAIS LTDA,,,,,,,79971,800
SBT,11. Solicitação novembro 2023.xls,Relatório Solicitação,,,,,,DIVERSAS,,,DIVERSAS,,,,,,,79971,800
SBT,11. Solicitação novembro 2023.xls,Relatório Solicitação,,,,,,SONY MUSIC PUBLISHING (BRASIL) EDIÇÕES MUSICAIS LTDA,,,SONY MUSIC PUBLISHING (BRASIL) EDIÇÕES MUSICAIS LTDA,,,,,,,79971,800
SBT,11. Solicitação novembro 2023.xls,Relatório Solicitação,,,,,,SONY MUSIC PUBLISHING (BRASIL) EDIÇÕES MUSICAIS LTDA,,,SONY MUSIC PUBLISHING (BRASIL) EDIÇÕES MUSICAIS LTDA,,,,,,,79971,800
SBT,11. Solicitação novembro 2023.xls,Relatório Solicitação,,,,,,UNIVERSAL MUSIC PUBLISHING MGB BRASIL LTDA,,,UNIVERSAL MUSIC PUBLISHING MGB BRASIL LTDA,,,,,,,39986,400
SBT,11. Solicitação novembro 2023.xls,Relatório Solicitação,,,,,,DIVERSAS,,,DIVERSAS,,,,,,,39986,400
SBT,11. Solicitação novembro 2023.xls,Relatório Solicitação,,,,,,ADDAF - ASS. DEF. DIREITOS AUTORAIS FONOMECÂNICOS,,,ADDAF - ASS. DEF. DIREITOS AUTORAIS FONOMECÂNICOS,,,,,,,59978,600
SBT,11. Solicitação novembro 2023.xls,Relatório Solicitação,,,,,,SONY MUSIC PUBLISHING (BRASIL) EDIÇÕES MUSICAIS LTDA,,,SONY MUSIC PUBLISHING (BRASIL) EDIÇÕES MUSICAIS LTDA,,,,,,,19993,200
SBT,11. Solicitação novembro 2023.xls,Relatório Solicitação,,,,,,SONY MUSIC PUBLISHING (BRASIL) EDIÇÕES MUSICAIS LTDA,,,SONY MUSIC PUBLISHING (BRASIL) EDIÇÕES MUSICAIS LTDA,,,,,,,39986,400
SBT,11. Solicitação novembro 2023.xls,Relatório Solicitação,,,,,,WARNER CHAPPELL EDIÇÕES MUSICAIS LTDA,,,WARNER CHAPPELL EDIÇÕES MUSICAIS LTDA,,,,,,,39986,400
SBT,11. Solicitação novembro 2023.xls,Relatório Solicitação,,,,,,JKF,,,JKF,,,,,,,79971,800
SBT,11. Solicitação novembro 2023.xls,Relatório Solicitação,,,,,,ADDAF - ASS. DEF. DIREITOS AUTORAIS FONOMECÂNICOS,,,ADDAF - ASS. DEF. DIREITOS AUTORAIS FONOMECÂNICOS,,,,,,,29989,300
SBT,11. Solicitação novembro 2023.xls,Relatório Solicitação,,,,,,WARNER CHAPPELL EDIÇÕES MUSICAIS LTDA,,,WARNER CHAPPELL EDIÇÕES MUSICAIS LTDA,,,,,,,39986,400
SBT,11. Solicitação novembro 2023.xls,Relatório Solicitação,,,,,,SONY MUSIC PUBLISHING (BRASIL) EDIÇÕES MUSICAIS LTDA,,,SONY MUSIC PUBLISHING (BRASIL) EDIÇÕES MUSICAIS LTDA,,,,,,,9996,100
SBT,11. Solicitação novembro 2023.xls,Relatório Solicitação,,,,,,WARNER CHAPPELL EDIÇÕES MUSICAIS LTDA,,,WARNER CHAPPELL EDIÇÕES MUSICAIS LTDA,,,,,,,79971,800
SBT,11. Solicitação novembro 2023.xls,Relatório Solicitação,,,,,,BMG RIGHTS MANAGEMENT BRASIL LTDA,,,BMG RIGHTS MANAGEMENT BRASIL LTDA,,,,,,,13331,133
SBT,11. Solicitação novembro 2023.xls,Relatório Solicitação,,,,,,DIVERSAS,,,DIVERSAS,,,,,,,16,0
SBT,11. Solicitação novembro 2023.xls,Relatório Solicitação,,,,,,WARNER CHAPPELL EDIÇÕES MUSICAIS LTDA,,,WARNER CHAPPELL EDIÇÕES MUSICAIS LTDA,,,,,,,26646,266
SBT,11. Solicitação novembro 2023.xls,Relatório Solicitação,,,,,,SONY MUSIC PUBLISHING (BRASIL) EDIÇÕES MUSICAIS LTDA,,,SONY MUSIC PUBLISHING (BRASIL) EDIÇÕES MUSICAIS LTDA,,,,,,,39978,400
SBT,11. Solicitação novembro 2023.xls,Relatório Solicitação,,,,,,UNIVERSAL MUSIC PUBLISHING MGB BRASIL LTDA,,,UNIVERSAL MUSIC PUBLISHING MGB BRASIL LTDA,,,,,,,79971,800
SBT,11. Solicitação novembro 2023.xls,Relatório Solicitação,,,,,,DIVERSAS,,,DIVERSAS,,,,,,,79971,800
SBT,11. Solicitação novembro 2023.xls,Relatório Solicitação,,,,,,JULIANA FAKRI DE ASSIS EPP,,,JULIANA FAKRI DE ASSIS EPP,,,,,,,159943,1599
SBT,11. Solicitação novembro 2023.xls,Relatório Solicitação,,,,,,Work,,,Work,,,,,,,159943,1599
SBT,11. Solicitação novembro 2023.xls,Relatório Solicitação,,,,,,PEERMUSIC DO BRASIL EDIÇÕES MUSICAIS LTDA,,,PEERMUSIC DO BRASIL EDIÇÕES MUSICAIS LTDA,,,,,,,159943,1599
SBT,11. Solicitação novembro 2023.xls,Relatório Solicitação,,,,,,EDITORA MUSICAL PANTTANAL LTDA,,,EDITORA MUSICAL PANTTANAL LTDA,,,,,,,159943,1599
SBT,11. Solicitação novembro 2023.xls,Relatório Solicitação,,,,,,SONY MUSIC PUBLISHING (BRASIL) EDIÇÕES MUSICAIS LTDA,,,SONY MUSIC PUBLISHING (BRASIL) EDIÇÕES MUSICAIS LTDA,,,,,,,159943,1599
SBT,11. Solicitação novembro 2023.xls,Relatório Solicitação,,,,,,EDITORA E IMPORTADORA MUSICAL FERMATA DO BRASIL LTDA,,,EDITORA E IMPORTADORA MUSICAL FERMATA DO BRASIL LTDA,,,,,,,159943,1599
SBT,11. Solicitação novembro 2023.xls,Relatório Solicitação,,,,,,WARNER CHAPPELL EDIÇÕES MUSICAIS LTDA,,,WARNER CHAPPELL EDIÇÕES MUSICAIS LTDA,,,,,,,159943,1599
SBT,11. Solicitação novembro 2023.xls,Relatório Solicitação,,,,,,WARNER CHAPPELL EDIÇÕES MUSICAIS LTDA,,,WARNER CHAPPELL EDIÇÕES MUSICAIS LTDA,,,,,,,159943,1599
SBT,11. Solicitação novembro 2023.xls,Relatório Solicitação,,,,,,EDITORA MUSICAL PANTTANAL LTDA,,,EDITORA MUSICAL PANTTANAL LTDA,,,,,,,159943,1599
SBT,11. Solicitação novembro 2023.xls,Relatório Solicitação,,,,,,WARNER CHAPPELL EDIÇÕES MUSICAIS LTDA,,,WARNER CHAPPELL EDIÇÕES MUSICAIS LTDA,,,,,,,159943,1599
SBT,11. Solicitação novembro 2023.xls,Relatório Solicitação,,,,,,LUANDA EDIÇÕES MUSICAS LTDA,,,LUANDA EDIÇÕES MUSICAS LTDA,,,,,,,159943,1599
SBT,11. Solicitação novembro 2023.xls,Relatório Solicitação,,,,,,UNIVERSAL MUSIC PUBLISHING MGB BRASIL LTDA,,,UNIVERSAL MUSIC PUBLISHING MGB BRASIL LTDA,,,,,,,159943,1599
SBT,11. Solicitação novembro 2023.xls,Relatório Solicitação,,,,,,WARNER CHAPPELL EDIÇÕES MUSICAIS LTDA,,,WARNER CHAPPELL EDIÇÕES MUSICAIS LTDA,,,,,,,79972,800
SBT,11. Solicitação novembro 2023.xls,Relatório Solicitação,,,,,,NOWA PRODUÇÕES ARTÍSTICAS LTDA,,,NOWA PRODUÇÕES ARTÍSTICAS LTDA,,,,,,,79972,800
SBT,11. Solicitação novembro 2023.xls,Relatório Solicitação,,,,,,SONY MUSIC PUBLISHING (BRASIL) EDIÇÕES MUSICAIS LTDA,,,SONY MUSIC PUBLISHING (BRASIL) EDIÇÕES MUSICAIS LTDA,,,,,,,159943,1599
SBT,11. Solicitação novembro 2023.xls,Relatório Solicitação,,,,,,SONY MUSIC PUBLISHING (BRASIL) EDIÇÕES MUSICAIS LTDA,,,SONY MUSIC PUBLISHING (BRASIL) EDIÇÕES MUSICAIS LTDA,,,,,,,79972,800
SBT,11. Solicitação novembro 2023.xls,Relatório Solicitação,,,,,,WARNER CHAPPELL EDIÇÕES MUSICAIS LTDA,,,WARNER CHAPPELL EDIÇÕES MUSICAIS LTDA,,,,,,,79972,800
SBT,11. Solicitação novembro 2023.xls,Relatório Solicitação,,,,,,UNIVERSAL MUSIC PUBLISHING MGB BRASIL LTDA,,,UNIVERSAL MUSIC PUBLISHING MGB BRASIL LTDA,,,,,,,159943,1599
SBT,11. Solicitação novembro 2023.xls,Relatório Solicitação,,,,,,DIVERSAS,,,DIVERSAS,,,,,,,79971,800
SBT,11. Solicitação novembro 2023.xls,Relatório Solicitação,,,,,,JULIANA FAKRI DE ASSIS EPP,,,JULIANA FAKRI DE ASSIS EPP,,,,,,,79971,800
SBT,11. Solicitação novembro 2023.xls,Relatório Solicitação,,,,,,DIVERSAS,,,DIVERSAS,,,,,,,79971,800
SBT,11. Solicitação novembro 2023.xls,Relatório Solicitação,,,,,,WARNER CHAPPELL EDIÇÕES MUSICAIS LTDA,,,WARNER CHAPPELL EDIÇÕES MUSICAIS LTDA,,,,,,,79971,800
SBT,11. Solicitação novembro 2023.xls,Relatório Solicitação,,,,,,UNIVERSAL MUSIC PUBLISHING MGB BRASIL LTDA,,,UNIVERSAL MUSIC PUBLISHING MGB BRASIL LTDA,,,,,,,15994,160
SBT,11. Solicitação novembro 2023.xls,Relatório Solicitação,,,,,,DIVERSAS,,,DIVERSAS,,,,,,,15994,160
SBT,11. Solicitação novembro 2023.xls,Relatório Solicitação,,,,,,DC CONSULTORIA LTDA,,,DC CONSULTORIA LTDA,,,,,,,15994,160
SBT,11. Solicitação novembro 2023.xls,Relatório Solicitação,,,,,,WARNER CHAPPELL EDIÇÕES MUSICAIS LTDA,,,WARNER CHAPPELL EDIÇÕES MUSICAIS LTDA,,,,,,,31988,320
SBT,11. Solicitação novembro 2023.xls,Relatório Solicitação,,,,,,PEERMUSIC DO BRASIL EDIÇÕES MUSICAIS LTDA,,,PEERMUSIC DO BRASIL EDIÇÕES MUSICAIS LTDA,,,,,,,79971,800
SBT,11. Solicitação novembro 2023.xls,Relatório Solicitação,,,,,,SONY MUSIC PUBLISHING (BRASIL) EDIÇÕES MUSICAIS LTDA,,,SONY MUSIC PUBLISHING (BRASIL) EDIÇÕES MUSICAIS LTDA,,,,,,,159943,1599
SBT,11. Solicitação novembro 2023.xls,Relatório Solicitação,,,,,,WARNER CHAPPELL EDIÇÕES MUSICAIS LTDA,,,WARNER CHAPPELL EDIÇÕES MUSICAIS LTDA,,,,,,,159943,1599
SBT,11. Solicitação novembro 2023.xls,Relatório Solicitação,,,,,,UNIVERSAL MUSIC PUBLISHING MGB BRASIL LTDA,,,UNIVERSAL MUSIC PUBLISHING MGB BRASIL LTDA,,,,,,,79972,800
SBT,11. Solicitação novembro 2023.xls,Relatório Solicitação,,,,,,SONY MUSIC PUBLISHING (BRASIL) EDIÇÕES MUSICAIS LTDA,,,SONY MUSIC PUBLISHING (BRASIL) EDIÇÕES MUSICAIS LTDA,,,,,,,79972,800
SBT,11. Solicitação novembro 2023.xls,Relatório Solicitação,,,,,,PEERMUSIC DO BRASIL EDIÇÕES MUSICAIS LTDA,,,PEERMUSIC DO BRASIL EDIÇÕES MUSICAIS LTDA,,,,,,,159943,1599
SBT,11. Solicitação novembro 2023.xls,Relatório Solicitação,,,,,,SONY MUSIC PUBLISHING (BRASIL) EDIÇÕES MUSICAIS LTDA,,,SONY MUSIC PUBLISHING (BRASIL) EDIÇÕES MUSICAIS LTDA,,,,,,,79971,800
SBT,11. Solicitação novembro 2023.xls,Relatório Solicitação,,,,,,DIVERSAS,,,DIVERSAS,,,,,,,79971,800
SBT,11. Solicitação novembro 2023.xls,Relatório Solicitação,,,,,,PEERMUSIC DO BRASIL EDIÇÕES MUSICAIS LTDA,,,PEERMUSIC DO BRASIL EDIÇÕES MUSICAIS LTDA,,,,,,,79971,800
SBT,11. Solicitação novembro 2023.xls,Relatório Solicitação,,,,,,DIVERSAS,,,DIVERSAS,,,,,,,79972,800
SBT,11. Solicitação novembro 2023.xls,Relatório Solicitação,,,,,,ABRAMUS DIGITAL SERV. IDENT. REPERTÓRIO,,,ABRAMUS DIGITAL SERV. IDENT. REPERTÓRIO,,,,,,,79972,800
SBT,11. Solicitação novembro 2023.xls,Relatório Solicitação,,,,,,WARNER CHAPPELL EDIÇÕES MUSICAIS LTDA,,,WARNER CHAPPELL EDIÇÕES MUSICAIS LTDA,,,,,,,95966,960
SBT,11. Solicitação novembro 2023.xls,Relatório Solicitação,,,,,,DIVERSAS,,,DIVERSAS,,,,,,,63977,640
SBT,11. Solicitação novembro 2023.xls,Relatório Solicitação,,,,,,THIAGO ABDULAHAD NUNES RIOS ME,,,THIAGO ABDULAHAD NUNES RIOS ME,,,,,,,79971,800
SBT,11. Solicitação novembro 2023.xls,Relatório Solicitação,,,,,,THIAGO ABDULAHAD NUNES RIOS ME,,,THIAGO ABDULAHAD NUNES RIOS ME,,,,,,,53309,533
SBT,11. Solicitação novembro 2023.xls,Relatório Solicitação,,,,,,WARNER CHAPPELL EDIÇÕES MUSICAIS LTDA,,,WARNER CHAPPELL EDIÇÕES MUSICAIS LTDA,,,,,,,26662,267
SBT,11. Solicitação novembro 2023.xls,Relatório Solicitação,,,,,,DIVERSAS,,,DIVERSAS,,,,,,,16010,160
SBT,11. Solicitação novembro 2023.xls,Relatório Solicitação,,,,,,THIAGO ABDULAHAD NUNES RIOS ME,,,THIAGO ABDULAHAD NUNES RIOS ME,,,,,,,21320,213
SBT,11. Solicitação novembro 2023.xls,Relatório Solicitação,,,,,,WARNER CHAPPELL EDIÇÕES MUSICAIS LTDA,,,WARNER CHAPPELL EDIÇÕES MUSICAIS LTDA,,,,,,,42641,426
SBT,11. Solicitação novembro 2023.xls,Relatório Solicitação,,,,,,DIVERSAS,,,DIVERSAS,,,,,,,33324,333
SBT,11. Solicitação novembro 2023.xls,Relatório Solicitação,,,,,,WARNER CHAPPELL EDIÇÕES MUSICAIS LTDA,,,WARNER CHAPPELL EDIÇÕES MUSICAIS LTDA,,,,,,,46647,466
SBT,11. Solicitação novembro 2023.xls,Relatório Solicitação,,,,,,THIAGO ABDULAHAD NUNES RIOS ME,,,THIAGO ABDULAHAD NUNES RIOS ME,,,,,,,15994,160
SBT,11. Solicitação novembro 2023.xls,Relatório Solicitação,,,,,,WARNER CHAPPELL EDIÇÕES MUSICAIS LTDA,,,WARNER CHAPPELL EDIÇÕES MUSICAIS LTDA,,,,,,,31988,320
SBT,11. Solicitação novembro 2023.xls,Relatório Solicitação,,,,,,SONY MUSIC PUBLISHING (BRASIL) EDIÇÕES MUSICAIS LTDA,,,SONY MUSIC PUBLISHING (BRASIL) EDIÇÕES MUSICAIS LTDA,,,,,,,31988,320
SBT,11. Solicitação novembro 2023.xls,Relatório Solicitação,,,,,,THIAGO ABDULAHAD NUNES RIOS ME,,,THIAGO ABDULAHAD NUNES RIOS ME,,,,,,,15994,160
SBT,11. Solicitação novembro 2023.xls,Relatório Solicitação,,,,,,WARNER CHAPPELL EDIÇÕES MUSICAIS LTDA,,,WARNER CHAPPELL EDIÇÕES MUSICAIS LTDA,,,,,,,31988,320
SBT,11. Solicitação novembro 2023.xls,Relatório Solicitação,,,,,,SONY MUSIC PUBLISHING (BRASIL) EDIÇÕES MUSICAIS LTDA,,,SONY MUSIC PUBLISHING (BRASIL) EDIÇÕES MUSICAIS LTDA,,,,,,,31988,320
SBT,11. Solicitação novembro 2023.xls,Relatório Solicitação,,,,,,DIVERSAS,,,DIVERSAS,,,,,,,79971,800
SBT,11. Solicitação novembro 2023.xls,Relatório Solicitação,,,,,,BMG RIGHTS MANAGEMENT BRASIL LTDA,,,BMG RIGHTS MANAGEMENT BRASIL LTDA,,,,,,,13323,133
SBT,11. Solicitação novembro 2023.xls,Relatório Solicitação,,,,,,DIVERSAS,,,DIVERSAS,,,,,,,6686,67
SBT,11. Solicitação novembro 2023.xls,Relatório Solicitação,,,,,,IESSI MUSIC LABEL LTDA,,,IESSI MUSIC LABEL LTDA,,,,,,,26646,266
SBT,11. Solicitação novembro 2023.xls,Relatório Solicitação,,,,,,WARNER CHAPPELL EDIÇÕES MUSICAIS LTDA,,,WARNER CHAPPELL EDIÇÕES MUSICAIS LTDA,,,,,,,19993,200
SBT,11. Solicitação novembro 2023.xls,Relatório Solicitação,,,,,,SONY MUSIC PUBLISHING (BRASIL) EDIÇÕES MUSICAIS LTDA,,,SONY MUSIC PUBLISHING (BRASIL) EDIÇÕES MUSICAIS LTDA,,,,,,,13323,133
SBT,11. Solicitação novembro 2023.xls,Relatório Solicitação,,,,,,DIVERSAS,,,DIVERSAS,,,,,,,39986,400
SBT,11. Solicitação novembro 2023.xls,Relatório Solicitação,,,,,,WARNER CHAPPELL EDIÇÕES MUSICAIS LTDA,,,WARNER CHAPPELL EDIÇÕES MUSICAIS LTDA,,,,,,,39986,400
SBT,11. Solicitação novembro 2023.xls,Relatório Solicitação,,,,,,DIVERSAS,,,DIVERSAS,,,,,,,159943,1599
SBT,11. Solicitação novembro 2023.xls,Relatório Solicitação,,,,,,UNIVERSAL MUSIC PUBLISHING MGB BRASIL LTDA,,,UNIVERSAL MUSIC PUBLISHING MGB BRASIL LTDA,,,,,,,79972,800
SBT,11. Solicitação novembro 2023.xls,Relatório Solicitação,,,,,,WARNER CHAPPELL EDIÇÕES MUSICAIS LTDA,,,WARNER CHAPPELL EDIÇÕES MUSICAIS LTDA,,,,,,,39986,400
SBT,11. Solicitação novembro 2023.xls,Relatório Solicitação,,,,,,SONY MUSIC PUBLISHING (BRASIL) EDIÇÕES MUSICAIS LTDA,,,SONY MUSIC PUBLISHING (BRASIL) EDIÇÕES MUSICAIS LTDA,,,,,,,39986,400
SBT,11. Solicitação novembro 2023.xls,Relatório Solicitação,,,,,,DIVERSAS,,,DIVERSAS,,,,,,,79971,800
SBT,11. Solicitação novembro 2023.xls,Relatório Solicitação,,,,,,PEERMUSIC DO BRASIL EDIÇÕES MUSICAIS LTDA,,,PEERMUSIC DO BRASIL EDIÇÕES MUSICAIS LTDA,,,,,,,39986,400
SBT,11. Solicitação novembro 2023.xls,Relatório Solicitação,,,,,,UNIVERSAL MUSIC PUBLISHING MGB BRASIL LTDA,,,UNIVERSAL MUSIC PUBLISHING MGB BRASIL LTDA,,,,,,,39986,400
SBT,11. Solicitação novembro 2023.xls,Relatório Solicitação,,,,,,TRÊS SONS EDITORA MUSICAL E GRAVADORA DIGITAL LTDA-ME,,,TRÊS SONS EDITORA MUSICAL E GRAVADORA DIGITAL LTDA-ME,,,,,,,39986,400
SBT,11. Solicitação novembro 2023.xls,Relatório Solicitação,,,,,,BMG RIGHTS MANAGEMENT BRASIL LTDA,,,BMG RIGHTS MANAGEMENT BRASIL LTDA,,,,,,,39986,400
SBT,11. Solicitação novembro 2023.xls,Relatório Solicitação,,,,,,DIVERSAS,,,DIVERSAS,,,,,,,79971,800
SBT,11. Solicitação novembro 2023.xls,Relatório Solicitação,,,,,,UNIVERSAL MUSIC PUBLISHING MGB BRASIL LTDA,,,UNIVERSAL MUSIC PUBLISHING MGB BRASIL LTDA,,,,,,,79971,800
SBT,11. Solicitação novembro 2023.xls,Relatório Solicitação,,,,,,PEERMUSIC DO BRASIL EDIÇÕES MUSICAIS LTDA,,,PEERMUSIC DO BRASIL EDIÇÕES MUSICAIS LTDA,,,,,,,79971,800
SBT,11. Solicitação novembro 2023.xls,Relatório Solicitação,,,,,,SONY MUSIC PUBLISHING (BRASIL) EDIÇÕES MUSICAIS LTDA,,,SONY MUSIC PUBLISHING (BRASIL) EDIÇÕES MUSICAIS LTDA,,,,,,,79971,800
SBT,11. Solicitação novembro 2023.xls,Relatório Solicitação,,,,,,NOSSAMÚSICA PRODUÇÕES E EDIÇÕES MUSICAIS LTDA,,,NOSSAMÚSICA PRODUÇÕES E EDIÇÕES MUSICAIS LTDA,,,,,,,39986,400
SBT,11. Solicitação novembro 2023.xls,Relatório Solicitação,,,,,,WARNER CHAPPELL EDIÇÕES MUSICAIS LTDA,,,WARNER CHAPPELL EDIÇÕES MUSICAIS LTDA,,,,,,,39986,400
SBT,11. Solicitação novembro 2023.xls,Relatório Solicitação,,,,,,DIVERSAS,,,DIVERSAS,,,,,,,26662,267
SBT,11. Solicitação novembro 2023.xls,Relatório Solicitação,,,,,,FUSION MUSIC EDIÇÕES MUSICAIS LTDA,,,FUSION MUSIC EDIÇÕES MUSICAIS LTDA,,,,,,,26654,267
SBT,11. Solicitação novembro 2023.xls,Relatório Solicitação,,,,,,SONY MUSIC PUBLISHING (BRASIL) EDIÇÕES MUSICAIS LTDA,,,SONY MUSIC PUBLISHING (BRASIL) EDIÇÕES MUSICAIS LTDA,,,,,,,26654,267
SBT,11. Solicitação novembro 2023.xls,Relatório Solicitação,,,,,,SONY MUSIC PUBLISHING (BRASIL) EDIÇÕES MUSICAIS LTDA,,,SONY MUSIC PUBLISHING (BRASIL) EDIÇÕES MUSICAIS LTDA,,,,,,,79971,800
SBT,11. Solicitação novembro 2023.xls,Relatório Solicitação,,,,,,THIAGO ABDULAHAD NUNES RIOS ME,,,THIAGO ABDULAHAD NUNES RIOS ME,,,,,,,79971,800
SBT,11. Solicitação novembro 2023.xls,Relatório Solicitação,,,,,,UNIVERSAL MUSIC PUBLISHING MGB BRASIL LTDA,,,UNIVERSAL MUSIC PUBLISHING MGB BRASIL LTDA,,,,,,,79971,800
