provider,file,sheet,programa,data_exibicao,numero_programa,exibicao_tipo,categoria_programa,titulo_musica,autor,interprete,tipo_sincronizacao,percentual_editora,valor_editora_brl,editora,gravadora,iswc,isrc,amount_cents,amount_int
SBT,12. Solicitação dezembro 2023.xls,Relatório Solicitação,,,,,,,,,,,,,,,,0,0
SBT,12. Solicitação dezembro 2023.xls,Relatório Solicitação,,,,,,,,,,,,,,,,0,0
SBT,12. Solicitação dezembro 2023.xls,Relatório Solicitação,,,,,,EDITORA,,,EDITORA,,,,,,,0,0
SBT,12. Solicitação dezembro 2023.xls,Relatório Solicitação,,,,,,DIVERSAS,,,DIVERSAS,,,,,,,79971,800
SBT,12. Solicitação dezembro 2023.xls,Relatório Solicitação,,,,,,DIVERSAS,,,DIVERSAS,,,,,,,39986,400
SBT,12. Solicitação dezembro 2023.xls,Relatório Solicitação,,,,,,PEERMUSIC DO BRASIL EDIÇÕES MUSICAIS LTDA,,,PEERMUSIC DO BRASIL EDIÇÕES MUSICAIS LTDA,,,,,,,39986,400
SBT,12. Solicitação dezembro 2023.xls,Relatório Solicitação,,,,,,BMG RIGHTS MANAGEMENT BRASIL LTDA,,,BMG RIGHTS MANAGEMENT BRASIL LTDA,,,,,,,79971,800
SBT,12. Solicitação dezembro 2023.xls,Relatório Solicitação,,,,,,UNIVERSAL MUSIC PUBLISHING MGB BRASIL LTDA,,,UNIVERSAL MUSIC PUBLISHING MGB BRASIL LTDA,,,,,,,79971,800
SBT,12. Solicitação dezembro 2023.xls,Relatório Solicitação,,,,,,DIVERSAS,,,DIVERSAS,,,,,,,79971,800
SBT,12. Solicitação dezembro 2023.xls,Relatório Solicitação,,,,,,DIVERSAS,,,DIVERSAS,,,,,,,79971,800
SBT,12. Solicitação dezembro 2023.xls,Relatório Solicitação,,,,,,PEERMUSIC DO BRASIL EDIÇÕES MUSICAIS LTDA,,,PEERMUSIC DO BRASIL EDIÇÕES MUSICAIS LTDA,,,,,,,79971,800
SBT,12. Solicitação dezembro 2023.xls,Relatório Solicitação,,,,,,DIVERSAS,,,DIVERSAS,,,,,,,79971,800
SBT,12. Solicitação dezembro 2023.xls,Relatório Solicitação,,,,,,FUSION MUSIC EDIÇÕES MUSICAIS LTDA,,,FUSION MUSIC EDIÇÕES MUSICAIS LTDA,,,,,,,159943,1599
SBT,12. Solicitação dezembro 2023.xls,Relatório Solicitação,,,,,,EDITORA E IMPORTADORA MUSICAL FERMATA DO BRASIL LTDA,,,EDITORA E IMPORTADORA MUSICAL FERMATA DO BRASIL LTDA,,,,,,,79971,800
SBT,12. Solicitação dezembro 2023.xls,Relatório Solicitação,,,,,,PEERMUSIC DO BRASIL EDIÇÕES MUSICAIS LTDA,,,PEERMUSIC DO BRASIL EDIÇÕES MUSICAIS LTDA,,,,,,,79971,800
SBT,12. Solicitação dezembro 2023.xls,Relatório Solicitação,,,,,,DIVERSAS,,,DIVERSAS,,,,,,,79971,800
SBT,12. Solicitação dezembro 2023.xls,Relatório Solicitação,,,,,,PEERMUSIC DO BRASIL EDIÇÕES MUSICAIS LTDA,,,PEERMUSIC DO BRASIL EDIÇÕES MUSICAIS LTDA,,,,,,,79971,800
SBT,12. Solicitação dezembro 2023.xls,Relatório Solicitação,,,,,,UNIVERSAL MUSIC PUBLISHING MGB BRASIL LTDA,,,UNIVERSAL MUSIC PUBLISHING MGB BRASIL LTDA,,,,,,,79971,800
SBT,12. Solicitação dezembro 2023.xls,Relatório Solicitação,,,,,,NOSSAMÚSICA PRODUÇÕES E EDIÇÕES MUSICAIS LTDA,,,NOSSAMÚSICA PRODUÇÕES E EDIÇÕES MUSICAIS LTDA,,,,,,,37370,374
SBT,12. Solicitação dezembro 2023.xls,Relatório Solicitação,,,,,,ABRAMUS DIGITAL SERV. IDENT. REPERTÓRIO,,,ABRAMUS DIGITAL SERV. IDENT. REPERTÓRIO,,,,,,,37370,374
SBT,12. Solicitação dezembro 2023.xls,Relatório Solicitação,,,,,,WARNER CHAPPELL EDIÇÕES MUSICAIS LTDA,,,WARNER CHAPPELL EDIÇÕES MUSICAIS LTDA,,,,,,,37370,374
SBT,12. Solicitação dezembro 2023.xls,Relatório Solicitação,,,,,,DIVERSAS,,,DIVERSAS,,,,,,,37370,374
SBT,12. Solicitação dezembro 2023.xls,Relatório Solicitação,,,,,,SONY MUSIC PUBLISHING (BRASIL) EDIÇÕES MUSICAIS LTDA,,,SONY MUSIC PUBLISHING (BRASIL) EDIÇÕES MUSICAIS LTDA,,,,,,,39986,400
SBT,12. Solicitação dezembro 2023.xls,Relatório Solicitação,,,,,,DIVERSAS,,,DIVERSAS,,,,,,,39986,400
SBT,12. Solicitação dezembro 2023.xls,Relatório Solicitação,,,,,,SONY MUSIC PUBLISHING (BRASIL) EDIÇÕES MUSICAIS LTDA,,,SONY MUSIC PUBLISHING (BRASIL) EDIÇÕES MUSICAIS LTDA,,,,,,,79971,800
SBT,12. Solicitação dezembro 2023.xls,Relatório Solicitação,,,,,,DIVERSAS,,,DIVERSAS,,,,,,,79971,800
SBT,12. Solicitação dezembro 2023.xls,Relatório Solicitação,,,,,,DUETO EDIÇÕES MUSICAIS LTDA.,,,DUETO EDIÇÕES MUSICAIS LTDA.,,,,,,,37370,374
SBT,12. Solicitação dezembro 2023.xls,Relatório Solicitação,,,,,,DIVERSAS,,,DIVERSAS,,,,,,,37370,374
SBT,12. Solicitação dezembro 2023.xls,Relatório Solicitação,,,,,,PEERMUSIC DO BRASIL EDIÇÕES MUSICAIS LTDA,,,PEERMUSIC DO BRASIL EDIÇÕES MUSICAIS LTDA,,,,,,,7474,75
SBT,12. Solicitação dezembro 2023.xls,Relatório Solicitação,,,,,,DIVERSAS,,,DIVERSAS,,,,,,,37370,374
SBT,12. Solicitação dezembro 2023.xls,Relatório Solicitação,,,,,,SONY MUSIC PUBLISHING (BRASIL) EDIÇÕES MUSICAIS LTDA,,,SONY MUSIC PUBLISHING (BRASIL) EDIÇÕES MUSICAIS LTDA,,,,,,,29896,299
SBT,12. Solicitação dezembro 2023.xls,Relatório Solicitação,,,,,,EDITORA E IMPORTADORA MUSICAL FERMATA DO BRASIL LTDA,,,EDITORA E IMPORTADORA MUSICAL FERMATA DO BRASIL LTDA,,,,,,,79971,800
SBT,12. Solicitação dezembro 2023.xls,Relatório Solicitação,,,,,,ABRAMUS DIGITAL SERV. IDENT. REPERTÓRIO,,,ABRAMUS DIGITAL SERV. IDENT. REPERTÓRIO,,,,,,,26654,267
SBT,12. Solicitação dezembro 2023.xls,Relatório Solicitação,,,,,,SONY MUSIC PUBLISHING (BRASIL) EDIÇÕES MUSICAIS LTDA,,,SONY MUSIC PUBLISHING (BRASIL) EDIÇÕES MUSICAIS LTDA,,,,,,,53317,533
SBT,12. Solicitação dezembro 2023.xls,Relatório Solicitação,,,,,,UNIVERSAL MUSIC PUBLISHING MGB BRASIL LTDA,,,UNIVERSAL MUSIC PUBLISHING MGB BRASIL LTDA,,,,,,,79971,800
SBT,12. Solicitação dezembro 2023.xls,Relatório Solicitação,,,,,,EDITORA E IMPORTADORA MUSICAL FERMATA DO BRASIL LTDA,,,EDITORA E IMPORTADORA MUSICAL FERMATA DO BRASIL LTDA,,,,,,,37370,374
SBT,12. Solicitação dezembro 2023.xls,Relatório Solicitação,,,,,,SONY MUSIC PUBLISHING (BRASIL) EDIÇÕES MUSICAIS LTDA,,,SONY MUSIC PUBLISHING (BRASIL) EDIÇÕES MUSICAIS LTDA,,,,,,,37370,374
SBT,12. Solicitação dezembro 2023.xls,Relatório Solicitação,,,,,,WARNER CHAPPELL EDIÇÕES MUSICAIS LTDA,,,WARNER CHAPPELL EDIÇÕES MUSICAIS LTDA,,,,,,,12455,125
SBT,12. Solicitação dezembro 2023.xls,Relatório Solicitação,,,,,,DIVERSAS,,,DIVERSAS,,,,,,,12459,125
SBT,12. Solicitação dezembro 2023.xls,Relatório Solicitação,,,,,,ABRAMUS DIGITAL SERV. IDENT. REPERTÓRIO,,,ABRAMUS DIGITAL SERV. IDENT. REPERTÓRIO,,,,,,,12455,125
SBT,12. Solicitação dezembro 2023.xls,Relatório Solicitação,,,,,,NOSSAMÚSICA PRODUÇÕES E EDIÇÕES MUSICAIS LTDA,,,NOSSAMÚSICA PRODUÇÕES E EDIÇÕES MUSICAIS LTDA,,,,,,,37370,374
SBT,12. Solicitação dezembro 2023.xls,Relatório Solicitação,,,,,,DIVERSAS,,,DIVERSAS,,,,,,,28028,280
SBT,12. Solicitação dezembro 2023.xls,Relatório Solicitação,,,,,,ABRAMUS DIGITAL SERV. IDENT. REPERTÓRIO,,,ABRAMUS DIGITAL SERV. IDENT. REPERTÓRIO,,,,,,,9342,93
SBT,12. Solicitação dezembro 2023.xls,Relatório Solicitação,,,,,,SONY MUSIC PUBLISHING (BRASIL) EDIÇÕES MUSICAIS LTDA,,,SONY MUSIC PUBLISHING (BRASIL) EDIÇÕES MUSICAIS LTDA,,,,,,,37370,374
SBT,12. Solicitação dezembro 2023.xls,Relatório Solicitação,,,,,,ABRAMUS DIGITAL SERV. IDENT. REPERTÓRIO,,,ABRAMUS DIGITAL SERV. IDENT. REPERTÓRIO,,,,,,,9342,93
SBT,12. Solicitação dezembro 2023.xls,Relatório Solicitação,,,,,,WARNER CHAPPELL EDIÇÕES MUSICAIS LTDA,,,WARNER CHAPPELL EDIÇÕES MUSICAIS LTDA,,,,,,,28028,280
SBT,12. Solicitação dezembro 2023.xls,Relatório Solicitação,,,,,,WARNER CHAPPELL EDIÇÕES MUSICAIS LTDA,,,WARNER CHAPPELL EDIÇÕES MUSICAIS LTDA,,,,,,,12452,125
SBT,12. Solicitação dezembro 2023.xls,Relatório Solicitação,,,,,,DIVERSAS,,,DIVERSAS,,,,,,,24918,249
SBT,12. Solicitação dezembro 2023.xls,Relatório Solicitação,,,,,,DIVERSAS,,,DIVERSAS,,,,,,,39986,400
SBT,12. Solicitação dezembro 2023.xls,Relatório Solicitação,,,,,,WARNER CHAPPELL EDIÇÕES MUSICAIS LTDA,,,WARNER CHAPPELL EDIÇÕES MUSICAIS LTDA,,,,,,,39986,400
SBT,12. Solicitação dezembro 2023.xls,Relatório Solicitação,,,,,,DIVERSAS,,,DIVERSAS,,,,,,,79971,800
SBT,12. Solicitação dezembro 2023.xls,Relatório Solicitação,,,,,,EDITORA E IMPORTADORA MUSICAL FERMATA DO BRASIL LTDA,,,EDITORA E IMPORTADORA MUSICAL FERMATA DO BRASIL LTDA,,,,,,,79971,800
SBT,12. Solicitação dezembro 2023.xls,Relatório Solicitação,,,,,,SONY MUSIC PUBLISHING (BRASIL) EDIÇÕES MUSICAIS LTDA,,,SONY MUSIC PUBLISHING (BRASIL) EDIÇÕES MUSICAIS LTDA,,,,,,,26654,267
SBT,12. Solicitação dezembro 2023.xls,Relatório Solicitação,,,,,,DIVERSAS,,,DIVERSAS,,,,,,,53317,533
SBT,12. Solicitação dezembro 2023.xls,Relatório Solicitação,,,,,,BMG RIGHTS MANAGEMENT BRASIL LTDA,,,BMG RIGHTS MANAGEMENT BRASIL LTDA,,,,,,,79971,800
SBT,12. Solicitação dezembro 2023.xls,Relatório Solicitação,,,,,,WARNER CHAPPELL EDIÇÕES MUSICAIS LTDA,,,WARNER CHAPPELL EDIÇÕES MUSICAIS LTDA,,,,,,,79971,800
SBT,12. Solicitação dezembro 2023.xls,Relatório Solicitação,,,,,,DIVERSAS,,,DIVERSAS,,,,,,,74740,747
SBT,12. Solicitação dezembro 2023.xls,Relatório Solicitação,,,,,,DIVERSAS,,,DIVERSAS,,,,,,,74740,747
SBT,12. Solicitação dezembro 2023.xls,Relatório Solicitação,,,,,,WARNER/CHAPPELL EDIÇÕES MUSICAIS LTDA,,,WARNER/CHAPPELL EDIÇÕES MUSICAIS LTDA,,,,,,,79971,800
SBT,12. Solicitação dezembro 2023.xls,Relatório Solicitação,,,,,,UNIVERSAL MUSIC PUBLISHING MGB BRASIL LTDA,,,UNIVERSAL MUSIC PUBLISHING MGB BRASIL LTDA,,,,,,,79971,800
SBT,12. Solicitação dezembro 2023.xls,Relatório Solicitação,,,,,,EDITORA MUSICAL CORISCO LTDA,,,EDITORA MUSICAL CORISCO LTDA,,,,,,,79971,800
SBT,12. Solicitação dezembro 2023.xls,Relatório Solicitação,,,,,,IRMÃOS VITALE EDITORES LTDA,,,IRMÃOS VITALE EDITORES LTDA,,,,,,,79971,800
SBT,12. Solicitação dezembro 2023.xls,Relatório Solicitação,,,,,,UNIVERSAL MUSIC PUBLISHING MGB BRASIL LTDA,,,UNIVERSAL MUSIC PUBLISHING MGB BRASIL LTDA,,,,,,,39986,400
SBT,12. Solicitação dezembro 2023.xls,Relatório Solicitação,,,,,,WARNER CHAPPELL EDIÇÕES MUSICAIS LTDA,,,WARNER CHAPPELL EDIÇÕES MUSICAIS LTDA,,,,,,,39986,400
SBT,12. Solicitação dezembro 2023.xls,Relatório Solicitação,,,,,,LUANDA EDIÇÕES MUSICAS LTDA,,,LUANDA EDIÇÕES MUSICAS LTDA,,,,,,,79971,800
SBT,12. Solicitação dezembro 2023.xls,Relatório Solicitação,,,,,,PEERMUSIC DO BRASIL EDIÇÕES MUSICAIS LTDA,,,PEERMUSIC DO BRASIL EDIÇÕES MUSICAIS LTDA,,,,,,,79971,800
SBT,12. Solicitação dezembro 2023.xls,Relatório Solicitação,,,,,,SONY MUSIC PUBLISHING (BRASIL) EDIÇÕES MUSICAIS LTDA,,,SONY MUSIC PUBLISHING (BRASIL) EDIÇÕES MUSICAIS LTDA,,,,,,,79971,800
SBT,12. Solicitação dezembro 2023.xls,Relatório Solicitação,,,,,,DIVERSAS,,,DIVERSAS,,,,,,,79971,800
SBT,12. Solicitação dezembro 2023.xls,Relatório Solicitação,,,,,,"MANGIONE, FILHOS E CIA LTDA",,,"MANGIONE, FILHOS E CIA LTDA",,,,,,,39986,400
SBT,12. Solicitação dezembro 2023.xls,Relatório Solicitação,,,,,,DIVERSAS,,,DIVERSAS,,,,,,,31988,320
SBT,12. Solicitação dezembro 2023.xls,Relatório Solicitação,,,,,,DECK PRODUÇÕES ARTÍSTICAS LTDA,,,DECK PRODUÇÕES ARTÍSTICAS LTDA,,,,,,,7997,80
SBT,12. Solicitação dezembro 2023.xls,Relatório Solicitação,,,,,,DIVERSAS,,,DIVERSAS,,,,,,,59978,600
SBT,12. Solicitação dezembro 2023.xls,Relatório Solicitação,,,,,,PEERMUSIC DO BRASIL EDIÇÕES MUSICAIS LTDA,,,PEERMUSIC DO BRASIL EDIÇÕES MUSICAIS LTDA,,,,,,,19993,200
SBT,12. Solicitação dezembro 2023.xls,Relatório Solicitação,,,,,,PEERMUSIC DO BRASIL EDIÇÕES MUSICAIS LTDA,,,PEERMUSIC DO BRASIL EDIÇÕES MUSICAIS LTDA,,,,,,,79971,800
SBT,12. Solicitação dezembro 2023.xls,Relatório Solicitação,,,,,,DIVERSAS,,,DIVERSAS,,,,,,,79971,800
SBT,12. Solicitação dezembro 2023.xls,Relatório Solicitação,,,,,,UNIVERSAL MUSIC PUBLISHING MGB BRASIL LTDA,,,UNIVERSAL MUSIC PUBLISHING MGB BRASIL LTDA,,,,,,,79971,800
SBT,12. Solicitação dezembro 2023.xls,Relatório Solicitação,,,,,,ABRAMUS DIGITAL SERV. IDENT. REPERTÓRIO,,,ABRAMUS DIGITAL SERV. IDENT. REPERTÓRIO,,,,,,,5998,60
SBT,12. Solicitação dezembro 2023.xls,Relatório Solicitação,,,,,,DIVERSAS,,,DIVERSAS,,,,,,,53980,540
SBT,12. Solicitação dezembro 2023.xls,Relatório Solicitação,,,,,,SM PUBLISHING (BRASIL) EDIÇÕES MUSICAIS LTDA,,,SM PUBLISHING (BRASIL) EDIÇÕES MUSICAIS LTDA,,,,,,,19993,200
SBT,12. Solicitação dezembro 2023.xls,Relatório Solicitação,,,,,,DIVERSAS,,,DIVERSAS,,,,,,,74740,747
SBT,12. Solicitação dezembro 2023.xls,Relatório Solicitação,,,,,,DIVERSAS,,,DIVERSAS,,,,,,,74740,747
SBT,12. Solicitação dezembro 2023.xls,Relatório Solicitação,,,,,,WARNER CHAPPELL EDIÇÕES MUSICAIS LTDA,,,WARNER CHAPPELL EDIÇÕES MUSICAIS LTDA,,,,,,,14948,149
SBT,12. Solicitação dezembro 2023.xls,Relatório Solicitação,,,,,,DIVERSAS,,,DIVERSAS,,,,,,,159943,1599
SBT,12. Solicitação dezembro 2023.xls,Relatório Solicitação,,,,,,DIVERSAS,,,DIVERSAS,,,,,,,79971,800
SBT,12. Solicitação dezembro 2023.xls,Relatório Solicitação,,,,,,UNIVERSAL MUSIC PUBLISHING MGB BRASIL LTDA,,,UNIVERSAL MUSIC PUBLISHING MGB BRASIL LTDA,,,,,,,39986,400
SBT,12. Solicitação dezembro 2023.xls,Relatório Solicitação,,,,,,DIVERSAS,,,DIVERSAS,,,,,,,5246,52
SBT,12. Solicitação dezembro 2023.xls,Relatório Solicitação,,,,,,ABRAMUS DIGITAL SERV. IDENT. REPERTÓRIO,,,ABRAMUS DIGITAL SERV. IDENT. REPERTÓRIO,,,,,,,9748,97
SBT,12. Solicitação dezembro 2023.xls,Relatório Solicitação,,,,,,SONY MUSIC PUBLISHING (BRASIL) EDIÇÕES MUSICAIS LTDA,,,SONY MUSIC PUBLISHING (BRASIL) EDIÇÕES MUSICAIS LTDA,,,,,,,24991,250
SBT,12. Solicitação dezembro 2023.xls,Relatório Solicitação,,,,,,DIVERSAS,,,DIVERSAS,,,,,,,159943,1599
SBT,12. Solicitação dezembro 2023.xls,Relatório Solicitação,,,,,,SONY MUSIC PUBLISHING (BRASIL) EDIÇÕES MUSICAIS LTDA,,,SONY MUSIC PUBLISHING (BRASIL) EDIÇÕES MUSICAIS LTDA,,,,,,,159943,1599
SBT,12. Solicitação dezembro 2023.xls,Relatório Solicitação,,,,,,UNIVERSAL MUSIC PUBLISHING MGB BRASIL LTDA,,,UNIVERSAL MUSIC PUBLISHING MGB BRASIL LTDA,,,,,,,79971,800
SBT,12. Solicitação dezembro 2023.xls,Relatório Solicitação,,,,,,SONY MUSIC PUBLISHING (BRASIL) EDIÇÕES MUSICAIS LTDA,,,SONY MUSIC PUBLISHING (BRASIL) EDIÇÕES MUSICAIS LTDA,,,,,,,79971,800
SBT,12. Solicitação dezembro 2023.xls,Relatório Solicitação,,,,,,UNIVERSAL MUSIC PUBLISHING MGB BRASIL LTDA,,,UNIVERSAL MUSIC PUBLISHING MGB BRASIL LTDA,,,,,,,26662,267
SBT,12. Solicitação dezembro 2023.xls,Relatório Solicitação,,,,,,IESSI MUSIC LABEL LTDA,,,IESSI MUSIC LABEL LTDA,,,,,,,53309,533
SBT,12. Solicitação dezembro 2023.xls,Relatório Solicitação,,,,,,IRMÃOS VITALE EDITORES LTDA,,,IRMÃOS VITALE EDITORES LTDA,,,,,,,159943,1599
SBT,12. Solicitação dezembro 2023.xls,Relatório Solicitação,,,,,,DIVERSAS,,,DIVERSAS,,,,,,,159943,1599
SBT,12. Solicitação dezembro 2023.xls,Relatório Solicitação,,,,,,SM PUBLISHING (BRASIL) EDIÇÕES MUSICAIS LTDA,,,SM PUBLISHING (BRASIL) EDIÇÕES MUSICAIS LTDA,,,,,,,159943,1599
SBT,12. Solicitação dezembro 2023.xls,Relatório Solicitação,,,,,,IRMÃOS VITALE EDITORES LTDA,,,IRMÃOS VITALE EDITORES LTDA,,,,,,,159943,1599
SBT,12. Solicitação dezembro 2023.xls,Relatório Solicitação,,,,,,DIVERSAS,,,DIVERSAS,,,,,,,159943,1599
SBT,12. Solicitação dezembro 2023.xls,Relatório Solicitação,,,,,,DIVERSAS,,,DIVERSAS,,,,,,,159943,1599
SBT,12. Solicitação dezembro 2023.xls,Relatório Solicitação,,,,,,DIVERSAS,,,DIVERSAS,,,,,,,79971,800
SBT,12. Solicitação dezembro 2023.xls,Relatório Solicitação,,,,,,DIVERSAS,,,DIVERSAS,,,,,,,79971,800
SBT,12. Solicitação dezembro 2023.xls,Relatório Solicitação,,,,,,SONY MUSIC PUBLISHING (BRASIL) EDIÇÕES MUSICAIS LTDA,,,SONY MUSIC PUBLISHING (BRASIL) EDIÇÕES MUSICAIS LTDA,,,,,,,39986,400
SBT,12. Solicitação dezembro 2023.xls,Relatório Solicitação,,,,,,WARNER CHAPPELL EDIÇÕES MUSICAIS LTDA,,,WARNER CHAPPELL EDIÇÕES MUSICAIS LTDA,,,,,,,39986,400
SBT,12. Solicitação dezembro 2023.xls,Relatório Solicitação,,,,,,BMG RIGHTS MANAGEMENT BRASIL LTDA,,,BMG RIGHTS MANAGEMENT BRASIL LTDA,,,,,,,79971,800
SBT,12. Solicitação dezembro 2023.xls,Relatório Solicitação,,,,,,UNIVERSAL MUSIC PUBLISHING MGB BRASIL LTDA,,,UNIVERSAL MUSIC PUBLISHING MGB BRASIL LTDA,,,,,,,79971,800
SBT,12. Solicitação dezembro 2023.xls,Relatório Solicitação,,,,,,PEERMUSIC DO BRASIL EDIÇÕES MUSICAIS LTDA,,,PEERMUSIC DO BRASIL EDIÇÕES MUSICAIS LTDA,,,,,,,79971,800
SBT,12. Solicitação dezembro 2023.xls,Relatório Solicitação,,,,,,DIVERSAS,,,DIVERSAS,,,,,,,79971,800
SBT,12. Solicitação dezembro 2023.xls,Relatório Solicitação,,,,,,FUSION MUSIC EDIÇÕES MUSICAIS LTDA,,,FUSION MUSIC EDIÇÕES MUSICAIS LTDA,,,,,,,159943,1599
SBT,12. Solicitação dezembro 2023.xls,Relatório Solicitação,,,,,,PEERMUSIC DO BRASIL EDIÇÕES MUSICAIS LTDA,,,PEERMUSIC DO BRASIL EDIÇÕES MUSICAIS LTDA,,,,,,,79971,800
SBT,12. Solicitação dezembro 2023.xls,Relatório Solicitação,,,,,,PEERMUSIC DO BRASIL EDIÇÕES MUSICAIS LTDA,,,PEERMUSIC DO BRASIL EDIÇÕES MUSICAIS LTDA,,,,,,,79971,800
SBT,12. Solicitação dezembro 2023.xls,Relatório Solicitação,,,,,,DIVERSAS,,,DIVERSAS,,,,,,,79971,800
SBT,12. Solicitação dezembro 2023.xls,Relatório Solicitação,,,,,,DIVERSAS,,,DIVERSAS,,,,,,,79971,800
SBT,12. Solicitação dezembro 2023.xls,Relatório Solicitação,,,,,,IRMÃOS VITALE EDITORES LTDA,,,IRMÃOS VITALE EDITORES LTDA,,,,,,,159943,1599
SBT,12. Solicitação dezembro 2023.xls,Relatório Solicitação,,,,,,IRMÃOS VITALE EDITORES LTDA,,,IRMÃOS VITALE EDITORES LTDA,,,,,,,79971,800
SBT,12. Solicitação dezembro 2023.xls,Relatório Solicitação,,,,,,UNIVERSAL MUSIC PUBLISHING MGB BRASIL LTDA,,,UNIVERSAL MUSIC PUBLISHING MGB BRASIL LTDA,,,,,,,79971,800
SBT,12. Solicitação dezembro 2023.xls,Relatório Solicitação,,,,,,WARNER CHAPPELL EDIÇÕES MUSICAIS LTDA,,,WARNER CHAPPELL EDIÇÕES MUSICAIS LTDA,,,,,,,79971,800
SBT,12. Solicitação dezembro 2023.xls,Relatório Solicitação,,,,,,SONY MUSIC PUBLISHING (BRASIL) EDIÇÕES MUSICAIS LTDA,,,SONY MUSIC PUBLISHING (BRASIL) EDIÇÕES MUSICAIS LTDA,,,,,,,159943,1599
SBT,12. Solicitação dezembro 2023.xls,Relatório Solicitação,,,,,,WARNER CHAPPELL EDIÇÕES MUSICAIS LTDA,,,WARNER CHAPPELL EDIÇÕES MUSICAIS LTDA,,,,,,,39986,400
SBT,12. Solicitação dezembro 2023.xls,Relatório Solicitação,,,,,,PEERMUSIC DO BRASIL EDIÇÕES MUSICAIS LTDA,,,PEERMUSIC DO BRASIL EDIÇÕES MUSICAIS LTDA,,,,,,,39986,400
SBT,12. Solicitação dezembro 2023.xls,Relatório Solicitação,,,,,,DIVERSAS,,,DIVERSAS,,,,,,,39986,400
SBT,12. Solicitação dezembro 2023.xls,Relatório Solicitação,,,,,,WARNER CHAPPELL EDIÇÕES MUSICAIS LTDA,,,WARNER CHAPPELL EDIÇÕES MUSICAIS LTDA,,,,,,,39986,400
SBT,12. Solicitação dezembro 2023.xls,Relatório Solicitação,,,,,,BMG RIGHTS MANAGEMENT BRASIL LTDA,,,BMG RIGHTS MANAGEMENT BRASIL LTDA,,,,,,,79971,800
SBT,12. Solicitação dezembro 2023.xls,Relatório Solicitação,,,,,,SONY MUSIC PUBLISHING (BRASIL) EDIÇÕES MUSICAIS LTDA,,,SONY MUSIC PUBLISHING (BRASIL) EDIÇÕES MUSICAIS LTDA,,,,,,,79971,800
SBT,12. Solicitação dezembro 2023.xls,Relatório Solicitação,,,,,,WARNER CHAPPELL EDIÇÕES MUSICAIS LTDA,,,WARNER CHAPPELL EDIÇÕES MUSICAIS LTDA,,,,,,,79971,800
SBT,12. Solicitação dezembro 2023.xls,Relatório Solicitação,,,,,,SONY MUSIC PUBLISHING (BRASIL) EDIÇÕES MUSICAIS LTDA,,,SONY MUSIC PUBLISHING (BRASIL) EDIÇÕES MUSICAIS LTDA,,,,,,,26654,267
SBT,12. Solicitação dezembro 2023.xls,Relatório Solicitação,,,,,,DIVERSAS,,,DIVERSAS,,,,,,,53317,533
SBT,12. Solicitação dezembro 2023.xls,Relatório Solicitação,,,,,,UNIVERSAL MUSIC PUBLISHING MGB BRASIL LTDA,,,UNIVERSAL MUSIC PUBLISHING MGB BRASIL LTDA,,,,,,,19993,200
SBT,12. Solicitação dezembro 2023.xls,Relatório Solicitação,,,,,,WARNER CHAPPELL EDIÇÕES MUSICAIS LTDA,,,WARNER CHAPPELL EDIÇÕES MUSICAIS LTDA,,,,,,,59978,600
SBT,12. Solicitação dezembro 2023.xls,Relatório Solicitação,,,,,,UNIVERSAL MUSIC PUBLISHING MGB BRASIL LTDA,,,UNIVERSAL MUSIC PUBLISHING MGB BRASIL LTDA,,,,,,,79971,800
SBT,12. Solicitação dezembro 2023.xls,Relatório Solicitação,,,,,,UNIVERSAL MUSIC PUBLISHING MGB BRASIL LTDA,,,UNIVERSAL MUSIC PUBLISHING MGB BRASIL LTDA,,,,,,,79971,800
SBT,12. Solicitação dezembro 2023.xls,Relatório Solicitação,,,,,,DIVERSAS,,,DIVERSAS,,,,,,,159943,1599
SBT,12. Solicitação dezembro 2023.xls,Relatório Solicitação,,,,,,UNIVERSAL MUSIC PUBLISHING MGB BRASIL LTDA,,,UNIVERSAL MUSIC PUBLISHING MGB BRASIL LTDA,,,,,,,79971,800
SBT,12. Solicitação dezembro 2023.xls,Relatório Solicitação,,,,,,DIVERSAS,,,DIVERSAS,,,,,,,79971,800
SBT,12. Solicitação dezembro 2023.xls,Relatório Solicitação,,,,,,PEERMUSIC DO BRASIL EDIÇÕES MUSICAIS LTDA,,,PEERMUSIC DO BRASIL EDIÇÕES MUSICAIS LTDA,,,,,,,79971,800
SBT,12. Solicitação dezembro 2023.xls,Relatório Solicitação,,,,,,SONY MUSIC PUBLISHING (BRASIL) EDIÇÕES MUSICAIS LTDA,,,SONY MUSIC PUBLISHING (BRASIL) EDIÇÕES MUSICAIS LTDA,,,,,,,79971,800
SBT,12. Solicitação dezembro 2023.xls,Relatório Solicitação,,,,,,UNIVERSAL MUSIC PUBLISHING MGB BRASIL LTDA,,,UNIVERSAL MUSIC PUBLISHING MGB BRASIL LTDA,,,,,,,79971,800
SBT,12. Solicitação dezembro 2023.xls,Relatório Solicitação,,,,,,SM PUBLISHING (BRASIL) EDIÇÕES MUSICAIS LTDA,,,SM PUBLISHING (BRASIL) EDIÇÕES MUSICAIS LTDA,,,,,,,79971,800
SBT,12. Solicitação dezembro 2023.xls,Relatório Solicitação,,,,,,BMG RIGHTS MANAGEMENT BRASIL LTDA,,,BMG RIGHTS MANAGEMENT BRASIL LTDA,,,,,,,79971,800
SBT,12. Solicitação dezembro 2023.xls,Relatório Solicitação,,,,,,UNIVERSAL MUSIC PUBLISHING MGB BRASIL LTDA,,,UNIVERSAL MUSIC PUBLISHING MGB BRASIL LTDA,,,,,,,79971,800
SBT,12. Solicitação dezembro 2023.xls,Relatório Solicitação,,,,,,SONY MUSIC PUBLISHING (BRASIL) EDIÇÕES MUSICAIS LTDA,,,SONY MUSIC PUBLISHING (BRASIL) EDIÇÕES MUSICAIS LTDA,,,,,,,79972,800
SBT,12. Solicitação dezembro 2023.xls,Relatório Solicitação,,,,,,WARNER CHAPPELL EDIÇÕES MUSICAIS LTDA,,,WARNER CHAPPELL EDIÇÕES MUSICAIS LTDA,,,,,,,79972,800
SBT,12. Solicitação dezembro 2023.xls,Relatório Solicitação,,,,,,SONY MUSIC PUBLISHING (BRASIL) EDIÇÕES MUSICAIS LTDA,,,SONY MUSIC PUBLISHING (BRASIL) EDIÇÕES MUSICAIS LTDA,,,,,,,159943,1599
SBT,12. Solicitação dezembro 2023.xls,Relatório Solicitação,,,,,,DIVERSAS,,,DIVERSAS,,,,,,,159943,1599
SBT,12. Solicitação dezembro 2023.xls,Relatório Solicitação,,,,,,NOWA PRODUÇÕES ARTÍSTICAS LTDA,,,NOWA PRODUÇÕES ARTÍSTICAS LTDA,,,,,,,79971,800
SBT,12. Solicitação dezembro 2023.xls,Relatório Solicitação,,,,,,BERGER PRODUÇÕES LTDA,,,BERGER PRODUÇÕES LTDA,,,,,,,79971,800
SBT,12. Solicitação dezembro 2023.xls,Relatório Solicitação,,,,,,WARNER CHAPPELL EDIÇÕES MUSICAIS LTDA,,,WARNER CHAPPELL EDIÇÕES MUSICAIS LTDA,,,,,,,79971,800
SBT,12. Solicitação dezembro 2023.xls,Relatório Solicitação,,,,,,SONY MUSIC PUBLISHING (BRASIL) EDIÇÕES MUSICAIS LTDA,,,SONY MUSIC PUBLISHING (BRASIL) EDIÇÕES MUSICAIS LTDA,,,,,,,79971,800
SBT,12. Solicitação dezembro 2023.xls,Relatório Solicitação,,,,,,PEERMUSIC DO BRASIL EDIÇÕES MUSICAIS LTDA,,,PEERMUSIC DO BRASIL EDIÇÕES MUSICAIS LTDA,,,,,,,79971,800
SBT,12. Solicitação dezembro 2023.xls,Relatório Solicitação,,,,,,L.O.S PRODUÇÕES E PROMOÇÕES ARTÍSTICAS LTDA,,,L.O.S PRODUÇÕES E PROMOÇÕES ARTÍSTICAS LTDA,,,,,,,79971,800
SBT,12. Solicitação dezembro 2023.xls,Relatório Solicitação,,,,,,SONY MUSIC PUBLISHING (BRASIL) EDIÇÕES MUSICAIS LTDA,,,SONY MUSIC PUBLISHING (BRASIL) EDIÇÕES MUSICAIS LTDA,,,,,,,26654,267
SBT,12. Solicitação dezembro 2023.xls,Relatório Solicitação,,,,,,DIVERSAS,,,DIVERSAS,,,,,,,53317,533
SBT,12. Solicitação dezembro 2023.xls,Relatório Solicitação,,,,,,UNIVERSAL MUSIC PUBLISHING MGB BRASIL LTDA,,,UNIVERSAL MUSIC PUBLISHING MGB BRASIL LTDA,,,,,,,79971,800
SBT,12. Solicitação dezembro 2023.xls,Relatório Solicitação,,,,,,BMG RIGHTS MANAGEMENT BRASIL LTDA,,,BMG RIGHTS MANAGEMENT BRASIL LTDA,,,,,,,13323,133
SBT,12. Solicitação dezembro 2023.xls,Relatório Solicitação,,,,,,DIVERSAS,,,DIVERSAS,,,,,,,6686,67
SBT,12. Solicitação dezembro 2023.xls,Relatório Solicitação,,,,,,IESSI MUSIC LABEL LTDA,,,IESSI MUSIC LABEL LTDA,,,,,,,26646,266
SBT,12. Solicitação dezembro 2023.xls,Relatório Solicitação,,,,,,WARNER CHAPPELL EDIÇÕES MUSICAIS LTDA,,,WARNER CHAPPELL EDIÇÕES MUSICAIS LTDA,,,,,,,19993,200
SBT,12. Solicitação dezembro 2023.xls,Relatório Solicitação,,,,,,SONY MUSIC PUBLISHING (BRASIL) EDIÇÕES MUSICAIS LTDA,,,SONY MUSIC PUBLISHING (BRASIL) EDIÇÕES MUSICAIS LTDA,,,,,,,13323,133
SBT,12. Solicitação dezembro 2023.xls,Relatório Solicitação,,,,,,SONY MUSIC PUBLISHING (BRASIL) EDIÇÕES MUSICAIS LTDA,,,SONY MUSIC PUBLISHING (BRASIL) EDIÇÕES MUSICAIS LTDA,,,,,,,79971,800
SBT,12. Solicitação dezembro 2023.xls,Relatório Solicitação,,,,,,DIVERSAS,,,DIVERSAS,,,,,,,79971,800
SBT,12. Solicitação dezembro 2023.xls,Relatório Solicitação,,,,,,ABRAMUS DIGITAL SERV. IDENT. REPERTÓRIO,,,ABRAMUS DIGITAL SERV. IDENT. REPERTÓRIO,,,,,,,39986,400
SBT,12. Solicitação dezembro 2023.xls,Relatório Solicitação,,,,,,WARNER CHAPPELL EDIÇÕES MUSICAIS LTDA,,,WARNER CHAPPELL EDIÇÕES MUSICAIS LTDA,,,,,,,39986,400
SBT,12. Solicitação dezembro 2023.xls,Relatório Solicitação,,,,,,BMG RIGHTS MANAGEMENT BRASIL LTDA,,,BMG RIGHTS MANAGEMENT BRASIL LTDA,,,,,,,39986,400
SBT,12. Solicitação dezembro 2023.xls,Relatório Solicitação,,,,,,WARNER CHAPPELL EDIÇÕES MUSICAIS LTDA,,,WARNER CHAPPELL EDIÇÕES MUSICAIS LTDA,,,,,,,39986,400
SBT,12. Solicitação dezembro 2023.xls,Relatório Solicitação,,,,,,SYLVIO C.F.C MARINHO - SYLM MUSIC PROMOÇÕES,,,SYLVIO C.F.C MARINHO - SYLM MUSIC PROMOÇÕES,,,,,,,66776,668
SBT,12. Solicitação dezembro 2023.xls,Relatório Solicitação,,,,,,WARNER CHAPPELL EDIÇÕES MUSICAIS LTDA,,,WARNER CHAPPELL EDIÇÕES MUSICAIS LTDA,,,,,,,13195,132
SBT,12. Solicitação dezembro 2023.xls,Relatório Solicitação,,,,,,IRMÃOS VITALE EDITORES LTDA,,,IRMÃOS VITALE EDITORES LTDA,,,,,,,159943,1599
SBT,12. Solicitação dezembro 2023.xls,Relatório Solicitação,,,,,,ADDAF - ASS. DEF. DIREITOS AUTORAIS FONOMECÂNICOS,,,ADDAF - ASS. DEF. DIREITOS AUTORAIS FONOMECÂNICOS,,,,,,,59979,600
SBT,12. Solicitação dezembro 2023.xls,Relatório Solicitação,,,,,,WARNER CHAPPELL EDIÇÕES MUSICAIS LTDA,,,WARNER CHAPPELL EDIÇÕES MUSICAIS LTDA,,,,,,,79972,800
SBT,12. Solicitação dezembro 2023.xls,Relatório Solicitação,,,,,,SONY MUSIC PUBLISHING (BRASIL) EDIÇÕES MUSICAIS LTDA,,,SONY MUSIC PUBLISHING (BRASIL) EDIÇÕES MUSICAIS LTDA,,,,,,,19993,200
SBT,12. Solicitação dezembro 2023.xls,Relatório Solicitação,,,,,,UNIVERSAL MUSIC PUBLISHING MGB BRASIL LTDA,,,UNIVERSAL MUSIC PUBLISHING MGB BRASIL LTDA,,,,,,,79971,800
SBT,12. Solicitação dezembro 2023.xls,Relatório Solicitação,,,,,,WARNER CHAPPELL EDIÇÕES MUSICAIS LTDA,,,WARNER CHAPPELL EDIÇÕES MUSICAIS LTDA,,,,,,,79971,800
SBT,12. Solicitação dezembro 2023.xls,Relatório Solicitação,,,,,,DIVERSAS,,,DIVERSAS,,,,,,,79971,800
SBT,12. Solicitação dezembro 2023.xls,Relatório Solicitação,,,,,,PEERMUSIC DO BRASIL EDIÇÕES MUSICAIS LTDA,,,PEERMUSIC DO BRASIL EDIÇÕES MUSICAIS LTDA,,,,,,,79971,800
SBT,12. Solicitação dezembro 2023.xls,Relatório Solicitação,,,,,,DIVERSAS,,,DIVERSAS,,,,,,,79971,800
SBT,12. Solicitação dezembro 2023.xls,Relatório Solicitação,,,,,,UNIVERSAL MUSIC PUBLISHING MGB BRASIL LTDA,,,UNIVERSAL MUSIC PUBLISHING MGB BRASIL LTDA,,,,,,,79971,800
SBT,12. Solicitação dezembro 2023.xls,Relatório Solicitação,,,,,,PEERMUSIC DO BRASIL EDIÇÕES MUSICAIS LTDA,,,PEERMUSIC DO BRASIL EDIÇÕES MUSICAIS LTDA,,,,,,,79971,800
SBT,12. Solicitação dezembro 2023.xls,Relatório Solicitação,,,,,,IRMÃOS VITALE EDITORES LTDA,,,IRMÃOS VITALE EDITORES LTDA,,,,,,,79971,800
SBT,12. Solicitação dezembro 2023.xls,Relatório Solicitação,,,,,,"MANGIONE, FILHOS E CIA LTDA",,,"MANGIONE, FILHOS E CIA LTDA",,,,,,,159943,1599
SBT,12. Solicitação dezembro 2023.xls,Relatório Solicitação,,,,,,"MANGIONE, FILHOS E CIA LTDA",,,"MANGIONE, FILHOS E CIA LTDA",,,,,,,79971,800
SBT,12. Solicitação dezembro 2023.xls,Relatório Solicitação,,,,,,DIVERSAS,,,DIVERSAS,,,,,,,79971,800
SBT,12. Solicitação dezembro 2023.xls,Relatório Solicitação,,,,,,DIVERSAS,,,DIVERSAS,,,,,,,79971,800
SBT,12. Solicitação dezembro 2023.xls,Relatório Solicitação,,,,,,IRMÃOS VITALE EDITORES LTDA,,,IRMÃOS VITALE EDITORES LTDA,,,,,,,79971,800
SBT,12. Solicitação dezembro 2023.xls,Relatório Solicitação,,,,,,PEERMUSIC DO BRASIL EDIÇÕES MUSICAIS LTDA,,,PEERMUSIC DO BRASIL EDIÇÕES MUSICAIS LTDA,,,,,,,79971,800
SBT,12. Solicitação dezembro 2023.xls,Relatório Solicitação,,,,,,DIVERSAS,,,DIVERSAS,,,,,,,39986,400
SBT,12. Solicitação dezembro 2023.xls,Relatório Solicitação,,,,,,UNIVERSAL MUSIC PUBLISHING MGB BRASIL LTDA,,,UNIVERSAL MUSIC PUBLISHING MGB BRASIL LTDA,,,,,,,39986,400
SBT,12. Solicitação dezembro 2023.xls,Relatório Solicitação,,,,,,BMG RIGHTS MANAGEMENT BRASIL LTDA,,,BMG RIGHTS MANAGEMENT BRASIL LTDA,,,,,,,21320,213
SBT,12. Solicitação dezembro 2023.xls,Relatório Solicitação,,,,,,DIVERSAS,,,DIVERSAS,,,,,,,58667,587
SBT,12. Solicitação dezembro 2023.xls,Relatório Solicitação,,,,,,ABRAMUS DIGITAL SERV. IDENT. REPERTÓRIO,,,ABRAMUS DIGITAL SERV. IDENT. REPERTÓRIO,,,,,,,62202,622
SBT,12. Solicitação dezembro 2023.xls,Relatório Solicitação,,,,,,SONY MUSIC PUBLISHING (BRASIL) EDIÇÕES MUSICAIS LTDA,,,SONY MUSIC PUBLISHING (BRASIL) EDIÇÕES MUSICAIS LTDA,,,,,,,17754,178
SBT,12. Solicitação dezembro 2023.xls,Relatório Solicitação,,,,,,UNIVERSAL MUSIC PUBLISHING MGB BRASIL LTDA,,,UNIVERSAL MUSIC PUBLISHING MGB BRASIL LTDA,,,,,,,159943,1599
SBT,12. Solicitação dezembro 2023.xls,Relatório Solicitação,,,,,,DIVERSAS,,,DIVERSAS,,,,,,,159943,1599
SBT,12. Solicitação dezembro 2023.xls,Relatório Solicitação,,,,,,DIVERSAS,,,DIVERSAS,,,,,,,159943,1599
SBT,12. Solicitação dezembro 2023.xls,Relatório Solicitação,,,,,,SONY MUSIC PUBLISHING (BRASIL) EDIÇÕES MUSICAIS LTDA,,,SONY MUSIC PUBLISHING (BRASIL) EDIÇÕES MUSICAIS LTDA,,,,,,,159943,1599
SBT,12. Solicitação dezembro 2023.xls,Relatório Solicitação,,,,,,DIVERSAS,,,DIVERSAS,,,,,,,159943,1599
SBT,12. Solicitação dezembro 2023.xls,Relatório Solicitação,,,,,,UNIVERSAL MUSIC PUBLISHING MGB BRASIL LTDA,,,UNIVERSAL MUSIC PUBLISHING MGB BRASIL LTDA,,,,,,,159943,1599
SBT,12. Solicitação dezembro 2023.xls,Relatório Solicitação,,,,,,PEERMUSIC DO BRASIL EDIÇÕES MUSICAIS LTDA,,,PEERMUSIC DO BRASIL EDIÇÕES MUSICAIS LTDA,,,,,,,159943,1599
SBT,12. Solicitação dezembro 2023.xls,Relatório Solicitação,,,,,,WARNER CHAPPELL EDIÇÕES MUSICAIS LTDA,,,WARNER CHAPPELL EDIÇÕES MUSICAIS LTDA,,,,,,,159943,1599
SBT,12. Solicitação dezembro 2023.xls,Relatório Solicitação,,,,,,DIVERSAS,,,DIVERSAS,,,,,,,159943,1599
SBT,12. Solicitação dezembro 2023.xls,Relatório Solicitação,,,,,,UNIVERSAL MUSIC PUBLISHING MGB BRASIL LTDA,,,UNIVERSAL MUSIC PUBLISHING MGB BRASIL LTDA,,,,,,,159943,1599
SBT,12. Solicitação dezembro 2023.xls,Relatório Solicitação,,,,,,DIVERSAS,,,DIVERSAS,,,,,,,159943,1599
SBT,12. Solicitação dezembro 2023.xls,Relatório Solicitação,,,,,,WARNER CHAPPELL EDIÇÕES MUSICAIS LTDA,,,WARNER CHAPPELL EDIÇÕES MUSICAIS LTDA,,,,,,,159943,1599
SBT,12. Solicitação dezembro 2023.xls,Relatório Solicitação,,,,,,SONY MUSIC PUBLISHING (BRASIL) EDIÇÕES MUSICAIS LTDA,,,SONY MUSIC PUBLISHING (BRASIL) EDIÇÕES MUSICAIS LTDA,,,,,,,159943,1599
SBT,12. Solicitação dezembro 2023.xls,Relatório Solicitação,,,,,,DIVERSAS,,,DIVERSAS,,,,,,,79971,800
SBT,12. Solicitação dezembro 2023.xls,Relatório Solicitação,,,,,,DIVERSAS,,,DIVERSAS,,,,,,,79971,800
SBT,12. Solicitação dezembro 2023.xls,Relatório Solicitação,,,,,,DIVERSAS,,,DIVERSAS,,,,,,,79971,800
SBT,12. Solicitação dezembro 2023.xls,Relatório Solicitação,,,,,,DIVERSAS,,,DIVERSAS,,,,,,,79971,800
SBT,12. Solicitação dezembro 2023.xls,Relatório Solicitação,,,,,,IESSI MUSIC LABEL LTDA,,,IESSI MUSIC LABEL LTDA,,,,,,,39986,400
SBT,12. Solicitação dezembro 2023.xls,Relatório Solicitação,,,,,,DIVERSAS,,,DIVERSAS,,,,,,,39986,400
SBT,12. Solicitação dezembro 2023.xls,Relatório Solicitação,,,,,,DIVERSAS,,,DIVERSAS,,,,,,,79971,800
SBT,12. Solicitação dezembro 2023.xls,Relatório Solicitação,,,,,,DIVERSAS,,,DIVERSAS,,,,,,,79971,800
SBT,12. Solicitação dezembro 2023.xls,Relatório Solicitação,,,,,,PEERMUSIC DO BRASIL EDIÇÕES MUSICAIS LTDA,,,PEERMUSIC DO BRASIL EDIÇÕES MUSICAIS LTDA,,,,,,,39986,400
SBT,12. Solicitação dezembro 2023.xls,Relatório Solicitação,,,,,,SONY MUSIC PUBLISHING (BRASIL) EDIÇÕES MUSICAIS LTDA,,,SONY MUSIC PUBLISHING (BRASIL) EDIÇÕES MUSICAIS LTDA,,,,,,,39986,400
SBT,12. Solicitação dezembro 2023.xls,Relatório Solicitação,,,,,,SONY MUSIC PUBLISHING (BRASIL) EDIÇÕES MUSICAIS LTDA,,,SONY MUSIC PUBLISHING (BRASIL) EDIÇÕES MUSICAIS LTDA,,,,,,,79971,800
SBT,12. Solicitação dezembro 2023.xls,Relatório Solicitação,,,,,,DIVERSAS,,,DIVERSAS,,,,,,,79971,800
SBT,12. Solicitação dezembro 2023.xls,Relatório Solicitação,,,,,,DIVERSAS,,,DIVERSAS,,,,,,,79971,800
SBT,12. Solicitação dezembro 2023.xls,Relatório Solicitação,,,,,,UNIVERSAL MUSIC PUBLISHING MGB BRASIL LTDA,,,UNIVERSAL MUSIC PUBLISHING MGB BRASIL LTDA,,,,,,,79971,800
SBT,12. Solicitação dezembro 2023.xls,Relatório Solicitação,,,,,,WARNER CHAPPELL EDIÇÕES MUSICAIS LTDA,,,WARNER CHAPPELL EDIÇÕES MUSICAIS LTDA,,,,,,,79971,800
SBT,12. Solicitação dezembro 2023.xls,Relatório Solicitação,,,,,,DIVERSAS,,,DIVERSAS,,,,,,,79971,800
SBT,12. Solicitação dezembro 2023.xls,Relatório Solicitação,,,,,,DIVERSAS,,,DIVERSAS,,,,,,,79971,800
SBT,12. Solicitação dezembro 2023.xls,Relatório Solicitação,,,,,,DIVERSAS,,,DIVERSAS,,,,,,,159943,1599
SBT,12. Solicitação dezembro 2023.xls,Relatório Solicitação,,,,,,DIVERSAS,,,DIVERSAS,,,,,,,159943,1599
SBT,12. Solicitação dezembro 2023.xls,Relatório Solicitação,,,,,,BMG RIGHTS MANAGEMENT BRASIL LTDA,,,BMG RIGHTS MANAGEMENT BRASIL LTDA,,,,,,,21320,213
SBT,12. Solicitação dezembro 2023.xls,Relatório Solicitação,,,,,,DIVERSAS,,,DIVERSAS,,,,,,,58667,587
SBT,12. Solicitação dezembro 2023.xls,Relatório Solicitação,,,,,,ABRAMUS DIGITAL SERV. IDENT. REPERTÓRIO,,,ABRAMUS DIGITAL SERV. IDENT. REPERTÓRIO,,,,,,,62202,622
SBT,12. Solicitação dezembro 2023.xls,Relatório Solicitação,,,,,,SONY MUSIC PUBLISHING (BRASIL) EDIÇÕES MUSICAIS LTDA,,,SONY MUSIC PUBLISHING (BRASIL) EDIÇÕES MUSICAIS LTDA,,,,,,,17754,178
SBT,12. Solicitação dezembro 2023.xls,Relatório Solicitação,,,,,,ABRAMUS DIGITAL SERV. IDENT. REPERTÓRIO,,,ABRAMUS DIGITAL SERV. IDENT. REPERTÓRIO,,,,,,,79971,800
SBT,12. Solicitação dezembro 2023.xls,Relatório Solicitação,,,,,,DIVERSAS,,,DIVERSAS,,,,,,,79971,800
SBT,12. Solicitação dezembro 2023.xls,Relatório Solicitação,,,,,,EDITORA ADORANDO LTDA.,,,EDITORA ADORANDO LTDA.,,,,,,,79971,800
SBT,12. Solicitação dezembro 2023.xls,Relatório Solicitação,,,,,,ABRAMUS DIGITAL SERV. IDENT. REPERTÓRIO,,,ABRAMUS DIGITAL SERV. IDENT. REPERTÓRIO,,,,,,,159943,1599
SBT,12. Solicitação dezembro 2023.xls,Relatório Solicitação,,,,,,DIVERSAS,,,DIVERSAS,,,,,,,79971,800
SBT,12. Solicitação dezembro 2023.xls,Relatório Solicitação,,,,,,DIVERSAS,,,DIVERSAS,,,,,,,79971,800
SBT,12. Solicitação dezembro 2023.xls,Relatório Solicitação,,,,,,ADDAF - ASS. DEF. DIREITOS AUTORAIS FONOMECÂNICOS,,,ADDAF - ASS. DEF. DIREITOS AUTORAIS FONOMECÂNICOS,,,,,,,79971,800
SBT,12. Solicitação dezembro 2023.xls,Relatório Solicitação,,,,,,DIVERSAS,,,DIVERSAS,,,,,,,79971,800
SBT,12. Solicitação dezembro 2023.xls,Relatório Solicitação,,,,,,DIVERSAS,,,DIVERSAS,,,,,,,79971,800
SBT,12. Solicitação dezembro 2023.xls,Relatório Solicitação,,,,,,DECK PRODUÇÕES ARTÍSTICAS LTDA,,,DECK PRODUÇÕES ARTÍSTICAS LTDA,,,,,,,79971,800
SBT,12. Solicitação dezembro 2023.xls,Relatório Solicitação,,,,,,UNIVERSAL MUSIC PUBLISHING MGB BRASIL LTDA,,,UNIVERSAL MUSIC PUBLISHING MGB BRASIL LTDA,,,,,,,79972,800
SBT,12. Solicitação dezembro 2023.xls,Relatório Solicitação,,,,,,DIVERSAS,,,DIVERSAS,,,,,,,10492,105
SBT,12. Solicitação dezembro 2023.xls,Relatório Solicitação,,,,,,ABRAMUS DIGITAL SERV. IDENT. REPERTÓRIO,,,ABRAMUS DIGITAL SERV. IDENT. REPERTÓRIO,,,,,,,19497,195
SBT,12. Solicitação dezembro 2023.xls,Relatório Solicitação,,,,,,SONY MUSIC PUBLISHING (BRASIL) EDIÇÕES MUSICAIS LTDA,,,SONY MUSIC PUBLISHING (BRASIL) EDIÇÕES MUSICAIS LTDA,,,,,,,49982,500
SBT,12. Solicitação dezembro 2023.xls,Relatório Solicitação,,,,,,UNIVERSAL MUSIC PUBLISHING MGB BRASIL LTDA,,,UNIVERSAL MUSIC PUBLISHING MGB BRASIL LTDA,,,,,,,39986,400
SBT,12. Solicitação dezembro 2023.xls,Relatório Solicitação,,,,,,DIVERSAS,,,DIVERSAS,,,,,,,5246,52
SBT,12. Solicitação dezembro 2023.xls,Relatório Solicitação,,,,,,ABRAMUS DIGITAL SERV. IDENT. REPERTÓRIO,,,ABRAMUS DIGITAL SERV. IDENT. REPERTÓRIO,,,,,,,9748,97
SBT,12. Solicitação dezembro 2023.xls,Relatório Solicitação,,,,,,SONY MUSIC PUBLISHING (BRASIL) EDIÇÕES MUSICAIS LTDA,,,SONY MUSIC PUBLISHING (BRASIL) EDIÇÕES MUSICAIS LTDA,,,,,,,24991,250
SBT,12. Solicitação dezembro 2023.xls,Relatório Solicitação,,,,,,DIVERSAS,,,DIVERSAS,,,,,,,159943,1599
SBT,12. Solicitação dezembro 2023.xls,Relatório Solicitação,,,,,,SONY MUSIC PUBLISHING (BRASIL) EDIÇÕES MUSICAIS LTDA,,,SONY MUSIC PUBLISHING (BRASIL) EDIÇÕES MUSICAIS LTDA,,,,,,,79971,800
SBT,12. Solicitação dezembro 2023.xls,Relatório Solicitação,,,,,,WARNER CHAPPELL EDIÇÕES MUSICAIS LTDA,,,WARNER CHAPPELL EDIÇÕES MUSICAIS LTDA,,,,,,,79971,800
SBT,12. Solicitação dezembro 2023.xls,Relatório Solicitação,,,,,,UNIVERSAL MUSIC PUBLISHING MGB BRASIL LTDA,,,UNIVERSAL MUSIC PUBLISHING MGB BRASIL LTDA,,,,,,,79971,800
SBT,12. Solicitação dezembro 2023.xls,Relatório Solicitação,,,,,,DIVERSAS,,,DIVERSAS,,,,,,,79971,800
SBT,12. Solicitação dezembro 2023.xls,Relatório Solicitação,,,,,,PEERMUSIC DO BRASIL EDIÇÕES MUSICAIS LTDA,,,PEERMUSIC DO BRASIL EDIÇÕES MUSICAIS LTDA,,,,,,,39986,400
SBT,12. Solicitação dezembro 2023.xls,Relatório Solicitação,,,,,,SONY MUSIC PUBLISHING (BRASIL) EDIÇÕES MUSICAIS LTDA,,,SONY MUSIC PUBLISHING (BRASIL) EDIÇÕES MUSICAIS LTDA,,,,,,,39986,400
SBT,12. Solicitação dezembro 2023.xls,Relatório Solicitação,,,,,,SONY MUSIC PUBLISHING (BRASIL) EDIÇÕES MUSICAIS LTDA,,,SONY MUSIC PUBLISHING (BRASIL) EDIÇÕES MUSICAIS LTDA,,,,,,,79971,800
SBT,12. Solicitação dezembro 2023.xls,Relatório Solicitação,,,,,,BMG RIGHTS MANAGEMENT BRASIL LTDA,,,BMG RIGHTS MANAGEMENT BRASIL LTDA,,,,,,,15994,160
SBT,12. Solicitação dezembro 2023.xls,Relatório Solicitação,,,,,,SONY MUSIC PUBLISHING (BRASIL) EDIÇÕES MUSICAIS LTDA,,,SONY MUSIC PUBLISHING (BRASIL) EDIÇÕES MUSICAIS LTDA,,,,,,,63977,640
SBT,12. Solicitação dezembro 2023.xls,Relatório Solicitação,,,,,,DIVERSAS,,,DIVERSAS,,,,,,,39986,400
SBT,12. Solicitação dezembro 2023.xls,Relatório Solicitação,,,,,,UNIVERSAL MUSIC PUBLISHING MGB BRASIL LTDA,,,UNIVERSAL MUSIC PUBLISHING MGB BRASIL LTDA,,,,,,,39986,400
SBT,12. Solicitação dezembro 2023.xls,Relatório Solicitação,,,,,,DECK PRODUÇÕES ARTÍSTICAS LTDA,,,DECK PRODUÇÕES ARTÍSTICAS LTDA,,,,,,,79971,800
SBT,12. Solicitação dezembro 2023.xls,Relatório Solicitação,,,,,,DIVERSAS,,,DIVERSAS,,,,,,,79971,800
SBT,12. Solicitação dezembro 2023.xls,Relatório Solicitação,,,,,,DIVERSAS,,,DIVERSAS,,,,,,,39986,400
SBT,12. Solicitação dezembro 2023.xls,Relatório Solicitação,,,,,,WARNER CHAPPELL EDIÇÕES MUSICAIS LTDA,,,WARNER CHAPPELL EDIÇÕES MUSICAIS LTDA,,,,,,,39986,400
SBT,12. Solicitação dezembro 2023.xls,Relatório Solicitação,,,,,,DECK PRODUÇÕES ARTÍSTICAS LTDA,,,DECK PRODUÇÕES ARTÍSTICAS LTDA,,,,,,,79971,800
SBT,12. Solicitação dezembro 2023.xls,Relatório Solicitação,,,,,,BMG RIGHTS MANAGEMENT BRASIL LTDA,,,BMG RIGHTS MANAGEMENT BRASIL LTDA,,,,,,,53309,533
SBT,12. Solicitação dezembro 2023.xls,Relatório Solicitação,,,,,,SONY MUSIC PUBLISHING (BRASIL) EDIÇÕES MUSICAIS LTDA,,,SONY MUSIC PUBLISHING (BRASIL) EDIÇÕES MUSICAIS LTDA,,,,,,,26662,267
SBT,12. Solicitação dezembro 2023.xls,Relatório Solicitação,,,,,,WARNER CHAPPELL EDIÇÕES MUSICAIS LTDA,,,WARNER CHAPPELL EDIÇÕES MUSICAIS LTDA,,,,,,,79971,800
SBT,12. Solicitação dezembro 2023.xls,Relatório Solicitação,,,,,,WARNER CHAPPELL EDIÇÕES MUSICAIS LTDA,,,WARNER CHAPPELL EDIÇÕES MUSICAIS LTDA,,,,,,,79971,800
SBT,12. Solicitação dezembro 2023.xls,Relatório Solicitação,,,,,,ADDAF - ASS. DEF. DIREITOS AUTORAIS FONOMECÂNICOS,,,ADDAF - ASS. DEF. DIREITOS AUTORAIS FONOMECÂNICOS,,,,,,,79971,800
SBT,12. Solicitação dezembro 2023.xls,Relatório Solicitação,,,,,,PEERMUSIC DO BRASIL EDIÇÕES MUSICAIS LTDA,,,PEERMUSIC DO BRASIL EDIÇÕES MUSICAIS LTDA,,,,,,,79971,800
SBT,12. Solicitação dezembro 2023.xls,Relatório Solicitação,,,,,,WARNER CHAPPELL EDIÇÕES MUSICAIS LTDA,,,WARNER CHAPPELL EDIÇÕES MUSICAIS LTDA,,,,,,,79971,800
SBT,12. Solicitação dezembro 2023.xls,Relatório Solicitação,,,,,,EDITORA MUSICAL PANTTANAL LTDA,,,EDITORA MUSICAL PANTTANAL LTDA,,,,,,,79971,800
SBT,12. Solicitação dezembro 2023.xls,Relatório Solicitação,,,,,,SONY MUSIC PUBLISHING (BRASIL) EDIÇÕES MUSICAIS LTDA,,,SONY MUSIC PUBLISHING (BRASIL) EDIÇÕES MUSICAIS LTDA,,,,,,,79971,800
SBT,12. Solicitação dezembro 2023.xls,Relatório Solicitação,,,,,,WARNER CHAPPELL EDIÇÕES MUSICAIS LTDA,,,WARNER CHAPPELL EDIÇÕES MUSICAIS LTDA,,,,,,,79971,800
SBT,12. Solicitação dezembro 2023.xls,Relatório Solicitação,,,,,,ADDAF - ASS. DEF. DIREITOS AUTORAIS FONOMECÂNICOS,,,ADDAF - ASS. DEF. DIREITOS AUTORAIS FONOMECÂNICOS,,,,,,,39986,400
SBT,12. Solicitação dezembro 2023.xls,Relatório Solicitação,,,,,,PEERMUSIC DO BRASIL EDIÇÕES MUSICAIS LTDA,,,PEERMUSIC DO BRASIL EDIÇÕES MUSICAIS LTDA,,,,,,,39986,400
SBT,12. Solicitação dezembro 2023.xls,Relatório Solicitação,,,,,,PEERMUSIC DO BRASIL EDIÇÕES MUSICAIS LTDA,,,PEERMUSIC DO BRASIL EDIÇÕES MUSICAIS LTDA,,,,,,,79971,800
SBT,12. Solicitação dezembro 2023.xls,Relatório Solicitação,,,,,,PEERMUSIC DO BRASIL EDIÇÕES MUSICAIS LTDA,,,PEERMUSIC DO BRASIL EDIÇÕES MUSICAIS LTDA,,,,,,,39986,400
SBT,12. Solicitação dezembro 2023.xls,Relatório Solicitação,,,,,,WARNER CHAPPELL EDIÇÕES MUSICAIS LTDA,,,WARNER CHAPPELL EDIÇÕES MUSICAIS LTDA,,,,,,,39986,400
SBT,12. Solicitação dezembro 2023.xls,Relatório Solicitação,,,,,,BMG RIGHTS MANAGEMENT BRASIL LTDA,,,BMG RIGHTS MANAGEMENT BRASIL LTDA,,,,,,,53309,533
SBT,12. Solicitação dezembro 2023.xls,Relatório Solicitação,,,,,,DIVERSAS,,,DIVERSAS,,,,,,,26662,267
SBT,12. Solicitação dezembro 2023.xls,Relatório Solicitação,,,,,,DIVERSAS,,,DIVERSAS,,,,,,,79971,800
SBT,12. Solicitação dezembro 2023.xls,Relatório Solicitação,,,,,,FORTUNA MUSICAL EDIÇÕES LTDA,,,FORTUNA MUSICAL EDIÇÕES LTDA,,,,,,,79971,800
SBT,12. Solicitação dezembro 2023.xls,Relatório Solicitação,,,,,,EDITORA MUSICAL CORISCO LTDA,,,EDITORA MUSICAL CORISCO LTDA,,,,,,,79971,800
SBT,12. Solicitação dezembro 2023.xls,Relatório Solicitação,,,,,,ABRAMUS DIGITAL SERV. IDENT. REPERTÓRIO,,,ABRAMUS DIGITAL SERV. IDENT. REPERTÓRIO,,,,,,,19993,200
SBT,12. Solicitação dezembro 2023.xls,Relatório Solicitação,,,,,,BMG RIGHTS MANAGEMENT BRASIL LTDA,,,BMG RIGHTS MANAGEMENT BRASIL LTDA,,,,,,,39986,400
SBT,12. Solicitação dezembro 2023.xls,Relatório Solicitação,,,,,,WARNER CHAPPELL EDIÇÕES MUSICAIS LTDA,,,WARNER CHAPPELL EDIÇÕES MUSICAIS LTDA,,,,,,,19993,200
SBT,12. Solicitação dezembro 2023.xls,Relatório Solicitação,,,,,,SONY MUSIC PUBLISHING (BRASIL) EDIÇÕES MUSICAIS LTDA,,,SONY MUSIC PUBLISHING (BRASIL) EDIÇÕES MUSICAIS LTDA,,,,,,,26654,267
SBT,12. Solicitação dezembro 2023.xls,Relatório Solicitação,,,,,,BMG RIGHTS MANAGEMENT BRASIL LTDA,,,BMG RIGHTS MANAGEMENT BRASIL LTDA,,,,,,,53317,533
SBT,12. Solicitação dezembro 2023.xls,Relatório Solicitação,,,,,,IRMÃOS VITALE EDITORES LTDA,,,IRMÃOS VITALE EDITORES LTDA,,,,,,,79971,800
SBT,12. Solicitação dezembro 2023.xls,Relatório Solicitação,,,,,,WARNER CHAPPELL EDIÇÕES MUSICAIS LTDA,,,WARNER CHAPPELL EDIÇÕES MUSICAIS LTDA,,,,,,,39986,400
SBT,12. Solicitação dezembro 2023.xls,Relatório Solicitação,,,,,,DIVERSAS,,,DIVERSAS,,,,,,,39986,400
SBT,12. Solicitação dezembro 2023.xls,Relatório Solicitação,,,,,,EDITORA MUSICAL WALERIA LEÃO LTDA ME,,,EDITORA MUSICAL WALERIA LEÃO LTDA ME,,,,,,,19993,200
SBT,12. Solicitação dezembro 2023.xls,Relatório Solicitação,,,,,,WORK SHOW EDITORA E PRODUÇÕES MUSICAIS LTDA - ME,,,WORK SHOW EDITORA E PRODUÇÕES MUSICAIS LTDA - ME,,,,,,,19993,200
SBT,12. Solicitação dezembro 2023.xls,Relatório Solicitação,,,,,,WARNER CHAPPELL EDIÇÕES MUSICAIS LTDA,,,WARNER CHAPPELL EDIÇÕES MUSICAIS LTDA,,,,,,,19993,200
SBT,12. Solicitação dezembro 2023.xls,Relatório Solicitação,,,,,,BMG RIGHTS MANAGEMENT BRASIL LTDA,,,BMG RIGHTS MANAGEMENT BRASIL LTDA,,,,,,,19993,200
SBT,12. Solicitação dezembro 2023.xls,Relatório Solicitação,,,,,,IRMÃOS VITALE EDITORES LTDA,,,IRMÃOS VITALE EDITORES LTDA,,,,,,,79971,800
SBT,12. Solicitação dezembro 2023.xls,Relatório Solicitação,,,,,,DIVERSAS,,,DIVERSAS,,,,,,,79971,800
SBT,12. Solicitação dezembro 2023.xls,Relatório Solicitação,,,,,,EDITORA MUSICAL CORISCO LTDA,,,EDITORA MUSICAL CORISCO LTDA,,,,,,,37370,374
SBT,12. Solicitação dezembro 2023.xls,Relatório Solicitação,,,,,,DIVERSAS,,,DIVERSAS,,,,,,,37370,374
SBT,12. Solicitação dezembro 2023.xls,Relatório Solicitação,,,,,,BMG RIGHTS MANAGEMENT BRASIL LTDA,,,BMG RIGHTS MANAGEMENT BRASIL LTDA,,,,,,,37370,374
SBT,12. Solicitação dezembro 2023.xls,Relatório Solicitação,,,,,,SONY MUSIC PUBLISHING (BRASIL) EDIÇÕES MUSICAIS LTDA,,,SONY MUSIC PUBLISHING (BRASIL) EDIÇÕES MUSICAIS LTDA,,,,,,,159943,1599
SBT,12. Solicitação dezembro 2023.xls,Relatório Solicitação,,,,,,SONY MUSIC PUBLISHING (BRASIL) EDIÇÕES MUSICAIS LTDA,,,SONY MUSIC PUBLISHING (BRASIL) EDIÇÕES MUSICAIS LTDA,,,,,,,79971,800
SBT,12. Solicitação dezembro 2023.xls,Relatório Solicitação,,,,,,SONY MUSIC PUBLISHING (BRASIL) EDIÇÕES MUSICAIS LTDA,,,SONY MUSIC PUBLISHING (BRASIL) EDIÇÕES MUSICAIS LTDA,,,,,,,79971,800
SBT,12. Solicitação dezembro 2023.xls,Relatório Solicitação,,,,,,UNIVERSAL MUSIC PUBLISHING MGB BRASIL LTDA,,,UNIVERSAL MUSIC PUBLISHING MGB BRASIL LTDA,,,,,,,79971,800
SBT,12. Solicitação dezembro 2023.xls,Relatório Solicitação,,,,,,UNIVERSAL MUSIC PUBLISHING MGB BRASIL LTDA,,,UNIVERSAL MUSIC PUBLISHING MGB BRASIL LTDA,,,,,,,79971,800
SBT,12. Solicitação dezembro 2023.xls,Relatório Solicitação,,,,,,WARNER CHAPPELL EDIÇÕES MUSICAIS LTDA,,,WARNER CHAPPELL EDIÇÕES MUSICAIS LTDA,,,,,,,53309,533
SBT,12. Solicitação dezembro 2023.xls,Relatório Solicitação,,,,,,SONY MUSIC PUBLISHING (BRASIL) EDIÇÕES MUSICAIS LTDA,,,SONY MUSIC PUBLISHING (BRASIL) EDIÇÕES MUSICAIS LTDA,,,,,,,26662,267
SBT,12. Solicitação dezembro 2023.xls,Relatório Solicitação,,,,,,DIVERSAS,,,DIVERSAS,,,,,,,79971,800
SBT,12. Solicitação dezembro 2023.xls,Relatório Solicitação,,,,,,WARNER CHAPPELL EDIÇÕES MUSICAIS LTDA,,,WARNER CHAPPELL EDIÇÕES MUSICAIS LTDA,,,,,,,39986,400
SBT,12. Solicitação dezembro 2023.xls,Relatório Solicitação,,,,,,ABRAMUS DIGITAL SERV. IDENT. REPERTÓRIO,,,ABRAMUS DIGITAL SERV. IDENT. REPERTÓRIO,,,,,,,39986,400
SBT,12. Solicitação dezembro 2023.xls,Relatório Solicitação,,,,,,WARNER CHAPPELL EDIÇÕES MUSICAIS LTDA,,,WARNER CHAPPELL EDIÇÕES MUSICAIS LTDA,,,,,,,79971,800
SBT,12. Solicitação dezembro 2023.xls,Relatório Solicitação,,,,,,UNIVERSAL MUSIC PUBLISHING MGB BRASIL LTDA,,,UNIVERSAL MUSIC PUBLISHING MGB BRASIL LTDA,,,,,,,79971,800
SBT,12. Solicitação dezembro 2023.xls,Relatório Solicitação,,,,,,UNIVERSAL MUSIC PUBLISHING MGB BRASIL LTDA,,,UNIVERSAL MUSIC PUBLISHING MGB BRASIL LTDA,,,,,,,79971,800
SBT,12. Solicitação dezembro 2023.xls,Relatório Solicitação,,,,,,UNIVERSAL MUSIC PUBLISHING MGB BRASIL LTDA,,,UNIVERSAL MUSIC PUBLISHING MGB BRASIL LTDA,,,,,,,79971,800
SBT,12. Solicitação dezembro 2023.xls,Relatório Solicitação,,,,,,UNIVERSAL MUSIC PUBLISHING MGB BRASIL LTDA,,,UNIVERSAL MUSIC PUBLISHING MGB BRASIL LTDA,,,,,,,79971,800
SBT,12. Solicitação dezembro 2023.xls,Relatório Solicitação,,,,,,DIVERSAS,,,DIVERSAS,,,,,,,79971,800
SBT,12. Solicitação dezembro 2023.xls,Relatório Solicitação,,,,,,DIVERSAS,,,DIVERSAS,,,,,,,79971,800
SBT,12. Solicitação dezembro 2023.xls,Relatório Solicitação,,,,,,BLACKOUT EDITORA EIRELI,,,BLACKOUT EDITORA EIRELI,,,,,,,37370,374
SBT,12. Solicitação dezembro 2023.xls,Relatório Solicitação,,,,,,DIVERSAS,,,DIVERSAS,,,,,,,37370,374
SBT,12. Solicitação dezembro 2023.xls,Relatório Solicitação,,,,,,DIVERSAS,,,DIVERSAS,,,,,,,37370,374
SBT,12. Solicitação dezembro 2023.xls,Relatório Solicitação,,,,,,DIVERSAS,,,DIVERSAS,,,,,,,37370,374
SBT,12. Solicitação dezembro 2023.xls,Relatório Solicitação,,,,,,DIVERSAS,,,DIVERSAS,,,,,,,37370,374
SBT,12. Solicitação dezembro 2023.xls,Relatório Solicitação,,,,,,WARNER CHAPPELL EDIÇÕES MUSICAIS LTDA,,,WARNER CHAPPELL EDIÇÕES MUSICAIS LTDA,,,,,,,37370,374
SBT,12. Solicitação dezembro 2023.xls,Relatório Solicitação,,,,,,DIVERSAS,,,DIVERSAS,,,,,,,37370,374
SBT,12. Solicitação dezembro 2023.xls,Relatório Solicitação,,,,,,SONY MUSIC PUBLISHING (BRASIL) EDIÇÕES MUSICAIS LTDA,,,SONY MUSIC PUBLISHING (BRASIL) EDIÇÕES MUSICAIS LTDA,,,,,,,37370,374
SBT,12. Solicitação dezembro 2023.xls,Relatório Solicitação,,,,,,BMG RIGHTS MANAGEMENT BRASIL LTDA,,,BMG RIGHTS MANAGEMENT BRASIL LTDA,,,,,,,21320,213
SBT,12. Solicitação dezembro 2023.xls,Relatório Solicitação,,,,,,DIVERSAS,,,DIVERSAS,,,,,,,58667,587
SBT,12. Solicitação dezembro 2023.xls,Relatório Solicitação,,,,,,ABRAMUS DIGITAL SERV. IDENT. REPERTÓRIO,,,ABRAMUS DIGITAL SERV. IDENT. REPERTÓRIO,,,,,,,62202,622
SBT,12. Solicitação dezembro 2023.xls,Relatório Solicitação,,,,,,SONY MUSIC PUBLISHING (BRASIL) EDIÇÕES MUSICAIS LTDA,,,SONY MUSIC PUBLISHING (BRASIL) EDIÇÕES MUSICAIS LTDA,,,,,,,17754,178
SBT,12. Solicitação dezembro 2023.xls,Relatório Solicitação,,,,,,DIVERSAS,,,DIVERSAS,,,,,,,159943,1599
SBT,12. Solicitação dezembro 2023.xls,Relatório Solicitação,,,,,,DIVERSAS,,,DIVERSAS,,,,,,,159943,1599
SBT,12. Solicitação dezembro 2023.xls,Relatório Solicitação,,,,,,DIVERSAS,,,DIVERSAS,,,,,,,159943,1599
SBT,12. Solicitação dezembro 2023.xls,Relatório Solicitação,,,,,,PEERMUSIC DO BRASIL EDIÇÕES MUSICAIS LTDA,,,PEERMUSIC DO BRASIL EDIÇÕES MUSICAIS LTDA,,,,,,,159943,1599
SBT,12. Solicitação dezembro 2023.xls,Relatório Solicitação,,,,,,DIVERSAS,,,DIVERSAS,,,,,,,79971,800
SBT,12. Solicitação dezembro 2023.xls,Relatório Solicitação,,,,,,DIVERSAS,,,DIVERSAS,,,,,,,159943,1599
SBT,12. Solicitação dezembro 2023.xls,Relatório Solicitação,,,,,,DIVERSAS,,,DIVERSAS,,,,,,,159943,1599
SBT,12. Solicitação dezembro 2023.xls,Relatório Solicitação,,,,,,DIVERSAS,,,DIVERSAS,,,,,,,79971,800
SBT,12. Solicitação dezembro 2023.xls,Relatório Solicitação,,,,,,DIVERSAS,,,DIVERSAS,,,,,,,79971,800
SBT,12. Solicitação dezembro 2023.xls,Relatório Solicitação,,,,,,BERGER PRODUÇÕES LTDA,,,BERGER PRODUÇÕES LTDA,,,,,,,79971,800
SBT,12. Solicitação dezembro 2023.xls,Relatório Solicitação,,,,,,BMG RIGHTS MANAGEMENT BRASIL LTDA,,,BMG RIGHTS MANAGEMENT BRASIL LTDA,,,,,,,79971,800
SBT,12. Solicitação dezembro 2023.xls,Relatório Solicitação,,,,,,DIVERSAS,,,DIVERSAS,,,,,,,39986,400
SBT,12. Solicitação dezembro 2023.xls,Relatório Solicitação,,,,,,PEERMUSIC DO BRASIL EDIÇÕES MUSICAIS LTDA,,,PEERMUSIC DO BRASIL EDIÇÕES MUSICAIS LTDA,,,,,,,39986,400
SBT,12. Solicitação dezembro 2023.xls,Relatório Solicitação,,,,,,WARNER CHAPPELL EDIÇÕES MUSICAIS LTDA,,,WARNER CHAPPELL EDIÇÕES MUSICAIS LTDA,,,,,,,79971,800
SBT,12. Solicitação dezembro 2023.xls,Relatório Solicitação,,,,,,UNIVERSAL MUSIC PUBLISHING MGB BRASIL LTDA,,,UNIVERSAL MUSIC PUBLISHING MGB BRASIL LTDA,,,,,,,39986,400
SBT,12. Solicitação dezembro 2023.xls,Relatório Solicitação,,,,,,WARNER CHAPPELL EDIÇÕES MUSICAIS LTDA,,,WARNER CHAPPELL EDIÇÕES MUSICAIS LTDA,,,,,,,39986,400
SBT,12. Solicitação dezembro 2023.xls,Relatório Solicitação,,,,,,DIVERSAS,,,DIVERSAS,,,,,,,79971,800
SBT,12. Solicitação dezembro 2023.xls,Relatório Solicitação,,,,,,UNIVERSAL MUSIC PUBLISHING MGB BRASIL LTDA,,,UNIVERSAL MUSIC PUBLISHING MGB BRASIL LTDA,,,,,,,39986,400
SBT,12. Solicitação dezembro 2023.xls,Relatório Solicitação,,,,,,SONY MUSIC PUBLISHING (BRASIL) EDIÇÕES MUSICAIS LTDA,,,SONY MUSIC PUBLISHING (BRASIL) EDIÇÕES MUSICAIS LTDA,,,,,,,39986,400
SBT,12. Solicitação dezembro 2023.xls,Relatório Solicitação,,,,,,UNIVERSAL MUSIC PUBLISHING MGB BRASIL LTDA,,,UNIVERSAL MUSIC PUBLISHING MGB BRASIL LTDA,,,,,,,79971,800
SBT,12. Solicitação dezembro 2023.xls,Relatório Solicitação,,,,,,WARNER CHAPPELL EDIÇÕES MUSICAIS LTDA,,,WARNER CHAPPELL EDIÇÕES MUSICAIS LTDA,,,,,,,26662,267
SBT,12. Solicitação dezembro 2023.xls,Relatório Solicitação,,,,,,SONY MUSIC PUBLISHING (BRASIL) EDIÇÕES MUSICAIS LTDA,,,SONY MUSIC PUBLISHING (BRASIL) EDIÇÕES MUSICAIS LTDA,,,,,,,26654,267
SBT,12. Solicitação dezembro 2023.xls,Relatório Solicitação,,,,,,UNIVERSAL MUSIC PUBLISHING MGB BRASIL LTDA,,,UNIVERSAL MUSIC PUBLISHING MGB BRASIL LTDA,,,,,,,26654,267
SBT,12. Solicitação dezembro 2023.xls,Relatório Solicitação,,,,,,SONY MUSIC PUBLISHING (BRASIL) EDIÇÕES MUSICAIS LTDA,,,SONY MUSIC PUBLISHING (BRASIL) EDIÇÕES MUSICAIS LTDA,,,,,,,79971,800
SBT,12. Solicitação dezembro 2023.xls,Relatório Solicitação,,,,,,HUMAITÁ EDIÇÕES MUSICAIS LTDA,,,HUMAITÁ EDIÇÕES MUSICAIS LTDA,,,,,,,79971,800
SBT,12. Solicitação dezembro 2023.xls,Relatório Solicitação,,,,,,DIVERSAS,,,DIVERSAS,,,,,,,79971,800
SBT,12. Solicitação dezembro 2023.xls,Relatório Solicitação,,,,,,DECK PRODUÇÕES ARTÍSTICAS LTDA,,,DECK PRODUÇÕES ARTÍSTICAS LTDA,,,,,,,159943,1599
SBT,12. Solicitação dezembro 2023.xls,Relatório Solicitação,,,,,,SONY MUSIC PUBLISHING (BRASIL) EDIÇÕES MUSICAIS LTDA,,,SONY MUSIC PUBLISHING (BRASIL) EDIÇÕES MUSICAIS LTDA,,,,,,,159943,1599
SBT,12. Solicitação dezembro 2023.xls,Relatório Solicitação,,,,,,UNIVERSAL MUSIC PUBLISHING MGB BRASIL LTDA,,,UNIVERSAL MUSIC PUBLISHING MGB BRASIL LTDA,,,,,,,159943,1599
SBT,12. Solicitação dezembro 2023.xls,Relatório Solicitação,,,,,,SONY MUSIC PUBLISHING (BRASIL) EDIÇÕES MUSICAIS LTDA,,,SONY MUSIC PUBLISHING (BRASIL) EDIÇÕES MUSICAIS LTDA,,,,,,,53309,533
SBT,12. Solicitação dezembro 2023.xls,Relatório Solicitação,,,,,,DIVERSAS,,,DIVERSAS,,,,,,,106634,1066
SBT,12. Solicitação dezembro 2023.xls,Relatório Solicitação,,,,,,HUMAITÁ EDIÇÕES MUSICAIS LTDA,,,HUMAITÁ EDIÇÕES MUSICAIS LTDA,,,,,,,159943,1599
SBT,12. Solicitação dezembro 2023.xls,Relatório Solicitação,,,,,,DECK PRODUÇÕES ARTÍSTICAS LTDA,,,DECK PRODUÇÕES ARTÍSTICAS LTDA,,,,,,,159943,1599
SBT,12. Solicitação dezembro 2023.xls,Relatório Solicitação,,,,,,ADDAF - ASS. DEF. DIREITOS AUTORAIS FONOMECÂNICOS,,,ADDAF - ASS. DEF. DIREITOS AUTORAIS FONOMECÂNICOS,,,,,,,159943,1599
SBT,12. Solicitação dezembro 2023.xls,Relatório Solicitação,,,,,,WARNER CHAPPELL EDIÇÕES MUSICAIS LTDA,,,WARNER CHAPPELL EDIÇÕES MUSICAIS LTDA,,,,,,,159943,1599
SBT,12. Solicitação dezembro 2023.xls,Relatório Solicitação,,,,,,DIVERSAS,,,DIVERSAS,,,,,,,159943,1599
SBT,12. Solicitação dezembro 2023.xls,Relatório Solicitação,,,,,,WARNER CHAPPELL EDIÇÕES MUSICAIS LTDA,,,WARNER CHAPPELL EDIÇÕES MUSICAIS LTDA,,,,,,,159943,1599
SBT,12. Solicitação dezembro 2023.xls,Relatório Solicitação,,,,,,IRMÃOS VITALE EDITORES LTDA,,,IRMÃOS VITALE EDITORES LTDA,,,,,,,159943,1599
SBT,12. Solicitação dezembro 2023.xls,Relatório Solicitação,,,,,,DUBAS MÚSICA LTDA,,,DUBAS MÚSICA LTDA,,,,,,,79972,800
SBT,12. Solicitação dezembro 2023.xls,Relatório Solicitação,,,,,,WARNER CHAPPELL EDIÇÕES MUSICAIS LTDA,,,WARNER CHAPPELL EDIÇÕES MUSICAIS LTDA,,,,,,,79972,800
SBT,12. Solicitação dezembro 2023.xls,Relatório Solicitação,,,,,,UNIVERSAL MUSIC PUBLISHING MGB BRASIL LTDA,,,UNIVERSAL MUSIC PUBLISHING MGB BRASIL LTDA,,,,,,,159943,1599
SBT,12. Solicitação dezembro 2023.xls,Relatório Solicitação,,,,,,DIVERSAS,,,DIVERSAS,,,,,,,106634,1066
SBT,12. Solicitação dezembro 2023.xls,Relatório Solicitação,,,,,,WARNER CHAPPELL EDIÇÕES MUSICAIS LTDA,,,WARNER CHAPPELL EDIÇÕES MUSICAIS LTDA,,,,,,,53309,533
SBT,12. Solicitação dezembro 2023.xls,Relatório Solicitação,,,,,,DIVERSAS,,,DIVERSAS,,,,,,,79972,800
SBT,12. Solicitação dezembro 2023.xls,Relatório Solicitação,,,,,,SONY MUSIC PUBLISHING (BRASIL) EDIÇÕES MUSICAIS LTDA,,,SONY MUSIC PUBLISHING (BRASIL) EDIÇÕES MUSICAIS LTDA,,,,,,,79972,800
SBT,12. Solicitação dezembro 2023.xls,Relatório Solicitação,,,,,,DIVERSAS,,,DIVERSAS,,,,,,,106618,1066
SBT,12. Solicitação dezembro 2023.xls,Relatório Solicitação,,,,,,PEERMUSIC DO BRASIL EDIÇÕES MUSICAIS LTDA,,,PEERMUSIC DO BRASIL EDIÇÕES MUSICAIS LTDA,,,,,,,53325,533
SBT,12. Solicitação dezembro 2023.xls,Relatório Solicitação,,,,,,DIVERSAS,,,DIVERSAS,,,,,,,79971,800
SBT,12. Solicitação dezembro 2023.xls,Relatório Solicitação,,,,,,PEERMUSIC DO BRASIL EDIÇÕES MUSICAIS LTDA,,,PEERMUSIC DO BRASIL EDIÇÕES MUSICAIS LTDA,,,,,,,79971,800
SBT,12. Solicitação dezembro 2023.xls,Relatório Solicitação,,,,,,SONY MUSIC PUBLISHING (BRASIL) EDIÇÕES MUSICAIS LTDA,,,SONY MUSIC PUBLISHING (BRASIL) EDIÇÕES MUSICAIS LTDA,,,,,,,79971,800
SBT,12. Solicitação dezembro 2023.xls,Relatório Solicitação,,,,,,DIVERSAS,,,DIVERSAS,,,,,,,79971,800
SBT,12. Solicitação dezembro 2023.xls,Relatório Solicitação,,,,,,TRÊS SONS EDITORA MUSICAL E GRAVADORA DIGITAL LTDA-ME,,,TRÊS SONS EDITORA MUSICAL E GRAVADORA DIGITAL LTDA-ME,,,,,,,15994,160
SBT,12. Solicitação dezembro 2023.xls,Relatório Solicitação,,,,,,BMG RIGHTS MANAGEMENT BRASIL LTDA,,,BMG RIGHTS MANAGEMENT BRASIL LTDA,,,,,,,63977,640
SBT,12. Solicitação dezembro 2023.xls,Relatório Solicitação,,,,,,SONY MUSIC PUBLISHING (BRASIL) EDIÇÕES MUSICAIS LTDA,,,SONY MUSIC PUBLISHING (BRASIL) EDIÇÕES MUSICAIS LTDA,,,,,,,79971,800
SBT,12. Solicitação dezembro 2023.xls,Relatório Solicitação,,,,,,HUMAITÁ EDIÇÕES MUSICAIS LTDA,,,HUMAITÁ EDIÇÕES MUSICAIS LTDA,,,,,,,39986,400
SBT,12. Solicitação dezembro 2023.xls,Relatório Solicitação,,,,,,WARNER CHAPPELL EDIÇÕES MUSICAIS LTDA,,,WARNER CHAPPELL EDIÇÕES MUSICAIS LTDA,,,,,,,39986,400
SBT,12. Solicitação dezembro 2023.xls,Relatório Solicitação,,,,,,DECK PRODUÇÕES ARTÍSTICAS LTDA,,,DECK PRODUÇÕES ARTÍSTICAS LTDA,,,,,,,79971,800
SBT,12. Solicitação dezembro 2023.xls,Relatório Solicitação,,,,,,UNIVERSAL MUSIC PUBLISHING MGB BRASIL LTDA,,,UNIVERSAL MUSIC PUBLISHING MGB BRASIL LTDA,,,,,,,19993,200
SBT,12. Solicitação dezembro 2023.xls,Relatório Solicitação,,,,,,SONY MUSIC PUBLISHING (BRASIL) EDIÇÕES MUSICAIS LTDA,,,SONY MUSIC PUBLISHING (BRASIL) EDIÇÕES MUSICAIS LTDA,,,,,,,19993,200
SBT,12. Solicitação dezembro 2023.xls,Relatório Solicitação,,,,,,ABRAMUS DIGITAL SERV. IDENT. REPERTÓRIO,,,ABRAMUS DIGITAL SERV. IDENT. REPERTÓRIO,,,,,,,39986,400
SBT,12. Solicitação dezembro 2023.xls,Relatório Solicitação,,,,,,SONY MUSIC PUBLISHING (BRASIL) EDIÇÕES MUSICAIS LTDA,,,SONY MUSIC PUBLISHING (BRASIL) EDIÇÕES MUSICAIS LTDA,,,,,,,57131,571
SBT,12. Solicitação dezembro 2023.xls,Relatório Solicitação,,,,,,WARNER CHAPPELL EDIÇÕES MUSICAIS LTDA,,,WARNER CHAPPELL EDIÇÕES MUSICAIS LTDA,,,,,,,22840,228
SBT,12. Solicitação dezembro 2023.xls,Relatório Solicitação,,,,,,DIVERSAS,,,DIVERSAS,,,,,,,79972,800
SBT,12. Solicitação dezembro 2023.xls,Relatório Solicitação,,,,,,WARNER CHAPPELL EDIÇÕES MUSICAIS LTDA,,,WARNER CHAPPELL EDIÇÕES MUSICAIS LTDA,,,,,,,79972,800
SBT,12. Solicitação dezembro 2023.xls,Relatório Solicitação,,,,,,WARNER CHAPPELL EDIÇÕES MUSICAIS LTDA,,,WARNER CHAPPELL EDIÇÕES MUSICAIS LTDA,,,,,,,159943,1599
SBT,12. Solicitação dezembro 2023.xls,Relatório Solicitação,,,,,,UNIVERSAL MUSIC PUBLISHING MGB BRASIL LTDA,,,UNIVERSAL MUSIC PUBLISHING MGB BRASIL LTDA,,,,,,,79972,800
SBT,12. Solicitação dezembro 2023.xls,Relatório Solicitação,,,,,,SONY MUSIC PUBLISHING (BRASIL) EDIÇÕES MUSICAIS LTDA,,,SONY MUSIC PUBLISHING (BRASIL) EDIÇÕES MUSICAIS LTDA,,,,,,,79972,800
SBT,12. Solicitação dezembro 2023.xls,Relatório Solicitação,,,,,,UNIVERSAL MUSIC PUBLISHING MGB BRASIL LTDA,,,UNIVERSAL MUSIC PUBLISHING MGB BRASIL LTDA,,,,,,,159943,1599
SBT,12. Solicitação dezembro 2023.xls,Relatório Solicitação,,,,,,DIVERSAS,,,DIVERSAS,,,,,,,159943,1599
SBT,12. Solicitação dezembro 2023.xls,Relatório Solicitação,,,,,,UNIVERSAL MUSIC PUBLISHING MGB BRASIL LTDA,,,UNIVERSAL MUSIC PUBLISHING MGB BRASIL LTDA,,,,,,,79972,800
SBT,12. Solicitação dezembro 2023.xls,Relatório Solicitação,,,,,,SONY MUSIC PUBLISHING (BRASIL) EDIÇÕES MUSICAIS LTDA,,,SONY MUSIC PUBLISHING (BRASIL) EDIÇÕES MUSICAIS LTDA,,,,,,,79972,800
SBT,12. Solicitação dezembro 2023.xls,Relatório Solicitação,,,,,,UNIVERSAL MUSIC PUBLISHING MGB BRASIL LTDA,,,UNIVERSAL MUSIC PUBLISHING MGB BRASIL LTDA,,,,,,,79971,800
SBT,12. Solicitação dezembro 2023.xls,Relatório Solicitação,,,,,,WARNER CHAPPELL EDIÇÕES MUSICAIS LTDA,,,WARNER CHAPPELL EDIÇÕES MUSICAIS LTDA,,,,,,,159943,1599
SBT,12. Solicitação dezembro 2023.xls,Relatório Solicitação,,,,,,BMG RIGHTS MANAGEMENT BRASIL LTDA,,,BMG RIGHTS MANAGEMENT BRASIL LTDA,,,,,,,63977,640
SBT,12. Solicitação dezembro 2023.xls,Relatório Solicitação,,,,,,DIVERSAS,,,DIVERSAS,,,,,,,15994,160
SBT,12. Solicitação dezembro 2023.xls,Relatório Solicitação,,,,,,BMG RIGHTS MANAGEMENT BRASIL LTDA,,,BMG RIGHTS MANAGEMENT BRASIL LTDA,,,,,,,13331,133
SBT,12. Solicitação dezembro 2023.xls,Relatório Solicitação,,,,,,DIVERSAS,,,DIVERSAS,,,,,,,16,0
SBT,12. Solicitação dezembro 2023.xls,Relatório Solicitação,,,,,,WARNER CHAPPELL EDIÇÕES MUSICAIS LTDA,,,WARNER CHAPPELL EDIÇÕES MUSICAIS LTDA,,,,,,,26646,266
SBT,12. Solicitação dezembro 2023.xls,Relatório Solicitação,,,,,,SONY MUSIC PUBLISHING (BRASIL) EDIÇÕES MUSICAIS LTDA,,,SONY MUSIC PUBLISHING (BRASIL) EDIÇÕES MUSICAIS LTDA,,,,,,,39978,400
SBT,12. Solicitação dezembro 2023.xls,Relatório Solicitação,,,,,,DIVERSAS,,,DIVERSAS,,,,,,,59978,600
SBT,12. Solicitação dezembro 2023.xls,Relatório Solicitação,,,,,,ADDAF - ASS. DEF. DIREITOS AUTORAIS FONOMECÂNICOS,,,ADDAF - ASS. DEF. DIREITOS AUTORAIS FONOMECÂNICOS,,,,,,,19993,200
SBT,12. Solicitação dezembro 2023.xls,Relatório Solicitação,,,,,,FORTUNA MUSICAL EDIÇÕES LTDA,,,FORTUNA MUSICAL EDIÇÕES LTDA,,,,,,,79971,800
SBT,12. Solicitação dezembro 2023.xls,Relatório Solicitação,,,,,,UNIVERSAL MUSIC PUBLISHING MGB BRASIL LTDA,,,UNIVERSAL MUSIC PUBLISHING MGB BRASIL LTDA,,,,,,,39986,400
SBT,12. Solicitação dezembro 2023.xls,Relatório Solicitação,,,,,,SONY MUSIC PUBLISHING (BRASIL) EDIÇÕES MUSICAIS LTDA,,,SONY MUSIC PUBLISHING (BRASIL) EDIÇÕES MUSICAIS LTDA,,,,,,,39986,400
SBT,12. Solicitação dezembro 2023.xls,Relatório Solicitação,,,,,,THIAGO ABDULAHAD NUNES RIOS ME,,,THIAGO ABDULAHAD NUNES RIOS ME,,,,,,,53309,533
SBT,12. Solicitação dezembro 2023.xls,Relatório Solicitação,,,,,,WARNER CHAPPELL EDIÇÕES MUSICAIS LTDA,,,WARNER CHAPPELL EDIÇÕES MUSICAIS LTDA,,,,,,,26662,267
SBT,12. Solicitação dezembro 2023.xls,Relatório Solicitação,,,,,,ADDAF - ASS. DEF. DIREITOS AUTORAIS FONOMECÂNICOS,,,ADDAF - ASS. DEF. DIREITOS AUTORAIS FONOMECÂNICOS,,,,,,,29989,300
SBT,12. Solicitação dezembro 2023.xls,Relatório Solicitação,,,,,,WARNER CHAPPELL EDIÇÕES MUSICAIS LTDA,,,WARNER CHAPPELL EDIÇÕES MUSICAIS LTDA,,,,,,,39986,400
SBT,12. Solicitação dezembro 2023.xls,Relatório Solicitação,,,,,,SONY MUSIC PUBLISHING (BRASIL) EDIÇÕES MUSICAIS LTDA,,,SONY MUSIC PUBLISHING (BRASIL) EDIÇÕES MUSICAIS LTDA,,,,,,,9996,100
SBT,12. Solicitação dezembro 2023.xls,Relatório Solicitação,,,,,,WARNER CHAPPELL EDIÇÕES MUSICAIS LTDA,,,WARNER CHAPPELL EDIÇÕES MUSICAIS LTDA,,,,,,,79971,800
SBT,12. Solicitação dezembro 2023.xls,Relatório Solicitação,,,,,,WARNER CHAPPELL EDIÇÕES MUSICAIS LTDA,,,WARNER CHAPPELL EDIÇÕES MUSICAIS LTDA,,,,,,,79971,800
SBT,12. Solicitação dezembro 2023.xls,Relatório Solicitação,,,,,,PEERMUSIC DO BRASIL EDIÇÕES MUSICAIS LTDA,,,PEERMUSIC DO BRASIL EDIÇÕES MUSICAIS LTDA,,,,,,,79971,800
SBT,12. Solicitação dezembro 2023.xls,Relatório Solicitação,,,,,,DIVERSAS,,,DIVERSAS,,,,,,,79971,800
SBT,12. Solicitação dezembro 2023.xls,Relatório Solicitação,,,,,,PEERMUSIC DO BRASIL EDIÇÕES MUSICAIS LTDA,,,PEERMUSIC DO BRASIL EDIÇÕES MUSICAIS LTDA,,,,,,,79971,800
SBT,12. Solicitação dezembro 2023.xls,Relatório Solicitação,,,,,,UNIVERSAL MUSIC PUBLISHING MGB BRASIL LTDA,,,UNIVERSAL MUSIC PUBLISHING MGB BRASIL LTDA,,,,,,,39986,400
SBT,12. Solicitação dezembro 2023.xls,Relatório Solicitação,,,,,,SONY MUSIC PUBLISHING (BRASIL) EDIÇÕES MUSICAIS LTDA,,,SONY MUSIC PUBLISHING (BRASIL) EDIÇÕES MUSICAIS LTDA,,,,,,,39986,400
SBT,12. Solicitação dezembro 2023.xls,Relatório Solicitação,,,,,,UNIVERSAL MUSIC PUBLISHING MGB BRASIL LTDA,,,UNIVERSAL MUSIC PUBLISHING MGB BRASIL LTDA,,,,,,,159943,1599
SBT,12. Solicitação dezembro 2023.xls,Relatório Solicitação,,,,,,SONY MUSIC PUBLISHING (BRASIL) EDIÇÕES MUSICAIS LTDA,,,SONY MUSIC PUBLISHING (BRASIL) EDIÇÕES MUSICAIS LTDA,,,,,,,79971,800
SBT,12. Solicitação dezembro 2023.xls,Relatório Solicitação,,,,,,COSA NOSTRA FONOGRÁFICA LTDA - ME,,,COSA NOSTRA FONOGRÁFICA LTDA - ME,,,,,,,39986,400
SBT,12. Solicitação dezembro 2023.xls,Relatório Solicitação,,,,,,ALTAFONTE BRASIL DIREITOS MUSICAIS LTDA,,,ALTAFONTE BRASIL DIREITOS MUSICAIS LTDA,,,,,,,39986,400
SBT,12. Solicitação dezembro 2023.xls,Relatório Solicitação,,,,,,SM PUBLISHING (BRASIL) EDIÇÕES MUSICAIS LTDA,,,SM PUBLISHING (BRASIL) EDIÇÕES MUSICAIS LTDA,,,,,,,79971,800
SBT,12. Solicitação dezembro 2023.xls,Relatório Solicitação,,,,,,SONY MUSIC PUBLISHING (BRASIL) EDIÇÕES MUSICAIS LTDA,,,SONY MUSIC PUBLISHING (BRASIL) EDIÇÕES MUSICAIS LTDA,,,,,,,79971,800
SBT,12. Solicitação dezembro 2023.xls,Relatório Solicitação,,,,,,UNIVERSAL MUSIC PUBLISHING MGB BRASIL LTDA,,,UNIVERSAL MUSIC PUBLISHING MGB BRASIL LTDA,,,,,,,79971,800
SBT,12. Solicitação dezembro 2023.xls,Relatório Solicitação,,,,,,UNIVERSAL MUSIC PUBLISHING MGB BRASIL LTDA,,,UNIVERSAL MUSIC PUBLISHING MGB BRASIL LTDA,,,,,,,79971,800
SBT,12. Solicitação dezembro 2023.xls,Relatório Solicitação,,,,,,SONY MUSIC PUBLISHING (BRASIL) EDIÇÕES MUSICAIS LTDA,,,SONY MUSIC PUBLISHING (BRASIL) EDIÇÕES MUSICAIS LTDA,,,,,,,79971,800
SBT,12. Solicitação dezembro 2023.xls,Relatório Solicitação,,,,,,WARNER CHAPPELL EDIÇÕES MUSICAIS LTDA,,,WARNER CHAPPELL EDIÇÕES MUSICAIS LTDA,,,,,,,79971,800
SBT,12. Solicitação dezembro 2023.xls,Relatório Solicitação,,,,,,UNIVERSAL MUSIC PUBLISHING MGB BRASIL LTDA,,,UNIVERSAL MUSIC PUBLISHING MGB BRASIL LTDA,,,,,,,79971,800
SBT,12. Solicitação dezembro 2023.xls,Relatório Solicitação,,,,,,UNIVERSAL MUSIC PUBLISHING MGB BRASIL LTDA,,,UNIVERSAL MUSIC PUBLISHING MGB BRASIL LTDA,,,,,,,79971,800
SBT,12. Solicitação dezembro 2023.xls,Relatório Solicitação,,,,,,SONY MUSIC PUBLISHING (BRASIL) EDIÇÕES MUSICAIS LTDA,,,SONY MUSIC PUBLISHING (BRASIL) EDIÇÕES MUSICAIS LTDA,,,,,,,79971,800
SBT,12. Solicitação dezembro 2023.xls,Relatório Solicitação,,,,,,SONY MUSIC PUBLISHING (BRASIL) EDIÇÕES MUSICAIS LTDA,,,SONY MUSIC PUBLISHING (BRASIL) EDIÇÕES MUSICAIS LTDA,,,,,,,79971,800
SBT,12. Solicitação dezembro 2023.xls,Relatório Solicitação,,,,,,WARNER CHAPPELL EDIÇÕES MUSICAIS LTDA,,,WARNER CHAPPELL EDIÇÕES MUSICAIS LTDA,,,,,,,39986,400
SBT,12. Solicitação dezembro 2023.xls,Relatório Solicitação,,,,,,UNIVERSAL MUSIC PUBLISHING MGB BRASIL LTDA,,,UNIVERSAL MUSIC PUBLISHING MGB BRASIL LTDA,,,,,,,39986,400
SBT,12. Solicitação dezembro 2023.xls,Relatório Solicitação,,,,,,DIVERSAS,,,DIVERSAS,,,,,,,79971,800
SBT,12. Solicitação dezembro 2023.xls,Relatório Solicitação,,,,,,PEERMUSIC DO BRASIL EDIÇÕES MUSICAIS LTDA,,,PEERMUSIC DO BRASIL EDIÇÕES MUSICAIS LTDA,,,,,,,79971,800
SBT,12. Solicitação dezembro 2023.xls,Relatório Solicitação,,,,,,PEERMUSIC DO BRASIL EDIÇÕES MUSICAIS LTDA,,,PEERMUSIC DO BRASIL EDIÇÕES MUSICAIS LTDA,,,,,,,79971,800
SBT,12. Solicitação dezembro 2023.xls,Relatório Solicitação,,,,,,DIVERSAS,,,DIVERSAS,,,,,,,19993,200
SBT,12. Solicitação dezembro 2023.xls,Relatório Solicitação,,,,,,SONY MUSIC PUBLISHING (BRASIL) EDIÇÕES MUSICAIS LTDA,,,SONY MUSIC PUBLISHING (BRASIL) EDIÇÕES MUSICAIS LTDA,,,,,,,19993,200
SBT,12. Solicitação dezembro 2023.xls,Relatório Solicitação,,,,,,WARNER CHAPPELL EDIÇÕES MUSICAIS LTDA,,,WARNER CHAPPELL EDIÇÕES MUSICAIS LTDA,,,,,,,39986,400
SBT,12. Solicitação dezembro 2023.xls,Relatório Solicitação,,,,,,DIVERSAS,,,DIVERSAS,,,,,,,159943,1599
SBT,12. Solicitação dezembro 2023.xls,Relatório Solicitação,,,,,,SONY MUSIC PUBLISHING (BRASIL) EDIÇÕES MUSICAIS LTDA,,,SONY MUSIC PUBLISHING (BRASIL) EDIÇÕES MUSICAIS LTDA,,,,,,,79971,800
SBT,12. Solicitação dezembro 2023.xls,Relatório Solicitação,,,,,,WARNER CHAPPELL EDIÇÕES MUSICAIS LTDA,,,WARNER CHAPPELL EDIÇÕES MUSICAIS LTDA,,,,,,,39986,400
SBT,12. Solicitação dezembro 2023.xls,Relatório Solicitação,,,,,,SONY MUSIC PUBLISHING (BRASIL) EDIÇÕES MUSICAIS LTDA,,,SONY MUSIC PUBLISHING (BRASIL) EDIÇÕES MUSICAIS LTDA,,,,,,,39986,400
SBT,12. Solicitação dezembro 2023.xls,Relatório Solicitação,,,,,,DIVERSAS,,,DIVERSAS,,,,,,,159943,1599
SBT,12. Solicitação dezembro 2023.xls,Relatório Solicitação,,,,,,DIVERSAS,,,DIVERSAS,,,,,,,159943,1599
SBT,12. Solicitação dezembro 2023.xls,Relatório Solicitação,,,,,,PEERMUSIC DO BRASIL EDIÇÕES MUSICAIS LTDA,,,PEERMUSIC DO BRASIL EDIÇÕES MUSICAIS LTDA,,,,,,,79971,800
SBT,12. Solicitação dezembro 2023.xls,Relatório Solicitação,,,,,,DIVERSAS,,,DIVERSAS,,,,,,,79971,800
SBT,12. Solicitação dezembro 2023.xls,Relatório Solicitação,,,,,,DIVERSAS,,,DIVERSAS,,,,,,,159943,1599
SBT,12. Solicitação dezembro 2023.xls,Relatório Solicitação,,,,,,UNIVERSAL MUSIC PUBLISHING MGB BRASIL LTDA,,,UNIVERSAL MUSIC PUBLISHING MGB BRASIL LTDA,,,,,,,59979,600
SBT,12. Solicitação dezembro 2023.xls,Relatório Solicitação,,,,,,SONY MUSIC PUBLISHING (BRASIL) EDIÇÕES MUSICAIS LTDA,,,SONY MUSIC PUBLISHING (BRASIL) EDIÇÕES MUSICAIS LTDA,,,,,,,99964,1000
SBT,12. Solicitação dezembro 2023.xls,Relatório Solicitação,,,,,,DIVERSAS,,,DIVERSAS,,,,,,,79971,800
SBT,12. Solicitação dezembro 2023.xls,Relatório Solicitação,,,,,,PEERMUSIC DO BRASIL EDIÇÕES MUSICAIS LTDA,,,PEERMUSIC DO BRASIL EDIÇÕES MUSICAIS LTDA,,,,,,,79971,800
SBT,12. Solicitação dezembro 2023.xls,Relatório Solicitação,,,,,,SONY MUSIC PUBLISHING (BRASIL) EDIÇÕES MUSICAIS LTDA,,,SONY MUSIC PUBLISHING (BRASIL) EDIÇÕES MUSICAIS LTDA,,,,,,,79971,800
SBT,12. Solicitação dezembro 2023.xls,Relatório Solicitação,,,,,,DIVERSAS,,,DIVERSAS,,,,,,,79971,800
SBT,12. Solicitação dezembro 2023.xls,Relatório Solicitação,,,,,,UNIVERSAL MUSIC PUBLISHING MGB BRASIL LTDA,,,UNIVERSAL MUSIC PUBLISHING MGB BRASIL LTDA,,,,,,,79971,800
SBT,12. Solicitação dezembro 2023.xls,Relatório Solicitação,,,,,,UNIVERSAL MUSIC PUBLISHING MGB BRASIL LTDA,,,UNIVERSAL MUSIC PUBLISHING MGB BRASIL LTDA,,,,,,,79971,800
SBT,12. Solicitação dezembro 2023.xls,Relatório Solicitação,,,,,,SONY MUSIC PUBLISHING (BRASIL) EDIÇÕES MUSICAIS LTDA,,,SONY MUSIC PUBLISHING (BRASIL) EDIÇÕES MUSICAIS LTDA,,,,,,,79971,800
SBT,12. Solicitação dezembro 2023.xls,Relatório Solicitação,,,,,,BMG RIGHTS MANAGEMENT BRASIL LTDA,,,BMG RIGHTS MANAGEMENT BRASIL LTDA,,,,,,,79971,800
SBT,12. Solicitação dezembro 2023.xls,Relatório Solicitação,,,,,,BMG RIGHTS MANAGEMENT BRASIL LTDA,,,BMG RIGHTS MANAGEMENT BRASIL LTDA,,,,,,,79971,800
SBT,12. Solicitação dezembro 2023.xls,Relatório Solicitação,,,,,,UNIVERSAL MUSIC PUBLISHING MGB BRASIL LTDA,,,UNIVERSAL MUSIC PUBLISHING MGB BRASIL LTDA,,,,,,,26654,267
SBT,12. Solicitação dezembro 2023.xls,Relatório Solicitação,,,,,,JULIANA FAKRI DE ASSIS EPP,,,JULIANA FAKRI DE ASSIS EPP,,,,,,,26662,267
SBT,12. Solicitação dezembro 2023.xls,Relatório Solicitação,,,,,,WARNER CHAPPELL EDIÇÕES MUSICAIS LTDA,,,WARNER CHAPPELL EDIÇÕES MUSICAIS LTDA,,,,,,,26654,267
SBT,12. Solicitação dezembro 2023.xls,Relatório Solicitação,,,,,,UNIVERSAL MUSIC PUBLISHING MGB BRASIL LTDA,,,UNIVERSAL MUSIC PUBLISHING MGB BRASIL LTDA,,,,,,,79971,800
SBT,12. Solicitação dezembro 2023.xls,Relatório Solicitação,,,,,,DIVERSAS,,,DIVERSAS,,,,,,,79971,800
SBT,12. Solicitação dezembro 2023.xls,Relatório Solicitação,,,,,,WARNER CHAPPELL EDIÇÕES MUSICAIS LTDA,,,WARNER CHAPPELL EDIÇÕES MUSICAIS LTDA,,,,,,,159943,1599
SBT,12. Solicitação dezembro 2023.xls,Relatório Solicitação,,,,,,DIVERSAS,,,DIVERSAS,,,,,,,159943,1599
SBT,12. Solicitação dezembro 2023.xls,Relatório Solicitação,,,,,,UNIVERSAL MUSIC PUBLISHING MGB BRASIL LTDA,,,UNIVERSAL MUSIC PUBLISHING MGB BRASIL LTDA,,,,,,,159943,1599
SBT,12. Solicitação dezembro 2023.xls,Relatório Solicitação,,,,,,UNIVERSAL MUSIC PUBLISHING MGB BRASIL LTDA,,,UNIVERSAL MUSIC PUBLISHING MGB BRASIL LTDA,,,,,,,159943,1599
SBT,12. Solicitação dezembro 2023.xls,Relatório Solicitação,,,,,,SONY MUSIC PUBLISHING (BRASIL) EDIÇÕES MUSICAIS LTDA,,,SONY MUSIC PUBLISHING (BRASIL) EDIÇÕES MUSICAIS LTDA,,,,,,,159943,1599
SBT,12. Solicitação dezembro 2023.xls,Relatório Solicitação,,,,,,MEGA PRODUÇÕES ARTISTICAS LTDA,,,MEGA PRODUÇÕES ARTISTICAS LTDA,,,,,,,31989,320
SBT,12. Solicitação dezembro 2023.xls,Relatório Solicitação,,,,,,EDITORA MUSICAL WALERIA LEÃO LTDA ME,,,EDITORA MUSICAL WALERIA LEÃO LTDA ME,,,,,,,31989,320
SBT,12. Solicitação dezembro 2023.xls,Relatório Solicitação,,,,,,ABRAMUS DIGITAL SERV. IDENT. REPERTÓRIO,,,ABRAMUS DIGITAL SERV. IDENT. REPERTÓRIO,,,,,,,95966,960
SBT,12. Solicitação dezembro 2023.xls,Relatório Solicitação,,,,,,UNIVERSAL MUSIC PUBLISHING MGB BRASIL LTDA,,,UNIVERSAL MUSIC PUBLISHING MGB BRASIL LTDA,,,,,,,159943,1599
SBT,12. Solicitação dezembro 2023.xls,Relatório Solicitação,,,,,,DIVERSAS,,,DIVERSAS,,,,,,,53325,533
SBT,12. Solicitação dezembro 2023.xls,Relatório Solicitação,,,,,,THIAGO ABDULAHAD NUNES RIOS ME,,,THIAGO ABDULAHAD NUNES RIOS ME,,,,,,,106618,1066
SBT,12. Solicitação dezembro 2023.xls,Relatório Solicitação,,,,,,UNIVERSAL MUSIC PUBLISHING MGB BRASIL LTDA,,,UNIVERSAL MUSIC PUBLISHING MGB BRASIL LTDA,,,,,,,79972,800
SBT,12. Solicitação dezembro 2023.xls,Relatório Solicitação,,,,,,SONY MUSIC PUBLISHING (BRASIL) EDIÇÕES MUSICAIS LTDA,,,SONY MUSIC PUBLISHING (BRASIL) EDIÇÕES MUSICAIS LTDA,,,,,,,79972,800
SBT,12. Solicitação dezembro 2023.xls,Relatório Solicitação,,,,,,SONY MUSIC PUBLISHING (BRASIL) EDIÇÕES MUSICAIS LTDA,,,SONY MUSIC PUBLISHING (BRASIL) EDIÇÕES MUSICAIS LTDA,,,,,,,159943,1599
SBT,12. Solicitação dezembro 2023.xls,Relatório Solicitação,,,,,,BMG RIGHTS MANAGEMENT BRASIL LTDA,,,BMG RIGHTS MANAGEMENT BRASIL LTDA,,,,,,,53853,539
SBT,12. Solicitação dezembro 2023.xls,Relatório Solicitação,,,,,,DIVERSAS,,,DIVERSAS,,,,,,,79972,800
SBT,12. Solicitação dezembro 2023.xls,Relatório Solicitação,,,,,,WARNER CHAPPELL EDIÇÕES MUSICAIS LTDA,,,WARNER CHAPPELL EDIÇÕES MUSICAIS LTDA,,,,,,,26119,261
SBT,12. Solicitação dezembro 2023.xls,Relatório Solicitação,,,,,,UNIVERSAL MUSIC PUBLISHING MGB BRASIL LTDA,,,UNIVERSAL MUSIC PUBLISHING MGB BRASIL LTDA,,,,,,,53325,533
SBT,12. Solicitação dezembro 2023.xls,Relatório Solicitação,,,,,,WARNER CHAPPELL EDIÇÕES MUSICAIS LTDA,,,WARNER CHAPPELL EDIÇÕES MUSICAIS LTDA,,,,,,,106618,1066
SBT,12. Solicitação dezembro 2023.xls,Relatório Solicitação,,,,,,GEMA EDITORA COMÉRCIO E DISTRIBUIÇÃO EIRELLI - EPP,,,GEMA EDITORA COMÉRCIO E DISTRIBUIÇÃO EIRELLI - EPP,,,,,,,79971,800
SBT,12. Solicitação dezembro 2023.xls,Relatório Solicitação,,,,,,UNIVERSAL MUSIC PUBLISHING MGB BRASIL LTDA,,,UNIVERSAL MUSIC PUBLISHING MGB BRASIL LTDA,,,,,,,79971,800
SBT,12. Solicitação dezembro 2023.xls,Relatório Solicitação,,,,,,WARNER CHAPPELL EDIÇÕES MUSICAIS LTDA,,,WARNER CHAPPELL EDIÇÕES MUSICAIS LTDA,,,,,,,39986,400
SBT,12. Solicitação dezembro 2023.xls,Relatório Solicitação,,,,,,NOWA PRODUÇÕES ARTÍSTICAS LTDA,,,NOWA PRODUÇÕES ARTÍSTICAS LTDA,,,,,,,39986,400
SBT,12. Solicitação dezembro 2023.xls,Relatório Solicitação,,,,,,DIVERSAS,,,DIVERSAS,,,,,,,39986,400
SBT,12. Solicitação dezembro 2023.xls,Relatório Solicitação,,,,,,SONY MUSIC PUBLISHING (BRASIL) EDIÇÕES MUSICAIS LTDA,,,SONY MUSIC PUBLISHING (BRASIL) EDIÇÕES MUSICAIS LTDA,,,,,,,39986,400
SBT,12. Solicitação dezembro 2023.xls,Relatório Solicitação,,,,,,ABRAMUS DIGITAL SERV. IDENT. REPERTÓRIO,,,ABRAMUS DIGITAL SERV. IDENT. REPERTÓRIO,,,,,,,79971,800
SBT,12. Solicitação dezembro 2023.xls,Relatório Solicitação,,,,,,DIVERSAS,,,DIVERSAS,,,,,,,79971,800
SBT,12. Solicitação dezembro 2023.xls,Relatório Solicitação,,,,,,UNIVERSAL MUSIC PUBLISHING MGB BRASIL LTDA,,,UNIVERSAL MUSIC PUBLISHING MGB BRASIL LTDA,,,,,,,53309,533
SBT,12. Solicitação dezembro 2023.xls,Relatório Solicitação,,,,,,DIVERSAS,,,DIVERSAS,,,,,,,106634,1066
SBT,12. Solicitação dezembro 2023.xls,Relatório Solicitação,,,,,,DIVERSAS,,,DIVERSAS,,,,,,,159943,1599
SBT,12. Solicitação dezembro 2023.xls,Relatório Solicitação,,,,,,WARNER CHAPPELL EDIÇÕES MUSICAIS LTDA,,,WARNER CHAPPELL EDIÇÕES MUSICAIS LTDA,,,,,,,7997,80
SBT,12. Solicitação dezembro 2023.xls,Relatório Solicitação,,,,,,DIVERSAS,,,DIVERSAS,,,,,,,151946,1519
SBT,12. Solicitação dezembro 2023.xls,Relatório Solicitação,,,,,,SONY MUSIC PUBLISHING (BRASIL) EDIÇÕES MUSICAIS LTDA,,,SONY MUSIC PUBLISHING (BRASIL) EDIÇÕES MUSICAIS LTDA,,,,,,,159943,1599
SBT,12. Solicitação dezembro 2023.xls,Relatório Solicitação,,,,,,DIVERSAS,,,DIVERSAS,,,,,,,159943,1599
SBT,12. Solicitação dezembro 2023.xls,Relatório Solicitação,,,,,,ABRAMUS DIGITAL SERV. IDENT. REPERTÓRIO,,,ABRAMUS DIGITAL SERV. IDENT. REPERTÓRIO,,,,,,,159943,1599
SBT,12. Solicitação dezembro 2023.xls,Relatório Solicitação,,,,,,UNIVERSAL MUSIC PUBLISHING MGB BRASIL LTDA,,,UNIVERSAL MUSIC PUBLISHING MGB BRASIL LTDA,,,,,,,159943,1599
SBT,12. Solicitação dezembro 2023.xls,Relatório Solicitação,,,,,,"OLÊ OLÁ PROMOÇÕES, EVENTOS E EDIÇÕES MUSICAIS LTDA",,,"OLÊ OLÁ PROMOÇÕES, EVENTOS E EDIÇÕES MUSICAIS LTDA",,,,,,,159943,1599
SBT,12. Solicitação dezembro 2023.xls,Relatório Solicitação,,,,,,WARNER CHAPPELL EDIÇÕES MUSICAIS LTDA,,,WARNER CHAPPELL EDIÇÕES MUSICAIS LTDA,,,,,,,79971,800
SBT,12. Solicitação dezembro 2023.xls,Relatório Solicitação,,,,,,DIVERSAS,,,DIVERSAS,,,,,,,79971,800
SBT,12. Solicitação dezembro 2023.xls,Relatório Solicitação,,,,,,GEGE EDIÇÕES MUSICAIS LTDA,,,GEGE EDIÇÕES MUSICAIS LTDA,,,,,,,39986,400
SBT,12. Solicitação dezembro 2023.xls,Relatório Solicitação,,,,,,SONY MUSIC PUBLISHING (BRASIL) EDIÇÕES MUSICAIS LTDA,,,SONY MUSIC PUBLISHING (BRASIL) EDIÇÕES MUSICAIS LTDA,,,,,,,39986,400
SBT,12. Solicitação dezembro 2023.xls,Relatório Solicitação,,,,,,PEPATO & PEPATO EMPREENDIMENTOS ARTISTICOS E MUSICAIS,,,PEPATO & PEPATO EMPREENDIMENTOS ARTISTICOS E MUSICAIS,,,,,,,39986,400
SBT,12. Solicitação dezembro 2023.xls,Relatório Solicitação,,,,,,DIVERSAS,,,DIVERSAS,,,,,,,39986,400
SBT,12. Solicitação dezembro 2023.xls,Relatório Solicitação,,,,,,WARNER CHAPPELL EDIÇÕES MUSICAIS LTDA,,,WARNER CHAPPELL EDIÇÕES MUSICAIS LTDA,,,,,,,159943,1599
SBT,12. Solicitação dezembro 2023.xls,Relatório Solicitação,,,,,,DIVERSAS,,,DIVERSAS,,,,,,,79971,800
SBT,12. Solicitação dezembro 2023.xls,Relatório Solicitação,,,,,,UNIVERSAL MUSIC PUBLISHING MGB BRASIL LTDA,,,UNIVERSAL MUSIC PUBLISHING MGB BRASIL LTDA,,,,,,,79971,800
SBT,12. Solicitação dezembro 2023.xls,Relatório Solicitação,,,,,,HIP HOP BRASIL EMPREENDIMENTOS ARTÍSTICOS LTDA,,,HIP HOP BRASIL EMPREENDIMENTOS ARTÍSTICOS LTDA,,,,,,,79971,800
SBT,12. Solicitação dezembro 2023.xls,Relatório Solicitação,,,,,,DIVERSAS,,,DIVERSAS,,,,,,,79971,800
SBT,12. Solicitação dezembro 2023.xls,Relatório Solicitação,,,,,,UNIVERSAL MUSIC PUBLISHING MGB BRASIL LTDA,,,UNIVERSAL MUSIC PUBLISHING MGB BRASIL LTDA,,,,,,,159943,1599
SBT,12. Solicitação dezembro 2023.xls,Relatório Solicitação,,,,,,WARNER CHAPPELL EDIÇÕES MUSICAIS LTDA,,,WARNER CHAPPELL EDIÇÕES MUSICAIS LTDA,,,,,,,119957,1200
SBT,12. Solicitação dezembro 2023.xls,Relatório Solicitação,,,,,,SONY MUSIC PUBLISHING (BRASIL) EDIÇÕES MUSICAIS LTDA,,,SONY MUSIC PUBLISHING (BRASIL) EDIÇÕES MUSICAIS LTDA,,,,,,,39986,400
SBT,12. Solicitação dezembro 2023.xls,Relatório Solicitação,,,,,,SONY MUSIC PUBLISHING (BRASIL) EDIÇÕES MUSICAIS LTDA,,,SONY MUSIC PUBLISHING (BRASIL) EDIÇÕES MUSICAIS LTDA,,,,,,,159943,1599
SBT,12. Solicitação dezembro 2023.xls,Relatório Solicitação,,,,,,DIVERSAS,,,DIVERSAS,,,,,,,159943,1599
SBT,12. Solicitação dezembro 2023.xls,Relatório Solicitação,,,,,,DIVERSAS,,,DIVERSAS,,,,,,,159943,1599
SBT,12. Solicitação dezembro 2023.xls,Relatório Solicitação,,,,,,DIVERSAS,,,DIVERSAS,,,,,,,79971,800
SBT,12. Solicitação dezembro 2023.xls,Relatório Solicitação,,,,,,DIVERSAS,,,DIVERSAS,,,,,,,79971,800
SBT,12. Solicitação dezembro 2023.xls,Relatório Solicitação,,,,,,DIVERSAS,,,DIVERSAS,,,,,,,79971,800
SBT,12. Solicitação dezembro 2023.xls,Relatório Solicitação,,,,,,DIVERSAS,,,DIVERSAS,,,,,,,79971,800
SBT,12. Solicitação dezembro 2023.xls,Relatório Solicitação,,,,,,DIVERSAS,,,DIVERSAS,,,,,,,79971,800
SBT,12. Solicitação dezembro 2023.xls,Relatório Solicitação,,,,,,DIVERSAS,,,DIVERSAS,,,,,,,79972,800
SBT,12. Solicitação dezembro 2023.xls,Relatório Solicitação,,,,,,PEERMUSIC DO BRASIL EDIÇÕES MUSICAIS LTDA,,,PEERMUSIC DO BRASIL EDIÇÕES MUSICAIS LTDA,,,,,,,79972,800
SBT,12. Solicitação dezembro 2023.xls,Relatório Solicitação,,,,,,WORLDSHOW PROMOÇÕES E EVENTOS,,,WORLDSHOW PROMOÇÕES E EVENTOS,,,,,,,26662,267
SBT,12. Solicitação dezembro 2023.xls,Relatório Solicitação,,,,,,UNIVERSAL MUSIC PUBLISHING MGB BRASIL LTDA,,,UNIVERSAL MUSIC PUBLISHING MGB BRASIL LTDA,,,,,,,26662,267
SBT,12. Solicitação dezembro 2023.xls,Relatório Solicitação,,,,,,DECK PRODUÇÕES ARTÍSTICAS LTDA,,,DECK PRODUÇÕES ARTÍSTICAS LTDA,,,,,,,26646,266
SBT,12. Solicitação dezembro 2023.xls,Relatório Solicitação,,,,,,DIVERSAS,,,DIVERSAS,,,,,,,79971,800
SBT,12. Solicitação dezembro 2023.xls,Relatório Solicitação,,,,,,EDITORA E IMPORTADORA MUSICAL FERMATA DO BRASIL LTDA,,,EDITORA E IMPORTADORA MUSICAL FERMATA DO BRASIL LTDA,,,,,,,79971,800
SBT,12. Solicitação dezembro 2023.xls,Relatório Solicitação,,,,,,ROCKING GORILLA MUSIC LTDA,,,ROCKING GORILLA MUSIC LTDA,,,,,,,39986,400
SBT,12. Solicitação dezembro 2023.xls,Relatório Solicitação,,,,,,SONY MUSIC PUBLISHING (BRASIL) EDIÇÕES MUSICAIS LTDA,,,SONY MUSIC PUBLISHING (BRASIL) EDIÇÕES MUSICAIS LTDA,,,,,,,39986,400
SBT,12. Solicitação dezembro 2023.xls,Relatório Solicitação,,,,,,INDIE PUBLISHING LTDA,,,INDIE PUBLISHING LTDA,,,,,,,79971,800
SBT,12. Solicitação dezembro 2023.xls,Relatório Solicitação,,,,,,DIVERSAS,,,DIVERSAS,,,,,,,79971,800
SBT,12. Solicitação dezembro 2023.xls,Relatório Solicitação,,,,,,WARNER CHAPPELL EDIÇÕES MUSICAIS LTDA,,,WARNER CHAPPELL EDIÇÕES MUSICAIS LTDA,,,,,,,53309,533
SBT,12. Solicitação dezembro 2023.xls,Relatório Solicitação,,,,,,SONY MUSIC PUBLISHING (BRASIL) EDIÇÕES MUSICAIS LTDA,,,SONY MUSIC PUBLISHING (BRASIL) EDIÇÕES MUSICAIS LTDA,,,,,,,26662,267
SBT,12. Solicitação dezembro 2023.xls,Relatório Solicitação,,,,,,PEERMUSIC DO BRASIL EDIÇÕES MUSICAIS LTDA,,,PEERMUSIC DO BRASIL EDIÇÕES MUSICAIS LTDA,,,,,,,79971,800
SBT,12. Solicitação dezembro 2023.xls,Relatório Solicitação,,,,,,UNIVERSAL MUSIC PUBLISHING MGB BRASIL LTDA,,,UNIVERSAL MUSIC PUBLISHING MGB BRASIL LTDA,,,,,,,39986,400
SBT,12. Solicitação dezembro 2023.xls,Relatório Solicitação,,,,,,SONY MUSIC PUBLISHING (BRASIL) EDIÇÕES MUSICAIS LTDA,,,SONY MUSIC PUBLISHING (BRASIL) EDIÇÕES MUSICAIS LTDA,,,,,,,39986,400
SBT,12. Solicitação dezembro 2023.xls,Relatório Solicitação,,,,,,PEERMUSIC DO BRASIL EDIÇÕES MUSICAIS LTDA,,,PEERMUSIC DO BRASIL EDIÇÕES MUSICAIS LTDA,,,,,,,79971,800
SBT,12. Solicitação dezembro 2023.xls,Relatório Solicitação,,,,,,ADDAF - ASS. DEF. DIREITOS AUTORAIS FONOMECÂNICOS,,,ADDAF - ASS. DEF. DIREITOS AUTORAIS FONOMECÂNICOS,,,,,,,79971,800
SBT,12. Solicitação dezembro 2023.xls,Relatório Solicitação,,,,,,DIVERSAS,,,DIVERSAS,,,,,,,79971,800
SBT,12. Solicitação dezembro 2023.xls,Relatório Solicitação,,,,,,WARNER CHAPPELL EDIÇÕES MUSICAIS LTDA,,,WARNER CHAPPELL EDIÇÕES MUSICAIS LTDA,,,,,,,79971,800
SBT,12. Solicitação dezembro 2023.xls,Relatório Solicitação,,,,,,IRMÃOS VITALE EDITORES LTDA,,,IRMÃOS VITALE EDITORES LTDA,,,,,,,79971,800
SBT,12. Solicitação dezembro 2023.xls,Relatório Solicitação,,,,,,PEERMUSIC DO BRASIL EDIÇÕES MUSICAIS LTDA,,,PEERMUSIC DO BRASIL EDIÇÕES MUSICAIS LTDA,,,,,,,79971,800
SBT,12. Solicitação dezembro 2023.xls,Relatório Solicitação,,,,,,DIVERSAS,,,DIVERSAS,,,,,,,159943,1599
SBT,12. Solicitação dezembro 2023.xls,Relatório Solicitação,,,,,,DECK PRODUÇÕES ARTÍSTICAS LTDA,,,DECK PRODUÇÕES ARTÍSTICAS LTDA,,,,,,,159943,1599
SBT,12. Solicitação dezembro 2023.xls,Relatório Solicitação,,,,,,DIVERSAS,,,DIVERSAS,,,,,,,159943,1599
SBT,12. Solicitação dezembro 2023.xls,Relatório Solicitação,,,,,,WARNER CHAPPELL EDIÇÕES MUSICAIS LTDA,,,WARNER CHAPPELL EDIÇÕES MUSICAIS LTDA,,,,,,,31989,320
SBT,12. Solicitação dezembro 2023.xls,Relatório Solicitação,,,,,,EDITORA E IMPORTADORA MUSICAL FERMATA DO BRASIL LTDA,,,EDITORA E IMPORTADORA MUSICAL FERMATA DO BRASIL LTDA,,,,,,,159943,1599
SBT,12. Solicitação dezembro 2023.xls,Relatório Solicitação,,,,,,ARAÚJO & OLIVEIRA EDIÇÕES MUSICAIS LTDA ME,,,ARAÚJO & OLIVEIRA EDIÇÕES MUSICAIS LTDA ME,,,,,,,39986,400
SBT,12. Solicitação dezembro 2023.xls,Relatório Solicitação,,,,,,PÉ DE VERSO LTDA,,,PÉ DE VERSO LTDA,,,,,,,39986,400
SBT,12. Solicitação dezembro 2023.xls,Relatório Solicitação,,,,,,WARNER CHAPPELL EDIÇÕES MUSICAIS LTDA,,,WARNER CHAPPELL EDIÇÕES MUSICAIS LTDA,,,,,,,79972,800
SBT,12. Solicitação dezembro 2023.xls,Relatório Solicitação,,,,,,TRÊS PONTAS EDIÇÕES MUSICAIS LTDA.,,,TRÊS PONTAS EDIÇÕES MUSICAIS LTDA.,,,,,,,79972,800
SBT,12. Solicitação dezembro 2023.xls,Relatório Solicitação,,,,,,UNIVERSAL MUSIC PUBLISHING MGB BRASIL LTDA,,,UNIVERSAL MUSIC PUBLISHING MGB BRASIL LTDA,,,,,,,79972,800
SBT,12. Solicitação dezembro 2023.xls,Relatório Solicitação,,,,,,JULIANA FAKRI DE ASSIS EPP,,,JULIANA FAKRI DE ASSIS EPP,,,,,,,159943,1599
SBT,12. Solicitação dezembro 2023.xls,Relatório Solicitação,,,,,,WARNER/CHAPPELL EDIÇÕES MUSICAIS LTDA,,,WARNER/CHAPPELL EDIÇÕES MUSICAIS LTDA,,,,,,,159943,1599
SBT,12. Solicitação dezembro 2023.xls,Relatório Solicitação,,,,,,SONY MUSIC PUBLISHING (BRASIL) EDIÇÕES MUSICAIS LTDA,,,SONY MUSIC PUBLISHING (BRASIL) EDIÇÕES MUSICAIS LTDA,,,,,,,159943,1599
SBT,12. Solicitação dezembro 2023.xls,Relatório Solicitação,,,,,,SONY MUSIC PUBLISHING (BRASIL) EDIÇÕES MUSICAIS LTDA,,,SONY MUSIC PUBLISHING (BRASIL) EDIÇÕES MUSICAIS LTDA,,,,,,,159943,1599
SBT,12. Solicitação dezembro 2023.xls,Relatório Solicitação,,,,,,SONY MUSIC PUBLISHING (BRASIL) EDIÇÕES MUSICAIS LTDA,,,SONY MUSIC PUBLISHING (BRASIL) EDIÇÕES MUSICAIS LTDA,,,,,,,159943,1599
SBT,12. Solicitação dezembro 2023.xls,Relatório Solicitação,,,,,,SONY MUSIC PUBLISHING (BRASIL) EDIÇÕES MUSICAIS LTDA,,,SONY MUSIC PUBLISHING (BRASIL) EDIÇÕES MUSICAIS LTDA,,,,,,,159943,1599
SBT,12. Solicitação dezembro 2023.xls,Relatório Solicitação,,,,,,DIVERSAS,,,DIVERSAS,,,,,,,159943,1599
SBT,12. Solicitação dezembro 2023.xls,Relatório Solicitação,,,,,,DIVERSAS,,,DIVERSAS,,,,,,,159943,1599
SBT,12. Solicitação dezembro 2023.xls,Relatório Solicitação,,,,,,WARNER CHAPPELL EDIÇÕES MUSICAIS LTDA,,,WARNER CHAPPELL EDIÇÕES MUSICAIS LTDA,,,,,,,159943,1599
SBT,12. Solicitação dezembro 2023.xls,Relatório Solicitação,,,,,,WARNER CHAPPELL EDIÇÕES MUSICAIS LTDA,,,WARNER CHAPPELL EDIÇÕES MUSICAIS LTDA,,,,,,,159943,1599
SBT,12. Solicitação dezembro 2023.xls,Relatório Solicitação,,,,,,UNIVERSAL MUSIC PUBLISHING MGB BRASIL LTDA,,,UNIVERSAL MUSIC PUBLISHING MGB BRASIL LTDA,,,,,,,53309,533
SBT,12. Solicitação dezembro 2023.xls,Relatório Solicitação,,,,,,PEERMUSIC DO BRASIL EDIÇÕES MUSICAIS LTDA,,,PEERMUSIC DO BRASIL EDIÇÕES MUSICAIS LTDA,,,,,,,106634,1066
SBT,12. Solicitação dezembro 2023.xls,Relatório Solicitação,,,,,,DUETO EDIÇÕES MUSICAIS LTDA.,,,DUETO EDIÇÕES MUSICAIS LTDA.,,,,,,,79972,800
SBT,12. Solicitação dezembro 2023.xls,Relatório Solicitação,,,,,,SONY MUSIC PUBLISHING (BRASIL) EDIÇÕES MUSICAIS LTDA,,,SONY MUSIC PUBLISHING (BRASIL) EDIÇÕES MUSICAIS LTDA,,,,,,,79972,800
SBT,12. Solicitação dezembro 2023.xls,Relatório Solicitação,,,,,,UNIVERSAL MUSIC PUBLISHING MGB BRASIL LTDA,,,UNIVERSAL MUSIC PUBLISHING MGB BRASIL LTDA,,,,,,,79972,800
SBT,12. Solicitação dezembro 2023.xls,Relatório Solicitação,,,,,,WARNER CHAPPELL EDIÇÕES MUSICAIS LTDA,,,WARNER CHAPPELL EDIÇÕES MUSICAIS LTDA,,,,,,,79972,800
SBT,12. Solicitação dezembro 2023.xls,Relatório Solicitação,,,,,,ABRAMUS DIGITAL SERV. IDENT. REPERTÓRIO,,,ABRAMUS DIGITAL SERV. IDENT. REPERTÓRIO,,,,,,,79971,800
SBT,12. Solicitação dezembro 2023.xls,Relatório Solicitação,,,,,,NOWA PRODUÇÕES ARTÍSTICAS LTDA,,,NOWA PRODUÇÕES ARTÍSTICAS LTDA,,,,,,,159943,1599
SBT,12. Solicitação dezembro 2023.xls,Relatório Solicitação,,,,,,EDITORA MUSICAL PANTTANAL LTDA,,,EDITORA MUSICAL PANTTANAL LTDA,,,,,,,79972,800
SBT,12. Solicitação dezembro 2023.xls,Relatório Solicitação,,,,,,DIVERSAS,,,DIVERSAS,,,,,,,79972,800
SBT,12. Solicitação dezembro 2023.xls,Relatório Solicitação,,,,,,IRMÃOS VITALE EDITORES LTDA,,,IRMÃOS VITALE EDITORES LTDA,,,,,,,79971,800
SBT,12. Solicitação dezembro 2023.xls,Relatório Solicitação,,,,,,IRMÃOS VITALE EDITORES LTDA,,,IRMÃOS VITALE EDITORES LTDA,,,,,,,159943,1599
SBT,12. Solicitação dezembro 2023.xls,Relatório Solicitação,,,,,,FUSION MUSIC EDIÇÕES MUSICAIS LTDA,,,FUSION MUSIC EDIÇÕES MUSICAIS LTDA,,,,,,,159943,1599
SBT,12. Solicitação dezembro 2023.xls,Relatório Solicitação,,,,,,MAC MAC PRODUÇÕES ARTÍSTICAS LTDA.,,,MAC MAC PRODUÇÕES ARTÍSTICAS LTDA.,,,,,,,79971,800
SBT,12. Solicitação dezembro 2023.xls,Relatório Solicitação,,,,,,UNIVERSAL MUSIC PUBLISHING MGB BRASIL LTDA,,,UNIVERSAL MUSIC PUBLISHING MGB BRASIL LTDA,,,,,,,79971,800
SBT,12. Solicitação dezembro 2023.xls,Relatório Solicitação,,,,,,IRMÃOS VITALE EDITORES LTDA,,,IRMÃOS VITALE EDITORES LTDA,,,,,,,79971,800
SBT,12. Solicitação dezembro 2023.xls,Relatório Solicitação,,,,,,DUBAS MÚSICA LTDA,,,DUBAS MÚSICA LTDA,,,,,,,79971,800
SBT,12. Solicitação dezembro 2023.xls,Relatório Solicitação,,,,,,DIVERSAS,,,DIVERSAS,,,,,,,79971,800
SBT,12. Solicitação dezembro 2023.xls,Relatório Solicitação,,,,,,UNIVERSAL MUSIC PUBLISHING MGB BRASIL LTDA,,,UNIVERSAL MUSIC PUBLISHING MGB BRASIL LTDA,,,,,,,79971,800
SBT,12. Solicitação dezembro 2023.xls,Relatório Solicitação,,,,,,DIVERSAS,,,DIVERSAS,,,,,,,79971,800
SBT,12. Solicitação dezembro 2023.xls,Relatório Solicitação,,,,,,DIVERSAS,,,DIVERSAS,,,,,,,79971,800
SBT,12. Solicitação dezembro 2023.xls,Relatório Solicitação,,,,,,DIVERSAS,,,DIVERSAS,,,,,,,79971,800
SBT,12. Solicitação dezembro 2023.xls,Relatório Solicitação,,,,,,DIVERSAS,,,DIVERSAS,,,,,,,159943,1599
SBT,12. Solicitação dezembro 2023.xls,Relatório Solicitação,,,,,,WARNER CHAPPELL EDIÇÕES MUSICAIS LTDA,,,WARNER CHAPPELL EDIÇÕES MUSICAIS LTDA,,,,,,,39986,400
SBT,12. Solicitação dezembro 2023.xls,Relatório Solicitação,,,,,,DIVERSAS,,,DIVERSAS,,,,,,,39986,400
SBT,12. Solicitação dezembro 2023.xls,Relatório Solicitação,,,,,,PEERMUSIC DO BRASIL EDIÇÕES MUSICAIS LTDA,,,PEERMUSIC DO BRASIL EDIÇÕES MUSICAIS LTDA,,,,,,,79971,800
SBT,12. Solicitação dezembro 2023.xls,Relatório Solicitação,,,,,,WARNER CHAPPELL EDIÇÕES MUSICAIS LTDA,,,WARNER CHAPPELL EDIÇÕES MUSICAIS LTDA,,,,,,,39986,400
SBT,12. Solicitação dezembro 2023.xls,Relatório Solicitação,,,,,,DIVERSAS,,,DIVERSAS,,,,,,,39986,400
SBT,12. Solicitação dezembro 2023.xls,Relatório Solicitação,,,,,,DIVERSAS,,,DIVERSAS,,,,,,,159943,1599
SBT,12. Solicitação dezembro 2023.xls,Relatório Solicitação,,,,,,PEERMUSIC DO BRASIL EDIÇÕES MUSICAIS LTDA,,,PEERMUSIC DO BRASIL EDIÇÕES MUSICAIS LTDA,,,,,,,37370,374
SBT,12. Solicitação dezembro 2023.xls,Relatório Solicitação,,,,,,SONY MUSIC PUBLISHING (BRASIL) EDIÇÕES MUSICAIS LTDA,,,SONY MUSIC PUBLISHING (BRASIL) EDIÇÕES MUSICAIS LTDA,,,,,,,37370,374
SBT,12. Solicitação dezembro 2023.xls,Relatório Solicitação,,,,,,DIVERSAS,,,DIVERSAS,,,,,,,24915,249
SBT,12. Solicitação dezembro 2023.xls,Relatório Solicitação,,,,,,SONY MUSIC PUBLISHING (BRASIL) EDIÇÕES MUSICAIS LTDA,,,SONY MUSIC PUBLISHING (BRASIL) EDIÇÕES MUSICAIS LTDA,,,,,,,12455,125
SBT,12. Solicitação dezembro 2023.xls,Relatório Solicitação,,,,,,CACO DISCO PRODUÇÃO LTDA,,,CACO DISCO PRODUÇÃO LTDA,,,,,,,37370,374
SBT,12. Solicitação dezembro 2023.xls,Relatório Solicitação,,,,,,DIVERSAS,,,DIVERSAS,,,,,,,37370,374
SBT,12. Solicitação dezembro 2023.xls,Relatório Solicitação,,,,,,DIVERSAS,,,DIVERSAS,,,,,,,37370,374
SBT,12. Solicitação dezembro 2023.xls,Relatório Solicitação,,,,,,SONY MUSIC PUBLISHING (BRASIL) EDIÇÕES MUSICAIS LTDA,,,SONY MUSIC PUBLISHING (BRASIL) EDIÇÕES MUSICAIS LTDA,,,,,,,37370,374
SBT,12. Solicitação dezembro 2023.xls,Relatório Solicitação,,,,,,WARNER CHAPPELL EDIÇÕES MUSICAIS LTDA,,,WARNER CHAPPELL EDIÇÕES MUSICAIS LTDA,,,,,,,37370,374
SBT,12. Solicitação dezembro 2023.xls,Relatório Solicitação,,,,,,WARNER/CHAPPELL EDIÇÕES MUSICAIS LTDA,,,WARNER/CHAPPELL EDIÇÕES MUSICAIS LTDA,,,,,,,37370,374
SBT,12. Solicitação dezembro 2023.xls,Relatório Solicitação,,,,,,EDITORA E IMPORTADORA MUSICAL FERMATA DO BRASIL LTDA,,,EDITORA E IMPORTADORA MUSICAL FERMATA DO BRASIL LTDA,,,,,,,37370,374
SBT,12. Solicitação dezembro 2023.xls,Relatório Solicitação,,,,,,PEERMUSIC DO BRASIL EDIÇÕES MUSICAIS LTDA,,,PEERMUSIC DO BRASIL EDIÇÕES MUSICAIS LTDA,,,,,,,9342,93
SBT,12. Solicitação dezembro 2023.xls,Relatório Solicitação,,,,,,WARNER CHAPPELL EDIÇÕES MUSICAIS LTDA,,,WARNER CHAPPELL EDIÇÕES MUSICAIS LTDA,,,,,,,9342,93
SBT,12. Solicitação dezembro 2023.xls,Relatório Solicitação,,,,,,UNIVERSAL MUSIC PUBLISHING MGB BRASIL LTDA,,,UNIVERSAL MUSIC PUBLISHING MGB BRASIL LTDA,,,,,,,9342,93
SBT,12. Solicitação dezembro 2023.xls,Relatório Solicitação,,,,,,DIVERSAS,,,DIVERSAS,,,,,,,9342,93
SBT,12. Solicitação dezembro 2023.xls,Relatório Solicitação,,,,,,DIVERSAS,,,DIVERSAS,,,,,,,37370,374
SBT,12. Solicitação dezembro 2023.xls,Relatório Solicitação,,,,,,SONY MUSIC PUBLISHING (BRASIL) EDIÇÕES MUSICAIS LTDA,,,SONY MUSIC PUBLISHING (BRASIL) EDIÇÕES MUSICAIS LTDA,,,,,,,37370,374
SBT,12. Solicitação dezembro 2023.xls,Relatório Solicitação,,,,,,MK MUSIC EDIÇÕES MUSICAIS LTDA,,,MK MUSIC EDIÇÕES MUSICAIS LTDA,,,,,,,37370,374
SBT,12. Solicitação dezembro 2023.xls,Relatório Solicitação,,,,,,BMG RIGHTS MANAGEMENT BRASIL LTDA,,,BMG RIGHTS MANAGEMENT BRASIL LTDA,,,,,,,37370,374
SBT,12. Solicitação dezembro 2023.xls,Relatório Solicitação,,,,,,EDITORA E IMPORTADORA MUSICAL FERMATA DO BRASIL LTDA,,,EDITORA E IMPORTADORA MUSICAL FERMATA DO BRASIL LTDA,,,,,,,37370,374
SBT,12. Solicitação dezembro 2023.xls,Relatório Solicitação,,,,,,BMG RIGHTS MANAGEMENT BRASIL LTDA,,,BMG RIGHTS MANAGEMENT BRASIL LTDA,,,,,,,24911,249
SBT,12. Solicitação dezembro 2023.xls,Relatório Solicitação,,,,,,WARNER CHAPPELL EDIÇÕES MUSICAIS LTDA,,,WARNER CHAPPELL EDIÇÕES MUSICAIS LTDA,,,,,,,12459,125
SBT,12. Solicitação dezembro 2023.xls,Relatório Solicitação,,,,,,SONY MUSIC PUBLISHING (BRASIL) EDIÇÕES MUSICAIS LTDA,,,SONY MUSIC PUBLISHING (BRASIL) EDIÇÕES MUSICAIS LTDA,,,,,,,79971,800
SBT,12. Solicitação dezembro 2023.xls,Relatório Solicitação,,,,,,DIVERSAS,,,DIVERSAS,,,,,,,79971,800
SBT,12. Solicitação dezembro 2023.xls,Relatório Solicitação,,,,,,BMG RIGHTS MANAGEMENT BRASIL LTDA,,,BMG RIGHTS MANAGEMENT BRASIL LTDA,,,,,,,11996,120
SBT,12. Solicitação dezembro 2023.xls,Relatório Solicitação,,,,,,ABRAMUS DIGITAL SERV. IDENT. REPERTÓRIO,,,ABRAMUS DIGITAL SERV. IDENT. REPERTÓRIO,,,,,,,51981,520
SBT,12. Solicitação dezembro 2023.xls,Relatório Solicitação,,,,,,WARNER CHAPPELL EDIÇÕES MUSICAIS LTDA,,,WARNER CHAPPELL EDIÇÕES MUSICAIS LTDA,,,,,,,15994,160
SBT,12. Solicitação dezembro 2023.xls,Relatório Solicitação,,,,,,DIVERSAS,,,DIVERSAS,,,,,,,79971,800
SBT,12. Solicitação dezembro 2023.xls,Relatório Solicitação,,,,,,BMG RIGHTS MANAGEMENT BRASIL LTDA,,,BMG RIGHTS MANAGEMENT BRASIL LTDA,,,,,,,19993,200
SBT,12. Solicitação dezembro 2023.xls,Relatório Solicitação,,,,,,PEERMUSIC DO BRASIL EDIÇÕES MUSICAIS LTDA,,,PEERMUSIC DO BRASIL EDIÇÕES MUSICAIS LTDA,,,,,,,59978,600
SBT,12. Solicitação dezembro 2023.xls,Relatório Solicitação,,,,,,SONY MUSIC PUBLISHING (BRASIL) EDIÇÕES MUSICAIS LTDA,,,SONY MUSIC PUBLISHING (BRASIL) EDIÇÕES MUSICAIS LTDA,,,,,,,79971,800
SBT,12. Solicitação dezembro 2023.xls,Relatório Solicitação,,,,,,SONY MUSIC PUBLISHING (BRASIL) EDIÇÕES MUSICAIS LTDA,,,SONY MUSIC PUBLISHING (BRASIL) EDIÇÕES MUSICAIS LTDA,,,,,,,79971,800
SBT,12. Solicitação dezembro 2023.xls,Relatório Solicitação,,,,,,WARNER/CHAPPELL EDIÇÕES MUSICAIS LTDA,,,WARNER/CHAPPELL EDIÇÕES MUSICAIS LTDA,,,,,,,79971,800
SBT,12. Solicitação dezembro 2023.xls,Relatório Solicitação,,,,,,UNIVERSAL MUSIC PUBLISHING MGB BRASIL LTDA,,,UNIVERSAL MUSIC PUBLISHING MGB BRASIL LTDA,,,,,,,19993,200
SBT,12. Solicitação dezembro 2023.xls,Relatório Solicitação,,,,,,WARNER CHAPPELL EDIÇÕES MUSICAIS LTDA,,,WARNER CHAPPELL EDIÇÕES MUSICAIS LTDA,,,,,,,59978,600
SBT,12. Solicitação dezembro 2023.xls,Relatório Solicitação,,,,,,WARNER CHAPPELL EDIÇÕES MUSICAIS LTDA,,,WARNER CHAPPELL EDIÇÕES MUSICAIS LTDA,,,,,,,79971,800
SBT,12. Solicitação dezembro 2023.xls,Relatório Solicitação,,,,,,DIVERSAS,,,DIVERSAS,,,,,,,39986,400
SBT,12. Solicitação dezembro 2023.xls,Relatório Solicitação,,,,,,UNIVERSAL MUSIC PUBLISHING MGB BRASIL LTDA,,,UNIVERSAL MUSIC PUBLISHING MGB BRASIL LTDA,,,,,,,39986,400
SBT,12. Solicitação dezembro 2023.xls,Relatório Solicitação,,,,,,DIVERSAS,,,DIVERSAS,,,,,,,79971,800
SBT,12. Solicitação dezembro 2023.xls,Relatório Solicitação,,,,,,UNIVERSAL MUSIC PUBLISHING MGB BRASIL LTDA,,,UNIVERSAL MUSIC PUBLISHING MGB BRASIL LTDA,,,,,,,29989,300
SBT,12. Solicitação dezembro 2023.xls,Relatório Solicitação,,,,,,BMG RIGHTS MANAGEMENT BRASIL LTDA,,,BMG RIGHTS MANAGEMENT BRASIL LTDA,,,,,,,29989,300
SBT,12. Solicitação dezembro 2023.xls,Relatório Solicitação,,,,,,WARNER CHAPPELL EDIÇÕES MUSICAIS LTDA,,,WARNER CHAPPELL EDIÇÕES MUSICAIS LTDA,,,,,,,19993,200
SBT,12. Solicitação dezembro 2023.xls,Relatório Solicitação,,,,,,BMG RIGHTS MANAGEMENT BRASIL LTDA,,,BMG RIGHTS MANAGEMENT BRASIL LTDA,,,,,,,79971,800
SBT,12. Solicitação dezembro 2023.xls,Relatório Solicitação,,,,,,WARNER CHAPPELL EDIÇÕES MUSICAIS LTDA,,,WARNER CHAPPELL EDIÇÕES MUSICAIS LTDA,,,,,,,79971,800
SBT,12. Solicitação dezembro 2023.xls,Relatório Solicitação,,,,,,DIVERSAS,,,DIVERSAS,,,,,,,79971,800
SBT,12. Solicitação dezembro 2023.xls,Relatório Solicitação,,,,,,GEGE EDIÇÕES MUSICAIS LTDA,,,GEGE EDIÇÕES MUSICAIS LTDA,,,,,,,39986,400
SBT,12. Solicitação dezembro 2023.xls,Relatório Solicitação,,,,,,SONY MUSIC PUBLISHING (BRASIL) EDIÇÕES MUSICAIS LTDA,,,SONY MUSIC PUBLISHING (BRASIL) EDIÇÕES MUSICAIS LTDA,,,,,,,39986,400
SBT,12. Solicitação dezembro 2023.xls,Relatório Solicitação,,,,,,SONY MUSIC PUBLISHING (BRASIL) EDIÇÕES MUSICAIS LTDA,,,SONY MUSIC PUBLISHING (BRASIL) EDIÇÕES MUSICAIS LTDA,,,,,,,79971,800
SBT,12. Solicitação dezembro 2023.xls,Relatório Solicitação,,,,,,PEERMUSIC DO BRASIL EDIÇÕES MUSICAIS LTDA,,,PEERMUSIC DO BRASIL EDIÇÕES MUSICAIS LTDA,,,,,,,79971,800
SBT,12. Solicitação dezembro 2023.xls,Relatório Solicitação,,,,,,UNIVERSAL MUSIC PUBLISHING MGB BRASIL LTDA,,,UNIVERSAL MUSIC PUBLISHING MGB BRASIL LTDA,,,,,,,79971,800
SBT,12. Solicitação dezembro 2023.xls,Relatório Solicitação,,,,,,SONY MUSIC PUBLISHING (BRASIL) EDIÇÕES MUSICAIS LTDA,,,SONY MUSIC PUBLISHING (BRASIL) EDIÇÕES MUSICAIS LTDA,,,,,,,79971,800
SBT,12. Solicitação dezembro 2023.xls,Relatório Solicitação,,,,,,DIVERSAS,,,DIVERSAS,,,,,,,159943,1599
SBT,12. Solicitação dezembro 2023.xls,Relatório Solicitação,,,,,,WARNER CHAPPELL EDIÇÕES MUSICAIS LTDA,,,WARNER CHAPPELL EDIÇÕES MUSICAIS LTDA,,,,,,,79971,800
SBT,12. Solicitação dezembro 2023.xls,Relatório Solicitação,,,,,,DIVERSAS,,,DIVERSAS,,,,,,,79971,800
SBT,12. Solicitação dezembro 2023.xls,Relatório Solicitação,,,,,,ADDAF - ASS. DEF. DIREITOS AUTORAIS FONOMECÂNICOS,,,ADDAF - ASS. DEF. DIREITOS AUTORAIS FONOMECÂNICOS,,,,,,,79972,800
SBT,12. Solicitação dezembro 2023.xls,Relatório Solicitação,,,,,,SONY MUSIC PUBLISHING (BRASIL) EDIÇÕES MUSICAIS LTDA,,,SONY MUSIC PUBLISHING (BRASIL) EDIÇÕES MUSICAIS LTDA,,,,,,,79972,800
SBT,12. Solicitação dezembro 2023.xls,Relatório Solicitação,,,,,,PEERMUSIC DO BRASIL EDIÇÕES MUSICAIS LTDA,,,PEERMUSIC DO BRASIL EDIÇÕES MUSICAIS LTDA,,,,,,,159943,1599
SBT,12. Solicitação dezembro 2023.xls,Relatório Solicitação,,,,,,MINHA AUTORIA ASSESSORIA EM DIREITOS MUSICAIS LTDA.,,,MINHA AUTORIA ASSESSORIA EM DIREITOS MUSICAIS LTDA.,,,,,,,159943,1599
SBT,12. Solicitação dezembro 2023.xls,Relatório Solicitação,,,,,,DIVERSAS,,,DIVERSAS,,,,,,,159943,1599
SBT,12. Solicitação dezembro 2023.xls,Relatório Solicitação,,,,,,PEERMUSIC DO BRASIL EDIÇÕES MUSICAIS LTDA,,,PEERMUSIC DO BRASIL EDIÇÕES MUSICAIS LTDA,,,,,,,159943,1599
SBT,12. Solicitação dezembro 2023.xls,Relatório Solicitação,,,,,,DIVERSAS,,,DIVERSAS,,,,,,,159943,1599
SBT,12. Solicitação dezembro 2023.xls,Relatório Solicitação,,,,,,DIVERSAS,,,DIVERSAS,,,,,,,159943,1599
SBT,12. Solicitação dezembro 2023.xls,Relatório Solicitação,,,,,,SONY MUSIC PUBLISHING (BRASIL) EDIÇÕES MUSICAIS LTDA,,,SONY MUSIC PUBLISHING (BRASIL) EDIÇÕES MUSICAIS LTDA,,,,,,,53309,533
SBT,12. Solicitação dezembro 2023.xls,Relatório Solicitação,,,,,,DIVERSAS,,,DIVERSAS,,,,,,,106634,1066
SBT,12. Solicitação dezembro 2023.xls,Relatório Solicitação,,,,,,IESSI MUSIC LABEL LTDA,,,IESSI MUSIC LABEL LTDA,,,,,,,79971,800
SBT,12. Solicitação dezembro 2023.xls,Relatório Solicitação,,,,,,DIVERSAS,,,DIVERSAS,,,,,,,79971,800
SBT,12. Solicitação dezembro 2023.xls,Relatório Solicitação,,,,,,SONY MUSIC PUBLISHING (BRASIL) EDIÇÕES MUSICAIS LTDA,,,SONY MUSIC PUBLISHING (BRASIL) EDIÇÕES MUSICAIS LTDA,,,,,,,79971,800
SBT,12. Solicitação dezembro 2023.xls,Relatório Solicitação,,,,,,DIVERSAS,,,DIVERSAS,,,,,,,79971,800
SBT,12. Solicitação dezembro 2023.xls,Relatório Solicitação,,,,,,DIVERSAS,,,DIVERSAS,,,,,,,79971,800
SBT,12. Solicitação dezembro 2023.xls,Relatório Solicitação,,,,,,JULIANA FAKRI DE ASSIS EPP,,,JULIANA FAKRI DE ASSIS EPP,,,,,,,79971,800
SBT,12. Solicitação dezembro 2023.xls,Relatório Solicitação,,,,,,PEERMUSIC DO BRASIL EDIÇÕES MUSICAIS LTDA,,,PEERMUSIC DO BRASIL EDIÇÕES MUSICAIS LTDA,,,,,,,79971,800
SBT,12. Solicitação dezembro 2023.xls,Relatório Solicitação,,,,,,DIVERSAS,,,DIVERSAS,,,,,,,79971,800
SBT,12. Solicitação dezembro 2023.xls,Relatório Solicitação,,,,,,SONY MUSIC PUBLISHING (BRASIL) EDIÇÕES MUSICAIS LTDA,,,SONY MUSIC PUBLISHING (BRASIL) EDIÇÕES MUSICAIS LTDA,,,,,,,79971,800
SBT,12. Solicitação dezembro 2023.xls,Relatório Solicitação,,,,,,UNIVERSAL MUSIC PUBLISHING MGB BRASIL LTDA,,,UNIVERSAL MUSIC PUBLISHING MGB BRASIL LTDA,,,,,,,39986,400
SBT,12. Solicitação dezembro 2023.xls,Relatório Solicitação,,,,,,SONY MUSIC PUBLISHING (BRASIL) EDIÇÕES MUSICAIS LTDA,,,SONY MUSIC PUBLISHING (BRASIL) EDIÇÕES MUSICAIS LTDA,,,,,,,39986,400
SBT,12. Solicitação dezembro 2023.xls,Relatório Solicitação,,,,,,SONY MUSIC PUBLISHING (BRASIL) EDIÇÕES MUSICAIS LTDA,,,SONY MUSIC PUBLISHING (BRASIL) EDIÇÕES MUSICAIS LTDA,,,,,,,79971,800
SBT,12. Solicitação dezembro 2023.xls,Relatório Solicitação,,,,,,JULIANA FAKRI DE ASSIS EPP,,,JULIANA FAKRI DE ASSIS EPP,,,,,,,79971,800
SBT,12. Solicitação dezembro 2023.xls,Relatório Solicitação,,,,,,UNIVERSAL MUSIC PUBLISHING MGB BRASIL LTDA,,,UNIVERSAL MUSIC PUBLISHING MGB BRASIL LTDA,,,,,,,79971,800
SBT,12. Solicitação dezembro 2023.xls,Relatório Solicitação,,,,,,NOSSAMÚSICA PRODUÇÕES E EDIÇÕES MUSICAIS LTDA,,,NOSSAMÚSICA PRODUÇÕES E EDIÇÕES MUSICAIS LTDA,,,,,,,159943,1599
SBT,12. Solicitação dezembro 2023.xls,Relatório Solicitação,,,,,,SONY MUSIC PUBLISHING (BRASIL) EDIÇÕES MUSICAIS LTDA,,,SONY MUSIC PUBLISHING (BRASIL) EDIÇÕES MUSICAIS LTDA,,,,,,,159943,1599
SBT,12. Solicitação dezembro 2023.xls,Relatório Solicitação,,,,,,UNIVERSAL MUSIC PUBLISHING MGB BRASIL LTDA,,,UNIVERSAL MUSIC PUBLISHING MGB BRASIL LTDA,,,,,,,159943,1599
SBT,12. Solicitação dezembro 2023.xls,Relatório Solicitação,,,,,,UNIVERSAL MUSIC PUBLISHING MGB BRASIL LTDA,,,UNIVERSAL MUSIC PUBLISHING MGB BRASIL LTDA,,,,,,,159943,1599
SBT,12. Solicitação dezembro 2023.xls,Relatório Solicitação,,,,,,WARNER CHAPPELL EDIÇÕES MUSICAIS LTDA,,,WARNER CHAPPELL EDIÇÕES MUSICAIS LTDA,,,,,,,79972,800
SBT,12. Solicitação dezembro 2023.xls,Relatório Solicitação,,,,,,UNIVERSAL MUSIC PUBLISHING MGB BRASIL LTDA,,,UNIVERSAL MUSIC PUBLISHING MGB BRASIL LTDA,,,,,,,79972,800
SBT,12. Solicitação dezembro 2023.xls,Relatório Solicitação,,,,,,EDITORA MUSICAL PANTTANAL LTDA,,,EDITORA MUSICAL PANTTANAL LTDA,,,,,,,39986,400
SBT,12. Solicitação dezembro 2023.xls,Relatório Solicitação,,,,,,ABRAMUS DIGITAL SERV. IDENT. REPERTÓRIO,,,ABRAMUS DIGITAL SERV. IDENT. REPERTÓRIO,,,,,,,79972,800
SBT,12. Solicitação dezembro 2023.xls,Relatório Solicitação,,,,,,BMG RIGHTS MANAGEMENT BRASIL LTDA,,,BMG RIGHTS MANAGEMENT BRASIL LTDA,,,,,,,39986,400
SBT,12. Solicitação dezembro 2023.xls,Relatório Solicitação,,,,,,UNIVERSAL MUSIC PUBLISHING MGB BRASIL LTDA,,,UNIVERSAL MUSIC PUBLISHING MGB BRASIL LTDA,,,,,,,106634,1066
SBT,12. Solicitação dezembro 2023.xls,Relatório Solicitação,,,,,,SONY MUSIC PUBLISHING (BRASIL) EDIÇÕES MUSICAIS LTDA,,,SONY MUSIC PUBLISHING (BRASIL) EDIÇÕES MUSICAIS LTDA,,,,,,,53309,533
SBT,12. Solicitação dezembro 2023.xls,Relatório Solicitação,,,,,,INDIE PUBLISHING LTDA,,,INDIE PUBLISHING LTDA,,,,,,,159943,1599
SBT,12. Solicitação dezembro 2023.xls,Relatório Solicitação,,,,,,PEERMUSIC DO BRASIL EDIÇÕES MUSICAIS LTDA,,,PEERMUSIC DO BRASIL EDIÇÕES MUSICAIS LTDA,,,,,,,159943,1599
SBT,12. Solicitação dezembro 2023.xls,Relatório Solicitação,,,,,,WARNER CHAPPELL EDIÇÕES MUSICAIS LTDA,,,WARNER CHAPPELL EDIÇÕES MUSICAIS LTDA,,,,,,,159943,1599
SBT,12. Solicitação dezembro 2023.xls,Relatório Solicitação,,,,,,UNIVERSAL MUSIC PUBLISHING MGB BRASIL LTDA,,,UNIVERSAL MUSIC PUBLISHING MGB BRASIL LTDA,,,,,,,159943,1599
SBT,12. Solicitação dezembro 2023.xls,Relatório Solicitação,,,,,,SONY MUSIC PUBLISHING (BRASIL) EDIÇÕES MUSICAIS LTDA,,,SONY MUSIC PUBLISHING (BRASIL) EDIÇÕES MUSICAIS LTDA,,,,,,,159943,1599
SBT,12. Solicitação dezembro 2023.xls,Relatório Solicitação,,,,,,SONY MUSIC PUBLISHING (BRASIL) EDIÇÕES MUSICAIS LTDA,,,SONY MUSIC PUBLISHING (BRASIL) EDIÇÕES MUSICAIS LTDA,,,,,,,159943,1599
SBT,12. Solicitação dezembro 2023.xls,Relatório Solicitação,,,,,,WARNER CHAPPELL EDIÇÕES MUSICAIS LTDA,,,WARNER CHAPPELL EDIÇÕES MUSICAIS LTDA,,,,,,,79971,800
SBT,12. Solicitação dezembro 2023.xls,Relatório Solicitação,,,,,,WARNER CHAPPELL EDIÇÕES MUSICAIS LTDA,,,WARNER CHAPPELL EDIÇÕES MUSICAIS LTDA,,,,,,,79971,800
SBT,12. Solicitação dezembro 2023.xls,Relatório Solicitação,,,,,,SONY MUSIC PUBLISHING (BRASIL) EDIÇÕES MUSICAIS LTDA,,,SONY MUSIC PUBLISHING (BRASIL) EDIÇÕES MUSICAIS LTDA,,,,,,,79971,800
SBT,12. Solicitação dezembro 2023.xls,Relatório Solicitação,,,,,,WARNER CHAPPELL EDIÇÕES MUSICAIS LTDA,,,WARNER CHAPPELL EDIÇÕES MUSICAIS LTDA,,,,,,,79971,800
SBT,12. Solicitação dezembro 2023.xls,Relatório Solicitação,,,,,,SONY MUSIC PUBLISHING (BRASIL) EDIÇÕES MUSICAIS LTDA,,,SONY MUSIC PUBLISHING (BRASIL) EDIÇÕES MUSICAIS LTDA,,,,,,,79971,800
SBT,12. Solicitação dezembro 2023.xls,Relatório Solicitação,,,,,,SONY MUSIC PUBLISHING (BRASIL) EDIÇÕES MUSICAIS LTDA,,,SONY MUSIC PUBLISHING (BRASIL) EDIÇÕES MUSICAIS LTDA,,,,,,,79971,800
SBT,12. Solicitação dezembro 2023.xls,Relatório Solicitação,,,,,,WARNER CHAPPELL EDIÇÕES MUSICAIS LTDA,,,WARNER CHAPPELL EDIÇÕES MUSICAIS LTDA,,,,,,,39986,400
SBT,12. Solicitação dezembro 2023.xls,Relatório Solicitação,,,,,,UNIVERSAL MUSIC PUBLISHING MGB BRASIL LTDA,,,UNIVERSAL MUSIC PUBLISHING MGB BRASIL LTDA,,,,,,,39986,400
SBT,12. Solicitação dezembro 2023.xls,Relatório Solicitação,,,,,,UNIVERSAL MUSIC PUBLISHING MGB BRASIL LTDA,,,UNIVERSAL MUSIC PUBLISHING MGB BRASIL LTDA,,,,,,,39986,400
SBT,12. Solicitação dezembro 2023.xls,Relatório Solicitação,,,,,,WARNER CHAPPELL EDIÇÕES MUSICAIS LTDA,,,WARNER CHAPPELL EDIÇÕES MUSICAIS LTDA,,,,,,,39986,400
SBT,12. Solicitação dezembro 2023.xls,Relatório Solicitação,,,,,,UNIVERSAL MUSIC PUBLISHING MGB BRASIL LTDA,,,UNIVERSAL MUSIC PUBLISHING MGB BRASIL LTDA,,,,,,,79971,800
SBT,12. Solicitação dezembro 2023.xls,Relatório Solicitação,,,,,,UNIVERSAL MUSIC PUBLISHING MGB BRASIL LTDA,,,UNIVERSAL MUSIC PUBLISHING MGB BRASIL LTDA,,,,,,,39986,400
SBT,12. Solicitação dezembro 2023.xls,Relatório Solicitação,,,,,,SONY MUSIC PUBLISHING (BRASIL) EDIÇÕES MUSICAIS LTDA,,,SONY MUSIC PUBLISHING (BRASIL) EDIÇÕES MUSICAIS LTDA,,,,,,,39986,400
SBT,12. Solicitação dezembro 2023.xls,Relatório Solicitação,,,,,,UNIVERSAL MUSIC PUBLISHING MGB BRASIL LTDA,,,UNIVERSAL MUSIC PUBLISHING MGB BRASIL LTDA,,,,,,,79971,800
SBT,12. Solicitação dezembro 2023.xls,Relatório Solicitação,,,,,,WARNER CHAPPELL EDIÇÕES MUSICAIS LTDA,,,WARNER CHAPPELL EDIÇÕES MUSICAIS LTDA,,,,,,,79971,800
SBT,12. Solicitação dezembro 2023.xls,Relatório Solicitação,,,,,,DIVERSAS,,,DIVERSAS,,,,,,,159943,1599
SBT,12. Solicitação dezembro 2023.xls,Relatório Solicitação,,,,,,EDITORA E IMPORTADORA MUSICAL FERMATA DO BRASIL LTDA,,,EDITORA E IMPORTADORA MUSICAL FERMATA DO BRASIL LTDA,,,,,,,159943,1599
SBT,12. Solicitação dezembro 2023.xls,Relatório Solicitação,,,,,,DIVERSAS,,,DIVERSAS,,,,,,,159943,1599
SBT,12. Solicitação dezembro 2023.xls,Relatório Solicitação,,,,,,DIVERSAS,,,DIVERSAS,,,,,,,159943,1599
SBT,12. Solicitação dezembro 2023.xls,Relatório Solicitação,,,,,,IRMÃOS VITALE EDITORES LTDA,,,IRMÃOS VITALE EDITORES LTDA,,,,,,,159943,1599
SBT,12. Solicitação dezembro 2023.xls,Relatório Solicitação,,,,,,IRMÃOS VITALE EDITORES LTDA,,,IRMÃOS VITALE EDITORES LTDA,,,,,,,79971,800
SBT,12. Solicitação dezembro 2023.xls,Relatório Solicitação,,,,,,SONY MUSIC PUBLISHING (BRASIL) EDIÇÕES MUSICAIS LTDA,,,SONY MUSIC PUBLISHING (BRASIL) EDIÇÕES MUSICAIS LTDA,,,,,,,79971,800
SBT,12. Solicitação dezembro 2023.xls,Relatório Solicitação,,,,,,DIVERSAS,,,DIVERSAS,,,,,,,79971,800
SBT,12. Solicitação dezembro 2023.xls,Relatório Solicitação,,,,,,EDITORA E IMPORTADORA MUSICAL FERMATA DO BRASIL LTDA,,,EDITORA E IMPORTADORA MUSICAL FERMATA DO BRASIL LTDA,,,,,,,79971,800
SBT,12. Solicitação dezembro 2023.xls,Relatório Solicitação,,,,,,IRMÃOS VITALE EDITORES LTDA,,,IRMÃOS VITALE EDITORES LTDA,,,,,,,79971,800
SBT,12. Solicitação dezembro 2023.xls,Relatório Solicitação,,,,,,DIVERSAS,,,DIVERSAS,,,,,,,159943,1599
SBT,12. Solicitação dezembro 2023.xls,Relatório Solicitação,,,,,,DUETO EDIÇÕES MUSICAIS LTDA.,,,DUETO EDIÇÕES MUSICAIS LTDA.,,,,,,,37370,374
SBT,12. Solicitação dezembro 2023.xls,Relatório Solicitação,,,,,,DIVERSAS,,,DIVERSAS,,,,,,,37370,374
SBT,12. Solicitação dezembro 2023.xls,Relatório Solicitação,,,,,,DUETO EDIÇÕES MUSICAIS LTDA.,,,DUETO EDIÇÕES MUSICAIS LTDA.,,,,,,,37370,374
SBT,12. Solicitação dezembro 2023.xls,Relatório Solicitação,,,,,,DIVERSAS,,,DIVERSAS,,,,,,,37370,374
SBT,12. Solicitação dezembro 2023.xls,Relatório Solicitação,,,,,,DIVERSAS,,,DIVERSAS,,,,,,,159943,1599
SBT,12. Solicitação dezembro 2023.xls,Relatório Solicitação,,,,,,SM PUBLISHING (BRASIL) EDIÇÕES MUSICAIS LTDA,,,SM PUBLISHING (BRASIL) EDIÇÕES MUSICAIS LTDA,,,,,,,79971,800
SBT,12. Solicitação dezembro 2023.xls,Relatório Solicitação,,,,,,BMG RIGHTS MANAGEMENT BRASIL LTDA,,,BMG RIGHTS MANAGEMENT BRASIL LTDA,,,,,,,79971,800
SBT,12. Solicitação dezembro 2023.xls,Relatório Solicitação,,,,,,DIVERSAS,,,DIVERSAS,,,,,,,79971,800
SBT,12. Solicitação dezembro 2023.xls,Relatório Solicitação,,,,,,UNIVERSAL MUSIC PUBLISHING MGB BRASIL LTDA,,,UNIVERSAL MUSIC PUBLISHING MGB BRASIL LTDA,,,,,,,9996,100
SBT,12. Solicitação dezembro 2023.xls,Relatório Solicitação,,,,,,PEERMUSIC DO BRASIL EDIÇÕES MUSICAIS LTDA,,,PEERMUSIC DO BRASIL EDIÇÕES MUSICAIS LTDA,,,,,,,41985,420
SBT,12. Solicitação dezembro 2023.xls,Relatório Solicitação,,,,,,SONY MUSIC PUBLISHING (BRASIL) EDIÇÕES MUSICAIS LTDA,,,SONY MUSIC PUBLISHING (BRASIL) EDIÇÕES MUSICAIS LTDA,,,,,,,27990,280
SBT,12. Solicitação dezembro 2023.xls,Relatório Solicitação,,,,,,SONY MUSIC PUBLISHING (BRASIL) EDIÇÕES MUSICAIS LTDA,,,SONY MUSIC PUBLISHING (BRASIL) EDIÇÕES MUSICAIS LTDA,,,,,,,79971,800
SBT,12. Solicitação dezembro 2023.xls,Relatório Solicitação,,,,,,SONY MUSIC PUBLISHING (BRASIL) EDIÇÕES MUSICAIS LTDA,,,SONY MUSIC PUBLISHING (BRASIL) EDIÇÕES MUSICAIS LTDA,,,,,,,79971,800
SBT,12. Solicitação dezembro 2023.xls,Relatório Solicitação,,,,,,ABRAMUS DIGITAL SERV. IDENT. REPERTÓRIO,,,ABRAMUS DIGITAL SERV. IDENT. REPERTÓRIO,,,,,,,39986,400
SBT,12. Solicitação dezembro 2023.xls,Relatório Solicitação,,,,,,SONY MUSIC PUBLISHING (BRASIL) EDIÇÕES MUSICAIS LTDA,,,SONY MUSIC PUBLISHING (BRASIL) EDIÇÕES MUSICAIS LTDA,,,,,,,39986,400
SBT,12. Solicitação dezembro 2023.xls,Relatório Solicitação,,,,,,WARNER CHAPPELL EDIÇÕES MUSICAIS LTDA,,,WARNER CHAPPELL EDIÇÕES MUSICAIS LTDA,,,,,,,15994,160
SBT,12. Solicitação dezembro 2023.xls,Relatório Solicitação,,,,,,SONY MUSIC PUBLISHING (BRASIL) EDIÇÕES MUSICAIS LTDA,,,SONY MUSIC PUBLISHING (BRASIL) EDIÇÕES MUSICAIS LTDA,,,,,,,63977,640
SBT,12. Solicitação dezembro 2023.xls,Relatório Solicitação,,,,,,NOWA PRODUÇÕES ARTÍSTICAS LTDA,,,NOWA PRODUÇÕES ARTÍSTICAS LTDA,,,,,,,79971,800
SBT,12. Solicitação dezembro 2023.xls,Relatório Solicitação,,,,,,DIVERSAS,,,DIVERSAS,,,,,,,159943,1599
SBT,12. Solicitação dezembro 2023.xls,Relatório Solicitação,,,,,,ADDAF - ASS. DEF. DIREITOS AUTORAIS FONOMECÂNICOS,,,ADDAF - ASS. DEF. DIREITOS AUTORAIS FONOMECÂNICOS,,,,,,,39986,400
SBT,12. Solicitação dezembro 2023.xls,Relatório Solicitação,,,,,,UNIVERSAL MUSIC PUBLISHING MGB BRASIL LTDA,,,UNIVERSAL MUSIC PUBLISHING MGB BRASIL LTDA,,,,,,,39986,400
SBT,12. Solicitação dezembro 2023.xls,Relatório Solicitação,,,,,,DIVERSAS,,,DIVERSAS,,,,,,,79971,800
SBT,12. Solicitação dezembro 2023.xls,Relatório Solicitação,,,,,,BMG RIGHTS MANAGEMENT BRASIL LTDA,,,BMG RIGHTS MANAGEMENT BRASIL LTDA,,,,,,,53581,536
SBT,12. Solicitação dezembro 2023.xls,Relatório Solicitação,,,,,,ABRAMUS DIGITAL SERV. IDENT. REPERTÓRIO,,,ABRAMUS DIGITAL SERV. IDENT. REPERTÓRIO,,,,,,,26390,264
SBT,12. Solicitação dezembro 2023.xls,Relatório Solicitação,,,,,,BMG RIGHTS MANAGEMENT BRASIL LTDA,,,BMG RIGHTS MANAGEMENT BRASIL LTDA,,,,,,,19993,200
SBT,12. Solicitação dezembro 2023.xls,Relatório Solicitação,,,,,,WARNER CHAPPELL EDIÇÕES MUSICAIS LTDA,,,WARNER CHAPPELL EDIÇÕES MUSICAIS LTDA,,,,,,,59978,600
SBT,12. Solicitação dezembro 2023.xls,Relatório Solicitação,,,,,,DIVERSAS,,,DIVERSAS,,,,,,,79971,800
SBT,12. Solicitação dezembro 2023.xls,Relatório Solicitação,,,,,,UNIVERSAL MUSIC PUBLISHING MGB BRASIL LTDA,,,UNIVERSAL MUSIC PUBLISHING MGB BRASIL LTDA,,,,,,,79971,800
SBT,12. Solicitação dezembro 2023.xls,Relatório Solicitação,,,,,,WARNER CHAPPELL EDIÇÕES MUSICAIS LTDA,,,WARNER CHAPPELL EDIÇÕES MUSICAIS LTDA,,,,,,,79971,800
SBT,12. Solicitação dezembro 2023.xls,Relatório Solicitação,,,,,,PEERMUSIC DO BRASIL EDIÇÕES MUSICAIS LTDA,,,PEERMUSIC DO BRASIL EDIÇÕES MUSICAIS LTDA,,,,,,,79971,800
SBT,12. Solicitação dezembro 2023.xls,Relatório Solicitação,,,,,,DIVERSAS,,,DIVERSAS,,,,,,,79971,800
SBT,12. Solicitação dezembro 2023.xls,Relatório Solicitação,,,,,,DIVERSAS,,,DIVERSAS,,,,,,,159943,1599
SBT,12. Solicitação dezembro 2023.xls,Relatório Solicitação,,,,,,DIVERSAS,,,DIVERSAS,,,,,,,159943,1599
SBT,12. Solicitação dezembro 2023.xls,Relatório Solicitação,,,,,,SONY MUSIC PUBLISHING (BRASIL) EDIÇÕES MUSICAIS LTDA,,,SONY MUSIC PUBLISHING (BRASIL) EDIÇÕES MUSICAIS LTDA,,,,,,,79971,800
SBT,12. Solicitação dezembro 2023.xls,Relatório Solicitação,,,,,,SONY MUSIC PUBLISHING (BRASIL) EDIÇÕES MUSICAIS LTDA,,,SONY MUSIC PUBLISHING (BRASIL) EDIÇÕES MUSICAIS LTDA,,,,,,,79971,800
SBT,12. Solicitação dezembro 2023.xls,Relatório Solicitação,,,,,,DIVERSAS,,,DIVERSAS,,,,,,,79971,800
SBT,12. Solicitação dezembro 2023.xls,Relatório Solicitação,,,,,,DIVERSAS,,,DIVERSAS,,,,,,,79971,800
SBT,12. Solicitação dezembro 2023.xls,Relatório Solicitação,,,,,,SONY MUSIC PUBLISHING (BRASIL) EDIÇÕES MUSICAIS LTDA,,,SONY MUSIC PUBLISHING (BRASIL) EDIÇÕES MUSICAIS LTDA,,,,,,,39986,400
SBT,12. Solicitação dezembro 2023.xls,Relatório Solicitação,,,,,,PEERMUSIC DO BRASIL EDIÇÕES MUSICAIS LTDA,,,PEERMUSIC DO BRASIL EDIÇÕES MUSICAIS LTDA,,,,,,,39986,400
SBT,12. Solicitação dezembro 2023.xls,Relatório Solicitação,,,,,,DIVERSAS,,,DIVERSAS,,,,,,,79971,800
SBT,12. Solicitação dezembro 2023.xls,Relatório Solicitação,,,,,,BMG RIGHTS MANAGEMENT BRASIL LTDA,,,BMG RIGHTS MANAGEMENT BRASIL LTDA,,,,,,,79971,800
SBT,12. Solicitação dezembro 2023.xls,Relatório Solicitação,,,,,,DIVERSAS,,,DIVERSAS,,,,,,,39986,400
SBT,12. Solicitação dezembro 2023.xls,Relatório Solicitação,,,,,,SONY MUSIC PUBLISHING (BRASIL) EDIÇÕES MUSICAIS LTDA,,,SONY MUSIC PUBLISHING (BRASIL) EDIÇÕES MUSICAIS LTDA,,,,,,,39986,400
SBT,12. Solicitação dezembro 2023.xls,Relatório Solicitação,,,,,,WARNER CHAPPELL EDIÇÕES MUSICAIS LTDA,,,WARNER CHAPPELL EDIÇÕES MUSICAIS LTDA,,,,,,,79971,800
SBT,12. Solicitação dezembro 2023.xls,Relatório Solicitação,,,,,,DIVERSAS,,,DIVERSAS,,,,,,,79971,800
SBT,12. Solicitação dezembro 2023.xls,Relatório Solicitação,,,,,,DIVERSAS,,,DIVERSAS,,,,,,,79971,800
SBT,12. Solicitação dezembro 2023.xls,Relatório Solicitação,,,,,,DIVERSAS,,,DIVERSAS,,,,,,,79971,800
SBT,12. Solicitação dezembro 2023.xls,Relatório Solicitação,,,,,,DIVERSAS,,,DIVERSAS,,,,,,,79971,800
SBT,12. Solicitação dezembro 2023.xls,Relatório Solicitação,,,,,,DIVERSAS,,,DIVERSAS,,,,,,,39986,400
SBT,12. Solicitação dezembro 2023.xls,Relatório Solicitação,,,,,,BMG RIGHTS MANAGEMENT BRASIL LTDA,,,BMG RIGHTS MANAGEMENT BRASIL LTDA,,,,,,,39986,400
SBT,12. Solicitação dezembro 2023.xls,Relatório Solicitação,,,,,,BMG RIGHTS MANAGEMENT BRASIL LTDA,,,BMG RIGHTS MANAGEMENT BRASIL LTDA,,,,,,,39986,400
SBT,12. Solicitação dezembro 2023.xls,Relatório Solicitação,,,,,,SONY MUSIC PUBLISHING (BRASIL) EDIÇÕES MUSICAIS LTDA,,,SONY MUSIC PUBLISHING (BRASIL) EDIÇÕES MUSICAIS LTDA,,,,,,,39986,400
SBT,12. Solicitação dezembro 2023.xls,Relatório Solicitação,,,,,,WARNER CHAPPELL EDIÇÕES MUSICAIS LTDA,,,WARNER CHAPPELL EDIÇÕES MUSICAIS LTDA,,,,,,,79971,800
SBT,12. Solicitação dezembro 2023.xls,Relatório Solicitação,,,,,,PEERMUSIC DO BRASIL EDIÇÕES MUSICAIS LTDA,,,PEERMUSIC DO BRASIL EDIÇÕES MUSICAIS LTDA,,,,,,,79971,800
