provider,file,sheet,programa,data_exibicao,numero_programa,exibicao_tipo,categoria_programa,titulo_musica,autor,interprete,tipo_sincronizacao,percentual_editora,valor_editora_brl,editora,gravadora,iswc,isrc,amount_cents,amount_int
SBT,3. Solicitação Março 2024.xls,Relatório Solicitação,,,,,,,,,,,,,,,,0,0
SBT,3. Solicitação Março 2024.xls,Relatório Solicitação,,,,,,,,,,,,,,,,0,0
SBT,3. Solicitação Março 2024.xls,Relatório Solicitação,,,,,,EDITORA,,,EDITORA,,,,,,,0,0
SBT,3. Solicitação Março 2024.xls,Relatório Solicitação,,,,,,ABRAMUS DIGITAL SERV. IDENT. REPERTÓRIO,,,ABRAMUS DIGITAL SERV. IDENT. REPERTÓRIO,,,,,,,83665,837
SBT,3. Solicitação Março 2024.xls,Relatório Solicitação,,,,,,UNIVERSAL MUSIC PUBLISHING MGB BRASIL LTDA,,,UNIVERSAL MUSIC PUBLISHING MGB BRASIL LTDA,,,,,,,71115,711
SBT,3. Solicitação Março 2024.xls,Relatório Solicitação,,,,,,PEERMUSIC DO BRASIL EDIÇÕES MUSICAIS LTDA,,,PEERMUSIC DO BRASIL EDIÇÕES MUSICAIS LTDA,,,,,,,125500,1255
SBT,3. Solicitação Março 2024.xls,Relatório Solicitação,,,,,,IRMÃOS VITALE EDITORES LTDA,,,IRMÃOS VITALE EDITORES LTDA,,,,,,,83665,837
SBT,3. Solicitação Março 2024.xls,Relatório Solicitação,,,,,,WARNER CHAPPELL EDIÇÕES MUSICAIS LTDA,,,WARNER CHAPPELL EDIÇÕES MUSICAIS LTDA,,,,,,,83665,837
SBT,3. Solicitação Março 2024.xls,Relatório Solicitação,,,,,,DIVERSAS,,,DIVERSAS,,,,,,,39096,391
SBT,3. Solicitação Março 2024.xls,Relatório Solicitação,,,,,,INOVASHOW PRODUÇÕES E PUBLICIDADE LTDA,,,INOVASHOW PRODUÇÕES E PUBLICIDADE LTDA,,,,,,,39096,391
SBT,3. Solicitação Março 2024.xls,Relatório Solicitação,,,,,,DIVERSAS,,,DIVERSAS,,,,,,,39096,391
SBT,3. Solicitação Março 2024.xls,Relatório Solicitação,,,,,,IESSI MUSIC LABEL LTDA,,,IESSI MUSIC LABEL LTDA,,,,,,,39096,391
SBT,3. Solicitação Março 2024.xls,Relatório Solicitação,,,,,,IESSI MUSIC LABEL LTDA,,,IESSI MUSIC LABEL LTDA,,,,,,,39096,391
SBT,3. Solicitação Março 2024.xls,Relatório Solicitação,,,,,,UNIVERSAL MUSIC PUBLISHING MGB BRASIL LTDA,,,UNIVERSAL MUSIC PUBLISHING MGB BRASIL LTDA,,,,,,,39096,391
SBT,3. Solicitação Março 2024.xls,Relatório Solicitação,,,,,,DIVERSAS,,,DIVERSAS,,,,,,,39096,391
SBT,3. Solicitação Março 2024.xls,Relatório Solicitação,,,,,,DIVERSAS,,,DIVERSAS,,,,,,,39096,391
SBT,3. Solicitação Março 2024.xls,Relatório Solicitação,,,,,,ABRAMUS DIGITAL SERV. IDENT. REPERTÓRIO,,,ABRAMUS DIGITAL SERV. IDENT. REPERTÓRIO,,,,,,,39096,391
SBT,3. Solicitação Março 2024.xls,Relatório Solicitação,,,,,,HUMAITÁ EDIÇÕES MUSICAIS LTDA,,,HUMAITÁ EDIÇÕES MUSICAIS LTDA,,,,,,,7819,78
SBT,3. Solicitação Março 2024.xls,Relatório Solicitação,,,,,,WARNER CHAPPELL EDIÇÕES MUSICAIS LTDA,,,WARNER CHAPPELL EDIÇÕES MUSICAIS LTDA,,,,,,,31277,313
SBT,3. Solicitação Março 2024.xls,Relatório Solicitação,,,,,,DIVERSAS,,,DIVERSAS,,,,,,,39096,391
SBT,3. Solicitação Março 2024.xls,Relatório Solicitação,,,,,,DIVERSAS,,,DIVERSAS,,,,,,,39096,391
SBT,3. Solicitação Março 2024.xls,Relatório Solicitação,,,,,,UNIVERSAL MUSIC PUBLISHING MGB BRASIL LTDA,,,UNIVERSAL MUSIC PUBLISHING MGB BRASIL LTDA,,,,,,,35831,358
SBT,3. Solicitação Março 2024.xls,Relatório Solicitação,,,,,,ABRAMUS DIGITAL SERV. IDENT. REPERTÓRIO,,,ABRAMUS DIGITAL SERV. IDENT. REPERTÓRIO,,,,,,,3265,33
SBT,3. Solicitação Março 2024.xls,Relatório Solicitação,,,,,,NOWA PRODUÇÕES ARTÍSTICAS LTDA,,,NOWA PRODUÇÕES ARTÍSTICAS LTDA,,,,,,,39096,391
SBT,3. Solicitação Março 2024.xls,Relatório Solicitação,,,,,,WARNER CHAPPELL EDIÇÕES MUSICAIS LTDA,,,WARNER CHAPPELL EDIÇÕES MUSICAIS LTDA,,,,,,,39096,391
SBT,3. Solicitação Março 2024.xls,Relatório Solicitação,,,,,,UNIVERSAL MUSIC PUBLISHING MGB BRASIL LTDA,,,UNIVERSAL MUSIC PUBLISHING MGB BRASIL LTDA,,,,,,,23458,235
SBT,3. Solicitação Março 2024.xls,Relatório Solicitação,,,,,,SONY MUSIC PUBLISHING (BRASIL) EDIÇÕES MUSICAIS LTDA,,,SONY MUSIC PUBLISHING (BRASIL) EDIÇÕES MUSICAIS LTDA,,,,,,,15638,156
SBT,3. Solicitação Março 2024.xls,Relatório Solicitação,,,,,,BMG RIGHTS MANAGEMENT BRASIL LTDA,,,BMG RIGHTS MANAGEMENT BRASIL LTDA,,,,,,,39096,391
SBT,3. Solicitação Março 2024.xls,Relatório Solicitação,,,,,,DIVERSAS,,,DIVERSAS,,,,,,,167331,1673
SBT,3. Solicitação Março 2024.xls,Relatório Solicitação,,,,,,DIVERSAS,,,DIVERSAS,,,,,,,167331,1673
SBT,3. Solicitação Março 2024.xls,Relatório Solicitação,,,,,,DIVERSAS,,,DIVERSAS,,,,,,,167331,1673
SBT,3. Solicitação Março 2024.xls,Relatório Solicitação,,,,,,WARNER CHAPPELL EDIÇÕES MUSICAIS LTDA,,,WARNER CHAPPELL EDIÇÕES MUSICAIS LTDA,,,,,,,167331,1673
SBT,3. Solicitação Março 2024.xls,Relatório Solicitação,,,,,,DIVERSAS,,,DIVERSAS,,,,,,,167331,1673
SBT,3. Solicitação Março 2024.xls,Relatório Solicitação,,,,,,DIVERSAS,,,DIVERSAS,,,,,,,167331,1673
SBT,3. Solicitação Março 2024.xls,Relatório Solicitação,,,,,,DIVERSAS,,,DIVERSAS,,,,,,,167331,1673
SBT,3. Solicitação Março 2024.xls,Relatório Solicitação,,,,,,UNIVERSAL MUSIC PUBLISHING MGB BRASIL LTDA,,,UNIVERSAL MUSIC PUBLISHING MGB BRASIL LTDA,,,,,,,83665,837
SBT,3. Solicitação Março 2024.xls,Relatório Solicitação,,,,,,SONY MUSIC PUBLISHING (BRASIL) EDIÇÕES MUSICAIS LTDA,,,SONY MUSIC PUBLISHING (BRASIL) EDIÇÕES MUSICAIS LTDA,,,,,,,167331,1673
SBT,3. Solicitação Março 2024.xls,Relatório Solicitação,,,,,,DIVERSAS,,,DIVERSAS,,,,,,,167331,1673
SBT,3. Solicitação Março 2024.xls,Relatório Solicitação,,,,,,DIVERSAS,,,DIVERSAS,,,,,,,39096,391
SBT,3. Solicitação Março 2024.xls,Relatório Solicitação,,,,,,DIVERSAS,,,DIVERSAS,,,,,,,39096,391
SBT,3. Solicitação Março 2024.xls,Relatório Solicitação,,,,,,DIVERSAS,,,DIVERSAS,,,,,,,83665,837
SBT,3. Solicitação Março 2024.xls,Relatório Solicitação,,,,,,WARNER CHAPPELL EDIÇÕES MUSICAIS LTDA,,,WARNER CHAPPELL EDIÇÕES MUSICAIS LTDA,,,,,,,83665,837
SBT,3. Solicitação Março 2024.xls,Relatório Solicitação,,,,,,PEERMUSIC DO BRASIL EDIÇÕES MUSICAIS LTDA,,,PEERMUSIC DO BRASIL EDIÇÕES MUSICAIS LTDA,,,,,,,83665,837
SBT,3. Solicitação Março 2024.xls,Relatório Solicitação,,,,,,SONY MUSIC PUBLISHING (BRASIL) EDIÇÕES MUSICAIS LTDA,,,SONY MUSIC PUBLISHING (BRASIL) EDIÇÕES MUSICAIS LTDA,,,,,,,83665,837
SBT,3. Solicitação Março 2024.xls,Relatório Solicitação,,,,,,UNIVERSAL MUSIC PUBLISHING MGB BRASIL LTDA,,,UNIVERSAL MUSIC PUBLISHING MGB BRASIL LTDA,,,,,,,83665,837
SBT,3. Solicitação Março 2024.xls,Relatório Solicitação,,,,,,DIVERSAS,,,DIVERSAS,,,,,,,41832,418
SBT,3. Solicitação Março 2024.xls,Relatório Solicitação,,,,,,UNIVERSAL MUSIC PUBLISHING MGB BRASIL LTDA,,,UNIVERSAL MUSIC PUBLISHING MGB BRASIL LTDA,,,,,,,41832,418
SBT,3. Solicitação Março 2024.xls,Relatório Solicitação,,,,,,ABRAMUS DIGITAL SERV. IDENT. REPERTÓRIO,,,ABRAMUS DIGITAL SERV. IDENT. REPERTÓRIO,,,,,,,27894,279
SBT,3. Solicitação Março 2024.xls,Relatório Solicitação,,,,,,DIVERSAS,,,DIVERSAS,,,,,,,17,0
SBT,3. Solicitação Março 2024.xls,Relatório Solicitação,,,,,,WARNER CHAPPELL EDIÇÕES MUSICAIS LTDA,,,WARNER CHAPPELL EDIÇÕES MUSICAIS LTDA,,,,,,,55754,558
SBT,3. Solicitação Março 2024.xls,Relatório Solicitação,,,,,,SONY MUSIC PUBLISHING (BRASIL) EDIÇÕES MUSICAIS LTDA,,,SONY MUSIC PUBLISHING (BRASIL) EDIÇÕES MUSICAIS LTDA,,,,,,,83665,837
SBT,3. Solicitação Março 2024.xls,Relatório Solicitação,,,,,,UNIVERSAL MUSIC PUBLISHING MGB BRASIL LTDA,,,UNIVERSAL MUSIC PUBLISHING MGB BRASIL LTDA,,,,,,,41832,418
SBT,3. Solicitação Março 2024.xls,Relatório Solicitação,,,,,,DIVERSAS,,,DIVERSAS,,,,,,,41832,418
SBT,3. Solicitação Março 2024.xls,Relatório Solicitação,,,,,,DIVERSAS,,,DIVERSAS,,,,,,,83665,837
SBT,3. Solicitação Março 2024.xls,Relatório Solicitação,,,,,,DIVERSAS,,,DIVERSAS,,,,,,,83665,837
SBT,3. Solicitação Março 2024.xls,Relatório Solicitação,,,,,,EDITORA E IMPORTADORA MUSICAL FERMATA DO BRASIL LTDA,,,EDITORA E IMPORTADORA MUSICAL FERMATA DO BRASIL LTDA,,,,,,,83665,837
SBT,3. Solicitação Março 2024.xls,Relatório Solicitação,,,,,,DIVERSAS,,,DIVERSAS,,,,,,,41832,418
SBT,3. Solicitação Março 2024.xls,Relatório Solicitação,,,,,,SONY MUSIC PUBLISHING (BRASIL) EDIÇÕES MUSICAIS LTDA,,,SONY MUSIC PUBLISHING (BRASIL) EDIÇÕES MUSICAIS LTDA,,,,,,,41832,418
SBT,3. Solicitação Março 2024.xls,Relatório Solicitação,,,,,,WARNER CHAPPELL EDIÇÕES MUSICAIS LTDA,,,WARNER CHAPPELL EDIÇÕES MUSICAIS LTDA,,,,,,,83665,837
SBT,3. Solicitação Março 2024.xls,Relatório Solicitação,,,,,,WARNER CHAPPELL EDIÇÕES MUSICAIS LTDA,,,WARNER CHAPPELL EDIÇÕES MUSICAIS LTDA,,,,,,,83665,837
SBT,3. Solicitação Março 2024.xls,Relatório Solicitação,,,,,,UNIVERSAL MUSIC PUBLISHING MGB BRASIL LTDA,,,UNIVERSAL MUSIC PUBLISHING MGB BRASIL LTDA,,,,,,,41832,418
SBT,3. Solicitação Março 2024.xls,Relatório Solicitação,,,,,,SONY MUSIC PUBLISHING (BRASIL) EDIÇÕES MUSICAIS LTDA,,,SONY MUSIC PUBLISHING (BRASIL) EDIÇÕES MUSICAIS LTDA,,,,,,,41832,418
SBT,3. Solicitação Março 2024.xls,Relatório Solicitação,,,,,,PEERMUSIC DO BRASIL EDIÇÕES MUSICAIS LTDA,,,PEERMUSIC DO BRASIL EDIÇÕES MUSICAIS LTDA,,,,,,,83665,837
SBT,3. Solicitação Março 2024.xls,Relatório Solicitação,,,,,,WARNER CHAPPELL EDIÇÕES MUSICAIS LTDA,,,WARNER CHAPPELL EDIÇÕES MUSICAIS LTDA,,,,,,,41832,418
SBT,3. Solicitação Março 2024.xls,Relatório Solicitação,,,,,,DIVERSAS,,,DIVERSAS,,,,,,,41832,418
SBT,3. Solicitação Março 2024.xls,Relatório Solicitação,,,,,,SM PUBLISHING (BRASIL) EDIÇÕES MUSICAIS LTDA,,,SM PUBLISHING (BRASIL) EDIÇÕES MUSICAIS LTDA,,,,,,,83665,837
SBT,3. Solicitação Março 2024.xls,Relatório Solicitação,,,,,,DIVERSAS,,,DIVERSAS,,,,,,,83665,837
SBT,3. Solicitação Março 2024.xls,Relatório Solicitação,,,,,,DIVERSAS,,,DIVERSAS,,,,,,,83665,837
SBT,3. Solicitação Março 2024.xls,Relatório Solicitação,,,,,,DIVERSAS,,,DIVERSAS,,,,,,,41832,418
SBT,3. Solicitação Março 2024.xls,Relatório Solicitação,,,,,,WARNER CHAPPELL EDIÇÕES MUSICAIS LTDA,,,WARNER CHAPPELL EDIÇÕES MUSICAIS LTDA,,,,,,,41832,418
SBT,3. Solicitação Março 2024.xls,Relatório Solicitação,,,,,,WARNER CHAPPELL EDIÇÕES MUSICAIS LTDA,,,WARNER CHAPPELL EDIÇÕES MUSICAIS LTDA,,,,,,,83665,837
SBT,3. Solicitação Março 2024.xls,Relatório Solicitação,,,,,,WARNER CHAPPELL EDIÇÕES MUSICAIS LTDA,,,WARNER CHAPPELL EDIÇÕES MUSICAIS LTDA,,,,,,,83665,837
SBT,3. Solicitação Março 2024.xls,Relatório Solicitação,,,,,,SONY MUSIC PUBLISHING (BRASIL) EDIÇÕES MUSICAIS LTDA,,,SONY MUSIC PUBLISHING (BRASIL) EDIÇÕES MUSICAIS LTDA,,,,,,,83665,837
SBT,3. Solicitação Março 2024.xls,Relatório Solicitação,,,,,,DIVERSAS,,,DIVERSAS,,,,,,,167331,1673
SBT,3. Solicitação Março 2024.xls,Relatório Solicitação,,,,,,WARNER CHAPPELL EDIÇÕES MUSICAIS LTDA,,,WARNER CHAPPELL EDIÇÕES MUSICAIS LTDA,,,,,,,27886,279
SBT,3. Solicitação Março 2024.xls,Relatório Solicitação,,,,,,SONY MUSIC PUBLISHING (BRASIL) EDIÇÕES MUSICAIS LTDA,,,SONY MUSIC PUBLISHING (BRASIL) EDIÇÕES MUSICAIS LTDA,,,,,,,55779,558
SBT,3. Solicitação Março 2024.xls,Relatório Solicitação,,,,,,WARNER CHAPPELL EDIÇÕES MUSICAIS LTDA,,,WARNER CHAPPELL EDIÇÕES MUSICAIS LTDA,,,,,,,83665,837
SBT,3. Solicitação Março 2024.xls,Relatório Solicitação,,,,,,DIVERSAS,,,DIVERSAS,,,,,,,83665,837
SBT,3. Solicitação Março 2024.xls,Relatório Solicitação,,,,,,DIVERSAS,,,DIVERSAS,,,,,,,83665,837
SBT,3. Solicitação Março 2024.xls,Relatório Solicitação,,,,,,WARNER CHAPPELL EDIÇÕES MUSICAIS LTDA,,,WARNER CHAPPELL EDIÇÕES MUSICAIS LTDA,,,,,,,41832,418
SBT,3. Solicitação Março 2024.xls,Relatório Solicitação,,,,,,DIVERSAS,,,DIVERSAS,,,,,,,41832,418
SBT,3. Solicitação Março 2024.xls,Relatório Solicitação,,,,,,UNIVERSAL MUSIC PUBLISHING MGB BRASIL LTDA,,,UNIVERSAL MUSIC PUBLISHING MGB BRASIL LTDA,,,,,,,83665,837
SBT,3. Solicitação Março 2024.xls,Relatório Solicitação,,,,,,UNIVERSAL MUSIC PUBLISHING MGB BRASIL LTDA,,,UNIVERSAL MUSIC PUBLISHING MGB BRASIL LTDA,,,,,,,83665,837
SBT,3. Solicitação Março 2024.xls,Relatório Solicitação,,,,,,UNIVERSAL MUSIC PUBLISHING MGB BRASIL LTDA,,,UNIVERSAL MUSIC PUBLISHING MGB BRASIL LTDA,,,,,,,83665,837
SBT,3. Solicitação Março 2024.xls,Relatório Solicitação,,,,,,UNIVERSAL MUSIC PUBLISHING MGB BRASIL LTDA,,,UNIVERSAL MUSIC PUBLISHING MGB BRASIL LTDA,,,,,,,83665,837
SBT,3. Solicitação Março 2024.xls,Relatório Solicitação,,,,,,WARNER CHAPPELL EDIÇÕES MUSICAIS LTDA,,,WARNER CHAPPELL EDIÇÕES MUSICAIS LTDA,,,,,,,10458,105
SBT,3. Solicitação Março 2024.xls,Relatório Solicitação,,,,,,DIVERSAS,,,DIVERSAS,,,,,,,73207,732
SBT,3. Solicitação Março 2024.xls,Relatório Solicitação,,,,,,ABRAMUS DIGITAL SERV. IDENT. REPERTÓRIO,,,ABRAMUS DIGITAL SERV. IDENT. REPERTÓRIO,,,,,,,83665,837
SBT,3. Solicitação Março 2024.xls,Relatório Solicitação,,,,,,PEERMUSIC DO BRASIL EDIÇÕES MUSICAIS LTDA,,,PEERMUSIC DO BRASIL EDIÇÕES MUSICAIS LTDA,,,,,,,83665,837
SBT,3. Solicitação Março 2024.xls,Relatório Solicitação,,,,,,DIVERSAS,,,DIVERSAS,,,,,,,41832,418
SBT,3. Solicitação Março 2024.xls,Relatório Solicitação,,,,,,SONY MUSIC PUBLISHING (BRASIL) EDIÇÕES MUSICAIS LTDA,,,SONY MUSIC PUBLISHING (BRASIL) EDIÇÕES MUSICAIS LTDA,,,,,,,41832,418
SBT,3. Solicitação Março 2024.xls,Relatório Solicitação,,,,,,BMG RIGHTS MANAGEMENT BRASIL LTDA,,,BMG RIGHTS MANAGEMENT BRASIL LTDA,,,,,,,41832,418
SBT,3. Solicitação Março 2024.xls,Relatório Solicitação,,,,,,DIVERSAS,,,DIVERSAS,,,,,,,4183,42
SBT,3. Solicitação Março 2024.xls,Relatório Solicitação,,,,,,THIAGO ABDULAHAD NUNES RIOS ME,,,THIAGO ABDULAHAD NUNES RIOS ME,,,,,,,16733,167
SBT,3. Solicitação Março 2024.xls,Relatório Solicitação,,,,,,WARNER CHAPPELL EDIÇÕES MUSICAIS LTDA,,,WARNER CHAPPELL EDIÇÕES MUSICAIS LTDA,,,,,,,20916,209
SBT,3. Solicitação Março 2024.xls,Relatório Solicitação,,,,,,DIVERSAS,,,DIVERSAS,,,,,,,83665,837
SBT,3. Solicitação Março 2024.xls,Relatório Solicitação,,,,,,PEERMUSIC DO BRASIL EDIÇÕES MUSICAIS LTDA,,,PEERMUSIC DO BRASIL EDIÇÕES MUSICAIS LTDA,,,,,,,83665,837
SBT,3. Solicitação Março 2024.xls,Relatório Solicitação,,,,,,DIVERSAS,,,DIVERSAS,,,,,,,83665,837
SBT,3. Solicitação Março 2024.xls,Relatório Solicitação,,,,,,UNIVERSAL MUSIC PUBLISHING MGB BRASIL LTDA,,,UNIVERSAL MUSIC PUBLISHING MGB BRASIL LTDA,,,,,,,83665,837
SBT,3. Solicitação Março 2024.xls,Relatório Solicitação,,,,,,SONY MUSIC PUBLISHING (BRASIL) EDIÇÕES MUSICAIS LTDA,,,SONY MUSIC PUBLISHING (BRASIL) EDIÇÕES MUSICAIS LTDA,,,,,,,167331,1673
SBT,3. Solicitação Março 2024.xls,Relatório Solicitação,,,,,,DIVERSAS,,,DIVERSAS,,,,,,,83666,837
SBT,3. Solicitação Março 2024.xls,Relatório Solicitação,,,,,,UNIVERSAL MUSIC PUBLISHING MGB BRASIL LTDA,,,UNIVERSAL MUSIC PUBLISHING MGB BRASIL LTDA,,,,,,,83666,837
SBT,3. Solicitação Março 2024.xls,Relatório Solicitação,,,,,,UNIVERSAL MUSIC PUBLISHING MGB BRASIL LTDA,,,UNIVERSAL MUSIC PUBLISHING MGB BRASIL LTDA,,,,,,,10458,105
SBT,3. Solicitação Março 2024.xls,Relatório Solicitação,,,,,,DIVERSAS,,,DIVERSAS,,,,,,,73207,732
SBT,3. Solicitação Março 2024.xls,Relatório Solicitação,,,,,,UNIVERSAL MUSIC PUBLISHING MGB BRASIL LTDA,,,UNIVERSAL MUSIC PUBLISHING MGB BRASIL LTDA,,,,,,,83665,837
SBT,3. Solicitação Março 2024.xls,Relatório Solicitação,,,,,,DIVERSAS,,,DIVERSAS,,,,,,,41832,418
SBT,3. Solicitação Março 2024.xls,Relatório Solicitação,,,,,,UNIVERSAL MUSIC PUBLISHING MGB BRASIL LTDA,,,UNIVERSAL MUSIC PUBLISHING MGB BRASIL LTDA,,,,,,,41832,418
SBT,3. Solicitação Março 2024.xls,Relatório Solicitação,,,,,,UNIVERSAL MUSIC PUBLISHING MGB BRASIL LTDA,,,UNIVERSAL MUSIC PUBLISHING MGB BRASIL LTDA,,,,,,,10458,105
SBT,3. Solicitação Março 2024.xls,Relatório Solicitação,,,,,,DIVERSAS,,,DIVERSAS,,,,,,,73207,732
SBT,3. Solicitação Março 2024.xls,Relatório Solicitação,,,,,,WARNER CHAPPELL EDIÇÕES MUSICAIS LTDA,,,WARNER CHAPPELL EDIÇÕES MUSICAIS LTDA,,,,,,,83665,837
SBT,3. Solicitação Março 2024.xls,Relatório Solicitação,,,,,,SONY MUSIC PUBLISHING (BRASIL) EDIÇÕES MUSICAIS LTDA,,,SONY MUSIC PUBLISHING (BRASIL) EDIÇÕES MUSICAIS LTDA,,,,,,,27886,279
SBT,3. Solicitação Março 2024.xls,Relatório Solicitação,,,,,,DIVERSAS,,,DIVERSAS,,,,,,,55779,558
SBT,3. Solicitação Março 2024.xls,Relatório Solicitação,,,,,,DIVERSAS,,,DIVERSAS,,,,,,,83665,837
SBT,3. Solicitação Março 2024.xls,Relatório Solicitação,,,,,,SONY MUSIC PUBLISHING (BRASIL) EDIÇÕES MUSICAIS LTDA,,,SONY MUSIC PUBLISHING (BRASIL) EDIÇÕES MUSICAIS LTDA,,,,,,,167331,1673
SBT,3. Solicitação Março 2024.xls,Relatório Solicitação,,,,,,UNIVERSAL MUSIC PUBLISHING MGB BRASIL LTDA,,,UNIVERSAL MUSIC PUBLISHING MGB BRASIL LTDA,,,,,,,83665,837
SBT,3. Solicitação Março 2024.xls,Relatório Solicitação,,,,,,DIVERSAS,,,DIVERSAS,,,,,,,83665,837
SBT,3. Solicitação Março 2024.xls,Relatório Solicitação,,,,,,SONY MUSIC PUBLISHING (BRASIL) EDIÇÕES MUSICAIS LTDA,,,SONY MUSIC PUBLISHING (BRASIL) EDIÇÕES MUSICAIS LTDA,,,,,,,83665,837
SBT,3. Solicitação Março 2024.xls,Relatório Solicitação,,,,,,DIVERSAS,,,DIVERSAS,,,,,,,62749,627
SBT,3. Solicitação Março 2024.xls,Relatório Solicitação,,,,,,ABRAMUS DIGITAL SERV. IDENT. REPERTÓRIO,,,ABRAMUS DIGITAL SERV. IDENT. REPERTÓRIO,,,,,,,20916,209
SBT,3. Solicitação Março 2024.xls,Relatório Solicitação,,,,,,DIVERSAS,,,DIVERSAS,,,,,,,83665,837
SBT,3. Solicitação Março 2024.xls,Relatório Solicitação,,,,,,UNIVERSAL MUSIC PUBLISHING MGB BRASIL LTDA,,,UNIVERSAL MUSIC PUBLISHING MGB BRASIL LTDA,,,,,,,27886,279
SBT,3. Solicitação Março 2024.xls,Relatório Solicitação,,,,,,JULIANA FAKRI DE ASSIS EPP,,,JULIANA FAKRI DE ASSIS EPP,,,,,,,27894,279
SBT,3. Solicitação Março 2024.xls,Relatório Solicitação,,,,,,WARNER CHAPPELL EDIÇÕES MUSICAIS LTDA,,,WARNER CHAPPELL EDIÇÕES MUSICAIS LTDA,,,,,,,27886,279
SBT,3. Solicitação Março 2024.xls,Relatório Solicitação,,,,,,UNIVERSAL MUSIC PUBLISHING MGB BRASIL LTDA,,,UNIVERSAL MUSIC PUBLISHING MGB BRASIL LTDA,,,,,,,83665,837
SBT,3. Solicitação Março 2024.xls,Relatório Solicitação,,,,,,BMG RIGHTS MANAGEMENT BRASIL LTDA,,,BMG RIGHTS MANAGEMENT BRASIL LTDA,,,,,,,83665,837
SBT,3. Solicitação Março 2024.xls,Relatório Solicitação,,,,,,UNIVERSAL MUSIC PUBLISHING MGB BRASIL LTDA,,,UNIVERSAL MUSIC PUBLISHING MGB BRASIL LTDA,,,,,,,83665,837
SBT,3. Solicitação Março 2024.xls,Relatório Solicitação,,,,,,LUANDA EDIÇÕES MUSICAS LTDA,,,LUANDA EDIÇÕES MUSICAS LTDA,,,,,,,83665,837
SBT,3. Solicitação Março 2024.xls,Relatório Solicitação,,,,,,UNIVERSAL MUSIC PUBLISHING MGB BRASIL LTDA,,,UNIVERSAL MUSIC PUBLISHING MGB BRASIL LTDA,,,,,,,27894,279
SBT,3. Solicitação Março 2024.xls,Relatório Solicitação,,,,,,DIVERSAS,,,DIVERSAS,,,,,,,27886,279
SBT,3. Solicitação Março 2024.xls,Relatório Solicitação,,,,,,WARNER CHAPPELL EDIÇÕES MUSICAIS LTDA,,,WARNER CHAPPELL EDIÇÕES MUSICAIS LTDA,,,,,,,27886,279
SBT,3. Solicitação Março 2024.xls,Relatório Solicitação,,,,,,ADDAF - ASS. DEF. DIREITOS AUTORAIS FONOMECÂNICOS,,,ADDAF - ASS. DEF. DIREITOS AUTORAIS FONOMECÂNICOS,,,,,,,41832,418
SBT,3. Solicitação Março 2024.xls,Relatório Solicitação,,,,,,UNIVERSAL MUSIC PUBLISHING MGB BRASIL LTDA,,,UNIVERSAL MUSIC PUBLISHING MGB BRASIL LTDA,,,,,,,41832,418
SBT,3. Solicitação Março 2024.xls,Relatório Solicitação,,,,,,UNIVERSAL MUSIC PUBLISHING MGB BRASIL LTDA,,,UNIVERSAL MUSIC PUBLISHING MGB BRASIL LTDA,,,,,,,167331,1673
SBT,3. Solicitação Março 2024.xls,Relatório Solicitação,,,,,,DIVERSAS,,,DIVERSAS,,,,,,,167331,1673
SBT,3. Solicitação Março 2024.xls,Relatório Solicitação,,,,,,DIVERSAS,,,DIVERSAS,,,,,,,167331,1673
SBT,3. Solicitação Março 2024.xls,Relatório Solicitação,,,,,,UNIVERSAL MUSIC PUBLISHING MGB BRASIL LTDA,,,UNIVERSAL MUSIC PUBLISHING MGB BRASIL LTDA,,,,,,,167331,1673
SBT,3. Solicitação Março 2024.xls,Relatório Solicitação,,,,,,THIAGO ABDULAHAD NUNES RIOS ME,,,THIAGO ABDULAHAD NUNES RIOS ME,,,,,,,55771,558
SBT,3. Solicitação Março 2024.xls,Relatório Solicitação,,,,,,WARNER CHAPPELL EDIÇÕES MUSICAIS LTDA,,,WARNER CHAPPELL EDIÇÕES MUSICAIS LTDA,,,,,,,1115600,11156
SBT,3. Solicitação Março 2024.xls,Relatório Solicitação,,,,,,WARNER CHAPPELL EDIÇÕES MUSICAIS LTDA,,,WARNER CHAPPELL EDIÇÕES MUSICAIS LTDA,,,,,,,167331,1673
SBT,3. Solicitação Março 2024.xls,Relatório Solicitação,,,,,,DIVERSAS,,,DIVERSAS,,,,,,,167331,1673
SBT,3. Solicitação Março 2024.xls,Relatório Solicitação,,,,,,BMG RIGHTS MANAGEMENT BRASIL LTDA,,,BMG RIGHTS MANAGEMENT BRASIL LTDA,,,,,,,83666,837
SBT,3. Solicitação Março 2024.xls,Relatório Solicitação,,,,,,ABRAMUS DIGITAL SERV. IDENT. REPERTÓRIO,,,ABRAMUS DIGITAL SERV. IDENT. REPERTÓRIO,,,,,,,83666,837
SBT,3. Solicitação Março 2024.xls,Relatório Solicitação,,,,,,THIAGO ABDULAHAD NUNES RIOS ME,,,THIAGO ABDULAHAD NUNES RIOS ME,,,,,,,167331,1673
SBT,3. Solicitação Março 2024.xls,Relatório Solicitação,,,,,,SONY MUSIC PUBLISHING (BRASIL) EDIÇÕES MUSICAIS LTDA,,,SONY MUSIC PUBLISHING (BRASIL) EDIÇÕES MUSICAIS LTDA,,,,,,,167331,1673
SBT,3. Solicitação Março 2024.xls,Relatório Solicitação,,,,,,UNIVERSAL MUSIC PUBLISHING MGB BRASIL LTDA,,,UNIVERSAL MUSIC PUBLISHING MGB BRASIL LTDA,,,,,,,167331,1673
SBT,3. Solicitação Março 2024.xls,Relatório Solicitação,,,,,,UNIVERSAL MUSIC PUBLISHING MGB BRASIL LTDA,,,UNIVERSAL MUSIC PUBLISHING MGB BRASIL LTDA,,,,,,,83666,837
SBT,3. Solicitação Março 2024.xls,Relatório Solicitação,,,,,,DUETO EDIÇÕES MUSICAIS LTDA.,,,DUETO EDIÇÕES MUSICAIS LTDA.,,,,,,,83666,837
SBT,3. Solicitação Março 2024.xls,Relatório Solicitação,,,,,,DIVERSAS,,,DIVERSAS,,,,,,,167331,1673
SBT,3. Solicitação Março 2024.xls,Relatório Solicitação,,,,,,UNIVERSAL MUSIC PUBLISHING MGB BRASIL LTDA,,,UNIVERSAL MUSIC PUBLISHING MGB BRASIL LTDA,,,,,,,167331,1673
SBT,3. Solicitação Março 2024.xls,Relatório Solicitação,,,,,,SONY MUSIC PUBLISHING (BRASIL) EDIÇÕES MUSICAIS LTDA,,,SONY MUSIC PUBLISHING (BRASIL) EDIÇÕES MUSICAIS LTDA,,,,,,,167331,1673
SBT,3. Solicitação Março 2024.xls,Relatório Solicitação,,,,,,UNIVERSAL MUSIC PUBLISHING MGB BRASIL LTDA,,,UNIVERSAL MUSIC PUBLISHING MGB BRASIL LTDA,,,,,,,167331,1673
SBT,3. Solicitação Março 2024.xls,Relatório Solicitação,,,,,,SONY MUSIC PUBLISHING (BRASIL) EDIÇÕES MUSICAIS LTDA,,,SONY MUSIC PUBLISHING (BRASIL) EDIÇÕES MUSICAIS LTDA,,,,,,,167331,1673
SBT,3. Solicitação Março 2024.xls,Relatório Solicitação,,,,,,WARNER CHAPPELL EDIÇÕES MUSICAIS LTDA,,,WARNER CHAPPELL EDIÇÕES MUSICAIS LTDA,,,,,,,83666,837
SBT,3. Solicitação Março 2024.xls,Relatório Solicitação,,,,,,SONY MUSIC PUBLISHING (BRASIL) EDIÇÕES MUSICAIS LTDA,,,SONY MUSIC PUBLISHING (BRASIL) EDIÇÕES MUSICAIS LTDA,,,,,,,83666,837
SBT,3. Solicitação Março 2024.xls,Relatório Solicitação,,,,,,DIVERSAS,,,DIVERSAS,,,,,,,167331,1673
SBT,3. Solicitação Março 2024.xls,Relatório Solicitação,,,,,,DIVERSAS,,,DIVERSAS,,,,,,,33466,335
SBT,3. Solicitação Março 2024.xls,Relatório Solicitação,,,,,,SONY MUSIC PUBLISHING (BRASIL) EDIÇÕES MUSICAIS LTDA,,,SONY MUSIC PUBLISHING (BRASIL) EDIÇÕES MUSICAIS LTDA,,,,,,,133865,1339
SBT,3. Solicitação Março 2024.xls,Relatório Solicitação,,,,,,SONY MUSIC PUBLISHING (BRASIL) EDIÇÕES MUSICAIS LTDA,,,SONY MUSIC PUBLISHING (BRASIL) EDIÇÕES MUSICAIS LTDA,,,,,,,167331,1673
SBT,3. Solicitação Março 2024.xls,Relatório Solicitação,,,,,,WARNER CHAPPELL EDIÇÕES MUSICAIS LTDA,,,WARNER CHAPPELL EDIÇÕES MUSICAIS LTDA,,,,,,,58566,586
SBT,3. Solicitação Março 2024.xls,Relatório Solicitação,,,,,,DIVERSAS,,,DIVERSAS,,,,,,,108765,1088
SBT,3. Solicitação Março 2024.xls,Relatório Solicitação,,,,,,ADDAF - ASS. DEF. DIREITOS AUTORAIS FONOMECÂNICOS,,,ADDAF - ASS. DEF. DIREITOS AUTORAIS FONOMECÂNICOS,,,,,,,167331,1673
SBT,3. Solicitação Março 2024.xls,Relatório Solicitação,,,,,,WARNER CHAPPELL EDIÇÕES MUSICAIS LTDA,,,WARNER CHAPPELL EDIÇÕES MUSICAIS LTDA,,,,,,,29283,293
SBT,3. Solicitação Março 2024.xls,Relatório Solicitação,,,,,,DIVERSAS,,,DIVERSAS,,,,,,,54382,544
SBT,3. Solicitação Março 2024.xls,Relatório Solicitação,,,,,,DIVERSAS,,,DIVERSAS,,,,,,,83665,837
SBT,3. Solicitação Março 2024.xls,Relatório Solicitação,,,,,,DIVERSAS,,,DIVERSAS,,,,,,,167331,1673
SBT,3. Solicitação Março 2024.xls,Relatório Solicitação,,,,,,WARNER CHAPPELL EDIÇÕES MUSICAIS LTDA,,,WARNER CHAPPELL EDIÇÕES MUSICAIS LTDA,,,,,,,167331,1673
SBT,3. Solicitação Março 2024.xls,Relatório Solicitação,,,,,,ADDAF - ASS. DEF. DIREITOS AUTORAIS FONOMECÂNICOS,,,ADDAF - ASS. DEF. DIREITOS AUTORAIS FONOMECÂNICOS,,,,,,,167331,1673
SBT,3. Solicitação Março 2024.xls,Relatório Solicitação,,,,,,DIVERSAS,,,DIVERSAS,,,,,,,167331,1673
SBT,3. Solicitação Março 2024.xls,Relatório Solicitação,,,,,,DIVERSAS,,,DIVERSAS,,,,,,,167331,1673
SBT,3. Solicitação Março 2024.xls,Relatório Solicitação,,,,,,DIVERSAS,,,DIVERSAS,,,,,,,167331,1673
SBT,3. Solicitação Março 2024.xls,Relatório Solicitação,,,,,,DIVERSAS,,,DIVERSAS,,,,,,,167331,1673
SBT,3. Solicitação Março 2024.xls,Relatório Solicitação,,,,,,DIVERSAS,,,DIVERSAS,,,,,,,167331,1673
SBT,3. Solicitação Março 2024.xls,Relatório Solicitação,,,,,,WARNER CHAPPELL EDIÇÕES MUSICAIS LTDA,,,WARNER CHAPPELL EDIÇÕES MUSICAIS LTDA,,,,,,,41832,418
SBT,3. Solicitação Março 2024.xls,Relatório Solicitação,,,,,,DIVERSAS,,,DIVERSAS,,,,,,,41832,418
SBT,3. Solicitação Março 2024.xls,Relatório Solicitação,,,,,,UNIVERSAL MUSIC PUBLISHING MGB BRASIL LTDA,,,UNIVERSAL MUSIC PUBLISHING MGB BRASIL LTDA,,,,,,,29283,293
SBT,3. Solicitação Março 2024.xls,Relatório Solicitação,,,,,,DIVERSAS,,,DIVERSAS,,,,,,,54382,544
SBT,3. Solicitação Março 2024.xls,Relatório Solicitação,,,,,,WARNER CHAPPELL EDIÇÕES MUSICAIS LTDA,,,WARNER CHAPPELL EDIÇÕES MUSICAIS LTDA,,,,,,,8366,84
SBT,3. Solicitação Março 2024.xls,Relatório Solicitação,,,,,,DIVERSAS,,,DIVERSAS,,,,,,,75298,753
SBT,3. Solicitação Março 2024.xls,Relatório Solicitação,,,,,,DIVERSAS,,,DIVERSAS,,,,,,,83665,837
SBT,3. Solicitação Março 2024.xls,Relatório Solicitação,,,,,,WARNER CHAPPELL EDIÇÕES MUSICAIS LTDA,,,WARNER CHAPPELL EDIÇÕES MUSICAIS LTDA,,,,,,,13939,139
SBT,3. Solicitação Março 2024.xls,Relatório Solicitação,,,,,,DIVERSAS,,,DIVERSAS,,,,,,,69726,697
SBT,3. Solicitação Março 2024.xls,Relatório Solicitação,,,,,,DIVERSAS,,,DIVERSAS,,,,,,,83665,837
SBT,3. Solicitação Março 2024.xls,Relatório Solicitação,,,,,,DIVERSAS,,,DIVERSAS,,,,,,,167331,1673
SBT,3. Solicitação Março 2024.xls,Relatório Solicitação,,,,,,DIVERSAS,,,DIVERSAS,,,,,,,83665,837
SBT,3. Solicitação Março 2024.xls,Relatório Solicitação,,,,,,DIVERSAS,,,DIVERSAS,,,,,,,83665,837
SBT,3. Solicitação Março 2024.xls,Relatório Solicitação,,,,,,UNIVERSAL MUSIC PUBLISHING MGB BRASIL LTDA,,,UNIVERSAL MUSIC PUBLISHING MGB BRASIL LTDA,,,,,,,83665,837
SBT,3. Solicitação Março 2024.xls,Relatório Solicitação,,,,,,DIVERSAS,,,DIVERSAS,,,,,,,83665,837
SBT,3. Solicitação Março 2024.xls,Relatório Solicitação,,,,,,FUSION MUSIC EDIÇÕES MUSICAIS LTDA,,,FUSION MUSIC EDIÇÕES MUSICAIS LTDA,,,,,,,167331,1673
SBT,3. Solicitação Março 2024.xls,Relatório Solicitação,,,,,,IRMÃOS VITALE EDITORES LTDA,,,IRMÃOS VITALE EDITORES LTDA,,,,,,,83665,837
SBT,3. Solicitação Março 2024.xls,Relatório Solicitação,,,,,,DIVERSAS,,,DIVERSAS,,,,,,,83665,837
SBT,3. Solicitação Março 2024.xls,Relatório Solicitação,,,,,,WARNER CHAPPELL EDIÇÕES MUSICAIS LTDA,,,WARNER CHAPPELL EDIÇÕES MUSICAIS LTDA,,,,,,,41832,418
SBT,3. Solicitação Março 2024.xls,Relatório Solicitação,,,,,,PEERMUSIC DO BRASIL EDIÇÕES MUSICAIS LTDA,,,PEERMUSIC DO BRASIL EDIÇÕES MUSICAIS LTDA,,,,,,,41832,418
SBT,3. Solicitação Março 2024.xls,Relatório Solicitação,,,,,,WARNER/CHAPPELL EDIÇÕES MUSICAIS LTDA,,,WARNER/CHAPPELL EDIÇÕES MUSICAIS LTDA,,,,,,,83665,837
SBT,3. Solicitação Março 2024.xls,Relatório Solicitação,,,,,,DIVERSAS,,,DIVERSAS,,,,,,,83665,837
SBT,3. Solicitação Março 2024.xls,Relatório Solicitação,,,,,,DIVERSAS,,,DIVERSAS,,,,,,,83665,837
SBT,3. Solicitação Março 2024.xls,Relatório Solicitação,,,,,,DIVERSAS,,,DIVERSAS,,,,,,,83665,837
SBT,3. Solicitação Março 2024.xls,Relatório Solicitação,,,,,,DIVERSAS,,,DIVERSAS,,,,,,,83665,837
SBT,3. Solicitação Março 2024.xls,Relatório Solicitação,,,,,,DIVERSAS,,,DIVERSAS,,,,,,,83665,837
SBT,3. Solicitação Março 2024.xls,Relatório Solicitação,,,,,,SONY MUSIC PUBLISHING (BRASIL) EDIÇÕES MUSICAIS LTDA,,,SONY MUSIC PUBLISHING (BRASIL) EDIÇÕES MUSICAIS LTDA,,,,,,,83665,837
SBT,3. Solicitação Março 2024.xls,Relatório Solicitação,,,,,,DIVERSAS,,,DIVERSAS,,,,,,,41832,418
SBT,3. Solicitação Março 2024.xls,Relatório Solicitação,,,,,,UNIVERSAL MUSIC PUBLISHING MGB BRASIL LTDA,,,UNIVERSAL MUSIC PUBLISHING MGB BRASIL LTDA,,,,,,,41832,418
SBT,3. Solicitação Março 2024.xls,Relatório Solicitação,,,,,,MK MUSIC EDIÇÕES MUSICAIS LTDA,,,MK MUSIC EDIÇÕES MUSICAIS LTDA,,,,,,,83665,837
SBT,3. Solicitação Março 2024.xls,Relatório Solicitação,,,,,,PEERMUSIC DO BRASIL EDIÇÕES MUSICAIS LTDA,,,PEERMUSIC DO BRASIL EDIÇÕES MUSICAIS LTDA,,,,,,,83665,837
SBT,3. Solicitação Março 2024.xls,Relatório Solicitação,,,,,,SONY MUSIC PUBLISHING (BRASIL) EDIÇÕES MUSICAIS LTDA,,,SONY MUSIC PUBLISHING (BRASIL) EDIÇÕES MUSICAIS LTDA,,,,,,,167331,1673
SBT,3. Solicitação Março 2024.xls,Relatório Solicitação,,,,,,DIVERSAS,,,DIVERSAS,,,,,,,167331,1673
SBT,3. Solicitação Março 2024.xls,Relatório Solicitação,,,,,,UNIVERSAL MUSIC PUBLISHING MGB BRASIL LTDA,,,UNIVERSAL MUSIC PUBLISHING MGB BRASIL LTDA,,,,,,,83665,837
SBT,3. Solicitação Março 2024.xls,Relatório Solicitação,,,,,,BMG RIGHTS MANAGEMENT BRASIL LTDA,,,BMG RIGHTS MANAGEMENT BRASIL LTDA,,,,,,,22305,223
SBT,3. Solicitação Março 2024.xls,Relatório Solicitação,,,,,,DIVERSAS,,,DIVERSAS,,,,,,,61377,614
SBT,3. Solicitação Março 2024.xls,Relatório Solicitação,,,,,,ABRAMUS DIGITAL SERV. IDENT. REPERTÓRIO,,,ABRAMUS DIGITAL SERV. IDENT. REPERTÓRIO,,,,,,,65075,651
SBT,3. Solicitação Março 2024.xls,Relatório Solicitação,,,,,,SONY MUSIC PUBLISHING (BRASIL) EDIÇÕES MUSICAIS LTDA,,,SONY MUSIC PUBLISHING (BRASIL) EDIÇÕES MUSICAIS LTDA,,,,,,,18574,186
SBT,3. Solicitação Março 2024.xls,Relatório Solicitação,,,,,,SONY MUSIC PUBLISHING (BRASIL) EDIÇÕES MUSICAIS LTDA,,,SONY MUSIC PUBLISHING (BRASIL) EDIÇÕES MUSICAIS LTDA,,,,,,,83665,837
SBT,3. Solicitação Março 2024.xls,Relatório Solicitação,,,,,,DIVERSAS,,,DIVERSAS,,,,,,,41832,418
SBT,3. Solicitação Março 2024.xls,Relatório Solicitação,,,,,,WARNER CHAPPELL EDIÇÕES MUSICAIS LTDA,,,WARNER CHAPPELL EDIÇÕES MUSICAIS LTDA,,,,,,,41832,418
SBT,3. Solicitação Março 2024.xls,Relatório Solicitação,,,,,,DIVERSAS,,,DIVERSAS,,,,,,,83666,837
SBT,3. Solicitação Março 2024.xls,Relatório Solicitação,,,,,,WARNER CHAPPELL EDIÇÕES MUSICAIS LTDA,,,WARNER CHAPPELL EDIÇÕES MUSICAIS LTDA,,,,,,,83666,837
SBT,3. Solicitação Março 2024.xls,Relatório Solicitação,,,,,,SONY MUSIC PUBLISHING (BRASIL) EDIÇÕES MUSICAIS LTDA,,,SONY MUSIC PUBLISHING (BRASIL) EDIÇÕES MUSICAIS LTDA,,,,,,,39096,391
SBT,3. Solicitação Março 2024.xls,Relatório Solicitação,,,,,,SONY MUSIC PUBLISHING (BRASIL) EDIÇÕES MUSICAIS LTDA,,,SONY MUSIC PUBLISHING (BRASIL) EDIÇÕES MUSICAIS LTDA,,,,,,,39096,391
SBT,3. Solicitação Março 2024.xls,Relatório Solicitação,,,,,,DIVERSAS,,,DIVERSAS,,,,,,,39096,391
SBT,3. Solicitação Março 2024.xls,Relatório Solicitação,,,,,,DIVERSAS,,,DIVERSAS,,,,,,,39096,391
SBT,3. Solicitação Março 2024.xls,Relatório Solicitação,,,,,,DIVERSAS,,,DIVERSAS,,,,,,,39096,391
SBT,3. Solicitação Março 2024.xls,Relatório Solicitação,,,,,,DIVERSAS,,,DIVERSAS,,,,,,,19548,195
SBT,3. Solicitação Março 2024.xls,Relatório Solicitação,,,,,,BMG RIGHTS MANAGEMENT BRASIL LTDA,,,BMG RIGHTS MANAGEMENT BRASIL LTDA,,,,,,,19548,195
SBT,3. Solicitação Março 2024.xls,Relatório Solicitação,,,,,,WARNER CHAPPELL EDIÇÕES MUSICAIS LTDA,,,WARNER CHAPPELL EDIÇÕES MUSICAIS LTDA,,,,,,,39096,391
SBT,3. Solicitação Março 2024.xls,Relatório Solicitação,,,,,,PEERMUSIC DO BRASIL EDIÇÕES MUSICAIS LTDA,,,PEERMUSIC DO BRASIL EDIÇÕES MUSICAIS LTDA,,,,,,,39096,391
SBT,3. Solicitação Março 2024.xls,Relatório Solicitação,,,,,,WARNER CHAPPELL EDIÇÕES MUSICAIS LTDA,,,WARNER CHAPPELL EDIÇÕES MUSICAIS LTDA,,,,,,,83665,837
SBT,3. Solicitação Março 2024.xls,Relatório Solicitação,,,,,,BMG RIGHTS MANAGEMENT BRASIL LTDA,,,BMG RIGHTS MANAGEMENT BRASIL LTDA,,,,,,,83665,837
SBT,3. Solicitação Março 2024.xls,Relatório Solicitação,,,,,,DIVERSAS,,,DIVERSAS,,,,,,,68605,686
SBT,3. Solicitação Março 2024.xls,Relatório Solicitação,,,,,,PEERMUSIC DO BRASIL EDIÇÕES MUSICAIS LTDA,,,PEERMUSIC DO BRASIL EDIÇÕES MUSICAIS LTDA,,,,,,,150600,1506
SBT,3. Solicitação Março 2024.xls,Relatório Solicitação,,,,,,SONY MUSIC PUBLISHING (BRASIL) EDIÇÕES MUSICAIS LTDA,,,SONY MUSIC PUBLISHING (BRASIL) EDIÇÕES MUSICAIS LTDA,,,,,,,83665,837
SBT,3. Solicitação Março 2024.xls,Relatório Solicitação,,,,,,BMG RIGHTS MANAGEMENT BRASIL LTDA,,,BMG RIGHTS MANAGEMENT BRASIL LTDA,,,,,,,16733,167
SBT,3. Solicitação Março 2024.xls,Relatório Solicitação,,,,,,DIVERSAS,,,DIVERSAS,,,,,,,16733,167
SBT,3. Solicitação Março 2024.xls,Relatório Solicitação,,,,,,EDITORA MUSICAL WALERIA LEÃO LTDA ME,,,EDITORA MUSICAL WALERIA LEÃO LTDA ME,,,,,,,16733,167
SBT,3. Solicitação Março 2024.xls,Relatório Solicitação,,,,,,ABRAMUS DIGITAL SERV. IDENT. REPERTÓRIO,,,ABRAMUS DIGITAL SERV. IDENT. REPERTÓRIO,,,,,,,33466,335
SBT,3. Solicitação Março 2024.xls,Relatório Solicitação,,,,,,WORLDSHOW PROMOÇÕES E EVENTOS,,,WORLDSHOW PROMOÇÕES E EVENTOS,,,,,,,20916,209
SBT,3. Solicitação Março 2024.xls,Relatório Solicitação,,,,,,UNIVERSAL MUSIC PUBLISHING MGB BRASIL LTDA,,,UNIVERSAL MUSIC PUBLISHING MGB BRASIL LTDA,,,,,,,20916,209
SBT,3. Solicitação Março 2024.xls,Relatório Solicitação,,,,,,BMG RIGHTS MANAGEMENT BRASIL LTDA,,,BMG RIGHTS MANAGEMENT BRASIL LTDA,,,,,,,20916,209
SBT,3. Solicitação Março 2024.xls,Relatório Solicitação,,,,,,SONY MUSIC PUBLISHING (BRASIL) EDIÇÕES MUSICAIS LTDA,,,SONY MUSIC PUBLISHING (BRASIL) EDIÇÕES MUSICAIS LTDA,,,,,,,20916,209
SBT,3. Solicitação Março 2024.xls,Relatório Solicitação,,,,,,PEERMUSIC DO BRASIL EDIÇÕES MUSICAIS LTDA,,,PEERMUSIC DO BRASIL EDIÇÕES MUSICAIS LTDA,,,,,,,83665,837
SBT,3. Solicitação Março 2024.xls,Relatório Solicitação,,,,,,SONY MUSIC PUBLISHING (BRASIL) EDIÇÕES MUSICAIS LTDA,,,SONY MUSIC PUBLISHING (BRASIL) EDIÇÕES MUSICAIS LTDA,,,,,,,83665,837
SBT,3. Solicitação Março 2024.xls,Relatório Solicitação,,,,,,DIVERSAS,,,DIVERSAS,,,,,,,20916,209
SBT,3. Solicitação Março 2024.xls,Relatório Solicitação,,,,,,BMG RIGHTS MANAGEMENT BRASIL LTDA,,,BMG RIGHTS MANAGEMENT BRASIL LTDA,,,,,,,62749,627
SBT,3. Solicitação Março 2024.xls,Relatório Solicitação,,,,,,DIVERSAS,,,DIVERSAS,,,,,,,83665,837
SBT,3. Solicitação Março 2024.xls,Relatório Solicitação,,,,,,DIVERSAS,,,DIVERSAS,,,,,,,27894,279
SBT,3. Solicitação Março 2024.xls,Relatório Solicitação,,,,,,UNIVERSAL MUSIC PUBLISHING MGB BRASIL LTDA,,,UNIVERSAL MUSIC PUBLISHING MGB BRASIL LTDA,,,,,,,27886,279
SBT,3. Solicitação Março 2024.xls,Relatório Solicitação,,,,,,BMG RIGHTS MANAGEMENT BRASIL LTDA,,,BMG RIGHTS MANAGEMENT BRASIL LTDA,,,,,,,27886,279
SBT,3. Solicitação Março 2024.xls,Relatório Solicitação,,,,,,DIVERSAS,,,DIVERSAS,,,,,,,83665,837
SBT,3. Solicitação Março 2024.xls,Relatório Solicitação,,,,,,PEERMUSIC DO BRASIL EDIÇÕES MUSICAIS LTDA,,,PEERMUSIC DO BRASIL EDIÇÕES MUSICAIS LTDA,,,,,,,83665,837
SBT,3. Solicitação Março 2024.xls,Relatório Solicitação,,,,,,SONY MUSIC PUBLISHING (BRASIL) EDIÇÕES MUSICAIS LTDA,,,SONY MUSIC PUBLISHING (BRASIL) EDIÇÕES MUSICAIS LTDA,,,,,,,83665,837
SBT,3. Solicitação Março 2024.xls,Relatório Solicitação,,,,,,WARNER CHAPPELL EDIÇÕES MUSICAIS LTDA,,,WARNER CHAPPELL EDIÇÕES MUSICAIS LTDA,,,,,,,31277,313
SBT,3. Solicitação Março 2024.xls,Relatório Solicitação,,,,,,DIVERSAS,,,DIVERSAS,,,,,,,7819,78
SBT,3. Solicitação Março 2024.xls,Relatório Solicitação,,,,,,DIVERSAS,,,DIVERSAS,,,,,,,39096,391
SBT,3. Solicitação Março 2024.xls,Relatório Solicitação,,,,,,UNIVERSAL MUSIC PUBLISHING MGB BRASIL LTDA,,,UNIVERSAL MUSIC PUBLISHING MGB BRASIL LTDA,,,,,,,39096,391
SBT,3. Solicitação Março 2024.xls,Relatório Solicitação,,,,,,WARNER CHAPPELL EDIÇÕES MUSICAIS LTDA,,,WARNER CHAPPELL EDIÇÕES MUSICAIS LTDA,,,,,,,31277,313
SBT,3. Solicitação Março 2024.xls,Relatório Solicitação,,,,,,DIVERSAS,,,DIVERSAS,,,,,,,7819,78
SBT,3. Solicitação Março 2024.xls,Relatório Solicitação,,,,,,BMG RIGHTS MANAGEMENT BRASIL LTDA,,,BMG RIGHTS MANAGEMENT BRASIL LTDA,,,,,,,22305,223
SBT,3. Solicitação Março 2024.xls,Relatório Solicitação,,,,,,DIVERSAS,,,DIVERSAS,,,,,,,61377,614
SBT,3. Solicitação Março 2024.xls,Relatório Solicitação,,,,,,ABRAMUS DIGITAL SERV. IDENT. REPERTÓRIO,,,ABRAMUS DIGITAL SERV. IDENT. REPERTÓRIO,,,,,,,65075,651
SBT,3. Solicitação Março 2024.xls,Relatório Solicitação,,,,,,SONY MUSIC PUBLISHING (BRASIL) EDIÇÕES MUSICAIS LTDA,,,SONY MUSIC PUBLISHING (BRASIL) EDIÇÕES MUSICAIS LTDA,,,,,,,18574,186
SBT,3. Solicitação Março 2024.xls,Relatório Solicitação,,,,,,DIVERSAS,,,DIVERSAS,,,,,,,83665,837
SBT,3. Solicitação Março 2024.xls,Relatório Solicitação,,,,,,DIVERSAS,,,DIVERSAS,,,,,,,167331,1673
SBT,3. Solicitação Março 2024.xls,Relatório Solicitação,,,,,,DIVERSAS,,,DIVERSAS,,,,,,,83665,837
SBT,3. Solicitação Março 2024.xls,Relatório Solicitação,,,,,,DIVERSAS,,,DIVERSAS,,,,,,,27894,279
SBT,3. Solicitação Março 2024.xls,Relatório Solicitação,,,,,,WARNER CHAPPELL EDIÇÕES MUSICAIS LTDA,,,WARNER CHAPPELL EDIÇÕES MUSICAIS LTDA,,,,,,,55771,558
SBT,3. Solicitação Março 2024.xls,Relatório Solicitação,,,,,,IESSI MUSIC LABEL LTDA,,,IESSI MUSIC LABEL LTDA,,,,,,,41832,418
SBT,3. Solicitação Março 2024.xls,Relatório Solicitação,,,,,,DIVERSAS,,,DIVERSAS,,,,,,,41832,418
SBT,3. Solicitação Março 2024.xls,Relatório Solicitação,,,,,,IESSI MUSIC LABEL LTDA,,,IESSI MUSIC LABEL LTDA,,,,,,,83666,837
SBT,3. Solicitação Março 2024.xls,Relatório Solicitação,,,,,,DIVERSAS,,,DIVERSAS,,,,,,,83666,837
SBT,3. Solicitação Março 2024.xls,Relatório Solicitação,,,,,,BMG RIGHTS MANAGEMENT BRASIL LTDA,,,BMG RIGHTS MANAGEMENT BRASIL LTDA,,,,,,,22305,223
SBT,3. Solicitação Março 2024.xls,Relatório Solicitação,,,,,,EDITORA E IMPORTADORA MUSICAL FERMATA DO BRASIL LTDA,,,EDITORA E IMPORTADORA MUSICAL FERMATA DO BRASIL LTDA,,,,,,,25100,251
SBT,3. Solicitação Março 2024.xls,Relatório Solicitação,,,,,,SONY MUSIC PUBLISHING (BRASIL) EDIÇÕES MUSICAIS LTDA,,,SONY MUSIC PUBLISHING (BRASIL) EDIÇÕES MUSICAIS LTDA,,,,,,,362600,3626
SBT,3. Solicitação Março 2024.xls,Relatório Solicitação,,,,,,DIVERSAS,,,DIVERSAS,,,,,,,83665,837
SBT,3. Solicitação Março 2024.xls,Relatório Solicitação,,,,,,DIVERSAS,,,DIVERSAS,,,,,,,167331,1673
SBT,3. Solicitação Março 2024.xls,Relatório Solicitação,,,,,,SONY MUSIC PUBLISHING (BRASIL) EDIÇÕES MUSICAIS LTDA,,,SONY MUSIC PUBLISHING (BRASIL) EDIÇÕES MUSICAIS LTDA,,,,,,,83665,837
SBT,3. Solicitação Março 2024.xls,Relatório Solicitação,,,,,,SONY MUSIC PUBLISHING (BRASIL) EDIÇÕES MUSICAIS LTDA,,,SONY MUSIC PUBLISHING (BRASIL) EDIÇÕES MUSICAIS LTDA,,,,,,,167331,1673
SBT,3. Solicitação Março 2024.xls,Relatório Solicitação,,,,,,DIVERSAS,,,DIVERSAS,,,,,,,83665,837
SBT,3. Solicitação Março 2024.xls,Relatório Solicitação,,,,,,WARNER CHAPPELL EDIÇÕES MUSICAIS LTDA,,,WARNER CHAPPELL EDIÇÕES MUSICAIS LTDA,,,,,,,41832,418
SBT,3. Solicitação Março 2024.xls,Relatório Solicitação,,,,,,SONY MUSIC PUBLISHING (BRASIL) EDIÇÕES MUSICAIS LTDA,,,SONY MUSIC PUBLISHING (BRASIL) EDIÇÕES MUSICAIS LTDA,,,,,,,41832,418
SBT,3. Solicitação Março 2024.xls,Relatório Solicitação,,,,,,WARNER CHAPPELL EDIÇÕES MUSICAIS LTDA,,,WARNER CHAPPELL EDIÇÕES MUSICAIS LTDA,,,,,,,83666,837
SBT,3. Solicitação Março 2024.xls,Relatório Solicitação,,,,,,SONY MUSIC PUBLISHING (BRASIL) EDIÇÕES MUSICAIS LTDA,,,SONY MUSIC PUBLISHING (BRASIL) EDIÇÕES MUSICAIS LTDA,,,,,,,83666,837
SBT,3. Solicitação Março 2024.xls,Relatório Solicitação,,,,,,DIVERSAS,,,DIVERSAS,,,,,,,167331,1673
SBT,3. Solicitação Março 2024.xls,Relatório Solicitação,,,,,,DIVERSAS,,,DIVERSAS,,,,,,,167331,1673
SBT,3. Solicitação Março 2024.xls,Relatório Solicitação,,,,,,DIVERSAS,,,DIVERSAS,,,,,,,167331,1673
SBT,3. Solicitação Março 2024.xls,Relatório Solicitação,,,,,,DIVERSAS,,,DIVERSAS,,,,,,,83665,837
SBT,3. Solicitação Março 2024.xls,Relatório Solicitação,,,,,,SONY MUSIC PUBLISHING (BRASIL) EDIÇÕES MUSICAIS LTDA,,,SONY MUSIC PUBLISHING (BRASIL) EDIÇÕES MUSICAIS LTDA,,,,,,,83666,837
SBT,3. Solicitação Março 2024.xls,Relatório Solicitação,,,,,,DIVERSAS,,,DIVERSAS,,,,,,,83666,837
SBT,3. Solicitação Março 2024.xls,Relatório Solicitação,,,,,,DIVERSAS,,,DIVERSAS,,,,,,,83665,837
SBT,3. Solicitação Março 2024.xls,Relatório Solicitação,,,,,,DIVERSAS,,,DIVERSAS,,,,,,,83665,837
SBT,3. Solicitação Março 2024.xls,Relatório Solicitação,,,,,,DIVERSAS,,,DIVERSAS,,,,,,,83665,837
SBT,3. Solicitação Março 2024.xls,Relatório Solicitação,,,,,,DIVERSAS,,,DIVERSAS,,,,,,,41832,418
SBT,3. Solicitação Março 2024.xls,Relatório Solicitação,,,,,,SONY MUSIC PUBLISHING (BRASIL) EDIÇÕES MUSICAIS LTDA,,,SONY MUSIC PUBLISHING (BRASIL) EDIÇÕES MUSICAIS LTDA,,,,,,,41832,418
SBT,3. Solicitação Março 2024.xls,Relatório Solicitação,,,,,,WARNER CHAPPELL EDIÇÕES MUSICAIS LTDA,,,WARNER CHAPPELL EDIÇÕES MUSICAIS LTDA,,,,,,,83665,837
SBT,3. Solicitação Março 2024.xls,Relatório Solicitação,,,,,,WARNER CHAPPELL EDIÇÕES MUSICAIS LTDA,,,WARNER CHAPPELL EDIÇÕES MUSICAIS LTDA,,,,,,,41832,418
SBT,3. Solicitação Março 2024.xls,Relatório Solicitação,,,,,,DIVERSAS,,,DIVERSAS,,,,,,,41832,418
SBT,3. Solicitação Março 2024.xls,Relatório Solicitação,,,,,,DIVERSAS,,,DIVERSAS,,,,,,,83665,837
SBT,3. Solicitação Março 2024.xls,Relatório Solicitação,,,,,,WARNER CHAPPELL EDIÇÕES MUSICAIS LTDA,,,WARNER CHAPPELL EDIÇÕES MUSICAIS LTDA,,,,,,,83665,837
SBT,3. Solicitação Março 2024.xls,Relatório Solicitação,,,,,,DIVERSAS,,,DIVERSAS,,,,,,,83665,837
SBT,3. Solicitação Março 2024.xls,Relatório Solicitação,,,,,,MAC MAC PRODUÇÕES ARTÍSTICAS LTDA.,,,MAC MAC PRODUÇÕES ARTÍSTICAS LTDA.,,,,,,,83665,837
SBT,3. Solicitação Março 2024.xls,Relatório Solicitação,,,,,,TAKA MODA EDITORA E PRODUÇÕES ARTISTICAS LTDA,,,TAKA MODA EDITORA E PRODUÇÕES ARTISTICAS LTDA,,,,,,,83665,837
SBT,3. Solicitação Março 2024.xls,Relatório Solicitação,,,,,,DIVERSAS,,,DIVERSAS,,,,,,,83665,837
SBT,3. Solicitação Março 2024.xls,Relatório Solicitação,,,,,,DIVERSAS,,,DIVERSAS,,,,,,,83665,837
SBT,3. Solicitação Março 2024.xls,Relatório Solicitação,,,,,,SONY MUSIC PUBLISHING (BRASIL) EDIÇÕES MUSICAIS LTDA,,,SONY MUSIC PUBLISHING (BRASIL) EDIÇÕES MUSICAIS LTDA,,,,,,,27894,279
SBT,3. Solicitação Março 2024.xls,Relatório Solicitação,,,,,,DIVERSAS,,,DIVERSAS,,,,,,,139437,1394
SBT,3. Solicitação Março 2024.xls,Relatório Solicitação,,,,,,SONY MUSIC PUBLISHING (BRASIL) EDIÇÕES MUSICAIS LTDA,,,SONY MUSIC PUBLISHING (BRASIL) EDIÇÕES MUSICAIS LTDA,,,,,,,83665,837
SBT,3. Solicitação Março 2024.xls,Relatório Solicitação,,,,,,UNIVERSAL MUSIC PUBLISHING MGB BRASIL LTDA,,,UNIVERSAL MUSIC PUBLISHING MGB BRASIL LTDA,,,,,,,83665,837
SBT,3. Solicitação Março 2024.xls,Relatório Solicitação,,,,,,ABRAMUS DIGITAL SERV. IDENT. REPERTÓRIO,,,ABRAMUS DIGITAL SERV. IDENT. REPERTÓRIO,,,,,,,4183,42
SBT,3. Solicitação Março 2024.xls,Relatório Solicitação,,,,,,DIVERSAS,,,DIVERSAS,,,,,,,79482,795
SBT,3. Solicitação Março 2024.xls,Relatório Solicitação,,,,,,DIVERSAS,,,DIVERSAS,,,,,,,41832,418
SBT,3. Solicitação Março 2024.xls,Relatório Solicitação,,,,,,UNIVERSAL MUSIC PUBLISHING MGB BRASIL LTDA,,,UNIVERSAL MUSIC PUBLISHING MGB BRASIL LTDA,,,,,,,41832,418
SBT,3. Solicitação Março 2024.xls,Relatório Solicitação,,,,,,DIVERSAS,,,DIVERSAS,,,,,,,41832,418
SBT,3. Solicitação Março 2024.xls,Relatório Solicitação,,,,,,EDITORA ADORANDO LTDA.,,,EDITORA ADORANDO LTDA.,,,,,,,41832,418
SBT,3. Solicitação Março 2024.xls,Relatório Solicitação,,,,,,DIVERSAS,,,DIVERSAS,,,,,,,83665,837
SBT,3. Solicitação Março 2024.xls,Relatório Solicitação,,,,,,MK MUSIC EDIÇÕES MUSICAIS LTDA,,,MK MUSIC EDIÇÕES MUSICAIS LTDA,,,,,,,83665,837
SBT,3. Solicitação Março 2024.xls,Relatório Solicitação,,,,,,DIVERSAS,,,DIVERSAS,,,,,,,83665,837
SBT,3. Solicitação Março 2024.xls,Relatório Solicitação,,,,,,WARNER CHAPPELL EDIÇÕES MUSICAIS LTDA,,,WARNER CHAPPELL EDIÇÕES MUSICAIS LTDA,,,,,,,20916,209
SBT,3. Solicitação Março 2024.xls,Relatório Solicitação,,,,,,DIVERSAS,,,DIVERSAS,,,,,,,62749,627
SBT,3. Solicitação Março 2024.xls,Relatório Solicitação,,,,,,SIGEM SISTEMA GLOBO DE EDICOES MUSICAIS LTDA,,,SIGEM SISTEMA GLOBO DE EDICOES MUSICAIS LTDA,,,,,,,83665,837
SBT,3. Solicitação Março 2024.xls,Relatório Solicitação,,,,,,DIVERSAS,,,DIVERSAS,,,,,,,39096,391
SBT,3. Solicitação Março 2024.xls,Relatório Solicitação,,,,,,DIVERSAS,,,DIVERSAS,,,,,,,39096,391
SBT,3. Solicitação Março 2024.xls,Relatório Solicitação,,,,,,SONY MUSIC PUBLISHING (BRASIL) EDIÇÕES MUSICAIS LTDA,,,SONY MUSIC PUBLISHING (BRASIL) EDIÇÕES MUSICAIS LTDA,,,,,,,39096,391
SBT,3. Solicitação Março 2024.xls,Relatório Solicitação,,,,,,DIVERSAS,,,DIVERSAS,,,,,,,167331,1673
SBT,3. Solicitação Março 2024.xls,Relatório Solicitação,,,,,,DIVERSAS,,,DIVERSAS,,,,,,,83665,837
SBT,3. Solicitação Março 2024.xls,Relatório Solicitação,,,,,,DIVERSAS,,,DIVERSAS,,,,,,,83665,837
SBT,3. Solicitação Março 2024.xls,Relatório Solicitação,,,,,,DIVERSAS,,,DIVERSAS,,,,,,,83665,837
SBT,3. Solicitação Março 2024.xls,Relatório Solicitação,,,,,,SONY MUSIC PUBLISHING (BRASIL) EDIÇÕES MUSICAIS LTDA,,,SONY MUSIC PUBLISHING (BRASIL) EDIÇÕES MUSICAIS LTDA,,,,,,,41832,418
SBT,3. Solicitação Março 2024.xls,Relatório Solicitação,,,,,,DIVERSAS,,,DIVERSAS,,,,,,,41832,418
SBT,3. Solicitação Março 2024.xls,Relatório Solicitação,,,,,,DIVERSAS,,,DIVERSAS,,,,,,,83665,837
SBT,3. Solicitação Março 2024.xls,Relatório Solicitação,,,,,,DIVERSAS,,,DIVERSAS,,,,,,,167331,1673
SBT,3. Solicitação Março 2024.xls,Relatório Solicitação,,,,,,DIVERSAS,,,DIVERSAS,,,,,,,167331,1673
SBT,3. Solicitação Março 2024.xls,Relatório Solicitação,,,,,,DIVERSAS,,,DIVERSAS,,,,,,,167331,1673
SBT,3. Solicitação Março 2024.xls,Relatório Solicitação,,,,,,DIVERSAS,,,DIVERSAS,,,,,,,167331,1673
SBT,3. Solicitação Março 2024.xls,Relatório Solicitação,,,,,,DIVERSAS,,,DIVERSAS,,,,,,,167331,1673
SBT,3. Solicitação Março 2024.xls,Relatório Solicitação,,,,,,DIVERSAS,,,DIVERSAS,,,,,,,167331,1673
SBT,3. Solicitação Março 2024.xls,Relatório Solicitação,,,,,,DIVERSAS,,,DIVERSAS,,,,,,,167331,1673
SBT,3. Solicitação Março 2024.xls,Relatório Solicitação,,,,,,DIVERSAS,,,DIVERSAS,,,,,,,167331,1673
SBT,3. Solicitação Março 2024.xls,Relatório Solicitação,,,,,,DIVERSAS,,,DIVERSAS,,,,,,,167331,1673
SBT,3. Solicitação Março 2024.xls,Relatório Solicitação,,,,,,DIVERSAS,,,DIVERSAS,,,,,,,167331,1673
SBT,3. Solicitação Março 2024.xls,Relatório Solicitação,,,,,,WARNER CHAPPELL EDIÇÕES MUSICAIS LTDA,,,WARNER CHAPPELL EDIÇÕES MUSICAIS LTDA,,,,,,,20916,209
SBT,3. Solicitação Março 2024.xls,Relatório Solicitação,,,,,,DIVERSAS,,,DIVERSAS,,,,,,,146415,1464
SBT,3. Solicitação Março 2024.xls,Relatório Solicitação,,,,,,WARNER CHAPPELL EDIÇÕES MUSICAIS LTDA,,,WARNER CHAPPELL EDIÇÕES MUSICAIS LTDA,,,,,,,41833,418
SBT,3. Solicitação Março 2024.xls,Relatório Solicitação,,,,,,DIVERSAS,,,DIVERSAS,,,,,,,125498,1255
SBT,3. Solicitação Março 2024.xls,Relatório Solicitação,,,,,,DIVERSAS,,,DIVERSAS,,,,,,,83665,837
SBT,3. Solicitação Março 2024.xls,Relatório Solicitação,,,,,,DIVERSAS,,,DIVERSAS,,,,,,,167331,1673
SBT,3. Solicitação Março 2024.xls,Relatório Solicitação,,,,,,DIVERSAS,,,DIVERSAS,,,,,,,167331,1673
SBT,3. Solicitação Março 2024.xls,Relatório Solicitação,,,,,,DIVERSAS,,,DIVERSAS,,,,,,,167331,1673
SBT,3. Solicitação Março 2024.xls,Relatório Solicitação,,,,,,DIVERSAS,,,DIVERSAS,,,,,,,83665,837
SBT,3. Solicitação Março 2024.xls,Relatório Solicitação,,,,,,DIVERSAS,,,DIVERSAS,,,,,,,83665,837
SBT,3. Solicitação Março 2024.xls,Relatório Solicitação,,,,,,DIVERSAS,,,DIVERSAS,,,,,,,167331,1673
SBT,3. Solicitação Março 2024.xls,Relatório Solicitação,,,,,,DIVERSAS,,,DIVERSAS,,,,,,,167331,1673
SBT,3. Solicitação Março 2024.xls,Relatório Solicitação,,,,,,DIVERSAS,,,DIVERSAS,,,,,,,167331,1673
SBT,3. Solicitação Março 2024.xls,Relatório Solicitação,,,,,,DIVERSAS,,,DIVERSAS,,,,,,,167331,1673
SBT,3. Solicitação Março 2024.xls,Relatório Solicitação,,,,,,DIVERSAS,,,DIVERSAS,,,,,,,167331,1673
SBT,3. Solicitação Março 2024.xls,Relatório Solicitação,,,,,,DIVERSAS,,,DIVERSAS,,,,,,,78192,782
SBT,3. Solicitação Março 2024.xls,Relatório Solicitação,,,,,,WARNER CHAPPELL EDIÇÕES MUSICAIS LTDA,,,WARNER CHAPPELL EDIÇÕES MUSICAIS LTDA,,,,,,,83665,837
SBT,3. Solicitação Março 2024.xls,Relatório Solicitação,,,,,,DIVERSAS,,,DIVERSAS,,,,,,,83665,837
SBT,3. Solicitação Março 2024.xls,Relatório Solicitação,,,,,,UNIVERSAL MUSIC PUBLISHING MGB BRASIL LTDA,,,UNIVERSAL MUSIC PUBLISHING MGB BRASIL LTDA,,,,,,,83665,837
SBT,3. Solicitação Março 2024.xls,Relatório Solicitação,,,,,,BMG RIGHTS MANAGEMENT BRASIL LTDA,,,BMG RIGHTS MANAGEMENT BRASIL LTDA,,,,,,,604400,6044
SBT,3. Solicitação Março 2024.xls,Relatório Solicitação,,,,,,WARNER CHAPPELL EDIÇÕES MUSICAIS LTDA,,,WARNER CHAPPELL EDIÇÕES MUSICAIS LTDA,,,,,,,23225,232
SBT,3. Solicitação Março 2024.xls,Relatório Solicitação,,,,,,DIVERSAS,,,DIVERSAS,,,,,,,83665,837
SBT,3. Solicitação Março 2024.xls,Relatório Solicitação,,,,,,SONY MUSIC PUBLISHING (BRASIL) EDIÇÕES MUSICAIS LTDA,,,SONY MUSIC PUBLISHING (BRASIL) EDIÇÕES MUSICAIS LTDA,,,,,,,83665,837
SBT,3. Solicitação Março 2024.xls,Relatório Solicitação,,,,,,SONY MUSIC PUBLISHING (BRASIL) EDIÇÕES MUSICAIS LTDA,,,SONY MUSIC PUBLISHING (BRASIL) EDIÇÕES MUSICAIS LTDA,,,,,,,83665,837
SBT,3. Solicitação Março 2024.xls,Relatório Solicitação,,,,,,SONY MUSIC PUBLISHING (BRASIL) EDIÇÕES MUSICAIS LTDA,,,SONY MUSIC PUBLISHING (BRASIL) EDIÇÕES MUSICAIS LTDA,,,,,,,41832,418
SBT,3. Solicitação Março 2024.xls,Relatório Solicitação,,,,,,DIVERSAS,,,DIVERSAS,,,,,,,41832,418
SBT,3. Solicitação Março 2024.xls,Relatório Solicitação,,,,,,EDITORA ADORANDO LTDA.,,,EDITORA ADORANDO LTDA.,,,,,,,83665,837
SBT,3. Solicitação Março 2024.xls,Relatório Solicitação,,,,,,SM PUBLISHING (BRASIL) EDIÇÕES MUSICAIS LTDA,,,SM PUBLISHING (BRASIL) EDIÇÕES MUSICAIS LTDA,,,,,,,83665,837
SBT,3. Solicitação Março 2024.xls,Relatório Solicitação,,,,,,DIVERSAS,,,DIVERSAS,,,,,,,83665,837
SBT,3. Solicitação Março 2024.xls,Relatório Solicitação,,,,,,DIVERSAS,,,DIVERSAS,,,,,,,83665,837
SBT,3. Solicitação Março 2024.xls,Relatório Solicitação,,,,,,MK MUSIC EDIÇÕES MUSICAIS LTDA,,,MK MUSIC EDIÇÕES MUSICAIS LTDA,,,,,,,83665,837
SBT,3. Solicitação Março 2024.xls,Relatório Solicitação,,,,,,PEERMUSIC DO BRASIL EDIÇÕES MUSICAIS LTDA,,,PEERMUSIC DO BRASIL EDIÇÕES MUSICAIS LTDA,,,,,,,83665,837
SBT,3. Solicitação Março 2024.xls,Relatório Solicitação,,,,,,BMG RIGHTS MANAGEMENT BRASIL LTDA,,,BMG RIGHTS MANAGEMENT BRASIL LTDA,,,,,,,18298,183
SBT,3. Solicitação Março 2024.xls,Relatório Solicitação,,,,,,UNIVERSAL MUSIC PUBLISHING MGB BRASIL LTDA,,,UNIVERSAL MUSIC PUBLISHING MGB BRASIL LTDA,,,,,,,10458,105
SBT,3. Solicitação Março 2024.xls,Relatório Solicitação,,,,,,ABRAMUS DIGITAL SERV. IDENT. REPERTÓRIO,,,ABRAMUS DIGITAL SERV. IDENT. REPERTÓRIO,,,,,,,54909,549
SBT,3. Solicitação Março 2024.xls,Relatório Solicitação,,,,,,ABRAMUS DIGITAL SERV. IDENT. REPERTÓRIO,,,ABRAMUS DIGITAL SERV. IDENT. REPERTÓRIO,,,,,,,83665,837
SBT,3. Solicitação Março 2024.xls,Relatório Solicitação,,,,,,DIVERSAS,,,DIVERSAS,,,,,,,83665,837
SBT,3. Solicitação Março 2024.xls,Relatório Solicitação,,,,,,BMG RIGHTS MANAGEMENT BRASIL LTDA,,,BMG RIGHTS MANAGEMENT BRASIL LTDA,,,,,,,83665,837
SBT,3. Solicitação Março 2024.xls,Relatório Solicitação,,,,,,ADDAF - ASS. DEF. DIREITOS AUTORAIS FONOMECÂNICOS,,,ADDAF - ASS. DEF. DIREITOS AUTORAIS FONOMECÂNICOS,,,,,,,167331,1673
SBT,3. Solicitação Março 2024.xls,Relatório Solicitação,,,,,,WARNER CHAPPELL EDIÇÕES MUSICAIS LTDA,,,WARNER CHAPPELL EDIÇÕES MUSICAIS LTDA,,,,,,,83665,837
SBT,3. Solicitação Março 2024.xls,Relatório Solicitação,,,,,,PEERMUSIC DO BRASIL EDIÇÕES MUSICAIS LTDA,,,PEERMUSIC DO BRASIL EDIÇÕES MUSICAIS LTDA,,,,,,,41832,418
SBT,3. Solicitação Março 2024.xls,Relatório Solicitação,,,,,,WARNER CHAPPELL EDIÇÕES MUSICAIS LTDA,,,WARNER CHAPPELL EDIÇÕES MUSICAIS LTDA,,,,,,,41832,418
SBT,3. Solicitação Março 2024.xls,Relatório Solicitação,,,,,,EDITORA E IMPORTADORA MUSICAL FERMATA DO BRASIL LTDA,,,EDITORA E IMPORTADORA MUSICAL FERMATA DO BRASIL LTDA,,,,,,,83665,837
SBT,3. Solicitação Março 2024.xls,Relatório Solicitação,,,,,,PEERMUSIC DO BRASIL EDIÇÕES MUSICAIS LTDA,,,PEERMUSIC DO BRASIL EDIÇÕES MUSICAIS LTDA,,,,,,,83665,837
SBT,3. Solicitação Março 2024.xls,Relatório Solicitação,,,,,,UNIVERSAL MUSIC PUBLISHING MGB BRASIL LTDA,,,UNIVERSAL MUSIC PUBLISHING MGB BRASIL LTDA,,,,,,,39096,391
SBT,3. Solicitação Março 2024.xls,Relatório Solicitação,,,,,,BMG RIGHTS MANAGEMENT BRASIL LTDA,,,BMG RIGHTS MANAGEMENT BRASIL LTDA,,,,,,,6513,65
SBT,3. Solicitação Março 2024.xls,Relatório Solicitação,,,,,,DIVERSAS,,,DIVERSAS,,,,,,,3268,33
SBT,3. Solicitação Março 2024.xls,Relatório Solicitação,,,,,,IESSI MUSIC LABEL LTDA,,,IESSI MUSIC LABEL LTDA,,,,,,,13027,130
SBT,3. Solicitação Março 2024.xls,Relatório Solicitação,,,,,,WARNER CHAPPELL EDIÇÕES MUSICAIS LTDA,,,WARNER CHAPPELL EDIÇÕES MUSICAIS LTDA,,,,,,,9774,98
SBT,3. Solicitação Março 2024.xls,Relatório Solicitação,,,,,,SONY MUSIC PUBLISHING (BRASIL) EDIÇÕES MUSICAIS LTDA,,,SONY MUSIC PUBLISHING (BRASIL) EDIÇÕES MUSICAIS LTDA,,,,,,,6513,65
SBT,3. Solicitação Março 2024.xls,Relatório Solicitação,,,,,,DIVERSAS,,,DIVERSAS,,,,,,,19548,195
SBT,3. Solicitação Março 2024.xls,Relatório Solicitação,,,,,,SONY MUSIC PUBLISHING (BRASIL) EDIÇÕES MUSICAIS LTDA,,,SONY MUSIC PUBLISHING (BRASIL) EDIÇÕES MUSICAIS LTDA,,,,,,,19548,195
SBT,3. Solicitação Março 2024.xls,Relatório Solicitação,,,,,,WARNER CHAPPELL EDIÇÕES MUSICAIS LTDA,,,WARNER CHAPPELL EDIÇÕES MUSICAIS LTDA,,,,,,,78192,782
SBT,3. Solicitação Março 2024.xls,Relatório Solicitação,,,,,,LUANDA EDIÇÕES MUSICAS LTDA,,,LUANDA EDIÇÕES MUSICAS LTDA,,,,,,,78192,782
SBT,3. Solicitação Março 2024.xls,Relatório Solicitação,,,,,,WARNER CHAPPELL EDIÇÕES MUSICAIS LTDA,,,WARNER CHAPPELL EDIÇÕES MUSICAIS LTDA,,,,,,,78192,782
SBT,3. Solicitação Março 2024.xls,Relatório Solicitação,,,,,,WARNER CHAPPELL EDIÇÕES MUSICAIS LTDA,,,WARNER CHAPPELL EDIÇÕES MUSICAIS LTDA,,,,,,,9774,98
SBT,3. Solicitação Março 2024.xls,Relatório Solicitação,,,,,,IESSI MUSIC LABEL LTDA,,,IESSI MUSIC LABEL LTDA,,,,,,,9774,98
SBT,3. Solicitação Março 2024.xls,Relatório Solicitação,,,,,,DIVERSAS,,,DIVERSAS,,,,,,,19548,195
SBT,3. Solicitação Março 2024.xls,Relatório Solicitação,,,,,,UNIVERSAL MUSIC PUBLISHING MGB BRASIL LTDA,,,UNIVERSAL MUSIC PUBLISHING MGB BRASIL LTDA,,,,,,,1564,16
SBT,3. Solicitação Março 2024.xls,Relatório Solicitação,,,,,,BMG RIGHTS MANAGEMENT BRASIL LTDA,,,BMG RIGHTS MANAGEMENT BRASIL LTDA,,,,,,,15638,156
SBT,3. Solicitação Março 2024.xls,Relatório Solicitação,,,,,,DIVERSAS,,,DIVERSAS,,,,,,,6255,63
SBT,3. Solicitação Março 2024.xls,Relatório Solicitação,,,,,,SONY MUSIC PUBLISHING (BRASIL) EDIÇÕES MUSICAIS LTDA,,,SONY MUSIC PUBLISHING (BRASIL) EDIÇÕES MUSICAIS LTDA,,,,,,,15638,156
SBT,3. Solicitação Março 2024.xls,Relatório Solicitação,,,,,,UNIVERSAL MUSIC PUBLISHING MGB BRASIL LTDA,,,UNIVERSAL MUSIC PUBLISHING MGB BRASIL LTDA,,,,,,,39096,391
SBT,3. Solicitação Março 2024.xls,Relatório Solicitação,,,,,,DIVERSAS,,,DIVERSAS,,,,,,,13031,130
SBT,3. Solicitação Março 2024.xls,Relatório Solicitação,,,,,,SONY MUSIC PUBLISHING (BRASIL) EDIÇÕES MUSICAIS LTDA,,,SONY MUSIC PUBLISHING (BRASIL) EDIÇÕES MUSICAIS LTDA,,,,,,,13031,130
SBT,3. Solicitação Março 2024.xls,Relatório Solicitação,,,,,,ABRAMUS DIGITAL SERV. IDENT. REPERTÓRIO,,,ABRAMUS DIGITAL SERV. IDENT. REPERTÓRIO,,,,,,,13035,130
SBT,3. Solicitação Março 2024.xls,Relatório Solicitação,,,,,,DIVERSAS,,,DIVERSAS,,,,,,,167331,1673
SBT,3. Solicitação Março 2024.xls,Relatório Solicitação,,,,,,DIVERSAS,,,DIVERSAS,,,,,,,167331,1673
SBT,3. Solicitação Março 2024.xls,Relatório Solicitação,,,,,,WARNER CHAPPELL EDIÇÕES MUSICAIS LTDA,,,WARNER CHAPPELL EDIÇÕES MUSICAIS LTDA,,,,,,,55771,558
SBT,3. Solicitação Março 2024.xls,Relatório Solicitação,,,,,,UNIVERSAL MUSIC PUBLISHING MGB BRASIL LTDA,,,UNIVERSAL MUSIC PUBLISHING MGB BRASIL LTDA,,,,,,,55771,558
SBT,3. Solicitação Março 2024.xls,Relatório Solicitação,,,,,,DIVERSAS,,,DIVERSAS,,,,,,,55788,558
SBT,3. Solicitação Março 2024.xls,Relatório Solicitação,,,,,,DIVERSAS,,,DIVERSAS,,,,,,,167331,1673
SBT,3. Solicitação Março 2024.xls,Relatório Solicitação,,,,,,DIVERSAS,,,DIVERSAS,,,,,,,83665,837
SBT,3. Solicitação Março 2024.xls,Relatório Solicitação,,,,,,DIVERSAS,,,DIVERSAS,,,,,,,167331,1673
SBT,3. Solicitação Março 2024.xls,Relatório Solicitação,,,,,,DIVERSAS,,,DIVERSAS,,,,,,,167331,1673
SBT,3. Solicitação Março 2024.xls,Relatório Solicitação,,,,,,DIVERSAS,,,DIVERSAS,,,,,,,83665,837
SBT,3. Solicitação Março 2024.xls,Relatório Solicitação,,,,,,WARNER CHAPPELL EDIÇÕES MUSICAIS LTDA,,,WARNER CHAPPELL EDIÇÕES MUSICAIS LTDA,,,,,,,83665,837
SBT,3. Solicitação Março 2024.xls,Relatório Solicitação,,,,,,ABRAMUS DIGITAL SERV. IDENT. REPERTÓRIO,,,ABRAMUS DIGITAL SERV. IDENT. REPERTÓRIO,,,,,,,83665,837
SBT,3. Solicitação Março 2024.xls,Relatório Solicitação,,,,,,BMG RIGHTS MANAGEMENT BRASIL LTDA,,,BMG RIGHTS MANAGEMENT BRASIL LTDA,,,,,,,16733,167
SBT,3. Solicitação Março 2024.xls,Relatório Solicitação,,,,,,PEERMUSIC DO BRASIL EDIÇÕES MUSICAIS LTDA,,,PEERMUSIC DO BRASIL EDIÇÕES MUSICAIS LTDA,,,,,,,33466,335
SBT,3. Solicitação Março 2024.xls,Relatório Solicitação,,,,,,WARNER CHAPPELL EDIÇÕES MUSICAIS LTDA,,,WARNER CHAPPELL EDIÇÕES MUSICAIS LTDA,,,,,,,33466,335
SBT,3. Solicitação Março 2024.xls,Relatório Solicitação,,,,,,BMG RIGHTS MANAGEMENT BRASIL LTDA,,,BMG RIGHTS MANAGEMENT BRASIL LTDA,,,,,,,33466,335
SBT,3. Solicitação Março 2024.xls,Relatório Solicitação,,,,,,PEERMUSIC DO BRASIL EDIÇÕES MUSICAIS LTDA,,,PEERMUSIC DO BRASIL EDIÇÕES MUSICAIS LTDA,,,,,,,66932,669
SBT,3. Solicitação Março 2024.xls,Relatório Solicitação,,,,,,WARNER CHAPPELL EDIÇÕES MUSICAIS LTDA,,,WARNER CHAPPELL EDIÇÕES MUSICAIS LTDA,,,,,,,66932,669
SBT,3. Solicitação Março 2024.xls,Relatório Solicitação,,,,,,BMG RIGHTS MANAGEMENT BRASIL LTDA,,,BMG RIGHTS MANAGEMENT BRASIL LTDA,,,,,,,14223,142
SBT,3. Solicitação Março 2024.xls,Relatório Solicitação,,,,,,DIVERSAS,,,DIVERSAS,,,,,,,69442,694
SBT,3. Solicitação Março 2024.xls,Relatório Solicitação,,,,,,SONY MUSIC PUBLISHING (BRASIL) EDIÇÕES MUSICAIS LTDA,,,SONY MUSIC PUBLISHING (BRASIL) EDIÇÕES MUSICAIS LTDA,,,,,,,4887,49
SBT,3. Solicitação Março 2024.xls,Relatório Solicitação,,,,,,DIVERSAS,,,DIVERSAS,,,,,,,73305,733
SBT,3. Solicitação Março 2024.xls,Relatório Solicitação,,,,,,DIVERSAS,,,DIVERSAS,,,,,,,78192,782
SBT,3. Solicitação Março 2024.xls,Relatório Solicitação,,,,,,DIVERSAS,,,DIVERSAS,,,,,,,78192,782
SBT,3. Solicitação Março 2024.xls,Relatório Solicitação,,,,,,DIVERSAS,,,DIVERSAS,,,,,,,78192,782
SBT,3. Solicitação Março 2024.xls,Relatório Solicitação,,,,,,UNIVERSAL MUSIC PUBLISHING MGB BRASIL LTDA,,,UNIVERSAL MUSIC PUBLISHING MGB BRASIL LTDA,,,,,,,83665,837
SBT,3. Solicitação Março 2024.xls,Relatório Solicitação,,,,,,SONY MUSIC PUBLISHING (BRASIL) EDIÇÕES MUSICAIS LTDA,,,SONY MUSIC PUBLISHING (BRASIL) EDIÇÕES MUSICAIS LTDA,,,,,,,83665,837
SBT,3. Solicitação Março 2024.xls,Relatório Solicitação,,,,,,DIVERSAS,,,DIVERSAS,,,,,,,83665,837
SBT,3. Solicitação Março 2024.xls,Relatório Solicitação,,,,,,DIVERSAS,,,DIVERSAS,,,,,,,83665,837
SBT,3. Solicitação Março 2024.xls,Relatório Solicitação,,,,,,DIVERSAS,,,DIVERSAS,,,,,,,83665,837
SBT,3. Solicitação Março 2024.xls,Relatório Solicitação,,,,,,DIVERSAS,,,DIVERSAS,,,,,,,83665,837
SBT,3. Solicitação Março 2024.xls,Relatório Solicitação,,,,,,DIVERSAS,,,DIVERSAS,,,,,,,83665,837
SBT,3. Solicitação Março 2024.xls,Relatório Solicitação,,,,,,DIVERSAS,,,DIVERSAS,,,,,,,83665,837
SBT,3. Solicitação Março 2024.xls,Relatório Solicitação,,,,,,UNIVERSAL MUSIC PUBLISHING MGB BRASIL LTDA,,,UNIVERSAL MUSIC PUBLISHING MGB BRASIL LTDA,,,,,,,167331,1673
SBT,3. Solicitação Março 2024.xls,Relatório Solicitação,,,,,,UNIVERSAL MUSIC PUBLISHING MGB BRASIL LTDA,,,UNIVERSAL MUSIC PUBLISHING MGB BRASIL LTDA,,,,,,,83665,837
SBT,3. Solicitação Março 2024.xls,Relatório Solicitação,,,,,,"OLÊ OLÁ PROMOÇÕES, EVENTOS E EDIÇÕES MUSICAIS LTDA",,,"OLÊ OLÁ PROMOÇÕES, EVENTOS E EDIÇÕES MUSICAIS LTDA",,,,,,,167331,1673
SBT,3. Solicitação Março 2024.xls,Relatório Solicitação,,,,,,UNIVERSAL MUSIC PUBLISHING MGB BRASIL LTDA,,,UNIVERSAL MUSIC PUBLISHING MGB BRASIL LTDA,,,,,,,83665,837
SBT,3. Solicitação Março 2024.xls,Relatório Solicitação,,,,,,DIVERSAS,,,DIVERSAS,,,,,,,83665,837
SBT,3. Solicitação Março 2024.xls,Relatório Solicitação,,,,,,BMG RIGHTS MANAGEMENT BRASIL LTDA,,,BMG RIGHTS MANAGEMENT BRASIL LTDA,,,,,,,83665,837
SBT,3. Solicitação Março 2024.xls,Relatório Solicitação,,,,,,WORK SHOW EDITORA E PRODUÇÕES MUSICAIS LTDA - ME,,,WORK SHOW EDITORA E PRODUÇÕES MUSICAIS LTDA - ME,,,,,,,6978,70
SBT,3. Solicitação Março 2024.xls,Relatório Solicitação,,,,,,DIVERSAS,,,DIVERSAS,,,,,,,76687,767
SBT,3. Solicitação Março 2024.xls,Relatório Solicitação,,,,,,WARNER CHAPPELL EDIÇÕES MUSICAIS LTDA,,,WARNER CHAPPELL EDIÇÕES MUSICAIS LTDA,,,,,,,83665,837
SBT,3. Solicitação Março 2024.xls,Relatório Solicitação,,,,,,DIVERSAS,,,DIVERSAS,,,,,,,83665,837
SBT,3. Solicitação Março 2024.xls,Relatório Solicitação,,,,,,BMG RIGHTS MANAGEMENT BRASIL LTDA,,,BMG RIGHTS MANAGEMENT BRASIL LTDA,,,,,,,13939,139
SBT,3. Solicitação Março 2024.xls,Relatório Solicitação,,,,,,DIVERSAS,,,DIVERSAS,,,,,,,25,0
SBT,3. Solicitação Março 2024.xls,Relatório Solicitação,,,,,,WARNER CHAPPELL EDIÇÕES MUSICAIS LTDA,,,WARNER CHAPPELL EDIÇÕES MUSICAIS LTDA,,,,,,,27877,279
SBT,3. Solicitação Março 2024.xls,Relatório Solicitação,,,,,,SONY MUSIC PUBLISHING (BRASIL) EDIÇÕES MUSICAIS LTDA,,,SONY MUSIC PUBLISHING (BRASIL) EDIÇÕES MUSICAIS LTDA,,,,,,,41824,418
SBT,3. Solicitação Março 2024.xls,Relatório Solicitação,,,,,,SONY MUSIC PUBLISHING (BRASIL) EDIÇÕES MUSICAIS LTDA,,,SONY MUSIC PUBLISHING (BRASIL) EDIÇÕES MUSICAIS LTDA,,,,,,,83665,837
SBT,3. Solicitação Março 2024.xls,Relatório Solicitação,,,,,,SONY MUSIC PUBLISHING (BRASIL) EDIÇÕES MUSICAIS LTDA,,,SONY MUSIC PUBLISHING (BRASIL) EDIÇÕES MUSICAIS LTDA,,,,,,,83665,837
SBT,3. Solicitação Março 2024.xls,Relatório Solicitação,,,,,,TRÊS SONS EDITORA MUSICAL E GRAVADORA DIGITAL LTDA-ME,,,TRÊS SONS EDITORA MUSICAL E GRAVADORA DIGITAL LTDA-ME,,,,,,,41832,418
SBT,3. Solicitação Março 2024.xls,Relatório Solicitação,,,,,,BMG RIGHTS MANAGEMENT BRASIL LTDA,,,BMG RIGHTS MANAGEMENT BRASIL LTDA,,,,,,,41832,418
SBT,3. Solicitação Março 2024.xls,Relatório Solicitação,,,,,,WARNER CHAPPELL EDIÇÕES MUSICAIS LTDA,,,WARNER CHAPPELL EDIÇÕES MUSICAIS LTDA,,,,,,,83665,837
SBT,3. Solicitação Março 2024.xls,Relatório Solicitação,,,,,,SONY MUSIC PUBLISHING (BRASIL) EDIÇÕES MUSICAIS LTDA,,,SONY MUSIC PUBLISHING (BRASIL) EDIÇÕES MUSICAIS LTDA,,,,,,,4183,42
SBT,3. Solicitação Março 2024.xls,Relatório Solicitação,,,,,,DIVERSAS,,,DIVERSAS,,,,,,,163148,1631
SBT,3. Solicitação Março 2024.xls,Relatório Solicitação,,,,,,"OLÊ OLÁ PROMOÇÕES, EVENTOS E EDIÇÕES MUSICAIS LTDA",,,"OLÊ OLÁ PROMOÇÕES, EVENTOS E EDIÇÕES MUSICAIS LTDA",,,,,,,167331,1673
SBT,3. Solicitação Março 2024.xls,Relatório Solicitação,,,,,,PEERMUSIC DO BRASIL EDIÇÕES MUSICAIS LTDA,,,PEERMUSIC DO BRASIL EDIÇÕES MUSICAIS LTDA,,,,,,,167331,1673
SBT,3. Solicitação Março 2024.xls,Relatório Solicitação,,,,,,UNIVERSAL MUSIC PUBLISHING MGB BRASIL LTDA,,,UNIVERSAL MUSIC PUBLISHING MGB BRASIL LTDA,,,,,,,66932,669
SBT,3. Solicitação Março 2024.xls,Relatório Solicitação,,,,,,DIVERSAS,,,DIVERSAS,,,,,,,100399,1004
SBT,3. Solicitação Março 2024.xls,Relatório Solicitação,,,,,,DIVERSAS,,,DIVERSAS,,,,,,,167331,1673
SBT,3. Solicitação Março 2024.xls,Relatório Solicitação,,,,,,DIVERSAS,,,DIVERSAS,,,,,,,167331,1673
SBT,3. Solicitação Março 2024.xls,Relatório Solicitação,,,,,,WARNER CHAPPELL EDIÇÕES MUSICAIS LTDA,,,WARNER CHAPPELL EDIÇÕES MUSICAIS LTDA,,,,,,,55771,558
SBT,3. Solicitação Março 2024.xls,Relatório Solicitação,,,,,,JULIANA FAKRI DE ASSIS EPP,,,JULIANA FAKRI DE ASSIS EPP,,,,,,,55788,558
SBT,3. Solicitação Março 2024.xls,Relatório Solicitação,,,,,,DECK PRODUÇÕES ARTÍSTICAS LTDA,,,DECK PRODUÇÕES ARTÍSTICAS LTDA,,,,,,,55771,558
SBT,3. Solicitação Março 2024.xls,Relatório Solicitação,,,,,,PEERMUSIC DO BRASIL EDIÇÕES MUSICAIS LTDA,,,PEERMUSIC DO BRASIL EDIÇÕES MUSICAIS LTDA,,,,,,,167331,1673
SBT,3. Solicitação Março 2024.xls,Relatório Solicitação,,,,,,SONY MUSIC PUBLISHING (BRASIL) EDIÇÕES MUSICAIS LTDA,,,SONY MUSIC PUBLISHING (BRASIL) EDIÇÕES MUSICAIS LTDA,,,,,,,167331,1673
SBT,3. Solicitação Março 2024.xls,Relatório Solicitação,,,,,,DIVERSAS,,,DIVERSAS,,,,,,,55771,558
SBT,3. Solicitação Março 2024.xls,Relatório Solicitação,,,,,,ABRAMUS DIGITAL SERV. IDENT. REPERTÓRIO,,,ABRAMUS DIGITAL SERV. IDENT. REPERTÓRIO,,,,,,,1115600,11156
SBT,3. Solicitação Março 2024.xls,Relatório Solicitação,,,,,,DIVERSAS,,,DIVERSAS,,,,,,,167331,1673
SBT,3. Solicitação Março 2024.xls,Relatório Solicitação,,,,,,SONY MUSIC PUBLISHING (BRASIL) EDIÇÕES MUSICAIS LTDA,,,SONY MUSIC PUBLISHING (BRASIL) EDIÇÕES MUSICAIS LTDA,,,,,,,167331,1673
SBT,3. Solicitação Março 2024.xls,Relatório Solicitação,,,,,,UNIVERSAL MUSIC PUBLISHING MGB BRASIL LTDA,,,UNIVERSAL MUSIC PUBLISHING MGB BRASIL LTDA,,,,,,,1115600,11156
SBT,3. Solicitação Março 2024.xls,Relatório Solicitação,,,,,,SONY MUSIC PUBLISHING (BRASIL) EDIÇÕES MUSICAIS LTDA,,,SONY MUSIC PUBLISHING (BRASIL) EDIÇÕES MUSICAIS LTDA,,,,,,,55771,558
SBT,3. Solicitação Março 2024.xls,Relatório Solicitação,,,,,,DIVERSAS,,,DIVERSAS,,,,,,,167331,1673
SBT,3. Solicitação Março 2024.xls,Relatório Solicitação,,,,,,SONY MUSIC PUBLISHING (BRASIL) EDIÇÕES MUSICAIS LTDA,,,SONY MUSIC PUBLISHING (BRASIL) EDIÇÕES MUSICAIS LTDA,,,,,,,167331,1673
SBT,3. Solicitação Março 2024.xls,Relatório Solicitação,,,,,,WARNER CHAPPELL EDIÇÕES MUSICAIS LTDA,,,WARNER CHAPPELL EDIÇÕES MUSICAIS LTDA,,,,,,,167331,1673
SBT,3. Solicitação Março 2024.xls,Relatório Solicitação,,,,,,SONY MUSIC PUBLISHING (BRASIL) EDIÇÕES MUSICAIS LTDA,,,SONY MUSIC PUBLISHING (BRASIL) EDIÇÕES MUSICAIS LTDA,,,,,,,41833,418
SBT,3. Solicitação Março 2024.xls,Relatório Solicitação,,,,,,THIAGO ABDULAHAD NUNES RIOS ME,,,THIAGO ABDULAHAD NUNES RIOS ME,,,,,,,125498,1255
SBT,3. Solicitação Março 2024.xls,Relatório Solicitação,,,,,,DIVERSAS,,,DIVERSAS,,,,,,,137211,1372
SBT,3. Solicitação Março 2024.xls,Relatório Solicitação,,,,,,PEERMUSIC DO BRASIL EDIÇÕES MUSICAIS LTDA,,,PEERMUSIC DO BRASIL EDIÇÕES MUSICAIS LTDA,,,,,,,301200,3012
SBT,3. Solicitação Março 2024.xls,Relatório Solicitação,,,,,,WARNER CHAPPELL EDIÇÕES MUSICAIS LTDA,,,WARNER CHAPPELL EDIÇÕES MUSICAIS LTDA,,,,,,,167331,1673
SBT,3. Solicitação Março 2024.xls,Relatório Solicitação,,,,,,BMG RIGHTS MANAGEMENT BRASIL LTDA,,,BMG RIGHTS MANAGEMENT BRASIL LTDA,,,,,,,167331,1673
SBT,3. Solicitação Março 2024.xls,Relatório Solicitação,,,,,,THIAGO ABDULAHAD NUNES RIOS ME,,,THIAGO ABDULAHAD NUNES RIOS ME,,,,,,,83665,837
SBT,3. Solicitação Março 2024.xls,Relatório Solicitação,,,,,,DIVERSAS,,,DIVERSAS,,,,,,,167331,1673
SBT,3. Solicitação Março 2024.xls,Relatório Solicitação,,,,,,DIVERSAS,,,DIVERSAS,,,,,,,167331,1673
SBT,3. Solicitação Março 2024.xls,Relatório Solicitação,,,,,,THIAGO ABDULAHAD NUNES RIOS ME,,,THIAGO ABDULAHAD NUNES RIOS ME,,,,,,,83666,837
SBT,3. Solicitação Março 2024.xls,Relatório Solicitação,,,,,,WARNER CHAPPELL EDIÇÕES MUSICAIS LTDA,,,WARNER CHAPPELL EDIÇÕES MUSICAIS LTDA,,,,,,,83666,837
SBT,3. Solicitação Março 2024.xls,Relatório Solicitação,,,,,,EDITORA MUSICAL PANTTANAL LTDA,,,EDITORA MUSICAL PANTTANAL LTDA,,,,,,,83666,837
SBT,3. Solicitação Março 2024.xls,Relatório Solicitação,,,,,,DIVERSAS,,,DIVERSAS,,,,,,,83666,837
SBT,3. Solicitação Março 2024.xls,Relatório Solicitação,,,,,,DIVERSAS,,,DIVERSAS,,,,,,,167331,1673
SBT,3. Solicitação Março 2024.xls,Relatório Solicitação,,,,,,DIVERSAS,,,DIVERSAS,,,,,,,167331,1673
SBT,3. Solicitação Março 2024.xls,Relatório Solicitação,,,,,,WARNER CHAPPELL EDIÇÕES MUSICAIS LTDA,,,WARNER CHAPPELL EDIÇÕES MUSICAIS LTDA,,,,,,,83665,837
SBT,3. Solicitação Março 2024.xls,Relatório Solicitação,,,,,,BMG RIGHTS MANAGEMENT BRASIL LTDA,,,BMG RIGHTS MANAGEMENT BRASIL LTDA,,,,,,,83665,837
SBT,3. Solicitação Março 2024.xls,Relatório Solicitação,,,,,,ADDAF - ASS. DEF. DIREITOS AUTORAIS FONOMECÂNICOS,,,ADDAF - ASS. DEF. DIREITOS AUTORAIS FONOMECÂNICOS,,,,,,,83666,837
SBT,3. Solicitação Março 2024.xls,Relatório Solicitação,,,,,,TODAMERICA EDICOES LTDA,,,TODAMERICA EDICOES LTDA,,,,,,,83666,837
SBT,3. Solicitação Março 2024.xls,Relatório Solicitação,,,,,,DIVERSAS,,,DIVERSAS,,,,,,,167331,1673
SBT,3. Solicitação Março 2024.xls,Relatório Solicitação,,,,,,DIVERSAS,,,DIVERSAS,,,,,,,83665,837
SBT,3. Solicitação Março 2024.xls,Relatório Solicitação,,,,,,DIVERSAS,,,DIVERSAS,,,,,,,83665,837
SBT,3. Solicitação Março 2024.xls,Relatório Solicitação,,,,,,DIVERSAS,,,DIVERSAS,,,,,,,41832,418
SBT,3. Solicitação Março 2024.xls,Relatório Solicitação,,,,,,"MANGIONE, FILHOS E CIA LTDA",,,"MANGIONE, FILHOS E CIA LTDA",,,,,,,41832,418
SBT,3. Solicitação Março 2024.xls,Relatório Solicitação,,,,,,DIVERSAS,,,DIVERSAS,,,,,,,83665,837
SBT,3. Solicitação Março 2024.xls,Relatório Solicitação,,,,,,DIVERSAS,,,DIVERSAS,,,,,,,83665,837
SBT,3. Solicitação Março 2024.xls,Relatório Solicitação,,,,,,DIVERSAS,,,DIVERSAS,,,,,,,83665,837
SBT,3. Solicitação Março 2024.xls,Relatório Solicitação,,,,,,DIVERSAS,,,DIVERSAS,,,,,,,83665,837
SBT,3. Solicitação Março 2024.xls,Relatório Solicitação,,,,,,DIVERSAS,,,DIVERSAS,,,,,,,83665,837
SBT,3. Solicitação Março 2024.xls,Relatório Solicitação,,,,,,DIVERSAS,,,DIVERSAS,,,,,,,83665,837
SBT,3. Solicitação Março 2024.xls,Relatório Solicitação,,,,,,CAMPELLO QUEIROZ RIGHTS LTDA - ORB MUSIC,,,CAMPELLO QUEIROZ RIGHTS LTDA - ORB MUSIC,,,,,,,167331,1673
SBT,3. Solicitação Março 2024.xls,Relatório Solicitação,,,,,,WARNER CHAPPELL EDIÇÕES MUSICAIS LTDA,,,WARNER CHAPPELL EDIÇÕES MUSICAIS LTDA,,,,,,,83665,837
SBT,3. Solicitação Março 2024.xls,Relatório Solicitação,,,,,,DIVERSAS,,,DIVERSAS,,,,,,,167331,1673
SBT,3. Solicitação Março 2024.xls,Relatório Solicitação,,,,,,DIVERSAS,,,DIVERSAS,,,,,,,83665,837
SBT,3. Solicitação Março 2024.xls,Relatório Solicitação,,,,,,WARNER CHAPPELL EDIÇÕES MUSICAIS LTDA,,,WARNER CHAPPELL EDIÇÕES MUSICAIS LTDA,,,,,,,83665,837
SBT,3. Solicitação Março 2024.xls,Relatório Solicitação,,,,,,UNIVERSAL MUSIC PUBLISHING MGB BRASIL LTDA,,,UNIVERSAL MUSIC PUBLISHING MGB BRASIL LTDA,,,,,,,83665,837
SBT,3. Solicitação Março 2024.xls,Relatório Solicitação,,,,,,UNIVERSAL MUSIC PUBLISHING MGB BRASIL LTDA,,,UNIVERSAL MUSIC PUBLISHING MGB BRASIL LTDA,,,,,,,41832,418
SBT,3. Solicitação Março 2024.xls,Relatório Solicitação,,,,,,DIVERSAS,,,DIVERSAS,,,,,,,41832,418
SBT,3. Solicitação Março 2024.xls,Relatório Solicitação,,,,,,UNIVERSAL MUSIC PUBLISHING MGB BRASIL LTDA,,,UNIVERSAL MUSIC PUBLISHING MGB BRASIL LTDA,,,,,,,83666,837
SBT,3. Solicitação Março 2024.xls,Relatório Solicitação,,,,,,DIVERSAS,,,DIVERSAS,,,,,,,83666,837
SBT,3. Solicitação Março 2024.xls,Relatório Solicitação,,,,,,IRMÃOS VITALE EDITORES LTDA,,,IRMÃOS VITALE EDITORES LTDA,,,,,,,83665,837
SBT,3. Solicitação Março 2024.xls,Relatório Solicitação,,,,,,SONY MUSIC PUBLISHING (BRASIL) EDIÇÕES MUSICAIS LTDA,,,SONY MUSIC PUBLISHING (BRASIL) EDIÇÕES MUSICAIS LTDA,,,,,,,83665,837
SBT,3. Solicitação Março 2024.xls,Relatório Solicitação,,,,,,FUSION MUSIC EDIÇÕES MUSICAIS LTDA,,,FUSION MUSIC EDIÇÕES MUSICAIS LTDA,,,,,,,167331,1673
SBT,3. Solicitação Março 2024.xls,Relatório Solicitação,,,,,,WARNER/CHAPPELL EDIÇÕES MUSICAIS LTDA,,,WARNER/CHAPPELL EDIÇÕES MUSICAIS LTDA,,,,,,,167331,1673
SBT,3. Solicitação Março 2024.xls,Relatório Solicitação,,,,,,DIVERSAS,,,DIVERSAS,,,,,,,83665,837
SBT,3. Solicitação Março 2024.xls,Relatório Solicitação,,,,,,DIVERSAS,,,DIVERSAS,,,,,,,83665,837
SBT,3. Solicitação Março 2024.xls,Relatório Solicitação,,,,,,DIVERSAS,,,DIVERSAS,,,,,,,83665,837
SBT,3. Solicitação Março 2024.xls,Relatório Solicitação,,,,,,DIVERSAS,,,DIVERSAS,,,,,,,83665,837
SBT,3. Solicitação Março 2024.xls,Relatório Solicitação,,,,,,UNIVERSAL MUSIC PUBLISHING MGB BRASIL LTDA,,,UNIVERSAL MUSIC PUBLISHING MGB BRASIL LTDA,,,,,,,83665,837
SBT,3. Solicitação Março 2024.xls,Relatório Solicitação,,,,,,DIVERSAS,,,DIVERSAS,,,,,,,167331,1673
SBT,3. Solicitação Março 2024.xls,Relatório Solicitação,,,,,,SONY MUSIC PUBLISHING (BRASIL) EDIÇÕES MUSICAIS LTDA,,,SONY MUSIC PUBLISHING (BRASIL) EDIÇÕES MUSICAIS LTDA,,,,,,,83665,837
SBT,3. Solicitação Março 2024.xls,Relatório Solicitação,,,,,,PEERMUSIC DO BRASIL EDIÇÕES MUSICAIS LTDA,,,PEERMUSIC DO BRASIL EDIÇÕES MUSICAIS LTDA,,,,,,,83665,837
SBT,3. Solicitação Março 2024.xls,Relatório Solicitação,,,,,,WARNER CHAPPELL EDIÇÕES MUSICAIS LTDA,,,WARNER CHAPPELL EDIÇÕES MUSICAIS LTDA,,,,,,,83665,837
SBT,3. Solicitação Março 2024.xls,Relatório Solicitação,,,,,,EDITORA E IMPORTADORA MUSICAL FERMATA DO BRASIL LTDA,,,EDITORA E IMPORTADORA MUSICAL FERMATA DO BRASIL LTDA,,,,,,,83665,837
SBT,3. Solicitação Março 2024.xls,Relatório Solicitação,,,,,,BMG RIGHTS MANAGEMENT BRASIL LTDA,,,BMG RIGHTS MANAGEMENT BRASIL LTDA,,,,,,,20916,209
SBT,3. Solicitação Março 2024.xls,Relatório Solicitação,,,,,,EDITORA E IMPORTADORA MUSICAL FERMATA DO BRASIL LTDA,,,EDITORA E IMPORTADORA MUSICAL FERMATA DO BRASIL LTDA,,,,,,,31374,314
SBT,3. Solicitação Março 2024.xls,Relatório Solicitação,,,,,,SM PUBLISHING (BRASIL) EDIÇÕES MUSICAIS LTDA,,,SM PUBLISHING (BRASIL) EDIÇÕES MUSICAIS LTDA,,,,,,,31374,314
SBT,3. Solicitação Março 2024.xls,Relatório Solicitação,,,,,,BMG RIGHTS MANAGEMENT BRASIL LTDA,,,BMG RIGHTS MANAGEMENT BRASIL LTDA,,,,,,,20916,209
SBT,3. Solicitação Março 2024.xls,Relatório Solicitação,,,,,,EDITORA E IMPORTADORA MUSICAL FERMATA DO BRASIL LTDA,,,EDITORA E IMPORTADORA MUSICAL FERMATA DO BRASIL LTDA,,,,,,,31374,314
SBT,3. Solicitação Março 2024.xls,Relatório Solicitação,,,,,,SM PUBLISHING (BRASIL) EDIÇÕES MUSICAIS LTDA,,,SM PUBLISHING (BRASIL) EDIÇÕES MUSICAIS LTDA,,,,,,,31374,314
SBT,3. Solicitação Março 2024.xls,Relatório Solicitação,,,,,,SONY MUSIC PUBLISHING (BRASIL) EDIÇÕES MUSICAIS LTDA,,,SONY MUSIC PUBLISHING (BRASIL) EDIÇÕES MUSICAIS LTDA,,,,,,,167331,1673
SBT,3. Solicitação Março 2024.xls,Relatório Solicitação,,,,,,UNIVERSAL MUSIC PUBLISHING MGB BRASIL LTDA,,,UNIVERSAL MUSIC PUBLISHING MGB BRASIL LTDA,,,,,,,27894,279
SBT,3. Solicitação Março 2024.xls,Relatório Solicitação,,,,,,DIVERSAS,,,DIVERSAS,,,,,,,27877,279
SBT,3. Solicitação Março 2024.xls,Relatório Solicitação,,,,,,ABRAMUS DIGITAL SERV. IDENT. REPERTÓRIO,,,ABRAMUS DIGITAL SERV. IDENT. REPERTÓRIO,,,,,,,27894,279
SBT,3. Solicitação Março 2024.xls,Relatório Solicitação,,,,,,WARNER CHAPPELL EDIÇÕES MUSICAIS LTDA,,,WARNER CHAPPELL EDIÇÕES MUSICAIS LTDA,,,,,,,83665,837
SBT,3. Solicitação Março 2024.xls,Relatório Solicitação,,,,,,WARNER CHAPPELL EDIÇÕES MUSICAIS LTDA,,,WARNER CHAPPELL EDIÇÕES MUSICAIS LTDA,,,,,,,29283,293
SBT,3. Solicitação Março 2024.xls,Relatório Solicitação,,,,,,DIVERSAS,,,DIVERSAS,,,,,,,54382,544
SBT,3. Solicitação Março 2024.xls,Relatório Solicitação,,,,,,DIVERSAS,,,DIVERSAS,,,,,,,83665,837
SBT,3. Solicitação Março 2024.xls,Relatório Solicitação,,,,,,DIVERSAS,,,DIVERSAS,,,,,,,83665,837
SBT,3. Solicitação Março 2024.xls,Relatório Solicitação,,,,,,UNIVERSAL MUSIC PUBLISHING MGB BRASIL LTDA,,,UNIVERSAL MUSIC PUBLISHING MGB BRASIL LTDA,,,,,,,167331,1673
SBT,3. Solicitação Março 2024.xls,Relatório Solicitação,,,,,,EDIÇÕES EUTERPE LTDA,,,EDIÇÕES EUTERPE LTDA,,,,,,,83665,837
SBT,3. Solicitação Março 2024.xls,Relatório Solicitação,,,,,,SONY MUSIC PUBLISHING (BRASIL) EDIÇÕES MUSICAIS LTDA,,,SONY MUSIC PUBLISHING (BRASIL) EDIÇÕES MUSICAIS LTDA,,,,,,,69726,697
SBT,3. Solicitação Março 2024.xls,Relatório Solicitação,,,,,,DIVERSAS,,,DIVERSAS,,,,,,,13939,139
SBT,3. Solicitação Março 2024.xls,Relatório Solicitação,,,,,,WARNER CHAPPELL EDIÇÕES MUSICAIS LTDA,,,WARNER CHAPPELL EDIÇÕES MUSICAIS LTDA,,,,,,,83665,837
SBT,3. Solicitação Março 2024.xls,Relatório Solicitação,,,,,,DIVERSAS,,,DIVERSAS,,,,,,,83665,837
SBT,3. Solicitação Março 2024.xls,Relatório Solicitação,,,,,,BMG RIGHTS MANAGEMENT BRASIL LTDA,,,BMG RIGHTS MANAGEMENT BRASIL LTDA,,,,,,,30119,301
SBT,3. Solicitação Março 2024.xls,Relatório Solicitação,,,,,,DIVERSAS,,,DIVERSAS,,,,,,,3347,33
SBT,3. Solicitação Março 2024.xls,Relatório Solicitação,,,,,,CAMPELLO QUEIROZ RIGHTS LTDA,,,CAMPELLO QUEIROZ RIGHTS LTDA,,,,,,,8366,84
SBT,3. Solicitação Março 2024.xls,Relatório Solicitação,,,,,,ABRAMUS DIGITAL SERV. IDENT. REPERTÓRIO,,,ABRAMUS DIGITAL SERV. IDENT. REPERTÓRIO,,,,,,,11713,117
SBT,3. Solicitação Março 2024.xls,Relatório Solicitação,,,,,,WARNER CHAPPELL EDIÇÕES MUSICAIS LTDA,,,WARNER CHAPPELL EDIÇÕES MUSICAIS LTDA,,,,,,,30119,301
SBT,3. Solicitação Março 2024.xls,Relatório Solicitação,,,,,,ANGELIM PRODUCOES ARTISTICAS EIRELI - ME,,,ANGELIM PRODUCOES ARTISTICAS EIRELI - ME,,,,,,,20916,209
SBT,3. Solicitação Março 2024.xls,Relatório Solicitação,,,,,,SONY MUSIC PUBLISHING (BRASIL) EDIÇÕES MUSICAIS LTDA,,,SONY MUSIC PUBLISHING (BRASIL) EDIÇÕES MUSICAIS LTDA,,,,,,,20916,209
SBT,3. Solicitação Março 2024.xls,Relatório Solicitação,,,,,,WARNER CHAPPELL EDIÇÕES MUSICAIS LTDA,,,WARNER CHAPPELL EDIÇÕES MUSICAIS LTDA,,,,,,,41832,418
SBT,3. Solicitação Março 2024.xls,Relatório Solicitação,,,,,,UNIVERSAL MUSIC PUBLISHING MGB BRASIL LTDA,,,UNIVERSAL MUSIC PUBLISHING MGB BRASIL LTDA,,,,,,,83665,837
SBT,3. Solicitação Março 2024.xls,Relatório Solicitação,,,,,,SONY MUSIC PUBLISHING (BRASIL) EDIÇÕES MUSICAIS LTDA,,,SONY MUSIC PUBLISHING (BRASIL) EDIÇÕES MUSICAIS LTDA,,,,,,,83665,837
SBT,3. Solicitação Março 2024.xls,Relatório Solicitação,,,,,,UNIVERSAL MUSIC PUBLISHING MGB BRASIL LTDA,,,UNIVERSAL MUSIC PUBLISHING MGB BRASIL LTDA,,,,,,,83665,837
SBT,3. Solicitação Março 2024.xls,Relatório Solicitação,,,,,,PEERMUSIC DO BRASIL EDIÇÕES MUSICAIS LTDA,,,PEERMUSIC DO BRASIL EDIÇÕES MUSICAIS LTDA,,,,,,,41832,418
SBT,3. Solicitação Março 2024.xls,Relatório Solicitação,,,,,,WARNER CHAPPELL EDIÇÕES MUSICAIS LTDA,,,WARNER CHAPPELL EDIÇÕES MUSICAIS LTDA,,,,,,,41832,418
SBT,3. Solicitação Março 2024.xls,Relatório Solicitação,,,,,,UNIVERSAL MUSIC PUBLISHING MGB BRASIL LTDA,,,UNIVERSAL MUSIC PUBLISHING MGB BRASIL LTDA,,,,,,,13939,139
SBT,3. Solicitação Março 2024.xls,Relatório Solicitação,,,,,,WARNER CHAPPELL EDIÇÕES MUSICAIS LTDA,,,WARNER CHAPPELL EDIÇÕES MUSICAIS LTDA,,,,,,,69726,697
SBT,3. Solicitação Março 2024.xls,Relatório Solicitação,,,,,,PEPATO & PEPATO EMPREENDIMENTOS ARTISTICOS E MUSICAIS,,,PEPATO & PEPATO EMPREENDIMENTOS ARTISTICOS E MUSICAIS,,,,,,,27886,279
SBT,3. Solicitação Março 2024.xls,Relatório Solicitação,,,,,,WARNER CHAPPELL EDIÇÕES MUSICAIS LTDA,,,WARNER CHAPPELL EDIÇÕES MUSICAIS LTDA,,,,,,,27886,279
SBT,3. Solicitação Março 2024.xls,Relatório Solicitação,,,,,,ABRAMUS DIGITAL SERV. IDENT. REPERTÓRIO,,,ABRAMUS DIGITAL SERV. IDENT. REPERTÓRIO,,,,,,,27894,279
SBT,3. Solicitação Março 2024.xls,Relatório Solicitação,,,,,,INDIE PUBLISHING LTDA,,,INDIE PUBLISHING LTDA,,,,,,,83665,837
SBT,3. Solicitação Março 2024.xls,Relatório Solicitação,,,,,,SONY MUSIC PUBLISHING (BRASIL) EDIÇÕES MUSICAIS LTDA,,,SONY MUSIC PUBLISHING (BRASIL) EDIÇÕES MUSICAIS LTDA,,,,,,,167331,1673
SBT,3. Solicitação Março 2024.xls,Relatório Solicitação,,,,,,PEERMUSIC DO BRASIL EDIÇÕES MUSICAIS LTDA,,,PEERMUSIC DO BRASIL EDIÇÕES MUSICAIS LTDA,,,,,,,20916,209
SBT,3. Solicitação Março 2024.xls,Relatório Solicitação,,,,,,WARNER CHAPPELL EDIÇÕES MUSICAIS LTDA,,,WARNER CHAPPELL EDIÇÕES MUSICAIS LTDA,,,,,,,83666,837
SBT,3. Solicitação Março 2024.xls,Relatório Solicitação,,,,,,SONY MUSIC PUBLISHING (BRASIL) EDIÇÕES MUSICAIS LTDA,,,SONY MUSIC PUBLISHING (BRASIL) EDIÇÕES MUSICAIS LTDA,,,,,,,62749,627
SBT,3. Solicitação Março 2024.xls,Relatório Solicitação,,,,,,BMG RIGHTS MANAGEMENT BRASIL LTDA,,,BMG RIGHTS MANAGEMENT BRASIL LTDA,,,,,,,16733,167
SBT,3. Solicitação Março 2024.xls,Relatório Solicitação,,,,,,ROCKING GORILLA MUSIC LTDA,,,ROCKING GORILLA MUSIC LTDA,,,,,,,100400,1004
SBT,3. Solicitação Março 2024.xls,Relatório Solicitação,,,,,,DIVERSAS,,,DIVERSAS,,,,,,,200800,2008
SBT,3. Solicitação Março 2024.xls,Relatório Solicitação,,,,,,SONY MUSIC PUBLISHING (BRASIL) EDIÇÕES MUSICAIS LTDA,,,SONY MUSIC PUBLISHING (BRASIL) EDIÇÕES MUSICAIS LTDA,,,,,,,120478,1205
SBT,3. Solicitação Março 2024.xls,Relatório Solicitação,,,,,,WARNER CHAPPELL EDIÇÕES MUSICAIS LTDA,,,WARNER CHAPPELL EDIÇÕES MUSICAIS LTDA,,,,,,,167331,1673
SBT,3. Solicitação Março 2024.xls,Relatório Solicitação,,,,,,WARNER CHAPPELL EDIÇÕES MUSICAIS LTDA,,,WARNER CHAPPELL EDIÇÕES MUSICAIS LTDA,,,,,,,167331,1673
SBT,3. Solicitação Março 2024.xls,Relatório Solicitação,,,,,,PEERMUSIC DO BRASIL EDIÇÕES MUSICAIS LTDA,,,PEERMUSIC DO BRASIL EDIÇÕES MUSICAIS LTDA,,,,,,,167331,1673
SBT,3. Solicitação Março 2024.xls,Relatório Solicitação,,,,,,DIVERSAS,,,DIVERSAS,,,,,,,1115600,11156
SBT,3. Solicitação Março 2024.xls,Relatório Solicitação,,,,,,SONY MUSIC PUBLISHING (BRASIL) EDIÇÕES MUSICAIS LTDA,,,SONY MUSIC PUBLISHING (BRASIL) EDIÇÕES MUSICAIS LTDA,,,,,,,55771,558
SBT,3. Solicitação Março 2024.xls,Relatório Solicitação,,,,,,DIVERSAS,,,DIVERSAS,,,,,,,27877,279
SBT,3. Solicitação Março 2024.xls,Relatório Solicitação,,,,,,SONY MUSIC PUBLISHING (BRASIL) EDIÇÕES MUSICAIS LTDA,,,SONY MUSIC PUBLISHING (BRASIL) EDIÇÕES MUSICAIS LTDA,,,,,,,139454,1395
SBT,3. Solicitação Março 2024.xls,Relatório Solicitação,,,,,,UNIVERSAL MUSIC PUBLISHING MGB BRASIL LTDA,,,UNIVERSAL MUSIC PUBLISHING MGB BRASIL LTDA,,,,,,,167331,1673
SBT,3. Solicitação Março 2024.xls,Relatório Solicitação,,,,,,UNIVERSAL MUSIC PUBLISHING MGB BRASIL LTDA,,,UNIVERSAL MUSIC PUBLISHING MGB BRASIL LTDA,,,,,,,167331,1673
SBT,3. Solicitação Março 2024.xls,Relatório Solicitação,,,,,,UNIVERSAL MUSIC PUBLISHING MGB BRASIL LTDA,,,UNIVERSAL MUSIC PUBLISHING MGB BRASIL LTDA,,,,,,,83666,837
SBT,3. Solicitação Março 2024.xls,Relatório Solicitação,,,,,,WARNER CHAPPELL EDIÇÕES MUSICAIS LTDA,,,WARNER CHAPPELL EDIÇÕES MUSICAIS LTDA,,,,,,,83666,837
SBT,3. Solicitação Março 2024.xls,Relatório Solicitação,,,,,,UNIVERSAL MUSIC PUBLISHING MGB BRASIL LTDA,,,UNIVERSAL MUSIC PUBLISHING MGB BRASIL LTDA,,,,,,,83666,837
SBT,3. Solicitação Março 2024.xls,Relatório Solicitação,,,,,,WARNER CHAPPELL EDIÇÕES MUSICAIS LTDA,,,WARNER CHAPPELL EDIÇÕES MUSICAIS LTDA,,,,,,,83666,837
SBT,3. Solicitação Março 2024.xls,Relatório Solicitação,,,,,,DIVERSAS,,,DIVERSAS,,,,,,,167331,1673
SBT,3. Solicitação Março 2024.xls,Relatório Solicitação,,,,,,DIVERSAS,,,DIVERSAS,,,,,,,83666,837
SBT,3. Solicitação Março 2024.xls,Relatório Solicitação,,,,,,WARNER CHAPPELL EDIÇÕES MUSICAIS LTDA,,,WARNER CHAPPELL EDIÇÕES MUSICAIS LTDA,,,,,,,41833,418
SBT,3. Solicitação Março 2024.xls,Relatório Solicitação,,,,,,UNIVERSAL MUSIC PUBLISHING MGB BRASIL LTDA,,,UNIVERSAL MUSIC PUBLISHING MGB BRASIL LTDA,,,,,,,41833,418
SBT,3. Solicitação Março 2024.xls,Relatório Solicitação,,,,,,UNIVERSAL MUSIC PUBLISHING MGB BRASIL LTDA,,,UNIVERSAL MUSIC PUBLISHING MGB BRASIL LTDA,,,,,,,60239,602
SBT,3. Solicitação Março 2024.xls,Relatório Solicitação,,,,,,BMG RIGHTS MANAGEMENT BRASIL LTDA,,,BMG RIGHTS MANAGEMENT BRASIL LTDA,,,,,,,53546,535
SBT,3. Solicitação Março 2024.xls,Relatório Solicitação,,,,,,WARNER CHAPPELL EDIÇÕES MUSICAIS LTDA,,,WARNER CHAPPELL EDIÇÕES MUSICAIS LTDA,,,,,,,53546,535
SBT,3. Solicitação Março 2024.xls,Relatório Solicitação,,,,,,ADDAF - ASS. DEF. DIREITOS AUTORAIS FONOMECÂNICOS,,,ADDAF - ASS. DEF. DIREITOS AUTORAIS FONOMECÂNICOS,,,,,,,167331,1673
SBT,3. Solicitação Março 2024.xls,Relatório Solicitação,,,,,,WARNER CHAPPELL EDIÇÕES MUSICAIS LTDA,,,WARNER CHAPPELL EDIÇÕES MUSICAIS LTDA,,,,,,,167331,1673
SBT,3. Solicitação Março 2024.xls,Relatório Solicitação,,,,,,PEERMUSIC DO BRASIL EDIÇÕES MUSICAIS LTDA,,,PEERMUSIC DO BRASIL EDIÇÕES MUSICAIS LTDA,,,,,,,167331,1673
SBT,3. Solicitação Março 2024.xls,Relatório Solicitação,,,,,,BMG RIGHTS MANAGEMENT BRASIL LTDA,,,BMG RIGHTS MANAGEMENT BRASIL LTDA,,,,,,,167331,1673
SBT,3. Solicitação Março 2024.xls,Relatório Solicitação,,,,,,WARNER CHAPPELL EDIÇÕES MUSICAIS LTDA,,,WARNER CHAPPELL EDIÇÕES MUSICAIS LTDA,,,,,,,167331,1673
SBT,3. Solicitação Março 2024.xls,Relatório Solicitação,,,,,,DIVERSAS,,,DIVERSAS,,,,,,,167331,1673
SBT,3. Solicitação Março 2024.xls,Relatório Solicitação,,,,,,THIAGO ABDULAHAD NUNES RIOS ME,,,THIAGO ABDULAHAD NUNES RIOS ME,,,,,,,83666,837
SBT,3. Solicitação Março 2024.xls,Relatório Solicitação,,,,,,WARNER CHAPPELL EDIÇÕES MUSICAIS LTDA,,,WARNER CHAPPELL EDIÇÕES MUSICAIS LTDA,,,,,,,83666,837
SBT,3. Solicitação Março 2024.xls,Relatório Solicitação,,,,,,UNIVERSAL MUSIC PUBLISHING MGB BRASIL LTDA,,,UNIVERSAL MUSIC PUBLISHING MGB BRASIL LTDA,,,,,,,167331,1673
SBT,3. Solicitação Março 2024.xls,Relatório Solicitação,,,,,,BMG RIGHTS MANAGEMENT BRASIL LTDA,,,BMG RIGHTS MANAGEMENT BRASIL LTDA,,,,,,,33466,335
SBT,3. Solicitação Março 2024.xls,Relatório Solicitação,,,,,,PEERMUSIC DO BRASIL EDIÇÕES MUSICAIS LTDA,,,PEERMUSIC DO BRASIL EDIÇÕES MUSICAIS LTDA,,,,,,,66932,669
SBT,3. Solicitação Março 2024.xls,Relatório Solicitação,,,,,,WARNER CHAPPELL EDIÇÕES MUSICAIS LTDA,,,WARNER CHAPPELL EDIÇÕES MUSICAIS LTDA,,,,,,,66932,669
SBT,3. Solicitação Março 2024.xls,Relatório Solicitação,,,,,,WARNER CHAPPELL EDIÇÕES MUSICAIS LTDA,,,WARNER CHAPPELL EDIÇÕES MUSICAIS LTDA,,,,,,,27886,279
SBT,3. Solicitação Março 2024.xls,Relatório Solicitação,,,,,,JULIANA FAKRI DE ASSIS EPP,,,JULIANA FAKRI DE ASSIS EPP,,,,,,,27894,279
SBT,3. Solicitação Março 2024.xls,Relatório Solicitação,,,,,,DECK PRODUÇÕES ARTÍSTICAS LTDA,,,DECK PRODUÇÕES ARTÍSTICAS LTDA,,,,,,,27886,279
SBT,3. Solicitação Março 2024.xls,Relatório Solicitação,,,,,,BMG RIGHTS MANAGEMENT BRASIL LTDA,,,BMG RIGHTS MANAGEMENT BRASIL LTDA,,,,,,,16733,167
SBT,3. Solicitação Março 2024.xls,Relatório Solicitação,,,,,,PEERMUSIC DO BRASIL EDIÇÕES MUSICAIS LTDA,,,PEERMUSIC DO BRASIL EDIÇÕES MUSICAIS LTDA,,,,,,,33466,335
SBT,3. Solicitação Março 2024.xls,Relatório Solicitação,,,,,,WARNER CHAPPELL EDIÇÕES MUSICAIS LTDA,,,WARNER CHAPPELL EDIÇÕES MUSICAIS LTDA,,,,,,,33466,335
SBT,3. Solicitação Março 2024.xls,Relatório Solicitação,,,,,,DIVERSAS,,,DIVERSAS,,,,,,,83665,837
SBT,3. Solicitação Março 2024.xls,Relatório Solicitação,,,,,,UNIVERSAL MUSIC PUBLISHING MGB BRASIL LTDA,,,UNIVERSAL MUSIC PUBLISHING MGB BRASIL LTDA,,,,,,,83665,837
SBT,3. Solicitação Março 2024.xls,Relatório Solicitação,,,,,,DIVERSAS,,,DIVERSAS,,,,,,,83665,837
SBT,3. Solicitação Março 2024.xls,Relatório Solicitação,,,,,,DIVERSAS,,,DIVERSAS,,,,,,,167331,1673
SBT,3. Solicitação Março 2024.xls,Relatório Solicitação,,,,,,DIVERSAS,,,DIVERSAS,,,,,,,83665,837
SBT,3. Solicitação Março 2024.xls,Relatório Solicitação,,,,,,DIVERSAS,,,DIVERSAS,,,,,,,167331,1673
SBT,3. Solicitação Março 2024.xls,Relatório Solicitação,,,,,,DIVERSAS,,,DIVERSAS,,,,,,,167331,1673
SBT,3. Solicitação Março 2024.xls,Relatório Solicitação,,,,,,UNIVERSAL MUSIC PUBLISHING MGB BRASIL LTDA,,,UNIVERSAL MUSIC PUBLISHING MGB BRASIL LTDA,,,,,,,83666,837
SBT,3. Solicitação Março 2024.xls,Relatório Solicitação,,,,,,SONY MUSIC PUBLISHING (BRASIL) EDIÇÕES MUSICAIS LTDA,,,SONY MUSIC PUBLISHING (BRASIL) EDIÇÕES MUSICAIS LTDA,,,,,,,83666,837
SBT,3. Solicitação Março 2024.xls,Relatório Solicitação,,,,,,DIVERSAS,,,DIVERSAS,,,,,,,39096,391
SBT,3. Solicitação Março 2024.xls,Relatório Solicitação,,,,,,NOSSAMÚSICA PRODUÇÕES E EDIÇÕES MUSICAIS LTDA,,,NOSSAMÚSICA PRODUÇÕES E EDIÇÕES MUSICAIS LTDA,,,,,,,39096,391
SBT,3. Solicitação Março 2024.xls,Relatório Solicitação,,,,,,EDITORA MUSICAL PANTTANAL LTDA,,,EDITORA MUSICAL PANTTANAL LTDA,,,,,,,19548,195
SBT,3. Solicitação Março 2024.xls,Relatório Solicitação,,,,,,SONY MUSIC PUBLISHING (BRASIL) EDIÇÕES MUSICAIS LTDA,,,SONY MUSIC PUBLISHING (BRASIL) EDIÇÕES MUSICAIS LTDA,,,,,,,19548,195
SBT,3. Solicitação Março 2024.xls,Relatório Solicitação,,,,,,TRÊS SONS EDITORA MUSICAL E GRAVADORA DIGITAL LTDA-ME,,,TRÊS SONS EDITORA MUSICAL E GRAVADORA DIGITAL LTDA-ME,,,,,,,39096,391
SBT,3. Solicitação Março 2024.xls,Relatório Solicitação,,,,,,DIVERSAS,,,DIVERSAS,,,,,,,19548,195
SBT,3. Solicitação Março 2024.xls,Relatório Solicitação,,,,,,JULIANA FAKRI DE ASSIS EPP,,,JULIANA FAKRI DE ASSIS EPP,,,,,,,19548,195
SBT,3. Solicitação Março 2024.xls,Relatório Solicitação,,,,,,PEERMUSIC DO BRASIL EDIÇÕES MUSICAIS LTDA,,,PEERMUSIC DO BRASIL EDIÇÕES MUSICAIS LTDA,,,,,,,39096,391
SBT,3. Solicitação Março 2024.xls,Relatório Solicitação,,,,,,DIVERSAS,,,DIVERSAS,,,,,,,39096,391
SBT,3. Solicitação Março 2024.xls,Relatório Solicitação,,,,,,UNIVERSAL MUSIC PUBLISHING MGB BRASIL LTDA,,,UNIVERSAL MUSIC PUBLISHING MGB BRASIL LTDA,,,,,,,39096,391
SBT,3. Solicitação Março 2024.xls,Relatório Solicitação,,,,,,"MANGIONE, FILHOS E CIA LTDA",,,"MANGIONE, FILHOS E CIA LTDA",,,,,,,39096,391
SBT,3. Solicitação Março 2024.xls,Relatório Solicitação,,,,,,"MANGIONE, FILHOS E CIA LTDA",,,"MANGIONE, FILHOS E CIA LTDA",,,,,,,39096,391
SBT,3. Solicitação Março 2024.xls,Relatório Solicitação,,,,,,DIVERSAS,,,DIVERSAS,,,,,,,39096,391
SBT,3. Solicitação Março 2024.xls,Relatório Solicitação,,,,,,UNIVERSAL MUSIC PUBLISHING MGB BRASIL LTDA,,,UNIVERSAL MUSIC PUBLISHING MGB BRASIL LTDA,,,,,,,35831,358
SBT,3. Solicitação Março 2024.xls,Relatório Solicitação,,,,,,ABRAMUS DIGITAL SERV. IDENT. REPERTÓRIO,,,ABRAMUS DIGITAL SERV. IDENT. REPERTÓRIO,,,,,,,3265,33
SBT,3. Solicitação Março 2024.xls,Relatório Solicitação,,,,,,BMG RIGHTS MANAGEMENT BRASIL LTDA,,,BMG RIGHTS MANAGEMENT BRASIL LTDA,,,,,,,7819,78
SBT,3. Solicitação Março 2024.xls,Relatório Solicitação,,,,,,PEERMUSIC DO BRASIL EDIÇÕES MUSICAIS LTDA,,,PEERMUSIC DO BRASIL EDIÇÕES MUSICAIS LTDA,,,,,,,23458,235
SBT,3. Solicitação Março 2024.xls,Relatório Solicitação,,,,,,WARNER CHAPPELL EDIÇÕES MUSICAIS LTDA,,,WARNER CHAPPELL EDIÇÕES MUSICAIS LTDA,,,,,,,7819,78
SBT,3. Solicitação Março 2024.xls,Relatório Solicitação,,,,,,SONY MUSIC PUBLISHING (BRASIL) EDIÇÕES MUSICAIS LTDA,,,SONY MUSIC PUBLISHING (BRASIL) EDIÇÕES MUSICAIS LTDA,,,,,,,39096,391
SBT,3. Solicitação Março 2024.xls,Relatório Solicitação,,,,,,EDITORA E IMPORTADORA MUSICAL FERMATA DO BRASIL LTDA,,,EDITORA E IMPORTADORA MUSICAL FERMATA DO BRASIL LTDA,,,,,,,39096,391
SBT,3. Solicitação Março 2024.xls,Relatório Solicitação,,,,,,DIVERSAS,,,DIVERSAS,,,,,,,83665,837
SBT,3. Solicitação Março 2024.xls,Relatório Solicitação,,,,,,BMG RIGHTS MANAGEMENT BRASIL LTDA,,,BMG RIGHTS MANAGEMENT BRASIL LTDA,,,,,,,83665,837
SBT,3. Solicitação Março 2024.xls,Relatório Solicitação,,,,,,DIVERSAS,,,DIVERSAS,,,,,,,83665,837
SBT,3. Solicitação Março 2024.xls,Relatório Solicitação,,,,,,DIVERSAS,,,DIVERSAS,,,,,,,83665,837
SBT,3. Solicitação Março 2024.xls,Relatório Solicitação,,,,,,THIAGO ABDULAHAD NUNES RIOS ME,,,THIAGO ABDULAHAD NUNES RIOS ME,,,,,,,83665,837
SBT,3. Solicitação Março 2024.xls,Relatório Solicitação,,,,,,UNIVERSAL MUSIC PUBLISHING MGB BRASIL LTDA,,,UNIVERSAL MUSIC PUBLISHING MGB BRASIL LTDA,,,,,,,83665,837
SBT,3. Solicitação Março 2024.xls,Relatório Solicitação,,,,,,SONY MUSIC PUBLISHING (BRASIL) EDIÇÕES MUSICAIS LTDA,,,SONY MUSIC PUBLISHING (BRASIL) EDIÇÕES MUSICAIS LTDA,,,,,,,167331,1673
SBT,3. Solicitação Março 2024.xls,Relatório Solicitação,,,,,,ABRAMUS DIGITAL SERV. IDENT. REPERTÓRIO,,,ABRAMUS DIGITAL SERV. IDENT. REPERTÓRIO,,,,,,,41832,418
SBT,3. Solicitação Março 2024.xls,Relatório Solicitação,,,,,,SONY MUSIC PUBLISHING (BRASIL) EDIÇÕES MUSICAIS LTDA,,,SONY MUSIC PUBLISHING (BRASIL) EDIÇÕES MUSICAIS LTDA,,,,,,,41832,418
SBT,3. Solicitação Março 2024.xls,Relatório Solicitação,,,,,,DIVERSAS,,,DIVERSAS,,,,,,,83665,837
SBT,3. Solicitação Março 2024.xls,Relatório Solicitação,,,,,,DIVERSAS,,,DIVERSAS,,,,,,,83665,837
SBT,3. Solicitação Março 2024.xls,Relatório Solicitação,,,,,,IRMÃOS VITALE EDITORES LTDA,,,IRMÃOS VITALE EDITORES LTDA,,,,,,,83665,837
SBT,3. Solicitação Março 2024.xls,Relatório Solicitação,,,,,,WARNER CHAPPELL EDIÇÕES MUSICAIS LTDA,,,WARNER CHAPPELL EDIÇÕES MUSICAIS LTDA,,,,,,,83665,837
SBT,3. Solicitação Março 2024.xls,Relatório Solicitação,,,,,,SONY MUSIC PUBLISHING (BRASIL) EDIÇÕES MUSICAIS LTDA,,,SONY MUSIC PUBLISHING (BRASIL) EDIÇÕES MUSICAIS LTDA,,,,,,,83665,837
SBT,3. Solicitação Março 2024.xls,Relatório Solicitação,,,,,,PEERMUSIC DO BRASIL EDIÇÕES MUSICAIS LTDA,,,PEERMUSIC DO BRASIL EDIÇÕES MUSICAIS LTDA,,,,,,,83665,837
SBT,3. Solicitação Março 2024.xls,Relatório Solicitação,,,,,,DIVERSAS,,,DIVERSAS,,,,,,,83665,837
SBT,3. Solicitação Março 2024.xls,Relatório Solicitação,,,,,,WARNER CHAPPELL EDIÇÕES MUSICAIS LTDA,,,WARNER CHAPPELL EDIÇÕES MUSICAIS LTDA,,,,,,,167331,1673
SBT,3. Solicitação Março 2024.xls,Relatório Solicitação,,,,,,DIVERSAS,,,DIVERSAS,,,,,,,167331,1673
SBT,3. Solicitação Março 2024.xls,Relatório Solicitação,,,,,,SONY MUSIC PUBLISHING (BRASIL) EDIÇÕES MUSICAIS LTDA,,,SONY MUSIC PUBLISHING (BRASIL) EDIÇÕES MUSICAIS LTDA,,,,,,,167331,1673
SBT,3. Solicitação Março 2024.xls,Relatório Solicitação,,,,,,WARNER/CHAPPELL EDIÇÕES MUSICAIS LTDA,,,WARNER/CHAPPELL EDIÇÕES MUSICAIS LTDA,,,,,,,167331,1673
SBT,3. Solicitação Março 2024.xls,Relatório Solicitação,,,,,,DIVERSAS,,,DIVERSAS,,,,,,,167331,1673
SBT,3. Solicitação Março 2024.xls,Relatório Solicitação,,,,,,WARNER CHAPPELL EDIÇÕES MUSICAIS LTDA,,,WARNER CHAPPELL EDIÇÕES MUSICAIS LTDA,,,,,,,83666,837
SBT,3. Solicitação Março 2024.xls,Relatório Solicitação,,,,,,SONY MUSIC PUBLISHING (BRASIL) EDIÇÕES MUSICAIS LTDA,,,SONY MUSIC PUBLISHING (BRASIL) EDIÇÕES MUSICAIS LTDA,,,,,,,83666,837
SBT,3. Solicitação Março 2024.xls,Relatório Solicitação,,,,,,UNIVERSAL MUSIC PUBLISHING MGB BRASIL LTDA,,,UNIVERSAL MUSIC PUBLISHING MGB BRASIL LTDA,,,,,,,167331,1673
SBT,3. Solicitação Março 2024.xls,Relatório Solicitação,,,,,,WARNER CHAPPELL EDIÇÕES MUSICAIS LTDA,,,WARNER CHAPPELL EDIÇÕES MUSICAIS LTDA,,,,,,,167331,1673
SBT,3. Solicitação Março 2024.xls,Relatório Solicitação,,,,,,WARNER CHAPPELL EDIÇÕES MUSICAIS LTDA,,,WARNER CHAPPELL EDIÇÕES MUSICAIS LTDA,,,,,,,167331,1673
SBT,3. Solicitação Março 2024.xls,Relatório Solicitação,,,,,,HUMAITÁ EDIÇÕES MUSICAIS LTDA,,,HUMAITÁ EDIÇÕES MUSICAIS LTDA,,,,,,,33466,335
SBT,3. Solicitação Março 2024.xls,Relatório Solicitação,,,,,,WARNER CHAPPELL EDIÇÕES MUSICAIS LTDA,,,WARNER CHAPPELL EDIÇÕES MUSICAIS LTDA,,,,,,,133865,1339
SBT,3. Solicitação Março 2024.xls,Relatório Solicitação,,,,,,UNIVERSAL MUSIC PUBLISHING MGB BRASIL LTDA,,,UNIVERSAL MUSIC PUBLISHING MGB BRASIL LTDA,,,,,,,167331,1673
SBT,3. Solicitação Março 2024.xls,Relatório Solicitação,,,,,,UNIVERSAL MUSIC PUBLISHING MGB BRASIL LTDA,,,UNIVERSAL MUSIC PUBLISHING MGB BRASIL LTDA,,,,,,,83666,837
SBT,3. Solicitação Março 2024.xls,Relatório Solicitação,,,,,,WARNER CHAPPELL EDIÇÕES MUSICAIS LTDA,,,WARNER CHAPPELL EDIÇÕES MUSICAIS LTDA,,,,,,,83666,837
SBT,3. Solicitação Março 2024.xls,Relatório Solicitação,,,,,,DIVERSAS,,,DIVERSAS,,,,,,,54383,544
SBT,3. Solicitação Março 2024.xls,Relatório Solicitação,,,,,,SONY MUSIC PUBLISHING (BRASIL) EDIÇÕES MUSICAIS LTDA,,,SONY MUSIC PUBLISHING (BRASIL) EDIÇÕES MUSICAIS LTDA,,,,,,,27191,272
SBT,3. Solicitação Março 2024.xls,Relatório Solicitação,,,,,,DECK PRODUÇÕES ARTÍSTICAS LTDA,,,DECK PRODUÇÕES ARTÍSTICAS LTDA,,,,,,,58566,586
SBT,3. Solicitação Março 2024.xls,Relatório Solicitação,,,,,,MIRAMAR EDIÇÕES MUSICAIS LTDA,,,MIRAMAR EDIÇÕES MUSICAIS LTDA,,,,,,,167331,1673
SBT,3. Solicitação Março 2024.xls,Relatório Solicitação,,,,,,WARNER CHAPPELL EDIÇÕES MUSICAIS LTDA,,,WARNER CHAPPELL EDIÇÕES MUSICAIS LTDA,,,,,,,167331,1673
SBT,3. Solicitação Março 2024.xls,Relatório Solicitação,,,,,,LUANDA EDIÇÕES MUSICAS LTDA,,,LUANDA EDIÇÕES MUSICAS LTDA,,,,,,,167331,1673
SBT,3. Solicitação Março 2024.xls,Relatório Solicitação,,,,,,SONY MUSIC PUBLISHING (BRASIL) EDIÇÕES MUSICAIS LTDA,,,SONY MUSIC PUBLISHING (BRASIL) EDIÇÕES MUSICAIS LTDA,,,,,,,167331,1673
SBT,3. Solicitação Março 2024.xls,Relatório Solicitação,,,,,,TRÊS PONTAS EDIÇÕES MUSICAIS LTDA,,,TRÊS PONTAS EDIÇÕES MUSICAIS LTDA,,,,,,,83666,837
SBT,3. Solicitação Março 2024.xls,Relatório Solicitação,,,,,,WARNER CHAPPELL EDIÇÕES MUSICAIS LTDA,,,WARNER CHAPPELL EDIÇÕES MUSICAIS LTDA,,,,,,,83666,837
SBT,3. Solicitação Março 2024.xls,Relatório Solicitação,,,,,,WARNER CHAPPELL EDIÇÕES MUSICAIS LTDA,,,WARNER CHAPPELL EDIÇÕES MUSICAIS LTDA,,,,,,,167331,1673
SBT,3. Solicitação Março 2024.xls,Relatório Solicitação,,,,,,WARNER CHAPPELL EDIÇÕES MUSICAIS LTDA,,,WARNER CHAPPELL EDIÇÕES MUSICAIS LTDA,,,,,,,1115600,11156
SBT,3. Solicitação Março 2024.xls,Relatório Solicitação,,,,,,SONY MUSIC PUBLISHING (BRASIL) EDIÇÕES MUSICAIS LTDA,,,SONY MUSIC PUBLISHING (BRASIL) EDIÇÕES MUSICAIS LTDA,,,,,,,55771,558
SBT,3. Solicitação Março 2024.xls,Relatório Solicitação,,,,,,WARNER CHAPPELL EDIÇÕES MUSICAIS LTDA,,,WARNER CHAPPELL EDIÇÕES MUSICAIS LTDA,,,,,,,167331,1673
SBT,3. Solicitação Março 2024.xls,Relatório Solicitação,,,,,,DIVERSAS,,,DIVERSAS,,,,,,,83665,837
SBT,3. Solicitação Março 2024.xls,Relatório Solicitação,,,,,,WARNER CHAPPELL EDIÇÕES MUSICAIS LTDA,,,WARNER CHAPPELL EDIÇÕES MUSICAIS LTDA,,,,,,,83665,837
SBT,3. Solicitação Março 2024.xls,Relatório Solicitação,,,,,,DIVERSAS,,,DIVERSAS,,,,,,,83665,837
SBT,3. Solicitação Março 2024.xls,Relatório Solicitação,,,,,,ADDAF - ASS. DEF. DIREITOS AUTORAIS FONOMECÂNICOS,,,ADDAF - ASS. DEF. DIREITOS AUTORAIS FONOMECÂNICOS,,,,,,,41832,418
SBT,3. Solicitação Março 2024.xls,Relatório Solicitação,,,,,,UNIVERSAL MUSIC PUBLISHING MGB BRASIL LTDA,,,UNIVERSAL MUSIC PUBLISHING MGB BRASIL LTDA,,,,,,,41832,418
SBT,3. Solicitação Março 2024.xls,Relatório Solicitação,,,,,,HUMAITÁ EDIÇÕES MUSICAIS LTDA,,,HUMAITÁ EDIÇÕES MUSICAIS LTDA,,,,,,,83665,837
SBT,3. Solicitação Março 2024.xls,Relatório Solicitação,,,,,,WARNER CHAPPELL EDIÇÕES MUSICAIS LTDA,,,WARNER CHAPPELL EDIÇÕES MUSICAIS LTDA,,,,,,,83665,837
SBT,3. Solicitação Março 2024.xls,Relatório Solicitação,,,,,,UNIVERSAL MUSIC PUBLISHING MGB BRASIL LTDA,,,UNIVERSAL MUSIC PUBLISHING MGB BRASIL LTDA,,,,,,,27894,279
SBT,3. Solicitação Março 2024.xls,Relatório Solicitação,,,,,,SONY MUSIC PUBLISHING (BRASIL) EDIÇÕES MUSICAIS LTDA,,,SONY MUSIC PUBLISHING (BRASIL) EDIÇÕES MUSICAIS LTDA,,,,,,,27894,279
SBT,3. Solicitação Março 2024.xls,Relatório Solicitação,,,,,,WARNER CHAPPELL EDIÇÕES MUSICAIS LTDA,,,WARNER CHAPPELL EDIÇÕES MUSICAIS LTDA,,,,,,,27877,279
SBT,3. Solicitação Março 2024.xls,Relatório Solicitação,,,,,,WARNER CHAPPELL EDIÇÕES MUSICAIS LTDA,,,WARNER CHAPPELL EDIÇÕES MUSICAIS LTDA,,,,,,,83665,837
SBT,3. Solicitação Março 2024.xls,Relatório Solicitação,,,,,,WARNER CHAPPELL EDIÇÕES MUSICAIS LTDA,,,WARNER CHAPPELL EDIÇÕES MUSICAIS LTDA,,,,,,,83665,837
SBT,3. Solicitação Março 2024.xls,Relatório Solicitação,,,,,,SONY MUSIC PUBLISHING (BRASIL) EDIÇÕES MUSICAIS LTDA,,,SONY MUSIC PUBLISHING (BRASIL) EDIÇÕES MUSICAIS LTDA,,,,,,,41832,418
SBT,3. Solicitação Março 2024.xls,Relatório Solicitação,,,,,,DIVERSAS,,,DIVERSAS,,,,,,,41832,418
SBT,3. Solicitação Março 2024.xls,Relatório Solicitação,,,,,,WARNER CHAPPELL EDIÇÕES MUSICAIS LTDA,,,WARNER CHAPPELL EDIÇÕES MUSICAIS LTDA,,,,,,,83665,837
SBT,3. Solicitação Março 2024.xls,Relatório Solicitação,,,,,,WARNER CHAPPELL EDIÇÕES MUSICAIS LTDA,,,WARNER CHAPPELL EDIÇÕES MUSICAIS LTDA,,,,,,,41832,418
SBT,3. Solicitação Março 2024.xls,Relatório Solicitação,,,,,,SONY MUSIC PUBLISHING (BRASIL) EDIÇÕES MUSICAIS LTDA,,,SONY MUSIC PUBLISHING (BRASIL) EDIÇÕES MUSICAIS LTDA,,,,,,,41832,418
SBT,3. Solicitação Março 2024.xls,Relatório Solicitação,,,,,,WARNER CHAPPELL EDIÇÕES MUSICAIS LTDA,,,WARNER CHAPPELL EDIÇÕES MUSICAIS LTDA,,,,,,,83665,837
SBT,3. Solicitação Março 2024.xls,Relatório Solicitação,,,,,,WARNER CHAPPELL EDIÇÕES MUSICAIS LTDA,,,WARNER CHAPPELL EDIÇÕES MUSICAIS LTDA,,,,,,,167331,1673
SBT,3. Solicitação Março 2024.xls,Relatório Solicitação,,,,,,DIVERSAS,,,DIVERSAS,,,,,,,83665,837
SBT,3. Solicitação Março 2024.xls,Relatório Solicitação,,,,,,DIVERSAS,,,DIVERSAS,,,,,,,83665,837
SBT,3. Solicitação Março 2024.xls,Relatório Solicitação,,,,,,EDITORA ADORANDO LTDA.,,,EDITORA ADORANDO LTDA.,,,,,,,83665,837
SBT,3. Solicitação Março 2024.xls,Relatório Solicitação,,,,,,DIVERSAS,,,DIVERSAS,,,,,,,83665,837
SBT,3. Solicitação Março 2024.xls,Relatório Solicitação,,,,,,SM PUBLISHING (BRASIL) EDIÇÕES MUSICAIS LTDA,,,SM PUBLISHING (BRASIL) EDIÇÕES MUSICAIS LTDA,,,,,,,83665,837
SBT,3. Solicitação Março 2024.xls,Relatório Solicitação,,,,,,DIVERSAS,,,DIVERSAS,,,,,,,83665,837
SBT,3. Solicitação Março 2024.xls,Relatório Solicitação,,,,,,SONY MUSIC PUBLISHING (BRASIL) EDIÇÕES MUSICAIS LTDA,,,SONY MUSIC PUBLISHING (BRASIL) EDIÇÕES MUSICAIS LTDA,,,,,,,83665,837
SBT,3. Solicitação Março 2024.xls,Relatório Solicitação,,,,,,MK MUSIC EDIÇÕES MUSICAIS LTDA,,,MK MUSIC EDIÇÕES MUSICAIS LTDA,,,,,,,83665,837
SBT,3. Solicitação Março 2024.xls,Relatório Solicitação,,,,,,MK EDIÇÕES MUSICAIS,,,MK EDIÇÕES MUSICAIS,,,,,,,83665,837
SBT,3. Solicitação Março 2024.xls,Relatório Solicitação,,,,,,ATRAÇÃO PRODUÇÕES ILIMITADAS LTDA,,,ATRAÇÃO PRODUÇÕES ILIMITADAS LTDA,,,,,,,83665,837
SBT,3. Solicitação Março 2024.xls,Relatório Solicitação,,,,,,DIVERSAS,,,DIVERSAS,,,,,,,167331,1673
SBT,3. Solicitação Março 2024.xls,Relatório Solicitação,,,,,,DIVERSAS,,,DIVERSAS,,,,,,,167331,1673
SBT,3. Solicitação Março 2024.xls,Relatório Solicitação,,,,,,IESSI MUSIC LABEL LTDA,,,IESSI MUSIC LABEL LTDA,,,,,,,167331,1673
SBT,3. Solicitação Março 2024.xls,Relatório Solicitação,,,,,,SONY MUSIC PUBLISHING (BRASIL) EDIÇÕES MUSICAIS LTDA,,,SONY MUSIC PUBLISHING (BRASIL) EDIÇÕES MUSICAIS LTDA,,,,,,,83665,837
SBT,3. Solicitação Março 2024.xls,Relatório Solicitação,,,,,,SONY MUSIC PUBLISHING (BRASIL) EDIÇÕES MUSICAIS LTDA,,,SONY MUSIC PUBLISHING (BRASIL) EDIÇÕES MUSICAIS LTDA,,,,,,,83665,837
SBT,3. Solicitação Março 2024.xls,Relatório Solicitação,,,,,,SM PUBLISHING (BRASIL) EDIÇÕES MUSICAIS LTDA,,,SM PUBLISHING (BRASIL) EDIÇÕES MUSICAIS LTDA,,,,,,,83665,837
SBT,3. Solicitação Março 2024.xls,Relatório Solicitação,,,,,,SONY MUSIC PUBLISHING (BRASIL) EDIÇÕES MUSICAIS LTDA,,,SONY MUSIC PUBLISHING (BRASIL) EDIÇÕES MUSICAIS LTDA,,,,,,,83665,837
SBT,3. Solicitação Março 2024.xls,Relatório Solicitação,,,,,,EMI SONGS DO BRASIL EDIÇÕES MUSICAIS LTDA,,,EMI SONGS DO BRASIL EDIÇÕES MUSICAIS LTDA,,,,,,,83665,837
SBT,3. Solicitação Março 2024.xls,Relatório Solicitação,,,,,,DIVERSAS,,,DIVERSAS,,,,,,,83665,837
SBT,3. Solicitação Março 2024.xls,Relatório Solicitação,,,,,,SONY MUSIC PUBLISHING (BRASIL) EDIÇÕES MUSICAIS LTDA,,,SONY MUSIC PUBLISHING (BRASIL) EDIÇÕES MUSICAIS LTDA,,,,,,,83665,837
SBT,3. Solicitação Março 2024.xls,Relatório Solicitação,,,,,,PEERMUSIC DO BRASIL EDIÇÕES MUSICAIS LTDA,,,PEERMUSIC DO BRASIL EDIÇÕES MUSICAIS LTDA,,,,,,,83665,837
SBT,3. Solicitação Março 2024.xls,Relatório Solicitação,,,,,,WARNER CHAPPELL EDIÇÕES MUSICAIS LTDA,,,WARNER CHAPPELL EDIÇÕES MUSICAIS LTDA,,,,,,,39096,391
SBT,3. Solicitação Março 2024.xls,Relatório Solicitação,,,,,,DIVERSAS,,,DIVERSAS,,,,,,,39096,391
SBT,3. Solicitação Março 2024.xls,Relatório Solicitação,,,,,,DIVERSAS,,,DIVERSAS,,,,,,,39096,391
SBT,3. Solicitação Março 2024.xls,Relatório Solicitação,,,,,,WARNER CHAPPELL EDIÇÕES MUSICAIS LTDA,,,WARNER CHAPPELL EDIÇÕES MUSICAIS LTDA,,,,,,,39096,391
SBT,3. Solicitação Março 2024.xls,Relatório Solicitação,,,,,,UNIVERSAL MUSIC PUBLISHING MGB BRASIL LTDA,,,UNIVERSAL MUSIC PUBLISHING MGB BRASIL LTDA,,,,,,,9774,98
SBT,3. Solicitação Março 2024.xls,Relatório Solicitação,,,,,,WARNER CHAPPELL EDIÇÕES MUSICAIS LTDA,,,WARNER CHAPPELL EDIÇÕES MUSICAIS LTDA,,,,,,,29322,293
SBT,3. Solicitação Março 2024.xls,Relatório Solicitação,,,,,,ABRAMUS DIGITAL SERV. IDENT. REPERTÓRIO,,,ABRAMUS DIGITAL SERV. IDENT. REPERTÓRIO,,,,,,,6842,68
SBT,3. Solicitação Março 2024.xls,Relatório Solicitação,,,,,,PEERMUSIC DO BRASIL EDIÇÕES MUSICAIS LTDA,,,PEERMUSIC DO BRASIL EDIÇÕES MUSICAIS LTDA,,,,,,,3421,34
SBT,3. Solicitação Março 2024.xls,Relatório Solicitação,,,,,,WARNER CHAPPELL EDIÇÕES MUSICAIS LTDA,,,WARNER CHAPPELL EDIÇÕES MUSICAIS LTDA,,,,,,,1955,20
SBT,3. Solicitação Março 2024.xls,Relatório Solicitação,,,,,,SONY MUSIC PUBLISHING (BRASIL) EDIÇÕES MUSICAIS LTDA,,,SONY MUSIC PUBLISHING (BRASIL) EDIÇÕES MUSICAIS LTDA,,,,,,,26878,269
SBT,3. Solicitação Março 2024.xls,Relatório Solicitação,,,,,,UNIVERSAL MUSIC PUBLISHING MGB BRASIL LTDA,,,UNIVERSAL MUSIC PUBLISHING MGB BRASIL LTDA,,,,,,,39096,391
SBT,3. Solicitação Março 2024.xls,Relatório Solicitação,,,,,,UNIVERSAL MUSIC PUBLISHING MGB BRASIL LTDA,,,UNIVERSAL MUSIC PUBLISHING MGB BRASIL LTDA,,,,,,,39096,391
SBT,3. Solicitação Março 2024.xls,Relatório Solicitação,,,,,,UNIVERSAL MUSIC PUBLISHING MGB BRASIL LTDA,,,UNIVERSAL MUSIC PUBLISHING MGB BRASIL LTDA,,,,,,,39096,391
SBT,3. Solicitação Março 2024.xls,Relatório Solicitação,,,,,,UNIVERSAL MUSIC PUBLISHING MGB BRASIL LTDA,,,UNIVERSAL MUSIC PUBLISHING MGB BRASIL LTDA,,,,,,,39096,391
SBT,3. Solicitação Março 2024.xls,Relatório Solicitação,,,,,,DIVERSAS,,,DIVERSAS,,,,,,,39096,391
SBT,3. Solicitação Março 2024.xls,Relatório Solicitação,,,,,,DIVERSAS,,,DIVERSAS,,,,,,,83665,837
SBT,3. Solicitação Março 2024.xls,Relatório Solicitação,,,,,,IRMÃOS VITALE EDITORES LTDA,,,IRMÃOS VITALE EDITORES LTDA,,,,,,,83665,837
SBT,3. Solicitação Março 2024.xls,Relatório Solicitação,,,,,,FUSION MUSIC EDIÇÕES MUSICAIS LTDA,,,FUSION MUSIC EDIÇÕES MUSICAIS LTDA,,,,,,,167331,1673
SBT,3. Solicitação Março 2024.xls,Relatório Solicitação,,,,,,DIVERSAS,,,DIVERSAS,,,,,,,83665,837
SBT,3. Solicitação Março 2024.xls,Relatório Solicitação,,,,,,DIVERSAS,,,DIVERSAS,,,,,,,83665,837
SBT,3. Solicitação Março 2024.xls,Relatório Solicitação,,,,,,DIVERSAS,,,DIVERSAS,,,,,,,83665,837
SBT,3. Solicitação Março 2024.xls,Relatório Solicitação,,,,,,DIVERSAS,,,DIVERSAS,,,,,,,39096,391
SBT,3. Solicitação Março 2024.xls,Relatório Solicitação,,,,,,DIVERSAS,,,DIVERSAS,,,,,,,39096,391
SBT,3. Solicitação Março 2024.xls,Relatório Solicitação,,,,,,DIVERSAS,,,DIVERSAS,,,,,,,39096,391
SBT,3. Solicitação Março 2024.xls,Relatório Solicitação,,,,,,DIVERSAS,,,DIVERSAS,,,,,,,167331,1673
SBT,3. Solicitação Março 2024.xls,Relatório Solicitação,,,,,,DIVERSAS,,,DIVERSAS,,,,,,,83665,837
SBT,3. Solicitação Março 2024.xls,Relatório Solicitação,,,,,,EDITORA DAMASCENO MUSIC LTDA.,,,EDITORA DAMASCENO MUSIC LTDA.,,,,,,,41832,418
SBT,3. Solicitação Março 2024.xls,Relatório Solicitação,,,,,,SONY MUSIC PUBLISHING (BRASIL) EDIÇÕES MUSICAIS LTDA,,,SONY MUSIC PUBLISHING (BRASIL) EDIÇÕES MUSICAIS LTDA,,,,,,,41832,418
SBT,3. Solicitação Março 2024.xls,Relatório Solicitação,,,,,,ABRAMUS DIGITAL SERV. IDENT. REPERTÓRIO,,,ABRAMUS DIGITAL SERV. IDENT. REPERTÓRIO,,,,,,,27886,279
SBT,3. Solicitação Março 2024.xls,Relatório Solicitação,,,,,,SONY MUSIC PUBLISHING (BRASIL) EDIÇÕES MUSICAIS LTDA,,,SONY MUSIC PUBLISHING (BRASIL) EDIÇÕES MUSICAIS LTDA,,,,,,,55779,558
SBT,3. Solicitação Março 2024.xls,Relatório Solicitação,,,,,,SONY MUSIC PUBLISHING (BRASIL) EDIÇÕES MUSICAIS LTDA,,,SONY MUSIC PUBLISHING (BRASIL) EDIÇÕES MUSICAIS LTDA,,,,,,,167331,1673
SBT,3. Solicitação Março 2024.xls,Relatório Solicitação,,,,,,DIVERSAS,,,DIVERSAS,,,,,,,83665,837
SBT,3. Solicitação Março 2024.xls,Relatório Solicitação,,,,,,SONY MUSIC PUBLISHING (BRASIL) EDIÇÕES MUSICAIS LTDA,,,SONY MUSIC PUBLISHING (BRASIL) EDIÇÕES MUSICAIS LTDA,,,,,,,83665,837
SBT,3. Solicitação Março 2024.xls,Relatório Solicitação,,,,,,DIVERSAS,,,DIVERSAS,,,,,,,83665,837
SBT,3. Solicitação Março 2024.xls,Relatório Solicitação,,,,,,DIVERSAS,,,DIVERSAS,,,,,,,83665,837
SBT,3. Solicitação Março 2024.xls,Relatório Solicitação,,,,,,DIVERSAS,,,DIVERSAS,,,,,,,83665,837
SBT,3. Solicitação Março 2024.xls,Relatório Solicitação,,,,,,DIVERSAS,,,DIVERSAS,,,,,,,83665,837
SBT,3. Solicitação Março 2024.xls,Relatório Solicitação,,,,,,UNIVERSAL MUSIC PUBLISHING MGB BRASIL LTDA,,,UNIVERSAL MUSIC PUBLISHING MGB BRASIL LTDA,,,,,,,83665,837
SBT,3. Solicitação Março 2024.xls,Relatório Solicitação,,,,,,UNIVERSAL MUSIC PUBLISHING MGB BRASIL LTDA,,,UNIVERSAL MUSIC PUBLISHING MGB BRASIL LTDA,,,,,,,27894,279
SBT,3. Solicitação Março 2024.xls,Relatório Solicitação,,,,,,DIVERSAS,,,DIVERSAS,,,,,,,27886,279
SBT,3. Solicitação Março 2024.xls,Relatório Solicitação,,,,,,WARNER CHAPPELL EDIÇÕES MUSICAIS LTDA,,,WARNER CHAPPELL EDIÇÕES MUSICAIS LTDA,,,,,,,27886,279
SBT,3. Solicitação Março 2024.xls,Relatório Solicitação,,,,,,DIVERSAS,,,DIVERSAS,,,,,,,41832,418
SBT,3. Solicitação Março 2024.xls,Relatório Solicitação,,,,,,WARNER CHAPPELL EDIÇÕES MUSICAIS LTDA,,,WARNER CHAPPELL EDIÇÕES MUSICAIS LTDA,,,,,,,41832,418
SBT,3. Solicitação Março 2024.xls,Relatório Solicitação,,,,,,SONY MUSIC PUBLISHING (BRASIL) EDIÇÕES MUSICAIS LTDA,,,SONY MUSIC PUBLISHING (BRASIL) EDIÇÕES MUSICAIS LTDA,,,,,,,83665,837
SBT,3. Solicitação Março 2024.xls,Relatório Solicitação,,,,,,UNIVERSAL MUSIC PUBLISHING MGB BRASIL LTDA,,,UNIVERSAL MUSIC PUBLISHING MGB BRASIL LTDA,,,,,,,167331,1673
SBT,3. Solicitação Março 2024.xls,Relatório Solicitação,,,,,,DIVERSAS,,,DIVERSAS,,,,,,,83665,837
SBT,3. Solicitação Março 2024.xls,Relatório Solicitação,,,,,,WARNER CHAPPELL EDIÇÕES MUSICAIS LTDA,,,WARNER CHAPPELL EDIÇÕES MUSICAIS LTDA,,,,,,,167331,1673
SBT,3. Solicitação Março 2024.xls,Relatório Solicitação,,,,,,WARNER CHAPPELL EDIÇÕES MUSICAIS LTDA,,,WARNER CHAPPELL EDIÇÕES MUSICAIS LTDA,,,,,,,167331,1673
SBT,3. Solicitação Março 2024.xls,Relatório Solicitação,,,,,,SONY MUSIC PUBLISHING (BRASIL) EDIÇÕES MUSICAIS LTDA,,,SONY MUSIC PUBLISHING (BRASIL) EDIÇÕES MUSICAIS LTDA,,,,,,,167331,1673
SBT,3. Solicitação Março 2024.xls,Relatório Solicitação,,,,,,IRMÃOS VITALE EDITORES LTDA,,,IRMÃOS VITALE EDITORES LTDA,,,,,,,167331,1673
SBT,3. Solicitação Março 2024.xls,Relatório Solicitação,,,,,,IRMÃOS VITALE EDITORES LTDA,,,IRMÃOS VITALE EDITORES LTDA,,,,,,,167331,1673
SBT,3. Solicitação Março 2024.xls,Relatório Solicitação,,,,,,WARNER CHAPPELL EDIÇÕES MUSICAIS LTDA,,,WARNER CHAPPELL EDIÇÕES MUSICAIS LTDA,,,,,,,167331,1673
SBT,3. Solicitação Março 2024.xls,Relatório Solicitação,,,,,,UNIVERSAL MUSIC PUBLISHING MGB BRASIL LTDA,,,UNIVERSAL MUSIC PUBLISHING MGB BRASIL LTDA,,,,,,,167331,1673
SBT,3. Solicitação Março 2024.xls,Relatório Solicitação,,,,,,UNIVERSAL MUSIC PUBLISHING MGB BRASIL LTDA,,,UNIVERSAL MUSIC PUBLISHING MGB BRASIL LTDA,,,,,,,167331,1673
SBT,3. Solicitação Março 2024.xls,Relatório Solicitação,,,,,,UNIVERSAL MUSIC PUBLISHING MGB BRASIL LTDA,,,UNIVERSAL MUSIC PUBLISHING MGB BRASIL LTDA,,,,,,,167331,1673
SBT,3. Solicitação Março 2024.xls,Relatório Solicitação,,,,,,DIVERSAS,,,DIVERSAS,,,,,,,167331,1673
SBT,3. Solicitação Março 2024.xls,Relatório Solicitação,,,,,,SONY MUSIC PUBLISHING (BRASIL) EDIÇÕES MUSICAIS LTDA,,,SONY MUSIC PUBLISHING (BRASIL) EDIÇÕES MUSICAIS LTDA,,,,,,,167331,1673
SBT,3. Solicitação Março 2024.xls,Relatório Solicitação,,,,,,WARNER CHAPPELL EDIÇÕES MUSICAIS LTDA,,,WARNER CHAPPELL EDIÇÕES MUSICAIS LTDA,,,,,,,167331,1673
SBT,3. Solicitação Março 2024.xls,Relatório Solicitação,,,,,,WARNER CHAPPELL EDIÇÕES MUSICAIS LTDA,,,WARNER CHAPPELL EDIÇÕES MUSICAIS LTDA,,,,,,,167331,1673
SBT,3. Solicitação Março 2024.xls,Relatório Solicitação,,,,,,DIVERSAS,,,DIVERSAS,,,,,,,83666,837
SBT,3. Solicitação Março 2024.xls,Relatório Solicitação,,,,,,SONY MUSIC PUBLISHING (BRASIL) EDIÇÕES MUSICAIS LTDA,,,SONY MUSIC PUBLISHING (BRASIL) EDIÇÕES MUSICAIS LTDA,,,,,,,83666,837
SBT,3. Solicitação Março 2024.xls,Relatório Solicitação,,,,,,WARNER CHAPPELL EDIÇÕES MUSICAIS LTDA,,,WARNER CHAPPELL EDIÇÕES MUSICAIS LTDA,,,,,,,167331,1673
SBT,3. Solicitação Março 2024.xls,Relatório Solicitação,,,,,,DIVERSAS,,,DIVERSAS,,,,,,,83666,837
SBT,3. Solicitação Março 2024.xls,Relatório Solicitação,,,,,,SONY MUSIC PUBLISHING (BRASIL) EDIÇÕES MUSICAIS LTDA,,,SONY MUSIC PUBLISHING (BRASIL) EDIÇÕES MUSICAIS LTDA,,,,,,,83666,837
SBT,3. Solicitação Março 2024.xls,Relatório Solicitação,,,,,,UNIVERSAL MUSIC PUBLISHING MGB BRASIL LTDA,,,UNIVERSAL MUSIC PUBLISHING MGB BRASIL LTDA,,,,,,,83665,837
SBT,3. Solicitação Março 2024.xls,Relatório Solicitação,,,,,,UNIVERSAL MUSIC PUBLISHING MGB BRASIL LTDA,,,UNIVERSAL MUSIC PUBLISHING MGB BRASIL LTDA,,,,,,,83665,837
SBT,3. Solicitação Março 2024.xls,Relatório Solicitação,,,,,,SONY MUSIC PUBLISHING (BRASIL) EDIÇÕES MUSICAIS LTDA,,,SONY MUSIC PUBLISHING (BRASIL) EDIÇÕES MUSICAIS LTDA,,,,,,,41832,418
SBT,3. Solicitação Março 2024.xls,Relatório Solicitação,,,,,,WARNER CHAPPELL EDIÇÕES MUSICAIS LTDA,,,WARNER CHAPPELL EDIÇÕES MUSICAIS LTDA,,,,,,,41832,418
SBT,3. Solicitação Março 2024.xls,Relatório Solicitação,,,,,,DUBAS MÚSICA LTDA,,,DUBAS MÚSICA LTDA,,,,,,,83665,837
SBT,3. Solicitação Março 2024.xls,Relatório Solicitação,,,,,,PEERMUSIC DO BRASIL EDIÇÕES MUSICAIS LTDA,,,PEERMUSIC DO BRASIL EDIÇÕES MUSICAIS LTDA,,,,,,,83665,837
SBT,3. Solicitação Março 2024.xls,Relatório Solicitação,,,,,,HUMAITÁ EDIÇÕES MUSICAIS LTDA,,,HUMAITÁ EDIÇÕES MUSICAIS LTDA,,,,,,,41832,418
SBT,3. Solicitação Março 2024.xls,Relatório Solicitação,,,,,,WARNER CHAPPELL EDIÇÕES MUSICAIS LTDA,,,WARNER CHAPPELL EDIÇÕES MUSICAIS LTDA,,,,,,,41832,418
SBT,3. Solicitação Março 2024.xls,Relatório Solicitação,,,,,,SONY MUSIC PUBLISHING (BRASIL) EDIÇÕES MUSICAIS LTDA,,,SONY MUSIC PUBLISHING (BRASIL) EDIÇÕES MUSICAIS LTDA,,,,,,,83665,837
SBT,3. Solicitação Março 2024.xls,Relatório Solicitação,,,,,,MAC MAC PRODUÇÕES ARTÍSTICAS LTDA.,,,MAC MAC PRODUÇÕES ARTÍSTICAS LTDA.,,,,,,,83665,837
SBT,3. Solicitação Março 2024.xls,Relatório Solicitação,,,,,,UNIVERSAL MUSIC PUBLISHING MGB BRASIL LTDA,,,UNIVERSAL MUSIC PUBLISHING MGB BRASIL LTDA,,,,,,,27886,279
SBT,3. Solicitação Março 2024.xls,Relatório Solicitação,,,,,,PEERMUSIC DO BRASIL EDIÇÕES MUSICAIS LTDA,,,PEERMUSIC DO BRASIL EDIÇÕES MUSICAIS LTDA,,,,,,,55779,558
SBT,3. Solicitação Março 2024.xls,Relatório Solicitação,,,,,,SONY MUSIC PUBLISHING (BRASIL) EDIÇÕES MUSICAIS LTDA,,,SONY MUSIC PUBLISHING (BRASIL) EDIÇÕES MUSICAIS LTDA,,,,,,,83665,837
SBT,3. Solicitação Março 2024.xls,Relatório Solicitação,,,,,,NOSSAMÚSICA PRODUÇÕES E EDIÇÕES MUSICAIS LTDA,,,NOSSAMÚSICA PRODUÇÕES E EDIÇÕES MUSICAIS LTDA,,,,,,,41832,418
SBT,3. Solicitação Março 2024.xls,Relatório Solicitação,,,,,,WARNER CHAPPELL EDIÇÕES MUSICAIS LTDA,,,WARNER CHAPPELL EDIÇÕES MUSICAIS LTDA,,,,,,,41832,418
SBT,3. Solicitação Março 2024.xls,Relatório Solicitação,,,,,,DIVERSAS,,,DIVERSAS,,,,,,,83665,837
SBT,3. Solicitação Março 2024.xls,Relatório Solicitação,,,,,,SONY MUSIC PUBLISHING (BRASIL) EDIÇÕES MUSICAIS LTDA,,,SONY MUSIC PUBLISHING (BRASIL) EDIÇÕES MUSICAIS LTDA,,,,,,,83665,837
SBT,3. Solicitação Março 2024.xls,Relatório Solicitação,,,,,,SONY MUSIC PUBLISHING (BRASIL) EDIÇÕES MUSICAIS LTDA,,,SONY MUSIC PUBLISHING (BRASIL) EDIÇÕES MUSICAIS LTDA,,,,,,,167331,1673
SBT,3. Solicitação Março 2024.xls,Relatório Solicitação,,,,,,THIAGO ABDULAHAD NUNES RIOS ME,,,THIAGO ABDULAHAD NUNES RIOS ME,,,,,,,167331,1673
SBT,3. Solicitação Março 2024.xls,Relatório Solicitação,,,,,,DIVERSAS,,,DIVERSAS,,,,,,,167331,1673
SBT,3. Solicitação Março 2024.xls,Relatório Solicitação,,,,,,PEERMUSIC DO BRASIL EDIÇÕES MUSICAIS LTDA,,,PEERMUSIC DO BRASIL EDIÇÕES MUSICAIS LTDA,,,,,,,167331,1673
SBT,3. Solicitação Março 2024.xls,Relatório Solicitação,,,,,,UNIVERSAL MUSIC PUBLISHING MGB BRASIL LTDA,,,UNIVERSAL MUSIC PUBLISHING MGB BRASIL LTDA,,,,,,,1115600,11156
SBT,3. Solicitação Março 2024.xls,Relatório Solicitação,,,,,,WARNER CHAPPELL EDIÇÕES MUSICAIS LTDA,,,WARNER CHAPPELL EDIÇÕES MUSICAIS LTDA,,,,,,,55771,558
SBT,3. Solicitação Março 2024.xls,Relatório Solicitação,,,,,,EDITORA E IMPORTADORA MUSICAL FERMATA DO BRASIL LTDA,,,EDITORA E IMPORTADORA MUSICAL FERMATA DO BRASIL LTDA,,,,,,,83665,837
SBT,3. Solicitação Março 2024.xls,Relatório Solicitação,,,,,,BMG RIGHTS MANAGEMENT BRASIL LTDA,,,BMG RIGHTS MANAGEMENT BRASIL LTDA,,,,,,,20916,209
SBT,3. Solicitação Março 2024.xls,Relatório Solicitação,,,,,,EDITORA E IMPORTADORA MUSICAL FERMATA DO BRASIL LTDA,,,EDITORA E IMPORTADORA MUSICAL FERMATA DO BRASIL LTDA,,,,,,,31374,314
SBT,3. Solicitação Março 2024.xls,Relatório Solicitação,,,,,,SM PUBLISHING (BRASIL) EDIÇÕES MUSICAIS LTDA,,,SM PUBLISHING (BRASIL) EDIÇÕES MUSICAIS LTDA,,,,,,,31374,314
SBT,3. Solicitação Março 2024.xls,Relatório Solicitação,,,,,,Rede Pura,,,Rede Pura,,,,,,,167331,1673
SBT,3. Solicitação Março 2024.xls,Relatório Solicitação,,,,,,DIVERSAS,,,DIVERSAS,,,,,,,167331,1673
SBT,3. Solicitação Março 2024.xls,Relatório Solicitação,,,,,,DIVERSAS,,,DIVERSAS,,,,,,,167331,1673
SBT,3. Solicitação Março 2024.xls,Relatório Solicitação,,,,,,DIVERSAS,,,DIVERSAS,,,,,,,167331,1673
SBT,3. Solicitação Março 2024.xls,Relatório Solicitação,,,,,,Rede Pura,,,Rede Pura,,,,,,,167331,1673
SBT,3. Solicitação Março 2024.xls,Relatório Solicitação,,,,,,DIVERSAS,,,DIVERSAS,,,,,,,78192,782
SBT,3. Solicitação Março 2024.xls,Relatório Solicitação,,,,,,WARNER CHAPPELL EDIÇÕES MUSICAIS LTDA,,,WARNER CHAPPELL EDIÇÕES MUSICAIS LTDA,,,,,,,83665,837
SBT,3. Solicitação Março 2024.xls,Relatório Solicitação,,,,,,UNIVERSAL MUSIC PUBLISHING MGB BRASIL LTDA,,,UNIVERSAL MUSIC PUBLISHING MGB BRASIL LTDA,,,,,,,39096,391
SBT,3. Solicitação Março 2024.xls,Relatório Solicitação,,,,,,"MANGIONE, FILHOS E CIA LTDA",,,"MANGIONE, FILHOS E CIA LTDA",,,,,,,39096,391
SBT,3. Solicitação Março 2024.xls,Relatório Solicitação,,,,,,"MANGIONE, FILHOS E CIA LTDA",,,"MANGIONE, FILHOS E CIA LTDA",,,,,,,39096,391
SBT,3. Solicitação Março 2024.xls,Relatório Solicitação,,,,,,DIVERSAS,,,DIVERSAS,,,,,,,167331,1673
SBT,3. Solicitação Março 2024.xls,Relatório Solicitação,,,,,,DIVERSAS,,,DIVERSAS,,,,,,,167331,1673
SBT,3. Solicitação Março 2024.xls,Relatório Solicitação,,,,,,UNIVERSAL MUSIC PUBLISHING MGB BRASIL LTDA,,,UNIVERSAL MUSIC PUBLISHING MGB BRASIL LTDA,,,,,,,83666,837
SBT,3. Solicitação Março 2024.xls,Relatório Solicitação,,,,,,DIVERSAS,,,DIVERSAS,,,,,,,83666,837
SBT,3. Solicitação Março 2024.xls,Relatório Solicitação,,,,,,DIVERSAS,,,DIVERSAS,,,,,,,83665,837
SBT,3. Solicitação Março 2024.xls,Relatório Solicitação,,,,,,ABRAMUS DIGITAL SERV. IDENT. REPERTÓRIO,,,ABRAMUS DIGITAL SERV. IDENT. REPERTÓRIO,,,,,,,54382,544
SBT,3. Solicitação Março 2024.xls,Relatório Solicitação,,,,,,WARNER CHAPPELL EDIÇÕES MUSICAIS LTDA,,,WARNER CHAPPELL EDIÇÕES MUSICAIS LTDA,,,,,,,29283,293
SBT,3. Solicitação Março 2024.xls,Relatório Solicitação,,,,,,SONY MUSIC PUBLISHING (BRASIL) EDIÇÕES MUSICAIS LTDA,,,SONY MUSIC PUBLISHING (BRASIL) EDIÇÕES MUSICAIS LTDA,,,,,,,167331,1673
SBT,3. Solicitação Março 2024.xls,Relatório Solicitação,,,,,,DIVERSAS,,,DIVERSAS,,,,,,,167331,1673
SBT,3. Solicitação Março 2024.xls,Relatório Solicitação,,,,,,DIVERSAS,,,DIVERSAS,,,,,,,167331,1673
SBT,3. Solicitação Março 2024.xls,Relatório Solicitação,,,,,,DIVERSAS,,,DIVERSAS,,,,,,,167331,1673
SBT,3. Solicitação Março 2024.xls,Relatório Solicitação,,,,,,DIVERSAS,,,DIVERSAS,,,,,,,167331,1673
SBT,3. Solicitação Março 2024.xls,Relatório Solicitação,,,,,,DIVERSAS,,,DIVERSAS,,,,,,,167331,1673
SBT,3. Solicitação Março 2024.xls,Relatório Solicitação,,,,,,DIVERSAS,,,DIVERSAS,,,,,,,167331,1673
SBT,3. Solicitação Março 2024.xls,Relatório Solicitação,,,,,,DIVERSAS,,,DIVERSAS,,,,,,,83665,837
SBT,3. Solicitação Março 2024.xls,Relatório Solicitação,,,,,,DIVERSAS,,,DIVERSAS,,,,,,,83665,837
SBT,3. Solicitação Março 2024.xls,Relatório Solicitação,,,,,,BMG RIGHTS MANAGEMENT BRASIL LTDA,,,BMG RIGHTS MANAGEMENT BRASIL LTDA,,,,,,,8366,84
SBT,3. Solicitação Março 2024.xls,Relatório Solicitação,,,,,,DIVERSAS,,,DIVERSAS,,,,,,,50200,502
SBT,3. Solicitação Março 2024.xls,Relatório Solicitação,,,,,,ABRAMUS DIGITAL SERV. IDENT. REPERTÓRIO,,,ABRAMUS DIGITAL SERV. IDENT. REPERTÓRIO,,,,,,,200800,2008
SBT,3. Solicitação Março 2024.xls,Relatório Solicitação,,,,,,SONY MUSIC PUBLISHING (BRASIL) EDIÇÕES MUSICAIS LTDA,,,SONY MUSIC PUBLISHING (BRASIL) EDIÇÕES MUSICAIS LTDA,,,,,,,50199,502
SBT,3. Solicitação Março 2024.xls,Relatório Solicitação,,,,,,PEERMUSIC DO BRASIL EDIÇÕES MUSICAIS LTDA,,,PEERMUSIC DO BRASIL EDIÇÕES MUSICAIS LTDA,,,,,,,83665,837
SBT,3. Solicitação Março 2024.xls,Relatório Solicitação,,,,,,BMG RIGHTS MANAGEMENT BRASIL LTDA,,,BMG RIGHTS MANAGEMENT BRASIL LTDA,,,,,,,41832,418
SBT,3. Solicitação Março 2024.xls,Relatório Solicitação,,,,,,SONY MUSIC PUBLISHING (BRASIL) EDIÇÕES MUSICAIS LTDA,,,SONY MUSIC PUBLISHING (BRASIL) EDIÇÕES MUSICAIS LTDA,,,,,,,41832,418
SBT,3. Solicitação Março 2024.xls,Relatório Solicitação,,,,,,UNIVERSAL MUSIC PUBLISHING MGB BRASIL LTDA,,,UNIVERSAL MUSIC PUBLISHING MGB BRASIL LTDA,,,,,,,83665,837
SBT,3. Solicitação Março 2024.xls,Relatório Solicitação,,,,,,DIVERSAS,,,DIVERSAS,,,,,,,83665,837
SBT,3. Solicitação Março 2024.xls,Relatório Solicitação,,,,,,FUSION MUSIC EDIÇÕES MUSICAIS LTDA,,,FUSION MUSIC EDIÇÕES MUSICAIS LTDA,,,,,,,167331,1673
SBT,3. Solicitação Março 2024.xls,Relatório Solicitação,,,,,,DIVERSAS,,,DIVERSAS,,,,,,,83665,837
SBT,3. Solicitação Março 2024.xls,Relatório Solicitação,,,,,,DIVERSAS,,,DIVERSAS,,,,,,,83665,837
SBT,3. Solicitação Março 2024.xls,Relatório Solicitação,,,,,,PEERMUSIC DO BRASIL EDIÇÕES MUSICAIS LTDA,,,PEERMUSIC DO BRASIL EDIÇÕES MUSICAIS LTDA,,,,,,,75298,753
SBT,3. Solicitação Março 2024.xls,Relatório Solicitação,,,,,,SONY MUSIC PUBLISHING (BRASIL) EDIÇÕES MUSICAIS LTDA,,,SONY MUSIC PUBLISHING (BRASIL) EDIÇÕES MUSICAIS LTDA,,,,,,,8366,84
SBT,3. Solicitação Março 2024.xls,Relatório Solicitação,,,,,,PEERMUSIC DO BRASIL EDIÇÕES MUSICAIS LTDA,,,PEERMUSIC DO BRASIL EDIÇÕES MUSICAIS LTDA,,,,,,,83665,837
SBT,3. Solicitação Março 2024.xls,Relatório Solicitação,,,,,,PEERMUSIC DO BRASIL EDIÇÕES MUSICAIS LTDA,,,PEERMUSIC DO BRASIL EDIÇÕES MUSICAIS LTDA,,,,,,,83665,837
SBT,3. Solicitação Março 2024.xls,Relatório Solicitação,,,,,,UNIVERSAL MUSIC PUBLISHING MGB BRASIL LTDA,,,UNIVERSAL MUSIC PUBLISHING MGB BRASIL LTDA,,,,,,,83665,837
SBT,3. Solicitação Março 2024.xls,Relatório Solicitação,,,,,,PEERMUSIC DO BRASIL EDIÇÕES MUSICAIS LTDA,,,PEERMUSIC DO BRASIL EDIÇÕES MUSICAIS LTDA,,,,,,,83665,837
SBT,3. Solicitação Março 2024.xls,Relatório Solicitação,,,,,,SONY MUSIC PUBLISHING (BRASIL) EDIÇÕES MUSICAIS LTDA,,,SONY MUSIC PUBLISHING (BRASIL) EDIÇÕES MUSICAIS LTDA,,,,,,,83665,837
SBT,3. Solicitação Março 2024.xls,Relatório Solicitação,,,,,,BMG RIGHTS MANAGEMENT BRASIL LTDA,,,BMG RIGHTS MANAGEMENT BRASIL LTDA,,,,,,,10458,105
SBT,3. Solicitação Março 2024.xls,Relatório Solicitação,,,,,,ABRAMUS DIGITAL SERV. IDENT. REPERTÓRIO,,,ABRAMUS DIGITAL SERV. IDENT. REPERTÓRIO,,,,,,,10458,105
SBT,3. Solicitação Março 2024.xls,Relatório Solicitação,,,,,,WARNER CHAPPELL EDIÇÕES MUSICAIS LTDA,,,WARNER CHAPPELL EDIÇÕES MUSICAIS LTDA,,,,,,,62749,627
SBT,3. Solicitação Março 2024.xls,Relatório Solicitação,,,,,,DIVERSAS,,,DIVERSAS,,,,,,,20916,209
SBT,3. Solicitação Março 2024.xls,Relatório Solicitação,,,,,,WORK SHOW EDITORA E PRODUÇÕES MUSICAIS LTDA - ME,,,WORK SHOW EDITORA E PRODUÇÕES MUSICAIS LTDA - ME,,,,,,,62749,627
SBT,3. Solicitação Março 2024.xls,Relatório Solicitação,,,,,,TRÊS SONS EDITORA MUSICAL E GRAVADORA DIGITAL LTDA-ME,,,TRÊS SONS EDITORA MUSICAL E GRAVADORA DIGITAL LTDA-ME,,,,,,,16733,167
SBT,3. Solicitação Março 2024.xls,Relatório Solicitação,,,,,,BMG RIGHTS MANAGEMENT BRASIL LTDA,,,BMG RIGHTS MANAGEMENT BRASIL LTDA,,,,,,,66932,669
SBT,3. Solicitação Março 2024.xls,Relatório Solicitação,,,,,,SONY MUSIC PUBLISHING (BRASIL) EDIÇÕES MUSICAIS LTDA,,,SONY MUSIC PUBLISHING (BRASIL) EDIÇÕES MUSICAIS LTDA,,,,,,,83665,837
SBT,3. Solicitação Março 2024.xls,Relatório Solicitação,,,,,,DIVERSAS,,,DIVERSAS,,,,,,,41832,418
SBT,3. Solicitação Março 2024.xls,Relatório Solicitação,,,,,,WARNER CHAPPELL EDIÇÕES MUSICAIS LTDA,,,WARNER CHAPPELL EDIÇÕES MUSICAIS LTDA,,,,,,,41832,418
SBT,3. Solicitação Março 2024.xls,Relatório Solicitação,,,,,,BMG RIGHTS MANAGEMENT BRASIL LTDA,,,BMG RIGHTS MANAGEMENT BRASIL LTDA,,,,,,,18298,183
SBT,3. Solicitação Março 2024.xls,Relatório Solicitação,,,,,,UNIVERSAL MUSIC PUBLISHING MGB BRASIL LTDA,,,UNIVERSAL MUSIC PUBLISHING MGB BRASIL LTDA,,,,,,,10458,105
SBT,3. Solicitação Março 2024.xls,Relatório Solicitação,,,,,,ABRAMUS DIGITAL SERV. IDENT. REPERTÓRIO,,,ABRAMUS DIGITAL SERV. IDENT. REPERTÓRIO,,,,,,,54909,549
SBT,3. Solicitação Março 2024.xls,Relatório Solicitação,,,,,,ABRAMUS DIGITAL SERV. IDENT. REPERTÓRIO,,,ABRAMUS DIGITAL SERV. IDENT. REPERTÓRIO,,,,,,,83665,837
SBT,3. Solicitação Março 2024.xls,Relatório Solicitação,,,,,,DIVERSAS,,,DIVERSAS,,,,,,,83665,837
SBT,3. Solicitação Março 2024.xls,Relatório Solicitação,,,,,,UNIVERSAL MUSIC PUBLISHING MGB BRASIL LTDA,,,UNIVERSAL MUSIC PUBLISHING MGB BRASIL LTDA,,,,,,,39096,391
SBT,3. Solicitação Março 2024.xls,Relatório Solicitação,,,,,,"MANGIONE, FILHOS E CIA LTDA",,,"MANGIONE, FILHOS E CIA LTDA",,,,,,,39096,391
SBT,3. Solicitação Março 2024.xls,Relatório Solicitação,,,,,,"MANGIONE, FILHOS E CIA LTDA",,,"MANGIONE, FILHOS E CIA LTDA",,,,,,,39096,391
SBT,3. Solicitação Março 2024.xls,Relatório Solicitação,,,,,,WARNER CHAPPELL EDIÇÕES MUSICAIS LTDA,,,WARNER CHAPPELL EDIÇÕES MUSICAIS LTDA,,,,,,,83665,837
SBT,3. Solicitação Março 2024.xls,Relatório Solicitação,,,,,,DIVERSAS,,,DIVERSAS,,,,,,,83665,837
SBT,3. Solicitação Março 2024.xls,Relatório Solicitação,,,,,,ABRAMUS DIGITAL SERV. IDENT. REPERTÓRIO,,,ABRAMUS DIGITAL SERV. IDENT. REPERTÓRIO,,,,,,,18306,183
SBT,3. Solicitação Março 2024.xls,Relatório Solicitação,,,,,,DIVERSAS,,,DIVERSAS,,,,,,,44443,444
SBT,3. Solicitação Março 2024.xls,Relatório Solicitação,,,,,,PEERMUSIC DO BRASIL EDIÇÕES MUSICAIS LTDA,,,PEERMUSIC DO BRASIL EDIÇÕES MUSICAIS LTDA,,,,,,,20916,209
SBT,3. Solicitação Março 2024.xls,Relatório Solicitação,,,,,,DIVERSAS,,,DIVERSAS,,,,,,,83665,837
SBT,3. Solicitação Março 2024.xls,Relatório Solicitação,,,,,,BMG RIGHTS MANAGEMENT BRASIL LTDA,,,BMG RIGHTS MANAGEMENT BRASIL LTDA,,,,,,,13939,139
SBT,3. Solicitação Março 2024.xls,Relatório Solicitação,,,,,,DIVERSAS,,,DIVERSAS,,,,,,,6994,70
SBT,3. Solicitação Março 2024.xls,Relatório Solicitação,,,,,,IESSI MUSIC LABEL LTDA,,,IESSI MUSIC LABEL LTDA,,,,,,,27877,279
SBT,3. Solicitação Março 2024.xls,Relatório Solicitação,,,,,,WARNER CHAPPELL EDIÇÕES MUSICAIS LTDA,,,WARNER CHAPPELL EDIÇÕES MUSICAIS LTDA,,,,,,,20916,209
SBT,3. Solicitação Março 2024.xls,Relatório Solicitação,,,,,,SONY MUSIC PUBLISHING (BRASIL) EDIÇÕES MUSICAIS LTDA,,,SONY MUSIC PUBLISHING (BRASIL) EDIÇÕES MUSICAIS LTDA,,,,,,,13939,139
SBT,3. Solicitação Março 2024.xls,Relatório Solicitação,,,,,,DIVERSAS,,,DIVERSAS,,,,,,,83665,837
SBT,3. Solicitação Março 2024.xls,Relatório Solicitação,,,,,,SONY MUSIC PUBLISHING (BRASIL) EDIÇÕES MUSICAIS LTDA,,,SONY MUSIC PUBLISHING (BRASIL) EDIÇÕES MUSICAIS LTDA,,,,,,,83665,837
SBT,3. Solicitação Março 2024.xls,Relatório Solicitação,,,,,,DIVERSAS,,,DIVERSAS,,,,,,,41832,418
SBT,3. Solicitação Março 2024.xls,Relatório Solicitação,,,,,,UNIVERSAL MUSIC PUBLISHING MGB BRASIL LTDA,,,UNIVERSAL MUSIC PUBLISHING MGB BRASIL LTDA,,,,,,,41832,418
SBT,3. Solicitação Março 2024.xls,Relatório Solicitação,,,,,,DIVERSAS,,,DIVERSAS,,,,,,,83665,837
SBT,3. Solicitação Março 2024.xls,Relatório Solicitação,,,,,,DIVERSAS,,,DIVERSAS,,,,,,,83665,837
SBT,3. Solicitação Março 2024.xls,Relatório Solicitação,,,,,,DIVERSAS,,,DIVERSAS,,,,,,,83665,837
SBT,3. Solicitação Março 2024.xls,Relatório Solicitação,,,,,,ABRAMUS DIGITAL SERV. IDENT. REPERTÓRIO,,,ABRAMUS DIGITAL SERV. IDENT. REPERTÓRIO,,,,,,,83665,837
SBT,3. Solicitação Março 2024.xls,Relatório Solicitação,,,,,,DIVERSAS,,,DIVERSAS,,,,,,,83665,837
SBT,3. Solicitação Março 2024.xls,Relatório Solicitação,,,,,,PEERMUSIC DO BRASIL EDIÇÕES MUSICAIS LTDA,,,PEERMUSIC DO BRASIL EDIÇÕES MUSICAIS LTDA,,,,,,,83665,837
SBT,3. Solicitação Março 2024.xls,Relatório Solicitação,,,,,,PEERMUSIC DO BRASIL EDIÇÕES MUSICAIS LTDA,,,PEERMUSIC DO BRASIL EDIÇÕES MUSICAIS LTDA,,,,,,,83665,837
SBT,3. Solicitação Março 2024.xls,Relatório Solicitação,,,,,,SONY MUSIC PUBLISHING (BRASIL) EDIÇÕES MUSICAIS LTDA,,,SONY MUSIC PUBLISHING (BRASIL) EDIÇÕES MUSICAIS LTDA,,,,,,,27886,279
SBT,3. Solicitação Março 2024.xls,Relatório Solicitação,,,,,,DIVERSAS,,,DIVERSAS,,,,,,,55779,558
SBT,3. Solicitação Março 2024.xls,Relatório Solicitação,,,,,,DIVERSAS,,,DIVERSAS,,,,,,,27894,279
SBT,3. Solicitação Março 2024.xls,Relatório Solicitação,,,,,,THIAGO ABDULAHAD NUNES RIOS ME,,,THIAGO ABDULAHAD NUNES RIOS ME,,,,,,,55771,558
SBT,3. Solicitação Março 2024.xls,Relatório Solicitação,,,,,,DIVERSAS,,,DIVERSAS,,,,,,,83665,837
SBT,3. Solicitação Março 2024.xls,Relatório Solicitação,,,,,,DIVERSAS,,,DIVERSAS,,,,,,,83665,837
SBT,3. Solicitação Março 2024.xls,Relatório Solicitação,,,,,,DIVERSAS,,,DIVERSAS,,,,,,,83665,837
SBT,3. Solicitação Março 2024.xls,Relatório Solicitação,,,,,,DIVERSAS,,,DIVERSAS,,,,,,,41832,418
SBT,3. Solicitação Março 2024.xls,Relatório Solicitação,,,,,,BMG RIGHTS MANAGEMENT BRASIL LTDA,,,BMG RIGHTS MANAGEMENT BRASIL LTDA,,,,,,,41832,418
SBT,3. Solicitação Março 2024.xls,Relatório Solicitação,,,,,,WARNER CHAPPELL EDIÇÕES MUSICAIS LTDA,,,WARNER CHAPPELL EDIÇÕES MUSICAIS LTDA,,,,,,,83665,837
SBT,3. Solicitação Março 2024.xls,Relatório Solicitação,,,,,,DIVERSAS,,,DIVERSAS,,,,,,,78192,782
SBT,3. Solicitação Março 2024.xls,Relatório Solicitação,,,,,,DIVERSAS,,,DIVERSAS,,,,,,,78192,782
SBT,3. Solicitação Março 2024.xls,Relatório Solicitação,,,,,,DIVERSAS,,,DIVERSAS,,,,,,,39096,391
