provider,file,sheet,programa,data_exibicao,numero_programa,exibicao_tipo,categoria_programa,titulo_musica,autor,interprete,tipo_sincronizacao,percentual_editora,valor_editora_brl,editora,gravadora,iswc,isrc,amount_cents,amount_int
Band,band UNIFICADO out dez 2023 jan fev 2024.xls,Relatorio_UBEM,PROGRAMA DO JOÂO,2023-10-21,,,,E TARDE DEMAIS,ELIAS MUNIZ / LUIZ CARLOS,SERIAL FUNKERS,747.38,,799.6966,,,,,799696600,7996966
Band,band UNIFICADO out dez 2023 jan fev 2024.xls,Relatorio_UBEM,PROGRAMA DO JOÂO,2023-10-21,,,,STAYIN ALIVE, BARRY GIBB / MAURICE GIBB / ROBIN GIBB,SERIAL FUNKERS,747.38,,799.6966,,,,,799696600,7996966
Band,band UNIFICADO out dez 2023 jan fev 2024.xls,Relatorio_UBEM,PROGRAMA DO JOÂO,2023-10-21,,,,GONNA MAKE YOU SWEAT,FREDERICK B WILLIAMS / ROBERT CLIVILLES,SERIAL FUNKERS,747.38,,799.6966,,,,,799696600,7996966
Band,band UNIFICADO out dez 2023 jan fev 2024.xls,Relatorio_UBEM,PROGRAMA DO JOÂO,2023-10-21,,,,WHO LET THE DOGS OUT,MICHAEL MANGINI / S GREENBERG,BAHA MEN,1494.76,,1599.3932,,,,,1599393200,15993932
Band,band UNIFICADO out dez 2023 jan fev 2024.xls,Relatorio_UBEM,PROGRAMA DO JOÂO,2023-10-21,,,,CHAMELEON,BERNIE TAUPIN / ELTON JOHN / B MAUPIN / H MASON / HERBIE HANCOCK / P JACKSON,SERIAL FUNKERS,747.38,,799.6966,,,,,799696600,7996966
Band,band UNIFICADO out dez 2023 jan fev 2024.xls,Relatorio_UBEM,PROGRAMA DO JOÂO,2023-10-21,,,,LOVE ME LIKE YOU DO,MAX MARTIN / SAVAN KOTECHA / ILYA SALMANZADEH / ALI PAYAMI / TOVE LO,ELLIE GOULDING,1046.33,,1119.57,,,,,111957,1120
Band,band UNIFICADO out dez 2023 jan fev 2024.xls,Relatorio_UBEM,PROGRAMA DO JOÂO,2023-10-21,,,,HINO DO CRUZEIRO,JADIR AMBROSIO,SERIAL FUNKERS,747.38,,799.6966,,,,,799696600,7996966
Band,band UNIFICADO out dez 2023 jan fev 2024.xls,Relatorio_UBEM,PROGRAMA DO JOÂO,2023-10-21,,,,BALLENA,PH / VEIGH / VULGO FK,RONALD DJ / MALIFOO,747.38,,799.6966,,,,,799696600,7996966
Band,band UNIFICADO out dez 2023 jan fev 2024.xls,Relatorio_UBEM,PROGRAMA DO JOÂO,2023-10-21,,,,ESPELHO,MC DAVI,RONALD DJ / MC DAVI,747.38,,799.6966,,,,,799696600,7996966
Band,band UNIFICADO out dez 2023 jan fev 2024.xls,Relatorio_UBEM,PROGRAMA DO JOÂO,2023-10-21,,,,BIPOLAR,MC DAVI / MC DON JUAN / MC PEDRINHO / DJ 900,RONALD DJ / MC DAVI,747.38,,799.6966,,,,,799696600,7996966
Band,band UNIFICADO out dez 2023 jan fev 2024.xls,Relatorio_UBEM,PROGRAMA DO JOÂO,2023-10-21,,,,RITA,TIERRY,TIERRY,1046.33,,1119.57,,,,,111957,1120
Band,band UNIFICADO out dez 2023 jan fev 2024.xls,Relatorio_UBEM,PROGRAMA DO JOÂO,2023-10-21,,,,ATRASADINHA,DIEGO BARAO / WYNNIE SANTOS NOGUEIRA / LEO BRANDAO,FELIPE ARAUJO,1046.33,,1119.57,,,,,111957,1120
Band,band UNIFICADO out dez 2023 jan fev 2024.xls,Relatorio_UBEM,PROGRAMA DO JOÂO,2023-10-21,,,,JOHNNY BE GOODE,CHUCK BERRY,SERIAL FUNKERS,3736.89,,3998.4723,,,,,3998472300,39984723
Band,band UNIFICADO out dez 2023 jan fev 2024.xls,Relatorio_UBEM,PROGRAMA DO JOÂO,2023-10-21,,,,HAPPY 1,CARLA MARIE / PHARRELL WILLIAMS,SERIAL FUNKERS,3736.89,,3998.4723,,,,,3998472300,39984723
Band,band UNIFICADO out dez 2023 jan fev 2024.xls,Relatorio_UBEM,PROGRAMA DO JOÂO,2023-10-21,,,,EU SEI DE COR,DANILLO DAVILLA/ ELCIO DI CARVALHO/ LARI FERREIRA/ JUNIOR PEPATO,TIERRY / FELIPE ARAUJO,747.38,,799.6966,,,,,799696600,7996966
Band,band UNIFICADO out dez 2023 jan fev 2024.xls,Relatorio_UBEM,PROGRAMA DO JOÂO,2023-10-21,,,,HACKEARAM ME,TIERRY,TIERRY,747.38,,799.6966,,,,,799696600,7996966
Band,band UNIFICADO out dez 2023 jan fev 2024.xls,Relatorio_UBEM,PROGRAMA DO JOÂO,2023-10-21,,,,RITA,TIERRY,TIERRY,747.38,,799.6966,,,,,799696600,7996966
Band,band UNIFICADO out dez 2023 jan fev 2024.xls,Relatorio_UBEM,PROGRAMA DO JOÂO,2023-10-21,,,,ESPACOSA DEMAIS,BRUNO MANDIOCA / ELVIS ELAN / HENRIQUE CASTRO,FELIPE ARAUJO,747.38,,799.6966,,,,,799696600,7996966
Band,band UNIFICADO out dez 2023 jan fev 2024.xls,Relatorio_UBEM,PROGRAMA DO JOÂO,2023-10-21,,,,CE NAO MERECE EU,DANIEL CANDIDO / EDU VALIM / KLEBIN / MURILO VENTURA / VICTOR REIS,FELIPE ARAUJO,747.38,,799.6966,,,,,799696600,7996966
Band,band UNIFICADO out dez 2023 jan fev 2024.xls,Relatorio_UBEM,PROGRAMA DO JOÂO,2023-10-21,,,,MEU AMOR ME BLOQUEOU,TIERRY,TIERRY,747.38,,799.6966,,,,,799696600,7996966
Band,band UNIFICADO out dez 2023 jan fev 2024.xls,Relatorio_UBEM,PROGRAMA DO JOÂO,2023-10-21,,,,EVIDENCIAS,PAULO SERGIO KOSTENBADER VALLE / JOSE AUGUSTO COUGIL,TIERRY / FELIPE ARAUJO,747.38,,799.6966,,,,,799696600,7996966
Band,band UNIFICADO out dez 2023 jan fev 2024.xls,Relatorio_UBEM,PROGRAMA DO JOÂO,2023-10-28,,,,GALINHA PINTADINHA,GALINHA PINTADINHA,CALOUROS,747.38,,799.6966,,,,,799696600,7996966
Band,band UNIFICADO out dez 2023 jan fev 2024.xls,Relatorio_UBEM,PROGRAMA DO JOÂO,2023-10-28,,,,ESQUEMA PREFERIDO,ADRIANO RENER VIEIRA DE OLIVEIRA / ANTONIO VALTER DAMIAO DA SILVA / FRANCISCO ANDERSON COELHO GARCIA / IVERSON DE SOUZA ARAUJO,OS BAROES DA PISADINHA,1494.76,,1599.3932,,,,,1599393200,15993932
Band,band UNIFICADO out dez 2023 jan fev 2024.xls,Relatorio_UBEM,PROGRAMA DO JOÂO,2023-10-28,,,,ESQUEMA PREFERIDO,ADRIANO RENER VIEIRA DE OLIVEIRA / ANTONIO VALTER DAMIAO DA SILVA / FRANCISCO ANDERSON COELHO GARCIA / IVERSON DE SOUZA ARAUJO,CALOUROS,747.38,,799.6966,,,,,799696600,7996966
Band,band UNIFICADO out dez 2023 jan fev 2024.xls,Relatorio_UBEM,PROGRAMA DO JOÂO,2023-10-28,,,,GALINHA PINTADINHA,GALINHA PINTADINHA,CALOUROS,747.38,,799.6966,,,,,799696600,7996966
Band,band UNIFICADO out dez 2023 jan fev 2024.xls,Relatorio_UBEM,PROGRAMA DO JOÂO,2023-10-28,,,,TIC TIC TAC,BRAULINO LIMA,CALOUROS,747.38,,799.6966,,,,,799696600,7996966
Band,band UNIFICADO out dez 2023 jan fev 2024.xls,Relatorio_UBEM,PROGRAMA DO JOÂO,2023-10-28,,,,VERMELHO ,CHICO DA SILVA,CALOUROS,747.38,,799.6966,,,,,799696600,7996966
Band,band UNIFICADO out dez 2023 jan fev 2024.xls,Relatorio_UBEM,PROGRAMA DO JOÂO,2023-10-28,,,,E O AMOR,ZEZE DI CAMARGO,CALOUROS,747.38,,799.6966,,,,,799696600,7996966
Band,band UNIFICADO out dez 2023 jan fev 2024.xls,Relatorio_UBEM,PROGRAMA DO JOÂO,2023-10-28,,,,AI VEM CHAVES,MARIO LUCIO DE FREITAS,CHAVES,1494.76,,1599.3932,,,,,1599393200,15993932
Band,band UNIFICADO out dez 2023 jan fev 2024.xls,Relatorio_UBEM,PROGRAMA DO JOÂO,2023-10-28,,,,ESSA TAL LIBERDADE,CHICO ROQUE / PAULO SERGIO VALLE,SERIAL FUNKERS,747.38,,799.6966,,,,,799696600,7996966
Band,band UNIFICADO out dez 2023 jan fev 2024.xls,Relatorio_UBEM,PROGRAMA DO JOÂO,2023-10-28,,,,O AMOR NAO DEIXA,CESAR LEMOS / FRANNE GOLDE / JASON DEERE / KASEY LIVINGSTON,WANESSA CAMARGO,747.38,,799.6966,,,,,799696600,7996966
Band,band UNIFICADO out dez 2023 jan fev 2024.xls,Relatorio_UBEM,PROGRAMA DO JOÂO,2023-10-28,,,,LUA CHEIA,AMANDA CORONHA / BIBI / MAYRA / WANESSA CAMARGO,WANESSA CAMARGO,747.38,,799.6966,,,,,799696600,7996966
Band,band UNIFICADO out dez 2023 jan fev 2024.xls,Relatorio_UBEM,PROGRAMA DO JOÂO,2023-10-28,,,,NAO RESISTO A NOS DOIS,CARLOS COLLA / MARCELAO /SERGIO KNUST / ZEH ENRIQUE,WANESSA CAMARGO,747.38,,799.6966,,,,,799696600,7996966
Band,band UNIFICADO out dez 2023 jan fev 2024.xls,Relatorio_UBEM,PROGRAMA DO JOÂO,2023-10-28,,,,AMAR AMEI,MC DON JUAN,MC DON JUAN,747.38,,799.6966,,,,,799696600,7996966
Band,band UNIFICADO out dez 2023 jan fev 2024.xls,Relatorio_UBEM,PROGRAMA DO JOÂO,2023-10-28,,,,CORACAO AMOLECEU,MC DON JUAN,MC DON JUAN,747.38,,799.6966,,,,,799696600,7996966
Band,band UNIFICADO out dez 2023 jan fev 2024.xls,Relatorio_UBEM,PROGRAMA DO JOÂO,2023-10-28,,,,BILLIE JEAN,MICHAEL JACKSON                    ,SERIAL FUNKERS,747.38,,799.6966,,,,,799696600,7996966
Band,band UNIFICADO out dez 2023 jan fev 2024.xls,Relatorio_UBEM,PROGRAMA DO JOÂO,2023-10-28,,,,DANCE QUEEN,BENNY ANDERSON / BJORN ULVAEUS / STIG ANDERSON,SERIAL FUNKERS,747.38,,799.6966,,,,,799696600,7996966
Band,band UNIFICADO out dez 2023 jan fev 2024.xls,Relatorio_UBEM,IGREJA UNIDA DEUS PROVERÁ,2023-10-30,,,,OS SONHOS DE DEUS,LUDMILA FERBER,MARCOS FELIPE,747.38,,747.38,,,,,74738,747
Band,band UNIFICADO out dez 2023 jan fev 2024.xls,Relatorio_UBEM,IGREJA UNIDA DEUS PROVERÁ,2023-10-30,,,,QUAO GRANDE E MEU DEUS,SORAYA MORAES,MARCOS FELIPE,747.38,,747.38,,,,,74738,747
Band,band UNIFICADO out dez 2023 jan fev 2024.xls,Relatorio_UBEM,IGREJA UNIDA DEUS PROVERÁ,2023-10-30,,,,DEPENDO DE TI,ALEX FILHO,MARCOS FELIPE,747.38,,747.38,,,,,74738,747
Band,band UNIFICADO out dez 2023 jan fev 2024.xls,Relatorio_UBEM,IGREJA UNIDA DEUS PROVERÁ,2023-10-31,,,,SOU UM MILAGRE,VOZ DA VERDADE,MARCOS FELIPE,747.38,,747.38,,,,,74738,747
Band,band UNIFICADO out dez 2023 jan fev 2024.xls,Relatorio_UBEM,IGREJA UNIDA DEUS PROVERÁ,2023-10-31,,,,ALEM DA MEDICINA,MARA LIMA,MARCOS FELIPE,747.38,,747.38,,,,,74738,747
Band,band UNIFICADO out dez 2023 jan fev 2024.xls,Relatorio_UBEM,IGREJA UNIDA DEUS PROVERÁ,2023-10-31,,,,AGUAS PURIFICADORAS,ANA PAULA VALADAO / ANDRE VALADAO / DIANTE DO TRONO,MARCOS FELIPE,747.38,,747.38,,,,,74738,747
Band,band UNIFICADO out dez 2023 jan fev 2024.xls,Relatorio_UBEM,BAND ESPORTE CLUBE,2024-01-06,,,,OMBRIM,MARINA DE OLVIEIRA SENA / LARA DANTAS DE PINHO,MARINA SENA / RONA NEON / BAKA,0.0,,1255.6,,,,,1255600,12556
Band,band UNIFICADO out dez 2023 jan fev 2024.xls,Relatorio_UBEM,BAND ESPORTE CLUBE,2024-01-06,,,,MENINO DO RIO,BABY DO BRASIL / DIDI GOMES / PEPEU GOMES,BABY CONSUELO / PEPEU GOMES,0.0,,62.7795,,,,,62779500,627795
Band,band UNIFICADO out dez 2023 jan fev 2024.xls,Relatorio_UBEM,BAND ESPORTE CLUBE,2024-01-06,,,,UMA NOITE E MEIA                                  ,MARINA LIMA/ANTONIO CICERO,MARINA LIMA,0.0,,62.7795,,,,,62779500,627795
Band,band UNIFICADO out dez 2023 jan fev 2024.xls,Relatorio_UBEM,BAND ESPORTE CLUBE,2024-01-06,,,,VOO LIVRE,LUIZ GUEDES / THOMAS ROTH,ROUPA NOVA,0.0,,62.7795,,,,,62779500,627795
Band,band UNIFICADO out dez 2023 jan fev 2024.xls,Relatorio_UBEM,BAND ESPORTE CLUBE,2024-01-06,,,,GLAMOUR TROPICAL,ALEXANDRE CARLO,NATIRUTS,0.0,,62.7795,,,,,62779500,627795
Band,band UNIFICADO out dez 2023 jan fev 2024.xls,Relatorio_UBEM,BAND ESPORTE CLUBE,2024-01-06,,,,DIA PERFEITO,FERNANDO VORRATH / MARCO TOBAL / ZEIDER / ERICO PIZZO,NATIRUTS / PLANTA / RAIZ,0.0,,62.7795,,,,,62779500,627795
Band,band UNIFICADO out dez 2023 jan fev 2024.xls,Relatorio_UBEM,BAND ESPORTE CLUBE,2024-01-13,,,,RIO DE JANEIRO,ELZA SOARES,ELZA SOARES,0.0,,62.7795,,,,,62779500,627795
Band,band UNIFICADO out dez 2023 jan fev 2024.xls,Relatorio_UBEM,BAND ESPORTE CLUBE,2024-01-13,,,,SHOW DAS PODEROSAS, LARISSA DE MACEDO MACHADO,ANITTA,0.0,,62.7795,,,,,62779500,627795
Band,band UNIFICADO out dez 2023 jan fev 2024.xls,Relatorio_UBEM,BAND ESPORTE CLUBE,2024-01-13,,,,MENINO DO RIO,BABY DO BRASIL / DIDI GOMES / PEPEU GOMES,BABY CONSUELO / PEPEU GOMES,0.0,,62.7795,,,,,62779500,627795
Band,band UNIFICADO out dez 2023 jan fev 2024.xls,Relatorio_UBEM,BAND ESPORTE CLUBE,2024-01-13,,,,ESTRELAR,MARCOS VALLE / PAULO SÉRGIO VALLE / LEON WARE,MARCOS VALLE,0.0,,62.7795,,,,,62779500,627795
Band,band UNIFICADO out dez 2023 jan fev 2024.xls,Relatorio_UBEM,BAND ESPORTE CLUBE,2024-01-13,,,,VAMOS FUGIR,GILBERTO GIL/LIMINHA,THE WAILERS BAND,0.0,,62.7795,,,,,62779500,627795
Band,band UNIFICADO out dez 2023 jan fev 2024.xls,Relatorio_UBEM,BAND ESPORTE CLUBE,2024-01-13,,,,UMBABARAUMA,JORGE BEN JOR,JORGE BEN JOR,0.0,,62.7795,,,,,62779500,627795
Band,band UNIFICADO out dez 2023 jan fev 2024.xls,Relatorio_UBEM,BAND ESPORTE CLUBE,2024-01-13,,,,DESABAFO,MARCELO D2,MARCELO D2,0.0,,62.7795,,,,,62779500,627795
Band,band UNIFICADO out dez 2023 jan fev 2024.xls,Relatorio_UBEM,BAND ESPORTE CLUBE,2024-01-13,,,,RIO 40 GRAUS,FERNANDA ABREU/ FAUSTO FAWCETT / CARLOS LAUFER,FERNANDA ABREU,0.0,,62.7795,,,,,62779500,627795
Band,band UNIFICADO out dez 2023 jan fev 2024.xls,Relatorio_UBEM,BAND ESPORTE CLUBE,2024-01-13,,,,A PRAIEIRA,CHICO SCIENCE,CHICO SCIENCE,0.0,,62.7795,,,,,62779500,627795
Band,band UNIFICADO out dez 2023 jan fev 2024.xls,Relatorio_UBEM,BAND ESPORTE CLUBE,2024-01-13,,,,SHOW DAS PODEROSAS, LARISSA DE MACEDO MACHADO,ANITTA,0.0,,62.7795,,,,,62779500,627795
Band,band UNIFICADO out dez 2023 jan fev 2024.xls,Relatorio_UBEM,BAND ESPORTE CLUBE,2024-01-13,,,,MENINA SOLTA,GUILIA BE,GUILIA BE,0.0,,62.7795,,,,,62779500,627795
Band,band UNIFICADO out dez 2023 jan fev 2024.xls,Relatorio_UBEM,BAND ESPORTE CLUBE,2024-01-13,,,,DEIXA CHOVER                                      ,GUILHERME ARANTES,GUILHERME ARANTES,0.0,,62.7795,,,,,62779500,627795
Band,band UNIFICADO out dez 2023 jan fev 2024.xls,Relatorio_UBEM,BAND ESPORTE CLUBE,2024-01-13,,,,FINAL DE SEMANA,BLACK ALIEN/PAPATINHO/SEU JORGE,SEU JORGE / PAPATINHO E BLACK ALIEN,0.0,,62.7795,,,,,62779500,627795
Band,band UNIFICADO out dez 2023 jan fev 2024.xls,Relatorio_UBEM,BAND ESPORTE CLUBE,2024-01-13,,,,FELICIDADE,SEU JORGE/ PRETINHO DA SERRINHA/ GABRIEL MOURA/ LEANDRO FAB,SEU JORGE / ALEXANDRE PIRES,0.0,,62.7795,,,,,62779500,627795
Band,band UNIFICADO out dez 2023 jan fev 2024.xls,Relatorio_UBEM,BAND ESPORTE CLUBE,2024-01-13,,,,O MEU LUGAR,ARLINDO CRUZ / MAURO DINIZ,ARLINDO CRUZ,0.0,,62.7795,,,,,62779500,627795
Band,band UNIFICADO out dez 2023 jan fev 2024.xls,Relatorio_UBEM,BAND ESPORTE CLUBE,2024-01-13,,,,GLAMOUR TROPICAL,ALEXANDRE CARLO,NATIRUTS,0.0,,62.7795,,,,,62779500,627795
Band,band UNIFICADO out dez 2023 jan fev 2024.xls,Relatorio_UBEM,BAND ESPORTE CLUBE,2024-01-13,,,,SO DEPOIS,XANDE DE PILARES,XANDE DE PILARES,0.0,,62.7795,,,,,62779500,627795
Band,band UNIFICADO out dez 2023 jan fev 2024.xls,Relatorio_UBEM,BAND ESPORTE CLUBE,2024-01-13,,,,RIO PURO SUCO,MARCELO D2,MARCELO D2,0.0,,62.7795,,,,,62779500,627795
Band,band UNIFICADO out dez 2023 jan fev 2024.xls,Relatorio_UBEM,BAND ESPORTE CLUBE,2024-01-13,,,,UM CEU UM SOL E UM MAR,NATIRUTS,NATIRUTS,0.0,,62.7795,,,,,62779500,627795
Band,band UNIFICADO out dez 2023 jan fev 2024.xls,Relatorio_UBEM,BAND ESPORTE CLUBE,2024-01-13,,,,OUTRO VERAO,CHIMARRUTS E DJAMBI,CHIMARRUTS E DJAMBI,0.0,,62.7795,,,,,62779500,627795
Band,band UNIFICADO out dez 2023 jan fev 2024.xls,Relatorio_UBEM,BAND ESPORTE CLUBE,2024-01-13,,,,SEXTA FEIRA CARIOCA,BANDA BLACK RIO,BANDA BLACK RIO,0.0,,62.7795,,,,,62779500,627795
Band,band UNIFICADO out dez 2023 jan fev 2024.xls,Relatorio_UBEM,BAND ESPORTE CLUBE,2024-01-20,,,,MENINO DO RIO,BABY DO BRASIL / DIDI GOMES / PEPEU GOMES,BABY CONSUELO / PEPEU GOMES,0.0,,62.7795,,,,,62779500,627795
Band,band UNIFICADO out dez 2023 jan fev 2024.xls,Relatorio_UBEM,BAND ESPORTE CLUBE,2024-01-20,,,,PISCININHA AMOR,WHADI GAMA,WHADI GAMA,0.0,,62.7795,,,,,62779500,627795
Band,band UNIFICADO out dez 2023 jan fev 2024.xls,Relatorio_UBEM,BAND ESPORTE CLUBE,2024-01-20,,,,COBRA,FAR FROM ALASKA,FAR FROM ALASKA,0.0,,62.7795,,,,,62779500,627795
Band,band UNIFICADO out dez 2023 jan fev 2024.xls,Relatorio_UBEM,BAND ESPORTE CLUBE,2024-01-20,,,,FILOSOFIA SURF,ALLAN BALBINO ANACLETO E LUIZ CARLOS ALVES DA SILVA,ALLAN BALBINO ANACLETO,0.0,,62.7795,,,,,62779500,627795
Band,band UNIFICADO out dez 2023 jan fev 2024.xls,Relatorio_UBEM,BAND ESPORTE CLUBE,2024-01-20,,,,AO SOM DO REGGAE,ALLAN BALBINO ANACLETO E LUIZ CARLOS ALVES DA SILVA,ALLAN BALBINO ANACLETO,0.0,,62.7795,,,,,62779500,627795
Band,band UNIFICADO out dez 2023 jan fev 2024.xls,Relatorio_UBEM,BAND ESPORTE CLUBE,2024-01-20,,,,ALICERCE DA TERRA,BRAULIO FERNANDES TAVARES NETO / ERIVALDO DO NASCIMENTO GALVÃO,BABAL GALVAO / FLOR DE CACTOS,0.0,,62.7795,,,,,62779500,627795
Band,band UNIFICADO out dez 2023 jan fev 2024.xls,Relatorio_UBEM,BAND ESPORTE CLUBE,2024-01-20,,,,TEMPERO A BRASILEIRA,STENIO MEDEIROS,QUARTETO LINHA,0.0,,62.7795,,,,,62779500,627795
Band,band UNIFICADO out dez 2023 jan fev 2024.xls,Relatorio_UBEM,BAND ESPORTE CLUBE,2024-01-20,,,,MOMENTO CERTO,GABRIEL SOUTO,DUSOUTO,0.0,,62.7795,,,,,62779500,627795
Band,band UNIFICADO out dez 2023 jan fev 2024.xls,Relatorio_UBEM,BAND ESPORTE CLUBE,2024-01-20,,,,COCO DA MAE DO MAR,LENINE E SIBA,KHRYSTAL,0.0,,62.7795,,,,,62779500,627795
Band,band UNIFICADO out dez 2023 jan fev 2024.xls,Relatorio_UBEM,BAND ESPORTE CLUBE,2024-01-20,,,,MORENA AZUL NO CEU,GUSTAVO ARRUDA GESTEIRA / JOANILSON CAMPOS DE ALBUQUERQUE JUNIOR / NATALIA PEREIRA DE NORONHA / RENATO RIGHI LELLIS,GUSTAVO ARRUDA GESTEIRA / JOANILSON CAMPOS DE ALBUQUERQUE JUNIOR / NATALIA PEREIRA DE NORONHA / RENATO RIGHI LELLIS,0.0,,62.7795,,,,,62779500,627795
Band,band UNIFICADO out dez 2023 jan fev 2024.xls,Relatorio_UBEM,BAND ESPORTE CLUBE,2024-01-20,,,,A BOLA CONHECE O CRAQUE,KIKO CHAGAS,KIKO CHAGAS,0.0,,62.7795,,,,,62779500,627795
Band,band UNIFICADO out dez 2023 jan fev 2024.xls,Relatorio_UBEM,BAND ESPORTE CLUBE,2024-01-20,,,,CANGACEIROS DE IEMANJA,KHRYSTAL,KHRYSTAL,0.0,,62.7795,,,,,62779500,627795
Band,band UNIFICADO out dez 2023 jan fev 2024.xls,Relatorio_UBEM,BAND ESPORTE CLUBE,2024-01-20,,,,TEMPERO A BRASILEIRA,STENIO MEDEIROS,QUARTETO LINHA,0.0,,62.7795,,,,,62779500,627795
Band,band UNIFICADO out dez 2023 jan fev 2024.xls,Relatorio_UBEM,BAND ESPORTE CLUBE,2024-01-20,,,,ALICERCE DA TERRA,BRAULIO FERNANDES TAVARES NETO / ERIVALDO DO NASCIMENTO GALVÃO,BABAL GALVAO / FLOR DE CACTOS,0.0,,62.7795,,,,,62779500,627795
Band,band UNIFICADO out dez 2023 jan fev 2024.xls,Relatorio_UBEM,BAND ESPORTE CLUBE,2024-01-20,,,,AO SOM DO REGGAE,ALLAN BALBINO ANACLETO E LUIZ CARLOS ALVES DA SILVA,ALLAN BALBINO ANACLETO,0.0,,62.7795,,,,,62779500,627795
Band,band UNIFICADO out dez 2023 jan fev 2024.xls,Relatorio_UBEM,BAND ESPORTE CLUBE,2024-01-20,,,,AVENIDA 10,ERIVALDO DO NASCIMENTO GALVAO,GERALDO DE AMORIM / JOSE RICARDO ALVES / ROGERIO LUIZ BARBOSA,0.0,,62.7795,,,,,62779500,627795
Band,band UNIFICADO out dez 2023 jan fev 2024.xls,Relatorio_UBEM,BAND ESPORTE CLUBE,2024-01-20,,,,DE VOLTA PRA BABILONIA,GABRIEL SOUTO / GUSTAVO LAMARTINE / HENRIQUE ROCHA / PAULO SOUTO,GUSTAVO SOUTO / GERALDO AMORIM / GUSTAVO LAMARTINE / PAULO SOUTO,0.0,,62.7795,,,,,62779500,627795
Band,band UNIFICADO out dez 2023 jan fev 2024.xls,Relatorio_UBEM,BAND ESPORTE CLUBE,2024-01-20,,,,DOIS TEMPOS,KHRISTAL GLAYDE SARAIVA,ELIS ROSALINA / KHRISTAL GLAYDE,0.0,,62.7795,,,,,62779500,627795
Band,band UNIFICADO out dez 2023 jan fev 2024.xls,Relatorio_UBEM,BAND ESPORTE CLUBE,2024-01-20,,,,LUZ DA MINHA VIDA,CHICO ALVES / TONINHO GERAES,ROBERTA SA,0.0,,62.7795,,,,,62779500,627795
Band,band UNIFICADO out dez 2023 jan fev 2024.xls,Relatorio_UBEM,BAND ESPORTE CLUBE,2024-01-20,,,,NOSSO NAMORAR,ANDREY HELDER DANTAS DE MEDEIROS / FILIPE VIEIRA FONSECA / FELIPPE FERNANDES DE OLIVEIRA BASTOS,ANDROLA,0.0,,62.7795,,,,,62779500,627795
Band,band UNIFICADO out dez 2023 jan fev 2024.xls,Relatorio_UBEM,BAND ESPORTE CLUBE,2024-01-20,,,,CHICOS DO BRASIL,STENIO MEDEIROS,QUARTETO LINHA,0.0,,62.7795,,,,,62779500,627795
Band,band UNIFICADO out dez 2023 jan fev 2024.xls,Relatorio_UBEM,BAND ESPORTE CLUBE,2024-01-20,,,,DE VEZ,CAMILA MARIA SILVA,CAMILA MASISO,0.0,,62.7795,,,,,62779500,627795
Band,band UNIFICADO out dez 2023 jan fev 2024.xls,Relatorio_UBEM,BAND ESPORTE CLUBE,2024-01-20,,,,TEMPERO A BRASILEIRA,STENIO MEDEIROS,QUARTETO LINHA,0.0,,62.7795,,,,,62779500,627795
Band,band UNIFICADO out dez 2023 jan fev 2024.xls,Relatorio_UBEM,BAND ESPORTE CLUBE,2024-01-20,,,,ALICERCE DA TERRA,BRAULIO FERNANDES TAVARES NETO / ERIVALDO DO NASCIMENTO GALVÃO,BABAL GALVAO / FLOR DE CACTOS,0.0,,62.7795,,,,,62779500,627795
Band,band UNIFICADO out dez 2023 jan fev 2024.xls,Relatorio_UBEM,BAND ESPORTE CLUBE,2024-01-20,,,,PERDIDO NO PARAISO,FABIO ROCHA MELO / ROMILDO SOARES DE SOUZA,ROMILDO SOARES,0.0,,62.7795,,,,,62779500,627795
Band,band UNIFICADO out dez 2023 jan fev 2024.xls,Relatorio_UBEM,BAND ESPORTE CLUBE,2024-01-20,,,,MEU RIMAR PA PA PA,DONA MILATANA / EDUARDO POTYX,DONA MILITANA,0.0,,62.7795,,,,,62779500,627795
Band,band UNIFICADO out dez 2023 jan fev 2024.xls,Relatorio_UBEM,BAND ESPORTE CLUBE,2024-01-20,,,,VAI COM FE,RICO DIAS,VALERIA SILVA DE OLIVEIRA,0.0,,62.7795,,,,,62779500,627795
Band,band UNIFICADO out dez 2023 jan fev 2024.xls,Relatorio_UBEM,BAND ESPORTE CLUBE,2024-01-20,,,,INTRO SINTO MUITO,SAMUEL ROSA GONCALVES,MAHMED,0.0,,62.7795,,,,,62779500,627795
Band,band UNIFICADO out dez 2023 jan fev 2024.xls,Relatorio_UBEM,BAND ESPORTE CLUBE,2024-01-20,,,,RISCO DE SOL,GUSTAVO ARRUDA GESTEIRA / JOANILSON CAMPOS DE ALBUQUERQUE JUNIOR / NATALIA PEREIRA DE NORONHA / RENATO RIGHI LELLIS,GUSTAVO ARRUDA GESTEIRA / JOANILSON CAMPOS DE ALBUQUERQUE JUNIOR / NATALIA PEREIRA DE NORONHA / RENATO RIGHI LELLIS,0.0,,62.7795,,,,,62779500,627795
Band,band UNIFICADO out dez 2023 jan fev 2024.xls,Relatorio_UBEM,BAND ESPORTE CLUBE,2024-01-20,,,,O ROQUEIRO E A HIPPIE,LUIZ GADELHA / SIMONA TALMA / ANDRE MACAMBIRA,PLUTAO JA FOI PLANETA,0.0,,62.7795,,,,,62779500,627795
Band,band UNIFICADO out dez 2023 jan fev 2024.xls,Relatorio_UBEM,BAND ESPORTE CLUBE,2024-01-27,,,,RIO DE JANEIRO,ELZA SOARES,ELZA SOARES,0.0,,62.7795,,,,,62779500,627795
Band,band UNIFICADO out dez 2023 jan fev 2024.xls,Relatorio_UBEM,BAND ESPORTE CLUBE,2024-01-27,,,,LUGAR AO SOL                                      ,CHORÃO/MARCÃO,CHARLIE BROWN JR,0.0,,62.7795,,,,,62779500,627795
Band,band UNIFICADO out dez 2023 jan fev 2024.xls,Relatorio_UBEM,BAND ESPORTE CLUBE,2024-01-27,,,,LUGAR AO SOL                                      ,CHORÃO/MARCÃO,CHARLIE BROWN JR,0.0,,62.7795,,,,,62779500,627795
Band,band UNIFICADO out dez 2023 jan fev 2024.xls,Relatorio_UBEM,BAND ESPORTE CLUBE,2024-01-27,,,,CEU AZUL,CHARLIE BROWN JR,CHARLIE BROWN JR,0.0,,62.7795,,,,,62779500,627795
Band,band UNIFICADO out dez 2023 jan fev 2024.xls,Relatorio_UBEM,BAND ESPORTE CLUBE,2024-01-27,,,,EFEMERA,GUSTAVO ROIZ CHAGAS / TULIPA ROIZ CHAGAS,MARIA APARECIDA GUIMARAES CAMPIOLO / STEPHANE SANJUAN ZOCCOLI / TULIPA ROIZ CHAGAS,0.0,,62.7795,,,,,62779500,627795
Band,band UNIFICADO out dez 2023 jan fev 2024.xls,Relatorio_UBEM,BAND ESPORTE CLUBE,2024-01-27,,,,E SO VOCE CHEGAR,AYDAN MADUREIRA SCHMIDT,AYDAN MADUREIRA SCHMIDT,0.0,,62.7795,,,,,62779500,627795
Band,band UNIFICADO out dez 2023 jan fev 2024.xls,Relatorio_UBEM,BAND ESPORTE CLUBE,2024-01-27,,,,LAGRIMAS DO PALHAÇO,KAMAU,KAMAU / TULIPA RUIZ,0.0,,62.7795,,,,,62779500,627795
Band,band UNIFICADO out dez 2023 jan fev 2024.xls,Relatorio_UBEM,BAND ESPORTE CLUBE,2024-01-27,,,,NOSSA RESENHA,LUCAS ANCHIETA / THOMAS MEIRA / VICTOR CUPERTINO,ANCHIETX/ CAETANO VELOSO/ CUPERTINO/ OS GAROTIN,0.0,,62.7795,,,,,62779500,627795
Band,band UNIFICADO out dez 2023 jan fev 2024.xls,Relatorio_UBEM,BAND ESPORTE CLUBE,2024-01-27,,,,DEPOIS DA TEMPESTADE REMIX,MARCELO D2 / SASHA RUDY,MARCELO D2 / TULIPA ROIZ CHAGAS,0.0,,62.7795,,,,,62779500,627795
Band,band UNIFICADO out dez 2023 jan fev 2024.xls,Relatorio_UBEM,BAND ESPORTE CLUBE,2024-01-27,,,,HIBALTA BANZO,MATHEUS ROSA,BANDA HIBALTA,0.0,,62.7795,,,,,62779500,627795
Band,band UNIFICADO out dez 2023 jan fev 2024.xls,Relatorio_UBEM,BAND ESPORTE CLUBE,2024-01-27,,,,TIRANDO ONDA IN L A,CASSIANO / PAULO ZDANNOWSKI/ SNOOP DOGG/ TUBARAO BAIXADA,SNOOP DOGG / TUBARAO BAIXADA,0.0,,62.7795,,,,,62779500,627795
Band,band UNIFICADO out dez 2023 jan fev 2024.xls,Relatorio_UBEM,BAND ESPORTE CLUBE,2024-01-27,,,,HABILIDADES EXTRAORDINARIAS,GUSTAVO ROIZ CHAGAS/ TULIPA ROIZ CHAGAS,TULIPA ROIZ CHAGAS,0.0,,62.7795,,,,,62779500,627795
Band,band UNIFICADO out dez 2023 jan fev 2024.xls,Relatorio_UBEM,BAND ESPORTE CLUBE,2024-01-27,,,,NOSSA RESENHA,LUCAS ANCHIETA / THOMAS MEIRA / VICTOR CUPERTINO,ANCHIETX/ CAETANO VELOSO/ CUPERTINO/ OS GAROTIN,0.0,,62.7795,,,,,62779500,627795
Band,band UNIFICADO out dez 2023 jan fev 2024.xls,Relatorio_UBEM,BORA BRASIL,2024-01-12,,,,DO LEME AO PONTAL,TIM MAIA,TIM MAIA,0.0,,62.7795,,,,,62779500,627795
Band,band UNIFICADO out dez 2023 jan fev 2024.xls,Relatorio_UBEM,BORA BRASIL,2024-01-15,,,,PE NA AREIA,DIOGO NOGUEIRA,DIOGO NOGUEIRA,0.0,,62.7795,,,,,62779500,627795
Band,band UNIFICADO out dez 2023 jan fev 2024.xls,Relatorio_UBEM,BORA BRASIL,2024-01-16,,,,AQUELE ABRAÇO                                     ,GILBERTO GIL,GILBERTO GIL,0.0,,62.7795,,,,,62779500,627795
Band,band UNIFICADO out dez 2023 jan fev 2024.xls,Relatorio_UBEM,BORA BRASIL,2024-01-18,,,,SPIDERMAN,RAMONES,RAMONES,0.0,,62.7795,,,,,62779500,627795
Band,band UNIFICADO out dez 2023 jan fev 2024.xls,Relatorio_UBEM,BORA BRASIL,2024-01-25,,,,PEGADA QUE DESGRAMA,NICOLAS DAMASCENO / RAFAEL BORGES / THIAGO ROSSI,NAIARA AZEVEDO,0.0,,62.7795,,,,,62779500,627795
Band,band UNIFICADO out dez 2023 jan fev 2024.xls,Relatorio_UBEM,BORA BRASIL,2024-01-25,,,,EH SAO PAULO,ALVARENGA E RANCHINHO,ALVARENGA E RANCHINHO,0.0,,62.7795,,,,,62779500,627795
Band,band UNIFICADO out dez 2023 jan fev 2024.xls,Relatorio_UBEM,BORA BRASIL,2024-01-25,,,,SAO PAULO MEU AMOR,TOM ZE,ANTONIO JOSE SANTANA / JOEL ALMEIDA,0.0,,62.7795,,,,,62779500,627795
Band,band UNIFICADO out dez 2023 jan fev 2024.xls,Relatorio_UBEM,BORA BRASIL,2024-01-25,,,,EH SAO PAULO,ALVARENGA E RANCHINHO,ALVARENGA E RANCHINHO,0.0,,62.7795,,,,,62779500,627795
Band,band UNIFICADO out dez 2023 jan fev 2024.xls,Relatorio_UBEM,BORA BRASIL,2024-01-26,,,,SEXTA FEIRA SUA LINDA,ALEX E RONALDO,ALEX E RONALDO,0.0,,62.7795,,,,,62779500,627795
Band,band UNIFICADO out dez 2023 jan fev 2024.xls,Relatorio_UBEM,BORA BRASIL,2024-01-30,,,,CHORA VIOLA,LOURIVAL DOS SANTOS / TIAO CARREIRO,DANILO E LISANDRA,0.0,,62.7795,,,,,62779500,627795
Band,band UNIFICADO out dez 2023 jan fev 2024.xls,Relatorio_UBEM,BORA BRASIL,2024-01-30,,,,POUTPOURRI DE MARCHINHAS,BETH CARVALHO,BETH CARVALHO,0.0,,62.7795,,,,,62779500,627795
Band,band UNIFICADO out dez 2023 jan fev 2024.xls,Relatorio_UBEM,BORA BRASIL,2024-01-30,,,,JEITAO CABOCLO 1,LINCOLN PAULINO,RONALDO VIOLA,0.0,,62.7795,,,,,62779500,627795
Band,band UNIFICADO out dez 2023 jan fev 2024.xls,Relatorio_UBEM,BORA BRASIL,2024-01-31,,,,VOANDO PRO PARA,CHRYSTIAN LIMA / NILK OLIVEIRA / ISAC MARAIAL / VALTER SERRARIA,JOELMA,0.0,,62.7795,,,,,62779500,627795
Band,band UNIFICADO out dez 2023 jan fev 2024.xls,Relatorio_UBEM,IGREJA UNIDA DEUS PROVERÁ,2024-01-01,,,,OS SONHOS DE DEUS,LUDMILA FERBER,MARCOS FELIPE,747.38,,747.38,,,,,74738,747
Band,band UNIFICADO out dez 2023 jan fev 2024.xls,Relatorio_UBEM,IGREJA UNIDA DEUS PROVERÁ,2024-01-01,,,,ESTAMOS DE PÉ,MARCUS SALLES,MARCUS SALLES,1494.76,,1494.76,,,,,149476,1495
Band,band UNIFICADO out dez 2023 jan fev 2024.xls,Relatorio_UBEM,IGREJA UNIDA DEUS PROVERÁ,2024-01-02,,,,FOI NO CALVARIO,DENISE,GIOVANI SANTOS,747.38,,747.38,,,,,74738,747
Band,band UNIFICADO out dez 2023 jan fev 2024.xls,Relatorio_UBEM,IGREJA UNIDA DEUS PROVERÁ,2024-01-02,,,,OS SONHOS DE DEUS,LUDMILA FERBER,MARCOS FELIPE,747.38,,747.38,,,,,74738,747
Band,band UNIFICADO out dez 2023 jan fev 2024.xls,Relatorio_UBEM,IGREJA UNIDA DEUS PROVERÁ,2024-01-03,,,,ORACAO NA JANELA,CAJU E CASTANHA,CAJU E CASTANHA,747.38,,747.38,,,,,74738,747
Band,band UNIFICADO out dez 2023 jan fev 2024.xls,Relatorio_UBEM,IGREJA UNIDA DEUS PROVERÁ,2024-01-03,,,,QUAO GRANDE E MEU DEUS,SORAYA MORAES,MARCOS FELIPE,747.38,,747.38,,,,,74738,747
Band,band UNIFICADO out dez 2023 jan fev 2024.xls,Relatorio_UBEM,IGREJA UNIDA DEUS PROVERÁ,2024-01-03,,,,OH QUAO LINDO ESSE NOME E,ANA NOBREGA,MARCOS FELIPE,747.38,,747.38,,,,,74738,747
Band,band UNIFICADO out dez 2023 jan fev 2024.xls,Relatorio_UBEM,IGREJA UNIDA DEUS PROVERÁ,2024-01-03,,,,E DEMAIS,ELAINE DE JESUS,MARCIA FELLIPE,747.38,,747.38,,,,,74738,747
Band,band UNIFICADO out dez 2023 jan fev 2024.xls,Relatorio_UBEM,IGREJA UNIDA DEUS PROVERÁ,2024-01-03,,,,QUAO GRANDE E MEU DEUS,SORAYA MORAES,MARCOS FELIPE,747.38,,747.38,,,,,74738,747
Band,band UNIFICADO out dez 2023 jan fev 2024.xls,Relatorio_UBEM,IGREJA UNIDA DEUS PROVERÁ,2024-01-03,,,,OH QUAO LINDO ESSE NOME E,ANA NOBREGA,MARCOS FELIPE,747.38,,747.38,,,,,74738,747
Band,band UNIFICADO out dez 2023 jan fev 2024.xls,Relatorio_UBEM,IGREJA UNIDA DEUS PROVERÁ,2024-01-04,,,,FINAL FELIZ,ROSE NASCIMENTO,MARCOS FELIPE,747.38,,747.38,,,,,74738,747
Band,band UNIFICADO out dez 2023 jan fev 2024.xls,Relatorio_UBEM,IGREJA UNIDA DEUS PROVERÁ,2024-01-04,,,,REI DA GLORIA,MARQUINHOS GOMES,MARCOS FELIPE,747.38,,747.38,,,,,74738,747
Band,band UNIFICADO out dez 2023 jan fev 2024.xls,Relatorio_UBEM,IGREJA UNIDA DEUS PROVERÁ,2024-01-04,,,,ORACAO NA JANELA,CAJU E CASTANHA,CAJU E CASTANHA,747.38,,747.38,,,,,74738,747
Band,band UNIFICADO out dez 2023 jan fev 2024.xls,Relatorio_UBEM,IGREJA UNIDA DEUS PROVERÁ,2024-01-04,,,,ALEM DA MEDICINA,ROBERTO CARLOS LEITE,MARA LIMA,747.38,,747.38,,,,,74738,747
Band,band UNIFICADO out dez 2023 jan fev 2024.xls,Relatorio_UBEM,IGREJA UNIDA DEUS PROVERÁ,2024-01-04,,,,DEUS DE MARAVILHAS,MARA MARAVILHA,MARCOS FELIPE,747.38,,747.38,,,,,74738,747
Band,band UNIFICADO out dez 2023 jan fev 2024.xls,Relatorio_UBEM,IGREJA UNIDA DEUS PROVERÁ,2024-01-04,,,,DESCANSA,STELLA LAURA/,MARCOS FELIPE,747.38,,747.38,,,,,74738,747
Band,band UNIFICADO out dez 2023 jan fev 2024.xls,Relatorio_UBEM,IGREJA UNIDA DEUS PROVERÁ,2024-01-05,,,,CAMINHO NO DESERTO,SORAYA MORAES,MARCOS FELIPE,747.38,,747.38,,,,,74738,747
Band,band UNIFICADO out dez 2023 jan fev 2024.xls,Relatorio_UBEM,IGREJA UNIDA DEUS PROVERÁ,2024-01-05,,,,SEU NOME E JESUS,RENATO SUHETT,MARCOS FELIPE,747.38,,747.38,,,,,74738,747
Band,band UNIFICADO out dez 2023 jan fev 2024.xls,Relatorio_UBEM,IGREJA UNIDA DEUS PROVERÁ,2024-01-08,,,,ORACAO NA JANELA,CAJU E CASTANHA,CAJU E CASTANHA,747.38,,747.38,,,,,74738,747
Band,band UNIFICADO out dez 2023 jan fev 2024.xls,Relatorio_UBEM,IGREJA UNIDA DEUS PROVERÁ,2024-01-09,,,,DEUS DE MARAVILHAS,MARA MARAVILHA,MARCOS FELIPE,747.38,,747.38,,,,,74738,747
Band,band UNIFICADO out dez 2023 jan fev 2024.xls,Relatorio_UBEM,IGREJA UNIDA DEUS PROVERÁ,2024-01-09,,,,ORACAO NA JANELA,CAJU E CASTANHA,CAJU E CASTANHA,747.38,,747.38,,,,,74738,747
Band,band UNIFICADO out dez 2023 jan fev 2024.xls,Relatorio_UBEM,IGREJA UNIDA DEUS PROVERÁ,2024-01-10,,,,ORACAO NA JANELA,CAJU E CASTANHA,CAJU E CASTANHA,747.38,,747.38,,,,,74738,747
Band,band UNIFICADO out dez 2023 jan fev 2024.xls,Relatorio_UBEM,IGREJA UNIDA DEUS PROVERÁ,2024-01-10,,,,QUAO GRANDE E O MEU DEUS,SORAYA MORAES,MARCOS FELIPE,747.38,,747.38,,,,,74738,747
Band,band UNIFICADO out dez 2023 jan fev 2024.xls,Relatorio_UBEM,IGREJA UNIDA DEUS PROVERÁ,2024-01-10,,,,TA CHORANDO POR QUE,FELIPE ESCANDURRAS,MARCIA FELLIPE,747.38,,747.38,,,,,74738,747
Band,band UNIFICADO out dez 2023 jan fev 2024.xls,Relatorio_UBEM,IGREJA UNIDA DEUS PROVERÁ,2024-01-11,,,,ORACAO NA JANELA,CAJU E CASTANHA,CAJU E CASTANHA,747.38,,747.38,,,,,74738,747
Band,band UNIFICADO out dez 2023 jan fev 2024.xls,Relatorio_UBEM,IGREJA UNIDA DEUS PROVERÁ,2024-01-11,,,,QUAO GRANDE E MEU DEUS,SORAYA MORAES,MARCOS FELIPE,747.38,,747.38,,,,,74738,747
Band,band UNIFICADO out dez 2023 jan fev 2024.xls,Relatorio_UBEM,IGREJA UNIDA DEUS PROVERÁ,2024-01-11,,,,TA CHORANDO POR QUE,FELIPE ESCANDURRAS,MARCOS FELIPE,747.38,,747.38,,,,,74738,747
Band,band UNIFICADO out dez 2023 jan fev 2024.xls,Relatorio_UBEM,IGREJA UNIDA DEUS PROVERÁ,2024-01-12,,,,ORACAO NA JANELA,CAJU E CASTANHA,CAJU E CASTANHA,747.38,,747.38,,,,,74738,747
Band,band UNIFICADO out dez 2023 jan fev 2024.xls,Relatorio_UBEM,IGREJA UNIDA DEUS PROVERÁ,2024-01-15,,,,DEUS DO IMPOSSIVEL,APASCENTAR DE LOUVOR,MARCOS FELIPE,747.38,,747.38,,,,,74738,747
Band,band UNIFICADO out dez 2023 jan fev 2024.xls,Relatorio_UBEM,IGREJA UNIDA DEUS PROVERÁ,2024-01-15,,,,O MILAGRE SOU EU,EYSHILA,ALOK MARCOS ZEEBA,747.38,,747.38,,,,,74738,747
Band,band UNIFICADO out dez 2023 jan fev 2024.xls,Relatorio_UBEM,IGREJA UNIDA DEUS PROVERÁ,2024-01-15,,,,SOU UM MILAGRE,VOZ DA VERDADE,MARCOS FELIPE,747.38,,747.38,,,,,74738,747
Band,band UNIFICADO out dez 2023 jan fev 2024.xls,Relatorio_UBEM,IGREJA UNIDA DEUS PROVERÁ,2024-01-15,,,,ORACAO NA JANELA,CAJU E CASTANHA,CAJU E CASTANHA,747.38,,747.38,,,,,74738,747
Band,band UNIFICADO out dez 2023 jan fev 2024.xls,Relatorio_UBEM,IGREJA UNIDA DEUS PROVERÁ,2024-01-16,,,,ORACAO NA JANELA,CAJU E CASTANHA,CAJU E CASTANHA,747.38,,747.38,,,,,74738,747
Band,band UNIFICADO out dez 2023 jan fev 2024.xls,Relatorio_UBEM,IGREJA UNIDA DEUS PROVERÁ,2024-01-17,,,,ORACAO NA JANELA,CAJU E CASTANHA,CAJU E CASTANHA,747.38,,747.38,,,,,74738,747
Band,band UNIFICADO out dez 2023 jan fev 2024.xls,Relatorio_UBEM,IGREJA UNIDA DEUS PROVERÁ,2024-01-17,,,,FINAL FELIZ,ROSE NASCIMENTO,MARCOS FELIPE,747.38,,747.38,,,,,74738,747
Band,band UNIFICADO out dez 2023 jan fev 2024.xls,Relatorio_UBEM,IGREJA UNIDA DEUS PROVERÁ,2024-01-17,,,,CAMINHO NO DESERTO,SORAYA MORAES,WANDICK,747.38,,747.38,,,,,74738,747
Band,band UNIFICADO out dez 2023 jan fev 2024.xls,Relatorio_UBEM,IGREJA UNIDA DEUS PROVERÁ,2024-01-17,,,,OH QUAO LINDO ESSE NOME E,ANA NOBREGA,WANDICK,747.38,,747.38,,,,,74738,747
Band,band UNIFICADO out dez 2023 jan fev 2024.xls,Relatorio_UBEM,IGREJA UNIDA DEUS PROVERÁ,2024-01-17,,,,DEUS PROVERA,GABRIELA GOMES,WANDICK,747.38,,747.38,,,,,74738,747
Band,band UNIFICADO out dez 2023 jan fev 2024.xls,Relatorio_UBEM,IGREJA UNIDA DEUS PROVERÁ,2024-01-17,,,,TA CHORANDO POR QUE,PRETO NO BRANCO,WANDICK,747.38,,747.38,,,,,74738,747
Band,band UNIFICADO out dez 2023 jan fev 2024.xls,Relatorio_UBEM,IGREJA UNIDA DEUS PROVERÁ,2024-01-17,,,,TA CHORANDO POR QUE,PRETO NO BRANCO,WANDICK,747.38,,747.38,,,,,74738,747
Band,band UNIFICADO out dez 2023 jan fev 2024.xls,Relatorio_UBEM,IGREJA UNIDA DEUS PROVERÁ,2024-01-17,,,,TA CHORANDO POR QUE,PRETO NO BRANCO,WANDICK,747.38,,747.38,,,,,74738,747
Band,band UNIFICADO out dez 2023 jan fev 2024.xls,Relatorio_UBEM,IGREJA UNIDA DEUS PROVERÁ,2024-01-17,,,,DESCANSA,STELLA LAURA/,MARCOS FELIPE,747.38,,747.38,,,,,74738,747
Band,band UNIFICADO out dez 2023 jan fev 2024.xls,Relatorio_UBEM,IGREJA UNIDA DEUS PROVERÁ,2024-01-17,,,,E DEMAIS,ELAINE DE JESUS,MARCOS FELIPE,747.38,,747.38,,,,,74738,747
Band,band UNIFICADO out dez 2023 jan fev 2024.xls,Relatorio_UBEM,IGREJA UNIDA DEUS PROVERÁ,2024-01-17,,,,CAMINHO NO DESERTO,SORAYA MORAES,MARCOS FELIPE,747.38,,747.38,,,,,74738,747
Band,band UNIFICADO out dez 2023 jan fev 2024.xls,Relatorio_UBEM,IGREJA UNIDA DEUS PROVERÁ,2024-01-17,,,,ALEM DO RIO AZUL,VOZ DA VERDADE,MARCOS FELIPE,747.38,,747.38,,,,,74738,747
Band,band UNIFICADO out dez 2023 jan fev 2024.xls,Relatorio_UBEM,IGREJA UNIDA DEUS PROVERÁ,2024-01-18,,,,ORACAO NA JANELA,CAJU E CASTANHA,CAJU E CASTANHA,747.38,,747.38,,,,,74738,747
Band,band UNIFICADO out dez 2023 jan fev 2024.xls,Relatorio_UBEM,IGREJA UNIDA DEUS PROVERÁ,2024-01-18,,,,OS PLANOS DE DEUS BARQUINHO,SAMUEL MESSIAS,MARCOS FELIPE,747.38,,747.38,,,,,74738,747
Band,band UNIFICADO out dez 2023 jan fev 2024.xls,Relatorio_UBEM,IGREJA UNIDA DEUS PROVERÁ,2024-01-18,,,,O MILAGRE SOU EU,EYSHILA,MARCOS FELIPE,747.38,,747.38,,,,,74738,747
Band,band UNIFICADO out dez 2023 jan fev 2024.xls,Relatorio_UBEM,IGREJA UNIDA DEUS PROVERÁ,2024-01-18,,,,SOU UM MILAGRE,VOZ DA VERDADE,MARCOS FELIPE,747.38,,747.38,,,,,74738,747
Band,band UNIFICADO out dez 2023 jan fev 2024.xls,Relatorio_UBEM,IGREJA UNIDA DEUS PROVERÁ,2024-01-18,,,,DESCANSA,STELLA LAURA/,MARCOS FELIPE,747.38,,747.38,,,,,74738,747
Band,band UNIFICADO out dez 2023 jan fev 2024.xls,Relatorio_UBEM,IGREJA UNIDA DEUS PROVERÁ,2024-01-18,,,,DEUS DO IMPOSSIVEL,APASCENTAR DE LOUVOR,MARCOS FELIPE,747.38,,747.38,,,,,74738,747
Band,band UNIFICADO out dez 2023 jan fev 2024.xls,Relatorio_UBEM,IGREJA UNIDA DEUS PROVERÁ,2024-01-18,,,,CADEIAS QUEBRAR,SORAYA MORAES,MARCOS FELIPE,747.38,,747.38,,,,,74738,747
Band,band UNIFICADO out dez 2023 jan fev 2024.xls,Relatorio_UBEM,IGREJA UNIDA DEUS PROVERÁ,2024-01-18,,,,VEM ME BUSCAR,JEFFERSON E SUELLEN,MARCOS FELIPE,747.38,,747.38,,,,,74738,747
Band,band UNIFICADO out dez 2023 jan fev 2024.xls,Relatorio_UBEM,IGREJA UNIDA DEUS PROVERÁ,2024-01-18,,,,ALEM DO RIO AZUL,VOZ DA VERDADE,MARCOS FELIPE,747.38,,747.38,,,,,74738,747
Band,band UNIFICADO out dez 2023 jan fev 2024.xls,Relatorio_UBEM,IGREJA UNIDA DEUS PROVERÁ,2024-01-19,,,,ORACAO NA JANELA,CAJU E CASTANHA,CAJU E CASTANHA,747.38,,747.38,,,,,74738,747
Band,band UNIFICADO out dez 2023 jan fev 2024.xls,Relatorio_UBEM,IGREJA UNIDA DEUS PROVERÁ,2024-01-19,,,,RARIDADE,ANDERSON FREIRE,MARCOS FELIPE,747.38,,747.38,,,,,74738,747
Band,band UNIFICADO out dez 2023 jan fev 2024.xls,Relatorio_UBEM,IGREJA UNIDA DEUS PROVERÁ,2024-01-19,,,,ALEM DA MEDICINA,MARA LIMA,MARCOS FELIPE,747.38,,747.38,,,,,74738,747
Band,band UNIFICADO out dez 2023 jan fev 2024.xls,Relatorio_UBEM,IGREJA UNIDA DEUS PROVERÁ,2024-01-19,,,,FIEL EM TODO TEMPO,WILIAN NASCIMENTO,MARCOS FELIPE,747.38,,747.38,,,,,74738,747
Band,band UNIFICADO out dez 2023 jan fev 2024.xls,Relatorio_UBEM,IGREJA UNIDA DEUS PROVERÁ,2024-01-22,,,,ORACAO NA JANELA,CAJU E CASTANHA,CAJU E CASTANHA,747.38,,747.38,,,,,74738,747
Band,band UNIFICADO out dez 2023 jan fev 2024.xls,Relatorio_UBEM,IGREJA UNIDA DEUS PROVERÁ,2024-01-23,,,,ALEM DA MEDICINA,MARA LIMA,WANDICK,747.38,,747.38,,,,,74738,747
Band,band UNIFICADO out dez 2023 jan fev 2024.xls,Relatorio_UBEM,IGREJA UNIDA DEUS PROVERÁ,2024-01-23,,,,ORACAO NA JANELA,CAJU E CASTANHA,CAJU E CASTANHA,747.38,,747.38,,,,,74738,747
Band,band UNIFICADO out dez 2023 jan fev 2024.xls,Relatorio_UBEM,IGREJA UNIDA DEUS PROVERÁ,2024-01-23,,,,TA CHORANDO POR QUE,PRETO NO BRANCO,WANDICK,747.38,,747.38,,,,,74738,747
Band,band UNIFICADO out dez 2023 jan fev 2024.xls,Relatorio_UBEM,IGREJA UNIDA DEUS PROVERÁ,2024-01-24,,,,OH QUAO LINDO ESSE NOME E,ANA NOBREGA,MARCOS FELIPE,747.38,,747.38,,,,,74738,747
Band,band UNIFICADO out dez 2023 jan fev 2024.xls,Relatorio_UBEM,IGREJA UNIDA DEUS PROVERÁ,2024-01-24,,,,ORACAO NA JANELA,CAJU E CASTANHA,CAJU E CASTANHA,747.38,,747.38,,,,,74738,747
Band,band UNIFICADO out dez 2023 jan fev 2024.xls,Relatorio_UBEM,IGREJA UNIDA DEUS PROVERÁ,2024-01-24,,,,OH QUAO LINDO ESSE NOME E,ANA NOBREGA,MARCOS FELIPE,747.38,,747.38,,,,,74738,747
Band,band UNIFICADO out dez 2023 jan fev 2024.xls,Relatorio_UBEM,IGREJA UNIDA DEUS PROVERÁ,2024-01-25,,,,ORACAO NA JANELA,CAJU E CASTANHA,CAJU E CASTANHA,747.38,,747.38,,,,,74738,747
Band,band UNIFICADO out dez 2023 jan fev 2024.xls,Relatorio_UBEM,IGREJA UNIDA DEUS PROVERÁ,2024-01-25,,,,OH QUAO LINDO ESSE NOME E,ANA NOBREGA,MARCOS FELIPE,747.38,,747.38,,,,,74738,747
Band,band UNIFICADO out dez 2023 jan fev 2024.xls,Relatorio_UBEM,IGREJA UNIDA DEUS PROVERÁ,2024-01-26,,,,ORACAO NA JANELA,CAJU E CASTANHA,CAJU E CASTANHA,747.38,,747.38,,,,,74738,747
Band,band UNIFICADO out dez 2023 jan fev 2024.xls,Relatorio_UBEM,IGREJA UNIDA DEUS PROVERÁ,2024-01-29,,,,SENHOR FORMOSO ES,MARCOS GOES,MARCOS FELIPE,747.38,,747.38,,,,,74738,747
Band,band UNIFICADO out dez 2023 jan fev 2024.xls,Relatorio_UBEM,IGREJA UNIDA DEUS PROVERÁ,2024-01-29,,,,ORACAO NA JANELA,CAJU E CASTANHA,CAJU E CASTANHA,747.38,,747.38,,,,,74738,747
Band,band UNIFICADO out dez 2023 jan fev 2024.xls,Relatorio_UBEM,IGREJA UNIDA DEUS PROVERÁ,2024-01-29,,,,SOU UM MILAGRE,VOZ DA VERDADE,MARCOS FELIPE,747.38,,747.38,,,,,74738,747
Band,band UNIFICADO out dez 2023 jan fev 2024.xls,Relatorio_UBEM,IGREJA UNIDA DEUS PROVERÁ,2024-01-30,,,,LOGO DE MANHA,VENCEDORES POR CRISTO,MARCOS FELIPE,747.38,,747.38,,,,,74738,747
Band,band UNIFICADO out dez 2023 jan fev 2024.xls,Relatorio_UBEM,IGREJA UNIDA DEUS PROVERÁ,2024-01-30,,,,TA CHORANDO POR QUE,PRETO NO BRANCO,WANDICK,747.38,,747.38,,,,,74738,747
Band,band UNIFICADO out dez 2023 jan fev 2024.xls,Relatorio_UBEM,IGREJA UNIDA DEUS PROVERÁ,2024-01-30,,,,TA CHORANDO POR QUE,PRETO NO BRANCO,WANDICK,747.38,,747.38,,,,,74738,747
Band,band UNIFICADO out dez 2023 jan fev 2024.xls,Relatorio_UBEM,IGREJA UNIDA DEUS PROVERÁ,2024-01-30,,,,DEIXA,MARIA MARÇAL,WANDICK,747.38,,747.38,,,,,74738,747
Band,band UNIFICADO out dez 2023 jan fev 2024.xls,Relatorio_UBEM,IGREJA UNIDA DEUS PROVERÁ,2024-01-30,,,,CADEIAS QUEBRAR,SORAYA MORAES,MARCOS FELIPE,747.38,,747.38,,,,,74738,747
Band,band UNIFICADO out dez 2023 jan fev 2024.xls,Relatorio_UBEM,IGREJA UNIDA DEUS PROVERÁ,2024-01-30,,,,SOU UM MILAGRE,VOZ DA VERDADE,MARCOS FELIPE,747.38,,747.38,,,,,74738,747
Band,band UNIFICADO out dez 2023 jan fev 2024.xls,Relatorio_UBEM,IGREJA UNIDA DEUS PROVERÁ,2024-01-30,,,,ORACAO NA JANELA,CAJU E CASTANHA,CAJU E CASTANHA,747.38,,747.38,,,,,74738,747
Band,band UNIFICADO out dez 2023 jan fev 2024.xls,Relatorio_UBEM,IGREJA UNIDA DEUS PROVERÁ,2024-01-31,,,,OH QUAO LINDO ESSE NOME E,ANA NOBREGA,MARCOS FELIPE,747.38,,747.38,,,,,74738,747
Band,band UNIFICADO out dez 2023 jan fev 2024.xls,Relatorio_UBEM,IGREJA UNIDA DEUS PROVERÁ,2024-01-31,,,,TA CHORANDO POR QUE,PRETO NO BRANCO,MARCOS FELIPE,747.38,,747.38,,,,,74738,747
Band,band UNIFICADO out dez 2023 jan fev 2024.xls,Relatorio_UBEM,IGREJA UNIDA DEUS PROVERÁ,2024-01-31,,,,ORACAO NA JANELA,CAJU E CASTANHA,CAJU E CASTANHA,747.38,,747.38,,,,,74738,747
Band,band UNIFICADO out dez 2023 jan fev 2024.xls,Relatorio_UBEM,IGREJA UNIDA DEUS PROVERÁ,2024-01-31,,,,SOU UM MILAGRE,VOZ DA VERDADE,MARCOS FELIPE,747.38,,747.38,,,,,74738,747
Band,band UNIFICADO out dez 2023 jan fev 2024.xls,Relatorio_UBEM,JOGO ABERTO,2024-01-01,,,,RENATA FAN DANCE,DJ PRODIGIO,GIANCARLO / RAPHAEL,0.0,,62.7795,,,,,62779500,627795
Band,band UNIFICADO out dez 2023 jan fev 2024.xls,Relatorio_UBEM,JOGO ABERTO,2024-01-01,,,,BABY I M THE CAT TECHNO,DJ PRODIGIO,DJ PRODIGIO,0.0,,62.7795,,,,,62779500,627795
Band,band UNIFICADO out dez 2023 jan fev 2024.xls,Relatorio_UBEM,JOGO ABERTO,2024-01-01,,,,ISSO AQUI E O MENGAO,DG FABULLOSO/ GN FABULLOSO/ LEONY FABULLOSO,OS FABULLOSOS,0.0,,62.7795,,,,,62779500,627795
Band,band UNIFICADO out dez 2023 jan fev 2024.xls,Relatorio_UBEM,JOGO ABERTO,2024-01-01,,,,THE FUTURE RAVE,APARECIDO JOAQUIM DE PAULA / LUCIANE GONCALVES CAEIRO,DJ PRODIGIO,0.0,,62.7795,,,,,62779500,627795
Band,band UNIFICADO out dez 2023 jan fev 2024.xls,Relatorio_UBEM,JOGO ABERTO,2024-01-01,,,,SELF CONTROL,GIANCARLO BIGAZZI / RAFAELE RIEFOLI / STEPHEN VICENT PICCOLO,DJ PRODIGIO,0.0,,62.7795,,,,,62779500,627795
Band,band UNIFICADO out dez 2023 jan fev 2024.xls,Relatorio_UBEM,JOGO ABERTO,2024-01-01,,,,BABY SHARK,PINKFONG,BABY SHARK,0.0,,62.7795,,,,,62779500,627795
Band,band UNIFICADO out dez 2023 jan fev 2024.xls,Relatorio_UBEM,JOGO ABERTO,2024-01-01,,,,PEQUENO MAPA DO TEMPO,ANTONIO CARLOS BELCHIOR,BELCHIOR,0.0,,62.7795,,,,,62779500,627795
Band,band UNIFICADO out dez 2023 jan fev 2024.xls,Relatorio_UBEM,JOGO ABERTO,2024-01-01,,,,TROPA DO FLU,DIONATAN MARQUES/ EDUARDO MARIN/ EZEQUIEL VIEIRA/ KATY WIN/ ROGERIO FERRARI,MOZA,0.0,,62.7795,,,,,62779500,627795
Band,band UNIFICADO out dez 2023 jan fev 2024.xls,Relatorio_UBEM,JOGO ABERTO,2024-01-02,,,,CABECINHA NO OMBRO,FAGNER,FAGNER,0.0,,62.7795,,,,,62779500,627795
Band,band UNIFICADO out dez 2023 jan fev 2024.xls,Relatorio_UBEM,JOGO ABERTO,2024-01-02,,,,VEM NO PASSINHO DO SACI,MC EZ,MC EZ,0.0,,62.7795,,,,,62779500,627795
Band,band UNIFICADO out dez 2023 jan fev 2024.xls,Relatorio_UBEM,JOGO ABERTO,2024-01-02,,,,PALMEIRAS NAO TEM MAIS RIVAL,JAHMAI,TONINHO / GIDEAO / JAHMAI,0.0,,62.7795,,,,,62779500,627795
Band,band UNIFICADO out dez 2023 jan fev 2024.xls,Relatorio_UBEM,JOGO ABERTO,2024-01-02,,,,VAMOS VAMOS PORCO,DG FABULLOSO/ GN FABULLOSO/ LEONY FABULLOSO,OS FABULLOSOS,0.0,,62.7795,,,,,62779500,627795
Band,band UNIFICADO out dez 2023 jan fev 2024.xls,Relatorio_UBEM,JOGO ABERTO,2024-01-02,,,,GLORIOSO BOTAFOGO,FORMULA INDY,MC COLERINHO,0.0,,62.7795,,,,,62779500,627795
Band,band UNIFICADO out dez 2023 jan fev 2024.xls,Relatorio_UBEM,JOGO ABERTO,2024-01-02,,,,SOMOS FIEIS ATE MORRER,DHEMA,DHEMA / ERNESTO TEIXEIRA,0.0,,62.7795,,,,,62779500,627795
Band,band UNIFICADO out dez 2023 jan fev 2024.xls,Relatorio_UBEM,JOGO ABERTO,2024-01-02,,,,FUNK DO GALO DOIDO,BLACK JUNIOR,MC TON,0.0,,62.7795,,,,,62779500,627795
Band,band UNIFICADO out dez 2023 jan fev 2024.xls,Relatorio_UBEM,JOGO ABERTO,2024-01-02,,,,IL SILENZIO,NINI ROSSO,NINI ROSSO,0.0,,62.7795,,,,,62779500,627795
Band,band UNIFICADO out dez 2023 jan fev 2024.xls,Relatorio_UBEM,JOGO ABERTO,2024-01-02,,,,THE FUTURE ,ALOK,DJ PRODIGIO,0.0,,62.7795,,,,,62779500,627795
Band,band UNIFICADO out dez 2023 jan fev 2024.xls,Relatorio_UBEM,JOGO ABERTO,2024-01-02,,,,ISSO AQUI E O MENGAO,DG FABULLOSO/ GN FABULLOSO/ LEONY FABULLOSO,OS FABULLOSOS,0.0,,62.7795,,,,,62779500,627795
Band,band UNIFICADO out dez 2023 jan fev 2024.xls,Relatorio_UBEM,JOGO ABERTO,2024-01-03,,,,LEVITATING,DUA LIPA/,DUA LIPA,0.0,,62.7795,,,,,62779500,627795
Band,band UNIFICADO out dez 2023 jan fev 2024.xls,Relatorio_UBEM,JOGO ABERTO,2024-01-03,,,,SEVEN NATION ARMY,JACK WHITE,THE CONCERT,0.0,,62.7795,,,,,62779500,627795
Band,band UNIFICADO out dez 2023 jan fev 2024.xls,Relatorio_UBEM,JOGO ABERTO,2024-01-03,,,,SHE WOLF                                          ,SHAKIRA/JOHN GRAHAM HILL/SAMUEL ENDICOTT,SHAKIRA,0.0,,62.7795,,,,,62779500,627795
Band,band UNIFICADO out dez 2023 jan fev 2024.xls,Relatorio_UBEM,JOGO ABERTO,2024-01-03,,,,RENATA FAN DANCE,DJ PRODIGIO,GIANCARLO / RAPHAEL,0.0,,62.7795,,,,,62779500,627795
Band,band UNIFICADO out dez 2023 jan fev 2024.xls,Relatorio_UBEM,JOGO ABERTO,2024-01-03,,,,QUANDO GIRA O MUNDO,ROSA MARIA GIRON,FABIO JR,0.0,,62.7795,,,,,62779500,627795
Band,band UNIFICADO out dez 2023 jan fev 2024.xls,Relatorio_UBEM,JOGO ABERTO,2024-01-03,,,,SOMOS FIEIS ATE MORRER,DHEMA,DHEMA / ERNESTO TEIXEIRA,0.0,,62.7795,,,,,62779500,627795
Band,band UNIFICADO out dez 2023 jan fev 2024.xls,Relatorio_UBEM,JOGO ABERTO,2024-01-03,,,,VAMOS VAMOS PORCO,DG FABULLOSO/ GN FABULLOSO/ LEONY FABULLOSO,OS FABULLOSOS,0.0,,62.7795,,,,,62779500,627795
Band,band UNIFICADO out dez 2023 jan fev 2024.xls,Relatorio_UBEM,JOGO ABERTO,2024-01-03,,,,MENINOS DA VILA,LUCAS RAMOS CAMARGO FAUSTINO/ OSMAR DA SILVA FERREIRA/ VANILDO VICENTE SILVA FILHO/ ANTONIO RENATO PEREIRA DA CRUZ/ WELLITON CESAR MARCONDES MORAES,MC DIGUINHO,0.0,,62.7795,,,,,62779500,627795
Band,band UNIFICADO out dez 2023 jan fev 2024.xls,Relatorio_UBEM,JOGO ABERTO,2024-01-03,,,,GLORIOSO BOTAFOGO,FORMULA INDY,MC COLERINHO,0.0,,62.7795,,,,,62779500,627795
Band,band UNIFICADO out dez 2023 jan fev 2024.xls,Relatorio_UBEM,JOGO ABERTO,2024-01-03,,,,THE FUTURE RAVE,APARECIDO JOAQUIM DE PAULA / LUCIANE GONCALVES CAEIRO,DJ PRODIGIO,0.0,,62.7795,,,,,62779500,627795
Band,band UNIFICADO out dez 2023 jan fev 2024.xls,Relatorio_UBEM,JOGO ABERTO,2024-01-04,,,,RENATA FAN DANCE,DJ PRODIGIO,GIANCARLO / RAPHAEL,0.0,,62.7795,,,,,62779500,627795
Band,band UNIFICADO out dez 2023 jan fev 2024.xls,Relatorio_UBEM,JOGO ABERTO,2024-01-04,,,,QUANDO GIRA O MUNDO,ROSA MARIA GIRON,FABIO JR,0.0,,62.7795,,,,,62779500,627795
Band,band UNIFICADO out dez 2023 jan fev 2024.xls,Relatorio_UBEM,JOGO ABERTO,2024-01-04,,,,VEM NO PASSINHO DO SACI,MC EZ,MC EZ,0.0,,62.7795,,,,,62779500,627795
Band,band UNIFICADO out dez 2023 jan fev 2024.xls,Relatorio_UBEM,JOGO ABERTO,2024-01-04,,,,SOMOS FIEIS ATE MORRER,DHEMA,DHEMA / ERNESTO TEIXEIRA,0.0,,62.7795,,,,,62779500,627795
Band,band UNIFICADO out dez 2023 jan fev 2024.xls,Relatorio_UBEM,JOGO ABERTO,2024-01-04,,,,AQUELE ABRAÇO                                     ,GILBERTO GIL,GILBERTO GIL,0.0,,62.7795,,,,,62779500,627795
Band,band UNIFICADO out dez 2023 jan fev 2024.xls,Relatorio_UBEM,JOGO ABERTO,2024-01-04,,,,VAMOS VAMOS PORCO,DG FABULLOSO/ GN FABULLOSO/ LEONY FABULLOSO,OS FABULLOSOS,0.0,,62.7795,,,,,62779500,627795
Band,band UNIFICADO out dez 2023 jan fev 2024.xls,Relatorio_UBEM,JOGO ABERTO,2024-01-04,,,,ONDE ESTÁ O ROCK AND ROLL,RONALDO E OS IMPEDIDOS,RONALDO E OS IMPEDIDOS,0.0,,62.7795,,,,,62779500,627795
Band,band UNIFICADO out dez 2023 jan fev 2024.xls,Relatorio_UBEM,JOGO ABERTO,2024-01-05,,,,RENATA FAN DANCE,DJ PRODIGIO,GIANCARLO / RAPHAEL,0.0,,62.7795,,,,,62779500,627795
Band,band UNIFICADO out dez 2023 jan fev 2024.xls,Relatorio_UBEM,JOGO ABERTO,2024-01-05,,,,VAMOS VAMOS PORCO,DG FABULLOSO/ GN FABULLOSO/ LEONY FABULLOSO,OS FABULLOSOS,0.0,,62.7795,,,,,62779500,627795
Band,band UNIFICADO out dez 2023 jan fev 2024.xls,Relatorio_UBEM,JOGO ABERTO,2024-01-05,,,,SELF CONTROL,GIANCARLO BIGAZZI / RAFAELE RIEFOLI / STEPHEN VICENT PICCOLO,DJ PRODIGIO,0.0,,62.7795,,,,,62779500,627795
Band,band UNIFICADO out dez 2023 jan fev 2024.xls,Relatorio_UBEM,JOGO ABERTO,2024-01-05,,,,SOMOS FIEIS ATE MORRER,DHEMA,DHEMA / ERNESTO TEIXEIRA,0.0,,62.7795,,,,,62779500,627795
Band,band UNIFICADO out dez 2023 jan fev 2024.xls,Relatorio_UBEM,JOGO ABERTO,2024-01-05,,,,QUANDO GIRA O MUNDO,ROSA MARIA GIRON,FABIO JR,0.0,,62.7795,,,,,62779500,627795
Band,band UNIFICADO out dez 2023 jan fev 2024.xls,Relatorio_UBEM,JOGO ABERTO,2024-01-08,,,,SEVEN NATION ARMY,JACK WHITE,THE CONCERT,0.0,,62.7795,,,,,62779500,627795
Band,band UNIFICADO out dez 2023 jan fev 2024.xls,Relatorio_UBEM,JOGO ABERTO,2024-01-08,,,,RENATA FAN DANCE,DJ PRODIGIO,GIANCARLO / RAPHAEL,0.0,,62.7795,,,,,62779500,627795
Band,band UNIFICADO out dez 2023 jan fev 2024.xls,Relatorio_UBEM,JOGO ABERTO,2024-01-08,,,,ISSO AQUI E O MENGAO,DG FABULLOSO/ GN FABULLOSO/ LEONY FABULLOSO,OS FABULLOSOS,0.0,,62.7795,,,,,62779500,627795
Band,band UNIFICADO out dez 2023 jan fev 2024.xls,Relatorio_UBEM,JOGO ABERTO,2024-01-08,,,,SER FLAMENGO E MUITO BOM,OS FABULLOSOS,OS FABULLOSOS,0.0,,62.7795,,,,,62779500,627795
Band,band UNIFICADO out dez 2023 jan fev 2024.xls,Relatorio_UBEM,JOGO ABERTO,2024-01-08,,,,O MILIONARIO,OS INCRIVEIS,OS INCRÍVEIS,0.0,,62.7795,,,,,62779500,627795
Band,band UNIFICADO out dez 2023 jan fev 2024.xls,Relatorio_UBEM,JOGO ABERTO,2024-01-08,,,,MILIONARIO,CHAY MOARES / AMANDA VALVERDE / DIEGO YURE / JOÃO VITOR,TARCICIO / GUILHERME E BELUTO,0.0,,62.7795,,,,,62779500,627795
Band,band UNIFICADO out dez 2023 jan fev 2024.xls,Relatorio_UBEM,JOGO ABERTO,2024-01-08,,,,FLAMENGO MALVADAO,JOKER BEATS / DJ DUDU COUPPER,MC KORINGA,0.0,,62.7795,,,,,62779500,627795
Band,band UNIFICADO out dez 2023 jan fev 2024.xls,Relatorio_UBEM,JOGO ABERTO,2024-01-08,,,,VAMOS VAMOS PORCO,DG FABULLOSO/ GN FABULLOSO/ LEONY FABULLOSO,OS FABULLOSOS,0.0,,62.7795,,,,,62779500,627795
Band,band UNIFICADO out dez 2023 jan fev 2024.xls,Relatorio_UBEM,JOGO ABERTO,2024-01-08,,,,SOMOS FIEIS ATE MORRER,DHEMA,DHEMA / ERNESTO TEIXEIRA,0.0,,62.7795,,,,,62779500,627795
Band,band UNIFICADO out dez 2023 jan fev 2024.xls,Relatorio_UBEM,JOGO ABERTO,2024-01-08,,,,HOT SUMMER NIGHT,DJ PRODIGIO,DJ PRODIGIO,0.0,,62.7795,,,,,62779500,627795
Band,band UNIFICADO out dez 2023 jan fev 2024.xls,Relatorio_UBEM,JOGO ABERTO,2024-01-08,,,,TROPA DO FLU,DIONATAN MARQUES/ EDUARDO MARIN/ EZEQUIEL VIEIRA/ KATY WIN/ ROGERIO FERRARI,MOZA,0.0,,62.7795,,,,,62779500,627795
Band,band UNIFICADO out dez 2023 jan fev 2024.xls,Relatorio_UBEM,JOGO ABERTO,2024-01-09,,,,RENATA FAN DANCE,DJ PRODIGIO,GIANCARLO / RAPHAEL,0.0,,62.7795,,,,,62779500,627795
Band,band UNIFICADO out dez 2023 jan fev 2024.xls,Relatorio_UBEM,JOGO ABERTO,2024-01-09,,,,THE FUTURE ,ALOK,DJ PRODIGIO,0.0,,62.7795,,,,,62779500,627795
Band,band UNIFICADO out dez 2023 jan fev 2024.xls,Relatorio_UBEM,JOGO ABERTO,2024-01-09,,,,HOT SUMMER NIGHT,DJ PRODIGIO,DJ PRODIGIO,0.0,,62.7795,,,,,62779500,627795
Band,band UNIFICADO out dez 2023 jan fev 2024.xls,Relatorio_UBEM,JOGO ABERTO,2024-01-09,,,,DALE VASCO,FERNANDO ANTONIO MARTINS PINHEIRO / JOAO ARTHUR MERENHOLZ DE AQUINO / JOSE EDUARDO HOMEM DE MELLO / VITOR ROCHA BROGGINI,MC 2L,0.0,,62.7795,,,,,62779500,627795
Band,band UNIFICADO out dez 2023 jan fev 2024.xls,Relatorio_UBEM,JOGO ABERTO,2024-01-09,,,,SOMOS FIEIS ATE MORRER,DHEMA,DHEMA / ERNESTO TEIXEIRA,0.0,,62.7795,,,,,62779500,627795
Band,band UNIFICADO out dez 2023 jan fev 2024.xls,Relatorio_UBEM,JOGO ABERTO,2024-01-09,,,,MILIONARIO,CHAY MOARES / AMANDA VALVERDE / DIEGO YURE / JOÃO VITOR,TARCICIO / GUILHERME E BELUTO,0.0,,62.7795,,,,,62779500,627795
Band,band UNIFICADO out dez 2023 jan fev 2024.xls,Relatorio_UBEM,JOGO ABERTO,2024-01-09,,,,HOT SUMMER NIGHT,DJ PRODIGIO,DJ PRODIGIO,0.0,,62.7795,,,,,62779500,627795
Band,band UNIFICADO out dez 2023 jan fev 2024.xls,Relatorio_UBEM,JOGO ABERTO,2024-01-09,,,,TCHE TCHE RE RE,GUSTTAVO LIMA,GUSTAVO LIMA,0.0,,62.7795,,,,,62779500,627795
Band,band UNIFICADO out dez 2023 jan fev 2024.xls,Relatorio_UBEM,JOGO ABERTO,2024-01-09,,,,TROPA DO FLU,DIONATAN MARQUES/ EDUARDO MARIN/ EZEQUIEL VIEIRA/ KATY WIN/ ROGERIO FERRARI,MOZA,0.0,,62.7795,,,,,62779500,627795
Band,band UNIFICADO out dez 2023 jan fev 2024.xls,Relatorio_UBEM,JOGO ABERTO,2024-01-09,,,,GLORIOSO BOTAFOGO,FORMULA INDY,MC COLERINHO,0.0,,62.7795,,,,,62779500,627795
Band,band UNIFICADO out dez 2023 jan fev 2024.xls,Relatorio_UBEM,JOGO ABERTO,2024-01-09,,,,SER FLAMENGO E MUITO BOM,OS FABULLOSOS,OS FABULLOSOS,0.0,,62.7795,,,,,62779500,627795
Band,band UNIFICADO out dez 2023 jan fev 2024.xls,Relatorio_UBEM,JOGO ABERTO,2024-01-10,,,,SEVEN NATION ARMY,JACK WHITE,THE CONCERT,0.0,,62.7795,,,,,62779500,627795
Band,band UNIFICADO out dez 2023 jan fev 2024.xls,Relatorio_UBEM,JOGO ABERTO,2024-01-10,,,,ONDE ESTÁ O ROCK AND ROLL,RONALDO E OS IMPEDIDOS,RONALDO E OS IMPEDIDOS,0.0,,62.7795,,,,,62779500,627795
Band,band UNIFICADO out dez 2023 jan fev 2024.xls,Relatorio_UBEM,JOGO ABERTO,2024-01-10,,,,THE FUTURE RAVE,APARECIDO JOAQUIM DE PAULA / LUCIANE GONCALVES CAEIRO,DJ PRODIGIO,0.0,,62.7795,,,,,62779500,627795
Band,band UNIFICADO out dez 2023 jan fev 2024.xls,Relatorio_UBEM,JOGO ABERTO,2024-01-10,,,,BABY I M THE CAT TECHNO,DJ PRODIGIO,TECHNOHEAD,0.0,,62.7795,,,,,62779500,627795
Band,band UNIFICADO out dez 2023 jan fev 2024.xls,Relatorio_UBEM,JOGO ABERTO,2024-01-10,,,,TE FELICITO,SHAKIRA / RAUW ALEJANDRO / ALBERTO CARLOS MELENDEZ / ANDRES URIBE MARIN / ANDRES MAURICIO ACOSTA / KEVYN MAURICIO CRUZ MORENO / LENIN YORNEY PALACIOS,SHAKIRA,0.0,,62.7795,,,,,62779500,627795
Band,band UNIFICADO out dez 2023 jan fev 2024.xls,Relatorio_UBEM,JOGO ABERTO,2024-01-10,,,,HOT SUMMER NIGHT,DJ PRODIGIO,DJ PRODIGIO,0.0,,62.7795,,,,,62779500,627795
Band,band UNIFICADO out dez 2023 jan fev 2024.xls,Relatorio_UBEM,JOGO ABERTO,2024-01-10,,,,SOMOS FIEIS ATE MORRER,DHEMA,DHEMA / ERNESTO TEIXEIRA,0.0,,62.7795,,,,,62779500,627795
Band,band UNIFICADO out dez 2023 jan fev 2024.xls,Relatorio_UBEM,JOGO ABERTO,2024-01-10,,,,SER FLAMENGO E MUITO BOM,OS FABULLOSOS,OS FABULLOSOS,0.0,,62.7795,,,,,62779500,627795
Band,band UNIFICADO out dez 2023 jan fev 2024.xls,Relatorio_UBEM,JOGO ABERTO,2024-01-11,,,,SEVEN NATION ARMY,THE WHITE STRIPES,THE CONCERT,0.0,,62.7795,,,,,62779500,627795
Band,band UNIFICADO out dez 2023 jan fev 2024.xls,Relatorio_UBEM,JOGO ABERTO,2024-01-11,,,,RENATA FAN DANCE,DJ PRODIGIO,GIANCARLO / RAPHAEL,0.0,,62.7795,,,,,62779500,627795
Band,band UNIFICADO out dez 2023 jan fev 2024.xls,Relatorio_UBEM,JOGO ABERTO,2024-01-11,,,,TROPA DO FLU,DIONATAN MARQUES/ EDUARDO MARIN/ EZEQUIEL VIEIRA/ KATY WIN/ ROGERIO FERRARI,MOZA,0.0,,62.7795,,,,,62779500,627795
Band,band UNIFICADO out dez 2023 jan fev 2024.xls,Relatorio_UBEM,JOGO ABERTO,2024-01-11,,,,SOMOS FIEIS ATE MORRER,DHEMA,DHEMA / ERNESTO TEIXEIRA,0.0,,62.7795,,,,,62779500,627795
Band,band UNIFICADO out dez 2023 jan fev 2024.xls,Relatorio_UBEM,JOGO ABERTO,2024-01-11,,,,VAMOS VAMOS PORCO,DG FABULLOSO/ GN FABULLOSO/ LEONY FABULLOSO,OS FABULLOSOS,0.0,,62.7795,,,,,62779500,627795
Band,band UNIFICADO out dez 2023 jan fev 2024.xls,Relatorio_UBEM,JOGO ABERTO,2024-01-12,,,,SEVEN NATION AMY,THE WHITE STRIPES,THE CONCERT,0.0,,62.7795,,,,,62779500,627795
Band,band UNIFICADO out dez 2023 jan fev 2024.xls,Relatorio_UBEM,JOGO ABERTO,2024-01-12,,,,SOMOS FIEIS ATE MORRER,DHEMA,DHEMA / ERNESTO TEIXEIRA,0.0,,62.7795,,,,,62779500,627795
Band,band UNIFICADO out dez 2023 jan fev 2024.xls,Relatorio_UBEM,JOGO ABERTO,2024-01-12,,,,SEXTOU SEXTOU,LEONARDO CASAGRANDE DA SILVA,ULISSES SALVADOR,0.0,,62.7795,,,,,62779500,627795
Band,band UNIFICADO out dez 2023 jan fev 2024.xls,Relatorio_UBEM,JOGO ABERTO,2024-01-12,,,,ONDE ESTÁ O ROCK AND ROLL,RONALDO E OS IMPEDIDOS,RONALDO E OS IMPEDIDOS,0.0,,62.7795,,,,,62779500,627795
Band,band UNIFICADO out dez 2023 jan fev 2024.xls,Relatorio_UBEM,JOGO ABERTO,2024-01-12,,,,THE FUTURE RAVE,APARECIDO JOAQUIM DE PAULA / LUCIANE GONCALVES CAEIRO,DJ PRODIGIO,0.0,,62.7795,,,,,62779500,627795
Band,band UNIFICADO out dez 2023 jan fev 2024.xls,Relatorio_UBEM,JOGO ABERTO,2024-01-12,,,,Dance The Night,DUA LIPA,DUA LIPA,0.0,,62.7795,,,,,62779500,627795
Band,band UNIFICADO out dez 2023 jan fev 2024.xls,Relatorio_UBEM,JOGO ABERTO,2024-01-12,,,,ISSO AQUI E O MENGAO,DG FABULLOSO/ GN FABULLOSO/ LEONY FABULLOSO,OS FABULLOSOS,0.0,,62.7795,,,,,62779500,627795
Band,band UNIFICADO out dez 2023 jan fev 2024.xls,Relatorio_UBEM,JOGO ABERTO,2024-01-15,,,,RENATA FAN DANCE,DJ PRODIGIO,GIANCARLO / RAPHAEL,0.0,,62.7795,,,,,62779500,627795
Band,band UNIFICADO out dez 2023 jan fev 2024.xls,Relatorio_UBEM,JOGO ABERTO,2024-01-15,,,,SEVEN NATION ARMY,THE WHITE STRIPES,THE CONCERT,0.0,,62.7795,,,,,62779500,627795
Band,band UNIFICADO out dez 2023 jan fev 2024.xls,Relatorio_UBEM,JOGO ABERTO,2024-01-15,,,,OI NOIS AKI TRAVEIZ,DEMONIOS DA GAROA,DEMONIOS DA GAROA,0.0,,62.7795,,,,,62779500,627795
Band,band UNIFICADO out dez 2023 jan fev 2024.xls,Relatorio_UBEM,JOGO ABERTO,2024-01-15,,,,MONOTONIA,SHAKIRA ISABEL MEBARAK RIPOLL / JAN CARLOS OZUNA ROSADO / KEVYN MAURICIO CRUZ MORENO / SERGIO ROBLEDO ARANGO / ALEJANDRO ROBLEDO VALENCIA / CRISTIAN CAMILO ALVAREZ,SHAKIRA,0.0,,62.7795,,,,,62779500,627795
Band,band UNIFICADO out dez 2023 jan fev 2024.xls,Relatorio_UBEM,JOGO ABERTO,2024-01-15,,,,SER FLAMENGO E MUITO BOM,OS FABULLOSOS,OS FABULLOSOS,0.0,,62.7795,,,,,62779500,627795
Band,band UNIFICADO out dez 2023 jan fev 2024.xls,Relatorio_UBEM,JOGO ABERTO,2024-01-15,,,,OJOS ASI                                          ,SHAKIRA / PABLO FLORES / JAVIER GARZA,JUJU SCARLET,0.0,,62.7795,,,,,62779500,627795
Band,band UNIFICADO out dez 2023 jan fev 2024.xls,Relatorio_UBEM,JOGO ABERTO,2024-01-15,,,,SE NAO FOSSE TEU AMOR,ANTONIO CARLOS DE FREITAS JUNIOR,JUNINHO BLACK,0.0,,62.7795,,,,,62779500,627795
Band,band UNIFICADO out dez 2023 jan fev 2024.xls,Relatorio_UBEM,JOGO ABERTO,2024-01-15,,,,PALMEIRAS NAO TEM MAIS RIVAL,JAHMAI,TONINHO / GIDEAO / JAHMAI,0.0,,62.7795,,,,,62779500,627795
Band,band UNIFICADO out dez 2023 jan fev 2024.xls,Relatorio_UBEM,JOGO ABERTO,2024-01-16,,,,RENATA FAN DANCE,DJ PRODIGIO,GIANCARLO / RAPHAEL,0.0,,62.7795,,,,,62779500,627795
Band,band UNIFICADO out dez 2023 jan fev 2024.xls,Relatorio_UBEM,JOGO ABERTO,2024-01-16,,,,SEVEN NATION ARMY,THE WHITE STRIPES,THE CONCERT,0.0,,62.7795,,,,,62779500,627795
Band,band UNIFICADO out dez 2023 jan fev 2024.xls,Relatorio_UBEM,JOGO ABERTO,2024-01-16,,,,TROPA DO FLU,DIONATAN MARQUES/ EDUARDO MARIN/ EZEQUIEL VIEIRA/ KATY WIN/ ROGERIO FERRARI,MOZA,0.0,,62.7795,,,,,62779500,627795
Band,band UNIFICADO out dez 2023 jan fev 2024.xls,Relatorio_UBEM,JOGO ABERTO,2024-01-16,,,,SE NAO FOSSE TEU AMOR,ANTONIO CARLOS DE FREITAS JUNIOR,JUNINHO BLACK,0.0,,62.7795,,,,,62779500,627795
Band,band UNIFICADO out dez 2023 jan fev 2024.xls,Relatorio_UBEM,JOGO ABERTO,2024-01-16,,,,SHE WOLF                                          ,SHAKIRA/JOHN GRAHAM HILL/SAMUEL ENDICOTT,SHAKIRA,0.0,,62.7795,,,,,62779500,627795
Band,band UNIFICADO out dez 2023 jan fev 2024.xls,Relatorio_UBEM,JOGO ABERTO,2024-01-17,,,,RENATA FAN DANCE,DJ PRODIGIO,GIANCARLO / RAPHAEL,0.0,,62.7795,,,,,62779500,627795
Band,band UNIFICADO out dez 2023 jan fev 2024.xls,Relatorio_UBEM,JOGO ABERTO,2024-01-17,,,,SEVEN NATION ARMY,THE WHITE STRIPES,THE CONCERT,0.0,,62.7795,,,,,62779500,627795
Band,band UNIFICADO out dez 2023 jan fev 2024.xls,Relatorio_UBEM,JOGO ABERTO,2024-01-17,,,,TA OK,KEVIN O CHRIS,DENNIS/ KEVIN O CHRIS,0.0,,62.7795,,,,,62779500,627795
Band,band UNIFICADO out dez 2023 jan fev 2024.xls,Relatorio_UBEM,JOGO ABERTO,2024-01-17,,,,THE FUTURE RAVE,APARECIDO JOAQUIM DE PAULA / LUCIANE GONCALVES CAEIRO,DJ PRODIGIO,0.0,,62.7795,,,,,62779500,627795
Band,band UNIFICADO out dez 2023 jan fev 2024.xls,Relatorio_UBEM,JOGO ABERTO,2024-01-17,,,,DUA LAPA DANCE THE NIGHT,CACÁ BLOISE / EDUARDO FILIPOVICH/,DUA LIPA,0.0,,62.7795,,,,,62779500,627795
Band,band UNIFICADO out dez 2023 jan fev 2024.xls,Relatorio_UBEM,JOGO ABERTO,2024-01-17,,,,TROPA DO FLU,DIONATAN MARQUES/ EDUARDO MARIN/ EZEQUIEL VIEIRA/ KATY WIN/ ROGERIO FERRARI,MOZA,0.0,,62.7795,,,,,62779500,627795
Band,band UNIFICADO out dez 2023 jan fev 2024.xls,Relatorio_UBEM,JOGO ABERTO,2024-01-17,,,,VAMOS VAMOS PORCO,DG FABULLOSO/ GN FABULLOSO/ LEONY FABULLOSO,OS FABULLOSOS,0.0,,62.7795,,,,,62779500,627795
Band,band UNIFICADO out dez 2023 jan fev 2024.xls,Relatorio_UBEM,JOGO ABERTO,2024-01-17,,,,HOT SUMMER NIGHT,DJ PRODIGIO,DJ PRODIGIO,0.0,,62.7795,,,,,62779500,627795
Band,band UNIFICADO out dez 2023 jan fev 2024.xls,Relatorio_UBEM,JOGO ABERTO,2024-01-18,,,,RENATA FAN DANCE,DJ PRODIGIO,GIANCARLO / RAPHAEL,0.0,,62.7795,,,,,62779500,627795
Band,band UNIFICADO out dez 2023 jan fev 2024.xls,Relatorio_UBEM,JOGO ABERTO,2024-01-18,,,,SEVEN NATION ARMY,THE WHITE STRIPES,THE CONCERT,0.0,,62.7795,,,,,62779500,627795
Band,band UNIFICADO out dez 2023 jan fev 2024.xls,Relatorio_UBEM,JOGO ABERTO,2024-01-18,,,,TROPA DO FLU,DIONATAN MARQUES/ EDUARDO MARIN/ EZEQUIEL VIEIRA/ KATY WIN/ ROGERIO FERRARI,MOZA,0.0,,62.7795,,,,,62779500,627795
Band,band UNIFICADO out dez 2023 jan fev 2024.xls,Relatorio_UBEM,JOGO ABERTO,2024-01-18,,,,TROPA DO FLU,DIONATAN MARQUES/ EDUARDO MARIN/ EZEQUIEL VIEIRA/ KATY WIN/ ROGERIO FERRARI,MOZA,0.0,,62.7795,,,,,62779500,627795
Band,band UNIFICADO out dez 2023 jan fev 2024.xls,Relatorio_UBEM,JOGO ABERTO,2024-01-18,,,,SOMOS FIEIS ATE MORRER,DHEMA,DHEMA / ERNESTO TEIXEIRA,0.0,,62.7795,,,,,62779500,627795
Band,band UNIFICADO out dez 2023 jan fev 2024.xls,Relatorio_UBEM,JOGO ABERTO,2024-01-18,,,,SE EU LARGAR O FREIO,CARLOS CAETANO/ CLAUDEMIR/ MARQUINHO ÍNDIO,PERICLES,0.0,,62.7795,,,,,62779500,627795
Band,band UNIFICADO out dez 2023 jan fev 2024.xls,Relatorio_UBEM,JOGO ABERTO,2024-01-18,,,,TROPA DO FLU,DIONATAN MARQUES/ EDUARDO MARIN/ EZEQUIEL VIEIRA/ KATY WIN/ ROGERIO FERRARI,MOZA,0.0,,62.7795,,,,,62779500,627795
Band,band UNIFICADO out dez 2023 jan fev 2024.xls,Relatorio_UBEM,JOGO ABERTO,2024-01-18,,,,PALMEIRAS NAO TEM MAIS RIVAL,JAHMAI,TONINHO / GIDEAO / JAHMAI,0.0,,62.7795,,,,,62779500,627795
Band,band UNIFICADO out dez 2023 jan fev 2024.xls,Relatorio_UBEM,JOGO ABERTO,2024-01-19,,,,SEVEN NATION ARMY,THE WHITE STRIPES,THE CONCERT,0.0,,62.7795,,,,,62779500,627795
Band,band UNIFICADO out dez 2023 jan fev 2024.xls,Relatorio_UBEM,JOGO ABERTO,2024-01-19,,,,RENATA FAN DANCE,DJ PRODIGIO,GIANCARLO / RAPHAEL,0.0,,62.7795,,,,,62779500,627795
Band,band UNIFICADO out dez 2023 jan fev 2024.xls,Relatorio_UBEM,JOGO ABERTO,2024-01-19,,,,TROPA DO FLU,DIONATAN MARQUES/ EDUARDO MARIN/ EZEQUIEL VIEIRA/ KATY WIN/ ROGERIO FERRARI,MOZA,0.0,,62.7795,,,,,62779500,627795
Band,band UNIFICADO out dez 2023 jan fev 2024.xls,Relatorio_UBEM,JOGO ABERTO,2024-01-19,,,,SOMOS FIEIS ATE MORRER,DHEMA,DHEMA / ERNESTO TEIXEIRA,0.0,,62.7795,,,,,62779500,627795
Band,band UNIFICADO out dez 2023 jan fev 2024.xls,Relatorio_UBEM,JOGO ABERTO,2024-01-19,,,,SEXTOU SEXTOU,LEONARDO CASAGRANDE DA SILVA,ULISSES SALVADOR,0.0,,62.7795,,,,,62779500,627795
Band,band UNIFICADO out dez 2023 jan fev 2024.xls,Relatorio_UBEM,JOGO ABERTO,2024-01-19,,,,VEM NO PASSINHO DO SACI,MC EZ,MC EZ,0.0,,62.7795,,,,,62779500,627795
Band,band UNIFICADO out dez 2023 jan fev 2024.xls,Relatorio_UBEM,JOGO ABERTO,2024-01-22,,,,RENATA FAN DANCE,DJ PRODIGIO,GIANCARLO / RAPHAEL,0.0,,62.7795,,,,,62779500,627795
Band,band UNIFICADO out dez 2023 jan fev 2024.xls,Relatorio_UBEM,JOGO ABERTO,2024-01-22,,,,SEVEN NATION ARMY,THE WHITE STRIPES,THE CONCERT,0.0,,62.7795,,,,,62779500,627795
Band,band UNIFICADO out dez 2023 jan fev 2024.xls,Relatorio_UBEM,JOGO ABERTO,2024-01-22,,,,IL SILENZIO,NINI ROSSO,NINI ROSSO,0.0,,62.7795,,,,,62779500,627795
Band,band UNIFICADO out dez 2023 jan fev 2024.xls,Relatorio_UBEM,JOGO ABERTO,2024-01-22,,,,TROPA DO FLU,DIONATAN MARQUES/ EDUARDO MARIN/ EZEQUIEL VIEIRA/ KATY WIN/ ROGERIO FERRARI,MOZA,0.0,,62.7795,,,,,62779500,627795
Band,band UNIFICADO out dez 2023 jan fev 2024.xls,Relatorio_UBEM,JOGO ABERTO,2024-01-22,,,,SOMOS FIEIS ATE MORRER,DHEMA,DHEMA / ERNESTO TEIXEIRA,0.0,,62.7795,,,,,62779500,627795
Band,band UNIFICADO out dez 2023 jan fev 2024.xls,Relatorio_UBEM,JOGO ABERTO,2024-01-22,,,,NEM AS PAREDES CONFESSO,AMALIA AT THE PARIS OLYMPI,AMALIA RODRIGUES,0.0,,62.7795,,,,,62779500,627795
Band,band UNIFICADO out dez 2023 jan fev 2024.xls,Relatorio_UBEM,JOGO ABERTO,2024-01-22,,,,SER FLAMENGO E MUITO BOM,OS FABULLOSOS,OS FABULLOSOS,0.0,,62.7795,,,,,62779500,627795
Band,band UNIFICADO out dez 2023 jan fev 2024.xls,Relatorio_UBEM,JOGO ABERTO,2024-01-23,,,,MONOTONIA,SHAKIRA ISABEL MEBARAK RIPOLL / JAN CARLOS OZUNA ROSADO / KEVYN MAURICIO CRUZ MORENO / SERGIO ROBLEDO ARANGO / ALEJANDRO ROBLEDO VALENCIA / CRISTIAN CAMILO ALVAREZ,SHAKIRA,0.0,,62.7795,,,,,62779500,627795
Band,band UNIFICADO out dez 2023 jan fev 2024.xls,Relatorio_UBEM,JOGO ABERTO,2024-01-23,,,,SEVEN NATION ARMY,THE WHITE STRIPES,THE CONCERT,0.0,,62.7795,,,,,62779500,627795
Band,band UNIFICADO out dez 2023 jan fev 2024.xls,Relatorio_UBEM,JOGO ABERTO,2024-01-23,,,,HOT SUMMER NIGHT,DJ PRODIGIO,DJ PRODIGIO,0.0,,62.7795,,,,,62779500,627795
Band,band UNIFICADO out dez 2023 jan fev 2024.xls,Relatorio_UBEM,JOGO ABERTO,2024-01-23,,,,FUNK DO GALO DOIDO,BLACK JUNIOR,MC TON,0.0,,62.7795,,,,,62779500,627795
Band,band UNIFICADO out dez 2023 jan fev 2024.xls,Relatorio_UBEM,JOGO ABERTO,2024-01-23,,,,OUT OF YOUR LEAGUE BZRP,KEITYN / FRANCISCO ZECCA / GONZALO JULIÁN CONDE / SANTIAGO ALVARADO / SHAKIRA MEBARAK,BIZARRAP / SHAKIRA,0.0,,62.7795,,,,,62779500,627795
Band,band UNIFICADO out dez 2023 jan fev 2024.xls,Relatorio_UBEM,JOGO ABERTO,2024-01-23,,,,SOMOS FIEIS ATE MORRER,DHEMA,DHEMA / ERNESTO TEIXEIRA,0.0,,62.7795,,,,,62779500,627795
Band,band UNIFICADO out dez 2023 jan fev 2024.xls,Relatorio_UBEM,JOGO ABERTO,2024-01-23,,,,BABY I M THE CAT TECHNO,DJ PRODIGIO,DJ PRODIGIO,0.0,,62.7795,,,,,62779500,627795
Band,band UNIFICADO out dez 2023 jan fev 2024.xls,Relatorio_UBEM,JOGO ABERTO,2024-01-23,,,,VAMOS VAMOS PORCO,DG FABULLOSO/ GN FABULLOSO/ LEONY FABULLOSO,OS FABULLOSOS,0.0,,62.7795,,,,,62779500,627795
Band,band UNIFICADO out dez 2023 jan fev 2024.xls,Relatorio_UBEM,JOGO ABERTO,2024-01-23,,,,ISSO AQUI E O MENGAO,DG FABULLOSO/ GN FABULLOSO/ LEONY FABULLOSO,OS FABULLOSOS,0.0,,62.7795,,,,,62779500,627795
Band,band UNIFICADO out dez 2023 jan fev 2024.xls,Relatorio_UBEM,JOGO ABERTO,2024-01-24,,,,RENATA FAN DANCE,DJ PRODIGIO,GIANCARLO / RAPHAEL,0.0,,62.7795,,,,,62779500,627795
Band,band UNIFICADO out dez 2023 jan fev 2024.xls,Relatorio_UBEM,JOGO ABERTO,2024-01-24,,,,SEVEN NATION ARMY,THE WHITE STRIPES,THE CONCERT,0.0,,62.7795,,,,,62779500,627795
Band,band UNIFICADO out dez 2023 jan fev 2024.xls,Relatorio_UBEM,JOGO ABERTO,2024-01-24,,,,Dance The Night,DUA LIPA,DUA LIPA,0.0,,62.7795,,,,,62779500,627795
Band,band UNIFICADO out dez 2023 jan fev 2024.xls,Relatorio_UBEM,JOGO ABERTO,2024-01-24,,,,AQUARELA DO BRASIL,ARY BARROSO,ZE PAULO SOARES,0.0,,62.7795,,,,,62779500,627795
Band,band UNIFICADO out dez 2023 jan fev 2024.xls,Relatorio_UBEM,JOGO ABERTO,2024-01-24,,,,FUNK DO GALO DOIDO,BLACK JUNIOR,MC TON,0.0,,62.7795,,,,,62779500,627795
Band,band UNIFICADO out dez 2023 jan fev 2024.xls,Relatorio_UBEM,JOGO ABERTO,2024-01-24,,,,OUT OF YOUR LEAGUE BZRP,KEITYN / FRANCISCO ZECCA / GONZALO JULIÁN CONDE / SANTIAGO ALVARADO / SHAKIRA MEBARAK,BIZARRAP / SHAKIRA,0.0,,62.7795,,,,,62779500,627795
Band,band UNIFICADO out dez 2023 jan fev 2024.xls,Relatorio_UBEM,JOGO ABERTO,2024-01-24,,,,BABY I M THE CAT TECHNO,DJ PRODIGIO,DJ PRODIGIO,0.0,,62.7795,,,,,62779500,627795
Band,band UNIFICADO out dez 2023 jan fev 2024.xls,Relatorio_UBEM,JOGO ABERTO,2024-01-24,,,,AQUELE ABRACO,GILBERTO GIL,GILBERTO GIL,0.0,,62.7795,,,,,62779500,627795
Band,band UNIFICADO out dez 2023 jan fev 2024.xls,Relatorio_UBEM,JOGO ABERTO,2024-01-24,,,,VAMOS VAMOS PORCO,DG FABULLOSO/ GN FABULLOSO/ LEONY FABULLOSO,OS FABULLOSOS,0.0,,62.7795,,,,,62779500,627795
Band,band UNIFICADO out dez 2023 jan fev 2024.xls,Relatorio_UBEM,JOGO ABERTO,2024-01-24,,,,ISSO AQUI E O MENGAO,DG FABULLOSO/ GN FABULLOSO/ LEONY FABULLOSO,OS FABULLOSOS,0.0,,62.7795,,,,,62779500,627795
Band,band UNIFICADO out dez 2023 jan fev 2024.xls,Relatorio_UBEM,JOGO ABERTO,2024-01-25,,,,RENATA FAN DANCE,DJ PRODIGIO,GIANCARLO / RAPHAEL,0.0,,62.7795,,,,,62779500,627795
Band,band UNIFICADO out dez 2023 jan fev 2024.xls,Relatorio_UBEM,JOGO ABERTO,2024-01-25,,,,EH SAO PAULO,ALVARENGA E RANCHINHO,ALVARENGA E RANCHINHO,0.0,,62.7795,,,,,62779500,627795
Band,band UNIFICADO out dez 2023 jan fev 2024.xls,Relatorio_UBEM,JOGO ABERTO,2024-01-25,,,,SEVEN NATION ARMY,THE WHITE STRIPES,THE CONCERT,0.0,,62.7795,,,,,62779500,627795
Band,band UNIFICADO out dez 2023 jan fev 2024.xls,Relatorio_UBEM,JOGO ABERTO,2024-01-25,,,,JOGO ABERTO E MAIS QUE FUTEBOL,LUCIANO KIKAO,LUCIANO KIKAO,0.0,,62.7795,,,,,62779500,627795
Band,band UNIFICADO out dez 2023 jan fev 2024.xls,Relatorio_UBEM,JOGO ABERTO,2024-01-25,,,,BABY I M THE CAT TECHNO,DJ PRODIGIO,DJ PRODIGIO,0.0,,62.7795,,,,,62779500,627795
Band,band UNIFICADO out dez 2023 jan fev 2024.xls,Relatorio_UBEM,JOGO ABERTO,2024-01-25,,,,OUT OF YOUR LEAGUE BZRP,KEITYN / FRANCISCO ZECCA / GONZALO JULIÁN CONDE / SANTIAGO ALVARADO / SHAKIRA MEBARAK,BIZARRAP / SHAKIRA,0.0,,62.7795,,,,,62779500,627795
Band,band UNIFICADO out dez 2023 jan fev 2024.xls,Relatorio_UBEM,JOGO ABERTO,2024-01-25,,,,SOMOS FIEIS ATE MORRER,DHEMA,DHEMA / ERNESTO TEIXEIRA,0.0,,62.7795,,,,,62779500,627795
Band,band UNIFICADO out dez 2023 jan fev 2024.xls,Relatorio_UBEM,JOGO ABERTO,2024-01-25,,,,BABY I M THE CAT TECHNO,DJ PRODIGIO,DJ PRODIGIO,0.0,,62.7795,,,,,62779500,627795
Band,band UNIFICADO out dez 2023 jan fev 2024.xls,Relatorio_UBEM,JOGO ABERTO,2024-01-25,,,,SOMOS FIEIS ATE MORRER,DHEMA,DHEMA / ERNESTO TEIXEIRA,0.0,,62.7795,,,,,62779500,627795
Band,band UNIFICADO out dez 2023 jan fev 2024.xls,Relatorio_UBEM,JOGO ABERTO,2024-01-25,,,,VAMOS VAMOS PORCO,DG FABULLOSO/ GN FABULLOSO/ LEONY FABULLOSO,OS FABULLOSOS,0.0,,62.7795,,,,,62779500,627795
Band,band UNIFICADO out dez 2023 jan fev 2024.xls,Relatorio_UBEM,JOGO ABERTO,2024-01-26,,,,JOGO ABERTO E MAIS QUE FUTEBOL,LUCIANO KIKAO,LUCIANO KIKAO,0.0,,62.78,,,,,6278,63
Band,band UNIFICADO out dez 2023 jan fev 2024.xls,Relatorio_UBEM,JOGO ABERTO,2024-01-26,,,,OUT OF YOUR LEAGUE BZRP,KEITYN / FRANCISCO ZECCA / GONZALO JULIÁN CONDE / SANTIAGO ALVARADO / SHAKIRA MEBARAK,BIZARRAP / SHAKIRA,0.0,,62.78,,,,,6278,63
Band,band UNIFICADO out dez 2023 jan fev 2024.xls,Relatorio_UBEM,JOGO ABERTO,2024-01-26,,,,BABY I M THE CAT TECHNO,DJ PRODIGIO,DJ PRODIGIO,0.0,,62.78,,,,,6278,63
Band,band UNIFICADO out dez 2023 jan fev 2024.xls,Relatorio_UBEM,JOGO ABERTO,2024-01-26,,,,VAMOS VAMOS PORCO,DG FABULLOSO/ GN FABULLOSO/ LEONY FABULLOSO,OS FABULLOSOS,0.0,,62.78,,,,,6278,63
Band,band UNIFICADO out dez 2023 jan fev 2024.xls,Relatorio_UBEM,JOGO ABERTO,2024-01-26,,,,ISSO AQUI E O MENGAO,DG FABULLOSO/ GN FABULLOSO/ LEONY FABULLOSO,OS FABULLOSOS,0.0,,62.78,,,,,6278,63
Band,band UNIFICADO out dez 2023 jan fev 2024.xls,Relatorio_UBEM,JOGO ABERTO,2024-01-26,,,,SEVEN NATION ARMY,THE WHITE STRIPES,THE CONCERT,0.0,,62.7795,,,,,62779500,627795
Band,band UNIFICADO out dez 2023 jan fev 2024.xls,Relatorio_UBEM,JOGO ABERTO,2024-01-26,,,,BABY I M THE CAT TECHNO,DJ PRODIGIO,DJ PRODIGIO,0.0,,62.7795,,,,,62779500,627795
Band,band UNIFICADO out dez 2023 jan fev 2024.xls,Relatorio_UBEM,JOGO ABERTO,2024-01-26,,,,SOMOS FIEIS ATE MORRER,DHEMA,DHEMA / ERNESTO TEIXEIRA,0.0,,62.7795,,,,,62779500,627795
Band,band UNIFICADO out dez 2023 jan fev 2024.xls,Relatorio_UBEM,JOGO ABERTO,2024-01-26,,,,SOMOS FIEIS ATE MORRER,DHEMA,DHEMA / ERNESTO TEIXEIRA,0.0,,62.7795,,,,,62779500,627795
Band,band UNIFICADO out dez 2023 jan fev 2024.xls,Relatorio_UBEM,JOGO ABERTO,2024-01-26,,,,SOMOS FIEIS ATE MORRER,DHEMA,DHEMA / ERNESTO TEIXEIRA,0.0,,62.7795,,,,,62779500,627795
Band,band UNIFICADO out dez 2023 jan fev 2024.xls,Relatorio_UBEM,JOGO ABERTO,2024-01-26,,,,VAMOS VAMOS PORCO,DG FABULLOSO/ GN FABULLOSO/ LEONY FABULLOSO,OS FABULLOSOS,0.0,,62.7795,,,,,62779500,627795
Band,band UNIFICADO out dez 2023 jan fev 2024.xls,Relatorio_UBEM,JOGO ABERTO,2024-01-26,,,,BABY SHARK,PINKFONG,BABY SHARK,0.0,,62.7795,,,,,62779500,627795
Band,band UNIFICADO out dez 2023 jan fev 2024.xls,Relatorio_UBEM,JOGO ABERTO,2024-01-26,,,,MENINOS DA VILA,LUCAS RAMOS CAMARGO FAUSTINO/ OSMAR DA SILVA FERREIRA/ VANILDO VICENTE SILVA FILHO/ ANTONIO RENATO PEREIRA DA CRUZ/ WELLITON CESAR MARCONDES MORAES,MC DIGUINHO,0.0,,62.7795,,,,,62779500,627795
Band,band UNIFICADO out dez 2023 jan fev 2024.xls,Relatorio_UBEM,JOGO ABERTO,2024-01-26,,,,SHE WOLF                                          ,SHAKIRA/JOHN GRAHAM HILL/SAMUEL ENDICOTT,SHAKIRA,0.0,,62.7795,,,,,62779500,627795
Band,band UNIFICADO out dez 2023 jan fev 2024.xls,Relatorio_UBEM,JOGO ABERTO,2024-01-26,,,,SER FLAMENGO E MUITO BOM,OS FABULLOSOS,OS FABULLOSOS,0.0,,62.7795,,,,,62779500,627795
Band,band UNIFICADO out dez 2023 jan fev 2024.xls,Relatorio_UBEM,JOGO ABERTO,2024-01-26,,,,DALE VASCO,FERNANDO ANTONIO MARTINS PINHEIRO / JOAO ARTHUR MERENHOLZ DE AQUINO / JOSE EDUARDO HOMEM DE MELLO / VITOR ROCHA BROGGINI,MC 2L,0.0,,62.7795,,,,,62779500,627795
Band,band UNIFICADO out dez 2023 jan fev 2024.xls,Relatorio_UBEM,JOGO ABERTO,2024-01-26,,,,BABY I M THE CAT TECHNO,DJ PRODIGIO,DJ PRODIGIO,0.0,,62.7795,,,,,62779500,627795
Band,band UNIFICADO out dez 2023 jan fev 2024.xls,Relatorio_UBEM,JOGO ABERTO,2024-01-26,,,,CHORA CORAÇÃO,WANDO / PEDRO FERNANDO DE MELO MEDEIROS,WANDO,0.0,,62.7795,,,,,62779500,627795
Band,band UNIFICADO out dez 2023 jan fev 2024.xls,Relatorio_UBEM,JOGO ABERTO,2024-01-26,,,,PALMEIRAS NAO TEM MAIS RIVAL,JAHMAI,TONINHO / GIDEAO / JAHMAI,0.0,,62.7795,,,,,62779500,627795
Band,band UNIFICADO out dez 2023 jan fev 2024.xls,Relatorio_UBEM,JOGO ABERTO,2024-01-27,,,,RENATA FAN DANCE,DJ PRODIGIO,GIANCARLO / RAPHAEL,0.0,,62.78,,,,,6278,63
Band,band UNIFICADO out dez 2023 jan fev 2024.xls,Relatorio_UBEM,JOGO ABERTO,2024-01-27,,,,BABY I M THE CAT TECHNO,DJ PRODIGIO,DJ PRODIGIO,0.0,,62.78,,,,,6278,63
Band,band UNIFICADO out dez 2023 jan fev 2024.xls,Relatorio_UBEM,JOGO ABERTO,2024-01-27,,,,OUT OF YOUR LEAGUE BZRP,KEITYN / FRANCISCO ZECCA / GONZALO JULIÁN CONDE / SANTIAGO ALVARADO / SHAKIRA MEBARAK,BIZARRAP / SHAKIRA,0.0,,62.78,,,,,6278,63
Band,band UNIFICADO out dez 2023 jan fev 2024.xls,Relatorio_UBEM,JOGO ABERTO,2024-01-27,,,,A FILA ANDA,TIAGINHO,THIAGUINHO,0.0,,62.78,,,,,6278,63
Band,band UNIFICADO out dez 2023 jan fev 2024.xls,Relatorio_UBEM,JOGO ABERTO,2024-01-27,,,,SOMOS FIEIS ATE MORRER,DHEMA,DHEMA / ERNESTO TEIXEIRA,0.0,,62.78,,,,,6278,63
Band,band UNIFICADO out dez 2023 jan fev 2024.xls,Relatorio_UBEM,JOGO ABERTO,2024-01-27,,,,VAMOS VAMOS PORCO,DG FABULLOSO/ GN FABULLOSO/ LEONY FABULLOSO,OS FABULLOSOS,0.0,,62.78,,,,,6278,63
Band,band UNIFICADO out dez 2023 jan fev 2024.xls,Relatorio_UBEM,JOGO ABERTO,2024-01-28,,,,BABY I M THE CAT TECHNO,DJ PRODIGIO,DJ PRODIGIO,0.0,,62.78,,,,,6278,63
Band,band UNIFICADO out dez 2023 jan fev 2024.xls,Relatorio_UBEM,JOGO ABERTO,2024-01-28,,,,SOMOS FIEIS ATE MORRER,DHEMA,DHEMA / ERNESTO TEIXEIRA,0.0,,62.78,,,,,6278,63
Band,band UNIFICADO out dez 2023 jan fev 2024.xls,Relatorio_UBEM,JOGO ABERTO,2024-01-28,,,,VAMOS VAMOS PORCO,DG FABULLOSO/ GN FABULLOSO/ LEONY FABULLOSO,OS FABULLOSOS,0.0,,62.78,,,,,6278,63
Band,band UNIFICADO out dez 2023 jan fev 2024.xls,Relatorio_UBEM,JOGO ABERTO,2024-01-28,,,,SHE WOLF                                          ,SHAKIRA/JOHN GRAHAM HILL/SAMUEL ENDICOTT,SHAKIRA,0.0,,62.78,,,,,6278,63
Band,band UNIFICADO out dez 2023 jan fev 2024.xls,Relatorio_UBEM,JOGO ABERTO,2024-01-28,,,,PALMEIRAS NAO TEM MAIS RIVAL,JAHMAI,TONINHO / GIDEAO / JAHMAI,0.0,,62.78,,,,,6278,63
Band,band UNIFICADO out dez 2023 jan fev 2024.xls,Relatorio_UBEM,JOGO ABERTO,2024-01-29,,,,BABY I M THE CAT TECHNO,DJ PRODIGIO,DJ PRODIGIO,0.0,,62.78,,,,,6278,63
Band,band UNIFICADO out dez 2023 jan fev 2024.xls,Relatorio_UBEM,JOGO ABERTO,2024-01-29,,,,VAMOS VAMOS PORCO,DG FABULLOSO/ GN FABULLOSO/ LEONY FABULLOSO,OS FABULLOSOS,0.0,,62.78,,,,,6278,63
Band,band UNIFICADO out dez 2023 jan fev 2024.xls,Relatorio_UBEM,JOGO ABERTO,2024-01-29,,,,SHE WOLF                                          ,SHAKIRA/JOHN GRAHAM HILL/SAMUEL ENDICOTT,SHAKIRA,0.0,,62.78,,,,,6278,63
Band,band UNIFICADO out dez 2023 jan fev 2024.xls,Relatorio_UBEM,JOGO ABERTO,2024-01-29,,,,SOMOS FIEIS ATE MORRER,DHEMA,DHEMA / ERNESTO TEIXEIRA,0.0,,62.78,,,,,6278,63
Band,band UNIFICADO out dez 2023 jan fev 2024.xls,Relatorio_UBEM,JOGO ABERTO,2024-01-29,,,,RENATA FAN DANCE,DJ PRODIGIO,GIANCARLO / RAPHAEL,0.0,,62.7795,,,,,62779500,627795
Band,band UNIFICADO out dez 2023 jan fev 2024.xls,Relatorio_UBEM,JOGO ABERTO,2024-01-29,,,,SEVEN NATION ARMY,THE WHITE STRIPES,THE CONCERT,0.0,,62.7795,,,,,62779500,627795
Band,band UNIFICADO out dez 2023 jan fev 2024.xls,Relatorio_UBEM,JOGO ABERTO,2024-01-29,,,,BABY I M THE CAT TECHNO,DJ PRODIGIO,DJ PRODIGIO,0.0,,62.7795,,,,,62779500,627795
Band,band UNIFICADO out dez 2023 jan fev 2024.xls,Relatorio_UBEM,JOGO ABERTO,2024-01-29,,,,SHE WOLF                                          ,SHAKIRA/JOHN GRAHAM HILL/SAMUEL ENDICOTT,SHAKIRA,0.0,,62.7795,,,,,62779500,627795
Band,band UNIFICADO out dez 2023 jan fev 2024.xls,Relatorio_UBEM,JOGO ABERTO,2024-01-29,,,,SOMOS FIEIS ATE MORRER,DHEMA,DHEMA / ERNESTO TEIXEIRA,0.0,,62.7795,,,,,62779500,627795
Band,band UNIFICADO out dez 2023 jan fev 2024.xls,Relatorio_UBEM,JOGO ABERTO,2024-01-30,,,,SEVEN NATION ARMY,THE WHITE STRIPES,THE CONCERT,0.0,,62.7795,,,,,62779500,627795
Band,band UNIFICADO out dez 2023 jan fev 2024.xls,Relatorio_UBEM,JOGO ABERTO,2024-01-30,,,,BABY I M THE CAT TECHNO,DJ PRODIGIO,DJ PRODIGIO,0.0,,62.7795,,,,,62779500,627795
Band,band UNIFICADO out dez 2023 jan fev 2024.xls,Relatorio_UBEM,JOGO ABERTO,2024-01-30,,,,SOMOS FIEIS ATE MORRER,DHEMA,DHEMA / ERNESTO TEIXEIRA,0.0,,62.7795,,,,,62779500,627795
Band,band UNIFICADO out dez 2023 jan fev 2024.xls,Relatorio_UBEM,JOGO ABERTO,2024-01-30,,,,VAMOS VAMOS PORCO,DG FABULLOSO/ GN FABULLOSO/ LEONY FABULLOSO,OS FABULLOSOS,0.0,,62.7795,,,,,62779500,627795
Band,band UNIFICADO out dez 2023 jan fev 2024.xls,Relatorio_UBEM,JOGO ABERTO,2024-01-30,,,,BABY SHARK,PINKFONG,BABY SHARK,0.0,,62.7795,,,,,62779500,627795
Band,band UNIFICADO out dez 2023 jan fev 2024.xls,Relatorio_UBEM,JOGO ABERTO,2024-01-30,,,,SER FLAMENGO E MUITO BOM,OS FABULLOSOS,OS FABULLOSOS,0.0,,62.7795,,,,,62779500,627795
Band,band UNIFICADO out dez 2023 jan fev 2024.xls,Relatorio_UBEM,JOGO ABERTO,2024-01-30,,,,BABY I M THE CAT TECHNO,DJ PRODIGIO,DJ PRODIGIO,0.0,,62.7795,,,,,62779500,627795
Band,band UNIFICADO out dez 2023 jan fev 2024.xls,Relatorio_UBEM,JOGO ABERTO,2024-01-30,,,,PALMEIRAS NAO TEM MAIS RIVAL,JAHMAI,TONINHO / GIDEAO / JAHMAI,0.0,,62.7795,,,,,62779500,627795
Band,band UNIFICADO out dez 2023 jan fev 2024.xls,Relatorio_UBEM,JOGO ABERTO,2024-01-31,,,,RENATA FAN DANCE,DJ PRODIGIO,GIANCARLO / RAPHAEL,0.0,,62.7795,,,,,62779500,627795
Band,band UNIFICADO out dez 2023 jan fev 2024.xls,Relatorio_UBEM,JOGO ABERTO,2024-01-31,,,,SEVEN NATION ARMY,THE WHITE STRIPES,THE CONCERT,0.0,,62.7795,,,,,62779500,627795
Band,band UNIFICADO out dez 2023 jan fev 2024.xls,Relatorio_UBEM,JOGO ABERTO,2024-01-31,,,,SHE WOLF                                          ,SHAKIRA/JOHN GRAHAM HILL/SAMUEL ENDICOTT,SHAKIRA,0.0,,62.7795,,,,,62779500,627795
Band,band UNIFICADO out dez 2023 jan fev 2024.xls,Relatorio_UBEM,JOGO ABERTO,2024-01-31,,,,FELIZ DEMAIS,ANGELO MARTINS / ÉRICO LEONAN / FELIPE ESPÍNDOLA / FELIPE PIROLLO / FELLIPE LUCENA,XAND AVIÃO FEAT SÃO PAULO FC,0.0,,62.7795,,,,,62779500,627795
Band,band UNIFICADO out dez 2023 jan fev 2024.xls,Relatorio_UBEM,JOGO ABERTO,2024-01-31,,,,FIGARO,BARBARO DE SEVILHA,LUCIANO PAVAROTTI,0.0,,62.7795,,,,,62779500,627795
Band,band UNIFICADO out dez 2023 jan fev 2024.xls,Relatorio_UBEM,MELHOR DA NOITE,2024-01-01,,,,REISADO,PAULINHO TAPAJOS/CLAUDIO NUCCI/MU CARVALHO,CLEMILDA,0.0,,104.6332,,,,,104633200,1046332
Band,band UNIFICADO out dez 2023 jan fev 2024.xls,Relatorio_UBEM,MELHOR DA NOITE,2024-01-01,,,,MISTERIOS DA MEIA NOITE,ZÉ RAMALHO,ZE RAMALHO,0.0,,104.6332,,,,,104633200,1046332
Band,band UNIFICADO out dez 2023 jan fev 2024.xls,Relatorio_UBEM,MELHOR DA NOITE,2024-01-01,,,,CELEBRAR,LEVI LIMA / MANNO GÓES,JAMMIL E UMA NOITES,0.0,,52.3166,,,,,52316600,523166
Band,band UNIFICADO out dez 2023 jan fev 2024.xls,Relatorio_UBEM,MELHOR DA NOITE,2024-01-01,,,,E SAUDADE,MANO GOES,JAMMIL E UMA NOITES,0.0,,52.3166,,,,,52316600,523166
Band,band UNIFICADO out dez 2023 jan fev 2024.xls,Relatorio_UBEM,MELHOR DA NOITE,2024-01-01,,,,MILLA                                             ,MANNO GOES/TUCA FERNANDES,JAMMIL E UMA NOITES,0.0,,52.3166,,,,,52316600,523166
Band,band UNIFICADO out dez 2023 jan fev 2024.xls,Relatorio_UBEM,MELHOR DA NOITE,2024-01-01,,,,COLORIR PAPEL                                     ,LEVI LIMA,JAMMIL E UMA NOITES,0.0,,52.3166,,,,,52316600,523166
Band,band UNIFICADO out dez 2023 jan fev 2024.xls,Relatorio_UBEM,MELHOR DA NOITE,2024-01-01,,,,PRAIEIRO                                          ,MANNO GOES                         ,JAMMIL E UMA NOITES,0.0,,52.3166,,,,,52316600,523166
Band,band UNIFICADO out dez 2023 jan fev 2024.xls,Relatorio_UBEM,MELHOR DA NOITE,2024-01-01,,,,JA BATEU SAUDADE,RAFAEL BARRETO / VELHO MARLON / EOCROSSS / PIERROT JUNIOR,JAMMIL E UMA NOITES,0.0,,52.3166,,,,,52316600,523166
Band,band UNIFICADO out dez 2023 jan fev 2024.xls,Relatorio_UBEM,MELHOR DA NOITE,2024-01-01,,,,REISADO,PAULINHO TAPAJOS/CLAUDIO NUCCI/MU CARVALHO,CLEMILDA,0.0,,104.6332,,,,,104633200,1046332
Band,band UNIFICADO out dez 2023 jan fev 2024.xls,Relatorio_UBEM,MELHOR DA NOITE,2024-01-01,,,,MISTERIOS DA MEIA NOITE,ZÉ RAMALHO,ZE RAMALHO,0.0,,104.6332,,,,,104633200,1046332
Band,band UNIFICADO out dez 2023 jan fev 2024.xls,Relatorio_UBEM,MELHOR DA NOITE,2024-01-01,,,,CELEBRAR,LEVI LIMA / MANNO GÓES,JAMMIL E UMA NOITES,0.0,,52.3166,,,,,52316600,523166
Band,band UNIFICADO out dez 2023 jan fev 2024.xls,Relatorio_UBEM,MELHOR DA NOITE,2024-01-01,,,,E SAUDADE,MANO GOES,JAMMIL E UMA NOITES,0.0,,52.3166,,,,,52316600,523166
Band,band UNIFICADO out dez 2023 jan fev 2024.xls,Relatorio_UBEM,MELHOR DA NOITE,2024-01-01,,,,MILLA                                             ,MANNO GOES/TUCA FERNANDES,JAMMIL E UMA NOITES,0.0,,52.3166,,,,,52316600,523166
Band,band UNIFICADO out dez 2023 jan fev 2024.xls,Relatorio_UBEM,MELHOR DA NOITE,2024-01-01,,,,COLORIR PAPEL                                     ,LEVI LIMA,JAMMIL E UMA NOITES,0.0,,52.3166,,,,,52316600,523166
Band,band UNIFICADO out dez 2023 jan fev 2024.xls,Relatorio_UBEM,MELHOR DA NOITE,2024-01-01,,,,PRAIEIRO                                          ,MANNO GOES                         ,JAMMIL E UMA NOITES,0.0,,52.3166,,,,,52316600,523166
Band,band UNIFICADO out dez 2023 jan fev 2024.xls,Relatorio_UBEM,MELHOR DA NOITE,2024-01-01,,,,JA BATEU SAUDADE,RAFAEL BARRETO / VELHO MARLON / EOCROSSS / PIERROT JUNIOR,JAMMIL E UMA NOITES,0.0,,52.3166,,,,,52316600,523166
Band,band UNIFICADO out dez 2023 jan fev 2024.xls,Relatorio_UBEM,MELHOR DA NOITE,2024-01-01,,,,BANHO E BOM, HELIO ZISKIND,HELIO ZISKIND,0.0,,73.2431,,,,,73243100,732431
Band,band UNIFICADO out dez 2023 jan fev 2024.xls,Relatorio_UBEM,MELHOR DA NOITE,2024-01-01,,,,REZA FORTE,RUSSO PASSAPUSSO/SEKOBASS/B NEGAO,BAIANASYSTEM/B NEGAO,0.0,,73.2431,,,,,73243100,732431
Band,band UNIFICADO out dez 2023 jan fev 2024.xls,Relatorio_UBEM,MELHOR DA NOITE,2024-01-01,,,,CURIOUS,FRANZ FERDINAND,FRANZ FERDINAND,0.0,,73.2431,,,,,73243100,732431
Band,band UNIFICADO out dez 2023 jan fev 2024.xls,Relatorio_UBEM,MELHOR DA NOITE,2024-01-01,,,,SOLITUDE,ANTHONY GONZALEZ,ANTHONY GONZALEZ,0.0,,73.2431,,,,,73243100,732431
Band,band UNIFICADO out dez 2023 jan fev 2024.xls,Relatorio_UBEM,MELHOR DA NOITE,2024-01-01,,,,GROWN MAN,MARSHMELLO / POLO G / SOUTHSIDE,MARSHMELLO / POLO G / SOUTHSIDE,0.0,,73.2431,,,,,73243100,732431
Band,band UNIFICADO out dez 2023 jan fev 2024.xls,Relatorio_UBEM,MELHOR DA NOITE,2024-01-01,,,,AFTERLIFE,ANTHONY KIEDIS / CHAD SMITH / FLEA / JOHN FRUSCIANTE,RED HOT CHILI PEPPERS,0.0,,73.2431,,,,,73243100,732431
Band,band UNIFICADO out dez 2023 jan fev 2024.xls,Relatorio_UBEM,MELHOR DA NOITE,2024-01-01,,,,FEEL IT STILL,ASA TACCONE / BRIAN HOLLAND / ERIC ANDREW HOWK / FREDDIE GORMAN / GEORGIA DOBBINS / JASON WADE SECHRIST / JOHN BALDWIN GOURLEY / JOHN GRAHAM HILL / ROBERT BATEMAN / WILLIAM E GARRETT / ZACHARY SCOTT CAROTHERS / KYLE O QUIN,PORTUGAL THE MAN,0.0,,73.2431,,,,,73243100,732431
Band,band UNIFICADO out dez 2023 jan fev 2024.xls,Relatorio_UBEM,MELHOR DA NOITE,2024-01-01,,,,SUPERMAN THEME,JOHN WILLIAMS,JOHN WILLIAMS,0.0,,73.2431,,,,,73243100,732431
Band,band UNIFICADO out dez 2023 jan fev 2024.xls,Relatorio_UBEM,MELHOR DA NOITE,2024-01-01,,,,MAN IN THE BOX                                    ,JERRY CANTRELL/LAYNE STALEY,ALICE IN CHAINS,0.0,,73.2431,,,,,73243100,732431
Band,band UNIFICADO out dez 2023 jan fev 2024.xls,Relatorio_UBEM,MELHOR DA NOITE,2024-01-01,,,,YOU RE GONNA GO FAR KID,BRYAN KEITH HOLLAND / GREG KRIESEL / KEVIN WASSERMAN / PETE PARADA,THE OFFSPRING,0.0,,73.2431,,,,,73243100,732431
Band,band UNIFICADO out dez 2023 jan fev 2024.xls,Relatorio_UBEM,MELHOR DA NOITE,2024-01-01,,,,DEVIL IN A MIDNIGHT MASS,AARON SOLOWONIUK / BENJAMIN KOWALEWICZ / IAN D SA E JONATHAN GALLANT,BILLY TALENT,0.0,,73.2431,,,,,73243100,732431
Band,band UNIFICADO out dez 2023 jan fev 2024.xls,Relatorio_UBEM,MELHOR DA NOITE,2024-01-01,,,,LIVING IN A DREAM,FINGER ELEVEN,FINGER ELEVEN,0.0,,73.2431,,,,,73243100,732431
Band,band UNIFICADO out dez 2023 jan fev 2024.xls,Relatorio_UBEM,MELHOR DA NOITE,2024-01-01,,,,THE SOUNDS OF SILENCE,PAUL SIMON,SIMON AND GARFUNKEL,0.0,,73.2431,,,,,73243100,732431
Band,band UNIFICADO out dez 2023 jan fev 2024.xls,Relatorio_UBEM,MELHOR DA NOITE,2024-01-01,,,,DASHBOARD,ERIC JUDYISAAC BROCK / JEREMIAH GREEN / JOE PLUMMER / JOHNNY MARR,MODEST MOUSE,0.0,,73.2431,,,,,73243100,732431
Band,band UNIFICADO out dez 2023 jan fev 2024.xls,Relatorio_UBEM,MELHOR DA NOITE,2024-01-01,,,,THE LESS I KNOW THE BETTER,TAME IMPALA,TAME IMPALA,0.0,,73.2431,,,,,73243100,732431
Band,band UNIFICADO out dez 2023 jan fev 2024.xls,Relatorio_UBEM,MELHOR DA NOITE,2024-01-01,,,,BABY QUEEN,D ALBARN / GREG KURSTIN,GORILLAZ,0.0,,73.2431,,,,,73243100,732431
Band,band UNIFICADO out dez 2023 jan fev 2024.xls,Relatorio_UBEM,MELHOR DA NOITE,2024-01-01,,,,HES A PIRATE,KLAUS BADELT,KLAUS BADELT,0.0,,73.2431,,,,,73243100,732431
Band,band UNIFICADO out dez 2023 jan fev 2024.xls,Relatorio_UBEM,MELHOR DA NOITE,2024-01-01,,,,I MISS YOU,TRAVIS BARKER / TOM DELONGE / MARK HOPPUS,BLINK 182,0.0,,73.2431,,,,,73243100,732431
Band,band UNIFICADO out dez 2023 jan fev 2024.xls,Relatorio_UBEM,MELHOR DA NOITE,2024-01-01,,,,STILL INTO YOU,PARAMORE,PARAMORE,0.0,,73.2431,,,,,73243100,732431
Band,band UNIFICADO out dez 2023 jan fev 2024.xls,Relatorio_UBEM,MELHOR DA NOITE,2024-01-01,,,,CHEGUEI,ANDRÉ VIEIRA / WALLECE VIANNA,LUDMILLA,0.0,,73.2431,,,,,73243100,732431
Band,band UNIFICADO out dez 2023 jan fev 2024.xls,Relatorio_UBEM,MELHOR DA NOITE,2024-01-01,,,,ADEUS ANO VELHO FELIZ ANO NOVO,DAVID NASSER / FRANCISCO ALVES,JOAON DIAS,0.0,,73.2431,,,,,73243100,732431
Band,band UNIFICADO out dez 2023 jan fev 2024.xls,Relatorio_UBEM,MELHOR DA NOITE,2024-01-01,,,,NA ONDA DO MOVIMENTO,MADERITO / WALDO SQUASH,GANG DO ELETRO,0.0,,73.2431,,,,,73243100,732431
Band,band UNIFICADO out dez 2023 jan fev 2024.xls,Relatorio_UBEM,MELHOR DA NOITE,2024-01-01,,,,VELOCIDADE DO ELETRO,GANG DO ELETRO,GANG DO ELETRO,0.0,,73.2431,,,,,73243100,732431
Band,band UNIFICADO out dez 2023 jan fev 2024.xls,Relatorio_UBEM,MELHOR DA NOITE,2024-01-01,,,,ME LIBERA,MAX MURILO / TONY GUERRA,BANDA DJAVU / BETO CHAMEGUINHO,0.0,,73.2431,,,,,73243100,732431
Band,band UNIFICADO out dez 2023 jan fev 2024.xls,Relatorio_UBEM,MELHOR DA NOITE,2024-01-01,,,,GALERA DA LAJE,GANG DO ELETRO,GANG DO ELETRO,0.0,,73.2431,,,,,73243100,732431
Band,band UNIFICADO out dez 2023 jan fev 2024.xls,Relatorio_UBEM,MELHOR DA NOITE,2024-01-01,,,,EX MAI LOVE,VELOSO DIAS,GABY AMARANTOS / LEXA / MGZD,0.0,,73.2431,,,,,73243100,732431
Band,band UNIFICADO out dez 2023 jan fev 2024.xls,Relatorio_UBEM,MELHOR DA NOITE,2024-01-01,,,,AO POR DO SOL,IVAN DAVID COSTA / RENNY DE OLIVEIRA,TEDDY MAX,0.0,,73.2431,,,,,73243100,732431
Band,band UNIFICADO out dez 2023 jan fev 2024.xls,Relatorio_UBEM,MELHOR DA NOITE,2024-01-01,,,,FRANCE NATIONAL ANTHEM,CLAUDE JOSEPH ROUGET DE LISLE,CLAUDE JOSEPH ROUGET DE LISLE,0.0,,73.2431,,,,,73243100,732431
Band,band UNIFICADO out dez 2023 jan fev 2024.xls,Relatorio_UBEM,MELHOR DA NOITE,2024-01-01,,,,NO FRIENDS,ALEXANDER CLARK / BRIAN WANG,CADMIUM / ROSENDALE,0.0,,73.2431,,,,,73243100,732431
Band,band UNIFICADO out dez 2023 jan fev 2024.xls,Relatorio_UBEM,MELHOR DA NOITE,2024-01-01,,,,VICTORY FANFARE FINAL FANTASY,NOBUO UEMATSU,NOBUO UEMATSU,0.0,,73.2431,,,,,73243100,732431
Band,band UNIFICADO out dez 2023 jan fev 2024.xls,Relatorio_UBEM,MELHOR DA NOITE,2024-01-02,,,,DIVINO MARAVILHOSO,CAETANO VELOSO / GILBERTO GIL,A MELHOR BANDA DA NOITE,0.0,,52.3166,,,,,52316600,523166
Band,band UNIFICADO out dez 2023 jan fev 2024.xls,Relatorio_UBEM,MELHOR DA NOITE,2024-01-02,,,,A LENDA,NANDO / RICARDO FEGHALI / KIKO,A MELHOR BANDA DA NOITE,0.0,,52.3166,,,,,52316600,523166
Band,band UNIFICADO out dez 2023 jan fev 2024.xls,Relatorio_UBEM,MELHOR DA NOITE,2024-01-02,,,,TOCANDO EM FRENTE,ALMIR SATER / RENATO TEIXEIRA,A MELHOR BANDA DA NOITE,0.0,,52.3166,,,,,52316600,523166
Band,band UNIFICADO out dez 2023 jan fev 2024.xls,Relatorio_UBEM,MELHOR DA NOITE,2024-01-02,,,,I WILL SURVIVE ,DINO FEKARIS / FREDDIE PERREN,A MELHOR BANDA DA NOITE,0.0,,52.3166,,,,,52316600,523166
Band,band UNIFICADO out dez 2023 jan fev 2024.xls,Relatorio_UBEM,MELHOR DA NOITE,2024-01-02,,,,DIVINO MARAVILHOSO,CAETANO VELOSO / GILBERTO GIL,A MELHOR BANDA DA NOITE,0.0,,52.3166,,,,,52316600,523166
Band,band UNIFICADO out dez 2023 jan fev 2024.xls,Relatorio_UBEM,MELHOR DA NOITE,2024-01-02,,,,A LENDA,NANDO / RICARDO FEGHALI / KIKO,A MELHOR BANDA DA NOITE,0.0,,52.3166,,,,,52316600,523166
Band,band UNIFICADO out dez 2023 jan fev 2024.xls,Relatorio_UBEM,MELHOR DA NOITE,2024-01-02,,,,TOCANDO EM FRENTE,ALMIR SATER / RENATO TEIXEIRA,A MELHOR BANDA DA NOITE,0.0,,52.3166,,,,,52316600,523166
Band,band UNIFICADO out dez 2023 jan fev 2024.xls,Relatorio_UBEM,MELHOR DA NOITE,2024-01-02,,,,I WILL SURVIVE ,DINO FEKARIS / FREDDIE PERREN,A MELHOR BANDA DA NOITE,0.0,,52.3166,,,,,52316600,523166
Band,band UNIFICADO out dez 2023 jan fev 2024.xls,Relatorio_UBEM,MELHOR DA NOITE,2024-01-02,,,,CORRENTEZA,LUIZ BONFA / TOM JOBIM,A MELHOR BANDA DA NOITE,0.0,,52.3166,,,,,52316600,523166
Band,band UNIFICADO out dez 2023 jan fev 2024.xls,Relatorio_UBEM,MELHOR DA NOITE,2024-01-02,,,,BACK IN BLACK,ANGUS YOUNG / BRIAN JOHNSON,AC / DC,0.0,,73.2431,,,,,73243100,732431
Band,band UNIFICADO out dez 2023 jan fev 2024.xls,Relatorio_UBEM,MELHOR DA NOITE,2024-01-02,,,,CALOR DA RUA,FRANCISCO EL HOMBRE / ZÉ NIGRO E CURUMIN,FRANCISCO EL HOMBRE,0.0,,73.2431,,,,,73243100,732431
Band,band UNIFICADO out dez 2023 jan fev 2024.xls,Relatorio_UBEM,MELHOR DA NOITE,2024-01-02,,,,ESTE RIO E MINHA RUA,PAULO ANDRE / RUY BARATA,FAFA DE BELEM,0.0,,73.2431,,,,,73243100,732431
Band,band UNIFICADO out dez 2023 jan fev 2024.xls,Relatorio_UBEM,MELHOR DA NOITE,2024-01-02,,,,ILHA DO MARAJO,MESTRE VEREQUETE,VEREQUETE,0.0,,73.2431,,,,,73243100,732431
Band,band UNIFICADO out dez 2023 jan fev 2024.xls,Relatorio_UBEM,MELHOR DA NOITE,2024-01-02,,,,THE JUMANJI OVERTURE,HENRY JACKMAN,HENRY JACKMAN,0.0,,73.2431,,,,,73243100,732431
Band,band UNIFICADO out dez 2023 jan fev 2024.xls,Relatorio_UBEM,MELHOR DA NOITE,2024-01-02,,,,THE LEGEND OF THE JEWEL,HENRY JACKMAN,HENRY JACKMAN,0.0,,73.2431,,,,,73243100,732431
Band,band UNIFICADO out dez 2023 jan fev 2024.xls,Relatorio_UBEM,MELHOR DA NOITE,2024-01-02,,,,RED LABEL,CHRIS BATTISTONE / DANNY GATTON,DANNY GATTON,0.0,,73.2431,,,,,73243100,732431
Band,band UNIFICADO out dez 2023 jan fev 2024.xls,Relatorio_UBEM,MELHOR DA NOITE,2024-01-02,,,,HIGHER GROUND,STEVIE WONDER,STEVIE WONDER                      ,0.0,,73.2431,,,,,73243100,732431
Band,band UNIFICADO out dez 2023 jan fev 2024.xls,Relatorio_UBEM,MELHOR DA NOITE,2024-01-02,,,,BOIADEIRO ERRANTE,TEDDY VIEIRA,SERGIO REIS,0.0,,73.2431,,,,,73243100,732431
Band,band UNIFICADO out dez 2023 jan fev 2024.xls,Relatorio_UBEM,MELHOR DA NOITE,2024-01-02,,,,BAILA DO CARIMBO,JUNIOR SOARES / RENATO ROSAS / RONALDO SILVA / SILVAN GALVAO,ARRAIAL DO PAVULAGEM,0.0,,73.2431,,,,,73243100,732431
Band,band UNIFICADO out dez 2023 jan fev 2024.xls,Relatorio_UBEM,MELHOR DA NOITE,2024-01-02,,,,THE LITTLE FUGUE,THE SWINGLE SINGERS,THE SWINGLE SINGERS,0.0,,73.2431,,,,,73243100,732431
Band,band UNIFICADO out dez 2023 jan fev 2024.xls,Relatorio_UBEM,MELHOR DA NOITE,2024-01-02,,,,SEA GROOVE,BIG BOSS MAN,BIG BOSS MAN,0.0,,73.2431,,,,,73243100,732431
Band,band UNIFICADO out dez 2023 jan fev 2024.xls,Relatorio_UBEM,MELHOR DA NOITE,2024-01-02,,,,O REI DO GADO,LUIZ SCHIAVON / MARCELO BARBOSA / NIL BERNARDES,Orquestra da Terra,0.0,,73.2431,,,,,73243100,732431
Band,band UNIFICADO out dez 2023 jan fev 2024.xls,Relatorio_UBEM,MELHOR DA NOITE,2024-01-02,,,,COUNTRY IS MY ROCK,TRENT TOMLINSON,TRENT TOMLINSON,0.0,,73.2431,,,,,73243100,732431
Band,band UNIFICADO out dez 2023 jan fev 2024.xls,Relatorio_UBEM,MELHOR DA NOITE,2024-01-02,,,,PEDRA DE RESPONSA,ZECA BALEIRO,ZECA BALEIRO,0.0,,73.2431,,,,,73243100,732431
Band,band UNIFICADO out dez 2023 jan fev 2024.xls,Relatorio_UBEM,MELHOR DA NOITE,2024-01-02,,,,CARIMBO DA MULHER ALHEIA,OS ATUAIS,OS ATUAIS,0.0,,73.2431,,,,,73243100,732431
Band,band UNIFICADO out dez 2023 jan fev 2024.xls,Relatorio_UBEM,MELHOR DA NOITE,2024-01-02,,,,ALSO SPRACH ZARATHUSTRA,RICHARD STRAUSS,ORQUESTRA FILARMONICA DE VIENA,0.0,,73.2431,,,,,73243100,732431
Band,band UNIFICADO out dez 2023 jan fev 2024.xls,Relatorio_UBEM,MELHOR DA NOITE,2024-01-02,,,,THE ELEVATOR BOSSA NOVA,BENSOUND,BENSOUND,0.0,,73.2431,,,,,73243100,732431
Band,band UNIFICADO out dez 2023 jan fev 2024.xls,Relatorio_UBEM,MELHOR DA NOITE,2024-01-02,,,,CADILLAC,ERROL BROWN / JAMES RYAN HO / MIGUEL,MIGUEL /,0.0,,73.2431,,,,,73243100,732431
Band,band UNIFICADO out dez 2023 jan fev 2024.xls,Relatorio_UBEM,MELHOR DA NOITE,2024-01-02,,,,PONTA DE PEDRAS,AURINO PINDUCA QUIRINO GONÇALVES / JOAO ANTONIO DE OLIVEIRA,PINDUCA,0.0,,73.2431,,,,,73243100,732431
Band,band UNIFICADO out dez 2023 jan fev 2024.xls,Relatorio_UBEM,MELHOR DA NOITE,2024-01-02,,,,NO REGRETS,BON APPETIT MUSIQUE,BON APPETIT MUSIQUE,0.0,,73.2431,,,,,73243100,732431
Band,band UNIFICADO out dez 2023 jan fev 2024.xls,Relatorio_UBEM,MELHOR DA NOITE,2024-01-03,,,,ÓCULOS                                            ,HERBERT VIANNA                     ,A MELHOR BANDA DA NOITE,0.0,,52.3166,,,,,52316600,523166
Band,band UNIFICADO out dez 2023 jan fev 2024.xls,Relatorio_UBEM,MELHOR DA NOITE,2024-01-03,,,,EYE OF THE TIGER,JIM PETERIK / FRANKIE SULLIVAN / FRANKIE SULLIVAN / JIM PETERIK,A MELHOR BANDA DA NOITE,0.0,,52.3166,,,,,52316600,523166
Band,band UNIFICADO out dez 2023 jan fev 2024.xls,Relatorio_UBEM,MELHOR DA NOITE,2024-01-03,,,,ME DEIXA,LAURO FARIAS/MARCELO FALCÃO/MARCELO LOBATO/XANDAO,A MELHOR BANDA DA NOITE,0.0,,52.3166,,,,,52316600,523166
Band,band UNIFICADO out dez 2023 jan fev 2024.xls,Relatorio_UBEM,MELHOR DA NOITE,2024-01-03,,,,MORENA,BRUNO DALLA MARTHA MARTINI / VITOR BARBIERO KLEY,A MELHOR BANDA DA NOITE,0.0,,52.3166,,,,,52316600,523166
Band,band UNIFICADO out dez 2023 jan fev 2024.xls,Relatorio_UBEM,MELHOR DA NOITE,2024-01-03,,,,NOBRE VAGABUNDO,MARCIO DE ABREU MELLO,A MELHOR BANDA DA NOITE,0.0,,52.3166,,,,,52316600,523166
Band,band UNIFICADO out dez 2023 jan fev 2024.xls,Relatorio_UBEM,MELHOR DA NOITE,2024-01-03,,,,GLAMUROSA,MC MARCINHO,MC MARCINHO,0.0,,73.2431,,,,,73243100,732431
Band,band UNIFICADO out dez 2023 jan fev 2024.xls,Relatorio_UBEM,MELHOR DA NOITE,2024-01-03,,,,FLOWERS,ALDAE / MICHAEL POLLACK / MILEY CYRUS,MILEY CYRUS,0.0,,73.2431,,,,,73243100,732431
Band,band UNIFICADO out dez 2023 jan fev 2024.xls,Relatorio_UBEM,MELHOR DA NOITE,2024-01-03,,,,SEVEN NATION ARMY,JACK WHITE,THE WHITE STRIPES,0.0,,73.2431,,,,,73243100,732431
Band,band UNIFICADO out dez 2023 jan fev 2024.xls,Relatorio_UBEM,MELHOR DA NOITE,2024-01-03,,,,THE PRETENDER,CHRISTOPHER A. SHIFLETT / DAVID ERIC GROHL / NATE MENDEL / TAYLOR HAWKINS,FOO FIGHTERS,0.0,,73.2431,,,,,73243100,732431
Band,band UNIFICADO out dez 2023 jan fev 2024.xls,Relatorio_UBEM,MELHOR DA NOITE,2024-01-03,,,,MERCEDITAS,RAMON SIXTO RIOS,RAMON SIXTO RIOS,0.0,,73.2431,,,,,73243100,732431
Band,band UNIFICADO out dez 2023 jan fev 2024.xls,Relatorio_UBEM,MELHOR DA NOITE,2024-01-03,,,,MEU MANTRA,BRUNA BLACK,BRUNA BLACK,0.0,,73.2431,,,,,73243100,732431
Band,band UNIFICADO out dez 2023 jan fev 2024.xls,Relatorio_UBEM,MELHOR DA NOITE,2024-01-03,,,,LONELY DAY,DARON MALAKIAN,SYSTEM OF A DOWN,0.0,,73.2431,,,,,73243100,732431
Band,band UNIFICADO out dez 2023 jan fev 2024.xls,Relatorio_UBEM,MELHOR DA NOITE,2024-01-04,,,,MISIRLOU,"BOB RUSSELL, CHAIM TAUBER, FRED WISE, MILTON LEEDS, NICHOLAS ROUBANIS",A MELHOR BANDA DA NOITE,0.0,,52.3166,,,,,52316600,523166
Band,band UNIFICADO out dez 2023 jan fev 2024.xls,Relatorio_UBEM,MELHOR DA NOITE,2024-01-04,,,,LINDO BALÃO AZUL                                  ,GUILHERME ARANTES,A MELHOR BANDA DA NOITE,0.0,,52.3166,,,,,52316600,523166
Band,band UNIFICADO out dez 2023 jan fev 2024.xls,Relatorio_UBEM,MELHOR DA NOITE,2024-01-04,,,,DEIXA EU DIZER,IVAN LINS / RONALDO MONTEIRO DE SOUZA,A MELHOR BANDA DA NOITE,0.0,,52.3166,,,,,52316600,523166
Band,band UNIFICADO out dez 2023 jan fev 2024.xls,Relatorio_UBEM,MELHOR DA NOITE,2024-01-04,,,,RAZOES E EMOCOES,DI FERRERO / GEE ROCHA,A MELHOR BANDA DA NOITE,0.0,,52.3166,,,,,52316600,523166
Band,band UNIFICADO out dez 2023 jan fev 2024.xls,Relatorio_UBEM,MELHOR DA NOITE,2024-01-04,,,,É ISSO AÍ,SIDNEY MILLER,A MELHOR BANDA DA NOITE,0.0,,52.3166,,,,,52316600,523166
Band,band UNIFICADO out dez 2023 jan fev 2024.xls,Relatorio_UBEM,MELHOR DA NOITE,2024-01-04,,,,MILAGRE,GRUPO FUNDO DE QUINTAL,GRUPO FUNDO DE QUINTAL,0.0,,73.2431,,,,,73243100,732431
Band,band UNIFICADO out dez 2023 jan fev 2024.xls,Relatorio_UBEM,MELHOR DA NOITE,2024-01-04,,,,ROMARIA                                           ,RENATO TEIXEIRA,RENATO TEIXEIRA / CHICO TEIXEIRA / CHRISTIAN / SULA MIRANDA,0.0,,73.2431,,,,,73243100,732431
Band,band UNIFICADO out dez 2023 jan fev 2024.xls,Relatorio_UBEM,MELHOR DA NOITE,2024-01-04,,,,HINO PORTUGAL,EVARISTO DA VEIGA/MARCOS ANTONIO DA FONSECA PORTUGAL,EVARISTO DA VEIGA,0.0,,73.2431,,,,,73243100,732431
Band,band UNIFICADO out dez 2023 jan fev 2024.xls,Relatorio_UBEM,MELHOR DA NOITE,2024-01-04,,,,PARABENS,ARTHUR MARQUES / MAFFALDA / PABLO BISPO / RODRIGO GORKY / ZEBU,PABLO VITTAR feat PSIRICO,0.0,,73.2431,,,,,73243100,732431
Band,band UNIFICADO out dez 2023 jan fev 2024.xls,Relatorio_UBEM,MELHOR DA NOITE,2024-01-04,,,,IS THIS LOVE,"BOB MARLEY, THE WAILERS",BOB MARLEY/THE WAILERS,0.0,,73.2431,,,,,73243100,732431
Band,band UNIFICADO out dez 2023 jan fev 2024.xls,Relatorio_UBEM,MELHOR DA NOITE,2024-01-04,,,,MAD AS RABBITS,BRENDON URIE / JON WALKER / RYAN ROSS / SPENCER SMITH,PANIC AT THE DISCO / ROB MATHES,0.0,,73.2431,,,,,73243100,732431
Band,band UNIFICADO out dez 2023 jan fev 2024.xls,Relatorio_UBEM,MELHOR DA NOITE,2024-01-04,,,,PANDA,ADNAN KHAN / SIDNEY SELBY,KEVIN HART,0.0,,73.2431,,,,,73243100,732431
Band,band UNIFICADO out dez 2023 jan fev 2024.xls,Relatorio_UBEM,MELHOR DA NOITE,2024-01-04,,,,BENZIDO,TUPI MACHINE,TUPI MACHINE,0.0,,73.2431,,,,,73243100,732431
Band,band UNIFICADO out dez 2023 jan fev 2024.xls,Relatorio_UBEM,MELHOR DA NOITE,2024-01-04,,,,VT OLHAR DELTA MARIA MARMELEIRA,BANDA DE PIFANOS CAJU PINGA FOGO,BANDA DE PÍFANOS CAJU PINGA FOGO,0.0,,73.2431,,,,,73243100,732431
Band,band UNIFICADO out dez 2023 jan fev 2024.xls,Relatorio_UBEM,MELHOR DA NOITE,2024-01-04,,,,PRA ESPALHAR,TUPI MACHINE,TUPI MACHINE,0.0,,73.2431,,,,,73243100,732431
Band,band UNIFICADO out dez 2023 jan fev 2024.xls,Relatorio_UBEM,MELHOR DA NOITE,2024-01-04,,,,HERANCA DO HOMEM,SEVERO,SEVERO,0.0,,73.2431,,,,,73243100,732431
Band,band UNIFICADO out dez 2023 jan fev 2024.xls,Relatorio_UBEM,MELHOR DA NOITE,2024-01-04,,,,VENDEDOR DE CARANGUEJO,ARY LOBO,ARY LOBO,0.0,,73.2431,,,,,73243100,732431
Band,band UNIFICADO out dez 2023 jan fev 2024.xls,Relatorio_UBEM,MELHOR DA NOITE,2024-01-04,,,,PANELA DE PRESSAO,LUCAS COIMBRA,BIA E OS BECKS,0.0,,73.2431,,,,,73243100,732431
Band,band UNIFICADO out dez 2023 jan fev 2024.xls,Relatorio_UBEM,MELHOR DA NOITE,2024-01-04,,,,MINHA SORTE,JOSE QUARESMA,VALIDUATE / ZE MANOEL,0.0,,73.2431,,,,,73243100,732431
Band,band UNIFICADO out dez 2023 jan fev 2024.xls,Relatorio_UBEM,MELHOR DA NOITE,2024-01-04,,,,DISSERAM QUE ERA SO UM JOGUINHO,EMICIDA,EMICIDA,0.0,,73.2431,,,,,73243100,732431
Band,band UNIFICADO out dez 2023 jan fev 2024.xls,Relatorio_UBEM,MELHOR DA NOITE,2024-01-04,,,,KARATEKA,MECHNER,MECHNER,0.0,,73.2431,,,,,73243100,732431
Band,band UNIFICADO out dez 2023 jan fev 2024.xls,Relatorio_UBEM,MELHOR DA NOITE,2024-01-04,,,,GET LOW,LIL JON,LIL JON / EASTSIDE BOYS,0.0,,73.2431,,,,,73243100,732431
Band,band UNIFICADO out dez 2023 jan fev 2024.xls,Relatorio_UBEM,MELHOR DA NOITE,2024-01-04,,,,GAME OVER,TEE LOPES,TEE LOPES,0.0,,73.2431,,,,,73243100,732431
Band,band UNIFICADO out dez 2023 jan fev 2024.xls,Relatorio_UBEM,MELHOR DA NOITE,2024-01-05,,,,HOLIDAY,ALLISON KAPLAN / ANDRES NILSEN / BOY MATTHEWS / FADIL EL GHOUL / LEWIS HUGHES / NICHOLAS AUDINO,NOW UNITED,0.0,,52.3166,,,,,52316600,523166
Band,band UNIFICADO out dez 2023 jan fev 2024.xls,Relatorio_UBEM,MELHOR DA NOITE,2024-01-05,,,,FLEX THAT EGO,ALLISON KAPLAN / BRANDYN BURNETTE / CHELLA NAHAS / EMILE GHANTOUS / KEITH HETRICK / LESLIE JOHNSON,NOW UNITED,0.0,,52.3166,,,,,52316600,523166
Band,band UNIFICADO out dez 2023 jan fev 2024.xls,Relatorio_UBEM,MELHOR DA NOITE,2024-01-05,,,,BEAUTIFUL LIFE,GENNIN ARNOLD/ JONAS MYRIN/ LOUSTEAU JOHN,NOW UNITED,0.0,,52.3166,,,,,52316600,523166
Band,band UNIFICADO out dez 2023 jan fev 2024.xls,Relatorio_UBEM,MELHOR DA NOITE,2024-01-05,,,,ONE LOVE,EMILE GHANTOUS FADIL EL GHOUL / FRANCESCA FRANCCI RICHARD / JONAS JURSTROM,NOW UNITED,0.0,,52.3166,,,,,52316600,523166
Band,band UNIFICADO out dez 2023 jan fev 2024.xls,Relatorio_UBEM,MELHOR DA NOITE,2024-01-05,,,,VAMO PULA,XORORO / TIAOZINHO / FEIO,SANDY E JUNIOR,0.0,,73.2431,,,,,73243100,732431
Band,band UNIFICADO out dez 2023 jan fev 2024.xls,Relatorio_UBEM,MELHOR DA NOITE,2024-01-05,,,,PHYSICAL,OLIVIA NEWTON JOHN,OLIVIA NEWTON JOHN,0.0,,73.2431,,,,,73243100,732431
Band,band UNIFICADO out dez 2023 jan fev 2024.xls,Relatorio_UBEM,MELHOR DA NOITE,2024-01-05,,,,SONGBIRD,KENNY G,KENNY G,0.0,,73.2431,,,,,73243100,732431
Band,band UNIFICADO out dez 2023 jan fev 2024.xls,Relatorio_UBEM,MELHOR DA NOITE,2024-01-05,,,,GUILE THEME,ISAO ABE,ISAO ABE/,0.0,,73.2431,,,,,73243100,732431
Band,band UNIFICADO out dez 2023 jan fev 2024.xls,Relatorio_UBEM,MELHOR DA NOITE,2024-01-05,,,,CALMA RESPIRA,ANDRE MOREIRA / FABIANA GODOY DE CARVALHO E SILVA,FABIANA GODOY,0.0,,73.2431,,,,,73243100,732431
Band,band UNIFICADO out dez 2023 jan fev 2024.xls,Relatorio_UBEM,MELHOR DA NOITE,2024-01-05,,,,DO JEITO QUE SEU NEGO GOSTA,JOSELITO DE MIRANDA / LAZARO JERONIMO,LAZZO MATUMBI,0.0,,73.2431,,,,,73243100,732431
Band,band UNIFICADO out dez 2023 jan fev 2024.xls,Relatorio_UBEM,MELHOR DA NOITE,2024-01-05,,,,SIM NAO,CAETANO EMANUEL VIANA / CARLOS EDUARDO GONCALVES,LAZZO MATUMBI,0.0,,73.2431,,,,,73243100,732431
Band,band UNIFICADO out dez 2023 jan fev 2024.xls,Relatorio_UBEM,MELHOR DA NOITE,2024-01-08,,,,MY WAY,CLAUDE FRANCOIS / GILLES THIBAUT / PAUL ANKA /JACQUES REVAUX,GUSTAVO BING,373.69,,399.8483,,,,,399848300,3998483
Band,band UNIFICADO out dez 2023 jan fev 2024.xls,Relatorio_UBEM,MELHOR DA NOITE,2024-01-08,,,,MY WAY                                            ,PAUL ANKA/CLAUDE FRANÇOIS/JACQUES REVAUX/GILLES THIBAULT,GUSTAVO BING,373.69,,399.8483,,,,,399848300,3998483
Band,band UNIFICADO out dez 2023 jan fev 2024.xls,Relatorio_UBEM,MELHOR DA NOITE,2024-01-08,,,,FLY ME TO THE MOON,BART HOWARD,GUSTAVO BING,373.69,,399.8483,,,,,399848300,3998483
Band,band UNIFICADO out dez 2023 jan fev 2024.xls,Relatorio_UBEM,MELHOR DA NOITE,2024-01-08,,,,THE LADY IS A TRAMP,RICHARD RODGERS / LORENZ HART,GUSTAVO BING,373.69,,399.8483,,,,,399848300,3998483
Band,band UNIFICADO out dez 2023 jan fev 2024.xls,Relatorio_UBEM,MELHOR DA NOITE,2024-01-08,,,,MY WAY,CLAUDE FRANCOIS / GILLES THIBAUT / PAUL ANKA /JACQUES REVAUX,GUSTAVO BING,373.69,,399.8483,,,,,399848300,3998483
Band,band UNIFICADO out dez 2023 jan fev 2024.xls,Relatorio_UBEM,MELHOR DA NOITE,2024-01-09,,,,SEPTEMBER,MAURICE WHITE / ALLEE WILLIS / ALBERT MCKAY,A MELHOR BANDA DA NOITE,373.69,,399.8483,,,,,399848300,3998483
Band,band UNIFICADO out dez 2023 jan fev 2024.xls,Relatorio_UBEM,MELHOR DA NOITE,2024-01-09,,,,BRINCOU COMIGO,KIM MARQUES,KIM MARQUES,373.69,,399.8483,,,,,399848300,3998483
Band,band UNIFICADO out dez 2023 jan fev 2024.xls,Relatorio_UBEM,MELHOR DA NOITE,2024-01-09,,,,BRASILEIRO,EDILSON MORENO,CHICO SALLES,373.69,,399.8483,,,,,399848300,3998483
Band,band UNIFICADO out dez 2023 jan fev 2024.xls,Relatorio_UBEM,MELHOR DA NOITE,2024-01-09,,,,SEPTEMBER,MAURICE WHITE / ALLEE WILLIS / ALBERT MCKAY,A MELHOR BANDA DA NOITE,373.69,,399.8483,,,,,399848300,3998483
Band,band UNIFICADO out dez 2023 jan fev 2024.xls,Relatorio_UBEM,MELHOR DA NOITE,2024-01-09,,,,SEPTEMBER,MAURICE WHITE / ALLEE WILLIS / ALBERT MCKAY,A MELHOR BANDA DA NOITE,373.69,,399.8483,,,,,399848300,3998483
Band,band UNIFICADO out dez 2023 jan fev 2024.xls,Relatorio_UBEM,MELHOR DA NOITE,2024-01-10,,,,EU QUERO SER O SEU AMOR,CESAR LEMOS / KARLA APONTE,WANESSA CAMARGO,747.38,,799.69,,,,,79969,800
Band,band UNIFICADO out dez 2023 jan fev 2024.xls,Relatorio_UBEM,MELHOR DA NOITE,2024-01-10,,,,NAO DEVO NADA,BIBI / BARBARA DIAS / WANESSA CAMARGO / AMANDA CORONHA / CESAR LEMOS E MAYRA,WANESSA CAMARGO,373.69,,399.8483,,,,,399848300,3998483
Band,band UNIFICADO out dez 2023 jan fev 2024.xls,Relatorio_UBEM,MELHOR DA NOITE,2024-01-10,,,,EU QUERO SER O SEU AMOR,CESAR LEMOS / KARLA APONTE,WANESSA CAMARGO,373.69,,399.8483,,,,,399848300,3998483
Band,band UNIFICADO out dez 2023 jan fev 2024.xls,Relatorio_UBEM,MELHOR DA NOITE,2024-01-10,,,,PARTE DE MIM,WANESSA CAMARGO / BIBI / MAYRA / AMANDA CORONHA,WANESSA CAMARGO,373.69,,399.8483,,,,,399848300,3998483
Band,band UNIFICADO out dez 2023 jan fev 2024.xls,Relatorio_UBEM,MELHOR DA NOITE,2024-01-10,,,,NAO DEVO NADA,BIBI / BARBARA DIAS / WANESSA CAMARGO / AMANDA CORONHA / CESAR LEMOS E MAYRA,WANESSA CAMARGO,373.69,,399.8483,,,,,399848300,3998483
Band,band UNIFICADO out dez 2023 jan fev 2024.xls,Relatorio_UBEM,MELHOR DA NOITE,2024-01-11,,,,MY GIRL,SMOKEY ROBINSON / RONALD WHITE,THE PLATTERS,373.69,,399.8483,,,,,399848300,3998483
Band,band UNIFICADO out dez 2023 jan fev 2024.xls,Relatorio_UBEM,MELHOR DA NOITE,2024-01-11,,,,THE GREAT PRETENDER,BUCK RAM,THE PLATTERS,373.69,,399.8483,,,,,399848300,3998483
Band,band UNIFICADO out dez 2023 jan fev 2024.xls,Relatorio_UBEM,MELHOR DA NOITE,2024-01-11,,,,ONLY YOU,BUCK RAM / ANDE RAND,THE PLATTERS,373.69,,399.8483,,,,,399848300,3998483
Band,band UNIFICADO out dez 2023 jan fev 2024.xls,Relatorio_UBEM,MELHOR DA NOITE,2024-01-11,,,,MY GIRL,SMOKEY ROBINSON / RONALD WHITE,THE PLATTERS,373.69,,399.8483,,,,,399848300,3998483
Band,band UNIFICADO out dez 2023 jan fev 2024.xls,Relatorio_UBEM,MELHOR DA NOITE,2024-01-12,,,,O SOL /,VITOR KLEY,VITOR KLEY,373.69,,399.8483,,,,,399848300,3998483
Band,band UNIFICADO out dez 2023 jan fev 2024.xls,Relatorio_UBEM,MELHOR DA NOITE,2024-01-12,,,,PORTA RETRATO,VITOR KLEY,VITOR KLEY,373.69,,399.8483,,,,,399848300,3998483
Band,band UNIFICADO out dez 2023 jan fev 2024.xls,Relatorio_UBEM,MELHOR DA NOITE,2024-01-12,,,,O DIA DE AMANHA,GUSTAVO FELIPE SIMAO DA SILVA / VITOR BARBIERO KLEY,VITOR KLEY,373.69,,399.8483,,,,,399848300,3998483
Band,band UNIFICADO out dez 2023 jan fev 2024.xls,Relatorio_UBEM,MELHOR DA NOITE,2024-01-15,,,,BOHEMIAN RHAPSODY                                 ,FREDDIE MERCURY,THE TEN TENORS,0.0,,52.3166,,,,,52316600,523166
Band,band UNIFICADO out dez 2023 jan fev 2024.xls,Relatorio_UBEM,MELHOR DA NOITE,2024-01-15,,,,NESSUN DORMA,GIACOMO PUCCINI,THE TEN TENORS,0.0,,52.3166,,,,,52316600,523166
Band,band UNIFICADO out dez 2023 jan fev 2024.xls,Relatorio_UBEM,MELHOR DA NOITE,2024-01-15,,,,IF I HAD A HEART MAIN THEME FROM VIKINGS_COVER VER,KARIN ELISABETH DREIJER ANDERSSON,L ORCHESTRA CINEMATIQUE,0.0,,104.6332,,,,,104633200,1046332
Band,band UNIFICADO out dez 2023 jan fev 2024.xls,Relatorio_UBEM,MELHOR DA NOITE,2024-01-15,,,,IF I HAD A HEART MAIN THEME FROM VIKINGS_COVER VER,KARIN ELISABETH DREIJER ANDERSSON,L ORCHESTRA CINEMATIQUE,0.0,,104.6332,,,,,104633200,1046332
Band,band UNIFICADO out dez 2023 jan fev 2024.xls,Relatorio_UBEM,MELHOR DA NOITE,2024-01-15,,,,BONITO,RENATO TEIXEIRA,RENATO TEIXEIRA,0.0,,73.2431,,,,,73243100,732431
Band,band UNIFICADO out dez 2023 jan fev 2024.xls,Relatorio_UBEM,MELHOR DA NOITE,2024-01-15,,,,A BUSCA,CODINOME WINCHESTER,CODINOME WINCHESTER,0.0,,73.2431,,,,,73243100,732431
Band,band UNIFICADO out dez 2023 jan fev 2024.xls,Relatorio_UBEM,MELHOR DA NOITE,2024-01-15,,,,SOMEDAY,JULIAN CASABLANCAS,THE STROKES,0.0,,73.2431,,,,,73243100,732431
Band,band UNIFICADO out dez 2023 jan fev 2024.xls,Relatorio_UBEM,MELHOR DA NOITE,2024-01-15,,,,FOFINHO,BETH E BETINHA,BETH E BETINHA,0.0,,73.2431,,,,,73243100,732431
Band,band UNIFICADO out dez 2023 jan fev 2024.xls,Relatorio_UBEM,MELHOR DA NOITE,2024-01-15,,,,CRUZEIRO,CHANOISE,CHANOISE,0.0,,73.2431,,,,,73243100,732431
Band,band UNIFICADO out dez 2023 jan fev 2024.xls,Relatorio_UBEM,MELHOR DA NOITE,2024-01-15,,,,THE TWILIGHT ZONE THEME,MARCO BELTRAMI,MARCO BELTRAMI,0.0,,73.2431,,,,,73243100,732431
Band,band UNIFICADO out dez 2023 jan fev 2024.xls,Relatorio_UBEM,MELHOR DA NOITE,2024-01-15,,,,TEM BRASILEIRO,ANDRE STABILE,CURIMBA,0.0,,73.2431,,,,,73243100,732431
Band,band UNIFICADO out dez 2023 jan fev 2024.xls,Relatorio_UBEM,MELHOR DA NOITE,2024-01-15,,,,MUSICANDO O VENTO,JONAVO//,RENATO TEIXEIRA / JONAVO,0.0,,73.2431,,,,,73243100,732431
Band,band UNIFICADO out dez 2023 jan fev 2024.xls,Relatorio_UBEM,MELHOR DA NOITE,2024-01-15,,,,THE GREAT GIG IN THE SKY,CLARE TORRY E RICHARD WRIGHT,PINK FLOYD,0.0,,73.2431,,,,,73243100,732431
Band,band UNIFICADO out dez 2023 jan fev 2024.xls,Relatorio_UBEM,MELHOR DA NOITE,2024-01-16,,,,SUFOCO,ANTONIO / JOSE / CHICO DA SILVA,LUCIANA MELLO,0.0,,52.3166,,,,,52316600,523166
Band,band UNIFICADO out dez 2023 jan fev 2024.xls,Relatorio_UBEM,MELHOR DA NOITE,2024-01-16,,,,VENDEDOR DE BANANAS,JORGE BEN JOR,ADRIANA RIBEIRO,0.0,,104.6332,,,,,104633200,1046332
Band,band UNIFICADO out dez 2023 jan fev 2024.xls,Relatorio_UBEM,MELHOR DA NOITE,2024-01-16,,,,IF I HAD A HEART MAIN THEME FROM VIKINGS_COVER VER,KARIN ELISABETH DREIJER ANDERSSON,L ORCHESTRA CINEMATIQUE,0.0,,104.6332,,,,,104633200,1046332
Band,band UNIFICADO out dez 2023 jan fev 2024.xls,Relatorio_UBEM,MELHOR DA NOITE,2024-01-16,,,,COMO UM CASO DE AMOR,ANDRE RENATO / RONALDO BARCELLOS,LUCIANA MELLO,0.0,,52.3166,,,,,52316600,523166
Band,band UNIFICADO out dez 2023 jan fev 2024.xls,Relatorio_UBEM,MELHOR DA NOITE,2024-01-16,,,,VALE DA RIBEIRA,HERMETO PASCOAL,SERGIO MENDES,0.0,,73.2431,,,,,73243100,732431
Band,band UNIFICADO out dez 2023 jan fev 2024.xls,Relatorio_UBEM,MELHOR DA NOITE,2024-01-16,,,,VALE DA RIBEIRA,HERMETO PASCOAL,SERGIO MENDES,0.0,,73.2431,,,,,73243100,732431
Band,band UNIFICADO out dez 2023 jan fev 2024.xls,Relatorio_UBEM,MELHOR DA NOITE,2024-01-16,,,,BANANA DANCE,GREAT MARLBOROUGH,GREAT MARLBOROUGH,0.0,,73.2431,,,,,73243100,732431
Band,band UNIFICADO out dez 2023 jan fev 2024.xls,Relatorio_UBEM,MELHOR DA NOITE,2024-01-16,,,,PASSARINHOS,EMICIDA,EMICIDA / VANESSA DA MATA,0.0,,73.2431,,,,,73243100,732431
Band,band UNIFICADO out dez 2023 jan fev 2024.xls,Relatorio_UBEM,MELHOR DA NOITE,2024-01-16,,,,TICK TACK,MONEY D / DOG JAY / ICE LEE / PARANA E PAULO SERGIO VALLE,EMICIDA,0.0,,73.2431,,,,,73243100,732431
Band,band UNIFICADO out dez 2023 jan fev 2024.xls,Relatorio_UBEM,MELHOR DA NOITE,2024-01-16,,,,QUE TEMPO BOM,THAIDE,THAIDE / PAULA LIMA / DJ HUM / IEDA HILLS,0.0,,73.2431,,,,,73243100,732431
Band,band UNIFICADO out dez 2023 jan fev 2024.xls,Relatorio_UBEM,MELHOR DA NOITE,2024-01-16,,,,IM JUST KEN,ANDREW WYATT / MARK RONSON,RYAN GOSLING,0.0,,73.2431,,,,,73243100,732431
Band,band UNIFICADO out dez 2023 jan fev 2024.xls,Relatorio_UBEM,MELHOR DA NOITE,2024-01-16,,,,SMILE,CHARLIE CHAPLIN,CHARLIE CHAPLIN,0.0,,73.2431,,,,,73243100,732431
Band,band UNIFICADO out dez 2023 jan fev 2024.xls,Relatorio_UBEM,MELHOR DA NOITE,2024-01-17,,,,CONTOS LENDAS E CANTIGAS,JORGE MARINO,JORGE MARINO,0.0,,73.2431,,,,,73243100,732431
Band,band UNIFICADO out dez 2023 jan fev 2024.xls,Relatorio_UBEM,MELHOR DA NOITE,2024-01-17,,,,ESTREITO CORREDOR,JORGE MARINO,JORGE MARINO,0.0,,73.2431,,,,,73243100,732431
Band,band UNIFICADO out dez 2023 jan fev 2024.xls,Relatorio_UBEM,MELHOR DA NOITE,2024-01-17,,,,ALGUM CARINHO NAS MAOS,JORGE MARINO,JORGE MARINO,0.0,,73.2431,,,,,73243100,732431
Band,band UNIFICADO out dez 2023 jan fev 2024.xls,Relatorio_UBEM,MELHOR DA NOITE,2024-01-17,,,,RIO GRANDE MEU PAMPA,JORGE MARINO,JORGE MARINO,0.0,,73.2431,,,,,73243100,732431
Band,band UNIFICADO out dez 2023 jan fev 2024.xls,Relatorio_UBEM,MELHOR DA NOITE,2024-01-17,,,,NAMORADA RESERVA,MONTENEGRO / HENRIQUE DE CASTRO / ELVIS ELAN,HUGO E GUILHERME,0.0,,73.2431,,,,,73243100,732431
Band,band UNIFICADO out dez 2023 jan fev 2024.xls,Relatorio_UBEM,MELHOR DA NOITE,2024-01-17,,,,OI DEUS,FELIPE ARNA / NORMANI PELEGRINI / RENATO CAMPERO / RODOLFO ALESSI,HUGO E GUILHERME,0.0,,73.2431,,,,,73243100,732431
Band,band UNIFICADO out dez 2023 jan fev 2024.xls,Relatorio_UBEM,MELHOR DA NOITE,2024-01-17,,,,MAL FEITO,FELIPE ARNA,BRISA MARIA E JULIO TORRES,0.0,,73.2431,,,,,73243100,732431
Band,band UNIFICADO out dez 2023 jan fev 2024.xls,Relatorio_UBEM,MELHOR DA NOITE,2024-01-18,,,,SAUDADE NIVEL HARD,DAYANE CAMARGO / LARA MENEZES / VICTOR HUGO / PHILIPE PANCADINHA,YASMIN SANTOS,0.0,,52.3166,,,,,52316600,523166
Band,band UNIFICADO out dez 2023 jan fev 2024.xls,Relatorio_UBEM,MELHOR DA NOITE,2024-01-18,,,,SAUDADE NIVEL HARD,DAYANE CAMARGO / LARA MENEZES / VICTOR HUGO / PHILIPE PANCADINHA,YASMIN SANTOS,0.0,,104.6332,,,,,104633200,1046332
Band,band UNIFICADO out dez 2023 jan fev 2024.xls,Relatorio_UBEM,MELHOR DA NOITE,2024-01-18,,,,DANCING QUEEN                                     ,ANDERSON STIG ERIK LEOPOLD / BJOERN K ULVAEUS / BENNY GORAN BROR ANDERSSON,ABBA,0.0,,104.6332,,,,,104633200,1046332
Band,band UNIFICADO out dez 2023 jan fev 2024.xls,Relatorio_UBEM,MELHOR DA NOITE,2024-01-18,,,,IF I HAD A HEART MAIN THEME FROM VIKINGS_COVER VER,KARIN ELISABETH DREIJER ANDERSSON,L ORCHESTRA CINEMATIQUE,0.0,,104.6332,,,,,104633200,1046332
Band,band UNIFICADO out dez 2023 jan fev 2024.xls,Relatorio_UBEM,MELHOR DA NOITE,2024-01-18,,,,TEMA DA VITÓRIA,EDUARDO SOUTO NETO,EDUARDO SOUTO NETO,0.0,,73.2431,,,,,73243100,732431
Band,band UNIFICADO out dez 2023 jan fev 2024.xls,Relatorio_UBEM,MELHOR DA NOITE,2024-01-18,,,,THE SOUND OF SILENCE,PAUL SIMON,SIMON AND GARFUNKEL,0.0,,73.2431,,,,,73243100,732431
Band,band UNIFICADO out dez 2023 jan fev 2024.xls,Relatorio_UBEM,MELHOR DA NOITE,2024-01-18,,,,THE X-FILES THEME,MARK SNOW,MARK SNOW,0.0,,73.2431,,,,,73243100,732431
Band,band UNIFICADO out dez 2023 jan fev 2024.xls,Relatorio_UBEM,MELHOR DA NOITE,2024-01-18,,,,VIDA SELVAGEM,JOSE ANTONIO,JOSE ANTONIO,0.0,,73.2431,,,,,73243100,732431
Band,band UNIFICADO out dez 2023 jan fev 2024.xls,Relatorio_UBEM,MELHOR DA NOITE,2024-01-18,,,,OMBRIM AI QUE DELICIA O VERAO,MARINA SENA / CHICAO DO PISEIRO / RONI BRUNO MTS NO BEAT,MARINA SENA / CHICAO DO PISEIRO / RONI BRUNO MTS NO BEAT,0.0,,73.2431,,,,,73243100,732431
Band,band UNIFICADO out dez 2023 jan fev 2024.xls,Relatorio_UBEM,MELHOR DA NOITE,2024-01-18,,,,RIO 40 GRAUS,FERNANDA ABREU/ FAUSTO FAWCETT / CARLOS LAUFER,FERNANDA ABREU,0.0,,73.2431,,,,,73243100,732431
Band,band UNIFICADO out dez 2023 jan fev 2024.xls,Relatorio_UBEM,MELHOR DA NOITE,2024-01-18,,,,FAKE OUT,ANDREW HURLEY / JOE TROHMAN / PATRICK STUMP / PETE WENTZ,FALL OUT BOY,0.0,,73.2431,,,,,73243100,732431
Band,band UNIFICADO out dez 2023 jan fev 2024.xls,Relatorio_UBEM,MELHOR DA NOITE,2024-01-19,,,,ACORDANDO O PREDIO,DOUGLAS CÉSAR,LUAN SANTANA,0.0,,104.6332,,,,,104633200,1046332
Band,band UNIFICADO out dez 2023 jan fev 2024.xls,Relatorio_UBEM,MELHOR DA NOITE,2024-01-19,,,,CORACAO CIGANO,LUAN SANTANA / LUCAS SANTOS,LUAN SANTANA / LUISA SONZA,0.0,,104.6332,,,,,104633200,1046332
Band,band UNIFICADO out dez 2023 jan fev 2024.xls,Relatorio_UBEM,MELHOR DA NOITE,2024-01-19,,,,O SOL /,VITOR KLEY,VITOR KLEY,0.0,,104.6332,,,,,104633200,1046332
Band,band UNIFICADO out dez 2023 jan fev 2024.xls,Relatorio_UBEM,MELHOR DA NOITE,2024-01-19,,,,TEQUILA,THE CHAMPS,THE CHAMPS,0.0,,104.6332,,,,,104633200,1046332
Band,band UNIFICADO out dez 2023 jan fev 2024.xls,Relatorio_UBEM,MELHOR DA NOITE,2024-01-19,,,,BAD APPLE,TOUHOU,TOUHOU,0.0,,73.2431,,,,,73243100,732431
Band,band UNIFICADO out dez 2023 jan fev 2024.xls,Relatorio_UBEM,MELHOR DA NOITE,2024-01-19,,,,BAD APPLE,TOUHOU,SHOURINKA,0.0,,73.2431,,,,,73243100,732431
Band,band UNIFICADO out dez 2023 jan fev 2024.xls,Relatorio_UBEM,MELHOR DA NOITE,2024-01-19,,,,VAGALUME RIO DE JANEIRO,VICTOR SIMON,FERNANDO MARTINS / VICTOR SIMON,0.0,,73.2431,,,,,73243100,732431
Band,band UNIFICADO out dez 2023 jan fev 2024.xls,Relatorio_UBEM,MELHOR DA NOITE,2024-01-22,,,,HAJA AMOR                                         ,CHOCOLATE DA BAHIA/LUIZ CALDAS,LUIZ CALDAS,0.0,,104.6332,,,,,104633200,1046332
Band,band UNIFICADO out dez 2023 jan fev 2024.xls,Relatorio_UBEM,MELHOR DA NOITE,2024-01-22,,,,CANCAO DE VERAO,LUIZ MCARTHUR COSTA GUEDES / LUIZ R GUEDES,ROUPA NOVA,0.0,,104.6332,,,,,104633200,1046332
Band,band UNIFICADO out dez 2023 jan fev 2024.xls,Relatorio_UBEM,MELHOR DA NOITE,2024-01-22,,,,EU NUNCA AMEI ASSIM,AENALDO SACCOMANI / CACA MORAES / THAIS NASCIMENTO,JEITO MOLEQUE                      ,0.0,,52.3166,,,,,52316600,523166
Band,band UNIFICADO out dez 2023 jan fev 2024.xls,Relatorio_UBEM,MELHOR DA NOITE,2024-01-22,,,,PERAE,MARQUINHOS E LALA CARVALHO / SISSY DE MELO,Banda Beijo,0.0,,104.6332,,,,,104633200,1046332
Band,band UNIFICADO out dez 2023 jan fev 2024.xls,Relatorio_UBEM,MELHOR DA NOITE,2024-01-22,,,,CLAREOU,SERGINHO MERITI / RODRIGO LEITTE,DIOGO NOGUEIRA,0.0,,73.2431,,,,,73243100,732431
Band,band UNIFICADO out dez 2023 jan fev 2024.xls,Relatorio_UBEM,MELHOR DA NOITE,2024-01-22,,,,ATENCAO PERCUSSAO,ADENILSON BRITO DA SILVA E ELTON CERQUEIRA SILVA,TIMBALADA,0.0,,73.2431,,,,,73243100,732431
Band,band UNIFICADO out dez 2023 jan fev 2024.xls,Relatorio_UBEM,MELHOR DA NOITE,2024-01-22,,,,BOLA,BIEL BRITO E TIAGO MAKULLA,VIROU BAHIA,0.0,,73.2431,,,,,73243100,732431
Band,band UNIFICADO out dez 2023 jan fev 2024.xls,Relatorio_UBEM,MELHOR DA NOITE,2024-01-22,,,,BANHO DE FOLHAS,EMILLIE LAPA/ LUEDJI LUNA,VIROU BAHIA,0.0,,73.2431,,,,,73243100,732431
Band,band UNIFICADO out dez 2023 jan fev 2024.xls,Relatorio_UBEM,MELHOR DA NOITE,2024-01-22,,,,HINO NACIONAL BRASILEIRO                          ,JOAQUIM OSORIO DUQUE ESTRADA,JOAQUIM OSORIO DUQUE ESTRADA / FRANCISCO MANOEL DA SILVA,0.0,,73.2431,,,,,73243100,732431
Band,band UNIFICADO out dez 2023 jan fev 2024.xls,Relatorio_UBEM,MELHOR DA NOITE,2024-01-22,,,,AMERICA DO AMOR,DANIELA MERCURY,DANIELA MERCURY,0.0,,73.2431,,,,,73243100,732431
Band,band UNIFICADO out dez 2023 jan fev 2024.xls,Relatorio_UBEM,MELHOR DA NOITE,2024-01-22,,,,AMORZINHO,FAGNER FERREIRA / FABIO ALCANTARA / MAGARY LORD E MAGNO SANT ANNA,Magary Lord ,0.0,,73.2431,,,,,73243100,732431
Band,band UNIFICADO out dez 2023 jan fev 2024.xls,Relatorio_UBEM,MELHOR DA NOITE,2024-01-22,,,,VEM FICAR COMIGO,VALDIR CARVALHO STALO,DURVAL LELYS E SAULO,0.0,,73.2431,,,,,73243100,732431
Band,band UNIFICADO out dez 2023 jan fev 2024.xls,Relatorio_UBEM,MELHOR DA NOITE,2024-01-22,,,,PORTO SEGURO,DURVAL LELYS,DURVAL LELYS / LUIZ CALDAS / MACACO GORDO E SAULO,0.0,,73.2431,,,,,73243100,732431
Band,band UNIFICADO out dez 2023 jan fev 2024.xls,Relatorio_UBEM,MELHOR DA NOITE,2024-01-22,,,,SWEET HOME ALABAMA,VAN ZANT/ROSSINGTON/KING,LYNYRD SKYNYRD,0.0,,73.2431,,,,,73243100,732431
Band,band UNIFICADO out dez 2023 jan fev 2024.xls,Relatorio_UBEM,MELHOR DA NOITE,2024-01-22,,,,SEA GROOVE,BIG BOSS MAN,BIG BOSS MAN,0.0,,73.2431,,,,,73243100,732431
Band,band UNIFICADO out dez 2023 jan fev 2024.xls,Relatorio_UBEM,MELHOR DA NOITE,2024-01-22,,,,HIGHER GROUND,STEVIE WONDER,STEVIE WONDER                      ,0.0,,73.2431,,,,,73243100,732431
Band,band UNIFICADO out dez 2023 jan fev 2024.xls,Relatorio_UBEM,MELHOR DA NOITE,2024-01-22,,,,BOTH SIDES OF THE GUN,BEN HARPER,BEN HARPER,0.0,,73.2431,,,,,73243100,732431
Band,band UNIFICADO out dez 2023 jan fev 2024.xls,Relatorio_UBEM,MELHOR DA NOITE,2024-01-22,,,,SAN ANDREAS THEME SONG,MICHAEL HUNTER,MICHAEL HUNTER,0.0,,73.2431,,,,,73243100,732431
Band,band UNIFICADO out dez 2023 jan fev 2024.xls,Relatorio_UBEM,MELHOR DA NOITE,2024-01-22,,,,ES DESERT HURRICANES,CHRISTIAN ANDERSEN,CHRISTIAN ANDERSEN,0.0,,73.2431,,,,,73243100,732431
Band,band UNIFICADO out dez 2023 jan fev 2024.xls,Relatorio_UBEM,MELHOR DA NOITE,2024-01-22,,,,POUR LA VIE,BERTYSOLO,BERTYSOLO,0.0,,73.2431,,,,,73243100,732431
Band,band UNIFICADO out dez 2023 jan fev 2024.xls,Relatorio_UBEM,MELHOR DA NOITE,2024-01-22,,,,BERJUANG,BUDI ROMEO,BUDI ROMEO,0.0,,73.2431,,,,,73243100,732431
Band,band UNIFICADO out dez 2023 jan fev 2024.xls,Relatorio_UBEM,MELHOR DA NOITE,2024-01-22,,,,INNERBLOOM,AYOUB HAJI,AYOUB HAJI,0.0,,73.2431,,,,,73243100,732431
Band,band UNIFICADO out dez 2023 jan fev 2024.xls,Relatorio_UBEM,MELHOR DA NOITE,2024-01-22,,,,ES ONE FINAL THEFT,PIPER EZZ,PIPER EZZ,0.0,,73.2431,,,,,73243100,732431
Band,band UNIFICADO out dez 2023 jan fev 2024.xls,Relatorio_UBEM,MELHOR DA NOITE,2024-01-22,,,,A WAR WITHOUT END,MRDINKO,MRDINKO,0.0,,73.2431,,,,,73243100,732431
Band,band UNIFICADO out dez 2023 jan fev 2024.xls,Relatorio_UBEM,MELHOR DA NOITE,2024-01-22,,,,MONGOLISCHE VOLKSMELODI,JAMJAM E MIGDORJ TUMENBAYAR,EGSCHIGLEN,0.0,,73.2431,,,,,73243100,732431
Band,band UNIFICADO out dez 2023 jan fev 2024.xls,Relatorio_UBEM,MELHOR DA NOITE,2024-01-22,,,,BAJASGALANT SAALCHIN,NARANGEREL,EGSCHIGLEN,0.0,,73.2431,,,,,73243100,732431
Band,band UNIFICADO out dez 2023 jan fev 2024.xls,Relatorio_UBEM,MELHOR DA NOITE,2024-01-22,,,,MANDUUL KHAN,MIGDORJ TUMENBAYAR E TRADITIONAL,EGSCHIGLEN,0.0,,73.2431,,,,,73243100,732431
Band,band UNIFICADO out dez 2023 jan fev 2024.xls,Relatorio_UBEM,MELHOR DA NOITE,2024-01-22,,,,LIEBLINGSPFERD,C SUCHBATOR,EGSCHIGLEN,0.0,,73.2431,,,,,73243100,732431
Band,band UNIFICADO out dez 2023 jan fev 2024.xls,Relatorio_UBEM,MELHOR DA NOITE,2024-01-22,,,,BARRETAO,LAUANA PRADO / DIEGO E ARNALDO / ZE RICARDO E THIAGO E ROBY / THIAGO,LAUANA PRADO / DIEGO E ARNALDO / ZE RICARDO E THIAGO E ROBY / THIAGO,0.0,,73.2431,,,,,73243100,732431
Band,band UNIFICADO out dez 2023 jan fev 2024.xls,Relatorio_UBEM,MELHOR DA NOITE,2024-01-22,,,,PHYSICAL,OLIVIA NEWTON JOHN,OLIVIA NEWTON JOHN,0.0,,73.2431,,,,,73243100,732431
Band,band UNIFICADO out dez 2023 jan fev 2024.xls,Relatorio_UBEM,MELHOR DA NOITE,2024-01-22,,,,METEORO DA PAIXAO,SOROCABA,LUAN SANTANA,0.0,,73.2431,,,,,73243100,732431
Band,band UNIFICADO out dez 2023 jan fev 2024.xls,Relatorio_UBEM,MELHOR DA NOITE,2024-01-22,,,,VOCÊ NÃO SABE O QUE É AMOR                        ,SOROCABA,LUAN SANTANA,0.0,,73.2431,,,,,73243100,732431
Band,band UNIFICADO out dez 2023 jan fev 2024.xls,Relatorio_UBEM,MELHOR DA NOITE,2024-01-22,,,,SINAIS,LUAN SANTANA,LUAN SANTANA,0.0,,73.2431,,,,,73243100,732431
Band,band UNIFICADO out dez 2023 jan fev 2024.xls,Relatorio_UBEM,MELHOR DA NOITE,2024-01-22,,,,Escreve Aí,BRUNO CALIMAN/LUAN SANTANA/DUDU BORGES/DOUGLAS CEZAR,LUAN SANTANA,0.0,,73.2431,,,,,73243100,732431
Band,band UNIFICADO out dez 2023 jan fev 2024.xls,Relatorio_UBEM,MELHOR DA NOITE,2024-01-23,,,,"NEW YORK, NEW YORK",JOHN KANDER/FRED EBB,THIAGO ARANCAM,0.0,,52.3166,,,,,52316600,523166
Band,band UNIFICADO out dez 2023 jan fev 2024.xls,Relatorio_UBEM,MELHOR DA NOITE,2024-01-23,,,,NOSSA PARADINHA,BIMBA / XANDDY,HARMONIA DO SAMBA,0.0,,104.6332,,,,,104633200,1046332
Band,band UNIFICADO out dez 2023 jan fev 2024.xls,Relatorio_UBEM,MELHOR DA NOITE,2024-01-23,,,,CANTO PARA O SENEGAL,ITAMAR TROPICALIA / VALMIR BRITO,BANDA REFLEXUS,0.0,,104.6332,,,,,104633200,1046332
Band,band UNIFICADO out dez 2023 jan fev 2024.xls,Relatorio_UBEM,MELHOR DA NOITE,2024-01-23,,,,PI PO PO PO RO PO,PEDRINHA MORAES,PEDRINHA MORAES,0.0,,104.6332,,,,,104633200,1046332
Band,band UNIFICADO out dez 2023 jan fev 2024.xls,Relatorio_UBEM,MELHOR DA NOITE,2024-01-23,,,,SETGELD SHINGESEN,GOVI,GOVI,0.0,,73.2431,,,,,73243100,732431
Band,band UNIFICADO out dez 2023 jan fev 2024.xls,Relatorio_UBEM,MELHOR DA NOITE,2024-01-23,,,,TANZMELODIE,CHINZORIG,EGSCHIGLEN,0.0,,73.2431,,,,,73243100,732431
Band,band UNIFICADO out dez 2023 jan fev 2024.xls,Relatorio_UBEM,MELHOR DA NOITE,2024-01-23,,,,NA SOLA DA BOTA                                   ,CHICO AMADO                        ,RIONEGRO E SOLIMOES,0.0,,73.2431,,,,,73243100,732431
Band,band UNIFICADO out dez 2023 jan fev 2024.xls,Relatorio_UBEM,MELHOR DA NOITE,2024-01-23,,,,A GRANDE FAMÍLIA, DITO / TOM,DUDU NOBRE,0.0,,73.2431,,,,,73243100,732431
Band,band UNIFICADO out dez 2023 jan fev 2024.xls,Relatorio_UBEM,MELHOR DA NOITE,2024-01-23,,,,SEA GROOVE,BIG BOSS MAN,BIG BOSS MAN,0.0,,73.2431,,,,,73243100,732431
Band,band UNIFICADO out dez 2023 jan fev 2024.xls,Relatorio_UBEM,MELHOR DA NOITE,2024-01-23,,,,HIGHER GROUND,STEVIE WONDER,STEVIE WONDER                      ,0.0,,73.2431,,,,,73243100,732431
Band,band UNIFICADO out dez 2023 jan fev 2024.xls,Relatorio_UBEM,MELHOR DA NOITE,2024-01-23,,,,OUR SONG,TAYLOR SWIFT,TAYLOR SWIFT,0.0,,73.2431,,,,,73243100,732431
Band,band UNIFICADO out dez 2023 jan fev 2024.xls,Relatorio_UBEM,MELHOR DA NOITE,2024-01-23,,,,MISSION IMPOSSIBLE THEME          ,LALO SCHIFRIN,LORNE BALFE,0.0,,73.2431,,,,,73243100,732431
Band,band UNIFICADO out dez 2023 jan fev 2024.xls,Relatorio_UBEM,MELHOR DA NOITE,2024-01-23,,,,PLAQUE DE 100,MC GUIME,MC GUIME,0.0,,73.2431,,,,,73243100,732431
Band,band UNIFICADO out dez 2023 jan fev 2024.xls,Relatorio_UBEM,MELHOR DA NOITE,2024-01-24,,,,FESTA DE RODEIO,"REINALDO BARRIGA, CESAR ROSSINI, CESAR AUGUSTO",LEANDRO E LEONARDO,0.0,,104.6332,,,,,104633200,1046332
Band,band UNIFICADO out dez 2023 jan fev 2024.xls,Relatorio_UBEM,MELHOR DA NOITE,2024-01-24,,,,ARERE,GILSON BABILONIA/ALAIN TAVARES,BANDA EVA,0.0,,104.6332,,,,,104633200,1046332
Band,band UNIFICADO out dez 2023 jan fev 2024.xls,Relatorio_UBEM,MELHOR DA NOITE,2024-01-24,,,,ISSO AQUI TA BOM DEMAIS,DOMINGUINHOS,DOMINGUINHOS,0.0,,104.6332,,,,,104633200,1046332
Band,band UNIFICADO out dez 2023 jan fev 2024.xls,Relatorio_UBEM,MELHOR DA NOITE,2024-01-24,,,,PAIS TROPICAL,"JORGE BEN JOR, WILSON SIMONAL",BABADO NOVO,0.0,,104.6332,,,,,104633200,1046332
Band,band UNIFICADO out dez 2023 jan fev 2024.xls,Relatorio_UBEM,MELHOR DA NOITE,2024-01-24,,,,ON THE ROAD AGAIN,ALAN WILSON / FLOYD JONES,WILLIE NELSON,0.0,,73.2431,,,,,73243100,732431
Band,band UNIFICADO out dez 2023 jan fev 2024.xls,Relatorio_UBEM,MELHOR DA NOITE,2024-01-24,,,,MARACANGALHA,DORIVAL CAYMMI,MARTNALIA,0.0,,73.2431,,,,,73243100,732431
Band,band UNIFICADO out dez 2023 jan fev 2024.xls,Relatorio_UBEM,MELHOR DA NOITE,2024-01-25,,,,SAMPA,CAETANO VELOSO,FERNANDA PORTO                     ,0.0,,104.6332,,,,,104633200,1046332
Band,band UNIFICADO out dez 2023 jan fev 2024.xls,Relatorio_UBEM,MELHOR DA NOITE,2024-01-25,,,,EH SAO PAULO,ALVARENGA E RANCHINHO,ALVARENGA E RANCHINHO,0.0,,104.6332,,,,,104633200,1046332
Band,band UNIFICADO out dez 2023 jan fev 2024.xls,Relatorio_UBEM,MELHOR DA NOITE,2024-01-25,,,,BAILAO DE PEAO,MARIA DA PAZ/NINO                  ,CHITAOZINHO E XORORO,0.0,,104.6332,,,,,104633200,1046332
Band,band UNIFICADO out dez 2023 jan fev 2024.xls,Relatorio_UBEM,MELHOR DA NOITE,2024-01-25,,,,SHAKE IT OFF,TAYLOR SWIFT / MAX MARTIN / KARL JOHAN SCHUSTER,TAYLOR SWIFT,0.0,,104.6332,,,,,104633200,1046332
Band,band UNIFICADO out dez 2023 jan fev 2024.xls,Relatorio_UBEM,MELHOR DA NOITE,2024-01-25,,,,SAMPA,CAETANO VELOSO,CAETANO VELOSO,0.0,,104.6332,,,,,104633200,1046332
Band,band UNIFICADO out dez 2023 jan fev 2024.xls,Relatorio_UBEM,MELHOR DA NOITE,2024-01-25,,,,SAUDOSA MALOCA,ADONIRAN BARBOSA,DEMONIOS DA GAROA,0.0,,52.3166,,,,,52316600,523166
Band,band UNIFICADO out dez 2023 jan fev 2024.xls,Relatorio_UBEM,MELHOR DA NOITE,2024-01-25,,,,STRAW IN THE WIND,JASON COPE / WES BAYLISS,THE STEEL WOODS,0.0,,73.2431,,,,,73243100,732431
Band,band UNIFICADO out dez 2023 jan fev 2024.xls,Relatorio_UBEM,MELHOR DA NOITE,2024-01-25,,,,BLACK EYES,ALBERTO BOF / BRADLEY COOPER / COREY MCCORMICK / JESSE SIEBENBERG / LUKAS NELSON,BRADLEY COOPER,0.0,,73.2431,,,,,73243100,732431
Band,band UNIFICADO out dez 2023 jan fev 2024.xls,Relatorio_UBEM,MELHOR DA NOITE,2024-01-25,,,,EXOTIC QUEEN,A R RAHMAN,A R RAHMAN,0.0,,73.2431,,,,,73243100,732431
Band,band UNIFICADO out dez 2023 jan fev 2024.xls,Relatorio_UBEM,MELHOR DA NOITE,2024-01-25,,,,HEY SINAMIKA,GOVIND VASANTHA E MADAN KARKY,KEERTHANA VAIDYANATHAN E SAI PRABHA,0.0,,73.2431,,,,,73243100,732431
Band,band UNIFICADO out dez 2023 jan fev 2024.xls,Relatorio_UBEM,MELHOR DA NOITE,2024-01-25,,,,NAMAAMI NAMAAMI HINDI,RAVI BASRUR / NANNDHU J / SUDEEPA,SHRIYA SARAN,0.0,,73.2431,,,,,73243100,732431
Band,band UNIFICADO out dez 2023 jan fev 2024.xls,Relatorio_UBEM,MELHOR DA NOITE,2024-01-25,,,,BLANK SPACE,MARTIN KARL SANDBERG / JOHAN KARL SCHUSTER / TAYLOR ALISON SWIFT,TAYLOR SWIFT,0.0,,73.2431,,,,,73243100,732431
Band,band UNIFICADO out dez 2023 jan fev 2024.xls,Relatorio_UBEM,MELHOR DA NOITE,2024-01-25,,,,SAMPA,CAETANO VELOSO,CAETANO VELOSO,0.0,,73.2431,,,,,73243100,732431
Band,band UNIFICADO out dez 2023 jan fev 2024.xls,Relatorio_UBEM,MELHOR DA NOITE,2024-01-25,,,,NÃO EXISTE AMOR EM SP,CRIOLO,CRIOLO,0.0,,73.2431,,,,,73243100,732431
Band,band UNIFICADO out dez 2023 jan fev 2024.xls,Relatorio_UBEM,MELHOR DA NOITE,2024-01-25,,,,MY HEART WILL GO ON,JAMES HORNER / WILL JENNINGS,CELINE DION,0.0,,73.2431,,,,,73243100,732431
Band,band UNIFICADO out dez 2023 jan fev 2024.xls,Relatorio_UBEM,MELHOR DA NOITE,2024-01-25,,,,SAO PAULO,FERNANDA ABREU / FAUSTO FAWCETT,FERNANDA ABREU,0.0,,104.6332,,,,,104633200,1046332
Band,band UNIFICADO out dez 2023 jan fev 2024.xls,Relatorio_UBEM,MELHOR DA NOITE,2024-01-25,,,,CIDADE CINZA,WALLY,CPM 22,0.0,,73.2431,,,,,73243100,732431
Band,band UNIFICADO out dez 2023 jan fev 2024.xls,Relatorio_UBEM,MELHOR DA NOITE,2024-01-25,,,,ATE O FIM SAMPA,AKILEZALEX DIAS / DANIEL GRALHA / DJ B8 / EMICIDA / FLAVIO LAZZARIN / MARCO PABLO,PROJETONAVE / EMICIDA,0.0,,73.2431,,,,,73243100,732431
Band,band UNIFICADO out dez 2023 jan fev 2024.xls,Relatorio_UBEM,MELHOR DA NOITE,2024-01-25,,,,PANICO NA ZONA SUL,RACIONAIS MCS,RACIONAIS MCS,0.0,,73.2431,,,,,73243100,732431
Band,band UNIFICADO out dez 2023 jan fev 2024.xls,Relatorio_UBEM,MELHOR DA NOITE,2024-01-26,,,,INNISAI,GODFATHER,A R RAHMAN,0.0,,73.2431,,,,,73243100,732431
Band,band UNIFICADO out dez 2023 jan fev 2024.xls,Relatorio_UBEM,MELHOR DA NOITE,2024-01-26,,,,QAAFIRANA,ARIJIT ANAND,ARIJIT SINGH / NIKHITA GANDHI,0.0,,73.2431,,,,,73243100,732431
Band,band UNIFICADO out dez 2023 jan fev 2024.xls,Relatorio_UBEM,MELHOR DA NOITE,2024-01-26,,,,DEIXA A GIRA GIRAR,OS TINCOAS,Os Tincoas,0.0,,73.2431,,,,,73243100,732431
Band,band UNIFICADO out dez 2023 jan fev 2024.xls,Relatorio_UBEM,MELHOR DA NOITE,2024-01-26,,,,MENINO DO PELO,GERONIMO SANTANA / SAUL BARBOSA,OLODUM MIRIM,0.0,,73.2431,,,,,73243100,732431
Band,band UNIFICADO out dez 2023 jan fev 2024.xls,Relatorio_UBEM,MELHOR DA NOITE,2024-01-26,,,,PERCUSSAO TRIBAL BAIANA,CRA ROSA / JOSE CARLOS OLMO / DANI SANCHEZ / OSCAR RIBERA / GUILLEM ARNAU,CRA ROSA,0.0,,73.2431,,,,,73243100,732431
Band,band UNIFICADO out dez 2023 jan fev 2024.xls,Relatorio_UBEM,MELHOR DA NOITE,2024-01-26,,,,MUITO OBRIGADO AXÉ,CARLINHOS BROWN,CARLINHOS BROWN,0.0,,73.2431,,,,,73243100,732431
Band,band UNIFICADO out dez 2023 jan fev 2024.xls,Relatorio_UBEM,MELHOR DA NOITE,2024-01-26,,,,LAVAGEM DO BONFIM,GAL COSTA,GAL COSTA,0.0,,73.2431,,,,,73243100,732431
Band,band UNIFICADO out dez 2023 jan fev 2024.xls,Relatorio_UBEM,MELHOR DA NOITE,2024-01-26,,,,FAROL DA BARRA,CAETANO VELOSO / GALVAO,NOVOS BAIANOS,0.0,,73.2431,,,,,73243100,732431
Band,band UNIFICADO out dez 2023 jan fev 2024.xls,Relatorio_UBEM,MELHOR DA NOITE,2024-01-26,,,,PARAQUEDAS,ROOSEVELT RIBEIRO DE CARVALHO,RUSSO PASSAPUSSO,0.0,,73.2431,,,,,73243100,732431
Band,band UNIFICADO out dez 2023 jan fev 2024.xls,Relatorio_UBEM,MELHOR DA NOITE,2024-01-26,,,,MASHUP BENCA PAI,ANTONIO CARLOS GOMES CONCEICAO / ANTONIO LEONARDO REIS COSTA / ANTONIO CARLOS GOMES CONCEICAO DURVAL LELLYS / ANTONIO CARLOS SANTOS DE FREITAS / DURVAL LELYS / EDVALDO SANTOS / FABIO ALCANTARA ZACHARIADHES D SANTOS / FRANCISCO PEREIRA CHAGAS / REINALDO SI,FILHOS DA BAHIA / REINALDINHO / SAULO TONHO MATERIA,0.0,,73.2431,,,,,73243100,732431
Band,band UNIFICADO out dez 2023 jan fev 2024.xls,Relatorio_UBEM,MELHOR DA NOITE,2024-01-26,,,,CHAO DE FLORES,BRENO CASAGRANDE / PAULO JORGE / VITOR CASAGRANDE,OLODUM,0.0,,73.2431,,,,,73243100,732431
Band,band UNIFICADO out dez 2023 jan fev 2024.xls,Relatorio_UBEM,MELHOR DA NOITE,2024-01-26,,,,MASHUP BENCA PAI,ANTONIO CARLOS GOMES CONCEICAO / ANTONIO LEONARDO REIS COSTA / ANTONIO CARLOS GOMES CONCEICAO DURVAL LELLYS / ANTONIO CARLOS SANTOS DE FREITAS / DURVAL LELYS / EDVALDO SANTOS / FABIO ALCANTARA ZACHARIADHES D SANTOS / FRANCISCO PEREIRA CHAGAS / REINALDO SI,MARGARETH MENEZES / LARISSA LUZ / MAJUR / DANIELA MERCURY / IVETE SANGALO,0.0,,73.2431,,,,,73243100,732431
Band,band UNIFICADO out dez 2023 jan fev 2024.xls,Relatorio_UBEM,MELHOR DA NOITE,2024-01-26,,,,CHARLES ILÊ,CARLINHOS BROWN,CARLINHOS BROWN,0.0,,73.2431,,,,,73243100,732431
Band,band UNIFICADO out dez 2023 jan fev 2024.xls,Relatorio_UBEM,MELHOR DA NOITE,2024-01-26,,,,APERTA O PE,ANTONIO CARLOS / JOCAFI / RUSSO PASSAPUSSO,ANTONIO CARLOS / JOCAFI / RUSSO PASSAPUSSO,0.0,,73.2431,,,,,73243100,732431
Band,band UNIFICADO out dez 2023 jan fev 2024.xls,Relatorio_UBEM,MELHOR DA NOITE,2024-01-26,,,,ATÉ DE MANHÃ,THIAGO MORAES/UMBERTO TAVARES/J JR,AFROCIDADE,0.0,,73.2431,,,,,73243100,732431
Band,band UNIFICADO out dez 2023 jan fev 2024.xls,Relatorio_UBEM,MELHOR DA NOITE,2024-01-26,,,,VEM NENEM,BIMBA,HARMONIA DO SAMBA,0.0,,104.6332,,,,,104633200,1046332
Band,band UNIFICADO out dez 2023 jan fev 2024.xls,Relatorio_UBEM,MELHOR DA NOITE,2024-01-26,,,,PE NA AREIA,CAUIQUE / DIOGO LEITE / RODRIGO LEITE,DIOGO NOGUEIRA,0.0,,104.6332,,,,,104633200,1046332
Band,band UNIFICADO out dez 2023 jan fev 2024.xls,Relatorio_UBEM,MELHOR DA NOITE,2024-01-26,,,,NOSSA PARADINHA,BIMBA / XANDDY,HARMONIA DO SAMBA,0.0,,104.6332,,,,,104633200,1046332
Band,band UNIFICADO out dez 2023 jan fev 2024.xls,Relatorio_UBEM,MELHOR DA NOITE,2024-01-26,,,,CARRINHO DE MÃO,JARBAS VEIGA / JULINHO CARIOCA / REINALDO NASCIMENTO / RENAN DURATE RIBEIRO,TERRA SAMBA                        ,0.0,,104.6332,,,,,104633200,1046332
Band,band UNIFICADO out dez 2023 jan fev 2024.xls,Relatorio_UBEM,MELHOR DA NOITE,2024-01-26,,,,EU TO NA BAND,MANUEL ALEXANDRE OLIVEIRA DA SILVA,XANDDY,0.0,,73.2431,,,,,73243100,732431
Band,band UNIFICADO out dez 2023 jan fev 2024.xls,Relatorio_UBEM,MELHOR DA NOITE,2024-01-26,,,,SOL 2024,AR RAHMAN / MANI RATNAM / TRISHA / SOBHITA E RAKSHITA SURESH,AR RAHMAN,0.0,,73.2431,,,,,73243100,732431
Band,band UNIFICADO out dez 2023 jan fev 2024.xls,Relatorio_UBEM,MELHOR DA NOITE,2024-01-26,,,,MEU 2023,DJAVAN,MART NALIA / LUIZ OTAVIO,0.0,,52.3166,,,,,52316600,523166
Band,band UNIFICADO out dez 2023 jan fev 2024.xls,Relatorio_UBEM,MELHOR DA NOITE,2024-01-26,,,,OS ANJOS CANTAM,MAGNO SANTANA / TIERRY CORINGA,JORGE E MATEUS,0.0,,73.2431,,,,,73243100,732431
Band,band UNIFICADO out dez 2023 jan fev 2024.xls,Relatorio_UBEM,MELHOR DA NOITE,2024-01-26,,,,NOCAUTE,ANDRÉ VOX / SAMUEL DEOLLI,JORGE E MATEUS,0.0,,73.2431,,,,,73243100,732431
Band,band UNIFICADO out dez 2023 jan fev 2024.xls,Relatorio_UBEM,MELHOR DA NOITE,2024-01-26,,,,A GENTE NEM FICOU,GEORGE HENRIQUE,JORGE E MATEUS,0.0,,73.2431,,,,,73243100,732431
Band,band UNIFICADO out dez 2023 jan fev 2024.xls,Relatorio_UBEM,MELHOR DA NOITE,2024-01-29,,,,E UMA PARTIDA DE FUTEBOL                          ,SAMUEL ROSA/NANDO REIS             ,SKANK,0.0,,104.6332,,,,,104633200,1046332
Band,band UNIFICADO out dez 2023 jan fev 2024.xls,Relatorio_UBEM,MELHOR DA NOITE,2024-01-29,,,,VOCE E EU EU E VOCE,TIM MAIA,TIM MAIA,0.0,,104.6332,,,,,104633200,1046332
Band,band UNIFICADO out dez 2023 jan fev 2024.xls,Relatorio_UBEM,MELHOR DA NOITE,2024-01-29,,,,TO FAZENDO FALTA,ALVARO SOCCI / LUCCA FERREIRA / CLAUDIO MATTA,RAI SAIA RODADA / LUAN ESTILIZADO / ZEZO,0.0,,52.3166,,,,,52316600,523166
Band,band UNIFICADO out dez 2023 jan fev 2024.xls,Relatorio_UBEM,MELHOR DA NOITE,2024-01-29,,,,ESPUMAS AO VENTO ,ACCIOLY NETO,RAI SAIA RODADA / LUAN ESTILIZADO / ZEZO,0.0,,52.3166,,,,,52316600,523166
Band,band UNIFICADO out dez 2023 jan fev 2024.xls,Relatorio_UBEM,MELHOR DA NOITE,2024-01-29,,,,MALANDRAGEM,CAZUZA / ROBERTO FREJAT,RAI SAIA RODADA / LUAN ESTILIZADO / ZEZO,0.0,,52.3166,,,,,52316600,523166
Band,band UNIFICADO out dez 2023 jan fev 2024.xls,Relatorio_UBEM,MELHOR DA NOITE,2024-01-29,,,,EU E VOCÊ SEMPRE,JORGE ARAGÃO/FLÁVIO CARDOSO,RAI SAIA RODADA / LUAN ESTILIZADO / ZEZO,0.0,,52.3166,,,,,52316600,523166
Band,band UNIFICADO out dez 2023 jan fev 2024.xls,Relatorio_UBEM,MELHOR DA NOITE,2024-01-29,,,,FANFARRA_CABUA LE LE,CARLINHOS BROWN,SERGIO MENDES,0.0,,73.2431,,,,,73243100,732431
Band,band UNIFICADO out dez 2023 jan fev 2024.xls,Relatorio_UBEM,MELHOR DA NOITE,2024-01-29,,,,GHOSTBUSTERS,RAY PARKER JR,RAY PARKER JR,0.0,,73.2431,,,,,73243100,732431
Band,band UNIFICADO out dez 2023 jan fev 2024.xls,Relatorio_UBEM,MELHOR DA NOITE,2024-01-29,,,,VOANDO PRO PARA,CHRYSTIAN LIMA / NILK OLIVEIRA / ISAC MARAIAL / VALTER SERRARIA,JOELMA,0.0,,73.2431,,,,,73243100,732431
Band,band UNIFICADO out dez 2023 jan fev 2024.xls,Relatorio_UBEM,MELHOR DA NOITE,2024-01-29,,,,LOVE LOVE,CHRISTOPHER MAURICE BROWN / DOUGIE RIBEIRO / FAHEEM RASHEED NAJM / LARYSSA GOULART / MARCO LIMA / SHARYANN GABRIEL,NALDO BENNY / MELODY,0.0,,73.2431,,,,,73243100,732431
Band,band UNIFICADO out dez 2023 jan fev 2024.xls,Relatorio_UBEM,MELHOR DA NOITE,2024-01-29,,,,MONALISA,JAY LIVINGSTON / RAY EVANS,NAT KING COLE,0.0,,104.6332,,,,,104633200,1046332
Band,band UNIFICADO out dez 2023 jan fev 2024.xls,Relatorio_UBEM,MELHOR DA NOITE,2024-01-29,,,,EU TE AMO FORTALEZA,MARTINS MARIA / MIRIAM MARTINS / ZEZO,ZEZO,0.0,,104.6332,,,,,104633200,1046332
Band,band UNIFICADO out dez 2023 jan fev 2024.xls,Relatorio_UBEM,MELHOR DA NOITE,2024-01-29,,,,CONCIERTO DE ARANJUEZ ADAGIO,JOAQUIN RODRIGO,BEN GLASSBERG / ORCHESTRE NATIONAL DU CAPITOLE DE TOULOUSE / THIBAUT GARCIA,0.0,,73.2431,,,,,73243100,732431
Band,band UNIFICADO out dez 2023 jan fev 2024.xls,Relatorio_UBEM,MELHOR DA NOITE,2024-01-29,,,,DER RING DES NIBELUNGEN ARR DE VLIEGER,RICHARD WAGNER,WAGNER / RADIO FILHARMONISCH,0.0,,73.2431,,,,,73243100,732431
Band,band UNIFICADO out dez 2023 jan fev 2024.xls,Relatorio_UBEM,MELHOR DA NOITE,2024-01-29,,,,PUER NATUS IN BETHLEEM,SAMUEL SCHEIDT,ARS CHORALIS COELN,0.0,,73.2431,,,,,73243100,732431
Band,band UNIFICADO out dez 2023 jan fev 2024.xls,Relatorio_UBEM,MELHOR DA NOITE,2024-01-29,,,,ES_TINKERSCURSE,DESKANT,DESKANT,0.0,,73.2431,,,,,73243100,732431
Band,band UNIFICADO out dez 2023 jan fev 2024.xls,Relatorio_UBEM,MELHOR DA NOITE,2024-01-29,,,,ES_WHENTOMORROWCOMES,JON BJORK,JON BJORK,0.0,,73.2431,,,,,73243100,732431
Band,band UNIFICADO out dez 2023 jan fev 2024.xls,Relatorio_UBEM,MELHOR DA NOITE,2024-01-29,,,,DIVERTIMENTO IN D MAJOR K 334,WOLFGANG AMADEUS MOZART,WOLFGANG AMADEUS MOZART,0.0,,73.2431,,,,,73243100,732431
Band,band UNIFICADO out dez 2023 jan fev 2024.xls,Relatorio_UBEM,MELHOR DA NOITE,2024-01-29,,,,ES_ALL STRING ATTACHED,JON BJORK,JON BJORK,0.0,,73.2431,,,,,73243100,732431
Band,band UNIFICADO out dez 2023 jan fev 2024.xls,Relatorio_UBEM,MELHOR DA NOITE,2024-01-29,,,,ES_JOURNEY THROUGH THE DESERT,TRACE WAY,TRACE WAY,0.0,,73.2431,,,,,73243100,732431
Band,band UNIFICADO out dez 2023 jan fev 2024.xls,Relatorio_UBEM,MELHOR DA NOITE,2024-01-29,,,,CAPRICHO ARABE,FRANCISCO TARREGA,ANDRES SEGOVIA / FRANCISCO TARREGA,0.0,,73.2431,,,,,73243100,732431
Band,band UNIFICADO out dez 2023 jan fev 2024.xls,Relatorio_UBEM,MELHOR DA NOITE,2024-01-29,,,,SYMPHONY NO 4 OP 90 ITALIAN IV SALTARELLO PRESTO,FELIX MENDELSSOHN,HEIDELBERG SYMPHONY / ORCHESTRA / THOMAS FEY,0.0,,73.2431,,,,,73243100,732431
Band,band UNIFICADO out dez 2023 jan fev 2024.xls,Relatorio_UBEM,MELHOR DA NOITE,2024-01-29,,,,BOMBINHA,CARLOS POSADA,Juliana Linhares,0.0,,73.2431,,,,,73243100,732431
Band,band UNIFICADO out dez 2023 jan fev 2024.xls,Relatorio_UBEM,MELHOR DA NOITE,2024-01-29,,,,EU SOU O SOL,FRANCISCO WESDLEY DA SILVA VASCONCELOS,ELETROCACTUS,0.0,,73.2431,,,,,73243100,732431
Band,band UNIFICADO out dez 2023 jan fev 2024.xls,Relatorio_UBEM,MELHOR DA NOITE,2024-01-29,,,,MAL IMPORTA,ELETROCACTUS,ELETROCACTUS,0.0,,73.2431,,,,,73243100,732431
Band,band UNIFICADO out dez 2023 jan fev 2024.xls,Relatorio_UBEM,MELHOR DA NOITE,2024-01-29,,,,A CIDADE E PEQUENA,MICHELE TAJRA,ILYA,0.0,,73.2431,,,,,73243100,732431
Band,band UNIFICADO out dez 2023 jan fev 2024.xls,Relatorio_UBEM,MELHOR DA NOITE,2024-01-29,,,,LAMBADA DA LAMBIDA,CHICO CESAR / JULIANA LINHARES,Juliana Linhares,0.0,,73.2431,,,,,73243100,732431
Band,band UNIFICADO out dez 2023 jan fev 2024.xls,Relatorio_UBEM,MELHOR DA NOITE,2024-01-29,,,,LUZ DE JAH,ANDREAD JO,ANDREAD JO,0.0,,73.2431,,,,,73243100,732431
Band,band UNIFICADO out dez 2023 jan fev 2024.xls,Relatorio_UBEM,MELHOR DA NOITE,2024-01-29,,,,NO CEARA E ASSIM,CARLOS BARROSO,FAGNER,0.0,,73.2431,,,,,73243100,732431
Band,band UNIFICADO out dez 2023 jan fev 2024.xls,Relatorio_UBEM,MELHOR DA NOITE,2024-01-29,,,,ALUMIA,BRUNO SILVEIRA / FLAVIO NASCIMENTO / MATHEUS BRASIL / VICTOR CALIOPE,PROJETO RIVERA,0.0,,73.2431,,,,,73243100,732431
Band,band UNIFICADO out dez 2023 jan fev 2024.xls,Relatorio_UBEM,MELHOR DA NOITE,2024-01-29,,,,5 PRELUDIOS PARA VIOLAO SOLO,HEITOR VILLA LOBOS,TURIBIO SANTOS,0.0,,73.2431,,,,,73243100,732431
Band,band UNIFICADO out dez 2023 jan fev 2024.xls,Relatorio_UBEM,MELHOR DA NOITE,2024-01-29,,,,CANCOES DE MAR,JOSE RODRIGUES,ILYA,0.0,,73.2431,,,,,73243100,732431
Band,band UNIFICADO out dez 2023 jan fev 2024.xls,Relatorio_UBEM,MELHOR DA NOITE,2024-01-29,,,,RAP DO REAL,PEDRO LUIS / RODRIGO MARANHAO,PEDRO LUIS E A PAREDE,0.0,,73.2431,,,,,73243100,732431
Band,band UNIFICADO out dez 2023 jan fev 2024.xls,Relatorio_UBEM,MELHOR DA NOITE,2024-01-30,,,,FUNK DA PAMONHA,RODNEY DY,RODNEY DY,0.0,,73.2431,,,,,73243100,732431
Band,band UNIFICADO out dez 2023 jan fev 2024.xls,Relatorio_UBEM,MELHOR DA NOITE,2024-01-30,,,,ACABOU,MANNO GOES                         ,RICARDO CHAVES,0.0,,104.6332,,,,,104633200,1046332
Band,band UNIFICADO out dez 2023 jan fev 2024.xls,Relatorio_UBEM,MELHOR DA NOITE,2024-01-30,,,,FUMACA DE PAMONHA,MAICON ARAKI / MATEO PIRACES UGARTE,FRANCISCO / EL HOMBRE / MAIKÃO,0.0,,73.2431,,,,,73243100,732431
Band,band UNIFICADO out dez 2023 jan fev 2024.xls,Relatorio_UBEM,MELHOR DA NOITE,2024-01-30,,,,PAMONHA DE PIRACICABA,THE FLANDERS,THE FLANDERS,0.0,,73.2431,,,,,73243100,732431
Band,band UNIFICADO out dez 2023 jan fev 2024.xls,Relatorio_UBEM,MELHOR DA NOITE,2024-01-30,,,,MILHARAL DO MEU AMOR,WECLEY JADSON,LUAR DO SAO JOAO,0.0,,73.2431,,,,,73243100,732431
Band,band UNIFICADO out dez 2023 jan fev 2024.xls,Relatorio_UBEM,MELHOR DA NOITE,2024-01-30,,,,PAMONHA,FLAVIA BITTENCOURT,FLAVIA BITTENCOURT / QUINTETO EM BRANCO E PRETO,0.0,,73.2431,,,,,73243100,732431
Band,band UNIFICADO out dez 2023 jan fev 2024.xls,Relatorio_UBEM,MELHOR DA NOITE,2024-01-31,,,,HACKEARAM ME,TIERRY,TIERRY,0.0,,52.3166,,,,,52316600,523166
Band,band UNIFICADO out dez 2023 jan fev 2024.xls,Relatorio_UBEM,MELHOR DA NOITE,2024-01-31,,,,RITA,TIERRY,TIERRY,0.0,,52.3166,,,,,52316600,523166
Band,band UNIFICADO out dez 2023 jan fev 2024.xls,Relatorio_UBEM,MELHOR DA NOITE,2024-01-31,,,,FUNK DO PÃO DE QUEIJO,EDUARDO SAN MARINO,BOLOFOFOS,0.0,,104.6332,,,,,104633200,1046332
Band,band UNIFICADO out dez 2023 jan fev 2024.xls,Relatorio_UBEM,MELHOR DA NOITE,2024-01-31,,,,HACKEARAM ME,TIERRY,TIERRY / MARILIA MENDONÇA,0.0,,73.2431,,,,,73243100,732431
Band,band UNIFICADO out dez 2023 jan fev 2024.xls,Relatorio_UBEM,MELHOR DA NOITE,2024-01-31,,,,SOU A MONICA,GAO GURGEL / MAURICIO DE SOUZA / WILMA CAMARGO,TURMA DA MONICA,0.0,,73.2431,,,,,73243100,732431
Band,band UNIFICADO out dez 2023 jan fev 2024.xls,Relatorio_UBEM,MELHOR DA NOITE,2024-01-31,,,,SR TEMPO BOM,DJ HUMTHAIDE,THAIDE / BLACK BRASA,0.0,,73.2431,,,,,73243100,732431
Band,band UNIFICADO out dez 2023 jan fev 2024.xls,Relatorio_UBEM,MELHOR DA NOITE,2024-01-31,,,,SIMON SAYS,PHAROAHE MONCH,PHAROAHE MONCH,0.0,,73.2431,,,,,73243100,732431
Band,band UNIFICADO out dez 2023 jan fev 2024.xls,Relatorio_UBEM,MELHOR DA NOITE,2024-01-31,,,,GERUSA,CABREARA / TIERRY,TIERRY,0.0,,52.3166,,,,,52316600,523166
Band,band UNIFICADO out dez 2023 jan fev 2024.xls,Relatorio_UBEM,MELHOR DA NOITE,2024-01-31,,,,FELIZ NATAL PRA TODOS,TURMA DA MONICA,TURMA DA MONICA,0.0,,73.2431,,,,,73243100,732431
Band,band UNIFICADO out dez 2023 jan fev 2024.xls,Relatorio_UBEM,MELHOR DA TARDE,2024-01-15,,,,ESPERANDO NA JANELA,TARGINO GONDIM / MANUCA ALMEIDA / RAIMUNDO DO ACORDEON,GILBERTO GIL,747.38,,799.6966,,,,,799696600,7996966
Band,band UNIFICADO out dez 2023 jan fev 2024.xls,Relatorio_UBEM,PERRENGUE DO DIA,2024-01-02,,,,THE WALKER,JEREMY RAZUMNA / JAMES KING / JOHN WICKS / JOSEPH KARNES / MICHAEL FITZPATRICK / NOELLE SCAGGS,FIZ AND THE TANTRUMS,4484.27,,4798.17,,,,,479817,4798
Band,band UNIFICADO out dez 2023 jan fev 2024.xls,Relatorio_UBEM,PERRENGUE DO DIA,2024-01-04,,,,THE WALKER,JEREMY RAZUMNA / JAMES KING / JOHN WICKS / JOSEPH KARNES / MICHAEL FITZPATRICK / NOELLE SCAGGS,FIZ AND THE TANTRUMS,4484.27,,4798.17,,,,,479817,4798
Band,band UNIFICADO out dez 2023 jan fev 2024.xls,Relatorio_UBEM,PERRENGUE DO DIA,2024-01-08,,,,THE WALKER,JEREMY RAZUMNA / JAMES KING / JOHN WICKS / JOSEPH KARNES / MICHAEL FITZPATRICK / NOELLE SCAGGS,FIZ AND THE TANTRUMS,4484.27,,4798.17,,,,,479817,4798
Band,band UNIFICADO out dez 2023 jan fev 2024.xls,Relatorio_UBEM,PERRENGUE DO DIA,2024-01-08,,,,O CHEIRO DA CAROLINA,ZE GONZAGA / AMORIM ROXO,BANDA REALIZARE,747.38,,799.6966,,,,,799696600,7996966
Band,band UNIFICADO out dez 2023 jan fev 2024.xls,Relatorio_UBEM,PERRENGUE DO DIA,2024-01-08,,,,ALL STAR,GREGORY D CAMP,SMASH MOUTH,747.38,,799.6966,,,,,799696600,7996966
Band,band UNIFICADO out dez 2023 jan fev 2024.xls,Relatorio_UBEM,PERRENGUE DO DIA,2024-01-08,,,,NO CUME,MARCONDES FALCAO MAIA / PLAUTUS CUNHA,FALCAO,747.38,,799.6966,,,,,799696600,7996966
Band,band UNIFICADO out dez 2023 jan fev 2024.xls,Relatorio_UBEM,PERRENGUE DO DIA,2024-01-09,,,,THE WALKER,JEREMY RAZUMNA / JAMES KING / JOHN WICKS / JOSEPH KARNES / MICHAEL FITZPATRICK / NOELLE SCAGGS,FIZ AND THE TANTRUMS,4484.27,,4798.17,,,,,479817,4798
Band,band UNIFICADO out dez 2023 jan fev 2024.xls,Relatorio_UBEM,PERRENGUE DO DIA,2024-01-11,,,,LONELY BOY,THE BLACK KEYS,THE BLACK KEYS,4484.27,,4798.17,,,,,479817,4798
Band,band UNIFICADO out dez 2023 jan fev 2024.xls,Relatorio_UBEM,PROGRAMA DO JOÂO,2024-01-06,,,,POSSO ATÉ ME APAIXONAR                            ,DUDU NOBRE,DUDU NOBRE,747.38,,799.69,,,,,79969,800
Band,band UNIFICADO out dez 2023 jan fev 2024.xls,Relatorio_UBEM,PROGRAMA DO JOÂO,2024-01-06,,,,TA ESCRITO,"XANDE DE PILARES, GILSON BERNINI, CARLINHOS MADUREIRA",DUDU NOBRE,747.38,,799.69,,,,,79969,800
Band,band UNIFICADO out dez 2023 jan fev 2024.xls,Relatorio_UBEM,PROGRAMA DO JOÂO,2024-01-06,,,,BALLENA,PH / VEIGH / VULGO FK,RONALD DJ / MALIFOO,747.38,,799.69,,,,,79969,800
Band,band UNIFICADO out dez 2023 jan fev 2024.xls,Relatorio_UBEM,PROGRAMA DO JOÂO,2024-01-06,,,,ESPELHO,GAAB / MC HARIEL,MC HARIEL / DJ RONALD,747.38,,799.69,,,,,79969,800
Band,band UNIFICADO out dez 2023 jan fev 2024.xls,Relatorio_UBEM,PROGRAMA DO JOÂO,2024-01-06,,,,EU SEI DE COR,DANILLO DAVILLA/ ELCIO DI CARVALHO/ LARI FERREIRA/ JUNIOR PEPATO,FELIPE ARAUJO / TIERRY,747.38,,799.69,,,,,79969,800
Band,band UNIFICADO out dez 2023 jan fev 2024.xls,Relatorio_UBEM,PROGRAMA DO JOÂO,2024-01-06,,,,HACKEARAM ME,TIERRY,TIERRY,747.38,,799.69,,,,,79969,800
Band,band UNIFICADO out dez 2023 jan fev 2024.xls,Relatorio_UBEM,PROGRAMA DO JOÂO,2024-01-06,,,,RITA,TIERRY,TIERRY,747.38,,799.69,,,,,79969,800
Band,band UNIFICADO out dez 2023 jan fev 2024.xls,Relatorio_UBEM,PROGRAMA DO JOÂO,2024-01-06,,,,FESTA NO APE,DAN BALAN / DALMO SOARES BELOTI / ROBERTO SOUZA / LATINO,LATINO                             ,747.38,,799.69,,,,,79969,800
Band,band UNIFICADO out dez 2023 jan fev 2024.xls,Relatorio_UBEM,PROGRAMA DO JOÂO,2024-01-06,,,,DANCIN DAYS,NELSON MOTTA/RUBAN,LATINO                             ,747.38,,799.69,,,,,79969,800
Band,band UNIFICADO out dez 2023 jan fev 2024.xls,Relatorio_UBEM,PROGRAMA DO JOÂO,2024-01-06,,,,E HOJE,DIDI/ MESTRINHO,DUDU NOBRE,747.38,,799.69,,,,,79969,800
Band,band UNIFICADO out dez 2023 jan fev 2024.xls,Relatorio_UBEM,PROGRAMA DO JOÂO,2024-01-13,,,,PASSARO DE FOGO,PAULA FERNANDES,PAULA FERNANDES,747.38,,799.69,,,,,79969,800
Band,band UNIFICADO out dez 2023 jan fev 2024.xls,Relatorio_UBEM,PROGRAMA DO JOÂO,2024-01-13,,,,DE CUIABA PARA O BRASIL,JOAO CARREIRO,BRUNA VIOLA,747.38,,799.69,,,,,79969,800
Band,band UNIFICADO out dez 2023 jan fev 2024.xls,Relatorio_UBEM,PROGRAMA DO JOÂO,2024-01-13,,,,AMOR SIMPRAO,BRUNA SIQUEIRA / MELISSA MANZI / PEDRO VEREDAS / THIAGO ANDRADE,BRUNA VIOLA / PAULA FERNANDES,747.38,,799.69,,,,,79969,800
Band,band UNIFICADO out dez 2023 jan fev 2024.xls,Relatorio_UBEM,PROGRAMA DO JOÂO,2024-01-13,,,,CAMINHEIRO,JACK,BRUNA VIOLA / PAULA FERNANDES,747.38,,799.69,,,,,79969,800
Band,band UNIFICADO out dez 2023 jan fev 2024.xls,Relatorio_UBEM,PROGRAMA DO JOÂO,2024-01-13,,,,SAUDADE DA MINHA TERRA,GOIA / BELMONTE,BRUNA VIOLA / PAULA FERNANDES,747.38,,799.69,,,,,79969,800
Band,band UNIFICADO out dez 2023 jan fev 2024.xls,Relatorio_UBEM,PROGRAMA DO JOÂO,2024-01-13,,,,DANCIN DAYS,NELSON MOTTA/RUBAN,SERIAL FUNKERS,747.38,,799.69,,,,,79969,800
Band,band UNIFICADO out dez 2023 jan fev 2024.xls,Relatorio_UBEM,PROGRAMA DO JOÂO,2024-01-13,,,,TA ESCRITO,"XANDE DE PILARES, GILSON BERNINI, CARLINHOS MADUREIRA",SERIAL FUNKERS,747.38,,799.69,,,,,79969,800
Band,band UNIFICADO out dez 2023 jan fev 2024.xls,Relatorio_UBEM,PROGRAMA DO JOÂO,2024-01-20,,,,TAPAO NA RABA,ISRAELL MUNIZ / DJ NONONY,SAIA RODADA,747.38,,799.69,,,,,79969,800
Band,band UNIFICADO out dez 2023 jan fev 2024.xls,Relatorio_UBEM,PROGRAMA DO JOÂO,2024-01-20,,,,5 DA MANHA,RICARDUS / HIAGO NOBRE / SAYMON MARQUES / KINHO CHEFÃO,RAI SAIA RODADA,747.38,,799.69,,,,,79969,800
Band,band UNIFICADO out dez 2023 jan fev 2024.xls,Relatorio_UBEM,PROGRAMA DO JOÂO,2024-01-20,,,,BEBE E VEM ME PROCURAR,ANDRE SILVA,RAI SAIA RODADA,747.38,,799.69,,,,,79969,800
Band,band UNIFICADO out dez 2023 jan fev 2024.xls,Relatorio_UBEM,PROGRAMA DO JOÂO,2024-01-20,,,,VOANDO PRO PARA,CHRYSTIAN LIMA / NILK OLIVEIRA / ISAC MARAIAL / VALTER SERRARIA,SERIAL FUNKERS,747.38,,799.69,,,,,79969,800
Band,band UNIFICADO out dez 2023 jan fev 2024.xls,Relatorio_UBEM,PROGRAMA DO JOÂO,2024-01-27,,,,JOGA PRA LUA,DENNIS / PEDRO SAMPAIO / GABRIEL CANTINI / SHYTON FERNANDES / FERNANDO PS,ANITTA,1046.33,,1119.5731,,,,,1119573100,11195731
Band,band UNIFICADO out dez 2023 jan fev 2024.xls,Relatorio_UBEM,PROGRAMA DO JOÂO,2024-01-27,,,,MAS QUE ANDA,JORGE BEM JOR,DJ CIDO,747.38,,799.69,,,,,79969,800
Band,band UNIFICADO out dez 2023 jan fev 2024.xls,Relatorio_UBEM,PROGRAMA DO JOÂO,2024-01-27,,,,ADOCICA                                           ,BETO BARBOSA,BETO BARBOSA,747.38,,799.69,,,,,79969,800
Band,band UNIFICADO out dez 2023 jan fev 2024.xls,Relatorio_UBEM,PROGRAMA DO JOÂO,2024-01-27,,,,AI QUE LOUCURA E VOCE,BETO BARBOSA / JESUS COUTO,BETO BARBOSA,747.38,,799.69,,,,,79969,800
Band,band UNIFICADO out dez 2023 jan fev 2024.xls,Relatorio_UBEM,PROGRAMA DO JOÂO,2024-01-27,,,,CHORANDO SE FOI/,GONZALO HERMOSA GONZALES/ ULISES HERMOSA GONZALES/ ALBERTO MARAVI/ JOSE ARI/ MARCIA FERRERIA,BETO BARBOSA / SERIAL FUNKERS,747.38,,799.69,,,,,79969,800
Band,band UNIFICADO out dez 2023 jan fev 2024.xls,Relatorio_UBEM,PROGRAMA DO JOÂO,2024-01-27,,,,ESCRITO NAS ESTRELAS,ARNALDO BLACK / CARLOS RENNÓ,JOAO SILVA / MARCIA FU,747.38,,799.69,,,,,79969,800
Band,band UNIFICADO out dez 2023 jan fev 2024.xls,Relatorio_UBEM,PROGRAMA DO JOÂO,2024-01-27,,,,TIETA,BONI / PAULO DE SOUSA,LUIZ CALDAS,1046.33,,1119.5731,,,,,1119573100,11195731
Band,band UNIFICADO out dez 2023 jan fev 2024.xls,Relatorio_UBEM,PROGRAMA DO JOÂO,2024-01-27,,,,DANCA BALADA,ZE MARIA 1,KAOMA,1046.33,,1119.5731,,,,,1119573100,11195731
Band,band UNIFICADO out dez 2023 jan fev 2024.xls,Relatorio_UBEM,PROGRAMA DO JOÂO,2024-01-27,,,,ME CHAMA QUE EU VOU,CLAUDIO RABELLO / TORCUATO MARIANO,SIDNEY MAGAL,1046.33,,1119.5731,,,,,1119573100,11195731
Band,band UNIFICADO out dez 2023 jan fev 2024.xls,Relatorio_UBEM,PROGRAMA DO JOÂO,2024-01-27,,,,FAKING LOVE,ABBY LYNN KEEN / ANITTA / KAINE / MAURICIO RENGIFO / RYAN TEDDER / SAWEETIE,ANITTA,1046.33,,1119.5731,,,,,1119573100,11195731
Band,band UNIFICADO out dez 2023 jan fev 2024.xls,Relatorio_UBEM,PROGRAMA DO JOÂO,2024-01-27,,,,SHOW DAS PODEROSAS 0,ANITTA,ANITTA,1046.33,,1119.5731,,,,,1119573100,11195731
Band,band UNIFICADO out dez 2023 jan fev 2024.xls,Relatorio_UBEM,PROGRAMA DO JOÂO,2024-01-27,,,,ENVOLVER,LARISSA DE MACEDO MACHADO / JULIO M GONZALES TAVAREZ / FREDDY MONTALVO / JOSÉ CARLOS CRUZ,ANITTA,1046.33,,1119.5731,,,,,1119573100,11195731
Band,band UNIFICADO out dez 2023 jan fev 2024.xls,Relatorio_UBEM,PROGRAMA DO JOÂO,2024-01-27,,,,MODO TURBO,LUISA SONZA / RAFINHA RSQ / ARTHUR MARQUES / DIEGO TIMBÓ,ANITTA,1046.33,,1119.5731,,,,,1119573100,11195731
Band,band UNIFICADO out dez 2023 jan fev 2024.xls,Relatorio_UBEM,PROGRAMA DO JOÂO,2024-01-27,,,,CLAUDINHA BAGUNCEIRA,TATAU / XIXINHO,CLAUDIA LEITTE,1046.33,,1119.5731,,,,,1119573100,11195731
Band,band UNIFICADO out dez 2023 jan fev 2024.xls,Relatorio_UBEM,PROGRAMA DO JOÂO,2024-01-27,,,,VAI MALANDRA,ANITTA / MAEJOR / MC ZAAC / TROPKILLAZ,ANITTA,1046.33,,1119.5731,,,,,1119573100,11195731
Band,band UNIFICADO out dez 2023 jan fev 2024.xls,Relatorio_UBEM,PROGRAMA DO JOÂO,2024-01-27,,,,COMBATCHY,ANDRÉ VIEIRA / PEDRO BREDER / ROMEU R3 / WALLACE VIANNA,MC REBECCA,1046.33,,1119.5731,,,,,1119573100,11195731
Band,band UNIFICADO out dez 2023 jan fev 2024.xls,Relatorio_UBEM,PROGRAMA DO JOÂO,2024-01-27,,,,PRETA                                             ,BETO BARBOSA,BETO BARBOSA,747.38,,799.69,,,,,79969,800
Band,band UNIFICADO out dez 2023 jan fev 2024.xls,Relatorio_UBEM,PROGRAMA DO JOÂO,2024-01-27,,,,SHOW DAS PODEROSAS 0,ANITTA,ANITTA,1046.33,,1119.5731,,,,,1119573100,11195731
Band,band UNIFICADO out dez 2023 jan fev 2024.xls,Relatorio_UBEM,PROGRAMA DO JOÂO,2024-01-27,,,,CHORANDO SE FOI/,GONZALO HERMOSA GONZALES/ ULISES HERMOSA GONZALES/ ALBERTO MARAVI/ JOSE ARI/ MARCIA FERRERIA,KAOMA,1046.33,,1119.5731,,,,,1119573100,11195731
Band,band UNIFICADO out dez 2023 jan fev 2024.xls,Relatorio_UBEM,PROGRAMA DO JOÂO,2024-01-27,,,,OVERTURE,VINNI NALLON,SERIAL FUNKERS,1046.33,,1119.5731,,,,,1119573100,11195731
Band,band UNIFICADO out dez 2023 jan fev 2024.xls,Relatorio_UBEM,VERÃO MAIOR PARANÁ,2024-01-12,,,,OI DEUS,FELIPE ARNA / NORMANI PELEGRINI / RENATO CAMPERO / RODOLFO ALESSI,HUGO E GUILHERME,0.0,,52.3166,,,,,52316600,523166
Band,band UNIFICADO out dez 2023 jan fev 2024.xls,Relatorio_UBEM,VERÃO MAIOR PARANÁ,2024-01-12,,,,CORACAO NA CAMA,ALEX ALVES / CLEBINHO / DJANGO,HUGO E GUILHERME,0.0,,52.3166,,,,,52316600,523166
Band,band UNIFICADO out dez 2023 jan fev 2024.xls,Relatorio_UBEM,VERÃO MAIOR PARANÁ,2024-01-12,,,,PINGO DE DÓ,PAULO FIAPO / MARCELLO COSTA,HUGO E GUILHERME,0.0,,52.3166,,,,,52316600,523166
Band,band UNIFICADO out dez 2023 jan fev 2024.xls,Relatorio_UBEM,VERÃO MAIOR PARANÁ,2024-01-12,,,,DA MORAL PROS POBRE,DOUGLAS CEZAR,HUGO E GUILHERME,0.0,,52.3166,,,,,52316600,523166
Band,band UNIFICADO out dez 2023 jan fev 2024.xls,Relatorio_UBEM,VERÃO MAIOR PARANÁ,2024-01-12,,,,CONVENIENCIA,DIEGO MONTEIRO / SPARTACO / VINICIUS PERES,HUGO E GUILHERME,0.0,,52.3166,,,,,52316600,523166
Band,band UNIFICADO out dez 2023 jan fev 2024.xls,Relatorio_UBEM,VERÃO MAIOR PARANÁ,2024-01-12,,,,SO DA VOCE NA MINHA VIDA,PINOCCHIO / RICK / ZEH ENRIQUE,HUGO E GUILHERME,0.0,,52.3166,,,,,52316600,523166
Band,band UNIFICADO out dez 2023 jan fev 2024.xls,Relatorio_UBEM,VERÃO MAIOR PARANÁ,2024-01-12,,,,VEM FICAR,DANN NASCIMENTO / SOROCABA,HUGO E GUILHERME,0.0,,52.3166,,,,,52316600,523166
Band,band UNIFICADO out dez 2023 jan fev 2024.xls,Relatorio_UBEM,VERÃO MAIOR PARANÁ,2024-01-12,,,,E DAI,DANN NASCIMENTO,HUGO E GUILHERME,0.0,,52.3166,,,,,52316600,523166
Band,band UNIFICADO out dez 2023 jan fev 2024.xls,Relatorio_UBEM,VERÃO MAIOR PARANÁ,2024-01-12,,,,ALGUEM ME CHAMA PRA BEBER,FELIPE ARNA / RENATO CAMPERO,HUGO E GUILHERME,0.0,,52.3166,,,,,52316600,523166
Band,band UNIFICADO out dez 2023 jan fev 2024.xls,Relatorio_UBEM,VERÃO MAIOR PARANÁ,2024-01-12,,,,ACABEI DE TERMINAR,CLEYTON PEKOIS / FELIPE ARNA / NORMANI PELEGRINI / RENATO CAMPERO / ROBISON FARIAS,HUGO E GUILHERME,0.0,,52.3166,,,,,52316600,523166
Band,band UNIFICADO out dez 2023 jan fev 2024.xls,Relatorio_UBEM,VERÃO MAIOR PARANÁ,2024-01-12,,,,MAGICA,FELIPE ARNA / NORMANI PELEGRINI / BAGUAL,HUGO E GUILHERME,0.0,,52.3166,,,,,52316600,523166
Band,band UNIFICADO out dez 2023 jan fev 2024.xls,Relatorio_UBEM,VERÃO MAIOR PARANÁ,2024-01-12,,,,MEU NUMERO,CLEBINHO / ALEX ALVES,HUGO E GUILHERME,0.0,,52.3166,,,,,52316600,523166
Band,band UNIFICADO out dez 2023 jan fev 2024.xls,Relatorio_UBEM,VERÃO MAIOR PARANÁ,2024-01-12,,,,NAMORADA RESERVA,MONTENEGRO / HENRIQUE DE CASTRO / ELVIS ELAN,HUGO E GUILHERME,0.0,,52.3166,,,,,52316600,523166
Band,band UNIFICADO out dez 2023 jan fev 2024.xls,Relatorio_UBEM,VERÃO MAIOR PARANÁ,2024-01-12,,,,EU NAO SEI BEBER SO UMA,DOUGLAS CEZAR / LEANDRO ROJAS / MARCO ESTEVES,HUGO / GUILHERME,0.0,,52.3166,,,,,52316600,523166
Band,band UNIFICADO out dez 2023 jan fev 2024.xls,Relatorio_UBEM,VERÃO MAIOR PARANÁ,2024-01-12,,,,HAJA COLÍRIO,LUCAS ING / MATEUS CANDOTTI,HUGO E GUILHERME,0.0,,52.3166,,,,,52316600,523166
Band,band UNIFICADO out dez 2023 jan fev 2024.xls,Relatorio_UBEM,VERÃO MAIOR PARANÁ,2024-01-12,,,,METADE DE MIM,PEKOIS / ARNA / BAGUAL,HUGO E GUILHERME,0.0,,52.3166,,,,,52316600,523166
Band,band UNIFICADO out dez 2023 jan fev 2024.xls,Relatorio_UBEM,VERÃO MAIOR PARANÁ,2024-01-12,,,,LAPADA DELA,JIMMY LUZZO / MATHEUS FERNANDES / RICARDUS RICARDUS,HUGO E GUILHERME,0.0,,52.3166,,,,,52316600,523166
Band,band UNIFICADO out dez 2023 jan fev 2024.xls,Relatorio_UBEM,VERÃO MAIOR PARANÁ,2024-01-12,,,,AMOR PERFEITO                                     ,MICHAEL SULLIVAN/PAULO MASSADAS/LINCOLN OLIVETTI/ROBSON JORGE/MIGUEL PLOPSCHI,HUGO E GUILHERME,0.0,,52.3166,,,,,52316600,523166
Band,band UNIFICADO out dez 2023 jan fev 2024.xls,Relatorio_UBEM,VERÃO MAIOR PARANÁ,2024-01-12,,,,TO FAZENDO FALTA,LINCON,HUGO E GUILHERME,0.0,,52.3166,,,,,52316600,523166
Band,band UNIFICADO out dez 2023 jan fev 2024.xls,Relatorio_UBEM,VERÃO MAIOR PARANÁ,2024-01-12,,,,AS QUATRO ESTACOES,LINCOLN,HUGO E GUILHERME,0.0,,52.3166,,,,,52316600,523166
Band,band UNIFICADO out dez 2023 jan fev 2024.xls,Relatorio_UBEM,VERÃO MAIOR PARANÁ,2024-01-12,,,,NEM QUE SEJA CHORANDO,DIEGO SILVEIRA / JUNIOR PEPATOLARI / RAFAEL BORGES,HUGO E GUILHERME,0.0,,52.3166,,,,,52316600,523166
Band,band UNIFICADO out dez 2023 jan fev 2024.xls,Relatorio_UBEM,VERÃO MAIOR PARANÁ,2024-01-12,,,,ELEVADOR,BONNYEK / LEO SOARES / MATHEUS ARAUJO / THEO RODRIGUES,HUGO E GUILHERME,0.0,,52.3166,,,,,52316600,523166
Band,band UNIFICADO out dez 2023 jan fev 2024.xls,Relatorio_UBEM,VERÃO MAIOR PARANÁ,2024-01-12,,,,MAL FEITO,FELIPE ARNA,HUGO E GUILHERME,0.0,,52.3166,,,,,52316600,523166
Band,band UNIFICADO out dez 2023 jan fev 2024.xls,Relatorio_UBEM,VERÃO MAIOR PARANÁ,2024-01-12,,,,PIMPOLHO,PAULO LEANDRO SOARES,HUGO E GUILHERME,0.0,,52.3166,,,,,52316600,523166
Band,band UNIFICADO out dez 2023 jan fev 2024.xls,Relatorio_UBEM,VERÃO MAIOR PARANÁ,2024-01-12,,,,ONDA ONDA,TCHAKABUM,HUGO E GUILHERME,0.0,,52.3166,,,,,52316600,523166
Band,band UNIFICADO out dez 2023 jan fev 2024.xls,Relatorio_UBEM,VERÃO MAIOR PARANÁ,2024-01-12,,,,DANCA DA MAOZINHA,MARCELO MENEZES,HUGO E GUILHERME,0.0,,52.3166,,,,,52316600,523166
Band,band UNIFICADO out dez 2023 jan fev 2024.xls,Relatorio_UBEM,VERÃO MAIOR PARANÁ,2024-01-12,,,,EU TE QUERO SO PRA MIM,XANDE DE PILARES / MAURO JR / HELINHO DO SALGUEIRO,HUGO E GUILHERME,0.0,,52.3166,,,,,52316600,523166
Band,band UNIFICADO out dez 2023 jan fev 2024.xls,Relatorio_UBEM,VERÃO MAIOR PARANÁ,2024-01-12,,,,ME APAIXONEI PELA PESSOA ERRADA,CLEBER BITTENCOURT/PETER CORREA,HUGO E GUILHERME,0.0,,52.3166,,,,,52316600,523166
Band,band UNIFICADO out dez 2023 jan fev 2024.xls,Relatorio_UBEM,VERÃO MAIOR PARANÁ,2024-01-12,,,,NAO OLHE ASSIM,CESAR AUGUSTO/ CESAR ROSSINI,HUGO E GUILHERME,0.0,,52.3166,,,,,52316600,523166
Band,band UNIFICADO out dez 2023 jan fev 2024.xls,Relatorio_UBEM,VERÃO MAIOR PARANÁ,2024-01-12,,,,TENTEI TE ESQUECER,CRUZ GAGO,HUGO E GUILHERME,0.0,,52.3166,,,,,52316600,523166
Band,band UNIFICADO out dez 2023 jan fev 2024.xls,Relatorio_UBEM,VERÃO MAIOR PARANÁ,2024-01-12,,,,LOOPING INFINITO,ANA PINHEIRO / JUNIOR MELO / LUIZ HENRIQUE,HUGO E GUILHERME,0.0,,52.3166,,,,,52316600,523166
Band,band UNIFICADO out dez 2023 jan fev 2024.xls,Relatorio_UBEM,VERÃO MAIOR PARANÁ,2024-01-19,,,,DEUS E MUITO BOM,LUCAS SANTOS / MATHEUS MARCOLINO / MARCO ESTEVES,LUAN SANTANA,0.0,,52.3166,,,,,52316600,523166
Band,band UNIFICADO out dez 2023 jan fev 2024.xls,Relatorio_UBEM,VERÃO MAIOR PARANÁ,2024-01-19,,,,MORENA,BRENO CESAR / DIEGO BARÃO / LUAN SANTANA / LUCAS SANTOS / SHYLTON FERNANDES,LUAN SANTANA,0.0,,52.3166,,,,,52316600,523166
Band,band UNIFICADO out dez 2023 jan fev 2024.xls,Relatorio_UBEM,VERÃO MAIOR PARANÁ,2024-01-19,,,,QUANDO A BAD BATER,LUAN SANTANA,LUAN SANTANA,0.0,,52.3166,,,,,52316600,523166
Band,band UNIFICADO out dez 2023 jan fev 2024.xls,Relatorio_UBEM,VERÃO MAIOR PARANÁ,2024-01-19,,,,ABALO EMOCIONAL,BRENO CASAGRANDE / LUCAS SANTOS / MARCO ESTEVES / MATHEUS MARCOLINO,LUAN SANTANA,0.0,,52.3166,,,,,52316600,523166
Band,band UNIFICADO out dez 2023 jan fev 2024.xls,Relatorio_UBEM,VERÃO MAIOR PARANÁ,2024-01-19,,,,MEIO TERMO,BIA FRAZZO / DANIEL CANDIDO / MATHEUS DAMASCENO / WILLIAM DANIEL BRITO / KLEBIN,LUAN SANTANA,0.0,,52.3166,,,,,52316600,523166
Band,band UNIFICADO out dez 2023 jan fev 2024.xls,Relatorio_UBEM,VERÃO MAIOR PARANÁ,2024-01-19,,,,ACORDANDO O PREDIO,DOUGLAS CÉSAR,LUAN SANTANA,0.0,,52.3166,,,,,52316600,523166
Band,band UNIFICADO out dez 2023 jan fev 2024.xls,Relatorio_UBEM,VERÃO MAIOR PARANÁ,2024-01-19,,,,AMBIENTE ERRADO,MARCO ESTEVES / RENNO POETA / CRIS RIBEIRO,LUAN SANTANA,0.0,,52.3166,,,,,52316600,523166
Band,band UNIFICADO out dez 2023 jan fev 2024.xls,Relatorio_UBEM,VERÃO MAIOR PARANÁ,2024-01-19,,,,VINGANCA,DOUGLAS CEZAR,LUAN SANTANA,0.0,,52.3166,,,,,52316600,523166
Band,band UNIFICADO out dez 2023 jan fev 2024.xls,Relatorio_UBEM,VERÃO MAIOR PARANÁ,2024-01-19,,,,EU VOCE O MAR E ELA,DUDU BORGES / DOUGLAS CEZAR / LUAN SANTANA,LUAN SANTANA,0.0,,52.3166,,,,,52316600,523166
Band,band UNIFICADO out dez 2023 jan fev 2024.xls,Relatorio_UBEM,VERÃO MAIOR PARANÁ,2024-01-19,,,,ERRO PLANEJADO,EDSON GARCIA / FELIPE KEF / FELIPE MARINS / FLAVIO SILVA DE SOUZA / NUDOZE / RODRIGO,LUAN SANTANA,0.0,,52.3166,,,,,52316600,523166
Band,band UNIFICADO out dez 2023 jan fev 2024.xls,Relatorio_UBEM,VERÃO MAIOR PARANÁ,2024-01-19,,,,CORACAO CIGANO,LUAN SANTANA / LUCAS SANTOS,LUAN SANTANA,0.0,,52.3166,,,,,52316600,523166
Band,band UNIFICADO out dez 2023 jan fev 2024.xls,Relatorio_UBEM,VERÃO MAIOR PARANÁ,2024-01-19,,,,MULHER SEGURA,WALERIA LEAO / VINNI MIRANDA / MATEUS CANDOTTI / KAIQUE KEF / FELIPE KEF / BRUNO FELIX,LUAN SANTANA,0.0,,52.3166,,,,,52316600,523166
Band,band UNIFICADO out dez 2023 jan fev 2024.xls,Relatorio_UBEM,VERÃO MAIOR PARANÁ,2024-01-19,,,,CHUVA DE ARROZ,LUAN SANTANA/ DUDU BORGES/ DOUGLAS CESAR,LUAN SANTANA,0.0,,52.3166,,,,,52316600,523166
Band,band UNIFICADO out dez 2023 jan fev 2024.xls,Relatorio_UBEM,VERÃO MAIOR PARANÁ,2024-01-19,,,,AS LEMBRANÇAS VÃO NA MALA,LUAN SANTANA,LUAN SANTANA,0.0,,52.3166,,,,,52316600,523166
Band,band UNIFICADO out dez 2023 jan fev 2024.xls,Relatorio_UBEM,VERÃO MAIOR PARANÁ,2024-01-19,,,,PRA VOCE LEMBRAR DE MIM,DANIEL / DIEGO,LUAN SANTANA,0.0,,52.3166,,,,,52316600,523166
Band,band UNIFICADO out dez 2023 jan fev 2024.xls,Relatorio_UBEM,VERÃO MAIOR PARANÁ,2024-01-19,,,,INCONDICIONAL,SOROCABA / THIAGO SERVO / LUAN SANTANA / MARCELO MARTINS / MILA ALVES / SERGIO PORTO,LUAN SANTANA,0.0,,52.3166,,,,,52316600,523166
Band,band UNIFICADO out dez 2023 jan fev 2024.xls,Relatorio_UBEM,VERÃO MAIOR PARANÁ,2024-01-19,,,,METEORO DA PAIXAO,SOROCABA,LUAN SANTANA,0.0,,52.3166,,,,,52316600,523166
Band,band UNIFICADO out dez 2023 jan fev 2024.xls,Relatorio_UBEM,VERÃO MAIOR PARANÁ,2024-01-19,,,,SINAIS,LUAN SANTANA,LUAN SANTANA,0.0,,52.3166,,,,,52316600,523166
Band,band UNIFICADO out dez 2023 jan fev 2024.xls,Relatorio_UBEM,VERÃO MAIOR PARANÁ,2024-01-19,,,,DEJA VU,LUAN SANTANA / LUCAS SANTOS / MATHEUS ALEIXO / MATHEUS MARCOLINO,LUAN SANTANA,0.0,,52.3166,,,,,52316600,523166
Band,band UNIFICADO out dez 2023 jan fev 2024.xls,Relatorio_UBEM,VERÃO MAIOR PARANÁ,2024-01-19,,,,TUDO OQUE VOCE QUISER,MATHEUS ALEIXO / FELIPE OLIVER,LUAN SANTANA,0.0,,52.3166,,,,,52316600,523166
Band,band UNIFICADO out dez 2023 jan fev 2024.xls,Relatorio_UBEM,VERÃO MAIOR PARANÁ,2024-01-19,,,,VOCE NAO SABE O QUE E AMOR                        ,SOROCABA,LUAN SANTANA,0.0,,52.3166,,,,,52316600,523166
Band,band UNIFICADO out dez 2023 jan fev 2024.xls,Relatorio_UBEM,VERÃO MAIOR PARANÁ,2024-01-26,,,,TODO SEU,DIEGO DE SOUZA / KEL BERTIN / LEO SOUZZA / TIAGO MARCELO,JORGE E MATEUS,0.0,,52.3166,,,,,52316600,523166
Band,band UNIFICADO out dez 2023 jan fev 2024.xls,Relatorio_UBEM,VERÃO MAIOR PARANÁ,2024-01-26,,,,SE EU PEDIR CE VOLTA,FABIO PEREIRA VIANA / JOSE ALVES BARCELOS / RENATO VIEIRA DE BARROS,JORGE E MATHEUS,0.0,,52.3166,,,,,52316600,523166
Band,band UNIFICADO out dez 2023 jan fev 2024.xls,Relatorio_UBEM,VERÃO MAIOR PARANÁ,2024-01-26,,,,5 REGRAS,DIOGO DE PAULA PONTES MELIM / JOAO VITOR DE ALMEIDA CARREIRA / RODRIGO DE PAULA PONTES MELIM,JORGE E MATHEUS,0.0,,52.3166,,,,,52316600,523166
Band,band UNIFICADO out dez 2023 jan fev 2024.xls,Relatorio_UBEM,VERÃO MAIOR PARANÁ,2024-01-26,,,,PROPAGANDA,HENRIQUE CASTTRO/ OS APARAZIM/ MARCIA ARAÚJO/ DIEGO SILVEIRA,JORGE E MATHEUS,0.0,,52.3166,,,,,52316600,523166
Band,band UNIFICADO out dez 2023 jan fev 2024.xls,Relatorio_UBEM,VERÃO MAIOR PARANÁ,2024-01-26,,,,SOSSEGUEI,THALLYS PACHECO,JORGE E MATHEUS,0.0,,52.3166,,,,,52316600,523166
Band,band UNIFICADO out dez 2023 jan fev 2024.xls,Relatorio_UBEM,VERÃO MAIOR PARANÁ,2024-01-26,,,,FOGUEIRA,JORGE ALVES,JORGE E MATEUS,0.0,,52.3166,,,,,52316600,523166
Band,band UNIFICADO out dez 2023 jan fev 2024.xls,Relatorio_UBEM,VERÃO MAIOR PARANÁ,2024-01-26,,,,DE TANTO TE QUERER,JORGE BARCELOS,JORGE E MATHEUS,0.0,,52.3166,,,,,52316600,523166
Band,band UNIFICADO out dez 2023 jan fev 2024.xls,Relatorio_UBEM,VERÃO MAIOR PARANÁ,2024-01-26,,,,CHEIROSA,ANIBAL VIEIRA ANGELIM JUNIOR,JORGE E MATHEUS,0.0,,52.3166,,,,,52316600,523166
Band,band UNIFICADO out dez 2023 jan fev 2024.xls,Relatorio_UBEM,VERÃO MAIOR PARANÁ,2024-01-26,,,,VOA BEIJA FLOR,EULER COELHO,JORGE E MATHEUS,0.0,,52.3166,,,,,52316600,523166
Band,band UNIFICADO out dez 2023 jan fev 2024.xls,Relatorio_UBEM,VERÃO MAIOR PARANÁ,2024-01-26,,,,PODE CHORAR                                       ,DORGIVAL DANTAS                    ,JORGE E MATHEUS,0.0,,52.3166,,,,,52316600,523166
Band,band UNIFICADO out dez 2023 jan fev 2024.xls,Relatorio_UBEM,VERÃO MAIOR PARANÁ,2024-01-26,,,,ONDE HAJA SOL,JORGE E MATEUS,JORGE E MATHEUS,0.0,,52.3166,,,,,52316600,523166
Band,band UNIFICADO out dez 2023 jan fev 2024.xls,Relatorio_UBEM,VERÃO MAIOR PARANÁ,2024-01-26,,,,AMOR PRA RECOMEÇAR,MAURO SANTA CECILIA / MAURICIO BARROS / ROBERTO FREJAT,JORGE E MATEUS,0.0,,52.3166,,,,,52316600,523166
Band,band UNIFICADO out dez 2023 jan fev 2024.xls,Relatorio_UBEM,VERÃO MAIOR PARANÁ,2024-01-26,,,,SEU ASTRAL,DIEGO DAMASCENO,JORGE E MATHEUS,0.0,,52.3166,,,,,52316600,523166
Band,band UNIFICADO out dez 2023 jan fev 2024.xls,Relatorio_UBEM,VERÃO MAIOR PARANÁ,2024-01-26,,,,OS ANJOS CANTAM,MAGNO SANT'ANNA,JORGE E MATHEUS,0.0,,52.3166,,,,,52316600,523166
Band,band UNIFICADO out dez 2023 jan fev 2024.xls,Relatorio_UBEM,VERÃO MAIOR PARANÁ,2024-01-26,,,,VOU FAZER PIRRAÇA                                 ,CHRYSTIAN LIMA/EDU LUPPA,JORGE E MATHEUS,0.0,,52.3166,,,,,52316600,523166
Band,band UNIFICADO out dez 2023 jan fev 2024.xls,Relatorio_UBEM,VERÃO MAIOR PARANÁ,2024-01-26,,,,AGUA NOS ZOI,ANAJUH / DIEGO SILVEIRA / JUNIOR SILLVA /LUCAS PAPADA / THALES LESSA,CLAYTON E ROMARIO E JORGE MATEUS,0.0,,52.3166,,,,,52316600,523166
Band,band UNIFICADO out dez 2023 jan fev 2024.xls,Relatorio_UBEM,VERÃO MAIOR PARANÁ,2024-01-26,,,,AI EU CHOREI,SIMINI / RICARDO RANA / HENRIQUE ALVES / ALEX ALVES,CLEYTON E ROMÁRIO / JORGE E MATEUS,0.0,,52.3166,,,,,52316600,523166
Band,band UNIFICADO out dez 2023 jan fev 2024.xls,Relatorio_UBEM,VERÃO MAIOR PARANÁ,2024-01-26,,,,BOATE AZUL,APARECIDO THOMAZ DE OLIVEIRA / BENEDITO ONOFRE SEVIERO,CLEYTON E ROMÁRIO / JORGE E MATEUS,0.0,,52.3166,,,,,52316600,523166
Band,band UNIFICADO out dez 2023 jan fev 2024.xls,Relatorio_UBEM,VERÃO MAIOR PARANÁ,2024-01-26,,,,EVIDENCIAS,PAULO SERGIO KOSTENBADER VALLE / JOSE AUGUSTO COUGIL,CLEYTON E ROMÁRIO / JORGE E MATEUS,0.0,,52.3166,,,,,52316600,523166
Band,band UNIFICADO out dez 2023 jan fev 2024.xls,Relatorio_UBEM,VERÃO MAIOR PARANÁ,2024-01-26,,,,LOGO EU,FELIPE RODRIGUES / SAMUEL DELMIR0O,REYNAN E RAYSSA,0.0,,52.3166,,,,,52316600,523166
Band,band UNIFICADO out dez 2023 jan fev 2024.xls,Relatorio_UBEM,VERÃO MAIOR PARANÁ,2024-01-26,,,,A GENTE NEM FICOU,GEORGE HENRIQUE,JORGE E MATHEUS,0.0,,52.3166,,,,,52316600,523166
Band,band UNIFICADO out dez 2023 jan fev 2024.xls,Relatorio_UBEM,VERÃO MAIOR PARANÁ,2024-01-26,,,,PRA SEMPRE COM VOCÊ,MAYCON MARTINS / VINICIUS MARTINS / NETO SCHAEFER ,JORGE E MATHEUS,0.0,,52.3166,,,,,52316600,523166
Band,band UNIFICADO out dez 2023 jan fev 2024.xls,Relatorio_UBEM,VERÃO MAIOR PARANÁ,2024-01-26,,,,TEM QUE SORRIR,FILIPE ESCANDURRAS / MARCOS BRENO RIOS DE JESUS / SHYLTON FERNANDES,JORGE E MATHEUS,0.0,,52.3166,,,,,52316600,523166
Band,band UNIFICADO out dez 2023 jan fev 2024.xls,Relatorio_UBEM,VERÃO MAIOR PARANÁ,2024-01-26,,,,A HORA E AGORA,EDUARDO BORGES DE SOUZA / JORGE ALVES BARCELOS,JORGE E MATHEUS,0.0,,52.3166,,,,,52316600,523166
Band,band UNIFICADO out dez 2023 jan fev 2024.xls,Relatorio_UBEM,VERÃO MAIOR PARANÁ,2024-01-26,,,,PRISAO SEM GRADES,CARLA MARAISA / MANOEL NIVARDO,JORGE E MATEUS,0.0,,52.3166,,,,,52316600,523166
Band,band UNIFICADO out dez 2023 jan fev 2024.xls,Relatorio_UBEM,VERÃO MAIOR PARANÁ,2024-01-26,,,,ENQUANTO HOUVER RAZOES,ABEL VIEIRA MELO,JORGE E MATEUS,0.0,,52.3166,,,,,52316600,523166
Band,band UNIFICADO out dez 2023 jan fev 2024.xls,Relatorio_UBEM,VERÃO MAIOR PARANÁ,2024-01-26,,,,MISTERIO,KEVIN NASCIMENTO BUENO,JORGE E MATEUS,0.0,,52.3166,,,,,52316600,523166
Band,band UNIFICADO out dez 2023 jan fev 2024.xls,Relatorio_UBEM,VERÃO MAIOR PARANÁ,2024-01-26,,,,AMOR NOITE E DIA,HUMBERTO JUNIOR,JORGE E MATEUS,0.0,,52.3166,,,,,52316600,523166
Band,band UNIFICADO out dez 2023 jan fev 2024.xls,Relatorio_UBEM,VERÃO MAIOR PARANÁ,2024-01-26,,,,EU QUERO SO VOCE,ABDUL SAMAD / ALIAUNE THIAM / ANTONIO BORGES / EDSON SILVA,JORGE E MATEUS,0.0,,52.3166,,,,,52316600,523166
Band,band UNIFICADO out dez 2023 jan fev 2024.xls,Relatorio_UBEM,VERÃO MAIOR PARANÁ,2024-01-26,,,,AMOR SINCERO,MAURICIO HERNANDEZ / JORGE EDUARDO,JORGE E MATEUS,0.0,,52.3166,,,,,52316600,523166
Band,band UNIFICADO out dez 2023 jan fev 2024.xls,Relatorio_UBEM,VERÃO MAIOR PARANÁ,2024-01-26,,,,NOCAUTE,PAULO MASSADAS / MIHAIL PLOPSCHI / MICHAEL SULLIVAN / IVANILTON DE SOUZA,JORGE E MATEUS,0.0,,52.3166,,,,,52316600,523166
Band,band UNIFICADO out dez 2023 jan fev 2024.xls,Relatorio_UBEM,VERÃO MAIOR PARANÁ,2024-01-26,,,,DOI,DANIEL GUILHERME / GUILHERME DO BEM / GUSTAVO TAVARES / MATHEUS ROSADO,JORGE E MATEUS,0.0,,52.3166,,,,,52316600,523166
Band,band UNIFICADO out dez 2023 jan fev 2024.xls,Relatorio_UBEM,VERÃO MAIOR PARANÁ,2024-01-26,,,,PAREDES,THALLYS PACHECO GONTIJO ALVES,JORGE E MATEUS,0.0,,52.3166,,,,,52316600,523166
Band,band UNIFICADO out dez 2023 jan fev 2024.xls,Relatorio_UBEM,VERÃO MAIOR PARANÁ,2024-01-26,,,,OQUE E QUE TEM 01,UMBERTO DA SILVA / LARISSA DE MACEDO / JEFERSON DOS SANTOS JUNIOR,JORGE E MATEUS,0.0,,52.3166,,,,,52316600,523166
Band,band UNIFICADO out dez 2023 jan fev 2024.xls,Relatorio_UBEM,VERÃO MAIOR PARANÁ,2024-01-26,,,,FLOR 01,JOAO RODRIGUES / RENATO BARROS,JORGE E MATEUS,0.0,,52.3166,,,,,52316600,523166
Band,band UNIFICADO out dez 2023 jan fev 2024.xls,Relatorio_UBEM,MELHOR DA NOITE - WEB,2024-01-29,,,,CONVITE DE CASAMENTO,NINO / JEFFERSON FARIAS,ZEZO POTIGUAR / LUAN ESTILIZADO / RAI SAIA RODADA,0.0,,52.3166,,,,,52316600,523166
Band,band UNIFICADO out dez 2023 jan fev 2024.xls,Relatorio_UBEM,MELHOR DA NOITE,2023-12-01,,,,FUNNY SONG,BEN SOUND,BEN SOUND,0.0,,73.2431,,,,,73243100,732431
Band,band UNIFICADO out dez 2023 jan fev 2024.xls,Relatorio_UBEM,MELHOR DA NOITE,2023-12-01,,,,SEE YOU AGAIN,ANDREW CEDAR / CHARLIE PUTH / DJ FRANK / WIZ KHALIFA,WIZ KHALIFA /CHARLIE PUTH,0.0,,73.2431,,,,,73243100,732431
Band,band UNIFICADO out dez 2023 jan fev 2024.xls,Relatorio_UBEM,MELHOR DA NOITE,2023-12-01,,,,EU TO TRANQUILÃO,MC SAPÃO,MC SAPAO,0.0,,73.2431,,,,,73243100,732431
Band,band UNIFICADO out dez 2023 jan fev 2024.xls,Relatorio_UBEM,MELHOR DA NOITE,2023-12-01,,,,ENVOLVIDÃO,RAEL/NAVE,RAEL,0.0,,52.3166,,,,,52316600,523166
Band,band UNIFICADO out dez 2023 jan fev 2024.xls,Relatorio_UBEM,MELHOR DA NOITE,2023-12-01,,,,ROUXINOL,RAEL DA RIMA / DANIEL GANJAMAN,RAEL,0.0,,52.3166,,,,,52316600,523166
Band,band UNIFICADO out dez 2023 jan fev 2024.xls,Relatorio_UBEM,MELHOR DA NOITE,2023-12-01,,,,GRAND ALLEGRO,SOREN BEBE,MUSIC FOR BALLET CLASS,0.0,,104.6332,,,,,104633200,1046332
Band,band UNIFICADO out dez 2023 jan fev 2024.xls,Relatorio_UBEM,MELHOR DA NOITE,2023-12-01,,,,ALL OR NOTHING,ALEESE SIMMONS / JOHN RHONE / LATRELLE SIMMONS / ONTARIO HAYNES,ATHENA CAGE,0.0,,73.2431,,,,,73243100,732431
Band,band UNIFICADO out dez 2023 jan fev 2024.xls,Relatorio_UBEM,MELHOR DA NOITE,2023-12-01,,,,BALLET,BILLY GREEN,BILLY GREEN,0.0,,73.2431,,,,,73243100,732431
Band,band UNIFICADO out dez 2023 jan fev 2024.xls,Relatorio_UBEM,MELHOR DA NOITE,2023-12-01,,,,VEM COM TUDO,RAEL / GLORIA GROOVE / LAUDZ E ZEGON,RAEL,0.0,,52.3166,,,,,52316600,523166
Band,band UNIFICADO out dez 2023 jan fev 2024.xls,Relatorio_UBEM,MELHOR DA NOITE,2023-12-01,,,,AURORA BOREAL,RAEL,RAEL,0.0,,52.3166,,,,,52316600,523166
Band,band UNIFICADO out dez 2023 jan fev 2024.xls,Relatorio_UBEM,MELHOR DA NOITE,2023-12-04,,,,CORACAO CACHORRO,FELIPE PANDA / DANIEL DOS VERSOS / FELIPE LOPES / BRENO LUCENA / PG DO CARMO E RIQUINHO DA RIMA,AVINE VINNY,0.0,,52.3166,,,,,52316600,523166
Band,band UNIFICADO out dez 2023 jan fev 2024.xls,Relatorio_UBEM,MELHOR DA NOITE,2023-12-04,,,,SOMEDAY,JULIAN CASABLANCAS,THE STROKES,0.0,,73.2431,,,,,73243100,732431
Band,band UNIFICADO out dez 2023 jan fev 2024.xls,Relatorio_UBEM,MELHOR DA NOITE,2023-12-04,,,,MUSICANDO O VENTO,JONAVO//,RENATO TEIXEIRA / JONAVO,0.0,,73.2431,,,,,73243100,732431
Band,band UNIFICADO out dez 2023 jan fev 2024.xls,Relatorio_UBEM,MELHOR DA NOITE,2023-12-04,,,,E UMA PARTIDA DE FUTEBOL                          ,SAMUEL ROSA/NANDO REIS             ,SKANK,0.0,,104.6332,,,,,104633200,1046332
Band,band UNIFICADO out dez 2023 jan fev 2024.xls,Relatorio_UBEM,MELHOR DA NOITE,2023-12-04,,,,MATURIDADE,SHYLTON FERNANDES / DANIEL CAON / VINICIUS POETA / BRENO CASAGRANDE,AVINE VINNY,0.0,,52.3166,,,,,52316600,523166
Band,band UNIFICADO out dez 2023 jan fev 2024.xls,Relatorio_UBEM,MELHOR DA NOITE,2023-12-04,,,,CAFEZIN DE VO,DAN LELLIS / MARCINHO / LUCAS LED,AVINE VINNY,0.0,,52.3166,,,,,52316600,523166
Band,band UNIFICADO out dez 2023 jan fev 2024.xls,Relatorio_UBEM,MELHOR DA NOITE,2023-12-04,,,,ANOTA AI,RENNO POETA / JR GOMES / HIAGO NOBRE / DJ IVIS,AVINE VINNY,0.0,,52.3166,,,,,52316600,523166
Band,band UNIFICADO out dez 2023 jan fev 2024.xls,Relatorio_UBEM,MELHOR DA NOITE,2023-12-04,,,,BONITO,RENATO TEIXEIRA,RENATO TEIXEIRA,0.0,,73.2431,,,,,73243100,732431
Band,band UNIFICADO out dez 2023 jan fev 2024.xls,Relatorio_UBEM,MELHOR DA NOITE,2023-12-04,,,,A BUSCA,CODINOME WINCHESTER,CODINOME WINCHESTER,0.0,,73.2431,,,,,73243100,732431
Band,band UNIFICADO out dez 2023 jan fev 2024.xls,Relatorio_UBEM,MELHOR DA NOITE,2023-12-04,,,,FOFINHO,BETH E BETINHA,BETH E BETINHA,0.0,,73.2431,,,,,73243100,732431
Band,band UNIFICADO out dez 2023 jan fev 2024.xls,Relatorio_UBEM,MELHOR DA NOITE,2023-12-04,,,,CRUZEIRO,CHANOISE,CHANOISE,0.0,,73.2431,,,,,73243100,732431
Band,band UNIFICADO out dez 2023 jan fev 2024.xls,Relatorio_UBEM,MELHOR DA NOITE,2023-12-04,,,,THE TWILIGHT ZONE THEME,MARCO BELTRAMI,MARCO BELTRAMI,0.0,,73.2431,,,,,73243100,732431
Band,band UNIFICADO out dez 2023 jan fev 2024.xls,Relatorio_UBEM,MELHOR DA NOITE,2023-12-04,,,,TEM BRASILEIRO,ANDRE STABILE,CURIMBA,0.0,,73.2431,,,,,73243100,732431
Band,band UNIFICADO out dez 2023 jan fev 2024.xls,Relatorio_UBEM,MELHOR DA NOITE,2023-12-04,,,,O SERTAO VAI VIRAR MAR,AS / GUARABIRA,TRIO NORDESTINO,0.0,,73.2431,,,,,73243100,732431
Band,band UNIFICADO out dez 2023 jan fev 2024.xls,Relatorio_UBEM,MELHOR DA NOITE,2023-12-05,,,,PLEASE DONT GO EXTENDED,DOUBLE YOU,DOUBLE YOU,0.0,,52.3166,,,,,52316600,523166
Band,band UNIFICADO out dez 2023 jan fev 2024.xls,Relatorio_UBEM,MELHOR DA NOITE,2023-12-05,,,,SHES BEAUTIFUL,FRANCESCO AMATO / ANDREA DE ANTONI / ILARIA GODANI / WILLIAM NARAINE,DOUBLE YOU,0.0,,52.3166,,,,,52316600,523166
Band,band UNIFICADO out dez 2023 jan fev 2024.xls,Relatorio_UBEM,MELHOR DA NOITE,2023-12-05,,,,LOOKING AT MY GIRL,WILLIAM NARAINE / ANDREA DE ANTONI / FRANCESCO AMATO / ALESSANDRO ANGELETTI,DOUBLE YOU,0.0,,52.3166,,,,,52316600,523166
Band,band UNIFICADO out dez 2023 jan fev 2024.xls,Relatorio_UBEM,MELHOR DA NOITE,2023-12-05,,,,RUN TO ME,AMATO F DE ANTONI A / GODANI I / NARAINE W,DOUBLE YOU,0.0,,52.3166,,,,,52316600,523166
Band,band UNIFICADO out dez 2023 jan fev 2024.xls,Relatorio_UBEM,MELHOR DA NOITE,2023-12-05,,,,LOOKING AT MY GIRL,WILLIAM NARAINE / ANDREA DE ANTONI / FRANCESCO AMATO / ALESSANDRO ANGELETTI,DOUBLE YOU,0.0,,104.6332,,,,,104633200,1046332
Band,band UNIFICADO out dez 2023 jan fev 2024.xls,Relatorio_UBEM,MELHOR DA NOITE,2023-12-05,,,,GHOSTBUSTERS,RAY PARKER JR,RAY PARKER JR,0.0,,73.2431,,,,,73243100,732431
Band,band UNIFICADO out dez 2023 jan fev 2024.xls,Relatorio_UBEM,MELHOR DA NOITE,2023-12-05,,,,TUA BOCA,RONALDO MONTEIRO DE SOUZA / SERGIO SARACENI,BELO                    ,0.0,,73.2431,,,,,73243100,732431
Band,band UNIFICADO out dez 2023 jan fev 2024.xls,Relatorio_UBEM,MELHOR DA NOITE,2023-12-05,,,,WHOS FOOLIN WHO,AL HUDSON / GLENDA HUDSON,DOUBLE YOU,0.0,,52.3166,,,,,52316600,523166
Band,band UNIFICADO out dez 2023 jan fev 2024.xls,Relatorio_UBEM,MELHOR DA NOITE,2023-12-05,,,,GONNA BE MY BABY,AMATO FRANCESCO / ILARIO GODANI / WILLIAM NARAINE,DOUBLE YOU,0.0,,104.6332,,,,,104633200,1046332
Band,band UNIFICADO out dez 2023 jan fev 2024.xls,Relatorio_UBEM,MELHOR DA NOITE,2023-12-05,,,,AS ABELHAS,BACALOV / VINCIUS DE MORAES,MARISA MONTE,0.0,,73.2431,,,,,73243100,732431
Band,band UNIFICADO out dez 2023 jan fev 2024.xls,Relatorio_UBEM,MELHOR DA NOITE,2023-12-05,,,,TO TE FILMANDO,ARNALDO SACCOMANI/THAIS NASCIMENTO/DAVI VIANA,OS TRAVESSOS,0.0,,73.2431,,,,,73243100,732431
Band,band UNIFICADO out dez 2023 jan fev 2024.xls,Relatorio_UBEM,MELHOR DA NOITE,2023-12-06,,,,SAUDOSA MALOCA,ADONIRAN BARBOSA,DEMONIOS DA GAROA,0.0,,52.3166,,,,,52316600,523166
Band,band UNIFICADO out dez 2023 jan fev 2024.xls,Relatorio_UBEM,MELHOR DA NOITE,2023-12-06,,,,SAMBA DO ARNESTO                                  ,ADONIRAN BARBOSA/ALOCIN,DEMONIOS DA GAROA,0.0,,52.3166,,,,,52316600,523166
Band,band UNIFICADO out dez 2023 jan fev 2024.xls,Relatorio_UBEM,MELHOR DA NOITE,2023-12-06,,,,TIRO AO ALVARO                                    ,ADONIRAN BARBOSA/OSVALDO MOLLES,DEMONIOS DA GAROA,0.0,,52.3166,,,,,52316600,523166
Band,band UNIFICADO out dez 2023 jan fev 2024.xls,Relatorio_UBEM,MELHOR DA NOITE,2023-12-06,,,,O TREM DAS ONZE,ADONIRAN BARBOSA,DEMONIOS DA GAROA,0.0,,52.3166,,,,,52316600,523166
Band,band UNIFICADO out dez 2023 jan fev 2024.xls,Relatorio_UBEM,MELHOR DA NOITE,2023-12-06,,,,DANGER ZONE,KENNY LOGGINS,KENNY LOGGINS,0.0,,73.2431,,,,,73243100,732431
Band,band UNIFICADO out dez 2023 jan fev 2024.xls,Relatorio_UBEM,MELHOR DA NOITE,2023-12-06,,,,FUNNY SONG,BEN SOUND,BEN SOUND,0.0,,73.2431,,,,,73243100,732431
Band,band UNIFICADO out dez 2023 jan fev 2024.xls,Relatorio_UBEM,MELHOR DA NOITE,2023-12-06,,,,LOVES THEME                                       ,BARRY WHITE,THE LOVE UNLIMITED ORCHESTRA,0.0,,73.2431,,,,,73243100,732431
Band,band UNIFICADO out dez 2023 jan fev 2024.xls,Relatorio_UBEM,MELHOR DA NOITE,2023-12-06,,,,TAKE MY BREATH AWAY,TOM WHITLOCK / GIORGIO MORODER,BERLIN,0.0,,73.2431,,,,,73243100,732431
Band,band UNIFICADO out dez 2023 jan fev 2024.xls,Relatorio_UBEM,MELHOR DA NOITE,2023-12-06,,,,REBOLATION,LÉO SANTANA / KIKO LOUREIRO,PARANGOLE,0.0,,73.2431,,,,,73243100,732431
Band,band UNIFICADO out dez 2023 jan fev 2024.xls,Relatorio_UBEM,MELHOR DA NOITE,2023-12-06,,,,BETTER TOGETHER,JACK JOHNSON,JACK JOHNSON,0.0,,73.2431,,,,,73243100,732431
Band,band UNIFICADO out dez 2023 jan fev 2024.xls,Relatorio_UBEM,MELHOR DA NOITE,2023-12-06,,,,LEARN TO FLY                                      ,FOO FIGHTERS,FOO FIGHTERS,0.0,,73.2431,,,,,73243100,732431
Band,band UNIFICADO out dez 2023 jan fev 2024.xls,Relatorio_UBEM,MELHOR DA NOITE,2023-12-06,,,,BEDS ARE BURNING,MIDNIGHT OIL,MIDNIGHT OIL,0.0,,73.2431,,,,,73243100,732431
Band,band UNIFICADO out dez 2023 jan fev 2024.xls,Relatorio_UBEM,MELHOR DA NOITE,2023-12-06,,,,GOSSIP,DAMIANO DAVID / ETHAN TORCHIO / JOE JANIAK / MADISON LOVE / THOMAS RAGGI / VICTORIA DE ANGELIS,MANESKIN E TOM MORELLO,0.0,,73.2431,,,,,73243100,732431
Band,band UNIFICADO out dez 2023 jan fev 2024.xls,Relatorio_UBEM,MELHOR DA NOITE,2023-12-06,,,,GENERATOR,FOO FIGHTERS,FOO FIGHTERS,0.0,,73.2431,,,,,73243100,732431
Band,band UNIFICADO out dez 2023 jan fev 2024.xls,Relatorio_UBEM,MELHOR DA NOITE,2023-12-06,,,,FOR BALES,BOBBY HORTON,BOBBY HORTON,0.0,,73.2431,,,,,73243100,732431
Band,band UNIFICADO out dez 2023 jan fev 2024.xls,Relatorio_UBEM,MELHOR DA NOITE,2023-12-06,,,,TELETUBBIES THEME,ANDREW MCCRORIE / SHAND,TELETUBBIES,0.0,,73.2431,,,,,73243100,732431
Band,band UNIFICADO out dez 2023 jan fev 2024.xls,Relatorio_UBEM,MELHOR DA NOITE,2023-12-06,,,,HELLO OPERATOR,JACK WHITE,THE WHITE STRIPES,0.0,,73.2431,,,,,73243100,732431
Band,band UNIFICADO out dez 2023 jan fev 2024.xls,Relatorio_UBEM,MELHOR DA NOITE,2023-12-06,,,,TOXIC,AVANT/ BLOODSHY / CHRISTIAN KARLSSON / HENRIK JONBACK / PONTUS WINNBERG / STEVE LUNT,BRITNEY SPEARS / JANSON E JANSON,0.0,,73.2431,,,,,73243100,732431
Band,band UNIFICADO out dez 2023 jan fev 2024.xls,Relatorio_UBEM,MELHOR DA NOITE,2023-12-06,,,,DAILEON SONG THEME,AKIRA KUSHIDA,AKIRA KUSHIDA,0.0,,73.2431,,,,,73243100,732431
Band,band UNIFICADO out dez 2023 jan fev 2024.xls,Relatorio_UBEM,MELHOR DA NOITE,2023-12-06,,,,WALKURENRITT,RICHARD WAGNER,CORO NUPCIAL,0.0,,73.2431,,,,,73243100,732431
Band,band UNIFICADO out dez 2023 jan fev 2024.xls,Relatorio_UBEM,MELHOR DA NOITE,2023-12-06,,,,GET IN TROUBLE SO WHAT,ALECIA MOORE / KARL JOHAN SCHUSTER / KARL MARTIN SANDBERG,DIMITRI VEGAS / DIMITRI VEGAS E LIKE MIKE / VINI VICI,0.0,,73.2431,,,,,73243100,732431
Band,band UNIFICADO out dez 2023 jan fev 2024.xls,Relatorio_UBEM,MELHOR DA NOITE,2023-12-06,,,,BLUE SKY MINE,MIDNIGHT OIL,MIDNIGHT OIL,0.0,,73.2431,,,,,73243100,732431
Band,band UNIFICADO out dez 2023 jan fev 2024.xls,Relatorio_UBEM,MELHOR DA NOITE,2023-12-06,,,,86 123,BILLIE JOE ARMSTRONG / MIKE DIRNT / TRE COOL,GREEN DAY,0.0,,73.2431,,,,,73243100,732431
Band,band UNIFICADO out dez 2023 jan fev 2024.xls,Relatorio_UBEM,MELHOR DA NOITE,2023-12-07,,,,VOCÊ ME VIRA A CABEÇA                             ,PAULO SÉRGIO VALLE/CHICO ROQUE,ANA CLARA,0.0,,52.3166,,,,,52316600,523166
Band,band UNIFICADO out dez 2023 jan fev 2024.xls,Relatorio_UBEM,MELHOR DA NOITE,2023-12-07,,,,CAÇA E CAÇADOR                                    ,CLÁUDIO RABELLO/ERICH BULLING,ANA CLARA,0.0,,52.3166,,,,,52316600,523166
Band,band UNIFICADO out dez 2023 jan fev 2024.xls,Relatorio_UBEM,MELHOR DA NOITE,2023-12-07,,,,PAUSE,THIAGO SOARES / TIAGO ALEXANDRE,ANA CLARA,0.0,,52.3166,,,,,52316600,523166
Band,band UNIFICADO out dez 2023 jan fev 2024.xls,Relatorio_UBEM,MELHOR DA NOITE,2023-12-07,,,,JOGO DE SEDUÇÃO,LEANDRO FAB / CARLOS CAETANO / CISCO / LA CISCO,ANA CLARA,0.0,,52.3166,,,,,52316600,523166
Band,band UNIFICADO out dez 2023 jan fev 2024.xls,Relatorio_UBEM,MELHOR DA NOITE,2023-12-07,,,,THE ELEVATOR BOSSA NOVA,BENSOUND,BENSOUND,0.0,,73.2431,,,,,73243100,732431
Band,band UNIFICADO out dez 2023 jan fev 2024.xls,Relatorio_UBEM,MELHOR DA NOITE,2023-12-07,,,,THE HEAT IS ON,HAROLD FALTERMEYER / KEITH FORSEY,GLENN FREY,0.0,,73.2431,,,,,73243100,732431
Band,band UNIFICADO out dez 2023 jan fev 2024.xls,Relatorio_UBEM,MELHOR DA NOITE,2023-12-07,,,,ROCKABYE BABY LULLABY,ALF SCHUMACHER / DALIBOR MENICANIN E KIRINE SCHUMACHER,LEIGHA MARINA,0.0,,73.2431,,,,,73243100,732431
Band,band UNIFICADO out dez 2023 jan fev 2024.xls,Relatorio_UBEM,MELHOR DA NOITE,2023-12-07,,,,LA TRAVIATA ACT I LIBIAMO NE LIETI CALICI BRINDISI,GIUSEPPE VERDI,SOFIA PHILHARMONIC ORCHESTRA,0.0,,73.2431,,,,,73243100,732431
Band,band UNIFICADO out dez 2023 jan fev 2024.xls,Relatorio_UBEM,MELHOR DA NOITE,2023-12-07,,,,SHY,DANELLE LEVERETT / JAI WAETFORD / RUNE WESTBERG,NIGHTCORE REALITY,0.0,,73.2431,,,,,73243100,732431
Band,band UNIFICADO out dez 2023 jan fev 2024.xls,Relatorio_UBEM,MELHOR DA NOITE,2023-12-07,,,,FUNNY SONG,BEN SOUND,BEN SOUND,0.0,,73.2431,,,,,73243100,732431
Band,band UNIFICADO out dez 2023 jan fev 2024.xls,Relatorio_UBEM,MELHOR DA NOITE,2023-12-07,,,,I LL BE THERE FOR YOU,PHIL SOLEM / GREAT BUILDINGS / ALLEE WILLIS / MICHAEL SKLOFF / DAVID CRANE,THE REMBRANDTS,0.0,,73.2431,,,,,73243100,732431
Band,band UNIFICADO out dez 2023 jan fev 2024.xls,Relatorio_UBEM,MELHOR DA NOITE,2023-12-07,,,,SUNSHINE,AUGUST DARNELL / BENJAMMIN RUTTNER / ETHAN SNORECK / JAMES PATTERSON / STONY BROWDER,THE KNOCKS E WHETHAN,0.0,,73.2431,,,,,73243100,732431
Band,band UNIFICADO out dez 2023 jan fev 2024.xls,Relatorio_UBEM,MELHOR DA NOITE,2023-12-07,,,,AWAKE,ASA TACCONE / BRIAN BURTON / MATTHEW COMPTON,ELECTRIC GUEST,0.0,,73.2431,,,,,73243100,732431
Band,band UNIFICADO out dez 2023 jan fev 2024.xls,Relatorio_UBEM,MELHOR DA NOITE,2023-12-07,,,,KILL DEM,CHRISTOPHER JOHN LANE / JAMES SMITH / JOHN BRUCE MACGILLIVRAY / PHILIP THOMAS,JAMIE XX,0.0,,73.2431,,,,,73243100,732431
Band,band UNIFICADO out dez 2023 jan fev 2024.xls,Relatorio_UBEM,MELHOR DA NOITE,2023-12-07,,,,FORTRESS EUROPE,ANIRUDDHA DAS / JOHN ASHOK PANDIT / SANJAY TAILOR / STEVEN CHANDRA SAVALE,ASIAN DUB FOUNDATION,0.0,,73.2431,,,,,73243100,732431
Band,band UNIFICADO out dez 2023 jan fev 2024.xls,Relatorio_UBEM,MELHOR DA NOITE,2023-12-07,,,,PREACH,SAM HOLLANDER / ALEXANDER LEONARD JACKSON / GRANT MICHAELS,SAINT MOTEL,0.0,,73.2431,,,,,73243100,732431
Band,band UNIFICADO out dez 2023 jan fev 2024.xls,Relatorio_UBEM,MELHOR DA NOITE,2023-12-07,,,,CRAZY IN LOVE                                     ,BEYONCE KNOWLES/RICH HARRISON/SHAWN CARTER/EUGENE RECORD,BEYONCE / JAY Z,0.0,,73.2431,,,,,73243100,732431
Band,band UNIFICADO out dez 2023 jan fev 2024.xls,Relatorio_UBEM,MELHOR DA NOITE,2023-12-07,,,,THE TROOPER,STEVE HARRIS,IRON MAIDEN,0.0,,73.2431,,,,,73243100,732431
Band,band UNIFICADO out dez 2023 jan fev 2024.xls,Relatorio_UBEM,MELHOR DA NOITE,2023-12-08,,,,O MEU SANGUE FERVE POR VOCE,SIDNEY MAGAL,A MELHOR BANDA DA NOITE,0.0,,52.3166,,,,,52316600,523166
Band,band UNIFICADO out dez 2023 jan fev 2024.xls,Relatorio_UBEM,MELHOR DA NOITE,2023-12-08,,,,MADALENA,IVAN LINS / RONALDO MONTEIRO DE SOUZA,A MELHOR BANDA DA NOITE,0.0,,52.3166,,,,,52316600,523166
Band,band UNIFICADO out dez 2023 jan fev 2024.xls,Relatorio_UBEM,MELHOR DA NOITE,2023-12-08,,,,KISS                                              ,PRINCE,A MELHOR BANDA DA NOITE,0.0,,52.3166,,,,,52316600,523166
Band,band UNIFICADO out dez 2023 jan fev 2024.xls,Relatorio_UBEM,MELHOR DA NOITE,2023-12-08,,,,THE STRUGGLE,HOWI SPANGLER,BALLYHOO,0.0,,73.2431,,,,,73243100,732431
Band,band UNIFICADO out dez 2023 jan fev 2024.xls,Relatorio_UBEM,MELHOR DA NOITE,2023-12-08,,,,AFTERLIFE,ANTHONY KIEDIS / CHAD SMITH / FLEA / JOHN FRUSCIANTE,RED HOT CHILI PEPPERS,0.0,,73.2431,,,,,73243100,732431
Band,band UNIFICADO out dez 2023 jan fev 2024.xls,Relatorio_UBEM,MELHOR DA NOITE,2023-12-08,,,,ROAD HOG,THE HATEFUL EIGHT SOUNDTRACK,JOHN D. LOUDERMILK,0.0,,73.2431,,,,,73243100,732431
Band,band UNIFICADO out dez 2023 jan fev 2024.xls,Relatorio_UBEM,MELHOR DA NOITE,2023-12-08,,,,SANTERIA                                          ,BRADLEY NOWELLERIC / ERIC WILSON / FLOYD GAUGH,SUBLIME,0.0,,73.2431,,,,,73243100,732431
Band,band UNIFICADO out dez 2023 jan fev 2024.xls,Relatorio_UBEM,MELHOR DA NOITE,2023-12-08,,,,BUBBLY,COLBIE CAILLAT/ JASON REEVES,COLBIE CAILLAT,0.0,,73.2431,,,,,73243100,732431
Band,band UNIFICADO out dez 2023 jan fev 2024.xls,Relatorio_UBEM,MELHOR DA NOITE,2023-12-08,,,,TRILHA SONORA DOMINGÃO DO FAUSTÃO,CAÇULINHA,CAÇULINHA,0.0,,73.2431,,,,,73243100,732431
Band,band UNIFICADO out dez 2023 jan fev 2024.xls,Relatorio_UBEM,MELHOR DA NOITE,2023-12-08,,,,I AINT WORRIED,BRENT KUTZLE / BJORN DANIEL ARNE YTTLING / PETER ANDREAS MOREN / RYAN B TEDDER / TYLER SPRY / JOHN THOMAS DANIEL ERIKSSON,ONE REPUBLIC,0.0,,73.2431,,,,,73243100,732431
Band,band UNIFICADO out dez 2023 jan fev 2024.xls,Relatorio_UBEM,MELHOR DA NOITE,2023-12-08,,,,PATIENCE                                          ,AXL ROSE / DUFF MCKAGAN / IZZY STRADLIN / SLASH / STEVEN ADLER,CHRIS CORNELL,0.0,,73.2431,,,,,73243100,732431
Band,band UNIFICADO out dez 2023 jan fev 2024.xls,Relatorio_UBEM,MELHOR DA NOITE,2023-12-08,,,,KILLING IN THE NAME,ZACK DE LA ROCHA/TOM MORELLO/TIM COMMERFORD/BRAD WILK,RAGE AGAINST THE MACHINE,0.0,,73.2431,,,,,73243100,732431
Band,band UNIFICADO out dez 2023 jan fev 2024.xls,Relatorio_UBEM,MELHOR DA NOITE,2023-12-08,,,,THE BATTLE,HANS ZIMMER,THE LYNDHURST ORCHESTRA,0.0,,73.2431,,,,,73243100,732431
Band,band UNIFICADO out dez 2023 jan fev 2024.xls,Relatorio_UBEM,MELHOR DA NOITE,2023-12-08,,,,SOUL PARA TINA,MIRIAM ROCHA,MIRIAM ROCHA,0.0,,73.2431,,,,,73243100,732431
Band,band UNIFICADO out dez 2023 jan fev 2024.xls,Relatorio_UBEM,MELHOR DA NOITE,2023-12-08,,,,HAPPY 1,CARLA MARIE / PHARRELL WILLIAMS,A MELHOR BANDA DA NOITE,0.0,,52.3166,,,,,52316600,523166
Band,band UNIFICADO out dez 2023 jan fev 2024.xls,Relatorio_UBEM,MELHOR DA NOITE,2023-12-08,,,,TAK SELALU,SOULJAH,SOULJAH,0.0,,73.2431,,,,,73243100,732431
Band,band UNIFICADO out dez 2023 jan fev 2024.xls,Relatorio_UBEM,MELHOR DA NOITE,2023-12-08,,,,SUNROOF,AIDAN RODRIGUEZ / DAZY / NICHOLAS URE,DAZY / NICKY YOURE,0.0,,73.2431,,,,,73243100,732431
Band,band UNIFICADO out dez 2023 jan fev 2024.xls,Relatorio_UBEM,MELHOR DA NOITE,2023-12-08,,,,WELCOME TO MY PARADISE,STEVEN NUGRAHA KALIGIS,STEVEN E COCONUTTREEZ,0.0,,73.2431,,,,,73243100,732431
Band,band UNIFICADO out dez 2023 jan fev 2024.xls,Relatorio_UBEM,MELHOR DA NOITE,2023-12-08,,,,SUPER TUNA,BUMZU / JIN,JIN,0.0,,73.2431,,,,,73243100,732431
Band,band UNIFICADO out dez 2023 jan fev 2024.xls,Relatorio_UBEM,MELHOR DA NOITE,2023-12-11,,,,USE SOMEBODY                                      ,CALEB FOLLOWILL,A MELHOR BANDA DA NOITE,0.0,,52.3166,,,,,52316600,523166
Band,band UNIFICADO out dez 2023 jan fev 2024.xls,Relatorio_UBEM,MELHOR DA NOITE,2023-12-11,,,,ELEANOR RIGBY,JOHN LENNON / PAUL MC CARTNEY,A MELHOR BANDA DA NOITE,0.0,,52.3166,,,,,52316600,523166
Band,band UNIFICADO out dez 2023 jan fev 2024.xls,Relatorio_UBEM,MELHOR DA NOITE,2023-12-11,,,,DEIXA ACONTECER                                   ,CARLOS CAETANO/ALEX FREITAS,A MELHOR BANDA DA NOITE,0.0,,52.3166,,,,,52316600,523166
Band,band UNIFICADO out dez 2023 jan fev 2024.xls,Relatorio_UBEM,MELHOR DA NOITE,2023-12-11,,,,CHOCOLATE,TIM MAIA,TIM MAIA,0.0,,104.6332,,,,,104633200,1046332
Band,band UNIFICADO out dez 2023 jan fev 2024.xls,Relatorio_UBEM,MELHOR DA NOITE,2023-12-11,,,,E UMA PARTIDA DE FUTEBOL                          ,SAMUEL ROSA/NANDO REIS             ,SKANK,0.0,,104.6332,,,,,104633200,1046332
Band,band UNIFICADO out dez 2023 jan fev 2024.xls,Relatorio_UBEM,MELHOR DA NOITE,2023-12-11,,,,CANNONBALL,KIM DEAL,THE BREEDERS,0.0,,73.2431,,,,,73243100,732431
Band,band UNIFICADO out dez 2023 jan fev 2024.xls,Relatorio_UBEM,MELHOR DA NOITE,2023-12-11,,,,ATRAVESSEI DESERTOS,JUNINHO / RICARDO CRUZ,SONIC JUNIOR,0.0,,73.2431,,,,,73243100,732431
Band,band UNIFICADO out dez 2023 jan fev 2024.xls,Relatorio_UBEM,MELHOR DA NOITE,2023-12-11,,,,PROPOSTA,LUIZ FELIPE DA SILVA BARROS / PEDRO FONSECA DE SOUZA FILHO,ANDREA LAIS / FELIPE BARROS / MESASONORA / NIVEA ARAUJO / PEDRO FONSECA,0.0,,73.2431,,,,,73243100,732431
Band,band UNIFICADO out dez 2023 jan fev 2024.xls,Relatorio_UBEM,MELHOR DA NOITE,2023-12-11,,,,ALO MACEIO,ARMANDO BARROS / HUMBERTO BONNY,FULO DE MANDACARU,0.0,,73.2431,,,,,73243100,732431
Band,band UNIFICADO out dez 2023 jan fev 2024.xls,Relatorio_UBEM,MELHOR DA NOITE,2023-12-11,,,,BIA TA TA E COCO ALAGOANO,HEKEL TAVARES / JAYME DE ALTAVILA,ELIEZER SETTON,0.0,,73.2431,,,,,73243100,732431
Band,band UNIFICADO out dez 2023 jan fev 2024.xls,Relatorio_UBEM,MELHOR DA NOITE,2023-12-11,,,,SURURU DE CAPOTE,DJAVAN,DJAVAN,0.0,,73.2431,,,,,73243100,732431
Band,band UNIFICADO out dez 2023 jan fev 2024.xls,Relatorio_UBEM,MELHOR DA NOITE,2023-12-11,,,,LUZES NA ESQUINA,OTAVIO GALLINDO,DR CHARADA,0.0,,73.2431,,,,,73243100,732431
Band,band UNIFICADO out dez 2023 jan fev 2024.xls,Relatorio_UBEM,MELHOR DA NOITE,2023-12-11,,,,HOMENZINHO,TROCO EM BALA,TROCO EM BALA,0.0,,73.2431,,,,,73243100,732431
Band,band UNIFICADO out dez 2023 jan fev 2024.xls,Relatorio_UBEM,MELHOR DA NOITE,2023-12-11,,,,ADEUS ALAGOAS,TRADICIONAL,COCO DE RODA REIS DO CANGAÇO,0.0,,73.2431,,,,,73243100,732431
Band,band UNIFICADO out dez 2023 jan fev 2024.xls,Relatorio_UBEM,MELHOR DA NOITE,2023-12-11,,,,IMIGRANTE,PITSHU/JAM DA SILVA/JUNINHO,SONICJUNIOR E PITSHU,0.0,,73.2431,,,,,73243100,732431
Band,band UNIFICADO out dez 2023 jan fev 2024.xls,Relatorio_UBEM,MELHOR DA NOITE,2023-12-11,,,,DO A DO,DORA MORELENBAUM,DORA MORELENBAUM,0.0,,73.2431,,,,,73243100,732431
Band,band UNIFICADO out dez 2023 jan fev 2024.xls,Relatorio_UBEM,MELHOR DA NOITE,2023-12-11,,,,CHOCOLATE,TIM MAIA,TIM MAIA,0.0,,73.2431,,,,,73243100,732431
Band,band UNIFICADO out dez 2023 jan fev 2024.xls,Relatorio_UBEM,MELHOR DA NOITE,2023-12-11,,,,STRANGER THINGS,KYLE DIXON / MICHAEL STEIN,BENJAMIN SEM,0.0,,73.2431,,,,,73243100,732431
Band,band UNIFICADO out dez 2023 jan fev 2024.xls,Relatorio_UBEM,MELHOR DA NOITE,2023-12-11,,,,JURASSIC PARK,JOHN WILLIAMS,JOHN WILLIAMS,0.0,,73.2431,,,,,73243100,732431
Band,band UNIFICADO out dez 2023 jan fev 2024.xls,Relatorio_UBEM,MELHOR DA NOITE,2023-12-11,,,,E UMA PARTIDA DE FUTEBOL                          ,SAMUEL ROSA/NANDO REIS             ,SKANK,0.0,,73.2431,,,,,73243100,732431
Band,band UNIFICADO out dez 2023 jan fev 2024.xls,Relatorio_UBEM,MELHOR DA NOITE,2023-12-12,,,,SÁ MARINA,ANTÔNIO ADOLFO / TIBÉRIO GASPAR,A MELHOR BANDA DA NOITE,0.0,,52.3166,,,,,52316600,523166
Band,band UNIFICADO out dez 2023 jan fev 2024.xls,Relatorio_UBEM,MELHOR DA NOITE,2023-12-12,,,,HAVANA,BRIAN LEE / ALI TAMPOSI / CAMILA CABELO / FRANK DUKES / LOUIS BELL / PHARREL / STARRAH / YOUNG THUG,A MELHOR BANDA DA NOITE,0.0,,52.3166,,,,,52316600,523166
Band,band UNIFICADO out dez 2023 jan fev 2024.xls,Relatorio_UBEM,MELHOR DA NOITE,2023-12-12,,,,DO SEU LADO                                       ,NANDO REIS                         ,A MELHOR BANDA DA NOITE,0.0,,52.3166,,,,,52316600,523166
Band,band UNIFICADO out dez 2023 jan fev 2024.xls,Relatorio_UBEM,MELHOR DA NOITE,2023-12-12,,,,JINGLE BELL ROCK,BEAL JOSEPH CARLETON / BOOTHE JAMES ROSS,GLEE,0.0,,73.2431,,,,,73243100,732431
Band,band UNIFICADO out dez 2023 jan fev 2024.xls,Relatorio_UBEM,MELHOR DA NOITE,2023-12-12,,,,WANNABE                                           ,MATT ROWE/RICHARD STANARD/EMMA BUNTON/GERI HALLIWELL/MELANIE B/MELANIE C/VICTORIA BECKHAM,KOBES,0.0,,73.2431,,,,,73243100,732431
Band,band UNIFICADO out dez 2023 jan fev 2024.xls,Relatorio_UBEM,MELHOR DA NOITE,2023-12-12,,,,BURGUESINHA,SEU JORGE,SEU JORGE,0.0,,73.2431,,,,,73243100,732431
Band,band UNIFICADO out dez 2023 jan fev 2024.xls,Relatorio_UBEM,MELHOR DA NOITE,2023-12-12,,,,MISERILOU,FRED WISE / JOSEPH PINA / MILTON LEEDS / NICHOLAS ROUBANIS / SK RUSSELL,A MELHOR BANDA DA NOITE,0.0,,52.3166,,,,,52316600,523166
Band,band UNIFICADO out dez 2023 jan fev 2024.xls,Relatorio_UBEM,MELHOR DA NOITE,2023-12-12,,,,ITS THE MOST WONDERFUL TIME OF THE YEAR,EDWARD POLA / GEORGE WYLE,ANDY WILLIAMS,0.0,,73.2431,,,,,73243100,732431
Band,band UNIFICADO out dez 2023 jan fev 2024.xls,Relatorio_UBEM,MELHOR DA NOITE,2023-12-12,,,,CHRISTMAS STAR,LESLIE BRICUSSE,JOHN WILLIAMS,0.0,,73.2431,,,,,73243100,732431
Band,band UNIFICADO out dez 2023 jan fev 2024.xls,Relatorio_UBEM,MELHOR DA NOITE,2023-12-12,,,,FUNK DA PAMONHA,RODNEY DY,RODNEY DY,0.0,,73.2431,,,,,73243100,732431
Band,band UNIFICADO out dez 2023 jan fev 2024.xls,Relatorio_UBEM,MELHOR DA NOITE,2023-12-12,,,,CONICAL INTRIGUE AT HAMNER SPRINGS,RR,THE JEWS BROTHERS BAND,0.0,,73.2431,,,,,73243100,732431
Band,band UNIFICADO out dez 2023 jan fev 2024.xls,Relatorio_UBEM,MELHOR DA NOITE,2023-12-12,,,,RATINHO TOMANDO BANHO, HELIO ZISKIND,HELIO ZISKIND,0.0,,73.2431,,,,,73243100,732431
Band,band UNIFICADO out dez 2023 jan fev 2024.xls,Relatorio_UBEM,MELHOR DA NOITE,2023-12-13,,,,O XOTE DAS MENINAS                                ,LUIZ GONZAGA/ZÉ DANTAS,FRANK AGUIAR           ,0.0,,52.3166,,,,,52316600,523166
Band,band UNIFICADO out dez 2023 jan fev 2024.xls,Relatorio_UBEM,MELHOR DA NOITE,2023-12-13,,,,DEUS ME PROTEJA,CHICO CÉSAR,FRANK AGUIAR           ,0.0,,52.3166,,,,,52316600,523166
Band,band UNIFICADO out dez 2023 jan fev 2024.xls,Relatorio_UBEM,MELHOR DA NOITE,2023-12-13,,,,MULHER MADURA                                     ,FRANK AGUIAR/FERNANDO MONTERREY/NATINHO DA GINGA,FRANK AGUIAR           ,0.0,,52.3166,,,,,52316600,523166
Band,band UNIFICADO out dez 2023 jan fev 2024.xls,Relatorio_UBEM,MELHOR DA NOITE,2023-12-13,,,,A VIDA DE VIAJANTE,LUIZ CONZAGA / HERVE CORDOVIL,FRANK AGUIAR           ,0.0,,52.3166,,,,,52316600,523166
Band,band UNIFICADO out dez 2023 jan fev 2024.xls,Relatorio_UBEM,MELHOR DA NOITE,2023-12-13,,,,BALANCANDO O ESQUELETO,NATINHO DA GINGA,FRANK AGUIAR           ,0.0,,73.2431,,,,,73243100,732431
Band,band UNIFICADO out dez 2023 jan fev 2024.xls,Relatorio_UBEM,MELHOR DA NOITE,2023-12-13,,,,AFRIKA,NILTON MONIZ,DOMINGOS MONIZ / PRODIGIO,0.0,,73.2431,,,,,73243100,732431
Band,band UNIFICADO out dez 2023 jan fev 2024.xls,Relatorio_UBEM,MELHOR DA NOITE,2023-12-13,,,,TOUMOURANKE,AMADOU TOURE / ISMAILA TOURE / SIXU TOURE,TOURE KUNDA,0.0,,73.2431,,,,,73243100,732431
Band,band UNIFICADO out dez 2023 jan fev 2024.xls,Relatorio_UBEM,MELHOR DA NOITE,2023-12-13,,,,AFRONAUT,LOLLISE,LOLLISE,0.0,,73.2431,,,,,73243100,732431
Band,band UNIFICADO out dez 2023 jan fev 2024.xls,Relatorio_UBEM,MELHOR DA NOITE,2023-12-13,,,,JARABI,SONA JOBARTEH,SONA JOBARTEH,0.0,,73.2431,,,,,73243100,732431
Band,band UNIFICADO out dez 2023 jan fev 2024.xls,Relatorio_UBEM,MELHOR DA NOITE,2023-12-13,,,,THE QUEST,REMI KABAKA,REMI KABAKA,0.0,,73.2431,,,,,73243100,732431
Band,band UNIFICADO out dez 2023 jan fev 2024.xls,Relatorio_UBEM,MELHOR DA NOITE,2023-12-13,,,,GHANA DRUMS,SOUKOUSS TA,SOUKOUSS TA,0.0,,73.2431,,,,,73243100,732431
Band,band UNIFICADO out dez 2023 jan fev 2024.xls,Relatorio_UBEM,MELHOR DA NOITE,2023-12-13,,,,IRIN AJO,REMI KABAKA E STEVE WINWOOD,REMI KABAKA E STEVE WINWOOD,0.0,,73.2431,,,,,73243100,732431
Band,band UNIFICADO out dez 2023 jan fev 2024.xls,Relatorio_UBEM,MELHOR DA NOITE,2023-12-13,,,,JENJELA RUNYENJE,NATIONAL PERCUSSION GROUP OF KENYA,NATIONAL PERCUSSION GROUP OF KENYA,0.0,,73.2431,,,,,73243100,732431
Band,band UNIFICADO out dez 2023 jan fev 2024.xls,Relatorio_UBEM,MELHOR DA NOITE,2023-12-13,,,,PRIDE,SOUKOUSS TA AFRICAN DRUMS AND MUSIC,SOUKOUSS TA AFRICAN DRUMS AND MUSIC,0.0,,73.2431,,,,,73243100,732431
Band,band UNIFICADO out dez 2023 jan fev 2024.xls,Relatorio_UBEM,MELHOR DA NOITE,2023-12-13,,,,NO STORIA,ENEIDA MARTA,ENEIDA MARTA,0.0,,73.2431,,,,,73243100,732431
Band,band UNIFICADO out dez 2023 jan fev 2024.xls,Relatorio_UBEM,MELHOR DA NOITE,2023-12-14,,,,EU SEI DE COR,MARÍLIA MENDONÇA,JOHNNY HOOKER,0.0,,52.3166,,,,,52316600,523166
Band,band UNIFICADO out dez 2023 jan fev 2024.xls,Relatorio_UBEM,MELHOR DA NOITE,2023-12-14,,,,INFIEL,MARILIA MENDONÇA,JOHNNY HOOKER,0.0,,52.3166,,,,,52316600,523166
Band,band UNIFICADO out dez 2023 jan fev 2024.xls,Relatorio_UBEM,MELHOR DA NOITE,2023-12-14,,,,CAETANO VELOSO,ARTUR DANTAS,JOHNNY HOOKER,0.0,,52.3166,,,,,52316600,523166
Band,band UNIFICADO out dez 2023 jan fev 2024.xls,Relatorio_UBEM,MELHOR DA NOITE,2023-12-14,,,,OMBRIM,MARINA DE OLVIEIRA SENA / LARA DANTAS DE PINHO,MARINA SENA / RONA NEON / BAKA,0.0,,73.2431,,,,,73243100,732431
Band,band UNIFICADO out dez 2023 jan fev 2024.xls,Relatorio_UBEM,MELHOR DA NOITE,2023-12-14,,,,CARACA MULEKE,GABRIEL BARRIGA/ THIAGUINHO,THIAGUINHO,0.0,,73.2431,,,,,73243100,732431
Band,band UNIFICADO out dez 2023 jan fev 2024.xls,Relatorio_UBEM,MELHOR DA NOITE,2023-12-14,,,,WHO LET THE DOGS OUT,MICHAEL MANGINI / S GREENBERG,BAHA MEN,0.0,,73.2431,,,,,73243100,732431
Band,band UNIFICADO out dez 2023 jan fev 2024.xls,Relatorio_UBEM,MELHOR DA NOITE,2023-12-14,,,,CUBA,JOHNNY HOOKER,JOHNNY HOOKER,0.0,,52.3166,,,,,52316600,523166
Band,band UNIFICADO out dez 2023 jan fev 2024.xls,Relatorio_UBEM,MELHOR DA NOITE,2023-12-14,,,,SQUID GAME THEME,JUNG JAE IL,JUNG JAE IL,0.0,,73.2431,,,,,73243100,732431
Band,band UNIFICADO out dez 2023 jan fev 2024.xls,Relatorio_UBEM,MELHOR DA NOITE,2023-12-15,,,,TEU SEGREDO,THIAGUINHO / FELIPE SAAB / BILLY SP,JEITO MOLEQUE                      ,0.0,,52.3166,,,,,52316600,523166
Band,band UNIFICADO out dez 2023 jan fev 2024.xls,Relatorio_UBEM,MELHOR DA NOITE,2023-12-15,,,,AMOR ETERNO,ISABE / WALTER JOTA,JEITO MOLEQUE                      ,0.0,,52.3166,,,,,52316600,523166
Band,band UNIFICADO out dez 2023 jan fev 2024.xls,Relatorio_UBEM,MELHOR DA NOITE,2023-12-15,,,,ME FAZ FELIZ,THIAGUINHO / RICARDO ELY BALDINO / CARLOS CESAR MATHEW,JEITO MOLEQUE                      ,0.0,,52.3166,,,,,52316600,523166
Band,band UNIFICADO out dez 2023 jan fev 2024.xls,Relatorio_UBEM,MELHOR DA NOITE,2023-12-15,,,,EU NUNCA AMEI ASSIM,AENALDO SACCOMANI / CACA MORAES / THAIS NASCIMENTO,JEITO MOLEQUE                      ,0.0,,52.3166,,,,,52316600,523166
Band,band UNIFICADO out dez 2023 jan fev 2024.xls,Relatorio_UBEM,MELHOR DA NOITE,2023-12-15,,,,NOSSOS BEIJOS,GUI ALBUQUERQUE / RAFA JM / CARLINHOS JM,JEITO MOLEQUE                      ,0.0,,52.3166,,,,,52316600,523166
Band,band UNIFICADO out dez 2023 jan fev 2024.xls,Relatorio_UBEM,MELHOR DA NOITE,2023-12-15,,,,FUNNY SONG,BEN SOUND,BEN SOUND,0.0,,73.2431,,,,,73243100,732431
Band,band UNIFICADO out dez 2023 jan fev 2024.xls,Relatorio_UBEM,MELHOR DA NOITE,2023-12-15,,,,IS THIS LOVE,DAVID COVERDALE / JOHN SYKES,WHITESNAKE,0.0,,73.2431,,,,,73243100,732431
Band,band UNIFICADO out dez 2023 jan fev 2024.xls,Relatorio_UBEM,MELHOR DA NOITE,2023-12-15,,,,1812 OVERTURE PART 2,PETER ILYCH TCHAIKOVSKY,PIOTR TCHAIKOVSKI,0.0,,73.2431,,,,,73243100,732431
Band,band UNIFICADO out dez 2023 jan fev 2024.xls,Relatorio_UBEM,MELHOR DA NOITE,2023-12-15,,,,JINGLE BELL ROCK                                  ,JOE BEAL/JIM BOOTHE,BOBBY HELMS,0.0,,73.2431,,,,,73243100,732431
Band,band UNIFICADO out dez 2023 jan fev 2024.xls,Relatorio_UBEM,MELHOR DA NOITE,2023-12-15,,,,ES SNITCH,JON BJORK,JON BJORK,0.0,,73.2431,,,,,73243100,732431
Band,band UNIFICADO out dez 2023 jan fev 2024.xls,Relatorio_UBEM,MELHOR DA NOITE,2023-12-15,,,,ES NO TURNING BACK,ALAN CARLSON GREEN,ALAN CARLSON GREEN,0.0,,73.2431,,,,,73243100,732431
Band,band UNIFICADO out dez 2023 jan fev 2024.xls,Relatorio_UBEM,MELHOR DA NOITE,2023-12-15,,,,ES DESPERATE INSURGANCE,JON BJORK,JON BJORK,0.0,,73.2431,,,,,73243100,732431
Band,band UNIFICADO out dez 2023 jan fev 2024.xls,Relatorio_UBEM,MELHOR DA NOITE,2023-12-15,,,,ES A SAD STRING QUARTET,TRADITIONAL,TRADITIONAL,0.0,,73.2431,,,,,73243100,732431
Band,band UNIFICADO out dez 2023 jan fev 2024.xls,Relatorio_UBEM,MELHOR DA NOITE,2023-12-15,,,,ES A LITTLE MURDER FOR DESSERT,LUELLA GREN,LUELLA GREN,0.0,,73.2431,,,,,73243100,732431
Band,band UNIFICADO out dez 2023 jan fev 2024.xls,Relatorio_UBEM,MELHOR DA NOITE,2023-12-15,,,,ES ROMANTIC GALLERY,CERCLES NOUVELLES,CERCLES NOUVELLES,0.0,,73.2431,,,,,73243100,732431
Band,band UNIFICADO out dez 2023 jan fev 2024.xls,Relatorio_UBEM,MELHOR DA NOITE,2023-12-15,,,,DIED IN YOUR ARMS,NICHOLAS EEDE,CUTTING CREW,0.0,,73.2431,,,,,73243100,732431
Band,band UNIFICADO out dez 2023 jan fev 2024.xls,Relatorio_UBEM,MELHOR DA NOITE,2023-12-15,,,,SMOKIN ON,C GHOLSON/ CALVIN CORDOZAR/ BROADUS JR/ CAMERON THOMAZ/ J HOUSTON,JUICY/ SNOPP DOGG/ WIZ KHALIFA,0.0,,73.2431,,,,,73243100,732431
Band,band UNIFICADO out dez 2023 jan fev 2024.xls,Relatorio_UBEM,MELHOR DA NOITE,2023-12-15,,,,HOW THE GRINCH STOLE CHRISTMAS,ALBERTO HAGUES/ TED GEISEL,BORIS KARLOFF,0.0,,73.2431,,,,,73243100,732431
Band,band UNIFICADO out dez 2023 jan fev 2024.xls,Relatorio_UBEM,MELHOR DA NOITE,2023-12-18,,,,ROBOCOP GAY                                       ,DINHO/JULIO RASEC                  ,MAMONAS ASSASSINAS O LEGADO,0.0,,52.3166,,,,,52316600,523166
Band,band UNIFICADO out dez 2023 jan fev 2024.xls,Relatorio_UBEM,MELHOR DA NOITE,2023-12-18,,,,PELADOS EM SANTOS                                 ,DINHO,MAMONAS ASSASSINAS O LEGADO,0.0,,52.3166,,,,,52316600,523166
Band,band UNIFICADO out dez 2023 jan fev 2024.xls,Relatorio_UBEM,MELHOR DA NOITE,2023-12-18,,,,MUNDO ANIMAL                                      ,DINHO,MAMONAS ASSASSINAS O LEGADO,0.0,,52.3166,,,,,52316600,523166
Band,band UNIFICADO out dez 2023 jan fev 2024.xls,Relatorio_UBEM,MELHOR DA NOITE,2023-12-18,,,,VIRA VIRA                                         ,DINHO/JULIO RASEC                  ,MAMONAS ASSASSINAS O LEGADO,0.0,,52.3166,,,,,52316600,523166
Band,band UNIFICADO out dez 2023 jan fev 2024.xls,Relatorio_UBEM,MELHOR DA NOITE,2023-12-18,,,,E UMA PARTIDA DE FUTEBOL                          ,SAMUEL ROSA/NANDO REIS             ,SKANK,0.0,,104.6332,,,,,104633200,1046332
Band,band UNIFICADO out dez 2023 jan fev 2024.xls,Relatorio_UBEM,MELHOR DA NOITE,2023-12-18,,,,LA VEM O ALEMAO,DINHO / JULIO,MAMONAS ASSASSINAS O LEGADO,0.0,,52.3166,,,,,52316600,523166
Band,band UNIFICADO out dez 2023 jan fev 2024.xls,Relatorio_UBEM,MELHOR DA NOITE,2023-12-18,,,,HINO DO FLUMINENSE                                ,LAMARTINE BABO,ORQUESTRA E CORO CID,0.0,,104.6332,,,,,104633200,1046332
Band,band UNIFICADO out dez 2023 jan fev 2024.xls,Relatorio_UBEM,MELHOR DA NOITE,2023-12-18,,,,HINO DO FLUMINENSE                                ,LAMARTINE BABO,ORQUESTRA E CORO CID,0.0,,104.6332,,,,,104633200,1046332
Band,band UNIFICADO out dez 2023 jan fev 2024.xls,Relatorio_UBEM,MELHOR DA NOITE,2023-12-18,,,,ACENDER AS VELAS,ZÉ KETI,ZE KETI,0.0,,73.2431,,,,,73243100,732431
Band,band UNIFICADO out dez 2023 jan fev 2024.xls,Relatorio_UBEM,MELHOR DA NOITE,2023-12-18,,,,FEAR OF THE DARK,STEVE HARRIS,IRON MAIDEN,0.0,,73.2431,,,,,73243100,732431
Band,band UNIFICADO out dez 2023 jan fev 2024.xls,Relatorio_UBEM,MELHOR DA NOITE,2023-12-18,,,,THE OUTSIDER,BILLY HOWERDEL / MAYNARD JAMES KEENAN,SOUNDRIDEMUSIC,0.0,,73.2431,,,,,73243100,732431
Band,band UNIFICADO out dez 2023 jan fev 2024.xls,Relatorio_UBEM,MELHOR DA NOITE,2023-12-18,,,,DANADO DE BOM,LUIZ GONZAGA,FAGNER / ELBA RAMALHO,0.0,,73.2431,,,,,73243100,732431
Band,band UNIFICADO out dez 2023 jan fev 2024.xls,Relatorio_UBEM,MELHOR DA NOITE,2023-12-18,,,,PELADOS EM SANTOS                                 ,DINHO,MAMONAS ASSASSINAS                 ,0.0,,73.2431,,,,,73243100,732431
Band,band UNIFICADO out dez 2023 jan fev 2024.xls,Relatorio_UBEM,MELHOR DA NOITE,2023-12-18,,,,CHOPIS CENTIS,MAMONAS ASSASSINAS,MAMONAS ASSASSINAS                 ,0.0,,73.2431,,,,,73243100,732431
Band,band UNIFICADO out dez 2023 jan fev 2024.xls,Relatorio_UBEM,MELHOR DA NOITE,2023-12-18,,,,LA VEM O ALEMAO,DINHO / JULIO,MAMONAS ASSASSINAS                 ,0.0,,73.2431,,,,,73243100,732431
Band,band UNIFICADO out dez 2023 jan fev 2024.xls,Relatorio_UBEM,MELHOR DA NOITE,2023-12-18,,,,LASCIA CH IO PIANGA,GEORGE FRIDERIC HANDEL,PHILIPPE JAROUSSKY,0.0,,73.2431,,,,,73243100,732431
Band,band UNIFICADO out dez 2023 jan fev 2024.xls,Relatorio_UBEM,MELHOR DA NOITE,2023-12-18,,,,RINALDO,GEORGE FRIDERIC HANDEL,PHILIPPE JAROUSSKY,0.0,,73.2431,,,,,73243100,732431
Band,band UNIFICADO out dez 2023 jan fev 2024.xls,Relatorio_UBEM,MELHOR DA NOITE,2023-12-18,,,,ES LOW BRASS HOLLYWOOD CLUSTERS 5,MAGNUS RINGBLOM,MAGNUS RINGBLOM,0.0,,73.2431,,,,,73243100,732431
Band,band UNIFICADO out dez 2023 jan fev 2024.xls,Relatorio_UBEM,MELHOR DA NOITE,2023-12-18,,,,ES EXTRUDED LIFE,JAY VARTON,JAY VARTON,0.0,,73.2431,,,,,73243100,732431
Band,band UNIFICADO out dez 2023 jan fev 2024.xls,Relatorio_UBEM,MELHOR DA NOITE,2023-12-18,,,,ES SWOOSH 15 LONG,JON BJORK,JON BJORK,0.0,,73.2431,,,,,73243100,732431
Band,band UNIFICADO out dez 2023 jan fev 2024.xls,Relatorio_UBEM,MELHOR DA NOITE,2023-12-18,,,,ES NO TURNING BACK,ALAN CARLSON GREEN,ALAN CARLSON GREEN,0.0,,73.2431,,,,,73243100,732431
Band,band UNIFICADO out dez 2023 jan fev 2024.xls,Relatorio_UBEM,MELHOR DA NOITE,2023-12-18,,,,ES URGENT NEWS,WENDEL SCHERER,WENDEL SCHERER,0.0,,73.2431,,,,,73243100,732431
Band,band UNIFICADO out dez 2023 jan fev 2024.xls,Relatorio_UBEM,MELHOR DA NOITE,2023-12-18,,,,SUSPENSE MUSIC,GABRIEL ANDRADE,GABRIEL ANDRADE,0.0,,73.2431,,,,,73243100,732431
Band,band UNIFICADO out dez 2023 jan fev 2024.xls,Relatorio_UBEM,MELHOR DA NOITE,2023-12-18,,,,ES EXTRUDED LIFE,JAY VARTON,JAY VARTON,0.0,,73.2431,,,,,73243100,732431
Band,band UNIFICADO out dez 2023 jan fev 2024.xls,Relatorio_UBEM,MELHOR DA NOITE,2023-12-18,,,,ES EXTRUDED LIFE,JAY VARTON,JAY VARTON,0.0,,73.2431,,,,,73243100,732431
Band,band UNIFICADO out dez 2023 jan fev 2024.xls,Relatorio_UBEM,MELHOR DA NOITE,2023-12-18,,,,INSPIRING VIOLINS,RAFAEL KRUX,RAFAEL KRUX,0.0,,73.2431,,,,,73243100,732431
Band,band UNIFICADO out dez 2023 jan fev 2024.xls,Relatorio_UBEM,MELHOR DA NOITE,2023-12-18,,,,ES EXTRUDED LIFE,JAY VARTON,JAY VARTON,0.0,,73.2431,,,,,73243100,732431
Band,band UNIFICADO out dez 2023 jan fev 2024.xls,Relatorio_UBEM,MELHOR DA NOITE,2023-12-18,,,,EU VEM,LUANA FLORES,LUANA FLORES/ RAMIRO GALAS,0.0,,73.2431,,,,,73243100,732431
Band,band UNIFICADO out dez 2023 jan fev 2024.xls,Relatorio_UBEM,MELHOR DA NOITE,2023-12-18,,,,EU VEM,LUANA FLORES,LUANA FLORES/ RAMIRO GALAS,0.0,,73.2431,,,,,73243100,732431
Band,band UNIFICADO out dez 2023 jan fev 2024.xls,Relatorio_UBEM,MELHOR DA NOITE,2023-12-18,,,,FORRO QUENTINHO,ALMIRA CASTILHO,JACKSON DO PANDEIRO,0.0,,73.2431,,,,,73243100,732431
Band,band UNIFICADO out dez 2023 jan fev 2024.xls,Relatorio_UBEM,MELHOR DA NOITE,2023-12-18,,,,SOL A PINO,ARTHUR PESSOA,CABRUERA,0.0,,73.2431,,,,,73243100,732431
Band,band UNIFICADO out dez 2023 jan fev 2024.xls,Relatorio_UBEM,MELHOR DA NOITE,2023-12-18,,,,BONJOUR MONSIEUR GENDARME,CHICO CESAR,CHICO CESAR,0.0,,73.2431,,,,,73243100,732431
Band,band UNIFICADO out dez 2023 jan fev 2024.xls,Relatorio_UBEM,MELHOR DA NOITE,2023-12-18,,,,VENGEANCE,ERVIN GARTER,IWILLDIEHERE,0.0,,73.2431,,,,,73243100,732431
Band,band UNIFICADO out dez 2023 jan fev 2024.xls,Relatorio_UBEM,MELHOR DA NOITE,2023-12-18,,,,SNOWFALL,ONEHEART E REIDENSH,ONEHEART E REIDENSH,0.0,,73.2431,,,,,73243100,732431
Band,band UNIFICADO out dez 2023 jan fev 2024.xls,Relatorio_UBEM,MELHOR DA NOITE,2023-12-18,,,,RUMOURS,ALAN FITZPATRICK,ALAN FITZPATRICK,0.0,,73.2431,,,,,73243100,732431
Band,band UNIFICADO out dez 2023 jan fev 2024.xls,Relatorio_UBEM,MELHOR DA NOITE,2023-12-18,,,,IT S RAINING VENGEANCE,MICHAEL GIACCHINO,MICHAEL GIACCHINO,0.0,,73.2431,,,,,73243100,732431
Band,band UNIFICADO out dez 2023 jan fev 2024.xls,Relatorio_UBEM,MELHOR DA NOITE,2023-12-19,,,,TE LEVAR DAQUI,CHORÃO / LUIZ CARLOS JR / LEÃO DUARTE / MARCO ANTONIO VALENTIN BRITTO JUNIOR / PELADO / THIAGO,A MELHOR BANDA DA NOITE,0.0,,52.3166,,,,,52316600,523166
Band,band UNIFICADO out dez 2023 jan fev 2024.xls,Relatorio_UBEM,MELHOR DA NOITE,2023-12-19,,,,BIXINHO,TOMÁS TRÓIA / EDUARDA BITTENCOURT SIMÕES,A MELHOR BANDA DA NOITE,0.0,,52.3166,,,,,52316600,523166
Band,band UNIFICADO out dez 2023 jan fev 2024.xls,Relatorio_UBEM,MELHOR DA NOITE,2023-12-19,,,,SEX MACHINE,JAMES BROWN,A MELHOR BANDA DA NOITE,0.0,,52.3166,,,,,52316600,523166
Band,band UNIFICADO out dez 2023 jan fev 2024.xls,Relatorio_UBEM,MELHOR DA NOITE,2023-12-19,,,,DANCIN DAYS,NELSON MOTTA / RUBENS QUEIROZ,A MELHOR BANDA DA NOITE,0.0,,52.3166,,,,,52316600,523166
Band,band UNIFICADO out dez 2023 jan fev 2024.xls,Relatorio_UBEM,MELHOR DA NOITE,2023-12-19,,,,LET IT GO,KRISTEN ANDERSON LOPEZ / ROBERT LOPEZ,A MELHOR BANDA DA NOITE,0.0,,52.3166,,,,,52316600,523166
Band,band UNIFICADO out dez 2023 jan fev 2024.xls,Relatorio_UBEM,MELHOR DA NOITE,2023-12-19,,,,ACORDA PEDRINHO,BER PASQUALI / BERNARDO DERVICHE HEY / GABRIEL DUNAJSKI MENDES / GUSTAVO PIMENTEL KARAM / RAFAEL DUNAJSKI MENDES,JOVEM DIONISIO,0.0,,73.2431,,,,,73243100,732431
Band,band UNIFICADO out dez 2023 jan fev 2024.xls,Relatorio_UBEM,MELHOR DA NOITE,2023-12-19,,,,CARIMBO DA MULHER ALHEIA,OS ATUAIS,OS ATUAIS,0.0,,73.2431,,,,,73243100,732431
Band,band UNIFICADO out dez 2023 jan fev 2024.xls,Relatorio_UBEM,MELHOR DA NOITE,2023-12-19,,,,PRA TIRAR COCO,HAMILTON OLIVEIRA / MESSIAS HOLANDA,TAY RODRIGUES,0.0,,73.2431,,,,,73243100,732431
Band,band UNIFICADO out dez 2023 jan fev 2024.xls,Relatorio_UBEM,MELHOR DA NOITE,2023-12-19,,,,AQUARELA DO BRASIL,ARY BARROSO,ZE PAULO SOARES,0.0,,73.2431,,,,,73243100,732431
Band,band UNIFICADO out dez 2023 jan fev 2024.xls,Relatorio_UBEM,MELHOR DA NOITE,2023-12-19,,,,PRA FRENTE BRASIL                                 ,MIGUEL GUSTAVO,ORQUESTRA RADIO GLOBO,0.0,,73.2431,,,,,73243100,732431
Band,band UNIFICADO out dez 2023 jan fev 2024.xls,Relatorio_UBEM,MELHOR DA NOITE,2023-12-19,,,,NERVOSA                                           ,FCLG/MARCELO MURANI/TIQUINHO       ,FUNK COMO LE GUSTA,0.0,,73.2431,,,,,73243100,732431
Band,band UNIFICADO out dez 2023 jan fev 2024.xls,Relatorio_UBEM,MELHOR DA NOITE,2023-12-19,,,,HINO NACIONAL BRASILEIRO,BANDA SNIF DO CORPO DE BOMBEIROS DO RIO DE JANEIRO,FRANCISCO MANUEL DA SILVA,0.0,,73.2431,,,,,73243100,732431
Band,band UNIFICADO out dez 2023 jan fev 2024.xls,Relatorio_UBEM,MELHOR DA NOITE,2023-12-19,,,,LET IT GO PARODIA,KRISTEN ANDERSON LOPEZ / ROBERT LOPEZ / RUBENS RAMALHO,IDINA MENZEL,0.0,,104.6332,,,,,104633200,1046332
Band,band UNIFICADO out dez 2023 jan fev 2024.xls,Relatorio_UBEM,MELHOR DA NOITE,2023-12-19,,,,NORTHERN LIGHTS,J GIAQUINTA,TAKETONES,0.0,,73.2431,,,,,73243100,732431
Band,band UNIFICADO out dez 2023 jan fev 2024.xls,Relatorio_UBEM,MELHOR DA NOITE,2023-12-19,,,,COCO DO INSTANTE,PABLO RAVI MARACCOLO LIMA,PE DE CERRADO,0.0,,73.2431,,,,,73243100,732431
Band,band UNIFICADO out dez 2023 jan fev 2024.xls,Relatorio_UBEM,MELHOR DA NOITE,2023-12-19,,,,AGUA DE COCO,MARCOS VALLE / PAULO SERGIO VALLE,EMILIO SANTIAGO,0.0,,73.2431,,,,,73243100,732431
Band,band UNIFICADO out dez 2023 jan fev 2024.xls,Relatorio_UBEM,MELHOR DA NOITE,2023-12-19,,,,JINGLE BELLS,D P,NATAL DE CAVAQUINHO/ SERGIO CHIAVAZZOLI,0.0,,73.2431,,,,,73243100,732431
Band,band UNIFICADO out dez 2023 jan fev 2024.xls,Relatorio_UBEM,MELHOR DA NOITE,2023-12-19,,,,DERRETE A ALIANCA,RODRIGO REYS/WILLIAN SANTOS,ZE NETO E CRISTIANO,0.0,,73.2431,,,,,73243100,732431
Band,band UNIFICADO out dez 2023 jan fev 2024.xls,Relatorio_UBEM,MELHOR DA NOITE,2023-12-19,,,,SNEAKY PIZZICATO,EITAN EPSTEIN,EITAN EPSTEIN MUSIC,0.0,,73.2431,,,,,73243100,732431
Band,band UNIFICADO out dez 2023 jan fev 2024.xls,Relatorio_UBEM,MELHOR DA NOITE,2023-12-19,,,,FREVO DO BI,BRAZ MARQUES/ DIOGENES BEZERRA,JACKSON DO PANDEIRO,0.0,,73.2431,,,,,73243100,732431
Band,band UNIFICADO out dez 2023 jan fev 2024.xls,Relatorio_UBEM,MELHOR DA NOITE,2023-12-19,,,,BOLA PRA FRENTE,ALBERTO LUIZ/ AMELIA MEIRELLES,CONJUNTO TERRA DE SANTA CRUZ,0.0,,73.2431,,,,,73243100,732431
Band,band UNIFICADO out dez 2023 jan fev 2024.xls,Relatorio_UBEM,MELHOR DA NOITE,2023-12-20,,,,BELLA CIAO,DOMINIO POPULAR,THIAGO ARANCAM,0.0,,52.3166,,,,,52316600,523166
Band,band UNIFICADO out dez 2023 jan fev 2024.xls,Relatorio_UBEM,MELHOR DA NOITE,2023-12-20,,,,HALLELUJAH,LEONARD COHEN,THIAGO ARANCAM,0.0,,52.3166,,,,,52316600,523166
Band,band UNIFICADO out dez 2023 jan fev 2024.xls,Relatorio_UBEM,MELHOR DA NOITE,2023-12-20,,,,MY WAY,CLAUDE FRANCOIS / GILLES THIBAUT / PAUL ANKA /JACQUES REVAUX,THIAGO ARANCAM,0.0,,52.3166,,,,,52316600,523166
Band,band UNIFICADO out dez 2023 jan fev 2024.xls,Relatorio_UBEM,MELHOR DA NOITE,2023-12-20,,,,NEW YORK NEW YORK,FRED EBB / JOHN KANDER,THIAGO ARANCAM,0.0,,52.3166,,,,,52316600,523166
Band,band UNIFICADO out dez 2023 jan fev 2024.xls,Relatorio_UBEM,MELHOR DA NOITE,2023-12-20,,,,MARANHAO MEU TESOURO MEU TORRAO,HUMBERTO MARACANA,ALCIONE,0.0,,73.2431,,,,,73243100,732431
Band,band UNIFICADO out dez 2023 jan fev 2024.xls,Relatorio_UBEM,MELHOR DA NOITE,2023-12-20,,,,REVOADA,BRUNO OLIVIERI/ LUÍSA PITTA,TUKUM,0.0,,73.2431,,,,,73243100,732431
Band,band UNIFICADO out dez 2023 jan fev 2024.xls,Relatorio_UBEM,MELHOR DA NOITE,2023-12-20,,,,CANTO PARA OXALÁ,RITA RENNEDITTO,RITA RENNEDITTO,0.0,,73.2431,,,,,73243100,732431
Band,band UNIFICADO out dez 2023 jan fev 2024.xls,Relatorio_UBEM,MELHOR DA NOITE,2023-12-20,,,,TAXI LUNAR,ALCEU VALENCA / GERALDO AZEVEDO / ZE RAMALHO,ZE RAMALHO,0.0,,73.2431,,,,,73243100,732431
Band,band UNIFICADO out dez 2023 jan fev 2024.xls,Relatorio_UBEM,MELHOR DA NOITE,2023-12-20,,,,CONTO DE AREIA,ROMILDO / TONINHO,CLARA NUNES,0.0,,73.2431,,,,,73243100,732431
Band,band UNIFICADO out dez 2023 jan fev 2024.xls,Relatorio_UBEM,MELHOR DA NOITE,2023-12-20,,,,PESCADOR,SERGIO CASSIANO,MESTRE AMBROSIO,0.0,,73.2431,,,,,73243100,732431
Band,band UNIFICADO out dez 2023 jan fev 2024.xls,Relatorio_UBEM,MELHOR DA NOITE,2023-12-20,,,,O COCO DO COCO,ALDIR BLANCGUINGA,LEILA PINHEIRO,0.0,,73.2431,,,,,73243100,732431
Band,band UNIFICADO out dez 2023 jan fev 2024.xls,Relatorio_UBEM,MELHOR DA NOITE,2023-12-20,,,,BANANEIRA LADEIRA,CACURIA DE DONA TETE,CACURIA DE DONA TETE,0.0,,73.2431,,,,,73243100,732431
Band,band UNIFICADO out dez 2023 jan fev 2024.xls,Relatorio_UBEM,MELHOR DA NOITE,2023-12-21,,,,ESTRELAR,MARCOS VALLE / PAULO SÉRGIO VALLE / LEON WARE,A MELHOR BANDA DA NOITE,0.0,,52.3166,,,,,52316600,523166
Band,band UNIFICADO out dez 2023 jan fev 2024.xls,Relatorio_UBEM,MELHOR DA NOITE,2023-12-21,,,,SEXY IEMANJA,LUIS OLIVEIRA / PEDRO GOMES,A MELHOR BANDA DA NOITE,0.0,,52.3166,,,,,52316600,523166
Band,band UNIFICADO out dez 2023 jan fev 2024.xls,Relatorio_UBEM,MELHOR DA NOITE,2023-12-21,,,,SUPER DUPER LOVE,WILLIE GARNER,A MELHOR BANDA DA NOITE,0.0,,52.3166,,,,,52316600,523166
Band,band UNIFICADO out dez 2023 jan fev 2024.xls,Relatorio_UBEM,MELHOR DA NOITE,2023-12-21,,,,THEME FROM MISSION IMPOSSIBLE,ADAM CLAYTON/ LARRY MULLEN,ADAM CLAYTON/ LARRY MULLEN,0.0,,73.2431,,,,,73243100,732431
Band,band UNIFICADO out dez 2023 jan fev 2024.xls,Relatorio_UBEM,MELHOR DA NOITE,2023-12-21,,,,ALL I WANT FOR CHRISTMAS IS YOU,MARIAH CAREY / ELLIS WILLIAMS / WALTER AFANASIEFF / ROBERT ALLEN / RALF HUETTER / JOHN ROBIE / EMIL SCHULT / ARTHUR BAKER / AFRIKA BAMBAATAA / AASIM BEY BAMBAATAA,MARIAH CAREY,0.0,,73.2431,,,,,73243100,732431
Band,band UNIFICADO out dez 2023 jan fev 2024.xls,Relatorio_UBEM,MELHOR DA NOITE,2023-12-21,,,,I BELIEVE I CAN FLY                               ,R KELLY,R KELLY,0.0,,73.2431,,,,,73243100,732431
Band,band UNIFICADO out dez 2023 jan fev 2024.xls,Relatorio_UBEM,MELHOR DA NOITE,2023-12-21,,,,X MEN EVOLUTION THEME,WILLIAM KEVIN ANDERSON,RONALD AARON WASSERMAN,0.0,,73.2431,,,,,73243100,732431
Band,band UNIFICADO out dez 2023 jan fev 2024.xls,Relatorio_UBEM,MELHOR DA NOITE,2023-12-21,,,,ROCKABYE BABY LULLABY,ALF SCHUMACHER / DALIBOR MENICANIN E KIRINE SCHUMACHER,LEIGHA MARINA,0.0,,73.2431,,,,,73243100,732431
Band,band UNIFICADO out dez 2023 jan fev 2024.xls,Relatorio_UBEM,MELHOR DA NOITE,2023-12-21,,,,SHY,DANELLE LEVERETT / JAI WAETFORD / RUNE WESTBERG,NIGHTCORE REALITY,0.0,,73.2431,,,,,73243100,732431
Band,band UNIFICADO out dez 2023 jan fev 2024.xls,Relatorio_UBEM,MELHOR DA NOITE,2023-12-21,,,,NAO PARE NA PISTA,RAUL SEIXAS,RAUL SEIXAS,0.0,,73.2431,,,,,73243100,732431
Band,band UNIFICADO out dez 2023 jan fev 2024.xls,Relatorio_UBEM,MELHOR DA NOITE,2023-12-21,,,,NOITE FELIZ,FRANZ XAVER GRUBER / JOSEPH MOHR,FILTER,0.0,,73.2431,,,,,73243100,732431
Band,band UNIFICADO out dez 2023 jan fev 2024.xls,Relatorio_UBEM,MELHOR DA NOITE,2023-12-21,,,,WE WISH YOU A MERRY CHRISTMAS,ART HARRIS,DJ DOBO,0.0,,73.2431,,,,,73243100,732431
Band,band UNIFICADO out dez 2023 jan fev 2024.xls,Relatorio_UBEM,MELHOR DA NOITE,2023-12-21,,,,JINGLE BELL ROCK,BEAL JOSEPH CARLETON / BOOTHE JAMES ROSS,BOBBY HELMS,0.0,,73.2431,,,,,73243100,732431
Band,band UNIFICADO out dez 2023 jan fev 2024.xls,Relatorio_UBEM,MELHOR DA NOITE,2023-12-21,,,,CRAZY IN LOVE                                     ,BEYONCE KNOWLES/RICH HARRISON/SHAWN CARTER/EUGENE RECORD,BEYONCE / JAY Z,0.0,,104.6332,,,,,104633200,1046332
Band,band UNIFICADO out dez 2023 jan fev 2024.xls,Relatorio_UBEM,MELHOR DA NOITE,2023-12-21,,,,CRAZY IN LOVE                                     ,BEYONCE KNOWLES/RICH HARRISON/SHAWN CARTER/EUGENE RECORD,BEYONCE / JAY Z,0.0,,104.6332,,,,,104633200,1046332
Band,band UNIFICADO out dez 2023 jan fev 2024.xls,Relatorio_UBEM,MELHOR DA NOITE,2023-12-21,,,,TREPADEIRA,EMICIDA WILSON DAS NEVES,EMICIDA WILSON DAS NEVES,0.0,,73.2431,,,,,73243100,732431
Band,band UNIFICADO out dez 2023 jan fev 2024.xls,Relatorio_UBEM,MELHOR DA NOITE,2023-12-21,,,,DERPY TECHNO BIRDS,CHRISTIAN M KROGSVOLD,WATERFLAME,0.0,,73.2431,,,,,73243100,732431
Band,band UNIFICADO out dez 2023 jan fev 2024.xls,Relatorio_UBEM,MELHOR DA NOITE,2023-12-21,,,,FLASHDANCE WHAT A FEELING,GIORGIO MORODERI / CARAK FORSEY,IRENE CARA,0.0,,73.2431,,,,,73243100,732431
Band,band UNIFICADO out dez 2023 jan fev 2024.xls,Relatorio_UBEM,MELHOR DA NOITE,2023-12-21,,,,THE SIMS SOUNDTRACK_ BUY MODE 1,JERRY MARTIN MARC RUSSO,JERRY MARTIN MARC RUSSO,0.0,,73.2431,,,,,73243100,732431
Band,band UNIFICADO out dez 2023 jan fev 2024.xls,Relatorio_UBEM,MELHOR DA NOITE,2023-12-21,,,,NEW WHIRLED SYMPHONY,JULIE BERNSTEIN / STEVE BERNSTEIN,ANIMANIACS,0.0,,73.2431,,,,,73243100,732431
Band,band UNIFICADO out dez 2023 jan fev 2024.xls,Relatorio_UBEM,MELHOR DA NOITE,2023-12-21,,,,BOSSATROPOLIS,JOSE ANTONIO,JOSE ANTONIO,0.0,,73.2431,,,,,73243100,732431
Band,band UNIFICADO out dez 2023 jan fev 2024.xls,Relatorio_UBEM,MELHOR DA NOITE,2023-12-22,,,,40 GRAUS,TWISTER,TWISTER,0.0,,73.2431,,,,,73243100,732431
Band,band UNIFICADO out dez 2023 jan fev 2024.xls,Relatorio_UBEM,MELHOR DA NOITE,2023-12-22,,,,WE ARE THE CHAMPIONS,FREDDIE MERCURY,QUEEN,0.0,,73.2431,,,,,73243100,732431
Band,band UNIFICADO out dez 2023 jan fev 2024.xls,Relatorio_UBEM,MELHOR DA NOITE,2023-12-22,,,,VEM DANCAR COM TUDO,ROBSON MOURA E LINO KRIZZ,Banda Latinos,0.0,,73.2431,,,,,73243100,732431
Band,band UNIFICADO out dez 2023 jan fev 2024.xls,Relatorio_UBEM,MELHOR DA NOITE,2023-12-22,,,,RIO 40 GRAUS,FERNANDA ABREU/ FAUSTO FAWCETT / CARLOS LAUFER,FERNANDA ABREU,0.0,,104.6332,,,,,104633200,1046332
Band,band UNIFICADO out dez 2023 jan fev 2024.xls,Relatorio_UBEM,MELHOR DA NOITE,2023-12-22,,,,S DE SAUDADE,GABRIEL ANGELO FURTADO DE OLIVEIRA / LUCAS FERNANDO MARTINS / MARCOS GABRIEL AGRA LEONIS,LUIZA MARTINS,0.0,,52.3166,,,,,52316600,523166
Band,band UNIFICADO out dez 2023 jan fev 2024.xls,Relatorio_UBEM,MELHOR DA NOITE,2023-12-22,,,,EVIDENCIAS,PAULO SERGIO KOSTENBADER VALLE / JOSE AUGUSTO COUGIL,LUIZA MARTINS,0.0,,52.3166,,,,,52316600,523166
Band,band UNIFICADO out dez 2023 jan fev 2024.xls,Relatorio_UBEM,MELHOR DA NOITE,2023-12-22,,,,CE NÃO ME SUPEROU,FELIPE VIANA / JULIANO COUTO / WALLAS DIAS / HUGO HENRIQUE,LUIZA MARTINS,0.0,,52.3166,,,,,52316600,523166
Band,band UNIFICADO out dez 2023 jan fev 2024.xls,Relatorio_UBEM,MELHOR DA NOITE,2023-12-22,,,,VOCE ME VIRA A CABECA,CHICO ROQUE / PAULO SÉRGIO VALLE,LUIZA MARTINS,0.0,,52.3166,,,,,52316600,523166
Band,band UNIFICADO out dez 2023 jan fev 2024.xls,Relatorio_UBEM,MELHOR DA NOITE,2023-12-22,,,,CENA ENGRACADA E INUSITADA,MARRONY CARDOSO DA SILVA,HARMONICOHCO,0.0,,73.2431,,,,,73243100,732431
Band,band UNIFICADO out dez 2023 jan fev 2024.xls,Relatorio_UBEM,MELHOR DA NOITE,2023-12-22,,,,AUTOMOTIVO BIBI FOGOSA,BIBI BABYDOLL/ JORDAN FISH/ LEE DAVID MALIA/ OLIVER SYKES,BIBI BABYDOLL/ DJ BRUNIN XM/ KZA PRODUCOES,0.0,,73.2431,,,,,73243100,732431
Band,band UNIFICADO out dez 2023 jan fev 2024.xls,Relatorio_UBEM,MELHOR DA NOITE,2023-12-22,,,,SOCORRO DEUS,ANAYLE SULLIVAN/ MICHAEL SULLIVAN,ANAYLE SULLIVAN/ MICHAEL SULLIVAN,0.0,,73.2431,,,,,73243100,732431
Band,band UNIFICADO out dez 2023 jan fev 2024.xls,Relatorio_UBEM,MELHOR DA NOITE,2023-12-22,,,,CARINHO E RESPEITO,LUIZA MARTINS / RODRIGO COSTA / DANIEL RANGEL / IKARO ANDRADE / MARCELA MC GOWAN,LUIZA MARTINS,0.0,,52.3166,,,,,52316600,523166
Band,band UNIFICADO out dez 2023 jan fev 2024.xls,Relatorio_UBEM,MELHOR DA NOITE,2023-12-25,,,,ALLEGRO,ANTONIO VIVALDI,TAFELMUSIK,0.0,,73.2431,,,,,73243100,732431
Band,band UNIFICADO out dez 2023 jan fev 2024.xls,Relatorio_UBEM,MELHOR DA NOITE,2023-12-25,,,,ALL I WANT FOR CHRISTMAS IS YOU,MARIAH CAREY / ELLIS WILLIAMS / WALTER AFANASIEFF / ROBERT ALLEN / RALF HUETTER / JOHN ROBIE / EMIL SCHULT / ARTHUR BAKER / AFRIKA BAMBAATAA / AASIM BEY BAMBAATAA,MARIAH CAREY,0.0,,73.2431,,,,,73243100,732431
Band,band UNIFICADO out dez 2023 jan fev 2024.xls,Relatorio_UBEM,MELHOR DA NOITE,2023-12-25,,,,ENTAO E NATAL,JOHN LENNON / YOKO ONO,SIMONE,0.0,,73.2431,,,,,73243100,732431
Band,band UNIFICADO out dez 2023 jan fev 2024.xls,Relatorio_UBEM,MELHOR DA NOITE,2023-12-25,,,,LAST CHRISTMAS,GEORGE MICHAEL USA 2,WHAM,0.0,,73.2431,,,,,73243100,732431
Band,band UNIFICADO out dez 2023 jan fev 2024.xls,Relatorio_UBEM,MELHOR DA NOITE,2023-12-25,,,,JINGLE BELL ROCK,BEAL JOSEPH CARLETON / BOOTHE JAMES ROSS,DARYL HALL / JOHN OATES,0.0,,73.2431,,,,,73243100,732431
Band,band UNIFICADO out dez 2023 jan fev 2024.xls,Relatorio_UBEM,MELHOR DA NOITE,2023-12-25,,,,O CANTO DAS TRÊS RAÇAS,MAURO DUARTE / PAULO CÉSAR PINHEIRO//,ORQUESTRA MUNDANA REFU,0.0,,52.3166,,,,,52316600,523166
Band,band UNIFICADO out dez 2023 jan fev 2024.xls,Relatorio_UBEM,MELHOR DA NOITE,2023-12-25,,,,AMARELO,DJ DUH / EMICIDA / FELIPE VASSAO,EMICIDA / MAJUR / PABLLO VITTAR,0.0,,73.2431,,,,,73243100,732431
Band,band UNIFICADO out dez 2023 jan fev 2024.xls,Relatorio_UBEM,MELHOR DA NOITE,2023-12-25,,,,AQUI A MAGIA E REAL,GEMELO CREATIVE / RICARDO BERTOLUCCI REGINATO,NATAL LUZ DE GRAMADO,0.0,,73.2431,,,,,73243100,732431
Band,band UNIFICADO out dez 2023 jan fev 2024.xls,Relatorio_UBEM,MELHOR DA NOITE,2023-12-25,,,,CHRISTMAS WRAPPING,CHRISTOPHER BUTLER,SPICE GIRLS,0.0,,73.2431,,,,,73243100,732431
Band,band UNIFICADO out dez 2023 jan fev 2024.xls,Relatorio_UBEM,MELHOR DA NOITE,2023-12-25,,,,OOMPA LOOMPA,ANTHONY NEWLEY / LESLIE BRICUSSE,HUGH GRANT / JEREMY HOLLAND SMITH / TIMOTHEE CHALAMET,0.0,,73.2431,,,,,73243100,732431
Band,band UNIFICADO out dez 2023 jan fev 2024.xls,Relatorio_UBEM,MELHOR DA NOITE,2023-12-25,,,,VESPERA DE NATAL,ADONIRAN BARBOSA,ADONIRAN BARBOSA,0.0,,73.2431,,,,,73243100,732431
Band,band UNIFICADO out dez 2023 jan fev 2024.xls,Relatorio_UBEM,MELHOR DA NOITE,2023-12-25,,,,CHRISTMAS ALL OVER AGAIN,TOM PETTY,TOM PETTY AND THE HEARTBREAKERS,0.0,,73.2431,,,,,73243100,732431
Band,band UNIFICADO out dez 2023 jan fev 2024.xls,Relatorio_UBEM,MELHOR DA NOITE,2023-12-25,,,,HAPPY SANTA,ROMAN DUDCHYK,ROMAN DUDCHYK,0.0,,73.2431,,,,,73243100,732431
Band,band UNIFICADO out dez 2023 jan fev 2024.xls,Relatorio_UBEM,MELHOR DA NOITE,2023-12-25,,,,AWKWARD,DAVID RENDA,DAVID RENDA,0.0,,73.2431,,,,,73243100,732431
Band,band UNIFICADO out dez 2023 jan fev 2024.xls,Relatorio_UBEM,MELHOR DA NOITE,2023-12-25,,,,FELIZ NAVIDAD,JOSE FELICIANO,JOSE FELICIANO,0.0,,73.2431,,,,,73243100,732431
Band,band UNIFICADO out dez 2023 jan fev 2024.xls,Relatorio_UBEM,MELHOR DA NOITE,2023-12-25,,,,MUNGU DE CA,LOKUA KANZA / CARLINHOS ANTUNES,ORQUESTRA MUNDANA REFU,0.0,,52.3166,,,,,52316600,523166
Band,band UNIFICADO out dez 2023 jan fev 2024.xls,Relatorio_UBEM,MELHOR DA NOITE,2023-12-25,,,,MALE BETULIA,TRADICIONAL MEXICANA,ORQUESTRA MUNDANA REFU,0.0,,52.3166,,,,,52316600,523166
Band,band UNIFICADO out dez 2023 jan fev 2024.xls,Relatorio_UBEM,MELHOR DA NOITE,2023-12-25,,,,ORACION DEL REMANSO,JORGE FANDERMOLE,ORQUESTRA MUNDANA REFU,0.0,,52.3166,,,,,52316600,523166
Band,band UNIFICADO out dez 2023 jan fev 2024.xls,Relatorio_UBEM,MELHOR DA NOITE,2023-12-25,,,,AYACUCHO,CARLINHOS ANTUNES,ORQUESTRA MUNDANA REFU,0.0,,52.3166,,,,,52316600,523166
Band,band UNIFICADO out dez 2023 jan fev 2024.xls,Relatorio_UBEM,MELHOR DA NOITE,2023-12-25,,,,SOMBRAS DA ROMAZEIRA,CARLINHOS ANTUNES,ORQUESTRA MUNDANA REFU,0.0,,52.3166,,,,,52316600,523166
Band,band UNIFICADO out dez 2023 jan fev 2024.xls,Relatorio_UBEM,MELHOR DA NOITE,2023-12-26,,,,BLANK SPACE,MARTIN KARL SANDBERG / JOHAN KARL SCHUSTER / TAYLOR ALISON SWIFT,TAYLOR SWIFT,0.0,,73.2431,,,,,73243100,732431
Band,band UNIFICADO out dez 2023 jan fev 2024.xls,Relatorio_UBEM,MELHOR DA NOITE,2023-12-26,,,,MADE YOU LOOK,MEGHAN TRAINOR ,MEGHAN TRAINOR,0.0,,73.2431,,,,,73243100,732431
Band,band UNIFICADO out dez 2023 jan fev 2024.xls,Relatorio_UBEM,MELHOR DA NOITE,2023-12-26,,,,WHAT I GOT,SUBLIME,SUBLIME,0.0,,73.2431,,,,,73243100,732431
Band,band UNIFICADO out dez 2023 jan fev 2024.xls,Relatorio_UBEM,MELHOR DA NOITE,2023-12-26,,,,WE ARE THE CHAMPIONS,FREDDIE MERCURY,QUEEN,0.0,,73.2431,,,,,73243100,732431
Band,band UNIFICADO out dez 2023 jan fev 2024.xls,Relatorio_UBEM,MELHOR DA NOITE,2023-12-26,,,,ESTATUA,É O TCHAN,E O TCHAN,0.0,,73.2431,,,,,73243100,732431
Band,band UNIFICADO out dez 2023 jan fev 2024.xls,Relatorio_UBEM,MELHOR DA NOITE,2023-12-26,,,,MOVES LIKE JAGGER,"ADAM LEVINE, AMMAR MALIK, BEJAMIN LEVIN, JOHAN SCHUSTER",MAROON 5 / CHRISTINA AGUILERA,0.0,,73.2431,,,,,73243100,732431
Band,band UNIFICADO out dez 2023 jan fev 2024.xls,Relatorio_UBEM,MELHOR DA NOITE,2023-12-26,,,,FUNNY SONG,BEN SOUND,BEN SOUND,0.0,,73.2431,,,,,73243100,732431
Band,band UNIFICADO out dez 2023 jan fev 2024.xls,Relatorio_UBEM,MELHOR DA NOITE,2023-12-26,,,,FUNKYTOWN,LIPPS INC,LIPPS INC,0.0,,73.2431,,,,,73243100,732431
Band,band UNIFICADO out dez 2023 jan fev 2024.xls,Relatorio_UBEM,MELHOR DA NOITE,2023-12-26,,,,FOREVER BY YOUR SIDE,L GOTTLEB / M BLATTE,VANESSA JACKSON,0.0,,52.3166,,,,,52316600,523166
Band,band UNIFICADO out dez 2023 jan fev 2024.xls,Relatorio_UBEM,MELHOR DA NOITE,2023-12-26,,,,LIVING INSIDE MYSELF,GINO VANNELLI,VANESSA JACKSON,0.0,,52.3166,,,,,52316600,523166
Band,band UNIFICADO out dez 2023 jan fev 2024.xls,Relatorio_UBEM,MELHOR DA NOITE,2023-12-26,,,,FASHION,GIORGIO TUINFORT / DAVID GUETTA / LADY GAGA / PAUL DJ WHITE SHADOW BLAIR / WILLIAM ADAMS,LADY GAGA,0.0,,73.2431,,,,,73243100,732431
Band,band UNIFICADO out dez 2023 jan fev 2024.xls,Relatorio_UBEM,MELHOR DA NOITE,2023-12-26,,,,SOU REBELDE SOY REBELDE,M ALEJANDRO / PAULO COELHO,LILIAN/,0.0,,73.2431,,,,,73243100,732431
Band,band UNIFICADO out dez 2023 jan fev 2024.xls,Relatorio_UBEM,MELHOR DA NOITE,2023-12-26,,,,AFTER THE LOVE HAS GONE,BILL CHAMPLIN / DAVID FOSTER / JAY GRAYDON,VANESSA JACKSON,0.0,,52.3166,,,,,52316600,523166
Band,band UNIFICADO out dez 2023 jan fev 2024.xls,Relatorio_UBEM,MELHOR DA NOITE,2023-12-26,,,,JEITO DE AMAR,ALEXANDRE MARROM,VANESSA JACKSON,0.0,,52.3166,,,,,52316600,523166
Band,band UNIFICADO out dez 2023 jan fev 2024.xls,Relatorio_UBEM,MELHOR DA NOITE,2023-12-26,,,,JUST ONCE,BARRY MANN / CYNTHIA WELL,VANESSA JACKSON,0.0,,52.3166,,,,,52316600,523166
Band,band UNIFICADO out dez 2023 jan fev 2024.xls,Relatorio_UBEM,MELHOR DA NOITE,2023-12-26,,,,VOCE E O MEU AMOR,VERSAO DE BRIAN MCKNIGHT / VANESSA JACKSON,VANESSA JACKSON,0.0,,52.3166,,,,,52316600,523166
Band,band UNIFICADO out dez 2023 jan fev 2024.xls,Relatorio_UBEM,MELHOR DA NOITE,2023-12-26,,,,STYLE ,TAYLOR SWIFT / ALI PAYAMI / MAX MARTIN / SHELLBACK,TAYLOR SWIFT,0.0,,73.2431,,,,,73243100,732431
Band,band UNIFICADO out dez 2023 jan fev 2024.xls,Relatorio_UBEM,MELHOR DA NOITE,2023-12-26,,,,DANCA DAS GATINHAS,DJ MALUCO,BANDA FORRO DANCE E DJ MALUCO,0.0,,73.2431,,,,,73243100,732431
Band,band UNIFICADO out dez 2023 jan fev 2024.xls,Relatorio_UBEM,MELHOR DA NOITE,2023-12-27,,,,THE LAST OF US TRAILER,GUSTAVO SANTAOLALLA,GUSTAVO SANTAOLALLA,0.0,,73.2431,,,,,73243100,732431
Band,band UNIFICADO out dez 2023 jan fev 2024.xls,Relatorio_UBEM,MELHOR DA NOITE,2023-12-27,,,,SMOKE WEED EVERYDAY,SNOOP DOGG,SNOOP DOGG,0.0,,73.2431,,,,,73243100,732431
Band,band UNIFICADO out dez 2023 jan fev 2024.xls,Relatorio_UBEM,MELHOR DA NOITE,2023-12-27,,,,THIS IS HALLOWEEN,DANNY ELFMAN,CINCINNATI,0.0,,73.2431,,,,,73243100,732431
Band,band UNIFICADO out dez 2023 jan fev 2024.xls,Relatorio_UBEM,MELHOR DA NOITE,2023-12-27,,,,THRILLER //,ROD TEMPERTON,MICHAEL JACKSON,0.0,,73.2431,,,,,73243100,732431
Band,band UNIFICADO out dez 2023 jan fev 2024.xls,Relatorio_UBEM,MELHOR DA NOITE,2023-12-27,,,,ME ASSUME OU ME ESQUECE,ALAN LUIZ IGNACIO DE LIMA / SUEL,SUEL,0.0,,52.3166,,,,,52316600,523166
Band,band UNIFICADO out dez 2023 jan fev 2024.xls,Relatorio_UBEM,MELHOR DA NOITE,2023-12-27,,,,TRÊS PALAVRAS,SUEL / ALLAN LIMA,SUEL,0.0,,52.3166,,,,,52316600,523166
Band,band UNIFICADO out dez 2023 jan fev 2024.xls,Relatorio_UBEM,MELHOR DA NOITE,2023-12-27,,,,O AZAR E SEU,ALLAN LIMA / SUEL,SUEL,0.0,,52.3166,,,,,52316600,523166
Band,band UNIFICADO out dez 2023 jan fev 2024.xls,Relatorio_UBEM,MELHOR DA NOITE,2023-12-27,,,,NO MESMO TRAVESSEIRO,ALLAN LIMA / SUEL,SUEL,0.0,,52.3166,,,,,52316600,523166
Band,band UNIFICADO out dez 2023 jan fev 2024.xls,Relatorio_UBEM,MELHOR DA NOITE,2023-12-27,,,,PRETEXTO,ALLAN LIMA / SUEL,SUEL,0.0,,52.3166,,,,,52316600,523166
Band,band UNIFICADO out dez 2023 jan fev 2024.xls,Relatorio_UBEM,MELHOR DA NOITE,2023-12-27,,,,DONA DE MIM,ARTHUR MARQUES,IZA,0.0,,73.2431,,,,,73243100,732431
Band,band UNIFICADO out dez 2023 jan fev 2024.xls,Relatorio_UBEM,MELHOR DA NOITE,2023-12-27,,,,DANCA DA MAOZINHA,MARCELO MENEZES,TCHAKABUM,0.0,,73.2431,,,,,73243100,732431
Band,band UNIFICADO out dez 2023 jan fev 2024.xls,Relatorio_UBEM,MELHOR DA NOITE,2023-12-27,,,,REBELDE,MAX DI CARMO / CARLOS LARA GALVAN,RBD,0.0,,73.2431,,,,,73243100,732431
Band,band UNIFICADO out dez 2023 jan fev 2024.xls,Relatorio_UBEM,MELHOR DA NOITE,2023-12-27,,,,CIRANDA CIRANDINHA,PAULO TAPAJOS,CIDINHO E DOCA,0.0,,73.2431,,,,,73243100,732431
Band,band UNIFICADO out dez 2023 jan fev 2024.xls,Relatorio_UBEM,MELHOR DA NOITE,2023-12-27,,,,PIUÍ ABACAXI,PATATI PATATÁ/,PATATI PATATA,0.0,,73.2431,,,,,73243100,732431
Band,band UNIFICADO out dez 2023 jan fev 2024.xls,Relatorio_UBEM,MELHOR DA NOITE,2023-12-27,,,,OMBRIM AI QUE DELICIA O VERAO,MARINA SENA / CHICAO DO PISEIRO / RONI BRUNO MTS NO BEAT,MARINA SENA / CHICAO DO PISEIRO / RONI BRUNO MTS NO BEAT,0.0,,73.2431,,,,,73243100,732431
Band,band UNIFICADO out dez 2023 jan fev 2024.xls,Relatorio_UBEM,MELHOR DA NOITE,2023-12-28,,,,PONTO DE ÔNIBUS,ULTRAJE A RIGOR,ULTRAJE A RIGOR                    ,0.0,,73.2431,,,,,73243100,732431
Band,band UNIFICADO out dez 2023 jan fev 2024.xls,Relatorio_UBEM,MELHOR DA NOITE,2023-12-28,,,,JE T'AIME MOI NON PLUS,SERGE GAINSBOURG,JANE BIRKIN ET SERGE GAINSBOURG,0.0,,73.2431,,,,,73243100,732431
Band,band UNIFICADO out dez 2023 jan fev 2024.xls,Relatorio_UBEM,MELHOR DA NOITE,2023-12-28,,,,SWEET FREEDOM,ROD TEMPERTON,MICHAEL MCDONALD,0.0,,73.2431,,,,,73243100,732431
Band,band UNIFICADO out dez 2023 jan fev 2024.xls,Relatorio_UBEM,MELHOR DA NOITE,2023-12-28,,,,YEARNING,RAUL FERRANDO,RAUL FERRANDO E FATHI ALJARAH,0.0,,73.2431,,,,,73243100,732431
Band,band UNIFICADO out dez 2023 jan fev 2024.xls,Relatorio_UBEM,MELHOR DA NOITE,2023-12-28,,,,MUSICA PARA DANCA DO VENTRE 149,CINTHYA HAYKA,CINTHYA HAYKA,0.0,,73.2431,,,,,73243100,732431
Band,band UNIFICADO out dez 2023 jan fev 2024.xls,Relatorio_UBEM,MELHOR DA NOITE,2023-12-28,,,,BRINCADEIRA DE CRIANCA                 ,DÉLCIO LUIZ/WAGNER BASTOS,GRUPO MOLEJO,0.0,,73.2431,,,,,73243100,732431
Band,band UNIFICADO out dez 2023 jan fev 2024.xls,Relatorio_UBEM,MELHOR DA NOITE,2023-12-28,,,,CONVERSA DE BOTEQUIM,NOEL ROSA / VADICO / FRANCISCO ALVES,NOEL ROSA,0.0,,73.2431,,,,,73243100,732431
Band,band UNIFICADO out dez 2023 jan fev 2024.xls,Relatorio_UBEM,MELHOR DA NOITE,2023-12-28,,,,BUZZ LIGHTYEAR MAIN THEME,MICHAEL GIACCHINO,MICHAEL GIACCHINO,0.0,,73.2431,,,,,73243100,732431
Band,band UNIFICADO out dez 2023 jan fev 2024.xls,Relatorio_UBEM,MELHOR DA NOITE,2023-12-28,,,,ALSO SPRACH ZARATHUSTRA,RICHARD STRAUSS,ORQUESTRA FILARMONICA DE VIENA,0.0,,73.2431,,,,,73243100,732431
Band,band UNIFICADO out dez 2023 jan fev 2024.xls,Relatorio_UBEM,MELHOR DA NOITE,2023-12-28,,,,O ONIBUS,AMADO BATISTA / REGINALDO SODRE      ,AMADO BATISTA                      ,0.0,,73.2431,,,,,73243100,732431
Band,band UNIFICADO out dez 2023 jan fev 2024.xls,Relatorio_UBEM,MELHOR DA NOITE,2023-12-28,,,,MOTORISTA DE ONIBUS,JOSE BARTH,JOSE BARTH,0.0,,73.2431,,,,,73243100,732431
Band,band UNIFICADO out dez 2023 jan fev 2024.xls,Relatorio_UBEM,MELHOR DA NOITE,2023-12-28,,,,COM O RADIO LIGADO,SERGIO MIELNICZENKO,RADIO TAXI,0.0,,73.2431,,,,,73243100,732431
Band,band UNIFICADO out dez 2023 jan fev 2024.xls,Relatorio_UBEM,MELHOR DA NOITE,2023-12-28,,,,STARMAN THE MARTIAN,DAVID BOWIE,DAVID BOWIE,0.0,,73.2431,,,,,73243100,732431
Band,band UNIFICADO out dez 2023 jan fev 2024.xls,Relatorio_UBEM,MELHOR DA NOITE,2023-12-28,,,,FOR BALES,BOBBY HORTON,BOBBY HORTON,0.0,,73.2431,,,,,73243100,732431
Band,band UNIFICADO out dez 2023 jan fev 2024.xls,Relatorio_UBEM,MELHOR DA NOITE,2023-12-28,,,,ROCKABYE BABY LULLABY,ALF SCHUMACHER / DALIBOR MENICANIN E KIRINE SCHUMACHER,LEIGHA MARINA,0.0,,73.2431,,,,,73243100,732431
Band,band UNIFICADO out dez 2023 jan fev 2024.xls,Relatorio_UBEM,MELHOR DA NOITE,2023-12-28,,,,GAME OF THRONES THEME,RAMIN DJAWADI,RAMIN DJAWADI,0.0,,73.2431,,,,,73243100,732431
Band,band UNIFICADO out dez 2023 jan fev 2024.xls,Relatorio_UBEM,MELHOR DA NOITE,2023-12-28,,,,SHY,DANELLE LEVERETT / JAI WAETFORD / RUNE WESTBERG,NIGHTCORE REALITY,0.0,,73.2431,,,,,73243100,732431
Band,band UNIFICADO out dez 2023 jan fev 2024.xls,Relatorio_UBEM,MELHOR DA NOITE,2023-12-28,,,,FUNNY SONG,BEN SOUND,BEN SOUND,0.0,,73.2431,,,,,73243100,732431
Band,band UNIFICADO out dez 2023 jan fev 2024.xls,Relatorio_UBEM,MELHOR DA NOITE,2023-12-28,,,,RISK,DENIS MAKSIMOV,STUDIOKOLOMNA,0.0,,73.2431,,,,,73243100,732431
Band,band UNIFICADO out dez 2023 jan fev 2024.xls,Relatorio_UBEM,MELHOR DA NOITE,2023-12-28,,,,MAKEBA,JAIN,JAIN,0.0,,73.2431,,,,,73243100,732431
Band,band UNIFICADO out dez 2023 jan fev 2024.xls,Relatorio_UBEM,MELHOR DA NOITE,2023-12-29,,,,NA CADENCIA DO SAMBA,LUIZ BANDEIRA,WALDIR CALMON / ORQUESTRA IDIOMA,0.0,,73.2431,,,,,73243100,732431
Band,band UNIFICADO out dez 2023 jan fev 2024.xls,Relatorio_UBEM,MELHOR DA NOITE,2023-12-29,,,,CANDY SHOP,SCOTT SPENCER STORCH / 50 CENT,50 CENT,0.0,,73.2431,,,,,73243100,732431
Band,band UNIFICADO out dez 2023 jan fev 2024.xls,Relatorio_UBEM,MELHOR DA NOITE,2023-12-29,,,,GAROTA DE IPANEMA,TOM JOBIM E VINICIUS DE MORAES,JOAO GILBERTO,0.0,,73.2431,,,,,73243100,732431
Band,band UNIFICADO out dez 2023 jan fev 2024.xls,Relatorio_UBEM,MELHOR DA NOITE,2023-12-29,,,,OVELHA NEGRA                                      ,RITA LEE,RITA LEE,0.0,,73.2431,,,,,73243100,732431
Band,band UNIFICADO out dez 2023 jan fev 2024.xls,Relatorio_UBEM,MELHOR DA NOITE,2023-12-29,,,,SOCORRO DEUS,ANAYLE SULLIVAN/ MICHAEL SULLIVAN,ANAYLE SULLIVAN/ MICHAEL SULLIVAN,0.0,,73.2431,,,,,73243100,732431
Band,band UNIFICADO out dez 2023 jan fev 2024.xls,Relatorio_UBEM,MELHOR DA NOITE,2023-12-29,,,,CAMISA 10,LUIZ AMERICO,LUIZ AMERICO,0.0,,73.2431,,,,,73243100,732431
Band,band UNIFICADO out dez 2023 jan fev 2024.xls,Relatorio_UBEM,MELHOR DA NOITE,2023-12-29,,,,PEARL MAIN TITLES,TYLER BATES E TIMOTHY WILLIAMS,GREG PRECHEL / TYLER BATES E TIMOTHY WILLIAMS,0.0,,73.2431,,,,,73243100,732431
Band,band UNIFICADO out dez 2023 jan fev 2024.xls,Relatorio_UBEM,PROGRAMA DO JOÂO,2023-10-21,,,,E TARDE DEMAIS,ELIAS MUNIZ / LUIZ CARLOS,SERIAL FUNKERS,747.38,,799.6966,,,,,799696600,7996966
Band,band UNIFICADO out dez 2023 jan fev 2024.xls,Relatorio_UBEM,PROGRAMA DO JOÂO,2023-10-21,,,,STAYIN ALIVE, BARRY GIBB / MAURICE GIBB / ROBIN GIBB,SERIAL FUNKERS,747.38,,799.6966,,,,,799696600,7996966
Band,band UNIFICADO out dez 2023 jan fev 2024.xls,Relatorio_UBEM,PROGRAMA DO JOÂO,2023-10-21,,,,GONNA MAKE YOU SWEAT,FREDERICK B WILLIAMS / ROBERT CLIVILLES,SERIAL FUNKERS,747.38,,799.6966,,,,,799696600,7996966
Band,band UNIFICADO out dez 2023 jan fev 2024.xls,Relatorio_UBEM,PROGRAMA DO JOÂO,2023-10-21,,,,WHO LET THE DOGS OUT,MICHAEL MANGINI / S GREENBERG,BAHA MEN,1494.76,,1599.3932,,,,,1599393200,15993932
Band,band UNIFICADO out dez 2023 jan fev 2024.xls,Relatorio_UBEM,PROGRAMA DO JOÂO,2023-10-21,,,,CHAMELEON,BERNIE TAUPIN / ELTON JOHN / B MAUPIN / H MASON / HERBIE HANCOCK / P JACKSON,SERIAL FUNKERS,747.38,,799.6966,,,,,799696600,7996966
Band,band UNIFICADO out dez 2023 jan fev 2024.xls,Relatorio_UBEM,PROGRAMA DO JOÂO,2023-10-21,,,,LOVE ME LIKE YOU DO,MAX MARTIN / SAVAN KOTECHA / ILYA SALMANZADEH / ALI PAYAMI / TOVE LO,ELLIE GOULDING,1046.33,,1119.57,,,,,111957,1120
Band,band UNIFICADO out dez 2023 jan fev 2024.xls,Relatorio_UBEM,PROGRAMA DO JOÂO,2023-10-21,,,,HINO DO CRUZEIRO,JADIR AMBROSIO,SERIAL FUNKERS,747.38,,799.6966,,,,,799696600,7996966
Band,band UNIFICADO out dez 2023 jan fev 2024.xls,Relatorio_UBEM,PROGRAMA DO JOÂO,2023-10-21,,,,BALLENA,PH / VEIGH / VULGO FK,RONALD DJ / MALIFOO,747.38,,799.6966,,,,,799696600,7996966
Band,band UNIFICADO out dez 2023 jan fev 2024.xls,Relatorio_UBEM,PROGRAMA DO JOÂO,2023-10-21,,,,ESPELHO,MC DAVI,RONALD DJ / MC DAVI,747.38,,799.6966,,,,,799696600,7996966
Band,band UNIFICADO out dez 2023 jan fev 2024.xls,Relatorio_UBEM,PROGRAMA DO JOÂO,2023-10-21,,,,BIPOLAR,MC DAVI / MC DON JUAN / MC PEDRINHO / DJ 900,RONALD DJ / MC DAVI,747.38,,799.6966,,,,,799696600,7996966
Band,band UNIFICADO out dez 2023 jan fev 2024.xls,Relatorio_UBEM,PROGRAMA DO JOÂO,2023-10-21,,,,RITA,TIERRY,TIERRY,1046.33,,1119.57,,,,,111957,1120
Band,band UNIFICADO out dez 2023 jan fev 2024.xls,Relatorio_UBEM,PROGRAMA DO JOÂO,2023-10-21,,,,ATRASADINHA,DIEGO BARAO / WYNNIE SANTOS NOGUEIRA / LEO BRANDAO,FELIPE ARAUJO,1046.33,,1119.57,,,,,111957,1120
Band,band UNIFICADO out dez 2023 jan fev 2024.xls,Relatorio_UBEM,PROGRAMA DO JOÂO,2023-10-21,,,,JOHNNY BE GOODE,CHUCK BERRY,SERIAL FUNKERS,3736.89,,3998.4723,,,,,3998472300,39984723
Band,band UNIFICADO out dez 2023 jan fev 2024.xls,Relatorio_UBEM,PROGRAMA DO JOÂO,2023-10-21,,,,HAPPY 1,CARLA MARIE / PHARRELL WILLIAMS,SERIAL FUNKERS,3736.89,,3998.4723,,,,,3998472300,39984723
Band,band UNIFICADO out dez 2023 jan fev 2024.xls,Relatorio_UBEM,PROGRAMA DO JOÂO,2023-10-21,,,,EU SEI DE COR,DANILLO DAVILLA/ ELCIO DI CARVALHO/ LARI FERREIRA/ JUNIOR PEPATO,TIERRY / FELIPE ARAUJO,747.38,,799.6966,,,,,799696600,7996966
Band,band UNIFICADO out dez 2023 jan fev 2024.xls,Relatorio_UBEM,PROGRAMA DO JOÂO,2023-10-21,,,,HACKEARAM ME,TIERRY,TIERRY,747.38,,799.6966,,,,,799696600,7996966
Band,band UNIFICADO out dez 2023 jan fev 2024.xls,Relatorio_UBEM,PROGRAMA DO JOÂO,2023-10-21,,,,RITA,TIERRY,TIERRY,747.38,,799.6966,,,,,799696600,7996966
Band,band UNIFICADO out dez 2023 jan fev 2024.xls,Relatorio_UBEM,PROGRAMA DO JOÂO,2023-10-21,,,,ESPACOSA DEMAIS,BRUNO MANDIOCA / ELVIS ELAN / HENRIQUE CASTRO,FELIPE ARAUJO,747.38,,799.6966,,,,,799696600,7996966
Band,band UNIFICADO out dez 2023 jan fev 2024.xls,Relatorio_UBEM,PROGRAMA DO JOÂO,2023-10-21,,,,CE NAO MERECE EU,DANIEL CANDIDO / EDU VALIM / KLEBIN / MURILO VENTURA / VICTOR REIS,FELIPE ARAUJO,747.38,,799.6966,,,,,799696600,7996966
Band,band UNIFICADO out dez 2023 jan fev 2024.xls,Relatorio_UBEM,PROGRAMA DO JOÂO,2023-10-21,,,,MEU AMOR ME BLOQUEOU,TIERRY,TIERRY,747.38,,799.6966,,,,,799696600,7996966
Band,band UNIFICADO out dez 2023 jan fev 2024.xls,Relatorio_UBEM,PROGRAMA DO JOÂO,2023-10-21,,,,EVIDENCIAS,PAULO SERGIO KOSTENBADER VALLE / JOSE AUGUSTO COUGIL,TIERRY / FELIPE ARAUJO,747.38,,799.6966,,,,,799696600,7996966
Band,band UNIFICADO out dez 2023 jan fev 2024.xls,Relatorio_UBEM,PROGRAMA DO JOÂO,2023-10-28,,,,GALINHA PINTADINHA,GALINHA PINTADINHA,CALOUROS,747.38,,799.6966,,,,,799696600,7996966
Band,band UNIFICADO out dez 2023 jan fev 2024.xls,Relatorio_UBEM,PROGRAMA DO JOÂO,2023-10-28,,,,ESQUEMA PREFERIDO,ADRIANO RENER VIEIRA DE OLIVEIRA / ANTONIO VALTER DAMIAO DA SILVA / FRANCISCO ANDERSON COELHO GARCIA / IVERSON DE SOUZA ARAUJO,OS BAROES DA PISADINHA,1494.76,,1599.3932,,,,,1599393200,15993932
Band,band UNIFICADO out dez 2023 jan fev 2024.xls,Relatorio_UBEM,PROGRAMA DO JOÂO,2023-10-28,,,,ESQUEMA PREFERIDO,ADRIANO RENER VIEIRA DE OLIVEIRA / ANTONIO VALTER DAMIAO DA SILVA / FRANCISCO ANDERSON COELHO GARCIA / IVERSON DE SOUZA ARAUJO,CALOUROS,747.38,,799.6966,,,,,799696600,7996966
Band,band UNIFICADO out dez 2023 jan fev 2024.xls,Relatorio_UBEM,PROGRAMA DO JOÂO,2023-10-28,,,,GALINHA PINTADINHA,GALINHA PINTADINHA,CALOUROS,747.38,,799.6966,,,,,799696600,7996966
Band,band UNIFICADO out dez 2023 jan fev 2024.xls,Relatorio_UBEM,PROGRAMA DO JOÂO,2023-10-28,,,,TIC TIC TAC,BRAULINO LIMA,CALOUROS,747.38,,799.6966,,,,,799696600,7996966
Band,band UNIFICADO out dez 2023 jan fev 2024.xls,Relatorio_UBEM,PROGRAMA DO JOÂO,2023-10-28,,,,VERMELHO ,CHICO DA SILVA,CALOUROS,747.38,,799.6966,,,,,799696600,7996966
Band,band UNIFICADO out dez 2023 jan fev 2024.xls,Relatorio_UBEM,PROGRAMA DO JOÂO,2023-10-28,,,,E O AMOR,ZEZE DI CAMARGO,CALOUROS,747.38,,799.6966,,,,,799696600,7996966
Band,band UNIFICADO out dez 2023 jan fev 2024.xls,Relatorio_UBEM,PROGRAMA DO JOÂO,2023-10-28,,,,AI VEM CHAVES,MARIO LUCIO DE FREITAS,CHAVES,1494.76,,1599.3932,,,,,1599393200,15993932
Band,band UNIFICADO out dez 2023 jan fev 2024.xls,Relatorio_UBEM,PROGRAMA DO JOÂO,2023-10-28,,,,ESSA TAL LIBERDADE,CHICO ROQUE / PAULO SERGIO VALLE,SERIAL FUNKERS,747.38,,799.6966,,,,,799696600,7996966
Band,band UNIFICADO out dez 2023 jan fev 2024.xls,Relatorio_UBEM,PROGRAMA DO JOÂO,2023-10-28,,,,O AMOR NAO DEIXA,CESAR LEMOS / FRANNE GOLDE / JASON DEERE / KASEY LIVINGSTON,WANESSA CAMARGO,747.38,,799.6966,,,,,799696600,7996966
Band,band UNIFICADO out dez 2023 jan fev 2024.xls,Relatorio_UBEM,PROGRAMA DO JOÂO,2023-10-28,,,,LUA CHEIA,AMANDA CORONHA / BIBI / MAYRA / WANESSA CAMARGO,WANESSA CAMARGO,747.38,,799.6966,,,,,799696600,7996966
Band,band UNIFICADO out dez 2023 jan fev 2024.xls,Relatorio_UBEM,PROGRAMA DO JOÂO,2023-10-28,,,,NAO RESISTO A NOS DOIS,CARLOS COLLA / MARCELAO /SERGIO KNUST / ZEH ENRIQUE,WANESSA CAMARGO,747.38,,799.6966,,,,,799696600,7996966
Band,band UNIFICADO out dez 2023 jan fev 2024.xls,Relatorio_UBEM,PROGRAMA DO JOÂO,2023-10-28,,,,AMAR AMEI,MC DON JUAN,MC DON JUAN,747.38,,799.6966,,,,,799696600,7996966
Band,band UNIFICADO out dez 2023 jan fev 2024.xls,Relatorio_UBEM,PROGRAMA DO JOÂO,2023-10-28,,,,CORACAO AMOLECEU,MC DON JUAN,MC DON JUAN,747.38,,799.6966,,,,,799696600,7996966
Band,band UNIFICADO out dez 2023 jan fev 2024.xls,Relatorio_UBEM,PROGRAMA DO JOÂO,2023-10-28,,,,BILLIE JEAN,MICHAEL JACKSON                    ,SERIAL FUNKERS,747.38,,799.6966,,,,,799696600,7996966
Band,band UNIFICADO out dez 2023 jan fev 2024.xls,Relatorio_UBEM,PROGRAMA DO JOÂO,2023-10-28,,,,DANCE QUEEN,BENNY ANDERSON / BJORN ULVAEUS / STIG ANDERSON,SERIAL FUNKERS,747.38,,799.6966,,,,,799696600,7996966
Band,band UNIFICADO out dez 2023 jan fev 2024.xls,Relatorio_UBEM,IGREJA UNIDA DEUS PROVERÁ,2023-10-30,,,,OS SONHOS DE DEUS,LUDMILA FERBER,MARCOS FELIPE,747.38,,747.38,,,,,74738,747
Band,band UNIFICADO out dez 2023 jan fev 2024.xls,Relatorio_UBEM,IGREJA UNIDA DEUS PROVERÁ,2023-10-30,,,,QUAO GRANDE E MEU DEUS,SORAYA MORAES,MARCOS FELIPE,747.38,,747.38,,,,,74738,747
Band,band UNIFICADO out dez 2023 jan fev 2024.xls,Relatorio_UBEM,IGREJA UNIDA DEUS PROVERÁ,2023-10-30,,,,DEPENDO DE TI,ALEX FILHO,MARCOS FELIPE,747.38,,747.38,,,,,74738,747
Band,band UNIFICADO out dez 2023 jan fev 2024.xls,Relatorio_UBEM,IGREJA UNIDA DEUS PROVERÁ,2023-10-31,,,,SOU UM MILAGRE,VOZ DA VERDADE,MARCOS FELIPE,747.38,,747.38,,,,,74738,747
Band,band UNIFICADO out dez 2023 jan fev 2024.xls,Relatorio_UBEM,IGREJA UNIDA DEUS PROVERÁ,2023-10-31,,,,ALEM DA MEDICINA,MARA LIMA,MARCOS FELIPE,747.38,,747.38,,,,,74738,747
Band,band UNIFICADO out dez 2023 jan fev 2024.xls,Relatorio_UBEM,IGREJA UNIDA DEUS PROVERÁ,2023-10-31,,,,AGUAS PURIFICADORAS,ANA PAULA VALADAO / ANDRE VALADAO / DIANTE DO TRONO,MARCOS FELIPE,747.38,,747.38,,,,,74738,747
Band,band UNIFICADO out dez 2023 jan fev 2024.xls,Relatorio_UBEM,BAND ESPORTE CLUBE,2024-02-03,,,,UM CEU UM SOL E UM MAR,NATIRUTS,NATIRUTS,0.0,,62.7795,,,,,62779500,627795
Band,band UNIFICADO out dez 2023 jan fev 2024.xls,Relatorio_UBEM,BAND ESPORTE CLUBE,2024-02-03,,,,SURFISTA DO LAGO PARANOA,ALEXANDRE CARLO,NATIRUTS,0.0,,62.7795,,,,,62779500,627795
Band,band UNIFICADO out dez 2023 jan fev 2024.xls,Relatorio_UBEM,BAND ESPORTE CLUBE,2024-02-03,,,,MENINO DO RIO,BABY DO BRASIL / DIDI GOMES / PEPEU GOMES,BABY CONSUELO / PEPEU GOMES,0.0,,62.7795,,,,,62779500,627795
Band,band UNIFICADO out dez 2023 jan fev 2024.xls,Relatorio_UBEM,BAND ESPORTE CLUBE,2024-02-03,,,,AMOR DE QUE,ARTHUR MAGNO SIMOES MARQUES / RODRIGO PEREIRA VILELA ANTUNES / PABLO LUIZ BISPO / ARTHUR PAMPOLIN GOMES / GUILHERME PEREIRA,PABLLO VITTAR,0.0,,62.7795,,,,,62779500,627795
Band,band UNIFICADO out dez 2023 jan fev 2024.xls,Relatorio_UBEM,BAND ESPORTE CLUBE,2024-02-03,,,,ROXY MUSIC,JONAZ SAMPAIO / LEO BREEDLOVE,VERONICA DECIDE MORRER,0.0,,62.7795,,,,,62779500,627795
Band,band UNIFICADO out dez 2023 jan fev 2024.xls,Relatorio_UBEM,BAND ESPORTE CLUBE,2024-02-03,,,,AMANHECER,GINO/ LIPE BADE/ SAM ALVES/ WILL,SAM ALVES,0.0,,62.7795,,,,,62779500,627795
Band,band UNIFICADO out dez 2023 jan fev 2024.xls,Relatorio_UBEM,BAND ESPORTE CLUBE,2024-02-03,,,,ONDA DO MAR,LEAL BRITO/ PAULO SOLEDADE,CATULO DE PAULA/ LEAL BRITO E SUA ORQUESTRA/ TRES MARIAS,0.0,,62.7795,,,,,62779500,627795
Band,band UNIFICADO out dez 2023 jan fev 2024.xls,Relatorio_UBEM,BAND ESPORTE CLUBE,2024-02-03,,,,CHEGA MAIS,MARCIO GREYCK,MISS LENE,0.0,,62.7795,,,,,62779500,627795
Band,band UNIFICADO out dez 2023 jan fev 2024.xls,Relatorio_UBEM,BAND ESPORTE CLUBE,2024-02-03,,,,NAO NAO VOU,JOTA REIS/ RAFAEL LEAL / VITINHO NO BEAT,MARI FERNANDEZ,0.0,,62.7795,,,,,62779500,627795
Band,band UNIFICADO out dez 2023 jan fev 2024.xls,Relatorio_UBEM,BAND ESPORTE CLUBE,2024-02-03,,,,CABELEIRA DE CAPIM,GERO CAMILO/ TATA FERNANDES,GERO CAMILO,0.0,,62.7795,,,,,62779500,627795
Band,band UNIFICADO out dez 2023 jan fev 2024.xls,Relatorio_UBEM,BAND ESPORTE CLUBE,2024-02-03,,,,IDEM,GUI PRADO/ RAYANE SANTOS/ RODRIGO REYS,MATHEUS FERNANDES ,0.0,,62.7795,,,,,62779500,627795
Band,band UNIFICADO out dez 2023 jan fev 2024.xls,Relatorio_UBEM,BAND ESPORTE CLUBE,2024-02-03,,,,VAI VIVER,JUNIOR GOMES/ LUCAS MEDEIROS/ SHYLTON FERNANDES/ VITTINHO NO BEAT,MARI FERNANDEZ,0.0,,62.7795,,,,,62779500,627795
Band,band UNIFICADO out dez 2023 jan fev 2024.xls,Relatorio_UBEM,BAND ESPORTE CLUBE,2024-02-03,,,,ST DENIS CEARA FEAT MONA GADELHA PANAPHONIC REMIX,MONA GADELHA,MONA GADELHA/ PANAPHONIC,0.0,,62.7795,,,,,62779500,627795
Band,band UNIFICADO out dez 2023 jan fev 2024.xls,Relatorio_UBEM,BAND ESPORTE CLUBE,2024-02-03,,,,SEREI LUZ,THIAGUINHO/ VINICIUS FEYJAO,NATIRUTS/ THIAGUINHO,0.0,,62.7795,,,,,62779500,627795
Band,band UNIFICADO out dez 2023 jan fev 2024.xls,Relatorio_UBEM,BAND ESPORTE CLUBE,2024-02-03,,,,BAIANIDADE NAGO,EVANDRO RODRIGUES,BAMDAMEL,0.0,,62.7795,,,,,62779500,627795
Band,band UNIFICADO out dez 2023 jan fev 2024.xls,Relatorio_UBEM,BAND ESPORTE CLUBE,2024-02-03,,,,NOSSA RESENHA,LUCAS ANCHIETA / THOMAS MEIRA / VICTOR CUPERTINO,ANCHIETX/ CAETANO VELOSO/ CUPERTINO/ OS GAROTIN,0.0,,62.7795,,,,,62779500,627795
Band,band UNIFICADO out dez 2023 jan fev 2024.xls,Relatorio_UBEM,BAND ESPORTE CLUBE,2024-02-10,,,,WE ARE THE WORLD OF CARNAVAL,NIZAN GUANAES,BANDA EVA,0.0,,62.7795,,,,,62779500,627795
Band,band UNIFICADO out dez 2023 jan fev 2024.xls,Relatorio_UBEM,BAND ESPORTE CLUBE,2024-02-10,,,,MACETANDO,IVETE SANGALO / LUCIANO CHAVES / SAMIR TRINDADE,IVETE SANGALO / LUDMILLA,0.0,,62.7795,,,,,62779500,627795
Band,band UNIFICADO out dez 2023 jan fev 2024.xls,Relatorio_UBEM,BAND ESPORTE CLUBE,2024-02-10,,,,LIQUITIQUI,CLAUDIA LEITTE / MICHAEL BRUN / NEEL DWALA / KES DIEFFENTHALLER / JAY PERRY,CLAUDIA LEITTE / JPERRY E KES,0.0,,62.7795,,,,,62779500,627795
Band,band UNIFICADO out dez 2023 jan fev 2024.xls,Relatorio_UBEM,BAND ESPORTE CLUBE,2024-02-10,,,,ABALOU                                            ,GIGI                               ,IVETE SANGALO,0.0,,62.7795,,,,,62779500,627795
Band,band UNIFICADO out dez 2023 jan fev 2024.xls,Relatorio_UBEM,BAND ESPORTE CLUBE,2024-02-10,,,,O MAIS BELO DOS BELOS,"GUIGUIO, VALTER FARIAS",DANIELA MERCURY,0.0,,62.7795,,,,,62779500,627795
Band,band UNIFICADO out dez 2023 jan fev 2024.xls,Relatorio_UBEM,BAND ESPORTE CLUBE,2024-02-10,,,,MACETANDO,IVETE SANGALO / LUCIANO CHAVES / SAMIR TRINDADE,IVETE SANGALO / LUDMILLA,0.0,,62.7795,,,,,62779500,627795
Band,band UNIFICADO out dez 2023 jan fev 2024.xls,Relatorio_UBEM,BAND ESPORTE CLUBE,2024-02-10,,,,EU TAMBEM QUERO BEIJAR,FAUSTO NILO / MORAES MOREIRA / PEPEU GOMES,FILHOS DA BAHIA,0.0,,62.7795,,,,,62779500,627795
Band,band UNIFICADO out dez 2023 jan fev 2024.xls,Relatorio_UBEM,BAND ESPORTE CLUBE,2024-02-10,,,,BLOCO DO PRAZER,MORAES MOREIRA,GAL COSTA,0.0,,62.7795,,,,,62779500,627795
Band,band UNIFICADO out dez 2023 jan fev 2024.xls,Relatorio_UBEM,BAND ESPORTE CLUBE,2024-02-10,,,,POSTURADO E CALMO,DANILO COWBOY / ERIC SANTOS / LEO SANTANA / UEDSON PERICLES,LEO SANTANA,0.0,,62.7795,,,,,62779500,627795
Band,band UNIFICADO out dez 2023 jan fev 2024.xls,Relatorio_UBEM,BAND ESPORTE CLUBE,2024-02-10,,,,MICANGA,ANTONIO CARLOS/JOCAFI,BAIANASYSTEM,0.0,,62.7795,,,,,62779500,627795
Band,band UNIFICADO out dez 2023 jan fev 2024.xls,Relatorio_UBEM,BAND ESPORTE CLUBE,2024-02-10,,,,WE ARE THE WORLD OF CARNAVAL,NIZAN GUANAES,BANDA EVA,0.0,,62.7795,,,,,62779500,627795
Band,band UNIFICADO out dez 2023 jan fev 2024.xls,Relatorio_UBEM,BAND ESPORTE CLUBE,2024-02-10,,,,MACETANDO,IVETE SANGALO / LUCIANO CHAVES / SAMIR TRINDADE,IVETE SANGALO / LUDMILLA,0.0,,62.7795,,,,,62779500,627795
Band,band UNIFICADO out dez 2023 jan fev 2024.xls,Relatorio_UBEM,BAND ESPORTE CLUBE,2024-02-10,,,,BATUKERE TODA FE DE SALVADOR,ANTONIO CARLOS E JOCAFI / DINO D SANTIAGO / FILIPE CARTAXO / ROBERTO BARRETO / ROOSEVELT RIBEIRO / SEKOBASS / UBIRATAN MARQUES,ANTONIO CARLOS E JOCAFI / BAIANA SYSTEM / DINO D SANTIAGO,0.0,,62.7795,,,,,62779500,627795
Band,band UNIFICADO out dez 2023 jan fev 2024.xls,Relatorio_UBEM,BAND ESPORTE CLUBE,2024-02-10,,,,100 VOCE,ALEXANDRE PEIXE / BETO GARRIDO,CHICLETE COM BANANA,0.0,,62.7795,,,,,62779500,627795
Band,band UNIFICADO out dez 2023 jan fev 2024.xls,Relatorio_UBEM,BAND ESPORTE CLUBE,2024-02-10,,,,PRETA,ALCIONE / SAULO / ENIO,SAULO,0.0,,62.7795,,,,,62779500,627795
Band,band UNIFICADO out dez 2023 jan fev 2024.xls,Relatorio_UBEM,BAND ESPORTE CLUBE,2024-02-10,,,,PRA QUE ME CHAMAS,LUCAS CIRILLO / XENIA FRANCA,XENIA FRANCA,0.0,,62.7795,,,,,62779500,627795
Band,band UNIFICADO out dez 2023 jan fev 2024.xls,Relatorio_UBEM,BAND ESPORTE CLUBE,2024-02-10,,,,RAPUNZEL,ALAIN TAVARES / CARLINHOS BROWN,DANIELA MERCURY,0.0,,62.7795,,,,,62779500,627795
Band,band UNIFICADO out dez 2023 jan fev 2024.xls,Relatorio_UBEM,BAND ESPORTE CLUBE,2024-02-10,,,,FLASHBACK,CAIO GIOVANI / GABRIELE OLIVEIRA / MARVVILA,LEO SANTANA / MARVVILA,0.0,,62.7795,,,,,62779500,627795
Band,band UNIFICADO out dez 2023 jan fev 2024.xls,Relatorio_UBEM,BAND ESPORTE CLUBE,2024-02-10,,,,PRAIEIRO,MANNO GÓES,JAMIL E UMA NOITES,0.0,,62.7795,,,,,62779500,627795
Band,band UNIFICADO out dez 2023 jan fev 2024.xls,Relatorio_UBEM,BAND ESPORTE CLUBE,2024-02-10,,,,FARAO DIVINDADE DO EGITO,LUCIANO GOMES,MARGARETH MENEZES,0.0,,62.7795,,,,,62779500,627795
Band,band UNIFICADO out dez 2023 jan fev 2024.xls,Relatorio_UBEM,BAND ESPORTE CLUBE,2024-02-10,,,,SALVADOR SALVADOR,JOSE CARLOS CAPINAM / ROBERTO MENDES,CARLA VISI,0.0,,62.7795,,,,,62779500,627795
Band,band UNIFICADO out dez 2023 jan fev 2024.xls,Relatorio_UBEM,BAND ESPORTE CLUBE,2024-02-10,,,,ZONA DE PERIGO,ADRIEL MAX / FELLA BROWN / LUKINHAS / PIERROT JUNIOR / RAFA CHAGAS / YVEES SANTANA,LEO SANTANA,0.0,,62.7795,,,,,62779500,627795
Band,band UNIFICADO out dez 2023 jan fev 2024.xls,Relatorio_UBEM,BAND ESPORTE CLUBE,2024-02-10,,,,PIMENTA MALAGUETA,LUCIANO CHAVES / MAGNO SANT ANNA / SAMIR TRINDADE,XANDDY HARMONIA,0.0,,62.7795,,,,,62779500,627795
Band,band UNIFICADO out dez 2023 jan fev 2024.xls,Relatorio_UBEM,BAND ESPORTE CLUBE,2024-02-10,,,,MUSICA DO CARNAVAL,ED NOBRE / NETO DE LINS / NICO ALMEIDA / UANDERSON CERQUEIRA,PSIRICO,0.0,,62.7795,,,,,62779500,627795
Band,band UNIFICADO out dez 2023 jan fev 2024.xls,Relatorio_UBEM,BAND ESPORTE CLUBE,2024-02-10,,,,FESTA,ANDERSON CUNHA                     ,IVETE SANGALO,0.0,,62.7795,,,,,62779500,627795
Band,band UNIFICADO out dez 2023 jan fev 2024.xls,Relatorio_UBEM,BAND ESPORTE CLUBE,2024-02-10,,,,ROSA,PIERRI ONASSIS,OLODUM / PERICLES,0.0,,62.7795,,,,,62779500,627795
Band,band UNIFICADO out dez 2023 jan fev 2024.xls,Relatorio_UBEM,BAND ESPORTE CLUBE,2024-02-17,,,,LA ADIANTE,DANILO CUTRIM / NICOLAS CHRIST / PEDRO LOBO / VITOR ISENSEE,BRAZA,0.0,,62.7795,,,,,62779500,627795
Band,band UNIFICADO out dez 2023 jan fev 2024.xls,Relatorio_UBEM,BAND ESPORTE CLUBE,2024-02-17,,,,SUPERMASSIVE BLACK HOLE,MATTHEW BELLAMY,MUSE,0.0,,62.7795,,,,,62779500,627795
Band,band UNIFICADO out dez 2023 jan fev 2024.xls,Relatorio_UBEM,BAND ESPORTE CLUBE,2024-02-17,,,,GREEDY,TATE MCRAE / AMY ALLEN / JASPER HARRIS / RYAN TEDDER,Tate McRae,0.0,,62.7795,,,,,62779500,627795
Band,band UNIFICADO out dez 2023 jan fev 2024.xls,Relatorio_UBEM,BAND ESPORTE CLUBE,2024-02-17,,,,SUMMER SONG,JOE SATRIANE,JOE SATRIANE,0.0,,62.7795,,,,,62779500,627795
Band,band UNIFICADO out dez 2023 jan fev 2024.xls,Relatorio_UBEM,BAND ESPORTE CLUBE,2024-02-17,,,,ESSE BRILHO É MEU,IZA,IZA,0.0,,62.7795,,,,,62779500,627795
Band,band UNIFICADO out dez 2023 jan fev 2024.xls,Relatorio_UBEM,BAND ESPORTE CLUBE,2024-02-17,,,,SHAKE IT OFF,MARTIN KARL SANDBERG / JOHAN KARL SCHUSTER / TAYLOR ALISON SWIFT,TAYLOR SWIFT,0.0,,62.7795,,,,,62779500,627795
Band,band UNIFICADO out dez 2023 jan fev 2024.xls,Relatorio_UBEM,BAND ESPORTE CLUBE,2024-02-17,,,,NOSSA RESENHA,LUCAS ANCHIETA / THOMAS MEIRA / VICTOR CUPERTINO,ANCHIETX/ CAETANO VELOSO/ CUPERTINO/ OS GAROTIN,0.0,,62.7795,,,,,62779500,627795
Band,band UNIFICADO out dez 2023 jan fev 2024.xls,Relatorio_UBEM,BAND ESPORTE CLUBE,2024-02-17,,,,VELEJAR,BRENDON JANSEN / JOAO DI SOUZA / RUBEN DI SOUZA,A OUTRA MARGEM,0.0,,62.7795,,,,,62779500,627795
Band,band UNIFICADO out dez 2023 jan fev 2024.xls,Relatorio_UBEM,BAND ESPORTE CLUBE,2024-02-17,,,,VIVRE LA VIE,E VIDAL DE FONESECA / FRANCESCO DE BENEDITTIS,KELLY JOYCE,0.0,,62.7795,,,,,62779500,627795
Band,band UNIFICADO out dez 2023 jan fev 2024.xls,Relatorio_UBEM,BAND ESPORTE CLUBE,2024-02-17,,,,MARIPOSA TECKNICOLOR,FITO PAEZ,FITO PAEZ,0.0,,62.7795,,,,,62779500,627795
Band,band UNIFICADO out dez 2023 jan fev 2024.xls,Relatorio_UBEM,BAND ESPORTE CLUBE,2024-02-17,,,,BEAUTIFUL,CALVIN CORDOZAR BROADUS JR/ CHAD HUGO / PHARRELL WILLIAMS,CHARLIE WILSON / PHARRELL WILLIAMS / SNOOP DOGG,0.0,,62.7795,,,,,62779500,627795
Band,band UNIFICADO out dez 2023 jan fev 2024.xls,Relatorio_UBEM,BAND ESPORTE CLUBE,2024-02-17,,,,JUICY,DIDDY / JAMES MTUME / JEAN CLAUDE OLIVER / THE NOTORIOUS B I G,THE NOTORIOUS B I G,0.0,,62.7795,,,,,62779500,627795
Band,band UNIFICADO out dez 2023 jan fev 2024.xls,Relatorio_UBEM,BAND ESPORTE CLUBE,2024-02-17,,,,SIRIUS,ALAN PARSONS / ERIC WOOLFSON,THE ALAN PARSONS PROJECT,0.0,,62.7795,,,,,62779500,627795
Band,band UNIFICADO out dez 2023 jan fev 2024.xls,Relatorio_UBEM,BAND ESPORTE CLUBE,2024-02-17,,,,GOD ONLY KNOWS,BRIAN WILSON/ TONY ASHER,THE BEACH BOYS,0.0,,62.7795,,,,,62779500,627795
Band,band UNIFICADO out dez 2023 jan fev 2024.xls,Relatorio_UBEM,BAND ESPORTE CLUBE,2024-02-17,,,,HELLO1,MARTIN SOLVEIG / MARTINA SORBARA,DRAGONETTE / MARTIN SOLVEIG,0.0,,62.7795,,,,,62779500,627795
Band,band UNIFICADO out dez 2023 jan fev 2024.xls,Relatorio_UBEM,BAND ESPORTE CLUBE,2024-02-17,,,,LEGEND1,ANDREY MEDONOS,OTYKEN,0.0,,62.7795,,,,,62779500,627795
Band,band UNIFICADO out dez 2023 jan fev 2024.xls,Relatorio_UBEM,BAND ESPORTE CLUBE,2024-02-24,,,,LA ADIANTE,DANILO CUTRIM / NICOLAS CHRIST / PEDRO LOBO / VITOR ISENSEE,BRAZA,0.0,,62.7795,,,,,62779500,627795
Band,band UNIFICADO out dez 2023 jan fev 2024.xls,Relatorio_UBEM,BAND ESPORTE CLUBE,2024-02-24,,,,WHEN I'M SIXTY-FOUR,JOHN LENNON / PAUL MCCARTNEY,THE BEATLES,0.0,,62.7795,,,,,62779500,627795
Band,band UNIFICADO out dez 2023 jan fev 2024.xls,Relatorio_UBEM,BAND ESPORTE CLUBE,2024-02-24,,,,GDFR / FLO RIDA,DOMINIC WYNN WOODS/ JUSTIN SCOTT FRANKS/ ANDREW SEDER/ TRAMAR DILLARD/ PAULO YTIENZA RODRIGUEZ/ JERRY GOLDSTEIN/ CHARLES MILLER/ LEE OSKAR/ HOWARD E SCOTT/ SYLVESTER ALLEN/ HAROLD RAY I BROWN/ MORRIS DEWAYNE DICKERSON/ LE ROOY L JORDAN/ MIKE CAREN,FLO RIDA FEATURING SAGE THE GEMINI AND LOOKAS,0.0,,62.7795,,,,,62779500,627795
Band,band UNIFICADO out dez 2023 jan fev 2024.xls,Relatorio_UBEM,BAND ESPORTE CLUBE,2024-02-24,,,,AVOHAI                                            ,JOSE RAMALHO NETO,ZÉ RAMALHO,0.0,,62.7795,,,,,62779500,627795
Band,band UNIFICADO out dez 2023 jan fev 2024.xls,Relatorio_UBEM,BAND ESPORTE CLUBE,2024-02-24,,,,A BICICLETA,TOQUINHO,SIMONE,0.0,,62.7795,,,,,62779500,627795
Band,band UNIFICADO out dez 2023 jan fev 2024.xls,Relatorio_UBEM,BAND ESPORTE CLUBE,2024-02-24,,,,NOSSA RESENHA,LUCAS ANCHIETA / THOMAS MEIRA / VICTOR CUPERTINO,ANCHIETX/ CAETANO VELOSO/ CUPERTINO/ OS GAROTIN,0.0,,62.7795,,,,,62779500,627795
Band,band UNIFICADO out dez 2023 jan fev 2024.xls,Relatorio_UBEM,BAND ESPORTE CLUBE,2024-02-24,,,,IN THE STONE,EARTH WIND AND FIRE,EARTH WIND AND FIRE,0.0,,62.7795,,,,,62779500,627795
Band,band UNIFICADO out dez 2023 jan fev 2024.xls,Relatorio_UBEM,BAND ESPORTE CLUBE,2024-02-24,,,,ANDAR COM FÉ                                      ,GILBERTO GIL,GILBERTO GIL,0.0,,62.7795,,,,,62779500,627795
Band,band UNIFICADO out dez 2023 jan fev 2024.xls,Relatorio_UBEM,BAND ESPORTE CLUBE,2024-02-24,,,,SAIL,AWOLNATION,AWOLNATION,0.0,,62.7795,,,,,62779500,627795
Band,band UNIFICADO out dez 2023 jan fev 2024.xls,Relatorio_UBEM,BAND ESPORTE CLUBE,2024-02-24,,,,RAP DA MARTA A RAINHA DO FUTEBOL,JULIANO JOSE DE TONDAS PEREIRA,FUTRAP,0.0,,62.7795,,,,,62779500,627795
Band,band UNIFICADO out dez 2023 jan fev 2024.xls,Relatorio_UBEM,BAND ESPORTE CLUBE,2024-02-24,,,,I GET AROUND,2PAC / LARRY TROUTMAN / R BROOKS / SHIRLEY MURDOCK / SHOCK G / TROUTMAN,2PAC / DIGITAL UNDERGROUND,0.0,,62.7795,,,,,62779500,627795
Band,band UNIFICADO out dez 2023 jan fev 2024.xls,Relatorio_UBEM,BAND ESPORTE CLUBE,2024-02-24,,,,STICK SEASON,NOAH KAHAN,NOAH KAHAN,0.0,,62.7795,,,,,62779500,627795
Band,band UNIFICADO out dez 2023 jan fev 2024.xls,Relatorio_UBEM,BAND ESPORTE CLUBE,2024-02-24,,,,HABLANDO A TU CORAZON,CARLOS ALBERTO GARCIA,CHARLY GARCIA / PEDRO AZNAR,0.0,,62.7795,,,,,62779500,627795
Band,band UNIFICADO out dez 2023 jan fev 2024.xls,Relatorio_UBEM,BAND ESPORTE CLUBE,2024-02-24,,,,FLA X FLU,ARLINDO CRUZ / FRANCO,ALCIONE,0.0,,62.7795,,,,,62779500,627795
Band,band UNIFICADO out dez 2023 jan fev 2024.xls,Relatorio_UBEM,BAND FOLIA,2024-02-09,,,,WE ARE CARNAVAL,NIZAN GUANAES,BELL MARQUES,0.0,,52.3166,,,,,52316600,523166
Band,band UNIFICADO out dez 2023 jan fev 2024.xls,Relatorio_UBEM,BAND FOLIA,2024-02-09,,,,MACETANDO,IVETE SANGALO / LUCIANO CHAVES / SAMIR TRINDADE,IVETE SANGALO / LUDMILLA,0.0,,52.3166,,,,,52316600,523166
Band,band UNIFICADO out dez 2023 jan fev 2024.xls,Relatorio_UBEM,BAND FOLIA,2024-02-09,,,,VOU TE AMAR O ANO INTEIRO,TIERRY CORINGA,BELL MARQUES,0.0,,52.3166,,,,,52316600,523166
Band,band UNIFICADO out dez 2023 jan fev 2024.xls,Relatorio_UBEM,BAND FOLIA,2024-02-09,,,,DESTRAVA,CLAUDIA LEITTE / LUCIANO PINTO / ALAN MORAES / ALANA GABRIELA / CLER,CLAUDIA LEITE,0.0,,52.3166,,,,,52316600,523166
Band,band UNIFICADO out dez 2023 jan fev 2024.xls,Relatorio_UBEM,BAND FOLIA,2024-02-09,,,,EXALOU,MARITO LIMA/ LAFAYETE/ MILTON BOQUINHA,DANIELA MERCURY,0.0,,52.3166,,,,,52316600,523166
Band,band UNIFICADO out dez 2023 jan fev 2024.xls,Relatorio_UBEM,BAND FOLIA,2024-02-09,,,,DONA CANÔ                                         ,CAETANO VELOSO,DANIELA MERCURY,0.0,,52.3166,,,,,52316600,523166
Band,band UNIFICADO out dez 2023 jan fev 2024.xls,Relatorio_UBEM,BAND FOLIA,2024-02-09,,,,MALDIVAS,LUDMILLA,LUDIMILLA,0.0,,52.3166,,,,,52316600,523166
Band,band UNIFICADO out dez 2023 jan fev 2024.xls,Relatorio_UBEM,BAND FOLIA,2024-02-09,,,,PERNA BAMBA,SHYTON FERNANDES / TINHO WT / LUCAS LM / GABRIEL CANTINI / BRENO MAJOR / GABRIEL BK / NEWTON FONSECA / BATIDAO STRONDA,LEO SANTANA,0.0,,52.3166,,,,,52316600,523166
Band,band UNIFICADO out dez 2023 jan fev 2024.xls,Relatorio_UBEM,BAND FOLIA,2024-02-09,,,,GOLZINHO VERMELHO,J TELLES / ERIC SANTOS / DANILO COWBOY,LEO SANTANA,0.0,,52.3166,,,,,52316600,523166
Band,band UNIFICADO out dez 2023 jan fev 2024.xls,Relatorio_UBEM,BAND FOLIA,2024-02-09,,,,DESTRAVA,CLAUDIA LEITTE / LUCIANO PINTO / ALAN MORAES / ALANA GABRIELA / CLER,CLAUDIA LEITE,0.0,,52.3166,,,,,52316600,523166
Band,band UNIFICADO out dez 2023 jan fev 2024.xls,Relatorio_UBEM,BAND FOLIA,2024-02-09,,,,CLAUDINHA BAGUNCEIRA,TATAU / XIXINHO,CLAUDIA LEITTE,0.0,,52.3166,,,,,52316600,523166
Band,band UNIFICADO out dez 2023 jan fev 2024.xls,Relatorio_UBEM,BAND FOLIA,2024-02-09,,,,PERNA BAMBA,SHYTON FERNANDES / TINHO WT / LUCAS LM / GABRIEL CANTINI / BRENO MAJOR / GABRIEL BK / NEWTON FONSECA / BATIDAO STRONDA,PARANGOLE,0.0,,52.3166,,,,,52316600,523166
Band,band UNIFICADO out dez 2023 jan fev 2024.xls,Relatorio_UBEM,BAND FOLIA,2024-02-09,,,,ELA NAO QUER GUERRA COM NINGUEM,PARANGOLE,PARANGOLE,0.0,,52.3166,,,,,52316600,523166
Band,band UNIFICADO out dez 2023 jan fev 2024.xls,Relatorio_UBEM,BAND FOLIA,2024-02-09,,,,É D'OXUM,GERÔNIMO E VEVÉ CALASANS,PSIRICO,0.0,,52.3166,,,,,52316600,523166
Band,band UNIFICADO out dez 2023 jan fev 2024.xls,Relatorio_UBEM,BAND FOLIA,2024-02-09,,,,MUSICA DO CARNAVAL,ED NOBRE / NETO DE LINS / NICO ALMEIDA / UANDERSON CERQUEIRA,PSIRICO,0.0,,52.3166,,,,,52316600,523166
Band,band UNIFICADO out dez 2023 jan fev 2024.xls,Relatorio_UBEM,BAND FOLIA,2024-02-09,,,,NOSSA GENTE,ROQUE CARVALHO,GILBERTO GIL,0.0,,52.3166,,,,,52316600,523166
Band,band UNIFICADO out dez 2023 jan fev 2024.xls,Relatorio_UBEM,BAND FOLIA,2024-02-09,,,,ANDAR COM FÉ                                      ,GILBERTO GIL,GILBERTO GIL,0.0,,52.3166,,,,,52316600,523166
Band,band UNIFICADO out dez 2023 jan fev 2024.xls,Relatorio_UBEM,BAND FOLIA,2024-02-09,,,,ESPERANDO NA JANELA,TARGINO GONDIM / MANUCA ALMEIDA / RAIMUNDO DO ACORDEON,GILBERTO GIL,0.0,,52.3166,,,,,52316600,523166
Band,band UNIFICADO out dez 2023 jan fev 2024.xls,Relatorio_UBEM,BAND FOLIA,2024-02-09,,,,MONSTRAO,DENNIS / CANTINI / BRENO MAJOR / SUHELDO LIMA / KELEW SOARES,ANITTA,0.0,,52.3166,,,,,52316600,523166
Band,band UNIFICADO out dez 2023 jan fev 2024.xls,Relatorio_UBEM,BAND FOLIA,2024-02-09,,,,DIGA QUE VALEU,FREDSON ROMERO NOVAES DA SILVA,BELL MARQUES,0.0,,52.3166,,,,,52316600,523166
Band,band UNIFICADO out dez 2023 jan fev 2024.xls,Relatorio_UBEM,BAND FOLIA,2024-02-09,,,,100% VOCE,ALEXANDRE PEIXE / BETO GARRIDO,BELL MARQUES,0.0,,52.3166,,,,,52316600,523166
Band,band UNIFICADO out dez 2023 jan fev 2024.xls,Relatorio_UBEM,BAND FOLIA,2024-02-09,,,,CABELO RASPADINHO                                 ,TENISON DEL REY/EDU CASANOVA,BELL MARQUES,0.0,,52.3166,,,,,52316600,523166
Band,band UNIFICADO out dez 2023 jan fev 2024.xls,Relatorio_UBEM,BAND FOLIA,2024-02-09,,,,MONSTRAO,DENNIS / CANTINI / BRENO MAJOR / SUHELDO LIMA / KELEW SOARES,ANITTA,0.0,,52.3166,,,,,52316600,523166
Band,band UNIFICADO out dez 2023 jan fev 2024.xls,Relatorio_UBEM,BAND FOLIA,2024-02-09,,,,WE ARE CARNAVAL,NIZAN GUANAES,ANITTA,0.0,,52.3166,,,,,52316600,523166
Band,band UNIFICADO out dez 2023 jan fev 2024.xls,Relatorio_UBEM,BAND FOLIA,2024-02-09,,,,FAZ A POSE OLHA O FLASH,MC KS / MC TETEU,BIO DO PISEIRO,0.0,,52.3166,,,,,52316600,523166
Band,band UNIFICADO out dez 2023 jan fev 2024.xls,Relatorio_UBEM,BAND FOLIA,2024-02-09,,,,VAI NO CHAO,UEDSON PERICLES / ED NOBRE,LEO SANTANA,0.0,,52.3166,,,,,52316600,523166
Band,band UNIFICADO out dez 2023 jan fev 2024.xls,Relatorio_UBEM,BAND FOLIA,2024-02-09,,,,EXTRAVASA,ADSON TAPAJOS / JEAN CARVALHO / SERGIO ROCHA / ZECA BRASILEIRO,CLAUDIA LEITE,0.0,,52.3166,,,,,52316600,523166
Band,band UNIFICADO out dez 2023 jan fev 2024.xls,Relatorio_UBEM,BAND FOLIA,2024-02-09,,,,RECUA,DENNY DENAN/ BUJA FERREIRA / ANDERSON CAPACETE/ VAN SANTANA,TIMBALADA,0.0,,52.3166,,,,,52316600,523166
Band,band UNIFICADO out dez 2023 jan fev 2024.xls,Relatorio_UBEM,BAND FOLIA,2024-02-09,,,,PERFEITA DEMAIS,CARLINHOS BROWN,TIMBALADA,0.0,,52.3166,,,,,52316600,523166
Band,band UNIFICADO out dez 2023 jan fev 2024.xls,Relatorio_UBEM,BAND FOLIA,2024-02-09,,,,TUCK TUCK,CARLINHOS BROWN,TIMBALADA,0.0,,52.3166,,,,,52316600,523166
Band,band UNIFICADO out dez 2023 jan fev 2024.xls,Relatorio_UBEM,BAND FOLIA,2024-02-09,,,,AI 123,CARLINHOS BROWN,TIMBALADA,0.0,,52.3166,,,,,52316600,523166
Band,band UNIFICADO out dez 2023 jan fev 2024.xls,Relatorio_UBEM,BAND FOLIA,2024-02-10,,,,MACETANDO,IVETE SANGALO / LUCIANO CHAVES / SAMIR TRINDADE,IVETE SANGALO,0.0,,52.3166,,,,,52316600,523166
Band,band UNIFICADO out dez 2023 jan fev 2024.xls,Relatorio_UBEM,BAND FOLIA,2024-02-10,,,,PESCADOR DE ILUSÕES,LAURO FARIAS / MARCELO FALCÃO / MARCELO LOBATO / MARCELO YUKA / XANDÃO,marcelo falcão,0.0,,52.3166,,,,,52316600,523166
Band,band UNIFICADO out dez 2023 jan fev 2024.xls,Relatorio_UBEM,BAND FOLIA,2024-02-10,,,,ANJOS,FALCÃO,MARCELO FALCAO,0.0,,52.3166,,,,,52316600,523166
Band,band UNIFICADO out dez 2023 jan fev 2024.xls,Relatorio_UBEM,BAND FOLIA,2024-02-10,,,,REZA VELA,MACOS LOBATO/RODRIGO VALLE/MARCELO FALCÃO/XANDÃO/LAURO FARIAS,marcelo falcão,0.0,,52.3166,,,,,52316600,523166
Band,band UNIFICADO out dez 2023 jan fev 2024.xls,Relatorio_UBEM,BAND FOLIA,2024-02-10,,,,RODO COTIDIANO,LAURO FARIAS / MARCELO FALCÃO / MARCELO LOBATO / MARCOS LOBATO / XANDÃO,marcelo falcão,0.0,,52.3166,,,,,52316600,523166
Band,band UNIFICADO out dez 2023 jan fev 2024.xls,Relatorio_UBEM,BAND FOLIA,2024-02-10,,,,QUIXABEIRA,AFONSO MACHADO,TIMBALADA,0.0,,52.3166,,,,,52316600,523166
Band,band UNIFICADO out dez 2023 jan fev 2024.xls,Relatorio_UBEM,BAND FOLIA,2024-02-10,,,,100% VOCE,ALEXANDRE PEIXE / BETO GARRIDO,BELL MARQUES,0.0,,52.3166,,,,,52316600,523166
Band,band UNIFICADO out dez 2023 jan fev 2024.xls,Relatorio_UBEM,BAND FOLIA,2024-02-10,,,,SELVA BRANCA,CARLINHOS BROWN E VEVE CALASANS,BELL MARQUES,0.0,,52.3166,,,,,52316600,523166
Band,band UNIFICADO out dez 2023 jan fev 2024.xls,Relatorio_UBEM,BAND FOLIA,2024-02-10,,,,CABELO RASPADINHO                                 ,TENISON DEL REY/EDU CASANOVA,BELL MARQUES,0.0,,52.3166,,,,,52316600,523166
Band,band UNIFICADO out dez 2023 jan fev 2024.xls,Relatorio_UBEM,BAND FOLIA,2024-02-10,,,,QUERO CHICLETE                                    ,ALEXANDRE PEIXE/BETO GARRIDO,BELL MARQUES,0.0,,52.3166,,,,,52316600,523166
Band,band UNIFICADO out dez 2023 jan fev 2024.xls,Relatorio_UBEM,BAND FOLIA,2024-02-10,,,,"CHICLETEIRO EU, CHICLETEIRA ELA",BELL MARQUES,BELL MARQUES,0.0,,52.3166,,,,,52316600,523166
Band,band UNIFICADO out dez 2023 jan fev 2024.xls,Relatorio_UBEM,BAND FOLIA,2024-02-10,,,,PARARARA,ALEX PONTES / MAILZON MENDES,TOMATE,0.0,,52.3166,,,,,52316600,523166
Band,band UNIFICADO out dez 2023 jan fev 2024.xls,Relatorio_UBEM,BAND FOLIA,2024-02-10,,,,MINHA PEQUENA EVA,GIANCARLO BIGAZZI / UMBERTO TOZZI,TOMATE,0.0,,52.3166,,,,,52316600,523166
Band,band UNIFICADO out dez 2023 jan fev 2024.xls,Relatorio_UBEM,BAND FOLIA,2024-02-10,,,,ZONA DE PERIGO,ADRIEL MAX / FELLA BROWN / LUKINHAS / PIERROT JUNIOR / RAFA CHAGAS / YVEES SANTANA,LEO SANTANA,0.0,,52.3166,,,,,52316600,523166
Band,band UNIFICADO out dez 2023 jan fev 2024.xls,Relatorio_UBEM,BAND FOLIA,2024-02-10,,,,O DONO DA ZORRA TODA,GILSON MENEZES DOREA / LAURINO DOS SANTOS NETO / UANDERSON SANTOS,LEO SANTANA,0.0,,52.3166,,,,,52316600,523166
Band,band UNIFICADO out dez 2023 jan fev 2024.xls,Relatorio_UBEM,BAND FOLIA,2024-02-10,,,,PERNA BAMBA,BRENO MAJOR / GABRIEL BK / GABRIEL CANTINI / GUILHERME DA SILVA ALVES / LUCAS MEDEIROS / NEWTON FONSECA / SHYLTON FERNANDES / TINHO WT,LEO SANTANA,0.0,,52.3166,,,,,52316600,523166
Band,band UNIFICADO out dez 2023 jan fev 2024.xls,Relatorio_UBEM,BAND FOLIA,2024-02-10,,,,MACETANDO,IVETE SANGALO / LUCIANO CHAVES / SAMIR TRINDADE,LEO SANTANA,0.0,,52.3166,,,,,52316600,523166
Band,band UNIFICADO out dez 2023 jan fev 2024.xls,Relatorio_UBEM,BAND FOLIA,2024-02-10,,,,VARIAS NOVINHAS,BRENO CASAGRANDE / SAMIR / RAFINHA RSQ,LEO SANTANA,0.0,,52.3166,,,,,52316600,523166
Band,band UNIFICADO out dez 2023 jan fev 2024.xls,Relatorio_UBEM,BAND FOLIA,2024-02-10,,,,NAO ME DEIXE SO,VANESSA DA MATA,VANESSA DA MATA,0.0,,52.3166,,,,,52316600,523166
Band,band UNIFICADO out dez 2023 jan fev 2024.xls,Relatorio_UBEM,BAND FOLIA,2024-02-10,,,,BOA SORTE,BEN C HARPER / VANESSA MATA,VANESSA DA MATA,0.0,,52.3166,,,,,52316600,523166
Band,band UNIFICADO out dez 2023 jan fev 2024.xls,Relatorio_UBEM,BAND FOLIA,2024-02-10,,,,AI AI AI,ARNOLPHO LIMA FILHO / VANESSA DA MATA,VANESSA DA MATA,0.0,,52.3166,,,,,52316600,523166
Band,band UNIFICADO out dez 2023 jan fev 2024.xls,Relatorio_UBEM,BAND FOLIA,2024-02-10,,,,EU QUERO BOTAR MEU BLOCO NA RUA,SERGIO SAMPAIO,MARGARETH MENEZES,0.0,,52.3166,,,,,52316600,523166
Band,band UNIFICADO out dez 2023 jan fev 2024.xls,Relatorio_UBEM,BAND FOLIA,2024-02-10,,,,O MUNDO VAI,IVETE SANGALO,IVETE SANGALO,0.0,,52.3166,,,,,52316600,523166
Band,band UNIFICADO out dez 2023 jan fev 2024.xls,Relatorio_UBEM,BAND FOLIA,2024-02-10,,,,CADÊ DALILA,IVETE SANGALO,IVETE SANGALO,0.0,,52.3166,,,,,52316600,523166
Band,band UNIFICADO out dez 2023 jan fev 2024.xls,Relatorio_UBEM,BAND FOLIA,2024-02-10,,,,SO LOVE NA CABECA,IVETE SANGALO / SAMIR TRINDADE / GIGI CERQUEIRA / RADAMES VENANCIO,IVETE SANGALO,0.0,,52.3166,,,,,52316600,523166
Band,band UNIFICADO out dez 2023 jan fev 2024.xls,Relatorio_UBEM,BAND FOLIA,2024-02-10,,,,MENINO DO RIO,CAETANO VELOSO,BABY CONSUELO / IVETE SANGALOA,0.0,,52.3166,,,,,52316600,523166
Band,band UNIFICADO out dez 2023 jan fev 2024.xls,Relatorio_UBEM,BAND FOLIA,2024-02-10,,,,MACETANDO,IVETE SANGALO / LUCIANO CHAVES / SAMIR TRINDADE,IVETE SANGALO,0.0,,52.3166,,,,,52316600,523166
Band,band UNIFICADO out dez 2023 jan fev 2024.xls,Relatorio_UBEM,BAND FOLIA,2024-02-10,,,,CRIA DA IVETE,IVETE SANGALO / LUCIANO CHAVES / SAMIR TRINDADE,IVETE SANGALO,0.0,,52.3166,,,,,52316600,523166
Band,band UNIFICADO out dez 2023 jan fev 2024.xls,Relatorio_UBEM,BAND FOLIA,2024-02-10,,,,PERNA BAMBA,BRENO MAJOR / GABRIEL BK / GABRIEL CANTINI / GUILHERME DA SILVA ALVES / LUCAS MEDEIROS / NEWTON FONSECA / SHYLTON FERNANDES / TINHO WT,LEO SANTANA,0.0,,52.3166,,,,,52316600,523166
Band,band UNIFICADO out dez 2023 jan fev 2024.xls,Relatorio_UBEM,BAND FOLIA,2024-02-10,,,,BEIJA FLOR,JAUPERI ,TIMBALADA,0.0,,52.3166,,,,,52316600,523166
Band,band UNIFICADO out dez 2023 jan fev 2024.xls,Relatorio_UBEM,BAND FOLIA,2024-02-10,,,,NANAÊ                                             ,ALEXANDRE PEIXE,BELL MARQUES,0.0,,52.3166,,,,,52316600,523166
Band,band UNIFICADO out dez 2023 jan fev 2024.xls,Relatorio_UBEM,BAND FOLIA,2024-02-11,,,,PERNA BAMBA,BRENO MAJOR / GABRIEL BK / GABRIEL CANTINI / GUILHERME DA SILVA ALVES / LUCAS MEDEIROS / NEWTON FONSECA / SHYLTON FERNANDES / TINHO WT,XANDDY HARMONIA,0.0,,52.3166,,,,,52316600,523166
Band,band UNIFICADO out dez 2023 jan fev 2024.xls,Relatorio_UBEM,BAND FOLIA,2024-02-11,,,,ENERGIA SURREAL,IVO MOZART / LUCAS SANTOS / SAMUEL DEOLLI,THIAGUINHO,0.0,,52.3166,,,,,52316600,523166
Band,band UNIFICADO out dez 2023 jan fev 2024.xls,Relatorio_UBEM,BAND FOLIA,2024-02-11,,,,LEVADA LOUCA,GILSON BABILÔNIA/ LULA CARVALHO/ ALAIN TAVARES,IVETE SANGALO / GILMELANDIA,0.0,,52.3166,,,,,52316600,523166
Band,band UNIFICADO out dez 2023 jan fev 2024.xls,Relatorio_UBEM,BAND FOLIA,2024-02-11,,,,TÔ NA RUA,GAL SALES/XEXÉU II,IVETE SANGALO / GILMELANDIA,0.0,,52.3166,,,,,52316600,523166
Band,band UNIFICADO out dez 2023 jan fev 2024.xls,Relatorio_UBEM,BAND FOLIA,2024-02-11,,,,MACETANDO,IVETE SANGALO / LUCIANO CHAVES / SAMIR TRINDADE,IVETE SANGALO / GILMELANDIA,0.0,,52.3166,,,,,52316600,523166
Band,band UNIFICADO out dez 2023 jan fev 2024.xls,Relatorio_UBEM,BAND FOLIA,2024-02-11,,,,ARERÊ,GILSON BABILÔNIA / ALAIN TAVARES,IVETE SANGALO / GILMELANDIA,0.0,,52.3166,,,,,52316600,523166
Band,band UNIFICADO out dez 2023 jan fev 2024.xls,Relatorio_UBEM,BAND FOLIA,2024-02-11,,,,VAMO QUE VAMO,THIAGUINHO / GABRIEL BARRIGA / RODRIGUINHO,THIAGUINHO,0.0,,52.3166,,,,,52316600,523166
Band,band UNIFICADO out dez 2023 jan fev 2024.xls,Relatorio_UBEM,BAND FOLIA,2024-02-11,,,,CARACA MULEKE,GABRIEL BARRIGA/ THIAGUINHO,THIAGUINHO,0.0,,52.3166,,,,,52316600,523166
Band,band UNIFICADO out dez 2023 jan fev 2024.xls,Relatorio_UBEM,BAND FOLIA,2024-02-11,,,,VALEU,THIAGUINHO/RODRIGUINHO,THIAGUINHO,0.0,,52.3166,,,,,52316600,523166
Band,band UNIFICADO out dez 2023 jan fev 2024.xls,Relatorio_UBEM,BAND FOLIA,2024-02-11,,,,PODEROSA,NELSON ALVES DAS NEVES FILHO,THIAGUINHO,0.0,,52.3166,,,,,52316600,523166
Band,band UNIFICADO out dez 2023 jan fev 2024.xls,Relatorio_UBEM,BAND FOLIA,2024-02-11,,,,PIMENTA MALAGUETA,LUCIANO CHAVES / MAGNO SANT ANNA / SAMIR TRINDADE,XANDDY HARMONIA,0.0,,52.3166,,,,,52316600,523166
Band,band UNIFICADO out dez 2023 jan fev 2024.xls,Relatorio_UBEM,BAND FOLIA,2024-02-11,,,,PERNA BAMBA,SHYTON FERNANDES / TINHO WT / LUCAS LM / GABRIEL CANTINI / BRENO MAJOR / GABRIEL BK / NEWTON FONSECA / BATIDAO STRONDA,XANDDY HARMONIA,0.0,,52.3166,,,,,52316600,523166
Band,band UNIFICADO out dez 2023 jan fev 2024.xls,Relatorio_UBEM,BAND FOLIA,2024-02-11,,,,MACETANDO,IVETE SANGALO / LUCIANO CHAVES / SAMIR TRINDADE,XANDDY HARMONIA,0.0,,52.3166,,,,,52316600,523166
Band,band UNIFICADO out dez 2023 jan fev 2024.xls,Relatorio_UBEM,BAND FOLIA,2024-02-11,,,,DEPOIS QUE O ILE PASSAR,DE MILTON SOUZA DE JESUS,OLUDUM,0.0,,52.3166,,,,,52316600,523166
Band,band UNIFICADO out dez 2023 jan fev 2024.xls,Relatorio_UBEM,BAND FOLIA,2024-02-11,,,,DESTRAVA,CLAUDIA LEITTE / LUCIANO PINTO / ALAN MORAES / ALANA GABRIELA / CLER,CLAUDIA LEITE,0.0,,52.3166,,,,,52316600,523166
Band,band UNIFICADO out dez 2023 jan fev 2024.xls,Relatorio_UBEM,BAND FOLIA,2024-02-11,,,,CLAUDINHA BAGUNCEIRA,TATAU / XIXINHO,CLAUDIA LEITTE,0.0,,52.3166,,,,,52316600,523166
Band,band UNIFICADO out dez 2023 jan fev 2024.xls,Relatorio_UBEM,BAND FOLIA,2024-02-11,,,,CAI FORA,SERGIO ROCHA / ADSON TAPAJOS / ZECA BRASILEIRO,CLAUDIA LEITTE,0.0,,52.3166,,,,,52316600,523166
Band,band UNIFICADO out dez 2023 jan fev 2024.xls,Relatorio_UBEM,BAND FOLIA,2024-02-11,,,,BAIANIDADE NAGO,EVANDRO RODRIGUES,BELL MARQUES,0.0,,52.3166,,,,,52316600,523166
Band,band UNIFICADO out dez 2023 jan fev 2024.xls,Relatorio_UBEM,BAND FOLIA,2024-02-11,,,,PREFIXO DE VERÃO,JOSE ALBERTO DA SILVA,BELL MARQUES,0.0,,52.3166,,,,,52316600,523166
Band,band UNIFICADO out dez 2023 jan fev 2024.xls,Relatorio_UBEM,BAND FOLIA,2024-02-11,,,,O MAIS BELO DOS BELOS,"GUIGUIO, VALTER FARIAS",BELL MARQUES,0.0,,52.3166,,,,,52316600,523166
Band,band UNIFICADO out dez 2023 jan fev 2024.xls,Relatorio_UBEM,BAND FOLIA,2024-02-11,,,,"DURVALINO, MEU REI",BELL MARQUES ,BELL MARQUES,0.0,,52.3166,,,,,52316600,523166
Band,band UNIFICADO out dez 2023 jan fev 2024.xls,Relatorio_UBEM,BAND FOLIA,2024-02-11,,,,NANAÊ                                             ,ALEXANDRE PEIXE,BELL MARQUES,0.0,,52.3166,,,,,52316600,523166
Band,band UNIFICADO out dez 2023 jan fev 2024.xls,Relatorio_UBEM,BAND FOLIA,2024-02-11,,,,BANANA REAL,ALEXANDRE PEIXE/ BETO GARRIDO,BELL MARQUES,0.0,,52.3166,,,,,52316600,523166
Band,band UNIFICADO out dez 2023 jan fev 2024.xls,Relatorio_UBEM,BAND FOLIA,2024-02-11,,,,LAMBADA DA DELÍCIA,GERÔNIMO,BELL MARQUES,0.0,,52.3166,,,,,52316600,523166
Band,band UNIFICADO out dez 2023 jan fev 2024.xls,Relatorio_UBEM,BAND FOLIA,2024-02-11,,,,LIBERA ELA,DIEGO SILVEIRA/LARI FERREIRA/THALES LESSA/RAFA TORRES,DILSINHO,0.0,,52.3166,,,,,52316600,523166
Band,band UNIFICADO out dez 2023 jan fev 2024.xls,Relatorio_UBEM,BAND FOLIA,2024-02-11,,,,BABY ME ATENDE,MATHEUS FERNANDES / RODRIGO REYS / IGOR COSTA / JUNIOR ANGELIM,DILSINHO,0.0,,52.3166,,,,,52316600,523166
Band,band UNIFICADO out dez 2023 jan fev 2024.xls,Relatorio_UBEM,BAND FOLIA,2024-02-11,,,,DANCA DO VAMPIRO,DURVAL LELYS,DURVAL LELYS,0.0,,52.3166,,,,,52316600,523166
Band,band UNIFICADO out dez 2023 jan fev 2024.xls,Relatorio_UBEM,BAND FOLIA,2024-02-11,,,,DANCA DA MANIVELA,JOSEMAR SOUZA DE JESUS / JOVITA MARIA BARBOSA,DURVAL LELLYS,0.0,,52.3166,,,,,52316600,523166
Band,band UNIFICADO out dez 2023 jan fev 2024.xls,Relatorio_UBEM,BAND FOLIA,2024-02-11,,,,PI PO PO PO RO PO,PEDRINHA MORAES,DURVAL LELYS,0.0,,52.3166,,,,,52316600,523166
Band,band UNIFICADO out dez 2023 jan fev 2024.xls,Relatorio_UBEM,BAND FOLIA,2024-02-11,,,,O REI DA RUA,DURVAL LELYS,DURVAL LELLYS,0.0,,52.3166,,,,,52316600,523166
Band,band UNIFICADO out dez 2023 jan fev 2024.xls,Relatorio_UBEM,BAND FOLIA,2024-02-11,,,,PESSIMO NEGOCIO,BRUNO KALIMAN,DILSINHO,0.0,,52.3166,,,,,52316600,523166
Band,band UNIFICADO out dez 2023 jan fev 2024.xls,Relatorio_UBEM,BAND FOLIA,2024-02-11,,,,TA OK,KEVIN O CHRIS,ALOK,0.0,,52.3166,,,,,52316600,523166
Band,band UNIFICADO out dez 2023 jan fev 2024.xls,Relatorio_UBEM,BAND FOLIA,2024-02-11,,,,VALE VALE,ALOK / ZAFRIR,ALOK,0.0,,52.3166,,,,,52316600,523166
Band,band UNIFICADO out dez 2023 jan fev 2024.xls,Relatorio_UBEM,BAND FOLIA,2024-02-11,,,,HEAR ME NOW,MARCOS ZEEB / ALOK PETRILLO / BRUNO MARTINI,ALOK / ZEEBA / BRUNO MARTINI,0.0,,52.3166,,,,,52316600,523166
Band,band UNIFICADO out dez 2023 jan fev 2024.xls,Relatorio_UBEM,BAND FOLIA,2024-02-11,,,,TERRA FESTEIRA,DANIELA MERCURY/MARCELO PORCIUNCULA/ALFREDO MOURA/RENAN RIBEIRO,DANIELA MERCURY,0.0,,52.3166,,,,,52316600,523166
Band,band UNIFICADO out dez 2023 jan fev 2024.xls,Relatorio_UBEM,BAND FOLIA,2024-02-11,,,,ILE PEROLA NEGRA,MILTÃO / RENÊ VENENO / GUIGUIO,DANIELA MERCURY,0.0,,52.3166,,,,,52316600,523166
Band,band UNIFICADO out dez 2023 jan fev 2024.xls,Relatorio_UBEM,BAND FOLIA,2024-02-11,,,,A FORCA DO ILE,PAULINHO LARANJEIRA,DANIELA MERCURY,0.0,,52.3166,,,,,52316600,523166
Band,band UNIFICADO out dez 2023 jan fev 2024.xls,Relatorio_UBEM,BAND FOLIA,2024-02-11,,,,CRENÇA E FÉ,BETO JAMAICA/ADEMÁRIO,DANIELA MERCURY,0.0,,52.3166,,,,,52316600,523166
Band,band UNIFICADO out dez 2023 jan fev 2024.xls,Relatorio_UBEM,BAND FOLIA,2024-02-11,,,,CHARLES ILÊ,CARLINHOS BROWN,DANIELA MERCURY,0.0,,52.3166,,,,,52316600,523166
Band,band UNIFICADO out dez 2023 jan fev 2024.xls,Relatorio_UBEM,BAND FOLIA,2024-02-11,,,,MELHOR EU IR,THIAGO ANDRE BARBOSA / DANIEL AUGUSTO AMARAL SILVA,MUMUZINHO,0.0,,52.3166,,,,,52316600,523166
Band,band UNIFICADO out dez 2023 jan fev 2024.xls,Relatorio_UBEM,BAND FOLIA,2024-02-11,,,,ATE QUE DUROU,BRUNO GABRIEL/ EDGAR DO CAVACO/ MARQUINHOS MORAES,MUMUZINHO,0.0,,52.3166,,,,,52316600,523166
Band,band UNIFICADO out dez 2023 jan fev 2024.xls,Relatorio_UBEM,BAND FOLIA,2024-02-11,,,,SAUDADE DE VOCE,ARTHUR RAMOS / GILENO GOMES / NETO DE LINS,FILHOS DE JORGE,0.0,,52.3166,,,,,52316600,523166
Band,band UNIFICADO out dez 2023 jan fev 2024.xls,Relatorio_UBEM,BAND FOLIA,2024-02-11,,,,ZIRIGUIDUM,GILENO GOMES/ GILMAR GOMES,FILHOS DE JORGE,0.0,,52.3166,,,,,52316600,523166
Band,band UNIFICADO out dez 2023 jan fev 2024.xls,Relatorio_UBEM,BAND FOLIA,2024-02-11,,,,LIVRE PRA VOAR QUANDO A GENTE SE ENCONTRAR,PAULO ZDANOWSKI / FABIO MARCELO GABRIE FONSECA / RENATO CORREA JOSE MARIA JUNIOR,THIAGUINHO,0.0,,52.3166,,,,,52316600,523166
Band,band UNIFICADO out dez 2023 jan fev 2024.xls,Relatorio_UBEM,BAND FOLIA,2024-02-11,,,,DESCONTROLADA,MAGNO SANTANNA / LUCIANO CHAVES DOS SANTOS,XANDDY HARMONIA,0.0,,52.3166,,,,,52316600,523166
Band,band UNIFICADO out dez 2023 jan fev 2024.xls,Relatorio_UBEM,BAND FOLIA,2024-02-11,,,,DEPOIS QUE O ILE PASSAR,MILTON SOUZA MILTAO,OLODUM,0.0,,52.3166,,,,,52316600,523166
Band,band UNIFICADO out dez 2023 jan fev 2024.xls,Relatorio_UBEM,BAND FOLIA,2024-02-11,,,,AFTER DA CLAUDINHA,ADRIEL LIMA / ARTHUR RAMOS / JACKSON ALMEIDA / LUKINHAS BA / PIERROT JUNIOR / RAFA CHAGAS,CLAUDIA LEITTE,0.0,,52.3166,,,,,52316600,523166
Band,band UNIFICADO out dez 2023 jan fev 2024.xls,Relatorio_UBEM,BAND FOLIA,2024-02-11,,,,PASSADA DE MAO,ANA CASTELA / GUI FERRAZ / LEO SOUZZA / MATEUS FELIX / TIAGO MARCELO,DILSINHO,0.0,,52.3166,,,,,52316600,523166
Band,band UNIFICADO out dez 2023 jan fev 2024.xls,Relatorio_UBEM,BAND FOLIA,2024-02-11,,,,NAO PRECISA MUDAR,NEILTON CERQUEIRA SANTOS / SAULO JORGE FERNANDES NAVARRO DE OLIVEIRA,MUMUZINHO,0.0,,52.3166,,,,,52316600,523166
Band,band UNIFICADO out dez 2023 jan fev 2024.xls,Relatorio_UBEM,BAND FOLIA,2024-02-11,,,,MELHOR EU IR,THIAGO ANDRE BARBOSA / DANIEL AUGUSTO AMARAL SILVA,MUMUZINHO,0.0,,52.3166,,,,,52316600,523166
Band,band UNIFICADO out dez 2023 jan fev 2024.xls,Relatorio_UBEM,BAND FOLIA,2024-02-11,,,,ELA TEM O DENDE,TIERRE DE ARAUJO PAIXAO COSTA / FILIPE ESCANDURRAS / HAVOK HAVOK / NETO PRETTO,FILHOS DE JORGE,0.0,,52.3166,,,,,52316600,523166
Band,band UNIFICADO out dez 2023 jan fev 2024.xls,Relatorio_UBEM,BAND FOLIA,2024-02-11,,,,DANDALUNDA,LAZZO MATUMBI / JORGE PORTUGAL,DANIELA MERCURY,0.0,,52.3166,,,,,52316600,523166
Band,band UNIFICADO out dez 2023 jan fev 2024.xls,Relatorio_UBEM,BAND FOLIA,2024-02-11,,,,SINA 123,DJAVAN,MUMUMZINHO,0.0,,52.3166,,,,,52316600,523166
Band,band UNIFICADO out dez 2023 jan fev 2024.xls,Relatorio_UBEM,BAND FOLIA,2024-02-12,,,,O MAIS BELO DOS BELOS,"GUIGUIO, VALTER FARIAS",DANIELA MERCURY,0.0,,52.3166,,,,,52316600,523166
Band,band UNIFICADO out dez 2023 jan fev 2024.xls,Relatorio_UBEM,BAND FOLIA,2024-02-12,,,,VOA VOA,ALEXANDRE PEIXE / BETO GARRIDO,BELL MARQUES,0.0,,52.3166,,,,,52316600,523166
Band,band UNIFICADO out dez 2023 jan fev 2024.xls,Relatorio_UBEM,BAND FOLIA,2024-02-12,,,,NANA BANANA,BELL MARQUES ,BELL MARQUES,0.0,,52.3166,,,,,52316600,523166
Band,band UNIFICADO out dez 2023 jan fev 2024.xls,Relatorio_UBEM,BAND FOLIA,2024-02-12,,,,100% VOCE,ALEXANDRE PEIXE / BETO GARRIDO,BELL MARQUES,0.0,,52.3166,,,,,52316600,523166
Band,band UNIFICADO out dez 2023 jan fev 2024.xls,Relatorio_UBEM,BAND FOLIA,2024-02-12,,,,LANTERNA DOS AFOGADOS,HERBERT VIANNA                     ,PARALAMAS DO SUCESSO,0.0,,52.3166,,,,,52316600,523166
Band,band UNIFICADO out dez 2023 jan fev 2024.xls,Relatorio_UBEM,BAND FOLIA,2024-02-12,,,,O AMOR NAO SABE ESPERAR,HERBERT VIANNA                     ,PARALAMAS DO SUCESSO,0.0,,52.3166,,,,,52316600,523166
Band,band UNIFICADO out dez 2023 jan fev 2024.xls,Relatorio_UBEM,BAND FOLIA,2024-02-12,,,,GOSTAVA TANTO DE VOCÊ                             ,EDSON TRINDADE,PARALAMAS DO SUCESSO,0.0,,52.3166,,,,,52316600,523166
Band,band UNIFICADO out dez 2023 jan fev 2024.xls,Relatorio_UBEM,BAND FOLIA,2024-02-12,,,,O BECO,BI RIBEIRO / HERBERT VIANNA,PARALAMAS DO SUCESSO,0.0,,52.3166,,,,,52316600,523166
Band,band UNIFICADO out dez 2023 jan fev 2024.xls,Relatorio_UBEM,BAND FOLIA,2024-02-12,,,,A NOVIDADE,BI RIBEIRO / GILBERTO GIL / HERBERT VIANNA / JOAO BARONE,PARALAMAS DO SUCESSO,0.0,,52.3166,,,,,52316600,523166
Band,band UNIFICADO out dez 2023 jan fev 2024.xls,Relatorio_UBEM,BAND FOLIA,2024-02-12,,,,MELÔ DO MARINHEIRO,HERBERT VIANNA/BI RIBEIRO/JOÃO BARONE,PARALAMAS DO SUCESSO,0.0,,52.3166,,,,,52316600,523166
Band,band UNIFICADO out dez 2023 jan fev 2024.xls,Relatorio_UBEM,BAND FOLIA,2024-02-12,,,,VAMO OU BORA,LUCIANO CHAVES DOS SANTOS / MAGNO SANT ANNA,IVETE SANGALO,0.0,,52.3166,,,,,52316600,523166
Band,band UNIFICADO out dez 2023 jan fev 2024.xls,Relatorio_UBEM,BAND FOLIA,2024-02-12,,,,MACETANDO,IVETE SANGALO / LUCIANO CHAVES / SAMIR TRINDADE,IVETE SANGALO,0.0,,52.3166,,,,,52316600,523166
Band,band UNIFICADO out dez 2023 jan fev 2024.xls,Relatorio_UBEM,BAND FOLIA,2024-02-12,,,,MANGUETOWN                                        ,CHICO SCIENCE/LUCIO MAIA/DENGUE,NAÇÃO ZUMBI,0.0,,52.3166,,,,,52316600,523166
Band,band UNIFICADO out dez 2023 jan fev 2024.xls,Relatorio_UBEM,BAND FOLIA,2024-02-12,,,,MINHA VERTENTE,JESSICA CAITANO,JESSICA CAITANO,0.0,,52.3166,,,,,52316600,523166
Band,band UNIFICADO out dez 2023 jan fev 2024.xls,Relatorio_UBEM,BAND FOLIA,2024-02-12,,,,PAIS DA FANTASIA,ALINNE ROSA,ALINNE ROSA,0.0,,52.3166,,,,,52316600,523166
Band,band UNIFICADO out dez 2023 jan fev 2024.xls,Relatorio_UBEM,BAND FOLIA,2024-02-12,,,,PIMENTA MALAGUETA,LUCIANO CHAVES / MAGNO SANT ANNA / SAMIR TRINDADE,XANDDY HARMONIA,0.0,,52.3166,,,,,52316600,523166
Band,band UNIFICADO out dez 2023 jan fev 2024.xls,Relatorio_UBEM,BAND FOLIA,2024-02-12,,,,EU E VOCE SEMPRE,FLAVIO CARDOSO SILVA / JORGE ARAGAO DA CRUZ,PERICLES,0.0,,52.3166,,,,,52316600,523166
Band,band UNIFICADO out dez 2023 jan fev 2024.xls,Relatorio_UBEM,BAND FOLIA,2024-02-12,,,,JOGO DE SEDUCAO,CARLOS CAETANO / CISCO / LEANDRO FAB,PERICLES,0.0,,52.3166,,,,,52316600,523166
Band,band UNIFICADO out dez 2023 jan fev 2024.xls,Relatorio_UBEM,BAND FOLIA,2024-02-12,,,,WE ARE THE WORLD OF CARNAVAL,NIZAN GUANAES,DURVAL LELLYS,0.0,,52.3166,,,,,52316600,523166
Band,band UNIFICADO out dez 2023 jan fev 2024.xls,Relatorio_UBEM,BAND FOLIA,2024-02-12,,,,BOTA PRA FERVER,DURVAL LELYS,DURVAL LELLYS,0.0,,52.3166,,,,,52316600,523166
Band,band UNIFICADO out dez 2023 jan fev 2024.xls,Relatorio_UBEM,BAND FOLIA,2024-02-12,,,,NANA BANANA,BELL MARQUES ,BELL MARQUES,0.0,,52.3166,,,,,52316600,523166
Band,band UNIFICADO out dez 2023 jan fev 2024.xls,Relatorio_UBEM,BAND FOLIA,2024-02-12,,,,DANDALUNDA                                        ,CARLINHOS BROWN,DANIELA MERCURY,0.0,,52.3166,,,,,52316600,523166
Band,band UNIFICADO out dez 2023 jan fev 2024.xls,Relatorio_UBEM,BAND FOLIA,2024-02-12,,,,O CALIBRE,HERBERT SOUZA VIANNA / LEANDRO BENEDETTI,OS PARALAMAS DO SUCESSO            ,0.0,,52.3166,,,,,52316600,523166
Band,band UNIFICADO out dez 2023 jan fev 2024.xls,Relatorio_UBEM,BAND FOLIA,2024-02-12,,,,BOSSA NOSTRA,LUCIO JOSE MAIA / JORGE DU PEIXE / DENGUE / ROMARIO MENEZES OLIVEIRA,NACAO ZUMBI,0.0,,52.3166,,,,,52316600,523166
Band,band UNIFICADO out dez 2023 jan fev 2024.xls,Relatorio_UBEM,BAND FOLIA,2024-02-12,,,,NOVAS AURORAS,ALEXANDRE SALGUES / LUCIO JOSE MAIA / ROMARIO MENEZES,NACAO ZUMBI,0.0,,52.3166,,,,,52316600,523166
Band,band UNIFICADO out dez 2023 jan fev 2024.xls,Relatorio_UBEM,BAND FOLIA,2024-02-12,,,,OLHA O GANDHI AI,JOE VIEIRA / TONHO MATERIA,FILHOS DE GANDHI,0.0,,52.3166,,,,,52316600,523166
Band,band UNIFICADO out dez 2023 jan fev 2024.xls,Relatorio_UBEM,BAND FOLIA,2024-02-12,,,,O GANDHI,ANTONIO DO CAIXAO,FILHOS DE GANDHI,0.0,,52.3166,,,,,52316600,523166
Band,band UNIFICADO out dez 2023 jan fev 2024.xls,Relatorio_UBEM,BAND FOLIA,2024-02-12,,,,MUITO OBRIGADO AXE,CARLINHOS BROWN,FILHOS DE GANDHI,0.0,,52.3166,,,,,52316600,523166
Band,band UNIFICADO out dez 2023 jan fev 2024.xls,Relatorio_UBEM,BAND FOLIA,2024-02-12,,,,EXALOU,MARITO LIMA/ LAFAYETE/ MILTON BOQUINHA,FILHOS DE GANDHI,0.0,,52.3166,,,,,52316600,523166
Band,band UNIFICADO out dez 2023 jan fev 2024.xls,Relatorio_UBEM,BAND FOLIA,2024-02-12,,,,CORPO ELETRICO,ALINNE ROSA,ALINNE ROSA,0.0,,52.3166,,,,,52316600,523166
Band,band UNIFICADO out dez 2023 jan fev 2024.xls,Relatorio_UBEM,BAND FOLIA,2024-02-12,,,,MEXE MEXE MAINHA,NATO VIOLA,XANDDY HARMONIA,0.0,,52.3166,,,,,52316600,523166
Band,band UNIFICADO out dez 2023 jan fev 2024.xls,Relatorio_UBEM,BAND FOLIA,2024-02-12,,,,MASCARA,PRISCILLA NOVAES LEONE,PITTY,0.0,,52.3166,,,,,52316600,523166
Band,band UNIFICADO out dez 2023 jan fev 2024.xls,Relatorio_UBEM,BAND FOLIA,2024-02-12,,,,I WANNA BE,CHARLIE SEXTON/ D BRAMHALL,PITTY,0.0,,52.3166,,,,,52316600,523166
Band,band UNIFICADO out dez 2023 jan fev 2024.xls,Relatorio_UBEM,BAND FOLIA,2024-02-12,,,,SEMANA QUE VEM,PRISCILLA NOVAES LEONE,PITTY,0.0,,52.3166,,,,,52316600,523166
Band,band UNIFICADO out dez 2023 jan fev 2024.xls,Relatorio_UBEM,BAND FOLIA,2024-02-13,,,,MACETANDO,IVETE SANGALO / LUCIANO CHAVES / SAMIR TRINDADE,IVETE SANGALO,0.0,,52.3166,,,,,52316600,523166
Band,band UNIFICADO out dez 2023 jan fev 2024.xls,Relatorio_UBEM,BAND FOLIA,2024-02-13,,,,BATUTAS DE SÃO JOSÉ,ALMIR ROUCHE,LENINE,0.0,,52.3166,,,,,52316600,523166
Band,band UNIFICADO out dez 2023 jan fev 2024.xls,Relatorio_UBEM,BAND FOLIA,2024-02-13,,,,JACK SOUL BRASILEIRO,LENINE / PAULINHO MOSCA,LENINE,0.0,,52.3166,,,,,52316600,523166
Band,band UNIFICADO out dez 2023 jan fev 2024.xls,Relatorio_UBEM,BAND FOLIA,2024-02-13,,,,EXTRAVASA,ADSON TAPAJOS / JEAN CARVALHO / SERGIO ROCHA / ZECA BRASILEIRO,CLAUDIA LEITE,0.0,,52.3166,,,,,52316600,523166
Band,band UNIFICADO out dez 2023 jan fev 2024.xls,Relatorio_UBEM,BAND FOLIA,2024-02-13,,,,CLAUDINHA BAGUNCEIRA,TATAU / XIXINHO,CLAUDIA LEITTE,0.0,,52.3166,,,,,52316600,523166
Band,band UNIFICADO out dez 2023 jan fev 2024.xls,Relatorio_UBEM,BAND FOLIA,2024-02-13,,,,TENGO,RAFAEL SILVA DE QUEIROZ / ELANA DARA SARTOR / CAROLZINHA / JULIETTE FREIRE FEITOSA,JULIETTE,0.0,,52.3166,,,,,52316600,523166
Band,band UNIFICADO out dez 2023 jan fev 2024.xls,Relatorio_UBEM,BAND FOLIA,2024-02-13,,,,LARGADINHO,DULLER / FABINHO ALCANTARA / SAMIR / CLAUDIA LEITTE / LUCIANO PINTO / DURVAL LUZ,CLAUDIA LEITE,0.0,,52.3166,,,,,52316600,523166
Band,band UNIFICADO out dez 2023 jan fev 2024.xls,Relatorio_UBEM,BAND FOLIA,2024-02-13,,,,DIGA QUE VALEU,FREDSON ROMERO NOVAES DA SILVA,BELL MARQUES,0.0,,52.3166,,,,,52316600,523166
Band,band UNIFICADO out dez 2023 jan fev 2024.xls,Relatorio_UBEM,BAND FOLIA,2024-02-13,,,,100% VOCE,ALEXANDRE PEIXE / BETO GARRIDO,BELL MARQUES,0.0,,52.3166,,,,,52316600,523166
Band,band UNIFICADO out dez 2023 jan fev 2024.xls,Relatorio_UBEM,BAND FOLIA,2024-02-13,,,,QUE BLOCO É ESSE ,PAULINHO CAMAFEU,ILE AIYE,0.0,,52.3166,,,,,52316600,523166
Band,band UNIFICADO out dez 2023 jan fev 2024.xls,Relatorio_UBEM,BAND FOLIA,2024-02-13,,,,BICHO MALUCO BELEZA,ALCEU VALENÇA / RUBEM VALENÇA FILHO ,ALCEU VALENÇA,0.0,,52.3166,,,,,52316600,523166
Band,band UNIFICADO out dez 2023 jan fev 2024.xls,Relatorio_UBEM,BAND FOLIA,2024-02-13,,,,DIABO LOURO,J. MICHILES,ALCEU VALENÇA,0.0,,52.3166,,,,,52316600,523166
Band,band UNIFICADO out dez 2023 jan fev 2024.xls,Relatorio_UBEM,BAND FOLIA,2024-02-13,,,,BOM DEMAIS,J.MICHILES,ALCEU VALENÇA,0.0,,52.3166,,,,,52316600,523166
Band,band UNIFICADO out dez 2023 jan fev 2024.xls,Relatorio_UBEM,BAND FOLIA,2024-02-13,,,,MARACATU                                          ,ALCEU VALENÇA SOBRE POEMA DE ASCENSO FERREIRA,ALCEU VALENÇA,0.0,,52.3166,,,,,52316600,523166
Band,band UNIFICADO out dez 2023 jan fev 2024.xls,Relatorio_UBEM,BAND FOLIA,2024-02-13,,,,PERNA BAMBA,SHYTON FERNANDES / TINHO WT / LUCAS LM / GABRIEL CANTINI / BRENO MAJOR / GABRIEL BK / NEWTON FONSECA / BATIDAO STRONDA,LEO SANTANA,0.0,,52.3166,,,,,52316600,523166
Band,band UNIFICADO out dez 2023 jan fev 2024.xls,Relatorio_UBEM,BAND FOLIA,2024-02-13,,,,PERNA BAMBA,SHYTON FERNANDES / TINHO WT / LUCAS LM / GABRIEL CANTINI / BRENO MAJOR / GABRIEL BK / NEWTON FONSECA / BATIDAO STRONDA,Gloria Groove e Leo Santana,0.0,,52.3166,,,,,52316600,523166
Band,band UNIFICADO out dez 2023 jan fev 2024.xls,Relatorio_UBEM,BAND FOLIA,2024-02-13,,,,LA BELLE DE JOUR,ALCEU VALENCA,ALCEU VALENCA,0.0,,52.3166,,,,,52316600,523166
Band,band UNIFICADO out dez 2023 jan fev 2024.xls,Relatorio_UBEM,BAND FOLIA,2024-02-13,,,,ANUNCIACAO,ALCEU VALENCA,ALCEU VALENÇA,0.0,,52.3166,,,,,52316600,523166
Band,band UNIFICADO out dez 2023 jan fev 2024.xls,Relatorio_UBEM,BAND FOLIA,2024-02-13,,,,BATUKERE TODA FE DE SALVADOR,ANTONIO CARLOS E JOCAFI / DINO D SANTIAGO / FILIPE CARTAXO / ROBERTO BARRETO / ROOSEVELT RIBEIRO / SEKOBASS / UBIRATAN MARQUES,GRUPO BATUKE NOVO,0.0,,52.3166,,,,,52316600,523166
Band,band UNIFICADO out dez 2023 jan fev 2024.xls,Relatorio_UBEM,BAND FOLIA,2024-02-13,,,,SO LOVE NA CABECA,IVETE SANGALO/SAMIR TRINDADE/GIGI CERQUEIRA/RADAMES VENANCIO,IVETE SANGALO,0.0,,52.3166,,,,,52316600,523166
Band,band UNIFICADO out dez 2023 jan fev 2024.xls,Relatorio_UBEM,BAND FOLIA,2024-02-13,,,,HEY,IVETE SANGALO,IVETE SANGALO,0.0,,52.3166,,,,,52316600,523166
Band,band UNIFICADO out dez 2023 jan fev 2024.xls,Relatorio_UBEM,BAND FOLIA,2024-02-13,,,,PACIENCIA,DUDU FALCAO / LENINE,LENINE,0.0,,52.3166,,,,,52316600,523166
Band,band UNIFICADO out dez 2023 jan fev 2024.xls,Relatorio_UBEM,BAND FOLIA,2024-02-13,,,,DO IT,IVAN SANTOS / LENINE,LENINE,0.0,,52.3166,,,,,52316600,523166
Band,band UNIFICADO out dez 2023 jan fev 2024.xls,Relatorio_UBEM,BAND FOLIA,2024-02-13,,,,DESTRAVA,CLAUDIA LEITTE / LUCIANO PINTO / ALAN MORAES / ALANA GABRIELA / CLER,CLAUDIA LEITE,0.0,,52.3166,,,,,52316600,523166
Band,band UNIFICADO out dez 2023 jan fev 2024.xls,Relatorio_UBEM,BAND FOLIA,2024-02-13,,,,CLAUDINHA BAGUNCEIRA,GILSON MENEZES / UANDERSON SANTOS,CLAUDIA LEITE,0.0,,52.3166,,,,,52316600,523166
Band,band UNIFICADO out dez 2023 jan fev 2024.xls,Relatorio_UBEM,BAND FOLIA,2024-02-13,,,,ELA NAO MONTA NA LAMBRETA,WALDEMAR MARQUES DA SILVA / WASHINGTON BELL MARQUES DA SILVA,BELL MARQUES,0.0,,52.3166,,,,,52316600,523166
Band,band UNIFICADO out dez 2023 jan fev 2024.xls,Relatorio_UBEM,BAND FOLIA,2024-02-13,,,,LUAR DE PRATA,ALCEU VALENCA,ALCEU VALENÇA,0.0,,52.3166,,,,,52316600,523166
Band,band UNIFICADO out dez 2023 jan fev 2024.xls,Relatorio_UBEM,BAND FOLIA,2024-02-13,,,,FAVELA,LUCIANO BARROS / ALE / MARROM / SAMUEL ALAN / DANIEL MARLEY GUIMARAES BARRETO,LEO SANTANA,0.0,,52.3166,,,,,52316600,523166
Band,band UNIFICADO out dez 2023 jan fev 2024.xls,Relatorio_UBEM,BAND FOLIA,2024-02-13,,,,DESCO A MADEIRA,LEO SANTANA,LEO SANTANA,0.0,,52.3166,,,,,52316600,523166
Band,band UNIFICADO out dez 2023 jan fev 2024.xls,Relatorio_UBEM,BAND FOLIA,2024-02-13,,,,ABRACADINHO,LUANA MONALISA/ KARDEC SOUZA,LUANA MONALISA,0.0,,52.3166,,,,,52316600,523166
Band,band UNIFICADO out dez 2023 jan fev 2024.xls,Relatorio_UBEM,BAND FOLIA,2024-02-13,,,,PERNA BAMBA,BRENO MAJOR / GABRIEL BK / GABRIEL CANTINI / GUILHERME DA SILVA ALVES / LUCAS MEDEIROS / NEWTON FONSECA / SHYLTON FERNANDES / TINHO WT,LUANA MONALISA,0.0,,52.3166,,,,,52316600,523166
Band,band UNIFICADO out dez 2023 jan fev 2024.xls,Relatorio_UBEM,BORA BRASIL,2024-02-02,,,,CRIA DA IVETE,IVETE SANGALO / LUCIANO CHAVES / SAMIR TRINDADE,IVETE SANGALO,0.0,,62.7795,,,,,62779500,627795
Band,band UNIFICADO out dez 2023 jan fev 2024.xls,Relatorio_UBEM,BORA BRASIL,2024-02-02,,,,MORENA TROPICANA,ALCEU VALENÇA / VICENTE BARRETO,FALAMANSA,0.0,,62.7795,,,,,62779500,627795
Band,band UNIFICADO out dez 2023 jan fev 2024.xls,Relatorio_UBEM,BORA BRASIL,2024-02-02,,,,CRIA DA IVETE,IVETE SANGALO / LUCIANO CHAVES / SAMIR TRINDADE,IVETE SANGALO,0.0,,62.7795,,,,,62779500,627795
Band,band UNIFICADO out dez 2023 jan fev 2024.xls,Relatorio_UBEM,BORA BRASIL,2024-02-02,,,,CAI FORA FOTO NA ESTANTE,ADSON TAPAJOS / CLAUDIA LEITTE / DURVAL LUZ / SERGIO ROCHA / ZECA BRASILEIRO,CLAUDIA LEITTE,0.0,,62.7795,,,,,62779500,627795
Band,band UNIFICADO out dez 2023 jan fev 2024.xls,Relatorio_UBEM,BORA BRASIL,2024-02-02,,,,PORTELA CARNAVAL 2024,RAFAEL GIGANTE / VINICIUS FERREIRA / WANDERLEY MONTEIRO / BIRA / JEFFERSON OLIVEIRA / HELIO PORTO / ANDRE DO POSTO 7 /,GILSINHO,0.0,,62.7795,,,,,62779500,627795
Band,band UNIFICADO out dez 2023 jan fev 2024.xls,Relatorio_UBEM,BORA BRASIL,2024-02-02,,,,MANGUEIRA CARNAVAL 2024,LEQUINHO / JUNIOR FIONDA / GABRIEL MACHADO / FADICO / GUILHERME SA / PAULINHO BANDOLIM,DOWGLAS DINIZ E MARQUINHOS ART SAMBA,0.0,,62.7795,,,,,62779500,627795
Band,band UNIFICADO out dez 2023 jan fev 2024.xls,Relatorio_UBEM,BORA BRASIL,2024-02-02,,,,VASSOURINHA ,SIVUCA,SIVUCA,0.0,,62.7795,,,,,62779500,627795
Band,band UNIFICADO out dez 2023 jan fev 2024.xls,Relatorio_UBEM,BORA BRASIL,2024-02-02,,,,PORTELA CARNAVAL 2024,RAFAEL GIGANTE / VINICIUS FERREIRA / WANDERLEY MONTEIRO / BIRA / JEFFERSON OLIVEIRA / HELIO PORTO / ANDRE DO POSTO 7 /,GILSINHO,0.0,,62.7795,,,,,62779500,627795
Band,band UNIFICADO out dez 2023 jan fev 2024.xls,Relatorio_UBEM,BORA BRASIL,2024-02-02,,,,VASSOURINHA ,SIVUCA,SIVUCA,0.0,,62.7795,,,,,62779500,627795
Band,band UNIFICADO out dez 2023 jan fev 2024.xls,Relatorio_UBEM,BORA BRASIL,2024-02-02,,,,OH ABRE ALAS,CHIQUINHA GONZAGA,BETH CARVALHO,0.0,,62.7795,,,,,62779500,627795
Band,band UNIFICADO out dez 2023 jan fev 2024.xls,Relatorio_UBEM,BORA BRASIL,2024-02-05,,,,MACETANDO,IVETE SANGALO / LUCIANO CHAVES / SAMIR TRINDADE,IVETE SANGALO / LUDMILLA,0.0,,62.7795,,,,,62779500,627795
Band,band UNIFICADO out dez 2023 jan fev 2024.xls,Relatorio_UBEM,BORA BRASIL,2024-02-05,,,,MORENA TROPICANA,ALCEU VALENÇA / VICENTE BARRETO,FALAMANSA,0.0,,62.7795,,,,,62779500,627795
Band,band UNIFICADO out dez 2023 jan fev 2024.xls,Relatorio_UBEM,BORA BRASIL,2024-02-06,,,,MACETANDO,IVETE SANGALO / LUCIANO CHAVES / SAMIR TRINDADE,IVETE SANGALO / LUDMILLA,0.0,,62.7795,,,,,62779500,627795
Band,band UNIFICADO out dez 2023 jan fev 2024.xls,Relatorio_UBEM,BORA BRASIL,2024-02-07,,,,MACETANDO,IVETE SANGALO / LUCIANO CHAVES / SAMIR TRINDADE,IVETE SANGALO / LUDMILLA,0.0,,62.7795,,,,,62779500,627795
Band,band UNIFICADO out dez 2023 jan fev 2024.xls,Relatorio_UBEM,BORA BRASIL,2024-02-07,,,,PERNA BAMBA,SHYTON FERNANDES / TINHO WT / LUCAS LM / GABRIEL CANTINI / BRENO MAJOR / GABRIEL BK / NEWTON FONSECA / BATIDAO STRONDA,LEO SANTANA,0.0,,62.7795,,,,,62779500,627795
Band,band UNIFICADO out dez 2023 jan fev 2024.xls,Relatorio_UBEM,BORA BRASIL,2024-02-07,,,,MACETANDO,IVETE SANGALO / LUCIANO CHAVES / SAMIR TRINDADE,IVETE SANGALO / LUDMILLA,0.0,,62.7795,,,,,62779500,627795
Band,band UNIFICADO out dez 2023 jan fev 2024.xls,Relatorio_UBEM,BORA BRASIL,2024-02-07,,,,MACETANDO,IVETE SANGALO / LUCIANO CHAVES / SAMIR TRINDADE,IVETE SANGALO / LUDMILLA,0.0,,62.7795,,,,,62779500,627795
Band,band UNIFICADO out dez 2023 jan fev 2024.xls,Relatorio_UBEM,BORA BRASIL,2024-02-07,,,,POC POC,CAROLZINHA / ELANA DARA / PEDRO SAMPAIO / RAFINHA RSQ,PEDRO SAMPAIO,0.0,,62.7795,,,,,62779500,627795
Band,band UNIFICADO out dez 2023 jan fev 2024.xls,Relatorio_UBEM,BORA BRASIL,2024-02-09,,,,MACETANDO,IVETE SANGALO / LUCIANO CHAVES / SAMIR TRINDADE,IVETE SANGALO / LUDMILLA,0.0,,62.7795,,,,,62779500,627795
Band,band UNIFICADO out dez 2023 jan fev 2024.xls,Relatorio_UBEM,BORA BRASIL,2024-02-09,,,,PERNA BAMBA,SHYTON FERNANDES / TINHO WT / LUCAS LM / GABRIEL CANTINI / BRENO MAJOR / GABRIEL BK / NEWTON FONSECA / BATIDAO STRONDA,PARANGOLE / LEO SANTANA,0.0,,62.7795,,,,,62779500,627795
Band,band UNIFICADO out dez 2023 jan fev 2024.xls,Relatorio_UBEM,BORA BRASIL,2024-02-09,,,,MACETANDO,IVETE SANGALO / LUCIANO CHAVES / SAMIR TRINDADE,IVETE SANGALO / LUDMILLA,0.0,,62.7795,,,,,62779500,627795
Band,band UNIFICADO out dez 2023 jan fev 2024.xls,Relatorio_UBEM,BORA BRASIL,2024-02-09,,,,PERNA BAMBA,SHYTON FERNANDES / TINHO WT / LUCAS LM / GABRIEL CANTINI / BRENO MAJOR / GABRIEL BK / NEWTON FONSECA / BATIDAO STRONDA,PARANGOLE / LEO SANTANA,0.0,,62.7795,,,,,62779500,627795
Band,band UNIFICADO out dez 2023 jan fev 2024.xls,Relatorio_UBEM,BORA BRASIL,2024-02-12,,,,POR UNA CABEZA,CARLOS GARDEL,CARLOS GARDEL,0.0,,62.7795,,,,,62779500,627795
Band,band UNIFICADO out dez 2023 jan fev 2024.xls,Relatorio_UBEM,BORA BRASIL,2024-02-13,,,,GARÇOM,REGINALDO ROSSI,REGINALDO ROSSI,0.0,,62.7795,,,,,62779500,627795
Band,band UNIFICADO out dez 2023 jan fev 2024.xls,Relatorio_UBEM,BORA BRASIL,2024-02-13,,,,MACETANDO,IVETE SANGALO / LUCIANO CHAVES / SAMIR TRINDADE,IVETE SANGALO / LUDMILLA,0.0,,62.7795,,,,,62779500,627795
Band,band UNIFICADO out dez 2023 jan fev 2024.xls,Relatorio_UBEM,BORA BRASIL,2024-02-13,,,,MACETANDO,IVETE SANGALO / LUCIANO CHAVES / SAMIR TRINDADE,IVETE SANGALO / LUDMILLA,0.0,,62.7795,,,,,62779500,627795
Band,band UNIFICADO out dez 2023 jan fev 2024.xls,Relatorio_UBEM,BORA BRASIL,2024-02-13,,,,HOJE,LUDMILLA,LUDMILLA,0.0,,62.7795,,,,,62779500,627795
Band,band UNIFICADO out dez 2023 jan fev 2024.xls,Relatorio_UBEM,BORA BRASIL,2024-02-13,,,,MACETANDO,IVETE SANGALO / LUCIANO CHAVES / SAMIR TRINDADE,IVETE SANGALO / LUDMILLA,0.0,,62.7795,,,,,62779500,627795
Band,band UNIFICADO out dez 2023 jan fev 2024.xls,Relatorio_UBEM,BORA BRASIL,2024-02-13,,,,MACETANDO,IVETE SANGALO / LUCIANO CHAVES / SAMIR TRINDADE,IVETE SANGALO / LUDMILLA,0.0,,62.7795,,,,,62779500,627795
Band,band UNIFICADO out dez 2023 jan fev 2024.xls,Relatorio_UBEM,BORA BRASIL,2024-02-14,,,,POR UNA CABEZA,CARLOS GARDEL,CARLOS GARDEL,0.0,,62.7795,,,,,62779500,627795
Band,band UNIFICADO out dez 2023 jan fev 2024.xls,Relatorio_UBEM,BORA BRASIL,2024-02-14,,,,MOCIDADE ALEGRE 2024 SAMBA CAMPEAO,BIRO BIRO / TURKO / GUI CRUZ / RAFA DO CAVACO / MINUETTO / JOAO OSASCO / IMPERIAL / MARADONA / PORTUGA / FABIO SOUZA / DANIEL KATAR / VITOR GABRIEL,CARLOS JR E TINGA,0.0,,62.7795,,,,,62779500,627795
Band,band UNIFICADO out dez 2023 jan fev 2024.xls,Relatorio_UBEM,BORA BRASIL,2024-02-15,,,,FARAÓ DIVINDADE DO EGITO,MARGARETH MENEZES,MARGARETH MENEZES,0.0,,62.7795,,,,,62779500,627795
Band,band UNIFICADO out dez 2023 jan fev 2024.xls,Relatorio_UBEM,BORA BRASIL,2024-02-15,,,,UNIDOS DE PADRE MIGUEL 2024,CLAUDIO RUSSO / THIAGO CAZ / RICHARD VALENCA / W CORREA / ORLANDO AMBROSIO / MIGUEL DIBO / LICO MONTEIRO E CABECA DO AJAX,BRUNO RIBAS,0.0,,62.7795,,,,,62779500,627795
Band,band UNIFICADO out dez 2023 jan fev 2024.xls,Relatorio_UBEM,BORA BRASIL,2024-02-19,,,,HINO DO CORINTHIANS,LAURO D AVILA,Lauro D Avila,0.0,,62.7795,,,,,62779500,627795
Band,band UNIFICADO out dez 2023 jan fev 2024.xls,Relatorio_UBEM,DESFILES RIO DE JANEIRO,2024-02-09,,,,O ESPERANCAR DO POETA,ANDRE DO POSTO/CAMARAO NETO/JEFFERSON OLIVEIRA/JUNIOR FIONDA/MARQUINHO ABAETE/RAFAEL GIGANTE/VICTOR DO CHAPEU/VINICIUS FERREIRA,GRES UNIAO DE MARICA/LIGARJ/MATHEUS GAUCHO/NINO DO MILENIO,0.0,,52.3166,,,,,52316600,523166
Band,band UNIFICADO out dez 2023 jan fev 2024.xls,Relatorio_UBEM,DESFILES RIO DE JANEIRO,2024-02-09,,,,CATOPES UM CEU DE FITAS,EDU CASA/GILSON SILVA/JB OLIVEIRA/JULIO PAGE/JUNIOR FIONDA/MARCELINHO SANTOS/MARCUS LOPES/RICHARD VALENCA/ROD TORRES/TEM TEM JR,GRES ACADEMICOS DE NITEROI/LIGARJ/TUNINHO JR,0.0,,52.3166,,,,,52316600,523166
Band,band UNIFICADO out dez 2023 jan fev 2024.xls,Relatorio_UBEM,DESFILES RIO DE JANEIRO,2024-02-09,,,,TENDENDEM O AXE DO EPO PUPA,JUNIOR FIONDA / TEM TEM JR / CARLOS KIND / LÉO FREIRE / VITOR HUGO / LEO BERE / MARCELINHO SANTOS / JEFFERSON OLIVEIRA / ALEXANDRE ARAUJO / VALTINHO BOTAFOGO,KLEBER SIMPATIA,0.0,,52.3166,,,,,52316600,523166
Band,band UNIFICADO out dez 2023 jan fev 2024.xls,Relatorio_UBEM,DESFILES RIO DE JANEIRO,2024-02-10,,,,QUE GRANDE DESTINO RESERVARAM PRA VOCE,FADICO FADICO/FERNANDO DE LIMA/MATIAS DE OLIVEIRA/ORLANDO AMBROSIO/RICARDO GOES/RONALDO SOARES DA SILVA/SERGINHO MACHADO/SERGIO AUGUSTO GIL,GRES SAO CLEMENTE/LEANDRO SANTOS/LIGARJ/VITOR CUNHA,0.0,,52.3166,,,,,52316600,523166
Band,band UNIFICADO out dez 2023 jan fev 2024.xls,Relatorio_UBEM,DESFILES RIO DE JANEIRO,2024-02-10,,,,JORGE DA CAPADOCIA,BINHO PERCURSSÃOVR / CARLOS EDUARDO LOREANO MACHADO / CANDIDO BULGARI / DENI MORAES / DUDU SENNA / JEFFERSON OLIVEIRA / JORGE ROBERTO DE OLIVEIRA FIGUEIREDO / MARCELINHO SANTOS / RAFAEL RIBEIRO / RENAN DINIZ / RONIE OLIVEIRA / TEM TEM JR,IGOR VIANNA E PIPA BRASEY,0.0,,52.3166,,,,,52316600,523166
Band,band UNIFICADO out dez 2023 jan fev 2024.xls,Relatorio_UBEM,DESFILES RIO DE JANEIRO,2024-02-10,,,,ILU OBA OYO A GIRA DOS ANCESTRAIS,ALUISIO MACHADO / CARLOS SENNA / ANDINHO SAMARA / JEFFERSON OLIVEIRA NUNES / CARLITOS AMBROSIO / MARCOS R VALENCA,TEM TEM JR,0.0,,52.3166,,,,,52316600,523166
Band,band UNIFICADO out dez 2023 jan fev 2024.xls,Relatorio_UBEM,Documento Band,2024-02-29,,,,ADVOGADO FIEL,ANDERSON FREIRE,ANDERSON FREIRE,448.42,,448.42,,,,,44842,448
Band,band UNIFICADO out dez 2023 jan fev 2024.xls,Relatorio_UBEM,Documento Band,2024-02-29,,,,ADVOGADO FIEL,ANDERSON FREIRE,ANDERSON FREIRE,448.42,,448.42,,,,,44842,448
Band,band UNIFICADO out dez 2023 jan fev 2024.xls,Relatorio_UBEM,IGREJA UNIDA DEUS PROVERÁ,2024-02-01,,,,ORACAO NA JANELA,CAJU E CASTANHA,CAJU E CASTANHA,747.38,,747.38,,,,,74738,747
Band,band UNIFICADO out dez 2023 jan fev 2024.xls,Relatorio_UBEM,IGREJA UNIDA DEUS PROVERÁ,2024-02-02,,,,VEM ME TOCAR SENHOR,IVANILSON PONTES,MARCOS FELIPE,747.38,,747.38,,,,,74738,747
Band,band UNIFICADO out dez 2023 jan fev 2024.xls,Relatorio_UBEM,IGREJA UNIDA DEUS PROVERÁ,2024-02-02,,,,ORACAO NA JANELA,CAJU E CASTANHA,CAJU E CASTANHA,747.38,,747.38,,,,,74738,747
Band,band UNIFICADO out dez 2023 jan fev 2024.xls,Relatorio_UBEM,IGREJA UNIDA DEUS PROVERÁ,2024-02-02,,,,UM NOVO VENCEDOR,DAMARES,DEBORA ALMEIDA,747.38,,747.38,,,,,74738,747
Band,band UNIFICADO out dez 2023 jan fev 2024.xls,Relatorio_UBEM,IGREJA UNIDA DEUS PROVERÁ,2024-02-05,,,,SEU NOME E JESUS,RENATO SUHETT,MARCOS FELIPE,747.38,,747.38,,,,,74738,747
Band,band UNIFICADO out dez 2023 jan fev 2024.xls,Relatorio_UBEM,IGREJA UNIDA DEUS PROVERÁ,2024-02-05,,,,A ELE A GLORIA,GABRIELA ROCHA,DEBORA ALMEIDA,747.38,,747.38,,,,,74738,747
Band,band UNIFICADO out dez 2023 jan fev 2024.xls,Relatorio_UBEM,IGREJA UNIDA DEUS PROVERÁ,2024-02-05,,,,RENOVA ME,ALINE BARROS,MARCOS FELIPE,747.38,,747.38,,,,,74738,747
Band,band UNIFICADO out dez 2023 jan fev 2024.xls,Relatorio_UBEM,IGREJA UNIDA DEUS PROVERÁ,2024-02-05,,,,ORACAO NA JANELA,CAJU E CASTANHA,CAJU E CASTANHA,747.38,,747.38,,,,,74738,747
Band,band UNIFICADO out dez 2023 jan fev 2024.xls,Relatorio_UBEM,IGREJA UNIDA DEUS PROVERÁ,2024-02-06,,,,ELE VEM,DAVID QUINIAN,DEBORA ALMEIDA,747.38,,747.38,,,,,74738,747
Band,band UNIFICADO out dez 2023 jan fev 2024.xls,Relatorio_UBEM,IGREJA UNIDA DEUS PROVERÁ,2024-02-06,,,,TA CHORANDO POR QUE,PRETO NO BRANCO,WANDICK,747.38,,747.38,,,,,74738,747
Band,band UNIFICADO out dez 2023 jan fev 2024.xls,Relatorio_UBEM,IGREJA UNIDA DEUS PROVERÁ,2024-02-06,,,,DEIXA,MARIA MARÇAL,WANDICK,747.38,,747.38,,,,,74738,747
Band,band UNIFICADO out dez 2023 jan fev 2024.xls,Relatorio_UBEM,IGREJA UNIDA DEUS PROVERÁ,2024-02-06,,,,OH QUAO LINDO ESSE NOME E,ANA NOBREGA,MARCOS FELIPE,747.38,,747.38,,,,,74738,747
Band,band UNIFICADO out dez 2023 jan fev 2024.xls,Relatorio_UBEM,IGREJA UNIDA DEUS PROVERÁ,2024-02-06,,,,QUAO GRANDE E MEU DEUS,SORAYA MORAES,MARCOS FELIPE,747.38,,747.38,,,,,74738,747
Band,band UNIFICADO out dez 2023 jan fev 2024.xls,Relatorio_UBEM,IGREJA UNIDA DEUS PROVERÁ,2024-02-07,,,,UM NOVO VENCEDOR,DAMARES,DEBORA ALMEIDA,747.38,,747.38,,,,,74738,747
Band,band UNIFICADO out dez 2023 jan fev 2024.xls,Relatorio_UBEM,IGREJA UNIDA DEUS PROVERÁ,2024-02-07,,,,CAMINHO NO DESERTO,SORAYA MORAES,MARCOS FELIPE,747.38,,747.38,,,,,74738,747
Band,band UNIFICADO out dez 2023 jan fev 2024.xls,Relatorio_UBEM,IGREJA UNIDA DEUS PROVERÁ,2024-02-07,,,,ALEM DA MEDICINA,MARA LIMA,MARCOS FELIPE,747.38,,747.38,,,,,74738,747
Band,band UNIFICADO out dez 2023 jan fev 2024.xls,Relatorio_UBEM,IGREJA UNIDA DEUS PROVERÁ,2024-02-08,,,,A ELE A GLORIA,GABRIELA ROCHA,DEBORA ALMEIDA,747.38,,747.38,,,,,74738,747
Band,band UNIFICADO out dez 2023 jan fev 2024.xls,Relatorio_UBEM,IGREJA UNIDA DEUS PROVERÁ,2024-02-08,,,,ORACAO NA JANELA,CAJU E CASTANHA,CAJU E CASTANHA,747.38,,747.38,,,,,74738,747
Band,band UNIFICADO out dez 2023 jan fev 2024.xls,Relatorio_UBEM,IGREJA UNIDA DEUS PROVERÁ,2024-02-08,,,,CADEIAS QUEBRAR,SORAYA MORAES,MARCOS FELIPE,747.38,,747.38,,,,,74738,747
Band,band UNIFICADO out dez 2023 jan fev 2024.xls,Relatorio_UBEM,IGREJA UNIDA DEUS PROVERÁ,2024-02-08,,,,OH QUAO LINDO ESSE NOME E,ANA NOBREGA,MARCOS FELIPE,747.38,,747.38,,,,,74738,747
Band,band UNIFICADO out dez 2023 jan fev 2024.xls,Relatorio_UBEM,IGREJA UNIDA DEUS PROVERÁ,2024-02-09,,,,CAMINHO NO DESERTO,SORAYA MORAES,MARCOS FELIPE,747.38,,747.38,,,,,74738,747
Band,band UNIFICADO out dez 2023 jan fev 2024.xls,Relatorio_UBEM,IGREJA UNIDA DEUS PROVERÁ,2024-02-09,,,,ORACAO NA JANELA,CAJU E CASTANHA,CAJU E CASTANHA,747.38,,747.38,,,,,74738,747
Band,band UNIFICADO out dez 2023 jan fev 2024.xls,Relatorio_UBEM,IGREJA UNIDA DEUS PROVERÁ,2024-02-12,,,,ORACAO NA JANELA,CAJU E CASTANHA,CAJU E CASTANHA,747.38,,747.38,,,,,74738,747
Band,band UNIFICADO out dez 2023 jan fev 2024.xls,Relatorio_UBEM,IGREJA UNIDA DEUS PROVERÁ,2024-02-12,,,,QUAO GRANDE E MEU DEUS,SORAYA MORAES,MARCOS FELIPE,747.38,,747.38,,,,,74738,747
Band,band UNIFICADO out dez 2023 jan fev 2024.xls,Relatorio_UBEM,IGREJA UNIDA DEUS PROVERÁ,2024-02-12,,,,DEUS TEM O MELHOR PRA MIM,FERNANDINHO,MARCOS FELIPE,747.38,,747.38,,,,,74738,747
Band,band UNIFICADO out dez 2023 jan fev 2024.xls,Relatorio_UBEM,IGREJA UNIDA DEUS PROVERÁ,2024-02-12,,,,ALGO NOVO,KEMUEL,MARCOS FELIPE,747.38,,747.38,,,,,74738,747
Band,band UNIFICADO out dez 2023 jan fev 2024.xls,Relatorio_UBEM,IGREJA UNIDA DEUS PROVERÁ,2024-02-13,,,,ORACAO NA JANELA,CAJU E CASTANHA,CAJU E CASTANHA,747.38,,747.38,,,,,74738,747
Band,band UNIFICADO out dez 2023 jan fev 2024.xls,Relatorio_UBEM,IGREJA UNIDA DEUS PROVERÁ,2024-02-13,,,,CAMINHO NO DESERTO,SORAYA MORAES,MARCOS FELIPE,747.38,,747.38,,,,,74738,747
Band,band UNIFICADO out dez 2023 jan fev 2024.xls,Relatorio_UBEM,IGREJA UNIDA DEUS PROVERÁ,2024-02-13,,,,TA CHORANDO POR QUE,PRETO NO BRANCO,MARCOS FELIPE,747.38,,747.38,,,,,74738,747
Band,band UNIFICADO out dez 2023 jan fev 2024.xls,Relatorio_UBEM,IGREJA UNIDA DEUS PROVERÁ,2024-02-13,,,,OH QUAO LINDO ESSE NOME E,ANA NOBREGA,MARCOS FELIPE,747.38,,747.38,,,,,74738,747
Band,band UNIFICADO out dez 2023 jan fev 2024.xls,Relatorio_UBEM,IGREJA UNIDA DEUS PROVERÁ,2024-02-13,,,,CAMINHO NO DESERTO,SORAYA MORAES,WANDICK,747.38,,747.38,,,,,74738,747
Band,band UNIFICADO out dez 2023 jan fev 2024.xls,Relatorio_UBEM,IGREJA UNIDA DEUS PROVERÁ,2024-02-13,,,,FOI A MAO DE DEUS,SUED SILVA,WANDICK,747.38,,747.38,,,,,74738,747
Band,band UNIFICADO out dez 2023 jan fev 2024.xls,Relatorio_UBEM,IGREJA UNIDA DEUS PROVERÁ,2024-02-13,,,,QUAO GRANDE E O MEU DEUS,SORAYA MORAES,WANDICK,747.38,,747.38,,,,,74738,747
Band,band UNIFICADO out dez 2023 jan fev 2024.xls,Relatorio_UBEM,IGREJA UNIDA DEUS PROVERÁ,2024-02-13,,,,DEUS PROVERA,GABRIELA GOMES,WANDICK,747.38,,747.38,,,,,74738,747
Band,band UNIFICADO out dez 2023 jan fev 2024.xls,Relatorio_UBEM,IGREJA UNIDA DEUS PROVERÁ,2024-02-14,,,,LOGO DE MANHÃ,VENCEDORES POR CRISTO,MARCOS FELIPE,747.38,,747.38,,,,,74738,747
Band,band UNIFICADO out dez 2023 jan fev 2024.xls,Relatorio_UBEM,IGREJA UNIDA DEUS PROVERÁ,2024-02-14,,,,ORACAO NA JANELA,CAJU E CASTANHA,CAJU E CASTANHA,747.38,,747.38,,,,,74738,747
Band,band UNIFICADO out dez 2023 jan fev 2024.xls,Relatorio_UBEM,IGREJA UNIDA DEUS PROVERÁ,2024-02-14,,,,OH QUAO LINDO ESSE NOME E,ANA NOBREGA,MARCOS FELIPE,747.38,,747.38,,,,,74738,747
Band,band UNIFICADO out dez 2023 jan fev 2024.xls,Relatorio_UBEM,IGREJA UNIDA DEUS PROVERÁ,2024-02-14,,,,CONQUISTANDO O IMPOSSIVEL,JAMILY,MARCOS FELIPE,747.38,,747.38,,,,,74738,747
Band,band UNIFICADO out dez 2023 jan fev 2024.xls,Relatorio_UBEM,IGREJA UNIDA DEUS PROVERÁ,2024-02-14,,,,CAMINHO NO DESERTO,SORAYA MORAES,MARCOS FELIPE,747.38,,747.38,,,,,74738,747
Band,band UNIFICADO out dez 2023 jan fev 2024.xls,Relatorio_UBEM,IGREJA UNIDA DEUS PROVERÁ,2024-02-15,,,,CAMINHO NO DESERTO,SORAYA MORAES,MARCOS FELIPE,747.38,,747.38,,,,,74738,747
Band,band UNIFICADO out dez 2023 jan fev 2024.xls,Relatorio_UBEM,IGREJA UNIDA DEUS PROVERÁ,2024-02-15,,,,FAMILIA,REGIS DANESE,MARCOS FELIPE,747.38,,747.38,,,,,74738,747
Band,band UNIFICADO out dez 2023 jan fev 2024.xls,Relatorio_UBEM,IGREJA UNIDA DEUS PROVERÁ,2024-02-15,,,,NADA TEMEREI,MINISTÉRIO ATITUDE,MARCOS FELIPE,747.38,,747.38,,,,,74738,747
Band,band UNIFICADO out dez 2023 jan fev 2024.xls,Relatorio_UBEM,IGREJA UNIDA DEUS PROVERÁ,2024-02-15,,,,QUAO GRANDE E MEU DEUS,SORAYA MORAES,MARCOS FELIPE,747.38,,747.38,,,,,74738,747
Band,band UNIFICADO out dez 2023 jan fev 2024.xls,Relatorio_UBEM,IGREJA UNIDA DEUS PROVERÁ,2024-02-16,,,,ORACAO NA JANELA,CAJU E CASTANHA,CAJU E CASTANHA,747.38,,747.38,,,,,74738,747
Band,band UNIFICADO out dez 2023 jan fev 2024.xls,Relatorio_UBEM,IGREJA UNIDA DEUS PROVERÁ,2024-02-19,,,,VAI SER TAO LINDO,PEDRO HENRIQUE,MARCOS FELIPE,747.38,,747.38,,,,,74738,747
Band,band UNIFICADO out dez 2023 jan fev 2024.xls,Relatorio_UBEM,IGREJA UNIDA DEUS PROVERÁ,2024-02-19,,,,ORACAO NA JANELA,CAJU E CASTANHA,CAJU E CASTANHA,747.38,,747.38,,,,,74738,747
Band,band UNIFICADO out dez 2023 jan fev 2024.xls,Relatorio_UBEM,IGREJA UNIDA DEUS PROVERÁ,2024-02-20,,,,A ELE A GLORIA,GABRIELA ROCHA,DEBORA ALMEIDA,747.38,,747.38,,,,,74738,747
Band,band UNIFICADO out dez 2023 jan fev 2024.xls,Relatorio_UBEM,IGREJA UNIDA DEUS PROVERÁ,2024-02-20,,,,CONTA COMIGO,EDUARDO CARDOZO,JOSE,747.38,,747.38,,,,,74738,747
Band,band UNIFICADO out dez 2023 jan fev 2024.xls,Relatorio_UBEM,IGREJA UNIDA DEUS PROVERÁ,2024-02-20,,,,VAI SER TAO LINDO,PEDRO HENRIQUE,MARCOS FELIPE,747.38,,747.38,,,,,74738,747
Band,band UNIFICADO out dez 2023 jan fev 2024.xls,Relatorio_UBEM,IGREJA UNIDA DEUS PROVERÁ,2024-02-20,,,,TA CHORANDO POR QUE,PRETO NO BRANCO,MARCOS FELIPE,747.38,,747.38,,,,,74738,747
Band,band UNIFICADO out dez 2023 jan fev 2024.xls,Relatorio_UBEM,IGREJA UNIDA DEUS PROVERÁ,2024-02-21,,,,ALEM DA MEDICINA,MARA LIMA,MARCOS FELIPE,747.38,,747.38,,,,,74738,747
Band,band UNIFICADO out dez 2023 jan fev 2024.xls,Relatorio_UBEM,IGREJA UNIDA DEUS PROVERÁ,2024-02-21,,,,ORACAO NA JANELA,CAJU E CASTANHA,CAJU E CASTANHA,747.38,,747.38,,,,,74738,747
Band,band UNIFICADO out dez 2023 jan fev 2024.xls,Relatorio_UBEM,IGREJA UNIDA DEUS PROVERÁ,2024-02-22,,,,A CURA,LUDMILA FERBER,MARCOS FELIPE,747.38,,747.38,,,,,74738,747
Band,band UNIFICADO out dez 2023 jan fev 2024.xls,Relatorio_UBEM,IGREJA UNIDA DEUS PROVERÁ,2024-02-22,,,,A ELE A GLORIA,GABRIELA ROCHA,DEBORA ALMEIDA,747.38,,747.38,,,,,74738,747
Band,band UNIFICADO out dez 2023 jan fev 2024.xls,Relatorio_UBEM,IGREJA UNIDA DEUS PROVERÁ,2024-02-22,,,,RENOVA ME,ALINE BARROS,MARCOS FELIPE,747.38,,747.38,,,,,74738,747
Band,band UNIFICADO out dez 2023 jan fev 2024.xls,Relatorio_UBEM,IGREJA UNIDA DEUS PROVERÁ,2024-02-23,,,,ORACAO NA JANELA,CAJU E CASTANHA,CAJU E CASTANHA,747.38,,747.38,,,,,74738,747
Band,band UNIFICADO out dez 2023 jan fev 2024.xls,Relatorio_UBEM,IGREJA UNIDA DEUS PROVERÁ,2024-02-23,,,,SEI E BEM ASSIM,ELAINE MARTINS,MARCOS FELIPE,747.38,,747.38,,,,,74738,747
Band,band UNIFICADO out dez 2023 jan fev 2024.xls,Relatorio_UBEM,IGREJA UNIDA DEUS PROVERÁ,2024-02-26,,,,ACREDITA,NOVO SOM,MARCOS FELIPE,747.38,,747.38,,,,,74738,747
Band,band UNIFICADO out dez 2023 jan fev 2024.xls,Relatorio_UBEM,IGREJA UNIDA DEUS PROVERÁ,2024-02-26,,,,ORACAO NA JANELA,CAJU E CASTANHA,CAJU E CASTANHA,747.38,,747.38,,,,,74738,747
Band,band UNIFICADO out dez 2023 jan fev 2024.xls,Relatorio_UBEM,IGREJA UNIDA DEUS PROVERÁ,2024-02-26,,,,A CURA,LUDMILA FERBER,MARCOS FELIPE,747.38,,747.38,,,,,74738,747
Band,band UNIFICADO out dez 2023 jan fev 2024.xls,Relatorio_UBEM,IGREJA UNIDA DEUS PROVERÁ,2024-02-27,,,,LOGO DE MANHA,VENCEDORES POR CRISTO,MARCOS FELIPE,747.38,,747.38,,,,,74738,747
Band,band UNIFICADO out dez 2023 jan fev 2024.xls,Relatorio_UBEM,IGREJA UNIDA DEUS PROVERÁ,2024-02-27,,,,DEUS DE MARAVILHAS,MARA MARAVILHA,MARCOS FELIPE,747.38,,747.38,,,,,74738,747
Band,band UNIFICADO out dez 2023 jan fev 2024.xls,Relatorio_UBEM,IGREJA UNIDA DEUS PROVERÁ,2024-02-27,,,,REI DA GLORIA,MARQUINHOS GOMES,MARCOS FELIPE,747.38,,747.38,,,,,74738,747
Band,band UNIFICADO out dez 2023 jan fev 2024.xls,Relatorio_UBEM,IGREJA UNIDA DEUS PROVERÁ,2024-02-28,,,,ORACAO NA JANELA,CAJU E CASTANHA,CAJU E CASTANHA,747.38,,747.38,,,,,74738,747
Band,band UNIFICADO out dez 2023 jan fev 2024.xls,Relatorio_UBEM,IGREJA UNIDA DEUS PROVERÁ,2024-02-28,,,,E DEMAIS,ELAINE DE JESUS,MARCOS FELIPE,747.38,,747.38,,,,,74738,747
Band,band UNIFICADO out dez 2023 jan fev 2024.xls,Relatorio_UBEM,IGREJA UNIDA DEUS PROVERÁ,2024-02-28,,,,SOU UM MILAGRE,VOZ DA VERDADE,MARCOS FELIPE,747.38,,747.38,,,,,74738,747
Band,band UNIFICADO out dez 2023 jan fev 2024.xls,Relatorio_UBEM,IGREJA UNIDA DEUS PROVERÁ,2024-02-28,,,,CADEIAS QUEBRAR,SORAYA MORAES,MARCOS FELIPE,747.38,,747.38,,,,,74738,747
Band,band UNIFICADO out dez 2023 jan fev 2024.xls,Relatorio_UBEM,IGREJA UNIDA DEUS PROVERÁ,2024-02-28,,,,FORTE CAMPEAO,CASSIANE,MARCOS FELIPE,747.38,,747.38,,,,,74738,747
Band,band UNIFICADO out dez 2023 jan fev 2024.xls,Relatorio_UBEM,IGREJA UNIDA DEUS PROVERÁ,2024-02-29,,,,ORACAO NA JANELA,CAJU E CASTANHA,CAJU E CASTANHA,747.38,,747.38,,,,,74738,747
Band,band UNIFICADO out dez 2023 jan fev 2024.xls,Relatorio_UBEM,IGREJA UNIDA DEUS PROVERÁ,2024-02-29,,,,A CURA,LUDMILA FERBER,MARCOS FELIPE,747.38,,747.38,,,,,74738,747
Band,band UNIFICADO out dez 2023 jan fev 2024.xls,Relatorio_UBEM,IGREJA UNIDA DEUS PROVERÁ,2024-02-29,,,,VAI SER TAO LINDO,PEDRO HENRIQUE,MARCOS FELIPE,747.38,,747.38,,,,,74738,747
Band,band UNIFICADO out dez 2023 jan fev 2024.xls,Relatorio_UBEM,IGREJA UNIDA DEUS PROVERÁ,2024-02-29,,,,A CURA,LUDMILA FERBER,MARCOS FELIPE,747.38,,747.38,,,,,74738,747
Band,band UNIFICADO out dez 2023 jan fev 2024.xls,Relatorio_UBEM,JOGO ABERTO,2024-02-01,,,,RENATA FAN DANCE,DJ PRODIGIO,GIANCARLO / RAPHAEL,0.0,,62.7795,,,,,62779500,627795
Band,band UNIFICADO out dez 2023 jan fev 2024.xls,Relatorio_UBEM,JOGO ABERTO,2024-02-01,,,,SEVEN NATION ARMY,THE WHITE STRIPES,THE CONCERT,0.0,,62.7795,,,,,62779500,627795
Band,band UNIFICADO out dez 2023 jan fev 2024.xls,Relatorio_UBEM,JOGO ABERTO,2024-02-01,,,,THE FUTURE RAVE,APARECIDO JOAQUIM DE PAULA / LUCIANE GONCALVES CAEIRO,DJ PRODIGIO,0.0,,62.7795,,,,,62779500,627795
Band,band UNIFICADO out dez 2023 jan fev 2024.xls,Relatorio_UBEM,JOGO ABERTO,2024-02-01,,,,ISSO AQUI E O MENGAO,DG FABULLOSO/ GN FABULLOSO/ LEONY FABULLOSO,OS FABULLOSOS,0.0,,62.7795,,,,,62779500,627795
Band,band UNIFICADO out dez 2023 jan fev 2024.xls,Relatorio_UBEM,JOGO ABERTO,2024-02-01,,,,SELF CONTROL,GIANCARLO BIGAZZI / RAFAELE RIEFOLI / STEPHEN VICENT PICCOLO,DJ PRODIGIO,0.0,,62.7795,,,,,62779500,627795
Band,band UNIFICADO out dez 2023 jan fev 2024.xls,Relatorio_UBEM,JOGO ABERTO,2024-02-01,,,,PALMEIRAS NAO TEM MAIS RIVAL,JAHMAI,TONINHO / GIDEAO / JAHMAI,0.0,,62.7795,,,,,62779500,627795
Band,band UNIFICADO out dez 2023 jan fev 2024.xls,Relatorio_UBEM,JOGO ABERTO,2024-02-01,,,,IL SILENZIO,NINI ROSSO,NINI ROSSO,0.0,,62.7795,,,,,62779500,627795
Band,band UNIFICADO out dez 2023 jan fev 2024.xls,Relatorio_UBEM,JOGO ABERTO,2024-02-01,,,,VAMOS VAMOS PORCO,DG FABULLOSO/ GN FABULLOSO/ LEONY FABULLOSO,OS FABULLOSOS,0.0,,62.7795,,,,,62779500,627795
Band,band UNIFICADO out dez 2023 jan fev 2024.xls,Relatorio_UBEM,JOGO ABERTO,2024-02-01,,,,BABY SHARK,PINKFONG,BABY SHARK,0.0,,62.7795,,,,,62779500,627795
Band,band UNIFICADO out dez 2023 jan fev 2024.xls,Relatorio_UBEM,JOGO ABERTO,2024-02-01,,,,TROPA DO FLU,DIONATAN MARQUES/ EDUARDO MARIN/ EZEQUIEL VIEIRA/ KATY WIN/ ROGERIO FERRARI,MOZA,0.0,,62.7795,,,,,62779500,627795
Band,band UNIFICADO out dez 2023 jan fev 2024.xls,Relatorio_UBEM,JOGO ABERTO,2024-02-01,,,,VEM NA MAMAE,OS SOLTEIRÕES DO FORRÓ,Os solteirões do forro,0.0,,62.7795,,,,,62779500,627795
Band,band UNIFICADO out dez 2023 jan fev 2024.xls,Relatorio_UBEM,JOGO ABERTO,2024-02-02,,,,SEVEN NATION ARMY,THE WHITE STRIPES,THE CONCERT,0.0,,62.7795,,,,,62779500,627795
Band,band UNIFICADO out dez 2023 jan fev 2024.xls,Relatorio_UBEM,JOGO ABERTO,2024-02-02,,,,PALMEIRAS NAO TEM MAIS RIVAL,JAHMAI,TONINHO / GIDEAO / JAHMAI,0.0,,62.7795,,,,,62779500,627795
Band,band UNIFICADO out dez 2023 jan fev 2024.xls,Relatorio_UBEM,JOGO ABERTO,2024-02-02,,,,PALMEIRAS NAO TEM MAIS RIVAL,JAHMAI,TONINHO / GIDEAO / JAHMAI,0.0,,62.7795,,,,,62779500,627795
Band,band UNIFICADO out dez 2023 jan fev 2024.xls,Relatorio_UBEM,JOGO ABERTO,2024-02-02,,,,PALMEIRAS NAO TEM MAIS RIVAL,JAHMAI,TONINHO / GIDEAO / JAHMAI,0.0,,62.7795,,,,,62779500,627795
Band,band UNIFICADO out dez 2023 jan fev 2024.xls,Relatorio_UBEM,JOGO ABERTO,2024-02-02,,,,VAMOS VAMOS PORCO,DG FABULLOSO/ GN FABULLOSO/ LEONY FABULLOSO,OS FABULLOSOS,0.0,,62.7795,,,,,62779500,627795
Band,band UNIFICADO out dez 2023 jan fev 2024.xls,Relatorio_UBEM,JOGO ABERTO,2024-02-02,,,,GLORIOSO BOTAFOGO,FORMULA INDY,MC COLERINHO,0.0,,62.7795,,,,,62779500,627795
Band,band UNIFICADO out dez 2023 jan fev 2024.xls,Relatorio_UBEM,JOGO ABERTO,2024-02-02,,,,SEXTOU SEXTOU,LEONARDO CASAGRANDE DA SILVA,ULISSES SALVADOR,0.0,,62.7795,,,,,62779500,627795
Band,band UNIFICADO out dez 2023 jan fev 2024.xls,Relatorio_UBEM,JOGO ABERTO,2024-02-02,,,,SOMOS FIEIS ATE MORRER,DHEMA,DHEMA / ERNESTO TEIXEIRA,0.0,,62.7795,,,,,62779500,627795
Band,band UNIFICADO out dez 2023 jan fev 2024.xls,Relatorio_UBEM,JOGO ABERTO,2024-02-02,,,,THE FUTURE ,ALOK,DJ PRODIGIO,0.0,,62.7795,,,,,62779500,627795
Band,band UNIFICADO out dez 2023 jan fev 2024.xls,Relatorio_UBEM,JOGO ABERTO,2024-02-05,,,,LEVITATING,DUA LIPA/,DUA LIPA,0.0,,62.7795,,,,,62779500,627795
Band,band UNIFICADO out dez 2023 jan fev 2024.xls,Relatorio_UBEM,JOGO ABERTO,2024-02-05,,,,SEVEN NATION ARMY,THE WHITE STRIPES,THE CONCERT,0.0,,62.7795,,,,,62779500,627795
Band,band UNIFICADO out dez 2023 jan fev 2024.xls,Relatorio_UBEM,JOGO ABERTO,2024-02-05,,,,SHE WOLF                                          ,SHAKIRA/JOHN GRAHAM HILL/SAMUEL ENDICOTT,SHAKIRA,0.0,,62.7795,,,,,62779500,627795
Band,band UNIFICADO out dez 2023 jan fev 2024.xls,Relatorio_UBEM,JOGO ABERTO,2024-02-05,,,,HINO DO SAO PAULO,JOSE PORFIRIO DA PAZ,ULTRAJE A RIGOR,0.0,,62.7795,,,,,62779500,627795
Band,band UNIFICADO out dez 2023 jan fev 2024.xls,Relatorio_UBEM,JOGO ABERTO,2024-02-05,,,,BREGADEIRA DO SAO PAULO,BLACK JUNIOR / MC EZ / PETTER FERRAZ / TONINHO CRUZ,PETTER FERRAZ,0.0,,62.7795,,,,,62779500,627795
Band,band UNIFICADO out dez 2023 jan fev 2024.xls,Relatorio_UBEM,JOGO ABERTO,2024-02-05,,,,FELIZ DEMAIS,ANGELO MARTINS / ÉRICO LEONAN / FELIPE ESPÍNDOLA / FELIPE PIROLLO / FELLIPE LUCENA,XAND AVIÃO FEAT SÃO PAULO FC,0.0,,62.7795,,,,,62779500,627795
Band,band UNIFICADO out dez 2023 jan fev 2024.xls,Relatorio_UBEM,JOGO ABERTO,2024-02-05,,,,GALOPA,GABRIEL CANTINI / PEDRO SAMPAIO / SHYLTON FERNANDES,PEDRO SAMPAIO,0.0,,62.7795,,,,,62779500,627795
Band,band UNIFICADO out dez 2023 jan fev 2024.xls,Relatorio_UBEM,JOGO ABERTO,2024-02-05,,,,VAI CAIR NO FORRÓ,DYEGUINHO SILVA,DYEGUINHO SILVA,0.0,,62.7795,,,,,62779500,627795
Band,band UNIFICADO out dez 2023 jan fev 2024.xls,Relatorio_UBEM,JOGO ABERTO,2024-02-05,,,,THE FUTURE RAVE,APARECIDO JOAQUIM DE PAULA / LUCIANE GONCALVES CAEIRO,DJ PRODIGIO,0.0,,62.7795,,,,,62779500,627795
Band,band UNIFICADO out dez 2023 jan fev 2024.xls,Relatorio_UBEM,JOGO ABERTO,2024-02-06,,,,RENATA FAN DANCE,DJ PRODIGIO,GIANCARLO / RAPHAEL,0.0,,62.7795,,,,,62779500,627795
Band,band UNIFICADO out dez 2023 jan fev 2024.xls,Relatorio_UBEM,JOGO ABERTO,2024-02-06,,,,SEVEN NATION AMY,THE WHITE STRIPES,THE CONCERT,0.0,,62.7795,,,,,62779500,627795
Band,band UNIFICADO out dez 2023 jan fev 2024.xls,Relatorio_UBEM,JOGO ABERTO,2024-02-06,,,,SACODE A LAJE,ATOXA,THIAGUINHO,0.0,,62.7795,,,,,62779500,627795
Band,band UNIFICADO out dez 2023 jan fev 2024.xls,Relatorio_UBEM,JOGO ABERTO,2024-02-06,,,,BREGADEIRA DO SAO PAULO,BLACK JUNIOR / MC EZ / PETTER FERRAZ / TONINHO CRUZ,PETTER FERRAZ,0.0,,62.7795,,,,,62779500,627795
Band,band UNIFICADO out dez 2023 jan fev 2024.xls,Relatorio_UBEM,JOGO ABERTO,2024-02-07,,,,RENATA FAN DANCE,DJ PRODIGIO,GIANCARLO / RAPHAEL,0.0,,62.7795,,,,,62779500,627795
Band,band UNIFICADO out dez 2023 jan fev 2024.xls,Relatorio_UBEM,JOGO ABERTO,2024-02-07,,,,VAMOS VAMOS PORCO,DG FABULLOSO/ GN FABULLOSO/ LEONY FABULLOSO,OS FABULLOSOS,0.0,,62.7795,,,,,62779500,627795
Band,band UNIFICADO out dez 2023 jan fev 2024.xls,Relatorio_UBEM,JOGO ABERTO,2024-02-07,,,,SELF CONTROL,LAURA BRANIGAN,DJ PRODIGIO,0.0,,62.7795,,,,,62779500,627795
Band,band UNIFICADO out dez 2023 jan fev 2024.xls,Relatorio_UBEM,JOGO ABERTO,2024-02-07,,,,SOMOS FIEIS ATE MORRER,DHEMA,DHEMA / ERNESTO TEIXEIRA,0.0,,62.7795,,,,,62779500,627795
Band,band UNIFICADO out dez 2023 jan fev 2024.xls,Relatorio_UBEM,JOGO ABERTO,2024-02-07,,,,SHOW DAS PODEROSAS 0,ANITTA,ANITTA,0.0,,62.7795,,,,,62779500,627795
Band,band UNIFICADO out dez 2023 jan fev 2024.xls,Relatorio_UBEM,JOGO ABERTO,2024-02-08,,,,SEVEN NATION AMY,THE WHITE STRIPES,THE CONCERT,0.0,,62.7795,,,,,62779500,627795
Band,band UNIFICADO out dez 2023 jan fev 2024.xls,Relatorio_UBEM,JOGO ABERTO,2024-02-08,,,,RENATA FAN DANCE,DJ PRODIGIO,GIANCARLO / RAPHAEL,0.0,,62.7795,,,,,62779500,627795
Band,band UNIFICADO out dez 2023 jan fev 2024.xls,Relatorio_UBEM,JOGO ABERTO,2024-02-08,,,,ISSO AQUI E O MENGAO,DG FABULLOSO/ GN FABULLOSO/ LEONY FABULLOSO,OS FABULLOSOS,0.0,,62.7795,,,,,62779500,627795
Band,band UNIFICADO out dez 2023 jan fev 2024.xls,Relatorio_UBEM,JOGO ABERTO,2024-02-08,,,,NEYMAR SHOW DE BOLA,TRIBALISTAS,UM TOQUE A MAIS,0.0,,62.7795,,,,,62779500,627795
Band,band UNIFICADO out dez 2023 jan fev 2024.xls,Relatorio_UBEM,JOGO ABERTO,2024-02-08,,,,VAMOS VAMOS PORCO,DG FABULLOSO/ GN FABULLOSO/ LEONY FABULLOSO,OS FABULLOSOS,0.0,,62.7795,,,,,62779500,627795
Band,band UNIFICADO out dez 2023 jan fev 2024.xls,Relatorio_UBEM,JOGO ABERTO,2024-02-08,,,,TROPA DO FLU,DIONATAN MARQUES/ EDUARDO MARIN/ EZEQUIEL VIEIRA/ KATY WIN/ ROGERIO FERRARI,MOZA,0.0,,62.7795,,,,,62779500,627795
Band,band UNIFICADO out dez 2023 jan fev 2024.xls,Relatorio_UBEM,JOGO ABERTO,2024-02-08,,,,BREGADEIRA DO SAO PAULO,BLACK JUNIOR / MC EZ / PETTER FERRAZ / TONINHO CRUZ,PETTER FERRAZ,0.0,,62.7795,,,,,62779500,627795
Band,band UNIFICADO out dez 2023 jan fev 2024.xls,Relatorio_UBEM,JOGO ABERTO,2024-02-09,,,,RENATA FAN DANCE,DJ PRODIGIO,GIANCARLO / RAPHAEL,0.0,,62.7795,,,,,62779500,627795
Band,band UNIFICADO out dez 2023 jan fev 2024.xls,Relatorio_UBEM,JOGO ABERTO,2024-02-09,,,,THE FUTURE ,ALOK,DJ PRODIGIO,0.0,,62.7795,,,,,62779500,627795
Band,band UNIFICADO out dez 2023 jan fev 2024.xls,Relatorio_UBEM,JOGO ABERTO,2024-02-09,,,,DALE VASCO,FERNANDO ANTONIO MARTINS PINHEIRO / JOAO ARTHUR MERENHOLZ DE AQUINO / JOSE EDUARDO HOMEM DE MELLO / VITOR ROCHA BROGGINI,MC 2L,0.0,,62.7795,,,,,62779500,627795
Band,band UNIFICADO out dez 2023 jan fev 2024.xls,Relatorio_UBEM,JOGO ABERTO,2024-02-09,,,,SOMOS FIEIS ATE MORRER,DHEMA,DHEMA / ERNESTO TEIXEIRA,0.0,,62.7795,,,,,62779500,627795
Band,band UNIFICADO out dez 2023 jan fev 2024.xls,Relatorio_UBEM,JOGO ABERTO,2024-02-09,,,,HOT SUMMER NIGHT,DJ PRODIGIO,DJ PRODIGIO,0.0,,62.7795,,,,,62779500,627795
Band,band UNIFICADO out dez 2023 jan fev 2024.xls,Relatorio_UBEM,JOGO ABERTO,2024-02-09,,,,BREGADEIRA DO SAO PAULO,BLACK JUNIOR / MC EZ / PETTER FERRAZ / TONINHO CRUZ,PETTER FERRAZ,0.0,,62.7795,,,,,62779500,627795
Band,band UNIFICADO out dez 2023 jan fev 2024.xls,Relatorio_UBEM,JOGO ABERTO,2024-02-09,,,,TROPA DO FLU,DIONATAN MARQUES/ EDUARDO MARIN/ EZEQUIEL VIEIRA/ KATY WIN/ ROGERIO FERRARI,MOZA,0.0,,62.7795,,,,,62779500,627795
Band,band UNIFICADO out dez 2023 jan fev 2024.xls,Relatorio_UBEM,JOGO ABERTO,2024-02-09,,,,GLORIOSO BOTAFOGO,FORMULA INDY,MC COLERINHO,0.0,,62.7795,,,,,62779500,627795
Band,band UNIFICADO out dez 2023 jan fev 2024.xls,Relatorio_UBEM,JOGO ABERTO,2024-02-12,,,,MACETANDO,IVETE SANGALO / LUCIANO CHAVES / SAMIR TRINDADE,IVETE SANGALO / LUDMILLA,0.0,,62.7795,,,,,62779500,627795
Band,band UNIFICADO out dez 2023 jan fev 2024.xls,Relatorio_UBEM,JOGO ABERTO,2024-02-12,,,,SEVEN NATION ARMY,JACK WHITE,THE CONCERT,0.0,,62.7795,,,,,62779500,627795
Band,band UNIFICADO out dez 2023 jan fev 2024.xls,Relatorio_UBEM,JOGO ABERTO,2024-02-12,,,,POR UNA CABEZA,ALFREDO LE PERA / CARLOS GARDEL,CARLOS GARDEL,0.0,,62.7795,,,,,62779500,627795
Band,band UNIFICADO out dez 2023 jan fev 2024.xls,Relatorio_UBEM,JOGO ABERTO,2024-02-12,,,,ISSO AQUI E O MENGAO,DG FABULLOSO/ GN FABULLOSO/ LEONY FABULLOSO,OS FABULLOSOS,0.0,,62.7795,,,,,62779500,627795
Band,band UNIFICADO out dez 2023 jan fev 2024.xls,Relatorio_UBEM,JOGO ABERTO,2024-02-12,,,,VEM NO PASSINHO DO SACI,MC EZ,MC EZ,0.0,,62.7795,,,,,62779500,627795
Band,band UNIFICADO out dez 2023 jan fev 2024.xls,Relatorio_UBEM,JOGO ABERTO,2024-02-12,,,,BABY SHARK,PINKFONG,BABY SHARK,0.0,,62.7795,,,,,62779500,627795
Band,band UNIFICADO out dez 2023 jan fev 2024.xls,Relatorio_UBEM,JOGO ABERTO,2024-02-12,,,,FUNK DO SÃO PAULO,DJ NEGRÃO/TONINHO CRUZ,MC GUIZINHO,0.0,,62.7795,,,,,62779500,627795
Band,band UNIFICADO out dez 2023 jan fev 2024.xls,Relatorio_UBEM,JOGO ABERTO,2024-02-12,,,,MACETANDO,IVETE SANGALO / LUCIANO CHAVES / SAMIR TRINDADE,IVETE SANGALO / LUDMILLA,0.0,,62.7795,,,,,62779500,627795
Band,band UNIFICADO out dez 2023 jan fev 2024.xls,Relatorio_UBEM,JOGO ABERTO,2024-02-12,,,,SEVEN NATION ARMY,THE WHITE STRIPES,THE CONCERT,0.0,,62.7795,,,,,62779500,627795
Band,band UNIFICADO out dez 2023 jan fev 2024.xls,Relatorio_UBEM,JOGO ABERTO,2024-02-12,,,,POR UNA CABEZA,ALFREDO LE PERA / CARLOS GARDEL,CARLOS GARDEL,0.0,,62.7795,,,,,62779500,627795
Band,band UNIFICADO out dez 2023 jan fev 2024.xls,Relatorio_UBEM,JOGO ABERTO,2024-02-12,,,,BABY SHARK,PINKFONG,BABY SHARK,0.0,,62.7795,,,,,62779500,627795
Band,band UNIFICADO out dez 2023 jan fev 2024.xls,Relatorio_UBEM,JOGO ABERTO,2024-02-12,,,,FUNK DO SÃO PAULO,DJ NEGRÃO/TONINHO CRUZ,MC GUIZINHO,0.0,,62.7795,,,,,62779500,627795
Band,band UNIFICADO out dez 2023 jan fev 2024.xls,Relatorio_UBEM,JOGO ABERTO,2024-02-13,,,,SEVEN NATION AMY,THE WHITE STRIPES,THE CONCERT,0.0,,62.7795,,,,,62779500,627795
Band,band UNIFICADO out dez 2023 jan fev 2024.xls,Relatorio_UBEM,JOGO ABERTO,2024-02-13,,,,O ABRE ALAS,RODRIGO PEREIRA / ELISEU FIUZA / CHIQUINHA GONZAGA,BANDA GOL,0.0,,62.7795,,,,,62779500,627795
Band,band UNIFICADO out dez 2023 jan fev 2024.xls,Relatorio_UBEM,JOGO ABERTO,2024-02-13,,,,NEM AS PAREDES CONFESSO,AMALIA AT THE PARIS OLYMPI,AMALIA RODRIGUES,0.0,,62.7795,,,,,62779500,627795
Band,band UNIFICADO out dez 2023 jan fev 2024.xls,Relatorio_UBEM,JOGO ABERTO,2024-02-13,,,,BABY SHARK,PINKFONG,BABY SHARK,0.0,,62.7795,,,,,62779500,627795
Band,band UNIFICADO out dez 2023 jan fev 2024.xls,Relatorio_UBEM,JOGO ABERTO,2024-02-13,,,,HINO DO CORINTHIANS,LAURO D AVILA,Lauro D Avila,0.0,,62.7795,,,,,62779500,627795
Band,band UNIFICADO out dez 2023 jan fev 2024.xls,Relatorio_UBEM,JOGO ABERTO,2024-02-14,,,,A SEVEN NATION ARMY,WHITE STRIPES,THE CONCERT,0.0,,62.7795,,,,,62779500,627795
Band,band UNIFICADO out dez 2023 jan fev 2024.xls,Relatorio_UBEM,JOGO ABERTO,2024-02-14,,,,SAO PAULO (365),365,XANDY AVIAO,0.0,,62.7795,,,,,62779500,627795
Band,band UNIFICADO out dez 2023 jan fev 2024.xls,Relatorio_UBEM,JOGO ABERTO,2024-02-14,,,,BABY SHARK,PINKFONG,BABY SHARK,0.0,,62.7795,,,,,62779500,627795
Band,band UNIFICADO out dez 2023 jan fev 2024.xls,Relatorio_UBEM,JOGO ABERTO,2024-02-14,,,,DALE VASCO,FERNANDO ANTONIO MARTINS PINHEIRO / JOAO ARTHUR MERENHOLZ DE AQUINO / JOSE EDUARDO HOMEM DE MELLO / VITOR ROCHA BROGGINI,MC 2L,0.0,,62.7795,,,,,62779500,627795
Band,band UNIFICADO out dez 2023 jan fev 2024.xls,Relatorio_UBEM,JOGO ABERTO,2024-02-14,,,,HINO DO CORINTHIANS,LAURO D AVILA,Lauro D Avila,0.0,,62.7795,,,,,62779500,627795
Band,band UNIFICADO out dez 2023 jan fev 2024.xls,Relatorio_UBEM,JOGO ABERTO,2024-02-14,,,,NEM AS PAREDES CONFESSO,AMALIA AT THE PARIS OLYMPI,AMALIA RODRIGUES,0.0,,62.7795,,,,,62779500,627795
Band,band UNIFICADO out dez 2023 jan fev 2024.xls,Relatorio_UBEM,JOGO ABERTO,2024-02-15,,,,A SEVEN NATION ARMY,WHITE STRIPES,THE CONCERT,0.0,,62.7795,,,,,62779500,627795
Band,band UNIFICADO out dez 2023 jan fev 2024.xls,Relatorio_UBEM,JOGO ABERTO,2024-02-15,,,,SER FLAMENGO E MUITO BOM,OS FABULLOSOS,OS FABULLOSOS,0.0,,62.7795,,,,,62779500,627795
Band,band UNIFICADO out dez 2023 jan fev 2024.xls,Relatorio_UBEM,JOGO ABERTO,2024-02-15,,,,BABY SHARK,PINKFONG,BABY SHARK,0.0,,62.7795,,,,,62779500,627795
Band,band UNIFICADO out dez 2023 jan fev 2024.xls,Relatorio_UBEM,JOGO ABERTO,2024-02-15,,,,EU SOU PALMEIRAS SIM SENHOR,MC FANDANGOS,MC FANDANGOS,0.0,,62.7795,,,,,62779500,627795
Band,band UNIFICADO out dez 2023 jan fev 2024.xls,Relatorio_UBEM,JOGO ABERTO,2024-02-16,,,,A SEVEN NATION ARMY,WHITE STRIPES,THE CONCERT,0.0,,62.7795,,,,,62779500,627795
Band,band UNIFICADO out dez 2023 jan fev 2024.xls,Relatorio_UBEM,JOGO ABERTO,2024-02-16,,,,VAMOS VAMOS PORCO,DG FABULLOSO/ GN FABULLOSO/ LEONY FABULLOSO,OS FABULLOSOS,0.0,,62.7795,,,,,62779500,627795
Band,band UNIFICADO out dez 2023 jan fev 2024.xls,Relatorio_UBEM,JOGO ABERTO,2024-02-16,,,,GLORIOSO BOTAFOGO,FORMULA INDY,MC COLERINHO,0.0,,62.7795,,,,,62779500,627795
Band,band UNIFICADO out dez 2023 jan fev 2024.xls,Relatorio_UBEM,JOGO ABERTO,2024-02-16,,,,VEM NO PASSINHO DO SACI,MC EZ,MC EZ,0.0,,62.7795,,,,,62779500,627795
Band,band UNIFICADO out dez 2023 jan fev 2024.xls,Relatorio_UBEM,JOGO ABERTO,2024-02-20,,,,SEVEN NATION ARMY,THE WHITE STRIPES,THE CONCERT,0.0,,62.7795,,,,,62779500,627795
Band,band UNIFICADO out dez 2023 jan fev 2024.xls,Relatorio_UBEM,JOGO ABERTO,2024-02-20,,,,RENATA FAN DANCE,DJ PRODIGIO,GIANCARLO / RAPHAEL,0.0,,62.7795,,,,,62779500,627795
Band,band UNIFICADO out dez 2023 jan fev 2024.xls,Relatorio_UBEM,JOGO ABERTO,2024-02-20,,,,BREGADEIRA DO SAO PAULO,BLACK JUNIOR / MC EZ / PETTER FERRAZ / TONINHO CRUZ,PETTER FERRAZ,0.0,,62.7795,,,,,62779500,627795
Band,band UNIFICADO out dez 2023 jan fev 2024.xls,Relatorio_UBEM,JOGO ABERTO,2024-02-20,,,,TROPA DO FLU,DIONATAN MARQUES/ EDUARDO MARIN/ EZEQUIEL VIEIRA/ KATY WIN/ ROGERIO FERRARI,MOZA,0.0,,62.7795,,,,,62779500,627795
Band,band UNIFICADO out dez 2023 jan fev 2024.xls,Relatorio_UBEM,JOGO ABERTO,2024-02-20,,,,GLORIOSO BOTAFOGO,FORMULA INDY,MC COLERINHO,0.0,,62.7795,,,,,62779500,627795
Band,band UNIFICADO out dez 2023 jan fev 2024.xls,Relatorio_UBEM,JOGO ABERTO,2024-02-21,,,,SEVEN NATION ARMY,THE WHITE STRIPES,THE CONCERT,0.0,,62.7795,,,,,62779500,627795
Band,band UNIFICADO out dez 2023 jan fev 2024.xls,Relatorio_UBEM,JOGO ABERTO,2024-02-21,,,,BREGADEIRA DO SAO PAULO,BLACK JUNIOR / MC EZ / PETTER FERRAZ / TONINHO CRUZ,PETTER FERRAZ,0.0,,62.7795,,,,,62779500,627795
Band,band UNIFICADO out dez 2023 jan fev 2024.xls,Relatorio_UBEM,JOGO ABERTO,2024-02-21,,,,THE FUTURE RAVE,APARECIDO JOAQUIM DE PAULA / LUCIANE GONCALVES CAEIRO,DJ PRODIGIO,0.0,,62.7795,,,,,62779500,627795
Band,band UNIFICADO out dez 2023 jan fev 2024.xls,Relatorio_UBEM,JOGO ABERTO,2024-02-21,,,,BABY I M THE CAT TECHNO,DJ PRODIGIO,DJ PRODIGIO,0.0,,62.7795,,,,,62779500,627795
Band,band UNIFICADO out dez 2023 jan fev 2024.xls,Relatorio_UBEM,JOGO ABERTO,2024-02-21,,,,VAMOS VAMOS PORCO,DG FABULLOSO/ GN FABULLOSO/ LEONY FABULLOSO,OS FABULLOSOS,0.0,,62.7795,,,,,62779500,627795
Band,band UNIFICADO out dez 2023 jan fev 2024.xls,Relatorio_UBEM,JOGO ABERTO,2024-02-22,,,,SEVEN NATION ARMY,THE WHITE STRIPES,THE CONCERT,0.0,,62.7795,,,,,62779500,627795
Band,band UNIFICADO out dez 2023 jan fev 2024.xls,Relatorio_UBEM,JOGO ABERTO,2024-02-22,,,,VAMOS VAMOS PORCO,DG FABULLOSO/ GN FABULLOSO/ LEONY FABULLOSO,OS FABULLOSOS,0.0,,62.7795,,,,,62779500,627795
Band,band UNIFICADO out dez 2023 jan fev 2024.xls,Relatorio_UBEM,JOGO ABERTO,2024-02-23,,,,SEVEN NATION ARMY,THE WHITE STRIPES,THE CONCERT,0.0,,62.7795,,,,,62779500,627795
Band,band UNIFICADO out dez 2023 jan fev 2024.xls,Relatorio_UBEM,JOGO ABERTO,2024-02-23,,,,SEXTOU SEXTOU,LEONARDO CASAGRANDE DA SILVA,ULISSES SALVADOR,0.0,,62.7795,,,,,62779500,627795
Band,band UNIFICADO out dez 2023 jan fev 2024.xls,Relatorio_UBEM,JOGO ABERTO,2024-02-23,,,,THE FUTURE RAVE,APARECIDO JOAQUIM DE PAULA / LUCIANE GONCALVES CAEIRO,DJ PRODIGIO,0.0,,62.7795,,,,,62779500,627795
Band,band UNIFICADO out dez 2023 jan fev 2024.xls,Relatorio_UBEM,JOGO ABERTO,2024-02-23,,,,HINO DO GRÊMIO                                    ,LUPICINIO RODRIGUES,LUPICINIO RODRIGUES,0.0,,62.7795,,,,,62779500,627795
Band,band UNIFICADO out dez 2023 jan fev 2024.xls,Relatorio_UBEM,JOGO ABERTO,2024-02-26,,,,VEM NO PASSINHO DO SACI,MC EZ,MC EZ,0.0,,62.7795,,,,,62779500,627795
Band,band UNIFICADO out dez 2023 jan fev 2024.xls,Relatorio_UBEM,JOGO ABERTO,2024-02-26,,,,SEVEN NATION ARMY,THE WHITE STRIPES,THE CONCERT,0.0,,62.7795,,,,,62779500,627795
Band,band UNIFICADO out dez 2023 jan fev 2024.xls,Relatorio_UBEM,JOGO ABERTO,2024-02-26,,,,SER FLAMENGO E MUITO BOM,OS FABULLOSOS,OS FABULLOSOS,0.0,,62.7795,,,,,62779500,627795
Band,band UNIFICADO out dez 2023 jan fev 2024.xls,Relatorio_UBEM,JOGO ABERTO,2024-02-26,,,,NEM AS PAREDES CONFESSO,AMALIA AT THE PARIS OLYMPI,AMALIA RODRIGUES,0.0,,62.7795,,,,,62779500,627795
Band,band UNIFICADO out dez 2023 jan fev 2024.xls,Relatorio_UBEM,JOGO ABERTO,2024-02-27,,,,SEVEN NATION ARMY,THE WHITE STRIPES,THE CONCERT,0.0,,62.7795,,,,,62779500,627795
Band,band UNIFICADO out dez 2023 jan fev 2024.xls,Relatorio_UBEM,JOGO ABERTO,2024-02-27,,,,PIECE OF YOUR HEART,CONNOR MANNING / JOSHUA GRIMMETT / LUCA DE GREGORIO / MATTIA VITALE / NATHAN CROSS / SIMONE GIANI,ALOK,0.0,,62.7795,,,,,62779500,627795
Band,band UNIFICADO out dez 2023 jan fev 2024.xls,Relatorio_UBEM,JOGO ABERTO,2024-02-27,,,,FELIZ DEMAIS,ANGELO MARTINS / ÉRICO LEONAN / FELIPE ESPÍNDOLA / FELIPE PIROLLO / FELLIPE LUCENA,XAND AVIÃO FEAT SÃO PAULO FC,0.0,,62.7795,,,,,62779500,627795
Band,band UNIFICADO out dez 2023 jan fev 2024.xls,Relatorio_UBEM,JOGO ABERTO,2024-02-27,,,,NEM AS PAREDES CONFESSO,AMALIA AT THE PARIS OLYMPI,AMALIA RODRIGUES,0.0,,62.7795,,,,,62779500,627795
Band,band UNIFICADO out dez 2023 jan fev 2024.xls,Relatorio_UBEM,JOGO ABERTO,2024-02-28,,,,SEVEN NATION ARMY,THE WHITE STRIPES,THE CONCERT,0.0,,62.7795,,,,,62779500,627795
Band,band UNIFICADO out dez 2023 jan fev 2024.xls,Relatorio_UBEM,JOGO ABERTO,2024-02-28,,,,ADOCICA                                           ,BETO BARBOSA,BETO BARBOSA,0.0,,62.7795,,,,,62779500,627795
Band,band UNIFICADO out dez 2023 jan fev 2024.xls,Relatorio_UBEM,JOGO ABERTO,2024-02-28,,,,TROPA DO FLU,DIONATAN MARQUES/ EDUARDO MARIN/ EZEQUIEL VIEIRA/ KATY WIN/ ROGERIO FERRARI,MOZA,0.0,,62.7795,,,,,62779500,627795
Band,band UNIFICADO out dez 2023 jan fev 2024.xls,Relatorio_UBEM,JOGO ABERTO,2024-02-29,,,,SEVEN NATION ARMY,THE WHITE STRIPES,THE CONCERT,0.0,,62.7795,,,,,62779500,627795
Band,band UNIFICADO out dez 2023 jan fev 2024.xls,Relatorio_UBEM,JOGO ABERTO,2024-02-29,,,,VEM NO PASSINHO DO SACI,MC EZ,MC EZ,0.0,,62.7795,,,,,62779500,627795
Band,band UNIFICADO out dez 2023 jan fev 2024.xls,Relatorio_UBEM,JOGO ABERTO,2024-02-29,,,,LOCA                                              ,A.GHOST/SHAKIRA/I.DENCH/C.STURKEN/E.ROGERS,SHAKIRA,0.0,,62.7795,,,,,62779500,627795
Band,band UNIFICADO out dez 2023 jan fev 2024.xls,Relatorio_UBEM,JOGO ABERTO,2024-02-29,,,,BREGADEIRA DO SAO PAULO,BLACK JUNIOR / MC EZ / PETTER FERRAZ / TONINHO CRUZ,PETTER FERRAZ,0.0,,62.7795,,,,,62779500,627795
Band,band UNIFICADO out dez 2023 jan fev 2024.xls,Relatorio_UBEM,MELHOR DA NOITE,2024-02-01,,,,CAMINHOS DO MAR,DANILO CAYMMI / DORIVAL CAYMMI / DUDU FALCAO,GAL COSTA,0.0,,104.6332,,,,,104633200,1046332
Band,band UNIFICADO out dez 2023 jan fev 2024.xls,Relatorio_UBEM,MELHOR DA NOITE,2024-02-01,,,,DANCA DO VAMPIRO,DURVAL LELYS,ASA DE AGUIA,0.0,,104.6332,,,,,104633200,1046332
Band,band UNIFICADO out dez 2023 jan fev 2024.xls,Relatorio_UBEM,MELHOR DA NOITE,2024-02-01,,,,LONELY DAY,DARON MALAKIAN,SYSTEM OF A DOWN,0.0,,73.2431,,,,,73243100,732431
Band,band UNIFICADO out dez 2023 jan fev 2024.xls,Relatorio_UBEM,MELHOR DA NOITE,2024-02-01,,,,THE TROOPER,STEVE HARRIS,IRON MAIDEN,0.0,,73.2431,,,,,73243100,732431
Band,band UNIFICADO out dez 2023 jan fev 2024.xls,Relatorio_UBEM,MELHOR DA NOITE,2024-02-01,,,,STRANGLEHOLD,TED NUGENT,TED NUGENT,0.0,,73.2431,,,,,73243100,732431
Band,band UNIFICADO out dez 2023 jan fev 2024.xls,Relatorio_UBEM,MELHOR DA NOITE,2024-02-01,,,,MY HERO,DAVE GROHL/PAT SMEAR/NATE MENDEL,FOO FIGHTERS,0.0,,73.2431,,,,,73243100,732431
Band,band UNIFICADO out dez 2023 jan fev 2024.xls,Relatorio_UBEM,MELHOR DA NOITE,2024-02-01,,,,FANFARRA_CABUA LE LE,CARLINHOS BROWN,SERGIO MENDES,0.0,,73.2431,,,,,73243100,732431
Band,band UNIFICADO out dez 2023 jan fev 2024.xls,Relatorio_UBEM,MELHOR DA NOITE,2024-02-01,,,,THE SHOTS FIRED,KENICHIRO SUEHIRO,KENICHIRO SUEHIRO,0.0,,73.2431,,,,,73243100,732431
Band,band UNIFICADO out dez 2023 jan fev 2024.xls,Relatorio_UBEM,MELHOR DA NOITE,2024-02-01,,,,JACK IN THE HOLE PART I,WILLIAM ROSS,LADDER 49,0.0,,73.2431,,,,,73243100,732431
Band,band UNIFICADO out dez 2023 jan fev 2024.xls,Relatorio_UBEM,MELHOR DA NOITE,2024-02-01,,,,SMOKE THE WEED,ANDREW BAIN / ANGELA HUNTE / ARIEL RECHTSHAID / BERRISFORD ROMEO / CALVIN CORDOZA / BROADUS JR / CARON WHEELER / COLIN HARPER / DWAYNE CHINQUEE / LARRY MARSHALL / M CHINNELLIE HOOPER PAUL / PALMER SIMON / LAW TED / CHUNG WAYNE HENRY,COLLIE BUDDZ / SNOOP LION,0.0,,73.2431,,,,,73243100,732431
Band,band UNIFICADO out dez 2023 jan fev 2024.xls,Relatorio_UBEM,MELHOR DA NOITE,2024-02-02,,,,ESTÁ CHEGANDO A HORA,HENRICAO,BLOCO DOS ESFARRAPADOS,0.0,,52.3166,,,,,52316600,523166
Band,band UNIFICADO out dez 2023 jan fev 2024.xls,Relatorio_UBEM,MELHOR DA NOITE,2024-02-02,,,,IF I HAD A HEART,FEVER RAY,FEVER RAY,0.0,,104.6332,,,,,104633200,1046332
Band,band UNIFICADO out dez 2023 jan fev 2024.xls,Relatorio_UBEM,MELHOR DA NOITE,2024-02-02,,,,TRADICAO DO BIXIGA,GERALDO FILME,BLOCO DOS ESFARRAPADOS,0.0,,52.3166,,,,,52316600,523166
Band,band UNIFICADO out dez 2023 jan fev 2024.xls,Relatorio_UBEM,MELHOR DA NOITE,2024-02-02,,,,BLOQUINHO,FEDERADO / TH,BLOCO DOS ESFARRAPADOS,0.0,,52.3166,,,,,52316600,523166
Band,band UNIFICADO out dez 2023 jan fev 2024.xls,Relatorio_UBEM,MELHOR DA NOITE,2024-02-02,,,,FAIRY TALE,ANDRE MATOS,SHAMAN,0.0,,104.6332,,,,,104633200,1046332
Band,band UNIFICADO out dez 2023 jan fev 2024.xls,Relatorio_UBEM,MELHOR DA NOITE,2024-02-02,,,,VALHALLA CALLING,MIRACLE OF SOUND,MIRACLE OF SOUND / PEYTON PARRISH,0.0,,73.2431,,,,,73243100,732431
Band,band UNIFICADO out dez 2023 jan fev 2024.xls,Relatorio_UBEM,MELHOR DA NOITE,2024-02-02,,,,RICK AND MORTY THEME,RYAN ELDER,RYAN ELDER,0.0,,73.2431,,,,,73243100,732431
Band,band UNIFICADO out dez 2023 jan fev 2024.xls,Relatorio_UBEM,MELHOR DA NOITE,2024-02-02,,,,SUCESSION MAIN TITLE THEME,NICHOLAS BRITELL,NICHOLAS BRITELL,0.0,,73.2431,,,,,73243100,732431
Band,band UNIFICADO out dez 2023 jan fev 2024.xls,Relatorio_UBEM,MELHOR DA NOITE,2024-02-05,,,,NO MEXE MEXE NO BOLE BOLE,JOAO EDUARDO DE SALLES NOBRE,DUDU NOBRE,0.0,,52.3166,,,,,52316600,523166
Band,band UNIFICADO out dez 2023 jan fev 2024.xls,Relatorio_UBEM,MELHOR DA NOITE,2024-02-05,,,,CHEGUE MAIS                                       ,DUDU NOBRE/ROQUE FERREIRA,DUDU NOBRE,0.0,,52.3166,,,,,52316600,523166
Band,band UNIFICADO out dez 2023 jan fev 2024.xls,Relatorio_UBEM,MELHOR DA NOITE,2024-02-05,,,,MORENA,DIEGO NICOLAU / FRED CAMACHO / JOAO EDUARDO DE SALLES NOBRE,DUDU NOBRE,0.0,,52.3166,,,,,52316600,523166
Band,band UNIFICADO out dez 2023 jan fev 2024.xls,Relatorio_UBEM,MELHOR DA NOITE,2024-02-05,,,,POSSO ATÉ ME APAIXONAR                            ,DUDU NOBRE,DUDU NOBRE / LILLY NOBRE,0.0,,52.3166,,,,,52316600,523166
Band,band UNIFICADO out dez 2023 jan fev 2024.xls,Relatorio_UBEM,MELHOR DA NOITE,2024-02-05,,,,EU VOU BOTAR TEU NOME NA MACUMBA,ZECA PAGODINHO / DUDU NOBRE,DUDU NOBRE,0.0,,52.3166,,,,,52316600,523166
Band,band UNIFICADO out dez 2023 jan fev 2024.xls,Relatorio_UBEM,MELHOR DA NOITE,2024-02-05,,,,MOVIMENTO PERIGOSO,LILLY NOBRE / MK NO BEAT,LILLY NOBRE,0.0,,52.3166,,,,,52316600,523166
Band,band UNIFICADO out dez 2023 jan fev 2024.xls,Relatorio_UBEM,MELHOR DA NOITE,2024-02-05,,,,SAMBA ENREDO 2024 HUTUKARA,PEDRINHO DA FLOR/MARCELO MOTTA/ ARLINDO CRUZ/RENATO GALANTE/ DUDU NOBRE/ LEONARDO GALLO/ RAMOM VIA 13/ RALFE RIBEIRO,DUDU NOBRE,0.0,,52.3166,,,,,52316600,523166
Band,band UNIFICADO out dez 2023 jan fev 2024.xls,Relatorio_UBEM,MELHOR DA NOITE,2024-02-05,,,,ISSO É FUNDO DE QUINTAL                           ,LECI BRANDÃO/ZÉ MAURÍCIO           ,LECI BRANDAO,0.0,,73.2431,,,,,73243100,732431
Band,band UNIFICADO out dez 2023 jan fev 2024.xls,Relatorio_UBEM,MELHOR DA NOITE,2024-02-05,,,,NOS COMBATES DESTA VIDA,BETH CARVALHO,BETH CARVALHO,0.0,,73.2431,,,,,73243100,732431
Band,band UNIFICADO out dez 2023 jan fev 2024.xls,Relatorio_UBEM,MELHOR DA NOITE,2024-02-05,,,,EU ME APAIXONEI PELA PESSOA ERRADA,PITTER CORREA / CLEBER BITTENCOURT,EXALTASAMBA,0.0,,73.2431,,,,,73243100,732431
Band,band UNIFICADO out dez 2023 jan fev 2024.xls,Relatorio_UBEM,MELHOR DA NOITE,2024-02-05,,,,CABIDE,ANA CAROLINA,MARTNALIA,0.0,,73.2431,,,,,73243100,732431
Band,band UNIFICADO out dez 2023 jan fev 2024.xls,Relatorio_UBEM,MELHOR DA NOITE,2024-02-05,,,,O MUNDO É UM MOINHO,CARTOLA,CARTOLA,0.0,,73.2431,,,,,73243100,732431
Band,band UNIFICADO out dez 2023 jan fev 2024.xls,Relatorio_UBEM,MELHOR DA NOITE,2024-02-05,,,,BATUCADA SAMBA ENREDO 2,ANTONIO GARCIA / EDENIR LOPEZ / MESIAS ANDRADE,EDENIR LOPEZ / MESIAS ANDRADE / MML LATIN,0.0,,73.2431,,,,,73243100,732431
Band,band UNIFICADO out dez 2023 jan fev 2024.xls,Relatorio_UBEM,MELHOR DA NOITE,2024-02-05,,,,BATUCADA SAMBA ENREDO 1,ANTONIO GARCIA / EDENIR LOPEZ / MESIAS ANDRADE,EDENIR LOPEZ / MESIAS ANDRADE / MML LATIN,0.0,,73.2431,,,,,73243100,732431
Band,band UNIFICADO out dez 2023 jan fev 2024.xls,Relatorio_UBEM,MELHOR DA NOITE,2024-02-05,,,,A BOA DO SAMBA COISA BOA,ALEXANDRE CHACRINHA / DANIEL DE OLIVIRA / JUNIOR DOM,DIOGO NOGUEIRA,0.0,,73.2431,,,,,73243100,732431
Band,band UNIFICADO out dez 2023 jan fev 2024.xls,Relatorio_UBEM,MELHOR DA NOITE,2024-02-05,,,,VOVO CATARINA,OS CABOCLOS,OS CABOCLOS,0.0,,73.2431,,,,,73243100,732431
Band,band UNIFICADO out dez 2023 jan fev 2024.xls,Relatorio_UBEM,MELHOR DA NOITE,2024-02-05,,,,HINO DO GALO DA MADRUGADA, JOSÉ MÁRIO CHAVES ,ALCEU VALENCA,0.0,,73.2431,,,,,73243100,732431
Band,band UNIFICADO out dez 2023 jan fev 2024.xls,Relatorio_UBEM,MELHOR DA NOITE,2024-02-05,,,,O HOMEM DA MEIA NOITE,ALCEU VALENÇA / CARLOS FERNANDO,ALCEU VALENCA,0.0,,73.2431,,,,,73243100,732431
Band,band UNIFICADO out dez 2023 jan fev 2024.xls,Relatorio_UBEM,MELHOR DA NOITE,2024-02-05,,,,ANUNCIACAO,ALCEU VALENCA,ALCEU VALENCA,0.0,,73.2431,,,,,73243100,732431
Band,band UNIFICADO out dez 2023 jan fev 2024.xls,Relatorio_UBEM,MELHOR DA NOITE,2024-02-05,,,,RUN //,AARON BRUNO,AWOLNATION,0.0,,73.2431,,,,,73243100,732431
Band,band UNIFICADO out dez 2023 jan fev 2024.xls,Relatorio_UBEM,MELHOR DA NOITE,2024-02-05,,,,IS SHE WITH YOU,HANS ZIMMER,HANS ZIMMER AND JUNKIE XL,0.0,,73.2431,,,,,73243100,732431
Band,band UNIFICADO out dez 2023 jan fev 2024.xls,Relatorio_UBEM,MELHOR DA NOITE,2024-02-05,,,,SUPERMAN THEME SONG,JOHN TOWNER WILLIAMS,JOHN WILLIAMS,0.0,,73.2431,,,,,73243100,732431
Band,band UNIFICADO out dez 2023 jan fev 2024.xls,Relatorio_UBEM,MELHOR DA NOITE,2024-02-05,,,,"VAI SACUDIR, VAI ABALAR",PIERRE ONASIS/ PAULO JORGE,BANDA CHEIRO DE AMOR,0.0,,73.2431,,,,,73243100,732431
Band,band UNIFICADO out dez 2023 jan fev 2024.xls,Relatorio_UBEM,MELHOR DA NOITE,2024-02-05,,,,FREVO MULHER                                      ,ZÉ RAMALHO,ALCEU VALENÇA/ ELBA RAMALHO/ GERALDO AZEVEDO,0.0,,73.2431,,,,,73243100,732431
Band,band UNIFICADO out dez 2023 jan fev 2024.xls,Relatorio_UBEM,MELHOR DA NOITE,2024-02-05,,,,FREVO MULHER                                      ,ZÉ RAMALHO,ALCEU VALENÇA/ ELBA RAMALHO/ GERALDO AZEVEDO,0.0,,73.2431,,,,,73243100,732431
Band,band UNIFICADO out dez 2023 jan fev 2024.xls,Relatorio_UBEM,MELHOR DA NOITE,2024-02-05,,,,MARANHAO MEU TESOURO MEU TORRAO,HUMBERTO MARACANA,HUMBERTO MARACANA,0.0,,73.2431,,,,,73243100,732431
Band,band UNIFICADO out dez 2023 jan fev 2024.xls,Relatorio_UBEM,MELHOR DA NOITE,2024-02-05,,,,OUTRA LENDA,CELSO BORGES / RAMIRO MUSSOTO / ZECA BALEIRO,ZECA BALEIRO,0.0,,73.2431,,,,,73243100,732431
Band,band UNIFICADO out dez 2023 jan fev 2024.xls,Relatorio_UBEM,MELHOR DA NOITE,2024-02-05,,,,INNA MARANHAO STYLE,TRIBO DE JAH,TRIBO DE JAH,0.0,,73.2431,,,,,73243100,732431
Band,band UNIFICADO out dez 2023 jan fev 2024.xls,Relatorio_UBEM,MELHOR DA NOITE,2024-02-05,,,,O RADINHO,CESAR NASCIMENTO,CESAR NASCIMENTO,0.0,,73.2431,,,,,73243100,732431
Band,band UNIFICADO out dez 2023 jan fev 2024.xls,Relatorio_UBEM,MELHOR DA NOITE,2024-02-05,,,,BLACK POWER,PAULINHO AKOMABU,CELIA SAMPAIO,0.0,,73.2431,,,,,73243100,732431
Band,band UNIFICADO out dez 2023 jan fev 2024.xls,Relatorio_UBEM,MELHOR DA NOITE,2024-02-05,,,,JAMAICA A SAO LUIS,GERUDE,HEROINA DO IGUARA,0.0,,73.2431,,,,,73243100,732431
Band,band UNIFICADO out dez 2023 jan fev 2024.xls,Relatorio_UBEM,MELHOR DA NOITE,2024-02-05,,,,MAR DE MARIA,BIODZ / CRIOLA BEAT / ERICK END / NEGRILL / PANTERA BLACK,BIODZ / CRIOLA BEAT / ERICK END / NEGRILL / PANTERA BLACK,0.0,,73.2431,,,,,73243100,732431
Band,band UNIFICADO out dez 2023 jan fev 2024.xls,Relatorio_UBEM,MELHOR DA NOITE,2024-02-05,,,,MAGUINHA DO SA VIANA,ALE MUNIZ / CESAR NASCIMENTO,CESAR NASCIMENTO,0.0,,73.2431,,,,,73243100,732431
Band,band UNIFICADO out dez 2023 jan fev 2024.xls,Relatorio_UBEM,MELHOR DA NOITE,2024-02-05,,,,VOU BOTAR TEU NOME NA MACUMBA,DUDU NOBRE / ZECA PAGODINHO,DUDU NOBRE,0.0,,73.2431,,,,,73243100,732431
Band,band UNIFICADO out dez 2023 jan fev 2024.xls,Relatorio_UBEM,MELHOR DA NOITE,2024-02-06,,,,PE NA AREIA,CAUIQUE / DIOGO LEITE / RODRIGO LEITE,A MELHOR BANDA DA NOITE,0.0,,52.3166,,,,,52316600,523166
Band,band UNIFICADO out dez 2023 jan fev 2024.xls,Relatorio_UBEM,MELHOR DA NOITE,2024-02-06,,,,ERRO GOSTOSO,DE ANGELO / EDSON GARCIA / ELIABE GALDINO DA COSTA / FELIPE MARINS / FLAVINHO DO KADET / LUCAS SOUZA,A MELHOR BANDA DA NOITE,0.0,,52.3166,,,,,52316600,523166
Band,band UNIFICADO out dez 2023 jan fev 2024.xls,Relatorio_UBEM,MELHOR DA NOITE,2024-02-06,,,,SWEET DREAMS (ARE MADE OF THIS)                   ,LENNOX/STEWART,A MELHOR BANDA DA NOITE,0.0,,52.3166,,,,,52316600,523166
Band,band UNIFICADO out dez 2023 jan fev 2024.xls,Relatorio_UBEM,MELHOR DA NOITE,2024-02-06,,,,E HOJE,DIDI/ MESTRINHO,CAETANO VELOSO,0.0,,104.6332,,,,,104633200,1046332
Band,band UNIFICADO out dez 2023 jan fev 2024.xls,Relatorio_UBEM,MELHOR DA NOITE,2024-02-06,,,,SOU LIA DE ITAMARACA CIRANDANDO A VIDA NA BEIRA DO,FERRETI DA PONTE/GABRIEL CASCARDO GAVIÃO/GABRIEL MACHADO CHARUTO/GILSINHO OLIVEIRA/HENRIQUE BADA/JC COUTO/JOSÉ EDUARDO TEIXEIRA DIAS/SERGIO GIL,AGNALDO AMARAL,0.0,,73.2431,,,,,73243100,732431
Band,band UNIFICADO out dez 2023 jan fev 2024.xls,Relatorio_UBEM,MELHOR DA NOITE,2024-02-06,,,,E HOJE,DIDI/ MESTRINHO,IGOR VIANNA / GRES UNIAO DA ILHA DO GOVERNADOR / LIGA RJ,0.0,,73.2431,,,,,73243100,732431
Band,band UNIFICADO out dez 2023 jan fev 2024.xls,Relatorio_UBEM,MELHOR DA NOITE,2024-02-06,,,,ACORDA MARIA BONITA,ANTÔNIO DOS SANTOS,VOLTA SECA,0.0,,73.2431,,,,,73243100,732431
Band,band UNIFICADO out dez 2023 jan fev 2024.xls,Relatorio_UBEM,MELHOR DA NOITE,2024-02-06,,,,SHOW DAS PODEROSAS, LARISSA DE MACEDO MACHADO,ANITTA,0.0,,73.2431,,,,,73243100,732431
Band,band UNIFICADO out dez 2023 jan fev 2024.xls,Relatorio_UBEM,MELHOR DA NOITE,2024-02-06,,,,HINO DO BODE REI,JARIO MADRUGA,JARIO MADRUGA / BIANCA FARIAS / JULIANA SOARES,0.0,,73.2431,,,,,73243100,732431
Band,band UNIFICADO out dez 2023 jan fev 2024.xls,Relatorio_UBEM,MELHOR DA NOITE,2024-02-06,,,,O BODE E A CABRA,LENNON / PAUL MCCARTNEY / RENATO BARROS,RITA LEE,0.0,,73.2431,,,,,73243100,732431
Band,band UNIFICADO out dez 2023 jan fev 2024.xls,Relatorio_UBEM,MELHOR DA NOITE,2024-02-06,,,,CABRA DA PESTE,WELISSON,WELISSON,0.0,,73.2431,,,,,73243100,732431
Band,band UNIFICADO out dez 2023 jan fev 2024.xls,Relatorio_UBEM,MELHOR DA NOITE,2024-02-06,,,,CABACEIRAS MINHA VIDA,ANTONIO MENEZES,JSHOW,0.0,,73.2431,,,,,73243100,732431
Band,band UNIFICADO out dez 2023 jan fev 2024.xls,Relatorio_UBEM,MELHOR DA NOITE,2024-02-06,,,,ROI COURO,DIMAS SEDICAIS,SAGRAMA,0.0,,73.2431,,,,,73243100,732431
Band,band UNIFICADO out dez 2023 jan fev 2024.xls,Relatorio_UBEM,MELHOR DA NOITE,2024-02-06,,,,MEU CARIRI,DILU MELO / ROSIL CAVALCANTI,MARINES E SUA GENTE,0.0,,73.2431,,,,,73243100,732431
Band,band UNIFICADO out dez 2023 jan fev 2024.xls,Relatorio_UBEM,MELHOR DA NOITE,2024-02-06,,,,PARAIBA,CHICO CESAR,CHICO CESAR,0.0,,73.2431,,,,,73243100,732431
Band,band UNIFICADO out dez 2023 jan fev 2024.xls,Relatorio_UBEM,MELHOR DA NOITE,2024-02-06,,,,SERTAO,ITANILDO SHOW,FLAVIO JOSE,0.0,,73.2431,,,,,73243100,732431
Band,band UNIFICADO out dez 2023 jan fev 2024.xls,Relatorio_UBEM,MELHOR DA NOITE,2024-02-06,,,,CABRITA MAL SUCEDIDA,GERALDO PEREIRA,MARIETA SEVERO / ZECA PAGODINHO,0.0,,73.2431,,,,,73243100,732431
Band,band UNIFICADO out dez 2023 jan fev 2024.xls,Relatorio_UBEM,MELHOR DA NOITE,2024-02-07,,,,PAROLE PAROLE,GIOVANNI FERRIO / MATTEO CHIOSSO / GIANCARLO DEL RE / MICHAELE,MAFALDA MINNOZZI,0.0,,52.3166,,,,,52316600,523166
Band,band UNIFICADO out dez 2023 jan fev 2024.xls,Relatorio_UBEM,MELHOR DA NOITE,2024-02-07,,,,BAIANIDADE NAGO,EVANDRO RODRIGUES,BANDA MEL,0.0,,104.6332,,,,,104633200,1046332
Band,band UNIFICADO out dez 2023 jan fev 2024.xls,Relatorio_UBEM,MELHOR DA NOITE,2024-02-07,,,,VOLARE,GIPSY KINGS,MAFALDA MINNOZZI,0.0,,104.6332,,,,,104633200,1046332
Band,band UNIFICADO out dez 2023 jan fev 2024.xls,Relatorio_UBEM,MELHOR DA NOITE,2024-02-07,,,,PREFIXO DE VERÃO                                  ,BETO SILVA                         ,BANDA MEL,0.0,,104.6332,,,,,104633200,1046332
Band,band UNIFICADO out dez 2023 jan fev 2024.xls,Relatorio_UBEM,MELHOR DA NOITE,2024-02-07,,,,LA BANDA,CHICO BUARQUE DE HOLLANDA / VS SERGIO BARDOTTI,MAFALDA MINNOZZI,0.0,,52.3166,,,,,52316600,523166
Band,band UNIFICADO out dez 2023 jan fev 2024.xls,Relatorio_UBEM,MELHOR DA NOITE,2024-02-07,,,,LA BANDA,CHICO BUARQUE DE HOLLANDA / VS SERGIO BARDOTTI,MAFALDA MINNOZZI,0.0,,1255.6,,,,,1255600,12556
Band,band UNIFICADO out dez 2023 jan fev 2024.xls,Relatorio_UBEM,MELHOR DA NOITE,2024-02-07,,,,VASSOURINHA,FREVO RASGADO,FREVO RASGADO,0.0,,104.6332,,,,,104633200,1046332
Band,band UNIFICADO out dez 2023 jan fev 2024.xls,Relatorio_UBEM,MELHOR DA NOITE,2024-02-07,,,,HINO BLOCO MURICOCAS DO MIRAMAR,FLAVIO EDUARDO MAROJA RIBEIRO FUBA,MESTRE FUBA,0.0,,104.6332,,,,,104633200,1046332
Band,band UNIFICADO out dez 2023 jan fev 2024.xls,Relatorio_UBEM,MELHOR DA NOITE,2024-02-07,,,,OCEAN EYES,FINNEAS O CONNELL,BILLIE EILISH,0.0,,73.2431,,,,,73243100,732431
Band,band UNIFICADO out dez 2023 jan fev 2024.xls,Relatorio_UBEM,MELHOR DA NOITE,2024-02-07,,,,PREPARING THE CAGE,JOHN WILLIAMS,JOHN WILLIAMS,0.0,,73.2431,,,,,73243100,732431
Band,band UNIFICADO out dez 2023 jan fev 2024.xls,Relatorio_UBEM,MELHOR DA NOITE,2024-02-07,,,,MACK THE KNIFE,BERTOLT BRECHT / KURT WEILL / MARC BLITZSTEIN,BOBBY DARIN / RICHARD WEISS,0.0,,73.2431,,,,,73243100,732431
Band,band UNIFICADO out dez 2023 jan fev 2024.xls,Relatorio_UBEM,MELHOR DA NOITE,2024-02-07,,,,WHITE SHARK,ELISA GIACOMINI / ENRICO GABRIELLI / FABIO RONDANINI / LUCA CAVINA / MASSIMO MARTELLOTTA / TOMASO COLLIVA,CALIBRO 35 / ELISA ZOOT,0.0,,73.2431,,,,,73243100,732431
Band,band UNIFICADO out dez 2023 jan fev 2024.xls,Relatorio_UBEM,MELHOR DA NOITE,2024-02-07,,,,WHALE SHARK,CLAUDIA ROBIN GUNN,CLAUDIA ROBIN GUNN,0.0,,73.2431,,,,,73243100,732431
Band,band UNIFICADO out dez 2023 jan fev 2024.xls,Relatorio_UBEM,MELHOR DA NOITE,2024-02-07,,,,FUNKY NASSAU PT 1,RAPHAEL MUNNINGS / TYRONE FITZGERALD,THE BEGINNING OF THE END,0.0,,73.2431,,,,,73243100,732431
Band,band UNIFICADO out dez 2023 jan fev 2024.xls,Relatorio_UBEM,MELHOR DA NOITE,2024-02-08,,,,AMOR PERFEITO,ROBSON JORGE / PAULO MASSADAS / MICHAEL SULLIVAN / LINCOLN OLIVETTI,BELL MARQUES,0.0,,52.3166,,,,,52316600,523166
Band,band UNIFICADO out dez 2023 jan fev 2024.xls,Relatorio_UBEM,MELHOR DA NOITE,2024-02-08,,,,AMOR PERFEITO,ROBSON JORGE / PAULO MASSADAS / MICHAEL SULLIVAN / LINCOLN OLIVETTI,BELL MARQUES,0.0,,104.6332,,,,,104633200,1046332
Band,band UNIFICADO out dez 2023 jan fev 2024.xls,Relatorio_UBEM,MELHOR DA NOITE,2024-02-08,,,,AMOR PERFEITO,ROBSON JORGE / PAULO MASSADAS / MICHAEL SULLIVAN / LINCOLN OLIVETTI,BELL MARQUES,0.0,,52.3166,,,,,52316600,523166
Band,band UNIFICADO out dez 2023 jan fev 2024.xls,Relatorio_UBEM,MELHOR DA NOITE,2024-02-08,,,,AMOR PERFEITO,ROBSON JORGE / PAULO MASSADAS / MICHAEL SULLIVAN / LINCOLN OLIVETTI,BELL MARQUES,0.0,,104.6332,,,,,104633200,1046332
Band,band UNIFICADO out dez 2023 jan fev 2024.xls,Relatorio_UBEM,MELHOR DA NOITE,2024-02-08,,,,VEM NENEM,BIMBA,HARMONIA DO SAMBA,0.0,,104.6332,,,,,104633200,1046332
Band,band UNIFICADO out dez 2023 jan fev 2024.xls,Relatorio_UBEM,MELHOR DA NOITE,2024-02-08,,,,FANFARRA_CABUA LE LE,CARLINHOS BROWN,SERGIO MENDES,0.0,,73.2431,,,,,73243100,732431
Band,band UNIFICADO out dez 2023 jan fev 2024.xls,Relatorio_UBEM,MELHOR DA NOITE,2024-02-08,,,,"SAFADO, CACHORRO, SEM-VERGONHA","LUCIANO PINTO, ALAN MORAES, DURVAL LUZ, NINO BALLA, CRISTIANE TELES, JÚNIOR SEIXAS, ALEX NAPOLITANO",BABADO NOVO / CLAUDIA LEITTE,0.0,,73.2431,,,,,73243100,732431
Band,band UNIFICADO out dez 2023 jan fev 2024.xls,Relatorio_UBEM,MELHOR DA NOITE,2024-02-08,,,,BATUCA TAMBOR,ADRIANO SANTOS,NACAO CAMBINDA ESTRELA,0.0,,73.2431,,,,,73243100,732431
Band,band UNIFICADO out dez 2023 jan fev 2024.xls,Relatorio_UBEM,MELHOR DA NOITE,2024-02-08,,,,OUVI O SOAR DOS TAMBORES,DEL BARROS,NACAO CAMBINDA ESTRELA,0.0,,73.2431,,,,,73243100,732431
Band,band UNIFICADO out dez 2023 jan fev 2024.xls,Relatorio_UBEM,MELHOR DA NOITE,2024-02-08,,,,MEU CAMBINDA E PEIXE DE OURO,TIAGO FELIX,NACAO CAMBINDA ESTRELA,0.0,,73.2431,,,,,73243100,732431
Band,band UNIFICADO out dez 2023 jan fev 2024.xls,Relatorio_UBEM,MELHOR DA NOITE,2024-02-08,,,,MINHAS CRIANCAS,TIAGO FELIX,NACAO CAMBINDA ESTRELA,0.0,,73.2431,,,,,73243100,732431
Band,band UNIFICADO out dez 2023 jan fev 2024.xls,Relatorio_UBEM,MELHOR DA NOITE,2024-02-08,,,,FORJADOS NA LUTA GUIADOS NA CORAGEM E SINCRETIZADO,VEIA / ROBERTO GARCIA / MARTINS ZECA DO CAVACO / MATHEUZINHO / ARADONA E DAO,UNIDOS DE VILA MARIA,0.0,,73.2431,,,,,73243100,732431
Band,band UNIFICADO out dez 2023 jan fev 2024.xls,Relatorio_UBEM,MELHOR DA NOITE,2024-02-09,,,,IF I HAD A HEART,FEVER RAY,FEVER RAY,0.0,,104.6332,,,,,104633200,1046332
Band,band UNIFICADO out dez 2023 jan fev 2024.xls,Relatorio_UBEM,MELHOR DA NOITE,2024-02-09,,,,QUERO CHICLETE,ALEXANDRE PEIXE / BETO GARRIDO,CHICLETE COM BANANA,0.0,,104.6332,,,,,104633200,1046332
Band,band UNIFICADO out dez 2023 jan fev 2024.xls,Relatorio_UBEM,MELHOR DA NOITE,2024-02-09,,,,E HOJE,DIDI/ MESTRINHO,CAETANO VELOSO,0.0,,104.6332,,,,,104633200,1046332
Band,band UNIFICADO out dez 2023 jan fev 2024.xls,Relatorio_UBEM,MELHOR DA NOITE,2024-02-09,,,,RAPUNZEL,ALAIN TAVARES/ CARLINHOS BROWN,DANIELA MERCURY,0.0,,104.6332,,,,,104633200,1046332
Band,band UNIFICADO out dez 2023 jan fev 2024.xls,Relatorio_UBEM,MELHOR DA NOITE,2024-02-09,,,,BACK IN BLACK,ANGUS YOUNG/MALCOLM YOUNG/BRIAN JOHNSON,AC DC,0.0,,104.6332,,,,,104633200,1046332
Band,band UNIFICADO out dez 2023 jan fev 2024.xls,Relatorio_UBEM,MELHOR DA NOITE,2024-02-09,,,,O CARNAVAL TEM SEUS DIREITOS,MARCIO LOZANO,BLOCO DE PEDRA,0.0,,52.3166,,,,,52316600,523166
Band,band UNIFICADO out dez 2023 jan fev 2024.xls,Relatorio_UBEM,MELHOR DA NOITE,2024-02-09,,,,NEGRO LINDO,LEO SANTANA / NENEL,LEO SANTANA,0.0,,52.3166,,,,,52316600,523166
Band,band UNIFICADO out dez 2023 jan fev 2024.xls,Relatorio_UBEM,MELHOR DA NOITE,2024-02-09,,,,AZUL DO MAR,MARCIO LOZANO,BLOCO DE PEDRA,0.0,,52.3166,,,,,52316600,523166
Band,band UNIFICADO out dez 2023 jan fev 2024.xls,Relatorio_UBEM,MELHOR DA NOITE,2024-02-09,,,,AZUL DO MAR,MARCIO LOZANO,BLOCO DE PEDRA,0.0,,1255.6,,,,,1255600,12556
Band,band UNIFICADO out dez 2023 jan fev 2024.xls,Relatorio_UBEM,MELHOR DA NOITE,2024-02-09,,,,OKAY,ADEKUNLE GOLD / BLAISE BEATZ,ADEKUNLE GOLD,0.0,,104.6332,,,,,104633200,1046332
Band,band UNIFICADO out dez 2023 jan fev 2024.xls,Relatorio_UBEM,MELHOR DA NOITE,2024-02-09,,,,NÃO VOU CHORAR,BETO GARRIDO / ALEXANDRE PEIXE,BELL MARQUES,0.0,,52.3166,,,,,52316600,523166
Band,band UNIFICADO out dez 2023 jan fev 2024.xls,Relatorio_UBEM,MELHOR DA NOITE,2024-02-09,,,,NÃO VOU CHORAR,BETO GARRIDO / ALEXANDRE PEIXE,BELL MARQUES,0.0,,104.6332,,,,,104633200,1046332
Band,band UNIFICADO out dez 2023 jan fev 2024.xls,Relatorio_UBEM,MELHOR DA NOITE,2024-02-09,,,,PERNA BAMBA,SHYTON FERNANDES / TINHO WT / LUCAS LM / GABRIEL CANTINI / BRENO MAJOR / GABRIEL BK / NEWTON FONSECA / BATIDAO STRONDA,LEO SANTANA,0.0,,52.3166,,,,,52316600,523166
Band,band UNIFICADO out dez 2023 jan fev 2024.xls,Relatorio_UBEM,MELHOR DA NOITE,2024-02-09,,,,VALHALLA CALLING,MIRACLE OF SOUND,MIRACLE OF SOUND / PEYTON PARRISH,0.0,,73.2431,,,,,73243100,732431
Band,band UNIFICADO out dez 2023 jan fev 2024.xls,Relatorio_UBEM,MELHOR DA NOITE,2024-02-09,,,,PUMP IT,ALLEN PINEDA / NICHOLAS ROUBANIS / STACY FERGUSON / WILLIAM ADAMS,MIDDLE AGES,0.0,,73.2431,,,,,73243100,732431
Band,band UNIFICADO out dez 2023 jan fev 2024.xls,Relatorio_UBEM,MELHOR DA NOITE,2024-02-09,,,,THE REAL SLIM SHADY,EMINEM,EMINEM,0.0,,73.2431,,,,,73243100,732431
Band,band UNIFICADO out dez 2023 jan fev 2024.xls,Relatorio_UBEM,MELHOR DA NOITE,2024-02-09,,,,WITHOUT ME,"EMINEM, JEFF BASS, URBAN KRIS,  DJ HEAD",EMINEM,0.0,,73.2431,,,,,73243100,732431
Band,band UNIFICADO out dez 2023 jan fev 2024.xls,Relatorio_UBEM,MELHOR DA NOITE,2024-02-09,,,,SCARBOROUGH FAIR,AURORA,Aurora,0.0,,73.2431,,,,,73243100,732431
Band,band UNIFICADO out dez 2023 jan fev 2024.xls,Relatorio_UBEM,MELHOR DA NOITE,2024-02-09,,,,THE FINAL COUNTDOWN                               ,JOEY TEMPEST,EUROPE,0.0,,73.2431,,,,,73243100,732431
Band,band UNIFICADO out dez 2023 jan fev 2024.xls,Relatorio_UBEM,MELHOR DA NOITE,2024-02-09,,,,O MAIS BELO DOS BELOS,"GUIGUIO, VALTER FARIAS",DANIELA MERCURY,0.0,,73.2431,,,,,73243100,732431
Band,band UNIFICADO out dez 2023 jan fev 2024.xls,Relatorio_UBEM,MELHOR DA NOITE,2024-02-09,,,,QUE BLOCO É ESSE ,PAULINHO CAMAFEU,ILE AIYE,0.0,,73.2431,,,,,73243100,732431
Band,band UNIFICADO out dez 2023 jan fev 2024.xls,Relatorio_UBEM,MELHOR DA NOITE,2024-02-09,,,,NEGRUME DA NOITE,CUIUBA / PAULINHO DO RECO,ILE AIYE,0.0,,73.2431,,,,,73243100,732431
Band,band UNIFICADO out dez 2023 jan fev 2024.xls,Relatorio_UBEM,MELHOR DA NOITE,2024-02-09,,,,COISA DE NEGRO,PAULINHO CAMAFEU,ILE AIYE,0.0,,73.2431,,,,,73243100,732431
Band,band UNIFICADO out dez 2023 jan fev 2024.xls,Relatorio_UBEM,MELHOR DA NOITE,2024-02-09,,,,TE ENCONTRO NO ILE,DAVIZINHA / REIZINHO / SILVIO ALMEIDA / TOINHO DO VALE,ILE AIYE,0.0,,73.2431,,,,,73243100,732431
Band,band UNIFICADO out dez 2023 jan fev 2024.xls,Relatorio_UBEM,MELHOR DA NOITE,2024-02-09,,,,A FORCA DO ILE,PAULINHO LARANJEIRA,DANIELA MERCURY,0.0,,73.2431,,,,,73243100,732431
Band,band UNIFICADO out dez 2023 jan fev 2024.xls,Relatorio_UBEM,MELHOR DA NOITE,2024-02-09,,,,CANTO SIDERAL,ILE AIYE,ILE AIYE,0.0,,73.2431,,,,,73243100,732431
Band,band UNIFICADO out dez 2023 jan fev 2024.xls,Relatorio_UBEM,MELHOR DA NOITE,2024-02-09,,,,TECHNO SYNDROME,OLIVIER ADAMS,THE IMMORTALS,0.0,,73.2431,,,,,73243100,732431
Band,band UNIFICADO out dez 2023 jan fev 2024.xls,Relatorio_UBEM,MELHOR DA NOITE,2024-02-12,,,,LOURINHA BOMBRIL,DIEGO JOSE BLANCO / FERNANDO JAVIER LUIS HORTAL,OS PARALAMAS DO SUCESSO            ,0.0,,104.6332,,,,,104633200,1046332
Band,band UNIFICADO out dez 2023 jan fev 2024.xls,Relatorio_UBEM,MELHOR DA NOITE,2024-02-12,,,,LOURINHA BOMBRIL,DIEGO JOSE BLANCO / FERNANDO JAVIER LUIS HORTAL,OS PARALAMAS DO SUCESSO            ,0.0,,52.3166,,,,,52316600,523166
Band,band UNIFICADO out dez 2023 jan fev 2024.xls,Relatorio_UBEM,MELHOR DA NOITE,2024-02-12,,,,LOURINHA BOMBRIL,DIEGO JOSE BLANCO / FERNANDO JAVIER LUIS HORTAL,OS PARALAMAS DO SUCESSO            ,0.0,,104.6332,,,,,104633200,1046332
Band,band UNIFICADO out dez 2023 jan fev 2024.xls,Relatorio_UBEM,MELHOR DA NOITE,2024-02-12,,,,MAIMBÊ DANDÁ,ANTONIO CARLOS SANTOS DE FREITAS / MATEUS ALELUIA LIMA,Filhas de Gandhi,0.0,,104.6332,,,,,104633200,1046332
Band,band UNIFICADO out dez 2023 jan fev 2024.xls,Relatorio_UBEM,MELHOR DA NOITE,2024-02-12,,,,MAIMBÊ DANDÁ,ANTONIO CARLOS SANTOS DE FREITAS / MATEUS ALELUIA LIMA,Filhas de Gandhi,0.0,,52.3166,,,,,52316600,523166
Band,band UNIFICADO out dez 2023 jan fev 2024.xls,Relatorio_UBEM,MELHOR DA NOITE,2024-02-12,,,,MAIMBÊ DANDÁ,ANTONIO CARLOS SANTOS DE FREITAS / MATEUS ALELUIA LIMA,Filhas de Gandhi,0.0,,104.6332,,,,,104633200,1046332
Band,band UNIFICADO out dez 2023 jan fev 2024.xls,Relatorio_UBEM,MELHOR DA NOITE,2024-02-12,,,,MAIMBÊ DANDÁ,ANTONIO CARLOS SANTOS DE FREITAS / MATEUS ALELUIA LIMA,Filhas de Gandhi,0.0,,52.3166,,,,,52316600,523166
Band,band UNIFICADO out dez 2023 jan fev 2024.xls,Relatorio_UBEM,MELHOR DA NOITE,2024-02-12,,,,MACETANDO,IVETE SANGALO / LUCIANO CHAVES / SAMIR TRINDADE,IVETE SANGALO / LUDMILLA,0.0,,104.6332,,,,,104633200,1046332
Band,band UNIFICADO out dez 2023 jan fev 2024.xls,Relatorio_UBEM,MELHOR DA NOITE,2024-02-12,,,,E HOJE,DIDI/ MESTRINHO,CAETANO VELOSO,0.0,,104.6332,,,,,104633200,1046332
Band,band UNIFICADO out dez 2023 jan fev 2024.xls,Relatorio_UBEM,MELHOR DA NOITE,2024-02-12,,,,E HOJE,DIDI/ MESTRINHO,CAETANO VELOSO,0.0,,104.6332,,,,,104633200,1046332
Band,band UNIFICADO out dez 2023 jan fev 2024.xls,Relatorio_UBEM,MELHOR DA NOITE,2024-02-12,,,,O MAIS BELO DOS BELOS,"GUIGUIO, VALTER FARIAS",DANIELA MERCURY,0.0,,104.6332,,,,,104633200,1046332
Band,band UNIFICADO out dez 2023 jan fev 2024.xls,Relatorio_UBEM,MELHOR DA NOITE,2024-02-12,,,,HAJA AMOR                                         ,CHOCOLATE DA BAHIA/LUIZ CALDAS,LUIZ CALDAS,0.0,,104.6332,,,,,104633200,1046332
Band,band UNIFICADO out dez 2023 jan fev 2024.xls,Relatorio_UBEM,MELHOR DA NOITE,2024-02-12,,,,ALAGADOS                                          ,Felipe De Nobrega B. Ribeiro / Joao Alberto Barone Silva / Herbert Vianna,OS PARALAMAS DO SUCESSO            ,0.0,,104.6332,,,,,104633200,1046332
Band,band UNIFICADO out dez 2023 jan fev 2024.xls,Relatorio_UBEM,MELHOR DA NOITE,2024-02-12,,,,TRAC TRAC,HERBERT VIANNA / RODOLFO PAEZ,OS PARALAMAS DO SUCESSO            ,0.0,,52.3166,,,,,52316600,523166
Band,band UNIFICADO out dez 2023 jan fev 2024.xls,Relatorio_UBEM,MELHOR DA NOITE,2024-02-12,,,,TRAC TRAC,HERBERT VIANNA / RODOLFO PAEZ,OS PARALAMAS DO SUCESSO            ,0.0,,104.6332,,,,,104633200,1046332
Band,band UNIFICADO out dez 2023 jan fev 2024.xls,Relatorio_UBEM,MELHOR DA NOITE,2024-02-12,,,,TRAC TRAC,HERBERT VIANNA / RODOLFO PAEZ,OS PARALAMAS DO SUCESSO            ,0.0,,52.3166,,,,,52316600,523166
Band,band UNIFICADO out dez 2023 jan fev 2024.xls,Relatorio_UBEM,MELHOR DA NOITE,2024-02-12,,,,IJEXA FILHOS DE GHANDI,EDIL PACHECO,FILHAS DE GANDHY,0.0,,104.6332,,,,,104633200,1046332
Band,band UNIFICADO out dez 2023 jan fev 2024.xls,Relatorio_UBEM,MELHOR DA NOITE,2024-02-12,,,,IJEXA FILHOS DE GHANDI,EDIL PACHECO,FILHAS DE GANDHY,0.0,,52.3166,,,,,52316600,523166
Band,band UNIFICADO out dez 2023 jan fev 2024.xls,Relatorio_UBEM,MELHOR DA NOITE,2024-02-12,,,,FRICOTE,LUIZ CALDAS / PAULINHO CAMAFEU,LUIZ CALDAS,0.0,,73.2431,,,,,73243100,732431
Band,band UNIFICADO out dez 2023 jan fev 2024.xls,Relatorio_UBEM,MELHOR DA NOITE,2024-02-12,,,,HAJA AMOR                                         ,CHOCOLATE DA BAHIA/LUIZ CALDAS,LUIZ CALDAS,0.0,,73.2431,,,,,73243100,732431
Band,band UNIFICADO out dez 2023 jan fev 2024.xls,Relatorio_UBEM,MELHOR DA NOITE,2024-02-12,,,,TIETA,BONI / PAULO DE SOUSA,LUIZ CALDAS,0.0,,73.2431,,,,,73243100,732431
Band,band UNIFICADO out dez 2023 jan fev 2024.xls,Relatorio_UBEM,MELHOR DA NOITE,2024-02-12,,,,AMOR E INFINITO,JOSE FRANCO LATTARI / LOURENCO OLEGARIO,LUIZ CALDAS E SAULO FERNANDES,0.0,,73.2431,,,,,73243100,732431
Band,band UNIFICADO out dez 2023 jan fev 2024.xls,Relatorio_UBEM,MELHOR DA NOITE,2024-02-12,,,,EVA                                               ,GIANCARLO BIGAZZI / UMBERTO TOZZI,PLACA LUMINOSA / RADIO TAXI,0.0,,73.2431,,,,,73243100,732431
Band,band UNIFICADO out dez 2023 jan fev 2024.xls,Relatorio_UBEM,MELHOR DA NOITE,2024-02-12,,,,ALLAH LA O, HAROLDO LOBO / NÁSSARA,Atchim e Espirro ,0.0,,73.2431,,,,,73243100,732431
Band,band UNIFICADO out dez 2023 jan fev 2024.xls,Relatorio_UBEM,MELHOR DA NOITE,2024-02-12,,,,VOU FESTEJAR                                      ,JORGE ARAGÃO / NEOCI DIAS / DIDA,BETH CARVALHO,0.0,,73.2431,,,,,73243100,732431
Band,band UNIFICADO out dez 2023 jan fev 2024.xls,Relatorio_UBEM,MELHOR DA NOITE,2024-02-12,,,,E HOJE,DIDI/ MESTRINHO,CAETANO VELOSO,0.0,,73.2431,,,,,73243100,732431
Band,band UNIFICADO out dez 2023 jan fev 2024.xls,Relatorio_UBEM,MELHOR DA NOITE,2024-02-12,,,,AMARELO AZUL E BRANCO,ANA CAETANO / VITÓRIA FALCÃO,ANAVITORIA,0.0,,73.2431,,,,,73243100,732431
Band,band UNIFICADO out dez 2023 jan fev 2024.xls,Relatorio_UBEM,MELHOR DA NOITE,2024-02-12,,,,MARCHA NUPCIAL,FELIX MENDELSSOHN,CLAUDIO R MIYAMOTO,0.0,,73.2431,,,,,73243100,732431
Band,band UNIFICADO out dez 2023 jan fev 2024.xls,Relatorio_UBEM,MELHOR DA NOITE,2024-02-12,,,,VOZ NAGO,PAULO CESAR PINHEIRO / PEDRO AMORIM,BANDA TAMBORES DO TOCANTINS,0.0,,73.2431,,,,,73243100,732431
Band,band UNIFICADO out dez 2023 jan fev 2024.xls,Relatorio_UBEM,MELHOR DA NOITE,2024-02-12,,,,COCO LIVRE SA,GENESIO TOCANTINS,GENESIO TOCANTINS,0.0,,73.2431,,,,,73243100,732431
Band,band UNIFICADO out dez 2023 jan fev 2024.xls,Relatorio_UBEM,MELHOR DA NOITE,2024-02-12,,,,WEDDING MARCH,RICHARD WAGNER,CLAUDIO R MYAMOTO,0.0,,73.2431,,,,,73243100,732431
Band,band UNIFICADO out dez 2023 jan fev 2024.xls,Relatorio_UBEM,MELHOR DA NOITE,2024-02-12,,,,ZABELITA,DORIVA / EDUARDO GOMES / IRAN GOMES,PASSARIM DO JALAPAO DORIVA,0.0,,73.2431,,,,,73243100,732431
Band,band UNIFICADO out dez 2023 jan fev 2024.xls,Relatorio_UBEM,MELHOR DA NOITE,2024-02-12,,,,TRIBUTO AO TOCANTINS,ZE LOURINHO,ZE LOURINHO,0.0,,73.2431,,,,,73243100,732431
Band,band UNIFICADO out dez 2023 jan fev 2024.xls,Relatorio_UBEM,MELHOR DA NOITE,2024-02-12,,,,DODOI,JURAILDES DA CRUZ,BANDA TAMBORES DO TOCANTINS,0.0,,73.2431,,,,,73243100,732431
Band,band UNIFICADO out dez 2023 jan fev 2024.xls,Relatorio_UBEM,MELHOR DA NOITE,2024-02-12,,,,SE CORRER O BICHO PEGA,JURAILDES DA CRUZ E XANGAI XANGAI,JURAILDES DA CRUZ E XANGAI XANGAI,0.0,,73.2431,,,,,73243100,732431
Band,band UNIFICADO out dez 2023 jan fev 2024.xls,Relatorio_UBEM,MELHOR DA NOITE,2024-02-12,,,,JALAPAO,JURAILDES DA CRUZ,JURAILDES DA CRUZ,0.0,,73.2431,,,,,73243100,732431
Band,band UNIFICADO out dez 2023 jan fev 2024.xls,Relatorio_UBEM,MELHOR DA NOITE,2024-02-12,,,,O MAIS BELO DOS BELOS,"GUIGUIO, VALTER FARIAS",ILE AIYE,0.0,,73.2431,,,,,73243100,732431
Band,band UNIFICADO out dez 2023 jan fev 2024.xls,Relatorio_UBEM,MELHOR DA NOITE,2024-02-12,,,,QUE BLOCO É ESSE ,PAULINHO CAMAFEU,ILE AIYE,0.0,,73.2431,,,,,73243100,732431
Band,band UNIFICADO out dez 2023 jan fev 2024.xls,Relatorio_UBEM,MELHOR DA NOITE,2024-02-12,,,,TE ENCONTRO NO ILE,DAVIZINHA / REIZINHO / SILVIO ALMEIDA / TOINHO DO VALE,ILE AIYE,0.0,,73.2431,,,,,73243100,732431
Band,band UNIFICADO out dez 2023 jan fev 2024.xls,Relatorio_UBEM,MELHOR DA NOITE,2024-02-12,,,,DEPOIS QUE O ILE PASSAR,MILTON SOUZA MILTAO,ILE AIYE,0.0,,73.2431,,,,,73243100,732431
Band,band UNIFICADO out dez 2023 jan fev 2024.xls,Relatorio_UBEM,MELHOR DA NOITE,2024-02-12,,,,CHARLES ILE,CARLINHOS BROWN,CARLINHOS BROWN / ILE AIYE,0.0,,73.2431,,,,,73243100,732431
Band,band UNIFICADO out dez 2023 jan fev 2024.xls,Relatorio_UBEM,MELHOR DA NOITE,2024-02-13,,,,LARGADINHO,DULLER / FABINHO ALCANTARA / SAMIR / CLAUDIA LEITTE / LUCIANO PINTO / DURVAL LUZ,CLAUDIA LEITTE,0.0,,52.3166,,,,,52316600,523166
Band,band UNIFICADO out dez 2023 jan fev 2024.xls,Relatorio_UBEM,MELHOR DA NOITE,2024-02-13,,,,AINDA GOSTO DELA,SAMUEL ROSA DE ALVARENGA / JOSE FERNANDO GOMES REIS,SKANK,0.0,,104.6332,,,,,104633200,1046332
Band,band UNIFICADO out dez 2023 jan fev 2024.xls,Relatorio_UBEM,MELHOR DA NOITE,2024-02-13,,,,AINDA GOSTO DELA,SAMUEL ROSA DE ALVARENGA / JOSE FERNANDO GOMES REIS,SKANK,0.0,,52.3166,,,,,52316600,523166
Band,band UNIFICADO out dez 2023 jan fev 2024.xls,Relatorio_UBEM,MELHOR DA NOITE,2024-02-13,,,,AINDA GOSTO DELA,SAMUEL ROSA DE ALVARENGA / JOSE FERNANDO GOMES REIS,SKANK,0.0,,104.6332,,,,,104633200,1046332
Band,band UNIFICADO out dez 2023 jan fev 2024.xls,Relatorio_UBEM,MELHOR DA NOITE,2024-02-13,,,,REBOLATION,LÉO SANTANA / KIKO LOUREIRO,PARANGOLE,0.0,,104.6332,,,,,104633200,1046332
Band,band UNIFICADO out dez 2023 jan fev 2024.xls,Relatorio_UBEM,MELHOR DA NOITE,2024-02-13,,,,MACETANDO,IVETE SANGALO / LUCIANO CHAVES / SAMIR TRINDADE,IVETE SANGALO / LUDMILLA,0.0,,104.6332,,,,,104633200,1046332
Band,band UNIFICADO out dez 2023 jan fev 2024.xls,Relatorio_UBEM,MELHOR DA NOITE,2024-02-13,,,,SINTONIA,VICENTE BARRETO / FREDERICO AUGUSTO LIBERALLI GOES / ANTONIO CARLOS DE MORAIS PIRES / JOSE RAIMUNDO GUIMARAES BARRETO / ANDRE MURILO DA SILVA / FABIO GOES / JOSE CASTANHO DE GODOY PINHEIRO / VICTOR PULCINELLI,MORAES MOREIRA                     ,0.0,,104.6332,,,,,104633200,1046332
Band,band UNIFICADO out dez 2023 jan fev 2024.xls,Relatorio_UBEM,MELHOR DA NOITE,2024-02-13,,,,PAQUEREI,BETO JAMAICA/ COMPADRE WASHINGTON,E O TCHAN,0.0,,104.6332,,,,,104633200,1046332
Band,band UNIFICADO out dez 2023 jan fev 2024.xls,Relatorio_UBEM,MELHOR DA NOITE,2024-02-13,,,,VOU DEIXAR                                        ,SAMUEL ROSA/CHICO AMARAL,SKANK,0.0,,104.6332,,,,,104633200,1046332
Band,band UNIFICADO out dez 2023 jan fev 2024.xls,Relatorio_UBEM,MELHOR DA NOITE,2024-02-13,,,,SAIDEIRA                                          ,RODRIGO F.LEÃO/SAMUEL ROSA,SKANK,0.0,,104.6332,,,,,104633200,1046332
Band,band UNIFICADO out dez 2023 jan fev 2024.xls,Relatorio_UBEM,MELHOR DA NOITE,2024-02-13,,,,CLAUDINHA BAGUNCEIRA,TATAU / XIXINHO,CLAUDIA LEITTE / JULIETTE,0.0,,52.3166,,,,,52316600,523166
Band,band UNIFICADO out dez 2023 jan fev 2024.xls,Relatorio_UBEM,MELHOR DA NOITE,2024-02-13,,,,TENGO,RAFAEL SILVA DE QUEIROZ / ELANA DARA SARTOR / CAROLZINHA / JULIETTE FREIRE FEITOSA,JULIETTE,0.0,,52.3166,,,,,52316600,523166
Band,band UNIFICADO out dez 2023 jan fev 2024.xls,Relatorio_UBEM,MELHOR DA NOITE,2024-02-13,,,,TE VER,SAMUEL ROSA / CHICO AMARAL,SAMUEL ROSA,0.0,,52.3166,,,,,52316600,523166
Band,band UNIFICADO out dez 2023 jan fev 2024.xls,Relatorio_UBEM,MELHOR DA NOITE,2024-02-13,,,,TE VER,SAMUEL ROSA / CHICO AMARAL,SAMUEL ROSA,0.0,,104.6332,,,,,104633200,1046332
Band,band UNIFICADO out dez 2023 jan fev 2024.xls,Relatorio_UBEM,MELHOR DA NOITE,2024-02-13,,,,ACIMA DO SOL,SAMUEL ROSA/CHICO AMARAL,SAMUEL ROSA,0.0,,52.3166,,,,,52316600,523166
Band,band UNIFICADO out dez 2023 jan fev 2024.xls,Relatorio_UBEM,MELHOR DA NOITE,2024-02-13,,,,ACIMA DO SOL,SAMUEL ROSA/CHICO AMARAL,SAMUEL ROSA,0.0,,104.6332,,,,,104633200,1046332
Band,band UNIFICADO out dez 2023 jan fev 2024.xls,Relatorio_UBEM,MELHOR DA NOITE,2024-02-13,,,,ACIMA DO SOL,SAMUEL ROSA/CHICO AMARAL,SAMUEL ROSA,0.0,,104.6332,,,,,104633200,1046332
Band,band UNIFICADO out dez 2023 jan fev 2024.xls,Relatorio_UBEM,MELHOR DA NOITE,2024-02-13,,,,LOURINHA BOMBRIL,DIEGO JOSE BLANCO / FERNANDO JAVIER LUIS HORTAL,SAMUEL ROSA,0.0,,104.6332,,,,,104633200,1046332
Band,band UNIFICADO out dez 2023 jan fev 2024.xls,Relatorio_UBEM,MELHOR DA NOITE,2024-02-13,,,,LOURINHA BOMBRIL,DIEGO JOSE BLANCO / FERNANDO JAVIER LUIS HORTAL,SAMUEL ROSA,0.0,,52.3166,,,,,52316600,523166
Band,band UNIFICADO out dez 2023 jan fev 2024.xls,Relatorio_UBEM,MELHOR DA NOITE,2024-02-13,,,,NAO VOU FICAR,ROBERTO CARLOS,SAMUEL ROSA,0.0,,104.6332,,,,,104633200,1046332
Band,band UNIFICADO out dez 2023 jan fev 2024.xls,Relatorio_UBEM,MELHOR DA NOITE,2024-02-13,,,,NAO VOU FICAR,ROBERTO CARLOS,SAMUEL ROSA,0.0,,52.3166,,,,,52316600,523166
Band,band UNIFICADO out dez 2023 jan fev 2024.xls,Relatorio_UBEM,MELHOR DA NOITE,2024-02-13,,,,NAO DESLIGUE O RADIO,CHITAOZINHO E XORORO / JOEL MARQUES,CHITAOZINHO E XORORO,0.0,,104.6332,,,,,104633200,1046332
Band,band UNIFICADO out dez 2023 jan fev 2024.xls,Relatorio_UBEM,MELHOR DA NOITE,2024-02-13,,,,FARINHA,DJAVAN,DJAVAN,0.0,,73.2431,,,,,73243100,732431
Band,band UNIFICADO out dez 2023 jan fev 2024.xls,Relatorio_UBEM,MELHOR DA NOITE,2024-02-13,,,,VAI TER QUE REBOLAR,NELSON MORAIS FILHO,SANDY E JUNIOR,0.0,,73.2431,,,,,73243100,732431
Band,band UNIFICADO out dez 2023 jan fev 2024.xls,Relatorio_UBEM,MELHOR DA NOITE,2024-02-13,,,,POPEYE,SAMMY LERNER,SAMMY LERNER,0.0,,73.2431,,,,,73243100,732431
Band,band UNIFICADO out dez 2023 jan fev 2024.xls,Relatorio_UBEM,MELHOR DA NOITE,2024-02-13,,,,TIC TIC TAC,BRAULINO LIMA,BANDA CARRAPICHO,0.0,,73.2431,,,,,73243100,732431
Band,band UNIFICADO out dez 2023 jan fev 2024.xls,Relatorio_UBEM,MELHOR DA NOITE,2024-02-13,,,,MASSA DE MANDIOCA,MASTRUZ COM LEITE,MASTRUZ COM LEITE,0.0,,73.2431,,,,,73243100,732431
Band,band UNIFICADO out dez 2023 jan fev 2024.xls,Relatorio_UBEM,MELHOR DA NOITE,2024-02-13,,,,SOU A BARBIE GIRL,KARSTEN DAHLGAARD / RENE DIF / GUSTAVO BARREIRA LINS / CLAUS NORREEN / LENE NYSTROM / JOHNNY MOSEGAARD PEDERSEN / SOREN RASTED / UMBERTO DA SILVA TAVARES,KELLY KEY,0.0,,73.2431,,,,,73243100,732431
Band,band UNIFICADO out dez 2023 jan fev 2024.xls,Relatorio_UBEM,MELHOR DA NOITE,2024-02-13,,,,TUTOIA,HERNANE FILIPE / SAQUA SAQUA,BANDA ACESSO,0.0,,73.2431,,,,,73243100,732431
Band,band UNIFICADO out dez 2023 jan fev 2024.xls,Relatorio_UBEM,MELHOR DA NOITE,2024-02-13,,,,MANDIOCA RAIZ RAINHA DO BRASIL,ALLYSSON RIBEIRO / ELALIO FIGUEIREDO / RENATO GUIMARAES,ESCOLA DE SAMBA TUNEL DO SACAVEM,0.0,,73.2431,,,,,73243100,732431
Band,band UNIFICADO out dez 2023 jan fev 2024.xls,Relatorio_UBEM,MELHOR DA NOITE,2024-02-13,,,,CIRANDA DA MACAXEIRA,GUGA SANTOS / LUIZ PAIXAO,MESTRE LUIZ PAIXAO / SIBA,0.0,,73.2431,,,,,73243100,732431
Band,band UNIFICADO out dez 2023 jan fev 2024.xls,Relatorio_UBEM,MELHOR DA NOITE,2024-02-13,,,,ERVA DANINHA,GUILHERME DE BRITO,CASSIA ELLER / LUIZ MELODIA / GUILHERME DE BRITO,0.0,,73.2431,,,,,73243100,732431
Band,band UNIFICADO out dez 2023 jan fev 2024.xls,Relatorio_UBEM,MELHOR DA NOITE,2024-02-13,,,,ORANGE BLOSSOM SPECIAL,ERVIN T ROUSE,SOUTHERN RAISED,0.0,,73.2431,,,,,73243100,732431
Band,band UNIFICADO out dez 2023 jan fev 2024.xls,Relatorio_UBEM,MELHOR DA NOITE,2024-02-13,,,,FLAGPOLE FANFARE,KOJI KONDO,CAIO VARGAS,0.0,,73.2431,,,,,73243100,732431
Band,band UNIFICADO out dez 2023 jan fev 2024.xls,Relatorio_UBEM,MELHOR DA NOITE,2024-02-13,,,,TODOS CANTAM SUA TERRA,JOAO DO VALE / JULINHO,ALCIONE,0.0,,73.2431,,,,,73243100,732431
Band,band UNIFICADO out dez 2023 jan fev 2024.xls,Relatorio_UBEM,MELHOR DA NOITE,2024-02-13,,,,QUE RUFEM OS TAMBORES,BILLY PONZIO,BILLY PONZIO,0.0,,73.2431,,,,,73243100,732431
Band,band UNIFICADO out dez 2023 jan fev 2024.xls,Relatorio_UBEM,MELHOR DA NOITE,2024-02-13,,,,O MAIS BELO DOS BELOS,"GUIGUIO, VALTER FARIAS",ILE AIYE,0.0,,73.2431,,,,,73243100,732431
Band,band UNIFICADO out dez 2023 jan fev 2024.xls,Relatorio_UBEM,MELHOR DA NOITE,2024-02-13,,,,QUE BLOCO É ESSE,PAULINHO CAMAFEU,ILE AIYE,0.0,,73.2431,,,,,73243100,732431
Band,band UNIFICADO out dez 2023 jan fev 2024.xls,Relatorio_UBEM,MELHOR DA NOITE,2024-02-13,,,,TE ENCONTRO NO ILE,DAVIZINHA / REIZINHO / SILVIO ALMEIDA / TOINHO DO VALE,ILE AIYE,0.0,,73.2431,,,,,73243100,732431
Band,band UNIFICADO out dez 2023 jan fev 2024.xls,Relatorio_UBEM,MELHOR DA NOITE,2024-02-13,,,,DEPOIS QUE O ILE PASSAR,MILTON SOUZA MILTAO,ILE AIYE,0.0,,73.2431,,,,,73243100,732431
Band,band UNIFICADO out dez 2023 jan fev 2024.xls,Relatorio_UBEM,MELHOR DA NOITE,2024-02-13,,,,A FORCA DO ILE,PAULINHO LARANJEIRA,ILE AIYE,0.0,,73.2431,,,,,73243100,732431
Band,band UNIFICADO out dez 2023 jan fev 2024.xls,Relatorio_UBEM,MELHOR DA NOITE,2024-02-13,,,,DEPOIS QUE O ILE PASSAR,MILTON SOUZA MILTAO,ILE AIYE,0.0,,73.2431,,,,,73243100,732431
Band,band UNIFICADO out dez 2023 jan fev 2024.xls,Relatorio_UBEM,MELHOR DA NOITE,2024-02-14,,,,VELHA INFANCIA,ANTONIO CARLOS SANTOS DE FREITAS / MARISA DE AZEVEDO MONTE / PEDRO CIDADE GOMES / ARNALDO AUGUSTO NORA ANTUNES FILHO / DAVI CUNHA DE MORAES PIRES,OS TRIBALISTAS,0.0,,104.6332,,,,,104633200,1046332
Band,band UNIFICADO out dez 2023 jan fev 2024.xls,Relatorio_UBEM,MELHOR DA NOITE,2024-02-14,,,,ISSO AQUI TA BOM DEMAIS,DOMINGUINHOS,DOMINGUINHOS,0.0,,104.6332,,,,,104633200,1046332
Band,band UNIFICADO out dez 2023 jan fev 2024.xls,Relatorio_UBEM,MELHOR DA NOITE,2024-02-14,,,,PRETA                                             ,BETO BARBOSA,BETO BARBOSA,0.0,,104.6332,,,,,104633200,1046332
Band,band UNIFICADO out dez 2023 jan fev 2024.xls,Relatorio_UBEM,MELHOR DA NOITE,2024-02-14,,,,CALDINHO DE MOCOTO,DRUMONT / LACERDA / NENA,GENIVAL LACERDA,0.0,,104.6332,,,,,104633200,1046332
Band,band UNIFICADO out dez 2023 jan fev 2024.xls,Relatorio_UBEM,MELHOR DA NOITE,2024-02-14,,,,MARRY YOU,ARI LEVINE / BRUNO MARS / PHILIP LAWRENCE,BRUNO MARS,0.0,,73.2431,,,,,73243100,732431
Band,band UNIFICADO out dez 2023 jan fev 2024.xls,Relatorio_UBEM,MELHOR DA NOITE,2024-02-14,,,,PRA SONHAR,MARCELO JENECI,Marcelo Jeneci/Laura Lavieri,0.0,,73.2431,,,,,73243100,732431
Band,band UNIFICADO out dez 2023 jan fev 2024.xls,Relatorio_UBEM,MELHOR DA NOITE,2024-02-14,,,,LOVE SOMEONE,JASON MRAZ / RAINING JANE,JASON MRAZ,0.0,,73.2431,,,,,73243100,732431
Band,band UNIFICADO out dez 2023 jan fev 2024.xls,Relatorio_UBEM,MELHOR DA NOITE,2024-02-14,,,,A BARATINHA,GALINHA PINTADINHA,GIRAMILLE,0.0,,73.2431,,,,,73243100,732431
Band,band UNIFICADO out dez 2023 jan fev 2024.xls,Relatorio_UBEM,MELHOR DA NOITE,2024-02-14,,,,AQUELE EX,SOROCABA/MAYCON/VINICIUS,FERNANDO E SOROCABA,0.0,,73.2431,,,,,73243100,732431
Band,band UNIFICADO out dez 2023 jan fev 2024.xls,Relatorio_UBEM,MELHOR DA NOITE,2024-02-14,,,,PORQUE EU TE AMO,ANA CLARA CAETANO COSTA / TIAGO IORCZESKI,ANAVITORIA,0.0,,73.2431,,,,,73243100,732431
Band,band UNIFICADO out dez 2023 jan fev 2024.xls,Relatorio_UBEM,MELHOR DA NOITE,2024-02-14,,,,ESSA E PRA VOCE,CLARICE FALCAO,CLARICE FALCAO,0.0,,73.2431,,,,,73243100,732431
Band,band UNIFICADO out dez 2023 jan fev 2024.xls,Relatorio_UBEM,MELHOR DA NOITE,2024-02-14,,,,EU TENHO NOJO,DAYANE CAMARGO / DIEGO FERRARI / EVERTON MATOS / PAULO PIRES / RAY ANTONIO,MAIARA E MARAISA,0.0,,73.2431,,,,,73243100,732431
Band,band UNIFICADO out dez 2023 jan fev 2024.xls,Relatorio_UBEM,MELHOR DA NOITE,2024-02-14,,,,BAHAMA SOUL STEW,A ALBURY / W CLARKE,FUNKY NASSAU,0.0,,73.2431,,,,,73243100,732431
Band,band UNIFICADO out dez 2023 jan fev 2024.xls,Relatorio_UBEM,MELHOR DA NOITE,2024-02-15,,,,VOANDO PRO PARA,CHRYSTIAN LIMA / NILK OLIVEIRA / ISAC MARAIAL / VALTER SERRARIA,JOELMA,0.0,,104.6332,,,,,104633200,1046332
Band,band UNIFICADO out dez 2023 jan fev 2024.xls,Relatorio_UBEM,MELHOR DA NOITE,2024-02-15,,,,SUNROOF,AIDAN RODRIGUEZ / DAZY / NICHOLAS URE,DAZY / NICKY YOURE,0.0,,73.2431,,,,,73243100,732431
Band,band UNIFICADO out dez 2023 jan fev 2024.xls,Relatorio_UBEM,MELHOR DA NOITE,2024-02-15,,,,WALK BY,FOO FIGHETRS,FOO FIGHTERS,0.0,,73.2431,,,,,73243100,732431
Band,band UNIFICADO out dez 2023 jan fev 2024.xls,Relatorio_UBEM,MELHOR DA NOITE,2024-02-15,,,,MC PRESSURE TEST AH2,JEFFREY LIPPENCOTT/MARK THOMAS WILLIAMS,THOMAS WILLIAMS,0.0,,73.2431,,,,,73243100,732431
Band,band UNIFICADO out dez 2023 jan fev 2024.xls,Relatorio_UBEM,MELHOR DA NOITE,2024-02-15,,,,SUNDAY VIBE,CISCO ADLER / GARETT DUTTON,CISCO ADLER / G LOVE E SPECIAL SAUCE,0.0,,73.2431,,,,,73243100,732431
Band,band UNIFICADO out dez 2023 jan fev 2024.xls,Relatorio_UBEM,MELHOR DA NOITE,2024-02-16,,,,THE MYSTIC DREAM,LOREENA MCKENNITT,LOREENA MCKENNITT,0.0,,104.6332,,,,,104633200,1046332
Band,band UNIFICADO out dez 2023 jan fev 2024.xls,Relatorio_UBEM,MELHOR DA NOITE,2024-02-16,,,,TEMPORAL, LEANDRO LEHART,SAMBA 90 GRAUS,0.0,,52.3166,,,,,52316600,523166
Band,band UNIFICADO out dez 2023 jan fev 2024.xls,Relatorio_UBEM,MELHOR DA NOITE,2024-02-16,,,,PELA VIDA INTEIRA,CHARLES ANDRE / RIQUINHO,SAMBA 90 GRAUS,0.0,,52.3166,,,,,52316600,523166
Band,band UNIFICADO out dez 2023 jan fev 2024.xls,Relatorio_UBEM,MELHOR DA NOITE,2024-02-16,,,,EU ME APAIXONEI PELA PESSOA ERRADA,PITTER CORREA / CLEBER BITTENCOURT,SAMBA 90 GRAUS,0.0,,52.3166,,,,,52316600,523166
Band,band UNIFICADO out dez 2023 jan fev 2024.xls,Relatorio_UBEM,MELHOR DA NOITE,2024-02-16,,,,BEIJO GELADINHO                                   ,NETINHO/WAGNINHO,SAMBA 90 GRAUS,0.0,,52.3166,,,,,52316600,523166
Band,band UNIFICADO out dez 2023 jan fev 2024.xls,Relatorio_UBEM,MELHOR DA NOITE,2024-02-16,,,,BELLA CIAO,DOMINIO POPULAR,MANU PILAS,0.0,,73.2431,,,,,73243100,732431
Band,band UNIFICADO out dez 2023 jan fev 2024.xls,Relatorio_UBEM,MELHOR DA NOITE,2024-02-16,,,,NEL BLU DIPINTO DI BLU (VOLARE),FRANCESCO MIGLIACCI / DOMENICO MODUGNO,DOMENICO MODUGNO,0.0,,73.2431,,,,,73243100,732431
Band,band UNIFICADO out dez 2023 jan fev 2024.xls,Relatorio_UBEM,MELHOR DA NOITE,2024-02-16,,,,DATEMI UN MARTELLO                                ,L.HAYS/P.SEEGER/VRS.:S.BARDOTTI,RITA PAVONE,0.0,,73.2431,,,,,73243100,732431
Band,band UNIFICADO out dez 2023 jan fev 2024.xls,Relatorio_UBEM,MELHOR DA NOITE,2024-02-16,,,,THE GODFATHER THEME SONG,NINO ROTA,TOMMY MUSIC ZEDD MUSIQUE,0.0,,73.2431,,,,,73243100,732431
Band,band UNIFICADO out dez 2023 jan fev 2024.xls,Relatorio_UBEM,MELHOR DA NOITE,2024-02-16,,,,EU BEBO SIM                                       ,LUIZ ANTÔNIO/JOÃO DO VIOLÃO,VELHAS VIRGENS,0.0,,73.2431,,,,,73243100,732431
Band,band UNIFICADO out dez 2023 jan fev 2024.xls,Relatorio_UBEM,MELHOR DA NOITE,2024-02-16,,,,WE NO SPEAK AMERICANO,DUNCAN MACLENNAN / JOHNSON PETERSON / NICOLA SALERNO / RENATO CAROSONE / SYLVESTER MARTINEZ,YOLANDA BE COOL / DCUP / HANS ZIMMER,0.0,,73.2431,,,,,73243100,732431
Band,band UNIFICADO out dez 2023 jan fev 2024.xls,Relatorio_UBEM,MELHOR DA NOITE,2024-02-16,,,,SAMBA ITALIANO                                    ,ADONIRAN BARBOSA,ADONIRAN BARBOSA,0.0,,73.2431,,,,,73243100,732431
Band,band UNIFICADO out dez 2023 jan fev 2024.xls,Relatorio_UBEM,MELHOR DA NOITE,2024-02-16,,,,WE WILL ROCK YOU                                  ,BRIAN MAY,QUEEN,0.0,,73.2431,,,,,73243100,732431
Band,band UNIFICADO out dez 2023 jan fev 2024.xls,Relatorio_UBEM,MELHOR DA NOITE,2024-02-16,,,,NEL BLU DIPINTO DI BLU (VOLARE),FRANCESCO MIGLIACCI / DOMENICO MODUGNO,DOMENICO MODUGNO,0.0,,73.2431,,,,,73243100,732431
Band,band UNIFICADO out dez 2023 jan fev 2024.xls,Relatorio_UBEM,MELHOR DA NOITE,2024-02-16,,,,HAVANA,ADAM KING FEENEY / ALEXANDRA LEAH TAMPOSI / ANDREW WOTMAN / BRANDON PERRY / BRITTANY TALIA HAZZARD / CAMILA CABELLO / JEFFERY LAMAR WILLIAMS / LOUIS RUSSELL BELL / PHARRELL L WILLIAMS / BRIAN DONG HO LEE / KAAN GUNESBERG,CAMILA CABELLO / YOUNG THUG,0.0,,73.2431,,,,,73243100,732431
Band,band UNIFICADO out dez 2023 jan fev 2024.xls,Relatorio_UBEM,MELHOR DA NOITE,2024-02-16,,,,FUNKY MAMA,BIG JOHN PATTON,GRANT GREEN,0.0,,73.2431,,,,,73243100,732431
Band,band UNIFICADO out dez 2023 jan fev 2024.xls,Relatorio_UBEM,MELHOR DA NOITE,2024-02-16,,,,SPIDER MAN,PAUL FRANCIS WEBSTER,PAUL WEBSTER / BOB HARRIS,0.0,,73.2431,,,,,73243100,732431
Band,band UNIFICADO out dez 2023 jan fev 2024.xls,Relatorio_UBEM,MELHOR DA NOITE,2024-02-16,,,,PERNA BAMBA,SHYTON FERNANDES / TINHO WT / LUCAS LM / GABRIEL CANTINI / BRENO MAJOR / GABRIEL BK / NEWTON FONSECA / BATIDAO STRONDA,PARANGOLE / LEO SANTANA,0.0,,73.2431,,,,,73243100,732431
Band,band UNIFICADO out dez 2023 jan fev 2024.xls,Relatorio_UBEM,MELHOR DA NOITE,2024-02-16,,,,TARANTELA NAPOLITANA,LUIGI ALBERTINI,LUIGI ALBERTINI,0.0,,73.2431,,,,,73243100,732431
Band,band UNIFICADO out dez 2023 jan fev 2024.xls,Relatorio_UBEM,MELHOR DA NOITE,2024-02-16,,,,MINHA GIOCONDA,VICENTE CELESTINO,AGNALDO RAYOL,0.0,,73.2431,,,,,73243100,732431
Band,band UNIFICADO out dez 2023 jan fev 2024.xls,Relatorio_UBEM,MELHOR DA NOITE,2024-02-16,,,,L ITALIANO,C MINELLONO / S CUTUGNO,TOTO CUTUGNO,0.0,,73.2431,,,,,73243100,732431
Band,band UNIFICADO out dez 2023 jan fev 2024.xls,Relatorio_UBEM,MELHOR DA NOITE,2024-02-19,,,,PERAI,LARIE TAVEIRA,A MELHOR BANDA DA CIDADE,0.0,,52.3166,,,,,52316600,523166
Band,band UNIFICADO out dez 2023 jan fev 2024.xls,Relatorio_UBEM,MELHOR DA NOITE,2024-02-19,,,,BOA PESSOA,LUIZ FELIPE LEPREVOST E THIAGO CHAVES,A MELHOR BANDA DA CIDADE,0.0,,52.3166,,,,,52316600,523166
Band,band UNIFICADO out dez 2023 jan fev 2024.xls,Relatorio_UBEM,MELHOR DA NOITE,2024-02-19,,,,ORACAO ,LEO FRESSATO,A MELHOR BANDA DA CIDADE,0.0,,52.3166,,,,,52316600,523166
Band,band UNIFICADO out dez 2023 jan fev 2024.xls,Relatorio_UBEM,MELHOR DA NOITE,2024-02-19,,,,E UMA PARTIDA DE FUTEBOL                          ,SAMUEL ROSA/NANDO REIS             ,SKANK,0.0,,104.6332,,,,,104633200,1046332
Band,band UNIFICADO out dez 2023 jan fev 2024.xls,Relatorio_UBEM,MELHOR DA NOITE,2024-02-19,,,,ES_EPIC VOYAGE,DREAM CAVE,DREAM CAVE,0.0,,73.2431,,,,,73243100,732431
Band,band UNIFICADO out dez 2023 jan fev 2024.xls,Relatorio_UBEM,MELHOR DA NOITE,2024-02-19,,,,ROCK N ROLL ALL NIGHT,KISS,KISS,0.0,,73.2431,,,,,73243100,732431
Band,band UNIFICADO out dez 2023 jan fev 2024.xls,Relatorio_UBEM,MELHOR DA NOITE,2024-02-19,,,,THE JAMES BOND,MONTY NORMAN,THE CITY OF PRAGUE PHILHARMONIC ORCHESTRA,0.0,,73.2431,,,,,73243100,732431
Band,band UNIFICADO out dez 2023 jan fev 2024.xls,Relatorio_UBEM,MELHOR DA NOITE,2024-02-19,,,,SAGA DE UM CANOEIRO,RONALDO BARBOSA,ARLINDO JR,0.0,,73.2431,,,,,73243100,732431
Band,band UNIFICADO out dez 2023 jan fev 2024.xls,Relatorio_UBEM,MELHOR DA NOITE,2024-02-19,,,,BANHO DE FOLHAS,LUEDJI LUNA,LUEDJI LUNA,0.0,,73.2431,,,,,73243100,732431
Band,band UNIFICADO out dez 2023 jan fev 2024.xls,Relatorio_UBEM,MELHOR DA NOITE,2024-02-19,,,,VAI 1,ESPERANZA,ESPERANZA,0.0,,73.2431,,,,,73243100,732431
Band,band UNIFICADO out dez 2023 jan fev 2024.xls,Relatorio_UBEM,MELHOR DA NOITE,2024-02-19,,,,EU SOUL,FABIO ELIAS,RELESPUBLICA,0.0,,73.2431,,,,,73243100,732431
Band,band UNIFICADO out dez 2023 jan fev 2024.xls,Relatorio_UBEM,MELHOR DA NOITE,2024-02-19,,,,MAZZAROPI INCRIMINADO,CHARME CHULO / IGOR FILUS / LEANDRO DELMONICO,CHARME CHULO / IGOR FILUS / LEANDRO DELMONICO,0.0,,73.2431,,,,,73243100,732431
Band,band UNIFICADO out dez 2023 jan fev 2024.xls,Relatorio_UBEM,MELHOR DA NOITE,2024-02-19,,,,ARREPENDIMENTO,VALDIVINO / DARILDO,TRIO PARANAENSE,0.0,,73.2431,,,,,73243100,732431
Band,band UNIFICADO out dez 2023 jan fev 2024.xls,Relatorio_UBEM,MELHOR DA NOITE,2024-02-19,,,,PEDRA FURADA,LEMOSKINE,LEMOSKINE,0.0,,73.2431,,,,,73243100,732431
Band,band UNIFICADO out dez 2023 jan fev 2024.xls,Relatorio_UBEM,MELHOR DA NOITE,2024-02-19,,,,AMUSEMENT PARK,CURTIS JACKSON / H CAMPBELL / T CRAWFORD,50 CENT,0.0,,73.2431,,,,,73243100,732431
Band,band UNIFICADO out dez 2023 jan fev 2024.xls,Relatorio_UBEM,MELHOR DA NOITE,2024-02-19,,,,FESTA DE CARIMBO,PINDUCA,BANDA FRUTA QUENTE,0.0,,73.2431,,,,,73243100,732431
Band,band UNIFICADO out dez 2023 jan fev 2024.xls,Relatorio_UBEM,MELHOR DA NOITE,2024-02-19,,,,AMAZONIA NAS CORES DO BRASIL,ADRIANO AGUIAR,BOI BUMBA CAPRICHOSO,0.0,,73.2431,,,,,73243100,732431
Band,band UNIFICADO out dez 2023 jan fev 2024.xls,Relatorio_UBEM,MELHOR DA NOITE,2024-02-19,,,,CILIO,MAGAIVER LIMA DOS SANTOS,CASA DE CABA,0.0,,73.2431,,,,,73243100,732431
Band,band UNIFICADO out dez 2023 jan fev 2024.xls,Relatorio_UBEM,MELHOR DA NOITE,2024-02-19,,,,THE WAY OF WATER,SIMON FRANGLEN,SIMON FRANGLEN,0.0,,73.2431,,,,,73243100,732431
Band,band UNIFICADO out dez 2023 jan fev 2024.xls,Relatorio_UBEM,MELHOR DA NOITE,2024-02-19,,,,RUN DADDY RUN,HARALD KLOSER E THOMAS WANDER,HARALD KLOSER E THOMAS WANDER,0.0,,73.2431,,,,,73243100,732431
Band,band UNIFICADO out dez 2023 jan fev 2024.xls,Relatorio_UBEM,MELHOR DA NOITE,2024-02-19,,,,ES_LIFE IN PIECES,HOWARD HARPER BARNES,HOWARD HARPER BARNES,0.0,,73.2431,,,,,73243100,732431
Band,band UNIFICADO out dez 2023 jan fev 2024.xls,Relatorio_UBEM,MELHOR DA NOITE,2024-02-19,,,,MEDO DA VIDA,HANDERSON BANKS MIRANDA / LUCAS SENRA,BANDA BANKS,0.0,,73.2431,,,,,73243100,732431
Band,band UNIFICADO out dez 2023 jan fev 2024.xls,Relatorio_UBEM,MELHOR DA NOITE,2024-02-20,,,,VOU DEIXAR                                        ,SAMUEL ROSA/CHICO AMARAL,SKANK,0.0,,104.6332,,,,,104633200,1046332
Band,band UNIFICADO out dez 2023 jan fev 2024.xls,Relatorio_UBEM,MELHOR DA NOITE,2024-02-20,,,,MY HEART WILL GO ON,JAMES HORNER / WILL JENNINGS,CELINE DION / WILLIAM ROSS,0.0,,73.2431,,,,,73243100,732431
Band,band UNIFICADO out dez 2023 jan fev 2024.xls,Relatorio_UBEM,MELHOR DA NOITE,2024-02-20,,,,I WILL SURVIVE ,DINO FEKARIS / FREDDIE PERREN,GLORIA GAINOR,0.0,,73.2431,,,,,73243100,732431
Band,band UNIFICADO out dez 2023 jan fev 2024.xls,Relatorio_UBEM,MELHOR DA NOITE,2024-02-20,,,,RIO ANTIGO (COMO NOS VELHOS TEMPOS),NONATO BUZAR,ALCIONE,0.0,,73.2431,,,,,73243100,732431
Band,band UNIFICADO out dez 2023 jan fev 2024.xls,Relatorio_UBEM,MELHOR DA NOITE,2024-02-20,,,,VATAPA,DORIVAL CAYMMI,GAL COSTA,0.0,,73.2431,,,,,73243100,732431
Band,band UNIFICADO out dez 2023 jan fev 2024.xls,Relatorio_UBEM,MELHOR DA NOITE,2024-02-20,,,,CAMARÃO QUE DORME A ONDA LEVA,ZECA PAGODINHO / BETO SEM BRAÇO / ARLINDO CRUZ,ARLINDO CRUZ,0.0,,73.2431,,,,,73243100,732431
Band,band UNIFICADO out dez 2023 jan fev 2024.xls,Relatorio_UBEM,MELHOR DA NOITE,2024-02-20,,,,ARACATI,GERALDO FIGUEIREDO,ARY LOBO,0.0,,73.2431,,,,,73243100,732431
Band,band UNIFICADO out dez 2023 jan fev 2024.xls,Relatorio_UBEM,MELHOR DA NOITE,2024-02-20,,,,CAMARAO,ZE GONZAGA,LULI RAMALHO,0.0,,73.2431,,,,,73243100,732431
Band,band UNIFICADO out dez 2023 jan fev 2024.xls,Relatorio_UBEM,MELHOR DA NOITE,2024-02-20,,,,O CHORO DO LACERDA,CAMARAO,CAMARAO EM 8 BAIXOS,0.0,,73.2431,,,,,73243100,732431
Band,band UNIFICADO out dez 2023 jan fev 2024.xls,Relatorio_UBEM,MELHOR DA NOITE,2024-02-20,,,,MAR DE SOM,MALLU VITURINO,MALLU VITURINO,0.0,,73.2431,,,,,73243100,732431
Band,band UNIFICADO out dez 2023 jan fev 2024.xls,Relatorio_UBEM,MELHOR DA NOITE,2024-02-20,,,,SEGURA O FOLE CAMARAO,MARCELO LUIZ FARIAS PIMENTEL,MARCELO PIMENTEL,0.0,,73.2431,,,,,73243100,732431
Band,band UNIFICADO out dez 2023 jan fev 2024.xls,Relatorio_UBEM,MELHOR DA NOITE,2024-02-20,,,,TEMPERADO,MUNIR HOSSN,MARIA TORO / MUNIR HOSSN,0.0,,73.2431,,,,,73243100,732431
Band,band UNIFICADO out dez 2023 jan fev 2024.xls,Relatorio_UBEM,MELHOR DA NOITE,2024-02-20,,,,RECORDANDO A TABAJARA,EDSON RODRIGUES,ORQUESTRA DE FREVOS,0.0,,73.2431,,,,,73243100,732431
Band,band UNIFICADO out dez 2023 jan fev 2024.xls,Relatorio_UBEM,MELHOR DA NOITE,2024-02-20,,,,MAXIXE COM CAMARAO,CAMARAO,CAMARAO,0.0,,73.2431,,,,,73243100,732431
Band,band UNIFICADO out dez 2023 jan fev 2024.xls,Relatorio_UBEM,MELHOR DA NOITE,2024-02-20,,,,VEM BALANCEAR,GENARIO,CAMARAO,0.0,,73.2431,,,,,73243100,732431
Band,band UNIFICADO out dez 2023 jan fev 2024.xls,Relatorio_UBEM,MELHOR DA NOITE,2024-02-20,,,,BRAS PEDACINHO DO NORTE,CAMARAO,CAMARAO,0.0,,73.2431,,,,,73243100,732431
Band,band UNIFICADO out dez 2023 jan fev 2024.xls,Relatorio_UBEM,MELHOR DA NOITE,2024-02-20,,,,FORASTEIRO,MAHAL PITA / ROBERTO BARRETO,BAIANASYSTEM,0.0,,73.2431,,,,,73243100,732431
Band,band UNIFICADO out dez 2023 jan fev 2024.xls,Relatorio_UBEM,MELHOR DA NOITE,2024-02-20,,,,CAMARAO NO XOTE,CAMARAO / M CABRAL,CAMARAO EM 8 BAIXOS,0.0,,73.2431,,,,,73243100,732431
Band,band UNIFICADO out dez 2023 jan fev 2024.xls,Relatorio_UBEM,MELHOR DA NOITE,2024-02-20,,,,CAMARAO NO ORIENTE,REGINALDO ALVES FERREIRA,CAMARAO,0.0,,73.2431,,,,,73243100,732431
Band,band UNIFICADO out dez 2023 jan fev 2024.xls,Relatorio_UBEM,MELHOR DA NOITE,2024-02-20,,,,O TEMA E DOMINGUINHOS,CAMARAO,CAMARAO,0.0,,73.2431,,,,,73243100,732431
Band,band UNIFICADO out dez 2023 jan fev 2024.xls,Relatorio_UBEM,MELHOR DA NOITE,2024-02-20,,,,FORTALEZA,FERNANDO CATATAU,CIDADAO INSTIGADO,0.0,,73.2431,,,,,73243100,732431
Band,band UNIFICADO out dez 2023 jan fev 2024.xls,Relatorio_UBEM,MELHOR DA NOITE,2024-02-20,,,,NA TOCA DO CAMARAO,CAMARAO,CAMARAO,0.0,,73.2431,,,,,73243100,732431
Band,band UNIFICADO out dez 2023 jan fev 2024.xls,Relatorio_UBEM,MELHOR DA NOITE,2024-02-20,,,,TRAGEDIA NO FUNDO DO MAR O ASSASSINATO DO CAMARAO,IBRAIM / ZERE,OS ORIGINAIS DO SAMBA,0.0,,73.2431,,,,,73243100,732431
Band,band UNIFICADO out dez 2023 jan fev 2024.xls,Relatorio_UBEM,MELHOR DA NOITE,2024-02-20,,,,OS CAMAROES,REGINALDO ALVES FERREIRA,CAMARAO,0.0,,73.2431,,,,,73243100,732431
Band,band UNIFICADO out dez 2023 jan fev 2024.xls,Relatorio_UBEM,MELHOR DA NOITE,2024-02-20,,,,VALSINHA PRA SAMANTHA,CAMARAO,CAMARAO,0.0,,73.2431,,,,,73243100,732431
Band,band UNIFICADO out dez 2023 jan fev 2024.xls,Relatorio_UBEM,MELHOR DA NOITE,2024-02-20,,,,PEIXE COM COCO,ALBERTO LONATO / JOSIAS / MACEIO DO CAVACO,CLARA NUNES,0.0,,73.2431,,,,,73243100,732431
Band,band UNIFICADO out dez 2023 jan fev 2024.xls,Relatorio_UBEM,MELHOR DA NOITE,2024-02-20,,,,CAMARAO E PEIXE BOM,ZE GONZAGA,ZE GONZAGA,0.0,,73.2431,,,,,73243100,732431
Band,band UNIFICADO out dez 2023 jan fev 2024.xls,Relatorio_UBEM,MELHOR DA NOITE,2024-02-20,,,,CAMARAO COM CHUCHU,JOVELINA PEROLA NEGRA,JOVELINA PEROLA NEGRA,0.0,,73.2431,,,,,73243100,732431
Band,band UNIFICADO out dez 2023 jan fev 2024.xls,Relatorio_UBEM,MELHOR DA NOITE,2024-02-21,,,,RECADO A MINHA AMADA                              ,JUNINHO/SALGADINHO/FI,SALGADINHO,0.0,,52.3166,,,,,52316600,523166
Band,band UNIFICADO out dez 2023 jan fev 2024.xls,Relatorio_UBEM,MELHOR DA NOITE,2024-02-21,,,,MUNDO DOS SONHOS,LULA BARBOSA / ALVARO GOMES,SALGADINHO,0.0,,52.3166,,,,,52316600,523166
Band,band UNIFICADO out dez 2023 jan fev 2024.xls,Relatorio_UBEM,MELHOR DA NOITE,2024-02-21,,,,DEFENSIVA,LUCAS MORATO / HERNANY,SALGADINHO,0.0,,52.3166,,,,,52316600,523166
Band,band UNIFICADO out dez 2023 jan fev 2024.xls,Relatorio_UBEM,MELHOR DA NOITE,2024-02-21,,,,INARAI,SALGADINHO / JUNINHO,SALGADINHO,0.0,,52.3166,,,,,52316600,523166
Band,band UNIFICADO out dez 2023 jan fev 2024.xls,Relatorio_UBEM,MELHOR DA NOITE,2024-02-21,,,,THE BATMAN TRAILER,MICHAEL GIACCHINO,MICHAEL GIACCHINO,0.0,,73.2431,,,,,73243100,732431
Band,band UNIFICADO out dez 2023 jan fev 2024.xls,Relatorio_UBEM,MELHOR DA NOITE,2024-02-21,,,,SOMETHING IN THE WAY YOU MOVE,ELLIE GOULDING,NIRVANA,0.0,,73.2431,,,,,73243100,732431
Band,band UNIFICADO out dez 2023 jan fev 2024.xls,Relatorio_UBEM,MELHOR DA NOITE,2024-02-21,,,,SETTING FORTH,EDDIE VEDDER,EDDIE VEDDER,0.0,,73.2431,,,,,73243100,732431
Band,band UNIFICADO out dez 2023 jan fev 2024.xls,Relatorio_UBEM,MELHOR DA NOITE,2024-02-21,,,,BATMAN THEME                                      ,NEAL HEFTI,NEAL HEFTI,0.0,,73.2431,,,,,73243100,732431
Band,band UNIFICADO out dez 2023 jan fev 2024.xls,Relatorio_UBEM,MELHOR DA NOITE,2024-02-21,,,,NO CEILING,EDDIE VEDDER,EDDIE VEDDER,0.0,,73.2431,,,,,73243100,732431
Band,band UNIFICADO out dez 2023 jan fev 2024.xls,Relatorio_UBEM,MELHOR DA NOITE,2024-02-21,,,,OPENING TITLES,SHERLOCK,HANS ZIMMER,0.0,,73.2431,,,,,73243100,732431
Band,band UNIFICADO out dez 2023 jan fev 2024.xls,Relatorio_UBEM,MELHOR DA NOITE,2024-02-21,,,,SOMETHING IN THE WAY YOU MOVE,ELLIE GOULDING,ELLIE GOULDING,0.0,,73.2431,,,,,73243100,732431
Band,band UNIFICADO out dez 2023 jan fev 2024.xls,Relatorio_UBEM,MELHOR DA NOITE,2024-02-21,,,,CORRENTEZA,LUIZ BONFA / TOM JOBIM,DJAVAN,0.0,,73.2431,,,,,73243100,732431
Band,band UNIFICADO out dez 2023 jan fev 2024.xls,Relatorio_UBEM,MELHOR DA NOITE,2024-02-21,,,,MACROTUS,HANS ZIMMER / JAMES NEWTON HOWARD,HANS ZIMMER / JAMES NEWTON HOWARD,0.0,,73.2431,,,,,73243100,732431
Band,band UNIFICADO out dez 2023 jan fev 2024.xls,Relatorio_UBEM,MELHOR DA NOITE,2024-02-21,,,,FAR BEHIND,KEVIN MARTIN,CANDLEBOX,0.0,,73.2431,,,,,73243100,732431
Band,band UNIFICADO out dez 2023 jan fev 2024.xls,Relatorio_UBEM,MELHOR DA NOITE,2024-02-21,,,,RIMANDO AS AGUAS 2,CELDO BRAGA / ELIBERTO BARRONCAS,RAIZES CABOCLAS,0.0,,73.2431,,,,,73243100,732431
Band,band UNIFICADO out dez 2023 jan fev 2024.xls,Relatorio_UBEM,MELHOR DA NOITE,2024-02-21,,,,TRES VIOLEIROS,SEBASTIAO TAPAJOS,NILSON CHAVES / SEBASTIAO TAPAJOS,0.0,,73.2431,,,,,73243100,732431
Band,band UNIFICADO out dez 2023 jan fev 2024.xls,Relatorio_UBEM,MELHOR DA NOITE,2024-02-21,,,,NHEENGATU,RENATO ROCHA LIMA,KURUP,0.0,,73.2431,,,,,73243100,732431
Band,band UNIFICADO out dez 2023 jan fev 2024.xls,Relatorio_UBEM,MELHOR DA NOITE,2024-02-21,,,,ESPELHO SOLAR,JOAO CAVALCANTI / RODRIGO LIMA,RODRIGO LIMA,0.0,,73.2431,,,,,73243100,732431
Band,band UNIFICADO out dez 2023 jan fev 2024.xls,Relatorio_UBEM,MELHOR DA NOITE,2024-02-21,,,,MARAMBIRE DO KUATA,HERMES CALDEIRA,GRUPO KUATA DE CARIMBO / HERMES CALDEIRA,0.0,,73.2431,,,,,73243100,732431
Band,band UNIFICADO out dez 2023 jan fev 2024.xls,Relatorio_UBEM,MELHOR DA NOITE,2024-02-21,,,,SENHOR DA FLORESTA,AUGUSTO CALHEIROS / RENE BITTENCOURT,MARIA BETHANIA,0.0,,73.2431,,,,,73243100,732431
Band,band UNIFICADO out dez 2023 jan fev 2024.xls,Relatorio_UBEM,MELHOR DA NOITE,2024-02-22,,,,JUST THE WAY YOU ARE,KHALIL WALTON/ PHILIP MARTIN LAWRENCE/ BRUNO MARS/ ARI LEVINE/ KHARI CAIN,A MELHOR BANDA DA NOITE,0.0,,52.3166,,,,,52316600,523166
Band,band UNIFICADO out dez 2023 jan fev 2024.xls,Relatorio_UBEM,MELHOR DA NOITE,2024-02-22,,,,ESCRITO NAS ESTRELAS,CARLOS RENNO / ARNALDO DORFMAN BLACK,A MELHOR BANDA DA NOITE,0.0,,52.3166,,,,,52316600,523166
Band,band UNIFICADO out dez 2023 jan fev 2024.xls,Relatorio_UBEM,MELHOR DA NOITE,2024-02-22,,,,COLD HEART,BERNARD JP TAUPIN/ELTON JOHN/NICHOLAS GEORGE LITTLEMORE / PETER BRUCE MAYES/SAMUEL DAVID LITTLEMORE,A MELHOR BANDA DA NOITE,0.0,,52.3166,,,,,52316600,523166
Band,band UNIFICADO out dez 2023 jan fev 2024.xls,Relatorio_UBEM,MELHOR DA NOITE,2024-02-22,,,,FEELIN GOOD,ANTHONY NEWLEY / LESLIE BRICUSSE,A MELHOR BANDA DA NOITE,0.0,,52.3166,,,,,52316600,523166
Band,band UNIFICADO out dez 2023 jan fev 2024.xls,Relatorio_UBEM,MELHOR DA NOITE,2024-02-22,,,,CILIO,MAGAIVER LIMA DOS SANTOS,CASA DE CABA,0.0,,73.2431,,,,,73243100,732431
Band,band UNIFICADO out dez 2023 jan fev 2024.xls,Relatorio_UBEM,MELHOR DA NOITE,2024-02-22,,,,NEVER FORGET,KONDWANI KAIRA / MAGNUS MANDO / MWANJE TEMBO / SAMPA TEMBO E TAONGA NYIRONGO,CHEF UM OITO SETE / MWANJE / SAMPA THE GREAT E TIO NASON,0.0,,73.2431,,,,,73243100,732431
Band,band UNIFICADO out dez 2023 jan fev 2024.xls,Relatorio_UBEM,MELHOR DA NOITE,2024-02-22,,,,SABIAS,GABI FARIAS / GABRIELLA E LULI BRAGA,GABI FARIAS / GABRIELLA E LULI BRAGA,0.0,,73.2431,,,,,73243100,732431
Band,band UNIFICADO out dez 2023 jan fev 2024.xls,Relatorio_UBEM,MELHOR DA NOITE,2024-02-22,,,,THE WAY OF WATER,SIMON FRANGLEN,SIMON FRANGLEN,0.0,,73.2431,,,,,73243100,732431
Band,band UNIFICADO out dez 2023 jan fev 2024.xls,Relatorio_UBEM,MELHOR DA NOITE,2024-02-22,,,,AMAZONAS MORENO,CELDO BRAGA / OSMAR OLIVEIRA,RAIZES CABOCLAS,0.0,,73.2431,,,,,73243100,732431
Band,band UNIFICADO out dez 2023 jan fev 2024.xls,Relatorio_UBEM,MELHOR DA NOITE,2024-02-22,,,,GENTE BONITA,EVANDRO ROQUE / LEANDRO ROQUE DE OLIVEIRA,FIOTI,0.0,,73.2431,,,,,73243100,732431
Band,band UNIFICADO out dez 2023 jan fev 2024.xls,Relatorio_UBEM,MELHOR DA NOITE,2024-02-22,,,,AMAZONIA NAS CORES DO BRASIL,ADRIANO AGUIAR,BOI BUMBA CAPRICHOSO,0.0,,73.2431,,,,,73243100,732431
Band,band UNIFICADO out dez 2023 jan fev 2024.xls,Relatorio_UBEM,MELHOR DA NOITE,2024-02-22,,,,FESTA DE CARIMBO,PINDUCA,BANDA FRUTA QUENTE,0.0,,73.2431,,,,,73243100,732431
Band,band UNIFICADO out dez 2023 jan fev 2024.xls,Relatorio_UBEM,MELHOR DA NOITE,2024-02-22,,,,THE WAY OF WATER,SIMON FRANGLEN,SIMON FRANGLEN,0.0,,73.2431,,,,,73243100,732431
Band,band UNIFICADO out dez 2023 jan fev 2024.xls,Relatorio_UBEM,MELHOR DA NOITE,2024-02-22,,,,LARGO SAO SEBASTIAO,LUNETA MAGICA,LUNETA MAGICA,0.0,,73.2431,,,,,73243100,732431
Band,band UNIFICADO out dez 2023 jan fev 2024.xls,Relatorio_UBEM,MELHOR DA NOITE,2024-02-22,,,,BAILARINA DA AGUA DOCE,LUNETA MAGICA,PATRICIA BASTOS,0.0,,73.2431,,,,,73243100,732431
Band,band UNIFICADO out dez 2023 jan fev 2024.xls,Relatorio_UBEM,MELHOR DA NOITE,2024-02-22,,,,ESPELHO SOLAR,JOAO CAVALCANTI / RODRIGO LIMA,RODRIGO LIMA,0.0,,73.2431,,,,,73243100,732431
Band,band UNIFICADO out dez 2023 jan fev 2024.xls,Relatorio_UBEM,MELHOR DA NOITE,2024-02-22,,,,ATE ONDE EU POSSO CHEGAR,GABRIE,GABRIE,0.0,,73.2431,,,,,73243100,732431
Band,band UNIFICADO out dez 2023 jan fev 2024.xls,Relatorio_UBEM,MELHOR DA NOITE,2024-02-22,,,,CAMINHOS DE RIO,NATACHA ANDRADE,RAIZES CABOCLAS,0.0,,73.2431,,,,,73243100,732431
Band,band UNIFICADO out dez 2023 jan fev 2024.xls,Relatorio_UBEM,MELHOR DA NOITE,2024-02-23,,,,CADE SEU NAMORADO MOCA,THALES LESSA,NADSON O FERINHA,0.0,,52.3166,,,,,52316600,523166
Band,band UNIFICADO out dez 2023 jan fev 2024.xls,Relatorio_UBEM,MELHOR DA NOITE,2024-02-23,,,,DUAS,DAYANE CAMARGO / LARA MENEZES / MARCO ESTEVES / PEDRO FELIPE / PEDRO MENDES / THALES LESSA / VALERIA COSTA,NADSON O FERINHA,0.0,,52.3166,,,,,52316600,523166
Band,band UNIFICADO out dez 2023 jan fev 2024.xls,Relatorio_UBEM,MELHOR DA NOITE,2024-02-23,,,,SINAL,SANDRINHA SANTANA,NADSON O FERINHA,0.0,,52.3166,,,,,52316600,523166
Band,band UNIFICADO out dez 2023 jan fev 2024.xls,Relatorio_UBEM,MELHOR DA NOITE,2024-02-23,,,,7 BILHOES,THALES LESSA,NADSON O FERINHA,0.0,,52.3166,,,,,52316600,523166
Band,band UNIFICADO out dez 2023 jan fev 2024.xls,Relatorio_UBEM,MELHOR DA NOITE,2024-02-23,,,,MOONLIGHT BENJAMIM,MARIE MOONLIGHT BENJAMIN / MATTHIS PASCAUD,PAPA LEGBA,0.0,,104.6332,,,,,104633200,1046332
Band,band UNIFICADO out dez 2023 jan fev 2024.xls,Relatorio_UBEM,MELHOR DA NOITE,2024-02-23,,,,SPIRITS IN THE MATERIAL WORLD,THE POLICE,THE POLICE,0.0,,73.2431,,,,,73243100,732431
Band,band UNIFICADO out dez 2023 jan fev 2024.xls,Relatorio_UBEM,MELHOR DA NOITE,2024-02-23,,,,SINAL,SANDRINHA SANTANA,NADSON O FERINHA,0.0,,73.2431,,,,,73243100,732431
Band,band UNIFICADO out dez 2023 jan fev 2024.xls,Relatorio_UBEM,MELHOR DA NOITE,2024-02-23,,,,SAGA DE UM CANOEIRO,RONALDO BARBOSA,BOI BUMBA CAPRICHOSO,0.0,,73.2431,,,,,73243100,732431
Band,band UNIFICADO out dez 2023 jan fev 2024.xls,Relatorio_UBEM,MELHOR DA NOITE,2024-02-23,,,,TOM GARANTIDO,HELLEN VERAS FILHO / TADEU GARCIA,BOI BUMBÁ GARANTIDO,0.0,,73.2431,,,,,73243100,732431
Band,band UNIFICADO out dez 2023 jan fev 2024.xls,Relatorio_UBEM,MELHOR DA NOITE,2024-02-23,,,,GENTE BONITA,EVANDRO ROQUE / LEANDRO ROQUE DE OLIVEIRA,FIOTI,0.0,,73.2431,,,,,73243100,732431
Band,band UNIFICADO out dez 2023 jan fev 2024.xls,Relatorio_UBEM,MELHOR DA NOITE,2024-02-23,,,,SABIAS,GABI FARIAS / GABRIELLA E LULI BRAGA,GABI FARIAS / GABRIELLA E LULI BRAGA,0.0,,73.2431,,,,,73243100,732431
Band,band UNIFICADO out dez 2023 jan fev 2024.xls,Relatorio_UBEM,MELHOR DA NOITE,2024-02-23,,,,AI MENINA,LIA SOPHIA,LIA SOPHIA,0.0,,73.2431,,,,,73243100,732431
Band,band UNIFICADO out dez 2023 jan fev 2024.xls,Relatorio_UBEM,MELHOR DA NOITE,2024-02-23,,,,CILIO,MAGAIVER LIMA DOS SANTOS,CASA DE CABA,0.0,,73.2431,,,,,73243100,732431
Band,band UNIFICADO out dez 2023 jan fev 2024.xls,Relatorio_UBEM,MELHOR DA NOITE,2024-02-23,,,,THE WAY OF WATER,SIMON FRANGLEN,SIMON FRANGLEN,0.0,,73.2431,,,,,73243100,732431
Band,band UNIFICADO out dez 2023 jan fev 2024.xls,Relatorio_UBEM,MELHOR DA NOITE,2024-02-23,,,,AMAZONIA NAS CORES DO BRASIL,ADRIANO AGUIAR,BOI BUMBA CAPRICHOSO,0.0,,73.2431,,,,,73243100,732431
Band,band UNIFICADO out dez 2023 jan fev 2024.xls,Relatorio_UBEM,MELHOR DA NOITE,2024-02-23,,,,AMAZONAS MORENO,CELDO BRAGA / OSMAR OLIVEIRA,RAIZES CABOCLAS,0.0,,73.2431,,,,,73243100,732431
Band,band UNIFICADO out dez 2023 jan fev 2024.xls,Relatorio_UBEM,MELHOR DA NOITE,2024-02-23,,,,POSTA AI,EDIVALDO JORGE ALVES JUNIOR,NADSON O FERINHA,0.0,,73.2431,,,,,73243100,732431
Band,band UNIFICADO out dez 2023 jan fev 2024.xls,Relatorio_UBEM,MELHOR DA NOITE,2024-02-23,,,,O NOVO SOM DO BEIRADAO,MARCELO NAKAMURA/ MARCIA NOVO,MARCIA NOVO,0.0,,73.2431,,,,,73243100,732431
Band,band UNIFICADO out dez 2023 jan fev 2024.xls,Relatorio_UBEM,MELHOR DA NOITE,2024-02-23,,,,LARGO SAO SEBASTIAO,LUNETA MAGICA,LUNETA MAGICA,0.0,,73.2431,,,,,73243100,732431
Band,band UNIFICADO out dez 2023 jan fev 2024.xls,Relatorio_UBEM,MELHOR DA NOITE,2024-02-23,,,,ATE ONDE EU POSSO CHEGAR,GABRIE,GABRIE,0.0,,73.2431,,,,,73243100,732431
Band,band UNIFICADO out dez 2023 jan fev 2024.xls,Relatorio_UBEM,MELHOR DA NOITE,2024-02-23,,,,TRES VIOLEIROS,SEBASTIAO TAPAJOS,NILSON CHAVES / SEBASTIAO TAPAJOS,0.0,,73.2431,,,,,73243100,732431
Band,band UNIFICADO out dez 2023 jan fev 2024.xls,Relatorio_UBEM,MELHOR DA NOITE,2024-02-23,,,,CAMINHOS DE RIO,NATACHA ANDRADE,RAIZES CABOCLAS,0.0,,73.2431,,,,,73243100,732431
Band,band UNIFICADO out dez 2023 jan fev 2024.xls,Relatorio_UBEM,MELHOR DA NOITE,2024-02-23,,,,DESDE MENINA,FRANCISCO CESAR GONCALVES,LIA DE ITAMARACA,0.0,,73.2431,,,,,73243100,732431
Band,band UNIFICADO out dez 2023 jan fev 2024.xls,Relatorio_UBEM,MELHOR DA NOITE,2024-02-23,,,,FESTA DE CARIMBO,PINDUCA,BANDA FRUTA QUENTE,0.0,,73.2431,,,,,73243100,732431
Band,band UNIFICADO out dez 2023 jan fev 2024.xls,Relatorio_UBEM,MELHOR DA NOITE,2024-02-26,,,,ESPERANDO NA JANELA,TARGINO GONDIM / MANUCA ALMEIDA / RAIMUNDO DO ACORDEON,RAIMUNDINHO DO ACORDEON,0.0,,52.3166,,,,,52316600,523166
Band,band UNIFICADO out dez 2023 jan fev 2024.xls,Relatorio_UBEM,MELHOR DA NOITE,2024-02-26,,,,NUMA SALA DE REBOCO,JOSE MARCOLINO / LUIZ GONZAGA,RAIMUNDINHO DO ACORDEON,0.0,,52.3166,,,,,52316600,523166
Band,band UNIFICADO out dez 2023 jan fev 2024.xls,Relatorio_UBEM,MELHOR DA NOITE,2024-02-26,,,,VIDA DE VIAJANTE,LUIZ GONZAGA,RAIMUNDINHO DO ACORDEON,0.0,,52.3166,,,,,52316600,523166
Band,band UNIFICADO out dez 2023 jan fev 2024.xls,Relatorio_UBEM,MELHOR DA NOITE,2024-02-26,,,,ADEUS MARIANA,PEDRO RAYMUNDO,RAIMUNDINHO DO ACORDEON,0.0,,52.3166,,,,,52316600,523166
Band,band UNIFICADO out dez 2023 jan fev 2024.xls,Relatorio_UBEM,MELHOR DA NOITE,2024-02-26,,,,MANIAC,RODNEY PRICE / MICHAEL SEMBELLO / RICHARD STEPHENSON / DENNIS MATSKOSKY,MICHAEL SEMBELLO,0.0,,104.6332,,,,,104633200,1046332
Band,band UNIFICADO out dez 2023 jan fev 2024.xls,Relatorio_UBEM,MELHOR DA NOITE,2024-02-26,,,,E UMA PARTIDA DE FUTEBOL                          ,SAMUEL ROSA/NANDO REIS             ,SKANK,0.0,,104.6332,,,,,104633200,1046332
Band,band UNIFICADO out dez 2023 jan fev 2024.xls,Relatorio_UBEM,MELHOR DA NOITE,2024-02-26,,,,RIACHO DO NÁVIO ,FAGNER,FAGNER,0.0,,73.2431,,,,,73243100,732431
Band,band UNIFICADO out dez 2023 jan fev 2024.xls,Relatorio_UBEM,MELHOR DA NOITE,2024-02-26,,,,BICHO MALUCO BELEZA                               ,ALCEU VALENCA,ALCEU VALENCA / IVETE SANGALO,0.0,,73.2431,,,,,73243100,732431
Band,band UNIFICADO out dez 2023 jan fev 2024.xls,Relatorio_UBEM,MELHOR DA NOITE,2024-02-26,,,,ADEUS MARIANA,PEDRO RAYMUNDO,RAIMUNDINHO DO ACORDEON,0.0,,523.16,,,,,52316,523
Band,band UNIFICADO out dez 2023 jan fev 2024.xls,Relatorio_UBEM,MELHOR DA NOITE,2024-02-26,,,,CHEIRO DE PAIXAO,RAIMUNDINHO DO ACORDEON,RAIMUNDINHO DO ACORDEON,0.0,,52.3166,,,,,52316600,523166
Band,band UNIFICADO out dez 2023 jan fev 2024.xls,Relatorio_UBEM,MELHOR DA NOITE,2024-02-26,,,,LEAO DO NORTE,LENINE / PAULO CESAR PINHEIRO,ELBA RAMALHO,0.0,,73.2431,,,,,73243100,732431
Band,band UNIFICADO out dez 2023 jan fev 2024.xls,Relatorio_UBEM,MELHOR DA NOITE,2024-02-26,,,,LEAO DO NORTE / DEUS DO BARRO / A FEIRA DE CARUARU,ONILDO ALMEIDA / MARRON BRASILEIRO / PETRUCIO AMORIM / ROGERIO RANGEL / LENINE / PAULO CESAR PINHEIRO,QUADRILHA JUNINA NAZARE SHOW,0.0,,73.2431,,,,,73243100,732431
Band,band UNIFICADO out dez 2023 jan fev 2024.xls,Relatorio_UBEM,MELHOR DA NOITE,2024-02-26,,,,ORGULHO DE SER NORDESTINO,FLAVIO LEANDRO,FLAVIO LEANDRO,0.0,,73.2431,,,,,73243100,732431
Band,band UNIFICADO out dez 2023 jan fev 2024.xls,Relatorio_UBEM,MELHOR DA NOITE,2024-02-26,,,,NEM OLHOU PRA MIM,ALCYMAR MONTEIRO / PETRUCIO AMORIM,ALCYMAR MONTEIRO / PETRUCIO AMORIM,0.0,,73.2431,,,,,73243100,732431
Band,band UNIFICADO out dez 2023 jan fev 2024.xls,Relatorio_UBEM,MELHOR DA NOITE,2024-02-26,,,,FORRO NO ESCURO,LUIZ GONZAGA / ZE DANTAS,FAGNER,0.0,,73.2431,,,,,73243100,732431
Band,band UNIFICADO out dez 2023 jan fev 2024.xls,Relatorio_UBEM,MELHOR DA NOITE,2024-02-26,,,,MERRILY WE ROLL ALONG E WHATS UP DOC,JOSHUA MOSHIER E CARL JOHNSON,JOSHUA MOSHIER E CARL JOHNSON,0.0,,73.2431,,,,,73243100,732431
Band,band UNIFICADO out dez 2023 jan fev 2024.xls,Relatorio_UBEM,MELHOR DA NOITE,2024-02-26,,,,CALCANHAR,MANUCA BANDINI / YURI QUEIROGA,ELBA RAMALHO / BARCA DOS CORACOES PARTIDOS,0.0,,73.2431,,,,,73243100,732431
Band,band UNIFICADO out dez 2023 jan fev 2024.xls,Relatorio_UBEM,MELHOR DA NOITE,2024-02-26,,,,ONDE VOCE MORA,JORGE DE ALTINHO,JORGE DE ALTINHO,0.0,,73.2431,,,,,73243100,732431
Band,band UNIFICADO out dez 2023 jan fev 2024.xls,Relatorio_UBEM,MELHOR DA NOITE,2024-02-26,,,,NO PINICADO,JACINTO SILVA,JACINTO SILVA,0.0,,73.2431,,,,,73243100,732431
Band,band UNIFICADO out dez 2023 jan fev 2024.xls,Relatorio_UBEM,MELHOR DA NOITE,2024-02-26,,,,AMAR QUEM EU JA AMEI,JOAO DO VALE / LIBORIO,IVETE SANGALO / ZE RAMALHO,0.0,,73.2431,,,,,73243100,732431
Band,band UNIFICADO out dez 2023 jan fev 2024.xls,Relatorio_UBEM,MELHOR DA NOITE,2024-02-26,,,,PRA CLAREAR,ALCEU VALENCA,ALCEU VALENCA,0.0,,73.2431,,,,,73243100,732431
Band,band UNIFICADO out dez 2023 jan fev 2024.xls,Relatorio_UBEM,MELHOR DA NOITE,2024-02-26,,,,E SO BRINCADEIRA,GERALDO AZEVEDO / ZAMMA,GERALDO AZEVEDO,0.0,,73.2431,,,,,73243100,732431
Band,band UNIFICADO out dez 2023 jan fev 2024.xls,Relatorio_UBEM,MELHOR DA NOITE,2024-02-26,,,,MARESIA,RACHEL REIS,JOAO GOMES,0.0,,73.2431,,,,,73243100,732431
Band,band UNIFICADO out dez 2023 jan fev 2024.xls,Relatorio_UBEM,MELHOR DA NOITE,2024-02-27,,,,I’VE GOT YOU UNDER MY SKIN,COLE PORTER,A MELHOR BANDA DA NOITE,0.0,,52.3166,,,,,52316600,523166
Band,band UNIFICADO out dez 2023 jan fev 2024.xls,Relatorio_UBEM,MELHOR DA NOITE,2024-02-27,,,,ATRASADINHA,DIEGO BARAO / WYNNIE SANTOS NOGUEIRA / LEO BRANDAO,A MELHOR BANDA DA NOITE,0.0,,52.3166,,,,,52316600,523166
Band,band UNIFICADO out dez 2023 jan fev 2024.xls,Relatorio_UBEM,MELHOR DA NOITE,2024-02-27,,,,LEAO,XAMA,A MELHOR BANDA DA NOITE,0.0,,52.3166,,,,,52316600,523166
Band,band UNIFICADO out dez 2023 jan fev 2024.xls,Relatorio_UBEM,MELHOR DA NOITE,2024-02-27,,,,JACK SOUL BRASILEIRO,LENINE / PAULINHO MOSCA,A MELHOR BANDA DA NOITE,0.0,,52.3166,,,,,52316600,523166
Band,band UNIFICADO out dez 2023 jan fev 2024.xls,Relatorio_UBEM,MELHOR DA NOITE,2024-02-27,,,,CHUPA QUE É DE UVA                                ,ELVIS PIRES/RODRIGO MELL,AVIOES DO FORRO,0.0,,73.2431,,,,,73243100,732431
Band,band UNIFICADO out dez 2023 jan fev 2024.xls,Relatorio_UBEM,MELHOR DA NOITE,2024-02-27,,,,CHUPA QUE É DE UVA                                ,ELVIS PIRES/RODRIGO MELL,AVIOES DO FORRO,0.0,,104.6332,,,,,104633200,1046332
Band,band UNIFICADO out dez 2023 jan fev 2024.xls,Relatorio_UBEM,MELHOR DA NOITE,2024-02-27,,,,UVA UVA,MARCELO DI PAOLA,LAS PELOTAS,0.0,,73.2431,,,,,73243100,732431
Band,band UNIFICADO out dez 2023 jan fev 2024.xls,Relatorio_UBEM,MELHOR DA NOITE,2024-02-27,,,,UVA NIAGARA,ANELIS ASSUMPCAO / MARCELLE EQUIVOCADA / MARINA PERALTA,ANELIS ASSUMPCAO / LARISSA LUZ,0.0,,73.2431,,,,,73243100,732431
Band,band UNIFICADO out dez 2023 jan fev 2024.xls,Relatorio_UBEM,MELHOR DA NOITE,2024-02-27,,,,UVA 1,XANDY,HARMONIA DO SAMBA,0.0,,73.2431,,,,,73243100,732431
Band,band UNIFICADO out dez 2023 jan fev 2024.xls,Relatorio_UBEM,MELHOR DA NOITE,2024-02-27,,,,THE WOODS,MATTHEW ALBERT CARINS / RYAN PAUL HENDERSON,HOLLOW COVES,0.0,,73.2431,,,,,73243100,732431
Band,band UNIFICADO out dez 2023 jan fev 2024.xls,Relatorio_UBEM,MELHOR DA NOITE,2024-02-28,,,,PINGAIADA,ELCIO DI CARVALHO / ISABELLA RESENDE / RAFAELLA MIRANDA / RAYANNE DINIZ,CLAYTON E ROMARIO,0.0,,52.3166,,,,,52316600,523166
Band,band UNIFICADO out dez 2023 jan fev 2024.xls,Relatorio_UBEM,MELHOR DA NOITE,2024-02-28,,,,AGUA NOS ZOI,ANAJUH / DIEGO SILVEIRA / JUNIOR SILLVA /LUCAS PAPADA / THALES LESSA,CLAYTON E ROMARIO,0.0,,52.3166,,,,,52316600,523166
Band,band UNIFICADO out dez 2023 jan fev 2024.xls,Relatorio_UBEM,MELHOR DA NOITE,2024-02-28,,,,CUMBIA BEIRADÃO,MARCIA NOVO/MARCELO NAKAMURA,MARCIA NOVO,0.0,,73.2431,,,,,73243100,732431
Band,band UNIFICADO out dez 2023 jan fev 2024.xls,Relatorio_UBEM,MELHOR DA NOITE,2024-02-28,,,,BAILARINA DA AGUA DOCE,LUNETA MAGICA,PATRICIA BASTOS,0.0,,73.2431,,,,,73243100,732431
Band,band UNIFICADO out dez 2023 jan fev 2024.xls,Relatorio_UBEM,MELHOR DA NOITE,2024-02-28,,,,CARINITO,BARETO,BARETO,0.0,,73.2431,,,,,73243100,732431
Band,band UNIFICADO out dez 2023 jan fev 2024.xls,Relatorio_UBEM,MELHOR DA NOITE,2024-02-28,,,,FUR ELISE,BEETHOVEN,LUDWIG VAN BEETHOVEN,0.0,,73.2431,,,,,73243100,732431
Band,band UNIFICADO out dez 2023 jan fev 2024.xls,Relatorio_UBEM,MELHOR DA NOITE,2024-02-28,,,,MORENA,AVELLAR / RAFFA LIBI / ALEX ALVES / MARCELO MARTINS,CLAYTON E ROMARIO,0.0,,52.3166,,,,,52316600,523166
Band,band UNIFICADO out dez 2023 jan fev 2024.xls,Relatorio_UBEM,MELHOR DA NOITE,2024-02-28,,,,CERVEJA E SOCORRO,THAWAN ALVES / MARCUS MEDINA / JOQUITAN MEDINA / MATHEUS CONTEC / HENRIQUE TRANQUERO,CLAYTON E ROMARIO,0.0,,52.3166,,,,,52316600,523166
Band,band UNIFICADO out dez 2023 jan fev 2024.xls,Relatorio_UBEM,MELHOR DA NOITE,2024-02-28,,,,TEMPO DE TUCANDEIRA,TONY MEDEIROS / INALDO MEDEIROS,MARCIA SIQUEIRA,0.0,,73.2431,,,,,73243100,732431
Band,band UNIFICADO out dez 2023 jan fev 2024.xls,Relatorio_UBEM,MELHOR DA NOITE,2024-02-28,,,,VENTO NORTE,ALIPIO MARTINS / CARLOS SANTOS,RAY DOUGLAS,0.0,,73.2431,,,,,73243100,732431
Band,band UNIFICADO out dez 2023 jan fev 2024.xls,Relatorio_UBEM,MELHOR DA NOITE,2024-02-28,,,,NO JUEGUE CON EL DIABLO,PEDRO PABLO PEREZ,BARETO,0.0,,73.2431,,,,,73243100,732431
Band,band UNIFICADO out dez 2023 jan fev 2024.xls,Relatorio_UBEM,MELHOR DA NOITE,2024-02-28,,,,SONIDO AMAZONICO,LOS MIRLOS,LOS MIRLOS,0.0,,73.2431,,,,,73243100,732431
Band,band UNIFICADO out dez 2023 jan fev 2024.xls,Relatorio_UBEM,MELHOR DA NOITE,2024-02-28,,,,CUMBIA AMAZONICA,LOS MIRLOS,LOS MIRLOS,0.0,,73.2431,,,,,73243100,732431
Band,band UNIFICADO out dez 2023 jan fev 2024.xls,Relatorio_UBEM,MELHOR DA NOITE,2024-02-28,,,,MI MORENA REBELDE,EUSEBIO Y SU BANJO,EUSEBIO Y SU BANJO,0.0,,73.2431,,,,,73243100,732431
Band,band UNIFICADO out dez 2023 jan fev 2024.xls,Relatorio_UBEM,MELHOR DA NOITE,2024-02-28,,,,REINA DE CUMBIAS,MARTIN EMILIO SOTO MARIN,CELSO PINA,0.0,,73.2431,,,,,73243100,732431
Band,band UNIFICADO out dez 2023 jan fev 2024.xls,Relatorio_UBEM,MELHOR DA NOITE,2024-02-29,,,,NARCISISTA,MAIARA / LARI FERREIRA / DE ANGELO,A MELHOR BANDA DA NOITE,0.0,,52.3166,,,,,52316600,523166
Band,band UNIFICADO out dez 2023 jan fev 2024.xls,Relatorio_UBEM,MELHOR DA NOITE,2024-02-29,,,,ROAR,BONNIE MCKEE / HENRY WALTER / KATY PERRY / LUKASZ GOTTWALD / MAX MARTIN,A MELHOR BANDA DA NOITE,0.0,,52.3166,,,,,52316600,523166
Band,band UNIFICADO out dez 2023 jan fev 2024.xls,Relatorio_UBEM,MELHOR DA NOITE,2024-02-29,,,,PARABENS PRA VOCÊ DANCE,AUTOR DESCONHECIDO DOMINIO PUBLICO,A MELHOR BANDA DA NOITE,0.0,,52.3166,,,,,52316600,523166
Band,band UNIFICADO out dez 2023 jan fev 2024.xls,Relatorio_UBEM,MELHOR DA NOITE,2024-02-29,,,,BOA SORTE,BEN C HARPER / VANESSA MATA,A MELHOR BANDA DA NOITE,0.0,,52.3166,,,,,52316600,523166
Band,band UNIFICADO out dez 2023 jan fev 2024.xls,Relatorio_UBEM,MELHOR DA NOITE,2024-02-29,,,,STAYIN ALIVE, BARRY GIBB / MAURICE GIBB / ROBIN GIBB,A MELHOR BANDA DA NOITE,0.0,,52.3166,,,,,52316600,523166
Band,band UNIFICADO out dez 2023 jan fev 2024.xls,Relatorio_UBEM,MELHOR DA NOITE,2024-02-29,,,,DEATH OR GLORY,JOE STRUMMER/ MICK JONES,SOCIAL DISTORTION,0.0,,73.2431,,,,,73243100,732431
Band,band UNIFICADO out dez 2023 jan fev 2024.xls,Relatorio_UBEM,MELHOR DA NOITE,2024-02-29,,,,COME AND GET YOUR LOVE,LOLLY VEGAS,REDBONE,0.0,,73.2431,,,,,73243100,732431
Band,band UNIFICADO out dez 2023 jan fev 2024.xls,Relatorio_UBEM,MELHOR DA NOITE,2024-02-29,,,,I WILL ALWAYS LOVE YOU,DOLLY PARTON,WHITNEY HOUSTON,0.0,,73.2431,,,,,73243100,732431
Band,band UNIFICADO out dez 2023 jan fev 2024.xls,Relatorio_UBEM,MELHOR DA NOITE,2024-02-29,,,,FANTASY,ADRIAN BELEW / HÈLIO CONTREIRAS / DAVE HALL / JUNE SHELLENE / MARIAH CAREY / STEVEN STANLEY / TINA WEYMOUTH,MARIAH CAREY,0.0,,73.2431,,,,,73243100,732431
Band,band UNIFICADO out dez 2023 jan fev 2024.xls,Relatorio_UBEM,MELHOR DA NOITE,2024-02-29,,,,SR TEMPO BOM,DJ HUMTHAIDE,THAIDE / BLACK BRASA,0.0,,73.2431,,,,,73243100,732431
Band,band UNIFICADO out dez 2023 jan fev 2024.xls,Relatorio_UBEM,MELHOR DA NOITE,2024-02-29,,,,TECHNO SYNDROME,OLIVIER ADAMS,THE IMMORTALS,0.0,,73.2431,,,,,73243100,732431
Band,band UNIFICADO out dez 2023 jan fev 2024.xls,Relatorio_UBEM,MELHOR DA NOITE,2024-02-29,,,,UNDER THE GUN,SUPREME BEINGS OF LEISURE,SUPREME BEINGS OF LEISURE,0.0,,73.2431,,,,,73243100,732431
Band,band UNIFICADO out dez 2023 jan fev 2024.xls,Relatorio_UBEM,MELHOR DA NOITE,2024-02-29,,,,SHARP EYES,YUGO KANNO,YUGO KANNO,0.0,,73.2431,,,,,73243100,732431
Band,band UNIFICADO out dez 2023 jan fev 2024.xls,Relatorio_UBEM,MELHOR DA NOITE,2024-02-29,,,,PERCEPTION OF GOD,YUGO KANNO,YUGO KANNO,0.0,,73.2431,,,,,73243100,732431
Band,band UNIFICADO out dez 2023 jan fev 2024.xls,Relatorio_UBEM,MELHOR DA NOITE,2024-02-29,,,,MII CHANNEL THEME,KAZUMI TOTAKA,CHRIS ALLISON / GABE NEKRUTMAN / INSANEINTHERAINMUSIC,0.0,,73.2431,,,,,73243100,732431
Band,band UNIFICADO out dez 2023 jan fev 2024.xls,Relatorio_UBEM,MELHOR DA NOITE,2024-02-29,,,,SOUTHERN NIGHTS,ALLEN TOUSSAINT,GLEN CAMPBELL,0.0,,73.2431,,,,,73243100,732431
Band,band UNIFICADO out dez 2023 jan fev 2024.xls,Relatorio_UBEM,MELHOR DA NOITE,2024-02-29,,,,CURB YOUR ENTHUSIASM THEME,LUCIANO MICHELINI,LUCIANO MICHELINI,0.0,,73.2431,,,,,73243100,732431
Band,band UNIFICADO out dez 2023 jan fev 2024.xls,Relatorio_UBEM,MELHOR DA NOITE,2024-02-29,,,,A BELEZA E VOCE MENINA,BEBETO / RUBENS,BEBETO,0.0,,73.2431,,,,,73243100,732431
Band,band UNIFICADO out dez 2023 jan fev 2024.xls,Relatorio_UBEM,MELHOR DA TARDE,2024-02-08,,,,ESPERANDO NA JANELA,TARGINO GONDIM / MANUCA ALMEIDA / RAIMUNDO DO ACORDEON,GILBERTO GIL,0.0,,104.6332,,,,,104633200,1046332
Band,band UNIFICADO out dez 2023 jan fev 2024.xls,Relatorio_UBEM,MELHOR DA TARDE,2024-02-09,,,,ESPERANDO NA JANELA,TARGINO GONDIM / MANUCA ALMEIDA / RAIMUNDO DO ACORDEON,GILBERTO GIL,0.0,,104.6332,,,,,104633200,1046332
Band,band UNIFICADO out dez 2023 jan fev 2024.xls,Relatorio_UBEM,MELHOR DA TARDE,2024-02-12,,,,MACETANDO,IVETE SANGALO / LUCIANO CHAVES / SAMIR TRINDADE,IVETE SANGALO / LUDMILLA,0.0,,104.6332,,,,,104633200,1046332
Band,band UNIFICADO out dez 2023 jan fev 2024.xls,Relatorio_UBEM,MELHOR DA TARDE,2024-02-12,,,,QUERO TE ENCONTRAR,BUCHECHA / FLÁVIO VENUTUS,CLAUDINHO E BUCHECHA               ,0.0,,104.6332,,,,,104633200,1046332
Band,band UNIFICADO out dez 2023 jan fev 2024.xls,Relatorio_UBEM,MELHOR DA TARDE,2024-02-13,,,,PI PO PO PO RO PO,PEDRINHA MORAES,PEDRINHA MORAES,0.0,,104.6332,,,,,104633200,1046332
Band,band UNIFICADO out dez 2023 jan fev 2024.xls,Relatorio_UBEM,MELHOR DA TARDE,2024-02-13,,,,ESPERANDO NA JANELA,TARGINO GONDIM / MANUCA ALMEIDA / RAIMUNDO DO ACORDEON,GILBERTO GIL,0.0,,104.6332,,,,,104633200,1046332
Band,band UNIFICADO out dez 2023 jan fev 2024.xls,Relatorio_UBEM,MELHOR DA TARDE,2024-02-14,,,,TRAI SIM,BRUNO CARNEIRO / MARDER NUNES / MAYKOW MELO / VALDIR NETO / WELVIS DE SOUZA SARMENTO,MAIARA E MARAISA / ZÉ NETO E CRISTIANO,0.0,,104.6332,,,,,104633200,1046332
Band,band UNIFICADO out dez 2023 jan fev 2024.xls,Relatorio_UBEM,MELHOR DA TARDE,2024-02-14,,,,AMOR AMOR                                         ,CESAR LEMOS / KARLA APONTE,WANESSA CAMARGO,0.0,,104.6332,,,,,104633200,1046332
Band,band UNIFICADO out dez 2023 jan fev 2024.xls,Relatorio_UBEM,MELHOR DA TARDE,2024-02-14,,,,SHINE IT ON,ANDREAS QUIZ ROMDHANA/INA WROLDSEN/JOSEF LAROSSI,WANESSA CAMARGO,0.0,,104.6332,,,,,104633200,1046332
Band,band UNIFICADO out dez 2023 jan fev 2024.xls,Relatorio_UBEM,MELHOR DA TARDE,2024-02-14,,,,ESPERANDO NA JANELA,TARGINO GONDIM / MANUCA ALMEIDA / RAIMUNDO DO ACORDEON,GILBERTO GIL,0.0,,104.6332,,,,,104633200,1046332
Band,band UNIFICADO out dez 2023 jan fev 2024.xls,Relatorio_UBEM,MELHOR DA TARDE,2024-02-20,,,,PI PO PO PO RO PO,PEDRINHA MORAES,PEDRINHA MORAES,0.0,,104.6332,,,,,104633200,1046332
Band,band UNIFICADO out dez 2023 jan fev 2024.xls,Relatorio_UBEM,MELHOR DA TARDE,2024-02-21,,,,QUERO TE ENCONTRAR,BUCHECHA / FLÁVIO VENUTUS,CLAUDINHO E BUCHECHA               ,0.0,,104.6332,,,,,104633200,1046332
Band,band UNIFICADO out dez 2023 jan fev 2024.xls,Relatorio_UBEM,MELHOR DA TARDE,2024-02-28,,,,TO TE FILMANDO,ARNALDO SACCOMANI/THAIS NASCIMENTO/DAVI VIANA,OS TRAVESSOS,0.0,,104.6332,,,,,104633200,1046332
Band,band UNIFICADO out dez 2023 jan fev 2024.xls,Relatorio_UBEM,MELHOR DA TARDE,2024-02-28,,,,ESPERANDO NA JANELA,TARGINO GONDIM / MANUCA ALMEIDA / RAIMUNDO DO ACORDEON,GILBERTO GIL,0.0,,104.6332,,,,,104633200,1046332
Band,band UNIFICADO out dez 2023 jan fev 2024.xls,Relatorio_UBEM,VERÃO MAIOR PARANÁ,2024-02-02,,,,DEUS E MUITO BOM,LUCAS SANTOS / MATHEUS MARCOLINO / MARCO ESTEVES,LUAN SANTANA,373.69,,399.8483,,,,,399848300,3998483
Band,band UNIFICADO out dez 2023 jan fev 2024.xls,Relatorio_UBEM,VERÃO MAIOR PARANÁ,2024-02-02,,,,MORENA,BRENO CESAR / DIEGO BARÃO / LUAN SANTANA / LUCAS SANTOS / SHYLTON FERNANDES,LUAN SANTANA,373.69,,399.8483,,,,,399848300,3998483
Band,band UNIFICADO out dez 2023 jan fev 2024.xls,Relatorio_UBEM,VERÃO MAIOR PARANÁ,2024-02-02,,,,QUANDO A BAD BATER,LUAN SANTANA,LUAN SANTANA,373.69,,399.8483,,,,,399848300,3998483
Band,band UNIFICADO out dez 2023 jan fev 2024.xls,Relatorio_UBEM,VERÃO MAIOR PARANÁ,2024-02-02,,,,ABALO EMOCIONAL,LUAN RAFAEL DOMINGOS SANTANA / MARCOS BRENO RIOS DE JESUS / MATHEUS MARCOLINO / MARCOS ESTEVES / LUCAS GONÇALVES,LUAN SANTANA,373.69,,399.8483,,,,,399848300,3998483
Band,band UNIFICADO out dez 2023 jan fev 2024.xls,Relatorio_UBEM,VERÃO MAIOR PARANÁ,2024-02-02,,,,ACORDANDO O PREDIO,DOUGLAS CÉSAR,LUAN SANTANA,373.69,,399.8483,,,,,399848300,3998483
Band,band UNIFICADO out dez 2023 jan fev 2024.xls,Relatorio_UBEM,VERÃO MAIOR PARANÁ,2024-02-02,,,,ERRO PLANEJADO,EDSON GARCIA / FELIPE KEF / FELIPE MARINS / FLAVIO SILVA DE SOUZA / NUDOZE / RODRIGO,LUAN SANTANA,373.69,,399.8483,,,,,399848300,3998483
Band,band UNIFICADO out dez 2023 jan fev 2024.xls,Relatorio_UBEM,VERÃO MAIOR PARANÁ,2024-02-02,,,,CORACAO CIGANO,LUAN SANTANA / LUCAS SANTOS,LUAN SANTANA / LUISA SONZA,373.69,,399.8483,,,,,399848300,3998483
Band,band UNIFICADO out dez 2023 jan fev 2024.xls,Relatorio_UBEM,VERÃO MAIOR PARANÁ,2024-02-02,,,,MULHER SEGURA,WALERIA LEAO / VINNI MIRANDA / MATEUS CANDOTTI / KAIQUE KEF / FELIPE KEF / BRUNO FELIX,LUAN SANTANA,373.69,,399.8483,,,,,399848300,3998483
Band,band UNIFICADO out dez 2023 jan fev 2024.xls,Relatorio_UBEM,VERÃO MAIOR PARANÁ,2024-02-02,,,,CHUVA DE ARROZ,LUAN SANTANA/ DUDU BORGES/ DOUGLAS CESAR,LUAN SANTANA,373.69,,399.8483,,,,,399848300,3998483
Band,band UNIFICADO out dez 2023 jan fev 2024.xls,Relatorio_UBEM,VERÃO MAIOR PARANÁ,2024-02-02,,,,DEJA VU,LUAN SANTANA / LUCAS SANTOS / MATHEUS ALEIXO / MATHEUS MARCOLINO,ANA CASTELA / LUAN SANTANA,373.69,,399.8483,,,,,399848300,3998483
Band,band UNIFICADO out dez 2023 jan fev 2024.xls,Relatorio_UBEM,VERÃO MAIOR PARANÁ,2024-02-02,,,,SEU ASTRAL,DIEGO DAMASCENO,JORGE E MATHEUS,373.69,,399.8483,,,,,399848300,3998483
Band,band UNIFICADO out dez 2023 jan fev 2024.xls,Relatorio_UBEM,VERÃO MAIOR PARANÁ,2024-02-02,,,,AMOR NOITE E DIA,HUMBERTO JUNIOR,JORGE E MATEUS,373.69,,399.8483,,,,,399848300,3998483
Band,band UNIFICADO out dez 2023 jan fev 2024.xls,Relatorio_UBEM,VERÃO MAIOR PARANÁ,2024-02-02,,,,NOCAUTE,PAULO MASSADAS / MIHAIL PLOPSCHI / MICHAEL SULLIVAN / IVANILTON DE SOUZA,JORGE E MATEUS,373.69,,399.8483,,,,,399848300,3998483
Band,band UNIFICADO out dez 2023 jan fev 2024.xls,Relatorio_UBEM,VERÃO MAIOR PARANÁ,2024-02-02,,,,LOGO EU,FELIPE RODRIGUES / SAMUEL DELMIR0O,JORGE E MATHEUS,373.69,,399.8483,,,,,399848300,3998483
Band,band UNIFICADO out dez 2023 jan fev 2024.xls,Relatorio_UBEM,VERÃO MAIOR PARANÁ,2024-02-02,,,,DOI,DANIEL GUILHERME / GUILHERME DO BEM / GUSTAVO TAVARES / MATHEUS ROSADO,JORGE E MATEUS,373.69,,399.8483,,,,,399848300,3998483
Band,band UNIFICADO out dez 2023 jan fev 2024.xls,Relatorio_UBEM,VERÃO MAIOR PARANÁ,2024-02-02,,,,PAREDES,THALLYS PACHECO,JORGE E MATHEUS,373.69,,399.8483,,,,,399848300,3998483
Band,band UNIFICADO out dez 2023 jan fev 2024.xls,Relatorio_UBEM,VERÃO MAIOR PARANÁ,2024-02-02,,,,A GENTE NEM FICOU,GEORGE HENRIQUE,JORGE E MATHEUS,373.69,,399.8483,,,,,399848300,3998483
Band,band UNIFICADO out dez 2023 jan fev 2024.xls,Relatorio_UBEM,VERÃO MAIOR PARANÁ,2024-02-02,,,,PRA SEMPRE COM VOCÊ,MAYCON MARTINS / VINICIUS MARTINS / NETO SCHAEFER ,JORGE E MATHEUS,373.69,,399.8483,,,,,399848300,3998483
Band,band UNIFICADO out dez 2023 jan fev 2024.xls,Relatorio_UBEM,VERÃO MAIOR PARANÁ,2024-02-02,,,,OQUE E QUE TEM 01,UMBERTO DA SILVA / LARISSA DE MACEDO / JEFERSON DOS SANTOS JUNIOR,JORGE E MATEUS,373.69,,399.8483,,,,,399848300,3998483
Band,band UNIFICADO out dez 2023 jan fev 2024.xls,Relatorio_UBEM,VERÃO MAIOR PARANÁ,2024-02-02,,,,TEM QUE SORRIR,FILIPE ESCANDURRAS / MARCOS BRENO RIOS DE JESUS / SHYLTON FERNANDES,JORGE E MATHEUS,373.69,,399.8483,,,,,399848300,3998483
Band,band UNIFICADO out dez 2023 jan fev 2024.xls,Relatorio_UBEM,VERÃO MAIOR PARANÁ,2024-02-02,,,,A HORA E AGORA,EDUARDO BORGES DE SOUZA / JORGE ALVES BARCELOS,JORGE E MATHEUS,373.69,,399.8483,,,,,399848300,3998483
Band,band UNIFICADO out dez 2023 jan fev 2024.xls,Relatorio_UBEM,VERÃO MAIOR PARANÁ,2024-02-02,,,,PLANEJEI,HUGO E GUILHERME,HUGO E GUILHERME,373.69,,399.8483,,,,,399848300,3998483
Band,band UNIFICADO out dez 2023 jan fev 2024.xls,Relatorio_UBEM,VERÃO MAIOR PARANÁ,2024-02-02,,,,MAL FEITO,FELIPE ARNA,HUGO E GUILHERME / MARILIA MENDONÇA,373.69,,399.8483,,,,,399848300,3998483
Band,band UNIFICADO out dez 2023 jan fev 2024.xls,Relatorio_UBEM,VERÃO MAIOR PARANÁ,2024-02-02,,,,CORACAO NA CAMA,ALEX ALVES / CLEBINHO / DJANGO,HUGO E GUILHERME,373.69,,399.8483,,,,,399848300,3998483
Band,band UNIFICADO out dez 2023 jan fev 2024.xls,Relatorio_UBEM,VERÃO MAIOR PARANÁ,2024-02-02,,,,ACABEI DE TERMINAR,CLEITON PEKOIS /FELIPE ARNA /NORMANI PELEGRINI /RENATO CAMPERO /ROBISON JF,HUGO E GUILHERME,373.69,,399.8483,,,,,399848300,3998483
Band,band UNIFICADO out dez 2023 jan fev 2024.xls,Relatorio_UBEM,VERÃO MAIOR PARANÁ,2024-02-02,,,,MÁGICA,EVERTON MATOS / GUILHERME FERRARI / LEO SAGA / MATHEUS ALEIXO / PAULO PIRES / RAY ANTONIO,HUGO E GUILHERME,373.69,,399.8483,,,,,399848300,3998483
Band,band UNIFICADO out dez 2023 jan fev 2024.xls,Relatorio_UBEM,VERÃO MAIOR PARANÁ,2024-02-02,,,,LAPADA DELA,JIMMY LUZZO / MATHEUS FERNANDES / RICARDUS RICARDUS,HUGO E GUILHERME,373.69,,399.8483,,,,,399848300,3998483
Band,band UNIFICADO out dez 2023 jan fev 2024.xls,Relatorio_UBEM,VERÃO MAIOR PARANÁ,2024-02-02,,,,HAJA COLIRIO,WENDELL MELO / MATEUS CANDOTTI / LUCAS ING,HUGO E GUILHERME,373.69,,399.8483,,,,,399848300,3998483
Band,band UNIFICADO out dez 2023 jan fev 2024.xls,Relatorio_UBEM,VERÃO MAIOR PARANÁ,2024-02-02,,,,MEU NUMERO,CLEBINHO / ALEX ALVES,HUGO E GUILHERME,373.69,,399.8483,,,,,399848300,3998483
Band,band UNIFICADO out dez 2023 jan fev 2024.xls,Relatorio_UBEM,MELHOR DA NOITE - WEB,2024-02-02,,,,ANUNCIACAO,ALCEU VALENCA,BLOCO DOS ESFARRAPADOS,0.0,,52.3166,,,,,52316600,523166
Band,band UNIFICADO out dez 2023 jan fev 2024.xls,Relatorio_UBEM,MELHOR DA NOITE - WEB,2024-02-05,,,,ESTAVA PERDIDO NUM MAR,DUDU NOBRE,DUDU NOBRE,0.0,,52.3166,,,,,52316600,523166
Band,band UNIFICADO out dez 2023 jan fev 2024.xls,Relatorio_UBEM,MELHOR DA NOITE - WEB,2024-02-07,,,,L APPUNTAMENTO,ERASMO CARLOS / ROBERTO CARLOS / BRUNO LAUZI,MAFALDA MINNOZZI,0.0,,52.3166,,,,,52316600,523166
Band,band UNIFICADO out dez 2023 jan fev 2024.xls,Relatorio_UBEM,PROGRAMA DO JOÂO,2024-02-03,,,,S DE SAUDADE,GABRIEL AGRA / BRUNO SUCESSO / DE ANGELO,LUIZA MARTINS,0.0,,73.2431,,,,,73243100,732431
Band,band UNIFICADO out dez 2023 jan fev 2024.xls,Relatorio_UBEM,PROGRAMA DO JOÂO,2024-02-03,,,,S DE SAUDADE,GABRIEL AGRA / BRUNO SUCESSO / DE ANGELO,LUIZA MARTINS,0.0,,52.3166,,,,,52316600,523166
Band,band UNIFICADO out dez 2023 jan fev 2024.xls,Relatorio_UBEM,PROGRAMA DO JOÂO,2024-02-03,,,,CARINHO E RESPEITO,DANIEL RANGEL / IKARO ANDRADE / LUIZA MARTINS / MARCELA MCGOWAN / RODRIGO COSTA,LUIZA MARTINS,0.0,,52.3166,,,,,52316600,523166
Band,band UNIFICADO out dez 2023 jan fev 2024.xls,Relatorio_UBEM,PROGRAMA DO JOÂO,2024-02-10,,,,MANIA DE VOCE,RITA LEE / ROBERTO DE CARVALHO,RITA LEE,1494.76,,1599.3932,,,,,1599393200,15993932
Band,band UNIFICADO out dez 2023 jan fev 2024.xls,Relatorio_UBEM,PROGRAMA DO JOÂO,2024-02-10,,,,TRIO BELL MARQUES,BANDA BELL MARQUES,BANDA BELL MARQUES,747.38,,799.69,,,,,79969,800
Band,band UNIFICADO out dez 2023 jan fev 2024.xls,Relatorio_UBEM,PROGRAMA DO JOÂO,2024-02-10,,,,O BICHO,RICARDO CHAVES,CLAUDIA LEITE,747.38,,799.69,,,,,79969,800
Band,band UNIFICADO out dez 2023 jan fev 2024.xls,Relatorio_UBEM,PROGRAMA DO JOÂO,2024-02-10,,,,PERNA SAMBA,BATIDAO STRONDA / BRENO MAJOR / GABRIEL BK / GABRIEL CANTINI / LUCAS LM / NEWTON FONSECA / SHYLTON FERNANDES / TINHO WT,PARANGOLE E LEO SANTANA,1494.76,,1599.3932,,,,,1599393200,15993932
Band,band UNIFICADO out dez 2023 jan fev 2024.xls,Relatorio_UBEM,PROGRAMA DO JOÂO,2024-02-10,,,,MACETANDO,IVETE SANGALO / LUCIANO CHAVES DOS SANTOS / SAMIR TRINDADE,IVETE SANGALO E LUDMILLA,1494.76,,1599.3932,,,,,1599393200,15993932
Band,band UNIFICADO out dez 2023 jan fev 2024.xls,Relatorio_UBEM,PROGRAMA DO JOÂO,2024-02-10,,,,FANTASTICO,BONI / GUTO GRACA MELLO,LINCOLN OLIVETTI,1046.33,,1119.5731,,,,,1119573100,11195731
Band,band UNIFICADO out dez 2023 jan fev 2024.xls,Relatorio_UBEM,PROGRAMA DO JOÂO,2024-02-10,,,,VERMELHO,VANESSA DA MATA,VANESSA DA MATA,747.38,,799.69,,,,,79969,800
Band,band UNIFICADO out dez 2023 jan fev 2024.xls,Relatorio_UBEM,PROGRAMA DO JOÂO,2024-02-10,,,,PRA FRENTE,FILIPE COSTA SILVA/ GIGI/ MANGO SANT ANNA,IVETE SANGALO,1494.76,,1599.3932,,,,,1599393200,15993932
Band,band UNIFICADO out dez 2023 jan fev 2024.xls,Relatorio_UBEM,PROGRAMA DO JOÂO,2024-02-10,,,,PRAIEIRO                                          ,MANNO GOES                         ,BANDA EVA FELIPE PEZZONI,747.38,,799.69,,,,,79969,800
Band,band UNIFICADO out dez 2023 jan fev 2024.xls,Relatorio_UBEM,PROGRAMA DO JOÂO,2024-02-10,,,,MINHA PEQUENA EVA,GIANCARLO BIGAZZI / UMBERTO TOZZI,BANDA EVA FELIPE PEZZONI,747.38,,799.69,,,,,79969,800
Band,band UNIFICADO out dez 2023 jan fev 2024.xls,Relatorio_UBEM,PROGRAMA DO JOÂO,2024-02-10,,,,BORA DESCER,BRUNO CARTAXO / DITO MARTINS,BANDA EVA FELIPE PEZZONI,747.38,,799.69,,,,,79969,800
Band,band UNIFICADO out dez 2023 jan fev 2024.xls,Relatorio_UBEM,PROGRAMA DO JOÂO,2024-02-10,,,,VOU TE LEVAR PRO INFINITO,GRANDAO / SUKATA / GUGA PACHECO / CLAUDIO MATTOS / JULIANO / SOUZA DA CUICA / JAPA DA OVELHA JB,ERNESTO TEIXIERA,1046.33,,1119.5731,,,,,1119573100,11195731
Band,band UNIFICADO out dez 2023 jan fev 2024.xls,Relatorio_UBEM,PROGRAMA DO JOÂO,2024-02-10,,,,GBALA VIAGEM AO TEMPLO DE CRIACAO,MARTINHO DA VILA / OSWALDO JARDIM / PAULO BARROS,TINGA,1046.33,,1119.5731,,,,,1119573100,11195731
Band,band UNIFICADO out dez 2023 jan fev 2024.xls,Relatorio_UBEM,PROGRAMA DO JOÂO,2024-02-10,,,,VOU TE LEVAR PRO INFINITO,GRANDAO / SUKATA / GUGA PACHECO / CLAUDIO MATTOS / JULIANO / SOUZA DA CUICA / JAPA DA OVELHA JB,ERNESTO TEIXIERA,1494.76,,1599.3932,,,,,1599393200,15993932
Band,band UNIFICADO out dez 2023 jan fev 2024.xls,Relatorio_UBEM,PROGRAMA DO JOÂO,2024-02-10,,,,FIRME E FORTE,MARCIO VICTOR BRITO SANTOS,MARCIO VICTOR,747.38,,799.69,,,,,79969,800
Band,band UNIFICADO out dez 2023 jan fev 2024.xls,Relatorio_UBEM,PROGRAMA DO JOÂO,2024-02-10,,,,PREFIXO DE VERÃO                                  ,BETO SILVA                         ,MARCIO VICTOR,747.38,,799.69,,,,,79969,800
Band,band UNIFICADO out dez 2023 jan fev 2024.xls,Relatorio_UBEM,PROGRAMA DO JOÂO,2024-02-10,,,,FARAO,LUCIANO GOMES,MARCIO VICTOR,747.38,,799.69,,,,,79969,800
Band,band UNIFICADO out dez 2023 jan fev 2024.xls,Relatorio_UBEM,PROGRAMA DO JOÂO,2024-02-10,,,,O QUE E OQUE E,GONZAGUINHA,MARCIO VICTOR,747.38,,799.69,,,,,79969,800
Band,band UNIFICADO out dez 2023 jan fev 2024.xls,Relatorio_UBEM,PROGRAMA DO JOÂO,2024-02-10,,,,AGUA MINERAL,CARLINHOS BROWN,MARCIO VICTOR,747.38,,799.69,,,,,79969,800
Band,band UNIFICADO out dez 2023 jan fev 2024.xls,Relatorio_UBEM,PROGRAMA DO JOÂO,2024-02-10,,,,PREFIXO DE VERÃO,BETO SILVA,MARCIO VICTOR,747.38,,799.69,,,,,79969,800
Band,band UNIFICADO out dez 2023 jan fev 2024.xls,Relatorio_UBEM,PROGRAMA DO JOÂO,2024-02-10,,,,VARIAS QUEIXAS,NARCIZINHO SANTOS / AFRO JHOW / GERMANO MENEGHEL,MARCIO VICTOR,747.38,,799.69,,,,,79969,800
Band,band UNIFICADO out dez 2023 jan fev 2024.xls,Relatorio_UBEM,PROGRAMA DO JOÂO,2024-02-10,,,,MUSICA DO CARNAVAL,ED NOBRE / NETO DE LINS / NICO ALMEIDA / UANDERSON CERQUEIRA,MARCIO VICTOR,747.38,,799.69,,,,,79969,800
Band,band UNIFICADO out dez 2023 jan fev 2024.xls,Relatorio_UBEM,PROGRAMA DO JOÂO,2024-02-10,,,,MACETANDO,IVETE SANGALO / LUCIANO CHAVES DOS SANTOS / SAMIR TRINDADE,MARCIO VICTOR,747.38,,799.69,,,,,79969,800
Band,band UNIFICADO out dez 2023 jan fev 2024.xls,Relatorio_UBEM,PROGRAMA DO JOÂO,2024-02-10,,,,MACETANDO,IVETE SANGALO / LUCIANO CHAVES DOS SANTOS / SAMIR TRINDADE,MARCIO VICTOR,1494.76,,1599.3932,,,,,1599393200,15993932
Band,band UNIFICADO out dez 2023 jan fev 2024.xls,Relatorio_UBEM,PROGRAMA DO JOÂO,2024-02-10,,,,FANTASTICO,BONI / GUTO GRACA MELLO,LINCOLN OLIVETTI,1046.33,,1119.5731,,,,,1119573100,11195731
Band,band UNIFICADO out dez 2023 jan fev 2024.xls,Relatorio_UBEM,PROGRAMA DO JOÂO,2024-02-17,,,,SAUDADE ARREGAÇA,VINE SHOW / VINICIUS POETA / JUNIOR GOMES / RENNO POETA,GRUPO PIXOTE /,1046.33,,1119.5731,,,,,1119573100,11195731
Band,band UNIFICADO out dez 2023 jan fev 2024.xls,Relatorio_UBEM,PROGRAMA DO JOÂO,2024-02-17,,,,HALO                                              ,BEYONCE KNOWLES/EVAN KIDD BOGART/RYAN TEDDER,BEYONCE,1046.33,,1119.5731,,,,,1119573100,11195731
Band,band UNIFICADO out dez 2023 jan fev 2024.xls,Relatorio_UBEM,PROGRAMA DO JOÂO,2024-02-17,,,,NEM DE GRAÇA,FILIPE LABRE / JULIANO TCHULA / VINE SHOW / HIAGO VINICIUS,GRUPO PIXOTE /,747.38,,799.69,,,,,79969,800
Band,band UNIFICADO out dez 2023 jan fev 2024.xls,Relatorio_UBEM,PROGRAMA DO JOÂO,2024-02-17,,,,SAUDADE ARREGAÇA,VINE SHOW / VINICIUS POETA / JUNIOR GOMES / RENNO POETA,GRUPO PIXOTE /,747.38,,799.69,,,,,79969,800
Band,band UNIFICADO out dez 2023 jan fev 2024.xls,Relatorio_UBEM,PROGRAMA DO JOÂO,2024-02-17,,,,BRILHO DE CRISTAL,NETINHO / DELCIO LUIZ,GRUPO PIXOTE /,747.38,,799.69,,,,,79969,800
Band,band UNIFICADO out dez 2023 jan fev 2024.xls,Relatorio_UBEM,PROGRAMA DO JOÂO,2024-02-17,,,,MANIA BOBA,ANNA CINTIA / ELAN RUBIO / VINE SHOW / VINNI MIRANDA,GRUPO PIXOTE /,747.38,,799.69,,,,,79969,800
Band,band UNIFICADO out dez 2023 jan fev 2024.xls,Relatorio_UBEM,PROGRAMA DO JOÂO,2024-02-17,,,,INSEGURANCA,WALTINHO JOTA,GRUPO PIXOTE /,747.38,,799.69,,,,,79969,800
Band,band UNIFICADO out dez 2023 jan fev 2024.xls,Relatorio_UBEM,PROGRAMA DO JOÂO,2024-02-17,,,,I GOT YOU (I FEEL GOOD),JAMES BROWN,SERIAL FUNKERS,747.38,,799.69,,,,,79969,800
Band,band UNIFICADO out dez 2023 jan fev 2024.xls,Relatorio_UBEM,PROGRAMA DO JOÂO,2024-02-17,,,,VIRA DE LADINHO,ANDINHO MC / GELEIA MC,SERIAL FUNKERS,747.38,,799.69,,,,,79969,800
Band,band UNIFICADO out dez 2023 jan fev 2024.xls,Relatorio_UBEM,PROGRAMA DO JOÂO,2024-02-17,,,,DORMI NA PRACA,FATIMA LEAO / ELIAS MUNIZ,SERIAL FUNKERS,747.38,,799.69,,,,,79969,800
Band,band UNIFICADO out dez 2023 jan fev 2024.xls,Relatorio_UBEM,BAND ESPORTE CLUBE,2023-12-02,,,,MENINO DO RIO,BABY DO BRASIL / DIDI GOMES / PEPEU GOMES,BABY CONSUELO / PEPEU GOMES,0.0,,104.6332,,,,,104633200,1046332
Band,band UNIFICADO out dez 2023 jan fev 2024.xls,Relatorio_UBEM,BAND ESPORTE CLUBE,2023-12-09,,,,MENINO DO RIO,BABY DO BRASIL / DIDI GOMES / PEPEU GOMES,BABY CONSUELO / PEPEU GOMES,0.0,,104.6332,,,,,104633200,1046332
Band,band UNIFICADO out dez 2023 jan fev 2024.xls,Relatorio_UBEM,BORA BRASIL,2023-12-01,,,,CIRCLE OF LIFE,ELTON JOHN / HANS ZIMMER / LEBOHANG MORAKE / TIM RICE,CARMEN TWILLIE / LEBO M,0.0,,62.7795,,,,,62779500,627795
Band,band UNIFICADO out dez 2023 jan fev 2024.xls,Relatorio_UBEM,BORA BRASIL,2023-12-04,,,,YELLOW SUBMARINE,JOHN LENNON / PAUL MC CARTNEY,THE BEATLES,0.0,,62.7795,,,,,62779500,627795
Band,band UNIFICADO out dez 2023 jan fev 2024.xls,Relatorio_UBEM,BORA BRASIL,2023-12-04,,,,MARIA MARIA,MILTON NASCIMENTO,MILTON NASCIMENTO                  ,0.0,,62.7795,,,,,62779500,627795
Band,band UNIFICADO out dez 2023 jan fev 2024.xls,Relatorio_UBEM,BORA BRASIL,2023-12-04,,,,CANÇÃO DA AMERICA,FERNANDO ROCHA BRANT / MILTON NASCIMENTO,MILTON NASCIMENTO                  ,0.0,,62.7795,,,,,62779500,627795
Band,band UNIFICADO out dez 2023 jan fev 2024.xls,Relatorio_UBEM,BORA BRASIL,2023-12-06,,,,Barulho do Foguete,ZÉ NETO E CRISTIANO,ZÉ NETO E CRISTIANO,0.0,,62.7795,,,,,62779500,627795
Band,band UNIFICADO out dez 2023 jan fev 2024.xls,Relatorio_UBEM,BORA BRASIL,2023-12-07,,,,Barulho do Foguete,ZÉ NETO E CRISTIANO,ZÉ NETO E CRISTIANO,0.0,,62.7795,,,,,62779500,627795
Band,band UNIFICADO out dez 2023 jan fev 2024.xls,Relatorio_UBEM,BORA BRASIL,2023-12-07,,,,AQUELE ABRAÇO                                     ,GILBERTO GIL,GILBERTO GIL,0.0,,62.7795,,,,,62779500,627795
Band,band UNIFICADO out dez 2023 jan fev 2024.xls,Relatorio_UBEM,BORA BRASIL,2023-12-11,,,,RAIDERS OF THE LOST ARK,BANTHA MUSIC / DP / JOHN T WILLIAMS,JOHN T WILLIAMS / THE LONDON SYMPHON,0.0,,62.7795,,,,,62779500,627795
Band,band UNIFICADO out dez 2023 jan fev 2024.xls,Relatorio_UBEM,BORA BRASIL,2023-12-12,,,,RAIDERS OF THE LOST ARK,BANTHA MUSIC / DP / JOHN T WILLIAMS,JOHN T WILLIAMS / THE LONDON SYMPHON,0.0,,62.7795,,,,,62779500,627795
Band,band UNIFICADO out dez 2023 jan fev 2024.xls,Relatorio_UBEM,BORA BRASIL,2023-12-12,,,,FLOR DE LIS,DJAVAN,DIOGO NOGUEIRA,0.0,,62.7795,,,,,62779500,627795
Band,band UNIFICADO out dez 2023 jan fev 2024.xls,Relatorio_UBEM,BORA BRASIL,2023-12-12,,,,PE NA AREIA,DIOGO NOGUEIRA,DIOGO NOGUEIRA,0.0,,62.7795,,,,,62779500,627795
Band,band UNIFICADO out dez 2023 jan fev 2024.xls,Relatorio_UBEM,BORA BRASIL,2023-12-12,,,,SAMURAI                                           ,DJAVAN,DJAVAN,0.0,,62.7795,,,,,62779500,627795
Band,band UNIFICADO out dez 2023 jan fev 2024.xls,Relatorio_UBEM,BORA BRASIL,2023-12-12,,,,PE NA AREIA,DIOGO NOGUEIRA,DIOGO NOGUEIRA,0.0,,62.7795,,,,,62779500,627795
Band,band UNIFICADO out dez 2023 jan fev 2024.xls,Relatorio_UBEM,BORA BRASIL,2023-12-12,,,,NOSSO QUADRO,MARCO CARVALHO / RODOLFO ALESSI,ANA CASTELA,0.0,,62.7795,,,,,62779500,627795
Band,band UNIFICADO out dez 2023 jan fev 2024.xls,Relatorio_UBEM,BORA BRASIL,2023-12-12,,,,BOIADEIRA,DIEGO BARAO / GABRIEL VITOR / JOTA LENNON / RODOLFO ALESSI,ANA CASTELA,0.0,,62.7795,,,,,62779500,627795
Band,band UNIFICADO out dez 2023 jan fev 2024.xls,Relatorio_UBEM,BORA BRASIL,2023-12-12,,,,SE1234,DJAVAN,DJAVAN,0.0,,62.7795,,,,,62779500,627795
Band,band UNIFICADO out dez 2023 jan fev 2024.xls,Relatorio_UBEM,BORA BRASIL,2023-12-13,,,,PE NA AREIA,DIOGO NOGUEIRA,DIOGO NOGUEIRA,0.0,,62.7795,,,,,62779500,627795
Band,band UNIFICADO out dez 2023 jan fev 2024.xls,Relatorio_UBEM,BORA BRASIL,2023-12-19,,,,IF I HAD A HEART MAIN THEME FROM VIKINGS_COVER VER,KARIN ELISABETH DREIJER ANDERSSON,L ORCHESTRA CINEMATIQUE,0.0,,62.7795,,,,,62779500,627795
Band,band UNIFICADO out dez 2023 jan fev 2024.xls,Relatorio_UBEM,BORA BRASIL,2023-12-20,,,,METEORO DA PAIXAO,SOROCABA,LUAN SANTANA,0.0,,62.7795,,,,,62779500,627795
Band,band UNIFICADO out dez 2023 jan fev 2024.xls,Relatorio_UBEM,BORA BRASIL,2023-12-20,,,,MIM QUER TOCAR,ULTRAJE A RIGOR,ULTRAJE A RIGOR                    ,0.0,,62.7795,,,,,62779500,627795
Band,band UNIFICADO out dez 2023 jan fev 2024.xls,Relatorio_UBEM,BORA BRASIL,2023-12-22,,,,SINGLE LADIES,"BEYONCÉ KNOWLES, CHRISTOPHER TRICKY STEWART , TERIUS THE-DREAM NASH , THADDIS HARRELL",Beyoncé Knowles,0.0,,62.7795,,,,,62779500,627795
Band,band UNIFICADO out dez 2023 jan fev 2024.xls,Relatorio_UBEM,BORA BRASIL,2023-12-22,,,,PE NA AREIA,DIOGO NOGUEIRA,DIOGO NOGUEIRA,0.0,,62.7795,,,,,62779500,627795
Band,band UNIFICADO out dez 2023 jan fev 2024.xls,Relatorio_UBEM,BORA BRASIL,2023-12-22,,,,FORMATION,BEYONCÉ/ SWAE LEE/ MIKE WILL MADE IT,BEYONCÉ,0.0,,62.7795,,,,,62779500,627795
Band,band UNIFICADO out dez 2023 jan fev 2024.xls,Relatorio_UBEM,BORA BRASIL,2023-12-22,,,,RUN THE WORLD GIRLS,BEYONCE,BEYONCE,0.0,,62.7795,,,,,62779500,627795
Band,band UNIFICADO out dez 2023 jan fev 2024.xls,Relatorio_UBEM,BORA BRASIL,2023-12-22,,,,RUN THE WORLD GIRLS,BEYONCE,BEYONCE,0.0,,62.7795,,,,,62779500,627795
Band,band UNIFICADO out dez 2023 jan fev 2024.xls,Relatorio_UBEM,BORA BRASIL,2023-12-27,,,,STYLE123,TAYLOR SWIFT,TAYLOR SWIFT,0.0,,62.7795,,,,,62779500,627795
Band,band UNIFICADO out dez 2023 jan fev 2024.xls,Relatorio_UBEM,BORA BRASIL,2023-12-28,,,,MIM QUER TOCAR,ULTRAJE A RIGOR,ULTRAJE A RIGOR                    ,0.0,,62.7795,,,,,62779500,627795
Band,band UNIFICADO out dez 2023 jan fev 2024.xls,Relatorio_UBEM,BORA BRASIL,2023-12-28,,,,AQUELE ABRAÇO                                     ,GILBERTO GIL,GILBERTO GIL,0.0,,62.7795,,,,,62779500,627795
Band,band UNIFICADO out dez 2023 jan fev 2024.xls,Relatorio_UBEM,BRASIL URGENTE,2023-12-14,,,,NOS VAMOS INVADIR SUA PRAIA,EDGARD SCANDURRA/MAURÍCIO/ROGER MOREIRA,ULTRAJE A RIGOR                    ,0.0,,62.7795,,,,,62779500,627795
Band,band UNIFICADO out dez 2023 jan fev 2024.xls,Relatorio_UBEM,BRASIL URGENTE,2023-12-25,,,,ENTÃO É NATAL,CLAUDIO FERREIRA RABELLO / JOHN WINSTON LENNON / YOKO ONO,SIMONE /,0.0,,62.7795,,,,,62779500,627795
Band,band UNIFICADO out dez 2023 jan fev 2024.xls,Relatorio_UBEM,BRASIL URGENTE,2023-12-28,,,,ERRO GOSTOSO,DE ANGELO / EDSON GARCIA / ELIABE GALDINO DA COSTA / FELIPE MARINS / FLAVINHO DO KADET / LUCAS SOUZA,DANILO E LISANDRA,0.0,,62.7795,,,,,62779500,627795
Band,band UNIFICADO out dez 2023 jan fev 2024.xls,Relatorio_UBEM,Documento Band,2023-12-12,,,,ADVOGADO FIEL,ANDERSON FREIRE,ANDERSON FREIRE,448.425,,448.425,,,,,44842500,448425
Band,band UNIFICADO out dez 2023 jan fev 2024.xls,Relatorio_UBEM,Documento Band,2023-12-12,,,,ADVOGADO FIEL,ANDERSON FREIRE,ANDERSON FREIRE,448.425,,448.425,,,,,44842500,448425
Band,band UNIFICADO out dez 2023 jan fev 2024.xls,Relatorio_UBEM,VIRADA NA BAND 2024,2023-12-31,,,,CLAUDINHA BANGUNCINHA,GILSON MENEZES SANTOS DOREA / CLAUDIA LEITTE,CLAUDIA LEITTE / GILSON MENEZES SANTOS DOREA,0.0,,52.3166,,,,,52316600,523166
Band,band UNIFICADO out dez 2023 jan fev 2024.xls,Relatorio_UBEM,VIRADA NA BAND 2024,2023-12-31,,,,LIQUITIQUI,CLAUDIA LEITTE / MICHAEL BRUN / NEEL DWALA / KES DIEFFENTHALLER / JAY PERRY,CLAUDIA LEITTE / JPERRY E KES,0.0,,52.3166,,,,,52316600,523166
Band,band UNIFICADO out dez 2023 jan fev 2024.xls,Relatorio_UBEM,VIRADA NA BAND 2024,2023-12-31,,,,VOLTEI RECIFE,LUIZ BANDEIRA,ALCEU VALENÇA,0.0,,104.6332,,,,,104633200,1046332
Band,band UNIFICADO out dez 2023 jan fev 2024.xls,Relatorio_UBEM,VIRADA NA BAND 2024,2023-12-31,,,,BOMBONZINHO,ISRAEL E RODOLFFO,ISRAEL E RODOLFFO / ANA CASTELA,0.0,,52.3166,,,,,52316600,523166
Band,band UNIFICADO out dez 2023 jan fev 2024.xls,Relatorio_UBEM,VIRADA NA BAND 2024,2023-12-31,,,,PALHAÇA,NAIARA AZEVEDO,ANA CASTELA E NAIARA AZEVEDO,0.0,,52.3166,,,,,52316600,523166
Band,band UNIFICADO out dez 2023 jan fev 2024.xls,Relatorio_UBEM,VIRADA NA BAND 2024,2023-12-31,,,,GOLZINHO VERMELHO,J TELLES / ERIC SANTOS / DANILO COWBOY,LEO SANTANA / NATTAN,0.0,,52.3166,,,,,52316600,523166
Band,band UNIFICADO out dez 2023 jan fev 2024.xls,Relatorio_UBEM,VIRADA NA BAND 2024,2023-12-31,,,,ZONA DE PERIGO/,LÉO SANTANA,LEO SANTANA,0.0,,52.3166,,,,,52316600,523166
Band,band UNIFICADO out dez 2023 jan fev 2024.xls,Relatorio_UBEM,VIRADA NA BAND 2024,2023-12-31,,,,POSTURADO E CALMO,DANILO COWBOY / ERIC SANTOS / LEO SANTANA / UEDSON PERICLES,LEO SANTANA,0.0,,52.3166,,,,,52316600,523166
Band,band UNIFICADO out dez 2023 jan fev 2024.xls,Relatorio_UBEM,VIRADA NA BAND 2024,2023-12-31,,,,SABIA,ALCEU VALENÇA,ALCEU VALENÇA,0.0,,52.3166,,,,,52316600,523166
Band,band UNIFICADO out dez 2023 jan fev 2024.xls,Relatorio_UBEM,VIRADA NA BAND 2024,2023-12-31,,,,ANUNCIAÇÃO,ALCEU VALENÇA,BANDA REALIZARE,0.0,,52.3166,,,,,52316600,523166
Band,band UNIFICADO out dez 2023 jan fev 2024.xls,Relatorio_UBEM,VIRADA NA BAND 2024,2023-12-31,,,,BOTA PRA FERVER,DURVAL LELYS,IVETE SANGALO,0.0,,52.3166,,,,,52316600,523166
Band,band UNIFICADO out dez 2023 jan fev 2024.xls,Relatorio_UBEM,VIRADA NA BAND 2024,2023-12-31,,,,LEVADA LOUCA,IVETE SANGALO,CARLOS ALAIM TAVARES DA SILVA / GLSON CARVALHO DE JESUS / LUIZ CARLOS DE CARVALHO,0.0,,52.3166,,,,,52316600,523166
Band,band UNIFICADO out dez 2023 jan fev 2024.xls,Relatorio_UBEM,VIRADA NA BAND 2024,2023-12-31,,,,TA SOLTEIRA MAS NAO TA SOZINHA,IVETE SANGALO / NEILTON CERQUEIRA SANTOS / RADAMES MUNIZ VENANCIO / SAMIR PEREIRA,IVETE SANGALO / MANUEL ALEXANDRE OLIVEIRA DA SILVA / MYLLA GEDSON CARDOSO DE BARROS,0.0,,52.3166,,,,,52316600,523166
Band,band UNIFICADO out dez 2023 jan fev 2024.xls,Relatorio_UBEM,VIRADA NA BAND 2024,2023-12-31,,,,MACETANDO,IVETE SANGALO / LUCIANO CHAVES / SAMIR TRINDADE,IVETE SANGALO,0.0,,52.3166,,,,,52316600,523166
Band,band UNIFICADO out dez 2023 jan fev 2024.xls,Relatorio_UBEM,VIRADA NA BAND 2024,2023-12-31,,,,VOLTA COMIGO BB,DJ IVIS,ZE VAQUEIRO,0.0,,52.3166,,,,,52316600,523166
Band,band UNIFICADO out dez 2023 jan fev 2024.xls,Relatorio_UBEM,VIRADA NA BAND 2024,2023-12-31,,,,BATUCADA,GIGI CERQUEIRA / IVETE SANGALO / SAMIR TRINDADE,IVETE SANGALO,0.0,,52.3166,,,,,52316600,523166
Band,band UNIFICADO out dez 2023 jan fev 2024.xls,Relatorio_UBEM,VIRADA NA BAND 2024,2023-12-31,,,,MUITO OBRIGADO AXE,ANTONIO CARLOS SANTOS DE FREITAS,IVETE SANGALO,0.0,,52.3166,,,,,52316600,523166
Band,band UNIFICADO out dez 2023 jan fev 2024.xls,Relatorio_UBEM,VIRADA NA BAND 2024,2023-12-31,,,,FARAO DIVINDADE DO EGITO,LUCIANO GOMES,IVETE SANGALO,0.0,,52.3166,,,,,52316600,523166
Band,band UNIFICADO out dez 2023 jan fev 2024.xls,Relatorio_UBEM,VIRADA NA BAND 2024,2023-12-31,,,,PREFIXO DO VERÃO,BETO SILVA,IVETE SANGALO,0.0,,52.3166,,,,,52316600,523166
Band,band UNIFICADO out dez 2023 jan fev 2024.xls,Relatorio_UBEM,VIRADA NA BAND 2024,2023-12-31,,,,"ME ABRAÇA, ME BEIJA ",DURVAL LELYS,IVETE SANGALO,0.0,,52.3166,,,,,52316600,523166
Band,band UNIFICADO out dez 2023 jan fev 2024.xls,Relatorio_UBEM,VIRADA NA BAND 2024,2023-12-31,,,,SE FOR AMOR,HIAGO NOBRE / JEOVANE GUEDES / KINHO CHEFÃO / RENNO,JOÃO GOMES / VITOR FERNANDES,0.0,,52.3166,,,,,52316600,523166
Band,band UNIFICADO out dez 2023 jan fev 2024.xls,Relatorio_UBEM,VIRADA NA BAND 2024,2023-12-31,,,,VOA BEIJA FLOR,EULER COELHO,JORGE E MATEUS,0.0,,52.3166,,,,,52316600,523166
Band,band UNIFICADO out dez 2023 jan fev 2024.xls,Relatorio_UBEM,VIRADA NA BAND 2024,2023-12-31,,,,PODE CHORAR                                       ,DORGIVAL DANTAS                    ,JORGE E MATEUS,0.0,,52.3166,,,,,52316600,523166
Band,band UNIFICADO out dez 2023 jan fev 2024.xls,Relatorio_UBEM,VIRADA NA BAND 2024,2023-12-31,,,,MEDIDA CERTA,DANILLO DAVILLA/ ANAJUH,JORGE E MATEUS,0.0,,52.3166,,,,,52316600,523166
Band,band UNIFICADO out dez 2023 jan fev 2024.xls,Relatorio_UBEM,VIRADA NA BAND 2024,2023-12-31,,,,TU TA NA GAIOLA,MC KEVIN O CRIS / VITINHO VIBE,MC KEVIN O CHRIS,0.0,,52.3166,,,,,52316600,523166
Band,band UNIFICADO out dez 2023 jan fev 2024.xls,Relatorio_UBEM,VIRADA NA BAND 2024,2023-12-31,,,,EVOLUIU,MC KEVIN O CHRIS / SODRE,MC KEVIN O CHRIS / SODRE,0.0,,52.3166,,,,,52316600,523166
Band,band UNIFICADO out dez 2023 jan fev 2024.xls,Relatorio_UBEM,VIRADA NA BAND 2024,2023-12-31,,,,SORTE GRANDE,LOURENÇO,IVETE SANGALO,0.0,,52.3166,,,,,52316600,523166
Band,band UNIFICADO out dez 2023 jan fev 2024.xls,Relatorio_UBEM,VIRADA NA BAND 2024,2023-12-31,,,,K.O,PABLO VITAR,PABLO VITAR,0.0,,52.3166,,,,,52316600,523166
Band,band UNIFICADO out dez 2023 jan fev 2024.xls,Relatorio_UBEM,VIRADA NA BAND 2024,2023-12-31,,,,SUA CARA,MAJOR LAZER / ANITTA / PABLO VITTAR,MAJOR LAZER / ANITTA / PABLLO VITTAR,0.0,,52.3166,,,,,52316600,523166
Band,band UNIFICADO out dez 2023 jan fev 2024.xls,Relatorio_UBEM,VIRADA NA BAND 2024,2023-12-31,,,,LUCRO,RUSSO PASSAPUSSO / ROBERTO BARRETO / MARCELO SEKO,BAIANASYSTEM,0.0,,52.3166,,,,,52316600,523166
Band,band UNIFICADO out dez 2023 jan fev 2024.xls,Relatorio_UBEM,VIRADA NA BAND 2024,2023-12-31,,,,ALGO MAIS,WALÉRIA LEÃO /  BLENNER MAYCOM,XANDY AVIAO,0.0,,52.3166,,,,,52316600,523166
Band,band UNIFICADO out dez 2023 jan fev 2024.xls,Relatorio_UBEM,VIRADA NA BAND 2024,2023-12-31,,,,MALVADÃO 3,XAMÃ/,XAMÃ,0.0,,52.3166,,,,,52316600,523166
Band,band UNIFICADO out dez 2023 jan fev 2024.xls,Relatorio_UBEM,VIRADA NA BAND 2024,2023-12-31,,,,AI PAPAI,ANITTA FT MC DANNY E HITMAKER,Anitta FT Mc Danny e Hitmaker,0.0,,104.6332,,,,,104633200,1046332
Band,band UNIFICADO out dez 2023 jan fev 2024.xls,Relatorio_UBEM,VIRADA NA BAND 2024,2023-12-31,,,,NOSSA COMUNICACAO FALHOU,DAN K / DANIEL CANDIDO / EMIDIO / MATHEUS ROSADO / THAVARES,MARI FERNANDEZ / NATTAN,0.0,,104.6332,,,,,104633200,1046332
Band,band UNIFICADO out dez 2023 jan fev 2024.xls,Relatorio_UBEM,VIRADA NA BAND 2024,2023-12-31,,,,PARADA LOUCA,FAUSTO CARVALHO / GABRIEL BK / LUCAS SOUSA / MAGNO NEVES / MARI FERNANDEZ,NATTAN / MARI FERNANDEZ,0.0,,104.6332,,,,,104633200,1046332
Band,band UNIFICADO out dez 2023 jan fev 2024.xls,Relatorio_UBEM,VIRADA NA BAND 2024,2023-12-31,,,,BOZY IN PARIS / I WAS MADE FOR LOVIN YOU / ALIVE /,CHAUCEY HOLLIS / KANIE WEST / MIKE DEAN / REVEREND WA DONALDSON / SHAWN CARTER / DESMOND CHILD / PAUL STANLEY / VINCENT PONCIA / FELIZ HAIN / LUCAS HAIN / KENNEDY GORDY,MARNIK / NAELECK / VINAI / KISS / ALOK / ALOK,0.0,,52.3166,,,,,52316600,523166
Band,band UNIFICADO out dez 2023 jan fev 2024.xls,Relatorio_UBEM,VIRADA NA BAND 2024,2023-12-31,,,,MEU MEL,FRED LEIBOVITZ / NORIVAL DI PAULA / PAULINHO REZENDE / SAM CHOUKA,ZE VAQUEIRO,0.0,,52.3166,,,,,52316600,523166
Band,band UNIFICADO out dez 2023 jan fev 2024.xls,Relatorio_UBEM,VIRADA NA BAND 2024,2023-12-31,,,,ELA E DA BAGACEIRA,ROMIM MATA,JOAO GOMES,0.0,,52.3166,,,,,52316600,523166
Band,band UNIFICADO out dez 2023 jan fev 2024.xls,Relatorio_UBEM,VIRADA NA BAND 2024,2023-12-31,,,,NAO VOU CHORAR,ALEXANDRE PEIXE / BETO GARRIDO,BELL MARQUES,0.0,,104.6332,,,,,104633200,1046332
Band,band UNIFICADO out dez 2023 jan fev 2024.xls,Relatorio_UBEM,VIRADA NA BAND 2024,2023-12-31,,,,OVO DE AVESTRUZ,FLAVIO LIMA SANTOS,Banda Pagodart,0.0,,104.6332,,,,,104633200,1046332
Band,band UNIFICADO out dez 2023 jan fev 2024.xls,Relatorio_UBEM,IGREJA UNIDA DEUS PROVERÁ,2023-12-01,,,,DEUS DE MARAVILHAS,MARA MARAVILHA,MARCOS FELIPE,747.38,,747.38,,,,,74738,747
Band,band UNIFICADO out dez 2023 jan fev 2024.xls,Relatorio_UBEM,IGREJA UNIDA DEUS PROVERÁ,2023-12-01,,,,ME ATRAIU,GABRIELA ROCHA,MARCOS FELIPE,747.38,,747.38,,,,,74738,747
Band,band UNIFICADO out dez 2023 jan fev 2024.xls,Relatorio_UBEM,IGREJA UNIDA DEUS PROVERÁ,2023-12-04,,,,IGREJA UNIDA DEUS PROVERA,MARCOS FELIPE,MARCOS FELIPE,747.38,,747.38,,,,,74738,747
Band,band UNIFICADO out dez 2023 jan fev 2024.xls,Relatorio_UBEM,IGREJA UNIDA DEUS PROVERÁ,2023-12-04,,,,SOU UM MILAGRE,VOZ DA VERDADE,MARCOS FELIPE,747.38,,747.38,,,,,74738,747
Band,band UNIFICADO out dez 2023 jan fev 2024.xls,Relatorio_UBEM,IGREJA UNIDA DEUS PROVERÁ,2023-12-05,,,,VEM ME TOCAR SENHOR,IVANILSON PONTES,MARCOS FELIPE,747.38,,747.38,,,,,74738,747
Band,band UNIFICADO out dez 2023 jan fev 2024.xls,Relatorio_UBEM,IGREJA UNIDA DEUS PROVERÁ,2023-12-07,,,,BONDADE DE DEUS,ISAIAS SAAD,MARCOS FELIPE,747.38,,747.38,,,,,74738,747
Band,band UNIFICADO out dez 2023 jan fev 2024.xls,Relatorio_UBEM,IGREJA UNIDA DEUS PROVERÁ,2023-12-07,,,,SO QUEM TEM RAIZ,SARAH FARIAS,DEBORA ALMEIDA,747.38,,747.38,,,,,74738,747
Band,band UNIFICADO out dez 2023 jan fev 2024.xls,Relatorio_UBEM,IGREJA UNIDA DEUS PROVERÁ,2023-12-07,,,,OH QUAO LINDO ESSE NOME E,ANA NOBREGA,MARCOS FELIPE,747.38,,747.38,,,,,74738,747
Band,band UNIFICADO out dez 2023 jan fev 2024.xls,Relatorio_UBEM,IGREJA UNIDA DEUS PROVERÁ,2023-12-08,,,,FAMILIA,REGIS DANESE,MARCOS FELIPE,747.38,,747.38,,,,,74738,747
Band,band UNIFICADO out dez 2023 jan fev 2024.xls,Relatorio_UBEM,IGREJA UNIDA DEUS PROVERÁ,2023-12-12,,,,DEUS DE MARAVILHAS,MARA MARAVILHA,MARCOS FELIPE,747.38,,747.38,,,,,74738,747
Band,band UNIFICADO out dez 2023 jan fev 2024.xls,Relatorio_UBEM,IGREJA UNIDA DEUS PROVERÁ,2023-12-12,,,,DEIXA,MARIA MARÇAL,MARCOS FELIPE,747.38,,747.38,,,,,74738,747
Band,band UNIFICADO out dez 2023 jan fev 2024.xls,Relatorio_UBEM,IGREJA UNIDA DEUS PROVERÁ,2023-12-12,,,,CADEIAS QUEBRAR,SORAYA MORAES,MARCOS FELIPE,747.38,,747.38,,,,,74738,747
Band,band UNIFICADO out dez 2023 jan fev 2024.xls,Relatorio_UBEM,IGREJA UNIDA DEUS PROVERÁ,2023-12-12,,,,OH QUAO LINDO ESSE NOME E,ANA NOBREGA,MARCOS FELIPE,747.38,,747.38,,,,,74738,747
Band,band UNIFICADO out dez 2023 jan fev 2024.xls,Relatorio_UBEM,IGREJA UNIDA DEUS PROVERÁ,2023-12-14,,,,QUAO GRANDE E O MEU DEUS,SORAYA MORAES,MARCOS FELIPE,747.38,,747.38,,,,,74738,747
Band,band UNIFICADO out dez 2023 jan fev 2024.xls,Relatorio_UBEM,IGREJA UNIDA DEUS PROVERÁ,2023-12-15,,,,ACIMA DAS ESTRELAS,SHIRLEY CARVALHAES,MARCOS FELIPE,747.38,,747.38,,,,,74738,747
Band,band UNIFICADO out dez 2023 jan fev 2024.xls,Relatorio_UBEM,IGREJA UNIDA DEUS PROVERÁ,2023-12-15,,,,EU TE LOUVAREI SENHOR,EUGENIO JORGE,MARCOS FELIPE,747.38,,747.38,,,,,74738,747
Band,band UNIFICADO out dez 2023 jan fev 2024.xls,Relatorio_UBEM,IGREJA UNIDA DEUS PROVERÁ,2023-12-19,,,,QUAO GRANDE E O MEU DEUS,SORAYA MORAES,MARCOS FELIPE,747.38,,747.38,,,,,74738,747
Band,band UNIFICADO out dez 2023 jan fev 2024.xls,Relatorio_UBEM,IGREJA UNIDA DEUS PROVERÁ,2023-12-26,,,,CADEIAS QUEBRAR,SORAYA MORAES,MARCOS FELIPE,747.38,,747.38,,,,,74738,747
Band,band UNIFICADO out dez 2023 jan fev 2024.xls,Relatorio_UBEM,IGREJA UNIDA DEUS PROVERÁ,2023-12-26,,,,CADEIAS QUEBRAR,SORAYA MORAES,MARCOS FELIPE,747.38,,747.38,,,,,74738,747
Band,band UNIFICADO out dez 2023 jan fev 2024.xls,Relatorio_UBEM,IGREJA UNIDA DEUS PROVERÁ,2023-12-27,,,,DEIXA,MARIA MARÇAL,WANDICK,747.38,,747.38,,,,,74738,747
Band,band UNIFICADO out dez 2023 jan fev 2024.xls,Relatorio_UBEM,IGREJA UNIDA DEUS PROVERÁ,2023-12-27,,,,QUAO GRANDE E O MEU DEUS,SORAYA MORAES,LUCIANO NEVES / DEBORA ALMEIDA / GIOVANNE SANTOS,747.38,,747.38,,,,,74738,747
Band,band UNIFICADO out dez 2023 jan fev 2024.xls,Relatorio_UBEM,IGREJA UNIDA DEUS PROVERÁ,2023-12-29,,,,CAMINHO NO DESERTO,SORAYA MORAES,FABIANA,747.38,,747.38,,,,,74738,747
Band,band UNIFICADO out dez 2023 jan fev 2024.xls,Relatorio_UBEM,IGREJA UNIDA DEUS PROVERÁ,2023-12-29,,,,CAMINHO NO DESERTO,SORAYA MORAES,FABIANA,747.38,,747.38,,,,,74738,747
Band,band UNIFICADO out dez 2023 jan fev 2024.xls,Relatorio_UBEM,IGREJA UNIDA DEUS PROVERÁ,2023-12-29,,,,POR CAUSA DELE,KELLEN BYANCA / JESSE AGUIAR,FABIANA,747.38,,747.38,,,,,74738,747
Band,band UNIFICADO out dez 2023 jan fev 2024.xls,Relatorio_UBEM,JOGO ABERTO,2023-12-01,,,,RENATA FAN DANCE,DJ PRODIGIO,GIANCARLO / RAPHAEL,0.0,,104.6332,,,,,104633200,1046332
Band,band UNIFICADO out dez 2023 jan fev 2024.xls,Relatorio_UBEM,JOGO ABERTO,2023-12-01,,,,BABY I M THE CAT TECHNO,DJ PRODIGIO,DJ PRODIGIO,0.0,,104.6332,,,,,104633200,1046332
Band,band UNIFICADO out dez 2023 jan fev 2024.xls,Relatorio_UBEM,JOGO ABERTO,2023-12-01,,,,ISSO AQUI E O MENGAO,DG FABULLOSO/ GN FABULLOSO/ LEONY FABULLOSO,OS FABULLOSOS,0.0,,104.6332,,,,,104633200,1046332
Band,band UNIFICADO out dez 2023 jan fev 2024.xls,Relatorio_UBEM,JOGO ABERTO,2023-12-01,,,,JOGO ABERTO E MAIS QUE FUTEBOL,LUCIANO KIKAO,LUCIANO KIKAO,0.0,,104.6332,,,,,104633200,1046332
Band,band UNIFICADO out dez 2023 jan fev 2024.xls,Relatorio_UBEM,JOGO ABERTO,2023-12-01,,,,THE FUTURE RAVE,APARECIDO JOAQUIM DE PAULA / LUCIANE GONCALVES CAEIRO,DJ PRODIGIO,0.0,,104.6332,,,,,104633200,1046332
Band,band UNIFICADO out dez 2023 jan fev 2024.xls,Relatorio_UBEM,JOGO ABERTO,2023-12-01,,,,SELF CONTROL,GIANCARLO BIGAZZI / RAFAELE RIEFOLI / STEPHEN VICENT PICCOLO,DJ PRODIGIO,0.0,,104.6332,,,,,104633200,1046332
Band,band UNIFICADO out dez 2023 jan fev 2024.xls,Relatorio_UBEM,JOGO ABERTO,2023-12-01,,,,BABY SHARK,PINKFONG,BABY SHARK,0.0,,104.6332,,,,,104633200,1046332
Band,band UNIFICADO out dez 2023 jan fev 2024.xls,Relatorio_UBEM,JOGO ABERTO,2023-12-01,,,,PEQUENO MAPA DO TEMPO,ANTONIO CARLOS BELCHIOR,BELCHIOR,0.0,,104.6332,,,,,104633200,1046332
Band,band UNIFICADO out dez 2023 jan fev 2024.xls,Relatorio_UBEM,JOGO ABERTO,2023-12-01,,,,GLORIOSO BOTAFOGO,FORMULA INDY,MC COLERINHO,0.0,,104.6332,,,,,104633200,1046332
Band,band UNIFICADO out dez 2023 jan fev 2024.xls,Relatorio_UBEM,JOGO ABERTO,2023-12-01,,,,GLORIOSO BOTAFOGO,FORMULA INDY,MC COLERINHO,0.0,,104.6332,,,,,104633200,1046332
Band,band UNIFICADO out dez 2023 jan fev 2024.xls,Relatorio_UBEM,JOGO ABERTO,2023-12-01,,,,TROPA DO FLU,DIONATAN MARQUES/ EDUARDO MARIN/ EZEQUIEL VIEIRA/ KATY WIN/ ROGERIO FERRARI,MOZA,0.0,,104.6332,,,,,104633200,1046332
Band,band UNIFICADO out dez 2023 jan fev 2024.xls,Relatorio_UBEM,JOGO ABERTO,2023-12-04,,,,SHE WOLF                                          ,SHAKIRA/JOHN GRAHAM HILL/SAMUEL ENDICOTT,SHAKIRA,0.0,,104.6332,,,,,104633200,1046332
Band,band UNIFICADO out dez 2023 jan fev 2024.xls,Relatorio_UBEM,JOGO ABERTO,2023-12-04,,,,CABECINHA NO OMBRO,FAGNER,FAGNER,0.0,,104.6332,,,,,104633200,1046332
Band,band UNIFICADO out dez 2023 jan fev 2024.xls,Relatorio_UBEM,JOGO ABERTO,2023-12-04,,,,VEM NO PASSINHO DO SACI,MC EZ,MC EZ,0.0,,104.6332,,,,,104633200,1046332
Band,band UNIFICADO out dez 2023 jan fev 2024.xls,Relatorio_UBEM,JOGO ABERTO,2023-12-04,,,,VEM NO PASSINHO DO SACI,MC EZ,MC EZ,0.0,,104.6332,,,,,104633200,1046332
Band,band UNIFICADO out dez 2023 jan fev 2024.xls,Relatorio_UBEM,JOGO ABERTO,2023-12-04,,,,PALMEIRAS NAO TEM MAIS RIVAL,JAHMAI,TONINHO / GIDEAO / JAHMAI,0.0,,104.6332,,,,,104633200,1046332
Band,band UNIFICADO out dez 2023 jan fev 2024.xls,Relatorio_UBEM,JOGO ABERTO,2023-12-04,,,,PALMEIRAS NAO TEM MAIS RIVAL,JAHMAI,TONINHO / GIDEAO / JAHMAI,0.0,,104.6332,,,,,104633200,1046332
Band,band UNIFICADO out dez 2023 jan fev 2024.xls,Relatorio_UBEM,JOGO ABERTO,2023-12-04,,,,PALMEIRAS NAO TEM MAIS RIVAL,JAHMAI,TONINHO / GIDEAO / JAHMAI,0.0,,104.6332,,,,,104633200,1046332
Band,band UNIFICADO out dez 2023 jan fev 2024.xls,Relatorio_UBEM,JOGO ABERTO,2023-12-04,,,,VAMOS VAMOS PORCO,DG FABULLOSO/ GN FABULLOSO/ LEONY FABULLOSO,OS FABULLOSOS,0.0,,104.6332,,,,,104633200,1046332
Band,band UNIFICADO out dez 2023 jan fev 2024.xls,Relatorio_UBEM,JOGO ABERTO,2023-12-04,,,,VAMOS VAMOS PORCO,DG FABULLOSO/ GN FABULLOSO/ LEONY FABULLOSO,OS FABULLOSOS,0.0,,104.6332,,,,,104633200,1046332
Band,band UNIFICADO out dez 2023 jan fev 2024.xls,Relatorio_UBEM,JOGO ABERTO,2023-12-04,,,,VAMOS VAMOS PORCO,DG FABULLOSO/ GN FABULLOSO/ LEONY FABULLOSO,OS FABULLOSOS,0.0,,104.6332,,,,,104633200,1046332
Band,band UNIFICADO out dez 2023 jan fev 2024.xls,Relatorio_UBEM,JOGO ABERTO,2023-12-04,,,,GLORIOSO BOTAFOGO,FORMULA INDY,MC COLERINHO,0.0,,104.6332,,,,,104633200,1046332
Band,band UNIFICADO out dez 2023 jan fev 2024.xls,Relatorio_UBEM,JOGO ABERTO,2023-12-04,,,,FUNK DO GALO DOIDO,BLACK JUNIOR,MC TON,0.0,,104.6332,,,,,104633200,1046332
Band,band UNIFICADO out dez 2023 jan fev 2024.xls,Relatorio_UBEM,JOGO ABERTO,2023-12-04,,,,IL SILENZIO,NINI ROSSO,NINI ROSSO,0.0,,104.6332,,,,,104633200,1046332
Band,band UNIFICADO out dez 2023 jan fev 2024.xls,Relatorio_UBEM,JOGO ABERTO,2023-12-04,,,,IL SILENZIO,NINI ROSSO,NINI ROSSO,0.0,,104.6332,,,,,104633200,1046332
Band,band UNIFICADO out dez 2023 jan fev 2024.xls,Relatorio_UBEM,JOGO ABERTO,2023-12-04,,,,IL SILENZIO,NINI ROSSO,NINI ROSSO,0.0,,104.6332,,,,,104633200,1046332
Band,band UNIFICADO out dez 2023 jan fev 2024.xls,Relatorio_UBEM,JOGO ABERTO,2023-12-04,,,,THE FUTURE ,ALOK,DJ PRODIGIO,0.0,,104.6332,,,,,104633200,1046332
Band,band UNIFICADO out dez 2023 jan fev 2024.xls,Relatorio_UBEM,JOGO ABERTO,2023-12-04,,,,JOGO ABERTO E MAIS QUE FUTEBOL,LUCIANO KIKAO,LUCIANO KIKAO,0.0,,104.6332,,,,,104633200,1046332
Band,band UNIFICADO out dez 2023 jan fev 2024.xls,Relatorio_UBEM,JOGO ABERTO,2023-12-04,,,,ISSO AQUI E O MENGAO,DG FABULLOSO/ GN FABULLOSO/ LEONY FABULLOSO,OS FABULLOSOS,0.0,,104.6332,,,,,104633200,1046332
Band,band UNIFICADO out dez 2023 jan fev 2024.xls,Relatorio_UBEM,JOGO ABERTO,2023-12-05,,,,LEVITATING,DUA LIPA/,DUA LIPA,0.0,,104.6332,,,,,104633200,1046332
Band,band UNIFICADO out dez 2023 jan fev 2024.xls,Relatorio_UBEM,JOGO ABERTO,2023-12-05,,,,SHE WOLF                                          ,SHAKIRA/JOHN GRAHAM HILL/SAMUEL ENDICOTT,SHAKIRA,0.0,,104.6332,,,,,104633200,1046332
Band,band UNIFICADO out dez 2023 jan fev 2024.xls,Relatorio_UBEM,JOGO ABERTO,2023-12-05,,,,Dance The Night,DUA LIPA,DUA LIPA,0.0,,104.6332,,,,,104633200,1046332
Band,band UNIFICADO out dez 2023 jan fev 2024.xls,Relatorio_UBEM,JOGO ABERTO,2023-12-05,,,,VAMOS VAMOS PORCO,DG FABULLOSO/ GN FABULLOSO/ LEONY FABULLOSO,OS FABULLOSOS,0.0,,104.6332,,,,,104633200,1046332
Band,band UNIFICADO out dez 2023 jan fev 2024.xls,Relatorio_UBEM,JOGO ABERTO,2023-12-05,,,,GLORIOSO BOTAFOGO,FORMULA INDY,MC COLERINHO,0.0,,104.6332,,,,,104633200,1046332
Band,band UNIFICADO out dez 2023 jan fev 2024.xls,Relatorio_UBEM,JOGO ABERTO,2023-12-05,,,,PASSINHO DO GERMAN CANO,MC JUNINHO CF,MC JUNINHO CF,0.0,,104.6332,,,,,104633200,1046332
Band,band UNIFICADO out dez 2023 jan fev 2024.xls,Relatorio_UBEM,JOGO ABERTO,2023-12-05,,,,PASSINHO DO GERMAN CANO,MC JUNINHO CF,MC JUNINHO CF,0.0,,104.6332,,,,,104633200,1046332
Band,band UNIFICADO out dez 2023 jan fev 2024.xls,Relatorio_UBEM,JOGO ABERTO,2023-12-05,,,,PASSINHO DO GERMAN CANO,MC JUNINHO CF,MC JUNINHO CF,0.0,,104.6332,,,,,104633200,1046332
Band,band UNIFICADO out dez 2023 jan fev 2024.xls,Relatorio_UBEM,JOGO ABERTO,2023-12-05,,,,THE FUTURE RAVE,APARECIDO JOAQUIM DE PAULA / LUCIANE GONCALVES CAEIRO,DJ PRODIGIO,0.0,,104.6332,,,,,104633200,1046332
Band,band UNIFICADO out dez 2023 jan fev 2024.xls,Relatorio_UBEM,JOGO ABERTO,2023-12-06,,,,JOGO ABERTO E MAIS QUE FUTEBOL,LUCIANO KIKAO,LUCIANO KIKAO,0.0,,104.6332,,,,,104633200,1046332
Band,band UNIFICADO out dez 2023 jan fev 2024.xls,Relatorio_UBEM,JOGO ABERTO,2023-12-06,,,,RENATA FAN DANCE,DJ PRODIGIO,GIANCARLO / RAPHAEL,0.0,,104.6332,,,,,104633200,1046332
Band,band UNIFICADO out dez 2023 jan fev 2024.xls,Relatorio_UBEM,JOGO ABERTO,2023-12-06,,,,VEM NO PASSINHO DO SACI,MC EZ,MC EZ,0.0,,104.6332,,,,,104633200,1046332
Band,band UNIFICADO out dez 2023 jan fev 2024.xls,Relatorio_UBEM,JOGO ABERTO,2023-12-06,,,,GLORIOSO BOTAFOGO,FORMULA INDY,MC COLERINHO,0.0,,104.6332,,,,,104633200,1046332
Band,band UNIFICADO out dez 2023 jan fev 2024.xls,Relatorio_UBEM,JOGO ABERTO,2023-12-06,,,,VAMOS VAMOS PORCO,DG FABULLOSO/ GN FABULLOSO/ LEONY FABULLOSO,OS FABULLOSOS,0.0,,104.6332,,,,,104633200,1046332
Band,band UNIFICADO out dez 2023 jan fev 2024.xls,Relatorio_UBEM,JOGO ABERTO,2023-12-06,,,,THE FUTURE RAVE,APARECIDO JOAQUIM DE PAULA / LUCIANE GONCALVES CAEIRO,DJ PRODIGIO,0.0,,104.6332,,,,,104633200,1046332
Band,band UNIFICADO out dez 2023 jan fev 2024.xls,Relatorio_UBEM,JOGO ABERTO,2023-12-06,,,,NEM AS PAREDES CONFESSO,AMALIA AT THE PARIS OLYMPI,AMALIA RODRIGUES,0.0,,104.6332,,,,,104633200,1046332
Band,band UNIFICADO out dez 2023 jan fev 2024.xls,Relatorio_UBEM,JOGO ABERTO,2023-12-07,,,,RENATA FAN DANCE,DJ PRODIGIO,GIANCARLO / RAPHAEL,0.0,,104.6332,,,,,104633200,1046332
Band,band UNIFICADO out dez 2023 jan fev 2024.xls,Relatorio_UBEM,JOGO ABERTO,2023-12-07,,,,VAMOS VAMOS PORCO,DG FABULLOSO/ GN FABULLOSO/ LEONY FABULLOSO,OS FABULLOSOS,0.0,,104.6332,,,,,104633200,1046332
Band,band UNIFICADO out dez 2023 jan fev 2024.xls,Relatorio_UBEM,JOGO ABERTO,2023-12-07,,,,SELF CONTROL,GIANCARLO BIGAZZI / RAFAELE RIEFOLI / STEPHEN VICENT PICCOLO,DJ PRODIGIO,0.0,,104.6332,,,,,104633200,1046332
Band,band UNIFICADO out dez 2023 jan fev 2024.xls,Relatorio_UBEM,JOGO ABERTO,2023-12-07,,,,SOMOS FIEIS ATE MORRER,DHEMA,DHEMA / ERNESTO TEIXEIRA,0.0,,104.6332,,,,,104633200,1046332
Band,band UNIFICADO out dez 2023 jan fev 2024.xls,Relatorio_UBEM,JOGO ABERTO,2023-12-07,,,,WE ARE THE CHAMPIONS,FREDDIE MERCURY,QUEEN EXPERIENCE,0.0,,104.6332,,,,,104633200,1046332
Band,band UNIFICADO out dez 2023 jan fev 2024.xls,Relatorio_UBEM,JOGO ABERTO,2023-12-07,,,,GLORIOSO BOTAFOGO,FORMULA INDY,MC COLERINHO,0.0,,104.6332,,,,,104633200,1046332
Band,band UNIFICADO out dez 2023 jan fev 2024.xls,Relatorio_UBEM,JOGO ABERTO,2023-12-08,,,,SEVEN NATION ARMY,THE WHITE STRIPES,THE CONCERT,0.0,,104.6332,,,,,104633200,1046332
Band,band UNIFICADO out dez 2023 jan fev 2024.xls,Relatorio_UBEM,JOGO ABERTO,2023-12-08,,,,RENATA FAN DANCE,DJ PRODIGIO,GIANCARLO / RAPHAEL,0.0,,104.6332,,,,,104633200,1046332
Band,band UNIFICADO out dez 2023 jan fev 2024.xls,Relatorio_UBEM,JOGO ABERTO,2023-12-08,,,,NEM AS PAREDES CONFESSO,AMALIA AT THE PARIS OLYMPI,AMALIA RODRIGUES,0.0,,104.6332,,,,,104633200,1046332
Band,band UNIFICADO out dez 2023 jan fev 2024.xls,Relatorio_UBEM,JOGO ABERTO,2023-12-08,,,,ISSO AQUI E O MENGAO,DG FABULLOSO/ GN FABULLOSO/ LEONY FABULLOSO,OS FABULLOSOS,0.0,,104.6332,,,,,104633200,1046332
Band,band UNIFICADO out dez 2023 jan fev 2024.xls,Relatorio_UBEM,JOGO ABERTO,2023-12-08,,,,SER FLAMENGO E MUITO BOM,OS FABULLOSOS,OS FABULLOSOS,0.0,,104.6332,,,,,104633200,1046332
Band,band UNIFICADO out dez 2023 jan fev 2024.xls,Relatorio_UBEM,JOGO ABERTO,2023-12-08,,,,FLAMENGO MALVADAO,JOKER BEATS / DJ DUDU COUPPER,MC KORINGA,0.0,,104.6332,,,,,104633200,1046332
Band,band UNIFICADO out dez 2023 jan fev 2024.xls,Relatorio_UBEM,JOGO ABERTO,2023-12-08,,,,HOT SUMMER NIGHT,DJ PRODIGIO,DJ PRODIGIO,0.0,,104.6332,,,,,104633200,1046332
Band,band UNIFICADO out dez 2023 jan fev 2024.xls,Relatorio_UBEM,JOGO ABERTO,2023-12-11,,,,RENATA FAN DANCE,DJ PRODIGIO,GIANCARLO / RAPHAEL,0.0,,104.6332,,,,,104633200,1046332
Band,band UNIFICADO out dez 2023 jan fev 2024.xls,Relatorio_UBEM,JOGO ABERTO,2023-12-11,,,,THE FUTURE ,ALOK,DJ PRODIGIO,0.0,,104.6332,,,,,104633200,1046332
Band,band UNIFICADO out dez 2023 jan fev 2024.xls,Relatorio_UBEM,JOGO ABERTO,2023-12-11,,,,HOT SUMMER NIGHT,DJ PRODIGIO,DJ PRODIGIO,0.0,,104.6332,,,,,104633200,1046332
Band,band UNIFICADO out dez 2023 jan fev 2024.xls,Relatorio_UBEM,JOGO ABERTO,2023-12-11,,,,SOMOS FIEIS ATE MORRER,DHEMA,DHEMA / ERNESTO TEIXEIRA,0.0,,104.6332,,,,,104633200,1046332
Band,band UNIFICADO out dez 2023 jan fev 2024.xls,Relatorio_UBEM,JOGO ABERTO,2023-12-11,,,,TROPA DO FLU,DIONATAN MARQUES/ EDUARDO MARIN/ EZEQUIEL VIEIRA/ KATY WIN/ ROGERIO FERRARI,MOZA,0.0,,104.6332,,,,,104633200,1046332
Band,band UNIFICADO out dez 2023 jan fev 2024.xls,Relatorio_UBEM,JOGO ABERTO,2023-12-11,,,,GLORIOSO BOTAFOGO,FORMULA INDY,MC COLERINHO,0.0,,104.6332,,,,,104633200,1046332
Band,band UNIFICADO out dez 2023 jan fev 2024.xls,Relatorio_UBEM,JOGO ABERTO,2023-12-11,,,,SER FLAMENGO E MUITO BOM,OS FABULLOSOS,OS FABULLOSOS,0.0,,104.6332,,,,,104633200,1046332
Band,band UNIFICADO out dez 2023 jan fev 2024.xls,Relatorio_UBEM,JOGO ABERTO,2023-12-12,,,,SEVEN NATION ARMY,THE WHITE STRIPES,THE CONCERT,0.0,,104.6332,,,,,104633200,1046332
Band,band UNIFICADO out dez 2023 jan fev 2024.xls,Relatorio_UBEM,JOGO ABERTO,2023-12-12,,,,THE FUTURE RAVE,APARECIDO JOAQUIM DE PAULA / LUCIANE GONCALVES CAEIRO,DJ PRODIGIO,0.0,,104.6332,,,,,104633200,1046332
Band,band UNIFICADO out dez 2023 jan fev 2024.xls,Relatorio_UBEM,JOGO ABERTO,2023-12-12,,,,BABY I M THE CAT TECHNO,DJ PRODIGIO,DJ PRODIGIO,0.0,,104.6332,,,,,104633200,1046332
Band,band UNIFICADO out dez 2023 jan fev 2024.xls,Relatorio_UBEM,JOGO ABERTO,2023-12-12,,,,HOT SUMMER NIGHT,DJ PRODIGIO,DJ PRODIGIO,0.0,,104.6332,,,,,104633200,1046332
Band,band UNIFICADO out dez 2023 jan fev 2024.xls,Relatorio_UBEM,JOGO ABERTO,2023-12-12,,,,PALMEIRAS NAO TEM MAIS RIVAL,JAHMAI,TONINHO / GIDEAO / JAHMAI,0.0,,104.6332,,,,,104633200,1046332
Band,band UNIFICADO out dez 2023 jan fev 2024.xls,Relatorio_UBEM,JOGO ABERTO,2023-12-12,,,,VAMOS VAMOS PORCO,DG FABULLOSO/ GN FABULLOSO/ LEONY FABULLOSO,OS FABULLOSOS,0.0,,104.6332,,,,,104633200,1046332
Band,band UNIFICADO out dez 2023 jan fev 2024.xls,Relatorio_UBEM,JOGO ABERTO,2023-12-12,,,,SER FLAMENGO E MUITO BOM,OS FABULLOSOS,OS FABULLOSOS,0.0,,104.6332,,,,,104633200,1046332
Band,band UNIFICADO out dez 2023 jan fev 2024.xls,Relatorio_UBEM,JOGO ABERTO,2023-12-13,,,,SEVEN NATION ARMY,THE WHITE STRIPES,THE CONCERT,0.0,,104.6332,,,,,104633200,1046332
Band,band UNIFICADO out dez 2023 jan fev 2024.xls,Relatorio_UBEM,JOGO ABERTO,2023-12-13,,,,RENATA FAN DANCE,DJ PRODIGIO,GIANCARLO / RAPHAEL,0.0,,104.6332,,,,,104633200,1046332
Band,band UNIFICADO out dez 2023 jan fev 2024.xls,Relatorio_UBEM,JOGO ABERTO,2023-12-13,,,,TROPA DO FLU,DIONATAN MARQUES/ EDUARDO MARIN/ EZEQUIEL VIEIRA/ KATY WIN/ ROGERIO FERRARI,MOZA,0.0,,104.6332,,,,,104633200,1046332
Band,band UNIFICADO out dez 2023 jan fev 2024.xls,Relatorio_UBEM,JOGO ABERTO,2023-12-13,,,,VAMOS VAMOS PORCO,DG FABULLOSO/ GN FABULLOSO/ LEONY FABULLOSO,OS FABULLOSOS,0.0,,104.6332,,,,,104633200,1046332
Band,band UNIFICADO out dez 2023 jan fev 2024.xls,Relatorio_UBEM,JOGO ABERTO,2023-12-14,,,,THE FUTURE RAVE,APARECIDO JOAQUIM DE PAULA / LUCIANE GONCALVES CAEIRO,DJ PRODIGIO,0.0,,104.6332,,,,,104633200,1046332
Band,band UNIFICADO out dez 2023 jan fev 2024.xls,Relatorio_UBEM,JOGO ABERTO,2023-12-14,,,,Dance The Night,DUA LIPA,DUA LIPA,0.0,,104.6332,,,,,104633200,1046332
Band,band UNIFICADO out dez 2023 jan fev 2024.xls,Relatorio_UBEM,JOGO ABERTO,2023-12-14,,,,DERE,ADEMIR FOGAÇA,BELO                    ,0.0,,104.6332,,,,,104633200,1046332
Band,band UNIFICADO out dez 2023 jan fev 2024.xls,Relatorio_UBEM,JOGO ABERTO,2023-12-14,,,,ISSO AQUI E O MENGAO,DG FABULLOSO/ GN FABULLOSO/ LEONY FABULLOSO,OS FABULLOSOS,0.0,,104.6332,,,,,104633200,1046332
Band,band UNIFICADO out dez 2023 jan fev 2024.xls,Relatorio_UBEM,JOGO ABERTO,2023-12-14,,,,SEVEN NATION ARMY,THE WHITE STRIPES,THE CONCERT,0.0,,104.6332,,,,,104633200,1046332
Band,band UNIFICADO out dez 2023 jan fev 2024.xls,Relatorio_UBEM,JOGO ABERTO,2023-12-15,,,,RENATA FAN DANCE,DJ PRODIGIO,GIANCARLO / RAPHAEL,0.0,,104.6332,,,,,104633200,1046332
Band,band UNIFICADO out dez 2023 jan fev 2024.xls,Relatorio_UBEM,JOGO ABERTO,2023-12-15,,,,SEVEN NATION ARMY,THE WHITE STRIPES,THE CONCERT,0.0,,104.6332,,,,,104633200,1046332
Band,band UNIFICADO out dez 2023 jan fev 2024.xls,Relatorio_UBEM,JOGO ABERTO,2023-12-15,,,,MONOTONIA,SHAKIRA ISABEL MEBARAK RIPOLL / JAN CARLOS OZUNA ROSADO / KEVYN MAURICIO CRUZ MORENO / SERGIO ROBLEDO ARANGO / ALEJANDRO ROBLEDO VALENCIA / CRISTIAN CAMILO ALVAREZ,OZUMA / SHAKIRA,0.0,,104.6332,,,,,104633200,1046332
Band,band UNIFICADO out dez 2023 jan fev 2024.xls,Relatorio_UBEM,JOGO ABERTO,2023-12-15,,,,SER FLAMENGO E MUITO BOM,OS FABULLOSOS,OS FABULLOSOS,0.0,,104.6332,,,,,104633200,1046332
Band,band UNIFICADO out dez 2023 jan fev 2024.xls,Relatorio_UBEM,JOGO ABERTO,2023-12-15,,,,OJOS ASI                                          ,SHAKIRA / PABLO FLORES / JAVIER GARZA,JUJU SCARLET,0.0,,104.6332,,,,,104633200,1046332
Band,band UNIFICADO out dez 2023 jan fev 2024.xls,Relatorio_UBEM,JOGO ABERTO,2023-12-15,,,,SE NAO FOSSE TEU AMOR,ANTONIO CARLOS DE FREITAS JUNIOR,JUNINHO BLACK,0.0,,104.6332,,,,,104633200,1046332
Band,band UNIFICADO out dez 2023 jan fev 2024.xls,Relatorio_UBEM,JOGO ABERTO,2023-12-15,,,,PALMEIRAS NAO TEM MAIS RIVAL,JAHMAI,TONINHO / GIDEAO / JAHMAI,0.0,,104.6332,,,,,104633200,1046332
Band,band UNIFICADO out dez 2023 jan fev 2024.xls,Relatorio_UBEM,JOGO ABERTO,2023-12-18,,,,RENATA FAN DANCE,DJ PRODIGIO,GIANCARLO / RAPHAEL,0.0,,104.6332,,,,,104633200,1046332
Band,band UNIFICADO out dez 2023 jan fev 2024.xls,Relatorio_UBEM,JOGO ABERTO,2023-12-18,,,,SEVEN NATION ARMY,THE WHITE STRIPES,THE CONCERT,0.0,,104.6332,,,,,104633200,1046332
Band,band UNIFICADO out dez 2023 jan fev 2024.xls,Relatorio_UBEM,JOGO ABERTO,2023-12-18,,,,SEVEN NATION ARMY,THE WHITE STRIPES,THE CONCERT,0.0,,104.6332,,,,,104633200,1046332
Band,band UNIFICADO out dez 2023 jan fev 2024.xls,Relatorio_UBEM,JOGO ABERTO,2023-12-18,,,,HOT SUMMER NIGHT,DJ PRODIGIO,DJ PRODIGIO,0.0,,104.6332,,,,,104633200,1046332
Band,band UNIFICADO out dez 2023 jan fev 2024.xls,Relatorio_UBEM,JOGO ABERTO,2023-12-18,,,,TROPA DO FLU,DIONATAN MARQUES/ EDUARDO MARIN/ EZEQUIEL VIEIRA/ KATY WIN/ ROGERIO FERRARI,MOZA,0.0,,104.6332,,,,,104633200,1046332
Band,band UNIFICADO out dez 2023 jan fev 2024.xls,Relatorio_UBEM,JOGO ABERTO,2023-12-18,,,,SE NAO FOSSE TEU AMOR,ANTONIO CARLOS DE FREITAS JUNIOR,JUNINHO BLACK,0.0,,104.6332,,,,,104633200,1046332
Band,band UNIFICADO out dez 2023 jan fev 2024.xls,Relatorio_UBEM,JOGO ABERTO,2023-12-18,,,,SHE WOLF                                          ,SHAKIRA/JOHN GRAHAM HILL/SAMUEL ENDICOTT,SHAKIRA/JOHN HILL/ FREESHLYGROUND/ GOLDEN SOUNDS,0.0,,104.6332,,,,,104633200,1046332
Band,band UNIFICADO out dez 2023 jan fev 2024.xls,Relatorio_UBEM,JOGO ABERTO,2023-12-19,,,,RENATA FAN DANCE,DJ PRODIGIO,GIANCARLO / RAPHAEL,0.0,,104.6332,,,,,104633200,1046332
Band,band UNIFICADO out dez 2023 jan fev 2024.xls,Relatorio_UBEM,JOGO ABERTO,2023-12-19,,,,SEVEN NATION ARMY,THE WHITE STRIPES,THE CONCERT,0.0,,104.6332,,,,,104633200,1046332
Band,band UNIFICADO out dez 2023 jan fev 2024.xls,Relatorio_UBEM,JOGO ABERTO,2023-12-19,,,,TA OK,KEVIN O CHRIS,DENNIS DJ,0.0,,104.6332,,,,,104633200,1046332
Band,band UNIFICADO out dez 2023 jan fev 2024.xls,Relatorio_UBEM,JOGO ABERTO,2023-12-19,,,,TA OK,KEVIN O CHRIS,DENNIS DJ,0.0,,104.6332,,,,,104633200,1046332
Band,band UNIFICADO out dez 2023 jan fev 2024.xls,Relatorio_UBEM,JOGO ABERTO,2023-12-19,,,,TROPA DO FLU,DIONATAN MARQUES/ EDUARDO MARIN/ EZEQUIEL VIEIRA/ KATY WIN/ ROGERIO FERRARI,MOZA,0.0,,104.6332,,,,,104633200,1046332
Band,band UNIFICADO out dez 2023 jan fev 2024.xls,Relatorio_UBEM,JOGO ABERTO,2023-12-19,,,,TROPA DO FLU,DIONATAN MARQUES/ EDUARDO MARIN/ EZEQUIEL VIEIRA/ KATY WIN/ ROGERIO FERRARI,MOZA,0.0,,104.6332,,,,,104633200,1046332
Band,band UNIFICADO out dez 2023 jan fev 2024.xls,Relatorio_UBEM,JOGO ABERTO,2023-12-19,,,,VAMOS VAMOS PORCO,DG FABULLOSO/ GN FABULLOSO/ LEONY FABULLOSO,OS FABULLOSOS,0.0,,104.6332,,,,,104633200,1046332
Band,band UNIFICADO out dez 2023 jan fev 2024.xls,Relatorio_UBEM,JOGO ABERTO,2023-12-19,,,,HOT SUMMER NIGHT,DJ PRODIGIO,DJ PRODIGIO,0.0,,104.6332,,,,,104633200,1046332
Band,band UNIFICADO out dez 2023 jan fev 2024.xls,Relatorio_UBEM,JOGO ABERTO,2023-12-20,,,,RENATA FAN DANCE,DJ PRODIGIO,GIANCARLO / RAPHAEL,0.0,,104.6332,,,,,104633200,1046332
Band,band UNIFICADO out dez 2023 jan fev 2024.xls,Relatorio_UBEM,JOGO ABERTO,2023-12-20,,,,SEVEN NATION ARMY,THE WHITE STRIPES,THE CONCERT,0.0,,104.6332,,,,,104633200,1046332
Band,band UNIFICADO out dez 2023 jan fev 2024.xls,Relatorio_UBEM,JOGO ABERTO,2023-12-20,,,,Carnavalito,LOS TROPÍCOS,LOS TROPICOS,0.0,,104.6332,,,,,104633200,1046332
Band,band UNIFICADO out dez 2023 jan fev 2024.xls,Relatorio_UBEM,JOGO ABERTO,2023-12-20,,,,HOT SUMMER NIGHT,DJ PRODIGIO,DJ PRODIGIO,0.0,,104.6332,,,,,104633200,1046332
Band,band UNIFICADO out dez 2023 jan fev 2024.xls,Relatorio_UBEM,JOGO ABERTO,2023-12-20,,,,SONHAR NÃO CUSTA NADA,DICO DA VIOLA/MOLEQUE SILVEIRA/PMOCIDADE,DUDU NOBRE,0.0,,104.6332,,,,,104633200,1046332
Band,band UNIFICADO out dez 2023 jan fev 2024.xls,Relatorio_UBEM,JOGO ABERTO,2023-12-20,,,,TROPA DO FLU,DIONATAN MARQUES/ EDUARDO MARIN/ EZEQUIEL VIEIRA/ KATY WIN/ ROGERIO FERRARI,MOZA,0.0,,104.6332,,,,,104633200,1046332
Band,band UNIFICADO out dez 2023 jan fev 2024.xls,Relatorio_UBEM,JOGO ABERTO,2023-12-20,,,,PALMEIRAS NAO TEM MAIS RIVAL,JAHMAI,TONINHO / GIDEAO / JAHMAI,0.0,,104.6332,,,,,104633200,1046332
Band,band UNIFICADO out dez 2023 jan fev 2024.xls,Relatorio_UBEM,JOGO ABERTO,2023-12-20,,,,HOT SUMMER NIGHT,DJ PRODIGIO,DJ PRODIGIO,0.0,,104.6332,,,,,104633200,1046332
Band,band UNIFICADO out dez 2023 jan fev 2024.xls,Relatorio_UBEM,JOGO ABERTO,2023-12-20,,,,BABY I M THE CAT TECHNO,DJ PRODIGIO,DJ PRODIGIO,0.0,,104.6332,,,,,104633200,1046332
Band,band UNIFICADO out dez 2023 jan fev 2024.xls,Relatorio_UBEM,JOGO ABERTO,2023-12-21,,,,SEVEN NATION ARMY,THE WHITE STRIPES,THE CONCERT,0.0,,104.6332,,,,,104633200,1046332
Band,band UNIFICADO out dez 2023 jan fev 2024.xls,Relatorio_UBEM,JOGO ABERTO,2023-12-21,,,,BABY I M THE CAT TECHNO,DJ PRODIGIO,DJ PRODIGIO,0.0,,104.6332,,,,,104633200,1046332
Band,band UNIFICADO out dez 2023 jan fev 2024.xls,Relatorio_UBEM,JOGO ABERTO,2023-12-21,,,,HOT SUMMER NIGHT,DJ PRODIGIO,DJ PRODIGIO,0.0,,104.6332,,,,,104633200,1046332
Band,band UNIFICADO out dez 2023 jan fev 2024.xls,Relatorio_UBEM,JOGO ABERTO,2023-12-21,,,,RENATA FAN DANCE,DJ PRODIGIO,GIANCARLO / RAPHAEL,0.0,,104.6332,,,,,104633200,1046332
Band,band UNIFICADO out dez 2023 jan fev 2024.xls,Relatorio_UBEM,JOGO ABERTO,2023-12-22,,,,RENATA FAN DANCE,DJ PRODIGIO,GIANCARLO / RAPHAEL,0.0,,104.6332,,,,,104633200,1046332
Band,band UNIFICADO out dez 2023 jan fev 2024.xls,Relatorio_UBEM,JOGO ABERTO,2023-12-22,,,,SEVEN NATION ARMY,THE WHITE STRIPES,THE CONCERT,0.0,,104.6332,,,,,104633200,1046332
Band,band UNIFICADO out dez 2023 jan fev 2024.xls,Relatorio_UBEM,JOGO ABERTO,2023-12-22,,,,HOT SUMMER NIGHT,DJ PRODIGIO,DJ PRODIGIO,0.0,,104.6332,,,,,104633200,1046332
Band,band UNIFICADO out dez 2023 jan fev 2024.xls,Relatorio_UBEM,JOGO ABERTO,2023-12-22,,,,BABY I M THE CAT TECHNO,DJ PRODIGIO,DJ PRODIGIO,0.0,,104.6332,,,,,104633200,1046332
Band,band UNIFICADO out dez 2023 jan fev 2024.xls,Relatorio_UBEM,JOGO ABERTO,2023-12-22,,,,TROPA DO FLU,DIONATAN MARQUES/ EDUARDO MARIN/ EZEQUIEL VIEIRA/ KATY WIN/ ROGERIO FERRARI,MOZA,0.0,,104.6332,,,,,104633200,1046332
Band,band UNIFICADO out dez 2023 jan fev 2024.xls,Relatorio_UBEM,JOGO ABERTO,2023-12-22,,,,NEM AS PAREDES CONFESSO,AMALIA AT THE PARIS OLYMPI,AMALIA RODRIGUES,0.0,,104.6332,,,,,104633200,1046332
Band,band UNIFICADO out dez 2023 jan fev 2024.xls,Relatorio_UBEM,JOGO ABERTO,2023-12-22,,,,SER FLAMENGO E MUITO BOM,OS FABULLOSOS,OS FABULLOSOS,0.0,,104.6332,,,,,104633200,1046332
Band,band UNIFICADO out dez 2023 jan fev 2024.xls,Relatorio_UBEM,JOGO ABERTO,2023-12-25,,,,ROCKIN AROUND THE CHRISTMAS TREE,BRENDA LEE,BRENDA LEE,0.0,,104.6332,,,,,104633200,1046332
Band,band UNIFICADO out dez 2023 jan fev 2024.xls,Relatorio_UBEM,JOGO ABERTO,2023-12-25,,,,ENTÃO É NATAL,CLAUDIO FERREIRA RABELLO / JOHN WINSTON LENNON / YOKO ONO,SIMONE /,0.0,,104.6332,,,,,104633200,1046332
Band,band UNIFICADO out dez 2023 jan fev 2024.xls,Relatorio_UBEM,JOGO ABERTO,2023-12-25,,,,HAPPY XMAS/WAR IS OVER,DANYSHORT,CELINE DION,0.0,,104.6332,,,,,104633200,1046332
Band,band UNIFICADO out dez 2023 jan fev 2024.xls,Relatorio_UBEM,JOGO ABERTO,2023-12-25,,,,WE WISH YOU A MERRY CHRISTMAS,ART HARRIS,GLENN MILLER,0.0,,104.6332,,,,,104633200,1046332
Band,band UNIFICADO out dez 2023 jan fev 2024.xls,Relatorio_UBEM,JOGO ABERTO,2023-12-25,,,,SEVEN NATION AMY,THE WHITE STRIPES,THE CONCERT,0.0,,104.6332,,,,,104633200,1046332
Band,band UNIFICADO out dez 2023 jan fev 2024.xls,Relatorio_UBEM,JOGO ABERTO,2023-12-26,,,,MONOTONIA,SHAKIRA ISABEL MEBARAK RIPOLL / JAN CARLOS OZUNA ROSADO / KEVYN MAURICIO CRUZ MORENO / SERGIO ROBLEDO ARANGO / ALEJANDRO ROBLEDO VALENCIA / CRISTIAN CAMILO ALVAREZ,Ozuna,0.0,,104.6332,,,,,104633200,1046332
Band,band UNIFICADO out dez 2023 jan fev 2024.xls,Relatorio_UBEM,JOGO ABERTO,2023-12-26,,,,HOT SUMMER NIGHT,DJ PRODIGIO,DJ PRODIGIO,0.0,,104.6332,,,,,104633200,1046332
Band,band UNIFICADO out dez 2023 jan fev 2024.xls,Relatorio_UBEM,JOGO ABERTO,2023-12-26,,,,DEBAIXO DO MEU CHAPEU,ZECA PAGODINHO,ZECA PAGODINHO,0.0,,104.6332,,,,,104633200,1046332
Band,band UNIFICADO out dez 2023 jan fev 2024.xls,Relatorio_UBEM,MELHOR DA TARDE,2023-12-06,,,,ERRO GOSTOSO,DE ANGELO / EDSON GARCIA / ELIABE GALDINO DA COSTA / FELIPE MARINS / FLAVINHO DO KADET / LUCAS SOUZA,SIMONE MENDES,0.0,,104.6332,,,,,104633200,1046332
Band,band UNIFICADO out dez 2023 jan fev 2024.xls,Relatorio_UBEM,MELHOR DA TARDE,2023-12-11,,,,E O AMOR,ZEZE DE CAMARGO E LUCIANO,ZEZE DI CAMARGO E LUCIANO,0.0,,104.6332,,,,,104633200,1046332
Band,band UNIFICADO out dez 2023 jan fev 2024.xls,Relatorio_UBEM,MELHOR DA TARDE,2023-12-14,,,,ALL I WANT FOR CHRISTMAS IS YOU,MARIAH CAREY / ELLIS WILLIAMS / WALTER AFANASIEFF / ROBERT ALLEN / RALF HUETTER / JOHN ROBIE / EMIL SCHULT / ARTHUR BAKER / AFRIKA BAMBAATAA / AASIM BEY BAMBAATAA,MARIAH CAREY,0.0,,104.6332,,,,,104633200,1046332
Band,band UNIFICADO out dez 2023 jan fev 2024.xls,Relatorio_UBEM,MELHOR DA TARDE,2023-12-14,,,,ENTAO E NATAL,JOHN LENNON / YOKO ONO,SIMONE,0.0,,104.6332,,,,,104633200,1046332
Band,band UNIFICADO out dez 2023 jan fev 2024.xls,Relatorio_UBEM,MELHOR DA TARDE,2023-12-14,,,,ENTAO E NATAL,JOHN LENNON / YOKO ONO,SIMONE,0.0,,104.6332,,,,,104633200,1046332
Band,band UNIFICADO out dez 2023 jan fev 2024.xls,Relatorio_UBEM,MELHOR DA TARDE,2023-12-15,,,,ALL I WANT FOR CHRISTMAS IS YOU,MARIAH CAREY / ELLIS WILLIAMS / WALTER AFANASIEFF / ROBERT ALLEN / RALF HUETTER / JOHN ROBIE / EMIL SCHULT / ARTHUR BAKER / AFRIKA BAMBAATAA / AASIM BEY BAMBAATAA,MARIAH CAREY,0.0,,104.6332,,,,,104633200,1046332
Band,band UNIFICADO out dez 2023 jan fev 2024.xls,Relatorio_UBEM,MELHOR DA TARDE,2023-12-18,,,,ERRO GOSTOSO,DE ANGELO / EDSON GARCIA / ELIABE GALDINO DA COSTA / FELIPE MARINS / FLAVINHO DO KADET / LUCAS SOUZA,SIMONE MENDES,1494.76,,1599.3932,,,,,1599393200,15993932
Band,band UNIFICADO out dez 2023 jan fev 2024.xls,Relatorio_UBEM,MELHOR DA TARDE,2023-12-18,,,,AMNESIA DO BEIJO,DE ANGELO / EDSON GARCIA / ELIABE GALDINO DA COSTA / FELIPE MARINS / FLAVINHO DO KADET / LUCAS SOUZA,SIMONE MENDES,1494.76,,1599.3932,,,,,1599393200,15993932
Band,band UNIFICADO out dez 2023 jan fev 2024.xls,Relatorio_UBEM,PROGRAMA DO JOÂO,2023-12-02,,,,POSSO ATE ME APAIXONAR,DUDU NOBRE/LILY NOBRE,DUDU NOBRE,747.38,,799.69,,,,,79969,800
Band,band UNIFICADO out dez 2023 jan fev 2024.xls,Relatorio_UBEM,PROGRAMA DO JOÂO,2023-12-02,,,,TEMPO DE DON DON,NEI LOPES,DUDU NOBRE,747.38,,799.69,,,,,79969,800
Band,band UNIFICADO out dez 2023 jan fev 2024.xls,Relatorio_UBEM,PROGRAMA DO JOÂO,2023-12-02,,,,GOIABADA CASCÃO                                   ,WILSON MOREIRA/NEI LOPES,DUDU NOBRE,747.38,,799.69,,,,,79969,800
Band,band UNIFICADO out dez 2023 jan fev 2024.xls,Relatorio_UBEM,PROGRAMA DO JOÂO,2023-12-02,,,,O SHOW TEM QUE CONTINUAR,ARLINDO CRUZ / SOMBRINHA/ LUIZ CARLOS DA VILA,DUDU NOBRE / EDILSON CAPETINHA,747.38,,799.69,,,,,79969,800
Band,band UNIFICADO out dez 2023 jan fev 2024.xls,Relatorio_UBEM,PROGRAMA DO JOÂO,2023-12-02,,,,DESAFIO,XANDY / DULLER / FABIO ALCANTARA / TONHO COPQUE,DUDU NOBRE / EDILSON CAPETINHA,747.38,,799.69,,,,,79969,800
Band,band UNIFICADO out dez 2023 jan fev 2024.xls,Relatorio_UBEM,PROGRAMA DO JOÂO,2023-12-02,,,,VERDADE                                           ,NELSON RUFINO / CARLINHOS SANTANA,DUDU NOBRE / EDILSON CAPETINHA,747.38,,799.69,,,,,79969,800
Band,band UNIFICADO out dez 2023 jan fev 2024.xls,Relatorio_UBEM,PROGRAMA DO JOÂO,2023-12-02,,,,DANÇA DO BOLE BOLE,JOÃO ROBERTO KELLY,DUDU NOBRE / EDILSON CAPETINHA,747.38,,799.69,,,,,79969,800
Band,band UNIFICADO out dez 2023 jan fev 2024.xls,Relatorio_UBEM,PROGRAMA DO JOÂO,2023-12-02,,,,TA ESCRITO,XANDE DE PILARES/GILSON BERNINI/CARLINHOS MADUREIRA,DUDU NOBRE / EDILSON CAPETINHA,747.38,,799.69,,,,,79969,800
Band,band UNIFICADO out dez 2023 jan fev 2024.xls,Relatorio_UBEM,PROGRAMA DO JOÂO,2023-12-02,,,,A GRANDE FAMÍLIA, DITO / TOM,DUDU NOBRE,747.38,,799.69,,,,,79969,800
Band,band UNIFICADO out dez 2023 jan fev 2024.xls,Relatorio_UBEM,PROGRAMA DO JOÂO,2023-12-02,,,,"NO MEXE MEXE, NO BOLE BOLE                        ",DUDU NOBRE,DUDU NOBRE,747.38,,799.69,,,,,79969,800
Band,band UNIFICADO out dez 2023 jan fev 2024.xls,Relatorio_UBEM,PROGRAMA DO JOÂO,2023-12-02,,,,MORENA,DIEGO NICOLAU / FRED CAMACHO / JOAO EDUARDO DE SALLES NOBRE,DUDU NOBRE,747.38,,799.69,,,,,79969,800
Band,band UNIFICADO out dez 2023 jan fev 2024.xls,Relatorio_UBEM,PROGRAMA DO JOÂO,2023-12-02,,,,E HOJE EU SEI,DIDI/ MESTRINHO,DUDU NOBRE,747.38,,799.69,,,,,79969,800
Band,band UNIFICADO out dez 2023 jan fev 2024.xls,Relatorio_UBEM,PROGRAMA DO JOÂO,2023-12-09,,,,FESTA NO APE,DAN BALAN / DALMO SOARES BELOTI / ROBERTO SOUZA / LATINO,LATINO                             ,747.38,,799.69,,,,,79969,800
Band,band UNIFICADO out dez 2023 jan fev 2024.xls,Relatorio_UBEM,PROGRAMA DO JOÂO,2023-12-09,,,,DANCIN DAYS,NELSON MOTTA/RUBAN,LATINO                             ,747.38,,799.69,,,,,79969,800
Band,band UNIFICADO out dez 2023 jan fev 2024.xls,Relatorio_UBEM,PROGRAMA DO JOÂO,2023-12-09,,,,FESTA NO APÊ,DAN BALAN / LATINO / DALMO BELOTI,LATINO                             ,747.38,,799.69,,,,,79969,800
Band,band UNIFICADO out dez 2023 jan fev 2024.xls,Relatorio_UBEM,PROGRAMA DO JOÂO,2023-12-09,,,,DANÇA KUDURO,DON OMAR / FABRICE TOIGO / PHILIPPE OLIVEIRA / FAOUZI BARKATI / DADDY KALL / BIG ALI,LATINO                             ,747.38,,799.69,,,,,79969,800
Band,band UNIFICADO out dez 2023 jan fev 2024.xls,Relatorio_UBEM,PROGRAMA DO JOÂO,2023-12-09,,,,SONHO IMPOSSIVEL,JOSEPH JOE DARION / MITCH LEIGH,MARIA BETHANIA,1494.76,,1599.3932,,,,,1599393200,15993932
Band,band UNIFICADO out dez 2023 jan fev 2024.xls,Relatorio_UBEM,PROGRAMA DO JOÂO,2023-12-09,,,,MENINA MANDONA,DOUGLAS NOBRE,KAYSAR / DOUGLAS NOBRE,747.38,,799.69,,,,,79969,800
Band,band UNIFICADO out dez 2023 jan fev 2024.xls,Relatorio_UBEM,PROGRAMA DO JOÂO,2023-12-09,,,,RECEBA,JUAN LABARCA / ROBERTO ROCHA,LATINO,747.38,,799.69,,,,,79969,800
Band,band UNIFICADO out dez 2023 jan fev 2024.xls,Relatorio_UBEM,PROGRAMA DO JOÂO,2023-12-09,,,,LADRAO DE AZAR,CRISTOPHER CLARK / FERNANDO LEONEL PRADO / MARCOS PAULO,SERIAL FUNKERS / VINNI NALLON,1494.76,,1599.3932,,,,,1599393200,15993932
Band,band UNIFICADO out dez 2023 jan fev 2024.xls,Relatorio_UBEM,PROGRAMA DO JOÂO,2023-12-09,,,,LADRAO DE AZAR,CRISTOPHER CLARK / FERNANDO LEONEL PRADO / MARCOS PAULO,SERIAL FUNKERS / VINNI NALLON,747.38,,799.69,,,,,79969,800
Band,band UNIFICADO out dez 2023 jan fev 2024.xls,Relatorio_UBEM,PROGRAMA DO JOÂO,2023-12-09,,,,RENATA INGRATA,DALMO BELOTI / LATINO,LATINO,747.38,,799.69,,,,,79969,800
Band,band UNIFICADO out dez 2023 jan fev 2024.xls,Relatorio_UBEM,PROGRAMA DO JOÂO,2023-12-09,,,,CATIA CATCHAÇA,LATINO,LATINO,747.38,,799.69,,,,,79969,800
Band,band UNIFICADO out dez 2023 jan fev 2024.xls,Relatorio_UBEM,PROGRAMA DO JOÂO,2023-12-09,,,,ME LEVA                                           ,LATINO,LATINO,747.38,,799.69,,,,,79969,800
Band,band UNIFICADO out dez 2023 jan fev 2024.xls,Relatorio_UBEM,PROGRAMA DO JOÂO,2023-12-16,,,,TRECHO FILME CHACRINHA,TRECHO FILME CHACRINHA,TRECHO FILME CHACRINHA,1046.33,,1119.5731,,,,,1119573100,11195731
Band,band UNIFICADO out dez 2023 jan fev 2024.xls,Relatorio_UBEM,PROGRAMA DO JOÂO,2023-12-16,,,,O AMOR NAO DEIXA,CESAR LEMOS / FRANNE GOLDE / JASON DEERE / KASEY LIVINGSTON,WANESSA CAMARGO,1046.33,,1119.5731,,,,,1119573100,11195731
Band,band UNIFICADO out dez 2023 jan fev 2024.xls,Relatorio_UBEM,PROGRAMA DO JOÂO,2023-12-16,,,,YOU ARE MY SUNSHINE,JIMMIE DAVIS / CHARLES MITCHELL,DADO DOLLABELA,1494.76,,1599.3932,,,,,1599393200,15993932
Band,band UNIFICADO out dez 2023 jan fev 2024.xls,Relatorio_UBEM,PROGRAMA DO JOÂO,2023-12-16,,,,SE JOGA,NALDO BENNY,NALDO BENNY,747.38,,799.69,,,,,79969,800
Band,band UNIFICADO out dez 2023 jan fev 2024.xls,Relatorio_UBEM,PROGRAMA DO JOÂO,2023-12-16,,,,EXAGERADO,NALDO BENNY,NALDO BENNY,747.38,,799.69,,,,,79969,800
Band,band UNIFICADO out dez 2023 jan fev 2024.xls,Relatorio_UBEM,PROGRAMA DO JOÂO,2023-12-16,,,,AMOR DE CHOCOLATE,THOMAS WESLEY PENTZ / DAVID JAMES ANDREW TAYLOR / NICK VAN DE WALL / ADIDJA AZIM PALMER / RONALDO JORGE DA SILVA / ARNALDO SANTOS PEREZ,NALDO BENNY,747.38,,799.69,,,,,79969,800
Band,band UNIFICADO out dez 2023 jan fev 2024.xls,Relatorio_UBEM,PROGRAMA DO JOÂO,2023-12-16,,,,CHANTILLY,NALDO / BATUTINHA,NALDO BENNY,747.38,,799.69,,,,,79969,800
Band,band UNIFICADO out dez 2023 jan fev 2024.xls,Relatorio_UBEM,PROGRAMA DO JOÂO,2023-12-16,,,,BARBIE DE CHAPEU,MARCOS VINICIUS SOARES DE OLIVEIRA / SHYLTON FERNANDES SOUSA AQUINO / BRENO LIMA CARVALHO / DANIEL CAON / VINICIUS POETA,MELODY,747.38,,799.69,,,,,79969,800
Band,band UNIFICADO out dez 2023 jan fev 2024.xls,Relatorio_UBEM,PROGRAMA DO JOÂO,2023-12-16,,,,LOVE LOVE,MARCO LIMA / FAHEEM RASHEED NAJM / CHRISTOPHER MAURICE BROWN / DOUGIE RIBEIRO / SHARYANN GABRIEL / LARYSSA GOULART,NALDO BENNY / MELODY,747.38,,799.69,,,,,79969,800
Band,band UNIFICADO out dez 2023 jan fev 2024.xls,Relatorio_UBEM,PROGRAMA DO JOÂO,2023-12-16,,,,SICKO MODE,ALI SHAHEED JONES MUHAMMAD / AUBREY GRAHAM / BRYAN HIGGINS / BRYTAVIOUS CHAMBERS / CHAUNCEY HOLLIS / CHRISTOPHER MARTIN / CHRISTOPHER WALLACE / CHYLOW PARKER / CYDEL YOUNG / FRED SCRUGGS / HARRY WAYNE CASEY / JACQUES WEBSTER / JAMES JACKSON / JOHN EDWARD ,TRAVIS SCOTT,1046.33,,1119.5731,,,,,1119573100,11195731
Band,band UNIFICADO out dez 2023 jan fev 2024.xls,Relatorio_UBEM,PROGRAMA DO JOÂO,2023-12-23,,,,RAP DO OVO,MICHAEL SULLIVAN E PAULO MASSADAS,SERGIO MALANDRO,747.38,,799.69,,,,,79969,800
Band,band UNIFICADO out dez 2023 jan fev 2024.xls,Relatorio_UBEM,PROGRAMA DO JOÂO,2023-12-23,,,,NEVER ENOUGH,BENJ PASEK / JUSTIN PAUL,AMANDA SOUSA,747.38,,799.69,,,,,79969,800
Band,band UNIFICADO out dez 2023 jan fev 2024.xls,Relatorio_UBEM,PROGRAMA DO JOÂO,2023-12-23,,,,ERRO GOSTOSO,DE ANGELO / EDSON GARCIA / ELIABE GALDINO DA COSTA / FELIPE MARINS / FLAVINHO DO KADET / LUCAS SOUZA,THAYNARA SANTO,747.38,,799.69,,,,,79969,800
Band,band UNIFICADO out dez 2023 jan fev 2024.xls,Relatorio_UBEM,PROGRAMA DO JOÂO,2023-12-23,,,,NAO DEIXE O SAMBA MORRER,EDSON CONCEICAO / ALOISIO SILVA,SARA BRAZ / FELIPE ANACLETO,747.38,,799.69,,,,,79969,800
Band,band UNIFICADO out dez 2023 jan fev 2024.xls,Relatorio_UBEM,PROGRAMA DO JOÂO,2023-12-23,,,,DORMI NA PRACA,FATIMA LEAO / ELIAS MUNIZ,SILAS SANTOS,747.38,,799.69,,,,,79969,800
Band,band UNIFICADO out dez 2023 jan fev 2024.xls,Relatorio_UBEM,PROGRAMA DO JOÂO,2023-12-23,,,,JOAO,MC GONNE HD,MC GONNE HD,747.38,,799.69,,,,,79969,800
Band,band UNIFICADO out dez 2023 jan fev 2024.xls,Relatorio_UBEM,PROGRAMA DO JOÂO,2023-12-23,,,,E TENSO,CACO NOGUEIRA THIAGO SERVO,FERNANDO E SOROCABA,747.38,,799.69,,,,,79969,800
Band,band UNIFICADO out dez 2023 jan fev 2024.xls,Relatorio_UBEM,PROGRAMA DO JOÂO,2023-12-23,,,,DEIXA EU AMAR VOCE,GABRIEL AGRA / JEFF DA SANFONA / LUCAS ING / MATHEUS COSTA / RIGAMONTT,FERNANDO SOROCABA,747.38,,799.69,,,,,79969,800
Band,band UNIFICADO out dez 2023 jan fev 2024.xls,Relatorio_UBEM,PROGRAMA DO JOÂO,2023-12-23,,,,MEDIA BOA,ANAJUH / GUI PRADO / JUNIOR SILVA / PEDRO TAVEIRA,FELIPE / RODRIGO,747.38,,799.69,,,,,79969,800
Band,band UNIFICADO out dez 2023 jan fev 2024.xls,Relatorio_UBEM,PROGRAMA DO JOÂO,2023-12-23,,,,UM ARRANHÃO,EDSON GARCIA / FELIPE KEF / FELIPE MARINS / FLAVIO KADET / KAIQUE KEF / NUDOZE,FELIPE / RODRIGO,747.38,,799.69,,,,,79969,800
Band,band UNIFICADO out dez 2023 jan fev 2024.xls,Relatorio_UBEM,PROGRAMA DO JOÂO,2023-12-23,,,,FICHA LIMPA,EDSON GARCIA / FELIPE MARINS/ MARCIA ARAUJO/ NICOLAS DAMASCENO,FELIPE / RODRIGO,747.38,,799.69,,,,,79969,800
Band,band UNIFICADO out dez 2023 jan fev 2024.xls,Relatorio_UBEM,PROGRAMA DO JOÂO,2023-12-23,,,,OCEANO,DANI LIMA / EDSON GARCIA / FELIPE MARINS / FLAVINHO DO KADET / VICTOR REIS,FELIPE / RODRIGO,747.38,,799.69,,,,,79969,800
Band,band UNIFICADO out dez 2023 jan fev 2024.xls,Relatorio_UBEM,PROGRAMA DO JOÂO,2023-12-23,,,,MADRID,FERNANDO E SOROCABA,FERNANDO E SOROCABA,747.38,,799.69,,,,,79969,800
Band,band UNIFICADO out dez 2023 jan fev 2024.xls,Relatorio_UBEM,PROGRAMA DO JOÂO,2023-12-23,,,,A GALERA DO CHAPEU,RICK,FERNANDO E SOROCABA,747.38,,799.69,,,,,79969,800
Band,band UNIFICADO out dez 2023 jan fev 2024.xls,Relatorio_UBEM,PROGRAMA DO JOÂO,2023-12-30,,,,INFERNO,CLEO / DIEGO TIMBO / JACKIE APOSTEL / JENNI MOSELLO / LUCAS VAZ / KING SAINTS / TH4L,CLEO PIRES,1046.33,,1119.5731,,,,,1119573100,11195731
Band,band UNIFICADO out dez 2023 jan fev 2024.xls,Relatorio_UBEM,PROGRAMA DO JOÂO,2023-12-30,,,,BANDIDA,ARTHUR MARQUES / CLEO PIRES / GUTO GUERRA,CLEO PIRES,1046.33,,1119.5731,,,,,1119573100,11195731
Band,band UNIFICADO out dez 2023 jan fev 2024.xls,Relatorio_UBEM,PROGRAMA DO JOÂO,2023-12-30,,,,BEAUTIFUL GIRLS,BEN E KING / JERRY LEIBER / JONATHAN ROTEM / KISEAN ANDERSON / MICHAEL STOLLER / SLY PIPER JORDAN,SEAN KINGSTON,1046.33,,1119.5731,,,,,1119573100,11195731
Band,band UNIFICADO out dez 2023 jan fev 2024.xls,Relatorio_UBEM,MELHOR DA NOITE - WEB,2023-12-07,,,,FA DECLARADA,CARAMELO / FABIANO ART / JOEY MATTOS,ANA CLARA,0.0,,52.3166,,,,,52316600,523166
Band,band UNIFICADO out dez 2023 jan fev 2024.xls,Relatorio_UBEM,MELHOR DA NOITE - WEB,2023-12-13,,,,MORANGO DO NORDESTE,FERNANDO ALVES / WALTER DE AFOGADOS,FRANK AGUIAR           ,0.0,,52.3166,,,,,52316600,523166
Band,band UNIFICADO out dez 2023 jan fev 2024.xls,Relatorio_UBEM,MELHOR DA NOITE - WEB,2023-12-14,,,,CAETANO VELOSO,ARTUR DANTAS,JOHNNY HOOKER,0.0,,52.3166,,,,,52316600,523166
Band,band UNIFICADO out dez 2023 jan fev 2024.xls,Relatorio_UBEM,MELHOR DA NOITE - WEB,2023-12-15,,,,SOBRENATURAL,ALEXANDRE LUCAS / HUMBERTO TAVARES,JEITO MOLEQUE                      ,0.0,,52.3166,,,,,52316600,523166
