provider,file,sheet,programa,data_exibicao,numero_programa,exibicao_tipo,categoria_programa,titulo_musica,autor,interprete,tipo_sincronizacao,percentual_editora,valor_editora_brl,editora,gravadora,iswc,isrc,amount_cents,amount_int
Globo,MusicCueSheet_TvAberta_Agosto2023.xlsx,MusicCueSheet_Agosto23,,01/08/2023,2847,,,SOLTEIRO FORCADO,"ANA CASTELA,BENICIO NETO,LEO SOUZA,LEO SOUZA,MATEUS FELIX,RAPHA SOARES,RODOLFO ALESSI,VINICIUS POETA",ANA CASTELA,FULL MIX,,,"WARNER CHAPPELL,WARNER CHAPPELL,FUSION MUSIC,PLAY JURIS,WARNER CHAPPELL,WARNER CHAPPELL,WARNER CHAPPELL,WARNER CHAPPELL",AGROPLAY,,,0,0
Globo,MusicCueSheet_TvAberta_Agosto2023.xlsx,MusicCueSheet_Agosto23,,01/08/2023,2847,,,PRECISO DIZER QUE TE AMO,"BEBEL GILBERTO,CAZUZA,DE",LETICIA LARANJA,,,,"WARNER CHAPPELL,WARNER CHAPPELL,WARNER CHAPPELL",,,,0,0
Globo,MusicCueSheet_TvAberta_Agosto2023.xlsx,MusicCueSheet_Agosto23,,01/08/2023,5872,,,AUGUST,"JACK ANTONOFF,TAYLOR SWIFT",TAYLOR SWIFT,,,,"A DESCOBRIR,A DESCOBRIR","TAYLOR SWIFT, UNIVERSAL MUSIC PUBLISHING",,,0,0
Globo,MusicCueSheet_TvAberta_Agosto2023.xlsx,MusicCueSheet_Agosto23,,01/08/2023,5872,,,AUGUST,"JACK ANTONOFF,TAYLOR SWIFT",AUGUST,,,,"A DESCOBRIR,A DESCOBRIR","TAYLOR SWIFT, UNIVERSAL MUSIC PUBLISHING",,,0,0
Globo,MusicCueSheet_TvAberta_Agosto2023.xlsx,MusicCueSheet_Agosto23,,01/08/2023,5872,,,AUGUST,"JACK ANTONOFF,TAYLOR SWIFT",TAYLOR SWIFT,,,,"A DESCOBRIR,A DESCOBRIR","AYLOR SWIFT, UNIVERSAL MUSIC PUBLISHING",,,0,0
Globo,MusicCueSheet_TvAberta_Agosto2023.xlsx,MusicCueSheet_Agosto23,,01/08/2023,5872,,,PARABENS A VOCE,"LEA MAGALHAES,MILDRED J HILL,PATTY S HILL",BANDA CARA DE PAU,,,,"WARNER CHAPPELL,DP,DP",INDEPENDENTE,,,0,0
Globo,MusicCueSheet_TvAberta_Agosto2023.xlsx,MusicCueSheet_Agosto23,,01/08/2023,5872,,,AUGUST,"JACK ANTONOFF,TAYLOR SWIFT",TAYLOR SWIFT,,,,"A DESCOBRIR,A DESCOBRIR","TAYLOR SWIFT, UNIVERSAL MUSIC PUBLISHING",,,0,0
Globo,MusicCueSheet_TvAberta_Agosto2023.xlsx,MusicCueSheet_Agosto23,,01/08/2023,5,,,UMA FLECHA  OKE ARO,"ANTONIO RISERIO,IARA RENNO","CURUMIN,IARA RENNÓ",,,,"A DESCOBRIR,ALTAFONTE",,,,0,0
Globo,MusicCueSheet_TvAberta_Agosto2023.xlsx,MusicCueSheet_Agosto23,,01/08/2023,5,,,BAILE SABOROSO,"HUGO PASSAQUIN,JOSE ANTONIO PEREIRA BRAZ,PEDRO MAIA","KING DOUDOU,MULÚ",,,,"ROCKING GORILLAS,ROCKING GORILLAS,ROCKING GORILLAS",,,,0,0
Globo,MusicCueSheet_TvAberta_Agosto2023.xlsx,MusicCueSheet_Agosto23,,01/08/2023,5,,,SURRA DE GROOVE,"CHIBATINHA,OZ,RAONI KANALHA,RDD",ATTOXXA,,,,"BMG,BMG,BMG,BMG",,,,0,0
Globo,MusicCueSheet_TvAberta_Agosto2023.xlsx,MusicCueSheet_Agosto23,,01/08/2023,5,,,UMA FLECHA  OKE ARO,"ANTONIO RISERIO,IARA RENNO","CURUMIN,IARA RENNO",,,,"A DESCOBRIR,ALTAFONTE",,,,0,0
Globo,MusicCueSheet_TvAberta_Agosto2023.xlsx,MusicCueSheet_Agosto23,,01/08/2023,5,,,XONA,RINCON SAPIENCIA,RINCON SAPIÊNCIA,,,,BMG,,,,0,0
Globo,MusicCueSheet_TvAberta_Agosto2023.xlsx,MusicCueSheet_Agosto23,,01/08/2023,5,,,UMA FLECHA  OKE ARO,"ANTONIO RISERIO,IARA RENNO","CURUMIN,IARA RENNO",,,,"A DESCOBRIR,ALTAFONTE",,,,0,0
Globo,MusicCueSheet_TvAberta_Agosto2023.xlsx,MusicCueSheet_Agosto23,,01/08/2023,5,,,SABOR DE MEL,AGAILTON SILVA,DAMARES,,,,SONY MUSIC PUBLISHING,,,,0,0
Globo,MusicCueSheet_TvAberta_Agosto2023.xlsx,MusicCueSheet_Agosto23,,01/08/2023,GOGOBOYS,,,APACHE,"C COOK,J CHASE,M WRIGHT,S ROBINSON",THE SUGARHILL GANG,,,,"WARNER CHAPPELL,WARNER CHAPPELL,WARNER CHAPPELL,WARNER CHAPPELL",,,,0,0
Globo,MusicCueSheet_TvAberta_Agosto2023.xlsx,MusicCueSheet_Agosto23,,01/08/2023,GOGOBOYS,,,DIN DIN DIN,"LUDMILLA,MC DOGUINHA,MC PUPIO",LUDMILLA,,,,"WARNER CHAPPELL,ORB MUSIC,ORB MUSIC",,,,0,0
Globo,MusicCueSheet_TvAberta_Agosto2023.xlsx,MusicCueSheet_Agosto23,,01/08/2023,GOGOBOYS,,,HOLIDAY FOR STRINGS (VOCAL),"DAVID ROSE,SAMMY GALLOP",HENRY JEROME,,,,"WARNER CHAPPELL,WARNER CHAPPELL",,,,0,0
Globo,MusicCueSheet_TvAberta_Agosto2023.xlsx,MusicCueSheet_Agosto23,,01/08/2023,GOGOBOYS,,,MARIA,"IAN BLAKE,K C PORTER,LUIZ GOMES ESCOLAR",RICKY MARTIN,,,,"SONY MUSIC PUBLISHING,UNIVERSAL MGB,FERMATA",,,,0,0
Globo,MusicCueSheet_TvAberta_Agosto2023.xlsx,MusicCueSheet_Agosto23,,01/08/2023,GOGOBOYS,,,MICHAEL DOUGLAS,JOAO BRASIL,JOAO BRASIL,,,,WARNER CHAPPELL,,,,0,0
Globo,MusicCueSheet_TvAberta_Agosto2023.xlsx,MusicCueSheet_Agosto23,,01/08/2023,GOGOBOYS,,,NINGUEM E DE FERRO,"DANILLO DAVILLA,ELCIO DI CARVALHO,JUNIOR PEPATO,LARI FERREIRA,THALES LESSA","MARILIA MENDONCA,WESLEY SAFADAO",,,,"BMG,ABRAMUS,ABRAMUS,ABRAMUS,ABRAMUS",,,,0,0
Globo,MusicCueSheet_TvAberta_Agosto2023.xlsx,MusicCueSheet_Agosto23,,01/08/2023,GOGOBOYS,,,A NOVA LOIRA DO TCHAN,"CAL ADAN,DITO,JORGE ZARATH,RENATO FECHINE",FERDINANDO,,,,"UNIVERSAL MGB,UNIVERSAL MGB,UNIVERSAL MGB,UNIVERSAL MGB",,,,0,0
Globo,MusicCueSheet_TvAberta_Agosto2023.xlsx,MusicCueSheet_Agosto23,,01/08/2023,GOGOBOYS,,,RITMO DE FESTA,"JOBA,LAERTE FREIRE",SILVIO SANTOS,,,,"PEERMUSIC,PEERMUSIC",,,,0,0
Globo,MusicCueSheet_TvAberta_Agosto2023.xlsx,MusicCueSheet_Agosto23,,01/08/2023,GOGOBOYS,,,SORRY,"MADONNA,STUART PRICE",MADONNA,,,,"WARNER CHAPPELL,WARNER CHAPPELL",,,,0,0
Globo,MusicCueSheet_TvAberta_Agosto2023.xlsx,MusicCueSheet_Agosto23,,01/08/2023,GOGOBOYS,,,TELEPHONE,"BEYONCE KNOWLES,LADY GAGA,LASHAWN DANIELS,LAZONATE FRANKLIN,RODNEY JERKINS","BEYONCE,LADY GAGA",,,,"SONY MUSIC PUBLISHING,SONY MUSIC PUBLISHING,SONY MUSIC PUBLISHING,SONY MUSIC PUBLISHING,PEERMUSIC",,,,0,0
Globo,MusicCueSheet_TvAberta_Agosto2023.xlsx,MusicCueSheet_Agosto23,,01/08/2023,GOGOBOYS,,,U CAN T TOUCH THIS,"ALONZO MILLER,MC HAMMER,RICK JAMES",MC HAMMER,,,,"SONY MUSIC PUBLISHING,BMG,SONY MUSIC PUBLISHING",,,,0,0
Globo,MusicCueSheet_TvAberta_Agosto2023.xlsx,MusicCueSheet_Agosto23,,01/08/2023,GOGOBOYS,,,YOU CAN LEAVE YOUR HAT ON,RANDY NEWMAN,JOE COCKER,,,,WARNER CHAPPELL,,,,0,0
Globo,MusicCueSheet_TvAberta_Agosto2023.xlsx,MusicCueSheet_Agosto23,,01/08/2023,LOVE IS IN THE AIR,,,DEIXA ISSO PRA LA,"ALBERTO PAZ,EDSON MENEZES",FERDINANDO VQC,,,,"ADDAF,ADDAF",,,,0,0
Globo,MusicCueSheet_TvAberta_Agosto2023.xlsx,MusicCueSheet_Agosto23,,01/08/2023,LOVE IS IN THE AIR,,,APENAS UM RAPAZ LATINO AMERICANO,BELCHIOR,JESSICA VQC,,,,FORTALEZA,,,,0,0
Globo,MusicCueSheet_TvAberta_Agosto2023.xlsx,MusicCueSheet_Agosto23,,01/08/2023,LOVE IS IN THE AIR,,,CRAZY IN LOVE,"BEYONCE KNOWLES,EUGENE RECORD,EUGENE RECORD,RICH HARRISON,SHAWN CARTER.",BEYONCE,,,,"SONY MUSIC PUBLISHING,A DESCOBRIR,WARNER CHAPPELL,SONY MUSIC PUBLISHING,SONY MUSIC PUBLISHING",,,,0,0
Globo,MusicCueSheet_TvAberta_Agosto2023.xlsx,MusicCueSheet_Agosto23,,01/08/2023,LOVE IS IN THE AIR,,,NEGUE,"ADELINO MOREIRA,ENZO DE ALMEIDA PASSOS",MARIA BETHANIA,,,,"CAP MUSIC,CAP MUSIC",,,,0,0
Globo,MusicCueSheet_TvAberta_Agosto2023.xlsx,MusicCueSheet_Agosto23,,01/08/2023,LOVE IS IN THE AIR,,,LOVE IS IN THE AIR,"GEORGE YOUNG,HARRY VANDA",JOHN PAUL YOUNG,,,,"BMG,BMG",,,,0,0
Globo,MusicCueSheet_TvAberta_Agosto2023.xlsx,MusicCueSheet_Agosto23,,01/08/2023,LOVE IS IN THE AIR,,,TOXIC,"CATHY DENNIS,CHRISTIAN KARLSSON,HENRIK JONBACK,PONTUS WINNBERG",BRITNEY SPEARS,,,,"SONY MUSIC PUBLISHING,BMG,BMG,ABRAMUS",,,,0,0
Globo,MusicCueSheet_TvAberta_Agosto2023.xlsx,MusicCueSheet_Agosto23,,01/08/2023,LOVE IS IN THE AIR,,,TOXIC,"CATHY DENNIS,CHRISTIAN KARLSSON,HENRIK JONBACK,PONTUS WINNBERG",BRITNEY SPEARS,,,,"SONY MUSIC PUBLISHING,BMG,BMG,ABRAMUS",,,,0,0
Globo,MusicCueSheet_TvAberta_Agosto2023.xlsx,MusicCueSheet_Agosto23,,01/08/2023,LOVE IS IN THE AIR,,,TOXIC,"CATHY DENNIS,CHRISTIAN KARLSSON,HENRIK JONBACK,PONTUS WINNBERG",BRITNEY SPEARS,,,,"SONY MUSIC PUBLISHING,BMG,BMG,ABRAMUS",,,,0,0
Globo,MusicCueSheet_TvAberta_Agosto2023.xlsx,MusicCueSheet_Agosto23,,01/08/2023,LOVE IS IN THE AIR,,,TOXIC,"CATHY DENNIS,CHRISTIAN KARLSSON,HENRIK JONBACK,PONTUS WINNBERG",BRITNEY SPEARS,,,,"SONY MUSIC PUBLISHING,BMG,BMG,ABRAMUS",,,,0,0
Globo,MusicCueSheet_TvAberta_Agosto2023.xlsx,MusicCueSheet_Agosto23,,02/08/2023,2848,,,ALL STAR,GREG CAMP,SMASH MOUTH,,,,ABRAMUS,"INTERSCOPE, PULSE PUBLISHING",,,0,0
Globo,MusicCueSheet_TvAberta_Agosto2023.xlsx,MusicCueSheet_Agosto23,,02/08/2023,2848,,,BREAK MY SOUL,"ADAM PIGOTT,ALLEN GEORGE,BEYONCE KNOWLES,CHRISTOPHER STEWART,FRED MCFARLANE,FREDDIE ROSS,SHAWN CARTER,TERIUS NASH",BEYONCE,,,,"ABRAMUS,SONY MUSIC PUBLISHING,SONY MUSIC PUBLISHING,A DESCOBRIR,SONY MUSIC PUBLISHING,ABRAMUS,SONY MUSIC PUBLISHING,WARNER CHAPPELL","PARKWOOD ENTERTAINMENT/COLUMBIA, SPIRIT MUSIC GROU",,,0,0
Globo,MusicCueSheet_TvAberta_Agosto2023.xlsx,MusicCueSheet_Agosto23,,02/08/2023,2848,,,BREAK MY SOUL,"ADAM PIGOTT,ALLEN GEORGE,BEYONCE KNOWLES,CHRISTOPHER STEWART,FRED MCFARLANE,FREDDIE ROSS,SHAWN CARTER,TERIUS NASH",BEYONCÉJ,,,,"ABRAMUS,SONY MUSIC PUBLISHING,SONY MUSIC PUBLISHING,A DESCOBRIR,SONY MUSIC PUBLISHING,ABRAMUS,SONY MUSIC PUBLISHING,WARNER CHAPPELL","PARKWOOD ENTERTAINMENT/COLUMBIA, SPIRIT MUSIC GROU",,,0,0
Globo,MusicCueSheet_TvAberta_Agosto2023.xlsx,MusicCueSheet_Agosto23,,02/08/2023,2848,,,BREAK MY SOUL,"ADAM PIGOTT,ALLEN GEORGE,BEYONCE KNOWLES,CHRISTOPHER STEWART,FRED MCFARLANE,FREDDIE ROSS,SHAWN CARTER,TERIUS NASH",BEYONCÉ,,,,"ABRAMUS,SONY MUSIC PUBLISHING,SONY MUSIC PUBLISHING,A DESCOBRIR,SONY MUSIC PUBLISHING,ABRAMUS,SONY MUSIC PUBLISHING,WARNER CHAPPELL","PARKWOOD ENTERTAINMENT/COLUMBIA, SPIRIT MUSIC GROU",,,0,0
Globo,MusicCueSheet_TvAberta_Agosto2023.xlsx,MusicCueSheet_Agosto23,,02/08/2023,2848,,,BREAK MY SOUL,"ADAM PIGOTT,ALLEN GEORGE,BEYONCE KNOWLES,CHRISTOPHER STEWART,FRED MCFARLANE,FREDDIE ROSS,SHAWN CARTER,TERIUS NASH",BEYONCÉ,,,,"ABRAMUS,SONY MUSIC PUBLISHING,SONY MUSIC PUBLISHING,A DESCOBRIR,SONY MUSIC PUBLISHING,ABRAMUS,SONY MUSIC PUBLISHING,WARNER CHAPPELL","PARKWOOD ENTERTAINMENT/COLUMBIA, SPIRIT MUSIC GROU",,,0,0
Globo,MusicCueSheet_TvAberta_Agosto2023.xlsx,MusicCueSheet_Agosto23,,02/08/2023,2848,,,SUMMER RENAISSANCE,"ATIA INK BOGGS,BEYONCE,BRITTANY CONEY,DENISIA ANDREWS,DERRICK CARRINGTON GRAY,DONNA SUMMER,GIORGIO MORODER,LARRY HEARD,LEVAR COPPIN,LEVEN KALI,MIKE DEAN,PETER BELLOTTE,RICKY LAWSON,SALIOU DIAGNE,SOL WAS,TERIUS YOUNGDELL NASH",BEYONCÉ,,,,"SONY MUSIC PUBLISHING,SONY MUSIC PUBLISHING,A DESCOBRIR,A DESCOBRIR,A DESCOBRIR,A DESCOBRIR,A DESCOBRIR,A DESCOBRIR,ROCKING GORILLAS,A DESCOBRIR,A DESCOBRIR,A DESCOBRIR,A DESCOBRIR,ROCKING GORILLAS,A DESCOBRIR,A DESCOBRIR","PARKWOOD ENTERTAINMENT/COLUMBIA, SONY MUSIC PUBLI",,,0,0
Globo,MusicCueSheet_TvAberta_Agosto2023.xlsx,MusicCueSheet_Agosto23,,02/08/2023,2848,,,TOCA NA RAINHA,MURILO FERNANDYS,MURILO FERNANDYS,,,,A DESCOBRIR,,,,0,0
Globo,MusicCueSheet_TvAberta_Agosto2023.xlsx,MusicCueSheet_Agosto23,,02/08/2023,5873,,,TENTE OUTRA VEZ,"MARCELO MOTTA,PAULO COELHO,RAUL SEIXAS,RAUL SEIXAS",BARÃO VERMELHO,,,,"WARNER CHAPPELL,WARNER CHAPPELL,NOWA,WARNER CHAPPELL",WM BRAZIL,,,0,0
Globo,MusicCueSheet_TvAberta_Agosto2023.xlsx,MusicCueSheet_Agosto23,,02/08/2023,5873,,,TENTE OUTRA VEZ,"MARCELO MOTTA,PAULO COELHO,RAUL SEIXAS,RAUL SEIXAS",BARÃO VERMELHO,,,,"WARNER CHAPPELL,WARNER CHAPPELL,NOWA,WARNER CHAPPELL",WM BRAZIL,,,0,0
Globo,MusicCueSheet_TvAberta_Agosto2023.xlsx,MusicCueSheet_Agosto23,,02/08/2023,5873,,,FUZUE,"KALEW SOARES,KAUE SEGUNDEIRO,MICHEL TELO,NEWTON FONSECA,SHYLTON FERNANDES",MICHEL TELO,FULL MIX,,,"MILIONARIOS HITS,BMG,PANTTANAL,PANTTANAL,WARNER CHAPPELL",UNIVERSAL MUSIC,,,0,0
Globo,MusicCueSheet_TvAberta_Agosto2023.xlsx,MusicCueSheet_Agosto23,,02/08/2023,5873,,,ERVA VENENOSA,"JERRY LEIBER,MIKE STOLLER,ROSSINI PINTO",RITA LEE,FULL MIX,,,"SONY MUSIC PUBLISHING,SONY MUSIC PUBLISHING,SONY MUSIC PUBLISHING",UNIVERSAL MUSIC,,,0,0
Globo,MusicCueSheet_TvAberta_Agosto2023.xlsx,MusicCueSheet_Agosto23,,02/08/2023,5873,,,PSYCHO KILLER,"CHRIS FRANTZ,DAVID BYRNE,NARTINA WEYMOUT",TALKING HEADS,,,,"WARNER CHAPPELL,WARNER CHAPPELL,WARNER CHAPPELL",RHINO/WARNER RECORDS,,,0,0
Globo,MusicCueSheet_TvAberta_Agosto2023.xlsx,MusicCueSheet_Agosto23,,02/08/2023,5873,,,PSYCHO KILLER,"CHRIS FRANTZ,DAVID BYRNE,NARTINA WEYMOUT",TALKING HEADS,,,,"WARNER CHAPPELL,WARNER CHAPPELL,WARNER CHAPPELL",RHINO/WARNER RECORDS,,,0,0
Globo,MusicCueSheet_TvAberta_Agosto2023.xlsx,MusicCueSheet_Agosto23,,02/08/2023,5873,,,PARABENS A VOCE,"LEA MAGALHAES,MILDRED J HILL,PATTY S HILL",BANDA CARA DE PAU,,,,"WARNER CHAPPELL,DP,DP",INDEPENDENTE,,,0,0
Globo,MusicCueSheet_TvAberta_Agosto2023.xlsx,MusicCueSheet_Agosto23,,02/08/2023,5873,,,TENTE OUTRA VEZ,"MARCELO MOTTA,PAULO COELHO,RAUL SEIXAS,RAUL SEIXAS",BARÃO VERMELHO,,,,"WARNER CHAPPELL,WARNER CHAPPELL,NOWA,WARNER CHAPPELL",WM BRAZIL,,,0,0
Globo,MusicCueSheet_TvAberta_Agosto2023.xlsx,MusicCueSheet_Agosto23,,02/08/2023,2082023,,,VAI NOVINHA AH AH AH CITACAO O CHERO DE CAROLINA,"AMORIM ROXO,DJ RAFAEL FELIX,DYAMANTE DJ,ZE GONZAGA",YURI HAWAIANO,,,,"MANGIONE,DECK,WAL MUSIC LTDA,MANGIONE",,,,0,0
Globo,MusicCueSheet_TvAberta_Agosto2023.xlsx,MusicCueSheet_Agosto23,,02/08/2023,2082023,,,LOVEZINHO,"NATE HILLS,NELLY FURTADO,TIM MOSLEY,TREYCE,WK",NAO IDENTIFICADO,,,,"ROCKING GORILLAS,SONY MUSIC PUBLISHING,PEERMUSIC,A DESCOBRIR,WARNER CHAPPELL",,,,0,0
Globo,MusicCueSheet_TvAberta_Agosto2023.xlsx,MusicCueSheet_Agosto23,,02/08/2023,RESPEITE A FAIXA,,,ALEJANDRO,"LADY GAGA,REDONE",LADY GAGA,,,,"SONY MUSIC PUBLISHING,SONY MUSIC PUBLISHING",INTERSCOPE,,,0,0
Globo,MusicCueSheet_TvAberta_Agosto2023.xlsx,MusicCueSheet_Agosto23,,02/08/2023,RESPEITE A FAIXA,,,ALEJANDRO,"LADY GAGA,REDONE","ALEJANDRO VQC,FERDINANDO",,,,"SONY MUSIC PUBLISHING,SONY MUSIC PUBLISHING",,,,0,0
Globo,MusicCueSheet_TvAberta_Agosto2023.xlsx,MusicCueSheet_Agosto23,,02/08/2023,RESPEITE A FAIXA,,,BATUCADA 2,DUDU NOBRE,DUDU NOBRE,,,,UNIVERSAL MGB,EMI MUSIC BRASIL LTDA,,,0,0
Globo,MusicCueSheet_TvAberta_Agosto2023.xlsx,MusicCueSheet_Agosto23,,02/08/2023,RESPEITE A FAIXA,,,CARNAVAL GLOBELEZA,"FRANCO,JORGE ARAGAO",FERDINANDO,,,,"UNIVERSAL MGB,WARNER CHAPPELL",,,,0,0
Globo,MusicCueSheet_TvAberta_Agosto2023.xlsx,MusicCueSheet_Agosto23,,02/08/2023,RESPEITE A FAIXA,,,CARNAVAL GLOBELEZA,"FRANCO,JORGE ARAGAO",JORGE ARAGAO,,,,"UNIVERSAL MGB,WARNER CHAPPELL",SOM LIVRE,,,0,0
Globo,MusicCueSheet_TvAberta_Agosto2023.xlsx,MusicCueSheet_Agosto23,,02/08/2023,RESPEITE A FAIXA,,,DANCA DA VASSOURA,"ANDERSON LEONARDO,DELCIO LUIZ",MOLEJO,,,,"WARNER CHAPPELL,WARNER CHAPPELL",WM BRAZIL,,,0,0
Globo,MusicCueSheet_TvAberta_Agosto2023.xlsx,MusicCueSheet_Agosto23,,02/08/2023,RESPEITE A FAIXA,,,DANCA DA VASSOURA,"ANDERSON LEONARDO,DELCIO LUIZ",ALEJANDRO VQC,,,,"WARNER CHAPPELL,WARNER CHAPPELL",,,,0,0
Globo,MusicCueSheet_TvAberta_Agosto2023.xlsx,MusicCueSheet_Agosto23,,02/08/2023,RESPEITE A FAIXA,,,EYE OF THE TIGER,"FRANKIE SULLIVAN,JIM PETERIK",SURVIVOR,,,,"SONY MUSIC PUBLISHING,WARNER CHAPPELL",VOLCANO/LEGACY,,,0,0
Globo,MusicCueSheet_TvAberta_Agosto2023.xlsx,MusicCueSheet_Agosto23,,02/08/2023,RESPEITE A FAIXA,,,FAROL DAS ESTRELAS,"ALTAY VELOSO,PAULO CESAR FEITAL",FERDINANDO,,,,"WARNER CHAPPELL,PEERMUSIC",,,,0,0
Globo,MusicCueSheet_TvAberta_Agosto2023.xlsx,MusicCueSheet_Agosto23,,02/08/2023,RESPEITE A FAIXA,,,IRONSIDE,QUINCY JONES,QUINCY JONES,,,,UNIVERSAL MGB,A&M JAZZ,,,0,0
Globo,MusicCueSheet_TvAberta_Agosto2023.xlsx,MusicCueSheet_Agosto23,,02/08/2023,RESPEITE A FAIXA,,,ISSO E HIT,"FABIO ALCANTARA,FAGNER FERREIRA,FILIPE ESCANDURRAS",HARMONIA DO SAMBA,,,,"ABRAMUS,ABRAMUS,ABRAMUS",GUFO RECORDS,,,0,0
Globo,MusicCueSheet_TvAberta_Agosto2023.xlsx,MusicCueSheet_Agosto23,,02/08/2023,RESPEITE A FAIXA,,,LOCA  ENGLISH VERSION,"ARMANDO CHRISTIAN PEREZ,CARLOS DANIEL CRESPO,DYLAN MILLS,EDWARD BELLO,EDWARD BELLO,SHAKIRA",ALEJANDRO VQC,,,,"A DESCOBRIR,ABRAMUS,ABRAMUS,BMG,SONY MUSIC PUBLISHING,SONY MUSIC PUBLISHING",,,,0,0
Globo,MusicCueSheet_TvAberta_Agosto2023.xlsx,MusicCueSheet_Agosto23,,02/08/2023,RESPEITE A FAIXA,,,MARIA,"IAN BLAKE,K C PORTER,LUIZ GOMES ESCOLAR",RICKY MARTIN,,,,"SONY MUSIC PUBLISHING,UNIVERSAL MGB,FERMATA",SONY DISCOS,,,0,0
Globo,MusicCueSheet_TvAberta_Agosto2023.xlsx,MusicCueSheet_Agosto23,,02/08/2023,RESPEITE A FAIXA,,,MARIA,"IAN BLAKE,K C PORTER,LUIZ GOMES ESCOLAR",ALEJANDRO VQC,,,,"SONY MUSIC PUBLISHING,UNIVERSAL MGB,FERMATA",,,,0,0
Globo,MusicCueSheet_TvAberta_Agosto2023.xlsx,MusicCueSheet_Agosto23,,02/08/2023,RESPEITE A FAIXA,,,TESOURO DO PIRATA,"JEFFERSON FUZUE,MARCELO MENEZES",TCHAKABUM,,,,"SONY MUSIC PUBLISHING,UNIVERSAL MGB",TCHAKABUM,,,0,0
Globo,MusicCueSheet_TvAberta_Agosto2023.xlsx,MusicCueSheet_Agosto23,,02/08/2023,RESPEITE A FAIXA,,,TUA BOCA,"RONALDO MONTEIRO DE SOUZA,SERGIO SARACENI",BELO,,,,"SONY MUSIC PUBLISHING,UNIVERSAL MGB",EMI BRAZIL,,,0,0
Globo,MusicCueSheet_TvAberta_Agosto2023.xlsx,MusicCueSheet_Agosto23,,02/08/2023,RESPEITE A FAIXA,,,TA ESCRITO,"CARLINHOS MADUREIRA,GILSON BERNINI,XANDE DE PILARES",XANDE DE PILARES,,,,"WARNER CHAPPELL,UNIVERSAL MGB,UNIVERSAL MGB",UNIVERSAL MUSIC LTDA.,,,0,0
Globo,MusicCueSheet_TvAberta_Agosto2023.xlsx,MusicCueSheet_Agosto23,,02/08/2023,RESPEITE A FAIXA,,,E HOJE,"DIDI,MESTRINHO",UNIÃO DA ILHA,,,,"SONY MUSIC PUBLISHING,SONY MUSIC PUBLISHING",TOP TAPE,,,0,0
Globo,MusicCueSheet_TvAberta_Agosto2023.xlsx,MusicCueSheet_Agosto23,,02/08/2023,SUPER  FERDI CONTRA O BAIXO ASTRAL,,,ARCO IRIS,"ANA PENIDO,MICHAEL SULLIVAN,MIGUEL PLOPSCHI,PAULO MASSADAS",XUXA,,,,"PEERMUSIC,SONY MUSIC PUBLISHING,SONY MUSIC PUBLISHING,SONY MUSIC PUBLISHING",,,,0,0
Globo,MusicCueSheet_TvAberta_Agosto2023.xlsx,MusicCueSheet_Agosto23,,02/08/2023,SUPER  FERDI CONTRA O BAIXO ASTRAL,,,GAROTA NOTA 100,"MICHAEL SULLIVAN,MIGUEL PLOPSCHI,PAULO MASSADAS",CELIO VQC,,,,"SONY MUSIC PUBLISHING,SONY MUSIC PUBLISHING,SONY MUSIC PUBLISHING",,,,0,0
Globo,MusicCueSheet_TvAberta_Agosto2023.xlsx,MusicCueSheet_Agosto23,,02/08/2023,SUPER  FERDI CONTRA O BAIXO ASTRAL,,,DANCA DA MOTINHA,"DENNIS DJ,MC BETH",CELIO VQC,,,,"SONY MUSIC PUBLISHING,SONY MUSIC PUBLISHING",,,,0,0
Globo,MusicCueSheet_TvAberta_Agosto2023.xlsx,MusicCueSheet_Agosto23,,02/08/2023,SUPER  FERDI CONTRA O BAIXO ASTRAL,,,ABECEDARIO DA XUXA,"CESAR COSTA FILHO,RONALDO MONTEIRO DE SOUZA",XUXA,,,,"PEERMUSIC,PEERMUSIC",,,,0,0
Globo,MusicCueSheet_TvAberta_Agosto2023.xlsx,MusicCueSheet_Agosto23,,02/08/2023,SUPER  FERDI CONTRA O BAIXO ASTRAL,,,ABECEDARIO DA XUXA,"CESAR COSTA FILHO,RONALDO MONTEIRO DE SOUZA",XUXA,,,,"PEERMUSIC,PEERMUSIC",,,,0,0
Globo,MusicCueSheet_TvAberta_Agosto2023.xlsx,MusicCueSheet_Agosto23,,02/08/2023,SUPER  FERDI CONTRA O BAIXO ASTRAL,,,ABECEDARIO DA XUXA,"CESAR COSTA FILHO,RONALDO MONTEIRO DE SOUZA",FERDINANDO VQC,,,,"PEERMUSIC,PEERMUSIC",,,,0,0
Globo,MusicCueSheet_TvAberta_Agosto2023.xlsx,MusicCueSheet_Agosto23,,02/08/2023,SUPER  FERDI CONTRA O BAIXO ASTRAL,,,1 2 3,"MICHAEL SULLIVAN,PAULO MASSADAS",BOZO,,,,"SONY MUSIC PUBLISHING,SONY MUSIC PUBLISHING",,,,0,0
Globo,MusicCueSheet_TvAberta_Agosto2023.xlsx,MusicCueSheet_Agosto23,,02/08/2023,SUPER  FERDI CONTRA O BAIXO ASTRAL,,,PIUI ABACAXI,MENDES JUNIOR,TREM DA ALEGRIA,,,,WARNER CHAPPELL,,,,0,0
Globo,MusicCueSheet_TvAberta_Agosto2023.xlsx,MusicCueSheet_Agosto23,,02/08/2023,SUPER  FERDI CONTRA O BAIXO ASTRAL,,,SAMBA DIFERENTE,"ANDERSON LEONARDO,WAGNER BASTOS",ELENCO VQC,,,,"WARNER CHAPPELL,UNIVERSAL MGB",,,,0,0
Globo,MusicCueSheet_TvAberta_Agosto2023.xlsx,MusicCueSheet_Agosto23,,02/08/2023,SUPER  FERDI CONTRA O BAIXO ASTRAL,,,FADA MADRINHA,"MARLENE MATTOS,MICHEL BIJOU",PAQUITAS,,,,"PEERMUSIC,PEERMUSIC",,,,0,0
Globo,MusicCueSheet_TvAberta_Agosto2023.xlsx,MusicCueSheet_Agosto23,,02/08/2023,SUPER  FERDI CONTRA O BAIXO ASTRAL,,,TINDOLELE,"CID GUERREIRO,DITO",XUXA,,,,"PEERMUSIC,PEERMUSIC",,,,0,0
Globo,MusicCueSheet_TvAberta_Agosto2023.xlsx,MusicCueSheet_Agosto23,,02/08/2023,SUPER  FERDI CONTRA O BAIXO ASTRAL,,,AMIGUINHA XUXA,"MESSIAS CORREA,ROGERIO ENOE",XUXA,,,,"UNIVERSAL MGB,UNIVERSAL MGB",,,,0,0
Globo,MusicCueSheet_TvAberta_Agosto2023.xlsx,MusicCueSheet_Agosto23,,02/08/2023,SUPER  FERDI CONTRA O BAIXO ASTRAL,,,FESTA DO ESTICA E PUXA,"BELL,WADINHO",XUXA,,,,"PEERMUSIC,PEERMUSIC",,,,0,0
Globo,MusicCueSheet_TvAberta_Agosto2023.xlsx,MusicCueSheet_Agosto23,,02/08/2023,SUPER  FERDI CONTRA O BAIXO ASTRAL,,,SO DEPOIS DO CARNAVAL,"ANDERSON BRITO,ANDRE VIEIRA,ANDRE VIEIRA,PEDRO BREDER,PEDRO BREDER,WALLACE VIANNA,WALLACE VIANNA",LEXA,,,,"UNIVERSAL MGB,UNIVERSAL MGB,WARNER CHAPPELL,UNIVERSAL MGB,WARNER CHAPPELL,UNIVERSAL MGB,WARNER CHAPPELL",,,,0,0
Globo,MusicCueSheet_TvAberta_Agosto2023.xlsx,MusicCueSheet_Agosto23,,02/08/2023,SUPER  FERDI CONTRA O BAIXO ASTRAL,,,AMARELINHA,"FRED PEREIRA,ZE HENRIQUE",XUXA,,,,"SONY MUSIC PUBLISHING,PEERMUSIC",,,,0,0
Globo,MusicCueSheet_TvAberta_Agosto2023.xlsx,MusicCueSheet_Agosto23,,02/08/2023,SUPER  FERDI CONTRA O BAIXO ASTRAL,,,CROC CROC,RUBENS ALEXANDRE,XUXA,,,,PEERMUSIC,,,,0,0
Globo,MusicCueSheet_TvAberta_Agosto2023.xlsx,MusicCueSheet_Agosto23,,02/08/2023,SUPER  FERDI CONTRA O BAIXO ASTRAL,,,CINCO PATINHOS,"ANTHONY FIELDS,GREG PAGE,JEFF FATT,MURRAY COOK,VANESSA ALVES",XUXA,,,,"UNIVERSAL MGB,UNIVERSAL MGB,UNIVERSAL MGB,UNIVERSAL MGB,SONY MUSIC PUBLISHING",,,,0,0
Globo,MusicCueSheet_TvAberta_Agosto2023.xlsx,MusicCueSheet_Agosto23,,02/08/2023,SUPER  FERDI CONTRA O BAIXO ASTRAL,,,DANCA DA XUXA,"PRENTICE,RONALDO MONTEIRO DE SOUZA",XUXA,,,,"WARNER CHAPPELL,WARNER CHAPPELL",,,,0,0
Globo,MusicCueSheet_TvAberta_Agosto2023.xlsx,MusicCueSheet_Agosto23,,02/08/2023,SUPER  FERDI CONTRA O BAIXO ASTRAL,,,DANCA DA XUXA,"PRENTICE,RONALDO MONTEIRO DE SOUZA",XUXA,,,,"WARNER CHAPPELL,WARNER CHAPPELL",,,,0,0
Globo,MusicCueSheet_TvAberta_Agosto2023.xlsx,MusicCueSheet_Agosto23,,02/08/2023,SUPER  FERDI CONTRA O BAIXO ASTRAL,,,DANCA DA XUXA,"PRENTICE,RONALDO MONTEIRO DE SOUZA",XUXA,,,,"WARNER CHAPPELL,WARNER CHAPPELL",,,,0,0
Globo,MusicCueSheet_TvAberta_Agosto2023.xlsx,MusicCueSheet_Agosto23,,02/08/2023,SUPER  FERDI CONTRA O BAIXO ASTRAL,,,AMIGUINHA XUXA,"MESSIAS CORREA,ROGERIO ENOE",XUXA,,,,"UNIVERSAL MGB,UNIVERSAL MGB",,,,0,0
Globo,MusicCueSheet_TvAberta_Agosto2023.xlsx,MusicCueSheet_Agosto23,,03/08/2023,1209,,,POBRE MENINA,"BERT RUSSEL,LENO,LENO,WESS FARREL","BOB RUSSELL,WES FARRELL",,,,"SONY MUSIC PUBLISHING,A DESCOBRIR,SONY MUSIC PUBLISHING,A DESCOBRIR",,,,0,0
Globo,MusicCueSheet_TvAberta_Agosto2023.xlsx,MusicCueSheet_Agosto23,,03/08/2023,2849,,,QUANDO O SOL SE FOR,"A DESCOBRIR,DJ CLESTON,FABIO BRASIL,RENATO ROCHA,RODRIGO NETTO,TCHELLO,TICO SANTA CRUZ",DETONAUTAS,,,,"A DESCOBRIR,WARNER CHAPPELL,WARNER CHAPPELL,WARNER CHAPPELL,WARNER CHAPPELL,WARNER CHAPPELL,WARNER CHAPPELL",,,,0,0
Globo,MusicCueSheet_TvAberta_Agosto2023.xlsx,MusicCueSheet_Agosto23,,03/08/2023,2849,,,VAI DAR CERTO CITACAO VAI NA FE,"ANCHIETA,DANIEL MUSY,DJ GM,JULIO RAPOSO,MARQUINHO OSOCIO,MC LIRO,PEPE SANTOS,UILIAM PIMENTA","MC LIRO, NEGRA LI",FULL MIX,,,"SONY MUSIC PUBLISHING,SIGEM,LOVE FUNK,WARNER CHAPPELL,MARQUINHO OSOCIO,LOVE FUNK,WARNER CHAPPELL,WARNER CHAPPELL",GLOBO,,,0,0
Globo,MusicCueSheet_TvAberta_Agosto2023.xlsx,MusicCueSheet_Agosto23,,03/08/2023,2849,,,BEIJA FLOR,"JAUPERY,JUCKA MANEIRO,PIERRE ONASSIS,SILVIO ALMEIDA",JOSE LORETO,,,,"WARNER CHAPPELL,UNIVERSAL MGB,WARNER CHAPPELL,FABRICA DA MUSICA",,,,0,0
Globo,MusicCueSheet_TvAberta_Agosto2023.xlsx,MusicCueSheet_Agosto23,,03/08/2023,2849,,,QUANDO O SOL SE FOR,"A DESCOBRIR,DJ CLESTON,FABIO BRASIL,RENATO ROCHA,RODRIGO NETTO,TCHELLO,TICO SANTA CRUZ",DETONAUTAS,,,,"A DESCOBRIR,WARNER CHAPPELL,WARNER CHAPPELL,WARNER CHAPPELL,WARNER CHAPPELL,WARNER CHAPPELL,WARNER CHAPPELL",,,,0,0
Globo,MusicCueSheet_TvAberta_Agosto2023.xlsx,MusicCueSheet_Agosto23,,03/08/2023,2849,,,VOCE ME FAZ TAO BEM,"DJ CLESTON,FABIO BRASIL,RENATO ROCHA,RODRIGO NETTO,TCHELLO,TICO SANTA CRUZ",DETONAUTAS,,,,"WARNER CHAPPELL,WARNER CHAPPELL,WARNER CHAPPELL,WARNER CHAPPELL,WARNER CHAPPELL,WARNER CHAPPELL",,,,0,0
Globo,MusicCueSheet_TvAberta_Agosto2023.xlsx,MusicCueSheet_Agosto23,,03/08/2023,2849,,,VOCE ME FAZ TAO BEM,"DJ CLESTON,FABIO BRASIL,RENATO ROCHA,RODRIGO NETTO,TCHELLO,TICO SANTA CRUZ",DETONAUTAS,,,,"WARNER CHAPPELL,WARNER CHAPPELL,WARNER CHAPPELL,WARNER CHAPPELL,WARNER CHAPPELL,WARNER CHAPPELL",,,,0,0
Globo,MusicCueSheet_TvAberta_Agosto2023.xlsx,MusicCueSheet_Agosto23,,03/08/2023,2849,,,APOSTA,"FABIO BRASIL,MACCA,PHIL MACHADO,RENATO ROCHA,TICO SANTA CRUZ",DETONAUTAS,,,,"A DESCOBRIR,A DESCOBRIR,A DESCOBRIR,A DESCOBRIR,A DESCOBRIR",,,,0,0
Globo,MusicCueSheet_TvAberta_Agosto2023.xlsx,MusicCueSheet_Agosto23,,03/08/2023,2849,,,APOSTA,"FABIO BRASIL,MACCA,PHIL MACHADO,RENATO ROCHA,TICO SANTA CRUZ",DETONAUTAS,,,,"A DESCOBRIR,A DESCOBRIR,A DESCOBRIR,A DESCOBRIR,A DESCOBRIR",,,,0,0
Globo,MusicCueSheet_TvAberta_Agosto2023.xlsx,MusicCueSheet_Agosto23,,03/08/2023,5874,,,HINO DA SOCIEDADE ESPORTIVA PALMEIRAS,ANTONIO SERGI,LEO BARY,SEM TORCIDA,,,CORISCO,GLOBO,,,0,0
Globo,MusicCueSheet_TvAberta_Agosto2023.xlsx,MusicCueSheet_Agosto23,,03/08/2023,5874,,,MOCOTO COM PIMENTA,"GERALDO BABAO,OSWALDINO DE CARVALHO",ALMIR GUINETO,,,,"PEERMUSIC,PEERMUSIC",EMI,,,0,0
Globo,MusicCueSheet_TvAberta_Agosto2023.xlsx,MusicCueSheet_Agosto23,,03/08/2023,5874,,,COMO UMA ONDA,"LULU SANTOS,NELSON MOTTA",LULU SANTOS,,,,"UNIVERSAL MGB,UNIVERSAL MGB",WEA,,,0,0
Globo,MusicCueSheet_TvAberta_Agosto2023.xlsx,MusicCueSheet_Agosto23,,03/08/2023,5874,,,GAROTA NOTA 100,"MICHAEL SULLIVAN,MIGUEL PLOPSCHI,PAULO MASSADAS","DJ MALBORO, MC MARCINHO",FULL MIX,,,"SONY MUSIC PUBLISHING,SONY MUSIC PUBLISHING,SONY MUSIC PUBLISHING",LINK RECORDS,,,0,0
Globo,MusicCueSheet_TvAberta_Agosto2023.xlsx,MusicCueSheet_Agosto23,,03/08/2023,6,,,BAILE SABOROSO,"HUGO PASSAQUIN,JOSE ANTONIO PEREIRA BRAZ,PEDRO MAIA","KING DOUDOU,MULU",,,,"ROCKING GORILLAS,ROCKING GORILLAS,ROCKING GORILLAS",,,,0,0
Globo,MusicCueSheet_TvAberta_Agosto2023.xlsx,MusicCueSheet_Agosto23,,03/08/2023,6,,,DEMARCACAO,"BRUNO VERON,CHARLIE PEIXOTO,CLEMERSON VERON,KELVIN MBARETE,MARINA PERALTA","BRO MCS,MARINA PERALTA",,,,"A DESCOBRIR,A DESCOBRIR,A DESCOBRIR,A DESCOBRIR,ROCKING GORILLAS",,,,0,0
Globo,MusicCueSheet_TvAberta_Agosto2023.xlsx,MusicCueSheet_Agosto23,,03/08/2023,6,,,SURRA DE GROOVE,"CHIBATINHA,OZ,RAONI KANALHA,RDD",ATTOXXA,,,,"BMG,BMG,BMG,BMG",,,,0,0
Globo,MusicCueSheet_TvAberta_Agosto2023.xlsx,MusicCueSheet_Agosto23,,03/08/2023,6,,,BAILE SABOROSO,"HUGO PASSAQUIN,JOSE ANTONIO PEREIRA BRAZ,PEDRO MAIA","KING DOUDOU,,MULU",,,,"ROCKING GORILLAS,ROCKING GORILLAS,ROCKING GORILLAS",,,,0,0
Globo,MusicCueSheet_TvAberta_Agosto2023.xlsx,MusicCueSheet_Agosto23,,03/08/2023,6,,,BOA NOITE,"ANDRE HOSOI,ANDRE MURILO DA SILVA,ANDRE VENEGAS,BRUNO BUARQUE,DANI ZULU,FERNANDO BARBA,FLAVIA MAIA,GIBA ALVES,JOAO SIMAO,LU HORTA,MAIRAH BRITO ROCHA,MARCELO PRETTO,MAURICIO MAAS,RENATO EPSTEIN,VERA LUCIA BARBOSA DE MELO,ZE GONZALES",TROPKILAZ,,,,"MCD,BMG,MCD,MCD,MCD,MCD,MCD,MCD,MCD,MCD,MCD,MCD,MCD,MCD,MCD,BMG",,,,0,0
Globo,MusicCueSheet_TvAberta_Agosto2023.xlsx,MusicCueSheet_Agosto23,,03/08/2023,A NOITE DA BRILHANTINA,,,BAD,MICHAEL JACKSON,MICHAEL JACKSON,,,,SONY MUSIC PUBLISHING,EPIC/LEGACY,,,0,0
Globo,MusicCueSheet_TvAberta_Agosto2023.xlsx,MusicCueSheet_Agosto23,,03/08/2023,A NOITE DA BRILHANTINA,,,BIQUINI DE BOLINHA AMARELINHA TAO PEQUENININHO,"HERVE CORDOVIL,HERVE CORDOVIL,LEE POCKRISS,VANCE",BLITZ,,,,"BMG,FERMATA,FERMATA,BMG",EMI MUSIC BRASIL LTDA,,,0,0
Globo,MusicCueSheet_TvAberta_Agosto2023.xlsx,MusicCueSheet_Agosto23,,03/08/2023,A NOITE DA BRILHANTINA,,,ESTUPIDO CUPIDO,"FRED JORGE,HOWARD GREENFIELD,NEIL SEDAKA",CELLY CAMPELO,,,,"SONY MUSIC PUBLISHING,SONY MUSIC PUBLISHING,SONY MUSIC PUBLISHING",UNIVERSAL MUSIC LTDA.,,,0,0
Globo,MusicCueSheet_TvAberta_Agosto2023.xlsx,MusicCueSheet_Agosto23,,03/08/2023,A NOITE DA BRILHANTINA,,,GREASED LIGHTNIN,"JIM JACOBS,WARREN CASEY",JOHN TRAVOLTA,,,,"WARNER CHAPPELL,WARNER CHAPPELL",UNIVERSAL MUSIC ENTERPRISES,,,0,0
Globo,MusicCueSheet_TvAberta_Agosto2023.xlsx,MusicCueSheet_Agosto23,,03/08/2023,A NOITE DA BRILHANTINA,,,HOUND DOG,"JERRY LEIBER,JERRY LEIBER,MIKE STOLLER,MIKE STOLLER",ELVIS PRESLEY,,,,"UNIVERSAL MGB,WARNER CHAPPELL,UNIVERSAL MGB,WARNER CHAPPELL",RCA RECORDS LABEL,,,0,0
Globo,MusicCueSheet_TvAberta_Agosto2023.xlsx,MusicCueSheet_Agosto23,,03/08/2023,A NOITE DA BRILHANTINA,,,IMORTAL,"BARRY GIBB,FEIO,MAURICE GIBB,ROBIN GIBB",SANDY E JUNIOR,,,,"UNIVERSAL MGB,UNIVERSAL MGB,UNIVERSAL MGB,UNIVERSAL MGB",UNIVERSAL MUSIC LTDA.,,,0,0
Globo,MusicCueSheet_TvAberta_Agosto2023.xlsx,MusicCueSheet_Agosto23,,03/08/2023,A NOITE DA BRILHANTINA,,,LA BAMBA,RITCHIE VALENS,LOS LOBOS,,,,WARNER CHAPPELL,RHINO/SLASH,,,0,0
Globo,MusicCueSheet_TvAberta_Agosto2023.xlsx,MusicCueSheet_Agosto23,,03/08/2023,A NOITE DA BRILHANTINA,,,LATE QUE EU TO PASSANDO,"MC CHATINHO,MC KORINGA,PARDAL,SAN DANADO",VALESCA POPOZUDA,,,,"NOWA,NOWA,NOWA,NOWA",MAN RECORDINGS,,,0,0
Globo,MusicCueSheet_TvAberta_Agosto2023.xlsx,MusicCueSheet_Agosto23,,03/08/2023,A NOITE DA BRILHANTINA,,,A LENDA,"KIKO,NANDO,RICARDO FEGHALI",TEREZINHA VQC,,,,"UNIVERSAL MGB,UNIVERSAL MGB,UNIVERSAL MGB",,,,0,0
Globo,MusicCueSheet_TvAberta_Agosto2023.xlsx,MusicCueSheet_Agosto23,,03/08/2023,A NOITE DA BRILHANTINA,,,MEU MUNDO CAIU,MAYSA,MAYSA,,,,FERMATA,SOM LIVRE,,,0,0
Globo,MusicCueSheet_TvAberta_Agosto2023.xlsx,MusicCueSheet_Agosto23,,03/08/2023,A NOITE DA BRILHANTINA,,,PHYSICAL,"STEVE KIPNER,TERRY SHADDICK",OLIVIA NEWTON JOHN,,,,"SONY MUSIC PUBLISHING,SONY MUSIC PUBLISHING",LIONS GATE RECORDS,,,0,0
Globo,MusicCueSheet_TvAberta_Agosto2023.xlsx,MusicCueSheet_Agosto23,,03/08/2023,A NOITE DA BRILHANTINA,,,QUANDO VOCE PASSA,"CIRO ESPOSITO,CIRO ESPOSITO,FRANCESCO BOCCIA,FRANCESCO BOCCIA,GIANFRANCO CALLIENDO,GIANFRANCO CALLIENDO,RICARDO MOREIRA,RICARDO MOREIRA",SANDY E JUNIOR,,,,"DUBAS,PEERMUSIC,DUBAS,PEERMUSIC,DUBAS,PEERMUSIC,DUBAS,PEERMUSIC",UNIVERSAL MUSIC LTDA.,,,0,0
Globo,MusicCueSheet_TvAberta_Agosto2023.xlsx,MusicCueSheet_Agosto23,,03/08/2023,A NOITE DA BRILHANTINA,,,SUMMER NIGHTS,"JIM JACOBS,WARREN CASEY","JOHN TRAVOLTA,OLIVIA NEWTON JOHN",,,,"WARNER CHAPPELL,WARNER CHAPPELL",UMC (UNIVERSAL MUSIC CATALOGUE),,,0,0
Globo,MusicCueSheet_TvAberta_Agosto2023.xlsx,MusicCueSheet_Agosto23,,03/08/2023,A NOITE DA BRILHANTINA,,,YOU RE THE ONE THAT I WANT,JOHN FARRAR,"JOHN TRAVOLTA,OLIVIA NEWTON-JOHN",,,,SONY MUSIC PUBLISHING,UMC (UNIVERSAL MUSIC CATALOGUE),,,0,0
Globo,MusicCueSheet_TvAberta_Agosto2023.xlsx,MusicCueSheet_Agosto23,,03/08/2023,JUNINHO DE MIAMI,,,IN DA CLUB,"A YOUNG,C JACKSON,MICHAEL ELIZONDO",50 CENT,,,,"WARNER CHAPPELL,ABRAMUS,BMG",,,,0,0
Globo,MusicCueSheet_TvAberta_Agosto2023.xlsx,MusicCueSheet_Agosto23,,03/08/2023,JUNINHO DE MIAMI,,,IN DA CLUB,"A YOUNG,C JACKSON,MICHAEL ELIZONDO",50 CENT,,,,"WARNER CHAPPELL,ABRAMUS,BMG",,,,0,0
Globo,MusicCueSheet_TvAberta_Agosto2023.xlsx,MusicCueSheet_Agosto23,,03/08/2023,JUNINHO DE MIAMI,,,IN DA CLUB,"A YOUNG,C JACKSON,MICHAEL ELIZONDO",50 CENT,,,,"WARNER CHAPPELL,ABRAMUS,BMG",,,,0,0
Globo,MusicCueSheet_TvAberta_Agosto2023.xlsx,MusicCueSheet_Agosto23,,03/08/2023,JUNINHO DE MIAMI,,,I WILL ALWAYS LOVE YOU,DOLLY PARTON,WHITNEY HOUSTON,,,,SONY MUSIC PUBLISHING,,,,0,0
Globo,MusicCueSheet_TvAberta_Agosto2023.xlsx,MusicCueSheet_Agosto23,,03/08/2023,JUNINHO DE MIAMI,,,MEU MUNDO CAIU,MAYSA,MAYSA,,,,FERMATA,,,,0,0
Globo,MusicCueSheet_TvAberta_Agosto2023.xlsx,MusicCueSheet_Agosto23,,03/08/2023,JUNINHO DE MIAMI,,,PAPUM,"MC KEVINHO,MC LUKKAS",MC KEVINHO,,,,"KONDZILLA,KONDZILLA",,,,0,0
Globo,MusicCueSheet_TvAberta_Agosto2023.xlsx,MusicCueSheet_Agosto23,,03/08/2023,JUNINHO DE MIAMI,,,PAPUM,"MC KEVINHO,MC LUKKAS",MC KEVINHO,,,,"KONDZILLA,KONDZILLA",,,,0,0
Globo,MusicCueSheet_TvAberta_Agosto2023.xlsx,MusicCueSheet_Agosto23,,03/08/2023,JUNINHO DE MIAMI,,,MORDIDA DE AMOR,"CLARK STEPHEN,JOSEPH ELLIOTT,JOSEPH ELLIOTT,PHILIP KENNETH COLLEN,RICHARD ALLEN,RICHARD SAVAGE,RICHARD SAVAGE,ROBERT LANGE,ROBERTINHO DO RECIFE",YAHOO,,,,"ABRAMUS,ABRAMUS,BMG,ABRAMUS,ABRAMUS,ABRAMUS,BMG,UNIVERSAL MGB,UNIVERSAL MGB",,,,0,0
Globo,MusicCueSheet_TvAberta_Agosto2023.xlsx,MusicCueSheet_Agosto23,,04/08/2023,1210,,,MUITO ROMANTICO,CAETANO VELOSO,XANDE DE PILARES,,,,WARNER CHAPPELL,,,,0,0
Globo,MusicCueSheet_TvAberta_Agosto2023.xlsx,MusicCueSheet_Agosto23,,04/08/2023,1210,,,LUZ DO SOL,CAETANO VELOSO,XANDE DE PILARES,,,,WARNER CHAPPELL,,,,0,0
Globo,MusicCueSheet_TvAberta_Agosto2023.xlsx,MusicCueSheet_Agosto23,,04/08/2023,1210,,,TIGRESA,CAETANO VELOSO,XANDE DE PILARES,,,,WARNER CHAPPELL,,,,0,0
Globo,MusicCueSheet_TvAberta_Agosto2023.xlsx,MusicCueSheet_Agosto23,,04/08/2023,1210,,,TIGRESA,CAETANO VELOSO,XXX,,,,WARNER CHAPPELL,,,,0,0
Globo,MusicCueSheet_TvAberta_Agosto2023.xlsx,MusicCueSheet_Agosto23,,04/08/2023,2850,,,PRETTY GIRLS WALK,"DIAMOND SMITH,GAMAL LEWIS,LUKASZ GOTTWALD,LUNCH MONEY LEWIS,ROCCO VALDES,THERON THOMAS",BIG BOSS VETTE,,,,"A DESCOBRIR,A DESCOBRIR,A DESCOBRIR,A DESCOBRIR,A DESCOBRIR,A DESCOBRIR","REPUBLIC RECORDS, PRESCRIPTION SONGS",,,0,0
Globo,MusicCueSheet_TvAberta_Agosto2023.xlsx,MusicCueSheet_Agosto23,,04/08/2023,2850,,,A GENTE E MUITO MAIS,"LUCAS SILVEIRA,M M IZIDORO",JOÃO GOMES,,,,"BMG,M M IZIDORO",BELIEVE,,,0,0
Globo,MusicCueSheet_TvAberta_Agosto2023.xlsx,MusicCueSheet_Agosto23,,04/08/2023,2850,,,NAO QUE EU VA,"BRENO CASAGRANDE,SAMIR TRINDADE,SHYLTON FERNANDES,VITOR CASAGRANDE",LEO PARANGOLÉ,,,,"WARNER CHAPPELL,WARNER CHAPPELL,WARNER CHAPPELL,WARNER CHAPPELL",,,,0,0
Globo,MusicCueSheet_TvAberta_Agosto2023.xlsx,MusicCueSheet_Agosto23,,04/08/2023,2850,,,RAPUNZEL,"JUNIOR GOMES,LUCAS MEDEIROS,SHYLTON FERNANDES,VITTINHO NO BEAT",LEO PARANGOLÉ,,,,"A DESCOBRIR,A DESCOBRIR,A DESCOBRIR,A DESCOBRIR",,,,0,0
Globo,MusicCueSheet_TvAberta_Agosto2023.xlsx,MusicCueSheet_Agosto23,,04/08/2023,2850,,,RAPUNZEL,"JUNIOR GOMES,LUCAS MEDEIROS,SHYLTON FERNANDES,VITTINHO NO BEAT",LEO PARANGOLÉ,,,,"A DESCOBRIR,A DESCOBRIR,A DESCOBRIR,A DESCOBRIR",,,,0,0
Globo,MusicCueSheet_TvAberta_Agosto2023.xlsx,MusicCueSheet_Agosto23,,04/08/2023,4082023,,,PERMISSION TO DANCE,"ED SHEERAN,JENNA ANDREWS,JOHN MACDAID,STEVE MAC",BTS,,,,"SONY MUSIC PUBLISHING,WARNER CHAPPELL,SONY MUSIC PUBLISHING,UNIVERSAL MGB",SONY MUSIC ENTERTAINMENT,,,0,0
Globo,MusicCueSheet_TvAberta_Agosto2023.xlsx,MusicCueSheet_Agosto23,,04/08/2023,4082023,,,LOVE ME HARDER,"KYO CHANG LEE,POP TIME,SEUNG YOUN CHO",WOODZ,,,,"A DESCOBRIR,A DESCOBRIR,A DESCOBRIR",,,,0,0
Globo,MusicCueSheet_TvAberta_Agosto2023.xlsx,MusicCueSheet_Agosto23,,04/08/2023,4082023,,,TO DE CARA,SOROCABA,LUAN SANTANA,,,,EDITORA JKF,,,,0,0
Globo,MusicCueSheet_TvAberta_Agosto2023.xlsx,MusicCueSheet_Agosto23,,04/08/2023,4082023,,,BUMP BUMP,"KYO CHANG LEE,SEUNG YOUN CHO",WOODZ,,,,"A DESCOBRIR,A DESCOBRIR",,,,0,0
Globo,MusicCueSheet_TvAberta_Agosto2023.xlsx,MusicCueSheet_Agosto23,,04/08/2023,4082023,,,DETALHES,"ERASMO CARLOS,ROBERTO CARLOS",ROBERTO CARLOS,,,,"SONY MUSIC PUBLISHING,SONY MUSIC PUBLISHING",,,,0,0
Globo,MusicCueSheet_TvAberta_Agosto2023.xlsx,MusicCueSheet_Agosto23,,04/08/2023,4082023,,,DETALHES,"ERASMO CARLOS,ROBERTO CARLOS",ROBERTO CARLOS,,,,"SONY MUSIC PUBLISHING,SONY MUSIC PUBLISHING",,,,0,0
Globo,MusicCueSheet_TvAberta_Agosto2023.xlsx,MusicCueSheet_Agosto23,,04/08/2023,4082023,,,OUTRA VIDA,ARMANDINHO,ARMANDINHO,,,,UNIVERSAL MGB,UNIVERSAL,,,0,0
Globo,MusicCueSheet_TvAberta_Agosto2023.xlsx,MusicCueSheet_Agosto23,,04/08/2023,5875,,,SAI DA MINHA ABA,"ALEXANDRE PIRES,LOURENCO",SO PRA CONTRARIAR,,,,"UNIVERSAL MGB,L O S",RCA RECORDS LABEL,,,0,0
Globo,MusicCueSheet_TvAberta_Agosto2023.xlsx,MusicCueSheet_Agosto23,,04/08/2023,5875,,,SAI DA MINHA ABA,"ALEXANDRE PIRES,LOURENCO",SÓ PRA CONTRARIAR,,,,"UNIVERSAL MGB,L O S",RCA RECORDS LABEL,,,0,0
Globo,MusicCueSheet_TvAberta_Agosto2023.xlsx,MusicCueSheet_Agosto23,,04/08/2023,5875,,,I LIKE TO MOVE IT,"ERIC MORILLO,MARK QUASHIE",MADAGASCAR,,,,"BMG,BMG",,,,0,0
Globo,MusicCueSheet_TvAberta_Agosto2023.xlsx,MusicCueSheet_Agosto23,,04/08/2023,5875,,,PARABENS A VOCE,"LEA MAGALHAES,MILDRED J HILL,PATTY S HILL",BANDA CARA DE PAU,,,,"WARNER CHAPPELL,DP,DP",INDEPENDENTE,,,0,0
Globo,MusicCueSheet_TvAberta_Agosto2023.xlsx,MusicCueSheet_Agosto23,,04/08/2023,A RAINHA DA TAPIOCA,,,ARE YOU GONNA GO MY WAY,"CRAIG ROSS,LENNY KRAVITZ",LENNY KRAVITZ,,,,"WARNER CHAPPELL,BMG","VIRGIN RECORDS, BMG PUBLISHING",,,0,0
Globo,MusicCueSheet_TvAberta_Agosto2023.xlsx,MusicCueSheet_Agosto23,,04/08/2023,A RAINHA DA TAPIOCA,,,CORACAO RADIANTE,"HELINHO DO SALGUEIRO,MAURO JR,XANDE DE PILARES",LACRAIA VQC,,,,"UNIVERSAL MGB,DECK,DECK",,,,0,0
Globo,MusicCueSheet_TvAberta_Agosto2023.xlsx,MusicCueSheet_Agosto23,,04/08/2023,A RAINHA DA TAPIOCA,,,GARUPA,"A DESCOBRIR,ARTHUR MARQUES,MAFFALDA,PABLLO VITTAR,PABLO BISPO,RODRIGO GORKY,ZEBU","PABLLO VITTAR,LUISA SONZA",,,,"A DESCOBRIR,WARNER CHAPPELL,WARNER CHAPPELL,WARNER CHAPPELL,WARNER CHAPPELL,WARNER CHAPPELL,WARNER CHAPPELL",UNIVERSAL MUSIC LTDA.,,,0,0
Globo,MusicCueSheet_TvAberta_Agosto2023.xlsx,MusicCueSheet_Agosto23,,04/08/2023,A RAINHA DA TAPIOCA,,,ME APAIXONEI PELA PESSOA ERRADA,"CLEBER BITTENCOURT,CLEBER BITTENCOURT,PETER CORREA",EXALTASAMBA,,,,"PEERMUSIC,SONY MUSIC PUBLISHING,SONY MUSIC PUBLISHING",EMI BRAZIL,,,0,0
Globo,MusicCueSheet_TvAberta_Agosto2023.xlsx,MusicCueSheet_Agosto23,,04/08/2023,A RAINHA DA TAPIOCA,,,MY HEART WILL GO ON,"JAMES HORNER,WILL JENNINGS,WILL JENNINGS",CELINE DION,,,,"SONY MUSIC PUBLISHING,SONY MUSIC PUBLISHING,UNIVERSAL MGB",COLUMBIA,,,0,0
Globo,MusicCueSheet_TvAberta_Agosto2023.xlsx,MusicCueSheet_Agosto23,,04/08/2023,A RAINHA DA TAPIOCA,,,NAUGHTY GIRL,"ANGELA BEYINCE,BEYONCE KNOWLES,DONNA SUMMER,GIORGIO MORODER,PETE BELLOTTE,ROBERT WALLER,SCOTT STORCH,WESLEY",BEYONCE,,,,"WARNER CHAPPELL,SONY MUSIC PUBLISHING,WARNER CHAPPELL,WARNER CHAPPELL,WARNER CHAPPELL,ABRAMUS,BMG,UNIVERSAL MGB",COLUMBIA,,,0,0
Globo,MusicCueSheet_TvAberta_Agosto2023.xlsx,MusicCueSheet_Agosto23,,04/08/2023,A RAINHA DA TAPIOCA,,,NAO QUERO DINHEIRO,TIM MAIA,TIM MAIA,,,,WARNER CHAPPELL,UNIVERSAL MUSIC LTDA.,,,0,0
Globo,MusicCueSheet_TvAberta_Agosto2023.xlsx,MusicCueSheet_Agosto23,,04/08/2023,A RAINHA DA TAPIOCA,,,SANTA HELENA,MARCIO MELLO,DANIELA MERCURY,,,,UNIVERSAL MGB,ARIOLA,,,0,0
Globo,MusicCueSheet_TvAberta_Agosto2023.xlsx,MusicCueSheet_Agosto23,,04/08/2023,A RAINHA DA TAPIOCA,,,SEGREDINHO,"PABLO BISPO,RUXELL,SERGIO SANTOS",PANKADON,,,,"WARNER CHAPPELL,BMG,WARNER CHAPPELL",SONY MUSIC ENTERTAINMENT,,,0,0
Globo,MusicCueSheet_TvAberta_Agosto2023.xlsx,MusicCueSheet_Agosto23,,04/08/2023,A RAINHA DA TAPIOCA,,,SONHAR NAO CUSTA NADA OU QUASE NADA,"DICO DA VIOLA,MOLEQUE SILVEIRA,PAULINHO MOCIDADE",REGINEL VQC,,,,"EDIMUSA,EDIMUSA,EDIMUSA",,,,0,0
Globo,MusicCueSheet_TvAberta_Agosto2023.xlsx,MusicCueSheet_Agosto23,,04/08/2023,A RAINHA DA TAPIOCA,,,SPIRIT,"BEYONCE,ILYA SALMANZADEH,TIMOTHY MCKENZIE",BEYONCE,,,,"UNIVERSAL MGB,UNIVERSAL MGB,UNIVERSAL MGB",PARKWOOD ENTERTAINMENT/COLUMBIA,,,0,0
Globo,MusicCueSheet_TvAberta_Agosto2023.xlsx,MusicCueSheet_Agosto23,,04/08/2023,A RAINHA DA TAPIOCA,,,SWING DA COR,"LUCIANO GOMES,LUCIANO GOMES",DANIELA MERCURY,,,,"SONY MUSIC PUBLISHING,UNIVERSAL MGB",EPIC,,,0,0
Globo,MusicCueSheet_TvAberta_Agosto2023.xlsx,MusicCueSheet_Agosto23,,04/08/2023,A RAINHA DA TAPIOCA,,,SO DEPOIS DO CARNAVAL,"ANDERSON BRITO,ANDRE VIEIRA,ANDRE VIEIRA,PEDRO BREDER,PEDRO BREDER,WALLACE VIANNA,WALLACE VIANNA",LEXA,,,,"UNIVERSAL MGB,UNIVERSAL MGB,WARNER CHAPPELL,UNIVERSAL MGB,WARNER CHAPPELL,UNIVERSAL MGB,WARNER CHAPPELL",SOM LIVRE,,,0,0
Globo,MusicCueSheet_TvAberta_Agosto2023.xlsx,MusicCueSheet_Agosto23,,05/08/2023,1125,,,TODA FORMA DE AMOR,LULU SANTOS,BANDA ALTAS HORAS,,,,UNIVERSAL MGB,,,,0,0
Globo,MusicCueSheet_TvAberta_Agosto2023.xlsx,MusicCueSheet_Agosto23,,05/08/2023,1125,,,TODA FORMA DE AMOR,LULU SANTOS,BANDA ALTAS HORAS,,,,UNIVERSAL MGB,,,,0,0
Globo,MusicCueSheet_TvAberta_Agosto2023.xlsx,MusicCueSheet_Agosto23,,05/08/2023,1125,,,A DOR DESSE AMOR,"OMAR ALFANNO,PISKA","KLB, CHAY SUEDE",,,,"SONY MUSIC PUBLISHING,SONY MUSIC PUBLISHING",,,,0,0
Globo,MusicCueSheet_TvAberta_Agosto2023.xlsx,MusicCueSheet_Agosto23,,05/08/2023,1125,,,MINHA TIMIDEZ,"JUNO,JUNO,PISKA","KLB, CHAY SUEDE",,,,"A DESCOBRIR,SONY MUSIC PUBLISHING,WARNER CHAPPELL",,,,0,0
Globo,MusicCueSheet_TvAberta_Agosto2023.xlsx,MusicCueSheet_Agosto23,,05/08/2023,1125,,,CHEIA DE CHARME,GUILHERME ARANTES,MAURICIO MANIERI,,,,SONY MUSIC PUBLISHING,,,,0,0
Globo,MusicCueSheet_TvAberta_Agosto2023.xlsx,MusicCueSheet_Agosto23,,05/08/2023,1125,,,VELHA ROUPA COLORIDA,BELCHIOR,"GLÓRIA GROOVE, GINA",,,,FORTALEZA,,,,0,0
Globo,MusicCueSheet_TvAberta_Agosto2023.xlsx,MusicCueSheet_Agosto23,,05/08/2023,1125,,,PRO DIA NASCER FELIZ,"CAZUZA,FREJAT",BANDA ALTAS HORAS,,,,"WARNER CHAPPELL,WARNER CHAPPELL",,,,0,0
Globo,MusicCueSheet_TvAberta_Agosto2023.xlsx,MusicCueSheet_Agosto23,,05/08/2023,1125,,,O DESCOBRIDOR DOS SETE MARES,"GILSON MENDONCA,MICHEL",BANDA ALTAS HORAS,,,,"PEERMUSIC,PEERMUSIC",,,,0,0
Globo,MusicCueSheet_TvAberta_Agosto2023.xlsx,MusicCueSheet_Agosto23,,05/08/2023,1125,,,OLHAR 43,"LUIZ SCHIAVON,PAULO RICARDO",KLB,,,,"WARNER CHAPPELL,UNIVERSAL MGB",,,,0,0
Globo,MusicCueSheet_TvAberta_Agosto2023.xlsx,MusicCueSheet_Agosto23,,05/08/2023,1125,,,BONEKINHA,"GLORIA GROOVE,PABLO BISPO,RUXELL",GLÓRIA GROOVE,,,,"WARNER CHAPPELL,WARNER CHAPPELL,WARNER CHAPPELL",,,,0,0
Globo,MusicCueSheet_TvAberta_Agosto2023.xlsx,MusicCueSheet_Agosto23,,05/08/2023,1125,,,VERMELHO,"DALESTE,GLORIA GROOVE,PABLO BISPO,RUXELL",GLÓRIA GROOVE,,,,"UNIVERSAL MGB,WARNER CHAPPELL,WARNER CHAPPELL,WARNER CHAPPELL",,,,0,0
Globo,MusicCueSheet_TvAberta_Agosto2023.xlsx,MusicCueSheet_Agosto23,,05/08/2023,1125,,,A FORMULA DO AMOR,"LEO JAIME,LEONI",BANDA ALTAS HORAS,,,,"COPYRIGHTS,PEERMUSIC",,,,0,0
Globo,MusicCueSheet_TvAberta_Agosto2023.xlsx,MusicCueSheet_Agosto23,,05/08/2023,1125,,,LOVE IS IN THE AIR,"GEORGE YOUNG,HARRY VANDA",MAURICIO MANIERI,,,,"BMG,BMG",,,,0,0
Globo,MusicCueSheet_TvAberta_Agosto2023.xlsx,MusicCueSheet_Agosto23,,05/08/2023,1125,,,FESTA DO INTERIOR,"ABEL SILVA,MORAES MOREIRA",GINA GARCIA,,,,"SONY MUSIC PUBLISHING,WARNER CHAPPELL",,,,0,0
Globo,MusicCueSheet_TvAberta_Agosto2023.xlsx,MusicCueSheet_Agosto23,,05/08/2023,1125,,,RAZOES E EMOCOES,"DI FERRERO,GEE ROCHA",BANDA ALTAS HORAS,,,,"UNIVERSAL MGB,UNIVERSAL MGB",,,,0,0
Globo,MusicCueSheet_TvAberta_Agosto2023.xlsx,MusicCueSheet_Agosto23,,05/08/2023,1125,,,WHISKY A GO GO,"MICHAEL SULLIVAN,MIGUEL PLOPSCHI,PAULO MASSADAS",BANDA ALTAS HORAS,,,,"SONY MUSIC PUBLISHING,SONY MUSIC PUBLISHING,SONY MUSIC PUBLISHING",,,,0,0
Globo,MusicCueSheet_TvAberta_Agosto2023.xlsx,MusicCueSheet_Agosto23,,05/08/2023,1125,,,UM ANJO,"A DESCOBRIR,GUY CHAMBERS,ROBBIE WILLIAMS,ROSANA FERRAO,VERONICA SABINO",KLB,,,,"A DESCOBRIR,ROCKING GORILLAS,UNIVERSAL MGB,SOLUTION MUSIC,SOLUTION MUSIC",,,,0,0
Globo,MusicCueSheet_TvAberta_Agosto2023.xlsx,MusicCueSheet_Agosto23,,05/08/2023,1125,,,MEU ERRO,HERBERT VIANNA,BANDA ALTAS HORAS,,,,SONY MUSIC PUBLISHING,,,,0,0
Globo,MusicCueSheet_TvAberta_Agosto2023.xlsx,MusicCueSheet_Agosto23,,05/08/2023,1125,,,VOU DEIXAR,"CHICO AMARAL,SAMUEL ROSA",BANDA ALTAS HORAS,,,,"SONY MUSIC PUBLISHING,SONY MUSIC PUBLISHING",,,,0,0
Globo,MusicCueSheet_TvAberta_Agosto2023.xlsx,MusicCueSheet_Agosto23,,05/08/2023,1125,,,LINDO BALAO AZUL,GUILHERME ARANTES,"BANDA ALTAS HORAS, GLORIA GROOVE, GINA, MAURICIO MANIERI",,,,WARNER CHAPPELL,,,,0,0
Globo,MusicCueSheet_TvAberta_Agosto2023.xlsx,MusicCueSheet_Agosto23,,05/08/2023,1125,,,LINDO BALAO AZUL,GUILHERME ARANTES,"BANDA ALTAS HORAS, GLORIA GROOVE, GINA, MAURICIO MANIERI",,,,WARNER CHAPPELL,,,,0,0
Globo,MusicCueSheet_TvAberta_Agosto2023.xlsx,MusicCueSheet_Agosto23,,05/08/2023,416,,,A GENTE E MUITO MAIS,"LUCAS SILVEIRA,M M IZIDORO",JOÃO GOMES,,,,"BMG,M M IZIDORO",,,,0,0
Globo,MusicCueSheet_TvAberta_Agosto2023.xlsx,MusicCueSheet_Agosto23,,05/08/2023,5082023,,,HAPPY UPBEAT,PINKZEBRA,PINKZEBRA,,,,A DESCOBRIR,,,,0,0
Globo,MusicCueSheet_TvAberta_Agosto2023.xlsx,MusicCueSheet_Agosto23,,05/08/2023,5082023,,,THYNARA,"DAMES FRANCISCO SANTANA,DANY MYLER",DANY MYLER,,,,"INSPIRACAO MUSICAL,A DESCOBRIR",,,,0,0
Globo,MusicCueSheet_TvAberta_Agosto2023.xlsx,MusicCueSheet_Agosto23,,05/08/2023,5082023,,,CABECA OMBRO JOELHO E PE,GUI DA TROPA,GUI DA TROPA,,,,A DESCOBRIR,,,,0,0
Globo,MusicCueSheet_TvAberta_Agosto2023.xlsx,MusicCueSheet_Agosto23,,05/08/2023,5082023,,,UN BREAK MY HEART,DIANNE WARREN,DANY MYLER,,,,BMG,,,,0,0
Globo,MusicCueSheet_TvAberta_Agosto2023.xlsx,MusicCueSheet_Agosto23,,05/08/2023,5082023,,,PURA ADRENALINA,"ALEXANDRE LUCAS,FOGACA,PRATEADO",GRUPO DOZE POR OITO,,,,"SONY MUSIC PUBLISHING,SONY MUSIC PUBLISHING,SONY MUSIC PUBLISHING",,,,0,0
Globo,MusicCueSheet_TvAberta_Agosto2023.xlsx,MusicCueSheet_Agosto23,,05/08/2023,5082023,,,JOGA PELADA,"BRUNA SOUZA,DOUGIE,LARY,LIZA LOU,LUCAS CARVALHO,RAPHA OLIVEIRA",GRUPO DOZE POR OITO,,,,"A DESCOBRIR,A DESCOBRIR,A DESCOBRIR,A DESCOBRIR,A DESCOBRIR,A DESCOBRIR",,,,0,0
Globo,MusicCueSheet_TvAberta_Agosto2023.xlsx,MusicCueSheet_Agosto23,,05/08/2023,5082023,,,MANDA AUDIO,"BRUNO MANDIOCA,CLAUSIO DUTRA,JOAO MATHEUS,MAYKOW MELO",GRUPO DOZE POR OITO,,,,"BMG,ABRAMUS,ABRAMUS,BMG",,,,0,0
Globo,MusicCueSheet_TvAberta_Agosto2023.xlsx,MusicCueSheet_Agosto23,,05/08/2023,5082023,,,ELA MEXE COMIGO,"JOVELINO LOPES,TEODORO",GRUPO DOZE POR OITO,,,,"PEERMUSIC,PEERMUSIC",,,,0,0
Globo,MusicCueSheet_TvAberta_Agosto2023.xlsx,MusicCueSheet_Agosto23,,05/08/2023,5082023,,,VICIO,"LUIZ CLAUDIO PICOLE,PRATEADO",GRUPO DOZE POR OITO,,,,"WARNER CHAPPELL,WARNER CHAPPELL",,,,0,0
Globo,MusicCueSheet_TvAberta_Agosto2023.xlsx,MusicCueSheet_Agosto23,,05/08/2023,5082023,,,MANDE UM SINAL,"ANDRE RENATO,FELIPE SILVA",GRUPO DOZE POR OITO,,,,"WARNER CHAPPELL,WARNER CHAPPELL",,,,0,0
Globo,MusicCueSheet_TvAberta_Agosto2023.xlsx,MusicCueSheet_Agosto23,,05/08/2023,5082023,,,MEIO TERMO,"BRUNA SOUZA,DOUGIE,LARY,LIZA LOU,LUCAS CARVALHO,RAPHA OLIVEIRA",GRUPO DOZE POR OITO,,,,"A DESCOBRIR,A DESCOBRIR,A DESCOBRIR,A DESCOBRIR,A DESCOBRIR,A DESCOBRIR",,,,0,0
Globo,MusicCueSheet_TvAberta_Agosto2023.xlsx,MusicCueSheet_Agosto23,,05/08/2023,5082023,,,NAO PRECISA MUDAR,"GIGI,SAULO FERNANDES",GRUPO DOZE POR OITO,,,,"IESSI MUSIC PUBLISHING,IESSI MUSIC PUBLISHING",,,,0,0
Globo,MusicCueSheet_TvAberta_Agosto2023.xlsx,MusicCueSheet_Agosto23,,05/08/2023,5082023,,,NAO PRECISA MUDAR,"GIGI,SAULO FERNANDES",GRUPO DOZE POR OITO,,,,"IESSI MUSIC PUBLISHING,IESSI MUSIC PUBLISHING",,,,0,0
Globo,MusicCueSheet_TvAberta_Agosto2023.xlsx,MusicCueSheet_Agosto23,,06/08/2023,6082023,,,HINO DO VASCO DA GAMA,LAMARTINE BABO,ORQUESTRA E CORO CID,,,,FERMATA,CID,,,0,0
Globo,MusicCueSheet_TvAberta_Agosto2023.xlsx,MusicCueSheet_Agosto23,,06/08/2023,6082023,,,HINO DO GREMIO FOOT BALL PORTOALEGRENSE,LUPICINIO RODRIGUES,ORQUESTRA E CORO CID,,,,VITALE,CID,,,0,0
Globo,MusicCueSheet_TvAberta_Agosto2023.xlsx,MusicCueSheet_Agosto23,,06/08/2023,100,,,IN DA CLUB,"A YOUNG,C JACKSON,MICHAEL ELIZONDO",50 CENT,,,,"WARNER CHAPPELL,ABRAMUS,BMG",SHADY RECORDS,,,0,0
Globo,MusicCueSheet_TvAberta_Agosto2023.xlsx,MusicCueSheet_Agosto23,,06/08/2023,100,,,TARDE EM ITAPOA,"TOQUINHO,VINICIUS DE MORAES","MARILIA MEDALHA,TOQUINHO,VINÍCIUS DE MORAES",,,,"UNIVERSAL MGB,UNIVERSAL MGB",SOM LIVRE,,,0,0
Globo,MusicCueSheet_TvAberta_Agosto2023.xlsx,MusicCueSheet_Agosto23,,06/08/2023,100,,,GET LOW,"D HOLMES,E JACKSON,J SMITH","YING YANG TWINS,LIL JON & THE EAST SIDE BOYZ",,,,"SONY MUSIC PUBLISHING,SONY MUSIC PUBLISHING,BMG",THE ORCHARD,,,0,0
Globo,MusicCueSheet_TvAberta_Agosto2023.xlsx,MusicCueSheet_Agosto23,,06/08/2023,100,,,BORN TO BE WILD,MARS BONFIRE,STEPPENWOLF,,,,UNIVERSAL MGB,,,,0,0
Globo,MusicCueSheet_TvAberta_Agosto2023.xlsx,MusicCueSheet_Agosto23,,06/08/2023,100,,,IN FOR THE KILL,"BENEDICT LANGMAID,ELLY JACKSON",LA ROUX,,,,"SONY MUSIC PUBLISHING,SONY MUSIC PUBLISHING",POLYDOR RECORDS,,,0,0
Globo,MusicCueSheet_TvAberta_Agosto2023.xlsx,MusicCueSheet_Agosto23,,06/08/2023,100,,,HEY YA,ANDRE BENJAMIM,OUTKAST,,,,BMG,ARISTA,,,0,0
Globo,MusicCueSheet_TvAberta_Agosto2023.xlsx,MusicCueSheet_Agosto23,,06/08/2023,100,,,I DON T FEEL LIKE DANCING,"ELTON JOHN,JASON SELLARDS,SCOTT HOFFMAN",SCISSOR SISTERS,,,,"UNIVERSAL MGB,A DESCOBRIR,A DESCOBRIR",POLYDOR RECORDS,,,0,0
Globo,MusicCueSheet_TvAberta_Agosto2023.xlsx,MusicCueSheet_Agosto23,,06/08/2023,100,,,MOVE YOUR FEET,JESPER MORTENSEN,JUNIOR SENIOR,,,,SONY MUSIC PUBLISHING,CRUNCHY FROG,,,0,0
Globo,MusicCueSheet_TvAberta_Agosto2023.xlsx,MusicCueSheet_Agosto23,,06/08/2023,100,,,CLOCKS,"CHRIS MARTIN,GUY BERRYMAN,JONNY BUCKLAND,WILL CHAMPION",COLDPLAY,,,,"UNIVERSAL MGB,UNIVERSAL MGB,UNIVERSAL MGB,UNIVERSAL MGB",PARLOPHONE RECORDS LIMITED,,,0,0
Globo,MusicCueSheet_TvAberta_Agosto2023.xlsx,MusicCueSheet_Agosto23,,06/08/2023,100,,,CLOCKS,"CHRIS MARTIN,GUY BERRYMAN,JONNY BUCKLAND,WILL CHAMPION",COLDPLAY,,,,"UNIVERSAL MGB,UNIVERSAL MGB,UNIVERSAL MGB,UNIVERSAL MGB",PARLOPHONE RECORDS LIMITED,,,0,0
Globo,MusicCueSheet_TvAberta_Agosto2023.xlsx,MusicCueSheet_Agosto23,,06/08/2023,100,,,WHAT MAKES YOU BEAUTIFUL,"CARL FALK,RAMI YACOUB,SAVAN KOTECHA,SAVAN KOTECHA,SAVAN KOTECHA",ONE DIRECTION,,,,"BMG,BMG,A DESCOBRIR,ABRAMUS,SONY MUSIC PUBLISHING",KOBALT MUSIC PUBLISHING,,,0,0
Globo,MusicCueSheet_TvAberta_Agosto2023.xlsx,MusicCueSheet_Agosto23,,06/08/2023,100,,,WHAT MAKES YOU BEAUTIFUL,"CARL FALK,RAMI YACOUB,SAVAN KOTECHA,SAVAN KOTECHA,SAVAN KOTECHA",ONE DIRECTION,,,,"BMG,BMG,A DESCOBRIR,ABRAMUS,SONY MUSIC PUBLISHING",KOBALT MUSIC PUBLISHING,,,0,0
Globo,MusicCueSheet_TvAberta_Agosto2023.xlsx,MusicCueSheet_Agosto23,,06/08/2023,100,,,THATS WHAT I WANT,"BLAKE SLATKIN,KEEGAN BACH,MONTERO HILL,OMER FEDI,RYAN TEDDER",LIL NAS X,,,,"UNIVERSAL MGB,A DESCOBRIR,SONY MUSIC PUBLISHING,UNIVERSAL MGB,ABRAMUS",UNIVERSAL MUSIC PUBLISHING,,,0,0
Globo,MusicCueSheet_TvAberta_Agosto2023.xlsx,MusicCueSheet_Agosto23,,06/08/2023,100,,,THATS WHAT I WANT,"BLAKE SLATKIN,KEEGAN BACH,MONTERO HILL,OMER FEDI,RYAN TEDDER",LIL NAS X,,,,"UNIVERSAL MGB,A DESCOBRIR,SONY MUSIC PUBLISHING,UNIVERSAL MGB,ABRAMUS",UNIVERSAL MUSIC PUBLISHING,,,0,0
Globo,MusicCueSheet_TvAberta_Agosto2023.xlsx,MusicCueSheet_Agosto23,,06/08/2023,100,,,THATS WHAT I WANT,"BLAKE SLATKIN,KEEGAN BACH,MONTERO HILL,OMER FEDI,RYAN TEDDER",LIL NAS X,,,,"UNIVERSAL MGB,A DESCOBRIR,SONY MUSIC PUBLISHING,UNIVERSAL MGB,ABRAMUS",UNIVERSAL MUSIC PUBLISHING,,,0,0
Globo,MusicCueSheet_TvAberta_Agosto2023.xlsx,MusicCueSheet_Agosto23,,06/08/2023,100,,,ANUNCIACAO,ALCEU VALENCA,ORQUESTRA INDIGENA TEKO ARANDU,,,,HUMAITA,,,,0,0
Globo,MusicCueSheet_TvAberta_Agosto2023.xlsx,MusicCueSheet_Agosto23,,06/08/2023,100,,,ANUNCIACAO,ALCEU VALENCA,ORQUESTRA INDIGENA TEKO ARANDU E GABY AMARANTUS,,,,HUMAITA,,,,0,0
Globo,MusicCueSheet_TvAberta_Agosto2023.xlsx,MusicCueSheet_Agosto23,,06/08/2023,100,,,RELAX MY EYES,"ABEL ROMIJN,JESSE VAN DER HEIJDEN,OGUZHAN GUNEY",ABEL BALDER,,,,"A DESCOBRIR,A DESCOBRIR,A DESCOBRIR",NO ART,,,0,0
Globo,MusicCueSheet_TvAberta_Agosto2023.xlsx,MusicCueSheet_Agosto23,,06/08/2023,100,,,RELAX MY EYES,"ABEL ROMIJN,JESSE VAN DER HEIJDEN,OGUZHAN GUNEY",ABEL BALDER,,,,"A DESCOBRIR,A DESCOBRIR,A DESCOBRIR",NO ART,,,0,0
Globo,MusicCueSheet_TvAberta_Agosto2023.xlsx,MusicCueSheet_Agosto23,,06/08/2023,100,,,SAY IT RIGHT,"NATE HILLS,NELLY FURTADO,TIM MOSLEY","NELLY FURTADO,MEF",,,,"ROCKING GORILLAS,SONY MUSIC PUBLISHING,PEERMUSIC",,,,0,0
Globo,MusicCueSheet_TvAberta_Agosto2023.xlsx,MusicCueSheet_Agosto23,,06/08/2023,100,,,RUN TO YOU,"ALLAN RICH,JUD FRIEDMAN",GABRIEL HERNIQUE,,,,"UNIVERSAL MGB,PEERMUSIC",,,,0,0
Globo,MusicCueSheet_TvAberta_Agosto2023.xlsx,MusicCueSheet_Agosto23,,06/08/2023,6082023,,,HYDE PARK,KEITH MANSFIELD,"PEDRO GUEDES, RAFAEL LANGONI",2018,,,SONY MUSIC PUBLISHING,GLOBO,,,201800,2018
Globo,MusicCueSheet_TvAberta_Agosto2023.xlsx,MusicCueSheet_Agosto23,,06/08/2023,6082023,,,HYDE PARK,KEITH MANSFIELD,"PEDRO GUEDES, RAFAEL LANGONI",ROCK,,,SONY MUSIC PUBLISHING,GLOBO,,,0,0
Globo,MusicCueSheet_TvAberta_Agosto2023.xlsx,MusicCueSheet_Agosto23,,06/08/2023,6082023,,,ANUNCIACAO,ALCEU VALENCA,PIA SUNDHAGE,,,,HUMAITA,,,,0,0
Globo,MusicCueSheet_TvAberta_Agosto2023.xlsx,MusicCueSheet_Agosto23,,06/08/2023,6082023,,,DANCE THE NIGHT,"ANDREW WYATT,CAROLINE AILIN,DUA LIPA,MARK RONSON",DUA LIPA,,,,"KOBALT MUSIC,SONY MUSIC PUBLISHING,A DESCOBRIR,PEERMUSIC",,,,0,0
Globo,MusicCueSheet_TvAberta_Agosto2023.xlsx,MusicCueSheet_Agosto23,,06/08/2023,6082023,,,SOU A BARBIE GIRL,"A DESCOBRIR,A DESCOBRIR,CLAUS NORREEN,GUSTAVO LINS,GUSTAVO LINS,JOHNNY MOSEGAARD PEDERSON,KARSTEN DELGADO,LENE NYSTRONI,RENE DIF,SOREN RASTED,UMBERTO TAVARES,UMBERTO TAVARES",KELLY KEY,,,,"A DESCOBRIR,WARNER CHAPPELL,UNIVERSAL MGB,UNIVERSAL MGB,WARNER CHAPPELL,UNIVERSAL MGB,UNIVERSAL MGB,UNIVERSAL MGB,UNIVERSAL MGB,WARNER CHAPPELL,UNIVERSAL MGB,WARNER CHAPPELL",,,,0,0
Globo,MusicCueSheet_TvAberta_Agosto2023.xlsx,MusicCueSheet_Agosto23,,06/08/2023,6082023,,,HYDE PARK,KEITH MANSFIELD,LUCAS GUTIERREZ,,,,SONY MUSIC PUBLISHING,,,,0,0
Globo,MusicCueSheet_TvAberta_Agosto2023.xlsx,MusicCueSheet_Agosto23,,06/08/2023,6082023,,,HYDE PARK,KEITH MANSFIELD,LUCAS GUTIERREZ,,,,SONY MUSIC PUBLISHING,,,,0,0
Globo,MusicCueSheet_TvAberta_Agosto2023.xlsx,MusicCueSheet_Agosto23,,06/08/2023,O CIUME,,,LOVE S THEME,BARRY WHITE,BARRY WHITE,,,,WARNER CHAPPELL,,,,0,0
Globo,MusicCueSheet_TvAberta_Agosto2023.xlsx,MusicCueSheet_Agosto23,,06/08/2023,O CIUME,,,PLEASE DON T GO,"HARRY WAYNE CASEY,RONALD FINCH",ELENCO,,,,"SONY MUSIC PUBLISHING,SONY MUSIC PUBLISHING",,,,0,0
Globo,MusicCueSheet_TvAberta_Agosto2023.xlsx,MusicCueSheet_Agosto23,,06/08/2023,2598,,,MY ALL,"MARIAH CAREY,WALTER AFANASIEFF,WALTER AFANASIEFF",MARIAH CAREY,,,,"UNIVERSAL MGB,A DESCOBRIR,SONY MUSIC PUBLISHING",,,,0,0
Globo,MusicCueSheet_TvAberta_Agosto2023.xlsx,MusicCueSheet_Agosto23,,06/08/2023,2598,,,MY HEART WILL GO ON,"JAMES HORNER,WILL JENNINGS,WILL JENNINGS",CELINE DION,,,,"SONY MUSIC PUBLISHING,SONY MUSIC PUBLISHING,UNIVERSAL MGB",,,,0,0
Globo,MusicCueSheet_TvAberta_Agosto2023.xlsx,MusicCueSheet_Agosto23,,06/08/2023,2598,,,I HAVE NOTHING,"DAVID FOSTER,DAVID FOSTER,LINDA THOMPSON,LINDA THOMPSON",WHITNEY HOUSTON,,,,"PEERMUSIC,UNIVERSAL MGB,UNIVERSAL MGB,WARNER CHAPPELL",,,,0,0
Globo,MusicCueSheet_TvAberta_Agosto2023.xlsx,MusicCueSheet_Agosto23,,06/08/2023,2598,,,GREATEST LOVE OF ALL,"LINDA CREED,MICHAEL MASSER",GABRIEL HENRIQUE,,,,"A DESCOBRIR,A DESCOBRIR",,,,0,0
Globo,MusicCueSheet_TvAberta_Agosto2023.xlsx,MusicCueSheet_Agosto23,,06/08/2023,2598,,,UM ANJO VEIO ME FALAR,"ALINE,ELIOT KENNEDY,FANTINE,KARIN,LUCIANA,NOEL JOHN SULLIVAN,PATY,RICK BONADIO,TIM WOODCOCK",GABRIEL HENRIQUE,,,,"A DESCOBRIR,SONY MUSIC PUBLISHING,A DESCOBRIR,A DESCOBRIR,A DESCOBRIR,A DESCOBRIR,A DESCOBRIR,A DESCOBRIR,BMG",,,,0,0
Globo,MusicCueSheet_TvAberta_Agosto2023.xlsx,MusicCueSheet_Agosto23,,06/08/2023,2598,,,MY ALL,"MARIAH CAREY,WALTER AFANASIEFF,WALTER AFANASIEFF",GABRIEL HENRIQUE,,,,"UNIVERSAL MGB,A DESCOBRIR,SONY MUSIC PUBLISHING",,,,0,0
Globo,MusicCueSheet_TvAberta_Agosto2023.xlsx,MusicCueSheet_Agosto23,,06/08/2023,2598,,,SANGUE LATINO,"JOAO RICARDO,PAULINHO MENDONCA",SECOS E MOLHADOS,,,,"UNIVERSAL MGB,UNIVERSAL MGB",WARNER MUSIC,,,0,0
Globo,MusicCueSheet_TvAberta_Agosto2023.xlsx,MusicCueSheet_Agosto23,,06/08/2023,2598,,,MUITO ROMANTICO,CAETANO VELOSO,"CAETANO VELOSO,XANDE DE PILARES",,,,WARNER CHAPPELL,,,,0,0
Globo,MusicCueSheet_TvAberta_Agosto2023.xlsx,MusicCueSheet_Agosto23,,06/08/2023,2598,,,SANGUE LATINO,"JOAO RICARDO,PAULINHO MENDONCA",SECOS E MOLHADOS,FULL MIX,,,"UNIVERSAL MGB,UNIVERSAL MGB",WARNER,,,0,0
Globo,MusicCueSheet_TvAberta_Agosto2023.xlsx,MusicCueSheet_Agosto23,,06/08/2023,2598,,,SANGUE LATINO,"JOAO RICARDO,PAULINHO MENDONCA",SECOS E MOLHADOS,FULL MIX,,,"UNIVERSAL MGB,UNIVERSAL MGB",WARNER,,,0,0
Globo,MusicCueSheet_TvAberta_Agosto2023.xlsx,MusicCueSheet_Agosto23,,06/08/2023,2598,,,AGUAS DE MARCO,TOM JOBIM,"ELIS REGINA,TOM JOBIM",,,,JOBIM MUSIC,,,,0,0
Globo,MusicCueSheet_TvAberta_Agosto2023.xlsx,MusicCueSheet_Agosto23,,06/08/2023,2598,,,AGORA SO FALTA VOCE,"LUIZ SERGIO,RITA LEE",RITA LEE,,,,"WARNER CHAPPELL,WARNER CHAPPELL",,,,0,0
Globo,MusicCueSheet_TvAberta_Agosto2023.xlsx,MusicCueSheet_Agosto23,,06/08/2023,2598,,,APENAS UM RAPAZ LATINO AMERICANO,BELCHIOR,BELCHIOR,,,,FORTALEZA,,,,0,0
Globo,MusicCueSheet_TvAberta_Agosto2023.xlsx,MusicCueSheet_Agosto23,,06/08/2023,2598,,,SANGUE LATINO,"JOAO RICARDO,PAULINHO MENDONCA",SECOS E MOLHADOS,FULL MIX,,,"UNIVERSAL MGB,UNIVERSAL MGB",WARNER,,,0,0
Globo,MusicCueSheet_TvAberta_Agosto2023.xlsx,MusicCueSheet_Agosto23,,06/08/2023,2598,,,SANGUE LATINO,"JOAO RICARDO,PAULINHO MENDONCA",SECOS E MOLHADOS,FULL MIX,,,"UNIVERSAL MGB,UNIVERSAL MGB",WARNER,,,0,0
Globo,MusicCueSheet_TvAberta_Agosto2023.xlsx,MusicCueSheet_Agosto23,,06/08/2023,2598,,,APRENDENDO A JOGAR,GUILHERME ARANTES,ELIS REGINA,,,,WARNER CHAPPELL,,,,0,0
Globo,MusicCueSheet_TvAberta_Agosto2023.xlsx,MusicCueSheet_Agosto23,,06/08/2023,2598,,,SANGUE LATINO,"JOAO RICARDO,PAULINHO MENDONCA",SECOS E MOLHADOS,FULL MIX,,,"UNIVERSAL MGB,UNIVERSAL MGB",WARNER,,,0,0
Globo,MusicCueSheet_TvAberta_Agosto2023.xlsx,MusicCueSheet_Agosto23,,06/08/2023,2598,,,MACHO,"ERASMO CARLOS,ROBERTO CARLOS",SANDRA BREA,,,,"WARNER CHAPPELL,WARNER CHAPPELL",,,,0,0
Globo,MusicCueSheet_TvAberta_Agosto2023.xlsx,MusicCueSheet_Agosto23,,06/08/2023,2598,,,SANGUE LATINO,"JOAO RICARDO,PAULINHO MENDONCA",SECOS E MOLHADOS,FULL MIX,,,"UNIVERSAL MGB,UNIVERSAL MGB",WARNER,,,0,0
Globo,MusicCueSheet_TvAberta_Agosto2023.xlsx,MusicCueSheet_Agosto23,,06/08/2023,2598,,,DIAMONDS ARE A GIRL S BEST FRIENDS,"JULE STYNE,LEO ROBIN",MARILYN MONROE,,,,"BMG,BMG",,,,0,0
Globo,MusicCueSheet_TvAberta_Agosto2023.xlsx,MusicCueSheet_Agosto23,,06/08/2023,2598,,,SANGUE LATINO,"JOAO RICARDO,PAULINHO MENDONCA",SECOS E MOLHADOS,FULL MIX,,,"UNIVERSAL MGB,UNIVERSAL MGB",WARNER,,,0,0
Globo,MusicCueSheet_TvAberta_Agosto2023.xlsx,MusicCueSheet_Agosto23,,06/08/2023,2598,,,MUITO ROMANTICO,CAETANO VELOSO,"CAETANO VELOSO,XANDE DE PILARES",,,,WARNER CHAPPELL,,,,0,0
Globo,MusicCueSheet_TvAberta_Agosto2023.xlsx,MusicCueSheet_Agosto23,,06/08/2023,2598,,,IT S A LONG WAY,CAETANO VELOSO,CAETANO VELOSO,FULL MIX,,,WARNER CHAPPELL,UNIVERSAL MUSIC,,,0,0
Globo,MusicCueSheet_TvAberta_Agosto2023.xlsx,MusicCueSheet_Agosto23,,06/08/2023,2598,,,QUALQUER COISA,CAETANO VELOSO,XANDE DE PILARES,,,,WARNER CHAPPELL,,,,0,0
Globo,MusicCueSheet_TvAberta_Agosto2023.xlsx,MusicCueSheet_Agosto23,,06/08/2023,2598,,,TRILHOS URBANOS,CAETANO VELOSO,XANDE DE PILARES,,,,WARNER CHAPPELL,,,,0,0
Globo,MusicCueSheet_TvAberta_Agosto2023.xlsx,MusicCueSheet_Agosto23,,06/08/2023,2598,,,GENTE,CAETANO VELOSO,XANDE DE PILARES,,,,WARNER CHAPPELL,,,,0,0
Globo,MusicCueSheet_TvAberta_Agosto2023.xlsx,MusicCueSheet_Agosto23,,06/08/2023,2598,,,ALEGRIA ALEGRIA,CAETANO VELOSO,CAETANO VELOSO,,,,WARNER CHAPPELL,,,,0,0
Globo,MusicCueSheet_TvAberta_Agosto2023.xlsx,MusicCueSheet_Agosto23,,06/08/2023,2598,,,ALEGRIA ALEGRIA,CAETANO VELOSO,XANDE DE PILARES,,,,WARNER CHAPPELL,,,,0,0
Globo,MusicCueSheet_TvAberta_Agosto2023.xlsx,MusicCueSheet_Agosto23,,06/08/2023,2598,,,ELA E EU,CAETANO VELOSO,"CAETANO VELOSO,XANDE DE PILARES",,,,WARNER CHAPPELL,,,,0,0
Globo,MusicCueSheet_TvAberta_Agosto2023.xlsx,MusicCueSheet_Agosto23,,06/08/2023,2598,,,O AMOR,"CAETANO VELOSO,NEY COSTA SANTOS",GAL COSTA,,,,"WARNER CHAPPELL,WARNER CHAPPELL",,,,0,0
Globo,MusicCueSheet_TvAberta_Agosto2023.xlsx,MusicCueSheet_Agosto23,,06/08/2023,2598,,,O AMOR,"CAETANO VELOSO,NEY COSTA SANTOS",XANDE DE PILARES,,,,"WARNER CHAPPELL,WARNER CHAPPELL",,,,0,0
Globo,MusicCueSheet_TvAberta_Agosto2023.xlsx,MusicCueSheet_Agosto23,,06/08/2023,2598,,,MUITO ROMANTICO,CAETANO VELOSO,"CAETANO VELOSO,XANDE DE PILARES",,,,WARNER CHAPPELL,,,,0,0
Globo,MusicCueSheet_TvAberta_Agosto2023.xlsx,MusicCueSheet_Agosto23,,06/08/2023,2598,,,CONCEICAO,"DUNGA,JAIR AMORIM",CAUBY PEIXOTO,,,,"ADDAF,ADDAF",,,,0,0
Globo,MusicCueSheet_TvAberta_Agosto2023.xlsx,MusicCueSheet_Agosto23,,06/08/2023,6082023,,,TODO SEU,"DIEGO DE SOUZA,KEL BERTIN,LÉO SOUZZA,TIAGO MARCELO",JORGE & MATEUS,,,,"SONY MUSIC PUBLISHING,FUSION MUSIC,FUSION MUSIC,FUSION MUSIC",,,,0,0
Globo,MusicCueSheet_TvAberta_Agosto2023.xlsx,MusicCueSheet_Agosto23,,06/08/2023,6082023,,,TEM NADA A VER,"CARLOS COLLA,ELIAS MUNIZ",JORGE & MATEUS,,,,"ADDAF,PEERMUSIC",,,,0,0
Globo,MusicCueSheet_TvAberta_Agosto2023.xlsx,MusicCueSheet_Agosto23,,06/08/2023,6082023,,,TE CUIDA CORACAO,PINOCCHIO,JORGE & MATEUS,,,,PEERMUSIC,,,,0,0
Globo,MusicCueSheet_TvAberta_Agosto2023.xlsx,MusicCueSheet_Agosto23,,06/08/2023,6082023,,,SE EU PEDIR CE VOLTA,"FABIO VIANA,RENATO BARROS",JORGE & MATEUS,,,,"PANTTANAL,PINOCCHIO MUSIC",,,,0,0
Globo,MusicCueSheet_TvAberta_Agosto2023.xlsx,MusicCueSheet_Agosto23,,06/08/2023,6082023,,,ESPELHO,PRISCILLA BARUCCI,JORGE & MATEUS,,,,SONY MUSIC PUBLISHING,,,,0,0
Globo,MusicCueSheet_TvAberta_Agosto2023.xlsx,MusicCueSheet_Agosto23,,06/08/2023,6082023,,,5 REGRAS,"DIOGO MELIM,RODRIGO MELIM,VITOR TRITOM",JORGE & MATEUS,,,,"UNIVERSAL MGB,UNIVERSAL MGB,UNIVERSAL MGB",,,,0,0
Globo,MusicCueSheet_TvAberta_Agosto2023.xlsx,MusicCueSheet_Agosto23,,06/08/2023,6082023,,,FOGUEIRA,JORGE,JORGE & MATEUS,,,,PANTTANAL,,,,0,0
Globo,MusicCueSheet_TvAberta_Agosto2023.xlsx,MusicCueSheet_Agosto23,,06/08/2023,6082023,,,O MUNDO E TAO PEQUENO,JORGE,JORGE & MATEUS,,,,UNIVERSAL MGB,,,,0,0
Globo,MusicCueSheet_TvAberta_Agosto2023.xlsx,MusicCueSheet_Agosto23,,06/08/2023,6082023,,,A HORA E AGORA,"DUDU BORGES,JORGE",JORGE & MATEUS,,,,"PANTTANAL,J&M",,,,0,0
Globo,MusicCueSheet_TvAberta_Agosto2023.xlsx,MusicCueSheet_Agosto23,,06/08/2023,6082023,,,VERDADE,"CARLINHOS SANTANA,NELSON RUFINO",ZECA PAGODINHO,,,,"UNIVERSAL MGB,SONY MUSIC PUBLISHING",,,,0,0
Globo,MusicCueSheet_TvAberta_Agosto2023.xlsx,MusicCueSheet_Agosto23,,06/08/2023,6082023,,,SAUDADE LOUCA,"ACYR MARQUES,ARLINDO CRUZ,FRANCO",ZECA PAGODINHO,,,,"UNIVERSAL MGB,WARNER CHAPPELL,UNIVERSAL MGB",,,,0,0
Globo,MusicCueSheet_TvAberta_Agosto2023.xlsx,MusicCueSheet_Agosto23,,06/08/2023,6082023,,,NOVINHA DO ONLYFANS  TCHAN RAN TCHAN TCHAN,"ALANZIM COREANO,FILIPE PINHEIRO,KADU MARTINS,RUAN LIMA",XAND AVIAO,,,,"SONY MUSIC PUBLISHING,A DESCOBRIR,A DESCOBRIR,SONY MUSIC PUBLISHING",,,,0,0
Globo,MusicCueSheet_TvAberta_Agosto2023.xlsx,MusicCueSheet_Agosto23,,06/08/2023,6082023,,,ASSUNTO DELICADO,"ELIAS COSTA,JEAN CARLOS,MAYKY MUNIZ,WASHINGTON JR",XAND AVIAO,,,,"BMG,SUA MUSICA DIGITAL,SUA MUSICA DIGITAL,WARNER CHAPPELL",,,,0,0
Globo,MusicCueSheet_TvAberta_Agosto2023.xlsx,MusicCueSheet_Agosto23,,06/08/2023,6082023,,,BALANCO DA REDE,"BALOVE,DAVI MELO,MADIMBU,MATHEUS FERNANDES,VITINHO POETA",XAND AVIAO,,,,"R3 PRODUÇÕES,SONY MUSIC PUBLISHING,SONY MUSIC PUBLISHING,SONY MUSIC PUBLISHING,A DESCOBRIR",,,,0,0
Globo,MusicCueSheet_TvAberta_Agosto2023.xlsx,MusicCueSheet_Agosto23,,06/08/2023,6082023,,,CIDADE INTEIRA,"DJ IVIS,VAL LIMA",XAND AVIAO,,,,"BERGER PRODUCOES,BERGER PRODUCOES",,,,0,0
Globo,MusicCueSheet_TvAberta_Agosto2023.xlsx,MusicCueSheet_Agosto23,,06/08/2023,6082023,,,ALL YOU GOTTA DO IS CALL ME,DJ IVIS,XAND AVIAO,,,,SONY MUSIC PUBLISHING,,,,0,0
Globo,MusicCueSheet_TvAberta_Agosto2023.xlsx,MusicCueSheet_Agosto23,,06/08/2023,DETETIVES DO PALACIO AZUL,,,FAVELA CHEGOU,"ANDRE VIEIRA,ANDRE VIEIRA,BREDER,BREDER,TALLIA,TALLIA,WALLACE VIANNA,WALLACE VIANNA",LUDMILLA,,,,"UNIVERSAL MGB,WARNER CHAPPELL,UNIVERSAL MGB,WARNER CHAPPELL,UNIVERSAL MGB,WARNER CHAPPELL,UNIVERSAL MGB,WARNER CHAPPELL",,,,0,0
Globo,MusicCueSheet_TvAberta_Agosto2023.xlsx,MusicCueSheet_Agosto23,,06/08/2023,DETETIVES DO PALACIO AZUL,,,ME CHAMA QUE EU VOU,"CLAUDIO RABELLO,TORCUATO",SIDNEY MAGAL,,,,"SONY MUSIC PUBLISHING,SONY MUSIC PUBLISHING",,,,0,0
Globo,MusicCueSheet_TvAberta_Agosto2023.xlsx,MusicCueSheet_Agosto23,,06/08/2023,DETETIVES DO PALACIO AZUL,,,PAU QUE NASCE TORTO,CAU LIMA,E O TCHAN,,,,UNIVERSAL MGB,,,,0,0
Globo,MusicCueSheet_TvAberta_Agosto2023.xlsx,MusicCueSheet_Agosto23,,06/08/2023,DETETIVES DO PALACIO AZUL,,,UM BARULHO UM SUMICO,"AMANDA REZENDE,DHANATHOM","GUTO OLIVEIRA,MIKE TULIO",,,,"SONY MUSIC PUBLISHING,SONY MUSIC PUBLISHING",,,,0,0
Globo,MusicCueSheet_TvAberta_Agosto2023.xlsx,MusicCueSheet_Agosto23,,06/08/2023,DETETIVES DO PALACIO AZUL,,,VOCE ME VIRA A CABECA (ME TIRA DO SERIO),"CHICO ROQUE,PAULO SERGIO VALLE,ZENITH PLOPSCHI",ALCIONE,,,,"SONY MUSIC PUBLISHING,SONY MUSIC PUBLISHING,SONY MUSIC PUBLISHING",,,,0,0
Globo,MusicCueSheet_TvAberta_Agosto2023.xlsx,MusicCueSheet_Agosto23,,07/08/2023,7082023,,,NASCI PRA VENCER,LUDMILLA,LUDMILLA,,,,WARNER CHAPPELL,,,,0,0
Globo,MusicCueSheet_TvAberta_Agosto2023.xlsx,MusicCueSheet_Agosto23,,07/08/2023,7082023,,,NASCI PRA VENCER,LUDMILLA,LUDMILLA,,,,WARNER CHAPPELL,,,,0,0
Globo,MusicCueSheet_TvAberta_Agosto2023.xlsx,MusicCueSheet_Agosto23,,07/08/2023,7082023,,,MODO AVIAO,"JEFFERSON JUNIOR,UMBERTO TAVARES",LUDMILLA,,,,"BMG,BMG",,,,0,0
Globo,MusicCueSheet_TvAberta_Agosto2023.xlsx,MusicCueSheet_Agosto23,,07/08/2023,7082023,,,VERDADE,"CARLINHOS SANTANA,NELSON RUFINO",ZECA PAGODINHO,,,,"UNIVERSAL MGB,SONY MUSIC PUBLISHING",,,,0,0
Globo,MusicCueSheet_TvAberta_Agosto2023.xlsx,MusicCueSheet_Agosto23,,07/08/2023,7082023,,,ZONA DE PERIGO,"ADRIEL MAX,FELLA BROWN,LUKINHAS,PIERROT JUNIOR,RAFA CHAGAS,YVES",LEO SANTANA,,,,"DOM GUEDES,BMG,SONY MUSIC PUBLISHING,MACHADO CONSULTORIA NEGOCIAL,IESSI MUSIC PUBLISHING,IESSI MUSIC PUBLISHING",,,,0,0
Globo,MusicCueSheet_TvAberta_Agosto2023.xlsx,MusicCueSheet_Agosto23,,07/08/2023,7082023,,,PESSIMO NEGOCIO,BRUNO CALIMAN,DILSINHO,,,,SONY MUSIC PUBLISHING,,,,0,0
Globo,MusicCueSheet_TvAberta_Agosto2023.xlsx,MusicCueSheet_Agosto23,,07/08/2023,7082023,,,SO VOCE,VINICIUS CANTUARIA,"FABIO JR,DILSINHO",,,,WARNER CHAPPELL,,,,0,0
Globo,MusicCueSheet_TvAberta_Agosto2023.xlsx,MusicCueSheet_Agosto23,,07/08/2023,7082023,,,FORCA ESTRANHA,CAETANO VELOSO,IVETE SANGALO,,,,WARNER CHAPPELL,,,,0,0
Globo,MusicCueSheet_TvAberta_Agosto2023.xlsx,MusicCueSheet_Agosto23,,07/08/2023,7082023,,,NOSSO QUADRO,"MARCO CARVALHO,RODOLFO ALESSI",ANA CASTELA,,,,"UNIVERSAL MGB,WARNER CHAPPELL",,,,0,0
Globo,MusicCueSheet_TvAberta_Agosto2023.xlsx,MusicCueSheet_Agosto23,,07/08/2023,7082023,,,PIPOCO,"ANA CASTELA,CHRIS NO BEAT,GUILHERME DIAS,LEO SOUZA,MATEUS FELIX,RODOLFO BOMFIM ALESSI",ANA CASTELA,,,,"WARNER CHAPPELL,WARNER CHAPPELL,FUSION MUSIC,FUSION MUSIC,WARNER CHAPPELL,WARNER CHAPPELL",,,,0,0
Globo,MusicCueSheet_TvAberta_Agosto2023.xlsx,MusicCueSheet_Agosto23,,07/08/2023,7082023,,,DENGO,"DANIEL MENDES,DIGGO","ANA CASTELA,JOAO GOMES",,,,"WARNER CHAPPELL,WARNER CHAPPELL",,,,0,0
Globo,MusicCueSheet_TvAberta_Agosto2023.xlsx,MusicCueSheet_Agosto23,,07/08/2023,7082023,,,EVIDENCIAS,"JOSE AUGUSTO,PAULO SERGIO VALLE",CHITAOZINHO & XORORO,,,,"UNIVERSAL MGB,SONY MUSIC PUBLISHING",,,,0,0
Globo,MusicCueSheet_TvAberta_Agosto2023.xlsx,MusicCueSheet_Agosto23,,07/08/2023,7082023,,,SINONIMOS,"CESAR AUGUSTO,CLAUDIO NOAM,PAULO SERGIO","ANA CASTELA,CHITAOZINHO & XORORO",,,,"WARNER CHAPPELL,SONY MUSIC PUBLISHING,WARNER CHAPPELL",,,,0,0
Globo,MusicCueSheet_TvAberta_Agosto2023.xlsx,MusicCueSheet_Agosto23,,07/08/2023,7082023,,,A GENTE E MUITO MAIS,"LUCAS SILVEIRA,M M IZIDORO",JOAO GOMES,,,,"BMG,M M IZIDORO",,,,0,0
Globo,MusicCueSheet_TvAberta_Agosto2023.xlsx,MusicCueSheet_Agosto23,,07/08/2023,7082023,,,A GENTE E MUITO MAIS,"LUCAS SILVEIRA,M M IZIDORO",JOAO GOMES,,,,"BMG,M M IZIDORO",,,,0,0
Globo,MusicCueSheet_TvAberta_Agosto2023.xlsx,MusicCueSheet_Agosto23,,07/08/2023,7082023,,,A GENTE E MUITO MAIS,"LUCAS SILVEIRA,M M IZIDORO",JOAO GOMES,,,,"BMG,M M IZIDORO",,,,0,0
Globo,MusicCueSheet_TvAberta_Agosto2023.xlsx,MusicCueSheet_Agosto23,,07/08/2023,7082023,,,A GENTE E MUITO MAIS,"LUCAS SILVEIRA,M M IZIDORO",JOAO GOMES,,,,"BMG,M M IZIDORO",,,,0,0
Globo,MusicCueSheet_TvAberta_Agosto2023.xlsx,MusicCueSheet_Agosto23,,07/08/2023,7082023,,,VOU DE TAXI,"ALOYSIO REIS,ALOYSIO REIS,BIAFRA,BIAFRA,ETHIENE RODA GIL,ETHIENE RODA GIL,FRANK LANGOBOFF",ANGELICA,,,,"SONY MUSIC PUBLISHING,WARNER CHAPPELL,SONY MUSIC PUBLISHING,WARNER CHAPPELL,SONY MUSIC PUBLISHING,WARNER CHAPPELL,WARNER CHAPPELL",,,,0,0
Globo,MusicCueSheet_TvAberta_Agosto2023.xlsx,MusicCueSheet_Agosto23,,07/08/2023,7082023,,,ILARIE,"CEINHA,CID GUERREIRO,CRISTINA LARRAURA,DITO",XUXA,,,,"PEERMUSIC,PEERMUSIC,PEERMUSIC,PEERMUSIC",,,,0,0
Globo,MusicCueSheet_TvAberta_Agosto2023.xlsx,MusicCueSheet_Agosto23,,07/08/2023,7082023,,,OS DEDINHOS,JOAO PLINTA,ELIANA,,,,WARNER CHAPPELL,,,,0,0
Globo,MusicCueSheet_TvAberta_Agosto2023.xlsx,MusicCueSheet_Agosto23,,07/08/2023,7082023,,,LUA DE CRISTAL,"MICHAEL SULLIVAN,MIGUEL PLOPSCHI,PAULO MASSADAS",XUXA,,,,"SONY MUSIC PUBLISHING,SONY MUSIC PUBLISHING,SONY MUSIC PUBLISHING",,,,0,0
Globo,MusicCueSheet_TvAberta_Agosto2023.xlsx,MusicCueSheet_Agosto23,,07/08/2023,7082023,,,CANTO DAS TRES RACAS,"MAURO DUARTE,PAULO CESAR PINHEIRO",ALCIONE,,,,"SONY MUSIC PUBLISHING,A DESCOBRIR",,,,0,0
Globo,MusicCueSheet_TvAberta_Agosto2023.xlsx,MusicCueSheet_Agosto23,,07/08/2023,7082023,,,TRIBUTO A MARTIN LUTHER KING,"RONALDO BOSCOLI,WILSON SIMONAL",LINIKER,,,,"FERMATA,FERMATA",,,,0,0
Globo,MusicCueSheet_TvAberta_Agosto2023.xlsx,MusicCueSheet_Agosto23,,07/08/2023,7082023,,,EU E VOCE VOCE E EU,"AUGUSTO CONCEICAO,ELIVANDRO CUCA,FABIO ALCANTARA","LINIKER,BACO EXU DO BLUES",,,,"SONY MUSIC PUBLISHING,UNIVERSAL MGB,UNIVERSAL MGB",,,,0,0
Globo,MusicCueSheet_TvAberta_Agosto2023.xlsx,MusicCueSheet_Agosto23,,07/08/2023,7082023,,,DEIXA ISSO PRA LA,"ALBERTO PAZ,EDSON MENEZES",BACO EXU DO BLUES,,,,"ADDAF,ADDAF",,,,0,0
Globo,MusicCueSheet_TvAberta_Agosto2023.xlsx,MusicCueSheet_Agosto23,,07/08/2023,7082023,,,THRILLER,ROD TEMPERTON,BALE,,,,WARNER CHAPPELL,,,,0,0
Globo,MusicCueSheet_TvAberta_Agosto2023.xlsx,MusicCueSheet_Agosto23,,07/08/2023,7082023,,,VIRA DE LADINHO,"ANDINHO,GELEIA",MC CAROL,,,,"NOWA,NOWA",,,,0,0
Globo,MusicCueSheet_TvAberta_Agosto2023.xlsx,MusicCueSheet_Agosto23,,07/08/2023,7082023,,,TA OK,"DENNIS DJ,KEVIN O CHRIS",OZ CRIAS,,,,"SONY MUSIC PUBLISHING,ADDAF",,,,0,0
Globo,MusicCueSheet_TvAberta_Agosto2023.xlsx,MusicCueSheet_Agosto23,,07/08/2023,7082023,,,CRAZY IN LOVE,"BEYONCE KNOWLES,EUGENE RECORD,EUGENE RECORD,RICH HARRISON,SHAWN CARTER.",MC CAROL,,,,"SONY MUSIC PUBLISHING,A DESCOBRIR,WARNER CHAPPELL,SONY MUSIC PUBLISHING,SONY MUSIC PUBLISHING",,,,0,0
Globo,MusicCueSheet_TvAberta_Agosto2023.xlsx,MusicCueSheet_Agosto23,,07/08/2023,7082023,,,FARAO DIVINDADE DO EGITO,LUCIANO GOMES,PARTICIPANTES,,,,UNIVERSAL MGB,,,,0,0
Globo,MusicCueSheet_TvAberta_Agosto2023.xlsx,MusicCueSheet_Agosto23,,07/08/2023,7082023,,,MELHOR EU IR,"MR DAN,THIAGUINHO",PERICLES,,,,"DECK,SONY MUSIC PUBLISHING",,,,0,0
Globo,MusicCueSheet_TvAberta_Agosto2023.xlsx,MusicCueSheet_Agosto23,,07/08/2023,7082023,,,SORRISO ABERTO,GUARA,"PERICLES,ALCIONE",,,,SONY MUSIC PUBLISHING,,,,0,0
Globo,MusicCueSheet_TvAberta_Agosto2023.xlsx,MusicCueSheet_Agosto23,,07/08/2023,7082023,,,TODAVIA ME ALEGRAREI,SAMUEL MESSIAS CABRAL,SARAH BEATRIZ,,,,MK MUSIC,,,,0,0
Globo,MusicCueSheet_TvAberta_Agosto2023.xlsx,MusicCueSheet_Agosto23,,07/08/2023,7082023,,,VAI DAR CERTO CITACAO VAI NA FE,"ANCHIETA,DANIEL MUSY,DJ GM,JULIO RAPOSO,MARQUINHO OSOCIO,MC LIRO,PEPE SANTOS,UILIAM PIMENTA","NEGRA LI,JOSE LORETO",,,,"SONY MUSIC PUBLISHING,SIGEM,LOVE FUNK,WARNER CHAPPELL,MARQUINHO OSOCIO,LOVE FUNK,WARNER CHAPPELL,WARNER CHAPPELL",,,,0,0
Globo,MusicCueSheet_TvAberta_Agosto2023.xlsx,MusicCueSheet_Agosto23,,07/08/2023,7082023,,,COISAS DA VIDA,RITA LEE,GIOVANNA AMOLINARIO,,,,WARNER CHAPPELL,,,,0,0
Globo,MusicCueSheet_TvAberta_Agosto2023.xlsx,MusicCueSheet_Agosto23,,07/08/2023,7082023,,,SAUDE,"RITA LEE,ROBERTO DE CARVALHO",IVETE SANGALO,,,,"WARNER CHAPPELL,WARNER CHAPPELL",,,,0,0
Globo,MusicCueSheet_TvAberta_Agosto2023.xlsx,MusicCueSheet_Agosto23,,07/08/2023,7082023,,,SAUDE,"RITA LEE,ROBERTO DE CARVALHO",IVETE SANGALO,,,,"WARNER CHAPPELL,WARNER CHAPPELL",,,,0,0
Globo,MusicCueSheet_TvAberta_Agosto2023.xlsx,MusicCueSheet_Agosto23,,07/08/2023,2851,,,NAO DEIXE O SAMBA MORRER,"ALOISIO,EDSON",ALCIONE,,,,"VITALE,VITALE",,,,0,0
Globo,MusicCueSheet_TvAberta_Agosto2023.xlsx,MusicCueSheet_Agosto23,,07/08/2023,2851,,,NAO DEIXE O SAMBA MORRER,"ALOISIO,EDSON",ALCIONE,,,,"VITALE,VITALE",,,,0,0
Globo,MusicCueSheet_TvAberta_Agosto2023.xlsx,MusicCueSheet_Agosto23,,07/08/2023,2851,,,DONA,"GUARABYRA,SA",ARTUR DE MARI,,,,"VITALE,VITALE",,,,0,0
Globo,MusicCueSheet_TvAberta_Agosto2023.xlsx,MusicCueSheet_Agosto23,,07/08/2023,2851,,,PRIMEIROS ERROS,KIKO ZAMBIANCHI,FAMILIA LIMA,,,,SONY MUSIC PUBLISHING,,,,0,0
Globo,MusicCueSheet_TvAberta_Agosto2023.xlsx,MusicCueSheet_Agosto23,,07/08/2023,5876,,,A GENTE E MUITO MAIS,"LUCAS SILVEIRA,M M IZIDORO",JOÃO GOMES,,,,"BMG,M M IZIDORO",BELIEVE,,,0,0
Globo,MusicCueSheet_TvAberta_Agosto2023.xlsx,MusicCueSheet_Agosto23,,07/08/2023,5876,,,A GENTE E MUITO MAIS,"LUCAS SILVEIRA,M M IZIDORO",JOAO GOMES,,,,"BMG,M M IZIDORO",BELIEVE,,,0,0
Globo,MusicCueSheet_TvAberta_Agosto2023.xlsx,MusicCueSheet_Agosto23,,07/08/2023,5876,,,VIVENDO AQUI NO MATO,"CRISTIANO,ZE NETO",TRIO PARADA DURA,,,,"BMG,BMG",,,,0,0
Globo,MusicCueSheet_TvAberta_Agosto2023.xlsx,MusicCueSheet_Agosto23,,07/08/2023,5876,,,VERMELHO,"DALESTE,GLORIA GROOVE,PABLO BISPO,RUXELL",GLORIA GROOVE,,,,"UNIVERSAL MGB,WARNER CHAPPELL,WARNER CHAPPELL,WARNER CHAPPELL",,,,0,0
Globo,MusicCueSheet_TvAberta_Agosto2023.xlsx,MusicCueSheet_Agosto23,,07/08/2023,175,,,DEIXE ME IR,"BAVIERA,CT,HARIEL MEDELLA,KNUST",XAMA,BG VAZIO,,,"OS LEMOS,WARNER CHAPPELL,UNIVERSAL MGB,WARNER CHAPPELL",CONSTELLATION,,,0,0
Globo,MusicCueSheet_TvAberta_Agosto2023.xlsx,MusicCueSheet_Agosto23,,07/08/2023,175,,,DEIXE ME IR,"BAVIERA,CT,HARIEL MEDELLA,KNUST",XAMA,BG VAZIO,,,"OS LEMOS,WARNER CHAPPELL,UNIVERSAL MGB,WARNER CHAPPELL",CONSTELLATION,,,0,0
Globo,MusicCueSheet_TvAberta_Agosto2023.xlsx,MusicCueSheet_Agosto23,,07/08/2023,175,,,DEIXE ME IR,"BAVIERA,CT,HARIEL MEDELLA,KNUST",XAMA,FULL MIX,,,"OS LEMOS,WARNER CHAPPELL,UNIVERSAL MGB,WARNER CHAPPELL",CONSTELLATION,,,0,0
Globo,MusicCueSheet_TvAberta_Agosto2023.xlsx,MusicCueSheet_Agosto23,,07/08/2023,BRAZILIAN PIE,,,AS MASCARAS,"CLAUDIA LEITTE,GERSON GUIMARAES,PAULO VASCON,ROBSON RENATO,TENISON DEL REY",CLAUDIA LEITTE,,,,"UNIVERSAL MGB,FARO FINO,FARO FINO,UNIVERSAL MGB,FARO FINO",,,,0,0
Globo,MusicCueSheet_TvAberta_Agosto2023.xlsx,MusicCueSheet_Agosto23,,07/08/2023,BRAZILIAN PIE,,,CALIFORNIA GURLS,"BENJAMIN LEVIN,BENJAMIN LEVIN,BONNIE MCKEE,BRIAN DOUGLAS WILSON,KATY PERRY,KATY PERRY,LUKASZ GOTTWALD,MAX MARTIN,MIKE LOVE,SNOOP DOGGY DOGG",KATY PERRY,,,,"ABRAMUS,PEERMUSIC,PEERMUSIC,UNIVERSAL MGB,ABRAMUS,WARNER CHAPPELL,ABRAMUS,ABRAMUS,UNIVERSAL MGB,SONY MUSIC PUBLISHING",,,,0,0
Globo,MusicCueSheet_TvAberta_Agosto2023.xlsx,MusicCueSheet_Agosto23,,07/08/2023,BRAZILIAN PIE,,,ESSA MINA E LOUCA,"JHAMA,PABLO BISPO","ANITTA,JHAMA",,,,"SONY MUSIC PUBLISHING,RODAMOINHO RECORDS",,,,0,0
Globo,MusicCueSheet_TvAberta_Agosto2023.xlsx,MusicCueSheet_Agosto23,,07/08/2023,BRAZILIAN PIE,,,FERGALICIOUS,"DANIA MARIA BIRKS,DERRICK RAHMING,FATIMA SHAHEED,FLORIAN SCHNEIDER ESLEBEN,HATIMAH SHAHEED,JUANA MICHELLE BURNS,JUANITA A LEE,KARL BARTOS,RALF HUETTER,STACY FERGUSON,WILL ADAMS",FERGIE,,,,"UNIVERSAL MGB,A DESCOBRIR,BMG,SONY MUSIC PUBLISHING,UNIVERSAL MGB,UNIVERSAL MGB,BMG,WARNER CHAPPELL,SONY MUSIC PUBLISHING,BMG,BMG",,,,0,0
Globo,MusicCueSheet_TvAberta_Agosto2023.xlsx,MusicCueSheet_Agosto23,,07/08/2023,BRAZILIAN PIE,,,HOJE E DIA DE MALDADE,"JEFFERSON JUNIOR,NEGO DO BOREL,UMBERTO TAVARES",NEGO DO BOREL,,,,"SONY MUSIC PUBLISHING,SONY MUSIC PUBLISHING,ORB MUSIC",,,,0,0
Globo,MusicCueSheet_TvAberta_Agosto2023.xlsx,MusicCueSheet_Agosto23,,07/08/2023,BRAZILIAN PIE,,,ONDA DIFERENTE,"DJ KR3,LUDMILLA,MC DR,SNOOP DOGG","ANITTA,ANITTA, LUDMILLA, SNOOP DOGG",,,,"WARNER CHAPPELL,WARNER CHAPPELL,WARNER CHAPPELL,SONY MUSIC PUBLISHING",,,,0,0
Globo,MusicCueSheet_TvAberta_Agosto2023.xlsx,MusicCueSheet_Agosto23,,07/08/2023,BRAZILIAN PIE,,,SHAKE IT OFF,"MAX MARTIN,SHELLBACK,TAYLOR SWIFT,TAYLOR SWIFT",TAYLOR SWIFT,,,,"ABRAMUS,ABRAMUS,SONY MUSIC PUBLISHING,UNIVERSAL MGB",,,,0,0
Globo,MusicCueSheet_TvAberta_Agosto2023.xlsx,MusicCueSheet_Agosto23,,07/08/2023,BRAZILIAN PIE,,,SHALLOW,"ANDREW WYATT,ANDREW WYATT,ANDREW WYATT,ANTHONY ROSSOMANDO,ANTHONY ROSSOMANDO,ANTHONY ROSSOMANDO,LADY GAGA,LADY GAGA,MARK RONSON,MARK RONSON","BRADLEY COOPER,LADY GAGA",,,,"ABRAMUS,PEERMUSIC,UNIVERSAL MGB,ABRAMUS,PEERMUSIC,UNIVERSAL MGB,SONY MUSIC PUBLISHING,UNIVERSAL MGB,PEERMUSIC,UNIVERSAL MGB",,,,0,0
Globo,MusicCueSheet_TvAberta_Agosto2023.xlsx,MusicCueSheet_Agosto23,,07/08/2023,BRAZILIAN PIE,,,SUGAR,"ADAM LEVINE,HENRY WALTER,JACOB HINDLIN,JOSHUA COLEMAN,LUKASZ GOTTWALD,MIKE POSNER",MAROON 5,,,,"UNIVERSAL MGB,ABRAMUS,ABRAMUS,ABRAMUS,ABRAMUS,SONY MUSIC PUBLISHING",,,,0,0
Globo,MusicCueSheet_TvAberta_Agosto2023.xlsx,MusicCueSheet_Agosto23,,07/08/2023,BRAZILIAN PIE,,,WORTH IT,"BRIAN COLLINS,MIKKEL STORLEER ERIKSEN,ORI KAPLAN,PRISCILLA HAMILTON,TOR ERIK HERMANSEN",FIFTH HARMONY,,,,"SONY MUSIC PUBLISHING,SONY MUSIC PUBLISHING,ABRAMUS,WARNER CHAPPELL,SONY MUSIC PUBLISHING",,,,0,0
Globo,MusicCueSheet_TvAberta_Agosto2023.xlsx,MusicCueSheet_Agosto23,,07/08/2023,QUEM PAY DAY?,,,FULERAGEM,"DJ GEGE,MC WM",MC WM,,,,"WARNER CHAPPELL,WARNER CHAPPELL",WM BRAZI,,,0,0
Globo,MusicCueSheet_TvAberta_Agosto2023.xlsx,MusicCueSheet_Agosto23,,07/08/2023,QUEM PAY DAY?,,,MEDICINA,"ANDY CLAY,ANITTA,JON LEONE,MARIO CACERES,MAURICIO MONTANER",ANITTA,,,,"SONY MUSIC PUBLISHING,SONY MUSIC PUBLISHING,WARNER CHAPPELL,SONY MUSIC PUBLISHING,SONY MUSIC PUBLISHING",WARNER CHAPPELL,,,0,0
Globo,MusicCueSheet_TvAberta_Agosto2023.xlsx,MusicCueSheet_Agosto23,,07/08/2023,QUEM PAY DAY?,,,NAUGHTY GIRL,"ANGELA BEYINCE,BEYONCE KNOWLES,DONNA SUMMER,GIORGIO MORODER,PETE BELLOTTE,ROBERT WALLER,SCOTT STORCH,WESLEY",BEYONCÉ,,,,"WARNER CHAPPELL,SONY MUSIC PUBLISHING,WARNER CHAPPELL,WARNER CHAPPELL,WARNER CHAPPELL,ABRAMUS,BMG,UNIVERSAL MGB",COLUMBIA,,,0,0
Globo,MusicCueSheet_TvAberta_Agosto2023.xlsx,MusicCueSheet_Agosto23,,07/08/2023,QUEM PAY DAY?,,,MOVES LIKE JAGGER,"ADAM LEVINE,AMMAR MALIK,BENJAMIN LEVIN,BENJAMIN LEVIN,SHELLBACK","MAROON 5,CHRISTINA AGUILERA",,,,"UNIVERSAL MGB,ABRAMUS,ABRAMUS,PEERMUSIC,ABRAMUS",INTERSCOPE RECORDS,,,0,0
Globo,MusicCueSheet_TvAberta_Agosto2023.xlsx,MusicCueSheet_Agosto23,,07/08/2023,QUEM PAY DAY?,,,SHAKE IT OFF,"MAX MARTIN,SHELLBACK,TAYLOR SWIFT,TAYLOR SWIFT",TAYLOR SWIFT,,,,"ABRAMUS,ABRAMUS,SONY MUSIC PUBLISHING,UNIVERSAL MGB",BIG MACHINE RECORDS,,,0,0
Globo,MusicCueSheet_TvAberta_Agosto2023.xlsx,MusicCueSheet_Agosto23,,07/08/2023,QUEM PAY DAY?,,,CONHECO PELO CHEIRO,VICTOR CHAVES,VICTOR E LEO,,,,SONY MUSIC PUBLISHING,SOM LIVRE,,,0,0
Globo,MusicCueSheet_TvAberta_Agosto2023.xlsx,MusicCueSheet_Agosto23,,07/08/2023,QUEM PAY DAY?,,,VAI DAR RUIM,"PEDRO HENRIQUE BREDER,RAFAEL SOARES MIKE",DREAM TEAM DO PASSINHO,,,,"SONY MUSIC PUBLISHING,SONY MUSIC PUBLISHING",SONY MUSIC,,,0,0
Globo,MusicCueSheet_TvAberta_Agosto2023.xlsx,MusicCueSheet_Agosto23,,07/08/2023,VALENTINE´S DAY,,,BABY BOY,"BEYONCE KNOWLES,INI KAMOZE,ROBERT WALLER,ROBERT WALLER,SCOTT STORCH,SEAN PAUL HENRIQUES,SHAWN CARTER",BEYONCE,,,,"SONY MUSIC PUBLISHING,UNIVERSAL MGB,A DESCOBRIR,ABRAMUS,SONY MUSIC PUBLISHING,SONY MUSIC PUBLISHING,SONY MUSIC PUBLISHING",,,,0,0
Globo,MusicCueSheet_TvAberta_Agosto2023.xlsx,MusicCueSheet_Agosto23,,07/08/2023,VALENTINE´S DAY,,,CHECK ON IT,"ANGELA BEYINCE,BEYONCE KNOWLES,KASCEM DEAN,SEAN GARRETT,SLIM THUG,SWIZZ BEATS",BEYONCE,,,,"A DESCOBRIR,SONY MUSIC PUBLISHING,SONY MUSIC PUBLISHING,SONY MUSIC PUBLISHING,SONY MUSIC PUBLISHING,UNIVERSAL MGB",,,,0,0
Globo,MusicCueSheet_TvAberta_Agosto2023.xlsx,MusicCueSheet_Agosto23,,07/08/2023,VALENTINE´S DAY,,,HALO,"BEYONCE KNOWLES,E KIDD BOGART,E KIDD BOGART,RYAN TEDDER,RYAN TEDDER",BEYONCE,,,,"SONY MUSIC PUBLISHING,ABRAMUS,SONY MUSIC PUBLISHING,ABRAMUS,PEERMUSIC",,,,0,0
Globo,MusicCueSheet_TvAberta_Agosto2023.xlsx,MusicCueSheet_Agosto23,,07/08/2023,VALENTINE´S DAY,,,IRREPLACEABLE,"AMUND BJORKLUND,BEYONCE KNOWLES,ESPEN LIND,MIKKEL STORLEER ERIKSEN,S SMITH,T ERIK",BEYONCE,,,,"SONY MUSIC PUBLISHING,SONY MUSIC PUBLISHING,SONY MUSIC PUBLISHING,SONY MUSIC PUBLISHING,UNIVERSAL MGB,SONY MUSIC PUBLISHING",,,,0,0
Globo,MusicCueSheet_TvAberta_Agosto2023.xlsx,MusicCueSheet_Agosto23,,07/08/2023,VALENTINE´S DAY,,,LOVE BY GRACE,"DAVE LOGGINS,WAYNE TESTER",LARA FABIAN,,,,"WARNER CHAPPELL,UNIVERSAL MGB",,,,0,0
Globo,MusicCueSheet_TvAberta_Agosto2023.xlsx,MusicCueSheet_Agosto23,,07/08/2023,VALENTINE´S DAY,,,LOVE ON TOP,"A DESCOBRIR,BEYONCE KNOWLES,SHEA TAYLOR,TERIUS NASH",BEYONCE,,,,"A DESCOBRIR,SONY MUSIC PUBLISHING,PEERMUSIC,A DESCOBRIR",,,,0,0
Globo,MusicCueSheet_TvAberta_Agosto2023.xlsx,MusicCueSheet_Agosto23,,07/08/2023,VALENTINE´S DAY,,,RING THE ALARM,"BEYONCE,DEAN KASSEEM,SEAN GARRETT",BEYONCE,,,,"SONY MUSIC PUBLISHING,UNIVERSAL MGB,BMG",,,,0,0
Globo,MusicCueSheet_TvAberta_Agosto2023.xlsx,MusicCueSheet_Agosto23,,07/08/2023,VALENTINE´S DAY,,,RUN THE WORLD  GIRLS,"ADIDJA PALMER,BEYONCE KNOWLES,BEYONCE KNOWLES,DAVE TAYLOR,NICK VAN DER WALL,TERIUS NASH,THOMAS PENTZ",BEYONCE,,,,"A DESCOBRIR,ROCKING GORILLAS,SONY MUSIC PUBLISHING,SONY MUSIC PUBLISHING,BMG,WARNER CHAPPELL,ABRAMUS",,,,0,0
Globo,MusicCueSheet_TvAberta_Agosto2023.xlsx,MusicCueSheet_Agosto23,,08/08/2023,1212,,,SATURNO,JONATHAN FERR,JONATHAN FERR,,,,UNIVERSAL MGB,,,,0,0
Globo,MusicCueSheet_TvAberta_Agosto2023.xlsx,MusicCueSheet_Agosto23,,08/08/2023,1212,,,O SINO DA IGREJINHA,DOMINIO PUBLICO,JONATHAN FERR,,,,A DESCOBRIR,,,,0,0
Globo,MusicCueSheet_TvAberta_Agosto2023.xlsx,MusicCueSheet_Agosto23,,08/08/2023,1212,,,O SINO DA IGREJINHA,DOMINIO PUBLICO,JONATHAN FERR,,,,A DESCOBRIR,,,,0,0
Globo,MusicCueSheet_TvAberta_Agosto2023.xlsx,MusicCueSheet_Agosto23,,08/08/2023,1212,,,CHORO,JONATHAN FERR,JONATHAN FERR,,,,UNIVERSAL MGB,,,,0,0
Globo,MusicCueSheet_TvAberta_Agosto2023.xlsx,MusicCueSheet_Agosto23,,08/08/2023,1212,,,CHORO,JONATHAN FERR,JONATHAN FERR,,,,UNIVERSAL MGB,,,,0,0
Globo,MusicCueSheet_TvAberta_Agosto2023.xlsx,MusicCueSheet_Agosto23,,08/08/2023,1212,,,SATURNO,JONATHAN FERR,JONATHAN FERR,,,,UNIVERSAL MGB,,,,0,0
Globo,MusicCueSheet_TvAberta_Agosto2023.xlsx,MusicCueSheet_Agosto23,,08/08/2023,1212,,,MEU SOL,"FELIPE ADORNO VASSAO,JONATHAN FERR,RASHID",JONATHAN FERR,,,,"BMG,UNIVERSAL MGB,ALTAFONTE",,,,0,0
Globo,MusicCueSheet_TvAberta_Agosto2023.xlsx,MusicCueSheet_Agosto23,,08/08/2023,1212,,,MEU SOL,"FELIPE ADORNO VASSAO,JONATHAN FERR,RASHID","JONATHAN FERR,RASHID,ÁVUÁ",,,,"BMG,UNIVERSAL MGB,ALTAFONTE",,,,0,0
Globo,MusicCueSheet_TvAberta_Agosto2023.xlsx,MusicCueSheet_Agosto23,,08/08/2023,1212,,,COLTRANE TIME,JOHN COLTRANE,JONATHAN FERR,,,,UNIVERSAL MGB,,,,0,0
Globo,MusicCueSheet_TvAberta_Agosto2023.xlsx,MusicCueSheet_Agosto23,,08/08/2023,2852,,,ALEGRIA DA VIDA,"MARCOS VALLE,NELSON MOTTA,PAULO SERGIO VALLE",ADRIANA CALCANHOTO,,,,"A DESCOBRIR,A DESCOBRIR,A DESCOBRIR",,,,0,0
Globo,MusicCueSheet_TvAberta_Agosto2023.xlsx,MusicCueSheet_Agosto23,,08/08/2023,2852,,,FORCA ESTRANHA,CAETANO VELOSO,"PRETA GIL,IVETE SANGALO",,,,WARNER CHAPPELL,,,,0,0
Globo,MusicCueSheet_TvAberta_Agosto2023.xlsx,MusicCueSheet_Agosto23,,08/08/2023,2852,,,VERDADE,"CARLINHOS SANTANA,NELSON RUFINO","ZECA PAGODINHO,LUDMILLA",,,,"UNIVERSAL MGB,SONY MUSIC PUBLISHING",,,,0,0
Globo,MusicCueSheet_TvAberta_Agosto2023.xlsx,MusicCueSheet_Agosto23,,08/08/2023,2852,,,FORCA ESTRANHA,CAETANO VELOSO,PRETA GIL,,,,WARNER CHAPPELL,,,,0,0
Globo,MusicCueSheet_TvAberta_Agosto2023.xlsx,MusicCueSheet_Agosto23,,08/08/2023,2852,,,LUA DE CRISTAL,"MICHAEL SULLIVAN,MIGUEL PLOPSCHI,PAULO MASSADAS","XUXA,ANGELICA,ELIANE",,,,"SONY MUSIC PUBLISHING,SONY MUSIC PUBLISHING,SONY MUSIC PUBLISHING",,,,0,0
Globo,MusicCueSheet_TvAberta_Agosto2023.xlsx,MusicCueSheet_Agosto23,,08/08/2023,2852,,,CANTO DAS TRES RACAS,"MAURO DUARTE,PAULO CESAR PINHEIRO",ALCIONE,,,,"SONY MUSIC PUBLISHING,A DESCOBRIR",,,,0,0
Globo,MusicCueSheet_TvAberta_Agosto2023.xlsx,MusicCueSheet_Agosto23,,08/08/2023,2852,,,LUA DE CRISTAL,"MICHAEL SULLIVAN,MIGUEL PLOPSCHI,PAULO MASSADAS","XUXA,ANGELICA,ELIANE",,,,"SONY MUSIC PUBLISHING,SONY MUSIC PUBLISHING,SONY MUSIC PUBLISHING",,,,0,0
Globo,MusicCueSheet_TvAberta_Agosto2023.xlsx,MusicCueSheet_Agosto23,,08/08/2023,8082023,,,TO DENTRO TO FORA,"JORGE CARDOSO,LOURENCO",PEDRINHO DA PORTEIRA,,,,"UNIVERSAL MGB,UNIVERSAL MGB",,,,0,0
Globo,MusicCueSheet_TvAberta_Agosto2023.xlsx,MusicCueSheet_Agosto23,,08/08/2023,8082023,,,RAP DAS ARMAS,"MC JUNIOR,MC LEONARDO",PEDRINHO DA PORTEIRA,,,,"NOWA,NOWA",,,,0,0
Globo,MusicCueSheet_TvAberta_Agosto2023.xlsx,MusicCueSheet_Agosto23,,08/08/2023,8082023,,,QUANDO A GIRA GIROU,"CLAUDINHO GUIMARAES,SERGINHO MERITI",PEDRINHO DA PORTEIRA,,,,"UNIVERSAL MGB,UNIVERSAL MGB",,,,0,0
Globo,MusicCueSheet_TvAberta_Agosto2023.xlsx,MusicCueSheet_Agosto23,,08/08/2023,8082023,,,TINDOLELE,"CID GUERREIRO,DITO",PEDRINHO DA PORTEIRA,,,,"PEERMUSIC,PEERMUSIC",,,,0,0
Globo,MusicCueSheet_TvAberta_Agosto2023.xlsx,MusicCueSheet_Agosto23,,08/08/2023,8082023,,,MILLA,"MANNO GOES,TUCA FERNANDES",ENTREVISTADOS,,,,"SONY MUSIC PUBLISHING,SONY MUSIC PUBLISHING",,,,0,0
Globo,MusicCueSheet_TvAberta_Agosto2023.xlsx,MusicCueSheet_Agosto23,,08/08/2023,8082023,,,HYDE PARK,KEITH MANSFIELD,TIAGO MEDEIROS,,,,SONY MUSIC PUBLISHING,,,,0,0
Globo,MusicCueSheet_TvAberta_Agosto2023.xlsx,MusicCueSheet_Agosto23,,08/08/2023,8082023,,,HYDE PARK,KEITH MANSFIELD,TIAGO MEDEIROS,,,,SONY MUSIC PUBLISHING,,,,0,0
Globo,MusicCueSheet_TvAberta_Agosto2023.xlsx,MusicCueSheet_Agosto23,,08/08/2023,8082023,,,HINO OFICIAL DO LONDRINA ESPORTE CLUBE,JOAO ARNALDO,ORQUESTRA E CORO CID,,,,A DESCOBRIR,CID,,,0,0
Globo,MusicCueSheet_TvAberta_Agosto2023.xlsx,MusicCueSheet_Agosto23,,08/08/2023,8082023,,,NAO DEIXE O SAMBA MORRER,"ALOISIO,EDSON",ALCIONE,,,,"VITALE,VITALE",,,,0,0
Globo,MusicCueSheet_TvAberta_Agosto2023.xlsx,MusicCueSheet_Agosto23,,08/08/2023,5877,,,SO O AMOR,"GLORIA GROOVE,PABLO BISPO,RUXELL,SERGIO SANTOS","GLORIA GROOVE, PRETA GIL",FULL MIX,,,"WARNER CHAPPELL,WARNER CHAPPELL,WARNER CHAPPELL,WARNER CHAPPELL",LIGA ENTRETENIMENTO,,,0,0
Globo,MusicCueSheet_TvAberta_Agosto2023.xlsx,MusicCueSheet_Agosto23,,08/08/2023,5877,,,SO O AMOR,"GLORIA GROOVE,PABLO BISPO,RUXELL,SERGIO SANTOS","GLORIA GROOVE, PRETA GIL",FULL MIX,,,"WARNER CHAPPELL,WARNER CHAPPELL,WARNER CHAPPELL,WARNER CHAPPELL",LIGA ENTRETENIMENTO,,,0,0
Globo,MusicCueSheet_TvAberta_Agosto2023.xlsx,MusicCueSheet_Agosto23,,08/08/2023,5877,,,FORCA ESTRANHA,CAETANO VELOSO,"PRETA GIL,IVETE SANGALO",,,,WARNER CHAPPELL,,,,0,0
Globo,MusicCueSheet_TvAberta_Agosto2023.xlsx,MusicCueSheet_Agosto23,,08/08/2023,5877,,,EVIDENCIAS,"JOSE AUGUSTO,PAULO SERGIO VALLE","CHITAOZINHO,XORORO",,,,"UNIVERSAL MGB,SONY MUSIC PUBLISHING",,,,0,0
Globo,MusicCueSheet_TvAberta_Agosto2023.xlsx,MusicCueSheet_Agosto23,,08/08/2023,5877,,,SINONIMOS,"CESAR AUGUSTO,CLAUDIO NOAM,PAULO SERGIO","ANA CASTELA, CHITAOZINHO E XORORO",FULL MIX,,,"WARNER CHAPPELL,SONY MUSIC PUBLISHING,WARNER CHAPPELL",LIVE,,,0,0
Globo,MusicCueSheet_TvAberta_Agosto2023.xlsx,MusicCueSheet_Agosto23,,08/08/2023,5877,,,ZONA DE PERIGO,"ADRIEL MAX,FELLA BROWN,LUKINHAS,PIERROT JUNIOR,RAFA CHAGAS,YVES",LEO SANTANA,,,,"DOM GUEDES,BMG,SONY MUSIC PUBLISHING,MACHADO CONSULTORIA NEGOCIAL,IESSI MUSIC PUBLISHING,IESSI MUSIC PUBLISHING",,,,0,0
Globo,MusicCueSheet_TvAberta_Agosto2023.xlsx,MusicCueSheet_Agosto23,,08/08/2023,5877,,,ILARIE,"CEINHA,CID GUERREIRO,DITO",XUXA,,,,"PEERMUSIC,PEERMUSIC,PEERMUSIC",,,,0,0
Globo,MusicCueSheet_TvAberta_Agosto2023.xlsx,MusicCueSheet_Agosto23,,08/08/2023,5877,,,LUA DE CRISTAL,"MICHAEL SULLIVAN,MIGUEL PLOPSCHI,PAULO MASSADAS",XUXA,,,,"SONY MUSIC PUBLISHING,SONY MUSIC PUBLISHING,SONY MUSIC PUBLISHING",,,,0,0
Globo,MusicCueSheet_TvAberta_Agosto2023.xlsx,MusicCueSheet_Agosto23,,08/08/2023,5877,,,VOU DE TAXI,"ALOYSIO REIS,ALOYSIO REIS,BIAFRA,BIAFRA,ETHIENE RODA GIL,ETHIENE RODA GIL,FRANK LANGOBOFF",ANGELICA,,,,"SONY MUSIC PUBLISHING,WARNER CHAPPELL,SONY MUSIC PUBLISHING,WARNER CHAPPELL,SONY MUSIC PUBLISHING,WARNER CHAPPELL,WARNER CHAPPELL",,,,0,0
Globo,MusicCueSheet_TvAberta_Agosto2023.xlsx,MusicCueSheet_Agosto23,,08/08/2023,5877,,,SAI DE BAIXO AE,"BETO LANDAU,MART NALIA,MOSQUITO",MART NALIA,,,,"A DESCOBRIR,SONY MUSIC PUBLISHING,UNS E OUTROS",,,,0,0
Globo,MusicCueSheet_TvAberta_Agosto2023.xlsx,MusicCueSheet_Agosto23,,08/08/2023,5877,,,PARABENS A VOCE,"LEA MAGALHAES,MILDRED J HILL,PATTY S HILL",BANDA CARA DE PAU,,,,"WARNER CHAPPELL,DP,DP",INDEPENDENTE,,,0,0
Globo,MusicCueSheet_TvAberta_Agosto2023.xlsx,MusicCueSheet_Agosto23,,08/08/2023,5877,,,SO O AMOR,"GLORIA GROOVE,PABLO BISPO,RUXELL,SERGIO SANTOS","GLORIA GROOVE, PRETA GIL",FULL MIX,,,"WARNER CHAPPELL,WARNER CHAPPELL,WARNER CHAPPELL,WARNER CHAPPELL",LIGA ENTRETENIMENTO,,,0,0
Globo,MusicCueSheet_TvAberta_Agosto2023.xlsx,MusicCueSheet_Agosto23,,08/08/2023,5877,,,SO O AMOR,"GLORIA GROOVE,PABLO BISPO,RUXELL,SERGIO SANTOS","GLORIA GROOVE, PRETA GIL",FULL MIX,,,"WARNER CHAPPELL,WARNER CHAPPELL,WARNER CHAPPELL,WARNER CHAPPELL",LIGA ENTRETENIMENTO,,,0,0
Globo,MusicCueSheet_TvAberta_Agosto2023.xlsx,MusicCueSheet_Agosto23,,08/08/2023,7,,,FORCA DE TUPA,"KUNUMI MC,LOZK","LOZK,KUNUMI",,,,"JEGUAKA MIRIM DA SILVA,LEONARDO SUAREZ JIMENEZ",,,,0,0
Globo,MusicCueSheet_TvAberta_Agosto2023.xlsx,MusicCueSheet_Agosto23,,08/08/2023,7,,,FORCA DE TUPA,"KUNUMI MC,LOZK","LOZK,KUNUMI MC",,,,"JEGUAKA MIRIM DA SILVA,LEONARDO SUAREZ JIMENEZ",,,,0,0
Globo,MusicCueSheet_TvAberta_Agosto2023.xlsx,MusicCueSheet_Agosto23,,08/08/2023,7,,,ORIGINARIA,BRISA FLOW,BRISA FLOW,,,,DE LA CORDILLERA FLOW,,,,0,0
Globo,MusicCueSheet_TvAberta_Agosto2023.xlsx,MusicCueSheet_Agosto23,,08/08/2023,7,,,EU NAO VOU EMBORA,"FABRICIO CARDOSO KRAYCHETE (TOMATE),FERNANDO ANTONIO ROCHA DA SILVA,JACK WHITE,VITOR BRITO CARRERA","FABRICIO CARDOSO KRAYCHETE,FERNANDO ANTONIO ROCHA DA SILVA,JACK WHITE,VITOR BRITO",,,,"TOM ARTS,TOM ARTS,UNIVERSAL MGB,TOM ARTS",,,,0,0
Globo,MusicCueSheet_TvAberta_Agosto2023.xlsx,MusicCueSheet_Agosto23,,08/08/2023,7,,,BAILE SABOROSO,"HUGO PASSAQUIN,JOSE ANTONIO PEREIRA BRAZ,PEDRO MAIA","HUGO PASSAQUIN,JOSE ANTONIO PEREIRA BRAZ,PEDRO MAIA",,,,"ROCKING GORILLAS,ROCKING GORILLAS,ROCKING GORILLAS",,,,0,0
Globo,MusicCueSheet_TvAberta_Agosto2023.xlsx,MusicCueSheet_Agosto23,,08/08/2023,7,,,AMEACA DETECTADA,BRUNO KROZ,BRUNO KROZ,,,,BRUNO KROZ,,,,0,0
Globo,MusicCueSheet_TvAberta_Agosto2023.xlsx,MusicCueSheet_Agosto23,,08/08/2023,SOUTH BEACH HOTEL,,,1406,"DINHO,JULIO RASEC",MAMONAS ASSASSINAS,,,,"SONY MUSIC PUBLISHING,SONY MUSIC PUBLISHING",,,,0,0
Globo,MusicCueSheet_TvAberta_Agosto2023.xlsx,MusicCueSheet_Agosto23,,08/08/2023,SOUTH BEACH HOTEL,,,I M IN MIAMI BITCH,"S A GORDY,S K GORDY","DAVID GUETTA, LMFAO",,,,"UNIVERSAL MGB,UNIVERSAL MGB",,,,0,0
Globo,MusicCueSheet_TvAberta_Agosto2023.xlsx,MusicCueSheet_Agosto23,,08/08/2023,SOUTH BEACH HOTEL,,,JEITO SEXY,"ALAN GORRIE,ANDY MARVEL,DIANA KING,HAMISH STUART,KINGSLEY GARDNER,MALCOLM DUNCAN,MILTON GUEDES,OWEN MCINTYRE,ROGER BALL,STEVE FERRONE",FAT FAMILY,,,,"FERMATA,BMG,SONY MUSIC PUBLISHING,FERMATA,SONY MUSIC PUBLISHING,FERMATA,SONY MUSIC PUBLISHING,FERMATA,FERMATA,FERMATA",,,,0,0
Globo,MusicCueSheet_TvAberta_Agosto2023.xlsx,MusicCueSheet_Agosto23,,08/08/2023,SOUTH BEACH HOTEL,,,LOOK WHAT YOU MADE ME DO,"CHRISTOPHER FAIRBRASS,JACK ANTONOFF,RICHARD FAIRBRASS,ROB MANZOLI,TAYLOR SWIFT",TAYLOR SWIFT,,,,"ABRAMUS,SONY MUSIC PUBLISHING,ABRAMUS,ABRAMUS,UNIVERSAL MGB",,,,0,0
Globo,MusicCueSheet_TvAberta_Agosto2023.xlsx,MusicCueSheet_Agosto23,,08/08/2023,SOUTH BEACH HOTEL,,,LOVE S THEME,BARRY WHITE,BARRY WHITE,,,,WARNER CHAPPELL,,,,0,0
Globo,MusicCueSheet_TvAberta_Agosto2023.xlsx,MusicCueSheet_Agosto23,,08/08/2023,SOUTH BEACH HOTEL,,,MAKE IT HOT,"ANITTA,BOAZ JONG,DIPLO,JUSTIN QUILES,NIJA CHARLES,ROBIN P. FRANCESCO","ANITTA, MAJOR LAZER",,,,"UNIVERSAL MGB,PEERMUSIC,ABRAMUS,UNIVERSAL MGB,A DESCOBRIR,BMG",,,,0,0
Globo,MusicCueSheet_TvAberta_Agosto2023.xlsx,MusicCueSheet_Agosto23,,08/08/2023,SOUTH BEACH HOTEL,,,O AMOR E O PODER,"CLAUDIO RABELLO,G MENDE,JENNIFER RUSH,M APPLIGATE,S DEROUSE",ROSANA,,,,"SONY MUSIC PUBLISHING,SONY MUSIC PUBLISHING,SONY MUSIC PUBLISHING,SONY MUSIC PUBLISHING,SONY MUSIC PUBLISHING",,,,0,0
Globo,MusicCueSheet_TvAberta_Agosto2023.xlsx,MusicCueSheet_Agosto23,,08/08/2023,SOUTH BEACH HOTEL,,,ONDA DIFERENTE,"DJ KR3,LUDMILLA,MC DR,SNOOP DOGG","ANITTA, LUDMILLA, SNOOP DOGG",,,,"WARNER CHAPPELL,WARNER CHAPPELL,WARNER CHAPPELL,SONY MUSIC PUBLISHING",,,,0,0
Globo,MusicCueSheet_TvAberta_Agosto2023.xlsx,MusicCueSheet_Agosto23,,08/08/2023,SOUTH BEACH HOTEL,,,PROVOCAR,"ANDRE VIEIRA,BREDER,GLORIA GROOVE,WALLACE VIANNA","GLORIA GROOVE, LEXA",,,,"WARNER CHAPPELL,WARNER CHAPPELL,WARNER CHAPPELL,WARNER CHAPPELL",,,,0,0
Globo,MusicCueSheet_TvAberta_Agosto2023.xlsx,MusicCueSheet_Agosto23,,08/08/2023,UM CLOONEY EM MINHA VIDA,,,AIN T THAT A KICK IN THE HEAD,"JIMMY VAN HEUSEN,SAMMY CAHN","DEAN MARTIN,KEVIN SPACEY",,,,"FERMATA,FERMATA",,,,0,0
Globo,MusicCueSheet_TvAberta_Agosto2023.xlsx,MusicCueSheet_Agosto23,,08/08/2023,UM CLOONEY EM MINHA VIDA,,,THE BOUTIQUE,"BENJAMIN RAFFAELLI,FREDERIC DOLL","BENJAMIN RAFFAELLI,FREDERIC DOLL",,,,"A DESCOBRIR,A DESCOBRIR",,,,0,0
Globo,MusicCueSheet_TvAberta_Agosto2023.xlsx,MusicCueSheet_Agosto23,,08/08/2023,UM CLOONEY EM MINHA VIDA,,,CUCURRUCUCU PALOMA,TOMAS MENDEZ,LUIS MIGUEL,,,,VITALE,,,,0,0
Globo,MusicCueSheet_TvAberta_Agosto2023.xlsx,MusicCueSheet_Agosto23,,08/08/2023,UM CLOONEY EM MINHA VIDA,,,FAITH,GEORGE MICHAEL,GEORGE MICHAEL,,,,WARNER CHAPPELL,,,,0,0
Globo,MusicCueSheet_TvAberta_Agosto2023.xlsx,MusicCueSheet_Agosto23,,08/08/2023,UM CLOONEY EM MINHA VIDA,,,GUANTANAMERA,"J DIAZ,J MARTI,J ORBUN,P SEEGER",CELIA CRUZ,,,,"A DESCOBRIR,A DESCOBRIR,A DESCOBRIR,A DESCOBRIR",,,,0,0
Globo,MusicCueSheet_TvAberta_Agosto2023.xlsx,MusicCueSheet_Agosto23,,08/08/2023,UM CLOONEY EM MINHA VIDA,,,A LITTLE LESS CONVERSATION,"BILLY STRANGE,BILLY STRANGE,SCOTT DAVIS,SCOTT DAVIS",ELVIS PRESLEY,,,,"ABRAMUS,SONY MUSIC PUBLISHING,ABRAMUS,SONY MUSIC PUBLISHING",,,,0,0
Globo,MusicCueSheet_TvAberta_Agosto2023.xlsx,MusicCueSheet_Agosto23,,08/08/2023,UM CLOONEY EM MINHA VIDA,,,ONDA DIFERENTE,"DJ KR3,LUDMILLA,MC DR,SNOOP DOGG",CELIO VQC,,,,"WARNER CHAPPELL,WARNER CHAPPELL,WARNER CHAPPELL,SONY MUSIC PUBLISHING",,,,0,0
Globo,MusicCueSheet_TvAberta_Agosto2023.xlsx,MusicCueSheet_Agosto23,,08/08/2023,UM CLOONEY EM MINHA VIDA,,,HOJE,"JEFFERSON JUNIOR,UMBERTO TAVARES",LUDMILLA,,,,"BMG,ORB MUSIC",,,,0,0
Globo,MusicCueSheet_TvAberta_Agosto2023.xlsx,MusicCueSheet_Agosto23,,09/08/2023,5878,,,VOLARE,"DOMENICO MODUGNO,F MIGLIACCI,MITCHELL PARISH,MITCHELL PARISH",BLOCK & CROWN,,,,"DUBAS,DUBAS,DUBAS,SONY MUSIC PUBLISHING",MASTERMIX RECORDS,,,0,0
Globo,MusicCueSheet_TvAberta_Agosto2023.xlsx,MusicCueSheet_Agosto23,,09/08/2023,5878,,,VOLARE,"DOMENICO MODUGNO,F MIGLIACCI,MITCHELL PARISH,MITCHELL PARISH",BLOCK & CROWN,,,,"DUBAS,DUBAS,DUBAS,SONY MUSIC PUBLISHING",MASTERMIX RECORDS,,,0,0
Globo,MusicCueSheet_TvAberta_Agosto2023.xlsx,MusicCueSheet_Agosto23,,09/08/2023,5878,,,QUASE NAO NAMORO,"ELIAS MAFRA,JUAN MARCUS,JULIANO VALLE,LARYSSA GOULART","JULIETTE,,MARINA SENA",,,,"ONERPM,JM PRODUCOES,ONERPM,ONERPM",,,,0,0
Globo,MusicCueSheet_TvAberta_Agosto2023.xlsx,MusicCueSheet_Agosto23,,09/08/2023,5878,,,PARABENS A VOCE,"LEA MAGALHAES,MILDRED J HILL,PATTY S HILL",BANDA CARA DE PAU,,,,"WARNER CHAPPELL,DP,DP",INDEPENDENTE,,,0,0
Globo,MusicCueSheet_TvAberta_Agosto2023.xlsx,MusicCueSheet_Agosto23,,09/08/2023,5878,,,VOLARE,"DOMENICO MODUGNO,F MIGLIACCI,MITCHELL PARISH,MITCHELL PARISH",BLOCK & CROWN,,,,"DUBAS,DUBAS,DUBAS,SONY MUSIC PUBLISHING",MASTERMIX RECORDS,,,0,0
Globo,MusicCueSheet_TvAberta_Agosto2023.xlsx,MusicCueSheet_Agosto23,,09/08/2023,5878,,,VOLARE,"DOMENICO MODUGNO,F MIGLIACCI,MITCHELL PARISH,MITCHELL PARISH",BLOCK & CROWN,,,,"DUBAS,DUBAS,DUBAS,SONY MUSIC PUBLISHING",MASTERMIX RECORDS,,,0,0
Globo,MusicCueSheet_TvAberta_Agosto2023.xlsx,MusicCueSheet_Agosto23,,09/08/2023,"BETTY FARIA, NICOLE BAHLS E MAEVE JIKINGS",,,AMIGOS DO PEITO,"MICHAEL SULLIVAN,PAULO MASSADAS",ARTISTAS DA GLOBO,,,,"SONY MUSIC PUBLISHING,SONY MUSIC PUBLISHING",,,,0,0
Globo,MusicCueSheet_TvAberta_Agosto2023.xlsx,MusicCueSheet_Agosto23,,09/08/2023,"BETTY FARIA, NICOLE BAHLS E MAEVE JIKINGS",,,IT S RAINING MEN,"PAUL JABARA,PAUL SHAFFER",NICOLE BAHLS,,,,"WARNER CHAPPELL,SONY MUSIC PUBLISHING",,,,0,0
Globo,MusicCueSheet_TvAberta_Agosto2023.xlsx,MusicCueSheet_Agosto23,,09/08/2023,SURPRESA,,,ABANDONADA,"MICHAEL SULLIVAN,MIGUEL PLOPSCHI,PAULO SERGIO VALLE",FAFA DE BELEM,,,,"SONY MUSIC PUBLISHING,SONY MUSIC PUBLISHING,SONY MUSIC PUBLISHING",,,,0,0
Globo,MusicCueSheet_TvAberta_Agosto2023.xlsx,MusicCueSheet_Agosto23,,09/08/2023,SURPRESA,,,BIRTHDAY,"BONNIE MCKEE,BONNIE MCKEE,HENRY WALTER,KATY PERRY,KATY PERRY,LUKASZ GOTTWALD,MAX MARTIN",KATY PERRY,,,,"ABRAMUS,PEERMUSIC,ABRAMUS,ABRAMUS,WARNER CHAPPELL,ABRAMUS,ABRAMUS",,,,0,0
Globo,MusicCueSheet_TvAberta_Agosto2023.xlsx,MusicCueSheet_Agosto23,,09/08/2023,SURPRESA,,,BROKEN HEARTED GIRL,"BEYONCE KNOWLES,KENNETH BABYFACE EDMONDS,MIKKEL STORLEER ERIKSEN,TOR ERIK HERMANSEN",BEYONCE,,,,"SONY MUSIC PUBLISHING,ABRAMUS,SONY MUSIC PUBLISHING,SONY MUSIC PUBLISHING",,,,0,0
Globo,MusicCueSheet_TvAberta_Agosto2023.xlsx,MusicCueSheet_Agosto23,,09/08/2023,SURPRESA,,,DIN DIN DIN,"LUDMILLA,MC DOGUINHA,MC PUPIO",LUDMILLA,,,,"WARNER CHAPPELL,ORB MUSIC,ORB MUSIC",,,,0,0
Globo,MusicCueSheet_TvAberta_Agosto2023.xlsx,MusicCueSheet_Agosto23,,09/08/2023,SURPRESA,,,KIZOMBA FESTA DA RACA,"JONAS,LUIZ CARLOS DA VILA,RODOLFO",BATERIA DA UNIDOS DE VILA ISABEL,,,,"EDIMUSA,EDIMUSA,EDIMUSA",,,,0,0
Globo,MusicCueSheet_TvAberta_Agosto2023.xlsx,MusicCueSheet_Agosto23,,09/08/2023,SURPRESA,,,A LOBA,"JUNINHO PERALVA,PAULINHO REZENDE",ALCIONE,,,,"UNIVERSAL MGB,UNIVERSAL MGB",,,,0,0
Globo,MusicCueSheet_TvAberta_Agosto2023.xlsx,MusicCueSheet_Agosto23,,09/08/2023,SURPRESA,,,NAO ENCOSTA,"DJ WILL,LUDMILLA",LUDMILLA,,,,"WARNER CHAPPELL,WARNER CHAPPELL",,,,0,0
Globo,MusicCueSheet_TvAberta_Agosto2023.xlsx,MusicCueSheet_Agosto23,,09/08/2023,SURPRESA,,,PARABENS DA XUXA,"MICHAEL SULLIVAN,MIGUEL PLOPSCHI,PAULO MASSADAS",XUXA,,,,"SONY MUSIC PUBLISHING,SONY MUSIC PUBLISHING,SONY MUSIC PUBLISHING",,,,0,0
Globo,MusicCueSheet_TvAberta_Agosto2023.xlsx,MusicCueSheet_Agosto23,,09/08/2023,SURPRESA,,,PASSA MAL,"DIEGO FERRARI,EVERTON MATOS,GUILHERME FERRAZ,LEO SAGGA,PAULO PIRES,RAY ANTONIO,SANDO NETO",MARILIA MENDONCA,,,,"A DESCOBRIR,UNIVERSAL MGB,BMG,WARNER CHAPPELL,A DESCOBRIR,A DESCOBRIR,BMG",,,,0,0
Globo,MusicCueSheet_TvAberta_Agosto2023.xlsx,MusicCueSheet_Agosto23,,09/08/2023,SURPRESA,,,PROVOCAR,"ANDRE VIEIRA,BREDER,GLORIA GROOVE,WALLACE VIANNA","GLORIA GROOVE,LEXA",,,,"WARNER CHAPPELL,WARNER CHAPPELL,WARNER CHAPPELL,WARNER CHAPPELL",,,,0,0
Globo,MusicCueSheet_TvAberta_Agosto2023.xlsx,MusicCueSheet_Agosto23,,09/08/2023,SURPRESA,,,SEGREDINHO,"PABLO BISPO,RUXELL,SERGIO SANTOS",PANKADON,,,,"WARNER CHAPPELL,BMG,WARNER CHAPPELL",,,,0,0
Globo,MusicCueSheet_TvAberta_Agosto2023.xlsx,MusicCueSheet_Agosto23,,09/08/2023,SURPRESA,,,SINGLE LADIES  PUT A RING ON IT,"BEYONCE KNOWLES,CHRISTOPHER STEWART,TERIUS NASH,THADDIS HARRELL",BEYONCE,,,,"SONY MUSIC PUBLISHING,PEERMUSIC,WARNER CHAPPELL,SONY MUSIC PUBLISHING",,,,0,0
Globo,MusicCueSheet_TvAberta_Agosto2023.xlsx,MusicCueSheet_Agosto23,,09/08/2023,SURPRESA,,,VOCE NAO ENTENDE NADA,CAETANO VELOSO,GAL COSTA,,,,WARNER CHAPPELL,,,,0,0
Globo,MusicCueSheet_TvAberta_Agosto2023.xlsx,MusicCueSheet_Agosto23,,09/08/2023,SURPRESA,,,VOCE PARTIU MEU CORACAO,"JEFFERSON JUNIOR,ROMEU R3,UMBERTO TAVARES",NEGO DO BOREL,,,,"A DESCOBRIR,SONY MUSIC PUBLISHING,ORB MUSIC",,,,0,0
Globo,MusicCueSheet_TvAberta_Agosto2023.xlsx,MusicCueSheet_Agosto23,,10/08/2023,2854,,,DOCE MEL (BOM ESTAR COM VOCE),"CLAUDIO RABELLO,RENATO CORREA",XUXA,,,,"SONY MUSIC PUBLISHING,SONY MUSIC PUBLISHING",,,,0,0
Globo,MusicCueSheet_TvAberta_Agosto2023.xlsx,MusicCueSheet_Agosto23,,10/08/2023,2854,,,SEM VOCE,"EDUARDO FARO,GUILHERME DE SA,ROGÉRIO FELTRIN,WELLINGTON GREVE",ROSA DE SARON,,,,"A DESCOBRIR,A DESCOBRIR,A DESCOBRIR,A DESCOBRIR",,,,0,0
Globo,MusicCueSheet_TvAberta_Agosto2023.xlsx,MusicCueSheet_Agosto23,,10/08/2023,2854,,,DOCE MEL (BOM ESTAR COM VOCE),"CLAUDIO RABELLO,RENATO CORREA",XUXA,,,,"SONY MUSIC PUBLISHING,SONY MUSIC PUBLISHING",SOM LIVRE,,,0,0
Globo,MusicCueSheet_TvAberta_Agosto2023.xlsx,MusicCueSheet_Agosto23,,10/08/2023,2854,,,DOCE MEL (BOM ESTAR COM VOCE),"CLAUDIO RABELLO,RENATO CORREA",XUXA,,,,"SONY MUSIC PUBLISHING,SONY MUSIC PUBLISHING",,,,0,0
Globo,MusicCueSheet_TvAberta_Agosto2023.xlsx,MusicCueSheet_Agosto23,,10/08/2023,2854,,,DOCE MEL (BOM ESTAR COM VOCE),"CLAUDIO RABELLO,RENATO CORREA",XUXA,,,,"SONY MUSIC PUBLISHING,SONY MUSIC PUBLISHING",SOM LIVRE,,,0,0
Globo,MusicCueSheet_TvAberta_Agosto2023.xlsx,MusicCueSheet_Agosto23,,10/08/2023,2854,,,DOCE MEL (BOM ESTAR COM VOCE),"CLAUDIO RABELLO,RENATO CORREA",XUXA,,,,"SONY MUSIC PUBLISHING,SONY MUSIC PUBLISHING",,,,0,0
Globo,MusicCueSheet_TvAberta_Agosto2023.xlsx,MusicCueSheet_Agosto23,,10/08/2023,2854,,,DOCE MEL (BOM ESTAR COM VOCE),"CLAUDIO RABELLO,RENATO CORREA",XUXA,,,,"SONY MUSIC PUBLISHING,SONY MUSIC PUBLISHING",SOM LIVRE,,,0,0
Globo,MusicCueSheet_TvAberta_Agosto2023.xlsx,MusicCueSheet_Agosto23,,10/08/2023,2854,,,AMIGUINHA XUXA,"MESSIAS CORREA,ROGERIO ENOE",XUXA,,,,"UNIVERSAL MGB,UNIVERSAL MGB",SOM LIVRE,,,0,0
Globo,MusicCueSheet_TvAberta_Agosto2023.xlsx,MusicCueSheet_Agosto23,,10/08/2023,2854,,,ILARIE,"CEINHA,CID GUERREIRO,DITO",XUXA,,,,"PEERMUSIC,PEERMUSIC,PEERMUSIC",SOM LIVRE,,,0,0
Globo,MusicCueSheet_TvAberta_Agosto2023.xlsx,MusicCueSheet_Agosto23,,10/08/2023,2854,,,ILARIE,"CEINHA,CID GUERREIRO,DITO",XUXA,,,,"PEERMUSIC,PEERMUSIC,PEERMUSIC",SOM LIVRE,,,0,0
Globo,MusicCueSheet_TvAberta_Agosto2023.xlsx,MusicCueSheet_Agosto23,,10/08/2023,2854,,,ILARIE,"CEINHA,CID GUERREIRO,DITO",XUXA,,,,"PEERMUSIC,PEERMUSIC,PEERMUSIC",SOM LIVRE,,,0,0
Globo,MusicCueSheet_TvAberta_Agosto2023.xlsx,MusicCueSheet_Agosto23,,10/08/2023,2854,,,DOCE MEL (BOM ESTAR COM VOCE),"CLAUDIO RABELLO,RENATO CORREA",XUXA,,,,"SONY MUSIC PUBLISHING,SONY MUSIC PUBLISHING",SOM LIVRE,,,0,0
Globo,MusicCueSheet_TvAberta_Agosto2023.xlsx,MusicCueSheet_Agosto23,,10/08/2023,2854,,,ILARIE,"CEINHA,CID GUERREIRO,DITO",XUXA,,,,"PEERMUSIC,PEERMUSIC,PEERMUSIC",SOM LIVRE,,,0,0
Globo,MusicCueSheet_TvAberta_Agosto2023.xlsx,MusicCueSheet_Agosto23,,10/08/2023,2854,,,DOCE MEL (BOM ESTAR COM VOCE),"CLAUDIO RABELLO,RENATO CORREA",XUXA,,,,"SONY MUSIC PUBLISHING,SONY MUSIC PUBLISHING",SOM LIVRE,,,0,0
Globo,MusicCueSheet_TvAberta_Agosto2023.xlsx,MusicCueSheet_Agosto23,,10/08/2023,2854,,,AMIGUINHA XUXA,"MESSIAS CORREA,ROGERIO ENOE",XUXA,,,,"UNIVERSAL MGB,UNIVERSAL MGB",SOM LIVRE,,,0,0
Globo,MusicCueSheet_TvAberta_Agosto2023.xlsx,MusicCueSheet_Agosto23,,10/08/2023,2854,,,PLANETA XUXA,"ALVARO SOCCI,CLAUDIO MATTA",XUXA,,,,"ADDAF,ADDAF",,,,0,0
Globo,MusicCueSheet_TvAberta_Agosto2023.xlsx,MusicCueSheet_Agosto23,,10/08/2023,2854,,,DOCE MEL (BOM ESTAR COM VOCE),"CLAUDIO RABELLO,RENATO CORREA",XUXA,,,,"SONY MUSIC PUBLISHING,SONY MUSIC PUBLISHING",SOM LIVRE,,,0,0
Globo,MusicCueSheet_TvAberta_Agosto2023.xlsx,MusicCueSheet_Agosto23,,10/08/2023,2854,,,DOCE MEL (BOM ESTAR COM VOCE),"CLAUDIO RABELLO,RENATO CORREA",XUXA,,,,"SONY MUSIC PUBLISHING,SONY MUSIC PUBLISHING",SOM LIVRE,,,0,0
Globo,MusicCueSheet_TvAberta_Agosto2023.xlsx,MusicCueSheet_Agosto23,,10/08/2023,2854,,,MIRE AS ESTRELAS,BRUNO FAGLIONI,ROSA DE SARON,,,,A DESCOBRIR,,,,0,0
Globo,MusicCueSheet_TvAberta_Agosto2023.xlsx,MusicCueSheet_Agosto23,,10/08/2023,2854,,,DO ALTO DA PEDRA,"GUILHERME DE SA,ROGERIO FELTRIN",ROSA DE SARON,,,,"ABRAMUS,ABRAMUS",,,,0,0
Globo,MusicCueSheet_TvAberta_Agosto2023.xlsx,MusicCueSheet_Agosto23,,10/08/2023,2854,,,DO ALTO DA PEDRA,"GUILHERME DE SA,ROGERIO FELTRIN",ROSA DE SARON,,,,"ABRAMUS,ABRAMUS",,,,0,0
Globo,MusicCueSheet_TvAberta_Agosto2023.xlsx,MusicCueSheet_Agosto23,,10/08/2023,10082023,,,VAI NOVINHA AH AH AH CITACAO O CHERO DE CAROLINA,"AMORIM ROXO,DJ RAFAEL FELIX,DYAMANTE DJ,ZE GONZAGA",CRIANCAS,,,,"MANGIONE,DECK,WAL MUSIC LTDA,MANGIONE",,,,0,0
Globo,MusicCueSheet_TvAberta_Agosto2023.xlsx,MusicCueSheet_Agosto23,,10/08/2023,10082023,,,VAI NOVINHA AH AH AH CITACAO O CHERO DE CAROLINA,"AMORIM ROXO,DJ RAFAEL FELIX,DYAMANTE DJ,ZE GONZAGA",YURI HAWAIANO,,,,"MANGIONE,DECK,WAL MUSIC LTDA,MANGIONE",,,,0,0
Globo,MusicCueSheet_TvAberta_Agosto2023.xlsx,MusicCueSheet_Agosto23,,10/08/2023,10082023,,,VAI NOVINHA AH AH AH CITACAO O CHERO DE CAROLINA,"AMORIM ROXO,DJ RAFAEL FELIX,DYAMANTE DJ,ZE GONZAGA",CRIANCAS,,,,"MANGIONE,DECK,WAL MUSIC LTDA,MANGIONE",,,,0,0
Globo,MusicCueSheet_TvAberta_Agosto2023.xlsx,MusicCueSheet_Agosto23,,10/08/2023,10082023,,,VAI NOVINHA AH AH AH CITACAO O CHERO DE CAROLINA,"AMORIM ROXO,DJ RAFAEL FELIX,DYAMANTE DJ,ZE GONZAGA",YURI HAWAIANO,,,,"MANGIONE,DECK,WAL MUSIC LTDA,MANGIONE",,,,0,0
Globo,MusicCueSheet_TvAberta_Agosto2023.xlsx,MusicCueSheet_Agosto23,,10/08/2023,10082023,,,SAMBA DA BENCAO,"BADEN POWELL,VINICIUS DE MORAES",MARIA BETHANIA,,,,"UNIVERSAL MGB,UNIVERSAL MGB",,,,0,0
Globo,MusicCueSheet_TvAberta_Agosto2023.xlsx,MusicCueSheet_Agosto23,,10/08/2023,5879,,,FUZUE,"KALEW SOARES,KAUE SEGUNDEIRO,MICHEL TELO,NEWTON FONSECA,SHYLTON FERNANDES",MICHEL TELO,FULL MIX,,,"MILIONARIOS HITS,BMG,PANTTANAL,PANTTANAL,WARNER CHAPPELL",UNIVERSAL MUSIC,,,0,0
Globo,MusicCueSheet_TvAberta_Agosto2023.xlsx,MusicCueSheet_Agosto23,,10/08/2023,5879,,,FUZUE,"KALEW SOARES,KAUE SEGUNDEIRO,MICHEL TELO,NEWTON FONSECA,SHYLTON FERNANDES",MICHEL TELO,FULL MIX,,,"MILIONARIOS HITS,BMG,PANTTANAL,PANTTANAL,WARNER CHAPPELL",UNIVERSAL MUSIC,,,0,0
Globo,MusicCueSheet_TvAberta_Agosto2023.xlsx,MusicCueSheet_Agosto23,,10/08/2023,5879,,,RADAR,"ARTHUR MARQUES,GLORIA GROOVE,PABLO BISPO,RUXELL,SERGIO SANTOS",GLORIA GROOVE,,,,"WARNER CHAPPELL,WARNER CHAPPELL,WARNER CHAPPELL,WARNER CHAPPELL,WARNER CHAPPELL",SB MUSIC,,,0,0
Globo,MusicCueSheet_TvAberta_Agosto2023.xlsx,MusicCueSheet_Agosto23,,10/08/2023,5879,,,GINGA,"PABLO BISPO,RINCON SAPIENCIA,RUXELL,SERGIO SANTOS","IZA, RINCON SAPIENCIA",FULL MIX,,,"WARNER CHAPPELL,BOIA FRIA PRODUCOES,BMG,WARNER CHAPPELL",WARNER,,,0,0
Globo,MusicCueSheet_TvAberta_Agosto2023.xlsx,MusicCueSheet_Agosto23,,10/08/2023,5879,,,MOVIMENTO DA SANFONINHA,"DJ PIMPA,RAFAEL CASTILHOL",ANITTA,,,,"WARNER CHAPPELL,WARNER CHAPPELL",WARNER CHAPPELL MUSIC,,,0,0
Globo,MusicCueSheet_TvAberta_Agosto2023.xlsx,MusicCueSheet_Agosto23,,10/08/2023,5879,,,GINGA,"PABLO BISPO,RINCON SAPIENCIA,RUXELL,SERGIO SANTOS","IZA, RINCON SAPIENCIA",FULL MIX,,,"WARNER CHAPPELL,BOIA FRIA PRODUCOES,BMG,WARNER CHAPPELL",WARNER,,,0,0
Globo,MusicCueSheet_TvAberta_Agosto2023.xlsx,MusicCueSheet_Agosto23,,10/08/2023,5879,,,PARABENS A VOCE,"LEA MAGALHAES,MILDRED J HILL,PATTY S HILL",BANDA CARA DE PAU,,,,"WARNER CHAPPELL,DP,DP",INDEPENDENTE,,,0,0
Globo,MusicCueSheet_TvAberta_Agosto2023.xlsx,MusicCueSheet_Agosto23,,10/08/2023,5879,,,FUZUE,"KALEW SOARES,KAUE SEGUNDEIRO,MICHEL TELO,NEWTON FONSECA,SHYLTON FERNANDES",MICHEL TELO,FULL MIX,,,"MILIONARIOS HITS,BMG,PANTTANAL,PANTTANAL,WARNER CHAPPELL",UNIVERSAL MUSIC,,,0,0
Globo,MusicCueSheet_TvAberta_Agosto2023.xlsx,MusicCueSheet_Agosto23,,10/08/2023,5879,,,FUZUE,"KALEW SOARES,KAUE SEGUNDEIRO,MICHEL TELO,NEWTON FONSECA,SHYLTON FERNANDES",MICHEL TELO,FULL MIX,,,"MILIONARIOS HITS,BMG,PANTTANAL,PANTTANAL,WARNER CHAPPELL",UNIVERSAL MUSIC,,,0,0
Globo,MusicCueSheet_TvAberta_Agosto2023.xlsx,MusicCueSheet_Agosto23,,10/08/2023,8,,,SURRA DE GROOVE,"CHIBATINHA,OZ,RAONI KANALHA,RDD",ATTOXXA,,,,"BMG,BMG,BMG,BMG",,,,0,0
Globo,MusicCueSheet_TvAberta_Agosto2023.xlsx,MusicCueSheet_Agosto23,,10/08/2023,8,,,NAO SEI PARAR,"AFTERCLAPP,BHASKAR","AFTERCLAPP,BHASKAR",,,,"AFTERCLAPP,SONY MUSIC PUBLISHING",,,,0,0
Globo,MusicCueSheet_TvAberta_Agosto2023.xlsx,MusicCueSheet_Agosto23,,10/08/2023,8,,,NAO SEI PARAR,"AFTERCLAPP,BHASKAR","AFTERCLAPP,BHASKAR",,,,"AFTERCLAPP,SONY MUSIC PUBLISHING",,,,0,0
Globo,MusicCueSheet_TvAberta_Agosto2023.xlsx,MusicCueSheet_Agosto23,,10/08/2023,8,,,EYE OF THE TIGER,"FRANKIE SULLIVAN,JIM PETERIK",SURVIVOR,,,,"SONY MUSIC PUBLISHING,WARNER CHAPPELL",,,,0,0
Globo,MusicCueSheet_TvAberta_Agosto2023.xlsx,MusicCueSheet_Agosto23,,10/08/2023,178,,,TUDO AZUL,"LULU SANTOS,NELSON MOTTA",ELENCO,,,,"UNIVERSAL MGB,UNIVERSAL MGB",,,,0,0
Globo,MusicCueSheet_TvAberta_Agosto2023.xlsx,MusicCueSheet_Agosto23,,10/08/2023,178,,,TUDO AZUL,"LULU SANTOS,NELSON MOTTA",JOSE LORETO,FULL MIX,,,"UNIVERSAL MGB,UNIVERSAL MGB",GLOBO,,,0,0
Globo,MusicCueSheet_TvAberta_Agosto2023.xlsx,MusicCueSheet_Agosto23,,10/08/2023,178,,,TUDO AZUL,"LULU SANTOS,NELSON MOTTA",ELENCO,,,,"UNIVERSAL MGB,UNIVERSAL MGB",,,,0,0
Globo,MusicCueSheet_TvAberta_Agosto2023.xlsx,MusicCueSheet_Agosto23,,10/08/2023,178,,,TUDO AZUL,"LULU SANTOS,NELSON MOTTA",JOSE LORETO,FULL MIX,,,"UNIVERSAL MGB,UNIVERSAL MGB",GLOBO,,,0,0
Globo,MusicCueSheet_TvAberta_Agosto2023.xlsx,MusicCueSheet_Agosto23,,10/08/2023,178,,,TUDO AZUL,"LULU SANTOS,NELSON MOTTA",ELENCO,,,,"UNIVERSAL MGB,UNIVERSAL MGB",,,,0,0
Globo,MusicCueSheet_TvAberta_Agosto2023.xlsx,MusicCueSheet_Agosto23,,10/08/2023,178,,,TUDO AZUL,"LULU SANTOS,NELSON MOTTA",JOSE LORETO,FULL MIX,,,"UNIVERSAL MGB,UNIVERSAL MGB",GLOBO,,,0,0
Globo,MusicCueSheet_TvAberta_Agosto2023.xlsx,MusicCueSheet_Agosto23,,10/08/2023,178,,,TUDO AZUL,"LULU SANTOS,NELSON MOTTA",ELENCO,,,,"UNIVERSAL MGB,UNIVERSAL MGB",,,,0,0
Globo,MusicCueSheet_TvAberta_Agosto2023.xlsx,MusicCueSheet_Agosto23,,10/08/2023,178,,,TUDO AZUL,"LULU SANTOS,NELSON MOTTA",JOSE LORETO,FULL MIX,,,"UNIVERSAL MGB,UNIVERSAL MGB",GLOBO,,,0,0
Globo,MusicCueSheet_TvAberta_Agosto2023.xlsx,MusicCueSheet_Agosto23,,10/08/2023,178,,,TUDO AZUL,"LULU SANTOS,NELSON MOTTA",ELENCO,,,,"UNIVERSAL MGB,UNIVERSAL MGB",,,,0,0
Globo,MusicCueSheet_TvAberta_Agosto2023.xlsx,MusicCueSheet_Agosto23,,10/08/2023,178,,,TUDO AZUL,"LULU SANTOS,NELSON MOTTA",JOSE LORETO,FULL MIX,,,"UNIVERSAL MGB,UNIVERSAL MGB",GLOBO,,,0,0
Globo,MusicCueSheet_TvAberta_Agosto2023.xlsx,MusicCueSheet_Agosto23,,10/08/2023,178,,,TUDO AZUL,"LULU SANTOS,NELSON MOTTA",ELENCO,,,,"UNIVERSAL MGB,UNIVERSAL MGB",,,,0,0
Globo,MusicCueSheet_TvAberta_Agosto2023.xlsx,MusicCueSheet_Agosto23,,10/08/2023,178,,,TUDO AZUL,"LULU SANTOS,NELSON MOTTA",JOSE LORETO,FULL MIX,,,"UNIVERSAL MGB,UNIVERSAL MGB",GLOBO,,,0,0
Globo,MusicCueSheet_TvAberta_Agosto2023.xlsx,MusicCueSheet_Agosto23,,10/08/2023,178,,,TUDO AZUL,"LULU SANTOS,NELSON MOTTA",ELENCO,,,,"UNIVERSAL MGB,UNIVERSAL MGB",,,,0,0
Globo,MusicCueSheet_TvAberta_Agosto2023.xlsx,MusicCueSheet_Agosto23,,10/08/2023,178,,,TUDO AZUL,"LULU SANTOS,NELSON MOTTA",ELENCO,,,,"UNIVERSAL MGB,UNIVERSAL MGB",,,,0,0
Globo,MusicCueSheet_TvAberta_Agosto2023.xlsx,MusicCueSheet_Agosto23,,10/08/2023,178,,,TUDO AZUL,"LULU SANTOS,NELSON MOTTA",JOSE LORETO,FULL MIX,,,"UNIVERSAL MGB,UNIVERSAL MGB",GLOBO,,,0,0
Globo,MusicCueSheet_TvAberta_Agosto2023.xlsx,MusicCueSheet_Agosto23,,10/08/2023,178,,,TUDO AZUL,"LULU SANTOS,NELSON MOTTA",ELENCO,,,,"UNIVERSAL MGB,UNIVERSAL MGB",,,,0,0
Globo,MusicCueSheet_TvAberta_Agosto2023.xlsx,MusicCueSheet_Agosto23,,10/08/2023,178,,,TUDO AZUL,"LULU SANTOS,NELSON MOTTA",JOSE LORETO,FULL MIX,,,"UNIVERSAL MGB,UNIVERSAL MGB",GLOBO,,,0,0
Globo,MusicCueSheet_TvAberta_Agosto2023.xlsx,MusicCueSheet_Agosto23,,10/08/2023,178,,,TUDO AZUL,"LULU SANTOS,NELSON MOTTA",ELENCO,,,,"UNIVERSAL MGB,UNIVERSAL MGB",,,,0,0
Globo,MusicCueSheet_TvAberta_Agosto2023.xlsx,MusicCueSheet_Agosto23,,10/08/2023,178,,,TUDO AZUL,"LULU SANTOS,NELSON MOTTA",ELENCO,,,,"UNIVERSAL MGB,UNIVERSAL MGB",,,,0,0
Globo,MusicCueSheet_TvAberta_Agosto2023.xlsx,MusicCueSheet_Agosto23,,10/08/2023,178,,,TUDO AZUL,"LULU SANTOS,NELSON MOTTA",ELENCO,,,,"UNIVERSAL MGB,UNIVERSAL MGB",,,,0,0
Globo,MusicCueSheet_TvAberta_Agosto2023.xlsx,MusicCueSheet_Agosto23,,10/08/2023,178,,,TUDO AZUL,"LULU SANTOS,NELSON MOTTA",JOSE LORETO,FULL MIX,,,"UNIVERSAL MGB,UNIVERSAL MGB",GLOBO,,,0,0
Globo,MusicCueSheet_TvAberta_Agosto2023.xlsx,MusicCueSheet_Agosto23,,10/08/2023,178,,,TUDO AZUL,"LULU SANTOS,NELSON MOTTA",ELENCO,,,,"UNIVERSAL MGB,UNIVERSAL MGB",,,,0,0
Globo,MusicCueSheet_TvAberta_Agosto2023.xlsx,MusicCueSheet_Agosto23,,10/08/2023,178,,,TUDO AZUL,"LULU SANTOS,NELSON MOTTA",JOSE LORETO,FULL MIX,,,"UNIVERSAL MGB,UNIVERSAL MGB",GLOBO,,,0,0
Globo,MusicCueSheet_TvAberta_Agosto2023.xlsx,MusicCueSheet_Agosto23,,10/08/2023,178,,,TUDO AZUL,"LULU SANTOS,NELSON MOTTA",ELENCO,,,,"UNIVERSAL MGB,UNIVERSAL MGB",,,,0,0
Globo,MusicCueSheet_TvAberta_Agosto2023.xlsx,MusicCueSheet_Agosto23,,10/08/2023,178,,,TUDO AZUL,"LULU SANTOS,NELSON MOTTA",JOSE LORETO,FULL MIX,,,"UNIVERSAL MGB,UNIVERSAL MGB",GLOBO,,,0,0
Globo,MusicCueSheet_TvAberta_Agosto2023.xlsx,MusicCueSheet_Agosto23,,10/08/2023,178,,,TUDO AZUL,"LULU SANTOS,NELSON MOTTA",ELENCO,,,,"UNIVERSAL MGB,UNIVERSAL MGB",,,,0,0
Globo,MusicCueSheet_TvAberta_Agosto2023.xlsx,MusicCueSheet_Agosto23,,10/08/2023,178,,,TUDO AZUL,"LULU SANTOS,NELSON MOTTA",JOSE LORETO,FULL MIX,,,"UNIVERSAL MGB,UNIVERSAL MGB",GLOBO,,,0,0
Globo,MusicCueSheet_TvAberta_Agosto2023.xlsx,MusicCueSheet_Agosto23,,10/08/2023,178,,,BUDDHA,"JOHAN JENS ERIK CARLSSON,MACY GRAY","GARY CLARCK JR., MACY GREY",FULL MIX,,,"ABRAMUS,WARNER CHAPPELL",LAB 344,,,0,0
Globo,MusicCueSheet_TvAberta_Agosto2023.xlsx,MusicCueSheet_Agosto23,,10/08/2023,TAPETE VERMELHO,,,NEGRO GATO,GETULIO CORTES,LUIZ MELODIA,,,,SONY MUSIC PUBLISHING,,,,0,0
Globo,MusicCueSheet_TvAberta_Agosto2023.xlsx,MusicCueSheet_Agosto23,,10/08/2023,TAPETE VERMELHO,,,NO TEARS LEFT TO CRY,"ARIANA GRANDE,ILYA SALMANZADEH,MAX MARTIN,SAVAN KOTECHA",FERDINANDO,,,,"UNIVERSAL MGB,WARNER CHAPPELL,PEERMUSIC,ABRAMUS",,,,0,0
Globo,MusicCueSheet_TvAberta_Agosto2023.xlsx,MusicCueSheet_Agosto23,,10/08/2023,TAPETE VERMELHO,,,PARADO NO BAILAO,"ALE COCCIOLITO,GUI AKIRA,MC GURY,MC L DA VINTE","MC GURY,MC L DA VINTE",,,,"LIVE TALENTOS,LIVE TALENTOS,LIVE TALENTOS,L 10 PRODUTORA E EVENTOS - EIRELI",,,,0,0
Globo,MusicCueSheet_TvAberta_Agosto2023.xlsx,MusicCueSheet_Agosto23,,10/08/2023,TAPETE VERMELHO,,,PIOR QUE POSSA IMAGINAR,"ANDRE VIEIRA,BIBI,BREDER,LUCAS VAZ,LUCAS VAZ,MC THA,WALLACE VIANNA",LUISA SONZA,,,,"WARNER CHAPPELL,UNIVERSAL MGB,WARNER CHAPPELL,UNIVERSAL MGB,WARNER CHAPPELL,ELEMESS,WARNER CHAPPELL",,,,0,0
Globo,MusicCueSheet_TvAberta_Agosto2023.xlsx,MusicCueSheet_Agosto23,,10/08/2023,TAPETE VERMELHO,,,OH PRETTY WOMAN,"BILL DEES,ROY ORBISON",ROY ORBINSON,,,,"SONY MUSIC PUBLISHING,ABRAMUS",,,,0,0
Globo,MusicCueSheet_TvAberta_Agosto2023.xlsx,MusicCueSheet_Agosto23,,10/08/2023,TAPETE VERMELHO,,,BEFORE I LET GO,"FRANKIE BEVERLY,LARRY BLACKMON,TOMI JENKINS",BEYONCE,,,,"A DESCOBRIR,ABRAMUS,ABRAMUS",,,,0,0
Globo,MusicCueSheet_TvAberta_Agosto2023.xlsx,MusicCueSheet_Agosto23,,10/08/2023,TAPETE VERMELHO,,,ESSE BRILHO E MEU,"ANDRE VIEIRA,ANDRE VIEIRA,PABLO BISPO,PABLO BISPO,WALLACE VIANNA,WALLACE VIANNA",IZA,,,,"UNIVERSAL MGB,WARNER CHAPPELL,UNIVERSAL MGB,WARNER CHAPPELL,UNIVERSAL MGB,WARNER CHAPPELL",,,,0,0
Globo,MusicCueSheet_TvAberta_Agosto2023.xlsx,MusicCueSheet_Agosto23,,10/08/2023,TAPETE VERMELHO,,,FINESSE,"BRUNO MARS,CHRISTOPHER BROWN,JAMES EDWARD FAUNTLEROY II,JEREMY REEVES,JONATHAN YIP,PHILIP MARTIN LAWRENCE II,RAY CHARLES,RAY ROMULUS","BRUNO MARS,CARDI B",,,,"WARNER CHAPPELL,WARNER CHAPPELL,UNIVERSAL MGB,WARNER CHAPPELL,WARNER CHAPPELL,WARNER CHAPPELL,UNIVERSAL MGB,SONY MUSIC PUBLISHING",,,,0,0
Globo,MusicCueSheet_TvAberta_Agosto2023.xlsx,MusicCueSheet_Agosto23,,10/08/2023,TAPETE VERMELHO,,,ONDA DIFERENTE,"DJ KR3,LUDMILLA,MC DR,SNOOP DOGG","ANITTA,ANITTA, LUDMILLA, SNOOP DOGG",,,,"WARNER CHAPPELL,WARNER CHAPPELL,WARNER CHAPPELL,SONY MUSIC PUBLISHING",,,,0,0
Globo,MusicCueSheet_TvAberta_Agosto2023.xlsx,MusicCueSheet_Agosto23,,11/08/2023,1215,,,YOU ARE MY SUNSHINE,JIMMIE DAVIS,XXX,,,,VITALE,,,,0,0
Globo,MusicCueSheet_TvAberta_Agosto2023.xlsx,MusicCueSheet_Agosto23,,11/08/2023,1215,,,YOU ARE MY SUNSHINE,JIMMIE DAVIS,XXX,,,,VITALE,,,,0,0
Globo,MusicCueSheet_TvAberta_Agosto2023.xlsx,MusicCueSheet_Agosto23,,11/08/2023,2855,,,TUDO AZUL,"LULU SANTOS,NELSON MOTTA",JOSE LORETO,,,,"UNIVERSAL MGB,UNIVERSAL MGB",,,,0,0
Globo,MusicCueSheet_TvAberta_Agosto2023.xlsx,MusicCueSheet_Agosto23,,11/08/2023,2855,,,A AMIZADE,"BICUDO,CLEBER AUGUSTO,DJALMA FALCAO","EMILIO DANTAS,SAMUEL DE ASSIS",,,,"WARNER CHAPPELL,WARNER CHAPPELL,WARNER CHAPPELL",,,,0,0
Globo,MusicCueSheet_TvAberta_Agosto2023.xlsx,MusicCueSheet_Agosto23,,11/08/2023,2855,,,BLITZKRIEG BOP,"DOUGLAS COLVIN,JEFFREY HYMAN,JOHN RAMONE CUMMINGS,THOMAS ERDELYI",RAMONES,,,,"WARNER CHAPPELL,WARNER CHAPPELL,WARNER CHAPPELL,WARNER CHAPPELL",RHINO/WARNER RECORDS,,,0,0
Globo,MusicCueSheet_TvAberta_Agosto2023.xlsx,MusicCueSheet_Agosto23,,11/08/2023,2855,,,FICO ASSIM SEM VOCE,"ABDULLAH,CACA MORAES",BUCHECHA,,,,"SONY MUSIC PUBLISHING,SONY MUSIC PUBLISHING",,,,0,0
Globo,MusicCueSheet_TvAberta_Agosto2023.xlsx,MusicCueSheet_Agosto23,,11/08/2023,2855,,,QUERO TE ENCONTRAR,MC BUCHECHA,MC BUCHECHA,,,,WARNER CHAPPELL,,,,0,0
Globo,MusicCueSheet_TvAberta_Agosto2023.xlsx,MusicCueSheet_Agosto23,,11/08/2023,2855,,,QUERO TE ENCONTRAR,MC BUCHECHA,PLATEIA,,,,WARNER CHAPPELL,,,,0,0
Globo,MusicCueSheet_TvAberta_Agosto2023.xlsx,MusicCueSheet_Agosto23,,11/08/2023,2855,,,SO LOVE,MC BUCHECHA,MC BUCHECHA,,,,WARNER CHAPPELL,,,,0,0
Globo,MusicCueSheet_TvAberta_Agosto2023.xlsx,MusicCueSheet_Agosto23,,11/08/2023,2855,,,A CULPA E DAS ESTRELAS,CLAUCI JULIO,"BUCHECHA,CEEJAY",,,,A DESCOBRIR,,,,0,0
Globo,MusicCueSheet_TvAberta_Agosto2023.xlsx,MusicCueSheet_Agosto23,,11/08/2023,2855,,,A CULPA E DAS ESTRELAS,CLAUCI JULIO,"BUCHECHA,CEEJAY",,,,A DESCOBRIR,,,,0,0
Globo,MusicCueSheet_TvAberta_Agosto2023.xlsx,MusicCueSheet_Agosto23,,11/08/2023,11082023,,,ESCRITO NAS ESTRELAS,"ARNALDO DORFMAN BLACK,CARLOS RENNO",TETE ESPINDOLA,,,,"UNIVERSAL MGB,UNIVERSAL MGB",,,,0,0
Globo,MusicCueSheet_TvAberta_Agosto2023.xlsx,MusicCueSheet_Agosto23,,11/08/2023,11082023,,,ESCRITO NAS ESTRELAS,"ARNALDO DORFMAN BLACK,CARLOS RENNO",TETE ESPINDOLA,,,,"UNIVERSAL MGB,UNIVERSAL MGB",,,,0,0
Globo,MusicCueSheet_TvAberta_Agosto2023.xlsx,MusicCueSheet_Agosto23,,11/08/2023,11082023,,,MY HEART WILL GO ON,"JAMES HORNER,WILL JENNINGS,WILL JENNINGS",BANDA CONTRATADA,,,,"SONY MUSIC PUBLISHING,SONY MUSIC PUBLISHING,UNIVERSAL MGB",,,,0,0
Globo,MusicCueSheet_TvAberta_Agosto2023.xlsx,MusicCueSheet_Agosto23,,11/08/2023,11082023,,,AUSENCIA,"FELIPE DE PAULA,FELIPE DE PAULA,HUGO HENRIQUE,JULIANO TCHULA",MARILIA MENDONCA,,,,"BMG,EDITORA MM MUSIC,EDITORA MM MUSIC,BMG",SONY MUSIC ENTERTAINMENT,,,0,0
Globo,MusicCueSheet_TvAberta_Agosto2023.xlsx,MusicCueSheet_Agosto23,,11/08/2023,5880,,,PAPAGAIO,"ALMIR GUINETO,BETO SEM BRACO,LUVERCI ERNESTO","DUDU NOBRE,GRUPO FUNDO DE QUINTAL",,,,"UNIVERSAL MGB,UNIVERSAL MGB,UNIVERSAL MGB",SONY MUSIC,,,0,0
Globo,MusicCueSheet_TvAberta_Agosto2023.xlsx,MusicCueSheet_Agosto23,,11/08/2023,5880,,,PAPAGAIO,"ALMIR GUINETO,BETO SEM BRACO,LUVERCI ERNESTO","DUDU NOBRE,GRUPO FUNDO DE QUINTAL",,,,"UNIVERSAL MGB,UNIVERSAL MGB,UNIVERSAL MGB",SONY MUSIC,,,0,0
Globo,MusicCueSheet_TvAberta_Agosto2023.xlsx,MusicCueSheet_Agosto23,,11/08/2023,5880,,,PILANTRA,"ANITTA,JAO,PEDRO TOFANI,ZEBU","ANITTA, JAO",FULL MIX,,,"SONY MUSIC PUBLISHING,UNIVERSAL MGB,UNIVERSAL MGB,WARNER CHAPPELL",UNIVERSAL MUSIC,,,0,0
Globo,MusicCueSheet_TvAberta_Agosto2023.xlsx,MusicCueSheet_Agosto23,,11/08/2023,5880,,,PARABENS A VOCE,"LEA MAGALHAES,MILDRED J HILL,PATTY S HILL",BANDA CARA DE PAU,,,,"WARNER CHAPPELL,DP,DP",INDEPENDENTE,,,0,0
Globo,MusicCueSheet_TvAberta_Agosto2023.xlsx,MusicCueSheet_Agosto23,,11/08/2023,5880,,,PAPAGAIO,"ALMIR GUINETO,BETO SEM BRACO,LUVERCI ERNESTO","DUDU NOBRE,GRUPO FUNDO DE QUINTAL",,,,"UNIVERSAL MGB,UNIVERSAL MGB,UNIVERSAL MGB",SONY MUSIC,,,0,0
Globo,MusicCueSheet_TvAberta_Agosto2023.xlsx,MusicCueSheet_Agosto23,,11/08/2023,CASA OU NAO CASA,,,ATRAS DA VERDE E ROSA SO NAO VAI QUEM JA MORREU,"BIRA DO PONTO,CARLOS SENA,DAVID CORREA,PAULINHO CARVALHO",GRUPO BALAIO DA NÊGA,,,,"EDIMUSA,EDIMUSA,EDIMUSA,EDIMUSA",,,,0,0
Globo,MusicCueSheet_TvAberta_Agosto2023.xlsx,MusicCueSheet_Agosto23,,11/08/2023,CASA OU NAO CASA,,,EU SOU A DIVA QUE VOCE QUER COPIAR,"ANDRE VIEIRA,PARDAL,WALLACE VIANNA",VALESCA POPOZUDA,,,,"WARNER CHAPPELL,A DESCOBRIR,WARNER CHAPPELL",2014 VALESCA POPOZUDA,,,0,0
Globo,MusicCueSheet_TvAberta_Agosto2023.xlsx,MusicCueSheet_Agosto23,,11/08/2023,CASA OU NAO CASA,,,HOUND DOG,"JERRY LEIBER,JERRY LEIBER,MIKE STOLLER,MIKE STOLLER",ELVIS PRESLEY,,,,"UNIVERSAL MGB,WARNER CHAPPELL,UNIVERSAL MGB,WARNER CHAPPELL",RCA RECORDS LABEL,,,0,0
Globo,MusicCueSheet_TvAberta_Agosto2023.xlsx,MusicCueSheet_Agosto23,,11/08/2023,CASA OU NAO CASA,,,MACARENA,"ANTONIO ROMERO MONJE,RAFAEL RUIZ",LOS DEL RIO,,,,"WARNER CHAPPELL,WARNER CHAPPELL",RCA RECORDS LABEL,,,0,0
Globo,MusicCueSheet_TvAberta_Agosto2023.xlsx,MusicCueSheet_Agosto23,,11/08/2023,CASA OU NAO CASA,,,OH HAPPY DAY,EDWIN R HAWKINS,WHOOPI GOLDBERG,,,,SONY MUSIC PUBLISHING,,,,0,0
Globo,MusicCueSheet_TvAberta_Agosto2023.xlsx,MusicCueSheet_Agosto23,,11/08/2023,CASA OU NAO CASA,,,ONDA DIFERENTE,"DJ KR3,LUDMILLA,MC DR,SNOOP DOGG","ANITTA,LUDMILLA,PAPATINHO,SNOOP DOGG",,,,"WARNER CHAPPELL,WARNER CHAPPELL,WARNER CHAPPELL,SONY MUSIC PUBLISHING",WM BRAZIL,,,0,0
Globo,MusicCueSheet_TvAberta_Agosto2023.xlsx,MusicCueSheet_Agosto23,,11/08/2023,CASA OU NAO CASA,,,SINGLE LADIES  PUT A RING ON IT,"BEYONCE KNOWLES,CHRISTOPHER STEWART,TERIUS NASH,THADDIS HARRELL",JÉSSICA VQC,,,,"SONY MUSIC PUBLISHING,PEERMUSIC,WARNER CHAPPELL,SONY MUSIC PUBLISHING",,,,0,0
Globo,MusicCueSheet_TvAberta_Agosto2023.xlsx,MusicCueSheet_Agosto23,,11/08/2023,CASA OU NAO CASA,,,SINGLE LADIES  PUT A RING ON IT,"BEYONCE KNOWLES,CHRISTOPHER STEWART,TERIUS NASH,THADDIS HARRELL",BEYONCE,,,,"SONY MUSIC PUBLISHING,PEERMUSIC,WARNER CHAPPELL,SONY MUSIC PUBLISHING","MUSIC WORLD MUSIC/COLUMBIA, PEERMUSIC",,,0,0
Globo,MusicCueSheet_TvAberta_Agosto2023.xlsx,MusicCueSheet_Agosto23,,11/08/2023,CASA OU NAO CASA,,,STRONG ENOUGH,"MARK TAYLOR,PAUL BARRY,PAUL BARRY",CHER,,,,"UNIVERSAL MGB,PEERMUSIC,UNIVERSAL MGB",WARNER RECORDS,,,0,0
Globo,MusicCueSheet_TvAberta_Agosto2023.xlsx,MusicCueSheet_Agosto23,,11/08/2023,CASA OU NAO CASA,,,VAI DAR RUIM,"PEDRO HENRIQUE BREDER,RAFAEL SOARES MIKE",DREAM TEAM DO PASSINHO,,,,"SONY MUSIC PUBLISHING,SONY MUSIC PUBLISHING",SONY MUSIC ENTERTAINMENT,,,0,0
Globo,MusicCueSheet_TvAberta_Agosto2023.xlsx,MusicCueSheet_Agosto23,,11/08/2023,CASA OU NAO CASA,,,WITHOUT YOU,"PETER HAM,PETER HAM,THOMAS EVANS",MARIAH CAREY,,,,"SONY MUSIC PUBLISHING,WARNER CHAPPELL,SONY MUSIC PUBLISHING",COLUMBIA,,,0,0
Globo,MusicCueSheet_TvAberta_Agosto2023.xlsx,MusicCueSheet_Agosto23,,12/08/2023,1126,,,PAPAI ME EMPRESTA O CARRO,"RITA LEE,ROBERTO DE CARVALHO",BANDA ALTAS HORAS,,,,"WARNER CHAPPELL,WARNER CHAPPELL",,,,0,0
Globo,MusicCueSheet_TvAberta_Agosto2023.xlsx,MusicCueSheet_Agosto23,,12/08/2023,1126,,,PAPAI ME EMPRESTA O CARRO,"RITA LEE,ROBERTO DE CARVALHO",BANDA ALTAS HORAS,,,,"WARNER CHAPPELL,WARNER CHAPPELL",,,,0,0
Globo,MusicCueSheet_TvAberta_Agosto2023.xlsx,MusicCueSheet_Agosto23,,12/08/2023,1126,,,A GRANDE FAMILIA,"DITO,TOM DA BAHIA",DUDU NOBRE E  THALITA NOBRE,,,,"SIGEM,SIGEM",,,,0,0
Globo,MusicCueSheet_TvAberta_Agosto2023.xlsx,MusicCueSheet_Agosto23,,12/08/2023,1126,,,CRUZANDO RAIOS,"ORLANDO MORAIS,TONI COSTA","ORLANDO MORAIS, ANTTÓNIA MORAIS, CLÉO, ANA MORAIS",,,,"SONY MUSIC PUBLISHING,TONI COSTA",,,,0,0
Globo,MusicCueSheet_TvAberta_Agosto2023.xlsx,MusicCueSheet_Agosto23,,12/08/2023,1126,,,NA PAZ,ORLANDO MORAIS,"ORLAND MORAIS, ANTTÓNIA MORAIS, CLÉO, ANA MORAIS",,,,NOWA,,,,0,0
Globo,MusicCueSheet_TvAberta_Agosto2023.xlsx,MusicCueSheet_Agosto23,,12/08/2023,1126,,,ALMA GEMEA,PENINHA,"PENINHA, WILLY GREGORY",,,,WARNER CHAPPELL,,,,0,0
Globo,MusicCueSheet_TvAberta_Agosto2023.xlsx,MusicCueSheet_Agosto23,,12/08/2023,1126,,,QUE NEM MARE,JORGE VERCILLO,"JORGE VERCILLO, VINI VERCILLO",,,,WARNER CHAPPELL,,,,0,0
Globo,MusicCueSheet_TvAberta_Agosto2023.xlsx,MusicCueSheet_Agosto23,,12/08/2023,1126,,,BAILA COMIGO,RITA LEE,"JORGE VERCILLO, VINI VERCILLO",,,,WARNER CHAPPELL,,,,0,0
Globo,MusicCueSheet_TvAberta_Agosto2023.xlsx,MusicCueSheet_Agosto23,,12/08/2023,1126,,,LOADEANDO,"MARCELO D2,MARCELO D2,MARECHAL,MARECHAL",BANDA ALTAS HORAS,,,,"BMG,SONY MUSIC PUBLISHING,ABRAMUS,BMG",,,,0,0
Globo,MusicCueSheet_TvAberta_Agosto2023.xlsx,MusicCueSheet_Agosto23,,12/08/2023,1126,,,EU E VOCE VOCE E EU,"AUGUSTO CONCEICAO,ELIVANDRO CUCA,FABIO ALCANTARA",BANDA ALTAS HORAS,,,,"SONY MUSIC PUBLISHING,UNIVERSAL MGB,UNIVERSAL MGB",,,,0,0
Globo,MusicCueSheet_TvAberta_Agosto2023.xlsx,MusicCueSheet_Agosto23,,12/08/2023,1126,,,FATALMENTE,"OSCAR TINTEL,RODRIGUINHO,THIAGUINHO","RODRIGUINHO, GAAB",,,,"UNIVERSAL MGB,UNIVERSAL MGB,UNIVERSAL MGB",,,,0,0
Globo,MusicCueSheet_TvAberta_Agosto2023.xlsx,MusicCueSheet_Agosto23,,12/08/2023,1126,,,AZUL,"FLAVIO SANTANDER,GUSTAVO SANTANDER,SANTIAGO FERRAZ,SANTIAGO FERRAZ","EDSON, YAGO CADORINI, VITOR CADORINI, VITÓRIA CADORINI",,,,"UNIVERSAL MGB,UNIVERSAL MGB,A DESCOBRIR,SONY MUSIC PUBLISHING",,,,0,0
Globo,MusicCueSheet_TvAberta_Agosto2023.xlsx,MusicCueSheet_Agosto23,,12/08/2023,1126,,,VELHA INFANCIA,"ARNALDO ANTUNES,CARLINHOS BROWN,CARLINHOS BROWN,DAVI MORAES,MARISA MONTE,PEDRO BABY",BANDA ALTAS HORAS,,,,"ALTAFONTE,SONY MUSIC PUBLISHING,WARNER CHAPPELL,WARNER CHAPPELL,UNIVERSAL MGB,SETEMBRO",,,,0,0
Globo,MusicCueSheet_TvAberta_Agosto2023.xlsx,MusicCueSheet_Agosto23,,12/08/2023,1126,,,O MUNDO E BAO SEBASTIAO,NANDO REIS,BANDA ALTAS HORAS,,,,WARNER CHAPPELL,,,,0,0
Globo,MusicCueSheet_TvAberta_Agosto2023.xlsx,MusicCueSheet_Agosto23,,12/08/2023,1126,,,MORANGO DO NORDESTE,"FERNANDO ALVES,WALTER DE AFOGADOS","VAVÁ, DAVID DUARTE",,,,"GEMA EDITORA,GEMA EDITORA",,,,0,0
Globo,MusicCueSheet_TvAberta_Agosto2023.xlsx,MusicCueSheet_Agosto23,,12/08/2023,1126,,,VEM NAO VEM,ORLANDO MORAIS,"ORLAND MORAIS, ANTTÓNIA MORAIS, CLÉO, ANA MORAIS",,,,NOWA,,,,0,0
Globo,MusicCueSheet_TvAberta_Agosto2023.xlsx,MusicCueSheet_Agosto23,,12/08/2023,1126,,,ESPELHO,"JOAO NOGUEIRA,PAULO CESAR PINHEIRO",BANDA ALTAS HORAS,,,,"SONY MUSIC PUBLISHING,SONY MUSIC PUBLISHING",,,,0,0
Globo,MusicCueSheet_TvAberta_Agosto2023.xlsx,MusicCueSheet_Agosto23,,12/08/2023,1126,,,AMIGO,"ERASMO CARLOS,ROBERTO CARLOS",BANDA ALTAS HORAS,,,,"SONY MUSIC PUBLISHING,SONY MUSIC PUBLISHING",,,,0,0
Globo,MusicCueSheet_TvAberta_Agosto2023.xlsx,MusicCueSheet_Agosto23,,12/08/2023,1126,,,SONHO DE ICARO,"CLAUDIO RABELLO,PISKA","BIAFRA, CAROL REIS",,,,"SONY MUSIC PUBLISHING,SONY MUSIC PUBLISHING",,,,0,0
Globo,MusicCueSheet_TvAberta_Agosto2023.xlsx,MusicCueSheet_Agosto23,,12/08/2023,1126,,,MUITO ORGULHO MEU PAI,"GABRIEL O PENSADOR,PAPATINHO",BANDA ALTAS HORAS,,,,"HIP HOP,ORB MUSIC",,,,0,0
Globo,MusicCueSheet_TvAberta_Agosto2023.xlsx,MusicCueSheet_Agosto23,,12/08/2023,1126,,,PAIS E FILHOS,"DADO VILLA LOBOS,MARCELO BONFA,RENATO RUSSO",BANDA ALTAS HORAS,,,,"SONY MUSIC PUBLISHING,SONY MUSIC PUBLISHING,LEGIAO URBANA",,,,0,0
Globo,MusicCueSheet_TvAberta_Agosto2023.xlsx,MusicCueSheet_Agosto23,,12/08/2023,1126,,,COISINHA DO PAI,"ALMIR ARAUJO,JORGE ARAGAO,LUIZ CARLOS","BANDA ALTAS HORAS, DUDU NOBRE, THALITA NOBRE,PENINHA, WILLY GREGORY, RODRIGUINHO, GAAB, JORGE VERCILLO, VINI VERCILLO",,,,"WARNER CHAPPELL,WARNER CHAPPELL,WARNER CHAPPELL",,,,0,0
Globo,MusicCueSheet_TvAberta_Agosto2023.xlsx,MusicCueSheet_Agosto23,,12/08/2023,12082023,,,DO SEU LADO,NANDO REIS,JOTA QUEST,,,,WARNER CHAPPELL,,,,0,0
Globo,MusicCueSheet_TvAberta_Agosto2023.xlsx,MusicCueSheet_Agosto23,,12/08/2023,12082023,,,POR ONDE ANDEI,NANDO REIS,NANDO REIS,,,,WARNER CHAPPELL,,,,0,0
Globo,MusicCueSheet_TvAberta_Agosto2023.xlsx,MusicCueSheet_Agosto23,,12/08/2023,12082023,,,NA SUA ESTANTE,PITTY,PITTY,,,,DECK,,,,0,0
Globo,MusicCueSheet_TvAberta_Agosto2023.xlsx,MusicCueSheet_Agosto23,,12/08/2023,12082023,,,NOS VAMOS INVADIR SUA PRAIA,ROGER ROCHA MOREIRA,THE ULTRAJANTES,,,,WARNER CHAPPELL,,,,0,0
Globo,MusicCueSheet_TvAberta_Agosto2023.xlsx,MusicCueSheet_Agosto23,,12/08/2023,12082023,,,ANDO MEIO DESLIGADO,"ARNALDO DIAS BAPTISTA,RITA LEE,SERGIO DIAS",PATO FU,,,,"WARNER CHAPPELL,WARNER CHAPPELL,WARNER CHAPPELL",,,,0,0
Globo,MusicCueSheet_TvAberta_Agosto2023.xlsx,MusicCueSheet_Agosto23,,12/08/2023,12082023,,,TE LEVAR DAQUI,"CHAMPIGNON,CHORAO,MARCAO,PELADO,THIAGO",CHARLIE BROWN JR,,,,"SONY MUSIC PUBLISHING,SONY MUSIC PUBLISHING,SONY MUSIC PUBLISHING,SONY MUSIC PUBLISHING,SONY MUSIC PUBLISHING",,,,0,0
Globo,MusicCueSheet_TvAberta_Agosto2023.xlsx,MusicCueSheet_Agosto23,,12/08/2023,12082023,,,GAROTA DE BERLIM,RODRIGO ANDRADE,SUPLA,,,,SONY MUSIC PUBLISHING,,,,0,0
Globo,MusicCueSheet_TvAberta_Agosto2023.xlsx,MusicCueSheet_Agosto23,,12/08/2023,12082023,,,EU SO QUERO FICAR SO,BRUNO GOMES ALBUQUERQUE,ROCK BEATS,,,,A DESCOBRIR,,,,0,0
Globo,MusicCueSheet_TvAberta_Agosto2023.xlsx,MusicCueSheet_Agosto23,,12/08/2023,12082023,,,OBSESSIVO,"BRUNO ALPINO,RODRIGO FONSECA",DONA CISLENE,,,,"A DESCOBRIR,A DESCOBRIR",,,,0,0
Globo,MusicCueSheet_TvAberta_Agosto2023.xlsx,MusicCueSheet_Agosto23,,12/08/2023,12082023,,,CARRY ON,ANDRE MATOS,ANGRA,,,,A DESCOBRIR,,,,0,0
Globo,MusicCueSheet_TvAberta_Agosto2023.xlsx,MusicCueSheet_Agosto23,,12/08/2023,12082023,,,MINHA ALMA (A PAZ QUE EU NAO QUERO),"LAURO FARIAS,MARCELO FALCAO,MARCELO LOBATO,MARCELO YUCA,XANDAO",MARCELO FALCÃO,,,,"WARNER CHAPPELL,WARNER CHAPPELL,WARNER CHAPPELL,WARNER CHAPPELL,WARNER CHAPPELL",,,,0,0
Globo,MusicCueSheet_TvAberta_Agosto2023.xlsx,MusicCueSheet_Agosto23,,12/08/2023,12082023,,,SEMPRE ASSIM,"MARCIO BUZELIN,MARCO TULIO LARA,PAULINHO FONSECA,PJ,ROGERIO FLAUSINO",JOTA QUEST,,,,"SONY MUSIC PUBLISHING,SONY MUSIC PUBLISHING,SONY MUSIC PUBLISHING,SONY MUSIC PUBLISHING,SONY MUSIC PUBLISHING",,,,0,0
Globo,MusicCueSheet_TvAberta_Agosto2023.xlsx,MusicCueSheet_Agosto23,,12/08/2023,12082023,,,SEMPRE ASSIM,"MARCIO BUZELIN,MARCO TULIO LARA,PAULINHO FONSECA,PJ,ROGERIO FLAUSINO",JOTA QUEST,,,,"SONY MUSIC PUBLISHING,SONY MUSIC PUBLISHING,SONY MUSIC PUBLISHING,SONY MUSIC PUBLISHING,SONY MUSIC PUBLISHING",,,,0,0
Globo,MusicCueSheet_TvAberta_Agosto2023.xlsx,MusicCueSheet_Agosto23,,12/08/2023,417,,,FAZ UM MILAGRE EM MIM,"JOSELITO,KELLY DANESE",RÉGIS DANESE,,,,"MJC,MJC",MJC,,,0,0
Globo,MusicCueSheet_TvAberta_Agosto2023.xlsx,MusicCueSheet_Agosto23,,12/08/2023,417,,,FAZ UM MILAGRE EM MIM,"JOSELITO,KELLY DANESE",RÉGIS DANESE,,,,"MJC,MJC",,,,0,0
Globo,MusicCueSheet_TvAberta_Agosto2023.xlsx,MusicCueSheet_Agosto23,,12/08/2023,417,,,UM NOVO TEMPO,"MARCOS VALLE,NELSON MOTTA,PAULO SERGIO VALLE",ELENCO,,,,"SIGEM,SIGEM,SIGEM",,,,0,0
Globo,MusicCueSheet_TvAberta_Agosto2023.xlsx,MusicCueSheet_Agosto23,,12/08/2023,12082023,,,ROYAL CAVALRY FANFARE,A DESCOBRIR,ORCHESTRALIS,,,,A DESCOBRIR,,,,0,0
Globo,MusicCueSheet_TvAberta_Agosto2023.xlsx,MusicCueSheet_Agosto23,,12/08/2023,12082023,,,HAPPY UPBEAT,PINKZEBRA,PINKZEBRA,,,,A DESCOBRIR,,,,0,0
Globo,MusicCueSheet_TvAberta_Agosto2023.xlsx,MusicCueSheet_Agosto23,,12/08/2023,12082023,,,TA ESCRITO,"CARLINHOS MADUREIRA,GILSON BERNINI,XANDE DE PILARES","GERLANE LOPS,VICTOR CAMAROTE",,,,"WARNER CHAPPELL,UNIVERSAL MGB,UNIVERSAL MGB",,,,0,0
Globo,MusicCueSheet_TvAberta_Agosto2023.xlsx,MusicCueSheet_Agosto23,,12/08/2023,12082023,,,DA BRANCA,"GERLANE LOPS,SIRI DO CAVACO","GERLANE LOPS,SIRI DO CAVACO",,,,"GERLANE LOPS,SIRI DO CAVACO",,,,0,0
Globo,MusicCueSheet_TvAberta_Agosto2023.xlsx,MusicCueSheet_Agosto23,,12/08/2023,12082023,,,VOU FESTEJAR,"DIDA,JORGE ARAGAO,NEOCI DIAS","GERLANE LOPS,VICTOR CAMAROTE",,,,"WARNER CHAPPELL,WARNER CHAPPELL,WARNER CHAPPELL",,,,0,0
Globo,MusicCueSheet_TvAberta_Agosto2023.xlsx,MusicCueSheet_Agosto23,,12/08/2023,12082023,,,VOU FESTEJAR,"DIDA,JORGE ARAGAO,NEOCI DIAS","GERLANE LOPS,VICTOR CAMAROTE",,,,"WARNER CHAPPELL,WARNER CHAPPELL,WARNER CHAPPELL",,,,0,0
Globo,MusicCueSheet_TvAberta_Agosto2023.xlsx,MusicCueSheet_Agosto23,,12/08/2023,12082023,,,LETICIA,"DUGUINHO DO ACORDEON,JOTA REIS,SAMIR TRINDADE,SAYMON MARQUES",ZE VAQUEIRO,,,,"BERGER PRODUCOES,SONY MUSIC PUBLISHING,WARNER CHAPPELL,WARNER CHAPPELL",,,,0,0
Globo,MusicCueSheet_TvAberta_Agosto2023.xlsx,MusicCueSheet_Agosto23,,12/08/2023,12082023,,,MEU MEL,"FREDERICK LEIBOVITZ,NORIVAL DE PAULA,PAULINHO REZENDE,SAM CHOUEKA",ZÉ VAQUEIRO,,,,"A DESCOBRIR,UNIVERSAL MGB,A DESCOBRIR,A DESCOBRIR",,,,0,0
Globo,MusicCueSheet_TvAberta_Agosto2023.xlsx,MusicCueSheet_Agosto23,,12/08/2023,12082023,,,EU TENHO MEDO,DJ IVIS,ZE VAQUEIRO,,,,BERGER PRODUCOES,,,,0,0
Globo,MusicCueSheet_TvAberta_Agosto2023.xlsx,MusicCueSheet_Agosto23,,12/08/2023,12082023,,,ACASO,LUAN GAIATO,VITOR FERNANDES,,,,ABRAMUS,,,,0,0
Globo,MusicCueSheet_TvAberta_Agosto2023.xlsx,MusicCueSheet_Agosto23,,12/08/2023,12082023,,,VOU FALAR QUE NAO QUERO,"JHONNY CARVALHO,MARI CASTRO,RUAN LIMA,VITINHO POETA",VITOR FERNANDES,,,,"SONY MUSIC PUBLISHING,SONY MUSIC PUBLISHING,SONY MUSIC PUBLISHING,SONY MUSIC PUBLISHING",,,,0,0
Globo,MusicCueSheet_TvAberta_Agosto2023.xlsx,MusicCueSheet_Agosto23,,12/08/2023,12082023,,,SAUDADE E SOLIDAO,GAROTINHO DO FORRO,VITOR FERNANDES,,,,SUA MUSICA DIGITAL,,,,0,0
Globo,MusicCueSheet_TvAberta_Agosto2023.xlsx,MusicCueSheet_Agosto23,,12/08/2023,12082023,,,MEIA NOITE,"VALTER DANADAO,ZE MALHADA",TARCISIO DO ACORDEON,,,,"SONY MUSIC PUBLISHING,SONY MUSIC PUBLISHING",,,,0,0
Globo,MusicCueSheet_TvAberta_Agosto2023.xlsx,MusicCueSheet_Agosto23,,12/08/2023,12082023,,,PROTECAO DE TELA,"FELLIPE PANDA,MARCO NUNES,MARCOS ROGERIO,NONDASJUAN,RICARDUS JUNIOR,ROMIM MATA,WID MENDES",TARCISIO DO ACORDEON,,,,"SONY MUSIC PUBLISHING,SONY MUSIC PUBLISHING,SONY MUSIC PUBLISHING,SONY MUSIC PUBLISHING,WARNER CHAPPELL,WARNER CHAPPELL,SONY MUSIC PUBLISHING",,,,0,0
Globo,MusicCueSheet_TvAberta_Agosto2023.xlsx,MusicCueSheet_Agosto23,,12/08/2023,12082023,,,ROLE,"DJ IVIS,TARCISIO DO ACORDEON",TARCISIO DO ACORDEON,,,,"SONY MUSIC PUBLISHING,A DESCOBRIR",,,,0,0
Globo,MusicCueSheet_TvAberta_Agosto2023.xlsx,MusicCueSheet_Agosto23,,12/08/2023,12082023,,,MEU PEDACO DE PECADO,"DANIEL MENDES,JOAO GOMES",JOAO GOMES,,,,"WARNER CHAPPELL,ALKABITS NETWORK",,,,0,0
Globo,MusicCueSheet_TvAberta_Agosto2023.xlsx,MusicCueSheet_Agosto23,,12/08/2023,12082023,,,DENGO,"DANIEL MENDES,DIGGO",JOAO GOMES,,,,"WARNER CHAPPELL,WARNER CHAPPELL",,,,0,0
Globo,MusicCueSheet_TvAberta_Agosto2023.xlsx,MusicCueSheet_Agosto23,,12/08/2023,12082023,,,AQUELAS COISAS,"DANIEL MENDES,DANIEL MENDES,WASHINGTON JR",JOAO GOMES,,,,"SUA MUSICA DIGITAL,WARNER CHAPPELL,SUA MUSICA DIGITAL",,,,0,0
Globo,MusicCueSheet_TvAberta_Agosto2023.xlsx,MusicCueSheet_Agosto23,,12/08/2023,12082023,,,COMUNICACAO FALHOU,"DANIEL CANDIDO DE MORAIS,DANK,EMIDIO,MATHEUS ROSADO,THAVARES",MARI FERNANDEZ,,,,"SONY MUSIC PUBLISHING,UNIVERSAL MGB,UNIVERSAL MGB,R3 PRODUÇÕES,R3 PRODUÇÕES",,,,0,0
Globo,MusicCueSheet_TvAberta_Agosto2023.xlsx,MusicCueSheet_Agosto23,,12/08/2023,12082023,,,PARADA LOUCA,"FAUSTO,GABRIEL BK,LUCAS SOUZA,MAGNO NEVES,MARI FERNANDEZ",MARI FERNANDEZ,,,,"A DESCOBRIR,SONY MUSIC PUBLISHING,A DESCOBRIR,A DESCOBRIR,UNIVERSAL MGB",,,,0,0
Globo,MusicCueSheet_TvAberta_Agosto2023.xlsx,MusicCueSheet_Agosto23,,12/08/2023,12082023,,,PODE APOSTAR,"DANIELZIN DOS VERSOS,ELIAS COSTA,JEAN CARLOS,THIAGO AZEVEDO",MARI FERNANDEZ,,,,"A DESCOBRIR,A DESCOBRIR,A DESCOBRIR,SONY MUSIC PUBLISHING",,,,0,0
Globo,MusicCueSheet_TvAberta_Agosto2023.xlsx,MusicCueSheet_Agosto23,,12/08/2023,12082023,,,ASSUNTO DELICADO,"ELIAS COSTA,JEAN CARLOS,MAYKY MUNIZ,WASHINGTON JR",XAND AVIAO,,,,"BMG,SUA MUSICA DIGITAL,SUA MUSICA DIGITAL,WARNER CHAPPELL",,,,0,0
Globo,MusicCueSheet_TvAberta_Agosto2023.xlsx,MusicCueSheet_Agosto23,,12/08/2023,12082023,,,BALANCO DA REDE,"BALOVE,DAVI MELO,MADIMBU,MATHEUS FERNANDES,VITINHO POETA",XAND AVIAO,,,,"R3 PRODUÇÕES,SONY MUSIC PUBLISHING,SONY MUSIC PUBLISHING,SONY MUSIC PUBLISHING,A DESCOBRIR",,,,0,0
Globo,MusicCueSheet_TvAberta_Agosto2023.xlsx,MusicCueSheet_Agosto23,,12/08/2023,12082023,,,INQUILINA,"DJ IVIS,GUEDES NETO,JOAO RIBEIRO,XAND AVIAO",XAND AVIAO,,,,"SONY MUSIC PUBLISHING,SONY MUSIC PUBLISHING,SONY MUSIC PUBLISHING,SONY MUSIC PUBLISHING",,,,0,0
Globo,MusicCueSheet_TvAberta_Agosto2023.xlsx,MusicCueSheet_Agosto23,,13/08/2023,101,,,AQUELE BEIJO,LEIZ,TURMA DO PAGODE,,,,DECK,SONY MUSIC ENTERTAINMENT,,,0,0
Globo,MusicCueSheet_TvAberta_Agosto2023.xlsx,MusicCueSheet_Agosto23,,13/08/2023,101,,,TOMBEI,"KAROL CONKA,LAUDZ,ZEGON","KAROL CONKÁ,TROPKILLAZ",,,,"SONY MUSIC PUBLISHING,BMG,BMG",ELEMESS,,,0,0
Globo,MusicCueSheet_TvAberta_Agosto2023.xlsx,MusicCueSheet_Agosto23,,13/08/2023,101,,,KUNG FU FIGHTING,CARL DOUGLAS,CARL DOUGLAS,,,,SONY MUSIC PUBLISHING,SANCTUARY RECORDS,,,0,0
Globo,MusicCueSheet_TvAberta_Agosto2023.xlsx,MusicCueSheet_Agosto23,,13/08/2023,101,,,PRAIEIRO,MANNO GOES,JAMMIL E UMA NOITES,,,,SONY MUSIC PUBLISHING,JAMMIL,,,0,0
Globo,MusicCueSheet_TvAberta_Agosto2023.xlsx,MusicCueSheet_Agosto23,,13/08/2023,101,,,AGORA VAI SENTAR,"JONATHAN DANILO SILVA BEZERRA DO MONTE,MC KADINHO",MC'S JHOWZINHO & KADINHO,,,,"WARNER CHAPPELL,WARNER CHAPPELL",WARNER MUSIC BRASIL,,,0,0
Globo,MusicCueSheet_TvAberta_Agosto2023.xlsx,MusicCueSheet_Agosto23,,13/08/2023,101,,,YOU ONLY LIVE ONCE,JULIAN CASABLANCAS,THE STROKES,,,,WARNER CHAPPELL,RCA RECORDS LABEL,,,0,0
Globo,MusicCueSheet_TvAberta_Agosto2023.xlsx,MusicCueSheet_Agosto23,,13/08/2023,101,,,I DON T FEEL LIKE DANCING,"ELTON JOHN,JASON SELLARDS,SCOTT HOFFMAN",SCISSOR SISTERS,,,,"UNIVERSAL MGB,A DESCOBRIR,A DESCOBRIR",POLYDOR RECORDS,,,0,0
Globo,MusicCueSheet_TvAberta_Agosto2023.xlsx,MusicCueSheet_Agosto23,,13/08/2023,101,,,A PUNK,"CHRIS BAIO,CHRIS TMSON,EZRA KOENIG,ROSTAM BATMANGLIJ",VAMPIRE WEEKEND,,,,"UNIVERSAL MGB,UNIVERSAL MGB,UNIVERSAL MGB,UNIVERSAL MGB",CONCORD MUSIC PUBLISHING,,,0,0
Globo,MusicCueSheet_TvAberta_Agosto2023.xlsx,MusicCueSheet_Agosto23,,13/08/2023,101,,,A PUNK,"CHRIS BAIO,CHRIS TMSON,EZRA KOENIG,ROSTAM BATMANGLIJ",VAMPIRE WEEKEND,,,,"UNIVERSAL MGB,UNIVERSAL MGB,UNIVERSAL MGB,UNIVERSAL MGB",CONCORD MUSIC PUBLISHING,,,0,0
Globo,MusicCueSheet_TvAberta_Agosto2023.xlsx,MusicCueSheet_Agosto23,,13/08/2023,101,,,A PUNK,"CHRIS BAIO,CHRIS TMSON,EZRA KOENIG,ROSTAM BATMANGLIJ",VAMPIRE WEEKEND,,,,"UNIVERSAL MGB,UNIVERSAL MGB,UNIVERSAL MGB,UNIVERSAL MGB",CONCORD MUSIC PUBLISHING,,,0,0
Globo,MusicCueSheet_TvAberta_Agosto2023.xlsx,MusicCueSheet_Agosto23,,13/08/2023,101,,,LASSO,"CHRISTIAN MAZZALAI,FREDERIC MOULIN,LAURENT MAZZALAI,THOMAS CROQUET",PHOENIX,,,,"ABRAMUS,ABRAMUS,ABRAMUS,ABRAMUS",GLASSNOTE ENTERTAINMENT GROUP LLC,,,0,0
Globo,MusicCueSheet_TvAberta_Agosto2023.xlsx,MusicCueSheet_Agosto23,,13/08/2023,101,,,FLOWERS,"GREGORY ALDAE HEIN,MICHAEL POLLACK,MILEY CYRUS",MILEY CYRUS,,,,"PEERMUSIC,WARNER CHAPPELL,SONY MUSIC PUBLISHING",WARNER CHAPPELL MUSIC,,,0,0
Globo,MusicCueSheet_TvAberta_Agosto2023.xlsx,MusicCueSheet_Agosto23,,13/08/2023,101,,,FLOWERS,"GREGORY ALDAE HEIN,MICHAEL POLLACK,MILEY CYRUS",MILEY CYRUS,,,,"PEERMUSIC,WARNER CHAPPELL,SONY MUSIC PUBLISHING",WARNER CHAPPELL MUSIC,,,0,0
Globo,MusicCueSheet_TvAberta_Agosto2023.xlsx,MusicCueSheet_Agosto23,,13/08/2023,101,,,SHAKE IT OFF,"MAX MARTIN,SHELLBACK,TAYLOR SWIFT,TAYLOR SWIFT",TAYLOR SWIFT,,,,"ABRAMUS,ABRAMUS,SONY MUSIC PUBLISHING,UNIVERSAL MGB",MXM MUSIC,,,0,0
Globo,MusicCueSheet_TvAberta_Agosto2023.xlsx,MusicCueSheet_Agosto23,,13/08/2023,101,,,SHAKE IT OFF,"MAX MARTIN,SHELLBACK,TAYLOR SWIFT,TAYLOR SWIFT",TAYLOR SWIFT,,,,"ABRAMUS,ABRAMUS,SONY MUSIC PUBLISHING,UNIVERSAL MGB",MXM MUSIC,,,0,0
Globo,MusicCueSheet_TvAberta_Agosto2023.xlsx,MusicCueSheet_Agosto23,,13/08/2023,101,,,SAY SO,"AMALA ZANDILE DLAMINI,DAVID SPRECHER,LUKASZ GOTTWALD,LYDIA ASRAT",DOJA CAT,,,,"ABRAMUS,WARNER CHAPPELL,ABRAMUS,WARNER CHAPPELL",WARNER CHAPPELL MUSIC,,,0,0
Globo,MusicCueSheet_TvAberta_Agosto2023.xlsx,MusicCueSheet_Agosto23,,13/08/2023,101,,,SAY SO,"AMALA ZANDILE DLAMINI,DAVID SPRECHER,LUKASZ GOTTWALD,LYDIA ASRAT",DOJA CAT,,,,"ABRAMUS,WARNER CHAPPELL,ABRAMUS,WARNER CHAPPELL",WARNER CHAPPELL MUSIC,,,0,0
Globo,MusicCueSheet_TvAberta_Agosto2023.xlsx,MusicCueSheet_Agosto23,,13/08/2023,101,,,GIMME GIMME,"BENNY GORAN BROR ANDERSSON,BJOERN K ULVAEUS","BLEECH,KEVIN MCKAY,LEE CABRERA",,,,"A DESCOBRIR,A DESCOBRIR",GLASGOW UNDERGROUND,,,0,0
Globo,MusicCueSheet_TvAberta_Agosto2023.xlsx,MusicCueSheet_Agosto23,,13/08/2023,101,,,GIMME GIMME,"BENNY GORAN BROR ANDERSSON,BJOERN K ULVAEUS","BLEECH,KEVIN MCKAY,LEE CABRERA",,,,"A DESCOBRIR,A DESCOBRIR",GLASGOW UNDERGROUND,,,0,0
Globo,MusicCueSheet_TvAberta_Agosto2023.xlsx,MusicCueSheet_Agosto23,,13/08/2023,101,,,FUZUE,"KALEW SOARES,KAUE SEGUNDEIRO,MICHEL TELO,NEWTON FONSECA,SHYLTON FERNANDES",MICHEL TELO -,,,,"MILIONARIOS HITS,BMG,PANTTANAL,PANTTANAL,WARNER CHAPPELL",,,,0,0
Globo,MusicCueSheet_TvAberta_Agosto2023.xlsx,MusicCueSheet_Agosto23,,13/08/2023,101,,,MEU VICIO,"BRENO MAJOR,JHONNY CARVALHO,WR NO BEAT",MICHEL TELÓ,,,,"MAJOR PRODUÇÕES,A DESCOBRIR,A DESCOBRIR",,,,0,0
Globo,MusicCueSheet_TvAberta_Agosto2023.xlsx,MusicCueSheet_Agosto23,,13/08/2023,101,,,O TEMPO NAO ESPERA NINGUEM,"MICHEL TELO,TEOFILO TELO",MICHEL TELÓ,,,,"PANTTANAL,PANTTANAL",SOM LIVRE,,,0,0
Globo,MusicCueSheet_TvAberta_Agosto2023.xlsx,MusicCueSheet_Agosto23,,13/08/2023,101,,,PAI MAE,"FABIO PEREIRA VIANA,RENATO BARROS",MICHEL TELÓ,,,,"PANTTANAL,PANTTANAL",VIRGIN MUSIC LABEL AND ARTIST SERVICES,,,0,0
Globo,MusicCueSheet_TvAberta_Agosto2023.xlsx,MusicCueSheet_Agosto23,,13/08/2023,101,,,MEU QUERIDO MEU VELHO MEU AMIGO,"ERASMO CARLOS,ROBERTO CARLOS",MICHEL TELO,,,,"SONY MUSIC PUBLISHING,SONY MUSIC PUBLISHING",,,,0,0
Globo,MusicCueSheet_TvAberta_Agosto2023.xlsx,MusicCueSheet_Agosto23,,13/08/2023,101,,,PAI MAE,"FABIO PEREIRA VIANA,RENATO BARROS",MICHEL TELO,,,,"PANTTANAL,PANTTANAL",VIRGIN MUSIC LABEL AND ARTIST SERVICES,,,0,0
Globo,MusicCueSheet_TvAberta_Agosto2023.xlsx,MusicCueSheet_Agosto23,,13/08/2023,101,,,SAUDADE DE MINHA TERRA,"BELMONTE,GOIA",FAMILIA MICHEL TELO,,,,"VITALE,VITALE",,,,0,0
Globo,MusicCueSheet_TvAberta_Agosto2023.xlsx,MusicCueSheet_Agosto23,,13/08/2023,101,,,COMO E GRANDE O MEU AMOR POR VOCE,ROBERTO CARLOS,FILHOS DE MICHEL TELO,,,,SONY MUSIC PUBLISHING,,,,0,0
Globo,MusicCueSheet_TvAberta_Agosto2023.xlsx,MusicCueSheet_Agosto23,,13/08/2023,101,,,FUGIDINHA,"RODRIGUINHO,THIAGUINHO",MICHEL TELÓ,,,,"UNIVERSAL MGB,SONY MUSIC PUBLISHING",,,,0,0
Globo,MusicCueSheet_TvAberta_Agosto2023.xlsx,MusicCueSheet_Agosto23,,13/08/2023,101,,,AI SE EU TE PEGO,"ALINE,AMANDA,DYGGS,KARINA,MARIA EDUARDA,SHARON",MICHEL TELÓ,,,,"PANTTANAL,PANTTANAL,PANTTANAL,PANTTANAL,PANTTANAL,PANTTANAL",,,,0,0
Globo,MusicCueSheet_TvAberta_Agosto2023.xlsx,MusicCueSheet_Agosto23,,13/08/2023,101,,,FUZUE,"KALEW SOARES,KAUE SEGUNDEIRO,MICHEL TELO,NEWTON FONSECA,SHYLTON FERNANDES",MICHEL TELO,,,,"MILIONARIOS HITS,BMG,PANTTANAL,PANTTANAL,WARNER CHAPPELL",,,,0,0
Globo,MusicCueSheet_TvAberta_Agosto2023.xlsx,MusicCueSheet_Agosto23,,13/08/2023,101,,,SEVEN,"ANDREW WATT,CIRKUT,JON BELLION,LATTO,THERON MAKIEL THOMAS","JUNG KOOK,LATTO",,,,"KOBALT MUSIC,A DESCOBRIR,SONY MUSIC PUBLISHING,SONY MUSIC PUBLISHING,SONY MUSIC PUBLISHING",UNIVERSAL MUSIC PUBLISHING,,,0,0
Globo,MusicCueSheet_TvAberta_Agosto2023.xlsx,MusicCueSheet_Agosto23,,13/08/2023,101,,,SEVEN,"ANDREW WATT,CIRKUT,JON BELLION,LATTO,THERON MAKIEL THOMAS",JUNG KOOK & LATTO,,,,"KOBALT MUSIC,A DESCOBRIR,SONY MUSIC PUBLISHING,SONY MUSIC PUBLISHING,SONY MUSIC PUBLISHING",UNIVERSAL MUSIC PUBLISHING,,,0,0
Globo,MusicCueSheet_TvAberta_Agosto2023.xlsx,MusicCueSheet_Agosto23,,13/08/2023,101,,,PRAISING YOU,"CAMILLE YARBROUGH,GEORGIA KU OVERTON,JON SHAVE,KAREN POOLE,NORMAN COOK,RITA ORA,SERBAN IONUT CAZAN","RITA ORA,FATBOY SLIM",,,,"UNIVERSAL MGB,A DESCOBRIR,A DESCOBRIR,UNIVERSAL MGB,UNIVERSAL MGB,A DESCOBRIR,A DESCOBRIR",BMG RIGHTS MANAGEMENT,,,0,0
Globo,MusicCueSheet_TvAberta_Agosto2023.xlsx,MusicCueSheet_Agosto23,,13/08/2023,101,,,PRAISING YOU,"CAMILLE YARBROUGH,GEORGIA KU OVERTON,JON SHAVE,KAREN POOLE,NORMAN COOK,RITA ORA,SERBAN IONUT CAZAN","RITA ORA,FATBOY SLIM",,,,"UNIVERSAL MGB,A DESCOBRIR,A DESCOBRIR,UNIVERSAL MGB,UNIVERSAL MGB,A DESCOBRIR,A DESCOBRIR",BMG RIGHTS MANAGEMENT,,,0,0
Globo,MusicCueSheet_TvAberta_Agosto2023.xlsx,MusicCueSheet_Agosto23,,13/08/2023,13082023,,,XOTE DA ALEGRIA,TATO,DEZINHO E FAMILIA,,,,DECK,,,,0,0
Globo,MusicCueSheet_TvAberta_Agosto2023.xlsx,MusicCueSheet_Agosto23,,13/08/2023,13082023,,,RINDO A TOA,TATO,FALAMANSA,,,,DECK,,,,0,0
Globo,MusicCueSheet_TvAberta_Agosto2023.xlsx,MusicCueSheet_Agosto23,,13/08/2023,13082023,,,ALOHA,RICARDO RAMOS DA CRUZ,"FALAMANSA,NATIRUTS",,,,A DESCOBRIR,,,,0,0
Globo,MusicCueSheet_TvAberta_Agosto2023.xlsx,MusicCueSheet_Agosto23,,13/08/2023,2599,,,CHITAOZINHO E XORORO,"ATHOS CAMPOS,SERRINHA",CHITAOZINHO E XORORO,,,,"FERMATA,FERMATA",,,,0,0
Globo,MusicCueSheet_TvAberta_Agosto2023.xlsx,MusicCueSheet_Agosto23,,13/08/2023,2599,,,60 DIAS APAIXONADO,"CONSTANTINO MENDES,DARCI ROSSI",CHITAOZINHO E XORORO,,,,"PEERMUSIC,PEERMUSIC",,,,0,0
Globo,MusicCueSheet_TvAberta_Agosto2023.xlsx,MusicCueSheet_Agosto23,,13/08/2023,2599,,,FIO DE CABELO,"DARCI ROSSI,MARCIANO",CHITAOZINHO E XORORO,,,,"PEERMUSIC,PEERMUSIC",,,,0,0
Globo,MusicCueSheet_TvAberta_Agosto2023.xlsx,MusicCueSheet_Agosto23,,13/08/2023,2599,,,SINONIMOS,"CESAR AUGUSTO,CLAUDIO NOAM,PAULO SERGIO",CHITAOZINHO E XORORO,,,,"WARNER CHAPPELL,SONY MUSIC PUBLISHING,WARNER CHAPPELL",,,,0,0
Globo,MusicCueSheet_TvAberta_Agosto2023.xlsx,MusicCueSheet_Agosto23,,13/08/2023,2599,,,EVIDENCIAS,"JOSE AUGUSTO,PAULO SERGIO VALLE",CHITAOZINHO E XORORO,,,,"UNIVERSAL MGB,SONY MUSIC PUBLISHING",,,,0,0
Globo,MusicCueSheet_TvAberta_Agosto2023.xlsx,MusicCueSheet_Agosto23,,13/08/2023,2599,,,DANS TA FAVELA,MARION LEMONNIER,"DJ GUTO, MARION LEMONNIER",FULL MIX,,,DUBAS,GLOBO,,,0,0
Globo,MusicCueSheet_TvAberta_Agosto2023.xlsx,MusicCueSheet_Agosto23,,13/08/2023,BODAS DE PURPURINA,,,APENAS UM NENEM,"GLORIA GROOVE,LUKINHAS,PABLO BISPO,RUXELL","GLORIA,MARINA SENA",,,,"WARNER CHAPPELL,WARNER CHAPPELL,WARNER CHAPPELL,WARNER CHAPPELL",,,,0,0
Globo,MusicCueSheet_TvAberta_Agosto2023.xlsx,MusicCueSheet_Agosto23,,13/08/2023,BODAS DE PURPURINA,,,MEU SANGUE FERVE POR VOCE,"FREDDIE MEYER,JACK AREL,SERAFIM COSTA ALMEIDA",SIDNEY MAGAL,,,,"WARNER CHAPPELL,WARNER CHAPPELL,WARNER CHAPPELL",,,,0,0
Globo,MusicCueSheet_TvAberta_Agosto2023.xlsx,MusicCueSheet_Agosto23,,13/08/2023,BODAS DE PURPURINA,,,REALCE,GILBERTO GIL,GILBERTO GIL,,,,SONY MUSIC PUBLISHING,,,,0,0
Globo,MusicCueSheet_TvAberta_Agosto2023.xlsx,MusicCueSheet_Agosto23,,13/08/2023,BODAS DE PURPURINA,,,VERMELHO,"DALESTE,GLORIA GROOVE,PABLO BISPO,RUXELL",GLORIA GROOVE,,,,"UNIVERSAL MGB,WARNER CHAPPELL,WARNER CHAPPELL,WARNER CHAPPELL",,,,0,0
Globo,MusicCueSheet_TvAberta_Agosto2023.xlsx,MusicCueSheet_Agosto23,,13/08/2023,BODAS DE PURPURINA,,,E TARDE DEMAIS,"ELIAS MUNIZ,LUIZ CARLOS",RACA NEGRA,,,,"PEERMUSIC,PEERMUSIC",,,,0,0
Globo,MusicCueSheet_TvAberta_Agosto2023.xlsx,MusicCueSheet_Agosto23,,13/08/2023,BODAS DE PURPURINA,,,E TARDE DEMAIS,"ELIAS MUNIZ,LUIZ CARLOS",ELENCO,,,,"PEERMUSIC,PEERMUSIC",,,,0,0
Globo,MusicCueSheet_TvAberta_Agosto2023.xlsx,MusicCueSheet_Agosto23,,14/08/2023,2856,,,E O AMOR,ZEZE DI CAMARGO,PLATEIA,,,,PEERMUSIC,,,,0,0
Globo,MusicCueSheet_TvAberta_Agosto2023.xlsx,MusicCueSheet_Agosto23,,14/08/2023,2856,,,E O AMOR,ZEZE DI CAMARGO,"WANESSA,ZEZE DI CAMARGO",,,,PEERMUSIC,,,,0,0
Globo,MusicCueSheet_TvAberta_Agosto2023.xlsx,MusicCueSheet_Agosto23,,14/08/2023,2856,,,NO DIA EM QUE EU SAI DE CASA,JOEL MARQUES,"ZEZE DI CAMARGO,LUCIANO",,,,UNIVERSAL MGB,COLUMBIA,,,0,0
Globo,MusicCueSheet_TvAberta_Agosto2023.xlsx,MusicCueSheet_Agosto23,,14/08/2023,2856,,,PRA MUDAR A MINHA VIDA,"CESAR AUGUSTO,PISKA","ZEZE DI CAMARGO,LUCIANO",,,,"WARNER CHAPPELL,WARNER CHAPPELL",SONY BMG MUSIC,,,0,0
Globo,MusicCueSheet_TvAberta_Agosto2023.xlsx,MusicCueSheet_Agosto23,,14/08/2023,2856,,,NO DIA EM QUE EU SAI DE CASA,JOEL MARQUES,"ZEZÉ DI CAMARGO,LUCIANO",,,,UNIVERSAL MGB,COLUMBIA,,,0,0
Globo,MusicCueSheet_TvAberta_Agosto2023.xlsx,MusicCueSheet_Agosto23,,14/08/2023,2856,,,E O AMOR,ZEZE DI CAMARGO,ZEZE DI CAMARGO,,,,PEERMUSIC,,,,0,0
Globo,MusicCueSheet_TvAberta_Agosto2023.xlsx,MusicCueSheet_Agosto23,,14/08/2023,2856,,,VOCE NAO E MAIS ASSIM,"CESAR AUGUSTO,PISKA",ZEZE DI CAMARGO,,,,"WARNER CHAPPELL,WARNER CHAPPELL",,,,0,0
Globo,MusicCueSheet_TvAberta_Agosto2023.xlsx,MusicCueSheet_Agosto23,,14/08/2023,2856,,,DOIS CORACOES E UMA HISTORIA,"CARLOS RANDALL,DANIMAR",ZEZE DI CAMARGO,,,,"WARNER CHAPPELL,WARNER CHAPPELL",,,,0,0
Globo,MusicCueSheet_TvAberta_Agosto2023.xlsx,MusicCueSheet_Agosto23,,14/08/2023,1,,,ERVA VENENOSA,"JERRY LEIBER,MIKE STOLLER,ROSSINI PINTO",RITA LEE,,,,"SONY MUSIC PUBLISHING,SONY MUSIC PUBLISHING,SONY MUSIC PUBLISHING",UNIVERSAL MUSIC;,,,0,0
Globo,MusicCueSheet_TvAberta_Agosto2023.xlsx,MusicCueSheet_Agosto23,,14/08/2023,1,,,ERVA VENENOSA,"JERRY LEIBER,MIKE STOLLER,ROSSINI PINTO",RITA LEE,,,,"SONY MUSIC PUBLISHING,SONY MUSIC PUBLISHING,SONY MUSIC PUBLISHING",UNIVERSAL MUSIC;,,,0,0
Globo,MusicCueSheet_TvAberta_Agosto2023.xlsx,MusicCueSheet_Agosto23,,14/08/2023,1,,,ERVA VENENOSA,"JERRY LEIBER,MIKE STOLLER,ROSSINI PINTO",RITA LEE,,,,"SONY MUSIC PUBLISHING,SONY MUSIC PUBLISHING,SONY MUSIC PUBLISHING",UNIVERSAL MUSIC;,,,0,0
Globo,MusicCueSheet_TvAberta_Agosto2023.xlsx,MusicCueSheet_Agosto23,,14/08/2023,1,,,ERVA VENENOSA,"JERRY LEIBER,MIKE STOLLER,ROSSINI PINTO",RITA LEE,,,,"SONY MUSIC PUBLISHING,SONY MUSIC PUBLISHING,SONY MUSIC PUBLISHING",UNIVERSAL MUSIC;,,,0,0
Globo,MusicCueSheet_TvAberta_Agosto2023.xlsx,MusicCueSheet_Agosto23,,14/08/2023,1,,,ERVA VENENOSA,"JERRY LEIBER,MIKE STOLLER,ROSSINI PINTO",RITA LEE,,,,"SONY MUSIC PUBLISHING,SONY MUSIC PUBLISHING,SONY MUSIC PUBLISHING",UNIVERSAL MUSIC;,,,0,0
Globo,MusicCueSheet_TvAberta_Agosto2023.xlsx,MusicCueSheet_Agosto23,,14/08/2023,1,,,ERVA VENENOSA,"JERRY LEIBER,MIKE STOLLER,ROSSINI PINTO",RITA LEE,,,,"SONY MUSIC PUBLISHING,SONY MUSIC PUBLISHING,SONY MUSIC PUBLISHING",UNIVERSAL MUSIC;,,,0,0
Globo,MusicCueSheet_TvAberta_Agosto2023.xlsx,MusicCueSheet_Agosto23,,14/08/2023,1,,,ERVA VENENOSA,"JERRY LEIBER,MIKE STOLLER,ROSSINI PINTO",RITA LEE,,,,"SONY MUSIC PUBLISHING,SONY MUSIC PUBLISHING,SONY MUSIC PUBLISHING",UNIVERSAL MUSIC;,,,0,0
Globo,MusicCueSheet_TvAberta_Agosto2023.xlsx,MusicCueSheet_Agosto23,,14/08/2023,1,,,ERVA VENENOSA,"JERRY LEIBER,MIKE STOLLER,ROSSINI PINTO",RITA LEE,,,,"SONY MUSIC PUBLISHING,SONY MUSIC PUBLISHING,SONY MUSIC PUBLISHING",UNIVERSAL MUSIC;,,,0,0
Globo,MusicCueSheet_TvAberta_Agosto2023.xlsx,MusicCueSheet_Agosto23,,14/08/2023,1,,,ERVA VENENOSA,"JERRY LEIBER,MIKE STOLLER,ROSSINI PINTO",RITA LEE,,,,"SONY MUSIC PUBLISHING,SONY MUSIC PUBLISHING,SONY MUSIC PUBLISHING",UNIVERSAL MUSIC;,,,0,0
Globo,MusicCueSheet_TvAberta_Agosto2023.xlsx,MusicCueSheet_Agosto23,,14/08/2023,1,,,ERVA VENENOSA,"JERRY LEIBER,MIKE STOLLER,ROSSINI PINTO",RITA LEE,,,,"SONY MUSIC PUBLISHING,SONY MUSIC PUBLISHING,SONY MUSIC PUBLISHING",UNIVERSAL MUSIC;,,,0,0
Globo,MusicCueSheet_TvAberta_Agosto2023.xlsx,MusicCueSheet_Agosto23,,14/08/2023,1,,,FELICIDADE,"CHICO CESAR,MARCELO JENECI",ELBA RAMALHO,FULL MIX,,,"DECK,WARNER CHAPPELL",ACAUA PRODUTORA,,,0,0
Globo,MusicCueSheet_TvAberta_Agosto2023.xlsx,MusicCueSheet_Agosto23,,14/08/2023,1,,,UM DIA DE DOMINGO,"MICHAEL SULLIVAN,MIGUEL PLOPSCHI,PAULO MASSADAS","ANAVITORIA, LUCAS MAMEDE",BG,,,"SONY MUSIC PUBLISHING,SONY MUSIC PUBLISHING,SONY MUSIC PUBLISHING",FSS ARTES,,,0,0
Globo,MusicCueSheet_TvAberta_Agosto2023.xlsx,MusicCueSheet_Agosto23,,14/08/2023,1,,,UM DIA DE DOMINGO,"MICHAEL SULLIVAN,MIGUEL PLOPSCHI,PAULO MASSADAS","ANAVITORIA, LUCAS MAMEDE",BG,,,"SONY MUSIC PUBLISHING,SONY MUSIC PUBLISHING,SONY MUSIC PUBLISHING",FSS ARTES,,,0,0
Globo,MusicCueSheet_TvAberta_Agosto2023.xlsx,MusicCueSheet_Agosto23,,14/08/2023,1,,,FUZUE,"KALEW SOARES,KAUE SEGUNDEIRO,MICHEL TELO,NEWTON FONSECA,SHYLTON FERNANDES",MICHEL TELO,FULL MIX,,,"MILIONARIOS HITS,BMG,PANTTANAL,PANTTANAL,WARNER CHAPPELL",UNIVERSAL MUSIC,,,0,0
Globo,MusicCueSheet_TvAberta_Agosto2023.xlsx,MusicCueSheet_Agosto23,,14/08/2023,1,,,FUZUE,"KALEW SOARES,KAUE SEGUNDEIRO,MICHEL TELO,NEWTON FONSECA,SHYLTON FERNANDES",MICHEL TELO,FULL MIX,,,"MILIONARIOS HITS,BMG,PANTTANAL,PANTTANAL,WARNER CHAPPELL",UNIVERSAL MUSIC,,,0,0
Globo,MusicCueSheet_TvAberta_Agosto2023.xlsx,MusicCueSheet_Agosto23,,14/08/2023,1,,,FUZUE,"KALEW SOARES,KAUE SEGUNDEIRO,MICHEL TELO,NEWTON FONSECA,SHYLTON FERNANDES",MICHEL TELO,FULL MIX,,,"MILIONARIOS HITS,BMG,PANTTANAL,PANTTANAL,WARNER CHAPPELL",UNIVERSAL MUSIC,,,0,0
Globo,MusicCueSheet_TvAberta_Agosto2023.xlsx,MusicCueSheet_Agosto23,,14/08/2023,1,,,UM DIA DE DOMINGO,"MICHAEL SULLIVAN,MIGUEL PLOPSCHI,PAULO MASSADAS","ANAVITORIA, LUCAS MAMEDE",BG,,,"SONY MUSIC PUBLISHING,SONY MUSIC PUBLISHING,SONY MUSIC PUBLISHING",FSS ARTES,,,0,0
Globo,MusicCueSheet_TvAberta_Agosto2023.xlsx,MusicCueSheet_Agosto23,,14/08/2023,1,,,UM DIA DE DOMINGO,"MICHAEL SULLIVAN,MIGUEL PLOPSCHI,PAULO MASSADAS","ANAVITORIA, LUCAS MAMEDE",FULL MIX,,,"SONY MUSIC PUBLISHING,SONY MUSIC PUBLISHING,SONY MUSIC PUBLISHING",FSS ARTES,,,0,0
Globo,MusicCueSheet_TvAberta_Agosto2023.xlsx,MusicCueSheet_Agosto23,,14/08/2023,1,,,FUZUE,"KALEW SOARES,KAUE SEGUNDEIRO,MICHEL TELO,NEWTON FONSECA,SHYLTON FERNANDES",MICHEL TELO,FULL MIX,,,"MILIONARIOS HITS,BMG,PANTTANAL,PANTTANAL,WARNER CHAPPELL",UNIVERSAL MUSIC,,,0,0
Globo,MusicCueSheet_TvAberta_Agosto2023.xlsx,MusicCueSheet_Agosto23,,14/08/2023,5881,,,FELIZ ALEGRE E FORTE,"MARISA MONTE,PRETINHO DA SERRINHA,RACHELL LUZ",MARISA MONTE,FULL MIX,,,"UNIVERSAL MGB,UNIVERSAL MGB,UNIVERSAL MGB",SONY,,,0,0
Globo,MusicCueSheet_TvAberta_Agosto2023.xlsx,MusicCueSheet_Agosto23,,14/08/2023,5881,,,FELIZ ALEGRE E FORTE,"MARISA MONTE,PRETINHO DA SERRINHA,RACHELL LUZ",MARISA MONTE,FULL MIX,,,"UNIVERSAL MGB,UNIVERSAL MGB,UNIVERSAL MGB",SONY,,,0,0
Globo,MusicCueSheet_TvAberta_Agosto2023.xlsx,MusicCueSheet_Agosto23,,14/08/2023,5881,,,FUZUE,"KALEW SOARES,KAUE SEGUNDEIRO,MICHEL TELO,NEWTON FONSECA,SHYLTON FERNANDES",MICHEL TELO,FULL MIX,,,"MILIONARIOS HITS,BMG,PANTTANAL,PANTTANAL,WARNER CHAPPELL",UNIVERSAL MUSIC,,,0,0
Globo,MusicCueSheet_TvAberta_Agosto2023.xlsx,MusicCueSheet_Agosto23,,14/08/2023,5881,,,FUZUE,"KALEW SOARES,KAUE SEGUNDEIRO,MICHEL TELO,NEWTON FONSECA,SHYLTON FERNANDES",MICHEL TELO,FULL MIX,,,"MILIONARIOS HITS,BMG,PANTTANAL,PANTTANAL,WARNER CHAPPELL",UNIVERSAL MUSIC,,,0,0
Globo,MusicCueSheet_TvAberta_Agosto2023.xlsx,MusicCueSheet_Agosto23,,14/08/2023,5881,,,FELIZ ALEGRE E FORTE,"MARISA MONTE,PRETINHO DA SERRINHA,RACHELL LUZ",MARISA MONTE,FULL MIX,,,"UNIVERSAL MGB,UNIVERSAL MGB,UNIVERSAL MGB",SONY,,,0,0
Globo,MusicCueSheet_TvAberta_Agosto2023.xlsx,MusicCueSheet_Agosto23,,14/08/2023,A INVASAO DAS DRAGS,,,ABAIXA QUE E TIRO,"ED NOBRE,MARCO LIMA,RODRIGO MARTINS",PARANGOLÉ,,,,"WARNER CHAPPELL,SONY MUSIC PUBLISHING,WARNER CHAPPELL",,,,0,0
Globo,MusicCueSheet_TvAberta_Agosto2023.xlsx,MusicCueSheet_Agosto23,,14/08/2023,A INVASAO DAS DRAGS,,,AGACHADINHO,"BIMBA,CLAUBER RISU",HARMONIA DO SAMBA,,,,"DECK,DECK",,,,0,0
Globo,MusicCueSheet_TvAberta_Agosto2023.xlsx,MusicCueSheet_Agosto23,,14/08/2023,A INVASAO DAS DRAGS,,,ALEJANDRO,"LADY GAGA,REDONE",LADY GAGA,,,,"SONY MUSIC PUBLISHING,SONY MUSIC PUBLISHING",,,,0,0
Globo,MusicCueSheet_TvAberta_Agosto2023.xlsx,MusicCueSheet_Agosto23,,14/08/2023,A INVASAO DAS DRAGS,,,BORN THIS WAY,"FERNANDO GARIBAY,FERNANDO GARIBAY,JEPPE LAURSEN,JEPPE LAURSEN,LADY GAGA,LADY GAGA,PAUL BLAIR",LADY GAGA,,,,"ABRAMUS,WARNER CHAPPELL,SONY MUSIC PUBLISHING,UNIVERSAL MGB,SONY MUSIC PUBLISHING,UNIVERSAL MGB,UNIVERSAL MGB",,,,0,0
Globo,MusicCueSheet_TvAberta_Agosto2023.xlsx,MusicCueSheet_Agosto23,,14/08/2023,A INVASAO DAS DRAGS,,,COVER GIRL,"LUCIAN PIANE,RUPAUL CHARLES",RUPAUL,,,,"A DESCOBRIR,ABRAMUS",,,,0,0
Globo,MusicCueSheet_TvAberta_Agosto2023.xlsx,MusicCueSheet_Agosto23,,14/08/2023,A INVASAO DAS DRAGS,,,DANCIN DAYS,"NELSON CANDIDO MOTTA,RUBAN",AS FRENETICAS,,,,"SONY MUSIC PUBLISHING,SONY MUSIC PUBLISHING",,,,0,0
Globo,MusicCueSheet_TvAberta_Agosto2023.xlsx,MusicCueSheet_Agosto23,,14/08/2023,A INVASAO DAS DRAGS,,,DON T STOP ME NOW,FREDDIE MERCURY,QUEEN,,,,SONY MUSIC PUBLISHING,,,,0,0
Globo,MusicCueSheet_TvAberta_Agosto2023.xlsx,MusicCueSheet_Agosto23,,14/08/2023,A INVASAO DAS DRAGS,,,DRAG RACE THEME,"LUCIAN PIANE,RUPAUL CHARLES",RUPAUL,,,,"A DESCOBRIR,ABRAMUS",,,,0,0
Globo,MusicCueSheet_TvAberta_Agosto2023.xlsx,MusicCueSheet_Agosto23,,14/08/2023,A INVASAO DAS DRAGS,,,FINALLY,"DELGADO,JACKSON,LINNEAR,PENISTON",CECE PENISTON,,,,"UNIVERSAL MGB,UNIVERSAL MGB,UNIVERSAL MGB,UNIVERSAL MGB",,,,0,0
Globo,MusicCueSheet_TvAberta_Agosto2023.xlsx,MusicCueSheet_Agosto23,,14/08/2023,A INVASAO DAS DRAGS,,,I WILL ALWAYS LOVE YOU,DOLLY PARTON,WHITNEY HOUSTON,,,,SONY MUSIC PUBLISHING,,,,0,0
Globo,MusicCueSheet_TvAberta_Agosto2023.xlsx,MusicCueSheet_Agosto23,,14/08/2023,A INVASAO DAS DRAGS,,,O CANTO DA CIDADE,"DANIELA MERCURY,TOTE GIRA",DANIELA MERCURY,,,,"UNIVERSAL MGB,UNIVERSAL MGB",,,,0,0
Globo,MusicCueSheet_TvAberta_Agosto2023.xlsx,MusicCueSheet_Agosto23,,14/08/2023,A INVASAO DAS DRAGS,,,SO EMOTIONAL,"BILLY STEINBERG,TOM KELLY",FERDINANDO VQC,,,,"SONY MUSIC PUBLISHING,SONY MUSIC PUBLISHING",,,,0,0
Globo,MusicCueSheet_TvAberta_Agosto2023.xlsx,MusicCueSheet_Agosto23,,14/08/2023,A INVASAO DAS DRAGS,,,SUPERMODEL,"JIMI HARRY,LARRY LEE,RU PAUL CHARLES",RUPAUL,,,,"ABRAMUS,PEERMUSIC,WARNER CHAPPELL",,,,0,0
Globo,MusicCueSheet_TvAberta_Agosto2023.xlsx,MusicCueSheet_Agosto23,,14/08/2023,VIVA O PERU,,,DESPERDICOU,"DANI MONARCO,LIAH,RIQUE AZEVEDO",SANDY & JUNIOR,,,,"UNIVERSAL MGB,WARNER CHAPPELL,WARNER CHAPPELL",,,,0,0
Globo,MusicCueSheet_TvAberta_Agosto2023.xlsx,MusicCueSheet_Agosto23,,14/08/2023,VIVA O PERU,,,GIRLS JUST WANT TO HAVE FUN,ROBERT HAZARD,MILEY CYRUS,,,,SONY MUSIC PUBLISHING,,,,0,0
Globo,MusicCueSheet_TvAberta_Agosto2023.xlsx,MusicCueSheet_Agosto23,,14/08/2023,VIVA O PERU,,,I M TOO SEXY,"FRED FAIRBRASS,RICHARD FAIRBRASS,ROB MANZOLI",RIGHT SAID FRED,,,,"ABRAMUS,ABRAMUS,ABRAMUS",,,,0,0
Globo,MusicCueSheet_TvAberta_Agosto2023.xlsx,MusicCueSheet_Agosto23,,14/08/2023,VIVA O PERU,,,NAUGHTY GIRL,"ANGELA BEYINCE,BEYONCE KNOWLES,DONNA SUMMER,GIORGIO MORODER,PETE BELLOTTE,ROBERT WALLER,SCOTT STORCH,WESLEY",BEYONCE,,,,"WARNER CHAPPELL,SONY MUSIC PUBLISHING,WARNER CHAPPELL,WARNER CHAPPELL,WARNER CHAPPELL,ABRAMUS,BMG,UNIVERSAL MGB",,,,0,0
Globo,MusicCueSheet_TvAberta_Agosto2023.xlsx,MusicCueSheet_Agosto23,,14/08/2023,VIVA O PERU,,,PERU DE PRESENTE,MC JHEY,MC JHEY,,,,A DESCOBRIR,,,,0,0
Globo,MusicCueSheet_TvAberta_Agosto2023.xlsx,MusicCueSheet_Agosto23,,14/08/2023,VIVA O PERU,,,PROBLEMA SEU,"A DESCOBRIR,ALICE CAYMMI,ARTHUR MARQUES,DJ GORKY,LUCAS FILIPE SERAFIM DOS SANTOS,MAFFALDA,PABLO BISPO,ZEBU",PABLLO VITTAR,,,,"A DESCOBRIR,WARNER CHAPPELL,WARNER CHAPPELL,WARNER CHAPPELL,WARNER CHAPPELL,WARNER CHAPPELL,WARNER CHAPPELL,WARNER CHAPPELL",,,,0,0
Globo,MusicCueSheet_TvAberta_Agosto2023.xlsx,MusicCueSheet_Agosto23,,14/08/2023,VIVA O PERU,,,VENENO,"ANITTA,CAMILO ECHEVERRY,CAMILO ECHEVERRY,DYNELL,TAINY",ANITTA,,,,"UNIVERSAL MGB,A DESCOBRIR,SONY MUSIC PUBLISHING,SONY MUSIC PUBLISHING,SONY MUSIC PUBLISHING",,,,0,0
Globo,MusicCueSheet_TvAberta_Agosto2023.xlsx,MusicCueSheet_Agosto23,,14/08/2023,VIVA O PERU,,,A VIZINHA  PEGA ELA PIRU,"ALFREDO MELODIA,PAULINHO DURENA",MUSSUM,,,,"SONY MUSIC PUBLISHING,SONY MUSIC PUBLISHING",,,,0,0
Globo,MusicCueSheet_TvAberta_Agosto2023.xlsx,MusicCueSheet_Agosto23,,14/08/2023,VIVA O PERU,,,WORTH IT,"BRIAN COLLINS,MIKKEL STORLEER ERIKSEN,ORI KAPLAN,PRISCILLA HAMILTON,TOR ERIK HERMANSEN",FIFTH HARMONY,,,,"SONY MUSIC PUBLISHING,SONY MUSIC PUBLISHING,ABRAMUS,WARNER CHAPPELL,SONY MUSIC PUBLISHING",,,,0,0
Globo,MusicCueSheet_TvAberta_Agosto2023.xlsx,MusicCueSheet_Agosto23,,14/08/2023,VIVA O PERU,,,YMCA,"HENRI BELOLO,JACQUES MORALI,VICTOR WILLIS",VILLAGE PEOPLE,,,,"A DESCOBRIR,A DESCOBRIR,A DESCOBRIR",,,,0,0
Globo,MusicCueSheet_TvAberta_Agosto2023.xlsx,MusicCueSheet_Agosto23,,15/08/2023,2857,,,DESATOLA,"BIBI,CESAR LEMOS,PAULA MATTOS",ALICE WEGMANN,VERSAO RAISSA,,,"UNIVERSAL MGB,UNIVERSAL MGB,A DESCOBRIR",GLOBO,,,0,0
Globo,MusicCueSheet_TvAberta_Agosto2023.xlsx,MusicCueSheet_Agosto23,,15/08/2023,2857,,,DESATOLA,"BIBI,CESAR LEMOS,PAULA MATTOS",ALICE WEGMANN,VERSAO RAISSA,,,"UNIVERSAL MGB,UNIVERSAL MGB,A DESCOBRIR",GLOBO,,,0,0
Globo,MusicCueSheet_TvAberta_Agosto2023.xlsx,MusicCueSheet_Agosto23,,15/08/2023,2857,,,DESATOLA,"BIBI,CESAR LEMOS,PAULA MATTOS",ALICE WEGMANN,VERSAO RAISSA,,,"UNIVERSAL MGB,UNIVERSAL MGB,A DESCOBRIR",GLOBO,,,0,0
Globo,MusicCueSheet_TvAberta_Agosto2023.xlsx,MusicCueSheet_Agosto23,,15/08/2023,2857,,,DESATOLA,"BIBI,CESAR LEMOS,PAULA MATTOS",ALICE WEGMANN,VERSAO RAISSA,,,"UNIVERSAL MGB,UNIVERSAL MGB,A DESCOBRIR",GLOBO,,,0,0
Globo,MusicCueSheet_TvAberta_Agosto2023.xlsx,MusicCueSheet_Agosto23,,15/08/2023,2,,,MAL ACOSTUMADO,"MEG EVANS,RAI ARAUJO",PERICLES,BG,,,"UNIVERSAL MGB,UNIVERSAL MGB",FARIAS PRODUCOES,,,0,0
Globo,MusicCueSheet_TvAberta_Agosto2023.xlsx,MusicCueSheet_Agosto23,,15/08/2023,15082023,,,BRINCADEIRA DE CRIANCA,"DELCIO LUIZ,WAGNER BASTOS",PEDRINHO DA PORTEIRA,,,,"WARNER CHAPPELL,UNIVERSAL MGB",,,,0,0
Globo,MusicCueSheet_TvAberta_Agosto2023.xlsx,MusicCueSheet_Agosto23,,15/08/2023,15082023,,,MELO DO TCHACO,"BAULA,NEIVALDO SALLES",PEDRINHO DA PORTEIRA,,,,"UNIVERSAL MGB,UNIVERSAL MGB",,,,0,0
Globo,MusicCueSheet_TvAberta_Agosto2023.xlsx,MusicCueSheet_Agosto23,,15/08/2023,15082023,,,CONQUISTA,MC BUCHECHA,PEDRINHO DA PORTEIRA,,,,WARNER CHAPPELL,,,,0,0
Globo,MusicCueSheet_TvAberta_Agosto2023.xlsx,MusicCueSheet_Agosto23,,15/08/2023,15082023,,,PREFIXO DE VERAO,BETO SILVA,PEDRINHO DA PORTEIRA,,,,WARNER CHAPPELL,,,,0,0
Globo,MusicCueSheet_TvAberta_Agosto2023.xlsx,MusicCueSheet_Agosto23,,15/08/2023,15082023,,,NA CADENCIA DO SAMBA  QUE BONITO E,LUIZ BANDEIRA,WALDIR CAMON,,,,ADDAF,UNIVERSAL,,,0,0
Globo,MusicCueSheet_TvAberta_Agosto2023.xlsx,MusicCueSheet_Agosto23,,15/08/2023,5882,,,PRO DIA NASCER FELIZ,"CAZUZA,FREJAT","CAZUZA,MARÔ,THIAGO PANTALEÃO",,,,"WARNER CHAPPELL,WARNER CHAPPELL",SOM LIVRE,,,0,0
Globo,MusicCueSheet_TvAberta_Agosto2023.xlsx,MusicCueSheet_Agosto23,,15/08/2023,9,,,A NOVIDADE,"BI RIBEIRO,GILBERTO GIL,HERBERT VIANNA,JOAO BARONE",GILBERTO GIL,,,,"SONY MUSIC PUBLISHING,SONY MUSIC PUBLISHING,SONY MUSIC PUBLISHING,SONY MUSIC PUBLISHING",,,,0,0
Globo,MusicCueSheet_TvAberta_Agosto2023.xlsx,MusicCueSheet_Agosto23,,15/08/2023,9,,,SURRA DE GROOVE,"CHIBATINHA,OZ,RAONI KANALHA,RDD",ATTOXXA,,,,"BMG,BMG,BMG,BMG",,,,0,0
Globo,MusicCueSheet_TvAberta_Agosto2023.xlsx,MusicCueSheet_Agosto23,,15/08/2023,9,,,UMA FLECHA  OKE ARO,"ANTONIO RISERIO,IARA RENNO","ANTONIO RISERIO,IARA RENNO",,,,"A DESCOBRIR,ALTAFONTE",,,,0,0
Globo,MusicCueSheet_TvAberta_Agosto2023.xlsx,MusicCueSheet_Agosto23,,15/08/2023,9,,,EU NAO VOU EMBORA,"FABRICIO CARDOSO KRAYCHETE (TOMATE),FERNANDO ANTONIO ROCHA DA SILVA,JACK WHITE,VITOR BRITO CARRERA",TOMATE,,,,"TOM ARTS,TOM ARTS,UNIVERSAL MGB,TOM ARTS",,,,0,0
Globo,MusicCueSheet_TvAberta_Agosto2023.xlsx,MusicCueSheet_Agosto23,,15/08/2023,9,,,CALMO,"EDER ARAUJO,FERNANDO TRAVASSOS FALCOSKI,LINIKER BARROS,MARJA LENSKI,PERICLES ZUANON,RAFAEL BARONE DA COSTA,RENATA ESSIS,ZAHA",LINIKER,,,,"ROCKING GORILLAS,ROCKING GORILLAS,ROCKING GORILLAS,ROCKING GORILLAS,ROCKING GORILLAS,ROCKING GORILLAS,ROCKING GORILLAS,ROCKING GORILLAS",,,,0,0
Globo,MusicCueSheet_TvAberta_Agosto2023.xlsx,MusicCueSheet_Agosto23,,15/08/2023,PARQUE AQUATICO,,,AGUA,"ADSON TAPAJOS,SERGIO ROCHA,ZECA BRASILEIRO",CLAUDIA LEITTE,,,,"SONY MUSIC PUBLISHING,SONY MUSIC PUBLISHING,SONY MUSIC PUBLISHING",,,,0,0
Globo,MusicCueSheet_TvAberta_Agosto2023.xlsx,MusicCueSheet_Agosto23,,15/08/2023,PARQUE AQUATICO,,,ALL I WANNA DO,"BILL BOTTRELL,DAVID BAERWALD,KEVIN GILBERT,SHERYL CROW,WYN COOPER",SHERYL CROW,,,,"ABRAMUS,UNIVERSAL MGB,SONY MUSIC PUBLISHING,ROCKING GORILLAS,WARNER CHAPPELL",,,,0,0
Globo,MusicCueSheet_TvAberta_Agosto2023.xlsx,MusicCueSheet_Agosto23,,15/08/2023,PARQUE AQUATICO,,,AQUI TEM UM BANDO DE LOUCO  LOUCO POR TI CORINTHIANS,TUCA VEIGA,"PLATEIA VAI QUE COLA,MARCELO MEDICI",,,,SONY MUSIC PUBLISHING,,,,0,0
Globo,MusicCueSheet_TvAberta_Agosto2023.xlsx,MusicCueSheet_Agosto23,,15/08/2023,PARQUE AQUATICO,,,PEGANDO FOGO,"FRANCISCO MATTOSO,JOSE MARIA DE ABREU",MARCUS MAJELLA,,,,"VITALE,VITALE",,,,0,0
Globo,MusicCueSheet_TvAberta_Agosto2023.xlsx,MusicCueSheet_Agosto23,,15/08/2023,PARQUE AQUATICO,,,PSICOSE,TONINHO,ECLIPSE SOUL,,,,WARNER CHAPPELL,,,,0,0
Globo,MusicCueSheet_TvAberta_Agosto2023.xlsx,MusicCueSheet_Agosto23,,15/08/2023,PARQUE AQUATICO,,,PSYCHO,BERNARD HERMANN,BERNARD HERMANN,,,,SONY MUSIC PUBLISHING,,,,0,0
Globo,MusicCueSheet_TvAberta_Agosto2023.xlsx,MusicCueSheet_Agosto23,,15/08/2023,PARQUE AQUATICO,,,THERE GOES THE NEIGHBORHOOD,"JEFFREY TROTT,SHERYL CROW",SHERYL CROW,,,,"ROCKING GORILLAS,PEERMUSIC",,,,0,0
Globo,MusicCueSheet_TvAberta_Agosto2023.xlsx,MusicCueSheet_Agosto23,,16/08/2023,5883,,,PRO DIA NASCER FELIZ,"CAZUZA,FREJAT","CAZUZA,MARÔ,THIAGO PANTALEÃO",,,,"WARNER CHAPPELL,WARNER CHAPPELL",SOM LIVRE,,,0,0
Globo,MusicCueSheet_TvAberta_Agosto2023.xlsx,MusicCueSheet_Agosto23,,16/08/2023,5883,,,PRO DIA NASCER FELIZ,"CAZUZA,FREJAT","CAZUZA,MARÔ,THIAGO PANTALEÃO",,,,"WARNER CHAPPELL,WARNER CHAPPELL",SOM LIVRE,,,0,0
Globo,MusicCueSheet_TvAberta_Agosto2023.xlsx,MusicCueSheet_Agosto23,,16/08/2023,5883,,,FANTASTICO,"BONI,GUTO GRACA MELLO",RICARDO LEAO,ABERTURA 2013,,,"SIGEM,SIGEM",GLOBO,,,0,0
Globo,MusicCueSheet_TvAberta_Agosto2023.xlsx,MusicCueSheet_Agosto23,,16/08/2023,5883,,,FANTASTICO,"BONI,GUTO GRACA MELLO",RICARDO LEAO,ABERTURA 2013,,,"SIGEM,SIGEM",GLOBO,,,0,0
Globo,MusicCueSheet_TvAberta_Agosto2023.xlsx,MusicCueSheet_Agosto23,,16/08/2023,5883,,,FANTASTICO,"BONI,GUTO GRACA MELLO",RICARDO LEAO,ABERTURA 2013,,,"SIGEM,SIGEM",GLOBO,,,0,0
Globo,MusicCueSheet_TvAberta_Agosto2023.xlsx,MusicCueSheet_Agosto23,,16/08/2023,5883,,,FANTASTICO,"BONI,GUTO GRACA MELLO",RICARDO LEAO,ABERTURA 2013,,,"SIGEM,SIGEM",GLOBO,,,0,0
Globo,MusicCueSheet_TvAberta_Agosto2023.xlsx,MusicCueSheet_Agosto23,,16/08/2023,5883,,,FANTASTICO,"BONI,GUTO GRACA MELLO",RICARDO LEAO,ABERTURA 2013,,,"SIGEM,SIGEM",GLOBO,,,0,0
Globo,MusicCueSheet_TvAberta_Agosto2023.xlsx,MusicCueSheet_Agosto23,,16/08/2023,5883,,,FANTASTICO,"BONI,GUTO GRACA MELLO",RICARDO LEAO,ABERTURA 2013,,,"SIGEM,SIGEM",GLOBO,,,0,0
Globo,MusicCueSheet_TvAberta_Agosto2023.xlsx,MusicCueSheet_Agosto23,,16/08/2023,5883,,,FANTASTICO,"BONI,GUTO GRACA MELLO",RICARDO LEAO,ABERTURA 2013,,,"SIGEM,SIGEM",GLOBO,,,0,0
Globo,MusicCueSheet_TvAberta_Agosto2023.xlsx,MusicCueSheet_Agosto23,,16/08/2023,5883,,,FANTASTICO,"BONI,GUTO GRACA MELLO",RICARDO LEAO,ABERTURA 2013,,,"SIGEM,SIGEM",GLOBO,,,0,0
Globo,MusicCueSheet_TvAberta_Agosto2023.xlsx,MusicCueSheet_Agosto23,,16/08/2023,5883,,,MONTAGEM PR FUNK  AQUISBACK,"MC GW,MC MENOR DO ALVORADA,S3BZS","MC GW,MC MENOR DO ALVORADA,S3BZS",,,,"A DESCOBRIR,A DESCOBRIR,A DESCOBRIR",S3BZS,,,0,0
Globo,MusicCueSheet_TvAberta_Agosto2023.xlsx,MusicCueSheet_Agosto23,,16/08/2023,5883,,,FUNK RAVE,"ANITTA,DJ GABRIEL DO BOREL,MARCIO ARANTES,MELONY NATHALIE REDONDO,THOMAS WESLEY PENTZ",ANITTA,,,,"SONY MUSIC PUBLISHING,ALTAFONTE,ALTAFONTE,A DESCOBRIR,SONY MUSIC PUBLISHING","REPUBLIC RECORDS, ALTAFONTE MUSIC PUBLISHING",,,0,0
Globo,MusicCueSheet_TvAberta_Agosto2023.xlsx,MusicCueSheet_Agosto23,,16/08/2023,5883,,,VEM PIRANHA PODE SE PREPARAR,HITZIN CARIOCA,"DJ ELYCE,MATHEUS RYDER,NENZINHO,YURI HAWAIANO",,,,A DESCOBRIR,GROOVE STUDIO,,,0,0
Globo,MusicCueSheet_TvAberta_Agosto2023.xlsx,MusicCueSheet_Agosto23,,16/08/2023,5883,,,NAMORA AI,TAFINHA SC,"KOTIM,MC DANIEL,MC RYAN SP",,,,A DESCOBRIR,WM BRAZIL,,,0,0
Globo,MusicCueSheet_TvAberta_Agosto2023.xlsx,MusicCueSheet_Agosto23,,16/08/2023,5883,,,NOVA DANCINHA,"GUSTAVO ROSA FERREIRA,JOÃO PEDRO LEITE MACHADO SALDANHA,KAUAN MONTEIRO SALES,LUCAS ALVES VIEIRA,RAPHAEL CARLOS SIQUEIRA CLEMENTE DA SILVA","MACHADEZ,MOUSIK,OS QUEBRADEIRAS",,,,"A DESCOBRIR,A DESCOBRIR,A DESCOBRIR,A DESCOBRIR,A DESCOBRIR",MACHADEZ,,,0,0
Globo,MusicCueSheet_TvAberta_Agosto2023.xlsx,MusicCueSheet_Agosto23,,16/08/2023,5883,,,DANCARINA,"ANITTA,DADJU NSUNGULA,DADJU NSUNGULA,MAIKINHO DJ,MC PEDRINHO,PEDRO SAMPAIO,RAFINHA RSQ,RAFINHA RSQ,SEYSEY,WILLIAM MUNDALA,WILLIAM MUNDALA","MC PEDRINHO,MC PEDRINHO",,,,"A DESCOBRIR,A DESCOBRIR,PEERMUSIC,SONY MUSIC PUBLISHING,SONY MUSIC PUBLISHING,SONY MUSIC PUBLISHING,A DESCOBRIR,WARNER CHAPPELL,A DESCOBRIR,A DESCOBRIR,PEERMUSIC",WM BRAZIL,,,0,0
Globo,MusicCueSheet_TvAberta_Agosto2023.xlsx,MusicCueSheet_Agosto23,,16/08/2023,5883,,,SHOW ME HOW YOU BURLESQUE,"CHRISTINA AGUILERA,CHRISTOPHER TRICKY STEWART,CLAUDE KELLY",CHRISTINA AGUILERA,,,,"UNIVERSAL MGB,A DESCOBRIR,WARNER CHAPPELL","RCA RECORDS LABEL, UNIVERSAL MUSIC PUBLISHING",,,0,0
Globo,MusicCueSheet_TvAberta_Agosto2023.xlsx,MusicCueSheet_Agosto23,,16/08/2023,5883,,,DANCARINA,"ANITTA,DADJU NSUNGULA,DADJU NSUNGULA,MAIKINHO DJ,MC PEDRINHO,PEDRO SAMPAIO,RAFINHA RSQ,RAFINHA RSQ,SEYSEY,WILLIAM MUNDALA,WILLIAM MUNDALA","MC PEDRINHO,PEDRO SAMPAIO",,,,"A DESCOBRIR,A DESCOBRIR,PEERMUSIC,SONY MUSIC PUBLISHING,SONY MUSIC PUBLISHING,SONY MUSIC PUBLISHING,A DESCOBRIR,WARNER CHAPPELL,A DESCOBRIR,A DESCOBRIR,PEERMUSIC",WM BRAZIL,,,0,0
Globo,MusicCueSheet_TvAberta_Agosto2023.xlsx,MusicCueSheet_Agosto23,,16/08/2023,5883,,,SHOW ME HOW YOU BURLESQUE,"CHRISTINA AGUILERA,CHRISTOPHER TRICKY STEWART,CLAUDE KELLY",CHRISTINA AGUILERA,,,,"UNIVERSAL MGB,A DESCOBRIR,WARNER CHAPPELL","RCA RECORDS LABEL, UNIVERSAL MUSIC PUBLISHING",,,0,0
Globo,MusicCueSheet_TvAberta_Agosto2023.xlsx,MusicCueSheet_Agosto23,,16/08/2023,5883,,,LA CAUTIVA,"AGUSTIN LARRAMEN,EMILIANO R. FERNANDES","ZEZÉ DI CAMARGO,LUCIANO",,,,"A DESCOBRIR,A DESCOBRIR",,,,0,0
Globo,MusicCueSheet_TvAberta_Agosto2023.xlsx,MusicCueSheet_Agosto23,,16/08/2023,5883,,,PRECISO SER AMADO,"CESAR AUGUSTO,PISKA",ZEZÉ DI CAMARGO & LUCIANO,,,,"WARNER CHAPPELL,WARNER CHAPPELL",COLUMBIA,,,0,0
Globo,MusicCueSheet_TvAberta_Agosto2023.xlsx,MusicCueSheet_Agosto23,,16/08/2023,5883,,,PIOR E TE PERDER,"ALVARO SOCCI,CLAUDIO MATTA",ZEZE DI CAMARGO E LUCIANO,,,,"ADDAF,ADDAF",,,,0,0
Globo,MusicCueSheet_TvAberta_Agosto2023.xlsx,MusicCueSheet_Agosto23,,16/08/2023,5883,,,E O AMOR,ZEZE DI CAMARGO,"ZEZE DI CAMARGO,LUCIANO",,,,PEERMUSIC,,,,0,0
Globo,MusicCueSheet_TvAberta_Agosto2023.xlsx,MusicCueSheet_Agosto23,,16/08/2023,5883,,,ME LAMBE,"DIGAO,FRED,RODOLFO",JÃO,,,,"WARNER CHAPPELL,WARNER CHAPPELL,WARNER CHAPPELL",UNIVERSAL MUSIC,,,0,0
Globo,MusicCueSheet_TvAberta_Agosto2023.xlsx,MusicCueSheet_Agosto23,,16/08/2023,5883,,,PRO DIA NASCER FELIZ,"CAZUZA,FREJAT","CAZUZA,MARÔ,THIAGO PANTALEÃO",,,,"WARNER CHAPPELL,WARNER CHAPPELL",SOM LIVRE,,,0,0
Globo,MusicCueSheet_TvAberta_Agosto2023.xlsx,MusicCueSheet_Agosto23,,16/08/2023,"CHAY SUEDE, BRUNA LOUISE, JONATHAN HAAGENSEN E PAI DO FABIO",,,BURGUESINHA,"GABRIEL MOURA,PRETINHO DA SERRINHA,SEU JORGE",BRUNA LOUISE,,,,"UNIVERSAL MGB,UNIVERSAL MGB,SONY MUSIC PUBLISHING",,,,0,0
Globo,MusicCueSheet_TvAberta_Agosto2023.xlsx,MusicCueSheet_Agosto23,,16/08/2023,"CHAY SUEDE, BRUNA LOUISE, JONATHAN HAAGENSEN E PAI DO FABIO",,,ENVOLVER,"ANITTA,CRISTIAN ANDRES SALAZAR,FREDDY MONTALVO ALICEA,JOSE CARLOS CRUZ,JULIO MANUEL GONZALE,JULIO MANUEL GONZALE",CHAY SUEDE,,,,"SONY MUSIC PUBLISHING,SONY MUSIC PUBLISHING,UNIVERSAL MGB,UNIVERSAL MGB,ABRAMUS,SONY MUSIC PUBLISHING",,,,0,0
Globo,MusicCueSheet_TvAberta_Agosto2023.xlsx,MusicCueSheet_Agosto23,,16/08/2023,A REPORTAGEM,,,DANZA KUDURO,"BIG ALI,DON OMAR,FABRICE TOIGO,FAOUZI BARKATI,PHILIPPE DE OLIVEIRA","DON OMAR,LUCENZO",,,,"UNIVERSAL MGB,SONY MUSIC PUBLISHING,SONY MUSIC PUBLISHING,SONY MUSIC PUBLISHING,SONY MUSIC PUBLISHING",,,,0,0
Globo,MusicCueSheet_TvAberta_Agosto2023.xlsx,MusicCueSheet_Agosto23,,16/08/2023,A REPORTAGEM,,,DEBAIXO DOS CARACOIS DOS SEUS CABELOS,"ERASMO CARLOS,ROBERTO CARLOS",IVETE SANGALO,,,,"SONY MUSIC PUBLISHING,SONY MUSIC PUBLISHING",,,,0,0
Globo,MusicCueSheet_TvAberta_Agosto2023.xlsx,MusicCueSheet_Agosto23,,16/08/2023,A REPORTAGEM,,,DIREITOS DOS BAIXINHOS,"CHICO ROQUE,PAULO SERGIO VALLE",XUXA,,,,"SONY MUSIC PUBLISHING,SONY MUSIC PUBLISHING",,,,0,0
Globo,MusicCueSheet_TvAberta_Agosto2023.xlsx,MusicCueSheet_Agosto23,,16/08/2023,A REPORTAGEM,,,EM NOME DO PAI DO FILHO E DOS SANTOS A VILA CANTA A CIDADE DE PEDRO,"ANDRE DINIZ,DECO AUGUSTO,EVANDRO BOCAO,IVAN RIBEIRO,JULIO ALVES,MARCELO VALENCIA,PROFESSOR WLADIMIR",BATERIA DA UNIDOS DA VILA ISABEL,,,,"EDIMUSA,EDIMUSA,EDIMUSA,EDIMUSA,EDIMUSA,EDIMUSA,EDIMUSA",,,,0,0
Globo,MusicCueSheet_TvAberta_Agosto2023.xlsx,MusicCueSheet_Agosto23,,16/08/2023,A REPORTAGEM,,,THE GOOD THE BAD AND THE UGLY,ENNIO MORRICONE,ENNIO MORRICONE,,,,SONY MUSIC PUBLISHING,,,,0,0
Globo,MusicCueSheet_TvAberta_Agosto2023.xlsx,MusicCueSheet_Agosto23,,16/08/2023,A REPORTAGEM,,,NAO QUERO MAIS,"JEFFERSON JUNIOR,UMBERTO TAVARES",LUDMILLA,,,,"SONY MUSIC PUBLISHING,ORB MUSIC",,,,0,0
Globo,MusicCueSheet_TvAberta_Agosto2023.xlsx,MusicCueSheet_Agosto23,,16/08/2023,A REPORTAGEM,,,O PODER DO PRETINHO,"GABRIEL BARRIGA,THIAGUINHO","IVETE SANGALO.,THIAGUINHO",,,,"SONY MUSIC PUBLISHING,SONY MUSIC PUBLISHING",,,,0,0
Globo,MusicCueSheet_TvAberta_Agosto2023.xlsx,MusicCueSheet_Agosto23,,16/08/2023,A REPORTAGEM,,,PIOR QUE POSSA IMAGINAR,"ANDRE VIEIRA,BIBI,BREDER,LUCAS VAZ,LUCAS VAZ,MC THA,WALLACE VIANNA",LUÍSA SONZA,,,,"WARNER CHAPPELL,UNIVERSAL MGB,WARNER CHAPPELL,UNIVERSAL MGB,WARNER CHAPPELL,ELEMESS,WARNER CHAPPELL",,,,0,0
Globo,MusicCueSheet_TvAberta_Agosto2023.xlsx,MusicCueSheet_Agosto23,,16/08/2023,A REPORTAGEM,,,SE VOCE E JOVEM AINDA,"MARIO LUCIO DE FREITAS,ROBERTO GOMES BOLANO",CHAVES,,,,"MARIO LUCIO DE FREITAS,WARNER CHAPPELL",,,,0,0
Globo,MusicCueSheet_TvAberta_Agosto2023.xlsx,MusicCueSheet_Agosto23,,16/08/2023,A REPORTAGEM,,,SOLAMENTE UNA VEZ,AGUSTIN LARA,LOS PANCHOS,,,,VITALE,,,,0,0
Globo,MusicCueSheet_TvAberta_Agosto2023.xlsx,MusicCueSheet_Agosto23,,16/08/2023,A REPORTAGEM,,,TO NA RUA,"GAL SALES,XEXEU II",IVETE SANGALO,,,,"IESSI MUSIC PUBLISHING,IESSI MUSIC PUBLISHING",,,,0,0
Globo,MusicCueSheet_TvAberta_Agosto2023.xlsx,MusicCueSheet_Agosto23,,16/08/2023,A REPORTAGEM,,,VENENO,"ANITTA,CAMILO ECHEVERRY,CAMILO ECHEVERRY,DYNELL,TAINY",ANITTA,,,,"UNIVERSAL MGB,A DESCOBRIR,SONY MUSIC PUBLISHING,SONY MUSIC PUBLISHING,SONY MUSIC PUBLISHING",,,,0,0
Globo,MusicCueSheet_TvAberta_Agosto2023.xlsx,MusicCueSheet_Agosto23,,16/08/2023,BACK TO THE MEIER,,,CASA,LULU SANTOS,LULU SANTOS,FULL MIX,,,UNIVERSAL MGB,SONY MUSIC,,,0,0
Globo,MusicCueSheet_TvAberta_Agosto2023.xlsx,MusicCueSheet_Agosto23,,16/08/2023,BACK TO THE MEIER,,,A FUMACA JA SUBIU PRA CUCA,"ADELZONILTON,TADEU DO CAVACO",BEZERRA DA SILVA,,,,"UNIVERSAL MGB,UNIVERSAL MGB",SOM LIVRE,,,0,0
Globo,MusicCueSheet_TvAberta_Agosto2023.xlsx,MusicCueSheet_Agosto23,,16/08/2023,BACK TO THE MEIER,,,DON T STOP ME NOW,FREDDIE MERCURY,QUEEN,,,,SONY MUSIC PUBLISHING,UMG RECORDINGS,,,0,0
Globo,MusicCueSheet_TvAberta_Agosto2023.xlsx,MusicCueSheet_Agosto23,,16/08/2023,BACK TO THE MEIER,,,ESQUECI COMO NAMORA,"JEFFERSON JUNIOR,ROMEU R3,UMBERTO TAVARES","MAIARA E MARAISA,NEGO DO BOREL",,,,"SONY MUSIC PUBLISHING,SONY MUSIC PUBLISHING,ORB MUSIC",SONY MUSIC,,,0,0
Globo,MusicCueSheet_TvAberta_Agosto2023.xlsx,MusicCueSheet_Agosto23,,16/08/2023,BACK TO THE MEIER,,,FAVELA CHEGOU,"ANDRE VIEIRA,ANDRE VIEIRA,BREDER,BREDER,TALLIA,TALLIA,WALLACE VIANNA,WALLACE VIANNA","ANITTA, LUDMILLA",FULL MIX,,,"UNIVERSAL MGB,WARNER CHAPPELL,UNIVERSAL MGB,WARNER CHAPPELL,UNIVERSAL MGB,WARNER CHAPPELL,UNIVERSAL MGB,WARNER CHAPPELL",WARNER,,,0,0
Globo,MusicCueSheet_TvAberta_Agosto2023.xlsx,MusicCueSheet_Agosto23,,16/08/2023,BACK TO THE MEIER,,,ONDA DIFERENTE,"DJ KR3,LUDMILLA,MC DR,SNOOP DOGG","ANITTA,LUDMILLA,SNOOP DOGG",,,,"WARNER CHAPPELL,WARNER CHAPPELL,WARNER CHAPPELL,SONY MUSIC PUBLISHING",WM BRAZIL,,,0,0
Globo,MusicCueSheet_TvAberta_Agosto2023.xlsx,MusicCueSheet_Agosto23,,16/08/2023,BACK TO THE MEIER,,,DE VOLTA PRO ACONCHEGO,"DOMINGUINHOS,NANDO CORDEL",ELBA RAMALHO,,,,"UNIVERSAL MGB,UNIVERSAL MGB",UNIVERSAL MUSIC,,,0,0
Globo,MusicCueSheet_TvAberta_Agosto2023.xlsx,MusicCueSheet_Agosto23,,16/08/2023,BACK TO THE MEIER,,,FAZ GOSTOSO,"DUARTE CARVALHO,EMANUEL OLIVEIRA,KARLA RODRIGUES,MADONNA,MADONNA,RODRIGO CARMO","ANITTA,MADONNA",,,,"SONY MUSIC PUBLISHING,SONY MUSIC PUBLISHING,SONY MUSIC PUBLISHING,A DESCOBRIR,WARNER CHAPPELL,SONY MUSIC PUBLISHING",,,,0,0
Globo,MusicCueSheet_TvAberta_Agosto2023.xlsx,MusicCueSheet_Agosto23,,16/08/2023,BACK TO THE MEIER,,,GET ME BODIED,"A BEYINCE,BEYONCE KNOWLES,KASSEM DEAN,MAKEBA,S GARRETT,S KNOWLES",BEYONCE,,,,"WARNER CHAPPELL,SONY MUSIC PUBLISHING,UNIVERSAL MGB,SONY MUSIC PUBLISHING,BMG,SONY MUSIC PUBLISHING",COLUMBIA,,,0,0
Globo,MusicCueSheet_TvAberta_Agosto2023.xlsx,MusicCueSheet_Agosto23,,16/08/2023,BACK TO THE MEIER,,,SOLAMENTE UNA VEZ,AGUSTIN LARA,LOS PANCHOS,,,,VITALE,,,,0,0
Globo,MusicCueSheet_TvAberta_Agosto2023.xlsx,MusicCueSheet_Agosto23,,16/08/2023,BACK TO THE MEIER,,,AR CONDICIONADO NO 15,"JUNIOR GOMES,RENNO POETA,VINE SHOW",WESLEY SAFADAO,FULL,,,"ABRAMUS,WARNER CHAPPELL,ABRAMUS",RGE,,,0,0
Globo,MusicCueSheet_TvAberta_Agosto2023.xlsx,MusicCueSheet_Agosto23,,17/08/2023,2859,,,VENTO VENTANIA,"ALVARO,BENI,BRUNO,COELHO,MIGUEL FLORES DA CUNHA,SHEIK",BIQUINI CAVADÃO,,,,"UNIVERSAL MGB,UNIVERSAL MGB,UNIVERSAL MGB,UNIVERSAL MGB,UNIVERSAL MGB,UNIVERSAL MGB",BIQUINI CAVADÃO,,,0,0
Globo,MusicCueSheet_TvAberta_Agosto2023.xlsx,MusicCueSheet_Agosto23,,17/08/2023,2859,,,VENTO VENTANIA,"ALVARO,BENI,BRUNO,COELHO,MIGUEL FLORES DA CUNHA,SHEIK",BIQUINI CAVADÃO,,,,"UNIVERSAL MGB,UNIVERSAL MGB,UNIVERSAL MGB,UNIVERSAL MGB,UNIVERSAL MGB,UNIVERSAL MGB",BIQUINI CAVADÃO,,,0,0
Globo,MusicCueSheet_TvAberta_Agosto2023.xlsx,MusicCueSheet_Agosto23,,17/08/2023,2859,,,VENTO VENTANIA,"ALVARO,BENI,BRUNO,COELHO,MIGUEL FLORES DA CUNHA,SHEIK",BIQUINI CAVADÃO,,,,"UNIVERSAL MGB,UNIVERSAL MGB,UNIVERSAL MGB,UNIVERSAL MGB,UNIVERSAL MGB,UNIVERSAL MGB",BIQUINI CAVADÃO,,,0,0
Globo,MusicCueSheet_TvAberta_Agosto2023.xlsx,MusicCueSheet_Agosto23,,17/08/2023,2859,,,LEPO LEPO,"FILIPE ESCANDURRAS,MAGNO SANT ANNA",PSIRICO,,,,"SONY MUSIC PUBLISHING,SONY MUSIC PUBLISHING",,,,0,0
Globo,MusicCueSheet_TvAberta_Agosto2023.xlsx,MusicCueSheet_Agosto23,,17/08/2023,2859,,,MULHER BRASILEIRA  TODA BOA,"JOTA TELES,MARCIO VICTOR,PEPE",PSIRICO,,,,"UNIVERSAL MGB,SONY MUSIC PUBLISHING,FUSION MUSIC",,,,0,0
Globo,MusicCueSheet_TvAberta_Agosto2023.xlsx,MusicCueSheet_Agosto23,,17/08/2023,2859,,,DESCE TOMA TOMA,"BRENO CASAGRANDE,MAGNO SANT ANNA,SAMIR TRINDADE",PSIRICO,,,,"A DESCOBRIR,IESSI MUSIC PUBLISHING,IESSI MUSIC PUBLISHING",,,,0,0
Globo,MusicCueSheet_TvAberta_Agosto2023.xlsx,MusicCueSheet_Agosto23,,17/08/2023,2859,,,DESCE TOMA TOMA,"BRENO CASAGRANDE,MAGNO SANT ANNA,SAMIR TRINDADE",PSIRICO,,,,"A DESCOBRIR,IESSI MUSIC PUBLISHING,IESSI MUSIC PUBLISHING",,,,0,0
Globo,MusicCueSheet_TvAberta_Agosto2023.xlsx,MusicCueSheet_Agosto23,,17/08/2023,2859,,,DESCE TOMA TOMA,"BRENO CASAGRANDE,MAGNO SANT ANNA,SAMIR TRINDADE",PSIRICO,,,,"A DESCOBRIR,IESSI MUSIC PUBLISHING,IESSI MUSIC PUBLISHING",,,,0,0
Globo,MusicCueSheet_TvAberta_Agosto2023.xlsx,MusicCueSheet_Agosto23,,17/08/2023,17082023,,,ENTRE TAPAS E BEIJOS,"ANTONIO BUENO,NILTON LAMAS",TIAGO MEDEIROS,,,,"PEERMUSIC,PEERMUSIC",,,,0,0
Globo,MusicCueSheet_TvAberta_Agosto2023.xlsx,MusicCueSheet_Agosto23,,17/08/2023,5884,,,PAO DE QUEIJO,NICE GONÇALVES,POLIANA PERES,,,,A DESCOBRIR,POLIANA PERES,,,0,0
Globo,MusicCueSheet_TvAberta_Agosto2023.xlsx,MusicCueSheet_Agosto23,,17/08/2023,5884,,,PAO DE QUEIJO,NICE GONÇALVES,POLIANA PERES,,,,A DESCOBRIR,POLIANA PERES,,,0,0
Globo,MusicCueSheet_TvAberta_Agosto2023.xlsx,MusicCueSheet_Agosto23,,17/08/2023,5884,,,EU SOU ASSIM COMO VOCE,JOÃO PAULO,BARBIE A PRINCESA E A PLEBEIA,,,,A DESCOBRIR,,,,0,0
Globo,MusicCueSheet_TvAberta_Agosto2023.xlsx,MusicCueSheet_Agosto23,,17/08/2023,5884,,,CAVALGADA,"ERASMO CARLOS,ROBERTO CARLOS",SIMONE MENDES,FULL MIX,,,"SONY MUSIC PUBLISHING,SONY MUSIC PUBLISHING",UNIVERSAL MUSIC,,,0,0
Globo,MusicCueSheet_TvAberta_Agosto2023.xlsx,MusicCueSheet_Agosto23,,17/08/2023,GREVE DOS SEXOS,,,BEEDI,"GULZAR,VISHAL BHARADWAJ","SUKHWINDER SINGH,SUNIDHI CHAUHAN",,,,"SONY MUSIC PUBLISHING,SONY MUSIC PUBLISHING",,,,0,0
Globo,MusicCueSheet_TvAberta_Agosto2023.xlsx,MusicCueSheet_Agosto23,,17/08/2023,GREVE DOS SEXOS,,,BOTA A CARA NO SOL,"IRAMAIA SANTOS,J TELLES,LEONARDO SCAVUZZI,MILY",E O TCHAN,,,,"FABRICA DA MUSICA,UNIVERSAL MGB,A DESCOBRIR,MILY",,,,0,0
Globo,MusicCueSheet_TvAberta_Agosto2023.xlsx,MusicCueSheet_Agosto23,,17/08/2023,GREVE DOS SEXOS,,,DANCA DA VASSOURA,"ANDERSON LEONARDO,DELCIO LUIZ",MOLEJO,,,,"WARNER CHAPPELL,WARNER CHAPPELL",,,,0,0
Globo,MusicCueSheet_TvAberta_Agosto2023.xlsx,MusicCueSheet_Agosto23,,17/08/2023,GREVE DOS SEXOS,,,ESSA MINA E LOUCA,"JHAMA,PABLO BISPO","ANITTA,JHAMA",,,,"SONY MUSIC PUBLISHING,RODAMOINHO RECORDS",,,,0,0
Globo,MusicCueSheet_TvAberta_Agosto2023.xlsx,MusicCueSheet_Agosto23,,17/08/2023,GREVE DOS SEXOS,,,I DREAMED A DREAM,"ALAIN BOUBIL,CLAUDE,HERBERT KRETZMER,MICHAEL SCHONBERG",SUSAN BOYLE,,,,"WARNER CHAPPELL,WARNER CHAPPELL,WARNER CHAPPELL,WARNER CHAPPELL",,,,0,0
Globo,MusicCueSheet_TvAberta_Agosto2023.xlsx,MusicCueSheet_Agosto23,,17/08/2023,GREVE DOS SEXOS,,,IRONSIDE,QUINCY JONES,QUINCY JONES,,,,UNIVERSAL MGB,,,,0,0
Globo,MusicCueSheet_TvAberta_Agosto2023.xlsx,MusicCueSheet_Agosto23,,17/08/2023,GREVE DOS SEXOS,,,KIZOMBA FESTA DA RACA,"JONAS,LUIZ CARLOS DA VILA,RODOLFO",BATERIA DA UNIDOS DE VILA ISABEL,,,,"EDIMUSA,EDIMUSA,EDIMUSA",,,,0,0
Globo,MusicCueSheet_TvAberta_Agosto2023.xlsx,MusicCueSheet_Agosto23,,17/08/2023,GREVE DOS SEXOS,,,MACHO MAN,"BEAUR WHITEHEAD,HENRI BELOLO,JACKUES MORALI,VICTOR WILLIS",VILLAGE PEOPLE,,,,"SONY MUSIC PUBLISHING,SONY MUSIC PUBLISHING,SONY MUSIC PUBLISHING,SONY MUSIC PUBLISHING",,,,0,0
Globo,MusicCueSheet_TvAberta_Agosto2023.xlsx,MusicCueSheet_Agosto23,,17/08/2023,GREVE DOS SEXOS,,,MEU NAMORADO E MAIOR OTARIO,MC CAROL,MC CAROL,,,,VRC PRODUCOES ARTISTICAS LTDA,,,,0,0
Globo,MusicCueSheet_TvAberta_Agosto2023.xlsx,MusicCueSheet_Agosto23,,17/08/2023,GREVE DOS SEXOS,,,MEU SANGUE FERVE POR VOCE,"FREDDIE MEYER,JACK AREL,SERAFIM COSTA ALMEIDA",SIDNEY MAGAL,,,,"WARNER CHAPPELL,WARNER CHAPPELL,WARNER CHAPPELL",,,,0,0
Globo,MusicCueSheet_TvAberta_Agosto2023.xlsx,MusicCueSheet_Agosto23,,17/08/2023,GREVE DOS SEXOS,,,PINTINHO AMARELINHO,"DP,HILTON JUNIOR",OUTROS,,,,"DP,WARNER CHAPPELL",,,,0,0
Globo,MusicCueSheet_TvAberta_Agosto2023.xlsx,MusicCueSheet_Agosto23,,17/08/2023,GREVE DOS SEXOS,,,PLU PLU EU QUERO ELA,"JORGE SANTANA,PAULO SANTANA",MOLEJO,,,,"A DESCOBRIR,A DESCOBRIR",,,,0,0
Globo,MusicCueSheet_TvAberta_Agosto2023.xlsx,MusicCueSheet_Agosto23,,17/08/2023,GREVE DOS SEXOS,,,PROVOCAR,"ANDRE VIEIRA,BREDER,GLORIA GROOVE,WALLACE VIANNA","GLORIA GROOVE,LEO SANTANA,LEXA",,,,"WARNER CHAPPELL,WARNER CHAPPELL,WARNER CHAPPELL,WARNER CHAPPELL",,,,0,0
Globo,MusicCueSheet_TvAberta_Agosto2023.xlsx,MusicCueSheet_Agosto23,,17/08/2023,GREVE DOS SEXOS,,,QUEM MANDA E ELA,"ALEXANDRE PIRES,NEGO JOY",ALEXANDRE PIRES,,,,"A DESCOBRIR,A DESCOBRIR",,,,0,0
Globo,MusicCueSheet_TvAberta_Agosto2023.xlsx,MusicCueSheet_Agosto23,,17/08/2023,GREVE DOS SEXOS,,,SO PRA CASTIGAR,"DIEGO SILVEIRA,HENRIQUE CASTTRO,LARISSA FERREIRA",WESLEY SAFADAO,,,,"ABRAMUS,M B NUNES,ABRAMUS",,,,0,0
Globo,MusicCueSheet_TvAberta_Agosto2023.xlsx,MusicCueSheet_Agosto23,,17/08/2023,GREVE DOS SEXOS,,,VA MORAR COM O DIABO,RIACHAO,CASSIA ELLER,,,,WARNER CHAPPELL,,,,0,0
Globo,MusicCueSheet_TvAberta_Agosto2023.xlsx,MusicCueSheet_Agosto23,,17/08/2023,THE DEPOSIT,,,BITCH BETTER HAVE MY MONEY,"BADRILLA BOURELLY,EBONY NAOMI OSHUNRINDE,JACQUES WEBSTER,JAMIL PIERRE,JAMIL PIERRE,KANYE WEST,RIHANNA,RIHANNA",RIHANNA,,,,"BMG,BMG,SONY MUSIC PUBLISHING,UNIVERSAL MGB,WARNER CHAPPELL,SONY MUSIC PUBLISHING,SONY MUSIC PUBLISHING,WARNER CHAPPELL",,,,0,0
Globo,MusicCueSheet_TvAberta_Agosto2023.xlsx,MusicCueSheet_Agosto23,,17/08/2023,THE DEPOSIT,,,A BOMBA,"FABIO ZAMBRANA MARCHETTI,JORGE ZARATH",BRAGA BOYS,,,,"SONY MUSIC PUBLISHING,SONY MUSIC PUBLISHING",,,,0,0
Globo,MusicCueSheet_TvAberta_Agosto2023.xlsx,MusicCueSheet_Agosto23,,17/08/2023,THE DEPOSIT,,,CILADA,"DELCIO LUIZ,RONALDO BARCELLOS",MOLEJO,,,,"WARNER CHAPPELL,SONY MUSIC PUBLISHING",,,,0,0
Globo,MusicCueSheet_TvAberta_Agosto2023.xlsx,MusicCueSheet_Agosto23,,17/08/2023,THE DEPOSIT,,,DIAMONDS,"BENJAMIN LEVIN,BENJAMIN LEVIN,MIKKEL ERIKSEN,MIKKEL ERIKSEN,SIA FURLER,TOR ERIK HERMANSEN",RIHANNA,,,,"ABRAMUS,PEERMUSIC,ABRAMUS,SONY MUSIC PUBLISHING,SONY MUSIC PUBLISHING,SONY MUSIC PUBLISHING",,,,0,0
Globo,MusicCueSheet_TvAberta_Agosto2023.xlsx,MusicCueSheet_Agosto23,,17/08/2023,THE DEPOSIT,,,EM NOME DO PAI DO FILHO E DOS SANTOS A VILA CANTA A CIDADE DE PEDRO,"ANDRE DINIZ,DECO AUGUSTO,EVANDRO BOCAO,IVAN RIBEIRO,JULIO ALVES,MARCELO VALENCIA,PROFESSOR WLADIMIR",BATERIA DA UNIDOS DE VILA ISABEL,,,,"EDIMUSA,EDIMUSA,EDIMUSA,EDIMUSA,EDIMUSA,EDIMUSA,EDIMUSA",,,,0,0
Globo,MusicCueSheet_TvAberta_Agosto2023.xlsx,MusicCueSheet_Agosto23,,17/08/2023,THE DEPOSIT,,,MARACUTAIA,"DAVID CORCOS,KAROL CONKA,LAUDZ,ZEGON",KAROL CONKA,,,,"DAVID O MARROQUINO,SONY MUSIC PUBLISHING,BMG,BMG",,,,0,0
Globo,MusicCueSheet_TvAberta_Agosto2023.xlsx,MusicCueSheet_Agosto23,,17/08/2023,THE DEPOSIT,,,ME SOLTA,NEGO DO BOREL,"DJ RENNAN DA PENHA,NEGO DO BOREL",,,,SONY MUSIC PUBLISHING,,,,0,0
Globo,MusicCueSheet_TvAberta_Agosto2023.xlsx,MusicCueSheet_Agosto23,,17/08/2023,THE DEPOSIT,,,MISSION IMPOSSIBLE,LALO SCHIFRIN,LALO SCHIFRIN,,,,SONY MUSIC PUBLISHING,,,,0,0
Globo,MusicCueSheet_TvAberta_Agosto2023.xlsx,MusicCueSheet_Agosto23,,17/08/2023,THE DEPOSIT,,,OLHA A EXPLOSAO,MC EZ,MC KEVINHO,,,,MINHA AUTORIA,,,,0,0
Globo,MusicCueSheet_TvAberta_Agosto2023.xlsx,MusicCueSheet_Agosto23,,17/08/2023,THE DEPOSIT,,,PAIS E FILHOS,"DADO VILLA LOBOS,MARCELO BONFA,RENATO RUSSO","JESSICA VQC,REGINEL VQC",,,,"SONY MUSIC PUBLISHING,SONY MUSIC PUBLISHING,LEGIAO URBANA",,,,0,0
Globo,MusicCueSheet_TvAberta_Agosto2023.xlsx,MusicCueSheet_Agosto23,,17/08/2023,THE DEPOSIT,,,SORTE GRANDE,LOURENCO,IVETE SANGALO,,,,L O S,,,,0,0
Globo,MusicCueSheet_TvAberta_Agosto2023.xlsx,MusicCueSheet_Agosto23,,17/08/2023,THE DEPOSIT,,,WORK,"ALLEN RITTER,AUBREY GRAHAM,J BRAITHWAITE,M SAMUELS,M.MOIR,M.MOIR,R THOMAS,RICHARD STEPHENSON,RIHANNA",RIHANNA,,,,"SONY MUSIC PUBLISHING,A DESCOBRIR,WARNER CHAPPELL,SONY MUSIC PUBLISHING,SONY MUSIC PUBLISHING,UNIVERSAL MGB,A DESCOBRIR,SONY MUSIC PUBLISHING,WARNER CHAPPELL",,,,0,0
Globo,MusicCueSheet_TvAberta_Agosto2023.xlsx,MusicCueSheet_Agosto23,,17/08/2023,THE DEPOSIT,,,WORK BITCH,"ANTHONY PRESTON,BRITNEY SPEARS,OTTO JETTMAN,RUTH ANNE CUNNINGHAM,WILLIAM ADAMS",BRITNEY SPEARS,,,,"ABRAMUS,UNIVERSAL MGB,UNIVERSAL MGB,SONY MUSIC PUBLISHING,BMG",,,,0,0
Globo,MusicCueSheet_TvAberta_Agosto2023.xlsx,MusicCueSheet_Agosto23,,17/08/2023,THE DEPOSIT,,,WORK BITCH,"ANTHONY PRESTON,BRITNEY SPEARS,OTTO JETTMAN,RUTH ANNE CUNNINGHAM,WILLIAM ADAMS",BRITNEY SPEARS,,,,"ABRAMUS,UNIVERSAL MGB,UNIVERSAL MGB,SONY MUSIC PUBLISHING,BMG",,,,0,0
Globo,MusicCueSheet_TvAberta_Agosto2023.xlsx,MusicCueSheet_Agosto23,,17/08/2023,THE DEPOSIT,,,E LADRAO QUE NAO ACABA MAIS,"ARY DO CAVACO,OTACILIO DA MANGUEIRA",BEZERRA DA SILVA,,,,"UNIVERSAL MGB,UNIVERSAL MGB",,,,0,0
Globo,MusicCueSheet_TvAberta_Agosto2023.xlsx,MusicCueSheet_Agosto23,,18/08/2023,1220,,,EVIDENCIAS,"JOSE AUGUSTO,PAULO SERGIO VALLE",CHITAOZINHO E XORORO,,,,"UNIVERSAL MGB,SONY MUSIC PUBLISHING",,,,0,0
Globo,MusicCueSheet_TvAberta_Agosto2023.xlsx,MusicCueSheet_Agosto23,,18/08/2023,2860,,,SINONIMOS,"CESAR AUGUSTO,CLAUDIO NOAM,PAULO SERGIO","ANA CASTELA, CHITAOZINHO E XORORO",FULL MIX,,,"WARNER CHAPPELL,SONY MUSIC PUBLISHING,WARNER CHAPPELL",LIVE,,,0,0
Globo,MusicCueSheet_TvAberta_Agosto2023.xlsx,MusicCueSheet_Agosto23,,18/08/2023,2860,,,SINONIMOS,"CESAR AUGUSTO,CLAUDIO NOAM,PAULO SERGIO","ANA CASTELA, CHITAOZINHO E XORORO",FULL MIX,,,"WARNER CHAPPELL,SONY MUSIC PUBLISHING,WARNER CHAPPELL",LIVE,,,0,0
Globo,MusicCueSheet_TvAberta_Agosto2023.xlsx,MusicCueSheet_Agosto23,,18/08/2023,2860,,,E ESSA BOCA AI,"NICOLAS DAMASCENO,RAFAEL BORGES,THALLES LESSA,THIAGO ROSSI",BRUNINHO & DAVI,,,,"SONY MUSIC PUBLISHING,SONY MUSIC PUBLISHING,SONY MUSIC PUBLISHING,SONY MUSIC PUBLISHING",,,,0,0
Globo,MusicCueSheet_TvAberta_Agosto2023.xlsx,MusicCueSheet_Agosto23,,18/08/2023,2860,,,EVIDENCIAS,"JOSE AUGUSTO,PAULO SERGIO VALLE",PLATEIA,,,,"UNIVERSAL MGB,SONY MUSIC PUBLISHING",,,,0,0
Globo,MusicCueSheet_TvAberta_Agosto2023.xlsx,MusicCueSheet_Agosto23,,18/08/2023,2860,,,KURUMI KALUANA,"KAE GUAJAJARA,LAUDZ,OWERA,ZEGON",TROPKILLAZ FEAT. KAE GUAJAJARA & OWERA,FULL MIX,,,"AZURUHU,BMG,A DESCOBRIR,BMG",SPA PRODUCOES ARTISTICAS LTDA,,,0,0
Globo,MusicCueSheet_TvAberta_Agosto2023.xlsx,MusicCueSheet_Agosto23,,18/08/2023,2860,,,ONDE NASCE O SOL,MATHEUS ALEIXO,BRUNINHO & DAVI,,,,PANTTANAL,,,,0,0
Globo,MusicCueSheet_TvAberta_Agosto2023.xlsx,MusicCueSheet_Agosto23,,18/08/2023,2860,,,CERTAS COISAS,THALES LESSA,BRUNINHO & DAVI,,,,A DESCOBRIR,,,,0,0
Globo,MusicCueSheet_TvAberta_Agosto2023.xlsx,MusicCueSheet_Agosto23,,18/08/2023,2860,,,CERTAS COISAS,THALES LESSA,BRUNINHO & DAVI,,,,A DESCOBRIR,,,,0,0
Globo,MusicCueSheet_TvAberta_Agosto2023.xlsx,MusicCueSheet_Agosto23,,18/08/2023,2860,,,CERTAS COISAS,THALES LESSA,BRUNINHO & DAVI,,,,A DESCOBRIR,,,,0,0
Globo,MusicCueSheet_TvAberta_Agosto2023.xlsx,MusicCueSheet_Agosto23,,18/08/2023,5,,,FELIZ ALEGRE E FORTE,"MARISA MONTE,PRETINHO DA SERRINHA,RACHELL LUZ",MARISA MONTE,FULL MIX,,,"UNIVERSAL MGB,UNIVERSAL MGB,UNIVERSAL MGB",SONY,,,0,0
Globo,MusicCueSheet_TvAberta_Agosto2023.xlsx,MusicCueSheet_Agosto23,,18/08/2023,5,,,FELIZ ALEGRE E FORTE,"MARISA MONTE,PRETINHO DA SERRINHA,RACHELL LUZ",MARISA MONTE,BG,,,"UNIVERSAL MGB,UNIVERSAL MGB,UNIVERSAL MGB",SONY,,,0,0
Globo,MusicCueSheet_TvAberta_Agosto2023.xlsx,MusicCueSheet_Agosto23,,18/08/2023,5885,,,CE NAO MERECE EU,"DANIEL CÂNDIDO,EDU VALIM,KLEBIN,MURILO VENTURA,VICTOR REIS","FELIPE ARAÚJO,ISRAEL & RODOLFFO",,,,"A DESCOBRIR,A DESCOBRIR,A DESCOBRIR,A DESCOBRIR,A DESCOBRIR",UNIVERSAL MUSIC,,,0,0
Globo,MusicCueSheet_TvAberta_Agosto2023.xlsx,MusicCueSheet_Agosto23,,18/08/2023,5885,,,CE NAO MERECE EU,"DANIEL CÂNDIDO,EDU VALIM,KLEBIN,MURILO VENTURA,VICTOR REIS","FELIPE ARAÚJO,ISRAEL & RODOLFFO",,,,"A DESCOBRIR,A DESCOBRIR,A DESCOBRIR,A DESCOBRIR,A DESCOBRIR",UNIVERSAL MUSIC,,,0,0
Globo,MusicCueSheet_TvAberta_Agosto2023.xlsx,MusicCueSheet_Agosto23,,18/08/2023,5885,,,CE NAO MERECE EU,"DANIEL CÂNDIDO,EDU VALIM,KLEBIN,MURILO VENTURA,VICTOR REIS","FELIPE ARAÚJOI,ISRAEL & RODOLFFO",,,,"A DESCOBRIR,A DESCOBRIR,A DESCOBRIR,A DESCOBRIR,A DESCOBRIR",UNIVERSAL MUSIC,,,0,0
Globo,MusicCueSheet_TvAberta_Agosto2023.xlsx,MusicCueSheet_Agosto23,,18/08/2023,MEIER SUSTENTAVEL,,,AS GRANDES POTENCIAS,"JOAO GONCALVES,ZE DUARTE",ZE DUARTE,,,,"PEERMUSIC,PEERMUSIC",,,,0,0
Globo,MusicCueSheet_TvAberta_Agosto2023.xlsx,MusicCueSheet_Agosto23,,18/08/2023,MEIER SUSTENTAVEL,,,BANHO DE ESPUMA,"RITA LEE,ROBERTO DE CARVALHO",RITA LEE,,,,"WARNER CHAPPELL,WARNER CHAPPELL",,,,0,0
Globo,MusicCueSheet_TvAberta_Agosto2023.xlsx,MusicCueSheet_Agosto23,,18/08/2023,MEIER SUSTENTAVEL,,,CONTOS DE AREIA,"DEDE DA PORTELA,NORIVAL REIS",FERDINANDO,,,,"WARNER CHAPPELL,WARNER CHAPPELL",,,,0,0
Globo,MusicCueSheet_TvAberta_Agosto2023.xlsx,MusicCueSheet_Agosto23,,18/08/2023,MEIER SUSTENTAVEL,,,ESQUECI COMO NAMORA,"JEFFERSON JUNIOR,ROMEU R3,UMBERTO TAVARES","MAIARA  E MARAISA,NEGO DO BOREL",,,,"SONY MUSIC PUBLISHING,SONY MUSIC PUBLISHING,ORB MUSIC",,,,0,0
Globo,MusicCueSheet_TvAberta_Agosto2023.xlsx,MusicCueSheet_Agosto23,,18/08/2023,MEIER SUSTENTAVEL,,,KIZOMBA FESTA DA RACA,"JONAS,LUIZ CARLOS DA VILA,RODOLFO",VILA ISABEL,,,,"EDIMUSA,EDIMUSA,EDIMUSA",,,,0,0
Globo,MusicCueSheet_TvAberta_Agosto2023.xlsx,MusicCueSheet_Agosto23,,18/08/2023,MEIER SUSTENTAVEL,,,MAMAE NATUREZA,RITA LEE,RITA LEE,,,,WARNER CHAPPELL,,,,0,0
Globo,MusicCueSheet_TvAberta_Agosto2023.xlsx,MusicCueSheet_Agosto23,,18/08/2023,MEIER SUSTENTAVEL,,,MARIA,"IAN BLAKE,K C PORTER,LUIZ GOMES ESCOLAR",RICKY MARTIN,,,,"SONY MUSIC PUBLISHING,UNIVERSAL MGB,FERMATA",,,,0,0
Globo,MusicCueSheet_TvAberta_Agosto2023.xlsx,MusicCueSheet_Agosto23,,18/08/2023,MEIER SUSTENTAVEL,,,NAO PERCO MEU TEMPO,"ANITTA,DANILO VALBUSA,DAYANE DE LIMA,GABRIELE OLIVEIRA FELIPE,IAD ASLAN,JUAN MANUEL,MARCELO DE ARAUJO FERRAZ,PEDRO LUIZ GARCIA CAROPRESO",ANITTA,,,,"UNIVERSAL MGB,UNIVERSAL MGB,UNIVERSAL MGB,UNIVERSAL MGB,UNIVERSAL MGB,UNIVERSAL MGB,UNIVERSAL MGB,UNIVERSAL MGB",,,,0,0
Globo,MusicCueSheet_TvAberta_Agosto2023.xlsx,MusicCueSheet_Agosto23,,18/08/2023,MEIER SUSTENTAVEL,,,ONDA DIFERENTE,"DJ KR3,LUDMILLA,MC DR,SNOOP DOGG","ANITTA,LUDMILLA,SNOOP DOGG",,,,"WARNER CHAPPELL,WARNER CHAPPELL,WARNER CHAPPELL,SONY MUSIC PUBLISHING",,,,0,0
Globo,MusicCueSheet_TvAberta_Agosto2023.xlsx,MusicCueSheet_Agosto23,,18/08/2023,MEIER SUSTENTAVEL,,,REPRESENT CUBA,"ANDRES LEVIN,DEBBIE NOVA,ISMAEL MIRANDA,JOY ASKEW,LIVAN NUNEZ ALEMAN,N DEA R DAVENPORT,NICOLAS NOCCHI,ROLDAN GONZALEZ RIVERO",ORISHAS,,,,"SONY MUSIC PUBLISHING,BMG,PEERMUSIC,A DESCOBRIR,SONY MUSIC PUBLISHING,SONY MUSIC PUBLISHING,SONY MUSIC PUBLISHING,SONY MUSIC PUBLISHING",,,,0,0
Globo,MusicCueSheet_TvAberta_Agosto2023.xlsx,MusicCueSheet_Agosto23,,18/08/2023,MEIER SUSTENTAVEL,,,SURVIVOR,"ANTHONY DENT,BEYONCE KNOWLES,M KNOWLES",DESTINY'S CHILD,,,,"BMG,SONY MUSIC PUBLISHING,SONY MUSIC PUBLISHING",,,,0,0
Globo,MusicCueSheet_TvAberta_Agosto2023.xlsx,MusicCueSheet_Agosto23,,18/08/2023,MEIER SUSTENTAVEL,,,TA COM RAIVA DE MIM,"ADAL,GABY CERQUEIRA",E O THAN,,,,"UNIVERSAL MGB,UNIVERSAL MGB",,,,0,0
Globo,MusicCueSheet_TvAberta_Agosto2023.xlsx,MusicCueSheet_Agosto23,,18/08/2023,MEIER SUSTENTAVEL,,,WITHOUT YOU,"PETER HAM,PETER HAM,THOMAS EVANS",MARIAH CAREY,,,,"SONY MUSIC PUBLISHING,WARNER CHAPPELL,SONY MUSIC PUBLISHING",,,,0,0
Globo,MusicCueSheet_TvAberta_Agosto2023.xlsx,MusicCueSheet_Agosto23,,19/08/2023,1127,,,PROVA DE FOGO,ERASMO CARLOS,BANDA ALTAS HORAS,,,,FERMATA,,,,0,0
Globo,MusicCueSheet_TvAberta_Agosto2023.xlsx,MusicCueSheet_Agosto23,,19/08/2023,1127,,,PROVA DE FOGO,ERASMO CARLOS,BANDA ALTAS HORAS,,,,FERMATA,,,,0,0
Globo,MusicCueSheet_TvAberta_Agosto2023.xlsx,MusicCueSheet_Agosto23,,19/08/2023,1127,,,ERA UM GAROTO QUE COMO EU AMAVA OS BEATLES E OS ROLLING STONES,"F MIGLIACCI,LUSINI,PAULINHO BRANCATO JUNIOR",OS INCRIVEIS,,,,"UNIVERSAL MGB,UNIVERSAL MGB,UNIVERSAL MGB",,,,0,0
Globo,MusicCueSheet_TvAberta_Agosto2023.xlsx,MusicCueSheet_Agosto23,,19/08/2023,1127,,,AS CANCOES QUE VOCE FEZ PRA MIM,"ERASMO CARLOS,ROBERTO CARLOS",GAL COSTA,,,,"SONY MUSIC PUBLISHING,SONY MUSIC PUBLISHING",,,,0,0
Globo,MusicCueSheet_TvAberta_Agosto2023.xlsx,MusicCueSheet_Agosto23,,19/08/2023,1127,,,MINHA FAMA DE MAU,"ERASMO CARLOS,ROBERTO CARLOS",ERASMO CARLOS,,,,"VITALE,VITALE",,,,0,0
Globo,MusicCueSheet_TvAberta_Agosto2023.xlsx,MusicCueSheet_Agosto23,,19/08/2023,1127,,,O CALHAMBEQUE,"ERASMO CARLOS,GWEN,JOHN D LOUDERMILK",TIAGO ABRAVANEL,,,,"SONY MUSIC PUBLISHING,SONY MUSIC PUBLISHING,SONY MUSIC PUBLISHING",,,,0,0
Globo,MusicCueSheet_TvAberta_Agosto2023.xlsx,MusicCueSheet_Agosto23,,19/08/2023,1127,,,ALGUEM NA MULTIDAO,ROSSINI PINTO,GOLDEN BOYS,,,,VITALE,,,,0,0
Globo,MusicCueSheet_TvAberta_Agosto2023.xlsx,MusicCueSheet_Agosto23,,19/08/2023,1127,,,AS CANCOES QUE VOCE FEZ PRA MIM,"ERASMO CARLOS,ROBERTO CARLOS",ROBERTA MIRANDA,,,,"SONY MUSIC PUBLISHING,SONY MUSIC PUBLISHING",,,,0,0
Globo,MusicCueSheet_TvAberta_Agosto2023.xlsx,MusicCueSheet_Agosto23,,19/08/2023,1127,,,SE VOCE PENSA,"ERASMO CARLOS,ROBERTO CARLOS",LUÍZA POSSI,,,,"FERMATA,FERMATA",,,,0,0
Globo,MusicCueSheet_TvAberta_Agosto2023.xlsx,MusicCueSheet_Agosto23,,19/08/2023,1127,,,DOCE DOCE AMOR,"MAURO MOTTA,RAUL SEIXAS",BANDA ALTAS HORAS,,,,"SONY MUSIC PUBLISHING,SONY MUSIC PUBLISHING",,,,0,0
Globo,MusicCueSheet_TvAberta_Agosto2023.xlsx,MusicCueSheet_Agosto23,,19/08/2023,1127,,,FESTA DE ARROMBA,"ERASMO CARLOS,ROBERTO CARLOS",BANDA ALTAS HORAS,,,,"SONY MUSIC PUBLISHING,SONY MUSIC PUBLISHING",,,,0,0
Globo,MusicCueSheet_TvAberta_Agosto2023.xlsx,MusicCueSheet_Agosto23,,19/08/2023,1127,,,EU SOU TERRIVEL,"ERASMO CARLOS,ROBERTO CARLOS",FIUK,,,,"SONY MUSIC PUBLISHING,SONY MUSIC PUBLISHING",,,,0,0
Globo,MusicCueSheet_TvAberta_Agosto2023.xlsx,MusicCueSheet_Agosto23,,19/08/2023,1127,,,O BOM RAPAZ,GERALDO NUNES,WANDERLEY CARDOSO,,,,PEERMUSIC,,,,0,0
Globo,MusicCueSheet_TvAberta_Agosto2023.xlsx,MusicCueSheet_Agosto23,,19/08/2023,1127,,,O BOM,CARLOS IMPERIAL,EDUARDO ARAÚJO,,,,SONY MUSIC PUBLISHING,,,,0,0
Globo,MusicCueSheet_TvAberta_Agosto2023.xlsx,MusicCueSheet_Agosto23,,19/08/2023,1127,,,FECHE OS OLHOS,"JOHN LENNON,PAUL MCCARTNEY,RENATO BARROS",BANDA ALTAS HORAS,,,,"SONY MUSIC PUBLISHING,SONY MUSIC PUBLISHING,SONY MUSIC PUBLISHING",,,,0,0
Globo,MusicCueSheet_TvAberta_Agosto2023.xlsx,MusicCueSheet_Agosto23,,19/08/2023,1127,,,EU TE DAREI O CEU,"ERASMO CARLOS,ROBERTO CARLOS",BANDA ALTAS HORAS,,,,"SONY MUSIC PUBLISHING,SONY MUSIC PUBLISHING",,,,0,0
Globo,MusicCueSheet_TvAberta_Agosto2023.xlsx,MusicCueSheet_Agosto23,,19/08/2023,1127,,,EU DARIA A MINHA VIDA,"G MARCHAND,MARTINHA",MARTINHA,,,,"VITALE,VITALE",,,,0,0
Globo,MusicCueSheet_TvAberta_Agosto2023.xlsx,MusicCueSheet_Agosto23,,19/08/2023,1127,,,SPLISH SPLASH,"BOBBY DARIN,ERASMO CARLOS,JEAN MURRAY","OS INCRÍVEIS, EDUARDO ARAÚJO",,,,"SONY MUSIC PUBLISHING,SONY MUSIC PUBLISHING,SONY MUSIC PUBLISHING",,,,0,0
Globo,MusicCueSheet_TvAberta_Agosto2023.xlsx,MusicCueSheet_Agosto23,,19/08/2023,1127,,,VEM QUENTE QUE EU ESTOU FERVENDO,"CARLOS IMPERIAL,EDUARDO ARAUJO","OS INCRÍVEIS, EDUARDO ARAÚJO",,,,"FERMATA,FERMATA",,,,0,0
Globo,MusicCueSheet_TvAberta_Agosto2023.xlsx,MusicCueSheet_Agosto23,,19/08/2023,1127,,,RUA AUGUSTA,HERVE CORDOVIL,"OS INCRÍVEIS, EDUARDO ARAÚJO",,,,VITALE,,,,0,0
Globo,MusicCueSheet_TvAberta_Agosto2023.xlsx,MusicCueSheet_Agosto23,,19/08/2023,1127,,,FERIAS NA INDIA,"NILTON CESAR,OSMAR NAVARRO","BANDA ALTAS HORAS, SERGINHO",,,,"PEERMUSIC,PEERMUSIC",,,,0,0
Globo,MusicCueSheet_TvAberta_Agosto2023.xlsx,MusicCueSheet_Agosto23,,19/08/2023,1127,,,PARE O CASAMENTO,"ARTHUR RESNICK,ARTHUR RESNICK,KENNY YOUNG,KENNY YOUNG,LUIZ KELLER",BANDA ALTAS HORAS,,,,"BMG,WARNER CHAPPELL,BMG,WARNER CHAPPELL,WARNER CHAPPELL",,,,0,0
Globo,MusicCueSheet_TvAberta_Agosto2023.xlsx,MusicCueSheet_Agosto23,,19/08/2023,1127,,,FILME TRISTE,"JOHN D LOUDERMILK,ROMEU NUNES",TRIO ESPERANCA,,,,"SONY MUSIC PUBLISHING,SONY MUSIC PUBLISHING",,,,0,0
Globo,MusicCueSheet_TvAberta_Agosto2023.xlsx,MusicCueSheet_Agosto23,,19/08/2023,1127,,,FILME TRISTE,"JOHN D LOUDERMILK,ROMEU NUNES","NEGRA LI, GOLDEN BOYS",,,,"SONY MUSIC PUBLISHING,SONY MUSIC PUBLISHING",,,,0,0
Globo,MusicCueSheet_TvAberta_Agosto2023.xlsx,MusicCueSheet_Agosto23,,19/08/2023,1127,,,BROTO LEGAL,"H EARNHART,RENATO CORTE REAL",BANDA ALTAS HORAS,,,,"FERMATA,FERMATA",,,,0,0
Globo,MusicCueSheet_TvAberta_Agosto2023.xlsx,MusicCueSheet_Agosto23,,19/08/2023,1127,,,GAROTA DO ROBERTO,"CARLOS IMPERIAL,EDUARDO ARAUJO",BANDA ALTAS HORAS,,,,"FERMATA,FERMATA",,,,0,0
Globo,MusicCueSheet_TvAberta_Agosto2023.xlsx,MusicCueSheet_Agosto23,,19/08/2023,1127,,,MINHA FAMA DE MAU,"ERASMO CARLOS,ROBERTO CARLOS",BANDA ALTAS HORAS,,,,"VITALE,VITALE",,,,0,0
Globo,MusicCueSheet_TvAberta_Agosto2023.xlsx,MusicCueSheet_Agosto23,,19/08/2023,1127,,,MINHA FAMA DE MAU,"ERASMO CARLOS,ROBERTO CARLOS",BANDA ALTAS HORAS,,,,"VITALE,VITALE",,,,0,0
Globo,MusicCueSheet_TvAberta_Agosto2023.xlsx,MusicCueSheet_Agosto23,,19/08/2023,418,,,ILARIE,"CEINHA,CID GUERREIRO,CRISTINA LARRAURA,DITO",XUXA,,,,"PEERMUSIC,PEERMUSIC,PEERMUSIC,PEERMUSIC",SOM LIVRE,,,0,0
Globo,MusicCueSheet_TvAberta_Agosto2023.xlsx,MusicCueSheet_Agosto23,,19/08/2023,418,,,ILARIE,"CEINHA,CID GUERREIRO,CRISTINA LARRAURA,DITO",XUXA,,,,"PEERMUSIC,PEERMUSIC,PEERMUSIC,PEERMUSIC",SOM LIVRE,,,0,0
Globo,MusicCueSheet_TvAberta_Agosto2023.xlsx,MusicCueSheet_Agosto23,,19/08/2023,418,,,ILARIE,"CEINHA,CID GUERREIRO,CRISTINA LARRAURA,DITO",XUXA,,,,"PEERMUSIC,PEERMUSIC,PEERMUSIC,PEERMUSIC",SOM LIVRE,,,0,0
Globo,MusicCueSheet_TvAberta_Agosto2023.xlsx,MusicCueSheet_Agosto23,,19/08/2023,418,,,AMIGUINHA XUXA,"MESSIAS CORREA,ROGERIO ENOE",XUXA,,,,"UNIVERSAL MGB,UNIVERSAL MGB",SOM LIVRE,,,0,0
Globo,MusicCueSheet_TvAberta_Agosto2023.xlsx,MusicCueSheet_Agosto23,,19/08/2023,418,,,CINCO PATINHOS,"ANTHONY FIELDS,GREG PAGE,JEFF FATT,MURRAY COOK,VANESSA ALVES",XUXA,,,,"UNIVERSAL MGB,UNIVERSAL MGB,UNIVERSAL MGB,UNIVERSAL MGB,SONY MUSIC PUBLISHING",SOM LIVRE,,,0,0
Globo,MusicCueSheet_TvAberta_Agosto2023.xlsx,MusicCueSheet_Agosto23,,19/08/2023,418,,,ILARIE,"CEINHA,CID GUERREIRO,CRISTINA LARRAURA,DITO",XUXA,,,,"PEERMUSIC,PEERMUSIC,PEERMUSIC,PEERMUSIC",SOM LIVRE,,,0,0
Globo,MusicCueSheet_TvAberta_Agosto2023.xlsx,MusicCueSheet_Agosto23,,19/08/2023,418,,,OH LUA,"CHICO ROQUE,ED WILSON",XUXA,,,,"SONY MUSIC PUBLISHING,SONY MUSIC PUBLISHING",SOM LIVRE,,,0,0
Globo,MusicCueSheet_TvAberta_Agosto2023.xlsx,MusicCueSheet_Agosto23,,19/08/2023,418,,,OH LUA,"CHICO ROQUE,ED WILSON",XUXA,,,,"SONY MUSIC PUBLISHING,SONY MUSIC PUBLISHING",SOM LIVRE,,,0,0
Globo,MusicCueSheet_TvAberta_Agosto2023.xlsx,MusicCueSheet_Agosto23,,19/08/2023,19082023,,,CHAPLIN,ENVATO,ELIANS PRODUCTIONS,,,,A DESCOBRIR,,,,0,0
Globo,MusicCueSheet_TvAberta_Agosto2023.xlsx,MusicCueSheet_Agosto23,,19/08/2023,19082023,,,TROPICANA,"ALCEU VALENCA,VICENTE BARRETO",TELMO SANTIAGO,,,,"HUMAITA,WARNER CHAPPELL",,,,0,0
Globo,MusicCueSheet_TvAberta_Agosto2023.xlsx,MusicCueSheet_Agosto23,,19/08/2023,19082023,,,LEAO DO NORTE,"LENINE,PAULO CESAR PINHEIRO",TELMO SANTIAGO,,,,"DUETO,SONY MUSIC PUBLISHING",,,,0,0
Globo,MusicCueSheet_TvAberta_Agosto2023.xlsx,MusicCueSheet_Agosto23,,19/08/2023,6,,,BAT MACUMBA,"CAETANO VELOSO,GILBERTO GIL",OS MUTANTES,FULL MIX,,,"WARNER CHAPPELL,SONY MUSIC PUBLISHING",UNIVERSAL MUSIC,,,0,0
Globo,MusicCueSheet_TvAberta_Agosto2023.xlsx,MusicCueSheet_Agosto23,,19/08/2023,6,,,BURBURINHO,"CLARA VALVERDE,GABI LINS,JANLUSKA,MARIANNA EIS",CLARA VALVERDE,FULL MIX,,,"WARNER CHAPPELL,BMG,BMG,SONY MUSIC PUBLISHING",CLARA VALVERDE VIANA PRODUÇÕES,,,0,0
Globo,MusicCueSheet_TvAberta_Agosto2023.xlsx,MusicCueSheet_Agosto23,,19/08/2023,6,,,DEIXA ACONTECER,"ALEX FREITAS,CARLOS CAETANO","CEU, EMICIDA",FULL MIX,,,"SONY MUSIC PUBLISHING,SONY MUSIC PUBLISHING",WARNER MUSIC,,,0,0
Globo,MusicCueSheet_TvAberta_Agosto2023.xlsx,MusicCueSheet_Agosto23,,20/08/2023,20082023,,,VACILAO,ZE ROBERTO,MATHEUSINHO,,,,UNIVERSAL MGB,,,,0,0
Globo,MusicCueSheet_TvAberta_Agosto2023.xlsx,MusicCueSheet_Agosto23,,20/08/2023,20082023,,,VACILAO,ZE ROBERTO,MATHEUSINHO,,,,UNIVERSAL MGB,,,,0,0
Globo,MusicCueSheet_TvAberta_Agosto2023.xlsx,MusicCueSheet_Agosto23,,20/08/2023,102,,,I FEEL GOOD  I GOT YOU,JAMES BROWN,JAMES BROWN,,,,WARNER CHAPPELL,THE BAND AID TRUST,,,0,0
Globo,MusicCueSheet_TvAberta_Agosto2023.xlsx,MusicCueSheet_Agosto23,,20/08/2023,102,,,DESAFINADO,"NEWTON MENDONCA,TOM JOBIM","JOÃO GILBERTO,STAN GETZ",,,,"FERMATA,FERMATA",VERVE REISSUES,,,0,0
Globo,MusicCueSheet_TvAberta_Agosto2023.xlsx,MusicCueSheet_Agosto23,,20/08/2023,102,,,ACABOU ACABOU (QUANDO EU DIGO QUE ACABOU),"DYEGUINHO SILVA,FELIPE AMORIM,JACK PALLAS","GABRIEL DINIZ,WESLEY SAFADÃO",,,,"SONY MUSIC PUBLISHING,SONY MUSIC PUBLISHING,JACK PALLAS",UNIVERSAL MUSIC LTDA.,,,0,0
Globo,MusicCueSheet_TvAberta_Agosto2023.xlsx,MusicCueSheet_Agosto23,,20/08/2023,102,,,VAI E VOLTA,"JEFFERSON JUNIOR,LUDMILLA,UMBERTO TAVARES",LUDMILLA,,,,"BMG,WARNER CHAPPELL,A DESCOBRIR",WARNER CHAPPELL MUSIC,,,0,0
Globo,MusicCueSheet_TvAberta_Agosto2023.xlsx,MusicCueSheet_Agosto23,,20/08/2023,102,,,CORPO NU,"MC ANDINHO,MC VINICIUS","MC ANDINHO,MC VINICIUS,DJ MARLBORO",,,,"NOWA,NOWA",1998 LINK RECORDS,,,0,0
Globo,MusicCueSheet_TvAberta_Agosto2023.xlsx,MusicCueSheet_Agosto23,,20/08/2023,102,,,DANZA KUDURO,"BIG ALI,DON OMAR,FABRICE TOIGO,FAOUZI BARKATI,PHILIPPE DE OLIVEIRA","LATINO,DADDY KALL",,,,"UNIVERSAL MGB,SONY MUSIC PUBLISHING,SONY MUSIC PUBLISHING,SONY MUSIC PUBLISHING,SONY MUSIC PUBLISHING",UNIVERSAL MUSIC LTDA,,,0,0
Globo,MusicCueSheet_TvAberta_Agosto2023.xlsx,MusicCueSheet_Agosto23,,20/08/2023,102,,,SELFIE COLADO,"DANIEL PEREIRA,KAROL KA,THIAGO MAXIMINO",KAROL KA,,,,"DANIEL PEREIRA,UNIVERSAL MGB,THIAGO MAXIMINO",UNIVERSAL MUSIC LTDA,,,0,0
Globo,MusicCueSheet_TvAberta_Agosto2023.xlsx,MusicCueSheet_Agosto23,,20/08/2023,102,,,SAFE AND SOUND,"RYAN MERCHANT,SEBU SIMONIAN",CAPITAL CITIES,,,,"SONY MUSIC PUBLISHING,SONY MUSIC PUBLISHING",CAPITAL CITIES,,,0,0
Globo,MusicCueSheet_TvAberta_Agosto2023.xlsx,MusicCueSheet_Agosto23,,20/08/2023,102,,,SAFE AND SOUND,"RYAN MERCHANT,SEBU SIMONIAN",CAPITAL CITIES,,,,"SONY MUSIC PUBLISHING,SONY MUSIC PUBLISHING",CAPITAL CITIES,,,0,0
Globo,MusicCueSheet_TvAberta_Agosto2023.xlsx,MusicCueSheet_Agosto23,,20/08/2023,102,,,I AIN T WORRIED,"BJORN YTTLING,BRENT KUTZLE,JOHN ERIKSSON,PETER MOREN,RYAN TEDDER,TYLER SPRY",ONEREPUBLIC,,,,"SONY MUSIC PUBLISHING,ABRAMUS,SONY MUSIC PUBLISHING,SONY MUSIC PUBLISHING,ABRAMUS,A DESCOBRIR",INTERSCOPE RECORDS,,,0,0
Globo,MusicCueSheet_TvAberta_Agosto2023.xlsx,MusicCueSheet_Agosto23,,20/08/2023,102,,,COOL KIDS,"GRAHAM SIEROTA,JAMIE SIEROTA,JEFFERY SIEROTA,JESIAH DZWONEK,NOAH SIEROTA,SYDNEY SIEROTA",ECHOSMITH,,,,"WARNER CHAPPELL,WARNER CHAPPELL,A DESCOBRIR,A DESCOBRIR,WARNER CHAPPELL,WARNER CHAPPELL",WARNER RECORDS,,,0,0
Globo,MusicCueSheet_TvAberta_Agosto2023.xlsx,MusicCueSheet_Agosto23,,20/08/2023,102,,,SPEED DRIVE,"DAVID JAMES PARKER,EASYFUN,EWART EVERTON BROWN,FABIAN PETER TORSSON,JOAKIM FRANS AHLUND,KLAS AHLUND,MICHAEL CHAPMAN,NICHOLAS CHINN,PATRIK KNUT ARVE,SYLVIA ROBINSON,TROY RAMI",CHARLI XCX,,,,"A DESCOBRIR,A DESCOBRIR,A DESCOBRIR,A DESCOBRIR,A DESCOBRIR,A DESCOBRIR,A DESCOBRIR,A DESCOBRIR,A DESCOBRIR,A DESCOBRIR,A DESCOBRIR",UNIVERSAL MUSIC PUBLISHING,,,0,0
Globo,MusicCueSheet_TvAberta_Agosto2023.xlsx,MusicCueSheet_Agosto23,,20/08/2023,102,,,SPEED DRIVE,"DAVID JAMES PARKER,EASYFUN,EWART EVERTON BROWN,FABIAN PETER TORSSON,JOAKIM FRANS AHLUND,KLAS AHLUND,MICHAEL CHAPMAN,NICHOLAS CHINN,PATRIK KNUT ARVE,SYLVIA ROBINSON,TROY RAMI",CHARLI XCX,,,,"A DESCOBRIR,A DESCOBRIR,A DESCOBRIR,A DESCOBRIR,A DESCOBRIR,A DESCOBRIR,A DESCOBRIR,A DESCOBRIR,A DESCOBRIR,A DESCOBRIR,A DESCOBRIR",UNIVERSAL MUSIC PUBLISHING,,,0,0
Globo,MusicCueSheet_TvAberta_Agosto2023.xlsx,MusicCueSheet_Agosto23,,20/08/2023,102,,,CRUEL SUMMER,"ANNIE CLARK,JACK ANTONOFF,TAYLOR SWIFT",TAYLOR SWIFT,,,,"A DESCOBRIR,A DESCOBRIR,A DESCOBRIR",UNIVERSAL MUSIC PUBLISHING,,,0,0
Globo,MusicCueSheet_TvAberta_Agosto2023.xlsx,MusicCueSheet_Agosto23,,20/08/2023,102,,,CRUEL SUMMER,"ANNIE CLARK,JACK ANTONOFF,TAYLOR SWIFT",TAYLOR SWIFT,,,,"A DESCOBRIR,A DESCOBRIR,A DESCOBRIR",UNIVERSAL MUSIC PUBLISHING,,,0,0
Globo,MusicCueSheet_TvAberta_Agosto2023.xlsx,MusicCueSheet_Agosto23,,20/08/2023,102,,,GENIUS,"PHILLIP MECKSEPER,SIA FURLER,THOMAS PENTZ,TIMOTHY MCKENZIE","SIA,LSD,LABRINTH,DIPLO",,,,"ABRAMUS,SONY MUSIC PUBLISHING,ABRAMUS,BMG",SONY MUSIC PUBLISHING,,,0,0
Globo,MusicCueSheet_TvAberta_Agosto2023.xlsx,MusicCueSheet_Agosto23,,20/08/2023,102,,,GENIUS,"PHILLIP MECKSEPER,SIA FURLER,THOMAS PENTZ,TIMOTHY MCKENZIE","DIPLO,LABRINTH,LSD,SIA",,,,"ABRAMUS,SONY MUSIC PUBLISHING,ABRAMUS,BMG",SONY MUSIC PUBLISHING,,,0,0
Globo,MusicCueSheet_TvAberta_Agosto2023.xlsx,MusicCueSheet_Agosto23,,20/08/2023,102,,,SWEET CAROLINE,NEIL DIAMOND,DIE CAMPBELLS,,,,UNIVERSAL MGB,CAMPBELL MUSIC ENTERTAINMENT,,,0,0
Globo,MusicCueSheet_TvAberta_Agosto2023.xlsx,MusicCueSheet_Agosto23,,20/08/2023,102,,,ENVOLVER,"ANITTA,CRISTIAN ANDRES SALAZAR,FREDDY MONTALVO ALICEA,JOSE CARLOS CRUZ,JULIO MANUEL GONZALE,JULIO MANUEL GONZALE",ANITTA,,,,"SONY MUSIC PUBLISHING,SONY MUSIC PUBLISHING,UNIVERSAL MGB,UNIVERSAL MGB,ABRAMUS,SONY MUSIC PUBLISHING",WEA LATINA,,,0,0
Globo,MusicCueSheet_TvAberta_Agosto2023.xlsx,MusicCueSheet_Agosto23,,20/08/2023,102,,,ENVOLVER,"ANITTA,CRISTIAN ANDRES SALAZAR,FREDDY MONTALVO ALICEA,JOSE CARLOS CRUZ,JULIO MANUEL GONZALE,JULIO MANUEL GONZALE",ANITTA,,,,"SONY MUSIC PUBLISHING,SONY MUSIC PUBLISHING,UNIVERSAL MGB,UNIVERSAL MGB,ABRAMUS,SONY MUSIC PUBLISHING",WEA LATINA,,,0,0
Globo,MusicCueSheet_TvAberta_Agosto2023.xlsx,MusicCueSheet_Agosto23,,20/08/2023,102,,,ENVOLVER,"ANITTA,CRISTIAN ANDRES SALAZAR,FREDDY MONTALVO ALICEA,JOSE CARLOS CRUZ,JULIO MANUEL GONZALE,JULIO MANUEL GONZALE",ANITTA,,,,"SONY MUSIC PUBLISHING,SONY MUSIC PUBLISHING,UNIVERSAL MGB,UNIVERSAL MGB,ABRAMUS,SONY MUSIC PUBLISHING",WEA LATINA,,,0,0
Globo,MusicCueSheet_TvAberta_Agosto2023.xlsx,MusicCueSheet_Agosto23,,20/08/2023,102,,,ENVOLVER,"ANITTA,CRISTIAN ANDRES SALAZAR,FREDDY MONTALVO ALICEA,JOSE CARLOS CRUZ,JULIO MANUEL GONZALE,JULIO MANUEL GONZALE",ANITTA,,,,"SONY MUSIC PUBLISHING,SONY MUSIC PUBLISHING,UNIVERSAL MGB,UNIVERSAL MGB,ABRAMUS,SONY MUSIC PUBLISHING",WEA LATINA,,,0,0
Globo,MusicCueSheet_TvAberta_Agosto2023.xlsx,MusicCueSheet_Agosto23,,20/08/2023,102,,,ENVOLVER,"ANITTA,CRISTIAN ANDRES SALAZAR,FREDDY MONTALVO ALICEA,JOSE CARLOS CRUZ,JULIO MANUEL GONZALE,JULIO MANUEL GONZALE",ANITTA,,,,"SONY MUSIC PUBLISHING,SONY MUSIC PUBLISHING,UNIVERSAL MGB,UNIVERSAL MGB,ABRAMUS,SONY MUSIC PUBLISHING",WEA LATINA,,,0,0
Globo,MusicCueSheet_TvAberta_Agosto2023.xlsx,MusicCueSheet_Agosto23,,20/08/2023,102,,,BOYS DON T CRY,"ANITTA,BIBI BOURELLY,MATTHEW BURNS,RAMI YACOUB,SEAN DOUGLAS",ANITTA,,,,"SONY MUSIC PUBLISHING,WARNER CHAPPELL,SONY MUSIC PUBLISHING,ABRAMUS,WARNER CHAPPELL",,,,0,0
Globo,MusicCueSheet_TvAberta_Agosto2023.xlsx,MusicCueSheet_Agosto23,,20/08/2023,102,,,BOYS DON T CRY,"ANITTA,BIBI BOURELLY,MATTHEW BURNS,RAMI YACOUB,SEAN DOUGLAS",ANITTA,,,,"SONY MUSIC PUBLISHING,WARNER CHAPPELL,SONY MUSIC PUBLISHING,ABRAMUS,WARNER CHAPPELL",,,,0,0
Globo,MusicCueSheet_TvAberta_Agosto2023.xlsx,MusicCueSheet_Agosto23,,20/08/2023,102,,,BOYS DON T CRY,"ANITTA,BIBI BOURELLY,MATTHEW BURNS,RAMI YACOUB,SEAN DOUGLAS",ANITTA,,,,"SONY MUSIC PUBLISHING,WARNER CHAPPELL,SONY MUSIC PUBLISHING,ABRAMUS,WARNER CHAPPELL",,,,0,0
Globo,MusicCueSheet_TvAberta_Agosto2023.xlsx,MusicCueSheet_Agosto23,,20/08/2023,102,,,BOYS DON T CRY,"ANITTA,BIBI BOURELLY,MATTHEW BURNS,RAMI YACOUB,SEAN DOUGLAS",ANITTA,,,,"SONY MUSIC PUBLISHING,WARNER CHAPPELL,SONY MUSIC PUBLISHING,ABRAMUS,WARNER CHAPPELL",,,,0,0
Globo,MusicCueSheet_TvAberta_Agosto2023.xlsx,MusicCueSheet_Agosto23,,20/08/2023,102,,,BOYS DON T CRY,"ANITTA,BIBI BOURELLY,MATTHEW BURNS,RAMI YACOUB,SEAN DOUGLAS",ANITTA,,,,"SONY MUSIC PUBLISHING,WARNER CHAPPELL,SONY MUSIC PUBLISHING,ABRAMUS,WARNER CHAPPELL",,,,0,0
Globo,MusicCueSheet_TvAberta_Agosto2023.xlsx,MusicCueSheet_Agosto23,,20/08/2023,102,,,FUNK RAVE,"ANITTA,DJ GABRIEL DO BOREL,MARCIO ARANTES,MELONY NATHALIE REDONDO,THOMAS WESLEY PENTZ",ANITTA,,,,"SONY MUSIC PUBLISHING,ALTAFONTE,ALTAFONTE,A DESCOBRIR,SONY MUSIC PUBLISHING",ALTAFONTE MUSIC PUBLISHING,,,0,0
Globo,MusicCueSheet_TvAberta_Agosto2023.xlsx,MusicCueSheet_Agosto23,,20/08/2023,102,,,FUNK RAVE,"ANITTA,DJ GABRIEL DO BOREL,MARCIO ARANTES,MELONY NATHALIE REDONDO,THOMAS WESLEY PENTZ",ANITTA,,,,"SONY MUSIC PUBLISHING,ALTAFONTE,ALTAFONTE,A DESCOBRIR,SONY MUSIC PUBLISHING",ALTAFONTE MUSIC PUBLISHING,,,0,0
Globo,MusicCueSheet_TvAberta_Agosto2023.xlsx,MusicCueSheet_Agosto23,,20/08/2023,102,,,FUNK RAVE,"ANITTA,DJ GABRIEL DO BOREL,MARCIO ARANTES,MELONY NATHALIE REDONDO,THOMAS WESLEY PENTZ",ANITTA,,,,"SONY MUSIC PUBLISHING,ALTAFONTE,ALTAFONTE,A DESCOBRIR,SONY MUSIC PUBLISHING",ALTAFONTE MUSIC PUBLISHING,,,0,0
Globo,MusicCueSheet_TvAberta_Agosto2023.xlsx,MusicCueSheet_Agosto23,,20/08/2023,102,,,CASI CASI,"ANITTA,DECLAN HOY,DJ GABRIEL DO BOREL,LUIZ CLAUDIO JUNIOR,MARCIO ARANTES,MELONY NATHALIE REDONDO",ANITTA,,,,"SONY MUSIC PUBLISHING,A DESCOBRIR,ALTAFONTE,WARNER CHAPPELL,ALTAFONTE,A DESCOBRIR",ALTAFONTE MUSIC PUBLISHING,,,0,0
Globo,MusicCueSheet_TvAberta_Agosto2023.xlsx,MusicCueSheet_Agosto23,,20/08/2023,102,,,USED TO BE,"ANITTA,DJ GABRIEL DO BOREL,ILYA SALMANZADEH,MARCIO ARANTES,MELONY NATHALIE REDONDO,RAMI YACOUB,SAVAN KOTECHA",ANITTA,,,,"SONY MUSIC PUBLISHING,ALTAFONTE,A DESCOBRIR,ALTAFONTE,A DESCOBRIR,A DESCOBRIR,A DESCOBRIR",ALTAFONTE MUSIC PUBLISHING,,,0,0
Globo,MusicCueSheet_TvAberta_Agosto2023.xlsx,MusicCueSheet_Agosto23,,20/08/2023,102,,,CASI CASI,"ANITTA,DECLAN HOY,DJ GABRIEL DO BOREL,LUIZ CLAUDIO JUNIOR,MARCIO ARANTES,MELONY NATHALIE REDONDO",ANITTA,,,,"SONY MUSIC PUBLISHING,A DESCOBRIR,ALTAFONTE,WARNER CHAPPELL,ALTAFONTE,A DESCOBRIR",ALTAFONTE MUSIC PUBLISHING,,,0,0
Globo,MusicCueSheet_TvAberta_Agosto2023.xlsx,MusicCueSheet_Agosto23,,20/08/2023,102,,,FUNK RAVE,"ANITTA,DJ GABRIEL DO BOREL,MARCIO ARANTES,MELONY NATHALIE REDONDO,THOMAS WESLEY PENTZ",ANITTA,,,,"SONY MUSIC PUBLISHING,ALTAFONTE,ALTAFONTE,A DESCOBRIR,SONY MUSIC PUBLISHING",ALTAFONTE MUSIC PUBLISHING,,,0,0
Globo,MusicCueSheet_TvAberta_Agosto2023.xlsx,MusicCueSheet_Agosto23,,20/08/2023,102,,,USED TO BE,"ANITTA,DJ GABRIEL DO BOREL,ILYA SALMANZADEH,MARCIO ARANTES,MELONY NATHALIE REDONDO,RAMI YACOUB,SAVAN KOTECHA",ANITTA,,,,"SONY MUSIC PUBLISHING,ALTAFONTE,A DESCOBRIR,ALTAFONTE,A DESCOBRIR,A DESCOBRIR,A DESCOBRIR",ALTAFONTE MUSIC PUBLISHING,,,0,0
Globo,MusicCueSheet_TvAberta_Agosto2023.xlsx,MusicCueSheet_Agosto23,,20/08/2023,102,,,BARBIE WORLD,"CLAUS NORREEN,EPHRAM LOPEZ,ISIS NAIJA GASTON,JOHNNY MOSEGAARD PEDERSON,KARSTEN DELGADO,LENE CRAWFORD NYSTROM,NICKI MINAJ,RENE DIF,SOREN RASTED","NICKI MINAJ,ICE SPICE,AQUA",,,,"UNIVERSAL MGB,A DESCOBRIR,UNIVERSAL MGB,A DESCOBRIR,A DESCOBRIR,UNIVERSAL MGB,UNIVERSAL MGB,UNIVERSAL MGB,UNIVERSAL MGB",ATLANTIC RECORDS,,,0,0
Globo,MusicCueSheet_TvAberta_Agosto2023.xlsx,MusicCueSheet_Agosto23,,20/08/2023,102,,,BARBIE WORLD,"CLAUS NORREEN,EPHRAM LOPEZ,ISIS NAIJA GASTON,JOHNNY MOSEGAARD PEDERSON,KARSTEN DELGADO,LENE CRAWFORD NYSTROM,NICKI MINAJ,RENE DIF,SOREN RASTED","AQUA,ICE SPICE,NICKI MINAJ",,,,"UNIVERSAL MGB,A DESCOBRIR,UNIVERSAL MGB,A DESCOBRIR,A DESCOBRIR,UNIVERSAL MGB,UNIVERSAL MGB,UNIVERSAL MGB,UNIVERSAL MGB",ATLANTIC RECORDS,,,0,0
Globo,MusicCueSheet_TvAberta_Agosto2023.xlsx,MusicCueSheet_Agosto23,,20/08/2023,102,,,GROOVEJET (IF THIS AIN T LOVE),"CRISTIANO SPILLER,MONTANA VINCENT JR,R DAVIS,RON WALKER,S ELLIS BEXTOR","SPILLER,SOPHIE ELLIS-BEXTOR",,,,"UNIVERSAL MGB,SONY MUSIC PUBLISHING,A DESCOBRIR,A DESCOBRIR,UNIVERSAL MGB",DEFECTED RECORDS,,,0,0
Globo,MusicCueSheet_TvAberta_Agosto2023.xlsx,MusicCueSheet_Agosto23,,20/08/2023,102,,,GROOVEJET (IF THIS AIN T LOVE),"CRISTIANO SPILLER,MONTANA VINCENT JR,R DAVIS,RON WALKER,S ELLIS BEXTOR","SPILLER,SOPHIE ELLIS-BEXTOR",,,,"UNIVERSAL MGB,SONY MUSIC PUBLISHING,A DESCOBRIR,A DESCOBRIR,UNIVERSAL MGB",DEFECTED RECORDS,,,0,0
Globo,MusicCueSheet_TvAberta_Agosto2023.xlsx,MusicCueSheet_Agosto23,,20/08/2023,102,,,NU,"ANDRE VIEIRA,BARBARA DIAS,BREDER,RAPHAEL KLISMMAN,ROMEU R3,TALLIA,WALLACE VIANNA",ANITTA,,,,"WARNER CHAPPELL,WARNER CHAPPELL,WARNER CHAPPELL,WARNER CHAPPELL,WARNER CHAPPELL,WARNER CHAPPELL,WARNER CHAPPELL",,,,0,0
Globo,MusicCueSheet_TvAberta_Agosto2023.xlsx,MusicCueSheet_Agosto23,,20/08/2023,102,,,VAI VENDO,"DONATTO,JHONNY CARVALHO,LEO ROCATTO,MATHEUS ARAUJO,ROMEU R3,VINICIUS POETA",ANITTA,,,,"UNIVERSAL MGB,A DESCOBRIR,SONY MUSIC PUBLISHING,R3 PRODUÇÕES,A DESCOBRIR,WARNER CHAPPELL",,,,0,0
Globo,MusicCueSheet_TvAberta_Agosto2023.xlsx,MusicCueSheet_Agosto23,,20/08/2023,102,,,RIGHT ROUND,"A GRIGG,BRUNO MARS,JUSTIN FRANKS,LUKE GOTTWALD,MICHAEL PERCY,PETER BURNS,PHILLIP LAWRENCE,PHILLIP LAWRENCE,STEPHEN COY,TIMOTHY LEVER,TRAMAR DILLARD",FLO RIDA,,,,"A DESCOBRIR,WARNER CHAPPELL,WARNER CHAPPELL,A DESCOBRIR,BMG,WARNER CHAPPELL,SONY MUSIC PUBLISHING,WARNER CHAPPELL,WARNER CHAPPELL,BMG,SONY MUSIC PUBLISHING",POE BOY/ATLANTIC,,,0,0
Globo,MusicCueSheet_TvAberta_Agosto2023.xlsx,MusicCueSheet_Agosto23,,20/08/2023,102,,,SMOOTH OPERATOR,"HELEN FOLASADE,RAY ST JOHN",SADE,,,,"SONY MUSIC PUBLISHING,PEERMUSIC",RCA RECORDS LABEL,,,0,0
Globo,MusicCueSheet_TvAberta_Agosto2023.xlsx,MusicCueSheet_Agosto23,,20/08/2023,102,,,CARELESS WHISPER,"ANDREW RIDGELEY,GEORGE MICHAEL",GEORGE MICHAEL,,,,"WARNER CHAPPELL,WARNER CHAPPELL",SONY MUSIC ENTERTAINMENT,,,0,0
Globo,MusicCueSheet_TvAberta_Agosto2023.xlsx,MusicCueSheet_Agosto23,,20/08/2023,102,,,TURN DOWN FOR WHAT,"JONATHAN SMITH,MARTIN BRESSO,WILLIAN GRIGAHCINE,WILLIAN GRIGAHCINE","LIL JON,DJ SNAKE",,,,"WARNER CHAPPELL,SONY MUSIC PUBLISHING,BMG,PEERMUSIC",COLUMBIA,,,0,0
Globo,MusicCueSheet_TvAberta_Agosto2023.xlsx,MusicCueSheet_Agosto23,,20/08/2023,102,,,AI PAPAI,"ANDRÉ VIEIRA,BREDER,RAPHAEL KLISMMAN,ROMEU R3,TALIA,WALLACE VIANNA",ANITTA,,,,"WARNER CHAPPELL,WARNER CHAPPELL,WARNER CHAPPELL,WARNER CHAPPELL,WARNER CHAPPELL,WARNER CHAPPELL",,,,0,0
Globo,MusicCueSheet_TvAberta_Agosto2023.xlsx,MusicCueSheet_Agosto23,,20/08/2023,102,,,WORK WITH MY LOVE,"ALOK,HIGHT,JAMES ARTHUR,LORIS CIMINO,MAXIMILIAN RIEHL,OHYES,PATRICK MOTEN",ALOK & JAMES ARTHUR,,,,"UNIVERSAL MGB,BMG,SONY MUSIC PUBLISHING,BMG,BMG,A DESCOBRIR,A DESCOBRIR",B1 RECORDINGS,,,0,0
Globo,MusicCueSheet_TvAberta_Agosto2023.xlsx,MusicCueSheet_Agosto23,,20/08/2023,102,,,WORK WITH MY LOVE,"ALOK,HIGHT,JAMES ARTHUR,LORIS CIMINO,MAXIMILIAN RIEHL,OHYES,PATRICK MOTEN","ALOK,JAMES ARTHUR",,,,"UNIVERSAL MGB,BMG,SONY MUSIC PUBLISHING,BMG,BMG,A DESCOBRIR,A DESCOBRIR",B1 RECORDINGS,,,0,0
Globo,MusicCueSheet_TvAberta_Agosto2023.xlsx,MusicCueSheet_Agosto23,,20/08/2023,102,,,RELAX MY EYES,"ABEL ROMIJN,JESSE VAN DER HEIJDEN,OGUZHAN GUNEY","ANOTR,ABEL BALDER",,,,"A DESCOBRIR,A DESCOBRIR,A DESCOBRIR",NO ART,,,0,0
Globo,MusicCueSheet_TvAberta_Agosto2023.xlsx,MusicCueSheet_Agosto23,,20/08/2023,102,,,RELAX MY EYES,"ABEL ROMIJN,JESSE VAN DER HEIJDEN,OGUZHAN GUNEY","ABEL BALDER,ANOTR",,,,"A DESCOBRIR,A DESCOBRIR,A DESCOBRIR",NO ART,,,0,0
Globo,MusicCueSheet_TvAberta_Agosto2023.xlsx,MusicCueSheet_Agosto23,,20/08/2023,102,,,ESCANDALO,CAETANO VELOSO,CAETANO VELOSO,,,,WARNER CHAPPELL,UNIVERSAL MUSIC LTDA,,,0,0
Globo,MusicCueSheet_TvAberta_Agosto2023.xlsx,MusicCueSheet_Agosto23,,20/08/2023,102,,,CONCEICAO,"DUNGA,JAIR AMORIM",CAUBY PEIXOTO,,,,"ADDAF,ADDAF",POLYDISC,,,0,0
Globo,MusicCueSheet_TvAberta_Agosto2023.xlsx,MusicCueSheet_Agosto23,,20/08/2023,102,,,RAPSODIA NEGRA,ERNESTO LECUONA,"THOMAS TIRINO,POLISH NATIONAL RADIO SYMPHONY ORCHESTRA,MICHAEL BARTOS",,,,WARNER CHAPPELL,BIS - X5 MUSIC GROUP,,,0,0
Globo,MusicCueSheet_TvAberta_Agosto2023.xlsx,MusicCueSheet_Agosto23,,20/08/2023,102,,,ESCANDALO,CAETANO VELOSO,CAETANO VELOSO,,,,WARNER CHAPPELL,UNIVERSAL MUSIC LTDA,,,0,0
Globo,MusicCueSheet_TvAberta_Agosto2023.xlsx,MusicCueSheet_Agosto23,,20/08/2023,102,,,SEX MACHINE,"BOBBY BIRD,JAMES BROWN,RON LEHOFF,RONALD LENHOFF",JAMES BROWN,,,,"A DESCOBRIR,A DESCOBRIR,A DESCOBRIR,A DESCOBRIR",PIPILA RECORDS S.A. DE C.V.,,,0,0
Globo,MusicCueSheet_TvAberta_Agosto2023.xlsx,MusicCueSheet_Agosto23,,20/08/2023,102,,,GET UP I FEEL LIKE BEING A SEX MACHINE,"BOBBY BIRD,JAMES BROWN",TALI.A,,,,"A DESCOBRIR,WARNER CHAPPELL",,,,0,0
Globo,MusicCueSheet_TvAberta_Agosto2023.xlsx,MusicCueSheet_Agosto23,,20/08/2023,102,,,NAO QUERO DINHEIRO,TIM MAIA,"BABU,TALI",,,,WARNER CHAPPELL,,,,0,0
Globo,MusicCueSheet_TvAberta_Agosto2023.xlsx,MusicCueSheet_Agosto23,,20/08/2023,102,,,BR 3,"ANTONIO ADOLFO,TIBERIO GASPAR",TRIO TERNURA & MUMUZINHO,,,,"WARNER CHAPPELL,WARNER CHAPPELL",,,,0,0
Globo,MusicCueSheet_TvAberta_Agosto2023.xlsx,MusicCueSheet_Agosto23,,20/08/2023,102,,,PRETO,"AL NEG,IKINYA,SANY PITBULL","IKINYA,SANY PITBULL",,,,"UNIVERSAL MGB,UNIVERSAL MGB,UNIVERSAL MGB",SOM LIVRE,,,0,0
Globo,MusicCueSheet_TvAberta_Agosto2023.xlsx,MusicCueSheet_Agosto23,,20/08/2023,102,,,A VIAGEM,"ALDIR BLANC,CLEBERSON HORSTH,KIKO PEREIRA,NANDO,PAULO CESAR DOS SANTOS,RICARDO FEGHALI,SERGIO HERVAL",ROUPA NOVA,,,,"SONY MUSIC PUBLISHING,SONY MUSIC PUBLISHING,SONY MUSIC PUBLISHING,SONY MUSIC PUBLISHING,SONY MUSIC PUBLISHING,SONY MUSIC PUBLISHING,SONY MUSIC PUBLISHING",,,,0,0
Globo,MusicCueSheet_TvAberta_Agosto2023.xlsx,MusicCueSheet_Agosto23,,20/08/2023,102,,,RAPSODIA NEGRA,ERNESTO LECUONA,"THOMAS TIRINO,POLISH NATIONAL RADIO SYMPHONY ORCHESTRA,MICHAEL BARTOS",,,,WARNER CHAPPELL,BIS,,,0,0
Globo,MusicCueSheet_TvAberta_Agosto2023.xlsx,MusicCueSheet_Agosto23,,20/08/2023,102,,,SOB O SOL,MARCUS VIANA,SAGRADO CORACAO DA TERRA,,,,NOWA,SONHOS E SONS,,,0,0
Globo,MusicCueSheet_TvAberta_Agosto2023.xlsx,MusicCueSheet_Agosto23,,20/08/2023,102,,,SOB O SOL,MARCUS VIANA,SAGRADO CORACAO DA TERRA,,,,NOWA,SONHOS E SONS,,,0,0
Globo,MusicCueSheet_TvAberta_Agosto2023.xlsx,MusicCueSheet_Agosto23,,20/08/2023,102,,,AMARELO,"BELCHIOR,DJ DUH,EMICIDA,FELIPE VASSAO","PABLLO VITTAR,MAJUR,EMICIDA",,,,"CORISCO,WARNER CHAPPELL,WARNER CHAPPELL,WARNER CHAPPELL",SONY MUSIC ENTERTAINMENT,,,0,0
Globo,MusicCueSheet_TvAberta_Agosto2023.xlsx,MusicCueSheet_Agosto23,,20/08/2023,102,,,O SILENCIO DAS ESTRELAS,"DUDU FALCAO,LENINE",LENINE,,,,"UNIVERSAL MGB,UNIVERSAL MGB",ARIOLA,,,0,0
Globo,MusicCueSheet_TvAberta_Agosto2023.xlsx,MusicCueSheet_Agosto23,,20/08/2023,102,,,PRETO,"AL NEG,IKINYA,SANY PITBULL","SANY PITBULL,IKINYA",,,,"UNIVERSAL MGB,UNIVERSAL MGB,UNIVERSAL MGB",SOM LIVRE,,,0,0
Globo,MusicCueSheet_TvAberta_Agosto2023.xlsx,MusicCueSheet_Agosto23,,20/08/2023,102,,,TRIBUTO A MARTIN LUTHERKING,"RONALDO BOSCOLI,WILSON SIMONAL","LUEDJI LUNA,JONATHAN FERR,SIMONINHA",,,,"A DESCOBRIR,A DESCOBRIR",,,,0,0
Globo,MusicCueSheet_TvAberta_Agosto2023.xlsx,MusicCueSheet_Agosto23,,20/08/2023,102,,,MEU SOL,"FELIPE ADORNO VASSAO,JONATHAN FERR,RASHID",JONATHAN FERR,,,,"BMG,UNIVERSAL MGB,ALTAFONTE",,,,0,0
Globo,MusicCueSheet_TvAberta_Agosto2023.xlsx,MusicCueSheet_Agosto23,,20/08/2023,102,,,UM CORPO NO MUNDO,LUEDJI LUNA,LUEDJI LUNA,,,,DUBAS,,,,0,0
Globo,MusicCueSheet_TvAberta_Agosto2023.xlsx,MusicCueSheet_Agosto23,,20/08/2023,102,,,TRIBUTO A MARTIN LUTHERKING,"RONALDO BOSCOLI,WILSON SIMONAL","LUEDJI LUNA,JONATHAN FERR,SIMONINHA",,,,"A DESCOBRIR,A DESCOBRIR",,,,0,0
Globo,MusicCueSheet_TvAberta_Agosto2023.xlsx,MusicCueSheet_Agosto23,,20/08/2023,102,,,TRIBUTO A MARTIN LUTHERKING,"RONALDO BOSCOLI,WILSON SIMONAL","LUEDJI LUNA,JONATHAN FERR,SIMONINHA,ELENCO GLOBO",,,,"A DESCOBRIR,A DESCOBRIR",,,,0,0
Globo,MusicCueSheet_TvAberta_Agosto2023.xlsx,MusicCueSheet_Agosto23,,20/08/2023,20082023,,,E GOL DO RONY,MARLON GOES,"MARLON GOMES,DA1ZIG",,,,MARLON GOES,,,,0,0
Globo,MusicCueSheet_TvAberta_Agosto2023.xlsx,MusicCueSheet_Agosto23,,20/08/2023,20082023,,,HEAR ME NOW,"ALOK,BRUNO MARTINI,ZEEBA",ALOK,,,,"WARNER CHAPPELL,UNIVERSAL MGB,WARNER CHAPPELL",,,,0,0
Globo,MusicCueSheet_TvAberta_Agosto2023.xlsx,MusicCueSheet_Agosto23,,20/08/2023,A ESTRELA,,,VOU DE TAXI,"ALOYSIO REIS,ALOYSIO REIS,BIAFRA,BIAFRA,ETHIENE RODA GIL,ETHIENE RODA GIL,FRANK LANGOBOFF",ANGELICA,,,,"SONY MUSIC PUBLISHING,WARNER CHAPPELL,SONY MUSIC PUBLISHING,WARNER CHAPPELL,SONY MUSIC PUBLISHING,WARNER CHAPPELL,WARNER CHAPPELL",,,,0,0
Globo,MusicCueSheet_TvAberta_Agosto2023.xlsx,MusicCueSheet_Agosto23,,20/08/2023,A ESTRELA,,,VOU DE TAXI,"ALOYSIO REIS,ALOYSIO REIS,BIAFRA,BIAFRA,ETHIENE RODA GIL,ETHIENE RODA GIL,FRANK LANGOBOFF",ELENCO,,,,"SONY MUSIC PUBLISHING,WARNER CHAPPELL,SONY MUSIC PUBLISHING,WARNER CHAPPELL,SONY MUSIC PUBLISHING,WARNER CHAPPELL,WARNER CHAPPELL",,,,0,0
Globo,MusicCueSheet_TvAberta_Agosto2023.xlsx,MusicCueSheet_Agosto23,,20/08/2023,2600,,,PAU QUE NASCE TORTO / MELO DO TCHAN,"BIECO DO TCHAN,CAU LIMA,CICINHO",E O TCHAN,,,,"UNIVERSAL MGB,UNIVERSAL MGB,UNIVERSAL MGB",UNIVERSAL MUSIC,,,0,0
Globo,MusicCueSheet_TvAberta_Agosto2023.xlsx,MusicCueSheet_Agosto23,,20/08/2023,2600,,,VELOURIA,BLACK FRANCIS,PIXIES,,,,A DESCOBRIR,4AD,,,0,0
Globo,MusicCueSheet_TvAberta_Agosto2023.xlsx,MusicCueSheet_Agosto23,,20/08/2023,2600,,,FUNK DO MISTER M,"LEANDRINHO (BANHA),UMBERTO TAVARES,VICTOR JUNIOR",BONDE DO TIGRAO,,,,"A DESCOBRIR,A DESCOBRIR,A DESCOBRIR",,,,0,0
Globo,MusicCueSheet_TvAberta_Agosto2023.xlsx,MusicCueSheet_Agosto23,,20/08/2023,2600,,,PAU QUE NASCE TORTO / MELO DO TCHAN,"BIECO DO TCHAN,CAU LIMA,CICINHO",E O TCHAN,,,,"UNIVERSAL MGB,UNIVERSAL MGB,UNIVERSAL MGB",,,,0,0
Globo,MusicCueSheet_TvAberta_Agosto2023.xlsx,MusicCueSheet_Agosto23,,20/08/2023,2600,,,RALANDO O TCHAN (DANCA DO VENTRE),"BETO JAMAICA,DITO,PAULINHO LEVI,W RANGEL",E O TCHAN,,,,"UNIVERSAL MGB,UNIVERSAL MGB,UNIVERSAL MGB,UNIVERSAL MGB",,,,0,0
Globo,MusicCueSheet_TvAberta_Agosto2023.xlsx,MusicCueSheet_Agosto23,,20/08/2023,2600,,,E O TCHAN NO HAWAI (INCIDENTAL - HAWAII 5-0),"CAL ADAN,DITO,EWERTON MATOS,MORT STEVENS",E O TCHAN,,,,"UNIVERSAL MGB,UNIVERSAL MGB,UNIVERSAL MGB,A DESCOBRIR",,,,0,0
Globo,MusicCueSheet_TvAberta_Agosto2023.xlsx,MusicCueSheet_Agosto23,,20/08/2023,2600,,,PAU QUE NASCE TORTO / MELO DO TCHAN,"BIECO DO TCHAN,CAU LIMA,CICINHO",E O TCHAN,,,,"UNIVERSAL MGB,UNIVERSAL MGB,UNIVERSAL MGB",,,,0,0
Globo,MusicCueSheet_TvAberta_Agosto2023.xlsx,MusicCueSheet_Agosto23,,20/08/2023,2600,,,A DANCA DO BUMBUM,"ARY,GILMAR DO SAMBA,OTACILIO,SINHO REVOLUCAO",E O TCHAN,,,,"UNIVERSAL MGB,UNIVERSAL MGB,UNIVERSAL MGB,UNIVERSAL MGB",,,,0,0
Globo,MusicCueSheet_TvAberta_Agosto2023.xlsx,MusicCueSheet_Agosto23,,20/08/2023,2600,,,BAMBOLE,"CAL ADAN,DITO,PAULINHO LEVI",E O TCHAN,,,,"UNIVERSAL MGB,UNIVERSAL MGB,UNIVERSAL MGB",,,,0,0
Globo,MusicCueSheet_TvAberta_Agosto2023.xlsx,MusicCueSheet_Agosto23,,20/08/2023,2600,,,PAU QUE NASCE TORTO / MELO DO TCHAN,"BIECO DO TCHAN,CAU LIMA,CICINHO",E O TCHAN,,,,"UNIVERSAL MGB,UNIVERSAL MGB,UNIVERSAL MGB",,,,0,0
Globo,MusicCueSheet_TvAberta_Agosto2023.xlsx,MusicCueSheet_Agosto23,,20/08/2023,2600,,,PAQUEREI,"BETO JAMAICA,JAIR,WASHINGTON",E O TCHAN,,,,"UNIVERSAL MGB,UNIVERSAL MGB,UNIVERSAL MGB",,,,0,0
Globo,MusicCueSheet_TvAberta_Agosto2023.xlsx,MusicCueSheet_Agosto23,,20/08/2023,2600,,,BAMBOLE,"CAL ADAN,DITO,PAULINHO LEVI",E O TCHAN,,,,"UNIVERSAL MGB,UNIVERSAL MGB,UNIVERSAL MGB",,,,0,0
Globo,MusicCueSheet_TvAberta_Agosto2023.xlsx,MusicCueSheet_Agosto23,,20/08/2023,2600,,,PAU QUE NASCE TORTO / MELO DO TCHAN,"BIECO DO TCHAN,CAU LIMA,CICINHO",E O TCHAN,,,,"UNIVERSAL MGB,UNIVERSAL MGB,UNIVERSAL MGB",,,,0,0
Globo,MusicCueSheet_TvAberta_Agosto2023.xlsx,MusicCueSheet_Agosto23,,20/08/2023,2600,,,ACORDEI GOSTOSA,"DJ BATATA,JOJO TODYNHO",JOJO TODDYNHO,,,,"UNIVERSAL MGB,UNIVERSAL MGB",,,,0,0
Globo,MusicCueSheet_TvAberta_Agosto2023.xlsx,MusicCueSheet_Agosto23,,20/08/2023,GOL DA CAROL,,,DONA DE MIM,ARTHUR MAGNO SIMOES MARQUES,IZA,,,,WARNER CHAPPELL,,,,0,0
Globo,MusicCueSheet_TvAberta_Agosto2023.xlsx,MusicCueSheet_Agosto23,,20/08/2023,GOL DA CAROL,,,PAIS DO FUTEBOL,"DASH,DH,EMICIDA,MC GUIME,VICTOR REIS",MC GUIME,,,,"WARNER CHAPPELL,WARNER CHAPPELL,WARNER CHAPPELL,WARNER CHAPPELL,WARNER CHAPPELL",,,,0,0
Globo,MusicCueSheet_TvAberta_Agosto2023.xlsx,MusicCueSheet_Agosto23,,20/08/2023,GOL DA CAROL,,,RALANDO O TCHAN (DANCA DO VENTRE),"BETO JAMAICA,DITO,PAULINHO LEVI,W RANGEL",E O TCHAN,,,,"UNIVERSAL MGB,UNIVERSAL MGB,UNIVERSAL MGB,UNIVERSAL MGB",,,,0,0
Globo,MusicCueSheet_TvAberta_Agosto2023.xlsx,MusicCueSheet_Agosto23,,20/08/2023,GOL DA CAROL,,,WAKA WAKA  THIS TIME FOR AFRICA,"EMILE KOJIDIE,EUGENE VICTOR DOO BELLEY,JOHN HILL,SHAKIRA,ZE BELL JEAN PAUL",SHAKIRA,,,,"SONY MUSIC PUBLISHING,SONY MUSIC PUBLISHING,SONY MUSIC PUBLISHING,SONY MUSIC PUBLISHING,SONY MUSIC PUBLISHING",,,,0,0
Globo,MusicCueSheet_TvAberta_Agosto2023.xlsx,MusicCueSheet_Agosto23,,20/08/2023,GOL DA CAROL,,,WE ARE ONE  OLE OLA,"ARMANDO CHRISTIAN PEREZ,CLAUDIA LEITTE,DANIEL MURCIA,HENRY WALTER,JENNIFER LOPEZ,LUKASZ GOTTWALD,NADIR KHAYAT,NADIR KHAYAT,SIA FURLER,THOMAS TROELSEN","CLAUDIA LEITTE,JENNIFER LOPEZ,PITBULL",,,,"BMG,UNIVERSAL MGB,SONY MUSIC PUBLISHING,ABRAMUS,SONY MUSIC PUBLISHING,ABRAMUS,BMG,SONY MUSIC PUBLISHING,SONY MUSIC PUBLISHING,SONY MUSIC PUBLISHING",,,,0,0
Globo,MusicCueSheet_TvAberta_Agosto2023.xlsx,MusicCueSheet_Agosto23,,20/08/2023,GOL DA CAROL,,,E UMA PARTIDA DE FUTEBOL,"NANDO REIS,SAMUEL ROSA",SKANK,,,,"WARNER CHAPPELL,SONY MUSIC PUBLISHING",,,,0,0
Globo,MusicCueSheet_TvAberta_Agosto2023.xlsx,MusicCueSheet_Agosto23,,21/08/2023,2861,,,TA CHORANDO POR QUE,FILIPE ESCANDURRAS,PRETO NO BRANCO,,,,ABRAMUS,,,,0,0
Globo,MusicCueSheet_TvAberta_Agosto2023.xlsx,MusicCueSheet_Agosto23,,21/08/2023,2861,,,TA CHORANDO POR QUE,FILIPE ESCANDURRAS,PRETO NO BRANCO,,,,ABRAMUS,,,,0,0
Globo,MusicCueSheet_TvAberta_Agosto2023.xlsx,MusicCueSheet_Agosto23,,21/08/2023,2861,,,NINGUEM EXPLICA DEUS,CLOVIS PINHO,PRETO NO BRANCO,,,,UNIVERSAL MGB,,,,0,0
Globo,MusicCueSheet_TvAberta_Agosto2023.xlsx,MusicCueSheet_Agosto23,,21/08/2023,2861,,,DESATOLA,"BIBI,CESAR LEMOS,PAULA MATTOS",ALICE WEGMANN,VERSAO RAISSA,,,"UNIVERSAL MGB,UNIVERSAL MGB,A DESCOBRIR",GLOBO,,,0,0
Globo,MusicCueSheet_TvAberta_Agosto2023.xlsx,MusicCueSheet_Agosto23,,21/08/2023,2861,,,MEU BARQUINHO,MOISES CLEYTON,"ANDRE E FELIPE,PRETO NO BRANCO",,,,FUSION MUSIC,,,,0,0
Globo,MusicCueSheet_TvAberta_Agosto2023.xlsx,MusicCueSheet_Agosto23,,21/08/2023,2861,,,MEU BARQUINHO,MOISES CLEYTON,PRETO NO BRANCO,,,,FUSION MUSIC,,,,0,0
Globo,MusicCueSheet_TvAberta_Agosto2023.xlsx,MusicCueSheet_Agosto23,,21/08/2023,2861,,,MEU BARQUINHO,MOISES CLEYTON,PRETO NO BRANCO,,,,FUSION MUSIC,,,,0,0
Globo,MusicCueSheet_TvAberta_Agosto2023.xlsx,MusicCueSheet_Agosto23,,21/08/2023,7,,,FESTA DE RODEIO,"CESAR AUGUSTO,CESAR ROSSINI,REINALDO BARRIGA",ELENCO,PERF JEFINHO CAP 7,,,"WARNER CHAPPELL,UNIVERSAL MGB,WARNER CHAPPELL",,,,0,0
Globo,MusicCueSheet_TvAberta_Agosto2023.xlsx,MusicCueSheet_Agosto23,,21/08/2023,7,,,DEIXA ISSO PRA LA,"ALBERTO PAZ,EDSON MENEZES",ELENCO,,,,"ADDAF,ADDAF",,,,0,0
Globo,MusicCueSheet_TvAberta_Agosto2023.xlsx,MusicCueSheet_Agosto23,,21/08/2023,7,,,SAUDADE DA MINHA TERRA,"BELMONTE,GOIA",ELENCO,FULL MIX,,,"VITALE,VITALE",,,,0,0
Globo,MusicCueSheet_TvAberta_Agosto2023.xlsx,MusicCueSheet_Agosto23,,21/08/2023,5886,,,SINA,DJAVAN,DJAVAN,,,,LUANDA,EPIC,,,0,0
Globo,MusicCueSheet_TvAberta_Agosto2023.xlsx,MusicCueSheet_Agosto23,,21/08/2023,5886,,,SINA,DJAVAN,DJAVAN,,,,LUANDA,EPIC,,,0,0
Globo,MusicCueSheet_TvAberta_Agosto2023.xlsx,MusicCueSheet_Agosto23,,21/08/2023,5886,,,SINA,DJAVAN,DJAVAN,,,,LUANDA,EPIC,,,0,0
Globo,MusicCueSheet_TvAberta_Agosto2023.xlsx,MusicCueSheet_Agosto23,,21/08/2023,1,,,NAO APRENDI A DIZER ADEUS,JOEL MARQUES,LEANDRO & LEONARDO,,,,UNIVERSAL MGB,,,,0,0
Globo,MusicCueSheet_TvAberta_Agosto2023.xlsx,MusicCueSheet_Agosto23,,21/08/2023,1,,,COBAIA,BRUNO CALIMAN,LAUANA PRADO,,,,SONY MUSIC PUBLISHING,,,,0,0
Globo,MusicCueSheet_TvAberta_Agosto2023.xlsx,MusicCueSheet_Agosto23,,21/08/2023,JEITINHO BRASILEIRO,,,CEROL NA MAO,"DJ ALEXXX,LEANDRINHO (BANHA),MARCAO",FERNANDO CARUSO,,,,"NOWA,NOWA,NOWA",,,,0,0
Globo,MusicCueSheet_TvAberta_Agosto2023.xlsx,MusicCueSheet_Agosto23,,21/08/2023,JEITINHO BRASILEIRO,,,CRAZY IN LOVE,"BEYONCE KNOWLES,EUGENE RECORD,EUGENE RECORD,RICH HARRISON,SHAWN CARTER.","BEYONCE,TASSIA REIS",,,,"SONY MUSIC PUBLISHING,A DESCOBRIR,WARNER CHAPPELL,SONY MUSIC PUBLISHING,SONY MUSIC PUBLISHING",,,,0,0
Globo,MusicCueSheet_TvAberta_Agosto2023.xlsx,MusicCueSheet_Agosto23,,21/08/2023,JEITINHO BRASILEIRO,,,DANCANDO,"FILIPE ESCANDURRAS,MARCIO VICTOR,TIERRY CORINGA",IVETE SANGALO,,,,"IESSI MUSIC PUBLISHING,IESSI MUSIC PUBLISHING,IESSI MUSIC PUBLISHING",,,,0,0
Globo,MusicCueSheet_TvAberta_Agosto2023.xlsx,MusicCueSheet_Agosto23,,21/08/2023,JEITINHO BRASILEIRO,,,DRUNK IN LOVE,"ANDRE PROCTOR,BEYONCE KNOWLES,BRIAN SOKO NOEL FISHER,JEROME HARMON,NOEL FISHER,RASOOL DIAZ,SHAWN CARTER,TIMOTHY MOSLEY",SAMANTHA SCHMUTZ,,,,"WARNER CHAPPELL,SONY MUSIC PUBLISHING,WARNER CHAPPELL,WARNER CHAPPELL,SONY MUSIC PUBLISHING,WARNER CHAPPELL,SONY MUSIC PUBLISHING,PEERMUSIC",,,,0,0
Globo,MusicCueSheet_TvAberta_Agosto2023.xlsx,MusicCueSheet_Agosto23,,21/08/2023,JEITINHO BRASILEIRO,,,O CANTO DA CIDADE,"DANIELA MERCURY,TOTE GIRA",DANIELA MERCURY,FULL MIX,,,"UNIVERSAL MGB,UNIVERSAL MGB",SONY MUSIC,,,0,0
Globo,MusicCueSheet_TvAberta_Agosto2023.xlsx,MusicCueSheet_Agosto23,,21/08/2023,JEITINHO BRASILEIRO,,,THE PINK PANTHER THEME,"HENRY MANCINI,HENRY MANCINI",HENRY MANCINI,,,,"SONY MUSIC PUBLISHING,WARNER CHAPPELL",,,,0,0
Globo,MusicCueSheet_TvAberta_Agosto2023.xlsx,MusicCueSheet_Agosto23,,21/08/2023,JEITINHO BRASILEIRO,,,SABE DE NADA INOCENTE,"IRAMAIA SANTOS,J TELLES,TOTTE VARJAO",E O TCHAN,,,,"FABRICA DA MUSICA,UNIVERSAL MGB,FABRICA DA MUSICA",,,,0,0
Globo,MusicCueSheet_TvAberta_Agosto2023.xlsx,MusicCueSheet_Agosto23,,21/08/2023,JEITINHO BRASILEIRO,,,SINGLE LADIES  PUT A RING ON IT,"BEYONCE KNOWLES,CHRISTOPHER STEWART,TERIUS NASH,THADDIS HARRELL",BEYONCE,,,,"SONY MUSIC PUBLISHING,PEERMUSIC,WARNER CHAPPELL,SONY MUSIC PUBLISHING",,,,0,0
Globo,MusicCueSheet_TvAberta_Agosto2023.xlsx,MusicCueSheet_Agosto23,,21/08/2023,JEITINHO BRASILEIRO,,,TOP NA BALADA,SUH BOMBOM,CACAU PROTASIO,,,,A DESCOBRIR,,,,0,0
Globo,MusicCueSheet_TvAberta_Agosto2023.xlsx,MusicCueSheet_Agosto23,,21/08/2023,JEITINHO BRASILEIRO,,,WELCOME TO THE JUNGLE,"AXL ROSE,DUFF MCKAGAN,IZZY STRADLIN,SLASH,STEVEN ADLER",GUNS N ROSES,,,,"UNIVERSAL MGB,WARNER CHAPPELL,WARNER CHAPPELL,WARNER CHAPPELL,WARNER CHAPPELL",,,,0,0
Globo,MusicCueSheet_TvAberta_Agosto2023.xlsx,MusicCueSheet_Agosto23,,21/08/2023,JESSICA SO PARA BAIXINHOS,,,WE ARE THE CHAMPIONS,FREDDIE MERCURY,QUEEN,,,,SONY MUSIC PUBLISHING,EMI,,,0,0
Globo,MusicCueSheet_TvAberta_Agosto2023.xlsx,MusicCueSheet_Agosto23,,21/08/2023,JESSICA SO PARA BAIXINHOS,,,HALLELUJAH,LEONARD COHEN,LEONARD COHEN,,,,SONY MUSIC PUBLISHING,COLUMBIA,,,0,0
Globo,MusicCueSheet_TvAberta_Agosto2023.xlsx,MusicCueSheet_Agosto23,,21/08/2023,JESSICA SO PARA BAIXINHOS,,,CINCO PATINHOS,"ANTHONY FIELDS,GREG PAGE,JEFF FATT,MURRAY COOK,VANESSA ALVES",XUXA,,,,"UNIVERSAL MGB,UNIVERSAL MGB,UNIVERSAL MGB,UNIVERSAL MGB,SONY MUSIC PUBLISHING",SOM LIVRE,,,0,0
Globo,MusicCueSheet_TvAberta_Agosto2023.xlsx,MusicCueSheet_Agosto23,,21/08/2023,JESSICA SO PARA BAIXINHOS,,,COISINHA DO PAI,"ALMIR ARAUJO,JORGE ARAGAO,LUIZ CARLOS",BETH CARVALHO,,,,"WARNER CHAPPELL,WARNER CHAPPELL,WARNER CHAPPELL",SONY MUSIC,,,0,0
Globo,MusicCueSheet_TvAberta_Agosto2023.xlsx,MusicCueSheet_Agosto23,,21/08/2023,JESSICA SO PARA BAIXINHOS,,,BORN THIS WAY,"FERNANDO GARIBAY,FERNANDO GARIBAY,JEPPE LAURSEN,JEPPE LAURSEN,LADY GAGA,LADY GAGA,PAUL BLAIR",LADY GAGA,,,,"ABRAMUS,WARNER CHAPPELL,SONY MUSIC PUBLISHING,UNIVERSAL MGB,SONY MUSIC PUBLISHING,UNIVERSAL MGB,UNIVERSAL MGB",UMG RECORDINGS,,,0,0
Globo,MusicCueSheet_TvAberta_Agosto2023.xlsx,MusicCueSheet_Agosto23,,21/08/2023,JESSICA SO PARA BAIXINHOS,,,CORACAO RADIANTE,"HELINHO DO SALGUEIRO,MAURO JR,XANDE DE PILARES",GRUPO REVELAÇÃO,,,,"UNIVERSAL MGB,DECK,DECK",DECKDISC,,,0,0
Globo,MusicCueSheet_TvAberta_Agosto2023.xlsx,MusicCueSheet_Agosto23,,21/08/2023,JESSICA SO PARA BAIXINHOS,,,TININDO TRINCANDO,"GALVAO,MORAES MOREIRA",NOVOS BAIANOS,,,,"WARNER CHAPPELL,WARNER CHAPPELL",SOM LIVRE,,,0,0
Globo,MusicCueSheet_TvAberta_Agosto2023.xlsx,MusicCueSheet_Agosto23,,21/08/2023,JESSICA SO PARA BAIXINHOS,,,NATASHA,"ALVIN L,DINHO",CAPITAL INICIAL,,,,"WARNER CHAPPELL,WARNER CHAPPELL",SONY BMG MUSIC,,,0,0
Globo,MusicCueSheet_TvAberta_Agosto2023.xlsx,MusicCueSheet_Agosto23,,21/08/2023,JESSICA SO PARA BAIXINHOS,,,SOLAMENTE UNA VEZ,AGUSTIN LARA,LOS PANCHOS,,,,VITALE,,,,0,0
Globo,MusicCueSheet_TvAberta_Agosto2023.xlsx,MusicCueSheet_Agosto23,,21/08/2023,JESSICA SO PARA BAIXINHOS,,,DIVANO,ERIC LEVISALLES,ERA,,,,UNIVERSAL MGB,UNIVERSAL MUSIC,,,0,0
Globo,MusicCueSheet_TvAberta_Agosto2023.xlsx,MusicCueSheet_Agosto23,,21/08/2023,JESSICA SO PARA BAIXINHOS,,,EM NOME DO PAI DO FILHO E DOS SANTOS A VILA CANTA A CIDADE DE PEDRO,"ANDRE DINIZ,DECO AUGUSTO,EVANDRO BOCAO,IVAN RIBEIRO,JULIO ALVES,MARCELO VALENCIA,PROFESSOR WLADIMIR",UNIDOS DE VILA ISABEL,,,,"EDIMUSA,EDIMUSA,EDIMUSA,EDIMUSA,EDIMUSA,EDIMUSA,EDIMUSA",,,,0,0
Globo,MusicCueSheet_TvAberta_Agosto2023.xlsx,MusicCueSheet_Agosto23,,21/08/2023,JESSICA SO PARA BAIXINHOS,,,CORACAO RADIANTE,"HELINHO DO SALGUEIRO,MAURO JR,XANDE DE PILARES",REGINEL VQC,,,,"UNIVERSAL MGB,DECK,DECK",,,,0,0
Globo,MusicCueSheet_TvAberta_Agosto2023.xlsx,MusicCueSheet_Agosto23,,21/08/2023,JESSICA SO PARA BAIXINHOS,,,MULHER BARRIGUDA,"JOAO RICARDO,SOLANO TRINDADE",SECOS E MOLHADOS,,,,"UNIVERSAL MGB,UNIVERSAL MGB",WM BRAZIL,,,0,0
Globo,MusicCueSheet_TvAberta_Agosto2023.xlsx,MusicCueSheet_Agosto23,,21/08/2023,JESSICA SO PARA BAIXINHOS,,,SONHEI QUE TAVA ME CASANDO,"ELVIS ELAN,GABRIEL DO CAVACO,HENRIQUE CASTTRO,MONTENEGRO,SHYLTON FERNANDES",WESLEY SAFADÃO,,,,"BMG,ABRAMUS,BMG,BMG,ABRAMUS",SOM LIVRE,,,0,0
Globo,MusicCueSheet_TvAberta_Agosto2023.xlsx,MusicCueSheet_Agosto23,,21/08/2023,JESSICA SO PARA BAIXINHOS,,,MELO DO TCHAN,"BIECO DO TCHAN,CICINHO",É O TCHAN,,,,"UNIVERSAL MGB,UNIVERSAL MGB",UNIVERSAL MUSIC,,,0,0
Globo,MusicCueSheet_TvAberta_Agosto2023.xlsx,MusicCueSheet_Agosto23,,21/08/2023,JESSICA SO PARA BAIXINHOS,,,LIGEIRAMENTE GRAVIDA,CLAUDIO BARRETO,O ESPÍRITO DA COISA,,,,SONY MUSIC PUBLISHING,,,,0,0
Globo,MusicCueSheet_TvAberta_Agosto2023.xlsx,MusicCueSheet_Agosto23,,22/08/2023,1222,,,FUNGA FUNGA,"MARCOS VALLE,PAULO SERGIO VALLE",MARCOS VALLE,,,,"WARNER CHAPPELL,WARNER CHAPPELL",,,,0,0
Globo,MusicCueSheet_TvAberta_Agosto2023.xlsx,MusicCueSheet_Agosto23,,22/08/2023,1222,,,SAMBA DE VERAO,"MARCOS VALLE,PAULO SERGIO VALLE",MARCOS VALLE,,,,"SONY MUSIC PUBLISHING,SONY MUSIC PUBLISHING",,,,0,0
Globo,MusicCueSheet_TvAberta_Agosto2023.xlsx,MusicCueSheet_Agosto23,,22/08/2023,1222,,,VIOLA ENLUARADA,"MARCOS VALLE,PAULO SERGIO VALLE",MARCOS VALLE,,,,"SONY MUSIC PUBLISHING,SONY MUSIC PUBLISHING",,,,0,0
Globo,MusicCueSheet_TvAberta_Agosto2023.xlsx,MusicCueSheet_Agosto23,,22/08/2023,1222,,,MENTIRA,"MARCOS VALLE,PAULO SERGIO VALLE",MARCOS VALLE,,,,"WARNER CHAPPELL,WARNER CHAPPELL",,,,0,0
Globo,MusicCueSheet_TvAberta_Agosto2023.xlsx,MusicCueSheet_Agosto23,,22/08/2023,1222,,,OS OSSOS DO BARAO,"MARCOS VALLE,PAULO SERGIO VALLE",PAULO SÉRGIO VALLE,,,,"WARNER CHAPPELL,WARNER CHAPPELL",,,,0,0
Globo,MusicCueSheet_TvAberta_Agosto2023.xlsx,MusicCueSheet_Agosto23,,22/08/2023,1222,,,AZIMUTH,"MARCOS VALLE,NOVELLI",MARCOS VALLE,,,,"WARNER CHAPPELL,WARNER CHAPPELL",,,,0,0
Globo,MusicCueSheet_TvAberta_Agosto2023.xlsx,MusicCueSheet_Agosto23,,22/08/2023,1222,,,VILA SESAMO,"GETULIO DE OLIVEIRA,GUGA",MARCOS VALLE,,,,"A DESCOBRIR,A DESCOBRIR",,,,0,0
Globo,MusicCueSheet_TvAberta_Agosto2023.xlsx,MusicCueSheet_Agosto23,,22/08/2023,1222,,,VILA SESAMO,"GETULIO DE OLIVEIRA,GUGA",MARCOS VALLE,,,,"A DESCOBRIR,A DESCOBRIR",,,,0,0
Globo,MusicCueSheet_TvAberta_Agosto2023.xlsx,MusicCueSheet_Agosto23,,22/08/2023,1222,,,FUNGA FUNGA,"MARCOS VALLE,PAULO SERGIO VALLE",MARCOS VALLE,,,,"WARNER CHAPPELL,WARNER CHAPPELL",,,,0,0
Globo,MusicCueSheet_TvAberta_Agosto2023.xlsx,MusicCueSheet_Agosto23,,22/08/2023,1222,,,UM NOVO TEMPO,"MARCOS VALLE,NELSON MOTTA,PAULO SERGIO VALLE",MARCOS VALLE,,,,"SIGEM,SIGEM,SIGEM",,,,0,0
Globo,MusicCueSheet_TvAberta_Agosto2023.xlsx,MusicCueSheet_Agosto23,,22/08/2023,2862,,,E,GONZAGUINHA,GONZAGUINHA,FULL MIX,,,MOLEQUE,MOLEQUE,,,0,0
Globo,MusicCueSheet_TvAberta_Agosto2023.xlsx,MusicCueSheet_Agosto23,,22/08/2023,2862,,,E,GONZAGUINHA,GONZAGUINHA,FULL MIX,,,MOLEQUE,MOLEQUE,,,0,0
Globo,MusicCueSheet_TvAberta_Agosto2023.xlsx,MusicCueSheet_Agosto23,,22/08/2023,2862,,,E,GONZAGUINHA,GONZAGUINHA,FULL MIX,,,MOLEQUE,MOLEQUE,,,0,0
Globo,MusicCueSheet_TvAberta_Agosto2023.xlsx,MusicCueSheet_Agosto23,,22/08/2023,8,,,BOROGODO,"DUDA BEAT,LAUDZ,RUSSO PASSAPUSSO,ZEGON","BAIANA SYSTEM, DJ WILL LOVE, DUDA BEAT, TROPKILLAZ",BG,,,"ALTAFONTE,BMG,UNIVERSAL MGB,BMG",MAQUINA DE LOUCO EDICOES MUSICAIS LTDA,,,0,0
Globo,MusicCueSheet_TvAberta_Agosto2023.xlsx,MusicCueSheet_Agosto23,,22/08/2023,8,,,BOROGODO,"DUDA BEAT,LAUDZ,RUSSO PASSAPUSSO,ZEGON","BAIANA SYSTEM, DJ WILL LOVE, DUDA BEAT, TROPKILLAZ",BG,,,"ALTAFONTE,BMG,UNIVERSAL MGB,BMG",MAQUINA DE LOUCO EDICOES MUSICAIS LTDA,,,0,0
Globo,MusicCueSheet_TvAberta_Agosto2023.xlsx,MusicCueSheet_Agosto23,,22/08/2023,8,,,BOROGODO,"DUDA BEAT,LAUDZ,RUSSO PASSAPUSSO,ZEGON","BAIANA SYSTEM, DJ WILL LOVE, DUDA BEAT, TROPKILLAZ",FULL MIX,,,"ALTAFONTE,BMG,UNIVERSAL MGB,BMG",MAQUINA DE LOUCO EDICOES MUSICAIS LTDA,,,0,0
Globo,MusicCueSheet_TvAberta_Agosto2023.xlsx,MusicCueSheet_Agosto23,,22/08/2023,8,,,BOROGODO,"DUDA BEAT,LAUDZ,RUSSO PASSAPUSSO,ZEGON","BAIANA SYSTEM, DJ WILL LOVE, DUDA BEAT, TROPKILLAZ",BG,,,"ALTAFONTE,BMG,UNIVERSAL MGB,BMG",MAQUINA DE LOUCO EDICOES MUSICAIS LTDA,,,0,0
Globo,MusicCueSheet_TvAberta_Agosto2023.xlsx,MusicCueSheet_Agosto23,,22/08/2023,8,,,BOROGODO,"DUDA BEAT,LAUDZ,RUSSO PASSAPUSSO,ZEGON","BAIANA SYSTEM, DJ WILL LOVE, DUDA BEAT, TROPKILLAZ",FULL MIX,,,"ALTAFONTE,BMG,UNIVERSAL MGB,BMG",MAQUINA DE LOUCO EDICOES MUSICAIS LTDA,,,0,0
Globo,MusicCueSheet_TvAberta_Agosto2023.xlsx,MusicCueSheet_Agosto23,,22/08/2023,8,,,BOROGODO,"DUDA BEAT,LAUDZ,RUSSO PASSAPUSSO,ZEGON","BAIANA SYSTEM, DJ WILL LOVE, DUDA BEAT, TROPKILLAZ",FULL MIX,,,"ALTAFONTE,BMG,UNIVERSAL MGB,BMG",MAQUINA DE LOUCO EDICOES MUSICAIS LTDA,,,0,0
Globo,MusicCueSheet_TvAberta_Agosto2023.xlsx,MusicCueSheet_Agosto23,,22/08/2023,8,,,BOROGODO,"DUDA BEAT,LAUDZ,RUSSO PASSAPUSSO,ZEGON","BAIANA SYSTEM, DJ WILL LOVE, DUDA BEAT, TROPKILLAZ",BG,,,"ALTAFONTE,BMG,UNIVERSAL MGB,BMG",MAQUINA DE LOUCO EDICOES MUSICAIS LTDA,,,0,0
Globo,MusicCueSheet_TvAberta_Agosto2023.xlsx,MusicCueSheet_Agosto23,,22/08/2023,8,,,BOROGODO,"DUDA BEAT,LAUDZ,RUSSO PASSAPUSSO,ZEGON","BAIANA SYSTEM, DJ WILL LOVE, DUDA BEAT, TROPKILLAZ",BG,,,"ALTAFONTE,BMG,UNIVERSAL MGB,BMG",MAQUINA DE LOUCO EDICOES MUSICAIS LTDA,,,0,0
Globo,MusicCueSheet_TvAberta_Agosto2023.xlsx,MusicCueSheet_Agosto23,,22/08/2023,22082023,,,HYDE PARK,KEITH MANSFIELD,TIAGO MEDEIROS,,,,SONY MUSIC PUBLISHING,,,,0,0
Globo,MusicCueSheet_TvAberta_Agosto2023.xlsx,MusicCueSheet_Agosto23,,22/08/2023,22082023,,,HYDE PARK,KEITH MANSFIELD,BANDA CONTRATADA,,,,SONY MUSIC PUBLISHING,,,,0,0
Globo,MusicCueSheet_TvAberta_Agosto2023.xlsx,MusicCueSheet_Agosto23,,22/08/2023,5887,,,VAMOS FUGIR,"GILBERTO GIL,LIMINHA",ROGERIO FLAUSINO,,,,"SONY MUSIC PUBLISHING,WARNER CHAPPELL",SONY MUSIC,,,0,0
Globo,MusicCueSheet_TvAberta_Agosto2023.xlsx,MusicCueSheet_Agosto23,,22/08/2023,5887,,,VAMOS FUGIR,"GILBERTO GIL,LIMINHA",ROGERIO FLAUSINO,,,,"SONY MUSIC PUBLISHING,WARNER CHAPPELL",SONY MUSIC,,,0,0
Globo,MusicCueSheet_TvAberta_Agosto2023.xlsx,MusicCueSheet_Agosto23,,22/08/2023,5887,,,EU SEM VOCE NAO DA,"DIEGO BARAO,MARCO ESTEVES,RENNO POETA","ANA CASTELA, CESAR MENOTTI & FABIANO",FULL MIX,,,"WARNER CHAPPELL,REALIZE EDICOES,WARNER CHAPPELL",SOM LIVRE,,,0,0
Globo,MusicCueSheet_TvAberta_Agosto2023.xlsx,MusicCueSheet_Agosto23,,22/08/2023,5887,,,FLOR E O BEIJA FLOR,"JULIANO TCHULA,MARILIA MENDONCA",MARILIA MENDONCA,FULL MIX,,,"BMG,BMG",SOM LIVRE,,,0,0
Globo,MusicCueSheet_TvAberta_Agosto2023.xlsx,MusicCueSheet_Agosto23,,22/08/2023,5887,,,VAMOS FUGIR,"GILBERTO GIL,LIMINHA",ROGERIO FLAUSINO,,,,"SONY MUSIC PUBLISHING,WARNER CHAPPELL",SONY MUSIC,,,0,0
Globo,MusicCueSheet_TvAberta_Agosto2023.xlsx,MusicCueSheet_Agosto23,,22/08/2023,2,,,10,"GUSTAVO GOMES PEREIRA,MARCOS GABRIEL AGRA LEONIS",MAIARA & MARAISA,,,,"BMG,BMG",,,,0,0
Globo,MusicCueSheet_TvAberta_Agosto2023.xlsx,MusicCueSheet_Agosto23,,22/08/2023,2,,,VIDINHA DE BALADA,"DIEGO SILVEIRA,LARI FERREIRA,NICOLAS DAMASCENO,RAFAEL BORGES",HENRIQUE E JULIANO,,,,"BMG,BMG,BMG,BMG",,,,0,0
Globo,MusicCueSheet_TvAberta_Agosto2023.xlsx,MusicCueSheet_Agosto23,,22/08/2023,2,,,50 REAIS,"ALEX TORRICELLI,BRUNO MANDIOCA,MAYKOW MELO,NAIARA AZEVEDO,WALERIA LEAO",NAIARA AZEVEDO FT MAIARA & MARAISA,,,,"BMG,BMG,BMG,TOTALMENTE DIFERENTE,BMG",,,,0,0
Globo,MusicCueSheet_TvAberta_Agosto2023.xlsx,MusicCueSheet_Agosto23,,22/08/2023,2,,,AI EU BEBO,"ALCEBIAS FLAUSINO,ARTHUR CASTRO,KAUA RODRIGUES,MATHEUS MATTOS,PAULINHA GONCALVES",MAIARA & MARAISA,,,,"BMG,BMG,BMG,BMG,BMG",,,,0,0
Globo,MusicCueSheet_TvAberta_Agosto2023.xlsx,MusicCueSheet_Agosto23,,22/08/2023,2,,,GOIANIA ME ESPERA,JORGE,JORGE & MATEUS,,,,UNIVERSAL MGB,,,,0,0
Globo,MusicCueSheet_TvAberta_Agosto2023.xlsx,MusicCueSheet_Agosto23,,22/08/2023,2,,,EXPECTATIVA,"DANILLO DAVILLA,DIEGO SILVEIRA,LARISSA FERREIRA,RAFAEL BORGES",MAIARA & MARAISA,,,,"BMG,BMG,BMG,BMG",,,,0,0
Globo,MusicCueSheet_TvAberta_Agosto2023.xlsx,MusicCueSheet_Agosto23,,22/08/2023,BICO LARGO,,,DAQUI NAO SAIO,"PAQUITO,ROMEU GENTIL",MARCHINHAS DE CARNAVAL,,,,"VITALE,VITALE",,,,0,0
Globo,MusicCueSheet_TvAberta_Agosto2023.xlsx,MusicCueSheet_Agosto23,,22/08/2023,BICO LARGO,,,TARA S THEME  GONE WITH THE WIND,MAX STEINER,MAX STEINER,,,,SONY MUSIC PUBLISHING,,,,0,0
Globo,MusicCueSheet_TvAberta_Agosto2023.xlsx,MusicCueSheet_Agosto23,,22/08/2023,BICO LARGO,,,SOMEWHERE IN TIME,"BA ROBERTSON,JOHN BARRY",JOHN BARRY,,,,"BMG,UNIVERSAL MGB",,,,0,0
Globo,MusicCueSheet_TvAberta_Agosto2023.xlsx,MusicCueSheet_Agosto23,,22/08/2023,BICO LARGO,,,WRECKING BALL,"DAVID KIM,HENRY WALTER,LUKASZ GOTTWALD,MAUREEN ANN MCDONALD,SACHA SKARBEK,STEPHAN MOCCIO",MILEY CYRUS,,,,"SONY MUSIC PUBLISHING,ABRAMUS,ABRAMUS,SONY MUSIC PUBLISHING,ABRAMUS,UNIVERSAL MGB",,,,0,0
Globo,MusicCueSheet_TvAberta_Agosto2023.xlsx,MusicCueSheet_Agosto23,,22/08/2023,BOY MAGIA,,,I VE HAD  THE TIME OF MY LIFE,"DONALD MARKOWITZ,DONALD MARKOWITZ,FRANKE PREVITE,FRANKE PREVITE,JOHN DENICOLA",BILL MEDLEY,,,,"ABRAMUS,ROCKING GORILLAS,FERMATA,SONY MUSIC PUBLISHING,FERMATA",,,,0,0
Globo,MusicCueSheet_TvAberta_Agosto2023.xlsx,MusicCueSheet_Agosto23,,22/08/2023,BOY MAGIA,,,AQUI TEM UM BANDO DE LOUCO  LOUCO POR TI CORINTHIANS,TUCA VEIGA,"PLATEIA VAI QUE COLA,MARCELO MEDICI",,,,SONY MUSIC PUBLISHING,,,,0,0
Globo,MusicCueSheet_TvAberta_Agosto2023.xlsx,MusicCueSheet_Agosto23,,22/08/2023,BOY MAGIA,,,CONGA CONGA CONGA,"MISTER SAM,MISTER SAM",SAMANTHA SCHMUTZ,,,,"PEERMUSIC,WARNER CHAPPELL",,,,0,0
Globo,MusicCueSheet_TvAberta_Agosto2023.xlsx,MusicCueSheet_Agosto23,,22/08/2023,BOY MAGIA,,,DANCA DO BOLE BOLE,JOAO ROBERTO KELLY,CACAU PROTASIO,,,,VITALE,,,,0,0
Globo,MusicCueSheet_TvAberta_Agosto2023.xlsx,MusicCueSheet_Agosto23,,22/08/2023,BOY MAGIA,,,LE FREAK,"BERNARD EDWARDS,NILE RODGERS",CHIC,,,,"WARNER CHAPPELL,SONY MUSIC PUBLISHING",,,,0,0
Globo,MusicCueSheet_TvAberta_Agosto2023.xlsx,MusicCueSheet_Agosto23,,22/08/2023,BOY MAGIA,,,LET IT GO,"KRISTEN ANDERSON LOPEZ,ROBERT LOPEZ",DEMI LOVATO,,,,"UNIVERSAL MGB,UNIVERSAL MGB",,,,0,0
Globo,MusicCueSheet_TvAberta_Agosto2023.xlsx,MusicCueSheet_Agosto23,,22/08/2023,BOY MAGIA,,,BRAHMS LULLABY,"JOHANNES BRAHMS,KENNY G",KENNY G,,,,"SONY MUSIC PUBLISHING,SONY MUSIC PUBLISHING",,,,0,0
Globo,MusicCueSheet_TvAberta_Agosto2023.xlsx,MusicCueSheet_Agosto23,,22/08/2023,BOY MAGIA,,,SOU BOY,"AGUINALDO,TED GAZ",MAGAZINE,,,,"WARNER CHAPPELL,WARNER CHAPPELL",,,,0,0
Globo,MusicCueSheet_TvAberta_Agosto2023.xlsx,MusicCueSheet_Agosto23,,22/08/2023,BOY MAGIA,,,STAYING ALIVE,"BARRY GIBB,MAURICE GIBB,ROBIN GIBB",THE BEE GEES,,,,"UNIVERSAL MGB,UNIVERSAL MGB,UNIVERSAL MGB",,,,0,0
Globo,MusicCueSheet_TvAberta_Agosto2023.xlsx,MusicCueSheet_Agosto23,,22/08/2023,BOY MAGIA,,,TROPA DE ELITE,"BAIA,EGYPCIO,JONNY,LEO,PG,ROMAN",TIHUANA,,,,"UNIVERSAL MGB,UNIVERSAL MGB,UNIVERSAL MGB,UNIVERSAL MGB,UNIVERSAL MGB,UNIVERSAL MGB",,,,0,0
Globo,MusicCueSheet_TvAberta_Agosto2023.xlsx,MusicCueSheet_Agosto23,,23/08/2023,1223,,,ESTRELAR,"LEON WARE,MARCOS VALLE,PAULO SERGIO VALLE",MARCOS VALLE,FULL MIX,,,"UNIVERSAL MGB,WARNER CHAPPELL,WARNER CHAPPELL",RGE,,,0,0
Globo,MusicCueSheet_TvAberta_Agosto2023.xlsx,MusicCueSheet_Agosto23,,23/08/2023,1223,,,ESTRELAR,"LEON WARE,MARCOS VALLE,PAULO SERGIO VALLE",MARCOS VALLE,,,,"UNIVERSAL MGB,WARNER CHAPPELL,WARNER CHAPPELL",,,,0,0
Globo,MusicCueSheet_TvAberta_Agosto2023.xlsx,MusicCueSheet_Agosto23,,23/08/2023,1223,,,PRECISO APRENDER A SER SO,"MARCOS VALLE,PAULO SERGIO VALLE","ZÉLIA DUNCAN,MARCOS VALLE",,,,"SONY MUSIC PUBLISHING,SONY MUSIC PUBLISHING",,,,0,0
Globo,MusicCueSheet_TvAberta_Agosto2023.xlsx,MusicCueSheet_Agosto23,,23/08/2023,1223,,,PEQUENAS ALEGRIAS DA VIDA ADULTA,"EMICIDA,MARIO CALDATO,NAVE","EMICIDA,MARCOS VALLE,THIAGO VENTURA",,,,"WARNER CHAPPELL,A DESCOBRIR,SONY MUSIC PUBLISHING",,,,0,0
Globo,MusicCueSheet_TvAberta_Agosto2023.xlsx,MusicCueSheet_Agosto23,,23/08/2023,1223,,,OS GRILOS (CRICKETS SING FOR ANA MARIA),"MARCOS VALLE,PAULO SERGIO VALLE",MARCOS VALLE,,,,"SONY MUSIC PUBLISHING,SONY MUSIC PUBLISHING",,,,0,0
Globo,MusicCueSheet_TvAberta_Agosto2023.xlsx,MusicCueSheet_Agosto23,,23/08/2023,1223,,,TODO DIA SANTO,MARCOS VALLE,MARCOS VALLE,,,,A DESCOBRIR,,,,0,0
Globo,MusicCueSheet_TvAberta_Agosto2023.xlsx,MusicCueSheet_Agosto23,,23/08/2023,9,,,BRINCAR DE SER FELIZ,"MARIA DA PAZ,NINO",ELENCO,PERF JEFINHO CAP 9,,,"WARNER CHAPPELL,UNIVERSAL MGB",,,,0,0
Globo,MusicCueSheet_TvAberta_Agosto2023.xlsx,MusicCueSheet_Agosto23,,23/08/2023,9,,,BRINCAR DE SER FELIZ,"MARIA DA PAZ,NINO",ELENCO,PERF JEFINHO CAP 9,,,"WARNER CHAPPELL,UNIVERSAL MGB",,,,0,0
Globo,MusicCueSheet_TvAberta_Agosto2023.xlsx,MusicCueSheet_Agosto23,,23/08/2023,9,,,BRINCAR DE SER FELIZ,"MARIA DA PAZ,NINO",ELENCO,PERF JEFINHO CAP 9,,,"WARNER CHAPPELL,UNIVERSAL MGB",,,,0,0
Globo,MusicCueSheet_TvAberta_Agosto2023.xlsx,MusicCueSheet_Agosto23,,23/08/2023,23082023,,,GONNA FLY NOW,"BILL CONTI,CONNORS,ROBBINS",BILL CONTI,,,,"SONY MUSIC PUBLISHING,SONY MUSIC PUBLISHING,SONY MUSIC PUBLISHING",,,,0,0
Globo,MusicCueSheet_TvAberta_Agosto2023.xlsx,MusicCueSheet_Agosto23,,23/08/2023,5888,,,O SOL,VITOR KLEY,VICTOR KLEY,FULL MIX,,,UNIVERSAL MGB,MIDAS MUSIC,,,0,0
Globo,MusicCueSheet_TvAberta_Agosto2023.xlsx,MusicCueSheet_Agosto23,,23/08/2023,5888,,,O SOL,VITOR KLEY,VICTOR KLEY,FULL MIX,,,UNIVERSAL MGB,MIDAS MUSIC,,,0,0
Globo,MusicCueSheet_TvAberta_Agosto2023.xlsx,MusicCueSheet_Agosto23,,23/08/2023,5888,,,GALOPEIRA,"MAURICIO CARDOSO OCAMPO,MAURICIO CARDOSO OCAMPO,PEDRO BENTO,PEDRO BENTO",CHITÃOZINHO & XORORO,,,,"UNIVERSAL MGB,WARNER CHAPPELL,UNIVERSAL MGB,WARNER CHAPPELL",,,,0,0
Globo,MusicCueSheet_TvAberta_Agosto2023.xlsx,MusicCueSheet_Agosto23,,23/08/2023,5888,,,60 DIAS APAIXONADO,"CONSTANTINO MENDES,DARCI ROSSI",CHITÃOZINHO & XORORÓ,,,,"PEERMUSIC,PEERMUSIC",,,,0,0
Globo,MusicCueSheet_TvAberta_Agosto2023.xlsx,MusicCueSheet_Agosto23,,23/08/2023,5888,,,60 DIAS APAIXONADO,"CONSTANTINO MENDES,DARCI ROSSI",CHITÃOZINHO & XORORÓ,,,,"PEERMUSIC,PEERMUSIC",,,,0,0
Globo,MusicCueSheet_TvAberta_Agosto2023.xlsx,MusicCueSheet_Agosto23,,23/08/2023,5888,,,GALOPEIRA,"MAURICIO CARDOSO OCAMPO,MAURICIO CARDOSO OCAMPO,PEDRO BENTO,PEDRO BENTO",CHITÃOZINHO & XORORÓ,,,,"UNIVERSAL MGB,WARNER CHAPPELL,UNIVERSAL MGB,WARNER CHAPPELL",,,,0,0
Globo,MusicCueSheet_TvAberta_Agosto2023.xlsx,MusicCueSheet_Agosto23,,23/08/2023,5888,,,O SOL,VITOR KLEY,VICTOR KLEY,FULL MIX,,,UNIVERSAL MGB,MIDAS MUSIC,,,0,0
Globo,MusicCueSheet_TvAberta_Agosto2023.xlsx,MusicCueSheet_Agosto23,,23/08/2023,5888,,,O SOL,VITOR KLEY,VICTOR KLEY,FULL MIX,,,UNIVERSAL MGB,MIDAS MUSIC,,,0,0
Globo,MusicCueSheet_TvAberta_Agosto2023.xlsx,MusicCueSheet_Agosto23,,23/08/2023,BOLA NO PE,,,CAN T REMEMBER TO FORGET YOU,"DANIEL LEDINSKY,ERIK HASSLE,JOHN HILL,RIHANNA,SHAKIRA,TOM HULL","SHAKIRA,RIHANNA",,,,"SONY MUSIC PUBLISHING,ABRAMUS,SONY MUSIC PUBLISHING,SONY MUSIC PUBLISHING,SONY MUSIC PUBLISHING,UNIVERSAL MGB",,,,0,0
Globo,MusicCueSheet_TvAberta_Agosto2023.xlsx,MusicCueSheet_Agosto23,,23/08/2023,BOLA NO PE,,,E UMA PARTIDA DE FUTEBOL,"NANDO REIS,SAMUEL ROSA",SKANK,,,,"WARNER CHAPPELL,SONY MUSIC PUBLISHING",,,,0,0
Globo,MusicCueSheet_TvAberta_Agosto2023.xlsx,MusicCueSheet_Agosto23,,23/08/2023,BOLA NO PE,,,THE MONSTER,"AARON KLEINSTUB,BEBE REXHA,BEBE REXHA,BRIAN FRYZEL,JOHN BELLION,MAKI ATHANASIOU,MARSHALL MATHERS,RIHANNA","EMINEM,RIHANNA",,,,"BMG,A DESCOBRIR,ABRAMUS,UNIVERSAL MGB,BMG,PEERMUSIC,UNIVERSAL MGB,BMG",,,,0,0
Globo,MusicCueSheet_TvAberta_Agosto2023.xlsx,MusicCueSheet_Agosto23,,23/08/2023,BOLA NO PE,,,NA CADENCIA DO SAMBA  QUE BONITO E,LUIZ BANDEIRA,WALDIR CALMON,,,,ADDAF,,,,0,0
Globo,MusicCueSheet_TvAberta_Agosto2023.xlsx,MusicCueSheet_Agosto23,,23/08/2023,BOLA NO PE,,,WAKA WAKA  THIS TIME FOR AFRICA,"EMILE KOJIDIE,EUGENE VICTOR DOO BELLEY,JOHN HILL,SHAKIRA,ZE BELL JEAN PAUL",SHAKIRA,,,,"SONY MUSIC PUBLISHING,SONY MUSIC PUBLISHING,SONY MUSIC PUBLISHING,SONY MUSIC PUBLISHING,SONY MUSIC PUBLISHING",,,,0,0
Globo,MusicCueSheet_TvAberta_Agosto2023.xlsx,MusicCueSheet_Agosto23,,23/08/2023,SISTAS,,,BEIJINHO NO OMBRO,"ANDRE VIEIRA,ANDRE VIEIRA,DENNIS DJ,PARDAL,WALLACE VIANA,WALLACE VIANA","DULCE MARIA,MARIANA XIMENES,VALESCA POPOZUDA",,,,"UNIVERSAL MGB,WARNER CHAPPELL,SONY MUSIC PUBLISHING,ADDAF,UNIVERSAL MGB,WARNER CHAPPELL",,,,0,0
Globo,MusicCueSheet_TvAberta_Agosto2023.xlsx,MusicCueSheet_Agosto23,,23/08/2023,SISTAS,,,BEIJINHO NO OMBRO,"ANDRE VIEIRA,ANDRE VIEIRA,DENNIS DJ,PARDAL,WALLACE VIANA,WALLACE VIANA","MARCUS MAJELLA,SAMANTHA SCHMUTZ",,,,"UNIVERSAL MGB,WARNER CHAPPELL,SONY MUSIC PUBLISHING,ADDAF,UNIVERSAL MGB,WARNER CHAPPELL",,,,0,0
Globo,MusicCueSheet_TvAberta_Agosto2023.xlsx,MusicCueSheet_Agosto23,,23/08/2023,SISTAS,,,PSYCHO,BERNARD HERMANN,BERNARD HERMANN,,,,SONY MUSIC PUBLISHING,,,,0,0
Globo,MusicCueSheet_TvAberta_Agosto2023.xlsx,MusicCueSheet_Agosto23,,23/08/2023,SISTAS,,,VERTIGO,BERNARD HERRMANN,BERNARD HERMANN,,,,UNIVERSAL MGB,,,,0,0
Globo,MusicCueSheet_TvAberta_Agosto2023.xlsx,MusicCueSheet_Agosto23,,24/08/2023,2865,,,A VIDA ME ESINOU A CAMINHAR,MV BILL,MV BILL,,,,A DESCOBRIR,,,,0,0
Globo,MusicCueSheet_TvAberta_Agosto2023.xlsx,MusicCueSheet_Agosto23,,24/08/2023,2865,,,MEU EBANO,"NENEO,PAULINHO RESENDE,PAULINHO REZENDE",ALCIONE,,,,"UNIVERSAL MGB,A DESCOBRIR,SONY MUSIC PUBLISHING",SONY MUSIC,,,0,0
Globo,MusicCueSheet_TvAberta_Agosto2023.xlsx,MusicCueSheet_Agosto23,,24/08/2023,2865,,,FAVELA VIVE,"GUILHERME ADRIANO CARDOSO PEREIRA,GUILHERME DE SOUZA REIS,MV BILL,ROGER AMORIM DE SOUSA,THOMAZ GARCIA DE SOUZA",MV BILL,,,,"A DESCOBRIR,A DESCOBRIR,A DESCOBRIR,A DESCOBRIR,A DESCOBRIR",,,,0,0
Globo,MusicCueSheet_TvAberta_Agosto2023.xlsx,MusicCueSheet_Agosto23,,24/08/2023,2865,,,ESTILO VAGABUNDO,"DJ LUCIANO,KAPONY,KMILA,MV BILL",MV BIL,,,,"UNIVERSAL MGB,UNIVERSAL MGB,UNIVERSAL MGB,UNIVERSAL MGB",,,,0,0
Globo,MusicCueSheet_TvAberta_Agosto2023.xlsx,MusicCueSheet_Agosto23,,24/08/2023,2865,,,ESTILO VAGABUNDO,"DJ LUCIANO,KAPONY,KMILA,MV BILL",MV BIL,,,,"UNIVERSAL MGB,UNIVERSAL MGB,UNIVERSAL MGB,UNIVERSAL MGB",,,,0,0
Globo,MusicCueSheet_TvAberta_Agosto2023.xlsx,MusicCueSheet_Agosto23,,24/08/2023,10,,,RATIONAL CULTURE,TIM MAIA,TIM MAIA,FULL MIX,,,VITORIA REGIA,VITORIA REGIA DISCOS,,,0,0
Globo,MusicCueSheet_TvAberta_Agosto2023.xlsx,MusicCueSheet_Agosto23,,24/08/2023,5889,,,BEIJA FLOR,"XEXEU,ZE RAIMUNDO",TIMBALADA,,,,"UNIVERSAL MGB,UNIVERSAL MGB",UNIVERSAL MUSIC,,,0,0
Globo,MusicCueSheet_TvAberta_Agosto2023.xlsx,MusicCueSheet_Agosto23,,24/08/2023,5889,,,BEIJA FLOR,"XEXEU,ZE RAIMUNDO",TIMBALADA,,,,"UNIVERSAL MGB,UNIVERSAL MGB",UNIVERSAL MUSIC,,,0,0
Globo,MusicCueSheet_TvAberta_Agosto2023.xlsx,MusicCueSheet_Agosto23,,24/08/2023,5889,,,BEIJA FLOR,"XEXEU,ZE RAIMUNDO",TIMBALADA,,,,"UNIVERSAL MGB,UNIVERSAL MGB",UNIVERSAL MUSIC,,,0,0
Globo,MusicCueSheet_TvAberta_Agosto2023.xlsx,MusicCueSheet_Agosto23,,24/08/2023,5889,,,BEIJA FLOR,"XEXEU,ZE RAIMUNDO",TIMBALADA,,,,"UNIVERSAL MGB,UNIVERSAL MGB",UNIVERSAL MUSIC,,,0,0
Globo,MusicCueSheet_TvAberta_Agosto2023.xlsx,MusicCueSheet_Agosto23,,24/08/2023,CHAMEM O SINDICO,,,AQUI TEM UM BANDO DE LOUCO  LOUCO POR TI CORINTHIANS,TUCA VEIGA,"PLATEIA VAI QUE COLA,MARCELO MEDICI",,,,SONY MUSIC PUBLISHING,,,,0,0
Globo,MusicCueSheet_TvAberta_Agosto2023.xlsx,MusicCueSheet_Agosto23,,24/08/2023,CHAMEM O SINDICO,,,DANCA DA MOTINHA,"DENNIS DJ,MC BETH",VANESSINHA PIKATCHU,,,,"SONY MUSIC PUBLISHING,SONY MUSIC PUBLISHING",,,,0,0
Globo,MusicCueSheet_TvAberta_Agosto2023.xlsx,MusicCueSheet_Agosto23,,24/08/2023,CHAMEM O SINDICO,,,FICO ASSIM SEM VOCE,"ABDULLAH,CACA MORAES",CLAUDINHO E BUCHECHA,,,,"SONY MUSIC PUBLISHING,SONY MUSIC PUBLISHING",,,,0,0
Globo,MusicCueSheet_TvAberta_Agosto2023.xlsx,MusicCueSheet_Agosto23,,24/08/2023,CHAMEM O SINDICO,,,TARA S THEME  GONE WITH THE WIND,MAX STEINER,SCARLETT O HARA,,,,SONY MUSIC PUBLISHING,,,,0,0
Globo,MusicCueSheet_TvAberta_Agosto2023.xlsx,MusicCueSheet_Agosto23,,24/08/2023,CHAMEM O SINDICO,,,VIDA LOKA  PARTE 1,MANO BROWN,RACIONAIS MC S,,,,ALTAFONTE,,,,0,0
Globo,MusicCueSheet_TvAberta_Agosto2023.xlsx,MusicCueSheet_Agosto23,,24/08/2023,INFERNO ASTRAL,,,AQUI TEM UM BANDO DE LOUCO  LOUCO POR TI CORINTHIANS,TUCA VEIGA,"PLATEIA VAI QUE COLA,MARCELO MEDICI",,,,SONY MUSIC PUBLISHING,,,,0,0
Globo,MusicCueSheet_TvAberta_Agosto2023.xlsx,MusicCueSheet_Agosto23,,24/08/2023,INFERNO ASTRAL,,,BUQUE DE FLORES,"PEZINHO,THIAGUINHO",THIAGUINHO,,,,"WARNER CHAPPELL,SONY MUSIC PUBLISHING",,,,0,0
Globo,MusicCueSheet_TvAberta_Agosto2023.xlsx,MusicCueSheet_Agosto23,,24/08/2023,INFERNO ASTRAL,,,CARACA MULEKE,"GABRIEL BARRIGA,THIAGUINHO",THIAGUINHO,,,,"SONY MUSIC PUBLISHING,SONY MUSIC PUBLISHING",,,,0,0
Globo,MusicCueSheet_TvAberta_Agosto2023.xlsx,MusicCueSheet_Agosto23,,24/08/2023,INFERNO ASTRAL,,,FUI PEDIR AS ALMAS SANTAS,CLEMENTINA DE JESUS,GABY AMARANTOS,,,,SONY MUSIC PUBLISHING,,,,0,0
Globo,MusicCueSheet_TvAberta_Agosto2023.xlsx,MusicCueSheet_Agosto23,,24/08/2023,INFERNO ASTRAL,,,IS THIS LOVE,BOB MARLEY,BOB MARLEY,,,,UNIVERSAL MGB,,,,0,0
Globo,MusicCueSheet_TvAberta_Agosto2023.xlsx,MusicCueSheet_Agosto23,,24/08/2023,INFERNO ASTRAL,,,THEME FROM JAWS,JOHN WILLIAMS,JOHN WILLIAMS,,,,UNIVERSAL MGB,,,,0,0
Globo,MusicCueSheet_TvAberta_Agosto2023.xlsx,MusicCueSheet_Agosto23,,24/08/2023,INFERNO ASTRAL,,,O PODER DO PRETINHO,"GABRIEL BARRIGA,THIAGUINHO",CACAU PROTASIO,,,,"SONY MUSIC PUBLISHING,SONY MUSIC PUBLISHING",,,,0,0
Globo,MusicCueSheet_TvAberta_Agosto2023.xlsx,MusicCueSheet_Agosto23,,24/08/2023,INFERNO ASTRAL,,,OUSADIA E ALEGRIA,"GABRIEL BARRIGA,PEZINHO,THIAGUINHO",THIAGUINHO,,,,"SONY MUSIC PUBLISHING,WARNER CHAPPELL,SONY MUSIC PUBLISHING",,,,0,0
Globo,MusicCueSheet_TvAberta_Agosto2023.xlsx,MusicCueSheet_Agosto23,,24/08/2023,INFERNO ASTRAL,,,PSYCHO,BERNARD HERMANN,BERNARD HERMANN,,,,SONY MUSIC PUBLISHING,,,,0,0
Globo,MusicCueSheet_TvAberta_Agosto2023.xlsx,MusicCueSheet_Agosto23,,24/08/2023,INFERNO ASTRAL,,,SOU O CARA PRA VOCE,"GABRIEL BARRIGA,THIAGUINHO","EMILIANO D AVILA,FERNANDO CARUSO,FIORELLA MATHEIS",,,,"SONY MUSIC PUBLISHING,SONY MUSIC PUBLISHING",,,,0,0
Globo,MusicCueSheet_TvAberta_Agosto2023.xlsx,MusicCueSheet_Agosto23,,24/08/2023,INFERNO ASTRAL,,,TA VENDO AQUELA LUA,"PEZINHO,THIAGUINHO",THIAGUINHO,,,,"WARNER CHAPPELL,SONY MUSIC PUBLISHING",,,,0,0
Globo,MusicCueSheet_TvAberta_Agosto2023.xlsx,MusicCueSheet_Agosto23,,24/08/2023,INFERNO ASTRAL,,,ZODIACS,"GIORGIO MORODER,PETE BELLOTTE",ROBERTA KELLY,,,,"WARNER CHAPPELL,WARNER CHAPPELL",,,,0,0
Globo,MusicCueSheet_TvAberta_Agosto2023.xlsx,MusicCueSheet_Agosto23,,25/08/2023,1225,,,SANGUE LATINO,"JOAO RICARDO,PAULINHO MENDONCA",NEY MATOGROSSO,,,,"UNIVERSAL MGB,UNIVERSAL MGB",,,,0,0
Globo,MusicCueSheet_TvAberta_Agosto2023.xlsx,MusicCueSheet_Agosto23,,25/08/2023,1225,,,SANGUE LATINO,"JOAO RICARDO,PAULINHO MENDONCA",NEY MATOGROSSO,,,,"UNIVERSAL MGB,UNIVERSAL MGB",,,,0,0
Globo,MusicCueSheet_TvAberta_Agosto2023.xlsx,MusicCueSheet_Agosto23,,25/08/2023,2866,,,SINONIMOS,"CESAR AUGUSTO,CLAUDIO NOAM,PAULO SERGIO","ANA CASTELA, CHITAOZINHO E XORORO",FULL MIX,,,"WARNER CHAPPELL,SONY MUSIC PUBLISHING,WARNER CHAPPELL",LIVE,,,0,0
Globo,MusicCueSheet_TvAberta_Agosto2023.xlsx,MusicCueSheet_Agosto23,,25/08/2023,2866,,,SINONIMOS,"CESAR AUGUSTO,CLAUDIO NOAM,PAULO SERGIO","CHITAOZINHO,XORORO",,,,"WARNER CHAPPELL,SONY MUSIC PUBLISHING,WARNER CHAPPELL",,,,0,0
Globo,MusicCueSheet_TvAberta_Agosto2023.xlsx,MusicCueSheet_Agosto23,,25/08/2023,2866,,,SINONIMOS,"CESAR AUGUSTO,CLAUDIO NOAM,PAULO SERGIO","ANA CASTELA, CHITAOZINHO E XORORO",FULL MIX,,,"WARNER CHAPPELL,SONY MUSIC PUBLISHING,WARNER CHAPPELL",LIVE,,,0,0
Globo,MusicCueSheet_TvAberta_Agosto2023.xlsx,MusicCueSheet_Agosto23,,25/08/2023,2866,,,TA ESCRITO,"CARLINHOS MADUREIRA,GILSON BERNINI,XANDE DE PILARES",GRUPO REVELAÇÃO,,,,"WARNER CHAPPELL,UNIVERSAL MGB,UNIVERSAL MGB",,,,0,0
Globo,MusicCueSheet_TvAberta_Agosto2023.xlsx,MusicCueSheet_Agosto23,,25/08/2023,2866,,,PARABENS A VOCE,"LEA MAGALHAES,MILDRED J HILL,PATTY S HILL",PLATEIA ENCONTRO,,,,"WARNER CHAPPELL,DP,DP",,,,0,0
Globo,MusicCueSheet_TvAberta_Agosto2023.xlsx,MusicCueSheet_Agosto23,,25/08/2023,2866,,,DEIXA ACONTECER,"ALEX FREITAS,CARLOS CAETANO",GRUPO REVELAÇÃO,,,,"SONY MUSIC PUBLISHING,SONY MUSIC PUBLISHING",,,,0,0
Globo,MusicCueSheet_TvAberta_Agosto2023.xlsx,MusicCueSheet_Agosto23,,25/08/2023,2866,,,RECIPROCIDADE,"MARCIO RICARDO,RENATO MILAGRES,WALTIS ZACARIAS",GRUPO REVELAÇÃO,,,,"A DESCOBRIR,A DESCOBRIR,A DESCOBRIR",,,,0,0
Globo,MusicCueSheet_TvAberta_Agosto2023.xlsx,MusicCueSheet_Agosto23,,25/08/2023,2866,,,MAL RESOLVIDA,"CHARLES BONFIM,RONALDINHO,SINVAL CORREA,VANDER CARVALHO",GRUPO REVELAÇÃO,,,,"A DESCOBRIR,A DESCOBRIR,A DESCOBRIR,A DESCOBRIR",,,,0,0
Globo,MusicCueSheet_TvAberta_Agosto2023.xlsx,MusicCueSheet_Agosto23,,25/08/2023,2866,,,MAL RESOLVIDA,"CHARLES BONFIM,RONALDINHO,SINVAL CORREA,VANDER CARVALHO",GRUPO REVELAÇÃO,,,,"A DESCOBRIR,A DESCOBRIR,A DESCOBRIR,A DESCOBRIR",,,,0,0
Globo,MusicCueSheet_TvAberta_Agosto2023.xlsx,MusicCueSheet_Agosto23,,25/08/2023,25082023,,,HINO DO BOTAFOGO,LAMARTINE BABO,TORCEDORA DO BOTAFOGO,,,,FERMATA,,,,0,0
Globo,MusicCueSheet_TvAberta_Agosto2023.xlsx,MusicCueSheet_Agosto23,,25/08/2023,25082023,,,VAI NOVINHA AH AH AH CITACAO O CHERO DE CAROLINA,"AMORIM ROXO,DJ RAFAEL FELIX,DYAMANTE DJ,ZE GONZAGA","DJ DYAMANTE,DJ RAFAEL FELIX",,,,"MANGIONE,DECK,WAL MUSIC LTDA,MANGIONE",,,,0,0
Globo,MusicCueSheet_TvAberta_Agosto2023.xlsx,MusicCueSheet_Agosto23,,25/08/2023,25082023,,,VAI NOVINHA AH AH AH CITACAO O CHERO DE CAROLINA,"AMORIM ROXO,DJ RAFAEL FELIX,DYAMANTE DJ,ZE GONZAGA","DJ RAFAEL FELIX,DJ DYAMANTE",,,,"MANGIONE,DECK,WAL MUSIC LTDA,MANGIONE",,,,0,0
Globo,MusicCueSheet_TvAberta_Agosto2023.xlsx,MusicCueSheet_Agosto23,,25/08/2023,25082023,,,NAO E FACIL,"ARNALDO ANTUNES,CARLINHOS BROWN,MARISA MONTE",MARISA MONTE,,,,"ALTAFONTE,SONY MUSIC PUBLISHING,UNIVERSAL MGB",,,,0,0
Globo,MusicCueSheet_TvAberta_Agosto2023.xlsx,MusicCueSheet_Agosto23,,25/08/2023,5890,,,BIG JET PLANE,ANGUS STONE,"ALOK,MATHIEU KOSS",,,,SONY MUSIC PUBLISHING,SPINNIN' RECORDS,,,0,0
Globo,MusicCueSheet_TvAberta_Agosto2023.xlsx,MusicCueSheet_Agosto23,,25/08/2023,5890,,,BIG JET PLANE,ANGUS STONE,"ALOK,MATHIEU KOSS",,,,SONY MUSIC PUBLISHING,SPINNIN' RECORDS,,,0,0
Globo,MusicCueSheet_TvAberta_Agosto2023.xlsx,MusicCueSheet_Agosto23,,25/08/2023,5890,,,BIG JET PLANE,ANGUS STONE,"ALOK,MATHIEU KOSS",,,,SONY MUSIC PUBLISHING,SPINNIN' RECORDS,,,0,0
Globo,MusicCueSheet_TvAberta_Agosto2023.xlsx,MusicCueSheet_Agosto23,,25/08/2023,5890,,,BIG JET PLANE,ANGUS STONE,"ALOK,MATHIEU KOSS",,,,SONY MUSIC PUBLISHING,SPINNIN' RECORDS,,,0,0
Globo,MusicCueSheet_TvAberta_Agosto2023.xlsx,MusicCueSheet_Agosto23,,25/08/2023,5890,,,BIG JET PLANE,ANGUS STONE,"ALOK,MATHIEU KOSS",,,,SONY MUSIC PUBLISHING,SPINNIN' RECORDS,,,0,0
Globo,MusicCueSheet_TvAberta_Agosto2023.xlsx,MusicCueSheet_Agosto23,,25/08/2023,5890,,,BIG JET PLANE,ANGUS STONE,"ALOK,MATHIEU KOSS",,,,SONY MUSIC PUBLISHING,SPINNIN' RECORDS,,,0,0
Globo,MusicCueSheet_TvAberta_Agosto2023.xlsx,MusicCueSheet_Agosto23,,25/08/2023,TA VIAJANDO,,,AQUI TEM UM BANDO DE LOUCO  LOUCO POR TI CORINTHIANS,TUCA VEIGA,"PLATEIA VAI QUE COLA,MARCELO MEDICI",,,,SONY MUSIC PUBLISHING,,,,0,0
Globo,MusicCueSheet_TvAberta_Agosto2023.xlsx,MusicCueSheet_Agosto23,,25/08/2023,TA VIAJANDO,,,CHARIOTS OF FIRE,VANGELIS,VANGELIS,,,,SONY MUSIC PUBLISHING,,,,0,0
Globo,MusicCueSheet_TvAberta_Agosto2023.xlsx,MusicCueSheet_Agosto23,,25/08/2023,TA VIAJANDO,,,DUEL OF THE FATES,JOHN WILLIAMS,JOHN WILLIAMS,,,,UNIVERSAL MGB,,,,0,0
Globo,MusicCueSheet_TvAberta_Agosto2023.xlsx,MusicCueSheet_Agosto23,,25/08/2023,TA VIAJANDO,,,FERA FERIDA,"ERASMO CARLOS,ROBERTO CARLOS",MARIA BETHANIA,,,,"SONY MUSIC PUBLISHING,SONY MUSIC PUBLISHING",,,,0,0
Globo,MusicCueSheet_TvAberta_Agosto2023.xlsx,MusicCueSheet_Agosto23,,25/08/2023,TA VIAJANDO,,,IS THIS LOVE,BOB MARLEY,BOB MARLEY,,,,UNIVERSAL MGB,,,,0,0
Globo,MusicCueSheet_TvAberta_Agosto2023.xlsx,MusicCueSheet_Agosto23,,25/08/2023,TA VIAJANDO,,,MARICOTINHA,DORIVAL CAYMMI,MARIA BETHANIA,,,,SONY MUSIC PUBLISHING,,,,0,0
Globo,MusicCueSheet_TvAberta_Agosto2023.xlsx,MusicCueSheet_Agosto23,,25/08/2023,TA VIAJANDO,,,MENINO DO RIO,CAETANO VELOSO,CATARINA ABDALA,,,,WARNER CHAPPELL,,,,0,0
Globo,MusicCueSheet_TvAberta_Agosto2023.xlsx,MusicCueSheet_Agosto23,,25/08/2023,TA VIAJANDO,,,MY HEART WILL GO ON,"JAMES HORNER,WILL JENNINGS,WILL JENNINGS",CELINE DION,,,,"SONY MUSIC PUBLISHING,SONY MUSIC PUBLISHING,UNIVERSAL MGB",,,,0,0
Globo,MusicCueSheet_TvAberta_Agosto2023.xlsx,MusicCueSheet_Agosto23,,25/08/2023,TA VIAJANDO,,,O MAR SERENOU,CANDEIA,CATARINA ABDALA,,,,UNIVERSAL MGB,,,,0,0
Globo,MusicCueSheet_TvAberta_Agosto2023.xlsx,MusicCueSheet_Agosto23,,26/08/2023,26082023,,,VALE VALE,"ALOK,WOLVE,ZAFRIR",ALOK,,,,"ABRAMUS,WARNER CHAPPELL,A DESCOBRIR",,,,0,0
Globo,MusicCueSheet_TvAberta_Agosto2023.xlsx,MusicCueSheet_Agosto23,,26/08/2023,26082023,,,HEAR ME NOW,"ALOK,BRUNO MARTINI,ZEEBA",ALOK,,,,"WARNER CHAPPELL,UNIVERSAL MGB,WARNER CHAPPELL",,,,0,0
Globo,MusicCueSheet_TvAberta_Agosto2023.xlsx,MusicCueSheet_Agosto23,,26/08/2023,26082023,,,DON T SAY GOODBYE,"ALEX COTOI,ALOK,HANNAH WILSON,IIKAY SENCAN,OHYES,ROBERT UHLMANN,TO LOVE",ALOK,,,,"ABRAMUS,A DESCOBRIR,A DESCOBRIR,ABRAMUS,WARNER CHAPPELL,ABRAMUS,WARNER CHAPPELL",,,,0,0
Globo,MusicCueSheet_TvAberta_Agosto2023.xlsx,MusicCueSheet_Agosto23,,26/08/2023,26082023,,,ALIVE,"ALOK,FELIX THOMAS WAYAN HAIN,JONATHAN KURZ,LUCAS CLAUDIUS JOAO HAIN,WOLVE",ALOK,,,,"A DESCOBRIR,A DESCOBRIR,WARNER CHAPPELL,A DESCOBRIR,UNIVERSAL MGB",,,,0,0
Globo,MusicCueSheet_TvAberta_Agosto2023.xlsx,MusicCueSheet_Agosto23,,26/08/2023,26082023,,,BYOB,"ALOK,KEVIN BRAUER,SEAN BRAUER",ALOK,,,,"A DESCOBRIR,A DESCOBRIR,A DESCOBRIR",,,,0,0
Globo,MusicCueSheet_TvAberta_Agosto2023.xlsx,MusicCueSheet_Agosto23,,26/08/2023,26082023,,,BYOB,"A.P. ACHKAR,K.D. BRAUER DE OLIVEIRA",ALOK,,,,"A DESCOBRIR,A DESCOBRIR",,,,0,0
Globo,MusicCueSheet_TvAberta_Agosto2023.xlsx,MusicCueSheet_Agosto23,,26/08/2023,26082023,,,ALWAYS FEEL LIKE,KENNEDY GORDY,ALOK,,,,A DESCOBRIR,,,,0,0
Globo,MusicCueSheet_TvAberta_Agosto2023.xlsx,MusicCueSheet_Agosto23,,26/08/2023,26082023,,,SPECTRUM,"FLORENCE WELCH,PAUL EPWORTH",ALOK,,,,"UNIVERSAL MGB,SONY MUSIC PUBLISHING",,,,0,0
Globo,MusicCueSheet_TvAberta_Agosto2023.xlsx,MusicCueSheet_Agosto23,,26/08/2023,26082023,,,KERNKRAFT 400,DR,ALOK,,,,A DESCOBRIR,,,,0,0
Globo,MusicCueSheet_TvAberta_Agosto2023.xlsx,MusicCueSheet_Agosto23,,26/08/2023,26082023,,,MIRACLE MAKER,"CAITLIN STUBBS,CLEMENTINE DOUGLAS,DOMINIC MATHESON,MARK ANTHONY HILAIRE",ALOK,,,,"A DESCOBRIR,A DESCOBRIR,A DESCOBRIR,A DESCOBRIR",,,,0,0
Globo,MusicCueSheet_TvAberta_Agosto2023.xlsx,MusicCueSheet_Agosto23,,26/08/2023,26082023,,,MEMOKER,GASTON RAMOS,GASTON RAMOS,,,,A DESCOBRIR,,,,0,0
Globo,MusicCueSheet_TvAberta_Agosto2023.xlsx,MusicCueSheet_Agosto23,,26/08/2023,26082023,,,ON    ON,"ALOK,EDVINAS PECHOVSKIS,GUUS MUULDER,JONAS DAVID KROPER,OHYES,YOSHI BREEN",ALOK,,,,"A DESCOBRIR,SONY MUSIC PUBLISHING,SONY MUSIC PUBLISHING,SONY MUSIC PUBLISHING,A DESCOBRIR,BMG",,,,0,0
Globo,MusicCueSheet_TvAberta_Agosto2023.xlsx,MusicCueSheet_Agosto23,,26/08/2023,26082023,,,BODY ON MY MIND,"ALOK,JOSEPH RICHARD DOYLE,JUSTIN DAVEY,SHAUN MUSTAFA DANNY TYLER COLWILL,WOLVE",ALOK,,,,"WARNER CHAPPELL,WARNER CHAPPELL,WARNER CHAPPELL,WARNER CHAPPELL,WARNER CHAPPELL",,,,0,0
Globo,MusicCueSheet_TvAberta_Agosto2023.xlsx,MusicCueSheet_Agosto23,,26/08/2023,26082023,,,THE FINAL COUNTDOWN,JOEY TEMPEST,ALOK,,,,SONY MUSIC PUBLISHING,,,,0,0
Globo,MusicCueSheet_TvAberta_Agosto2023.xlsx,MusicCueSheet_Agosto23,,26/08/2023,26082023,,,WORK WITH MY LOVE,"ALOK,HIGHT,JAMES ARTHUR,LORIS CIMINO,MAXIMILIAN RIEHL,OHYES,PATRICK MOTEN",ALOK,,,,"UNIVERSAL MGB,BMG,SONY MUSIC PUBLISHING,BMG,BMG,A DESCOBRIR,A DESCOBRIR",,,,0,0
Globo,MusicCueSheet_TvAberta_Agosto2023.xlsx,MusicCueSheet_Agosto23,,26/08/2023,26082023,,,WORK WITH MY LOVE,"ALOK,HIGHT,JAMES ARTHUR,LORIS CIMINO,MAXIMILIAN RIEHL,OHYES,PATRICK MOTEN",ALOK,,,,"UNIVERSAL MGB,BMG,SONY MUSIC PUBLISHING,BMG,BMG,A DESCOBRIR,A DESCOBRIR",,,,0,0
Globo,MusicCueSheet_TvAberta_Agosto2023.xlsx,MusicCueSheet_Agosto23,,26/08/2023,26082023,,,SOMEONE YOU LOVED,"BENJAMIN ALEXANDER KOHN,LEWIS CAPALDI,PETE KELLEHER,SAM ROMANS,TOM BARNES",ALOK,,,,"BMG,BMG,BMG,SONY MUSIC PUBLISHING,BMG",,,,0,0
Globo,MusicCueSheet_TvAberta_Agosto2023.xlsx,MusicCueSheet_Agosto23,,26/08/2023,26082023,,,TITANIUM,"DAVID GUETTA,DAVID GUETTA,GIORGIO TUINFORT,NICK WALL VAN,NICK WALL VAN,SIA FURLER",ALOK,,,,"ABRAMUS,PEERMUSIC,SONY MUSIC PUBLISHING,BMG,SONY MUSIC PUBLISHING,SONY MUSIC PUBLISHING",,,,0,0
Globo,MusicCueSheet_TvAberta_Agosto2023.xlsx,MusicCueSheet_Agosto23,,26/08/2023,26082023,,,RELOAD,"SEBASTIAN INGROSSO,TOMMY TRASH",ALOK,,,,"A DESCOBRIR,A DESCOBRIR",,,,0,0
Globo,MusicCueSheet_TvAberta_Agosto2023.xlsx,MusicCueSheet_Agosto23,,26/08/2023,26082023,,,INTRO,"BARIA QURESHI,JAMIE SMITH,OLIVER SIM,ROMY MADLEY CROFT",ALOK,,,,"UNIVERSAL MGB,UNIVERSAL MGB,UNIVERSAL MGB,UNIVERSAL MGB",,,,0,0
Globo,MusicCueSheet_TvAberta_Agosto2023.xlsx,MusicCueSheet_Agosto23,,26/08/2023,26082023,,,ALL BY MYSELF,"ALOK ACHKAR PERES PETRILLO,ANDREW WELLS,ANTHONY ROSSOMANDO,ELENA GOULDING,MARTIN GORE,OHYES,TOM MANN",ALOK,,,,"A DESCOBRIR,A DESCOBRIR,A DESCOBRIR,SONY MUSIC PUBLISHING,SONY MUSIC PUBLISHING,A DESCOBRIR,SONY MUSIC PUBLISHING",,,,0,0
Globo,MusicCueSheet_TvAberta_Agosto2023.xlsx,MusicCueSheet_Agosto23,,26/08/2023,26082023,,,L AMOUR TOUJOURS,"CARLO MONTAGNER,DIEGO LEONI,LUIGI D AGOSTINO,PAOLO SANDRINI",ALOK,,,,"A DESCOBRIR,A DESCOBRIR,A DESCOBRIR,A DESCOBRIR",,,,0,0
Globo,MusicCueSheet_TvAberta_Agosto2023.xlsx,MusicCueSheet_Agosto23,,26/08/2023,26082023,,,PIECE OF YOUR HEART,"CONOR BLAKE,JOSHUA GRIMMETT,LUCA DE GREGORIO,MATTIA VITALE,NATHAN CROSS,SIMONE GIANI",ALOK,,,,"UNIVERSAL MGB,UNIVERSAL MGB,A DESCOBRIR,UNIVERSAL MGB,UNIVERSAL MGB,UNIVERSAL MGB",,,,0,0
Globo,MusicCueSheet_TvAberta_Agosto2023.xlsx,MusicCueSheet_Agosto23,,26/08/2023,26082023,,,LOSE CONTROL,"CONOR MANNING,JOSHUA GRIMMETT,LUCA DE GREGORIO,MATTIA VITALE,REBECCA CLAIRE HILL,SIMONE GIANI",ALOK,,,,"UNIVERSAL MGB,A DESCOBRIR,UNIVERSAL MGB,UNIVERSAL MGB,SONY MUSIC PUBLISHING,ABRAMUS",,,,0,0
Globo,MusicCueSheet_TvAberta_Agosto2023.xlsx,MusicCueSheet_Agosto23,,26/08/2023,26082023,,,THE RHYTHM OF THE NIGHT,"A GORDON,FRANCESCO BONTEMPI,G SPAGNA,MICHAEL GAFFEY,PETER GLENISTER",ALOK,,,,"PEERMUSIC,PEERMUSIC,PEERMUSIC,WARNER CHAPPELL,BMG",,,,0,0
Globo,MusicCueSheet_TvAberta_Agosto2023.xlsx,MusicCueSheet_Agosto23,,26/08/2023,26082023,,,LOVE AGAIN,"ALIDA GARPESTAD PECK,ALOK ACHKAR PERES PETRILLO,ERIK SMAALAND,KRISS TOMMERBAKKE,WOLVE",ALOK,,,,"A DESCOBRIR,A DESCOBRIR,A DESCOBRIR,A DESCOBRIR,A DESCOBRIR",,,,0,0
Globo,MusicCueSheet_TvAberta_Agosto2023.xlsx,MusicCueSheet_Agosto23,,26/08/2023,26082023,,,TARAKA,"DIAMANTE ANTHONY BLACKMON,WHOMADEWHO",ALOK,,,,"A DESCOBRIR,A DESCOBRIR",,,,0,0
Globo,MusicCueSheet_TvAberta_Agosto2023.xlsx,MusicCueSheet_Agosto23,,26/08/2023,26082023,,,KILL KILL,GIO SILVA,ALOK,,,,A DESCOBRIR,,,,0,0
Globo,MusicCueSheet_TvAberta_Agosto2023.xlsx,MusicCueSheet_Agosto23,,26/08/2023,26082023,,,EVERYTHING YOU HAVE DONE,"GIOVANNI BOTTAI,LUCA DE GREGORIO,MATTIA VITALE,SIMONE GIANI",ALOK,,,,"A DESCOBRIR,A DESCOBRIR,A DESCOBRIR,A DESCOBRIR",,,,0,0
Globo,MusicCueSheet_TvAberta_Agosto2023.xlsx,MusicCueSheet_Agosto23,,26/08/2023,26082023,,,LOSING IT,PAUL NICHOLAS FISHER,ALOK,,,,A DESCOBRIR,,,,0,0
Globo,MusicCueSheet_TvAberta_Agosto2023.xlsx,MusicCueSheet_Agosto23,,26/08/2023,26082023,,,OTHERSIDE,"ANTHONY KIEDIS,CHAD SMITH,FLEA,JOHN FRUSCIANTE",ALOK,,,,"UNIVERSAL MGB,UNIVERSAL MGB,UNIVERSAL MGB,UNIVERSAL MGB",,,,0,0
Globo,MusicCueSheet_TvAberta_Agosto2023.xlsx,MusicCueSheet_Agosto23,,26/08/2023,26082023,,,PEPAS,"ANDY BAUZA,AXEL RAFAEL QUEZADA FULGENCIO,CARLOS EFREN REYES ROSADO,FRANKLIN JOVANI MARTINEZ,JOSE CARLOS GARCIA,JUAN MANUEL GOMEZ,KERIEL QUIROZ,MARCOS G PEREZ,VICTOR ALONSO CARDENAS OSPINA",ALOK,,,,"ABRAMUS,SONY MUSIC PUBLISHING,SONY MUSIC PUBLISHING,SONY MUSIC PUBLISHING,SONY MUSIC PUBLISHING,ABRAMUS,SONY MUSIC PUBLISHING,SONY MUSIC PUBLISHING,WARNER CHAPPELL",,,,0,0
Globo,MusicCueSheet_TvAberta_Agosto2023.xlsx,MusicCueSheet_Agosto23,,26/08/2023,26082023,,,ASTRONOMIA,ANTON IGUMNOV,ALOK,,,,A DESCOBRIR,,,,0,0
Globo,MusicCueSheet_TvAberta_Agosto2023.xlsx,MusicCueSheet_Agosto23,,26/08/2023,26082023,,,BEAT AUTOMOTIVO TAN TAN TAN VIRAL,WZ BEAT,ALOK,,,,A DESCOBRIR,,,,0,0
Globo,MusicCueSheet_TvAberta_Agosto2023.xlsx,MusicCueSheet_Agosto23,,26/08/2023,26082023,,,PUMP IT LOUDER,"ALLAN PINEDA,NICHOLAS ROUBANIS,STACY FERGUSON,THOMAS MUSSER,WILL ADAMS",ALOK,,,,"A DESCOBRIR,A DESCOBRIR,A DESCOBRIR,A DESCOBRIR,A DESCOBRIR",,,,0,0
Globo,MusicCueSheet_TvAberta_Agosto2023.xlsx,MusicCueSheet_Agosto23,,26/08/2023,26082023,,,MICHAEL DOUGLAS,JOAO BRASIL,ALOK,,,,WARNER CHAPPELL,,,,0,0
Globo,MusicCueSheet_TvAberta_Agosto2023.xlsx,MusicCueSheet_Agosto23,,26/08/2023,26082023,,,RAP DA FELICIDADE,"JULINHO RASTA,KATIA",ALOK,,,,"NOWA,NOWA",,,,0,0
Globo,MusicCueSheet_TvAberta_Agosto2023.xlsx,MusicCueSheet_Agosto23,,26/08/2023,26082023,,,MENOR DO ALVORADA,"MC GW,MC MENOR DO ALVORADA,S3BZS",ALOK,,,,"A DESCOBRIR,A DESCOBRIR,A DESCOBRIR",,,,0,0
Globo,MusicCueSheet_TvAberta_Agosto2023.xlsx,MusicCueSheet_Agosto23,,26/08/2023,26082023,,,VIRA DE LADINHO,"ANDINHO,GELEIA",ALOK,,,,"NOWA,NOWA",,,,0,0
Globo,MusicCueSheet_TvAberta_Agosto2023.xlsx,MusicCueSheet_Agosto23,,26/08/2023,26082023,,,PUMPED UP KICKS,MARK FOSTER,ALOK,,,,SONY MUSIC PUBLISHING,,,,0,0
Globo,MusicCueSheet_TvAberta_Agosto2023.xlsx,MusicCueSheet_Agosto23,,26/08/2023,26082023,,,VE SE PODE,MC LEVIN,ALOK,,,,A DESCOBRIR,,,,0,0
Globo,MusicCueSheet_TvAberta_Agosto2023.xlsx,MusicCueSheet_Agosto23,,26/08/2023,26082023,,,ATOLADINHA (ENTERRADINHA),"BOLA DE FOGO,MC SANDRINHO",ALOK,,,,"NOWA,NOWA",,,,0,0
Globo,MusicCueSheet_TvAberta_Agosto2023.xlsx,MusicCueSheet_Agosto23,,26/08/2023,26082023,,,LATE NIGHT PHONE CALL,KYLE WATSON,ALOK,,,,A DESCOBRIR,,,,0,0
Globo,MusicCueSheet_TvAberta_Agosto2023.xlsx,MusicCueSheet_Agosto23,,26/08/2023,26082023,,,GLAMOUROSA RAP DA GLAMUROSA,"MC MARCINHO,MC MARCINHO",ALOK,,,,"NOWA,SONY MUSIC PUBLISHING",,,,0,0
Globo,MusicCueSheet_TvAberta_Agosto2023.xlsx,MusicCueSheet_Agosto23,,26/08/2023,26082023,,,E HOJE,"DIDI,MESTRINHO",ALOK,,,,"SONY MUSIC PUBLISHING,SONY MUSIC PUBLISHING",,,,0,0
Globo,MusicCueSheet_TvAberta_Agosto2023.xlsx,MusicCueSheet_Agosto23,,26/08/2023,26082023,,,CAR KEYS AYLA,"AVA MAX,CIRKUT,FRIDOLIN B. WALCHER,INGO KUNZI,JIN JIN,MADLOVE,OLIVIER HELDENS,RACHEL KEEN",ALOK,,,,"A DESCOBRIR,UNIVERSAL MGB,A DESCOBRIR,A DESCOBRIR,UNIVERSAL MGB,A DESCOBRIR,UNIVERSAL MGB,A DESCOBRIR",,,,0,0
Globo,MusicCueSheet_TvAberta_Agosto2023.xlsx,MusicCueSheet_Agosto23,,26/08/2023,26082023,,,CAR KEYS AYLA,"AVA MAX,CIRKUT,FRIDOLIN B. WALCHER,INGO KUNZI,JIN JIN,MADLOVE,OLIVIER HELDENS,RACHEL KEEN","ALOK,TIËSTO REMIX",,,,"A DESCOBRIR,UNIVERSAL MGB,A DESCOBRIR,A DESCOBRIR,UNIVERSAL MGB,A DESCOBRIR,UNIVERSAL MGB,A DESCOBRIR",,,,0,0
Globo,MusicCueSheet_TvAberta_Agosto2023.xlsx,MusicCueSheet_Agosto23,,26/08/2023,26082023,,,HEAR ME NOW,"ALOK,BRUNO MARTINI,ZEEBA",ALOK,,,,"WARNER CHAPPELL,UNIVERSAL MGB,WARNER CHAPPELL",,,,0,0
Globo,MusicCueSheet_TvAberta_Agosto2023.xlsx,MusicCueSheet_Agosto23,,26/08/2023,26082023,,,BIG JET PLANE,ANGUS STONE,ALOK,,,,SONY MUSIC PUBLISHING,,,,0,0
Globo,MusicCueSheet_TvAberta_Agosto2023.xlsx,MusicCueSheet_Agosto23,,26/08/2023,26082023,,,OCEAN,"ALOK,IRON,RODRIGO,ZEEBA",ALOK,,,,"WARNER CHAPPELL,ABRAMUS,SONY MUSIC PUBLISHING,BMG",,,,0,0
Globo,MusicCueSheet_TvAberta_Agosto2023.xlsx,MusicCueSheet_Agosto23,,26/08/2023,26082023,,,NEVER LET ME GO,"ALOK,BRUNO MARTINI,ZEEBA",ALOK,,,,"WARNER CHAPPELL,UNIVERSAL MGB,BMG",,,,0,0
Globo,MusicCueSheet_TvAberta_Agosto2023.xlsx,MusicCueSheet_Agosto23,,26/08/2023,1128,,,BRILHO DE CRISTAL,"DELCIO LUIZ,NETINHO",PIXOTE,,,,"WARNER CHAPPELL,UNIVERSAL MGB",,,,0,0
Globo,MusicCueSheet_TvAberta_Agosto2023.xlsx,MusicCueSheet_Agosto23,,26/08/2023,1128,,,BRILHO DE CRISTAL,"DELCIO LUIZ,NETINHO",PIXOTE,,,,"WARNER CHAPPELL,UNIVERSAL MGB",,,,0,0
Globo,MusicCueSheet_TvAberta_Agosto2023.xlsx,MusicCueSheet_Agosto23,,26/08/2023,1128,,,TOMA TOMA VAPO VAPO,"LUCAS MEDEIROS,MC DANNY,SHYLTON FERNANDES,SHYLTON FERNANDES,VINICIUS POETA",ZÉ FELIPE,,,,"R3 PRODUÇÕES,KZA PRODUCOES ARTISTICAS LTDA,A DESCOBRIR,WARNER CHAPPELL,WARNER CHAPPELL",,,,0,0
Globo,MusicCueSheet_TvAberta_Agosto2023.xlsx,MusicCueSheet_Agosto23,,26/08/2023,1128,,,NEM DE GRACA,"FILIPE LABRE,HIAGO VINICIUS,JULIANO TCHULA,VINE SHOW",PIXOTE,,,,"BMG,ABRAMUS,BMG,ABRAMUS",,,,0,0
Globo,MusicCueSheet_TvAberta_Agosto2023.xlsx,MusicCueSheet_Agosto23,,26/08/2023,1128,,,GARCOM,REGINALDO ROSSI,TOM CAVALCANTE,,,,SONY MUSIC PUBLISHING,,,,0,0
Globo,MusicCueSheet_TvAberta_Agosto2023.xlsx,MusicCueSheet_Agosto23,,26/08/2023,1128,,,CIGANA,GABU,PIXOTE,,,,VITALE,,,,0,0
Globo,MusicCueSheet_TvAberta_Agosto2023.xlsx,MusicCueSheet_Agosto23,,26/08/2023,1128,,,QUE SE CHAMA AMOR,JOSE FERNANDO,PIXOTE,,,,ABRAMUS,,,,0,0
Globo,MusicCueSheet_TvAberta_Agosto2023.xlsx,MusicCueSheet_Agosto23,,26/08/2023,1128,,,MALVADA,"BRENO LIMA,RIVALDO SOARES,SHYLTON FERNANDES",ZÉ FELIPE,,,,"MAJOR PRODUÇÕES,KALEW SOARES,WARNER CHAPPELL",,,,0,0
Globo,MusicCueSheet_TvAberta_Agosto2023.xlsx,MusicCueSheet_Agosto23,,26/08/2023,1128,,,BRINCAR DE SER FELIZ,"MARIA DA PAZ,NINO",CHITÃOZINHO E XORORÓ,,,,"WARNER CHAPPELL,UNIVERSAL MGB",,,,0,0
Globo,MusicCueSheet_TvAberta_Agosto2023.xlsx,MusicCueSheet_Agosto23,,26/08/2023,1128,,,GRITO MUDO,"DANIEL LOPES,LUCAS LIMA,SANDY",SANDY E LUCAS LIMA,,,,"UNIVERSAL MGB,DUETO,UNIVERSAL MGB",,,,0,0
Globo,MusicCueSheet_TvAberta_Agosto2023.xlsx,MusicCueSheet_Agosto23,,26/08/2023,1128,,,INSEGURANCA,VALTINHO JOTA,PIXOTE,,,,DECK,,,,0,0
Globo,MusicCueSheet_TvAberta_Agosto2023.xlsx,MusicCueSheet_Agosto23,,26/08/2023,1128,,,PENSE EM MIM,"DOUGLAS MAIO,MARIO SOARES,ZE RIBEIRO",PIXOTE,,,,"WARNER CHAPPELL,WARNER CHAPPELL,WARNER CHAPPELL",,,,0,0
Globo,MusicCueSheet_TvAberta_Agosto2023.xlsx,MusicCueSheet_Agosto23,,26/08/2023,1128,,,MARRENTO,"BRENO MAJOR,JUNYNHO SILVA,PATRICK FERREIRA,RUANZIN POETA",ZÉ FELIPE,,,,"A DESCOBRIR,A DESCOBRIR,A DESCOBRIR,A DESCOBRIR",,,,0,0
Globo,MusicCueSheet_TvAberta_Agosto2023.xlsx,MusicCueSheet_Agosto23,,26/08/2023,1128,,,PARABENS,"DIMAS COSTA,ELEU SALVADOR","SHERON MENEZES, PATRICIA POETA",,,,"VITALE,VITALE",,,,0,0
Globo,MusicCueSheet_TvAberta_Agosto2023.xlsx,MusicCueSheet_Agosto23,,26/08/2023,1128,,,HINO DO CORINTHIANS,LAURO D AVILA,"SERGINHO GROISMAN, PLATÉIA",,,,CORISCO,,,,0,0
Globo,MusicCueSheet_TvAberta_Agosto2023.xlsx,MusicCueSheet_Agosto23,,26/08/2023,1128,,,ALMA GEMEA,PENINHA,TOM CAVALCANTE,,,,WARNER CHAPPELL,,,,0,0
Globo,MusicCueSheet_TvAberta_Agosto2023.xlsx,MusicCueSheet_Agosto23,,26/08/2023,1128,,,O SHOW TEM QUE CONTINUAR,"ARLINDO CRUZ,LUIZ CARLOS DA VILA,SOMBRINHA",PIXOTE,,,,"WARNER CHAPPELL,UNIVERSAL MGB,WARNER CHAPPELL",,,,0,0
Globo,MusicCueSheet_TvAberta_Agosto2023.xlsx,MusicCueSheet_Agosto23,,26/08/2023,1128,,,VACILAO,ZE ROBERTO,PIXOTE,,,,UNIVERSAL MGB,,,,0,0
Globo,MusicCueSheet_TvAberta_Agosto2023.xlsx,MusicCueSheet_Agosto23,,26/08/2023,1128,,,NEM DE GRACA,"FILIPE LABRE,HIAGO VINICIUS,JULIANO TCHULA,VINE SHOW",PIXOTE,,,,"BMG,ABRAMUS,BMG,ABRAMUS",,,,0,0
Globo,MusicCueSheet_TvAberta_Agosto2023.xlsx,MusicCueSheet_Agosto23,,26/08/2023,1128,,,REVOADA NO COLCHAO,"BATIDAO STRONDA,DG,DIEGO BARAO,LUCAS MEDEIROS,SHYLTON FERNANDES",ZÉ FELIPE,,,,"SONY MUSIC PUBLISHING,SONY MUSIC PUBLISHING,WARNER CHAPPELL,R3 PRODUÇÕES,WARNER CHAPPELL",,,,0,0
Globo,MusicCueSheet_TvAberta_Agosto2023.xlsx,MusicCueSheet_Agosto23,,26/08/2023,1128,,,AMARELINHA,"ALBERTO PAZ,EDSON MENEZES,LEANDRO LEHART",PIXOTE,,,,"ADDAF,ADDAF,ADDAF",,,,0,0
Globo,MusicCueSheet_TvAberta_Agosto2023.xlsx,MusicCueSheet_Agosto23,,26/08/2023,1128,,,AMARELINHA,"ALBERTO PAZ,EDSON MENEZES,LEANDRO LEHART",PIXOTE,,,,"ADDAF,ADDAF,ADDAF",,,,0,0
Globo,MusicCueSheet_TvAberta_Agosto2023.xlsx,MusicCueSheet_Agosto23,,26/08/2023,419,,,UM NOVO TEMPO,"MARCOS VALLE,NELSON MOTTA,PAULO SERGIO VALLE",BANDA BASE,FULL MIX,,,"SIGEM,SIGEM,SIGEM",GLOBO,,,0,0
Globo,MusicCueSheet_TvAberta_Agosto2023.xlsx,MusicCueSheet_Agosto23,,26/08/2023,419,,,ZONA DE PERIGO,"ADRIEL MAX,FELLA BROWN,LUKINHAS,PIERROT JUNIOR,RAFA CHAGAS,YVES",LEO SANTANA,,,,"DOM GUEDES,BMG,SONY MUSIC PUBLISHING,MACHADO CONSULTORIA NEGOCIAL,IESSI MUSIC PUBLISHING,IESSI MUSIC PUBLISHING",UNIVERSAL MUSIC,,,0,0
Globo,MusicCueSheet_TvAberta_Agosto2023.xlsx,MusicCueSheet_Agosto23,,26/08/2023,419,,,MORANGO DO NORDESTE,"FERNANDO ALVES,WALTER DE AFOGADOS",KARAMETADE,,,,"GEMA EDITORA,GEMA EDITORA",COLUMBIA,,,0,0
Globo,MusicCueSheet_TvAberta_Agosto2023.xlsx,MusicCueSheet_Agosto23,,26/08/2023,419,,,MORANGO DO NORDESTE,"FERNANDO ALVES,WALTER DE AFOGADOS",KARAMETADE,,,,"GEMA EDITORA,GEMA EDITORA",COLUMBIA,,,0,0
Globo,MusicCueSheet_TvAberta_Agosto2023.xlsx,MusicCueSheet_Agosto23,,26/08/2023,419,,,NAO PRECISA,VICTOR CHAVES,PAULA FERNANDES,,,,SONY MUSIC PUBLISHING,UNIVERSAL MUSIC,,,0,0
Globo,MusicCueSheet_TvAberta_Agosto2023.xlsx,MusicCueSheet_Agosto23,,26/08/2023,419,,,JEITO DE MATO,"MAURICIO SANTINI,PAULA FERNANDES","ALMIR SATER, PAULA FERNANDES",FULL MIX,,,"NOWA,UNIVERSAL MGB",UNIVERSAL,,,0,0
Globo,MusicCueSheet_TvAberta_Agosto2023.xlsx,MusicCueSheet_Agosto23,,26/08/2023,419,,,JEITO DE MATO,"MAURICIO SANTINI,PAULA FERNANDES",PAULA FERNANDES,,,,"NOWA,UNIVERSAL MGB",,,,0,0
Globo,MusicCueSheet_TvAberta_Agosto2023.xlsx,MusicCueSheet_Agosto23,,26/08/2023,419,,,PASSARO DE FOGO,PAULA FERNANDES,PAULA FERNANDES,,,,UNIVERSAL MGB,,,,0,0
Globo,MusicCueSheet_TvAberta_Agosto2023.xlsx,MusicCueSheet_Agosto23,,26/08/2023,419,,,DESPERTADOR,"CESAR LEMOS,FLAVINHO DO KADET,NOLAN WINFIELD SIPE,PAULA FERNANDES,RENNO POETA",PAULA FERNANDES,,,,"A DESCOBRIR,WARNER CHAPPELL,A DESCOBRIR,UNIVERSAL MGB,WARNER CHAPPELL",,,,0,0
Globo,MusicCueSheet_TvAberta_Agosto2023.xlsx,MusicCueSheet_Agosto23,,26/08/2023,419,,,DESPERTADOR,"CESAR LEMOS,FLAVINHO DO KADET,NOLAN WINFIELD SIPE,PAULA FERNANDES,RENNO POETA",PAULA FERNANDES,,,,"A DESCOBRIR,WARNER CHAPPELL,A DESCOBRIR,UNIVERSAL MGB,WARNER CHAPPELL",,,,0,0
Globo,MusicCueSheet_TvAberta_Agosto2023.xlsx,MusicCueSheet_Agosto23,,26/08/2023,419,,,DESPERTADOR,"CESAR LEMOS,FLAVINHO DO KADET,NOLAN WINFIELD SIPE,PAULA FERNANDES,RENNO POETA",PAULA FERNANDES,,,,"A DESCOBRIR,WARNER CHAPPELL,A DESCOBRIR,UNIVERSAL MGB,WARNER CHAPPELL",,,,0,0
Globo,MusicCueSheet_TvAberta_Agosto2023.xlsx,MusicCueSheet_Agosto23,,26/08/2023,419,,,O CALHAMBEQUE,"ERASMO CARLOS,GWEN,JOHN D LOUDERMILK",ROBERTO CARLOS,,,,"SONY MUSIC PUBLISHING,SONY MUSIC PUBLISHING,SONY MUSIC PUBLISHING",,,,0,0
Globo,MusicCueSheet_TvAberta_Agosto2023.xlsx,MusicCueSheet_Agosto23,,26/08/2023,419,,,O CALHAMBEQUE,"ERASMO CARLOS,GWEN,JOHN D LOUDERMILK",ROBERTO CARLOS,,,,"SONY MUSIC PUBLISHING,SONY MUSIC PUBLISHING,SONY MUSIC PUBLISHING",SONY MUSIC,,,0,0
Globo,MusicCueSheet_TvAberta_Agosto2023.xlsx,MusicCueSheet_Agosto23,,26/08/2023,419,,,GAROTA NOTA 100,"MICHAEL SULLIVAN,MIGUEL PLOPSCHI,PAULO MASSADAS","DJ MALBORO, MC MARCINHO",FULL MIX,,,"SONY MUSIC PUBLISHING,SONY MUSIC PUBLISHING,SONY MUSIC PUBLISHING",LINK RECORDS,,,0,0
Globo,MusicCueSheet_TvAberta_Agosto2023.xlsx,MusicCueSheet_Agosto23,,26/08/2023,419,,,GAROTA NOTA 100,"MICHAEL SULLIVAN,MIGUEL PLOPSCHI,PAULO MASSADAS",MC MARCINHO,,,,"SONY MUSIC PUBLISHING,SONY MUSIC PUBLISHING,SONY MUSIC PUBLISHING",,,,0,0
Globo,MusicCueSheet_TvAberta_Agosto2023.xlsx,MusicCueSheet_Agosto23,,26/08/2023,419,,,GAROTA NOTA 100,"MICHAEL SULLIVAN,MIGUEL PLOPSCHI,PAULO MASSADAS",MC MARCINHO,,,,"SONY MUSIC PUBLISHING,SONY MUSIC PUBLISHING,SONY MUSIC PUBLISHING",,,,0,0
Globo,MusicCueSheet_TvAberta_Agosto2023.xlsx,MusicCueSheet_Agosto23,,26/08/2023,419,,,NAO PRECISA,VICTOR CHAVES,PAULA FERNANDES,,,,SONY MUSIC PUBLISHING,,,,0,0
Globo,MusicCueSheet_TvAberta_Agosto2023.xlsx,MusicCueSheet_Agosto23,,26/08/2023,419,,,NAO PRECISA,VICTOR CHAVES,PAULA FERNANDES,,,,SONY MUSIC PUBLISHING,,,,0,0
Globo,MusicCueSheet_TvAberta_Agosto2023.xlsx,MusicCueSheet_Agosto23,,26/08/2023,26082023,,,DE UMA SO RAIZ,ELIAS PAULINO,"ELIAS PAULINO,CHINA SAMBAY",,,,A DESCOBRIR,,,,0,0
Globo,MusicCueSheet_TvAberta_Agosto2023.xlsx,MusicCueSheet_Agosto23,,26/08/2023,26082023,,,SORRISO ABERTO,GUARA,"CHINA SAMBAY,ELIAS PAULINO",,,,SONY MUSIC PUBLISHING,,,,0,0
Globo,MusicCueSheet_TvAberta_Agosto2023.xlsx,MusicCueSheet_Agosto23,,26/08/2023,26082023,,,TRIBUTO A MARIA HELENA,ELIAS PAULINO,ELIAS PAULINO,,,,A DESCOBRIR,,,,0,0
Globo,MusicCueSheet_TvAberta_Agosto2023.xlsx,MusicCueSheet_Agosto23,,26/08/2023,12,,,COISAS QUE EU SEI,DUDU FALCAO,FELIPE AMORIM,FULL MIX,,,WARNER CHAPPELL,ONEPLAY,,,0,0
Globo,MusicCueSheet_TvAberta_Agosto2023.xlsx,MusicCueSheet_Agosto23,,26/08/2023,12,,,COISAS QUE EU SEI,DUDU FALCAO,FELIPE AMORIM,BG,,,WARNER CHAPPELL,ONEPLAY,,,0,0
Globo,MusicCueSheet_TvAberta_Agosto2023.xlsx,MusicCueSheet_Agosto23,,26/08/2023,26082023,,,YOU CAN T ALWAYS GET WHAT YOU WANT,"KEITH RICHARDS,MICK JAGGER",THE ROLLING STONES,,,,"SONY MUSIC PUBLISHING,SONY MUSIC PUBLISHING",,,,0,0
Globo,MusicCueSheet_TvAberta_Agosto2023.xlsx,MusicCueSheet_Agosto23,,26/08/2023,26082023,,,YOU CAN T ALWAYS GET WHAT YOU WANT,"KEITH RICHARDS,MICK JAGGER",THE ROLLING STONES,,,,"SONY MUSIC PUBLISHING,SONY MUSIC PUBLISHING",,,,0,0
Globo,MusicCueSheet_TvAberta_Agosto2023.xlsx,MusicCueSheet_Agosto23,,27/08/2023,27082023,,,BRINCAR DE SER FELIZ,"MARIA DA PAZ,NINO",CHITÃOZINHO & XORORO,,,,"WARNER CHAPPELL,UNIVERSAL MGB",,,,0,0
Globo,MusicCueSheet_TvAberta_Agosto2023.xlsx,MusicCueSheet_Agosto23,,27/08/2023,27082023,,,SINONIMOS,"CESAR AUGUSTO,CLAUDIO NOAM,PAULO SERGIO",CHITÃOZINHO & XORORO,,,,"WARNER CHAPPELL,SONY MUSIC PUBLISHING,WARNER CHAPPELL",,,,0,0
Globo,MusicCueSheet_TvAberta_Agosto2023.xlsx,MusicCueSheet_Agosto23,,27/08/2023,27082023,,,EVIDENCIAS,"JOSE AUGUSTO,PAULO SERGIO VALLE",CHITÃOZINHO & XORORO,,,,"UNIVERSAL MGB,SONY MUSIC PUBLISHING",,,,0,0
Globo,MusicCueSheet_TvAberta_Agosto2023.xlsx,MusicCueSheet_Agosto23,,27/08/2023,27082023,,,VOA BEIJA FLOR,EULER COELHO,JORGE & MATEUS,,,,PANTTANAL,,,,0,0
Globo,MusicCueSheet_TvAberta_Agosto2023.xlsx,MusicCueSheet_Agosto23,,27/08/2023,27082023,,,PODE CHORAR,DORGIVAL DANTAS,JORGE & MATEUS,,,,UNIVERSAL MGB,,,,0,0
Globo,MusicCueSheet_TvAberta_Agosto2023.xlsx,MusicCueSheet_Agosto23,,27/08/2023,27082023,,,FLOR,"RENATO BARROS,ZE HENRIQUE",JORGE & MATEUS,,,,"PEERMUSIC,SONY MUSIC PUBLISHING",,,,0,0
Globo,MusicCueSheet_TvAberta_Agosto2023.xlsx,MusicCueSheet_Agosto23,,27/08/2023,27082023,,,ENQUANTO HOUVER RAZOES,MAURICIO MELLO,JORGE & MATEUS,,,,BMG,,,,0,0
Globo,MusicCueSheet_TvAberta_Agosto2023.xlsx,MusicCueSheet_Agosto23,,27/08/2023,27082023,,,A HORA E AGORA,"DUDU BORGES,JORGE",JORGE & MATEUS,,,,"PANTTANAL,J&M",,,,0,0
Globo,MusicCueSheet_TvAberta_Agosto2023.xlsx,MusicCueSheet_Agosto23,,27/08/2023,27082023,,,ERRO GOSTOSO,"DE ANGELO,DE ANGELO,EDSON GARCIA,ELIABE QUEXIN,FELIPE MARINS,FLAVINHO DO KADET,LUCAS SOUZA",SIMONE MENDES,,,,"A DESCOBRIR,WARNER CHAPPELL,BMG,SONY MUSIC PUBLISHING,SONY MUSIC PUBLISHING,WARNER CHAPPELL,SONY MUSIC PUBLISHING",,,,0,0
Globo,MusicCueSheet_TvAberta_Agosto2023.xlsx,MusicCueSheet_Agosto23,,27/08/2023,27082023,,,FOI PA PUM,"DANIEL CAON,JUAN MARCUS",SIMONE MENDES,,,,"WARNER CHAPPELL,ABRAMUS",,,,0,0
Globo,MusicCueSheet_TvAberta_Agosto2023.xlsx,MusicCueSheet_Agosto23,,27/08/2023,27082023,,,REGIME FECHADO,"HIAGO VINICIUS,HIAGO VINICIUS,JENNER MELO,JUAN MARCOS,NATANAEL SILVA,SAMUEL ALVES,THIAGO ALVES",SIMONE MENDES,,,,"A DESCOBRIR,ABRAMUS,ABRAMUS,ABRAMUS,ABRAMUS,LB MUSIC,LB MUSIC",,,,0,0
Globo,MusicCueSheet_TvAberta_Agosto2023.xlsx,MusicCueSheet_Agosto23,,27/08/2023,27082023,,,MESA VERMELHA,"DE ANGELO,DIEGO SILVEIRA,JUNIOR GOMES,JUNIOR PEPATO,LARI FERREIRA",SIMONE MENDES,,,,"A DESCOBRIR,A DESCOBRIR,A DESCOBRIR,A DESCOBRIR,A DESCOBRIR",,,,0,0
Globo,MusicCueSheet_TvAberta_Agosto2023.xlsx,MusicCueSheet_Agosto23,,27/08/2023,27082023,,,GRAVETO,"EDU MOURA,MATHEUS DI PADUA,NORMANI PELEGRINI","SIMONE MENDES,PERICLES",,,,"UNIVERSAL MGB,UNIVERSAL MGB,UNIVERSAL MGB",,,,0,0
Globo,MusicCueSheet_TvAberta_Agosto2023.xlsx,MusicCueSheet_Agosto23,,27/08/2023,103,,,JAILHOUSE ROCK,"JERRY LEIBER,MIKE STOLLER,MIKE STOLLER,MIKE STOLLER",ELVIS PRESLEY,,,,"UNIVERSAL MGB,PEERMUSIC,SONY MUSIC PUBLISHING,UNIVERSAL MGB",RCA RECORDS LABEL,,,0,0
Globo,MusicCueSheet_TvAberta_Agosto2023.xlsx,MusicCueSheet_Agosto23,,27/08/2023,103,,,DOCE MEL (BOM ESTAR COM VOCE),"CLAUDIO RABELLO,RENATO CORREA",XUXA,,,,"SONY MUSIC PUBLISHING,SONY MUSIC PUBLISHING",SOM LIVRE,,,0,0
Globo,MusicCueSheet_TvAberta_Agosto2023.xlsx,MusicCueSheet_Agosto23,,27/08/2023,103,,,TINDOLELE,"CID GUERREIRO,DITO",XUXA,,,,"PEERMUSIC,PEERMUSIC",SOM LIVRE,,,0,0
Globo,MusicCueSheet_TvAberta_Agosto2023.xlsx,MusicCueSheet_Agosto23,,27/08/2023,103,,,DANCANDO CALYPSO,"CARLA MAUES,JOSIEL CARVALHO",JOELMA,,,,"AR MUSIC,AR MUSIC",ABACUOS,,,0,0
Globo,MusicCueSheet_TvAberta_Agosto2023.xlsx,MusicCueSheet_Agosto23,,27/08/2023,103,,,WRECKING BALL,"DAVID KIM,HENRY WALTER,LUKASZ GOTTWALD,MAUREEN ANN MCDONALD,SACHA SKARBEK,STEPHAN MOCCIO","DAVID CAMPBELL,MILEY CYRUS",,,,"SONY MUSIC PUBLISHING,ABRAMUS,ABRAMUS,SONY MUSIC PUBLISHING,ABRAMUS,UNIVERSAL MGB",SONY MUSIC PUBLISHING,,,0,0
Globo,MusicCueSheet_TvAberta_Agosto2023.xlsx,MusicCueSheet_Agosto23,,27/08/2023,103,,,BOHEMIAN RHAPSODY,FREDDIE MERCURY,QUEEN,,,,SONY MUSIC PUBLISHING,EMI,,,0,0
Globo,MusicCueSheet_TvAberta_Agosto2023.xlsx,MusicCueSheet_Agosto23,,27/08/2023,103,,,LIVRE ESTOU,"JAIME FIDALGO FERRA FILHO,KRISTEN ANDERSON LOPEZ,ROBERT LOPEZ",TARYN SZPILMAN,,,,"UNIVERSAL MGB,UNIVERSAL MGB,UNIVERSAL MGB",WALT DISNEY RECORDS,,,0,0
Globo,MusicCueSheet_TvAberta_Agosto2023.xlsx,MusicCueSheet_Agosto23,,27/08/2023,103,,,ENVOLVER,"ANITTA,CRISTIAN ANDRES SALAZAR,FREDDY MONTALVO ALICEA,JOSE CARLOS CRUZ,JULIO MANUEL GONZALE,JULIO MANUEL GONZALE",ANITTA,,,,"SONY MUSIC PUBLISHING,SONY MUSIC PUBLISHING,UNIVERSAL MGB,UNIVERSAL MGB,ABRAMUS,SONY MUSIC PUBLISHING",WEA LATINA,,,0,0
Globo,MusicCueSheet_TvAberta_Agosto2023.xlsx,MusicCueSheet_Agosto23,,27/08/2023,103,,,K O,"MAFFALDA,PABLO BISPO,RODRIGO GORKY",PABLLO VITTAR,,,,"WARNER CHAPPELL,WARNER CHAPPELL,WARNER CHAPPELL",SONY MUSIC ENTERTAINMENT,,,0,0
Globo,MusicCueSheet_TvAberta_Agosto2023.xlsx,MusicCueSheet_Agosto23,,27/08/2023,103,,,LEILAO,"GLORIA GROOVE,PABLO BISPO,RUXELL",GLORIA GROOVE,,,,"WARNER CHAPPELL,WARNER CHAPPELL,WARNER CHAPPELL",SB MUSIC,,,0,0
Globo,MusicCueSheet_TvAberta_Agosto2023.xlsx,MusicCueSheet_Agosto23,,27/08/2023,103,,,CAR KEYS AYLA,"AVA MAX,CIRKUT,FRIDOLIN B. WALCHER,INGO KUNZI,JIN JIN,MADLOVE,OLIVIER HELDENS,RACHEL KEEN","ALOK,AVA MAX,AYLA,TIËSTO",,,,"A DESCOBRIR,UNIVERSAL MGB,A DESCOBRIR,A DESCOBRIR,UNIVERSAL MGB,A DESCOBRIR,UNIVERSAL MGB,A DESCOBRIR",COLUMBIA/B1 RECORDINGS,,,0,0
Globo,MusicCueSheet_TvAberta_Agosto2023.xlsx,MusicCueSheet_Agosto23,,27/08/2023,103,,,ONDE ESTA O DINHEIRO,"FRANCISCO MATTOSO,JOSE MARIA DE ABREU,PAULO BARBOSA",GAL COSTA,,,,"VITALE,VITALE,VITALE",RCA RECORDS LABEL,,,0,0
Globo,MusicCueSheet_TvAberta_Agosto2023.xlsx,MusicCueSheet_Agosto23,,27/08/2023,103,,,FESTA DO ESTICA E PUXA,"BELL,WADINHO",XUXA,,,,"PEERMUSIC,PEERMUSIC",SOM LIVRE,,,0,0
Globo,MusicCueSheet_TvAberta_Agosto2023.xlsx,MusicCueSheet_Agosto23,,27/08/2023,103,,,MEU URSINHO BLAU BLAU,"PAULO MASSADAS,SERGIO DIAMANTE",SILVINHO BLAU BLAU,,,,"SONY MUSIC PUBLISHING,UNIVERSAL MGB",SOM LIVRE,,,0,0
Globo,MusicCueSheet_TvAberta_Agosto2023.xlsx,MusicCueSheet_Agosto23,,27/08/2023,103,,,RIDE IT,"ALAN MARK SAMPSON,JAY SEAN","REGARD,JONAS BLUE",,,,"VITALE,VITALE",MINISTRY OF SOUND RECORDINGS,,,0,0
Globo,MusicCueSheet_TvAberta_Agosto2023.xlsx,MusicCueSheet_Agosto23,,27/08/2023,103,,,RIDE IT,"ALAN MARK SAMPSON,JAY SEAN","REGARD,JONAS BLUE",,,,"VITALE,VITALE",MINISTRY OF SOUND RECORDINGS,,,0,0
Globo,MusicCueSheet_TvAberta_Agosto2023.xlsx,MusicCueSheet_Agosto23,,27/08/2023,103,,,SAY IT RIGHT,MEF,MEF,,,,A DESCOBRIR,,,,0,0
Globo,MusicCueSheet_TvAberta_Agosto2023.xlsx,MusicCueSheet_Agosto23,,27/08/2023,103,,,SAY IT RIGHT,MEF,MEF,,,,A DESCOBRIR,,,,0,0
Globo,MusicCueSheet_TvAberta_Agosto2023.xlsx,MusicCueSheet_Agosto23,,27/08/2023,103,,,MOVE YOUR BODY,"EDUARDO FORNASSA ZANIOLO,KALEBE SOARES TERENCLO","SEVEK,ÖWNBOSS",,,,"IMMED SOLUTION ED MUSIC,IMMED SOLUTION ED MUSIC",MUSICAL FREEDOM,,,0,0
Globo,MusicCueSheet_TvAberta_Agosto2023.xlsx,MusicCueSheet_Agosto23,,27/08/2023,103,,,MOVE YOUR BODY,"EDUARDO FORNASSA ZANIOLO,KALEBE SOARES TERENCLO","ÖWNBOSS,SEVEK",,,,"IMMED SOLUTION ED MUSIC,IMMED SOLUTION ED MUSIC",MUSICAL FREEDOM,,,0,0
Globo,MusicCueSheet_TvAberta_Agosto2023.xlsx,MusicCueSheet_Agosto23,,27/08/2023,103,,,VERTIGO,"ABEL ROMIJN,JESSE VAN DER HEIJDEN,PIM DE JONGE","ANOTR,ABEL BALDER",,,,"A DESCOBRIR,A DESCOBRIR,A DESCOBRIR",NO ART,,,0,0
Globo,MusicCueSheet_TvAberta_Agosto2023.xlsx,MusicCueSheet_Agosto23,,27/08/2023,103,,,VERTIGO,"ABEL ROMIJN,JESSE VAN DER HEIJDEN,PIM DE JONGE","ABEL BALDER,ANOTR",,,,"A DESCOBRIR,A DESCOBRIR,A DESCOBRIR",NO ART,,,0,0
Globo,MusicCueSheet_TvAberta_Agosto2023.xlsx,MusicCueSheet_Agosto23,,27/08/2023,103,,,PODE ISSO DONA DEIA,"PEDRINHO DO CAVADO,RAFAEL PORTUGAL","RAFAEL PORTUGAL,PEDRINHO DO CAVADO.",,,,"A DESCOBRIR,A DESCOBRIR",,,,0,0
Globo,MusicCueSheet_TvAberta_Agosto2023.xlsx,MusicCueSheet_Agosto23,,27/08/2023,103,,,PODE ISSO DONA DEIA,"PEDRINHO DO CAVADO,RAFAEL PORTUGAL","RAFAEL PORTUGAL,PEDRINHO DO CAVADO",,,,"A DESCOBRIR,A DESCOBRIR",,,,0,0
Globo,MusicCueSheet_TvAberta_Agosto2023.xlsx,MusicCueSheet_Agosto23,,27/08/2023,103,,,PODE ISSO DONA DEIA,"PEDRINHO DO CAVADO,RAFAEL PORTUGAL","PORTUGAL,PEDRINHO DO CAVADO",,,,"A DESCOBRIR,A DESCOBRIR",,,,0,0
Globo,MusicCueSheet_TvAberta_Agosto2023.xlsx,MusicCueSheet_Agosto23,,27/08/2023,103,,,LIVRE ESTOU,"JAIME FIDALGO FERRA FILHO,KRISTEN ANDERSON LOPEZ,ROBERT LOPEZ",TARYN SZPILMAN,,,,"UNIVERSAL MGB,UNIVERSAL MGB,UNIVERSAL MGB",WALT DISNEY RECORDS,,,0,0
Globo,MusicCueSheet_TvAberta_Agosto2023.xlsx,MusicCueSheet_Agosto23,,27/08/2023,103,,,K O,"MAFFALDA,PABLO BISPO,RODRIGO GORKY",PABLO VITTAR,,,,"WARNER CHAPPELL,WARNER CHAPPELL,WARNER CHAPPELL",,,,0,0
Globo,MusicCueSheet_TvAberta_Agosto2023.xlsx,MusicCueSheet_Agosto23,,27/08/2023,103,,,WRECKING BALL,"DAVID KIM,HENRY WALTER,LUKASZ GOTTWALD,MAUREEN ANN MCDONALD,SACHA SKARBEK,STEPHAN MOCCIO","MILEY CYRUS,DAVID CAMPBELL",,,,"SONY MUSIC PUBLISHING,ABRAMUS,ABRAMUS,SONY MUSIC PUBLISHING,ABRAMUS,UNIVERSAL MGB",SONY MUSIC PUBLISHING,,,0,0
Globo,MusicCueSheet_TvAberta_Agosto2023.xlsx,MusicCueSheet_Agosto23,,27/08/2023,103,,,O SONHO ACABOU,GILBERTO GIL,GILBERTO GIL,,,,SONY MUSIC PUBLISHING,GEGE,,,0,0
Globo,MusicCueSheet_TvAberta_Agosto2023.xlsx,MusicCueSheet_Agosto23,,27/08/2023,103,,,CACHORRINHAS,"DIGGO MARTINS,ELANA DARA,HODARI,LAUDZ,LUISA SONZA,ZEGON",LUÍSA SONZA,,,,"WARNER CHAPPELL,WARNER CHAPPELL,UNIVERSAL MGB,BMG,UNIVERSAL MGB,BMG",SONY MUSIC ENTERTAINMENT,,,0,0
Globo,MusicCueSheet_TvAberta_Agosto2023.xlsx,MusicCueSheet_Agosto23,,27/08/2023,103,,,SO LOVE,MC BUCHECHA,"CLAUDINHO,BUCHECHA",,,,WARNER CHAPPELL,UNIVERSAL MUSIC LTDA.,,,0,0
Globo,MusicCueSheet_TvAberta_Agosto2023.xlsx,MusicCueSheet_Agosto23,,27/08/2023,103,,,SHINE IT ON,"ANDREAS ROMDHANE,INA WROLDSEN,JOSEF LAROSSI,TULA CONTOSTLAVOS",WANESSA CAMARGO,,,,"UNIVERSAL MGB,A DESCOBRIR,UNIVERSAL MGB,SONY MUSIC PUBLISHING",RESERVOIR MEDIA MUSIC,,,0,0
Globo,MusicCueSheet_TvAberta_Agosto2023.xlsx,MusicCueSheet_Agosto23,,27/08/2023,103,,,24K MAGIC,"BRUNO MARS,CHRISTOPHER BRODY BROWN,PHILIP LAWRENCE",BRUNO MARS,,,,"WARNER CHAPPELL,WARNER CHAPPELL,WARNER CHAPPELL",ATLANTIC RECORDS,,,0,0
Globo,MusicCueSheet_TvAberta_Agosto2023.xlsx,MusicCueSheet_Agosto23,,27/08/2023,103,,,DANCANDO CALYPSO,"CARLA MAUES,JOSIEL CARVALHO",JOELMA,,,,"AR MUSIC,AR MUSIC",JOELMA,,,0,0
Globo,MusicCueSheet_TvAberta_Agosto2023.xlsx,MusicCueSheet_Agosto23,,27/08/2023,103,,,BOHEMIAN RHAPSODY,FREDDIE MERCURY,QUEEN,,,,SONY MUSIC PUBLISHING,EMI,,,0,0
Globo,MusicCueSheet_TvAberta_Agosto2023.xlsx,MusicCueSheet_Agosto23,,27/08/2023,103,,,CAR KEYS AYLA,"AVA MAX,CIRKUT,FRIDOLIN B. WALCHER,INGO KUNZI,JIN JIN,MADLOVE,OLIVIER HELDENS,RACHEL KEEN","ALOK,AVA MAX,AYLA,TIËSTO",,,,"A DESCOBRIR,UNIVERSAL MGB,A DESCOBRIR,A DESCOBRIR,UNIVERSAL MGB,A DESCOBRIR,UNIVERSAL MGB,A DESCOBRIR",COLUMBIA/B1 RECORDINGS,,,0,0
Globo,MusicCueSheet_TvAberta_Agosto2023.xlsx,MusicCueSheet_Agosto23,,27/08/2023,103,,,CALL MY NAME,"HOUSSAIN CHOUARI,JORDAN POWERS,JORDAN WRIGHT,MICHAEL CANITROT,NICOLAS MELIERE,VIVIE ANN BAKOS,ZYAH AHMONUEL",BLOND:ISH,,,,"A DESCOBRIR,A DESCOBRIR,A DESCOBRIR,A DESCOBRIR,WARNER CHAPPELL,A DESCOBRIR,A DESCOBRIR",FFRR,,,0,0
Globo,MusicCueSheet_TvAberta_Agosto2023.xlsx,MusicCueSheet_Agosto23,,27/08/2023,103,,,CALL MY NAME,"HOUSSAIN CHOUARI,JORDAN POWERS,JORDAN WRIGHT,MICHAEL CANITROT,NICOLAS MELIERE,VIVIE ANN BAKOS,ZYAH AHMONUEL",BLOND:ISH,,,,"A DESCOBRIR,A DESCOBRIR,A DESCOBRIR,A DESCOBRIR,WARNER CHAPPELL,A DESCOBRIR,A DESCOBRIR",FFRR,,,0,0
Globo,MusicCueSheet_TvAberta_Agosto2023.xlsx,MusicCueSheet_Agosto23,,27/08/2023,103,,,CONGA CONGA CONGA,"MISTER SAM,MISTER SAM",GRETCHEN,,,,"PEERMUSIC,WARNER CHAPPELL",UNIVERSAL MUSIC LTDA,,,0,0
Globo,MusicCueSheet_TvAberta_Agosto2023.xlsx,MusicCueSheet_Agosto23,,27/08/2023,103,,,BOLADONA,MARCIO,"DJ BATATA,DJ MARLBORO,TATI QUEBRA BARRACO",,,,NOWA,2005 LINK RECORDS,,,0,0
Globo,MusicCueSheet_TvAberta_Agosto2023.xlsx,MusicCueSheet_Agosto23,,27/08/2023,103,,,E POR ISSO QUE SOFRE,"BARBARA LABRES,DJ BATATA,TATI QUEBRA BARRACO",TATI QUEBRA BARRACO,,,,"A DESCOBRIR,UNIVERSAL MGB,UNIVERSAL MGB",,,,0,0
Globo,MusicCueSheet_TvAberta_Agosto2023.xlsx,MusicCueSheet_Agosto23,,27/08/2023,103,,,BODY TALK,"ALIDA GARPESTAD PECK,CESAR LAURENT DE RUMMEL,DORIAN LAUDUIQUE,ERIK SMAALAND,KRISTOFFER TOMMERBAKKE","OFENBACH,SVEA",,,,"KOBALT MUSIC,A DESCOBRIR,KOBALT MUSIC,KOBALT MUSIC,KOBALT MUSIC",ELEKTRA FRANCE,,,0,0
Globo,MusicCueSheet_TvAberta_Agosto2023.xlsx,MusicCueSheet_Agosto23,,27/08/2023,103,,,BODY TALK,"ALIDA GARPESTAD PECK,CESAR LAURENT DE RUMMEL,DORIAN LAUDUIQUE,ERIK SMAALAND,KRISTOFFER TOMMERBAKKE","OFENBACH,SVEA",,,,"KOBALT MUSIC,A DESCOBRIR,KOBALT MUSIC,KOBALT MUSIC,KOBALT MUSIC","ELEKTRA FRANCE,",,,0,0
Globo,MusicCueSheet_TvAberta_Agosto2023.xlsx,MusicCueSheet_Agosto23,,27/08/2023,103,,,SHALLOW,"ANDREW WYATT,ANDREW WYATT,ANDREW WYATT,ANTHONY ROSSOMANDO,ANTHONY ROSSOMANDO,ANTHONY ROSSOMANDO,LADY GAGA,LADY GAGA,MARK RONSON,MARK RONSON","LADY GAGA,BRADLEY COOPER",,,,"ABRAMUS,PEERMUSIC,UNIVERSAL MGB,ABRAMUS,PEERMUSIC,UNIVERSAL MGB,SONY MUSIC PUBLISHING,UNIVERSAL MGB,PEERMUSIC,UNIVERSAL MGB",CONCORD MUSIC PUBLISHING,,,0,0
Globo,MusicCueSheet_TvAberta_Agosto2023.xlsx,MusicCueSheet_Agosto23,,27/08/2023,103,,,BAD ROMANCE,"LADY GAGA,NADIR KHAYAT",LADY GAGA,,,,"SONY MUSIC PUBLISHING,SONY MUSIC PUBLISHING",INTERSCOPE,,,0,0
Globo,MusicCueSheet_TvAberta_Agosto2023.xlsx,MusicCueSheet_Agosto23,,27/08/2023,103,,,BAD ROMANCE,"LADY GAGA,NADIR KHAYAT",LADY GAGA,,,,"SONY MUSIC PUBLISHING,SONY MUSIC PUBLISHING",INTERSCOPE,,,0,0
Globo,MusicCueSheet_TvAberta_Agosto2023.xlsx,MusicCueSheet_Agosto23,,27/08/2023,103,,,TOM SAWYER,"ALEX LIFESON,GEDDY LEE,NEIL PEART,PYE DUBOIS",RUSH,,,,"PEERMUSIC,PEERMUSIC,PEERMUSIC,PEERMUSIC",MERCURY RECORDS,,,0,0
Globo,MusicCueSheet_TvAberta_Agosto2023.xlsx,MusicCueSheet_Agosto23,,27/08/2023,103,,,PESADAO,"IZA,MARCELO FALCAO,PABLO BISPO,RUXELL,SERGIO SANTOS",IZA,,,,"SONY MUSIC PUBLISHING,WARNER CHAPPELL,WARNER CHAPPELL,BMG,WARNER CHAPPELL",WM BRAZIL,,,0,0
Globo,MusicCueSheet_TvAberta_Agosto2023.xlsx,MusicCueSheet_Agosto23,,27/08/2023,103,,,GINGA,"PABLO BISPO,RINCON SAPIENCIA,RUXELL,SERGIO SANTOS",IZA,,,,"WARNER CHAPPELL,BOIA FRIA PRODUCOES,BMG,WARNER CHAPPELL",WM BRAZIL,,,0,0
Globo,MusicCueSheet_TvAberta_Agosto2023.xlsx,MusicCueSheet_Agosto23,,27/08/2023,103,,,DONA DE MIM,ARTHUR MAGNO SIMOES MARQUES,IZA,,,,WARNER CHAPPELL,WM BRAZIL,,,0,0
Globo,MusicCueSheet_TvAberta_Agosto2023.xlsx,MusicCueSheet_Agosto23,,27/08/2023,103,,,BAD ROMANCE,"LADY GAGA,NADIR KHAYAT",LADY GAGA,,,,"SONY MUSIC PUBLISHING,SONY MUSIC PUBLISHING",INTERSCOPE,,,0,0
Globo,MusicCueSheet_TvAberta_Agosto2023.xlsx,MusicCueSheet_Agosto23,,27/08/2023,103,,,DONA DE MIM,ARTHUR MAGNO SIMOES MARQUES,IZA,,,,WARNER CHAPPELL,WM BRAZIL,,,0,0
Globo,MusicCueSheet_TvAberta_Agosto2023.xlsx,MusicCueSheet_Agosto23,,27/08/2023,103,,,A AMIZADE,"BICUDO,CLEBER AUGUSTO,DJALMA FALCAO",RAFAEL PORTUGAL,,,,"WARNER CHAPPELL,WARNER CHAPPELL,WARNER CHAPPELL",,,,0,0
Globo,MusicCueSheet_TvAberta_Agosto2023.xlsx,MusicCueSheet_Agosto23,,27/08/2023,27082023,,,E GOL DO RONY,MARLON GOES,"DA1ZIG,MARLON GOES",,,,MARLON GOES,,,,0,0
Globo,MusicCueSheet_TvAberta_Agosto2023.xlsx,MusicCueSheet_Agosto23,,27/08/2023,O MOTOBOY FANTASMA,,,A NOITE PRETA,"ALCEU VALENCA,LULA CORTES,ZE RAMALHO",ZE RAMALHO,,,,"A DESCOBRIR,A DESCOBRIR,SONY MUSIC PUBLISHING",,,,0,0
Globo,MusicCueSheet_TvAberta_Agosto2023.xlsx,MusicCueSheet_Agosto23,,27/08/2023,O MOTOBOY FANTASMA,,,THRILLER,ROD TEMPERTON,MICHAEL JACKSON,,,,WARNER CHAPPELL,,,,0,0
Globo,MusicCueSheet_TvAberta_Agosto2023.xlsx,MusicCueSheet_Agosto23,,27/08/2023,2601,,,VERMELHO,"DALESTE,GLORIA GROOVE,PABLO BISPO,RUXELL",GLORIA GROOVE-,,,,"UNIVERSAL MGB,WARNER CHAPPELL,WARNER CHAPPELL,WARNER CHAPPELL",,,,0,0
Globo,MusicCueSheet_TvAberta_Agosto2023.xlsx,MusicCueSheet_Agosto23,,27/08/2023,2601,,,VERMELHO,"DALESTE,GLORIA GROOVE,PABLO BISPO,RUXELL",GLORIA GROOVE,,,,"UNIVERSAL MGB,WARNER CHAPPELL,WARNER CHAPPELL,WARNER CHAPPELL",,,,0,0
Globo,MusicCueSheet_TvAberta_Agosto2023.xlsx,MusicCueSheet_Agosto23,,27/08/2023,2601,,,HERO,"MARIAH CAREY,WALTER AFANASIEFF","GLORIA GROOVE,,DNA GINA",,,,"UNIVERSAL MGB,WARNER CHAPPELL",,,,0,0
Globo,MusicCueSheet_TvAberta_Agosto2023.xlsx,MusicCueSheet_Agosto23,,27/08/2023,2601,,,VERMELHO,"DALESTE,GLORIA GROOVE,PABLO BISPO,RUXELL",GLORIA GROOVE,,,,"UNIVERSAL MGB,WARNER CHAPPELL,WARNER CHAPPELL,WARNER CHAPPELL",,,,0,0
Globo,MusicCueSheet_TvAberta_Agosto2023.xlsx,MusicCueSheet_Agosto23,,27/08/2023,2601,,,ANJO,"CLAUDIO RABELLO,DALTO,RENATO CORREA",GLORIA GROOVE,,,,"SONY MUSIC PUBLISHING,SONY MUSIC PUBLISHING,SONY MUSIC PUBLISHING",,,,0,0
Globo,MusicCueSheet_TvAberta_Agosto2023.xlsx,MusicCueSheet_Agosto23,,27/08/2023,2601,,,ANJO,"CLAUDIO RABELLO,DALTO,RENATO CORREA",ROUPA NOVA,,,,"SONY MUSIC PUBLISHING,SONY MUSIC PUBLISHING,SONY MUSIC PUBLISHING",,,,0,0
Globo,MusicCueSheet_TvAberta_Agosto2023.xlsx,MusicCueSheet_Agosto23,,27/08/2023,2601,,,E TARDE DEMAIS,"ELIAS MUNIZ,LUIZ CARLOS",GLORIA GROOVE,,,,"PEERMUSIC,PEERMUSIC",,,,0,0
Globo,MusicCueSheet_TvAberta_Agosto2023.xlsx,MusicCueSheet_Agosto23,,27/08/2023,2601,,,E TARDE DEMAIS,"ELIAS MUNIZ,LUIZ CARLOS",RAÇA NEGRA,,,,"PEERMUSIC,PEERMUSIC",,,,0,0
Globo,MusicCueSheet_TvAberta_Agosto2023.xlsx,MusicCueSheet_Agosto23,,27/08/2023,2601,,,RADAR,"ARTHUR MARQUES,GLORIA GROOVE,PABLO BISPO,RUXELL,SERGIO SANTOS",GLORIA GROOVE,,,,"WARNER CHAPPELL,WARNER CHAPPELL,WARNER CHAPPELL,WARNER CHAPPELL,WARNER CHAPPELL",,,,0,0
Globo,MusicCueSheet_TvAberta_Agosto2023.xlsx,MusicCueSheet_Agosto23,,27/08/2023,2601,,,LEILAO,"GLORIA GROOVE,PABLO BISPO,RUXELL",GLORIA GROOVE,,,,"WARNER CHAPPELL,WARNER CHAPPELL,WARNER CHAPPELL",,,,0,0
Globo,MusicCueSheet_TvAberta_Agosto2023.xlsx,MusicCueSheet_Agosto23,,27/08/2023,2601,,,LEILAO,"GLORIA GROOVE,PABLO BISPO,RUXELL",GLORIA GROOVE,,,,"WARNER CHAPPELL,WARNER CHAPPELL,WARNER CHAPPELL",,,,0,0
Globo,MusicCueSheet_TvAberta_Agosto2023.xlsx,MusicCueSheet_Agosto23,,27/08/2023,27082023,,,ABRIU,TOM NASCIMENTO,TOM NASCIMENTO,,,,A DESCOBRIR,INDEPENDENTE,,,0,0
Globo,MusicCueSheet_TvAberta_Agosto2023.xlsx,MusicCueSheet_Agosto23,,27/08/2023,27082023,,,ABRIU,TOM NASCIMENTO,TOM NASCIMENTO,,,,A DESCOBRIR,INDEPENDENTE,,,0,0
Globo,MusicCueSheet_TvAberta_Agosto2023.xlsx,MusicCueSheet_Agosto23,,27/08/2023,27082023,,,FOGAO DE LENHA,"CARLOS COLLA,MAURICIO DUBOC,XORORO",TOM NASCIMENTO,,,,"ADDAF,SONY MUSIC PUBLISHING,PEERMUSIC",,,,0,0
Globo,MusicCueSheet_TvAberta_Agosto2023.xlsx,MusicCueSheet_Agosto23,,27/08/2023,27082023,,,GALOPEIRA,"MAURICIO CARDOSO OCAMPO,MAURICIO CARDOSO OCAMPO,PEDRO BENTO,PEDRO BENTO",DONIZETI,,,,"UNIVERSAL MGB,WARNER CHAPPELL,UNIVERSAL MGB,WARNER CHAPPELL",,,,0,0
Globo,MusicCueSheet_TvAberta_Agosto2023.xlsx,MusicCueSheet_Agosto23,,27/08/2023,27082023,,,MELANINA,"TOM NASCIMENTO,VANIA NASCIMENTO","TOM NASCIMENTO,NATASHA OLIVEIRA",,,,"A DESCOBRIR,A DESCOBRIR",,,,0,0
Globo,MusicCueSheet_TvAberta_Agosto2023.xlsx,MusicCueSheet_Agosto23,,27/08/2023,27082023,,,GALOPE,GONZAGUINHA,BERIMBROW,,,,MOLEQUE,,,,0,0
Globo,MusicCueSheet_TvAberta_Agosto2023.xlsx,MusicCueSheet_Agosto23,,27/08/2023,27082023,,,ILUSOES,"SERGIO CESARIO,TOM NASCIMENTO",TOM NASCIMENTO,,,,"A DESCOBRIR,A DESCOBRIR",,,,0,0
Globo,MusicCueSheet_TvAberta_Agosto2023.xlsx,MusicCueSheet_Agosto23,,27/08/2023,27082023,,,ILUSOES,"SERGIO CESARIO,TOM NASCIMENTO",TOM NASCIMENTO,,,,"A DESCOBRIR,A DESCOBRIR",,,,0,0
Globo,MusicCueSheet_TvAberta_Agosto2023.xlsx,MusicCueSheet_Agosto23,,27/08/2023,27082023,,,GRANDE ARQUITETO DO UNIVERSO,"NIL LUZ,TOM NASCIMENTO",TOM NASCIMENTO,,,,"A DESCOBRIR,A DESCOBRIR",,,,0,0
Globo,MusicCueSheet_TvAberta_Agosto2023.xlsx,MusicCueSheet_Agosto23,,27/08/2023,27082023,,,GRANDE ARQUITETO DO UNIVERSO,"NIL LUZ,TOM NASCIMENTO",TOM NASCIMENTO,,,,"A DESCOBRIR,A DESCOBRIR",,,,0,0
Globo,MusicCueSheet_TvAberta_Agosto2023.xlsx,MusicCueSheet_Agosto23,,27/08/2023,27082023,,,OBALUAE,TOM NASCIMENTO,TOM NASCIMENTO,,,,A DESCOBRIR,,,,0,0
Globo,MusicCueSheet_TvAberta_Agosto2023.xlsx,MusicCueSheet_Agosto23,,27/08/2023,27082023,,,ASA BRANCA,"HUMBERTO TEIXEIRA,LUIZ GONZAGA",TOM NASCIMENTO,,,,"FERMATA,FERMATA",,,,0,0
Globo,MusicCueSheet_TvAberta_Agosto2023.xlsx,MusicCueSheet_Agosto23,,27/08/2023,27082023,,,OBALUAE,TOM NASCIMENTO,TOM NASCIMENTO,,,,A DESCOBRIR,,,,0,0
Globo,MusicCueSheet_TvAberta_Agosto2023.xlsx,MusicCueSheet_Agosto23,,27/08/2023,27082023,,,SONHO DE PAZ  BOM DIA DIAMANTINA,ROBSON ALVES,TOM NASCIMENTO,,,,A DESCOBRIR,,,,0,0
Globo,MusicCueSheet_TvAberta_Agosto2023.xlsx,MusicCueSheet_Agosto23,,27/08/2023,27082023,,,VENHA DE BRANCO,TOM NASCIMENTO,TOM NASCIMENTO,,,,A DESCOBRIR,,,,0,0
Globo,MusicCueSheet_TvAberta_Agosto2023.xlsx,MusicCueSheet_Agosto23,,27/08/2023,27082023,,,DISPARADA,TOM NASCIMENTO,TOM NASCIMENTO,,,,A DESCOBRIR,,,,0,0
Globo,MusicCueSheet_TvAberta_Agosto2023.xlsx,MusicCueSheet_Agosto23,,27/08/2023,27082023,,,SARAVA,TOM NASCIMENTO,TOM NASCIMENTO,,,,A DESCOBRIR,,,,0,0
Globo,MusicCueSheet_TvAberta_Agosto2023.xlsx,MusicCueSheet_Agosto23,,27/08/2023,27082023,,,SOIS AFRICA,TOM NASCIMENTO,TOM NASCIMENTO,,,,A DESCOBRIR,,,,0,0
Globo,MusicCueSheet_TvAberta_Agosto2023.xlsx,MusicCueSheet_Agosto23,,27/08/2023,27082023,,,MELANINA,"TOM NASCIMENTO,VANIA NASCIMENTO",TOM NASCIMENTO,,,,"A DESCOBRIR,A DESCOBRIR",,,,0,0
Globo,MusicCueSheet_TvAberta_Agosto2023.xlsx,MusicCueSheet_Agosto23,,27/08/2023,27082023,,,ONDE E QUE VAI DAR,TOM NASCIMENTO,TOM NASCIMENTO,,,,A DESCOBRIR,,,,0,0
Globo,MusicCueSheet_TvAberta_Agosto2023.xlsx,MusicCueSheet_Agosto23,,27/08/2023,27082023,,,ASA BRANCA,"HUMBERTO TEIXEIRA,LUIZ GONZAGA",TOM NASCIMENTO,,,,"FERMATA,FERMATA",,,,0,0
Globo,MusicCueSheet_TvAberta_Agosto2023.xlsx,MusicCueSheet_Agosto23,,27/08/2023,ARQUIVO W,,,BANHO DE CHEIRO,CARLOS FERNANDO,ELBA RAMALHO,,,,SONY MUSIC PUBLISHING,,,,0,0
Globo,MusicCueSheet_TvAberta_Agosto2023.xlsx,MusicCueSheet_Agosto23,,27/08/2023,ARQUIVO W,,,BATUCADA 1,DUDU NOBRE,DUDU NOBRE,,,,UNIVERSAL MGB,,,,0,0
Globo,MusicCueSheet_TvAberta_Agosto2023.xlsx,MusicCueSheet_Agosto23,,27/08/2023,ARQUIVO W,,,CONCEICAO,"DUNGA,JAIR AMORIM",MARCUS MAJELLA,,,,"ADDAF,ADDAF",,,,0,0
Globo,MusicCueSheet_TvAberta_Agosto2023.xlsx,MusicCueSheet_Agosto23,,27/08/2023,ARQUIVO W,,,E T,"DR LUKE,JOSHUA COLEMAN,KATY PERRY,MAX MARTIN","KANYE WEST,KATY PERRY",,,,"ABRAMUS,ABRAMUS,WARNER CHAPPELL,ABRAMUS",,,,0,0
Globo,MusicCueSheet_TvAberta_Agosto2023.xlsx,MusicCueSheet_Agosto23,,27/08/2023,ARQUIVO W,,,FANTASTICO,"BONI,GUTO GRACA MELLO",SAMANTHA SCHMUTZ,,,,"SIGEM,SIGEM",,,,0,0
Globo,MusicCueSheet_TvAberta_Agosto2023.xlsx,MusicCueSheet_Agosto23,,27/08/2023,ARQUIVO W,,,FEIRA DO ACARI,JORGE CARIOCA,ZECA PAGODINHO,,,,UNIVERSAL MGB,,,,0,0
Globo,MusicCueSheet_TvAberta_Agosto2023.xlsx,MusicCueSheet_Agosto23,,27/08/2023,ARQUIVO W,,,O QUE E O QUE E,GONZAGUINHA,FLAVIA REIS,,,,MOLEQUE,,,,0,0
Globo,MusicCueSheet_TvAberta_Agosto2023.xlsx,MusicCueSheet_Agosto23,,27/08/2023,ARQUIVO W,,,ONCE UPON A DREAM,"JACK LAWRENCE,SAMMY FAIN",LANA DEL REY,,,,"UNIVERSAL MGB,UNIVERSAL MGB",,,,0,0
Globo,MusicCueSheet_TvAberta_Agosto2023.xlsx,MusicCueSheet_Agosto23,,27/08/2023,ARQUIVO W,,,VOICES IN THE STATIC,JOSEPH BISHARA,JOSEPH BISHARA,,,,ABRAMUS,,,,0,0
Globo,MusicCueSheet_TvAberta_Agosto2023.xlsx,MusicCueSheet_Agosto23,,27/08/2023,ARQUIVO W,,,X FILES THEME,MARK SNOW,MARK SNOW,,,,SONY MUSIC PUBLISHING,,,,0,0
Globo,MusicCueSheet_TvAberta_Agosto2023.xlsx,MusicCueSheet_Agosto23,,27/08/2023,ENCANTADORES DE COBRA,,,AI SE EU TE PEGO,"ALINE,AMANDA,DYGGS,KARINA,MARIA EDUARDA,SHARON",MICHEL TELO,,,,"PANTTANAL,PANTTANAL,PANTTANAL,PANTTANAL,PANTTANAL,PANTTANAL",,,,0,0
Globo,MusicCueSheet_TvAberta_Agosto2023.xlsx,MusicCueSheet_Agosto23,,27/08/2023,ENCANTADORES DE COBRA,,,AI SE EU TE PEGO,"ALINE,AMANDA,DYGGS,KARINA,MARIA EDUARDA,SHARON",MICHEL TELO,,,,"PANTTANAL,PANTTANAL,PANTTANAL,PANTTANAL,PANTTANAL,PANTTANAL",,,,0,0
Globo,MusicCueSheet_TvAberta_Agosto2023.xlsx,MusicCueSheet_Agosto23,,27/08/2023,ENCANTADORES DE COBRA,,,AI SE EU TE PEGO,"ALINE,AMANDA,DYGGS,KARINA,MARIA EDUARDA,SHARON",ELENCO,,,,"PANTTANAL,PANTTANAL,PANTTANAL,PANTTANAL,PANTTANAL,PANTTANAL",,,,0,0
Globo,MusicCueSheet_TvAberta_Agosto2023.xlsx,MusicCueSheet_Agosto23,,27/08/2023,ENCANTADORES DE COBRA,,,APPLAUSE,"DINO ZISIS,JULIEN ARIAS,LADY GAGA,MARTIN BRESSO,NICK MONSON,NICOLAS MERCIER,PAUL BLAIR,STEVE GUESS,WILLIAN GRIGAHCINE",LADY GAGA,,,,"WARNER CHAPPELL,A DESCOBRIR,SONY MUSIC PUBLISHING,A DESCOBRIR,WARNER CHAPPELL,WARNER CHAPPELL,UNIVERSAL MGB,BMG,PEERMUSIC",,,,0,0
Globo,MusicCueSheet_TvAberta_Agosto2023.xlsx,MusicCueSheet_Agosto23,,27/08/2023,ENCANTADORES DE COBRA,,,CRAZY IN LOVE,"BEYONCE KNOWLES,EUGENE RECORD,EUGENE RECORD,RICH HARRISON,SHAWN CARTER.",BEYONCE,,,,"SONY MUSIC PUBLISHING,A DESCOBRIR,WARNER CHAPPELL,SONY MUSIC PUBLISHING,SONY MUSIC PUBLISHING",,,,0,0
Globo,MusicCueSheet_TvAberta_Agosto2023.xlsx,MusicCueSheet_Agosto23,,27/08/2023,ENCANTADORES DE COBRA,,,VINGANCA,DOUGLAS CEZAR,LUAN SANTANA,,,,R3 PRODUÇÕES,,,,0,0
Globo,MusicCueSheet_TvAberta_Agosto2023.xlsx,MusicCueSheet_Agosto23,,27/08/2023,LGBTXYZ,,,BEIJINHO NO OMBRO,"ANDRE VIEIRA,ANDRE VIEIRA,DENNIS DJ,PARDAL,WALLACE VIANA,WALLACE VIANA",VALESCA POPOZUDA,,,,"UNIVERSAL MGB,WARNER CHAPPELL,SONY MUSIC PUBLISHING,ADDAF,UNIVERSAL MGB,WARNER CHAPPELL",,,,0,0
Globo,MusicCueSheet_TvAberta_Agosto2023.xlsx,MusicCueSheet_Agosto23,,27/08/2023,LGBTXYZ,,,BEIJINHO NO OMBRO,"ANDRE VIEIRA,ANDRE VIEIRA,DENNIS DJ,PARDAL,WALLACE VIANA,WALLACE VIANA",MARCUS MAJELLA,,,,"UNIVERSAL MGB,WARNER CHAPPELL,SONY MUSIC PUBLISHING,ADDAF,UNIVERSAL MGB,WARNER CHAPPELL",,,,0,0
Globo,MusicCueSheet_TvAberta_Agosto2023.xlsx,MusicCueSheet_Agosto23,,27/08/2023,LGBTXYZ,,,FICO ASSIM SEM VOCE,"ABDULLAH,CACA MORAES",CLAUDINHO E BUCHECHA,,,,"SONY MUSIC PUBLISHING,SONY MUSIC PUBLISHING",,,,0,0
Globo,MusicCueSheet_TvAberta_Agosto2023.xlsx,MusicCueSheet_Agosto23,,27/08/2023,LGBTXYZ,,,TARA S THEME  GONE WITH THE WIND,MAX STEINER,SCARLETT O HARA,,,,SONY MUSIC PUBLISHING,,,,0,0
Globo,MusicCueSheet_TvAberta_Agosto2023.xlsx,MusicCueSheet_Agosto23,,27/08/2023,LGBTXYZ,,,LOVE IS ALL THERE IS,"ELIZONDO MIKE,ELIZONDO MIKE,JEFF TROTT,JEFF TROTT,SHERYL CROW",SHERYL CROW,,,,"ROCKING GORILLAS,UNIVERSAL MGB,PEERMUSIC,WARNER CHAPPELL,BMG",,,,0,0
Globo,MusicCueSheet_TvAberta_Agosto2023.xlsx,MusicCueSheet_Agosto23,,27/08/2023,LGBTXYZ,,,PERSONAGEM,"ARTHUR MORGAN LINDSAY JR,ARTHUR MORGAN LINDSAY JR,KASSIN,KASSIN,MELVIN RUFUS",ARTHUR LINDSAY,,,,"WARNER CHAPPELL,ZB,SONY MUSIC PUBLISHING,WARNER CHAPPELL,WARNER CHAPPELL",,,,0,0
Globo,MusicCueSheet_TvAberta_Agosto2023.xlsx,MusicCueSheet_Agosto23,,27/08/2023,LGBTXYZ,,,QUEM DE NOS DOIS,"A DESCOBRIR,ANA,DUDU,GIANLUCA GRIGNANI,GIANLUCA GRIGNANI,MASSIMO LUCA",ANA CAROLINA,,,,"A DESCOBRIR,WARNER CHAPPELL,WARNER CHAPPELL,UNIVERSAL MGB,WARNER CHAPPELL,WARNER CHAPPELL",,,,0,0
Globo,MusicCueSheet_TvAberta_Agosto2023.xlsx,MusicCueSheet_Agosto23,,28/08/2023,1226,,,SABIA,"CHICO BUARQUE,TOM JOBIM",CARMINHO,,,,"MAROLA,JOBIM MUSIC",,,,0,0
Globo,MusicCueSheet_TvAberta_Agosto2023.xlsx,MusicCueSheet_Agosto23,,28/08/2023,1226,,,SABIA,"CHICO BUARQUE,TOM JOBIM",CARMINHO,,,,"MAROLA,JOBIM MUSIC",,,,0,0
Globo,MusicCueSheet_TvAberta_Agosto2023.xlsx,MusicCueSheet_Agosto23,,28/08/2023,1226,,,ESTRELA,CARMINHO,CARMINHO,,,,ADDAF,,,,0,0
Globo,MusicCueSheet_TvAberta_Agosto2023.xlsx,MusicCueSheet_Agosto23,,28/08/2023,1226,,,ESTRELA,CARMINHO,CARMINHO,,,,ADDAF,,,,0,0
Globo,MusicCueSheet_TvAberta_Agosto2023.xlsx,MusicCueSheet_Agosto23,,28/08/2023,1226,,,O QUARTO,"ALFREDO MARCENEIRO,CARMINHO",CARMINHO,,,,"ADDAF,ADDAF",,,,0,0
Globo,MusicCueSheet_TvAberta_Agosto2023.xlsx,MusicCueSheet_Agosto23,,28/08/2023,2867,,,TUDO E FESTA,MAURINHO DJ,MC MARCINHO,,,,SONY MUSIC PUBLISHING,LABIDAD MUSIC,,,0,0
Globo,MusicCueSheet_TvAberta_Agosto2023.xlsx,MusicCueSheet_Agosto23,,28/08/2023,2867,,,GLAMOUROSA RAP DA GLAMUROSA,"MC MARCINHO,MC MARCINHO",MC MARCINHO,FULL MIX,,,"NOWA,SONY MUSIC PUBLISHING",LINK RECORDS,,,0,0
Globo,MusicCueSheet_TvAberta_Agosto2023.xlsx,MusicCueSheet_Agosto23,,28/08/2023,2867,,,GLAMOUROSA RAP DA GLAMUROSA,"MC MARCINHO,MC MARCINHO",MC MARCINHO,,,,"NOWA,SONY MUSIC PUBLISHING",,,,0,0
Globo,MusicCueSheet_TvAberta_Agosto2023.xlsx,MusicCueSheet_Agosto23,,28/08/2023,2867,,,ATOS 2,"ANDRÉ AQUINO,GABRIELA ROCHA,HANANIEL EDUARDO",JULIA VITORIA,,,,"A DESCOBRIR,A DESCOBRIR,A DESCOBRIR",,,,0,0
Globo,MusicCueSheet_TvAberta_Agosto2023.xlsx,MusicCueSheet_Agosto23,,28/08/2023,2867,,,PAI DE AMOR,LUTHERAN YOUTH ALLIANCE,JULIA VITÓRIA,,,,A DESCOBRIR,,,,0,0
Globo,MusicCueSheet_TvAberta_Agosto2023.xlsx,MusicCueSheet_Agosto23,,28/08/2023,2867,,,DE DENTRO PRA FORA,JULIA VITÓRIA,JULIA VITÓRIA,,,,A DESCOBRIR,,,,0,0
Globo,MusicCueSheet_TvAberta_Agosto2023.xlsx,MusicCueSheet_Agosto23,,28/08/2023,2867,,,DE DENTRO PRA FORA,JULIA VITÓRIA,JULIA VITÓRIA,,,,A DESCOBRIR,,,,0,0
Globo,MusicCueSheet_TvAberta_Agosto2023.xlsx,MusicCueSheet_Agosto23,,28/08/2023,2867,,,ALEM DO RIO AZUL,CARLOS ALBERTO MOYSES,JULIA VITÓRIA,,,,PEERMUSIC,,,,0,0
Globo,MusicCueSheet_TvAberta_Agosto2023.xlsx,MusicCueSheet_Agosto23,,28/08/2023,2867,,,ALEM DO RIO AZUL,CARLOS ALBERTO MOYSES,JULIA VITÓRIA,,,,PEERMUSIC,,,,0,0
Globo,MusicCueSheet_TvAberta_Agosto2023.xlsx,MusicCueSheet_Agosto23,,28/08/2023,2867,,,PAI DE AMOR,LUTHERAN YOUTH ALLIANCE,JULIA VITÓRIA,,,,A DESCOBRIR,,,,0,0
Globo,MusicCueSheet_TvAberta_Agosto2023.xlsx,MusicCueSheet_Agosto23,,28/08/2023,2867,,,PAI DE AMOR,LUTHERAN YOUTH ALLIANCE,JULIA VITÓRIA,,,,A DESCOBRIR,,,,0,0
Globo,MusicCueSheet_TvAberta_Agosto2023.xlsx,MusicCueSheet_Agosto23,,28/08/2023,5891,,,O DESCOBRIDOR DOS SETE MARES,"GILSON MENDONCA,MICHEL",TIM MAIA,,,,"PEERMUSIC,PEERMUSIC",UNIVERSAL MUSIC,,,0,0
Globo,MusicCueSheet_TvAberta_Agosto2023.xlsx,MusicCueSheet_Agosto23,,28/08/2023,5891,,,O DESCOBRIDOR DOS SETE MARES,"GILSON MENDONCA,MICHEL",TIM MAIA,,,,"PEERMUSIC,PEERMUSIC",UNIVERSAL MUSIC,,,0,0
Globo,MusicCueSheet_TvAberta_Agosto2023.xlsx,MusicCueSheet_Agosto23,,28/08/2023,5891,,,PARABENS A VOCE,"LEA MAGALHAES,MILDRED J HILL,PATTY S HILL",BANDA CARA DE PAU,,,,"WARNER CHAPPELL,DP,DP",INDEPENDENTE,,,0,0
Globo,MusicCueSheet_TvAberta_Agosto2023.xlsx,MusicCueSheet_Agosto23,,28/08/2023,TERAPIA DE VIDAS PASSADAS,,,BYE BYE TRISTEZA,"CARLOS COLLA,MARCOS VALLE",SANDRA DE SA,,,,"ADDAF,SONY MUSIC PUBLISHING",,,,0,0
Globo,MusicCueSheet_TvAberta_Agosto2023.xlsx,MusicCueSheet_Agosto23,,28/08/2023,TERAPIA DE VIDAS PASSADAS,,,IS THIS LOVE,BOB MARLEY,BOB MARLEY & THE WAILERS,,,,UNIVERSAL MGB,,,,0,0
Globo,MusicCueSheet_TvAberta_Agosto2023.xlsx,MusicCueSheet_Agosto23,,28/08/2023,TERAPIA DE VIDAS PASSADAS,,,LOVE BY GRACE,"DAVE LOGGINS,WAYNE TESTER",LARA FABIAN,,,,"WARNER CHAPPELL,UNIVERSAL MGB",,,,0,0
Globo,MusicCueSheet_TvAberta_Agosto2023.xlsx,MusicCueSheet_Agosto23,,28/08/2023,TERAPIA DE VIDAS PASSADAS,,,O VIRA,"JOAO RICARDO,LUHLI",NEY MATOGROSSO,,,,"UNIVERSAL MGB,UNIVERSAL MGB",,,,0,0
Globo,MusicCueSheet_TvAberta_Agosto2023.xlsx,MusicCueSheet_Agosto23,,29/08/2023,1,,,CREEP,"ALBERT HAMMOND,COLIN GREENWOOD,EDWARD O BRIEN,JONATHAN GREENWOOD,MIKE HAZELWOOD,PHILIP SELWAY,THOMAS YORKE",RADIOHEAD,,,,"UNIVERSAL MGB,WARNER CHAPPELL,WARNER CHAPPELL,WARNER CHAPPELL,UNIVERSAL MGB,WARNER CHAPPELL,WARNER CHAPPELL",BEGGARS,,,0,0
Globo,MusicCueSheet_TvAberta_Agosto2023.xlsx,MusicCueSheet_Agosto23,,29/08/2023,1,,,CREEP,"ALBERT HAMMOND,COLIN GREENWOOD,EDWARD O BRIEN,JONATHAN GREENWOOD,MIKE HAZELWOOD,PHILIP SELWAY,THOMAS YORKE",RADIOHEAD,,,,"UNIVERSAL MGB,WARNER CHAPPELL,WARNER CHAPPELL,WARNER CHAPPELL,UNIVERSAL MGB,WARNER CHAPPELL,WARNER CHAPPELL",BEGGARS,,,0,0
Globo,MusicCueSheet_TvAberta_Agosto2023.xlsx,MusicCueSheet_Agosto23,,29/08/2023,1,,,CREEP,"ALBERT HAMMOND,COLIN GREENWOOD,EDWARD O BRIEN,JONATHAN GREENWOOD,MIKE HAZELWOOD,PHILIP SELWAY,THOMAS YORKE",RADIOHEAD,,,,"UNIVERSAL MGB,WARNER CHAPPELL,WARNER CHAPPELL,WARNER CHAPPELL,UNIVERSAL MGB,WARNER CHAPPELL,WARNER CHAPPELL",BEGGARS,,,0,0
Globo,MusicCueSheet_TvAberta_Agosto2023.xlsx,MusicCueSheet_Agosto23,,29/08/2023,1,,,PALAVRAS AO VENTO,"MARISA MONTE,MORAES MOREIRA",ELENCO,,,,"UNIVERSAL MGB,WARNER CHAPPELL",,,,0,0
Globo,MusicCueSheet_TvAberta_Agosto2023.xlsx,MusicCueSheet_Agosto23,,29/08/2023,1,,,DESCULPE O AUE,"RITA LEE,ROBERTO DE CARVALHO",RITA LEE,,,,"WARNER CHAPPELL,WARNER CHAPPELL",,,,0,0
Globo,MusicCueSheet_TvAberta_Agosto2023.xlsx,MusicCueSheet_Agosto23,,29/08/2023,1227,,,MARRENTO,"BRENO MAJOR,JUNYNHO SILVA,PATRICK FERREIRA,RUANZIN POETA",ZÉ FELIPE,,,,"A DESCOBRIR,A DESCOBRIR,A DESCOBRIR,A DESCOBRIR",,,,0,0
Globo,MusicCueSheet_TvAberta_Agosto2023.xlsx,MusicCueSheet_Agosto23,,29/08/2023,1227,,,MARRENTO,"BRENO MAJOR,JUNYNHO SILVA,PATRICK FERREIRA,RUANZIN POETA",ZÉ FELIPE,,,,"A DESCOBRIR,A DESCOBRIR,A DESCOBRIR,A DESCOBRIR",,,,0,0
Globo,MusicCueSheet_TvAberta_Agosto2023.xlsx,MusicCueSheet_Agosto23,,29/08/2023,1227,,,TRANQUILITA,"ARTHUR MAGNO SIMOES MARQUES,BRUNO SUCESSO,OSCAR DOMINIC,SUNROI,TIERRY","ZÉ FELIPE,VIRGÍNIA",,,,"A DESCOBRIR,A DESCOBRIR,A DESCOBRIR,A DESCOBRIR,A DESCOBRIR",,,,0,0
Globo,MusicCueSheet_TvAberta_Agosto2023.xlsx,MusicCueSheet_Agosto23,,29/08/2023,1227,,,MARRENTO,"BRENO MAJOR,JUNYNHO SILVA,PATRICK FERREIRA,RUANZIN POETA",ZÉ FELIPE,,,,"A DESCOBRIR,A DESCOBRIR,A DESCOBRIR,A DESCOBRIR",,,,0,0
Globo,MusicCueSheet_TvAberta_Agosto2023.xlsx,MusicCueSheet_Agosto23,,29/08/2023,1227,,,MARRENTO,"BRENO MAJOR,JUNYNHO SILVA,PATRICK FERREIRA,RUANZIN POETA",ZÉ FELIPE,,,,"A DESCOBRIR,A DESCOBRIR,A DESCOBRIR,A DESCOBRIR",,,,0,0
Globo,MusicCueSheet_TvAberta_Agosto2023.xlsx,MusicCueSheet_Agosto23,,29/08/2023,2868,,,SINONIMOS,"CESAR AUGUSTO,CLAUDIO NOAM,PAULO SERGIO",INACIO LUZ,,,,"WARNER CHAPPELL,SONY MUSIC PUBLISHING,WARNER CHAPPELL",,,,0,0
Globo,MusicCueSheet_TvAberta_Agosto2023.xlsx,MusicCueSheet_Agosto23,,29/08/2023,2868,,,DISFARCE,"BIBI,DAY,LARA",LORENA COMPARATO,,,,"UNIVERSAL MGB,UNIVERSAL MGB,UNIVERSAL MGB",,,,0,0
Globo,MusicCueSheet_TvAberta_Agosto2023.xlsx,MusicCueSheet_Agosto23,,29/08/2023,2868,,,NOTA 100,"BIBI,DAVI AVILA,DAYANE CAMARGO,LARA MENEZES","ALICE WEGMANN, LORENA COMPARATO",VERSAO RAISSA E GLAUCIA,,,"UNIVERSAL MGB,UNIVERSAL MGB,UNIVERSAL MGB,UNIVERSAL MGB",GLOBO,,,0,0
Globo,MusicCueSheet_TvAberta_Agosto2023.xlsx,MusicCueSheet_Agosto23,,29/08/2023,2868,,,NOTA 100,"BIBI,DAVI AVILA,DAYANE CAMARGO,LARA MENEZES","ALICE WEGMANN, LORENA COMPARATO",VERSAO RAISSA E GLAUCIA,,,"UNIVERSAL MGB,UNIVERSAL MGB,UNIVERSAL MGB,UNIVERSAL MGB",GLOBO,,,0,0
Globo,MusicCueSheet_TvAberta_Agosto2023.xlsx,MusicCueSheet_Agosto23,,29/08/2023,2868,,,NOTA 100,"BIBI,DAVI AVILA,DAYANE CAMARGO,LARA MENEZES",LORENA COMPARATO,,,,"UNIVERSAL MGB,UNIVERSAL MGB,UNIVERSAL MGB,UNIVERSAL MGB",,,,0,0
Globo,MusicCueSheet_TvAberta_Agosto2023.xlsx,MusicCueSheet_Agosto23,,29/08/2023,2868,,,NOTA 100,"BIBI,DAVI AVILA,DAYANE CAMARGO,LARA MENEZES",LORENA COMPARATO,,,,"UNIVERSAL MGB,UNIVERSAL MGB,UNIVERSAL MGB,UNIVERSAL MGB",,,,0,0
Globo,MusicCueSheet_TvAberta_Agosto2023.xlsx,MusicCueSheet_Agosto23,,29/08/2023,14,,,PRA SWINGAR,"PEDRAO,PEDRINHO",SOM NOSSO DE CADA DIA,FULL MIX,,,"SONY MUSIC PUBLISHING,SONY MUSIC PUBLISHING",SONY MUSIC,,,0,0
Globo,MusicCueSheet_TvAberta_Agosto2023.xlsx,MusicCueSheet_Agosto23,,29/08/2023,14,,,PRA SWINGAR,"PEDRAO,PEDRINHO",SOM NOSSO DE CADA DIA,FULL MIX,,,"SONY MUSIC PUBLISHING,SONY MUSIC PUBLISHING",SONY MUSIC,,,0,0
Globo,MusicCueSheet_TvAberta_Agosto2023.xlsx,MusicCueSheet_Agosto23,,29/08/2023,5892,,,BLACK OR WHITE,MICHAEL JACKSON,MICHAEL JACKSON,,,,SONY MUSIC PUBLISHING,SONY MUSIC,,,0,0
Globo,MusicCueSheet_TvAberta_Agosto2023.xlsx,MusicCueSheet_Agosto23,,29/08/2023,5892,,,BLACK OR WHITE,MICHAEL JACKSON,MICHAEL JACKSON,,,,SONY MUSIC PUBLISHING,SONY MUSIC,,,0,0
Globo,MusicCueSheet_TvAberta_Agosto2023.xlsx,MusicCueSheet_Agosto23,,29/08/2023,5892,,,GOOD TO GO,"DAPHNE WILLIS,JENNIFER HANSON,NICK BROPHY","DAPHNE WILLIS,LÒNIS",,,,"A DESCOBRIR,A DESCOBRIR,A DESCOBRIR",LONIS MUSIC,,,0,0
Globo,MusicCueSheet_TvAberta_Agosto2023.xlsx,MusicCueSheet_Agosto23,,29/08/2023,5892,,,PARABENS A VOCE,"LEA MAGALHAES,MILDRED J HILL,PATTY S HILL",BANDA CARA DE PAU,,,,"WARNER CHAPPELL,DP,DP",INDEPENDENTE,,,0,0
Globo,MusicCueSheet_TvAberta_Agosto2023.xlsx,MusicCueSheet_Agosto23,,29/08/2023,MULHER FEIA,,,FEIRA DO ACARI,JORGE CARIOCA,ZECA PAGODINHO,,,,UNIVERSAL MGB,,,,0,0
Globo,MusicCueSheet_TvAberta_Agosto2023.xlsx,MusicCueSheet_Agosto23,,29/08/2023,MULHER FEIA,,,HABIBI DAH NARI NARIEN,"AYMEN BAHJET AMAR,RIAD AL HAMSHARI",HISHAM ABBAS,,,,"SONY MUSIC PUBLISHING,SONY MUSIC PUBLISHING",,,,0,0
Globo,MusicCueSheet_TvAberta_Agosto2023.xlsx,MusicCueSheet_Agosto23,,29/08/2023,MULHER FEIA,,,RALANDO O TCHAN (DANCA DO VENTRE),"BETO JAMAICA,DITO,PAULINHO LEVI,W RANGEL",E O TCHAN,,,,"UNIVERSAL MGB,UNIVERSAL MGB,UNIVERSAL MGB,UNIVERSAL MGB",,,,0,0
Globo,MusicCueSheet_TvAberta_Agosto2023.xlsx,MusicCueSheet_Agosto23,,29/08/2023,MULHER FEIA,,,OVER THE RAINBOW,"HAROLD ARLEN,YIP HARBURG",JUDY GARLAND,,,,"SONY MUSIC PUBLISHING,SONY MUSIC PUBLISHING",,,,0,0
Globo,MusicCueSheet_TvAberta_Agosto2023.xlsx,MusicCueSheet_Agosto23,,29/08/2023,MULHER FEIA,,,OVER THE RAINBOW,"HAROLD ARLEN,YIP HARBURG",MARCUS MAJELLA,,,,"SONY MUSIC PUBLISHING,SONY MUSIC PUBLISHING",,,,0,0
Globo,MusicCueSheet_TvAberta_Agosto2023.xlsx,MusicCueSheet_Agosto23,,29/08/2023,MULHER FEIA,,,SIDI MANSOUR,"ABDELHAKIM BOUROMANE,ANTONINO MARTINEZ ORTEGA,DOMINIO PUBLICO,WALTER TESORIERE",HAKIM,,,,"A DESCOBRIR,A DESCOBRIR,DP,SONY MUSIC PUBLISHING",,,,0,0
Globo,MusicCueSheet_TvAberta_Agosto2023.xlsx,MusicCueSheet_Agosto23,,29/08/2023,QUANDO O BICHO PEGA,,,ATTITUDE,"ANDREAS KISSER,IGOR CAVALERA,MAX CAVALERA,PAULO JR",SEPULTURA,,,,"UNIVERSAL MGB,UNIVERSAL MGB,UNIVERSAL MGB,UNIVERSAL MGB",,,,0,0
Globo,MusicCueSheet_TvAberta_Agosto2023.xlsx,MusicCueSheet_Agosto23,,29/08/2023,QUANDO O BICHO PEGA,,,BAD,MICHAEL JACKSON,MICHAEL JACKSON,,,,SONY MUSIC PUBLISHING,,,,0,0
Globo,MusicCueSheet_TvAberta_Agosto2023.xlsx,MusicCueSheet_Agosto23,,29/08/2023,QUANDO O BICHO PEGA,,,BANHO DE CHUVEIRO,"CABO REI,JULINHO CARIOCA,LAZINHO DO PANDEIRO,PAULO CHAMUSCA",TERRA SAMBA,,,,"UNIVERSAL MGB,UNIVERSAL MGB,UNIVERSAL MGB,UNIVERSAL MGB",,,,0,0
Globo,MusicCueSheet_TvAberta_Agosto2023.xlsx,MusicCueSheet_Agosto23,,29/08/2023,QUANDO O BICHO PEGA,,,DON T CRY FOR ME ARGENTINA,"ANDREW LLOYD WEBBER,TIM RICE",SARAH BRIGHTMAN,,,,"UNIVERSAL MGB,UNIVERSAL MGB",,,,0,0
Globo,MusicCueSheet_TvAberta_Agosto2023.xlsx,MusicCueSheet_Agosto23,,30/08/2023,2869,,,VERANO PORTENO,"ASTOR PIAZZOLLA,ASTOR PIAZZOLLA",ASTOR PIAZZOLLA,,,,"SICAM,WARNER CHAPPELL",,,,0,0
Globo,MusicCueSheet_TvAberta_Agosto2023.xlsx,MusicCueSheet_Agosto23,,30/08/2023,2869,,,VERANO PORTENO,"ASTOR PIAZZOLLA,ASTOR PIAZZOLLA",ASTOR PIAZZOLLA,,,,"SICAM,WARNER CHAPPELL",,,,0,0
Globo,MusicCueSheet_TvAberta_Agosto2023.xlsx,MusicCueSheet_Agosto23,,30/08/2023,15,,,PILANTRA,"ANITTA,JAO,PEDRO TOFANI,ZEBU","ANITTA, JAO",FULL MIX,,,"SONY MUSIC PUBLISHING,UNIVERSAL MGB,UNIVERSAL MGB,WARNER CHAPPELL",UNIVERSAL MUSIC,,,0,0
Globo,MusicCueSheet_TvAberta_Agosto2023.xlsx,MusicCueSheet_Agosto23,,30/08/2023,30082023,,,E UMA PARTIDA DE FUTEBOL,"NANDO REIS,SAMUEL ROSA",SKANK,,,,"WARNER CHAPPELL,SONY MUSIC PUBLISHING",SONY MUSIC ENTERTAINMENT,,,0,0
Globo,MusicCueSheet_TvAberta_Agosto2023.xlsx,MusicCueSheet_Agosto23,,30/08/2023,5893,,,FELICIDADE,"GABRIEL MOURA,LEANDRO FAB,PRETINHO DA SERRINHA,SEU JORGE","ANDRÉ SARATE,CAPU,SERGINHO MOAH",,,,"WARNER CHAPPELL,WARNER CHAPPELL,UNIVERSAL MGB,SONY MUSIC PUBLISHING",FIRST MUSIC,,,0,0
Globo,MusicCueSheet_TvAberta_Agosto2023.xlsx,MusicCueSheet_Agosto23,,30/08/2023,5893,,,FELICIDADE,"GABRIEL MOURA,LEANDRO FAB,PRETINHO DA SERRINHA,SEU JORGE","ANDRÉ SARATE,CAPU,SERGINHO MOAH",,,,"WARNER CHAPPELL,WARNER CHAPPELL,UNIVERSAL MGB,SONY MUSIC PUBLISHING",FIRST MUSIC,,,0,0
Globo,MusicCueSheet_TvAberta_Agosto2023.xlsx,MusicCueSheet_Agosto23,,30/08/2023,5893,,,ANTE UP,"BILLY DANZE,DR PERIOD,LIL FAME",M.O.P,,,,"A DESCOBRIR,BMG,A DESCOBRIR",EPIC,,,0,0
Globo,MusicCueSheet_TvAberta_Agosto2023.xlsx,MusicCueSheet_Agosto23,,30/08/2023,5893,,,PARABENS A VOCE,"LEA MAGALHAES,MILDRED J HILL,PATTY S HILL",BANDA CARA DE PAU,,,,"WARNER CHAPPELL,DP,DP",INDEPENDENTE,,,0,0
Globo,MusicCueSheet_TvAberta_Agosto2023.xlsx,MusicCueSheet_Agosto23,,30/08/2023,5893,,,FELICIDADE,"GABRIEL MOURA,LEANDRO FAB,PRETINHO DA SERRINHA,SEU JORGE","ANDRÉ SARATE,CAPU,SERGINHO MOAH",,,,"WARNER CHAPPELL,WARNER CHAPPELL,UNIVERSAL MGB,SONY MUSIC PUBLISHING",FIRST MUSIC,,,0,0
Globo,MusicCueSheet_TvAberta_Agosto2023.xlsx,MusicCueSheet_Agosto23,,30/08/2023,5893,,,FELICIDADE,"GABRIEL MOURA,LEANDRO FAB,PRETINHO DA SERRINHA,SEU JORGE","ANDRÉ SARATE,CAPU,SERGINHO MOAH",,,,"WARNER CHAPPELL,WARNER CHAPPELL,UNIVERSAL MGB,SONY MUSIC PUBLISHING",FIRST MUSIC,,,0,0
Globo,MusicCueSheet_TvAberta_Agosto2023.xlsx,MusicCueSheet_Agosto23,,30/08/2023,30082023,,,ALISON,"ALAIN MARATRAT,C LEMOINE,PATRICIA CLERGET",JORDY,,,,"A DESCOBRIR,A DESCOBRIR,A DESCOBRIR",,,,0,0
Globo,MusicCueSheet_TvAberta_Agosto2023.xlsx,MusicCueSheet_Agosto23,,30/08/2023,QUEM MEXEU NO MEU PUDIM,,,AQUI TEM UM BANDO DE LOUCO  LOUCO POR TI CORINTHIANS,TUCA VEIGA,"PLATEIA VAI QUE COLA,MARCELO MEDICI",,,,SONY MUSIC PUBLISHING,,,,0,0
Globo,MusicCueSheet_TvAberta_Agosto2023.xlsx,MusicCueSheet_Agosto23,,30/08/2023,QUEM MEXEU NO MEU PUDIM,,,ESTRELAR,"LEON WARE,MARCOS VALLE,PAULO SERGIO VALLE",MARCOS VALLE,FULL MIX,,,"UNIVERSAL MGB,WARNER CHAPPELL,WARNER CHAPPELL",RGE,,,0,0
Globo,MusicCueSheet_TvAberta_Agosto2023.xlsx,MusicCueSheet_Agosto23,,30/08/2023,QUEM MEXEU NO MEU PUDIM,,,INSIDIOUS,JOSEPH BISHARA,JOSEPH BISHARA,,,,ABRAMUS,,,,0,0
Globo,MusicCueSheet_TvAberta_Agosto2023.xlsx,MusicCueSheet_Agosto23,,30/08/2023,QUEM MEXEU NO MEU PUDIM,,,THE PINK PANTHER THEME,"HENRY MANCINI,HENRY MANCINI",HENRY MANCINI,,,,"SONY MUSIC PUBLISHING,WARNER CHAPPELL",,,,0,0
Globo,MusicCueSheet_TvAberta_Agosto2023.xlsx,MusicCueSheet_Agosto23,,30/08/2023,VELOZES E FURIOSOS,,,ANDANCA,"DANILO CAYMMI,EDMUNDO SOUTO,PAULINHO TAPAJOS",CATARINA ABDALA,,,,"SONY MUSIC PUBLISHING,WARNER CHAPPELL,WARNER CHAPPELL",,,,0,0
Globo,MusicCueSheet_TvAberta_Agosto2023.xlsx,MusicCueSheet_Agosto23,,30/08/2023,VELOZES E FURIOSOS,,,AQUI TEM UM BANDO DE LOUCO  LOUCO POR TI CORINTHIANS,TUCA VEIGA,MARCELO MEDICI,,,,SONY MUSIC PUBLISHING,,,,0,0
Globo,MusicCueSheet_TvAberta_Agosto2023.xlsx,MusicCueSheet_Agosto23,,30/08/2023,VELOZES E FURIOSOS,,,THE FAST AND THE FURIOUS THEME,"BRIAN WAYNE TRANSEAU,BRIAN WAYNE TRANSEAU",BRIAN TRANSEAU,,,,"UNIVERSAL MGB,WARNER CHAPPELL",,,,0,0
Globo,MusicCueSheet_TvAberta_Agosto2023.xlsx,MusicCueSheet_Agosto23,,30/08/2023,VELOZES E FURIOSOS,,,IRONSIDE,QUINCY JONES,QUINCY JONES,,,,UNIVERSAL MGB,,,,0,0
Globo,MusicCueSheet_TvAberta_Agosto2023.xlsx,MusicCueSheet_Agosto23,,30/08/2023,VELOZES E FURIOSOS,,,MOTOBOY,PEDRO LUIS,PEDRO LUIS & A PAREDE,,,,WARNER CHAPPELL,,,,0,0
Globo,MusicCueSheet_TvAberta_Agosto2023.xlsx,MusicCueSheet_Agosto23,,30/08/2023,VELOZES E FURIOSOS,,,RUN BABY RUN,"A DESCOBRIR,BILL BOTTRELL,DAVID BAERWALD,SHERYL CROW",SHERYL CROW,,,,"A DESCOBRIR,ABRAMUS,UNIVERSAL MGB,ROCKING GORILLAS",,,,0,0
Globo,MusicCueSheet_TvAberta_Agosto2023.xlsx,MusicCueSheet_Agosto23,,30/08/2023,VELOZES E FURIOSOS,,,SET FIRE TO THE RAIN,"ADELE ADKINS,FRASE T SMITH",ADELE,,,,"UNIVERSAL MGB,BMG",,,,0,0
Globo,MusicCueSheet_TvAberta_Agosto2023.xlsx,MusicCueSheet_Agosto23,,30/08/2023,VELOZES E FURIOSOS,,,MAIN TITLE FROM SUPERMAN,JOHN WILLIAMS,JOHN WILLIAMS,,,,UNIVERSAL MGB,,,,0,0
Globo,MusicCueSheet_TvAberta_Agosto2023.xlsx,MusicCueSheet_Agosto23,,30/08/2023,VELOZES E FURIOSOS,,,THEY DON T CARE ABOUT US,MICHAEL JACKSON,MICHAEL JACKSON,,,,SONY MUSIC PUBLISHING,,,,0,0
Globo,MusicCueSheet_TvAberta_Agosto2023.xlsx,MusicCueSheet_Agosto23,,31/08/2023,1229,,,CHEGA DE SAUDADE,"TOM JOBIM,VINICIUS DE MORAES","ROBERTO MENESCAL,DANIEL JOBIM,SEU JORGE",,,,"FERMATA,FERMATA",,,,0,0
Globo,MusicCueSheet_TvAberta_Agosto2023.xlsx,MusicCueSheet_Agosto23,,31/08/2023,1229,,,CHEGA DE SAUDADE,"TOM JOBIM,VINICIUS DE MORAES","ROBERTO MENESCAL,DANIEL JOBIM,SEU JORGE",,,,"FERMATA,FERMATA",,,,0,0
Globo,MusicCueSheet_TvAberta_Agosto2023.xlsx,MusicCueSheet_Agosto23,,31/08/2023,1229,,,O BARQUINHO,"ROBERTO MENESCAL,RONALDO BOSCOLI","ROBERTO MENESCAL,DANIEL JOBIM,SEU JORGE",,,,"WARNER CHAPPELL,WARNER CHAPPELL",,,,0,0
Globo,MusicCueSheet_TvAberta_Agosto2023.xlsx,MusicCueSheet_Agosto23,,31/08/2023,1229,,,O BARQUINHO,"ROBERTO MENESCAL,RONALDO BOSCOLI",ROBERTO MENESCAL,,,,"WARNER CHAPPELL,WARNER CHAPPELL",,,,0,0
Globo,MusicCueSheet_TvAberta_Agosto2023.xlsx,MusicCueSheet_Agosto23,,31/08/2023,1229,,,GAROTA DE IPANEMA,"TOM JOBIM,VINICIUS DE MORAES","ROBERTO MENESCAL,DANIEL JOBIM,SEU JORGE",,,,"JOBIM MUSIC,UNIVERSAL MGB",,,,0,0
Globo,MusicCueSheet_TvAberta_Agosto2023.xlsx,MusicCueSheet_Agosto23,,31/08/2023,2870,,,BLOQUEIA EU,"CANTINI,DUDU SERAFIM,GRACIANO TEG,LUIZ HENRIQUE,MARQUINHO,PALONI,THIAGO TEG",JOÃO BOSCO & VINICIUS,,,,"A DESCOBRIR,A DESCOBRIR,A DESCOBRIR,A DESCOBRIR,A DESCOBRIR,A DESCOBRIR,A DESCOBRIR",,,,0,0
Globo,MusicCueSheet_TvAberta_Agosto2023.xlsx,MusicCueSheet_Agosto23,,31/08/2023,2870,,,CHORA ME LIGA,EULER COELHO,JOÃO BOSCO & VINICIUS,,,,PANTTANAL,,,,0,0
Globo,MusicCueSheet_TvAberta_Agosto2023.xlsx,MusicCueSheet_Agosto23,,31/08/2023,2870,,,DOCINHO DE FESTA,"FELIPE SALES,MATHEUS ARAUJO,MATHEUS DI PADUA,RICARDO VISMARCK,RONAEL VALDIMAR SILVA MARTINS",JOÃO BOSCO & VINICIUS,,,,"A DESCOBRIR,A DESCOBRIR,A DESCOBRIR,A DESCOBRIR,A DESCOBRIR",,,,0,0
Globo,MusicCueSheet_TvAberta_Agosto2023.xlsx,MusicCueSheet_Agosto23,,31/08/2023,2870,,,DOCINHO DE FESTA,"FELIPE SALES,MATHEUS ARAUJO,MATHEUS DI PADUA,RICARDO VISMARCK,RONAEL VALDIMAR SILVA MARTINS",JOÃO BOSCO & VINICIUS,,,,"A DESCOBRIR,A DESCOBRIR,A DESCOBRIR,A DESCOBRIR,A DESCOBRIR",,,,0,0
Globo,MusicCueSheet_TvAberta_Agosto2023.xlsx,MusicCueSheet_Agosto23,,31/08/2023,2870,,,DOCINHO DE FESTA,"FELIPE SALES,MATHEUS ARAUJO,MATHEUS DI PADUA,RICARDO VISMARCK,RONAEL VALDIMAR SILVA MARTINS",JOÃO BOSCO & VINICIUS,,,,"A DESCOBRIR,A DESCOBRIR,A DESCOBRIR,A DESCOBRIR,A DESCOBRIR",,,,0,0
Globo,MusicCueSheet_TvAberta_Agosto2023.xlsx,MusicCueSheet_Agosto23,,31/08/2023,16,,,SAMBA DA MINHA TERRA,DORIVAL CAYMMI,ELENCO,FULL MIX,,,MANGIONE,,,,0,0
Globo,MusicCueSheet_TvAberta_Agosto2023.xlsx,MusicCueSheet_Agosto23,,31/08/2023,5894,,,CRAZY IN LOVE,"BEYONCE KNOWLES,EUGENE RECORD,EUGENE RECORD,RICH HARRISON,SHAWN CARTER.","BEYONCE,JAY-Z",,,,"SONY MUSIC PUBLISHING,A DESCOBRIR,WARNER CHAPPELL,SONY MUSIC PUBLISHING,SONY MUSIC PUBLISHING",COLUMBIA,,,0,0
Globo,MusicCueSheet_TvAberta_Agosto2023.xlsx,MusicCueSheet_Agosto23,,31/08/2023,5894,,,CRAZY IN LOVE,"BEYONCE KNOWLES,EUGENE RECORD,EUGENE RECORD,RICH HARRISON,SHAWN CARTER.","BEYONCÉ,JAY-Z",,,,"SONY MUSIC PUBLISHING,A DESCOBRIR,WARNER CHAPPELL,SONY MUSIC PUBLISHING,SONY MUSIC PUBLISHING",COLUMBIA,,,0,0
Globo,MusicCueSheet_TvAberta_Agosto2023.xlsx,MusicCueSheet_Agosto23,,31/08/2023,5894,,,CRAZY IN LOVE,"BEYONCE KNOWLES,EUGENE RECORD,EUGENE RECORD,RICH HARRISON,SHAWN CARTER.","BEYONCÉ,JAY-Z",,,,"SONY MUSIC PUBLISHING,A DESCOBRIR,WARNER CHAPPELL,SONY MUSIC PUBLISHING,SONY MUSIC PUBLISHING",COLUMBIA,,,0,0
Globo,MusicCueSheet_TvAberta_Agosto2023.xlsx,MusicCueSheet_Agosto23,,31/08/2023,5894,,,BREAK MY SOUL,"ADAM PIGOTT,ALLEN GEORGE,BEYONCE KNOWLES,CHRISTOPHER STEWART,FRED MCFARLANE,FREDDIE ROSS,SHAWN CARTER,TERIUS NASH","BEYONCÉ,JASON WHITE",,,,"ABRAMUS,SONY MUSIC PUBLISHING,SONY MUSIC PUBLISHING,A DESCOBRIR,SONY MUSIC PUBLISHING,ABRAMUS,SONY MUSIC PUBLISHING,WARNER CHAPPELL","PARKWOOD ENTERTAINMENT/COLUMBIA, SPIRIT MUSIC GRO",,,0,0
Globo,MusicCueSheet_TvAberta_Agosto2023.xlsx,MusicCueSheet_Agosto23,,31/08/2023,5894,,,BOLADONA,MARCIO,TATI QUEBRA BARRACO,FULL MIX,,,NOWA,LINK RECORDS,,,0,0
Globo,MusicCueSheet_TvAberta_Agosto2023.xlsx,MusicCueSheet_Agosto23,,31/08/2023,5894,,,PARABENS A VOCE,"LEA MAGALHAES,MILDRED J HILL,PATTY S HILL",BANDA CARA DE PAU,,,,"WARNER CHAPPELL,DP,DP",INDEPENDENTE,,,0,0
Globo,MusicCueSheet_TvAberta_Agosto2023.xlsx,MusicCueSheet_Agosto23,,31/08/2023,5894,,,CRAZY IN LOVE,"BEYONCE KNOWLES,EUGENE RECORD,EUGENE RECORD,RICH HARRISON,SHAWN CARTER.","BEYONCÉJ,JAY-Z",,,,"SONY MUSIC PUBLISHING,A DESCOBRIR,WARNER CHAPPELL,SONY MUSIC PUBLISHING,SONY MUSIC PUBLISHING",COLUMBIA,,,0,0
Globo,MusicCueSheet_TvAberta_Agosto2023.xlsx,MusicCueSheet_Agosto23,,31/08/2023,5894,,,CRAZY IN LOVE,"BEYONCE KNOWLES,EUGENE RECORD,EUGENE RECORD,RICH HARRISON,SHAWN CARTER.","BEYONCÉ,JAY-Z",,,,"SONY MUSIC PUBLISHING,A DESCOBRIR,WARNER CHAPPELL,SONY MUSIC PUBLISHING,SONY MUSIC PUBLISHING",COLUMBIA,,,0,0
Globo,MusicCueSheet_TvAberta_Agosto2023.xlsx,MusicCueSheet_Agosto23,,31/08/2023,PENSAO OTIMIZADA,,,ALL THAT JAZZ,"FRED EBB,JOHN KANDER",CATHERINA ZETA JONES,,,,"WARNER CHAPPELL,WARNER CHAPPELL",,,,0,0
Globo,MusicCueSheet_TvAberta_Agosto2023.xlsx,MusicCueSheet_Agosto23,,31/08/2023,PENSAO OTIMIZADA,,,APRENDE MUCHACHO,DAGOBERTO GONZALEZ,ORQUESTRA ARANGON,,,,ADDAF,,,,0,0
Globo,MusicCueSheet_TvAberta_Agosto2023.xlsx,MusicCueSheet_Agosto23,,31/08/2023,PENSAO OTIMIZADA,,,BATUCADA 1,DUDU NOBRE,DUDU NOBRE,,,,UNIVERSAL MGB,,,,0,0
Globo,MusicCueSheet_TvAberta_Agosto2023.xlsx,MusicCueSheet_Agosto23,,31/08/2023,PENSAO OTIMIZADA,,,EX MAI LOVE,VELOSO DIAS,"FELIPE CORDEIRO,GABI AMARANTOS,LIA SOPHIA",,,,SONY MUSIC PUBLISHING,,,,0,0
Globo,MusicCueSheet_TvAberta_Agosto2023.xlsx,MusicCueSheet_Agosto23,,31/08/2023,PENSAO OTIMIZADA,,,EYE OF THE TIGER,"FRANKIE SULLIVAN,JIM PETERIK",SURVIVOR,,,,"SONY MUSIC PUBLISHING,WARNER CHAPPELL",,,,0,0
Globo,MusicCueSheet_TvAberta_Agosto2023.xlsx,MusicCueSheet_Agosto23,,31/08/2023,PENSAO OTIMIZADA,,,IT S RAINING MEN,"PAUL JABARA,PAUL SHAFFER",THE WEATHER GIRLS,,,,"WARNER CHAPPELL,SONY MUSIC PUBLISHING",,,,0,0
Globo,MusicCueSheet_TvAberta_Agosto2023.xlsx,MusicCueSheet_Agosto23,,31/08/2023,PENSAO OTIMIZADA,,,MAMMA MIA,"BENNY ANDERSON,BJORN ULVAEUS,S ANDERSON",ABBA,,,,"UNIVERSAL MGB,UNIVERSAL MGB,UNIVERSAL MGB",,,,0,0
Globo,MusicCueSheet_TvAberta_Agosto2023.xlsx,MusicCueSheet_Agosto23,,31/08/2023,PENSAO OTIMIZADA,,,MODINHA DE GABRIELA,DORIVAL CAYMMI,MARCUS MAJELLA,,,,SONY MUSIC PUBLISHING,,,,0,0
Globo,MusicCueSheet_TvAberta_Agosto2023.xlsx,MusicCueSheet_Agosto23,,31/08/2023,PENSAO OTIMIZADA,,,NA PISTA EU ARRASO,MC GUIME,MC GUIME,,,,WARNER CHAPPELL,,,,0,0
Globo,MusicCueSheet_TvAberta_Agosto2023.xlsx,MusicCueSheet_Agosto23,,31/08/2023,PENSAO OTIMIZADA,,,THE PINK PANTHER THEME,"HENRY MANCINI,HENRY MANCINI",HENRY MANCINI,,,,"SONY MUSIC PUBLISHING,WARNER CHAPPELL",,,,0,0
Globo,MusicCueSheet_TvAberta_Agosto2023.xlsx,MusicCueSheet_Agosto23,,31/08/2023,PENSAO OTIMIZADA,,,QUALQUER JEITO,"BOB MCDILL,ERASMO CARLOS,ROBERTO CARLOS",KATIA,,,,"UNIVERSAL MGB,UNIVERSAL MGB,UNIVERSAL MGB",,,,0,0
Globo,MusicCueSheet_TvAberta_Agosto2023.xlsx,MusicCueSheet_Agosto23,,31/08/2023,PENSAO OTIMIZADA,,,SURVIVOR,"ANTHONY DENT,BEYONCE KNOWLES,M KNOWLES",DESTINY S CHILD,,,,"BMG,SONY MUSIC PUBLISHING,SONY MUSIC PUBLISHING",,,,0,0
Globo,MusicCueSheet_TvAberta_Agosto2023.xlsx,MusicCueSheet_Agosto23,,31/08/2023,PENSAO OTIMIZADA,,,XIRLEY,"CHIQUINHO PALHUCCA,HUGO GILA,MARCELO MACHADO,ORIGINAL DJ COPY,ZE CAFOFINHO",GABY AMARANTOS,,,,"CHIQUINHO PALHUCCA,HUGO GILA,MARCELO MACHADO,ORIGINAL DJ COPY,ZE CAFOFINHO",,,,0,0
