provider,file,sheet,programa,data_exibicao,numero_programa,exibicao_tipo,categoria_programa,titulo_musica,autor,interprete,tipo_sincronizacao,percentual_editora,valor_editora_brl,editora,gravadora,iswc,isrc,amount_cents,amount_int
Globo,MusicCueSheet_TvAberta_Outubro2023.xlsx,MusicCueSheet_TvAberta_Out23,,01/10/2023,108,,,TA CALOR TA QUENTE,"MC DON,MULHER FILE",MULHER FILÉ,,,,"NOWA,GALERAO RECORDS",YANI FILÉ,,,0,0
Globo,MusicCueSheet_TvAberta_Outubro2023.xlsx,MusicCueSheet_TvAberta_Out23,,01/10/2023,108,,,FUEGO,"ALOK,RODRIGO AMARANTE",ALOK & BHASKAR,,,,"DUBAS,DUBAS",SPINNIN' RECORDS,,,0,0
Globo,MusicCueSheet_TvAberta_Outubro2023.xlsx,MusicCueSheet_TvAberta_Out23,,01/10/2023,108,,,RIO 40 GRAUS,"CARLOS LAUFER,FAUSTO FAWCETT,FERNANDA ABREU","FAUSTO FAWCETT, FERNANDA ABREU",FULL MIX,,,"SONY MUSIC PUBLISHING,SONY MUSIC PUBLISHING,GAROTA SANGUE BOM",UNIVERSAL,,,0,0
Globo,MusicCueSheet_TvAberta_Outubro2023.xlsx,MusicCueSheet_TvAberta_Out23,,01/10/2023,108,,,PLANETA AGUA,GUILHERME ARANTES,GUILHERME ARANTES,,,,SONY MUSIC PUBLISHING,WM BRAZIL,,,0,0
Globo,MusicCueSheet_TvAberta_Outubro2023.xlsx,MusicCueSheet_TvAberta_Out23,,01/10/2023,108,,,PESCADOR,ARMANDINHO,ARMANDINHO,,,,UNIVERSAL MGB,ATRAÇÃO,,,0,0
Globo,MusicCueSheet_TvAberta_Outubro2023.xlsx,MusicCueSheet_TvAberta_Out23,,01/10/2023,108,,,PESCADOR DE ILUSOES,"A DESCOBRIR,LAURO FARIAS,MARCELO FALCAO,MARCELO LOBATO,MARCELO YUKA,XANDAO",O RAPPA,,,,"A DESCOBRIR,WARNER CHAPPELL,WARNER CHAPPELL,HUMAITA,WARNER CHAPPELL,HUMAITA",WM BRAZIL,,,0,0
Globo,MusicCueSheet_TvAberta_Outubro2023.xlsx,MusicCueSheet_TvAberta_Out23,,01/10/2023,108,,,ALLAH LA O,"HAROLDO LOBO,NASSARA",MARCHINHAS DE CARNAVAL,,,,"VITALE,VITALE",,,,0,0
Globo,MusicCueSheet_TvAberta_Outubro2023.xlsx,MusicCueSheet_TvAberta_Out23,,01/10/2023,108,,,DEIXA ACONTECER,"ALEX FREITAS,CARLOS CAETANO",GRUPO REVELAÇÃO,,,,"SONY MUSIC PUBLISHING,SONY MUSIC PUBLISHING",DECKDISC,,,0,0
Globo,MusicCueSheet_TvAberta_Outubro2023.xlsx,MusicCueSheet_TvAberta_Out23,,01/10/2023,108,,,DEIXA ACONTECER,"ALEX FREITAS,CARLOS CAETANO",XANDE DE PILARES,,,,"SONY MUSIC PUBLISHING,SONY MUSIC PUBLISHING",,,,0,0
Globo,MusicCueSheet_TvAberta_Outubro2023.xlsx,MusicCueSheet_TvAberta_Out23,,01/10/2023,108,,,WELCOME TO BRAZIL BRUNINHO BRAZIL I CAME,BRUNO MARS,BRUNO MARS,,,,A DESCOBRIR,,,,0,0
Globo,MusicCueSheet_TvAberta_Outubro2023.xlsx,MusicCueSheet_TvAberta_Out23,,01/10/2023,108,,,MEU VIOLAO E O NOSSO CACHORRO,"NIVARDO PAZ,SIMARIA",SIMONE & SIMARIA,,,,"UNIVERSAL MGB,ABRAMUS",UNIVERSAL MUSIC LTDA,,,0,0
Globo,MusicCueSheet_TvAberta_Outubro2023.xlsx,MusicCueSheet_TvAberta_Out23,,01/10/2023,108,,,WELCOME TO BRAZIL BRUNINHO BRAZIL I CAME,BRUNO MARS,BRUNO MARS,,,,A DESCOBRIR,,,,0,0
Globo,MusicCueSheet_TvAberta_Outubro2023.xlsx,MusicCueSheet_TvAberta_Out23,,01/10/2023,108,,,WELCOME TO BRAZIL BRUNINHO BRAZIL I CAME,BRUNO MARS,BRUNO MARS,,,,A DESCOBRIR,,,,0,0
Globo,MusicCueSheet_TvAberta_Outubro2023.xlsx,MusicCueSheet_TvAberta_Out23,,01/10/2023,108,,,SAY IT RIGHT,"NATE HILLS,NELLY FURTADO,TIM MOSLEY",NELLY FURTADO,,,,"ROCKING GORILLAS,SONY MUSIC PUBLISHING,PEERMUSIC",RESERVOIR MEDIA MUSIC,,,0,0
Globo,MusicCueSheet_TvAberta_Outubro2023.xlsx,MusicCueSheet_TvAberta_Out23,,01/10/2023,108,,,SAY IT RIGHT,"NATE HILLS,NELLY FURTADO,TIM MOSLEY",NELLY FURTADO,,,,"ROCKING GORILLAS,SONY MUSIC PUBLISHING,PEERMUSIC",RESERVOIR MEDIA MUSIC,,,0,0
Globo,MusicCueSheet_TvAberta_Outubro2023.xlsx,MusicCueSheet_TvAberta_Out23,,01/10/2023,108,,,SO DEPOIS,"CARLOS CAETANO,CARLOS CAETANO,CHARLES BONFIM,CLAUDEMIR",XANDE DE PILARES,,,,"A DESCOBRIR,SONY MUSIC PUBLISHING,DUBAS,DUBAS",,,,0,0
Globo,MusicCueSheet_TvAberta_Outubro2023.xlsx,MusicCueSheet_TvAberta_Out23,,01/10/2023,108,,,EVIDENCIAS,"JOSE AUGUSTO,PAULO SERGIO VALLE",SEU TONHO PARTICIPANTE  DA PLATEIA,,,,"UNIVERSAL MGB,SONY MUSIC PUBLISHING",,,,0,0
Globo,MusicCueSheet_TvAberta_Outubro2023.xlsx,MusicCueSheet_TvAberta_Out23,,01/10/2023,108,,,PE NA AREIA,"CAUIQUE,DIOGO LEITE,RODRIGO LEITE",SEU TONHO PARTICIPANTE  DA PLATEIA,,,,"OLE OLA,OLE OLA,OLE OLA",,,,0,0
Globo,MusicCueSheet_TvAberta_Outubro2023.xlsx,MusicCueSheet_TvAberta_Out23,,01/10/2023,108,,,DO JEITO QUE A VIDA QUER,BENITO DI PAULA,SEU TONHO PARTICIPANTE  DA PLATEIA,,,,PEERMUSIC,,,,0,0
Globo,MusicCueSheet_TvAberta_Outubro2023.xlsx,MusicCueSheet_TvAberta_Out23,,01/10/2023,108,,,ZONA DE PERIGO,"ADRIEL MAX,FELLA BROWN,LUKINHAS,PIERROT JUNIOR,PIERROT JUNIOR,RAFA CHAGAS,YVES",SEU TONHO PARTICIPANTE DA PLATEIA,,,,"DOM GUEDES,BMG,SONY MUSIC PUBLISHING,A DESCOBRIR,MACHADO CONSULTORIA NEGOCIAL,IESSI MUSIC PUBLISHING,IESSI MUSIC PUBLISHING",,,,0,0
Globo,MusicCueSheet_TvAberta_Outubro2023.xlsx,MusicCueSheet_TvAberta_Out23,,01/10/2023,108,,,TA ESCRITO,"CARLINHOS MADUREIRA,GILSON BERNINI,XANDE DE PILARES,XANDE DE PILARES",SEU TONHO & XANDY DE PILARES,,,,"WARNER CHAPPELL,UNIVERSAL MGB,BMG,UNIVERSAL MGB",,,,0,0
Globo,MusicCueSheet_TvAberta_Outubro2023.xlsx,MusicCueSheet_TvAberta_Out23,,01/10/2023,108,,,DEEP DOWN,"ALOK,CRYSTAL WATERS,DANIEL SERAPHINE,DAVID WOLINSKI,ED DREWETT,ELLA MCMAHON,KENNY GONZALEZ,NEAL CONWAY,NEAVE APPLEBAUM,OHYES","ALOK,ELLA EYRE,KENNY DOPE,NEVER DULL",,,,"UNIVERSAL MGB,UNIVERSAL MGB,SONY MUSIC PUBLISHING,A DESCOBRIR,UNIVERSAL MGB,WARNER CHAPPELL,A DESCOBRIR,UNIVERSAL MGB,SONY MUSIC PUBLISHING,WARNER CHAPPELL",UNIVERSAL MUSIC PUBLISHING,,,0,0
Globo,MusicCueSheet_TvAberta_Outubro2023.xlsx,MusicCueSheet_TvAberta_Out23,,01/10/2023,108,,,DEEP DOWN,"ALOK,CRYSTAL WATERS,DANIEL SERAPHINE,DAVID WOLINSKI,ED DREWETT,ELLA MCMAHON,KENNY GONZALEZ,NEAL CONWAY,NEAVE APPLEBAUM,OHYES","ALOK,ELLA EYRE,KENNY DOPE,NEVER DULL",,,,"UNIVERSAL MGB,UNIVERSAL MGB,SONY MUSIC PUBLISHING,A DESCOBRIR,UNIVERSAL MGB,WARNER CHAPPELL,A DESCOBRIR,UNIVERSAL MGB,SONY MUSIC PUBLISHING,WARNER CHAPPELL",UNIVERSAL MUSIC PUBLISHING,,,0,0
Globo,MusicCueSheet_TvAberta_Outubro2023.xlsx,MusicCueSheet_TvAberta_Out23,,01/10/2023,108,,,SWEET CAROLINE,NEIL DIAMOND,DIE CAMPBELLS,,,,UNIVERSAL MGB,CAMPBELL MUSIC ENTERTAINMENT,,,0,0
Globo,MusicCueSheet_TvAberta_Outubro2023.xlsx,MusicCueSheet_TvAberta_Out23,,01/10/2023,108,,,SWEET CAROLINE,NEIL DIAMOND,DIE CAMPBELLS,,,,UNIVERSAL MGB,CAMPBELL MUSIC ENTERTAINMENT,,,0,0
Globo,MusicCueSheet_TvAberta_Outubro2023.xlsx,MusicCueSheet_TvAberta_Out23,,01/10/2023,108,,,MOZART QUEEN OF THE NIGHT ARIA DER HOLLE RACHE,PHILHARMONIA LA SEINE,PHILHARMONIA LA SEINE,,,,A DESCOBRIR,PHILHARMONIA LA SEINE,,,0,0
Globo,MusicCueSheet_TvAberta_Outubro2023.xlsx,MusicCueSheet_TvAberta_Out23,,01/10/2023,108,,,LANCA PERFUME,"RITA LEE,ROBERTO DE CARVALHO",RITA LEE,FULL MIX,,,"WARNER CHAPPELL,WARNER CHAPPELL",UNIVERSAL,,,0,0
Globo,MusicCueSheet_TvAberta_Outubro2023.xlsx,MusicCueSheet_TvAberta_Out23,,01/10/2023,108,,,MOZART QUEEN OF THE NIGHT ARIA DER HOLLE RACHE,PHILHARMONIA LA SEINE,PHILHARMONIA LA SEINE,,,,A DESCOBRIR,PHILHARMONIA LA SEINE,,,0,0
Globo,MusicCueSheet_TvAberta_Outubro2023.xlsx,MusicCueSheet_TvAberta_Out23,,01/10/2023,108,,,MOZART QUEEN OF THE NIGHT ARIA DER HOLLE RACHE,PHILHARMONIA LA SEINE,PHILHARMONIA LA SEINE,,,,A DESCOBRIR,PHILHARMONIA LA SEINE,,,0,0
Globo,MusicCueSheet_TvAberta_Outubro2023.xlsx,MusicCueSheet_TvAberta_Out23,,01/10/2023,108,,,LANCA PERFUME,"RITA LEE,ROBERTO DE CARVALHO",RITA LEE,FULL MIX,,,"WARNER CHAPPELL,WARNER CHAPPELL",UNIVERSAL,,,0,0
Globo,MusicCueSheet_TvAberta_Outubro2023.xlsx,MusicCueSheet_TvAberta_Out23,,01/10/2023,108,,,LANCA PERFUME,"RITA LEE,ROBERTO DE CARVALHO",RITA LEE,FULL MIX,,,"WARNER CHAPPELL,WARNER CHAPPELL",UNIVERSAL,,,0,0
Globo,MusicCueSheet_TvAberta_Outubro2023.xlsx,MusicCueSheet_TvAberta_Out23,,01/10/2023,108,,,LANCA PERFUME,"RITA LEE,ROBERTO DE CARVALHO",RITA LEE,FULL MIX,,,"WARNER CHAPPELL,WARNER CHAPPELL",UNIVERSAL,,,0,0
Globo,MusicCueSheet_TvAberta_Outubro2023.xlsx,MusicCueSheet_TvAberta_Out23,,01/10/2023,108,,,I VE HAD THE TIME OF MY LIFE,"DONALD JAY MARKOWITZ,FRANKE JON PREVITE,JOHN ALBERT DE NICOLA","BILL MEDLEY,JENNIFER WARNES",,,,"FERMATA,KOBALT MUSIC,SONY MUSIC PUBLISHING",RCA RECORDS LABEL,,,0,0
Globo,MusicCueSheet_TvAberta_Outubro2023.xlsx,MusicCueSheet_TvAberta_Out23,,01/10/2023,108,,,I VE HAD THE TIME OF MY LIFE,"DONALD JAY MARKOWITZ,FRANKE JON PREVITE,JOHN ALBERT DE NICOLA","BILL MEDLEY,JENNIFER WARNES",,,,"FERMATA,KOBALT MUSIC,SONY MUSIC PUBLISHING",RCA RECORDS LABEL,,,0,0
Globo,MusicCueSheet_TvAberta_Outubro2023.xlsx,MusicCueSheet_TvAberta_Out23,,01/10/2023,108,,,I VE HAD THE TIME OF MY LIFE,"DONALD JAY MARKOWITZ,FRANKE JON PREVITE,JOHN ALBERT DE NICOLA","BILL MEDLEY,JENNIFER WARNES",,,,"FERMATA,KOBALT MUSIC,SONY MUSIC PUBLISHING",RCA RECORDS LABEL,,,0,0
Globo,MusicCueSheet_TvAberta_Outubro2023.xlsx,MusicCueSheet_TvAberta_Out23,,01/10/2023,108,,,O QUE E QUE A BAIANA TEM,DORIVAL CAYMMI,"CARMEN MIRANDA,DORIVAL CAYMMI",,,,MANGIONE,EMI BRAZIL,,,0,0
Globo,MusicCueSheet_TvAberta_Outubro2023.xlsx,MusicCueSheet_TvAberta_Out23,,01/10/2023,108,,,O QUE E QUE A BAIANA TEM,DORIVAL CAYMMI,"CARMEN MIRANDA,DORIVAL CAYMMI",,,,MANGIONE,EMI BRAZIL,,,0,0
Globo,MusicCueSheet_TvAberta_Outubro2023.xlsx,MusicCueSheet_TvAberta_Out23,,01/10/2023,108,,,PARABENS DA XUXA,"MICHAEL SULLIVAN,MIGUEL PLOPSCHI,PAULO MASSADAS","RAFAEL PORTUGAL,PEDRINHO DO CAVACO",,,,"SONY MUSIC PUBLISHING,SONY MUSIC PUBLISHING,SONY MUSIC PUBLISHING",,,,0,0
Globo,MusicCueSheet_TvAberta_Outubro2023.xlsx,MusicCueSheet_TvAberta_Out23,,01/10/2023,108,,,O QUE E O QUE E,GONZAGUINHA,RAFAEL PORTUGAL & PEDRINHO DO CAVACO,,,,MOLEQUE,,,,0,0
Globo,MusicCueSheet_TvAberta_Outubro2023.xlsx,MusicCueSheet_TvAberta_Out23,,01/10/2023,108,,,BEIJINHO NO OMBRO,"ANDRE VIEIRA,ANDRE VIEIRA,DENNIS DJ,PARDAL,WALLACE VIANA,WALLACE VIANA",VALESCA POPOZUDA,,,,"UNIVERSAL MGB,WARNER CHAPPELL,SONY MUSIC PUBLISHING,ADDAF,UNIVERSAL MGB,WARNER CHAPPELL",BERGER MOBILE,,,0,0
Globo,MusicCueSheet_TvAberta_Outubro2023.xlsx,MusicCueSheet_TvAberta_Out23,,01/10/2023,108,,,E HOJE,"DIDI,MESTRINHO",MONOBLOCO,,,,"SONY MUSIC PUBLISHING,SONY MUSIC PUBLISHING",SOM LIVRE,,,0,0
Globo,MusicCueSheet_TvAberta_Outubro2023.xlsx,MusicCueSheet_TvAberta_Out23,,01/10/2023,108,,,GIMME GIMME GIMME,"BENNY ANDERSON,BJORN ULVAEUS",SYZZ,,,,"UNIVERSAL MGB,UNIVERSAL MGB",LOWLY,,,0,0
Globo,MusicCueSheet_TvAberta_Outubro2023.xlsx,MusicCueSheet_TvAberta_Out23,,01/10/2023,108,,,GIMME GIMME GIMME,"BENNY ANDERSON,BJORN ULVAEUS",SYZZ,,,,"UNIVERSAL MGB,UNIVERSAL MGB",LOWLY,,,0,0
Globo,MusicCueSheet_TvAberta_Outubro2023.xlsx,MusicCueSheet_TvAberta_Out23,,01/10/2023,108,,,YOU MAKE ME FEEL,"JAMES WARRICK,SILVESTER JAMES","MICHAEL GRAY,SYLVESTER",,,,"FERMATA,FERMATA",,,,0,0
Globo,MusicCueSheet_TvAberta_Outubro2023.xlsx,MusicCueSheet_TvAberta_Out23,,01/10/2023,108,,,YOU MAKE ME FEEL,"JAMES WARRICK,SILVESTER JAMES","SYLVESTER,MICHAEL GRAY",,,,"FERMATA,FERMATA",SULTRA RECORDS,,,0,0
Globo,MusicCueSheet_TvAberta_Outubro2023.xlsx,MusicCueSheet_TvAberta_Out23,,01/10/2023,108,,,DEIXA ACONTECER,"ALEX FREITAS,CARLOS CAETANO",GRUPO REVELACAO,,,,"SONY MUSIC PUBLISHING,SONY MUSIC PUBLISHING",DECKDISC,,,0,0
Globo,MusicCueSheet_TvAberta_Outubro2023.xlsx,MusicCueSheet_TvAberta_Out23,,01/10/2023,108,,,MUITO ROMANTICO,CAETANO VELOSO,"XANDE DE PILARES,CAETANO VELOSO",,,,WARNER CHAPPELL,GOLD RECORDS,,,0,0
Globo,MusicCueSheet_TvAberta_Outubro2023.xlsx,MusicCueSheet_TvAberta_Out23,,01/10/2023,108,,,MUITO ROMANTICO,CAETANO VELOSO,XANDE DE PILARES,,,,WARNER CHAPPELL,,,,0,0
Globo,MusicCueSheet_TvAberta_Outubro2023.xlsx,MusicCueSheet_TvAberta_Out23,,01/10/2023,108,,,DON T START NOW,"CAROLINE AILIN,DUA LIPA,EMILY WARREN,IAN KIRKPATRICK",DUA LIPA,FULL MIX,,,"BMG,UNIVERSAL MGB,ABRAMUS,WARNER CHAPPELL",WARNER,,,0,0
Globo,MusicCueSheet_TvAberta_Outubro2023.xlsx,MusicCueSheet_TvAberta_Out23,,01/10/2023,108,,,INFINITY,PAUL WALDEN,"DANCE FRUITS MUSIC,DMNDS",,,,A DESCOBRIR,FRUITS MUSIC,,,0,0
Globo,MusicCueSheet_TvAberta_Outubro2023.xlsx,MusicCueSheet_TvAberta_Out23,,01/10/2023,108,,,INFINITY,PAUL WALDEN,"DANCE FRUITS MUSIC,DMNDS",,,,A DESCOBRIR,FRUITS MUSIC,,,0,0
Globo,MusicCueSheet_TvAberta_Outubro2023.xlsx,MusicCueSheet_TvAberta_Out23,,01/10/2023,108,,,BARBIE WORLD,"CLAUS NORREEN,EPHRAM LOPEZ,ISIS NAIJA GASTON,JOHNNY MOSEGAARD PEDERSON,KARSTEN DELGADO,LENE CRAWFORD NYSTROM,NICKI MINAJ,RENE DIF,SOREN RASTED","AQUA,ICE SPICE,NICKI MINAJ",,,,"UNIVERSAL MGB,A DESCOBRIR,UNIVERSAL MGB,A DESCOBRIR,A DESCOBRIR,UNIVERSAL MGB,UNIVERSAL MGB,UNIVERSAL MGB,UNIVERSAL MGB",ATLANTIC RECORDS,,,0,0
Globo,MusicCueSheet_TvAberta_Outubro2023.xlsx,MusicCueSheet_TvAberta_Out23,,01/10/2023,108,,,BARBIE WORLD,"CLAUS NORREEN,EPHRAM LOPEZ,ISIS NAIJA GASTON,JOHNNY MOSEGAARD PEDERSON,KARSTEN DELGADO,LENE CRAWFORD NYSTROM,NICKI MINAJ,RENE DIF,SOREN RASTED","AQUA,ICE SPICE,NICKI MINAJ",,,,"UNIVERSAL MGB,A DESCOBRIR,UNIVERSAL MGB,A DESCOBRIR,A DESCOBRIR,UNIVERSAL MGB,UNIVERSAL MGB,UNIVERSAL MGB,UNIVERSAL MGB",ATLANTIC RECORDS,,,0,0
Globo,MusicCueSheet_TvAberta_Outubro2023.xlsx,MusicCueSheet_TvAberta_Out23,,01/10/2023,108,,,BARBIE GIRL,"CLAUS NORREEN,JOHNNY MOSEGAARD PEDERSON,KARSTEN DELGADO,LENE NYSTRONI,RENE DIF,SOREN RASTED",AQUA,,,,"UNIVERSAL MGB,WARNER CHAPPELL,WARNER CHAPPELL,UNIVERSAL MGB,UNIVERSAL MGB,UNIVERSAL MGB",UNIVERSAL MUSIC A/S,,,0,0
Globo,MusicCueSheet_TvAberta_Outubro2023.xlsx,MusicCueSheet_TvAberta_Out23,,01/10/2023,108,,,SOU A BARBIE GIRL,"A DESCOBRIR,A DESCOBRIR,CLAUS NORREEN,GUSTAVO LINS,GUSTAVO LINS,JOHNNY MOSEGAARD PEDERSON,KARSTEN DELGADO,LENE NYSTRONI,RENE DIF,SOREN RASTED,UMBERTO TAVARES,UMBERTO TAVARES",KELLY KEY,,,,"A DESCOBRIR,WARNER CHAPPELL,UNIVERSAL MGB,UNIVERSAL MGB,WARNER CHAPPELL,UNIVERSAL MGB,UNIVERSAL MGB,UNIVERSAL MGB,UNIVERSAL MGB,WARNER CHAPPELL,UNIVERSAL MGB,WARNER CHAPPELL",WM BRAZIL,,,0,0
Globo,MusicCueSheet_TvAberta_Outubro2023.xlsx,MusicCueSheet_TvAberta_Out23,,01/10/2023,108,,,DON T START NOW,"CAROLINE AILIN,DUA LIPA,EMILY WARREN,IAN KIRKPATRICK",DUA LIPA,FULL MIX,,,"BMG,UNIVERSAL MGB,ABRAMUS,WARNER CHAPPELL",WARNER,,,0,0
Globo,MusicCueSheet_TvAberta_Outubro2023.xlsx,MusicCueSheet_TvAberta_Out23,,01/10/2023,108,,,BARBIE GIRL,"CLAUS NORREEN,JOHNNY MOSEGAARD PEDERSON,KARSTEN DELGADO,LENE NYSTRONI,RENE DIF,SOREN RASTED",AQUA,,,,"UNIVERSAL MGB,WARNER CHAPPELL,WARNER CHAPPELL,UNIVERSAL MGB,UNIVERSAL MGB,UNIVERSAL MGB",UNIVERSAL MUSIC A/S,,,0,0
Globo,MusicCueSheet_TvAberta_Outubro2023.xlsx,MusicCueSheet_TvAberta_Out23,,01/10/2023,108,,,GENTE,CAETANO VELOSO,XANDE DE PILARES,,,,WARNER CHAPPELL,,,,0,0
Globo,MusicCueSheet_TvAberta_Outubro2023.xlsx,MusicCueSheet_TvAberta_Out23,,01/10/2023,2606,,,SAI DA MINHA ABA,"ALEXANDRE PIRES,LOURENCO",SO PRA CONTRARIAR,,,,"UNIVERSAL MGB,L O S",,,,0,0
Globo,MusicCueSheet_TvAberta_Outubro2023.xlsx,MusicCueSheet_TvAberta_Out23,,01/10/2023,2606,,,MINEIRINHO,"ALEXANDRE PIRES,LOURENCO",SÓ PRA CONTRARIAR,,,,"UNIVERSAL MGB,UNIVERSAL MGB",,,,0,0
Globo,MusicCueSheet_TvAberta_Outubro2023.xlsx,MusicCueSheet_TvAberta_Out23,,01/10/2023,2606,,,ESSA TAL LIBERDADE,"CHICO ROQUE,MIGUEL PLOPSCHI,PAULO SERGIO VALLE",SÓ PRA CONTRARIAR,,,,"SONY MUSIC PUBLISHING,SONY MUSIC PUBLISHING,SONY MUSIC PUBLISHING",,,,0,0
Globo,MusicCueSheet_TvAberta_Outubro2023.xlsx,MusicCueSheet_TvAberta_Out23,,01/10/2023,2606,,,ESSA TAL LIBERDADE,"CHICO ROQUE,MIGUEL PLOPSCHI,PAULO SERGIO VALLE",SÓ PRA CONTRARIAR,,,,"SONY MUSIC PUBLISHING,SONY MUSIC PUBLISHING,SONY MUSIC PUBLISHING",,,,0,0
Globo,MusicCueSheet_TvAberta_Outubro2023.xlsx,MusicCueSheet_TvAberta_Out23,,01/10/2023,2606,,,A BARATA,ALEXANDRE PIRES,SÓ PRA CONTRARIAR,,,,NOSSA MUSICA,,,,0,0
Globo,MusicCueSheet_TvAberta_Outubro2023.xlsx,MusicCueSheet_TvAberta_Out23,,01/10/2023,2606,,,SAI DA MINHA ABA,"ALEXANDRE PIRES,LOURENCO",SO PRA CONTRARIAR,,,,"UNIVERSAL MGB,L O S",,,,0,0
Globo,MusicCueSheet_TvAberta_Outubro2023.xlsx,MusicCueSheet_TvAberta_Out23,,01/10/2023,2606,,,DEPOIS DO PRAZER,"CHICO ROQUE,SERGIO CAETANO",SÓ PRA CONTRARIAR,,,,"SONY MUSIC PUBLISHING,SONY MUSIC PUBLISHING",,,,0,0
Globo,MusicCueSheet_TvAberta_Outubro2023.xlsx,MusicCueSheet_TvAberta_Out23,,01/10/2023,2606,,,DOMINGO,"ALEXANDRE PIRES,FERNANDO PIRES,RENATO,VADINHO",SÓ PRA CONTRARIAR,,,,"NOSSA MUSICA,NOSSA MUSICA,UNIVERSAL MGB,UNIVERSAL MGB",,,,0,0
Globo,MusicCueSheet_TvAberta_Outubro2023.xlsx,MusicCueSheet_TvAberta_Out23,,01/10/2023,01102023,,,UMA EX,"CRISTHYAN RIBEIRO,HUGO HENRIQUE,JULIANO TCHULA,RAFFA TORRES",MURILO HUFF,,,,"EDITORA JKF,UNIVERSAL MGB,BMG,A DESCOBRIR",,,,0,0
Globo,MusicCueSheet_TvAberta_Outubro2023.xlsx,MusicCueSheet_TvAberta_Out23,,01/10/2023,01102023,,,DESEJANDO EU,"BRUNO SUCESSO,ELAN RUBIO,MARCELO HENRIQUE,RICARDO VISMARCK,RONAEL",MURILO HUFF,,,,"A DESCOBRIR,A DESCOBRIR,A DESCOBRIR,A DESCOBRIR,A DESCOBRIR",,,,0,0
Globo,MusicCueSheet_TvAberta_Outubro2023.xlsx,MusicCueSheet_TvAberta_Out23,,01/10/2023,01102023,,,PINO NA GRANADA,"ALEX ALVES,CLEBINHO,JULIANO COUTO,WALLAS DIAS",MURILO HUFF,,,,"A DESCOBRIR,A DESCOBRIR,A DESCOBRIR,A DESCOBRIR",,,,0,0
Globo,MusicCueSheet_TvAberta_Outubro2023.xlsx,MusicCueSheet_TvAberta_Out23,,01/10/2023,01102023,,,DOIS ENGANADOS,"DANILLO DAVILLA,GUSTAVO MARTINS FELISBINO,MURILO HUFF,WALLACE DE MELO",MURILO HUFF,,,,"BMG,WARNER CHAPPELL,BMG,BMG",,,,0,0
Globo,MusicCueSheet_TvAberta_Outubro2023.xlsx,MusicCueSheet_TvAberta_Out23,,01/10/2023,01102023,,,COMUNICACAO FALHOU,"DANIEL CANDIDO DE MORAIS,DANK,EMIDIO,MATHEUS ROSADO,THAVARES",MARI FERNANDEZ,,,,"SONY MUSIC PUBLISHING,UNIVERSAL MGB,UNIVERSAL MGB,R3 PRODUÇÕES,R3 PRODUÇÕES",,,,0,0
Globo,MusicCueSheet_TvAberta_Outubro2023.xlsx,MusicCueSheet_TvAberta_Out23,,01/10/2023,01102023,,,LOVE ABSURDO,"DAVI MELO,GABRIEL BK,LEO CARVALHO",MARI FERNANDEZ,,,,"A DESCOBRIR,A DESCOBRIR,A DESCOBRIR",,,,0,0
Globo,MusicCueSheet_TvAberta_Outubro2023.xlsx,MusicCueSheet_TvAberta_Out23,,01/10/2023,01102023,,,AUDIO QUE TE ENTREGA,"DAVI MELO,JEFF DA SANFONA,LEO CARVALHO,MC BALOVE",MARI FERNANDEZ,,,,"A DESCOBRIR,A DESCOBRIR,WARNER CHAPPELL,R3 PRODUÇÕES",,,,0,0
Globo,MusicCueSheet_TvAberta_Outubro2023.xlsx,MusicCueSheet_TvAberta_Out23,,01/10/2023,01102023,,,EU GOSTO ASSIM,"BENICIO NETO,JUNIOR PEPATO,RAFA BORGES",MARI FERNANDEZ,,,,"WARNER CHAPPELL,MUSICA NOSSA PRODUCOES MUSICAIS,ABRAMUS",,,,0,0
Globo,MusicCueSheet_TvAberta_Outubro2023.xlsx,MusicCueSheet_TvAberta_Out23,,01/10/2023,01102023,,,DEIXA ACONTECER,"ALEX FREITAS,CARLOS CAETANO",XANDE DE PILARES,,,,"SONY MUSIC PUBLISHING,SONY MUSIC PUBLISHING",,,,0,0
Globo,MusicCueSheet_TvAberta_Outubro2023.xlsx,MusicCueSheet_TvAberta_Out23,,01/10/2023,01102023,,,PRECISO TE AMAR,"MAURO JR,XANDE DE PILARES",XANDE DE PILARES,,,,"UNIVERSAL MGB,UNIVERSAL MGB",,,,0,0
Globo,MusicCueSheet_TvAberta_Outubro2023.xlsx,MusicCueSheet_TvAberta_Out23,,01/10/2023,01102023,,,COMPASSO DO AMOR,"HELINHO DO SALGUEIRO,MAURO JR,XANDE DE PILARES",XANDE DE PILARES,,,,"UNIVERSAL MGB,SONY MUSIC PUBLISHING,SONY MUSIC PUBLISHING",,,,0,0
Globo,MusicCueSheet_TvAberta_Outubro2023.xlsx,MusicCueSheet_TvAberta_Out23,,01/10/2023,01102023,,,CORACAO RADIANTE,"HELINHO DO SALGUEIRO,MAURO JR,XANDE DE PILARES",XANDE DE PILARES,,,,"UNIVERSAL MGB,DECK,DECK",,,,0,0
Globo,MusicCueSheet_TvAberta_Outubro2023.xlsx,MusicCueSheet_TvAberta_Out23,,01/10/2023,01102023,,,ENTAO VALEU,"FRED,GUSTAVO,MARCO AURELIO,VALERIA COSTA",FRED E FABRICIO,,,,"REDE PURA,REDE PURA,EDITORA PE DE VERSO,REDE PURA",,,,0,0
Globo,MusicCueSheet_TvAberta_Outubro2023.xlsx,MusicCueSheet_TvAberta_Out23,,01/10/2023,01102023,,,JEJUM DE AMOR,"BRUNO CALIMAN,FRED LIEL,GUSTAVO,MARCO AURELIO FERREIRA",FRED E FABRICIO,,,,"SONY MUSIC PUBLISHING,REDE PURA,A DESCOBRIR,REDE PURA",,,,0,0
Globo,MusicCueSheet_TvAberta_Outubro2023.xlsx,MusicCueSheet_TvAberta_Out23,,01/10/2023,01102023,,,JEJUM DE AMOR,"BRUNO CALIMAN,FRED LIEL,GUSTAVO,MARCO AURELIO FERREIRA",FRED E FABRICIO,,,,"SONY MUSIC PUBLISHING,REDE PURA,A DESCOBRIR,REDE PURA",,,,0,0
Globo,MusicCueSheet_TvAberta_Outubro2023.xlsx,MusicCueSheet_TvAberta_Out23,,01/10/2023,3,,,ACELERA AE,"DAN KAMBAIAH,FABINHO O BRIAN,GIGI,MAGNO SANT ANNA",IVETE SANGALO,,,,"IESSI MUSIC PUBLISHING,DECK,IESSI MUSIC PUBLISHING,IESSI MUSIC PUBLISHING",,,,0,0
Globo,MusicCueSheet_TvAberta_Outubro2023.xlsx,MusicCueSheet_TvAberta_Out23,,01/10/2023,3,,,CASA,LULU SANTOS,"MARCOS OORUN,YOHAN KISSER,GALLAK",,,,UNIVERSAL MGB,,,,0,0
Globo,MusicCueSheet_TvAberta_Outubro2023.xlsx,MusicCueSheet_TvAberta_Out23,,01/10/2023,3,,,MORENA,"BRUNO MARTINI,VITOR KLEY","JOAO TERRA,FABINHO K,ALLEX REIS",,,,"UNIVERSAL MGB,UNIVERSAL MGB",,,,0,0
Globo,MusicCueSheet_TvAberta_Outubro2023.xlsx,MusicCueSheet_TvAberta_Out23,,01/10/2023,3,,,PIPOCA DA IVETE,"IVETE SANGALO,SAMIR TRINDADE",IVETE SANGALO,,,,"IESSI MUSIC PUBLISHING,WARNER CHAPPELL",,,,0,0
Globo,MusicCueSheet_TvAberta_Outubro2023.xlsx,MusicCueSheet_TvAberta_Out23,,01/10/2023,3,,,PIPOCA DA IVETE,"IVETE SANGALO,SAMIR TRINDADE",IVETE SANGALO,,,,"IESSI MUSIC PUBLISHING,WARNER CHAPPELL",,,,0,0
Globo,MusicCueSheet_TvAberta_Outubro2023.xlsx,MusicCueSheet_TvAberta_Out23,,01/10/2023,3,,,ME PERDOA,"BRUNO GABRIEL,FERRUGEM,THIAGUINHO",ALLEX REIS,,,,"WARNER CHAPPELL,SONY MUSIC PUBLISHING,SONY MUSIC PUBLISHING",,,,0,0
Globo,MusicCueSheet_TvAberta_Outubro2023.xlsx,MusicCueSheet_TvAberta_Out23,,01/10/2023,3,,,ELA UNE TODAS AS COISAS,"JORGE VERCILLO,JOTA MARANHAO",FABINHO K,,,,"WARNER CHAPPELL,WARNER CHAPPELL",,,,0,0
Globo,MusicCueSheet_TvAberta_Outubro2023.xlsx,MusicCueSheet_TvAberta_Out23,,01/10/2023,3,,,PIPOCA DA IVETE,"IVETE SANGALO,SAMIR TRINDADE",IVETE SANGALO,,,,"IESSI MUSIC PUBLISHING,WARNER CHAPPELL",,,,0,0
Globo,MusicCueSheet_TvAberta_Outubro2023.xlsx,MusicCueSheet_TvAberta_Out23,,01/10/2023,3,,,PIPOCA DA IVETE,"IVETE SANGALO,SAMIR TRINDADE",IVETE SANGALO,,,,"IESSI MUSIC PUBLISHING,WARNER CHAPPELL",,,,0,0
Globo,MusicCueSheet_TvAberta_Outubro2023.xlsx,MusicCueSheet_TvAberta_Out23,,01/10/2023,3,,,QUERO SER FELIZ TAMBEM,"ALEXANDRE CARLO CRUZ,BRUNO DOURADO,IZABELLA ROCHA,LUIS MAURICIO RIBEIRO,WALDIVINO MORAIS",MARCOS OORUN,,,,"SONY MUSIC PUBLISHING,SONY MUSIC PUBLISHING,SONY MUSIC PUBLISHING,SONY MUSIC PUBLISHING,SONY MUSIC PUBLISHING",,,,0,0
Globo,MusicCueSheet_TvAberta_Outubro2023.xlsx,MusicCueSheet_TvAberta_Out23,,01/10/2023,3,,,XO,"BEYONCE KNOWLES,RYAN TEDDER,TERIUS NASH",JOAO TERRA,,,,"SONY MUSIC PUBLISHING,ABRAMUS,WARNER CHAPPELL",,,,0,0
Globo,MusicCueSheet_TvAberta_Outubro2023.xlsx,MusicCueSheet_TvAberta_Out23,,01/10/2023,3,,,FLY AWAY,LENNY KRAVITZ,YOHAN KISSER,,,,BMG,,,,0,0
Globo,MusicCueSheet_TvAberta_Outubro2023.xlsx,MusicCueSheet_TvAberta_Out23,,01/10/2023,3,,,TROVAO,"DILSINHO,MUNIR TRAD",GALLAK,,,,"SONY MUSIC PUBLISHING,WARNER CHAPPELL",,,,0,0
Globo,MusicCueSheet_TvAberta_Outubro2023.xlsx,MusicCueSheet_TvAberta_Out23,,01/10/2023,3,,,MUITO OBRIGADO AXE,CARLINHOS BROWN,"CARLINHOS BROWN,IVETE SANGALO",,,,WARNER CHAPPELL,,,,0,0
Globo,MusicCueSheet_TvAberta_Outubro2023.xlsx,MusicCueSheet_TvAberta_Out23,,01/10/2023,3,,,MUITO OBRIGADO AXE,CARLINHOS BROWN,"CARLINHOS BROWN,IVETE SANGALO",,,,WARNER CHAPPELL,,,,0,0
Globo,MusicCueSheet_TvAberta_Outubro2023.xlsx,MusicCueSheet_TvAberta_Out23,,01/10/2023,3,,,O MUNDO VAI,"IVETE SANGALO,NEILTON CERQUEIRA SANTOS,RADAMES VENANCIO,RAMON CRUZ,SAMIR TRINDADE,TIERRE COSTA",IVETE SANGALO,,,,"IESSI MUSIC PUBLISHING,IESSI MUSIC PUBLISHING,IESSI MUSIC PUBLISHING,IESSI MUSIC PUBLISHING,IESSI MUSIC PUBLISHING,UNIVERSAL MGB",,,,0,0
Globo,MusicCueSheet_TvAberta_Outubro2023.xlsx,MusicCueSheet_TvAberta_Out23,,01/10/2023,01102023,,,ANJOS DE DEUS,"ELISEU GOMES,ELISEU GOMES",PADRE MARCELO ROSSI,,,,"ABRAMUS,WARNER CHAPPELL",,,,0,0
Globo,MusicCueSheet_TvAberta_Outubro2023.xlsx,MusicCueSheet_TvAberta_Out23,,01/10/2023,01102023,,,QUEM E ESTA QUE AVANCA COMO AURORA,DOMINGOS S OLIVEIRA,PADRE MARCELO ROSSI,,,,SICAM,,,,0,0
Globo,MusicCueSheet_TvAberta_Outubro2023.xlsx,MusicCueSheet_TvAberta_Out23,,01/10/2023,01102023,,,COMO SAO BELOS,"EDISON COELHO,NEI",PADRE MARCELO ROSSI,,,,"PRISMA FERNANDES,PRISMA FERNANDES",,,,0,0
Globo,MusicCueSheet_TvAberta_Outubro2023.xlsx,MusicCueSheet_TvAberta_Out23,,01/10/2023,01102023,,,MARIA DE NAZARE,PADRE ZEZINHO SCJ,PADRE MARCELO ROSSI,,,,COMEP - PAULINAS,,,,0,0
Globo,MusicCueSheet_TvAberta_Outubro2023.xlsx,MusicCueSheet_TvAberta_Out23,,01/10/2023,01102023,,,MINHA PEQUENA FLOR,DUNGA,PADRE MARCELO ROSSI,,,,A DESCOBRIR,,,,0,0
Globo,MusicCueSheet_TvAberta_Outubro2023.xlsx,MusicCueSheet_TvAberta_Out23,,01/10/2023,01102023,,,MEU CORACAO E PRA TI,"DP,PADRE MARCELO ROSSI",PADRE MARCELO ROSSI,,,,"DP,UNIVERSAL MGB",,,,0,0
Globo,MusicCueSheet_TvAberta_Outubro2023.xlsx,MusicCueSheet_TvAberta_Out23,,01/10/2023,01102023,,,SANTO SANTO SANTO,"DP,PADRE MARCELO ROSSI",PADRE MARCELO ROSSI,,,,"DP,UNIVERSAL MGB",,,,0,0
Globo,MusicCueSheet_TvAberta_Outubro2023.xlsx,MusicCueSheet_TvAberta_Out23,,01/10/2023,01102023,,,PAI NOSSO,LUIZ CHAVES,PADRE MARCELO ROSSI,,,,UNIVERSAL MGB,,,,0,0
Globo,MusicCueSheet_TvAberta_Outubro2023.xlsx,MusicCueSheet_TvAberta_Out23,,01/10/2023,01102023,,,CORDEIRO DE DEUS,"FREI FABRETI O M F,JOSE THOMAZ FILHO",PADRE MARCELO ROSSI,,,,"COMEP - PAULINAS,COMEP - PAULINAS",,,,0,0
Globo,MusicCueSheet_TvAberta_Outubro2023.xlsx,MusicCueSheet_TvAberta_Out23,,01/10/2023,01102023,,,BONDADE DE DEUS,"BEN FIELDING,BRIAN JOHNSON,ED CASH,JASON INGRAM,JENN JOHNSON,RAFAEL ZANCUL ORTEGA",PADRE MARCELO ROSSI,,,,"ADORANDO,ADORANDO,ADORANDO,ADORANDO,ADORANDO,ADORANDO",,,,0,0
Globo,MusicCueSheet_TvAberta_Outubro2023.xlsx,MusicCueSheet_TvAberta_Out23,,01/10/2023,01102023,,,VEM ESPIRITO DE DEUS,"DUNGA,PADRE MARCELO ROSSI,RINALDO ROSA",PADRE MARCELO ROSSI,,,,"A DESCOBRIR,A DESCOBRIR,A DESCOBRIR",,,,0,0
Globo,MusicCueSheet_TvAberta_Outubro2023.xlsx,MusicCueSheet_TvAberta_Out23,,01/10/2023,01102023,,,VEM ESPIRITO DE DEUS,"DUNGA,PADRE MARCELO ROSSI,RINALDO ROSA",PADRE MARCELO ROSSI,,,,"A DESCOBRIR,A DESCOBRIR,A DESCOBRIR",,,,0,0
Globo,MusicCueSheet_TvAberta_Outubro2023.xlsx,MusicCueSheet_TvAberta_Out23,,01/10/2023,01102023,,,ERGUEI AS MAOS,PADRE MARCELO ROSSI,PADRE MARCELO ROSSI,,,,MIRAMAR,,,,0,0
Globo,MusicCueSheet_TvAberta_Outubro2023.xlsx,MusicCueSheet_TvAberta_Out23,,01/10/2023,01102023,,,SENHOR TEM MUITOS FILHOS,PADRE MARCELO ROSSI,PADRE MARCELO ROSSI,,,,MIRAMAR,,,,0,0
Globo,MusicCueSheet_TvAberta_Outubro2023.xlsx,MusicCueSheet_TvAberta_Out23,,01/10/2023,01102023,,,ENQUANTO O SOL BRILHAR,"CECILIO NENA,LUIZ CARLOS PIGEARD DE ALMEIDA PRADO",ANONIMOS,,,,"WARNER CHAPPELL,WARNER CHAPPELL",,,,0,0
Globo,MusicCueSheet_TvAberta_Outubro2023.xlsx,MusicCueSheet_TvAberta_Out23,,01/10/2023,01102023,,,SO DA VOCE NA MINHA VIDA,RICK,ANONIMOS,,,,PEERMUSIC,,,,0,0
Globo,MusicCueSheet_TvAberta_Outubro2023.xlsx,MusicCueSheet_TvAberta_Out23,,01/10/2023,01102023,,,PAGODE EM BRASILIA,"LOURIVAL DOS SANTOS,TEDDY VIEIRA",ANONIMOS,,,,"WARNER CHAPPELL,UNIVERSAL MGB",,,,0,0
Globo,MusicCueSheet_TvAberta_Outubro2023.xlsx,MusicCueSheet_TvAberta_Out23,,01/10/2023,01102023,,,BEM AOS OLHOS DA LUA,MARCIO CAMARGO,ANONIMOS,,,,UNIVERSAL MGB,,,,0,0
Globo,MusicCueSheet_TvAberta_Outubro2023.xlsx,MusicCueSheet_TvAberta_Out23,,01/10/2023,01102023,,,ENQUANTO O SOL BRILHAR,"CECILIO NENA,LUIZ CARLOS PIGEARD DE ALMEIDA PRADO",ANONIMOS,,,,"WARNER CHAPPELL,WARNER CHAPPELL",,,,0,0
Globo,MusicCueSheet_TvAberta_Outubro2023.xlsx,MusicCueSheet_TvAberta_Out23,,01/10/2023,01102023,,,PAGODE EM BRASILIA,"LOURIVAL DOS SANTOS,TEDDY VIEIRA",ANONIMOS,,,,"WARNER CHAPPELL,UNIVERSAL MGB",,,,0,0
Globo,MusicCueSheet_TvAberta_Outubro2023.xlsx,MusicCueSheet_TvAberta_Out23,,01/10/2023,01102023,,,SO DA VOCE NA MINHA VIDA,RICK,ANONIMOS,,,,PEERMUSIC,,,,0,0
Globo,MusicCueSheet_TvAberta_Outubro2023.xlsx,MusicCueSheet_TvAberta_Out23,,01/10/2023,01102023,,,A GRANDE MONTANHA,"ROMEU WANDSCHEER,TIAO CARREIRO",ANONIMOS,,,,"LATINO,LATINO",,,,0,0
Globo,MusicCueSheet_TvAberta_Outubro2023.xlsx,MusicCueSheet_TvAberta_Out23,,01/10/2023,01102023,,,SAUDADE,"TIAO CARREIRO,ZE MATAO",ANONIMOS,,,,"LATINO,LATINO",,,,0,0
Globo,MusicCueSheet_TvAberta_Outubro2023.xlsx,MusicCueSheet_TvAberta_Out23,,01/10/2023,01102023,,,NEM DORMINDO CONSIGO TE ESQUECER,CESAR AUGUSTO,ANONIMOS,,,,PEERMUSIC,,,,0,0
Globo,MusicCueSheet_TvAberta_Outubro2023.xlsx,MusicCueSheet_TvAberta_Out23,,01/10/2023,01102023,,,MEU REINO ENCANTADO,"VALDEMAR REIS,VICENTE MACHADO",ANONIMOS,,,,"WARNER CHAPPELL,PEERMUSIC",,,,0,0
Globo,MusicCueSheet_TvAberta_Outubro2023.xlsx,MusicCueSheet_TvAberta_Out23,,01/10/2023,01102023,,,NEM DORMINDO CONSIGO TE ESQUECER,CESAR AUGUSTO,ANONIMOS,,,,PEERMUSIC,,,,0,0
Globo,MusicCueSheet_TvAberta_Outubro2023.xlsx,MusicCueSheet_TvAberta_Out23,,01/10/2023,FA OU HATER,,,SURVIVOR,"ANTHONY DENT,BEYONCE KNOWLES,M KNOWLES",DESTINY S CHILD,,,,"BMG,SONY MUSIC PUBLISHING,A DESCOBRIR",,,,0,0
Globo,MusicCueSheet_TvAberta_Outubro2023.xlsx,MusicCueSheet_TvAberta_Out23,,01/10/2023,FA OU HATER,,,MOLE,"IZA,PABLO BISPO,RUXELL,SERGIO SANTOS",IZA,,,,"SONY MUSIC PUBLISHING,WARNER CHAPPELL,WARNER CHAPPELL,WARNER CHAPPELL",,,,0,0
Globo,MusicCueSheet_TvAberta_Outubro2023.xlsx,MusicCueSheet_TvAberta_Out23,,01/10/2023,FA OU HATER,,,BOLA REBOLA,"ANDRE MURILO DA SILVA,ANITTA,HAILEY COLLIER,ISAAC DANIEL JUNIOR,J BALVIN,JAZELLE PARIS RODRIGUEZ,ZE GONZALES","ANITTA,MC ZAAC,TROPKILLAZ",,,,"BMG,SONY MUSIC PUBLISHING,ABRAMUS,UNIVERSAL MGB,UNIVERSAL MGB,PEERMUSIC,BMG",,,,0,0
Globo,MusicCueSheet_TvAberta_Outubro2023.xlsx,MusicCueSheet_TvAberta_Out23,,02/10/2023,2891,,,2 DE JUNHO,ADRIANA CALCANHOTTO,ADRIANA CALCANHOTTO,,,,A DESCOBRIR,,,,0,0
Globo,MusicCueSheet_TvAberta_Outubro2023.xlsx,MusicCueSheet_TvAberta_Out23,,02/10/2023,2891,,,MANDA UM OI,"CRISTHYAN RIBEIRO,DOUGLAS MELLO,FLAVINHO TINTO,MATHEUS MARCOLINO,NANDO MARX",SIMONE MENDES,,,,"ABRAMUS,WARNER CHAPPELL,SONY MUSIC PUBLISHING,A DESCOBRIR,WARNER CHAPPELL",,,,0,0
Globo,MusicCueSheet_TvAberta_Outubro2023.xlsx,MusicCueSheet_TvAberta_Out23,,02/10/2023,2891,,,ERRO GOSTOSO,"DE ANGELO,DE ANGELO,EDSON GARCIA,ELIABE QUEXIN,FELIPE MARINS,FLAVINHO DO KADET,LUCAS SOUZA",SIMONE MENDES,,,,"A DESCOBRIR,WARNER CHAPPELL,BMG,SONY MUSIC PUBLISHING,SONY MUSIC PUBLISHING,WARNER CHAPPELL,SONY MUSIC PUBLISHING",,,,0,0
Globo,MusicCueSheet_TvAberta_Outubro2023.xlsx,MusicCueSheet_TvAberta_Out23,,02/10/2023,2891,,,DOIS FUGITIVOS,"DIEGO SILVEIRA,JUNIOR PEPATO,LARI FERREIRA,RAFA BORGES",SIMONE MENDES,,,,"A DESCOBRIR,NOSSA MUSICA,A DESCOBRIR,ABRAMUS",,,,0,0
Globo,MusicCueSheet_TvAberta_Outubro2023.xlsx,MusicCueSheet_TvAberta_Out23,,02/10/2023,2891,,,DOIS FUGITIVOS,"DIEGO SILVEIRA,JUNIOR PEPATO,LARI FERREIRA,RAFA BORGES",SIMONE MENDES,,,,"A DESCOBRIR,NOSSA MUSICA,A DESCOBRIR,ABRAMUS",,,,0,0
Globo,MusicCueSheet_TvAberta_Outubro2023.xlsx,MusicCueSheet_TvAberta_Out23,,02/10/2023,EPISODIO 4 FALAS DA VIDA,,,CORACAO SELVAGEM,BELCHIOR,ANA CANAS,FULL MIX,,,FORTALEZA,SOUL RICA RECORDS,,,0,0
Globo,MusicCueSheet_TvAberta_Outubro2023.xlsx,MusicCueSheet_TvAberta_Out23,,02/10/2023,EPISODIO 4 FALAS DA VIDA,,,CORACAO SELVAGEM,BELCHIOR,ANA CANAS,FULL MIX,,,FORTALEZA,SOUL RICA RECORDS,,,0,0
Globo,MusicCueSheet_TvAberta_Outubro2023.xlsx,MusicCueSheet_TvAberta_Out23,,02/10/2023,EPISODIO 4 FALAS DA VIDA,,,BACHIANAS BRASILEIRAS N 5,VILLA LOBOS,"NANI PALMEIRA, RAFAEL LANGONI",VIOLAO E CELLO,,,VITALE,GLOBO,,,0,0
Globo,MusicCueSheet_TvAberta_Outubro2023.xlsx,MusicCueSheet_TvAberta_Out23,,02/10/2023,5916,,,EVERY LITTLE THING SHE DOES IS MAGIC,STING,THE POLICE,,,,SONY MUSIC PUBLISHING,POLYDOR RECORDS,,,0,0
Globo,MusicCueSheet_TvAberta_Outubro2023.xlsx,MusicCueSheet_TvAberta_Out23,,02/10/2023,5916,,,EVERY LITTLE THING SHE DOES IS MAGIC,STING,THE POLICE,,,,SONY MUSIC PUBLISHING,POLYDOR RECORDS,,,0,0
Globo,MusicCueSheet_TvAberta_Outubro2023.xlsx,MusicCueSheet_TvAberta_Out23,,02/10/2023,5916,,,PARABENS A VOCE,"LEA MAGALHAES,MILDRED J HILL,PATTY S HILL",BANDA CARA DE PAU,,,,"WARNER CHAPPELL,DP,DP",INDEPENDENTE,,,0,0
Globo,MusicCueSheet_TvAberta_Outubro2023.xlsx,MusicCueSheet_TvAberta_Out23,,02/10/2023,5916,,,EVERY LITTLE THING SHE DOES IS MAGIC,STING,THE POLICE,,,,SONY MUSIC PUBLISHING,POLYDOR RECORDS,,,0,0
Globo,MusicCueSheet_TvAberta_Outubro2023.xlsx,MusicCueSheet_TvAberta_Out23,,02/10/2023,JA QUE SAO OITO,,,ABC,"ALPHONSO MIZELL,BERRY GORDY,DEKE RICHARDS,FREDDIE PERREN",THE JACKSON FIVE,,,,"SONY MUSIC PUBLISHING,SONY MUSIC PUBLISHING,SONY MUSIC PUBLISHING,SONY MUSIC PUBLISHING",,,,0,0
Globo,MusicCueSheet_TvAberta_Outubro2023.xlsx,MusicCueSheet_TvAberta_Out23,,02/10/2023,JA QUE SAO OITO,,,ABC,"ALPHONSO MIZELL,BERRY GORDY,DEKE RICHARDS,FREDDIE PERREN",SILVIO GUINDANE,,,,"SONY MUSIC PUBLISHING,SONY MUSIC PUBLISHING,SONY MUSIC PUBLISHING,SONY MUSIC PUBLISHING",,,,0,0
Globo,MusicCueSheet_TvAberta_Outubro2023.xlsx,MusicCueSheet_TvAberta_Out23,,02/10/2023,JA QUE SAO OITO,,,A RESPOSTA DA MARIQUINHA,"QUINTINO ELISEU,ZE BATUTA,ZE DO RANCHO",SAMANTHA SCHMUTZ,,,,"FERMATA,FERMATA,FERMATA",,,,0,0
Globo,MusicCueSheet_TvAberta_Outubro2023.xlsx,MusicCueSheet_TvAberta_Out23,,02/10/2023,JA QUE SAO OITO,,,AQUI TEM UM BANDO DE LOUCO  LOUCO POR TI CORINTHIANS,TUCA VEIGA,"PLATEIA VAI QUE COLA,MARCELO MEDICI",,,,SONY MUSIC PUBLISHING,,,,0,0
Globo,MusicCueSheet_TvAberta_Outubro2023.xlsx,MusicCueSheet_TvAberta_Out23,,02/10/2023,JA QUE SAO OITO,,,BAD,MICHAEL JACKSON,MICHAEL JACKSON,,,,SONY MUSIC PUBLISHING,,,,0,0
Globo,MusicCueSheet_TvAberta_Outubro2023.xlsx,MusicCueSheet_TvAberta_Out23,,02/10/2023,JA QUE SAO OITO,,,BEAT IT,MICHAEL JACKSON,MICHAEL JACKSON,,,,SONY MUSIC PUBLISHING,,,,0,0
Globo,MusicCueSheet_TvAberta_Outubro2023.xlsx,MusicCueSheet_TvAberta_Out23,,02/10/2023,JA QUE SAO OITO,,,BILLIE JEAN,MICHAEL JACKSON,MICHAEL JACKSON,,,,SONY MUSIC PUBLISHING,,,,0,0
Globo,MusicCueSheet_TvAberta_Outubro2023.xlsx,MusicCueSheet_TvAberta_Out23,,02/10/2023,JA QUE SAO OITO,,,BILLIE JEAN,MICHAEL JACKSON,SAMANTHA SCHMUTZ,,,,SONY MUSIC PUBLISHING,,,,0,0
Globo,MusicCueSheet_TvAberta_Outubro2023.xlsx,MusicCueSheet_TvAberta_Out23,,02/10/2023,JA QUE SAO OITO,,,BLACK OR WHITE,MICHAEL JACKSON,MICHAEL JACKSON,,,,SONY MUSIC PUBLISHING,,,,0,0
Globo,MusicCueSheet_TvAberta_Outubro2023.xlsx,MusicCueSheet_TvAberta_Out23,,02/10/2023,JA QUE SAO OITO,,,DON T STOP TIL YOU GET ENOUGH,MICHAEL JACKSON,MICHAEL JACKSON,,,,SONY MUSIC PUBLISHING,,,,0,0
Globo,MusicCueSheet_TvAberta_Outubro2023.xlsx,MusicCueSheet_TvAberta_Out23,,02/10/2023,JA QUE SAO OITO,,,E TARDE DEMAIS,"ELIAS MUNIZ,LUIZ CARLOS",SILVIO GUINDANE,,,,"PEERMUSIC,PEERMUSIC",,,,0,0
Globo,MusicCueSheet_TvAberta_Outubro2023.xlsx,MusicCueSheet_TvAberta_Out23,,02/10/2023,JA QUE SAO OITO,,,I WANNA BE WHERE YOU ARE,"A ROSS,L WARE",BEYONCE,,,,"SONY MUSIC PUBLISHING,SONY MUSIC PUBLISHING",,,,0,0
Globo,MusicCueSheet_TvAberta_Outubro2023.xlsx,MusicCueSheet_TvAberta_Out23,,02/10/2023,JA QUE SAO OITO,,,I WILL SURVIVE,"DINO FEKARIS,FREDDIE PERREN",GLORIA GAYNOR,FULL MIX,,,"UNIVERSAL MGB,UNIVERSAL MGB",UNIVERSAL,,,0,0
Globo,MusicCueSheet_TvAberta_Outubro2023.xlsx,MusicCueSheet_TvAberta_Out23,,02/10/2023,JA QUE SAO OITO,,,SEGUE O SECO,"CARLINHOS BROWN,CARLINHOS BROWN",MARCUS MAJELLA,,,,"SONY MUSIC PUBLISHING,WARNER CHAPPELL",,,,0,0
Globo,MusicCueSheet_TvAberta_Outubro2023.xlsx,MusicCueSheet_TvAberta_Out23,,02/10/2023,JA QUE SAO OITO,,,SMOOTH CRIMINAL,MICHAEL JACKSON,MICHAEL JACKSON,,,,SONY MUSIC PUBLISHING,,,,0,0
Globo,MusicCueSheet_TvAberta_Outubro2023.xlsx,MusicCueSheet_TvAberta_Out23,,02/10/2023,JA QUE SAO OITO,,,SMOOTH CRIMINAL,MICHAEL JACKSON,SAMANTHA SCHMUTZ,,,,SONY MUSIC PUBLISHING,,,,0,0
Globo,MusicCueSheet_TvAberta_Outubro2023.xlsx,MusicCueSheet_TvAberta_Out23,,02/10/2023,JA QUE SAO OITO,,,THEY DON T CARE ABOUT US,MICHAEL JACKSON,MICHAEL JACKSON,,,,SONY MUSIC PUBLISHING,,,,0,0
Globo,MusicCueSheet_TvAberta_Outubro2023.xlsx,MusicCueSheet_TvAberta_Out23,,02/10/2023,JA QUE SAO OITO,,,THRILLER,ROD TEMPERTON,MICHAEL JACKSON,,,,WARNER CHAPPELL,,,,0,0
Globo,MusicCueSheet_TvAberta_Outubro2023.xlsx,MusicCueSheet_TvAberta_Out23,,02/10/2023,JA QUE SAO OITO,,,WE ARE THE WORLD,"LIONEL RICHIE,MICHAEL JACKSON,MICHAEL JACKSON",MICHAEL JACKSON,,,,"PEERMUSIC,SONY MUSIC PUBLISHING,UNIVERSAL MGB",,,,0,0
Globo,MusicCueSheet_TvAberta_Outubro2023.xlsx,MusicCueSheet_TvAberta_Out23,,02/10/2023,JA QUE SAO OITO,,,WE ARE THE WORLD,"LIONEL RICHIE,MICHAEL JACKSON,MICHAEL JACKSON",SAMANTHA SCHMUTZ,,,,"PEERMUSIC,SONY MUSIC PUBLISHING,UNIVERSAL MGB",,,,0,0
Globo,MusicCueSheet_TvAberta_Outubro2023.xlsx,MusicCueSheet_TvAberta_Out23,,02/10/2023,TEREZINHA DE ORLEANS E BRAGANCA,,,BATUCADA 1,DUDU NOBRE,DUDU NOBRE,,,,UNIVERSAL MGB,,,,0,0
Globo,MusicCueSheet_TvAberta_Outubro2023.xlsx,MusicCueSheet_TvAberta_Out23,,02/10/2023,TEREZINHA DE ORLEANS E BRAGANCA,,,E HOJE,"DIDI,MESTRINHO",UNIAO DA ILHA DO GOVERNADOR,FULL MIX,,,"SONY MUSIC PUBLISHING,SONY MUSIC PUBLISHING",TOP TAPE,,,0,0
Globo,MusicCueSheet_TvAberta_Outubro2023.xlsx,MusicCueSheet_TvAberta_Out23,,02/10/2023,TEREZINHA DE ORLEANS E BRAGANCA,,,SONHAR COM REI DA LEAO,"NEGUINHO DA BEIJA FLOR,NEGUINHO DA BEIJA FLOR",CATARINA ABDALLA,,,,"SONY MUSIC PUBLISHING,WARNER CHAPPELL",,,,0,0
Globo,MusicCueSheet_TvAberta_Outubro2023.xlsx,MusicCueSheet_TvAberta_Out23,,02/10/2023,TEREZINHA DE ORLEANS E BRAGANCA,,,THAT S NOT MY NAME,"JULIAN DE MARTINO,KATIE WHITE",THE TING TINGS,,,,"WARNER CHAPPELL,SONY MUSIC PUBLISHING",,,,0,0
Globo,MusicCueSheet_TvAberta_Outubro2023.xlsx,MusicCueSheet_TvAberta_Out23,,03/10/2023,1253,,,QUER VOAR,"EMICIDA,GROU,LORENTZ,MATUE,PALAZE,QUANTICH,RAEL",MATUE,,,,"WARNER CHAPPELL,WARNER CHAPPELL,A DESCOBRIR,WARNER CHAPPELL,WARNER CHAPPELL,A DESCOBRIR,WARNER CHAPPELL",,,,0,0
Globo,MusicCueSheet_TvAberta_Outubro2023.xlsx,MusicCueSheet_TvAberta_Out23,,03/10/2023,1253,,,CONEXOES DE MAFIA,"GIBBO,MAKO,MATUE,RICH THE KID",MATUE,,,,"SONY MUSIC PUBLISHING,A DESCOBRIR,WARNER CHAPPELL,A DESCOBRIR",,,,0,0
Globo,MusicCueSheet_TvAberta_Outubro2023.xlsx,MusicCueSheet_TvAberta_Out23,,03/10/2023,1253,,,CONEXOES DE MAFIA,"GIBBO,MAKO,MATUE,RICH THE KID",MATUE,,,,"SONY MUSIC PUBLISHING,A DESCOBRIR,WARNER CHAPPELL,A DESCOBRIR",,,,0,0
Globo,MusicCueSheet_TvAberta_Outubro2023.xlsx,MusicCueSheet_TvAberta_Out23,,03/10/2023,1253,,,ANOS LUZ,MATUE,MATUE,,,,WARNER CHAPPELL,,,,0,0
Globo,MusicCueSheet_TvAberta_Outubro2023.xlsx,MusicCueSheet_TvAberta_Out23,,03/10/2023,1253,,,MENTALMORFOSE,"DANILO CUTRIM,NICOLAS CESAR,RODRIGO COSTA,VITOR INSENSEE",FORFUN,,,,"UNIVERSAL MGB,UNIVERSAL MGB,UNIVERSAL MGB,UNIVERSAL MGB",,,,0,0
Globo,MusicCueSheet_TvAberta_Outubro2023.xlsx,MusicCueSheet_TvAberta_Out23,,03/10/2023,1253,,,QUER VOAR,"EMICIDA,GROU,LORENTZ,MATUE,PALAZE,QUANTICH,RAEL",MATUE,,,,"WARNER CHAPPELL,WARNER CHAPPELL,A DESCOBRIR,WARNER CHAPPELL,WARNER CHAPPELL,A DESCOBRIR,WARNER CHAPPELL",,,,0,0
Globo,MusicCueSheet_TvAberta_Outubro2023.xlsx,MusicCueSheet_TvAberta_Out23,,03/10/2023,1253,,,ANOS LUZ,MATUE,MATUE,,,,WARNER CHAPPELL,,,,0,0
Globo,MusicCueSheet_TvAberta_Outubro2023.xlsx,MusicCueSheet_TvAberta_Out23,,03/10/2023,5917,,,ACORDA PEDRINHO,"BER HEY,BERNARDO CRISOSTOMO PASQUALI,GABRIEL DUNAJSKI MENDES,GUSTAVO PIMENTEL KARAM,RAFAEL DUNAJSKI MENDES",JOVEM DIONISIO,FULL MIX,,,"WARNER CHAPPELL,WARNER CHAPPELL,WARNER CHAPPELL,WARNER CHAPPELL,WARNER CHAPPELL",GLOBO,,,0,0
Globo,MusicCueSheet_TvAberta_Outubro2023.xlsx,MusicCueSheet_TvAberta_Out23,,03/10/2023,5917,,,ACORDA PEDRINHO,"BER HEY,BERNARDO CRISOSTOMO PASQUALI,GABRIEL DUNAJSKI MENDES,GUSTAVO PIMENTEL KARAM,RAFAEL DUNAJSKI MENDES",JOVEM DIONISIO,FULL MIX,,,"WARNER CHAPPELL,WARNER CHAPPELL,WARNER CHAPPELL,WARNER CHAPPELL,WARNER CHAPPELL",GLOBO,,,0,0
Globo,MusicCueSheet_TvAberta_Outubro2023.xlsx,MusicCueSheet_TvAberta_Out23,,03/10/2023,5917,,,PRIVATE DANCER,MARK KNOPFLER,TINA TURNER,,,,UNIVERSAL MGB,WARNER MUSIC,,,0,0
Globo,MusicCueSheet_TvAberta_Outubro2023.xlsx,MusicCueSheet_TvAberta_Out23,,03/10/2023,5917,,,WITH OR WITHOUT YOU,"ADAM CLAYTON,DAVE EVANS,LARRY MULLEN,PAUL HEWSON",U2,,,,"UNIVERSAL MGB,UNIVERSAL MGB,UNIVERSAL MGB,UNIVERSAL MGB",UNIVERSAL MUSIC,,,0,0
Globo,MusicCueSheet_TvAberta_Outubro2023.xlsx,MusicCueSheet_TvAberta_Out23,,03/10/2023,5917,,,PARABENS A VOCE,"LEA MAGALHAES,MILDRED J HILL,PATTY S HILL",BANDA CARA DE PAU,,,,"WARNER CHAPPELL,DP,DP",INDEPENDENTE,,,0,0
Globo,MusicCueSheet_TvAberta_Outubro2023.xlsx,MusicCueSheet_TvAberta_Out23,,03/10/2023,5917,,,ACORDA PEDRINHO,"BER HEY,BERNARDO CRISOSTOMO PASQUALI,GABRIEL DUNAJSKI MENDES,GUSTAVO PIMENTEL KARAM,RAFAEL DUNAJSKI MENDES",JOVEM DIONISIO,FULL MIX,,,"WARNER CHAPPELL,WARNER CHAPPELL,WARNER CHAPPELL,WARNER CHAPPELL,WARNER CHAPPELL",GLOBO,,,0,0
Globo,MusicCueSheet_TvAberta_Outubro2023.xlsx,MusicCueSheet_TvAberta_Out23,,03/10/2023,AJOLESCENTE,,,AQUI TEM UM BANDO DE LOUCO  LOUCO POR TI CORINTHIANS,TUCA VEIGA,"PLATEIA VAI QUE COLA,MARCELO MEDICI",,,,SONY MUSIC PUBLISHING,,,,0,0
Globo,MusicCueSheet_TvAberta_Outubro2023.xlsx,MusicCueSheet_TvAberta_Out23,,03/10/2023,AJOLESCENTE,,,BIJUTERIAS,"ALDIR BLANC,JOAO BOSCO",JOAO BOSCO,,,,"UNIVERSAL MGB,UNIVERSAL MGB",,,,0,0
Globo,MusicCueSheet_TvAberta_Outubro2023.xlsx,MusicCueSheet_TvAberta_Out23,,03/10/2023,AJOLESCENTE,,,GREASED LIGHTNIN,"JIM JACOBS,WARREN CASEY",JOHN TRAVOLTA,,,,"WARNER CHAPPELL,WARNER CHAPPELL",,,,0,0
Globo,MusicCueSheet_TvAberta_Outubro2023.xlsx,MusicCueSheet_TvAberta_Out23,,03/10/2023,AJOLESCENTE,,,IS THIS LOVE,BOB MARLEY,BOB MARLEY,,,,UNIVERSAL MGB,,,,0,0
Globo,MusicCueSheet_TvAberta_Outubro2023.xlsx,MusicCueSheet_TvAberta_Out23,,03/10/2023,AJOLESCENTE,,,MAYBE,RICHARD BARRETT,JANIS JOPLIN,,,,SONY MUSIC PUBLISHING,,,,0,0
Globo,MusicCueSheet_TvAberta_Outubro2023.xlsx,MusicCueSheet_TvAberta_Out23,,03/10/2023,AJOLESCENTE,,,MENINO DO RIO,CAETANO VELOSO,BABY CONSUELO,FULL MIX,,,WARNER CHAPPELL,WARNER,,,0,0
Globo,MusicCueSheet_TvAberta_Outubro2023.xlsx,MusicCueSheet_TvAberta_Out23,,03/10/2023,AJOLESCENTE,,,RUA AUGUSTA,HERVE CORDOVIL,CATARINA ABDALLA,,,,VITALE,,,,0,0
Globo,MusicCueSheet_TvAberta_Outubro2023.xlsx,MusicCueSheet_TvAberta_Out23,,03/10/2023,AJOLESCENTE,,,SAY WHAT YOU WILL,"DAVID KING,EDWARD CLARKE,JEREMY SHRLEY",ARI MENDES,,,,"A DESCOBRIR,SONY MUSIC PUBLISHING,BMG",,,,0,0
Globo,MusicCueSheet_TvAberta_Outubro2023.xlsx,MusicCueSheet_TvAberta_Out23,,03/10/2023,AJOLESCENTE,,,SAY WHAT YOU WILL,"DAVID KING,EDWARD CLARKE,JEREMY SHRLEY",SAMANTHA SCHMUTZ,,,,"A DESCOBRIR,SONY MUSIC PUBLISHING,BMG",,,,0,0
Globo,MusicCueSheet_TvAberta_Outubro2023.xlsx,MusicCueSheet_TvAberta_Out23,,03/10/2023,CHAMEM O SINDICO,,,AQUI TEM UM BANDO DE LOUCO  LOUCO POR TI CORINTHIANS,TUCA VEIGA,"PLATEIA VAI QUE COLA,MARCELO MEDICI",,,,SONY MUSIC PUBLISHING,,,,0,0
Globo,MusicCueSheet_TvAberta_Outubro2023.xlsx,MusicCueSheet_TvAberta_Out23,,03/10/2023,CHAMEM O SINDICO,,,DANCA DA MOTINHA,"DENNIS DJ,MC BETH",VANESSINHA PIKATCHU,,,,"SONY MUSIC PUBLISHING,SONY MUSIC PUBLISHING",,,,0,0
Globo,MusicCueSheet_TvAberta_Outubro2023.xlsx,MusicCueSheet_TvAberta_Out23,,03/10/2023,CHAMEM O SINDICO,,,FICO ASSIM SEM VOCE,"ABDULLAH,CACA MORAES",CLAUDINHO E BUCHECHA,,,,"SONY MUSIC PUBLISHING,SONY MUSIC PUBLISHING",,,,0,0
Globo,MusicCueSheet_TvAberta_Outubro2023.xlsx,MusicCueSheet_TvAberta_Out23,,03/10/2023,CHAMEM O SINDICO,,,TARA S THEME  GONE WITH THE WIND,MAX STEINER,SCARLETT O HARA,,,,SONY MUSIC PUBLISHING,,,,0,0
Globo,MusicCueSheet_TvAberta_Outubro2023.xlsx,MusicCueSheet_TvAberta_Out23,,03/10/2023,CHAMEM O SINDICO,,,VIDA LOKA  PARTE 1,MANO BROWN,RACIONAIS MC S,,,,BOA MUSIC RIGHTS,,,,0,0
Globo,MusicCueSheet_TvAberta_Outubro2023.xlsx,MusicCueSheet_TvAberta_Out23,,04/10/2023,1254,,,GLORIOSO SANTO ANTONIO,"ANTONIO CARLOS,JOCAFI",ANTONIO CARLOS E JOCAFI,,,,"UNIVERSAL MGB,UNIVERSAL MGB",,,,0,0
Globo,MusicCueSheet_TvAberta_Outubro2023.xlsx,MusicCueSheet_TvAberta_Out23,,04/10/2023,1254,,,GLORIOSO SANTO ANTONIO,"ANTONIO CARLOS,JOCAFI",ANTONIO CARLOS E JOCAFI,,,,"UNIVERSAL MGB,UNIVERSAL MGB",,,,0,0
Globo,MusicCueSheet_TvAberta_Outubro2023.xlsx,MusicCueSheet_TvAberta_Out23,,04/10/2023,1254,,,PERAMBULANDO,"ANTONIO CARLOS,JOCAFI",ANTONIO CARLOS E JOCAFI,,,,"UNIVERSAL MGB,UNIVERSAL MGB",,,,0,0
Globo,MusicCueSheet_TvAberta_Outubro2023.xlsx,MusicCueSheet_TvAberta_Out23,,04/10/2023,1254,,,MERCADO MODELO,"ANTONIO CARLOS,ILDASIO TAVARES,JOCAFI",ANTONIO CARLOS E JOCAFI,,,,"A DESCOBRIR,COPYRIGHTS,A DESCOBRIR",,,,0,0
Globo,MusicCueSheet_TvAberta_Outubro2023.xlsx,MusicCueSheet_TvAberta_Out23,,04/10/2023,1254,,,MERCADO MODELO,"ANTONIO CARLOS,ILDASIO TAVARES,JOCAFI",ANTONIO CARLOS E JOCAFI,,,,"A DESCOBRIR,COPYRIGHTS,A DESCOBRIR",,,,0,0
Globo,MusicCueSheet_TvAberta_Outubro2023.xlsx,MusicCueSheet_TvAberta_Out23,,04/10/2023,1254,,,DESACATO,"ANTONIO CARLOS,JOCAFI",ANTONIO CARLOS E JOCAFI,,,,"UNIVERSAL MGB,UNIVERSAL MGB",,,,0,0
Globo,MusicCueSheet_TvAberta_Outubro2023.xlsx,MusicCueSheet_TvAberta_Out23,,04/10/2023,1254,,,DESACATO,"ANTONIO CARLOS,JOCAFI",ANTONIO CARLOS E JOCAFI,,,,"UNIVERSAL MGB,UNIVERSAL MGB",,,,0,0
Globo,MusicCueSheet_TvAberta_Outubro2023.xlsx,MusicCueSheet_TvAberta_Out23,,04/10/2023,1254,,,DESACATO,"ANTONIO CARLOS,JOCAFI",ANTONIO CARLOS E JOCAFI,,,,"UNIVERSAL MGB,UNIVERSAL MGB",,,,0,0
Globo,MusicCueSheet_TvAberta_Outubro2023.xlsx,MusicCueSheet_TvAberta_Out23,,04/10/2023,1254,,,OGUN NI LE,"ANTONIO CARLOS,JOCAFI",ANTONIO CARLOS E JOCAFI,,,,"A DESCOBRIR,A DESCOBRIR",,,,0,0
Globo,MusicCueSheet_TvAberta_Outubro2023.xlsx,MusicCueSheet_TvAberta_Out23,,04/10/2023,2893,,,FETICHE,ACHO ESTOL,MARIANA MAZU.,,,,A DESCOBRIR,,,,0,0
Globo,MusicCueSheet_TvAberta_Outubro2023.xlsx,MusicCueSheet_TvAberta_Out23,,04/10/2023,5918,,,A COR E ROSA (CITACAO MUSICAL NA VIRADA DA MONTANHA),"ARY BARROSO,LAMARTINE BABO,LUCAS SILVA,SILVA",SILVA,FULL MIX,,,"VITALE,VITALE,SONY MUSIC PUBLISHING,SONY MUSIC PUBLISHING",RGE,,,0,0
Globo,MusicCueSheet_TvAberta_Outubro2023.xlsx,MusicCueSheet_TvAberta_Out23,,04/10/2023,5918,,,A COR E ROSA (CITACAO MUSICAL NA VIRADA DA MONTANHA),"ARY BARROSO,LAMARTINE BABO,LUCAS SILVA,SILVA",SILVA,FULL MIX,,,"VITALE,VITALE,SONY MUSIC PUBLISHING,SONY MUSIC PUBLISHING",RGE,,,0,0
Globo,MusicCueSheet_TvAberta_Outubro2023.xlsx,MusicCueSheet_TvAberta_Out23,,04/10/2023,5918,,,PARABENS A VOCE,"LEA MAGALHAES,MILDRED J HILL,PATTY S HILL",BANDA CARA DE PAU,,,,"WARNER CHAPPELL,DP,DP",INDEPENDENTE,,,0,0
Globo,MusicCueSheet_TvAberta_Outubro2023.xlsx,MusicCueSheet_TvAberta_Out23,,04/10/2023,5918,,,A COR E ROSA (CITACAO MUSICAL NA VIRADA DA MONTANHA),"ARY BARROSO,LAMARTINE BABO,LUCAS SILVA,SILVA",SILVA,FULL MIX,,,"VITALE,VITALE,SONY MUSIC PUBLISHING,SONY MUSIC PUBLISHING",RGE,,,0,0
Globo,MusicCueSheet_TvAberta_Outubro2023.xlsx,MusicCueSheet_TvAberta_Out23,,04/10/2023,RONINHO BILL O GALA MAGICO,,,THE BAD TOUCH,JAMES FRANKS,THE BLOODHOUND GANG,,,,UNIVERSAL MGB,,,,0,0
Globo,MusicCueSheet_TvAberta_Outubro2023.xlsx,MusicCueSheet_TvAberta_Out23,,04/10/2023,RONINHO BILL O GALA MAGICO,,,GIRL YOU LL BE A WOMAN SOON,NEIL DIAMOND,URGE OVERKILL,,,,UNIVERSAL MGB,,,,0,0
Globo,MusicCueSheet_TvAberta_Outubro2023.xlsx,MusicCueSheet_TvAberta_Out23,,04/10/2023,RONINHO BILL O GALA MAGICO,,,HAJA AMOR,"CHOCOLATE DA BAHIA,LUIZ CALDAS",LUIZ CALDAS,,,,"UNIVERSAL MGB,UNIVERSAL MGB",,,,0,0
Globo,MusicCueSheet_TvAberta_Outubro2023.xlsx,MusicCueSheet_TvAberta_Out23,,04/10/2023,RONINHO BILL O GALA MAGICO,,,IT MUST HAVE BEEN LOVE,PER GESSLE,ROXETTE,FULL MIX,,,UNIVERSAL MGB,WARNER,,,0,0
Globo,MusicCueSheet_TvAberta_Outubro2023.xlsx,MusicCueSheet_TvAberta_Out23,,04/10/2023,RONINHO BILL O GALA MAGICO,,,MEU MUNDO CAIU,MAYSA,MAYSA,,,,FERMATA,,,,0,0
Globo,MusicCueSheet_TvAberta_Outubro2023.xlsx,MusicCueSheet_TvAberta_Out23,,04/10/2023,RONINHO BILL O GALA MAGICO,,,NOBODY DOES IT BETTER,"CAROLE BAYER SAGER,M HAMLISCH",CARLY SIMON,,,,"SONY MUSIC PUBLISHING,SONY MUSIC PUBLISHING",,,,0,0
Globo,MusicCueSheet_TvAberta_Outubro2023.xlsx,MusicCueSheet_TvAberta_Out23,,04/10/2023,RONINHO BILL O GALA MAGICO,,,O BICHO,RICARDO CHAVES,RICARDO CHAVES,,,,UNIVERSAL MGB,,,,0,0
Globo,MusicCueSheet_TvAberta_Outubro2023.xlsx,MusicCueSheet_TvAberta_Out23,,04/10/2023,RONINHO BILL O GALA MAGICO,,,PALPITE,VANESSA RANGEL,VANESSA RANGEL,,,,SONY MUSIC PUBLISHING,,,,0,0
Globo,MusicCueSheet_TvAberta_Outubro2023.xlsx,MusicCueSheet_TvAberta_Out23,,04/10/2023,RONINHO BILL O GALA MAGICO,,,PALPITE,VANESSA RANGEL,CATARINA ABDALA,,,,SONY MUSIC PUBLISHING,,,,0,0
Globo,MusicCueSheet_TvAberta_Outubro2023.xlsx,MusicCueSheet_TvAberta_Out23,,04/10/2023,RONINHO BILL O GALA MAGICO,,,PARABENS A VOCE,"LEA MAGALHAES,MILDRED J HILL,PATTY S HILL",PAULINHO SERRA,,,,"WARNER CHAPPELL,DP,DP",,,,0,0
Globo,MusicCueSheet_TvAberta_Outubro2023.xlsx,MusicCueSheet_TvAberta_Out23,,04/10/2023,RONINHO BILL O GALA MAGICO,,,SOLAMENTE UNA VEZ,AGUSTIN LARA,LOS PANCHOS,,,,VITALE,,,,0,0
Globo,MusicCueSheet_TvAberta_Outubro2023.xlsx,MusicCueSheet_TvAberta_Out23,,05/10/2023,1255,,,VOCE ABUSOU,"ANTONIO CARLOS,JOCAFI",ANTONIO CARLOS E JOCAFI,,,,"UNIVERSAL MGB,UNIVERSAL MGB",,,,0,0
Globo,MusicCueSheet_TvAberta_Outubro2023.xlsx,MusicCueSheet_TvAberta_Out23,,05/10/2023,1255,,,VOCE ABUSOU,"ANTONIO CARLOS,JOCAFI",ANTÔNIO CARLOS E JOCAFI,,,,"UNIVERSAL MGB,UNIVERSAL MGB",,,,0,0
Globo,MusicCueSheet_TvAberta_Outubro2023.xlsx,MusicCueSheet_TvAberta_Out23,,05/10/2023,1255,,,KABALUERE,"ANTONIO CARLOS,JOCAFI",ANTÔNIO CARLOS E JOCAFI,,,,"UNIVERSAL MGB,UNIVERSAL MGB",,,,0,0
Globo,MusicCueSheet_TvAberta_Outubro2023.xlsx,MusicCueSheet_TvAberta_Out23,,05/10/2023,1255,,,VOCE ABUSOU,"ANTONIO CARLOS,JOCAFI",ANTÔNIO CARLOS E JOCAFI,,,,"UNIVERSAL MGB,UNIVERSAL MGB",,,,0,0
Globo,MusicCueSheet_TvAberta_Outubro2023.xlsx,MusicCueSheet_TvAberta_Out23,,05/10/2023,1255,,,VOCE ABUSOU,"ANTONIO CARLOS,JOCAFI",MICHAEL FUGAIN,,,,"UNIVERSAL MGB,UNIVERSAL MGB",,,,0,0
Globo,MusicCueSheet_TvAberta_Outubro2023.xlsx,MusicCueSheet_TvAberta_Out23,,05/10/2023,1255,,,VOCE ABUSOU,"ANTONIO CARLOS,JOCAFI",ELLA FITZGERALD,,,,"UNIVERSAL MGB,UNIVERSAL MGB",,,,0,0
Globo,MusicCueSheet_TvAberta_Outubro2023.xlsx,MusicCueSheet_TvAberta_Out23,,05/10/2023,1255,,,VOCE ABUSOU,"ANTONIO CARLOS,JOCAFI",CHRISTINE E THE QUEENS,,,,"UNIVERSAL MGB,UNIVERSAL MGB",,,,0,0
Globo,MusicCueSheet_TvAberta_Outubro2023.xlsx,MusicCueSheet_TvAberta_Out23,,05/10/2023,1255,,,VOCE ABUSOU,"ANTONIO CARLOS,JOCAFI",CELIA CRUZ,,,,"UNIVERSAL MGB,UNIVERSAL MGB",,,,0,0
Globo,MusicCueSheet_TvAberta_Outubro2023.xlsx,MusicCueSheet_TvAberta_Out23,,05/10/2023,1255,,,VOCE ABUSOU,"ANTONIO CARLOS,JOCAFI",JOSE FELICIANO,,,,"UNIVERSAL MGB,UNIVERSAL MGB",,,,0,0
Globo,MusicCueSheet_TvAberta_Outubro2023.xlsx,MusicCueSheet_TvAberta_Out23,,05/10/2023,1255,,,VOCE ABUSOU,"ANTONIO CARLOS,JOCAFI",STEVE WONDER,,,,"UNIVERSAL MGB,UNIVERSAL MGB",,,,0,0
Globo,MusicCueSheet_TvAberta_Outubro2023.xlsx,MusicCueSheet_TvAberta_Out23,,05/10/2023,1255,,,JUBIABA,"ANTONIO CARLOS,JOCAFI",ANTÔNIO CARLOS E JOCAFI,,,,"UBC,A DESCOBRIR",,,,0,0
Globo,MusicCueSheet_TvAberta_Outubro2023.xlsx,MusicCueSheet_TvAberta_Out23,,05/10/2023,1255,,,DONA FLOR E SEUS DOIS MARIDOS,"ANTONIO CARLOS,JOCAFI",ANTÔNIO CARLOS E JOCAFI,,,,"UNIVERSAL MGB,UNIVERSAL MGB",,,,0,0
Globo,MusicCueSheet_TvAberta_Outubro2023.xlsx,MusicCueSheet_TvAberta_Out23,,05/10/2023,1255,,,DONA FLOR E SEUS DOIS MARIDOS,"ANTONIO CARLOS,JOCAFI",ANTÔNIO CARLOS E JOCAFI,,,,"UNIVERSAL MGB,UNIVERSAL MGB",,,,0,0
Globo,MusicCueSheet_TvAberta_Outubro2023.xlsx,MusicCueSheet_TvAberta_Out23,,05/10/2023,1255,,,DONA FLOR E SEUS DOIS MARIDOS,"ANTONIO CARLOS,JOCAFI",ANTÔNIO CARLOS E JOCAFI,,,,"UNIVERSAL MGB,UNIVERSAL MGB",,,,0,0
Globo,MusicCueSheet_TvAberta_Outubro2023.xlsx,MusicCueSheet_TvAberta_Out23,,05/10/2023,1255,,,DONA FLOR E SEUS DOIS MARIDOS,"ANTONIO CARLOS,JOCAFI",ANTÔNIO CARLOS E JOCAFI,,,,"UNIVERSAL MGB,UNIVERSAL MGB",,,,0,0
Globo,MusicCueSheet_TvAberta_Outubro2023.xlsx,MusicCueSheet_TvAberta_Out23,,05/10/2023,1255,,,CHUCULATERA,"ANTONIO CARLOS,JOCAFI",ANTÔNIO CARLOS E JOCAFI,,,,"UNIVERSAL MGB,UNIVERSAL MGB",,,,0,0
Globo,MusicCueSheet_TvAberta_Outubro2023.xlsx,MusicCueSheet_TvAberta_Out23,,05/10/2023,1255,,,KABALUERE,"ANTONIO CARLOS,JOCAFI",ANTÔNIO CARLOS E JOCAFI,,,,"UNIVERSAL MGB,UNIVERSAL MGB",,,,0,0
Globo,MusicCueSheet_TvAberta_Outubro2023.xlsx,MusicCueSheet_TvAberta_Out23,,05/10/2023,1255,,,KABALUERE,"ANTONIO CARLOS,JOCAFI",ANTONIO CARLOS E JOCAFI,,,,"UNIVERSAL MGB,UNIVERSAL MGB",,,,0,0
Globo,MusicCueSheet_TvAberta_Outubro2023.xlsx,MusicCueSheet_TvAberta_Out23,,05/10/2023,1255,,,OGUN NI LE,"ANTONIO CARLOS,JOCAFI",ANTÔNIO CARLOS E JOCAFI,,,,"A DESCOBRIR,A DESCOBRIR",,,,0,0
Globo,MusicCueSheet_TvAberta_Outubro2023.xlsx,MusicCueSheet_TvAberta_Out23,,05/10/2023,1255,,,CATENDE,"ILDASIO TAVARES,ILDASIO TAVARES,JOCAFI,ONIAS COMENDA",ANTONIO CARLOS E JOCAFI,,,,"COPYRIGHTS,FERMATA,FERMATA,FERMATA",,,,0,0
Globo,MusicCueSheet_TvAberta_Outubro2023.xlsx,MusicCueSheet_TvAberta_Out23,,05/10/2023,2894,,,LEVO COMIGO,"KOBA,PE LU",RESTART,,,,"MAYNARD SONGS,MAYNARD SONGS",,,,0,0
Globo,MusicCueSheet_TvAberta_Outubro2023.xlsx,MusicCueSheet_TvAberta_Out23,,05/10/2023,2894,,,MENINA ESTRANHA,"KOBA,PE LU",RESTART,,,,"MAYNARD SONGS,MAYNARD SONGS",,,,0,0
Globo,MusicCueSheet_TvAberta_Outubro2023.xlsx,MusicCueSheet_TvAberta_Out23,,05/10/2023,2894,,,RECOMECAR,"KOBA,PE LANZA,PE LU,THOMAS",RESTART,,,,"MAYNARD SONGS,MAYNARD SONGS,MAYNARD SONGS,MAYNARD SONGS",,,,0,0
Globo,MusicCueSheet_TvAberta_Outubro2023.xlsx,MusicCueSheet_TvAberta_Out23,,05/10/2023,2894,,,RECOMECAR,"KOBA,PE LANZA,PE LU,THOMAS",RESTART,,,,"MAYNARD SONGS,MAYNARD SONGS,MAYNARD SONGS,MAYNARD SONGS",,,,0,0
Globo,MusicCueSheet_TvAberta_Outubro2023.xlsx,MusicCueSheet_TvAberta_Out23,,05/10/2023,46,,,DESEJO DE AMAR,"GABHU,MARINHEIRO","DANIEL, DUDA BEAT",FULL MIX,,,"WARNER CHAPPELL,WARNER CHAPPELL",DANIEL PROMOCOES ARTISTICAS LTDA,,,0,0
Globo,MusicCueSheet_TvAberta_Outubro2023.xlsx,MusicCueSheet_TvAberta_Out23,,05/10/2023,46,,,MELODIA SENTIMENTAL - FLORESTA AMAZONICA,VILLA LOBOS,NANI PALMEIRA,VIOLAO CELLO E FLAUTA,,,ABM,GLOBO,,,0,0
Globo,MusicCueSheet_TvAberta_Outubro2023.xlsx,MusicCueSheet_TvAberta_Out23,,05/10/2023,46,,,MELODIA SENTIMENTAL - FLORESTA AMAZONICA,VILLA LOBOS,NANI PALMEIRA,VIOLAO CELLO E FLAUTA,,,ABM,GLOBO,,,0,0
Globo,MusicCueSheet_TvAberta_Outubro2023.xlsx,MusicCueSheet_TvAberta_Out23,,05/10/2023,46,,,MELODIA SENTIMENTAL - FLORESTA AMAZONICA,VILLA LOBOS,NANI PALMEIRA,VIOLAO CELLO E FLAUTA,,,ABM,GLOBO,,,0,0
Globo,MusicCueSheet_TvAberta_Outubro2023.xlsx,MusicCueSheet_TvAberta_Out23,,05/10/2023,05102023,,,SORTE GRANDE,LOURENCO,TORCEDORES DO FLUMINENSE,,,,L O S,,,,0,0
Globo,MusicCueSheet_TvAberta_Outubro2023.xlsx,MusicCueSheet_TvAberta_Out23,,05/10/2023,5919,,,SINONIMOS,"CESAR AUGUSTO,CLAUDIO NOAM,PAULO SERGIO","ANA CASTELA, CHITAOZINHO E XORORO",FULL MIX,,,"WARNER CHAPPELL,SONY MUSIC PUBLISHING,WARNER CHAPPELL",LIVE,,,0,0
Globo,MusicCueSheet_TvAberta_Outubro2023.xlsx,MusicCueSheet_TvAberta_Out23,,05/10/2023,5919,,,SINONIMOS,"CESAR AUGUSTO,CLAUDIO NOAM,PAULO SERGIO","ANA CASTELA, CHITAOZINHO E XORORO",FULL MIX,,,"WARNER CHAPPELL,SONY MUSIC PUBLISHING,WARNER CHAPPELL",LIVE,,,0,0
Globo,MusicCueSheet_TvAberta_Outubro2023.xlsx,MusicCueSheet_TvAberta_Out23,,05/10/2023,5919,,,A FLOR E O BEIJA FLOR,"JULIANO TCHULA,MARILIA MENDONCA",MARILIA MENDONCA,FULL MIX,,,"BMG,BMG",SOM LIVRE,,,0,0
Globo,MusicCueSheet_TvAberta_Outubro2023.xlsx,MusicCueSheet_TvAberta_Out23,,05/10/2023,5919,,,SINONIMOS,"CESAR AUGUSTO,CLAUDIO NOAM,PAULO SERGIO","ANA CASTELA, CHITAOZINHO E XORORO",FULL MIX,,,"WARNER CHAPPELL,SONY MUSIC PUBLISHING,WARNER CHAPPELL",LIVE,,,0,0
Globo,MusicCueSheet_TvAberta_Outubro2023.xlsx,MusicCueSheet_TvAberta_Out23,,05/10/2023,5919,,,SINONIMOS,"CESAR AUGUSTO,CLAUDIO NOAM,PAULO SERGIO","ANA CASTELA, CHITAOZINHO E XORORO",FULL MIX,,,"WARNER CHAPPELL,SONY MUSIC PUBLISHING,WARNER CHAPPELL",LIVE,,,0,0
Globo,MusicCueSheet_TvAberta_Outubro2023.xlsx,MusicCueSheet_TvAberta_Out23,,05/10/2023,CAVERNA DO LEAO,,,THE BLACK GATE OPENS,"HOWARD SHORE,PHILIPPA BOYENS",HOWARD SHORE,,,,"UNIVERSAL MGB,UNIVERSAL MGB",,,,0,0
Globo,MusicCueSheet_TvAberta_Outubro2023.xlsx,MusicCueSheet_TvAberta_Out23,,05/10/2023,CAVERNA DO LEAO,,,COMING AROUND AGAIN,CARLY SIMON,CARLY SIMON,,,,SONY MUSIC PUBLISHING,,,,0,0
Globo,MusicCueSheet_TvAberta_Outubro2023.xlsx,MusicCueSheet_TvAberta_Out23,,05/10/2023,CAVERNA DO LEAO,,,A DANCA DO BUMBUM,"ARY,GILMAR DO SAMBA,OTACILIO,SINHO REVOLUCAO",E O TCHAN,,,,"UNIVERSAL MGB,UNIVERSAL MGB,UNIVERSAL MGB,UNIVERSAL MGB",,,,0,0
Globo,MusicCueSheet_TvAberta_Outubro2023.xlsx,MusicCueSheet_TvAberta_Out23,,05/10/2023,CAVERNA DO LEAO,,,GO YOUR OWN WAY,LINDSEY BUCKINGHAM,FLEETWOOD MAC,,,,SONY MUSIC PUBLISHING,,,,0,0
Globo,MusicCueSheet_TvAberta_Outubro2023.xlsx,MusicCueSheet_TvAberta_Out23,,05/10/2023,CAVERNA DO LEAO,,,SLAVE TO LOVE,BRYAN FERRY,BRYAN FERRY,,,,BMG,,,,0,0
Globo,MusicCueSheet_TvAberta_Outubro2023.xlsx,MusicCueSheet_TvAberta_Out23,,05/10/2023,CAVERNA DO LEAO,,,SOLAMENTE UNA VEZ,AGUSTIN LARA,LOS PANCHOS,,,,VITALE,,,,0,0
Globo,MusicCueSheet_TvAberta_Outubro2023.xlsx,MusicCueSheet_TvAberta_Out23,,05/10/2023,CAVERNA DO LEAO,,,TO VICTORY,TYLER BATES,TYLER BATES,,,,WARNER CHAPPELL,,,,0,0
Globo,MusicCueSheet_TvAberta_Outubro2023.xlsx,MusicCueSheet_TvAberta_Out23,,06/10/2023,1256,,,PALPITE,VANESSA RANGEL,VANESSA RANGEL,,,,SONY MUSIC PUBLISHING,,,,0,0
Globo,MusicCueSheet_TvAberta_Outubro2023.xlsx,MusicCueSheet_TvAberta_Out23,,06/10/2023,1814,,,COMO UMA ONDA,"LULU SANTOS,NELSON MOTTA",LULU SANTOS,,,,"UNIVERSAL MGB,UNIVERSAL MGB",SONY MUSIC ENTERTAINMENT,,,0,0
Globo,MusicCueSheet_TvAberta_Outubro2023.xlsx,MusicCueSheet_TvAberta_Out23,,06/10/2023,1814,,,COMO UMA ONDA,"LULU SANTOS,NELSON MOTTA",LULU SANTOS,,,,"UNIVERSAL MGB,UNIVERSAL MGB",SONY MUSIC ENTERTAINMENT,,,0,0
Globo,MusicCueSheet_TvAberta_Outubro2023.xlsx,MusicCueSheet_TvAberta_Out23,,06/10/2023,1814,,,COMO UMA ONDA,"LULU SANTOS,NELSON MOTTA",LULU SANTOS,,,,"UNIVERSAL MGB,UNIVERSAL MGB",SONY MUSIC ENTERTAINMENT,,,0,0
Globo,MusicCueSheet_TvAberta_Outubro2023.xlsx,MusicCueSheet_TvAberta_Out23,,06/10/2023,1814,,,COMO UMA ONDA,"LULU SANTOS,NELSON MOTTA",LULU SANTOS,,,,"UNIVERSAL MGB,UNIVERSAL MGB",SONY MUSIC ENTERTAINMENT,,,0,0
Globo,MusicCueSheet_TvAberta_Outubro2023.xlsx,MusicCueSheet_TvAberta_Out23,,06/10/2023,5920,,,SEXTA FEIRA,"CLAUDEMIR,RICARDO MORAES,SERGINHO MERITI",THIAGUINHO,,,,"DECK,A DESCOBRIR,DEIXA A VIDA ME LEVAR",SOM LIVRE,,,0,0
Globo,MusicCueSheet_TvAberta_Outubro2023.xlsx,MusicCueSheet_TvAberta_Out23,,06/10/2023,5920,,,SEXTA FEIRA,"CLAUDEMIR,RICARDO MORAES,SERGINHO MERITI",THIAGUINHO,,,,"DECK,A DESCOBRIR,DEIXA A VIDA ME LEVAR",SOM LIVRE,,,0,0
Globo,MusicCueSheet_TvAberta_Outubro2023.xlsx,MusicCueSheet_TvAberta_Out23,,06/10/2023,MIROSVALDO,,,BITCH BETTER HAVE MY MONEY,"BADRILLA BOURELLY,EBONY NAOMI OSHUNRINDE,JACQUES WEBSTER,JAMIL PIERRE,JAMIL PIERRE,KANYE WEST,RIHANNA,RIHANNA",RIHANNA,,,,"BMG,BMG,SONY MUSIC PUBLISHING,UNIVERSAL MGB,WARNER CHAPPELL,SONY MUSIC PUBLISHING,SONY MUSIC PUBLISHING,WARNER CHAPPELL",,,,0,0
Globo,MusicCueSheet_TvAberta_Outubro2023.xlsx,MusicCueSheet_TvAberta_Out23,,06/10/2023,MIROSVALDO,,,FIXACAO,"BENI,LEONI,PAULA TOLLER",KID ABELHA,,,,"WARNER CHAPPELL,WARNER CHAPPELL,SONY MUSIC PUBLISHING",,,,0,0
Globo,MusicCueSheet_TvAberta_Outubro2023.xlsx,MusicCueSheet_TvAberta_Out23,,06/10/2023,MIROSVALDO,,,IRONSIDE,QUINCY JONES,QUINCY JONES,,,,UNIVERSAL MGB,,,,0,0
Globo,MusicCueSheet_TvAberta_Outubro2023.xlsx,MusicCueSheet_TvAberta_Out23,,06/10/2023,MIROSVALDO,,,LOVE IS ALL THERE IS,"ELIZONDO MIKE,ELIZONDO MIKE,JEFF TROTT,JEFF TROTT,SHERYL CROW",SHERYL CROW,,,,"ROCKING GORILLAS,UNIVERSAL MGB,PEERMUSIC,WARNER CHAPPELL,BMG",,,,0,0
Globo,MusicCueSheet_TvAberta_Outubro2023.xlsx,MusicCueSheet_TvAberta_Out23,,06/10/2023,MIROSVALDO,,,TOMORROW NEVER DIES,"MITCHELL FROOM,SHERYL CROW",SHERYL CROW,,,,"ABRAMUS,WARNER CHAPPELL",,,,0,0
Globo,MusicCueSheet_TvAberta_Outubro2023.xlsx,MusicCueSheet_TvAberta_Out23,,06/10/2023,MIROSVALDO,,,WITHOUT YOU,"PETER HAM,THOMAS EVANS",RAFINHA BASTOS,,,,"SONY MUSIC PUBLISHING,SONY MUSIC PUBLISHING",,,,0,0
Globo,MusicCueSheet_TvAberta_Outubro2023.xlsx,MusicCueSheet_TvAberta_Out23,,07/10/2023,1134,,,PELADOS EM SANTOS,DINHO,BANDA ALTAS HORAS,,,,SONY MUSIC PUBLISHING,,,,0,0
Globo,MusicCueSheet_TvAberta_Outubro2023.xlsx,MusicCueSheet_TvAberta_Out23,,07/10/2023,1134,,,PELADOS EM SANTOS,DINHO,BANDA ALTAS HORAS,,,,SONY MUSIC PUBLISHING,,,,0,0
Globo,MusicCueSheet_TvAberta_Outubro2023.xlsx,MusicCueSheet_TvAberta_Out23,,07/10/2023,1134,,,ARRANHAO,"EDSON GARCIA,FELIPE KEF,FELIPE MARINS,FLAVINHO DO KADET,KAIQUE KEF,NUDOZE",HENRIQUE E JULIANO,,,,"BMG,EDITORA JKF,SONY MUSIC PUBLISHING,WARNER CHAPPELL,EDITORA JKF,EDITORA JKF",,,,0,0
Globo,MusicCueSheet_TvAberta_Outubro2023.xlsx,MusicCueSheet_TvAberta_Out23,,07/10/2023,1134,,,JEITO SEXY,"ALAN GORRIE,ANDY MARVEL,DIANA KING,HAMISH STUART,KINGSLEY GARDNER,MALCOLM DUNCAN,MILTON GUEDES,OWEN MCINTYRE,ROGER BALL,STEVE FERRONE",FAT FAMILY,,,,"FERMATA,BMG,SONY MUSIC PUBLISHING,FERMATA,SONY MUSIC PUBLISHING,FERMATA,SONY MUSIC PUBLISHING,FERMATA,FERMATA,FERMATA",,,,0,0
Globo,MusicCueSheet_TvAberta_Outubro2023.xlsx,MusicCueSheet_TvAberta_Out23,,07/10/2023,1134,,,TRAUMATIZEI,"FELIPE KEF,GABRIEL ANGELO FURTADO DE OLIVEIRA,NUDOZE,THALES ALLAN SANTOS HUMBERTO",HENRIQUE E JULIANO,,,,"EDITORA JKF,WARNER CHAPPELL,EDITORA JKF,A DESCOBRIR",,,,0,0
Globo,MusicCueSheet_TvAberta_Outubro2023.xlsx,MusicCueSheet_TvAberta_Out23,,07/10/2023,1134,,,TODA FORMA DE AMOR,LULU SANTOS,BANDA ALTAS HORAS,,,,UNIVERSAL MGB,,,,0,0
Globo,MusicCueSheet_TvAberta_Outubro2023.xlsx,MusicCueSheet_TvAberta_Out23,,07/10/2023,1134,,,PRO DIA NASCER FELIZ,"CAZUZA,FREJAT",BANDA ALTAS HORAS,,,,"WARNER CHAPPELL,WARNER CHAPPELL",,,,0,0
Globo,MusicCueSheet_TvAberta_Outubro2023.xlsx,MusicCueSheet_TvAberta_Out23,,07/10/2023,1134,,,EU NAO VOU,"FLAVIA SANTANA,KARLA PRIETTO,PAULO SANTANA",FAT FAMILY,,,,"PEERMUSIC,PEERMUSIC,SONY MUSIC PUBLISHING",,,,0,0
Globo,MusicCueSheet_TvAberta_Outubro2023.xlsx,MusicCueSheet_TvAberta_Out23,,07/10/2023,1134,,,ALI TE AMA,"GUI PRADO,RAFAELA MIRANDA,RAYANE SANTOS,VINNI MIRANDA,WALERIA LEAO",HENRIQUE E JULIANO FEAT RAYANE E RAFAELA,,,,"A DESCOBRIR,A DESCOBRIR,A DESCOBRIR,WARNER CHAPPELL,WARNER CHAPPELL",,,,0,0
Globo,MusicCueSheet_TvAberta_Outubro2023.xlsx,MusicCueSheet_TvAberta_Out23,,07/10/2023,1134,,,GOSTAVA TANTO DE VOCE,EDSON TRINDADE,BANDA ALTAS HORAS,,,,VITALE,,,,0,0
Globo,MusicCueSheet_TvAberta_Outubro2023.xlsx,MusicCueSheet_TvAberta_Out23,,07/10/2023,1134,,,DEIXA A VIDA ME LEVAR,"ERI DO CAIS,SERGINHO MERITI",BANDA ALTAS HORAS,,,,"UNIVERSAL MGB,UNIVERSAL MGB",,,,0,0
Globo,MusicCueSheet_TvAberta_Outubro2023.xlsx,MusicCueSheet_TvAberta_Out23,,07/10/2023,1134,,,DIVINO MARAVILHOSO,"CAETANO VELOSO,GILBERTO GIL",SOPHIE CHARLOTTE,,,,"WARNER CHAPPELL,SONY MUSIC PUBLISHING",,,,0,0
Globo,MusicCueSheet_TvAberta_Outubro2023.xlsx,MusicCueSheet_TvAberta_Out23,,07/10/2023,1134,,,PENSE EM MIM,"DOUGLAS MAIO,MARIO SOARES,ZE RIBEIRO",BANDA ALTAS HORAS,,,,"WARNER CHAPPELL,WARNER CHAPPELL,WARNER CHAPPELL",,,,0,0
Globo,MusicCueSheet_TvAberta_Outubro2023.xlsx,MusicCueSheet_TvAberta_Out23,,07/10/2023,1134,,,MACARENA,"ANTONIO ROMERO MONJE,RAFAEL RUIZ",BANDA ALTAS HORAS,,,,"WARNER CHAPPELL,WARNER CHAPPELL",,,,0,0
Globo,MusicCueSheet_TvAberta_Outubro2023.xlsx,MusicCueSheet_TvAberta_Out23,,07/10/2023,1134,,,LUZ DO SOL,"CARLOS PINTO,WALY SALOMAO",SOPHIE CHARLOTTE,,,,"WARNER CHAPPELL,WARNER CHAPPELL",,,,0,0
Globo,MusicCueSheet_TvAberta_Outubro2023.xlsx,MusicCueSheet_TvAberta_Out23,,07/10/2023,1134,,,LUZ DO SOL,"CARLOS PINTO,WALY SALOMAO",SOPHIE CHARLOTTE,,,,"WARNER CHAPPELL,WARNER CHAPPELL",,,,0,0
Globo,MusicCueSheet_TvAberta_Outubro2023.xlsx,MusicCueSheet_TvAberta_Out23,,07/10/2023,1134,,,RANCOROSA,"CRISTHYAN RIBEIRO,FELIPE KEF,MATEUS CANDOTTI,RODRIGO MARCO",HENRIQUE E JULIANO,,,,"A DESCOBRIR,EDITORA JKF,UNIVERSAL MGB,EDITORA JKF",,,,0,0
Globo,MusicCueSheet_TvAberta_Outubro2023.xlsx,MusicCueSheet_TvAberta_Out23,,07/10/2023,1134,,,VOCE NAO SOUBE ME AMAR,"EVANDRO MESQUITA,GUTO BARROS,RICARDO BARRETO,ZECA MENDIGO",BANDA ALTAS HORAS,,,,"WARNER CHAPPELL,SONY MUSIC PUBLISHING,COPYRIGHTS,UNIVERSAL MGB",,,,0,0
Globo,MusicCueSheet_TvAberta_Outubro2023.xlsx,MusicCueSheet_TvAberta_Out23,,07/10/2023,1134,,,SORTE GRANDE,LOURENCO,BANDA ALTAS HORAS,,,,L O S,,,,0,0
Globo,MusicCueSheet_TvAberta_Outubro2023.xlsx,MusicCueSheet_TvAberta_Out23,,07/10/2023,1134,,,BALANCE,"ALBERTO RIBEIRO,JOAO DE BARRO",BANDA ALTAS HORAS,,,,"ADDAF,ADDAF",,,,0,0
Globo,MusicCueSheet_TvAberta_Outubro2023.xlsx,MusicCueSheet_TvAberta_Out23,,07/10/2023,1134,,,BALANCE,"ALBERTO RIBEIRO,JOAO DE BARRO",BANDA ALTAS HORAS,,,,"ADDAF,ADDAF",,,,0,0
Globo,MusicCueSheet_TvAberta_Outubro2023.xlsx,MusicCueSheet_TvAberta_Out23,,07/10/2023,425,,,QUEM TA PEGANDO,DOUGLAS CEZAR ZANATTA,MURILO HUFF,,,,R3 PRODUÇÕES,M SHOW,,,0,0
Globo,MusicCueSheet_TvAberta_Outubro2023.xlsx,MusicCueSheet_TvAberta_Out23,,07/10/2023,425,,,QUEM TA PEGANDO,DOUGLAS CEZAR ZANATTA,MURILO HUFF,,,,R3 PRODUÇÕES,,,,0,0
Globo,MusicCueSheet_TvAberta_Outubro2023.xlsx,MusicCueSheet_TvAberta_Out23,,07/10/2023,425,,,UMA EX,"CRISTHYAN RIBEIRO,HUGO HENRIQUE,JULIANO TCHULA,RAFFA TORRES",MURILO HUFF,,,,"EDITORA JKF,UNIVERSAL MGB,BMG,A DESCOBRIR",,,,0,0
Globo,MusicCueSheet_TvAberta_Outubro2023.xlsx,MusicCueSheet_TvAberta_Out23,,07/10/2023,425,,,PRAIA,"FELIPE ARNA,RENATO CAMPERO,ROBISON JF",MURILO HUFF,,,,"R3 PRODUÇÕES,R3 PRODUÇÕES,R3 PRODUÇÕES",,,,0,0
Globo,MusicCueSheet_TvAberta_Outubro2023.xlsx,MusicCueSheet_TvAberta_Out23,,07/10/2023,07102023,,,XOTE DA SAUDADE,"CARLINHOS BORGES,GERALDINHO LINS",GERALDINHO LINS,,,,"BERGER PRODUCOES,A DESCOBRIR",,,,0,0
Globo,MusicCueSheet_TvAberta_Outubro2023.xlsx,MusicCueSheet_TvAberta_Out23,,07/10/2023,07102023,,,AMOR DE SERTAO,"GERALDINHO LINS,LUCIANO BARROS",GERALDINHO LINS,,,,"BERGER PRODUCOES,A DESCOBRIR",,,,0,0
Globo,MusicCueSheet_TvAberta_Outubro2023.xlsx,MusicCueSheet_TvAberta_Out23,,07/10/2023,07102023,,,ANUNCIACAO,ALCEU VALENCA,"GLECIA MARCOLINO,NATALICIO SALES",,,,HUMAITA,,,,0,0
Globo,MusicCueSheet_TvAberta_Outubro2023.xlsx,MusicCueSheet_TvAberta_Out23,,07/10/2023,07102023,,,MAIS FORTE QUE EU,RAFAEL MOURA,GERALDINHO LINS,,,,A DESCOBRIR,,,,0,0
Globo,MusicCueSheet_TvAberta_Outubro2023.xlsx,MusicCueSheet_TvAberta_Out23,,07/10/2023,07102023,,,HORA DA PARTIDA,"PAULO JORGE,PIERRE ONASSIS",GLECIA MARCOLINO,,,,"SONY MUSIC PUBLISHING,WARNER CHAPPELL",,,,0,0
Globo,MusicCueSheet_TvAberta_Outubro2023.xlsx,MusicCueSheet_TvAberta_Out23,,07/10/2023,1814,,,COMO UMA ONDA,"LULU SANTOS,NELSON MOTTA",LULU SANTOS,,,,"UNIVERSAL MGB,UNIVERSAL MGB",SONY MUSIC ENTERTAINMENT,,,0,0
Globo,MusicCueSheet_TvAberta_Outubro2023.xlsx,MusicCueSheet_TvAberta_Out23,,07/10/2023,1814,,,COMO UMA ONDA,"LULU SANTOS,NELSON MOTTA",LULU SANTOS,,,,"UNIVERSAL MGB,UNIVERSAL MGB",SONY MUSIC ENTERTAINMENT,,,0,0
Globo,MusicCueSheet_TvAberta_Outubro2023.xlsx,MusicCueSheet_TvAberta_Out23,,07/10/2023,1814,,,COMO UMA ONDA,"LULU SANTOS,NELSON MOTTA",LULU SANTOS,,,,"UNIVERSAL MGB,UNIVERSAL MGB",SONY MUSIC ENTERTAINMENT,,,0,0
Globo,MusicCueSheet_TvAberta_Outubro2023.xlsx,MusicCueSheet_TvAberta_Out23,,07/10/2023,1814,,,COMO UMA ONDA,"LULU SANTOS,NELSON MOTTA",LULU SANTOS,,,,"UNIVERSAL MGB,UNIVERSAL MGB",SONY MUSIC ENTERTAINMENT,,,0,0
Globo,MusicCueSheet_TvAberta_Outubro2023.xlsx,MusicCueSheet_TvAberta_Out23,,07/10/2023,07102023,,,DANCA DA VASSOURA,"ANDERSON LEONARDO,DELCIO LUIZ",PALHACO AZEVEDO,,,,"WARNER CHAPPELL,WARNER CHAPPELL",,,,0,0
Globo,MusicCueSheet_TvAberta_Outubro2023.xlsx,MusicCueSheet_TvAberta_Out23,,07/10/2023,07102023,,,TRES PECAS NORDESTINAS,CLOVIS PEREIRA,QUARTETO DE CORDAS,,,,A DESCOBRIR,,,,0,0
Globo,MusicCueSheet_TvAberta_Outubro2023.xlsx,MusicCueSheet_TvAberta_Out23,,07/10/2023,07102023,,,O TRENZINHO DO CAIPIRA,VILLA LOBOS,"PALHACO AZEVEDO,QUARTETO DE CORDAS",,,,UNIVERSAL MGB,,,,0,0
Globo,MusicCueSheet_TvAberta_Outubro2023.xlsx,MusicCueSheet_TvAberta_Out23,,07/10/2023,07102023,,,UIARA,AMARO FREITAS,AMARO FREITAS,,,,A DESCOBRIR,,,,0,0
Globo,MusicCueSheet_TvAberta_Outubro2023.xlsx,MusicCueSheet_TvAberta_Out23,,07/10/2023,07102023,,,FESTA DOS INSETOS,"GILLIARD,GILLIARD","PALHACA BAJU,PALHACA AURHELIA",,,,"SYLM MUSIC PROMOÇÕES ARTÍSTICAS E EDIÇÕES MUSICAIS,WARNER CHAPPELL",,,,0,0
Globo,MusicCueSheet_TvAberta_Outubro2023.xlsx,MusicCueSheet_TvAberta_Out23,,07/10/2023,07102023,,,IT S NOW OR NEVER,"AARON SCHROEDER,WALLY GOLD","PALHACA AURHELIA,PALHACA BAJU",,,,"ABRAMUS,A DESCOBRIR",,,,0,0
Globo,MusicCueSheet_TvAberta_Outubro2023.xlsx,MusicCueSheet_TvAberta_Out23,,08/10/2023,109,,,OIA EU AQUI DE NOVO,ANTONIO BARROS,LUIZ GONZAGA,FULL MIX,,,WARNER CHAPPELL,SONY MUSIC,,,0,0
Globo,MusicCueSheet_TvAberta_Outubro2023.xlsx,MusicCueSheet_TvAberta_Out23,,08/10/2023,109,,,NUMA SALA DE REBOCO,"JOSE MARCOLINO,LUIZ GONZAGA",LUIZ GONZAGA,,,,"UNIVERSAL MGB,UNIVERSAL MGB",RCA RECORDS LABEL,,,0,0
Globo,MusicCueSheet_TvAberta_Outubro2023.xlsx,MusicCueSheet_TvAberta_Out23,,08/10/2023,109,,,OIA EU AQUI DE NOVO,ANTONIO BARROS,LUIZ GONZAGA,FULL MIX,,,WARNER CHAPPELL,SONY MUSIC,,,0,0
Globo,MusicCueSheet_TvAberta_Outubro2023.xlsx,MusicCueSheet_TvAberta_Out23,,08/10/2023,109,,,O POVO GOSTA E DO PISEIRO,"DJ IVIS,VAL LIMA","ERIC LAND,ZÉ VAQUEIRO",,,,"SONY MUSIC PUBLISHING,SONY MUSIC PUBLISHING",ERIC LAND,,,0,0
Globo,MusicCueSheet_TvAberta_Outubro2023.xlsx,MusicCueSheet_TvAberta_Out23,,08/10/2023,109,,,PROFESSOR DE EMBOLADA,"DONIZETE JUVINO,GERALDO DO NORTE",CAJU E CASTANHA,,,,"DUETO,DUETO",TRAMA,,,0,0
Globo,MusicCueSheet_TvAberta_Outubro2023.xlsx,MusicCueSheet_TvAberta_Out23,,08/10/2023,109,,,XOTE DA ALEGRIA,TATO,FALAMANSA,,,,DECK,DECKDISC,,,0,0
Globo,MusicCueSheet_TvAberta_Outubro2023.xlsx,MusicCueSheet_TvAberta_Out23,,08/10/2023,109,,,VASSOURINHAS,"JOANA BATISTA RAMOS,MATIAS DA ROCHA",CARNAVAL DE PERNAMBUCO,,,,"VITALE,VITALE",,,,0,0
Globo,MusicCueSheet_TvAberta_Outubro2023.xlsx,MusicCueSheet_TvAberta_Out23,,08/10/2023,109,,,SUPERMAN RETURNS,JOHN OTTMAN,JOHN OTTMAN,,,,UNIVERSAL MGB,,,,0,0
Globo,MusicCueSheet_TvAberta_Outubro2023.xlsx,MusicCueSheet_TvAberta_Out23,,08/10/2023,109,,,GROOVEJET (IF THIS AIN T LOVE),"CRISTIANO SPILLER,MONTANA VINCENT JR,R DAVIS,RON WALKER,S ELLIS BEXTOR",D.J.PARTY DANCE,,,,"UNIVERSAL MGB,SONY MUSIC PUBLISHING,A DESCOBRIR,A DESCOBRIR,UNIVERSAL MGB",,,,0,0
Globo,MusicCueSheet_TvAberta_Outubro2023.xlsx,MusicCueSheet_TvAberta_Out23,,08/10/2023,109,,,GROOVEJET (IF THIS AIN T LOVE),"CRISTIANO SPILLER,MONTANA VINCENT JR,R DAVIS,RON WALKER,S ELLIS BEXTOR",D.J.PARTY DANCE,,,,"UNIVERSAL MGB,SONY MUSIC PUBLISHING,A DESCOBRIR,A DESCOBRIR,UNIVERSAL MGB",,,,0,0
Globo,MusicCueSheet_TvAberta_Outubro2023.xlsx,MusicCueSheet_TvAberta_Out23,,08/10/2023,109,,,EVERYBODY WANTS TO PARTY,"JORDAN FURTADO MALATO,LUCAS RUBACK SCHMIDT,MARCOS RUBACK SCHMIDT","DUBDOGZ,JØRD",,,,"A DESCOBRIR,A DESCOBRIR,A DESCOBRIR",CHOROU RECORDS,,,0,0
Globo,MusicCueSheet_TvAberta_Outubro2023.xlsx,MusicCueSheet_TvAberta_Out23,,08/10/2023,109,,,EVERYBODY WANTS TO PARTY,"JORDAN FURTADO MALATO,LUCAS RUBACK SCHMIDT,MARCOS RUBACK SCHMIDT","DUBDOGZ,JØRD",,,,"A DESCOBRIR,A DESCOBRIR,A DESCOBRIR",CHOROU RECORDS,,,0,0
Globo,MusicCueSheet_TvAberta_Outubro2023.xlsx,MusicCueSheet_TvAberta_Out23,,08/10/2023,109,,,OCEAN EYES,FINNEAS BAIRD O CONNELL,BILLIE EILISH,,,,A DESCOBRIR,"DARKROOM, KOBALT MUSIC PUBLISHING",,,0,0
Globo,MusicCueSheet_TvAberta_Outubro2023.xlsx,MusicCueSheet_TvAberta_Out23,,08/10/2023,109,,,AGUAS DA AMAZONIA,PHILLIP GLASS,UAKTI,,,,SONY MUSIC PUBLISHING,"DECCA MUSIC GROUP LTD., DUNVAGEN MUSIC PUBLISHERS",,,0,0
Globo,MusicCueSheet_TvAberta_Outubro2023.xlsx,MusicCueSheet_TvAberta_Out23,,08/10/2023,109,,,EDAMAME,"ALEXANDER GUMUCHIAN,BRIAN IMANUEL,CHRISTIAN DOLD","BBNO$,DIPLO,RICH BRIAN",,,,"SONY MUSIC PUBLISHING,ABRAMUS,ROCKING GORILLAS","BBNO$, RICH BRIAN APPEARS COURTESY OF 88RISING",,,0,0
Globo,MusicCueSheet_TvAberta_Outubro2023.xlsx,MusicCueSheet_TvAberta_Out23,,08/10/2023,109,,,EDAMAME,"ALEXANDER GUMUCHIAN,BRIAN IMANUEL,CHRISTIAN DOLD","BBNO$,DIPLO,RICH BRIAN",,,,"SONY MUSIC PUBLISHING,ABRAMUS,ROCKING GORILLAS","BBNO$, RICH BRIAN APPEARS COURTESY OF 88RISING",,,0,0
Globo,MusicCueSheet_TvAberta_Outubro2023.xlsx,MusicCueSheet_TvAberta_Out23,,08/10/2023,109,,,WOULD I LIE TO YOU,"MICK LEESON,PETER VALE",CHARLES & EDDIE,,,,"BMG,SONY MUSIC PUBLISHING",CAPITOL RECORDS,,,0,0
Globo,MusicCueSheet_TvAberta_Outubro2023.xlsx,MusicCueSheet_TvAberta_Out23,,08/10/2023,109,,,DANCANDO CALYPSO,"CARLA MAUES,JOSIEL CARVALHO",JOELMA,,,,"AR MUSIC,AR MUSIC",,,,0,0
Globo,MusicCueSheet_TvAberta_Outubro2023.xlsx,MusicCueSheet_TvAberta_Out23,,08/10/2023,109,,,DANCANDO E BEIJANDO,JUNIOR SILLVA,JOELMA,,,,R3 PRODUÇÕES,,,,0,0
Globo,MusicCueSheet_TvAberta_Outubro2023.xlsx,MusicCueSheet_TvAberta_Out23,,08/10/2023,109,,,DANCANDO E BEIJANDO,JUNIOR SILLVA,JOELMA,,,,R3 PRODUÇÕES,,,,0,0
Globo,MusicCueSheet_TvAberta_Outubro2023.xlsx,MusicCueSheet_TvAberta_Out23,,08/10/2023,109,,,VOANDO PRO PARA,"CHRYSTIAN LIMA,ISAAC MARAIAL,NILK OLIVEIRA,VALTER SERRARIA",JOELMA,,,,"WARNER CHAPPELL,J SHOWS,WARNER CHAPPELL,J SHOWS",,,,0,0
Globo,MusicCueSheet_TvAberta_Outubro2023.xlsx,MusicCueSheet_TvAberta_Out23,,08/10/2023,109,,,SWEET DREAMS,"ALAN WALKER,ANTON RUNDBERG,ANTONIO NUNZIO CATANIA,IMANBEK ZEIKENOV,JOHN LARKIN,JULIA KARLSSON,KASPER LINDGREN,LARA ANDERSSON","ALAN WALKER,IMANBEK",,,,"A DESCOBRIR,A DESCOBRIR,A DESCOBRIR,A DESCOBRIR,A DESCOBRIR,A DESCOBRIR,A DESCOBRIR,A DESCOBRIR",MER RECORDINGS,,,0,0
Globo,MusicCueSheet_TvAberta_Outubro2023.xlsx,MusicCueSheet_TvAberta_Out23,,08/10/2023,109,,,SWEET DREAMS,"ALAN WALKER,ANTON RUNDBERG,ANTONIO NUNZIO CATANIA,IMANBEK ZEIKENOV,JOHN LARKIN,JULIA KARLSSON,KASPER LINDGREN,LARA ANDERSSON","ALAN WALKER,IMANBEK",,,,"A DESCOBRIR,A DESCOBRIR,A DESCOBRIR,A DESCOBRIR,A DESCOBRIR,A DESCOBRIR,A DESCOBRIR,A DESCOBRIR",MER RECORDINGS,,,0,0
Globo,MusicCueSheet_TvAberta_Outubro2023.xlsx,MusicCueSheet_TvAberta_Out23,,08/10/2023,109,,,SEPTEMBER,"AL MCKAY,AL MCKAY,ALLE WILLIS,ALLE WILLIS,ALLE WILLIS,MAURICE WHITE,MAURICE WHITE","EARTH, WIND & FIRE",,,,"BMG,SONY MUSIC PUBLISHING,BMG,SONY MUSIC PUBLISHING,UNIVERSAL MGB,BMG,SONY MUSIC PUBLISHING",COLUMBIA/LEGACY,,,0,0
Globo,MusicCueSheet_TvAberta_Outubro2023.xlsx,MusicCueSheet_TvAberta_Out23,,08/10/2023,109,,,SEPTEMBER,"AL MCKAY,AL MCKAY,ALLE WILLIS,ALLE WILLIS,ALLE WILLIS,MAURICE WHITE,MAURICE WHITE","EARTH, WIND & FIRE",,,,"BMG,SONY MUSIC PUBLISHING,BMG,SONY MUSIC PUBLISHING,UNIVERSAL MGB,BMG,SONY MUSIC PUBLISHING",COLUMBIA/LEGACY,,,0,0
Globo,MusicCueSheet_TvAberta_Outubro2023.xlsx,MusicCueSheet_TvAberta_Out23,,08/10/2023,109,,,COMPANHEIRO,"EDGARD POCAS,ENRIQUE DEL POZO,L CERONI,N LELLI",RAFAEL PORTUGAL & PEDRINHO DO CAVACO,,,,"A DESCOBRIR,ABRAMUS,A DESCOBRIR,A DESCOBRIR",,,,0,0
Globo,MusicCueSheet_TvAberta_Outubro2023.xlsx,MusicCueSheet_TvAberta_Out23,,08/10/2023,109,,,PRA ALEGRIA EU PECO BIS,"LU CARDOSO,LUIZ SCHIAVON,NIL BERNARDES",RAFAEL PORTUGAL & PEDRINHO DO CAVACO,,,,"WARNER CHAPPELL,WARNER CHAPPELL,DUETO",,,,0,0
Globo,MusicCueSheet_TvAberta_Outubro2023.xlsx,MusicCueSheet_TvAberta_Out23,,08/10/2023,109,,,PELADOS EM SANTOS,DINHO,MAMONAS ASSASSINAS,,,,SONY MUSIC PUBLISHING,EMI BRAZIL,,,0,0
Globo,MusicCueSheet_TvAberta_Outubro2023.xlsx,MusicCueSheet_TvAberta_Out23,,08/10/2023,109,,,PUMP UP THE JAM,"MANUELA KAMOSI,THOMAS DE QUINCY",TECHNOTRONIC,FULL MIX,,,"UNIVERSAL MGB,UNIVERSAL MGB",UNIVERSAL,,,0,0
Globo,MusicCueSheet_TvAberta_Outubro2023.xlsx,MusicCueSheet_TvAberta_Out23,,08/10/2023,109,,,O PAPA E POP,HUMBERTO GESSINGER,ENGENHEIROS DO HAWAII,,,,WARNER CHAPPELL,UNIVERSAL MUSIC,,,0,0
Globo,MusicCueSheet_TvAberta_Outubro2023.xlsx,MusicCueSheet_TvAberta_Out23,,08/10/2023,109,,,CRAZY,"WILLIE NELSON,WILLIE NELSON",JULIO IGLESIAS,,,,"SONY MUSIC PUBLISHING,WARNER CHAPPELL",,,,0,0
Globo,MusicCueSheet_TvAberta_Outubro2023.xlsx,MusicCueSheet_TvAberta_Out23,,08/10/2023,109,,,EXTTRAVASA,"ADSON TAPAJOS,JEAN CARVALHO,SERGIO ROCHA,ZECA BRASILEIRO",CLAUDIA LEITE,,,,"FABRICA DA MUSICA,UNIVERSAL MGB,FABRICA DA MUSICA,FABRICA DA MUSICA",,,,0,0
Globo,MusicCueSheet_TvAberta_Outubro2023.xlsx,MusicCueSheet_TvAberta_Out23,,08/10/2023,109,,,GAROTA NACIONAL,"CHICO AMARAL,SAMUEL ROSA",SKANK,FULL MIX,,,"SONY MUSIC PUBLISHING,SONY MUSIC PUBLISHING",SONY MUSIC,,,0,0
Globo,MusicCueSheet_TvAberta_Outubro2023.xlsx,MusicCueSheet_TvAberta_Out23,,08/10/2023,109,,,BAILE DOS PASSARINHOS,"EDGARD POCAS,TERRY RENDALL,WERNER THOMAS",GUGU LIBERATO,,,,"A DESCOBRIR,A DESCOBRIR,A DESCOBRIR",,,,0,0
Globo,MusicCueSheet_TvAberta_Outubro2023.xlsx,MusicCueSheet_TvAberta_Out23,,08/10/2023,109,,,FOGO E PAIXAO,ROSE,WANDO,,,,PEERMUSIC,UNIVERSAL MUSIC,,,0,0
Globo,MusicCueSheet_TvAberta_Outubro2023.xlsx,MusicCueSheet_TvAberta_Out23,,08/10/2023,109,,,BODY,"ANDREW JOHN FEDYK,CASSIO BOUZIANE LOPES,JOSEPH JULIAN DEPACE,MARLON L LAMONT MC CLAIN,NICHOLAS,PITBULL","BRANDO,DZEKO,LOUD LUXURY",,,,"A DESCOBRIR,A DESCOBRIR,A DESCOBRIR,A DESCOBRIR,FERMATA,BMG",ARMADA MUSIC,,,0,0
Globo,MusicCueSheet_TvAberta_Outubro2023.xlsx,MusicCueSheet_TvAberta_Out23,,08/10/2023,109,,,BODY,"ANDREW JOHN FEDYK,CASSIO BOUZIANE LOPES,JOSEPH JULIAN DEPACE,MARLON L LAMONT MC CLAIN,NICHOLAS,PITBULL","BRANDO,DZEKO,LOUD LUXURY",,,,"A DESCOBRIR,A DESCOBRIR,A DESCOBRIR,A DESCOBRIR,FERMATA,BMG",ARMADA MUSIC,,,0,0
Globo,MusicCueSheet_TvAberta_Outubro2023.xlsx,MusicCueSheet_TvAberta_Out23,,08/10/2023,2607,,,END OF TIME,"BEYONCE KNOWLES,DAVE TAYLOR,SHEA TAYLOR,TERIUS NASH,THOMAS WESLEY PENTZ,THOMAS WESLEY PENTZ",BEYONCÉ,,,,"SONY MUSIC PUBLISHING,SONY MUSIC PUBLISHING,PEERMUSIC,WARNER CHAPPELL,ABRAMUS,PEERMUSIC",WARNER CHAPPELL MUSIC,,,0,0
Globo,MusicCueSheet_TvAberta_Outubro2023.xlsx,MusicCueSheet_TvAberta_Out23,,08/10/2023,2607,,,FILHO BONITO,"GILBERTO GIL,JOHN LENNON",JOGADOR DO BAHIA,,,,"SONY MUSIC PUBLISHING,UNIVERSAL MGB",,,,0,0
Globo,MusicCueSheet_TvAberta_Outubro2023.xlsx,MusicCueSheet_TvAberta_Out23,,08/10/2023,2607,,,FILHO BONITO,"GILBERTO GIL,JOHN LENNON",MÃEANA,,,,"SONY MUSIC PUBLISHING,UNIVERSAL MGB",,,,0,0
Globo,MusicCueSheet_TvAberta_Outubro2023.xlsx,MusicCueSheet_TvAberta_Out23,,08/10/2023,2607,,,MEU NOME E FAVELA,RAFAEL DELGADO,ARLINDO CRUZ,,,,UNIVERSAL MGB,SONY MUSIC ENTERTAINMENT,,,0,0
Globo,MusicCueSheet_TvAberta_Outubro2023.xlsx,MusicCueSheet_TvAberta_Out23,,08/10/2023,08102023,,,DEUSA MENINA,"MARCO AURELIO FERREIRA,PAULO SERGIO DOMINGOS",VICTOR GREGORIO E MARCO AURELIO,,,,"PANTTANAL,A DESCOBRIR",,,,0,0
Globo,MusicCueSheet_TvAberta_Outubro2023.xlsx,MusicCueSheet_TvAberta_Out23,,08/10/2023,08102023,,,SERENO,"JOAO GUSTAVO,MARCO AURELIO FERREIRA,MURILO,VICTOR GREGORIO",VICTOR GREGORIO E MARCO AURELIO,,,,"A DESCOBRIR,A DESCOBRIR,A DESCOBRIR,A DESCOBRIR",,,,0,0
Globo,MusicCueSheet_TvAberta_Outubro2023.xlsx,MusicCueSheet_TvAberta_Out23,,08/10/2023,08102023,,,SACANAGEM TUA,MARCO AURELIO FERREIRA,JANAYNNA,,,,EDITORA PE DE VERSO,,,,0,0
Globo,MusicCueSheet_TvAberta_Outubro2023.xlsx,MusicCueSheet_TvAberta_Out23,,08/10/2023,08102023,,,CAMPO GRANDE E LONGE,CLAYTON,"JANAYNNA,VICTOR GREGORIO E MARCO AURELIO",,,,A DESCOBRIR,,,,0,0
Globo,MusicCueSheet_TvAberta_Outubro2023.xlsx,MusicCueSheet_TvAberta_Out23,,08/10/2023,4,,,O FAROL,RAMON CRUZ,IVETE SANGALO,,,,IESSI MUSIC PUBLISHING,,,,0,0
Globo,MusicCueSheet_TvAberta_Outubro2023.xlsx,MusicCueSheet_TvAberta_Out23,,08/10/2023,4,,,PRO DIA NASCER FELIZ,"CAZUZA,FREJAT",GRUPO,,,,"WARNER CHAPPELL,WARNER CHAPPELL",,,,0,0
Globo,MusicCueSheet_TvAberta_Outubro2023.xlsx,MusicCueSheet_TvAberta_Out23,,08/10/2023,4,,,UM SINAL,"IVETE SANGALO,RAMON CRUZ",MELIM,,,,"IESSI MUSIC PUBLISHING,IESSI MUSIC PUBLISHING",,,,0,0
Globo,MusicCueSheet_TvAberta_Outubro2023.xlsx,MusicCueSheet_TvAberta_Out23,,08/10/2023,4,,,PIPOCA DA IVETE,"IVETE SANGALO,SAMIR TRINDADE",IVETE SANGALO,,,,"IESSI MUSIC PUBLISHING,WARNER CHAPPELL",,,,0,0
Globo,MusicCueSheet_TvAberta_Outubro2023.xlsx,MusicCueSheet_TvAberta_Out23,,08/10/2023,4,,,PIPOCA DA IVETE,"IVETE SANGALO,SAMIR TRINDADE",IVETE SANGALO,,,,"IESSI MUSIC PUBLISHING,WARNER CHAPPELL",,,,0,0
Globo,MusicCueSheet_TvAberta_Outubro2023.xlsx,MusicCueSheet_TvAberta_Out23,,08/10/2023,4,,,PALCO,GILBERTO GIL,MARCOS OORUN,,,,SONY MUSIC PUBLISHING,,,,0,0
Globo,MusicCueSheet_TvAberta_Outubro2023.xlsx,MusicCueSheet_TvAberta_Out23,,08/10/2023,4,,,BOB ESPONJA ENCERRAMENTO,FABIO LIMA,FABIO LIMA,,,,A DESCOBRIR,,,,0,0
Globo,MusicCueSheet_TvAberta_Outubro2023.xlsx,MusicCueSheet_TvAberta_Out23,,08/10/2023,4,,,LAYLA,"ERIC CLAPTON,JIM GORDON",YOHAN KISSER,,,,"WARNER CHAPPELL,WARNER CHAPPELL",,,,0,0
Globo,MusicCueSheet_TvAberta_Outubro2023.xlsx,MusicCueSheet_TvAberta_Out23,,08/10/2023,4,,,DEIXA TUDO COMO TA,"DUDU BORGES,THIAGUINHO",GALLAK,,,,"UNIVERSAL MGB,SONY MUSIC PUBLISHING",,,,0,0
Globo,MusicCueSheet_TvAberta_Outubro2023.xlsx,MusicCueSheet_TvAberta_Out23,,08/10/2023,4,,,NAO PRECISA MUDAR,"GIGI,SAULO FERNANDES",FABINHO K,,,,"IESSI MUSIC PUBLISHING,IESSI MUSIC PUBLISHING",,,,0,0
Globo,MusicCueSheet_TvAberta_Outubro2023.xlsx,MusicCueSheet_TvAberta_Out23,,08/10/2023,4,,,NOSSO AMOR QUER PAZ,"CLEITINHO PERSONA,ELIZEU HENRIQUE GONCALVES,ELIZEU HENRIQUE GONCALVES,RODRIGO OLIVEIRA",ALLEX REIS,,,,"WARNER CHAPPELL,BEMOL PRODUCOES ARTISTICAS,WARNER CHAPPELL,WARNER CHAPPELL",,,,0,0
Globo,MusicCueSheet_TvAberta_Outubro2023.xlsx,MusicCueSheet_TvAberta_Out23,,08/10/2023,4,,,PIPOCA DA IVETE,"IVETE SANGALO,SAMIR TRINDADE",IVETE SANGALO,,,,"IESSI MUSIC PUBLISHING,WARNER CHAPPELL",,,,0,0
Globo,MusicCueSheet_TvAberta_Outubro2023.xlsx,MusicCueSheet_TvAberta_Out23,,08/10/2023,4,,,PIPOCA DA IVETE,"IVETE SANGALO,SAMIR TRINDADE",IVETE SANGALO,,,,"IESSI MUSIC PUBLISHING,WARNER CHAPPELL",,,,0,0
Globo,MusicCueSheet_TvAberta_Outubro2023.xlsx,MusicCueSheet_TvAberta_Out23,,08/10/2023,4,,,PERFUME CARO,CEU MAIA,"XAND AVIAO,IVETE SANGALO",,,,SONY MUSIC PUBLISHING,,,,0,0
Globo,MusicCueSheet_TvAberta_Outubro2023.xlsx,MusicCueSheet_TvAberta_Out23,,08/10/2023,4,,,O MUNDO VAI,"IVETE SANGALO,NEILTON CERQUEIRA SANTOS,RADAMES VENANCIO,RAMON CRUZ,SAMIR TRINDADE,TIERRE COSTA",IVETE SANGALO,,,,"IESSI MUSIC PUBLISHING,IESSI MUSIC PUBLISHING,IESSI MUSIC PUBLISHING,IESSI MUSIC PUBLISHING,IESSI MUSIC PUBLISHING,UNIVERSAL MGB",,,,0,0
Globo,MusicCueSheet_TvAberta_Outubro2023.xlsx,MusicCueSheet_TvAberta_Out23,,08/10/2023,4,,,BELEZA RARA,ED GRANDAO,IVETE SANGALO,,,,UNIVERSAL MGB,,,,0,0
Globo,MusicCueSheet_TvAberta_Outubro2023.xlsx,MusicCueSheet_TvAberta_Out23,,08/10/2023,4,,,BELEZA RARA,ED GRANDAO,BANDA EVA,,,,UNIVERSAL MGB,,,,0,0
Globo,MusicCueSheet_TvAberta_Outubro2023.xlsx,MusicCueSheet_TvAberta_Out23,,08/10/2023,4,,,CRIA DA IVETE,"IVETE SANGALO,LUCIANO CHAVES,SAMIR TRINDADE",IVETE SANGALO,,,,"IESSI MUSIC PUBLISHING,IESSI MUSIC PUBLISHING,IESSI MUSIC PUBLISHING",,,,0,0
Globo,MusicCueSheet_TvAberta_Outubro2023.xlsx,MusicCueSheet_TvAberta_Out23,,08/10/2023,4,,,CRIA DA IVETE,"IVETE SANGALO,LUCIANO CHAVES,SAMIR TRINDADE",IVETE SANGALO,,,,"IESSI MUSIC PUBLISHING,IESSI MUSIC PUBLISHING,IESSI MUSIC PUBLISHING",,,,0,0
Globo,MusicCueSheet_TvAberta_Outubro2023.xlsx,MusicCueSheet_TvAberta_Out23,,08/10/2023,4,,,TA SOLTEIRA MAS NAO TA SOZINHA,"GIGI,IVETE SANGALO,RADAMES VENANCIO,SAMIR","IVETE SANGALO,CONVIDADOS",,,,"IESSI MUSIC PUBLISHING,IESSI MUSIC PUBLISHING,IESSI MUSIC PUBLISHING,WARNER CHAPPELL",,,,0,0
Globo,MusicCueSheet_TvAberta_Outubro2023.xlsx,MusicCueSheet_TvAberta_Out23,,08/10/2023,08102023,,,FESTA NA ROCA,"NADIR,TINOCO",TONICO E TINOCO,,,,"PEERMUSIC,PEERMUSIC",,,,0,0
Globo,MusicCueSheet_TvAberta_Outubro2023.xlsx,MusicCueSheet_TvAberta_Out23,,08/10/2023,08102023,,,CUITELINHO,"ANTONIO XANDO,MILTON NASCIMENTO,PAULO VANZOLINI,WAGNER TISO",PENA BRANCA E XAVANTINHO,,,,"PEERMUSIC,SONY MUSIC PUBLISHING,PEERMUSIC,SONY MUSIC PUBLISHING",,,,0,0
Globo,MusicCueSheet_TvAberta_Outubro2023.xlsx,MusicCueSheet_TvAberta_Out23,,08/10/2023,08102023,,,JORGINHO DO SERTAO,CORNELIO PIRES,MARIANO E CACULA,,,,FERMATA,,,,0,0
Globo,MusicCueSheet_TvAberta_Outubro2023.xlsx,MusicCueSheet_TvAberta_Out23,,08/10/2023,08102023,,,O PRATO DO DIA,GERALDINHO BORGES,TIAO CARREIRO E PARDINHO,,,,WARNER CHAPPELL,,,,0,0
Globo,MusicCueSheet_TvAberta_Outubro2023.xlsx,MusicCueSheet_TvAberta_Out23,,08/10/2023,08102023,,,COMO EU CHOREI,TELMO DE MAIA,LOURENCO E LOURIVAL,,,,WARNER CHAPPELL,,,,0,0
Globo,MusicCueSheet_TvAberta_Outubro2023.xlsx,MusicCueSheet_TvAberta_Out23,,08/10/2023,08102023,,,BLUSA VERMELHA,"MANGABINHA,RONALDO ADRIANO,ZE RUSSO",TRIO PARADA DURA,,,,"PEERMUSIC,PEERMUSIC,PEERMUSIC",,,,0,0
Globo,MusicCueSheet_TvAberta_Outubro2023.xlsx,MusicCueSheet_TvAberta_Out23,,08/10/2023,08102023,,,ANDAR DA PRINCESA,"NHOZINHO,ZE BETTIO",ZE BETTIO,,,,"A DESCOBRIR,A DESCOBRIR",,,,0,0
Globo,MusicCueSheet_TvAberta_Outubro2023.xlsx,MusicCueSheet_TvAberta_Out23,,08/10/2023,08102023,,,TCHAU MARIA HELENA,ORLANDO GONCALVES ASSIS,OS FILHOS DE GOIAIS,,,,WARNER CHAPPELL,,,,0,0
Globo,MusicCueSheet_TvAberta_Outubro2023.xlsx,MusicCueSheet_TvAberta_Out23,,08/10/2023,08102023,,,FIO DE CABELO,"DARCI ROSSI,MARCIANO",CHITÃOZINHO & XORORÓ,,,,"PEERMUSIC,PEERMUSIC",,,,0,0
Globo,MusicCueSheet_TvAberta_Outubro2023.xlsx,MusicCueSheet_TvAberta_Out23,,08/10/2023,08102023,,,ESTRADA DA VIDA,JOSE RICO,MILIONARIO E JOSE RICO,,,,WARNER CHAPPELL,,,,0,0
Globo,MusicCueSheet_TvAberta_Outubro2023.xlsx,MusicCueSheet_TvAberta_Out23,,08/10/2023,08102023,,,ALONE,"BILLY STEINBERG,TOM KELLY",MARCUS E MATEUS,,,,"SONY MUSIC PUBLISHING,SONY MUSIC PUBLISHING",,,,0,0
Globo,MusicCueSheet_TvAberta_Outubro2023.xlsx,MusicCueSheet_TvAberta_Out23,,08/10/2023,DUBLE DO CORPO,,,ACORDEI GOSTOSA,"DJ BATATA,JOJO TODYNHO",JOJO MARONTTINNI,,,,"UNIVERSAL MGB,UNIVERSAL MGB",,,,0,0
Globo,MusicCueSheet_TvAberta_Outubro2023.xlsx,MusicCueSheet_TvAberta_Out23,,08/10/2023,DUBLE DO CORPO,,,ENTAO VAMOS DEIXAR BAIXO,"DENISSON JOSE DO NASCIMENTO CAMARGO,DJ FABRICIO,DJ HENRIQUE,DJ HILTON,VANESSA ABYSOLUTA",CACAU PROTASIO,,,,"POP FUNK PRODUCOES,POP FUNK PRODUCOES,POP FUNK PRODUCOES,POP FUNK PRODUCOES,POP FUNK PRODUCOES",,,,0,0
Globo,MusicCueSheet_TvAberta_Outubro2023.xlsx,MusicCueSheet_TvAberta_Out23,,08/10/2023,DUBLE DO CORPO,,,IS THIS LOVE,BOB MARLEY,"BOB MARLEY,THE WAILERS",,,,UNIVERSAL MGB,,,,0,0
Globo,MusicCueSheet_TvAberta_Outubro2023.xlsx,MusicCueSheet_TvAberta_Out23,,08/10/2023,DUBLE DO CORPO,,,KINGS AND QUEENS,"AMANDA KOCI,BRETT MCLAUGHLIN,DESMOND CHILD,HENRY WALTER,HENRY WALTER,HILLARY BERNSTEIN,JAKKE ERIXSON,MADISON LOVE,MIMOZA BLINSON,NADIR KHAYAT",AVA MAX,,,,"WARNER CHAPPELL,SONY MUSIC PUBLISHING,UNIVERSAL MGB,ABRAMUS,UNIVERSAL MGB,PEERMUSIC,A DESCOBRIR,A DESCOBRIR,ROCKING GORILLAS,A DESCOBRIR",,,,0,0
Globo,MusicCueSheet_TvAberta_Outubro2023.xlsx,MusicCueSheet_TvAberta_Out23,,08/10/2023,DUBLE DO CORPO,,,NAO HA TRISTEZA QUE POSSA SUPORTAR TANTA ALEGRIA,"ADEMIR RIBEIRO,DEVID GONCALVES,FABIO BORGES,FELIPE FILOSOFO,LUCAS MARQUES,PORKINHO",VIRADOURO,,,,"EDIMUSA,EDIMUSA,EDIMUSA,EDIMUSA,EDIMUSA,EDIMUSA",,,,0,0
Globo,MusicCueSheet_TvAberta_Outubro2023.xlsx,MusicCueSheet_TvAberta_Out23,,09/10/2023,2896,,,PINTINHO AMARELINHO,"DP,HILTON JUNIOR",GUGU LIBERATO,,,,"DP,WARNER CHAPPELL",,,,0,0
Globo,MusicCueSheet_TvAberta_Outubro2023.xlsx,MusicCueSheet_TvAberta_Out23,,09/10/2023,2896,,,FOGO E PAIXAO,ROSE,WANDO,,,,PEERMUSIC,UNIVERSAL MUSIC,,,0,0
Globo,MusicCueSheet_TvAberta_Outubro2023.xlsx,MusicCueSheet_TvAberta_Out23,,09/10/2023,2896,,,METEORO,SOROCABA,LUAN SANTANA,,,,EDITORA JKF,SOM LIVRE,,,0,0
Globo,MusicCueSheet_TvAberta_Outubro2023.xlsx,MusicCueSheet_TvAberta_Out23,,09/10/2023,2896,,,BAILE DOS PASSARINHOS,"EDGARD POCAS,TERRY RENDALL,WERNER THOMAS",GUGU LIBERATO,,,,"A DESCOBRIR,A DESCOBRIR,A DESCOBRIR",,,,0,0
Globo,MusicCueSheet_TvAberta_Outubro2023.xlsx,MusicCueSheet_TvAberta_Out23,,09/10/2023,BICHA MACHO MACHO BICHA,,,ALEJANDRO,"LADY GAGA,REDONE",LADY GAGA,,,,"SONY MUSIC PUBLISHING,SONY MUSIC PUBLISHING",,,,0,0
Globo,MusicCueSheet_TvAberta_Outubro2023.xlsx,MusicCueSheet_TvAberta_Out23,,09/10/2023,BICHA MACHO MACHO BICHA,,,AQUI TEM UM BANDO DE LOUCO  LOUCO POR TI CORINTHIANS,TUCA VEIGA,"PLATEIA VAI QUE COLA,MARCELO MEDICI",,,,SONY MUSIC PUBLISHING,,,,0,0
Globo,MusicCueSheet_TvAberta_Outubro2023.xlsx,MusicCueSheet_TvAberta_Out23,,09/10/2023,BICHA MACHO MACHO BICHA,,,ATOLADINHA (ENTERRADINHA),"BOLA DE FOGO,MC SANDRINHO","FIORELLA MATHEIS,MARCUS MAJELLA",,,,"NOWA,NOWA",,,,0,0
Globo,MusicCueSheet_TvAberta_Outubro2023.xlsx,MusicCueSheet_TvAberta_Out23,,09/10/2023,BICHA MACHO MACHO BICHA,,,CRAZY IN LOVE,"BEYONCE KNOWLES,EUGENE RECORD,RICH HARRISON,SHAWN CARTER.","BEYONCE,TASSIA REIS",,,,"SONY MUSIC PUBLISHING,WARNER CHAPPELL,SONY MUSIC PUBLISHING,SONY MUSIC PUBLISHING",,,,0,0
Globo,MusicCueSheet_TvAberta_Outubro2023.xlsx,MusicCueSheet_TvAberta_Out23,,09/10/2023,BICHA MACHO MACHO BICHA,,,DON T LET ME BE MISUNDERSTOOD,"BENNIE BENJAMIM,GLORIA CALDWELL,SOL MARCUS",THE ANIMALS,,,,"WARNER CHAPPELL,WARNER CHAPPELL,WARNER CHAPPELL",,,,0,0
Globo,MusicCueSheet_TvAberta_Outubro2023.xlsx,MusicCueSheet_TvAberta_Out23,,09/10/2023,BICHA MACHO MACHO BICHA,,,DON T LET ME BE MISUNDERSTOOD,"BENNIE BENJAMIM,GLORIA CALDWELL,SOL MARCUS",NINA SIMONE,,,,"WARNER CHAPPELL,WARNER CHAPPELL,WARNER CHAPPELL",,,,0,0
Globo,MusicCueSheet_TvAberta_Outubro2023.xlsx,MusicCueSheet_TvAberta_Out23,,09/10/2023,BICHA MACHO MACHO BICHA,,,DON T LET ME BE MISUNDERSTOOD,"BENNIE BENJAMIM,GLORIA CALDWELL,SOL MARCUS",LANA DEL REY,,,,"WARNER CHAPPELL,WARNER CHAPPELL,WARNER CHAPPELL",,,,0,0
Globo,MusicCueSheet_TvAberta_Outubro2023.xlsx,MusicCueSheet_TvAberta_Out23,,09/10/2023,BICHA MACHO MACHO BICHA,,,DON T LET ME BE MISUNDERSTOOD  ESMERALDA SUITE,"BENNIE BENJAMIM,GLORIA CALDWELL,JEAN MANUEL DE SCARANO,NICOLAS SKORSKY,RAYMOND GEORGES HENRI DONNEZ,SOL MARCUS,SOL MARCUS",SANTA ESMERALDA,,,,"WARNER CHAPPELL,WARNER CHAPPELL,BMG,BMG,BMG,A DESCOBRIR,WARNER CHAPPELL",,,,0,0
Globo,MusicCueSheet_TvAberta_Outubro2023.xlsx,MusicCueSheet_TvAberta_Out23,,09/10/2023,BICHA MACHO MACHO BICHA,,,EU SOU A DIVA QUE VOCE QUER COPIAR,"ANDRE VIEIRA,PARDAL,WALLACE VIANNA",VALESCA POPOZUDA,,,,"WARNER CHAPPELL,A DESCOBRIR,WARNER CHAPPELL",,,,0,0
Globo,MusicCueSheet_TvAberta_Outubro2023.xlsx,MusicCueSheet_TvAberta_Out23,,09/10/2023,BICHA MACHO MACHO BICHA,,,LAMBAEROBICA,MAGNO SANT ANNA,PSIRICO,,,,IESSI MUSIC PUBLISHING,,,,0,0
Globo,MusicCueSheet_TvAberta_Outubro2023.xlsx,MusicCueSheet_TvAberta_Out23,,09/10/2023,BICHA MACHO MACHO BICHA,,,MARROM BOMBOM,"DELCIO LUIZ,RONALDO BARCELLOS",SILVIO GUINDANE,,,,"WARNER CHAPPELL,SONY MUSIC PUBLISHING",,,,0,0
Globo,MusicCueSheet_TvAberta_Outubro2023.xlsx,MusicCueSheet_TvAberta_Out23,,09/10/2023,BICHA MACHO MACHO BICHA,,,ME CHAMA QUE EU VOU,"CLAUDIO RABELLO,TORCUATO",SIDNEY MAGAL,FULL MIX,,,"SONY MUSIC PUBLISHING,SONY MUSIC PUBLISHING",SONY MUSIC,,,0,0
Globo,MusicCueSheet_TvAberta_Outubro2023.xlsx,MusicCueSheet_TvAberta_Out23,,09/10/2023,BICHA MACHO MACHO BICHA,,,MENSAGEM,"ALDO CABRAL,CICERO NUNES",MARCOS OLIVEIRA,,,,"TODAMERICA,TODAMERICA",,,,0,0
Globo,MusicCueSheet_TvAberta_Outubro2023.xlsx,MusicCueSheet_TvAberta_Out23,,10/10/2023,2897,,,CASA NO CAMPO,"TAVITO,ZE RODRIX","LAILA GARIN,CLAUDIO LINS",,,,"WARNER CHAPPELL,WARNER CHAPPELL",,,,0,0
Globo,MusicCueSheet_TvAberta_Outubro2023.xlsx,MusicCueSheet_TvAberta_Out23,,10/10/2023,2897,,,COMO NOSSOS PAIS,BELCHIOR,LAILA GARIN,,,,FORTALEZA,,,,0,0
Globo,MusicCueSheet_TvAberta_Outubro2023.xlsx,MusicCueSheet_TvAberta_Out23,,10/10/2023,2897,,,COMO NOSSOS PAIS,BELCHIOR,LAILA GARIN,,,,FORTALEZA,,,,0,0
Globo,MusicCueSheet_TvAberta_Outubro2023.xlsx,MusicCueSheet_TvAberta_Out23,,10/10/2023,2897,,,MADALENA,"IVAN LINS,RONALDO MONTEIRO DE SOUZA",LAILA GARIN,,,,"ABRAMUS,WARNER CHAPPELL",,,,0,0
Globo,MusicCueSheet_TvAberta_Outubro2023.xlsx,MusicCueSheet_TvAberta_Out23,,10/10/2023,2897,,,COMO NOSSOS PAIS,BELCHIOR,"LAILA GARIN,CALUDIO LINS",,,,FORTALEZA,,,,0,0
Globo,MusicCueSheet_TvAberta_Outubro2023.xlsx,MusicCueSheet_TvAberta_Out23,,10/10/2023,2897,,,COMO NOSSOS PAIS,BELCHIOR,"LAILA GARIN,CLAUDIO LINS",,,,FORTALEZA,,,,0,0
Globo,MusicCueSheet_TvAberta_Outubro2023.xlsx,MusicCueSheet_TvAberta_Out23,,10/10/2023,5922,,,PAZ E AMOR,"GABRIEL CANTINI,GUSTAVO TIBI,JULIANO MOREIRA,RODRIGO MELIM",MELIM,,,,"SONY MUSIC PUBLISHING,A DESCOBRIR,UNIVERSAL MGB,UNIVERSAL MGB",,,,0,0
Globo,MusicCueSheet_TvAberta_Outubro2023.xlsx,MusicCueSheet_TvAberta_Out23,,10/10/2023,5922,,,PAZ E AMOR,"GABRIEL CANTINI,GUSTAVO TIBI,JULIANO MOREIRA,RODRIGO MELIM",MELIM,,,,"SONY MUSIC PUBLISHING,A DESCOBRIR,UNIVERSAL MGB,UNIVERSAL MGB",,,,0,0
Globo,MusicCueSheet_TvAberta_Outubro2023.xlsx,MusicCueSheet_TvAberta_Out23,,11/10/2023,1259,,,THE THREAT IS REAL,DAVE MUSTAINE,MEGADETH,,,,A DESCOBRIR,,,,0,0
Globo,MusicCueSheet_TvAberta_Outubro2023.xlsx,MusicCueSheet_TvAberta_Out23,,11/10/2023,1259,,,PEACE SELLS,DAVE MUSTAINE,MEGADETH,,,,A DESCOBRIR,,,,0,0
Globo,MusicCueSheet_TvAberta_Outubro2023.xlsx,MusicCueSheet_TvAberta_Out23,,11/10/2023,1259,,,WE LL BE BACK,"DAVE MUSTAINE,KIKO LOUREIRO",MEGADETH,,,,"A DESCOBRIR,A DESCOBRIR",,,,0,0
Globo,MusicCueSheet_TvAberta_Outubro2023.xlsx,MusicCueSheet_TvAberta_Out23,,11/10/2023,1259,,,THE THREAT IS REAL,DAVE MUSTAINE,KIKO LOUREIRO,,,,A DESCOBRIR,,,,0,0
Globo,MusicCueSheet_TvAberta_Outubro2023.xlsx,MusicCueSheet_TvAberta_Out23,,11/10/2023,2898,,,BABY,CAETANO VELOSO,"CAETANO VELOSO, GAL COSTA",FULL MIX,,,WARNER CHAPPELL,UNIVERSAL MUSIC,,,0,0
Globo,MusicCueSheet_TvAberta_Outubro2023.xlsx,MusicCueSheet_TvAberta_Out23,,11/10/2023,2898,,,MEU NOME E GAL,"ERASMO CARLOS,ROBERTO CARLOS",GAL COSTA,,,,"WARNER CHAPPELL,WARNER CHAPPELL",UNIVERSAL MUSIC,,,0,0
Globo,MusicCueSheet_TvAberta_Outubro2023.xlsx,MusicCueSheet_TvAberta_Out23,,11/10/2023,2898,,,NAO DEIXE O SAMBA MORRER,"ALOISIO,EDSON",ALCIONE,FULL MIX,,,"VITALE,VITALE",UNIVERSAL,,,0,0
Globo,MusicCueSheet_TvAberta_Outubro2023.xlsx,MusicCueSheet_TvAberta_Out23,,11/10/2023,2898,,,MEU SANGUE FERVE POR VOCE,"FREDDIE MEYER,JACK AREL,SERAFIM COSTA ALMEIDA",SIDNEY MAGAL,,,,"WARNER CHAPPELL,WARNER CHAPPELL,WARNER CHAPPELL",,,,0,0
Globo,MusicCueSheet_TvAberta_Outubro2023.xlsx,MusicCueSheet_TvAberta_Out23,,11/10/2023,2898,,,NEW YORK NEW YORK,"FRED EBB,JOHN KANDER",MARCELO SERRADO,,,,"SONY MUSIC PUBLISHING,SONY MUSIC PUBLISHING",,,,0,0
Globo,MusicCueSheet_TvAberta_Outubro2023.xlsx,MusicCueSheet_TvAberta_Out23,,11/10/2023,2898,,,I VE GOT YOUR NUMBER,"HAROLD SCHED,TONY HASELDEN",MARCELO SERRADO,,,,"UNIVERSAL MGB,UNIVERSAL MGB",,,,0,0
Globo,MusicCueSheet_TvAberta_Outubro2023.xlsx,MusicCueSheet_TvAberta_Out23,,11/10/2023,2898,,,I VE GOT YOUR NUMBER,"HAROLD SCHED,TONY HASELDEN",MARCELO SERRADO,,,,"UNIVERSAL MGB,UNIVERSAL MGB",,,,0,0
Globo,MusicCueSheet_TvAberta_Outubro2023.xlsx,MusicCueSheet_TvAberta_Out23,,11/10/2023,5923,,,AMANHA E FERIADO,"FRANCISCO IGOR COSTA MELO,JOSE ROQUE DE MACENA FILHO,MATHEUS FERNANDES,RENNO SARAIVA MACEDO E SILVA",MATHEUS FERNANDES,,,,"WARNER CHAPPELL,WARNER CHAPPELL,WARNER CHAPPELL,WARNER CHAPPELL",,,,0,0
Globo,MusicCueSheet_TvAberta_Outubro2023.xlsx,MusicCueSheet_TvAberta_Out23,,11/10/2023,5923,,,PARABENS A VOCE,"LEA MAGALHAES,MILDRED J HILL,PATTY S HILL",BANDA CARA DE PAU,,,,"WARNER CHAPPELL,DP,DP",INDEPENDENTE,,,0,0
Globo,MusicCueSheet_TvAberta_Outubro2023.xlsx,MusicCueSheet_TvAberta_Out23,,11/10/2023,5923,,,AMANHA E FERIADO,"FRANCISCO IGOR COSTA MELO,JOSE ROQUE DE MACENA FILHO,MATHEUS FERNANDES,RENNO SARAIVA MACEDO E SILVA",MATHEUS FERNANDES,,,,"WARNER CHAPPELL,WARNER CHAPPELL,WARNER CHAPPELL,WARNER CHAPPELL",,,,0,0
Globo,MusicCueSheet_TvAberta_Outubro2023.xlsx,MusicCueSheet_TvAberta_Out23,,11/10/2023,11102023,,,EXALTACAO A MANGUEIRA,"ALOISIO AUGUSTO DA COSTA,ENEAS BRITES","DE PALMEIRA,PEDRO BIAL",,,,"VITALE,VITALE",,,,0,0
Globo,MusicCueSheet_TvAberta_Outubro2023.xlsx,MusicCueSheet_TvAberta_Out23,,11/10/2023,11102023,,,VOCE ME VIRA A CABECA (ME TIRA DO SERIO),"CHICO ROQUE,PAULO SERGIO VALLE,ZENITH PLOPSCHI",ALCIONE,,,,"SONY MUSIC PUBLISHING,SONY MUSIC PUBLISHING,SONY MUSIC PUBLISHING",,,,0,0
Globo,MusicCueSheet_TvAberta_Outubro2023.xlsx,MusicCueSheet_TvAberta_Out23,,11/10/2023,11102023,,,EXALTACAO A MANGUEIRA,"ALOISIO AUGUSTO DA COSTA,ENEAS BRITES",ALCIONE,CITACAO,,,"VITALE,VITALE",,,,0,0
Globo,MusicCueSheet_TvAberta_Outubro2023.xlsx,MusicCueSheet_TvAberta_Out23,,11/10/2023,11102023,,,DEVOLVI,ADELINO MOREIRA,ALCIONE,,,,CAP MUSIC,,,,0,0
Globo,MusicCueSheet_TvAberta_Outubro2023.xlsx,MusicCueSheet_TvAberta_Out23,,11/10/2023,11102023,,,A LOBA,"JUNINHO PERALVA,PAULINHO REZENDE",ALCIONE,,,,"UNIVERSAL MGB,UNIVERSAL MGB",,,,0,0
Globo,MusicCueSheet_TvAberta_Outubro2023.xlsx,MusicCueSheet_TvAberta_Out23,,11/10/2023,11102023,,,MEU EBANO,"NENEO,PAULINHO REZENDE","ALCIONE,MUMUZINHO",,,,"UNIVERSAL MGB,SONY MUSIC PUBLISHING",,,,0,0
Globo,MusicCueSheet_TvAberta_Outubro2023.xlsx,MusicCueSheet_TvAberta_Out23,,11/10/2023,11102023,,,GOSTOSO VENENO,"NEI LOPES,WILSON MOREIRA","ALCIONE,MUMUZINHO",,,,"WARNER CHAPPELL,WARNER CHAPPELL",,,,0,0
Globo,MusicCueSheet_TvAberta_Outubro2023.xlsx,MusicCueSheet_TvAberta_Out23,,11/10/2023,11102023,,,SAMBA DE FATO,"BAIANO,PIXINGUINHA",ALCIONE,,,,"VITALE,VITALE",,,,0,0
Globo,MusicCueSheet_TvAberta_Outubro2023.xlsx,MusicCueSheet_TvAberta_Out23,,11/10/2023,11102023,,,QUIZAS QUIZAS,"OSWALDO FARRES,OSWALDO FARRES",ALCIONE,CITACAO,,,"SONY MUSIC PUBLISHING,WARNER CHAPPELL",,,,0,0
Globo,MusicCueSheet_TvAberta_Outubro2023.xlsx,MusicCueSheet_TvAberta_Out23,,11/10/2023,11102023,,,GAROTA DE IPANEMA,"TOM JOBIM,VINICIUS DE MORAES",ALCIONE,,,,"JOBIM MUSIC,UNIVERSAL MGB",,,,0,0
Globo,MusicCueSheet_TvAberta_Outubro2023.xlsx,MusicCueSheet_TvAberta_Out23,,11/10/2023,11102023,,,ESTRANHA LOUCURA,"MICHAEL SULLIVAN,MIGUEL PLOPSCHI,PAULO MASSADAS",ALCIONE,,,,"SONY MUSIC PUBLISHING,SONY MUSIC PUBLISHING,SONY MUSIC PUBLISHING",,,,0,0
Globo,MusicCueSheet_TvAberta_Outubro2023.xlsx,MusicCueSheet_TvAberta_Out23,,11/10/2023,11102023,,,UM SER DE LUZ,"JOAO NOGUEIRA,MAURO DUARTE,PAULO CESAR PINHEIRO",ALCIONE,,,,"UNIVERSAL MGB,SONY MUSIC PUBLISHING,SONY MUSIC PUBLISHING",,,,0,0
Globo,MusicCueSheet_TvAberta_Outubro2023.xlsx,MusicCueSheet_TvAberta_Out23,,11/10/2023,11102023,,,ALVORADA,"CARLOS CACHACA,CARTOLA,HERMINIO BELLO DE CARVALHO","IVONE LARA,ALCIONE,HELTON MEDEIROS,CARTOLA",,,,"PEERMUSIC,PEERMUSIC,PEERMUSIC",,,,0,0
Globo,MusicCueSheet_TvAberta_Outubro2023.xlsx,MusicCueSheet_TvAberta_Out23,,11/10/2023,11102023,,,A CHUVA CAI,"ARGEMIRO,CASQUINHA","BETH CARVALHO,ALCIONE",,,,"UNIVERSAL MGB,UNIVERSAL MGB",,,,0,0
Globo,MusicCueSheet_TvAberta_Outubro2023.xlsx,MusicCueSheet_TvAberta_Out23,,11/10/2023,11102023,,,INFLUENCIA DO JAZZ,CARLOS LYRA,"ALCIONE,NARA LEAO,CARLOS LYRA",,,,MCK,,,,0,0
Globo,MusicCueSheet_TvAberta_Outubro2023.xlsx,MusicCueSheet_TvAberta_Out23,,11/10/2023,11102023,,,SAMBA DE UMA NOTA SO,"NEWTON MENDONCA,TOM JOBIM","ALCIONE,TOM JOBIM",,,,"JOBIM MUSIC,JOBIM MUSIC",,,,0,0
Globo,MusicCueSheet_TvAberta_Outubro2023.xlsx,MusicCueSheet_TvAberta_Out23,,11/10/2023,11102023,,,PODER DA CRIACAO,"JOAO NOGUEIRA,PAULO CESAR PINHEIRO","ALCIONE,DIOGO NOGUEIRA",,,,"WARNER CHAPPELL,SONY MUSIC PUBLISHING",,,,0,0
Globo,MusicCueSheet_TvAberta_Outubro2023.xlsx,MusicCueSheet_TvAberta_Out23,,11/10/2023,11102023,,,FALSA CONSIDERACAO,"EROS,LIEBERT,MARQUINHOS SATA","ALCIONE,THIAGUINHO",,,,"SONY MUSIC PUBLISHING,SONY MUSIC PUBLISHING,UNIVERSAL MGB",,,,0,0
Globo,MusicCueSheet_TvAberta_Outubro2023.xlsx,MusicCueSheet_TvAberta_Out23,,11/10/2023,11102023,,,FAZ UMA LOUCURA POR MIM,"CHICO ROQUE,SERGIO CAETANO","ALCIONE,LUDMILLA",,,,"SONY MUSIC PUBLISHING,SONY MUSIC PUBLISHING",,,,0,0
Globo,MusicCueSheet_TvAberta_Outubro2023.xlsx,MusicCueSheet_TvAberta_Out23,,11/10/2023,11102023,,,PACIENCIA,EDNA SO,"ALCIONE,FERRUGEM",,,,SONY MUSIC PUBLISHING,,,,0,0
Globo,MusicCueSheet_TvAberta_Outubro2023.xlsx,MusicCueSheet_TvAberta_Out23,,11/10/2023,11102023,,,JUIZO FINAL,"ELCIO SOARES,NELSON CAVAQUINHO","ALCIONE,LUEDJI LUNA",,,,"CORISCO,CORISCO",,,,0,0
Globo,MusicCueSheet_TvAberta_Outubro2023.xlsx,MusicCueSheet_TvAberta_Out23,,11/10/2023,11102023,,,SUFOCO,"ANTONIO JOSE,CHICO DA SILVA","ALCIONE,LUCIANA MELO",,,,"WARNER CHAPPELL,WARNER CHAPPELL",,,,0,0
Globo,MusicCueSheet_TvAberta_Outubro2023.xlsx,MusicCueSheet_TvAberta_Out23,,11/10/2023,11102023,,,PERFIDIA,ALBERTO DOMINGUEZ,ALCIONE,,,,VITALE,,,,0,0
Globo,MusicCueSheet_TvAberta_Outubro2023.xlsx,MusicCueSheet_TvAberta_Out23,,11/10/2023,11102023,,,A TARTARUGA  LA TARTARUGA,"MOGOL,ROSSINI PINTO",ALCIONE,,,,"A DESCOBRIR,A DESCOBRIR",,,,0,0
Globo,MusicCueSheet_TvAberta_Outubro2023.xlsx,MusicCueSheet_TvAberta_Out23,,11/10/2023,11102023,,,AS ROSAS NAO FALAM,CARTOLA,ALCIONE,,,,UNIVERSAL MGB,,,,0,0
Globo,MusicCueSheet_TvAberta_Outubro2023.xlsx,MusicCueSheet_TvAberta_Out23,,11/10/2023,11102023,,,O SOM DA BATUCADA,"COMPADRE XICO,GUSTAVO LOUZADA,KARINAH,MOACYR LUZ,PEDRO TERRA,VALTINHO BOTAFOGO",XXX,,,,"A DESCOBRIR,A DESCOBRIR,A DESCOBRIR,A DESCOBRIR,A DESCOBRIR,A DESCOBRIR",,,,0,0
Globo,MusicCueSheet_TvAberta_Outubro2023.xlsx,MusicCueSheet_TvAberta_Out23,,11/10/2023,11102023,,,AVATAR E A SELVA TRANSFORMOU SE EM OURO,"ANANIAS,RATO DO TAMBORIM,TOLITO",GRES ESTACAO PRIMEIRA DE MANGUEIRA,,,,"INDIE,INDIE,INDIE",,,,0,0
Globo,MusicCueSheet_TvAberta_Outubro2023.xlsx,MusicCueSheet_TvAberta_Out23,,11/10/2023,11102023,,,VERDE E ROSA,SYLVIO CESAR,"ALCIONE,LECI BRANDAO",,,,VITALE,,,,0,0
Globo,MusicCueSheet_TvAberta_Outubro2023.xlsx,MusicCueSheet_TvAberta_Out23,,11/10/2023,11102023,,,NAO DEIXE O SAMBA MORRER,"ALOISIO,EDSON","ALCIONE,CONVIDADOS",,,,"VITALE,VITALE",,,,0,0
Globo,MusicCueSheet_TvAberta_Outubro2023.xlsx,MusicCueSheet_TvAberta_Out23,,11/10/2023,MOTOFOBIA,,,AQUI TEM UM BANDO DE LOUCO  LOUCO POR TI CORINTHIANS,TUCA VEIGA,"PLATEIA VAI QUE COLA,MARCELO MEDICI",,,,SONY MUSIC PUBLISHING,,,,0,0
Globo,MusicCueSheet_TvAberta_Outubro2023.xlsx,MusicCueSheet_TvAberta_Out23,,11/10/2023,MOTOFOBIA,,,COIMBRA (ABRIL EN PORTUGAL),"JOSE MARIA GALHARDO,JOSE MORA PUNTOS,RAUL FERRAO",AMALIA RODRIGUES,,,,"ADDAF,ADDAF,ADDAF",,,,0,0
Globo,MusicCueSheet_TvAberta_Outubro2023.xlsx,MusicCueSheet_TvAberta_Out23,,11/10/2023,MOTOFOBIA,,,DANCA DA MOTINHA,"DENNIS DJ,MC BETH",VANESSINHA PIKATCHU,,,,"SONY MUSIC PUBLISHING,SONY MUSIC PUBLISHING",,,,0,0
Globo,MusicCueSheet_TvAberta_Outubro2023.xlsx,MusicCueSheet_TvAberta_Out23,,11/10/2023,MOTOFOBIA,,,INDIA,"JOSE ASUNCION FLORES,JOSE FORTUNA,M ORTIZ GUERRERO",MARCELO MEDICI,,,,"ADDAF,FORTUNA,ADDAF",,,,0,0
Globo,MusicCueSheet_TvAberta_Outubro2023.xlsx,MusicCueSheet_TvAberta_Out23,,11/10/2023,MOTOFOBIA,,,MOTOBOY,"GABRIEL MOURA,PRETINHO DA SERRINHA,ROGE,SEU JORGE",SEU JORGE,,,,"A DESCOBRIR,UNIVERSAL MGB,SONY MUSIC PUBLISHING,SONY MUSIC PUBLISHING",,,,0,0
Globo,MusicCueSheet_TvAberta_Outubro2023.xlsx,MusicCueSheet_TvAberta_Out23,,11/10/2023,MOTOFOBIA,,,TE ENSINEI CERTIN,JHAMA,LUDMILLA,,,,SONY MUSIC PUBLISHING,,,,0,0
Globo,MusicCueSheet_TvAberta_Outubro2023.xlsx,MusicCueSheet_TvAberta_Out23,,11/10/2023,O GRANDE PREMIO DO MEIER,,,BRASIL,"CAZUZA,GEORGE ISRAEL,NILO ROMERO",GAL COSTA,FULL MIX,,,"WARNER CHAPPELL,SONY MUSIC PUBLISHING,NOSSA MUSICA",SONY MUSIC,,,0,0
Globo,MusicCueSheet_TvAberta_Outubro2023.xlsx,MusicCueSheet_TvAberta_Out23,,11/10/2023,O GRANDE PREMIO DO MEIER,,,EVERYTHING I DO,"BRYAN ADAMS,MICHAEL KAMEN,ROBERT LANGE",BRYAN ADAMS,,,,"UNIVERSAL MGB,ABRAMUS,UNIVERSAL MGB",,,,0,0
Globo,MusicCueSheet_TvAberta_Outubro2023.xlsx,MusicCueSheet_TvAberta_Out23,,11/10/2023,O GRANDE PREMIO DO MEIER,,,HELLO DOLLY,JERRY HERMAN,"BARBRA STREISAND,LOUIS ARMSTRONG",,,,WARNER CHAPPELL,,,,0,0
Globo,MusicCueSheet_TvAberta_Outubro2023.xlsx,MusicCueSheet_TvAberta_Out23,,11/10/2023,O GRANDE PREMIO DO MEIER,,,LOVE IS ALL THERE IS,"ELIZONDO MIKE,ELIZONDO MIKE,JEFF TROTT,JEFF TROTT,SHERYL CROW",SHERYL CROW,,,,"ROCKING GORILLAS,UNIVERSAL MGB,PEERMUSIC,WARNER CHAPPELL,BMG",,,,0,0
Globo,MusicCueSheet_TvAberta_Outubro2023.xlsx,MusicCueSheet_TvAberta_Out23,,11/10/2023,O GRANDE PREMIO DO MEIER,,,PSYCHO,BERNARD HERMANN,MUIR MATHIESON,,,,SONY MUSIC PUBLISHING,,,,0,0
Globo,MusicCueSheet_TvAberta_Outubro2023.xlsx,MusicCueSheet_TvAberta_Out23,,11/10/2023,O GRANDE PREMIO DO MEIER,,,TOMORROW NEVER DIES,"MITCHELL FROOM,SHERYL CROW",SHERYL CROW,,,,"ABRAMUS,WARNER CHAPPELL",,,,0,0
Globo,MusicCueSheet_TvAberta_Outubro2023.xlsx,MusicCueSheet_TvAberta_Out23,,11/10/2023,O GRANDE PREMIO DO MEIER,,,UMA NOVA MULHER,"PAULINHO REZENDE,PAULO DEBETIO",SIMONE,,,,"UNIVERSAL MGB,UNIVERSAL MGB",,,,0,0
Globo,MusicCueSheet_TvAberta_Outubro2023.xlsx,MusicCueSheet_TvAberta_Out23,,12/10/2023,2899,,,ROMARIA,RENATO TEIXEIRA,RENATO TEIXEIRA-,,,,WARNER CHAPPELL,SONY MUSIC,,,0,0
Globo,MusicCueSheet_TvAberta_Outubro2023.xlsx,MusicCueSheet_TvAberta_Out23,,12/10/2023,2899,,,BRINCADEIRA DE CRIANCA,"DELCIO LUIZ,WAGNER BASTOS",MOLEJO,,,,"WARNER CHAPPELL,UNIVERSAL MGB",WM BRAZIL,,,0,0
Globo,MusicCueSheet_TvAberta_Outubro2023.xlsx,MusicCueSheet_TvAberta_Out23,,12/10/2023,2899,,,BRINCADEIRA DE CRIANCA,"DELCIO LUIZ,WAGNER BASTOS",MOLEJO,,,,"WARNER CHAPPELL,UNIVERSAL MGB",WM BRAZIL,,,0,0
Globo,MusicCueSheet_TvAberta_Outubro2023.xlsx,MusicCueSheet_TvAberta_Out23,,12/10/2023,5924,,,NOSSA SENHORA,"ERASMO CARLOS,ROBERTO CARLOS",SAMBA PRA GENTE,,,,"SONY MUSIC PUBLISHING,SONY MUSIC PUBLISHING",EMI,,,0,0
Globo,MusicCueSheet_TvAberta_Outubro2023.xlsx,MusicCueSheet_TvAberta_Out23,,12/10/2023,5924,,,NOSSA SENHORA,"ERASMO CARLOS,ROBERTO CARLOS",SAMBA PRA GENTE,,,,"SONY MUSIC PUBLISHING,SONY MUSIC PUBLISHING",EMI,,,0,0
Globo,MusicCueSheet_TvAberta_Outubro2023.xlsx,MusicCueSheet_TvAberta_Out23,,12/10/2023,5924,,,PARABENS A VOCE,"LEA MAGALHAES,MILDRED J HILL,PATTY S HILL",BANDA CARA DE PAU,,,,"WARNER CHAPPELL,DP,DP",INDEPENDENTE,,,0,0
Globo,MusicCueSheet_TvAberta_Outubro2023.xlsx,MusicCueSheet_TvAberta_Out23,,12/10/2023,5924,,,NOSSA SENHORA,"ERASMO CARLOS,ROBERTO CARLOS",SAMBRA PRA GENTE,,,,"SONY MUSIC PUBLISHING,SONY MUSIC PUBLISHING",EMI,,,0,0
Globo,MusicCueSheet_TvAberta_Outubro2023.xlsx,MusicCueSheet_TvAberta_Out23,,12/10/2023,COM QUEM SERA,,,I VE HAD  THE TIME OF MY LIFE,"DONALD MARKOWITZ,DONALD MARKOWITZ,FRANKE PREVITE,FRANKE PREVITE,JOHN DENICOLA","ANALU PIMENTA,VITO JUNIOR",,,,"ABRAMUS,ROCKING GORILLAS,FERMATA,SONY MUSIC PUBLISHING,FERMATA",,,,0,0
Globo,MusicCueSheet_TvAberta_Outubro2023.xlsx,MusicCueSheet_TvAberta_Out23,,12/10/2023,COM QUEM SERA,,,BANG,"ANITTA,JEFFERSON JUNIOR,UMBERTO TAVARES",ANITTA,FULL MIX,,,"SONY MUSIC PUBLISHING,BMG,ORB MUSIC",WARNER MUSIC,,,0,0
Globo,MusicCueSheet_TvAberta_Outubro2023.xlsx,MusicCueSheet_TvAberta_Out23,,12/10/2023,COM QUEM SERA,,,BLACK OR WHITE,MICHAEL JACKSON,MICHAEL JACKSON,,,,SONY MUSIC PUBLISHING,,,,0,0
Globo,MusicCueSheet_TvAberta_Outubro2023.xlsx,MusicCueSheet_TvAberta_Out23,,12/10/2023,COM QUEM SERA,,,CARMINA BURANA,CARL ORFF,CARL ORFF,,,,SONY MUSIC PUBLISHING,,,,0,0
Globo,MusicCueSheet_TvAberta_Outubro2023.xlsx,MusicCueSheet_TvAberta_Out23,,12/10/2023,COM QUEM SERA,,,FASCINACAO,"ARMANDO LOUZADA,F D MARCHETTI,M DE FERAUDY",ELIS REGINA,,,,"VITALE,DP,DP",,,,0,0
Globo,MusicCueSheet_TvAberta_Outubro2023.xlsx,MusicCueSheet_TvAberta_Out23,,12/10/2023,COM QUEM SERA,,,FINALE THE LONE RANGER,HANS ZIMMER,HANS ZIMMER,,,,UNIVERSAL MGB,,,,0,0
Globo,MusicCueSheet_TvAberta_Outubro2023.xlsx,MusicCueSheet_TvAberta_Out23,,12/10/2023,COM QUEM SERA,,,GLAMOUROSA RAP DA GLAMUROSA,"MC MARCINHO,MC MARCINHO",MC MARCINHO,FULL MIX,,,"NOWA,SONY MUSIC PUBLISHING",LINK RECORDS,,,0,0
Globo,MusicCueSheet_TvAberta_Outubro2023.xlsx,MusicCueSheet_TvAberta_Out23,,12/10/2023,COM QUEM SERA,,,LE FREAK,"BERNARD EDWARDS,NILE RODGERS",CHIC,,,,"WARNER CHAPPELL,SONY MUSIC PUBLISHING",,,,0,0
Globo,MusicCueSheet_TvAberta_Outubro2023.xlsx,MusicCueSheet_TvAberta_Out23,,12/10/2023,COM QUEM SERA,,,LIKE A VIRGIN,"BILLY STEINBERG,TOM KELLY",MADONNA,,,,"SONY MUSIC PUBLISHING,SONY MUSIC PUBLISHING",,,,0,0
Globo,MusicCueSheet_TvAberta_Outubro2023.xlsx,MusicCueSheet_TvAberta_Out23,,12/10/2023,COM QUEM SERA,,,A LUA ME TRAIU,"BETO CAJU,JAIRON NEVES",BANDA CALYPSO,,,,"SONY MUSIC PUBLISHING,BERGER PRODUCOES",,,,0,0
Globo,MusicCueSheet_TvAberta_Outubro2023.xlsx,MusicCueSheet_TvAberta_Out23,,12/10/2023,COM QUEM SERA,,,ME GUSTAS TU,MANU CHAO,MANU CHAO,,,,UNIVERSAL MGB,,,,0,0
Globo,MusicCueSheet_TvAberta_Outubro2023.xlsx,MusicCueSheet_TvAberta_Out23,,12/10/2023,COM QUEM SERA,,,TIC TIC TAC,"BRAULINO LIMA,BRAULINO LIMA",RAFAEL INFANTE,,,,"ATRACAO,WARNER CHAPPELL",,,,0,0
Globo,MusicCueSheet_TvAberta_Outubro2023.xlsx,MusicCueSheet_TvAberta_Out23,,12/10/2023,COM QUEM SERA,,,TU MAIS PROMISS TU ES FOUTU,"INGRID ALBERINI,MARCO SONCINI",IN GRID,,,,"A DESCOBRIR,A DESCOBRIR",,,,0,0
Globo,MusicCueSheet_TvAberta_Outubro2023.xlsx,MusicCueSheet_TvAberta_Out23,,12/10/2023,COM QUEM SERA,,,U CAN T TOUCH THIS,"ALONZO MILLER,MC HAMMER,RICK JAMES",MC HAMMER,,,,"SONY MUSIC PUBLISHING,BMG,SONY MUSIC PUBLISHING",,,,0,0
Globo,MusicCueSheet_TvAberta_Outubro2023.xlsx,MusicCueSheet_TvAberta_Out23,,12/10/2023,COM QUEM SERA,,,VAI QUE COLA,MATHEUS ALEIXO PINTO,FILHOS DE JORGE,,,,UNIVERSAL MGB,,,,0,0
Globo,MusicCueSheet_TvAberta_Outubro2023.xlsx,MusicCueSheet_TvAberta_Out23,,12/10/2023,MULHER DE EPOCA,,,ANGEL,"A ERTEGAN,C TAYLOR,C TAYLOR,E CURTIS,S MILLER",SHAGGY,,,,"UNIVERSAL MGB,BMG,SONY MUSIC PUBLISHING,UNIVERSAL MGB,SONY MUSIC PUBLISHING",,,,0,0
Globo,MusicCueSheet_TvAberta_Outubro2023.xlsx,MusicCueSheet_TvAberta_Out23,,12/10/2023,MULHER DE EPOCA,,,ANGEL OF THE MORNING,CHIP TAYLOR,JUICE NEWTON,,,,SONY MUSIC PUBLISHING,,,,0,0
Globo,MusicCueSheet_TvAberta_Outubro2023.xlsx,MusicCueSheet_TvAberta_Out23,,12/10/2023,MULHER DE EPOCA,,,BANDEIRA BRANCA,"LAERCIO ALVES,LAERCIO ALVES,LAERCIO ALVES,MAX NUNES,MAX NUNES,MAX NUNES",DALVA DE OLIVEIRA,,,,"ABRAMUS,VITALE,WARNER CHAPPELL,ABRAMUS,VITALE,WARNER CHAPPELL",,,,0,0
Globo,MusicCueSheet_TvAberta_Outubro2023.xlsx,MusicCueSheet_TvAberta_Out23,,12/10/2023,MULHER DE EPOCA,,,CHARLIE S ANGELS,"ALLYN FERGUSON,JACK ELLIOT",JACK ELLIOTT,,,,"SONY MUSIC PUBLISHING,SONY MUSIC PUBLISHING",,,,0,0
Globo,MusicCueSheet_TvAberta_Outubro2023.xlsx,MusicCueSheet_TvAberta_Out23,,12/10/2023,MULHER DE EPOCA,,,EU SOU DA LIRA NAO POSSO NEGAR,"AMAURIZAO,CHOPINHO,TUNINHO PROFESSOR,ZE CATIMBA",IMPERATRIZ LEOPOLDINENSE,,,,"EDIMUSA,EDIMUSA,EDIMUSA,EDIMUSA",,,,0,0
Globo,MusicCueSheet_TvAberta_Outubro2023.xlsx,MusicCueSheet_TvAberta_Out23,,12/10/2023,MULHER DE EPOCA,,,FARAO DIVINDADE DO EGITO,LUCIANO GOMES,MARGARETH MENEZES,,,,UNIVERSAL MGB,,,,0,0
Globo,MusicCueSheet_TvAberta_Outubro2023.xlsx,MusicCueSheet_TvAberta_Out23,,12/10/2023,MULHER DE EPOCA,,,NAO ENCHE,CAETANO VELOSO,CAETANO VELOSO,,,,WARNER CHAPPELL,,,,0,0
Globo,MusicCueSheet_TvAberta_Outubro2023.xlsx,MusicCueSheet_TvAberta_Out23,,12/10/2023,MULHER DE EPOCA,,,QUEM QUER PAO,"J CORREA,TUSA",XUXA,,,,"SONY MUSIC PUBLISHING,SONY MUSIC PUBLISHING",,,,0,0
Globo,MusicCueSheet_TvAberta_Outubro2023.xlsx,MusicCueSheet_TvAberta_Out23,,13/10/2023,1261,,,HISTORIA DE UMA GATA,"CHICO BUARQUE,LUIS ENRIQUEZ BACALOV,SERGIO BARDOTTI",PEDRO BIAL,,,,"MAROLA,WARNER CHAPPELL,WARNER CHAPPELL",,,,0,0
Globo,MusicCueSheet_TvAberta_Outubro2023.xlsx,MusicCueSheet_TvAberta_Out23,,13/10/2023,1261,,,ILARIE,"CEINHA,CID GUERREIRO,DITO",XUXA,,,,"PEERMUSIC,PEERMUSIC,PEERMUSIC",,,,0,0
Globo,MusicCueSheet_TvAberta_Outubro2023.xlsx,MusicCueSheet_TvAberta_Out23,,13/10/2023,1261,,,HINO DO CORINTHIANS,LAURO D AVILA,XXX,,,,CORISCO,,,,0,0
Globo,MusicCueSheet_TvAberta_Outubro2023.xlsx,MusicCueSheet_TvAberta_Out23,,13/10/2023,2900,,,NOSSA SENHORA,"ERASMO CARLOS,ROBERTO CARLOS",FAFA DE BELEM,,,,"SONY MUSIC PUBLISHING,SONY MUSIC PUBLISHING",,,,0,0
Globo,MusicCueSheet_TvAberta_Outubro2023.xlsx,MusicCueSheet_TvAberta_Out23,,13/10/2023,2900,,,NUVEM DE LAGRIMAS,"PAULINHO REZENDE,PAULO DEBETIO",FAFA DE BELEM,,,,"UNIVERSAL MGB,UNIVERSAL MGB",,,,0,0
Globo,MusicCueSheet_TvAberta_Outubro2023.xlsx,MusicCueSheet_TvAberta_Out23,,13/10/2023,53,,,MEU UNIVERSO E VOCE,"NANDO,RICARDO FEGHALI",ELENCO,,,,"UNIVERSAL MGB,UNIVERSAL MGB",,,,0,0
Globo,MusicCueSheet_TvAberta_Outubro2023.xlsx,MusicCueSheet_TvAberta_Out23,,13/10/2023,53,,,MEU UNIVERSO E VOCE,"NANDO,RICARDO FEGHALI",ELENCO,,,,"UNIVERSAL MGB,UNIVERSAL MGB",,,,0,0
Globo,MusicCueSheet_TvAberta_Outubro2023.xlsx,MusicCueSheet_TvAberta_Out23,,13/10/2023,13102023,,,THRILLER,ROD TEMPERTON,MICHAEL JACKSON,,,,WARNER CHAPPELL,,,,0,0
Globo,MusicCueSheet_TvAberta_Outubro2023.xlsx,MusicCueSheet_TvAberta_Out23,,13/10/2023,5925,,,O VIRA,"JOAO RICARDO,LUHLI",SECOS E MOLHADOS,,,,"UNIVERSAL MGB,UNIVERSAL MGB",WM BRAZIL,,,0,0
Globo,MusicCueSheet_TvAberta_Outubro2023.xlsx,MusicCueSheet_TvAberta_Out23,,13/10/2023,5925,,,O VIRA,"JOAO RICARDO,LUHLI",SECOS & MOLHADOS,,,,"UNIVERSAL MGB,UNIVERSAL MGB",WM BRAZIL,,,0,0
Globo,MusicCueSheet_TvAberta_Outubro2023.xlsx,MusicCueSheet_TvAberta_Out23,,13/10/2023,5925,,,PARABENS A VOCE,"LEA MAGALHAES,MILDRED J HILL,PATTY S HILL",BANDA CARA DE PAU,,,,"WARNER CHAPPELL,DP,DP",INDEPENDENTE,,,0,0
Globo,MusicCueSheet_TvAberta_Outubro2023.xlsx,MusicCueSheet_TvAberta_Out23,,13/10/2023,CHA DAS FADAS,,,ALEJANDRO,"LADY GAGA,REDONE",LADY GAGA,,,,"SONY MUSIC PUBLISHING,SONY MUSIC PUBLISHING",,,,0,0
Globo,MusicCueSheet_TvAberta_Outubro2023.xlsx,MusicCueSheet_TvAberta_Out23,,13/10/2023,CHA DAS FADAS,,,BELEZA PURA,"BETO MASCARENHAS,CARLOS CAETANO,DJALMA FALCAO,GUGU DAS CANDONGAS,MARCO MORENO,ROGER LINHARES",GRES ILHA DO GOVERNADOR,,,,"EDIMUSA,EDIMUSA,EDIMUSA,EDIMUSA,EDIMUSA,EDIMUSA",,,,0,0
Globo,MusicCueSheet_TvAberta_Outubro2023.xlsx,MusicCueSheet_TvAberta_Out23,,13/10/2023,CHA DAS FADAS,,,CHINA GIRL,"DAVID BOWIE,DAVID BOWIE,DAVID BOWIE,DAVID BOWIE,IGGY POP",DAVID BOWIE,,,,"BMG,FERMATA,SONY MUSIC PUBLISHING,WARNER CHAPPELL,A DESCOBRIR",,,,0,0
Globo,MusicCueSheet_TvAberta_Outubro2023.xlsx,MusicCueSheet_TvAberta_Out23,,13/10/2023,CHA DAS FADAS,,,ESPANHOLA,"FLAVIO VENTURINI,GUARABYRA",KLEITON & KLEDIR,,,,"WARNER CHAPPELL,WARNER CHAPPELL",,,,0,0
Globo,MusicCueSheet_TvAberta_Outubro2023.xlsx,MusicCueSheet_TvAberta_Out23,,13/10/2023,CHA DAS FADAS,,,I PUT A SPELL ON YOU,JAY HAWKINS,NINA SIMONE,,,,SONY MUSIC PUBLISHING,,,,0,0
Globo,MusicCueSheet_TvAberta_Outubro2023.xlsx,MusicCueSheet_TvAberta_Out23,,13/10/2023,CHA DAS FADAS,,,LOVE IS ALL THERE IS,"ELIZONDO MIKE,ELIZONDO MIKE,JEFF TROTT,JEFF TROTT,SHERYL CROW",SHERYL CROW,,,,"ROCKING GORILLAS,UNIVERSAL MGB,PEERMUSIC,WARNER CHAPPELL,BMG",,,,0,0
Globo,MusicCueSheet_TvAberta_Outubro2023.xlsx,MusicCueSheet_TvAberta_Out23,,13/10/2023,CHA DAS FADAS,,,NUNCA,LUPICINIO RODRIGUES,ADRIANA CALCANHOTTO,,,,VITALE,,,,0,0
Globo,MusicCueSheet_TvAberta_Outubro2023.xlsx,MusicCueSheet_TvAberta_Out23,,13/10/2023,CHA DAS FADAS,,,ONCE UPON A DREAM,"JACK LAWRENCE,SAMMY FAIN",LANA DEL REY,,,,"UNIVERSAL MGB,UNIVERSAL MGB",,,,0,0
Globo,MusicCueSheet_TvAberta_Outubro2023.xlsx,MusicCueSheet_TvAberta_Out23,,13/10/2023,CHA DAS FADAS,,,PRELUDE AND ROOFTOP,BERNARD HERRMANN,BERNARD HERRMANN,,,,SONY MUSIC PUBLISHING,,,,0,0
Globo,MusicCueSheet_TvAberta_Outubro2023.xlsx,MusicCueSheet_TvAberta_Out23,,13/10/2023,CHA DAS FADAS,,,TA TRANQUILO TA FAVORAVEL,MC BIN LADEN,MC BIN LADEN,,,,WARNER CHAPPELL,,,,0,0
Globo,MusicCueSheet_TvAberta_Outubro2023.xlsx,MusicCueSheet_TvAberta_Out23,,13/10/2023,CHA DAS FADAS,,,VINGANCA,LUPICINIO RODRIGUES,LINDA BATISTA,,,,VITALE,,,,0,0
Globo,MusicCueSheet_TvAberta_Outubro2023.xlsx,MusicCueSheet_TvAberta_Out23,,13/10/2023,CHA DAS FADAS,,,VINGATIVA,WAGNER RIBEIRO,RITA LEE,,,,WARNER CHAPPELL,,,,0,0
Globo,MusicCueSheet_TvAberta_Outubro2023.xlsx,MusicCueSheet_TvAberta_Out23,,14/10/2023,1135,,,HE MAN,"MICHAEL SULLIVAN,MIGUEL PLOPSCHI,PAULO MASSADAS",BANDA ALTAS HORAS,,,,"SONY MUSIC PUBLISHING,SONY MUSIC PUBLISHING,SONY MUSIC PUBLISHING",,,,0,0
Globo,MusicCueSheet_TvAberta_Outubro2023.xlsx,MusicCueSheet_TvAberta_Out23,,14/10/2023,1135,,,HE MAN,"MICHAEL SULLIVAN,MIGUEL PLOPSCHI,PAULO MASSADAS",BANDA ALTAS HORAS,,,,"SONY MUSIC PUBLISHING,SONY MUSIC PUBLISHING,SONY MUSIC PUBLISHING",,,,0,0
Globo,MusicCueSheet_TvAberta_Outubro2023.xlsx,MusicCueSheet_TvAberta_Out23,,14/10/2023,1135,,,RAGATANGA,"MANUEL RUIZ QUECO,RICK BONADIO","LI MARTINS, ALINE WIRLEY",,,,"UNIVERSAL MGB,UNIVERSAL MGB",,,,0,0
Globo,MusicCueSheet_TvAberta_Outubro2023.xlsx,MusicCueSheet_TvAberta_Out23,,14/10/2023,1135,,,UNI DUNI TE,"MICHAEL SULLIVAN,MIGUEL PLOPSCHI,PAULO MASSADAS","ALINE WIRLEY, LI MARTINS",,,,"SONY MUSIC PUBLISHING,SONY MUSIC PUBLISHING,SONY MUSIC PUBLISHING",,,,0,0
Globo,MusicCueSheet_TvAberta_Outubro2023.xlsx,MusicCueSheet_TvAberta_Out23,,14/10/2023,1135,,,SUPERFANTASTICO,"DIFELISATTI,EDGARD POCAS,IGNACIO BALLESTEROS","PAULO VIEIRA, EMILIO DANTAS",,,,"SONY MUSIC PUBLISHING,SONY MUSIC PUBLISHING,SONY MUSIC PUBLISHING",,,,0,0
Globo,MusicCueSheet_TvAberta_Outubro2023.xlsx,MusicCueSheet_TvAberta_Out23,,14/10/2023,1135,,,MUSSA STYLE,"FERNANDO APARECIDO GONCALVES,HUDSON MARTINS",MUSSA,,,,"UNIVERSAL MGB,WARNER CHAPPELL",,,,0,0
Globo,MusicCueSheet_TvAberta_Outubro2023.xlsx,MusicCueSheet_TvAberta_Out23,,14/10/2023,1135,,,MUSSA STYLE,"FERNANDO APARECIDO GONCALVES,HUDSON MARTINS",MUSSA,,,,"UNIVERSAL MGB,WARNER CHAPPELL",,,,0,0
Globo,MusicCueSheet_TvAberta_Outubro2023.xlsx,MusicCueSheet_TvAberta_Out23,,14/10/2023,1135,,,EU NAO LARGO O OSSO,"MICHAEL SULLIVAN,PAULO MASSADAS",PRISCILA TV COLOSSO,,,,"SONY MUSIC PUBLISHING,SONY MUSIC PUBLISHING",,,,0,0
Globo,MusicCueSheet_TvAberta_Outubro2023.xlsx,MusicCueSheet_TvAberta_Out23,,14/10/2023,1135,,,LIVRE ESTOU,"JAIME FIDALGO FERRA FILHO,KRISTEN ANDERSON LOPEZ,ROBERT LOPEZ",JENNIFER NASCIMENTO,,,,"UNIVERSAL MGB,UNIVERSAL MGB,UNIVERSAL MGB",,,,0,0
Globo,MusicCueSheet_TvAberta_Outubro2023.xlsx,MusicCueSheet_TvAberta_Out23,,14/10/2023,1135,,,QUEM QUER PAO,"J CORREA,TUSA",BANDA ALTAS HORAS,,,,"SONY MUSIC PUBLISHING,SONY MUSIC PUBLISHING",,,,0,0
Globo,MusicCueSheet_TvAberta_Outubro2023.xlsx,MusicCueSheet_TvAberta_Out23,,14/10/2023,1135,,,ILARIE,"CEINHA,CID GUERREIRO,DITO",BANDA ALTAS HORAS,,,,"PEERMUSIC,PEERMUSIC,PEERMUSIC",,,,0,0
Globo,MusicCueSheet_TvAberta_Outubro2023.xlsx,MusicCueSheet_TvAberta_Out23,,14/10/2023,1135,,,O SOL,VITOR KLEY,VITOR KLEY,,,,UNIVERSAL MGB,,,,0,0
Globo,MusicCueSheet_TvAberta_Outubro2023.xlsx,MusicCueSheet_TvAberta_Out23,,14/10/2023,1135,,,OLHO PAPAI,"SERGINHO GROISMAN,THOMAS GROISMAN",THOMAS GROISMAN,,,,"A DESCOBRIR,A DESCOBRIR",,,,0,0
Globo,MusicCueSheet_TvAberta_Outubro2023.xlsx,MusicCueSheet_TvAberta_Out23,,14/10/2023,1135,,,NOSSO AMOR E OURO,ZE HENRIQUE,"CESAR MENOTTI E FABIANO,  JULINHA",,,,PEERMUSIC,,,,0,0
Globo,MusicCueSheet_TvAberta_Outubro2023.xlsx,MusicCueSheet_TvAberta_Out23,,14/10/2023,1135,,,PIUI ABACAXI,MENDES JUNIOR,BANDA ALTAS HORAS,,,,WARNER CHAPPELL,,,,0,0
Globo,MusicCueSheet_TvAberta_Outubro2023.xlsx,MusicCueSheet_TvAberta_Out23,,14/10/2023,1135,,,FICO ASSIM SEM VOCE,"ABDULLAH,CACA MORAES","BUCHECHA, LUCAS PENTEADO",,,,"SONY MUSIC PUBLISHING,SONY MUSIC PUBLISHING",,,,0,0
Globo,MusicCueSheet_TvAberta_Outubro2023.xlsx,MusicCueSheet_TvAberta_Out23,,14/10/2023,1135,,,RUA DO LIMOEIRO,MARCIO ARAUJO,TURMA DA MÔNICA,,,,MARCIO ARAUJO,,,,0,0
Globo,MusicCueSheet_TvAberta_Outubro2023.xlsx,MusicCueSheet_TvAberta_Out23,,14/10/2023,1135,,,PARABENS A VOCE,"LEA MAGALHAES,MILDRED J HILL,PATTY S HILL",TURMA DA MÔNICA,,,,"WARNER CHAPPELL,DP,DP",,,,0,0
Globo,MusicCueSheet_TvAberta_Outubro2023.xlsx,MusicCueSheet_TvAberta_Out23,,14/10/2023,1135,,,PARABENS MONICA,"MARCELO SOUZA,MAURO SOUZA",TURMA DA MONICA,,,,"SONICA,SONICA",,,,0,0
Globo,MusicCueSheet_TvAberta_Outubro2023.xlsx,MusicCueSheet_TvAberta_Out23,,14/10/2023,1135,,,BANHO E BOM,HELIO ZISKIND,BANDA ALTAS HORAS,,,,A DESCOBRIR,,,,0,0
Globo,MusicCueSheet_TvAberta_Outubro2023.xlsx,MusicCueSheet_TvAberta_Out23,,14/10/2023,1135,,,LINDO BALAO AZUL,GUILHERME ARANTES,"BANDA ALTAS HORAS, SERGINHO",,,,WARNER CHAPPELL,,,,0,0
Globo,MusicCueSheet_TvAberta_Outubro2023.xlsx,MusicCueSheet_TvAberta_Out23,,14/10/2023,1135,,,FERIAS DO MEU CORACAO,"GAB MENDES,VANESSA ALVES",GATO GALÁCTICO,,,,"SONY MUSIC PUBLISHING,SONY MUSIC PUBLISHING",,,,0,0
Globo,MusicCueSheet_TvAberta_Outubro2023.xlsx,MusicCueSheet_TvAberta_Out23,,14/10/2023,1135,,,LAVAR AS MAOS,ARNALDO ANTUNES,PALAVRA CANTADA,,,,BOA MUSIC RIGHTS,,,,0,0
Globo,MusicCueSheet_TvAberta_Outubro2023.xlsx,MusicCueSheet_TvAberta_Out23,,14/10/2023,1135,,,SOMOS AMIGOS,"ERIK VONN,MEMO MENDEZ GUIU","BANDA ALTAS HORAS, SERGINHO",,,,"UNIVERSAL MGB,UNIVERSAL MGB",,,,0,0
Globo,MusicCueSheet_TvAberta_Outubro2023.xlsx,MusicCueSheet_TvAberta_Out23,,14/10/2023,1135,,,LUA DE CRISTAL,"MICHAEL SULLIVAN,MIGUEL PLOPSCHI,PAULO MASSADAS",BANDA ALTAS HORAS,,,,"SONY MUSIC PUBLISHING,SONY MUSIC PUBLISHING,SONY MUSIC PUBLISHING",,,,0,0
Globo,MusicCueSheet_TvAberta_Outubro2023.xlsx,MusicCueSheet_TvAberta_Out23,,14/10/2023,1135,,,COMER COMER,"ELZO AUGUSTO,HONORIO HERRERO,HONORIO HERRERO,LUIZ GOMES ESCOLAR",BANDA ALTAS HORAS,,,,"FERMATA,ABRAMUS,WARNER CHAPPELL,ABRAMUS",,,,0,0
Globo,MusicCueSheet_TvAberta_Outubro2023.xlsx,MusicCueSheet_TvAberta_Out23,,14/10/2023,1135,,,COMER COMER,"ELZO AUGUSTO,HONORIO HERRERO,HONORIO HERRERO,LUIZ GOMES ESCOLAR",BANDA ALTAS HORAS,,,,"FERMATA,ABRAMUS,WARNER CHAPPELL,ABRAMUS",,,,0,0
Globo,MusicCueSheet_TvAberta_Outubro2023.xlsx,MusicCueSheet_TvAberta_Out23,,14/10/2023,14102023,,,AGUA DE BEBER,"TOM JOBIM,VINICIUS DE MORAES","ADRIANO ROCHA,KAISE HELENA",,,,"JOBIM MUSIC,UNIVERSAL MGB",,,,0,0
Globo,MusicCueSheet_TvAberta_Outubro2023.xlsx,MusicCueSheet_TvAberta_Out23,,14/10/2023,14102023,,,AGUA DE BEBER,"TOM JOBIM,VINICIUS DE MORAES","KAISE HELENA,ADRIANO ROCHA",,,,"JOBIM MUSIC,UNIVERSAL MGB",,,,0,0
Globo,MusicCueSheet_TvAberta_Outubro2023.xlsx,MusicCueSheet_TvAberta_Out23,,14/10/2023,426,,,DANCA DA XUXA,"PRENTICE,RONALDO MONTEIRO DE SOUZA",XUXA,,,,"WARNER CHAPPELL,WARNER CHAPPELL",,,,0,0
Globo,MusicCueSheet_TvAberta_Outubro2023.xlsx,MusicCueSheet_TvAberta_Out23,,14/10/2023,54,,,MEU UNIVERSO E VOCE,"NANDO,RICARDO FEGHALI",MICAEL BORGES,,,,"UNIVERSAL MGB,UNIVERSAL MGB",,,,0,0
Globo,MusicCueSheet_TvAberta_Outubro2023.xlsx,MusicCueSheet_TvAberta_Out23,,14/10/2023,14102023,,,SUPER MARIO BROS THEME,KOJI KONDO,KOJI KONDO,,,,A DESCOBRIR,,,,0,0
Globo,MusicCueSheet_TvAberta_Outubro2023.xlsx,MusicCueSheet_TvAberta_Out23,,14/10/2023,14102023,,,CONQUISTA,MC BUCHECHA,CLAUDINHO E BUCHECHA,,,,WARNER CHAPPELL,,,,0,0
Globo,MusicCueSheet_TvAberta_Outubro2023.xlsx,MusicCueSheet_TvAberta_Out23,,14/10/2023,14102023,,,CONQUISTA,MC BUCHECHA,CLAUDINHO E BUCHECHA,,,,WARNER CHAPPELL,,,,0,0
Globo,MusicCueSheet_TvAberta_Outubro2023.xlsx,MusicCueSheet_TvAberta_Out23,,14/10/2023,14102023,,,BITTERSWEET GOODBYE  TIESTO S HARDCORE REMIX,RICHARD ASHCROFT,TIESTO,,,,A DESCOBRIR,,,,0,0
Globo,MusicCueSheet_TvAberta_Outubro2023.xlsx,MusicCueSheet_TvAberta_Out23,,14/10/2023,14102023,,,SILENCE  DJ TIESTO S IN SEARCH OF SUNRISE EDIT,"FULBER,LEEB,MCLACHLAN,RHYS NOWELL FULBER,SARAH ANN MCLACHLAN,,WILHELM ANTON LEEB",TIESTO,,,,"A DESCOBRIR,A DESCOBRIR,A DESCOBRIR,A DESCOBRIR,A DESCOBRIR,A DESCOBRIR",,,,0,0
Globo,MusicCueSheet_TvAberta_Outubro2023.xlsx,MusicCueSheet_TvAberta_Out23,,14/10/2023,14102023,,,MOOMBAH 22,NICK VAN DE WALL,AFROJACK,,,,A DESCOBRIR,,,,0,0
Globo,MusicCueSheet_TvAberta_Outubro2023.xlsx,MusicCueSheet_TvAberta_Out23,,14/10/2023,14102023,,,PEPAS,"ANDY BAUZA,AXEL RAFAEL QUEZADA FULGENCIO,CARLOS EFREN REYES ROSADO,FRANKLIN JOVANI MARTINEZ,JOSE CARLOS GARCIA,JUAN MANUEL GOMEZ,KERIEL QUIROZ,MARCOS G PEREZ,VICTOR ALONSO CARDENAS OSPINA",AFROJACK,,,,"ABRAMUS,SONY MUSIC PUBLISHING,SONY MUSIC PUBLISHING,SONY MUSIC PUBLISHING,SONY MUSIC PUBLISHING,ABRAMUS,SONY MUSIC PUBLISHING,SONY MUSIC PUBLISHING,WARNER CHAPPELL",,,,0,0
Globo,MusicCueSheet_TvAberta_Outubro2023.xlsx,MusicCueSheet_TvAberta_Out23,,14/10/2023,14102023,,,DE SEGUNDA A SEXTA,DENNIS DJ,AFROJACK,,,,SONY MUSIC PUBLISHING,,,,0,0
Globo,MusicCueSheet_TvAberta_Outubro2023.xlsx,MusicCueSheet_TvAberta_Out23,,14/10/2023,14102023,,,I LOVE IT,"CHARLOTTE AITCHISON,LINUS EKLOW,PATRIK BERGER","AFROJACK,CHARLI XCX",,,,"SONY MUSIC PUBLISHING,UNIVERSAL MGB,ABRAMUS",,,,0,0
Globo,MusicCueSheet_TvAberta_Outubro2023.xlsx,MusicCueSheet_TvAberta_Out23,,14/10/2023,14102023,,,SHOCKWAVE,"FADIL EL GHOUL,HARRY MICHAEL,NICK VAN DE WALL,TYRON HAPI",AFROJACK,,,,"A DESCOBRIR,A DESCOBRIR,A DESCOBRIR,A DESCOBRIR",,,,0,0
Globo,MusicCueSheet_TvAberta_Outubro2023.xlsx,MusicCueSheet_TvAberta_Out23,,14/10/2023,14102023,,,IN THE NAME OF LOVE,"BEBE REXHA,ILSEY JUBER,MARTIJN GARRITSEN,MATT RADD,RUTH ANNE CUNNINGHAM,STEVE JAMES,YAEL NAHAR",MARTIN GARRIX,,,,"BMG,SONY MUSIC PUBLISHING,UNIVERSAL MGB,PEERMUSIC,PEERMUSIC,PEERMUSIC,SONY MUSIC PUBLISHING",,,,0,0
Globo,MusicCueSheet_TvAberta_Outubro2023.xlsx,MusicCueSheet_TvAberta_Out23,,14/10/2023,14102023,,,AURORA,"MARTIJN GARRITSEN,MATEUSZ OWSIAK",MARTIN GARRIX,,,,"A DESCOBRIR,A DESCOBRIR",,,,0,0
Globo,MusicCueSheet_TvAberta_Outubro2023.xlsx,MusicCueSheet_TvAberta_Out23,,15/10/2023,110,,,O ONIBUS,"DP,VANESSA ALVES",XUXA,,,,"DP,SONY MUSIC PUBLISHING",SOM LIVRE,,,0,0
Globo,MusicCueSheet_TvAberta_Outubro2023.xlsx,MusicCueSheet_TvAberta_Out23,,15/10/2023,110,,,MELO DO MARINHEIRO,"BI RIBEIRO,JOAO BARONE",OS PARALAMAS DO SUCESSO,,,,"SONY MUSIC PUBLISHING,SONY MUSIC PUBLISHING",EMI MUSIC BRASIL,,,0,0
Globo,MusicCueSheet_TvAberta_Outubro2023.xlsx,MusicCueSheet_TvAberta_Out23,,15/10/2023,110,,,LOBA (SHE WOLF),"JOHN HILL,S ENDICOTT,SHAKIRA",SHAKIRA,,,,"ADDAF,ADDAF,ADDAF",EPIC,,,0,0
Globo,MusicCueSheet_TvAberta_Outubro2023.xlsx,MusicCueSheet_TvAberta_Out23,,15/10/2023,110,,,VAMOS ACORDAR,JAIR OLIVEIRA,GRANDES PEQUENINOS,,,,A DESCOBRIR,S DE SAMBA EDITORA LTDA,,,0,0
Globo,MusicCueSheet_TvAberta_Outubro2023.xlsx,MusicCueSheet_TvAberta_Out23,,15/10/2023,110,,,FORA DOS STORIES,"BRENNO CASAGRANDE,LUCAS MACENNA,SAYMON MARQUES,SHYLTON FERNANDES",MARI FERNANDEZ,,,,"WARNER CHAPPELL,SONY MUSIC PUBLISHING,WARNER CHAPPELL,WARNER CHAPPELL",SONY MUSIC,,,0,0
Globo,MusicCueSheet_TvAberta_Outubro2023.xlsx,MusicCueSheet_TvAberta_Out23,,15/10/2023,110,,,EU SEI DE COR,"DANILLO DAVILLA,ELCIO DI CARVALHO,JUNIOR PEPATO,LARI FERREIRA",MARILIA MENDONCA,FULL MIX,,,"BMG,BMG,BMG,BMG",RGE,,,0,0
Globo,MusicCueSheet_TvAberta_Outubro2023.xlsx,MusicCueSheet_TvAberta_Out23,,15/10/2023,110,,,FE NAS MALUCA,"ANDRE NINE,CAROLZINHA,DOUGLAS MODA,IZA,JENNI MOSELLO,KING,MC CAROL,NOX","IZA,MC CAROL",,,,"A DESCOBRIR,A DESCOBRIR,UNIVERSAL MGB,A DESCOBRIR,A DESCOBRIR,UNIVERSAL MGB,A DESCOBRIR,A DESCOBRIR",WM BRAZIL,,,0,0
Globo,MusicCueSheet_TvAberta_Outubro2023.xlsx,MusicCueSheet_TvAberta_Out23,,15/10/2023,110,,,I LIKE TO MOVE IT,"ERIC MORILLO,MARK QUASHIE","ERICK MORILLO,REEL 2 REAL,THE MAD STUNTMAN",,,,"BMG,BMG",STRICTLY RHYTHM RECORDS,,,0,0
Globo,MusicCueSheet_TvAberta_Outubro2023.xlsx,MusicCueSheet_TvAberta_Out23,,15/10/2023,110,,,PIRATA E TESOURO,"ANDRE RENATO,MARQUINHO INDIO",FERRUGEM,,,,"WARNER CHAPPELL,SONY MUSIC PUBLISHING",,,,0,0
Globo,MusicCueSheet_TvAberta_Outubro2023.xlsx,MusicCueSheet_TvAberta_Out23,,15/10/2023,110,,,ATRASADINHA,"DIEGO BARAO,DIEGO BARAO,LEO BRANDAO,WYNIE NOGUEIRA",FERRUGEM,,,,"SONY MUSIC PUBLISHING,WARNER CHAPPELL,LEO BRANDAO,WARNER CHAPPELL",,,,0,0
Globo,MusicCueSheet_TvAberta_Outubro2023.xlsx,MusicCueSheet_TvAberta_Out23,,15/10/2023,110,,,WORK WITH MY LOVE,"ALOK,HIGHT,JAMES ARTHUR,LORIS CIMINO,MAXIMILIAN RIEHL,OHYES,PATRICK MOTEN","ALOK,JAMES ARTHUR",,,,"UNIVERSAL MGB,BMG,SONY MUSIC PUBLISHING,BMG,BMG,A DESCOBRIR,A DESCOBRIR","COLUMBIA/B1 RECORDINGS, BMG PUBLISHING",,,0,0
Globo,MusicCueSheet_TvAberta_Outubro2023.xlsx,MusicCueSheet_TvAberta_Out23,,15/10/2023,110,,,WORK WITH MY LOVE,"ALOK,HIGHT,JAMES ARTHUR,LORIS CIMINO,MAXIMILIAN RIEHL,OHYES,PATRICK MOTEN","ALOK,JAMES ARTHUR",,,,"UNIVERSAL MGB,BMG,SONY MUSIC PUBLISHING,BMG,BMG,A DESCOBRIR,A DESCOBRIR","COLUMBIA/B1 RECORDINGS, BMG PUBLISHING",,,0,0
Globo,MusicCueSheet_TvAberta_Outubro2023.xlsx,MusicCueSheet_TvAberta_Out23,,15/10/2023,110,,,VALERIE,"ABIGAIL HARDING,BOYAN CHOWDHURY,DAVE MCCABE,DAVE MCCABE,RUSSELL PRITCHARD,SEAN PAYNE","AMY WINEHOUSE,CHRIS ELLIOTT,MARK RONSON",,,,"WARNER CHAPPELL,WARNER CHAPPELL,SONY MUSIC PUBLISHING,WARNER CHAPPELL,WARNER CHAPPELL,WARNER CHAPPELL",COLUMBIA,,,0,0
Globo,MusicCueSheet_TvAberta_Outubro2023.xlsx,MusicCueSheet_TvAberta_Out23,,15/10/2023,110,,,VALERIE,"ABIGAIL HARDING,BOYAN CHOWDHURY,DAVE MCCABE,DAVE MCCABE,RUSSELL PRITCHARD,SEAN PAYNE","AMY WINEHOUSE,CHRIS ELLIOTT,MARK RONSON",,,,"WARNER CHAPPELL,WARNER CHAPPELL,SONY MUSIC PUBLISHING,WARNER CHAPPELL,WARNER CHAPPELL,WARNER CHAPPELL",COLUMBIA,,,0,0
Globo,MusicCueSheet_TvAberta_Outubro2023.xlsx,MusicCueSheet_TvAberta_Out23,,15/10/2023,110,,,BAILE DOS PASSARINHOS,"EDGARD POCAS,TERRY RENDALL,WERNER THOMAS",GUGU LIBERATO,,,,"A DESCOBRIR,A DESCOBRIR,A DESCOBRIR",,,,0,0
Globo,MusicCueSheet_TvAberta_Outubro2023.xlsx,MusicCueSheet_TvAberta_Out23,,15/10/2023,110,,,FOGO E PAIXAO,ROSE,WANDO,,,,PEERMUSIC,UNIVERSAL MUSIC,,,0,0
Globo,MusicCueSheet_TvAberta_Outubro2023.xlsx,MusicCueSheet_TvAberta_Out23,,15/10/2023,110,,,METEORO,SOROCABA,LUAN SANTANA,,,,EDITORA JKF,SOM LIVRE,,,0,0
Globo,MusicCueSheet_TvAberta_Outubro2023.xlsx,MusicCueSheet_TvAberta_Out23,,15/10/2023,110,,,A DOR DESSE AMOR,"OMAR ALFANNO,PISKA",KLB,,,,"SONY MUSIC PUBLISHING,SONY MUSIC PUBLISHING",RADAR RECORDS,,,0,0
Globo,MusicCueSheet_TvAberta_Outubro2023.xlsx,MusicCueSheet_TvAberta_Out23,,15/10/2023,110,,,PRETA,BETO BARBOSA,RAFAEL PORTUGAL E PEDRINHO DO CAVACO,,,,WARNER CHAPPELL,,,,0,0
Globo,MusicCueSheet_TvAberta_Outubro2023.xlsx,MusicCueSheet_TvAberta_Out23,,15/10/2023,110,,,PAU QUE NASCE TORTO / MELO DO TCHAN,"BIECO DO TCHAN,CAU LIMA,CICINHO",RAFAEL PORTUGAL E PEDRINHO DO CAVACO,,,,"UNIVERSAL MGB,UNIVERSAL MGB,UNIVERSAL MGB",,,,0,0
Globo,MusicCueSheet_TvAberta_Outubro2023.xlsx,MusicCueSheet_TvAberta_Out23,,15/10/2023,110,,,PAU QUE NASCE TORTO / MELO DO TCHAN,"BIECO DO TCHAN,CAU LIMA,CICINHO",RAFAEL PORTUGAL E PEDRINHO DO CAVACO,,,,"UNIVERSAL MGB,UNIVERSAL MGB,UNIVERSAL MGB",,,,0,0
Globo,MusicCueSheet_TvAberta_Outubro2023.xlsx,MusicCueSheet_TvAberta_Out23,,15/10/2023,110,,,CONSELHO,"ADILSON BISPO,ZE ROBERTO",PADRE FABIO E FERRUGEM,,,,"WARNER CHAPPELL,WARNER CHAPPELL",,,,0,0
Globo,MusicCueSheet_TvAberta_Outubro2023.xlsx,MusicCueSheet_TvAberta_Out23,,15/10/2023,110,,,INTERESSANTE,"LINCOLN PEDROSA DE LIMA,RODRIGO OLIVEIRA",FERRUGEM,,,,"SONY MUSIC PUBLISHING,WARNER CHAPPELL",,,,0,0
Globo,MusicCueSheet_TvAberta_Outubro2023.xlsx,MusicCueSheet_TvAberta_Out23,,15/10/2023,110,,,RASPUTIN,"FRANK FARIAN,FRED JAY,GEORGE REYAM","BONEY M.,MAJESTIC",,,,"SONY MUSIC PUBLISHING,SONY MUSIC PUBLISHING,SONY MUSIC PUBLISHING",NITRON MUSIC,,,0,0
Globo,MusicCueSheet_TvAberta_Outubro2023.xlsx,MusicCueSheet_TvAberta_Out23,,15/10/2023,110,,,RASPUTIN,"FRANK FARIAN,FRED JAY,GEORGE REYAM","BONEY M,MAJESTIC",,,,"SONY MUSIC PUBLISHING,SONY MUSIC PUBLISHING,SONY MUSIC PUBLISHING",NITRON MUSIC,,,0,0
Globo,MusicCueSheet_TvAberta_Outubro2023.xlsx,MusicCueSheet_TvAberta_Out23,,15/10/2023,110,,,CRIADOR E CRIATURA,"BETO CORREA,DICO DA VIOLA,JEFINHO,JOAOZINHO","FERRUGEM, RAFAEL PORTUGAL, PEDRINHO DO CAVACO & ALEX ESCOBAR",,,,"EDIMUSA,EDIMUSA,EDIMUSA,EDIMUSA",,,,0,0
Globo,MusicCueSheet_TvAberta_Outubro2023.xlsx,MusicCueSheet_TvAberta_Out23,,15/10/2023,110,,,EXALTACAO A MANGUEIRA,"ALOISIO AUGUSTO DA COSTA,ENEAS BRITES","DONA DEIA,FERRUGEM",,,,"VITALE,VITALE",,,,0,0
Globo,MusicCueSheet_TvAberta_Outubro2023.xlsx,MusicCueSheet_TvAberta_Out23,,15/10/2023,110,,,SE EU NAO TE AMASSE TANTO ASSIM,"HERBERT VIANNA,PAULO SERGIO VALLE",IVETE SANGALO,,,,"SONY MUSIC PUBLISHING,SONY MUSIC PUBLISHING",UNIVERSAL MUSIC,,,0,0
Globo,MusicCueSheet_TvAberta_Outubro2023.xlsx,MusicCueSheet_TvAberta_Out23,,15/10/2023,110,,,VOU TE AMARRAR NA MINHA CAMA,"ED WILSON,SOLANGE DI CESAR",AS MARCIANAS,,,,"EUTERPE,EUTERPE",EMI BRAZIL,,,0,0
Globo,MusicCueSheet_TvAberta_Outubro2023.xlsx,MusicCueSheet_TvAberta_Out23,,15/10/2023,110,,,VOU TE AMARRAR NA MINHA CAMA,"ED WILSON,SOLANGE DI CESAR",AS MARCIANAS E MARIA BELTRAO,,,,"EUTERPE,EUTERPE",,,,0,0
Globo,MusicCueSheet_TvAberta_Outubro2023.xlsx,MusicCueSheet_TvAberta_Out23,,15/10/2023,110,,,LOSING MY RELIGION,"BILL BERRY,BRIAN WAKEFIELD,MICHAEL STIPE,MIKE MILLS,PETER BUCK,ROBERT ANTHONY BASKARAN","LOOKEE,PEARL ANDERSSON",,,,"UNIVERSAL MGB,BMG,UNIVERSAL MGB,UNIVERSAL MGB,UNIVERSAL MGB,BMG",SOURCE,,,0,0
Globo,MusicCueSheet_TvAberta_Outubro2023.xlsx,MusicCueSheet_TvAberta_Out23,,15/10/2023,110,,,LOSING MY RELIGION,"BILL BERRY,BRIAN WAKEFIELD,MICHAEL STIPE,MIKE MILLS,PETER BUCK,ROBERT ANTHONY BASKARAN","LOOKEE,PEARL ANDERSSON",,,,"UNIVERSAL MGB,BMG,UNIVERSAL MGB,UNIVERSAL MGB,UNIVERSAL MGB,BMG",SOURCE,,,0,0
Globo,MusicCueSheet_TvAberta_Outubro2023.xlsx,MusicCueSheet_TvAberta_Out23,,15/10/2023,110,,,GIMME GIMME GIMME,"BENNY ANDERSON,BJORN ULVAEUS",SYZZ,,,,"UNIVERSAL MGB,UNIVERSAL MGB",,,,0,0
Globo,MusicCueSheet_TvAberta_Outubro2023.xlsx,MusicCueSheet_TvAberta_Out23,,15/10/2023,110,,,GIMME GIMME GIMME,"BENNY ANDERSON,BJORN ULVAEUS",SYZZ,,,,"UNIVERSAL MGB,UNIVERSAL MGB",,,,0,0
Globo,MusicCueSheet_TvAberta_Outubro2023.xlsx,MusicCueSheet_TvAberta_Out23,,15/10/2023,110,,,PARABENS A VOCE,"LEA MAGALHAES,MILDRED J HILL,PATTY S HILL",ELENCO,,,,"WARNER CHAPPELL,DP,DP",,,,0,0
Globo,MusicCueSheet_TvAberta_Outubro2023.xlsx,MusicCueSheet_TvAberta_Out23,,15/10/2023,110,,,PLEASE DONT GO,"JAMES CASEY,LEROY BELL",DOUBLE YOU,,,,"WARNER CHAPPELL,WARNER CHAPPELL",,,,0,0
Globo,MusicCueSheet_TvAberta_Outubro2023.xlsx,MusicCueSheet_TvAberta_Out23,,15/10/2023,110,,,LOOKING AT MY GIRL,"ALESSANDRO ANGELETTI,ANDREA DE ANTONI,FRANCESCO AMATO,WILLIAM NARAINE",DOUBLE YOU,,,,"PEERMUSIC,PEERMUSIC,PEERMUSIC,PEERMUSIC",,,,0,0
Globo,MusicCueSheet_TvAberta_Outubro2023.xlsx,MusicCueSheet_TvAberta_Out23,,15/10/2023,110,,,ON THE FLOOR,"ACHRAF JANNUSSI,BILAL HAJJI,GERALDO SANDELL,GONZALES HERMOSA,GONZALES HERMOSA,KINDA VIVIANNE HAMID,NADIR KHAYAT,PITBULL,ULISES HERMOSA,ULISES HERMOSA","JENNIFER LOPEZ,PITBULL",,,,"SONY MUSIC PUBLISHING,SONY MUSIC PUBLISHING,A DESCOBRIR,A DESCOBRIR,SONY MUSIC PUBLISHING,BMG,SONY MUSIC PUBLISHING,SONY MUSIC PUBLISHING,A DESCOBRIR,SONY MUSIC PUBLISHING","NUYORICAN PRODUCTIONS / IDJ, BMG PUBLISHING, SONY",,,0,0
Globo,MusicCueSheet_TvAberta_Outubro2023.xlsx,MusicCueSheet_TvAberta_Out23,,15/10/2023,110,,,ADDICTED TO YOU,"ASH POURNOURI,AVICII,JOSHUA KRAJCIK,MAC DAVIS",AVICII,,,,"SONY MUSIC PUBLISHING,SONY MUSIC PUBLISHING,BMG,ROCKING GORILLAS","UME - GLOBAL CLEARING HOUSE, BMG PUBLISHING, KOBA",,,0,0
Globo,MusicCueSheet_TvAberta_Outubro2023.xlsx,MusicCueSheet_TvAberta_Out23,,15/10/2023,110,,,ADDICTED TO YOU,"ASH POURNOURI,AVICII,JOSHUA KRAJCIK,MAC DAVIS",AVICII,,,,"SONY MUSIC PUBLISHING,SONY MUSIC PUBLISHING,BMG,ROCKING GORILLAS","UME - GLOBAL CLEARING HOUSE, BMG PUBLISHING, KOBAL",,,0,0
Globo,MusicCueSheet_TvAberta_Outubro2023.xlsx,MusicCueSheet_TvAberta_Out23,,15/10/2023,110,,,LOVE AGAIN,"BING CROSBY,CHELCEE GRIMES,CLARENCE COFFEE JR,DUA LIPA,STEPHEN KOZMENIUK,WALLMAN,WARTELL",DUA LIPA,,,,"WARNER CHAPPELL,ABRAMUS,ABRAMUS,UNIVERSAL MGB,SONY MUSIC PUBLISHING,WARNER CHAPPELL,WARNER CHAPPELL","WARNER MUSIC GROUP - X5 MUSIC GROUP, KOBALT MUSIC",,,0,0
Globo,MusicCueSheet_TvAberta_Outubro2023.xlsx,MusicCueSheet_TvAberta_Out23,,15/10/2023,110,,,LOVE AGAIN,"BING CROSBY,CHELCEE GRIMES,CLARENCE COFFEE JR,DUA LIPA,STEPHEN KOZMENIUK,WALLMAN,WARTELL",DUA LIPA,,,,"WARNER CHAPPELL,ABRAMUS,ABRAMUS,UNIVERSAL MGB,SONY MUSIC PUBLISHING,WARNER CHAPPELL,WARNER CHAPPELL","WARNER MUSIC GROUP - X5 MUSIC GROUP, KOBALT MUSIC",,,0,0
Globo,MusicCueSheet_TvAberta_Outubro2023.xlsx,MusicCueSheet_TvAberta_Out23,,15/10/2023,110,,,IF I COULD TURN BACK TIME,DIANNE WARREN,CHER,,,,BMG,"UNIVERSAL MUSIC LTDA., BMG PUBLISHING, REALSONGS",,,0,0
Globo,MusicCueSheet_TvAberta_Outubro2023.xlsx,MusicCueSheet_TvAberta_Out23,,15/10/2023,110,,,ON THE FLOOR,"ACHRAF JANNUSSI,BILAL HAJJI,GERALDO SANDELL,GONZALES HERMOSA,GONZALES HERMOSA,KINDA VIVIANNE HAMID,NADIR KHAYAT,PITBULL,ULISES HERMOSA,ULISES HERMOSA","JENNIFER LOPEZ,PITBULL",,,,"SONY MUSIC PUBLISHING,SONY MUSIC PUBLISHING,A DESCOBRIR,A DESCOBRIR,SONY MUSIC PUBLISHING,BMG,SONY MUSIC PUBLISHING,SONY MUSIC PUBLISHING,A DESCOBRIR,SONY MUSIC PUBLISHING","NUYORICAN PRODUCTIONS / IDJ, BMG PUBLISHING, SONY",,,0,0
Globo,MusicCueSheet_TvAberta_Outubro2023.xlsx,MusicCueSheet_TvAberta_Out23,,15/10/2023,110,,,IF I COULD TURN BACK TIME,DIANNE WARREN,CHER,,,,BMG,"GEFFEN, BMG PUBLISHING, REALSONGS",,,0,0
Globo,MusicCueSheet_TvAberta_Outubro2023.xlsx,MusicCueSheet_TvAberta_Out23,,15/10/2023,110,,,BOLADONA,MARCIO,TATI QUEBRA BARRACO,FULL MIX,,,NOWA,LINK RECORDS,,,0,0
Globo,MusicCueSheet_TvAberta_Outubro2023.xlsx,MusicCueSheet_TvAberta_Out23,,15/10/2023,110,,,CONGA CONGA CONGA,MISTER SAM,GRETCHEN,,,,PEERMUSIC,UNIVERSAL MUSIC,,,0,0
Globo,MusicCueSheet_TvAberta_Outubro2023.xlsx,MusicCueSheet_TvAberta_Out23,,15/10/2023,110,,,GINGA,"PABLO BISPO,RINCON SAPIENCIA,RUXELL,SERGIO SANTOS","IZA, RINCON SAPIENCIA",FULL MIX,,,"WARNER CHAPPELL,BOIA FRIA PRODUCOES,BMG,WARNER CHAPPELL",WARNER,,,0,0
Globo,MusicCueSheet_TvAberta_Outubro2023.xlsx,MusicCueSheet_TvAberta_Out23,,15/10/2023,110,,,BAD ROMANCE,"LADY GAGA,NADIR KHAYAT",LADY GAGA-,,,,"SONY MUSIC PUBLISHING,SONY MUSIC PUBLISHING",INTERSCOPE,,,0,0
Globo,MusicCueSheet_TvAberta_Outubro2023.xlsx,MusicCueSheet_TvAberta_Out23,,15/10/2023,110,,,A NOITE VAI CHEGAR,PAULINHO CAMARGO,LADY ZU,,,,WARNER CHAPPELL,UNIVERSAL MUSIC,,,0,0
Globo,MusicCueSheet_TvAberta_Outubro2023.xlsx,MusicCueSheet_TvAberta_Out23,,15/10/2023,110,,,TA OK,"DENNIS DJ,KEVIN O CHRIS","DENNIS,MC KEVIN O CHRIS",,,,"SONY MUSIC PUBLISHING,ADDAF",SONY MUSIC,,,0,0
Globo,MusicCueSheet_TvAberta_Outubro2023.xlsx,MusicCueSheet_TvAberta_Out23,,15/10/2023,110,,,PARTE DO SEU SONHO,"ALAN MENKEN,HOWARD ASHMAN",LAURA CASTRO,,,,"A DESCOBRIR,A DESCOBRIR",WALT DISNEY RECORDS,,,0,0
Globo,MusicCueSheet_TvAberta_Outubro2023.xlsx,MusicCueSheet_TvAberta_Out23,,15/10/2023,110,,,HIPS DON T LIE,"J DUPLESSIS,L PARKER,LUIS DIAZ,OMAR ALFANNO,SHAKIRA,WYCLEF JEAN","SHAKIRA,WYCLEF JEAN",,,,"SONY MUSIC PUBLISHING,A DESCOBRIR,PEERMUSIC,SONY MUSIC PUBLISHING,SONY MUSIC PUBLISHING,SONY MUSIC PUBLISHING","EPIC, SONY MUSIC",,,0,0
Globo,MusicCueSheet_TvAberta_Outubro2023.xlsx,MusicCueSheet_TvAberta_Out23,,15/10/2023,110,,,A PIPA DO VOVO,"MANOEL FERREIRA,RUTH AMARAL",SILVIO SANTOS,,,,"UNIVERSAL MGB,UNIVERSAL MGB",SBTPRODUCOES,,,0,0
Globo,MusicCueSheet_TvAberta_Outubro2023.xlsx,MusicCueSheet_TvAberta_Out23,,15/10/2023,110,,,EMPIRE STATE OF MIND,"AL SHUCKBURGH,ALICIA AUGELLO COOK,ANGELA HUINTE,BERT KEYES,JANET SEWELL,SHAWN CARTER,SYLVIA ROBINSON","ALICIA KEYS,JAY-Z",,,,"ABRAMUS,UNIVERSAL MGB,SONY MUSIC PUBLISHING,WARNER CHAPPELL,SONY MUSIC PUBLISHING,SONY MUSIC PUBLISHING,WARNER CHAPPELL","ROC NATION / JAY-Z, KOBALT MUSIC PUBLISHING",,,0,0
Globo,MusicCueSheet_TvAberta_Outubro2023.xlsx,MusicCueSheet_TvAberta_Out23,,15/10/2023,110,,,EVERYBODY,"DENNIZ POP,MAX MARTIN",BACKSTREET BOYS,,,,"ABRAMUS,ABRAMUS","JIVE, MXM MUSIC",,,0,0
Globo,MusicCueSheet_TvAberta_Outubro2023.xlsx,MusicCueSheet_TvAberta_Out23,,15/10/2023,110,,,LIKE A VIRGIN,"BILLY STEINBERG,TOM KELLY",MADONNA,,,,"SONY MUSIC PUBLISHING,SONY MUSIC PUBLISHING",WARNER RECORDS,,,0,0
Globo,MusicCueSheet_TvAberta_Outubro2023.xlsx,MusicCueSheet_TvAberta_Out23,,15/10/2023,110,,,ILARIE,"CEINHA,CID GUERREIRO,CRISTINA LARRAURA,DITO",XUXA,,,,"PEERMUSIC,PEERMUSIC,PEERMUSIC,PEERMUSIC",SOM LIVRE,,,0,0
Globo,MusicCueSheet_TvAberta_Outubro2023.xlsx,MusicCueSheet_TvAberta_Out23,,15/10/2023,110,,,DESAFIO,"DULLER,F ALCANTARA,TONHO,XANDY",HARMONIA,,,,"UNIVERSAL MGB,UNIVERSAL MGB,UNIVERSAL MGB,UNIVERSAL MGB",SONY MUSIC,,,0,0
Globo,MusicCueSheet_TvAberta_Outubro2023.xlsx,MusicCueSheet_TvAberta_Out23,,15/10/2023,110,,,SUIT AND TIE,"CHARLES STILL,JAMES FAUNTLEROY,JEROME HARMON,JOHN WILSON,JUSTIN TIMBERLAKE,SHAWN CARTER,TERRY STUBBS,TIMOTHY MOSLEY","JAY-Z,JUSTIN TIMBERLAKE",,,,"WARNER CHAPPELL,UNIVERSAL MGB,WARNER CHAPPELL,WARNER CHAPPELL,UNIVERSAL MGB,SONY MUSIC PUBLISHING,WARNER CHAPPELL,A DESCOBRIR","RCA RECORDS LABEL, ANTHEM ENTERTAINMENT, UNIVERSAL",,,0,0
Globo,MusicCueSheet_TvAberta_Outubro2023.xlsx,MusicCueSheet_TvAberta_Out23,,15/10/2023,110,,,SOCADONA,"CAROLINA COLÓN JUARBE,CLIFFORD RAY SMITH,HELDER VILAS BOAS,JEFFERSON JUNIOR,JEFFERSON JUNIOR,JUAN JOSÉ BRITO,LUDMILLA,MARIAH ANGELIQUE PEREZ,UMBERTO TAVARES",LUDMILLA,,,,"ROCKING GORILLAS,ROCKING GORILLAS,A DESCOBRIR,BMG,ORB MUSIC,WARNER CHAPPELL,WARNER CHAPPELL,UNIVERSAL MGB,ORB MUSIC",WM BRAZIL,,,0,0
Globo,MusicCueSheet_TvAberta_Outubro2023.xlsx,MusicCueSheet_TvAberta_Out23,,15/10/2023,110,,,I VE HAD THE TIME OF MY LIFE,"DONALD JAY MARKOWITZ,FRANKE JON PREVITE,JOHN ALBERT DE NICOLA","BILL MEDLEY,JENNIFER WARNES",,,,"FERMATA,KOBALT MUSIC,SONY MUSIC PUBLISHING",,,,0,0
Globo,MusicCueSheet_TvAberta_Outubro2023.xlsx,MusicCueSheet_TvAberta_Out23,,15/10/2023,110,,,LANCA PERFUME,"RITA LEE,ROBERTO DE CARVALHO",RITA LEE,FULL MIX,,,"WARNER CHAPPELL,WARNER CHAPPELL",UNIVERSAL,,,0,0
Globo,MusicCueSheet_TvAberta_Outubro2023.xlsx,MusicCueSheet_TvAberta_Out23,,15/10/2023,110,,,O QUE E QUE A BAIANA TEM,DORIVAL CAYMMI,CARMEN MIRANDA,,,,MANGIONE,,,,0,0
Globo,MusicCueSheet_TvAberta_Outubro2023.xlsx,MusicCueSheet_TvAberta_Out23,,15/10/2023,110,,,BEIJINHO NO OMBRO,"ANDRE VIEIRA,ANDRE VIEIRA,DENNIS DJ,PARDAL,WALLACE VIANA,WALLACE VIANA",VALESCA POPOZUDA,,,,"UNIVERSAL MGB,WARNER CHAPPELL,SONY MUSIC PUBLISHING,ADDAF,UNIVERSAL MGB,WARNER CHAPPELL",BERGER MOBILE,,,0,0
Globo,MusicCueSheet_TvAberta_Outubro2023.xlsx,MusicCueSheet_TvAberta_Out23,,15/10/2023,110,,,E HOJE,"DIDI,MESTRINHO",MONOBLOCO,,,,"SONY MUSIC PUBLISHING,SONY MUSIC PUBLISHING",SOM LIVRE,,,0,0
Globo,MusicCueSheet_TvAberta_Outubro2023.xlsx,MusicCueSheet_TvAberta_Out23,,15/10/2023,110,,,DON T START NOW,"CAROLINE AILIN,DUA LIPA,EMILY WARREN,IAN KIRKPATRICK",DUA LIPA,FULL MIX,,,"BMG,UNIVERSAL MGB,ABRAMUS,WARNER CHAPPELL",WARNER,,,0,0
Globo,MusicCueSheet_TvAberta_Outubro2023.xlsx,MusicCueSheet_TvAberta_Out23,,15/10/2023,110,,,BARBIE GIRL,"CLAUS NORREEN,JOHNNY MOSEGAARD PEDERSON,KARSTEN DELGADO,LENE NYSTRONI,RENE DIF,SOREN RASTED",AQUA,,,,"UNIVERSAL MGB,WARNER CHAPPELL,WARNER CHAPPELL,UNIVERSAL MGB,UNIVERSAL MGB,UNIVERSAL MGB",UNIVERSAL MUSIC,,,0,0
Globo,MusicCueSheet_TvAberta_Outubro2023.xlsx,MusicCueSheet_TvAberta_Out23,,15/10/2023,110,,,FOGO E PAIXAO,ROSE,WANDO,,,,PEERMUSIC,UNIVERSAL MUSIC,,,0,0
Globo,MusicCueSheet_TvAberta_Outubro2023.xlsx,MusicCueSheet_TvAberta_Out23,,15/10/2023,110,,,A DOR DESSE AMOR,"OMAR ALFANNO,PISKA",KLB,,,,"SONY MUSIC PUBLISHING,SONY MUSIC PUBLISHING",RADAR RECORDS,,,0,0
Globo,MusicCueSheet_TvAberta_Outubro2023.xlsx,MusicCueSheet_TvAberta_Out23,,15/10/2023,110,,,METEORO,SOROCABA,LUAN SANTANA,,,,EDITORA JKF,SOM LIVRE,,,0,0
Globo,MusicCueSheet_TvAberta_Outubro2023.xlsx,MusicCueSheet_TvAberta_Out23,,15/10/2023,110,,,CAVALO PRETO,ANACLETO ROSAS JUNIOR,GABRIEL SATER,,,,FERMATA,INDOMÁVEL PRODUÇÕES & VALETES RECORDS,,,0,0
Globo,MusicCueSheet_TvAberta_Outubro2023.xlsx,MusicCueSheet_TvAberta_Out23,,15/10/2023,110,,,OLD TOWN ROAD,"ATTICUS ROSS,HILL MONTERO,KIOWA ROUKEMA,TRENT REZNOR",LIL NAS X,FULL MIX,,,"UNIVERSAL MGB,SONY MUSIC PUBLISHING,UNIVERSAL MGB,ABRAMUS",SONY MUSIC,,,0,0
Globo,MusicCueSheet_TvAberta_Outubro2023.xlsx,MusicCueSheet_TvAberta_Out23,,15/10/2023,2608,,,ANGRY,"ANDREW WATT,KEITH RICHARDS,MICK JAGGER",THE ROLLING STONES,,,,"BMG,BMG,BMG",,,,0,0
Globo,MusicCueSheet_TvAberta_Outubro2023.xlsx,MusicCueSheet_TvAberta_Out23,,15/10/2023,2608,,,ANGRY,"ANDREW WATT,KEITH RICHARDS,MICK JAGGER",THE ROLLING STONES,,,,"BMG,BMG,BMG",,,,0,0
Globo,MusicCueSheet_TvAberta_Outubro2023.xlsx,MusicCueSheet_TvAberta_Out23,,15/10/2023,2608,,,ANGRY,"ANDREW WATT,KEITH RICHARDS,MICK JAGGER",THE ROLLING STONES,,,,"BMG,BMG,BMG",,,,0,0
Globo,MusicCueSheet_TvAberta_Outubro2023.xlsx,MusicCueSheet_TvAberta_Out23,,15/10/2023,2608,,,SWEET SOUNDS OF HEAVEN,"KEITH RICHARDS,MICK JAGGER",THE ROLLING STONES,,,,"BMG,BMG",,,,0,0
Globo,MusicCueSheet_TvAberta_Outubro2023.xlsx,MusicCueSheet_TvAberta_Out23,,15/10/2023,2608,,,ANGRY,"ANDREW WATT,KEITH RICHARDS,MICK JAGGER",THE ROLLING STONES,,,,"BMG,BMG,BMG",,,,0,0
Globo,MusicCueSheet_TvAberta_Outubro2023.xlsx,MusicCueSheet_TvAberta_Out23,,15/10/2023,2608,,,ANGRY,"ANDREW WATT,KEITH RICHARDS,MICK JAGGER",THE ROLLING STONES,,,,"BMG,BMG,BMG",,,,0,0
Globo,MusicCueSheet_TvAberta_Outubro2023.xlsx,MusicCueSheet_TvAberta_Out23,,15/10/2023,2608,,,ANGRY,"ANDREW WATT,KEITH RICHARDS,MICK JAGGER",THE ROLLING STONES,,,,"BMG,BMG,BMG",,,,0,0
Globo,MusicCueSheet_TvAberta_Outubro2023.xlsx,MusicCueSheet_TvAberta_Out23,,15/10/2023,2608,,,ANGRY,"ANDREW WATT,KEITH RICHARDS,MICK JAGGER",THE ROLLING STONES,,,,"BMG,BMG,BMG",,,,0,0
Globo,MusicCueSheet_TvAberta_Outubro2023.xlsx,MusicCueSheet_TvAberta_Out23,,15/10/2023,2608,,,HATE TO SEE YOU GO,LITTLE WALTER,THE ROLLING STONES,,,,BMG,,,,0,0
Globo,MusicCueSheet_TvAberta_Outubro2023.xlsx,MusicCueSheet_TvAberta_Out23,,15/10/2023,2608,,,SWEET SOUNDS OF HEAVEN,"KEITH RICHARDS,MICK JAGGER","THE ROLLING STONES,LADY GAGA",,,,"BMG,BMG",,,,0,0
Globo,MusicCueSheet_TvAberta_Outubro2023.xlsx,MusicCueSheet_TvAberta_Out23,,15/10/2023,2608,,,ANGRY,"ANDREW WATT,KEITH RICHARDS,MICK JAGGER",THE ROLLING STONES,,,,"BMG,BMG,BMG",,,,0,0
Globo,MusicCueSheet_TvAberta_Outubro2023.xlsx,MusicCueSheet_TvAberta_Out23,,15/10/2023,2608,,,DO SEU LADO,NANDO REIS,JOTA QUEST,,,,WARNER CHAPPELL,,,,0,0
Globo,MusicCueSheet_TvAberta_Outubro2023.xlsx,MusicCueSheet_TvAberta_Out23,,15/10/2023,2608,,,FACIL,"MARCIO BUZELIN,MARCO TULIO LARA,PAULINHO FONSECA,PJ,ROGERIO FLAUSINO,WILSON SIDERAL",JOTA QUEST,,,,"SONY MUSIC PUBLISHING,SONY MUSIC PUBLISHING,SONY MUSIC PUBLISHING,SONY MUSIC PUBLISHING,SONY MUSIC PUBLISHING,SONY MUSIC PUBLISHING",,,,0,0
Globo,MusicCueSheet_TvAberta_Outubro2023.xlsx,MusicCueSheet_TvAberta_Out23,,15/10/2023,2608,,,BLECAUTE,"JERRY BARNES,MARCIO BUZELIN,NILE RODGERS,ROGERIO FLAUSINO,WILSON SIDERAL",JOTA QUEST,,,,"BMG,SONY MUSIC PUBLISHING,A DESCOBRIR,SONY MUSIC PUBLISHING,SONY MUSIC PUBLISHING",,,,0,0
Globo,MusicCueSheet_TvAberta_Outubro2023.xlsx,MusicCueSheet_TvAberta_Out23,,15/10/2023,2608,,,SO HOJE,"FERNANDA MELLO,MARCIO BUZELIN,MARCO TULIO LARA,PAULINHO FONSECA,PJ,ROGERIO FLAUSINO",JOTA QUEST,,,,"SONY MUSIC PUBLISHING,SONY MUSIC PUBLISHING,SONY MUSIC PUBLISHING,SONY MUSIC PUBLISHING,SONY MUSIC PUBLISHING,SONY MUSIC PUBLISHING",,,,0,0
Globo,MusicCueSheet_TvAberta_Outubro2023.xlsx,MusicCueSheet_TvAberta_Out23,,15/10/2023,2608,,,AS DORES DO MUNDO,HYLDON,JOTA QUEST,,,,WARNER CHAPPELL,,,,0,0
Globo,MusicCueSheet_TvAberta_Outubro2023.xlsx,MusicCueSheet_TvAberta_Out23,,15/10/2023,2608,,,DO SEU LADO,NANDO REIS,JOTA QUEST,,,,WARNER CHAPPELL,,,,0,0
Globo,MusicCueSheet_TvAberta_Outubro2023.xlsx,MusicCueSheet_TvAberta_Out23,,15/10/2023,2608,,,NUMA BOA,"MARCIO BUZELIN,MARCO TULIO LARA,PAULINHO FONSECA,PJ,ROGERIO FLAUSINO,VITOR KLEY",JOTA QUEST,,,,"A DESCOBRIR,A DESCOBRIR,A DESCOBRIR,A DESCOBRIR,A DESCOBRIR,UNIVERSAL MGB",,,,0,0
Globo,MusicCueSheet_TvAberta_Outubro2023.xlsx,MusicCueSheet_TvAberta_Out23,,15/10/2023,15102023,,,BAGULHO E LOUCO MANO,"GABRIEL VITOR,JOAO CARREIRO",JOÃO CARREIRO,,,,"A DESCOBRIR,EDITORA JKF",,,,0,0
Globo,MusicCueSheet_TvAberta_Outubro2023.xlsx,MusicCueSheet_TvAberta_Out23,,15/10/2023,15102023,,,ENQUANTO HOUVER RAZOES,MAURICIO MELLO,VITOR E CADU,,,,BMG,,,,0,0
Globo,MusicCueSheet_TvAberta_Outubro2023.xlsx,MusicCueSheet_TvAberta_Out23,,15/10/2023,15102023,,,E PRA CABA,JOAO CARREIRO,JOAO CARREIRO,,,,A DESCOBRIR,,,,0,0
Globo,MusicCueSheet_TvAberta_Outubro2023.xlsx,MusicCueSheet_TvAberta_Out23,,15/10/2023,15102023,,,LABIRINTO,MARCO AURELIO,VITOR E CADU,,,,EDITORA PE DE VERSO,,,,0,0
Globo,MusicCueSheet_TvAberta_Outubro2023.xlsx,MusicCueSheet_TvAberta_Out23,,15/10/2023,15102023,,,LABIRINTO,MARCO AURELIO,VITOR E CADU,,,,EDITORA PE DE VERSO,,,,0,0
Globo,MusicCueSheet_TvAberta_Outubro2023.xlsx,MusicCueSheet_TvAberta_Out23,,15/10/2023,15102023,,,ENQUANTO HOUVER RAZOES,MAURICIO MELLO,VITOR E CADU,,,,BMG,,,,0,0
Globo,MusicCueSheet_TvAberta_Outubro2023.xlsx,MusicCueSheet_TvAberta_Out23,,15/10/2023,15102023,,,TOMANDO NO COPO,"MARCO AURELIO FERREIRA,VICTOR GREGORIO,VITOR RODRIGUES",VICTOR GREGORIO E MARCO AURELIO,,,,"A DESCOBRIR,A DESCOBRIR,A DESCOBRIR",,,,0,0
Globo,MusicCueSheet_TvAberta_Outubro2023.xlsx,MusicCueSheet_TvAberta_Out23,,15/10/2023,15102023,,,TCHAU AMOR,"ADO,PIAO CARREIRO,PRAENSE","JOÃO CARREIRO,VITOR E CADU,VITOR GREGORIO E MARCO AURELIO",,,,"UNIVERSAL MGB,UNIVERSAL MGB,UNIVERSAL MGB",,,,0,0
Globo,MusicCueSheet_TvAberta_Outubro2023.xlsx,MusicCueSheet_TvAberta_Out23,,15/10/2023,5,,,EVA,"GIANCARLO BIGAZZI,M FICARELLI,UMBERTO TOZZI",IVETE SANGALO,,,,"PEERMUSIC,PEERMUSIC,PEERMUSIC",,,,0,0
Globo,MusicCueSheet_TvAberta_Outubro2023.xlsx,MusicCueSheet_TvAberta_Out23,,15/10/2023,5,,,SO DEPOIS,"CARLOS CAETANO,CARLOS CAETANO,CHARLES BONFIM,CLAUDEMIR","XANDE DE PILARES,IVETE SANGALO",,,,"A DESCOBRIR,SONY MUSIC PUBLISHING,DUBAS,DUBAS",,,,0,0
Globo,MusicCueSheet_TvAberta_Outubro2023.xlsx,MusicCueSheet_TvAberta_Out23,,15/10/2023,5,,,APAGA A LUZ,"GLORIA GROOVE,PABLO BISPO,RUXELL,SERGIO SANTOS",NAMORADOS,,,,"WARNER CHAPPELL,WARNER CHAPPELL,WARNER CHAPPELL,WARNER CHAPPELL",,,,0,0
Globo,MusicCueSheet_TvAberta_Outubro2023.xlsx,MusicCueSheet_TvAberta_Out23,,15/10/2023,5,,,PIPOCA DA IVETE,"IVETE SANGALO,SAMIR TRINDADE",IVETE SANGALO,,,,"IESSI MUSIC PUBLISHING,WARNER CHAPPELL",,,,0,0
Globo,MusicCueSheet_TvAberta_Outubro2023.xlsx,MusicCueSheet_TvAberta_Out23,,15/10/2023,5,,,PIPOCA DA IVETE,"IVETE SANGALO,SAMIR TRINDADE",IVETE SANGALO,,,,"IESSI MUSIC PUBLISHING,WARNER CHAPPELL",,,,0,0
Globo,MusicCueSheet_TvAberta_Outubro2023.xlsx,MusicCueSheet_TvAberta_Out23,,15/10/2023,5,,,DIA ESPECIAL,DUCA LEINDECKER,FABINHO K,,,,UNIVERSAL MGB,,,,0,0
Globo,MusicCueSheet_TvAberta_Outubro2023.xlsx,MusicCueSheet_TvAberta_Out23,,15/10/2023,5,,,SEPARACAO,"JOSE AUGUSTO,PAULO SERGIO VALLE",ALLEX REIS,,,,"UNIVERSAL MGB,SONY MUSIC PUBLISHING",,,,0,0
Globo,MusicCueSheet_TvAberta_Outubro2023.xlsx,MusicCueSheet_TvAberta_Out23,,15/10/2023,5,,,DONA,"GUARABYRA,SA",GALLAK,,,,"VITALE,VITALE",,,,0,0
Globo,MusicCueSheet_TvAberta_Outubro2023.xlsx,MusicCueSheet_TvAberta_Out23,,15/10/2023,5,,,FINAL DE TARDE,"EDGAR DO CAVACO,THIAGO SILVA",MARCOS OORUN,,,,"INOVASHOW,UNIVERSAL MGB",,,,0,0
Globo,MusicCueSheet_TvAberta_Outubro2023.xlsx,MusicCueSheet_TvAberta_Out23,,15/10/2023,5,,,PIPOCA DA IVETE,"IVETE SANGALO,SAMIR TRINDADE",IVETE SANGALO,,,,"IESSI MUSIC PUBLISHING,WARNER CHAPPELL",,,,0,0
Globo,MusicCueSheet_TvAberta_Outubro2023.xlsx,MusicCueSheet_TvAberta_Out23,,15/10/2023,5,,,PIPOCA DA IVETE,"IVETE SANGALO,SAMIR TRINDADE",IVETE SANGALO,,,,"IESSI MUSIC PUBLISHING,WARNER CHAPPELL",,,,0,0
Globo,MusicCueSheet_TvAberta_Outubro2023.xlsx,MusicCueSheet_TvAberta_Out23,,15/10/2023,5,,,SO DEPOIS,"CARLOS CAETANO,CARLOS CAETANO,CHARLES BONFIM,CLAUDEMIR","XANDE DE PILARES,IVETE SANGALO",,,,"A DESCOBRIR,SONY MUSIC PUBLISHING,DUBAS,DUBAS",,,,0,0
Globo,MusicCueSheet_TvAberta_Outubro2023.xlsx,MusicCueSheet_TvAberta_Out23,,15/10/2023,5,,,TE VER,"CHICO AMARAL,SAMUEL ROSA","SAMUEL ROSA,IVETE SANGALO",,,,"SONY MUSIC PUBLISHING,SONY MUSIC PUBLISHING",,,,0,0
Globo,MusicCueSheet_TvAberta_Outubro2023.xlsx,MusicCueSheet_TvAberta_Out23,,15/10/2023,5,,,TE VER,"CHICO AMARAL,SAMUEL ROSA","SAMUEL ROSA,IVETE SANGALO",,,,"SONY MUSIC PUBLISHING,SONY MUSIC PUBLISHING",,,,0,0
Globo,MusicCueSheet_TvAberta_Outubro2023.xlsx,MusicCueSheet_TvAberta_Out23,,15/10/2023,5,,,E UMA PARTIDA DE FUTEBOL,"NANDO REIS,SAMUEL ROSA",SAMUEL ROSA,,,,"WARNER CHAPPELL,SONY MUSIC PUBLISHING",,,,0,0
Globo,MusicCueSheet_TvAberta_Outubro2023.xlsx,MusicCueSheet_TvAberta_Out23,,15/10/2023,5,,,STAIRWAY TO HEAVEN,"JIMMY PAGE,ROBERT PLANT",LED ZEPPELIN,,,,"WARNER CHAPPELL,WARNER CHAPPELL",,,,0,0
Globo,MusicCueSheet_TvAberta_Outubro2023.xlsx,MusicCueSheet_TvAberta_Out23,,15/10/2023,5,,,TAO SEU,"CHICO AMARAL,SAMUEL ROSA","SAMUEL ROSA,IVETE SANGALO",,,,"SONY MUSIC PUBLISHING,SONY MUSIC PUBLISHING",,,,0,0
Globo,MusicCueSheet_TvAberta_Outubro2023.xlsx,MusicCueSheet_TvAberta_Out23,,15/10/2023,5,,,TAO SEU,"CHICO AMARAL,SAMUEL ROSA","SAMUEL ROSA,IVETE SANGALO",,,,"SONY MUSIC PUBLISHING,SONY MUSIC PUBLISHING",,,,0,0
Globo,MusicCueSheet_TvAberta_Outubro2023.xlsx,MusicCueSheet_TvAberta_Out23,,15/10/2023,5,,,TAO SEU,"CHICO AMARAL,SAMUEL ROSA","SAMUEL ROSA,IVETE SANGALO",,,,"SONY MUSIC PUBLISHING,SONY MUSIC PUBLISHING",,,,0,0
Globo,MusicCueSheet_TvAberta_Outubro2023.xlsx,MusicCueSheet_TvAberta_Out23,,15/10/2023,5,,,TAO SEU,"CHICO AMARAL,SAMUEL ROSA","SAMUEL ROSA,IVETE SANGALO",,,,"SONY MUSIC PUBLISHING,SONY MUSIC PUBLISHING",,,,0,0
Globo,MusicCueSheet_TvAberta_Outubro2023.xlsx,MusicCueSheet_TvAberta_Out23,,15/10/2023,5,,,VOU DEIXAR,"CHICO AMARAL,SAMUEL ROSA","SAMUEL ROSA,IVETE SANGALO",,,,"SONY MUSIC PUBLISHING,SONY MUSIC PUBLISHING",,,,0,0
Globo,MusicCueSheet_TvAberta_Outubro2023.xlsx,MusicCueSheet_TvAberta_Out23,,15/10/2023,5,,,VOU DEIXAR,"CHICO AMARAL,SAMUEL ROSA","SAMUEL ROSA,IVETE SANGALO",,,,"SONY MUSIC PUBLISHING,SONY MUSIC PUBLISHING",,,,0,0
Globo,MusicCueSheet_TvAberta_Outubro2023.xlsx,MusicCueSheet_TvAberta_Out23,,15/10/2023,5,,,BATUCADA,"GIGI CERQUEIRA,IVETE SANGALO,SAMIR TRINDADE",IVETE SANGALO,,,,"IESSI MUSIC PUBLISHING,IESSI MUSIC PUBLISHING,IESSI MUSIC PUBLISHING",,,,0,0
Globo,MusicCueSheet_TvAberta_Outubro2023.xlsx,MusicCueSheet_TvAberta_Out23,,15/10/2023,5,,,BATUCADA,"GIGI CERQUEIRA,IVETE SANGALO,SAMIR TRINDADE",IVETE SANGALO,,,,"IESSI MUSIC PUBLISHING,IESSI MUSIC PUBLISHING,IESSI MUSIC PUBLISHING",,,,0,0
Globo,MusicCueSheet_TvAberta_Outubro2023.xlsx,MusicCueSheet_TvAberta_Out23,,15/10/2023,15102023,,,JUNGLE,"ALEX PALL,ALOK,ANDREW TAGGART,ANNA MAE KELLY,CHARLOTT BOSS,GUSTAV NYSTROM,HANNAH WILSON,OHYES,OLLIE GREEN,RASMUS BUDNY",ALOK,,,,"A DESCOBRIR,A DESCOBRIR,A DESCOBRIR,A DESCOBRIR,A DESCOBRIR,A DESCOBRIR,A DESCOBRIR,A DESCOBRIR,A DESCOBRIR,A DESCOBRIR",,,,0,0
Globo,MusicCueSheet_TvAberta_Outubro2023.xlsx,MusicCueSheet_TvAberta_Out23,,15/10/2023,15102023,,,DON T SAY GOODBYE,"ALEX COTOI,ALOK,HANNAH WILSON,IIKAY SENCAN,OHYES,ROBERT UHLMANN,TO LOVE",ALOK,,,,"ABRAMUS,A DESCOBRIR,A DESCOBRIR,ABRAMUS,WARNER CHAPPELL,ABRAMUS,WARNER CHAPPELL",,,,0,0
Globo,MusicCueSheet_TvAberta_Outubro2023.xlsx,MusicCueSheet_TvAberta_Out23,,15/10/2023,15102023,,,ALIVE,"ALOK,FELIX THOMAS WAYAN HAIN,JONATHAN KURZ,JONATHAN KURZ,LUCAS CLAUDIUS JOAO HAIN,WOLVE",ALOK,,,,"A DESCOBRIR,A DESCOBRIR,SONY MUSIC PUBLISHING,WARNER CHAPPELL,A DESCOBRIR,UNIVERSAL MGB",,,,0,0
Globo,MusicCueSheet_TvAberta_Outubro2023.xlsx,MusicCueSheet_TvAberta_Out23,,15/10/2023,15102023,,,HEAR ME NOW,"ALOK,BRUNO MARTINI,ZEEBA",ALOK,,,,"WARNER CHAPPELL,UNIVERSAL MGB,WARNER CHAPPELL",,,,0,0
Globo,MusicCueSheet_TvAberta_Outubro2023.xlsx,MusicCueSheet_TvAberta_Out23,,15/10/2023,15102023,,,VALE VALE,"ALOK,WOLVE,ZAFRIR",ALOK,,,,"ABRAMUS,WARNER CHAPPELL,A DESCOBRIR",,,,0,0
Globo,MusicCueSheet_TvAberta_Outubro2023.xlsx,MusicCueSheet_TvAberta_Out23,,15/10/2023,15102023,,,HEAR ME NOW,"ALOK,BRUNO MARTINI,ZEEBA","ALOK,BRUNO MARTINI,ZEEBA",,,,"WARNER CHAPPELL,UNIVERSAL MGB,WARNER CHAPPELL",,,,0,0
Globo,MusicCueSheet_TvAberta_Outubro2023.xlsx,MusicCueSheet_TvAberta_Out23,,15/10/2023,15102023,,,VALE VALE,"ALOK,WOLVE,ZAFRIR",ALOK,,,,"ABRAMUS,WARNER CHAPPELL,A DESCOBRIR",,,,0,0
Globo,MusicCueSheet_TvAberta_Outubro2023.xlsx,MusicCueSheet_TvAberta_Out23,,15/10/2023,15102023,,,MAS QUE NADA,JORGE BENJOR,"ANTDOT,MAZ",,,,PEERMUSIC,,,,0,0
Globo,MusicCueSheet_TvAberta_Outubro2023.xlsx,MusicCueSheet_TvAberta_Out23,,15/10/2023,15102023,,,DON T YOU WORRY CHILD,"AXEL HEDFORS,JOHN LINDSTROM,MICHEL ZITRON,SEBASTIAN INGROSSO,STEVE ANGELLO,STEVE ANGELLO",STEVE ANGELLO,,,,"UNIVERSAL MGB,ABRAMUS,BMG,UNIVERSAL MGB,SONY MUSIC PUBLISHING,UNIVERSAL MGB",,,,0,0
Globo,MusicCueSheet_TvAberta_Outubro2023.xlsx,MusicCueSheet_TvAberta_Out23,,15/10/2023,15102023,,,WE ARE THE PEOPLE,"J SLOAN,L STEELE,NICK LITTLEMORE","VINTAGE CULTURE,ANNA",,,,"SONY MUSIC PUBLISHING,SONY MUSIC PUBLISHING,UNIVERSAL MGB",,,,0,0
Globo,MusicCueSheet_TvAberta_Outubro2023.xlsx,MusicCueSheet_TvAberta_Out23,,15/10/2023,FAROFA NAS ARABIAS,,,HEART OF GLASS,"CHRIS STEIN,DEBBIE HARRY",MILEY CYRUS,,,,"BMG,BMG",,,,0,0
Globo,MusicCueSheet_TvAberta_Outubro2023.xlsx,MusicCueSheet_TvAberta_Out23,,15/10/2023,FAROFA NAS ARABIAS,,,LOBBY,"ANITTA,MICHAEL POLLACK,MISSY ELLIOTT,NIJA CHARLES,RYAN TEDDER,ZACH SKELTON,ZACH SKELTON","ANITTA,MISSY ELLIOTT",,,,"SONY MUSIC PUBLISHING,WARNER CHAPPELL,A DESCOBRIR,UNIVERSAL MGB,SONY MUSIC PUBLISHING,FERMATA,PEERMUSIC",,,,0,0
Globo,MusicCueSheet_TvAberta_Outubro2023.xlsx,MusicCueSheet_TvAberta_Out23,,15/10/2023,FAROFA NAS ARABIAS,,,LOBBY,"ANITTA,MICHAEL POLLACK,MISSY ELLIOTT,NIJA CHARLES,RYAN TEDDER,ZACH SKELTON,ZACH SKELTON","ANITTA,MISSY ELLIOTT",,,,"SONY MUSIC PUBLISHING,WARNER CHAPPELL,A DESCOBRIR,UNIVERSAL MGB,SONY MUSIC PUBLISHING,FERMATA,PEERMUSIC",,,,0,0
Globo,MusicCueSheet_TvAberta_Outubro2023.xlsx,MusicCueSheet_TvAberta_Out23,,15/10/2023,FAROFA NAS ARABIAS,,,NA REBOLADA,"LABARCA,LATINO,MANUEL DE GODOI","LABARCA,LATINO",,,,"A DESCOBRIR,UNIVERSAL MGB,UNIVERSAL MGB",,,,0,0
Globo,MusicCueSheet_TvAberta_Outubro2023.xlsx,MusicCueSheet_TvAberta_Out23,,15/10/2023,FAROFA NAS ARABIAS,,,OMAR,"ALBERTO GOLDSZTEIN,JORGE HECTOR GALLARDO",BESTIA BEBE,,,,"A DESCOBRIR,A DESCOBRIR",,,,0,0
Globo,MusicCueSheet_TvAberta_Outubro2023.xlsx,MusicCueSheet_TvAberta_Out23,,15/10/2023,FAROFA NAS ARABIAS,,,RALANDO O TCHAN (DANCA DO VENTRE),"BETO JAMAICA,DITO,PAULINHO LEVI,W RANGEL",E O TCHAN,,,,"UNIVERSAL MGB,UNIVERSAL MGB,UNIVERSAL MGB,UNIVERSAL MGB",,,,0,0
Globo,MusicCueSheet_TvAberta_Outubro2023.xlsx,MusicCueSheet_TvAberta_Out23,,15/10/2023,FAROFA NAS ARABIAS,,,TARADINHA,"ANDRE LUIZ DOS SANTOS,ANDRE LUIZ DOS SANTOS,LEXA,MARTINS,MARTINS,PEDRO HENRIQUE BREDER,PEDRO HENRIQUE BREDER,RAPHAEL KLISMMAN,RAPHAEL KLISMMAN,TALLIA,TALLIA,WALLACE ALEXANDRE DOS SANTOS CRUZ,WALLACE ALEXANDRE DOS SANTOS CRUZ","KEVINHO,LEXA",,,,"UNIVERSAL MGB,WARNER CHAPPELL,LX PRODUÇÕES ARTISTICAS EIRELI,UNIVERSAL MGB,WARNER CHAPPELL,UNIVERSAL MGB,WARNER CHAPPELL,UNIVERSAL MGB,WARNER CHAPPELL,UNIVERSAL MGB,WARNER CHAPPELL,UNIVERSAL MGB,WARNER CHAPPELL",,,,0,0
Globo,MusicCueSheet_TvAberta_Outubro2023.xlsx,MusicCueSheet_TvAberta_Out23,,15/10/2023,FAROFA NAS ARABIAS,,,TIETA,"BONI,PAULO DEBETIO",LUIZ CALDAS,,,,"SONY MUSIC PUBLISHING,UNIVERSAL MGB",,,,0,0
Globo,MusicCueSheet_TvAberta_Outubro2023.xlsx,MusicCueSheet_TvAberta_Out23,,16/10/2023,1262,,,MEU NOME E GAL,"ERASMO CARLOS,ROBERTO CARLOS",GAL COSTA,,,,"WARNER CHAPPELL,WARNER CHAPPELL",,,,0,0
Globo,MusicCueSheet_TvAberta_Outubro2023.xlsx,MusicCueSheet_TvAberta_Out23,,16/10/2023,1262,,,LUZ DO SOL,CAETANO VELOSO,SOPHIE CHARLOTE,,,,WARNER CHAPPELL,,,,0,0
Globo,MusicCueSheet_TvAberta_Outubro2023.xlsx,MusicCueSheet_TvAberta_Out23,,16/10/2023,1262,,,LUZ DO SOL,CAETANO VELOSO,SOPHIE CHARLOTE,,,,WARNER CHAPPELL,,,,0,0
Globo,MusicCueSheet_TvAberta_Outubro2023.xlsx,MusicCueSheet_TvAberta_Out23,,16/10/2023,1262,,,LUZ DO SOL,CAETANO VELOSO,SOPHIE CHARLOTE,,,,WARNER CHAPPELL,,,,0,0
Globo,MusicCueSheet_TvAberta_Outubro2023.xlsx,MusicCueSheet_TvAberta_Out23,,16/10/2023,2901,,,BEBE E VEM ME PROCURAR,ANDRE SILVA,RAÍ SAIA RODADA,,,,BMG,,,,0,0
Globo,MusicCueSheet_TvAberta_Outubro2023.xlsx,MusicCueSheet_TvAberta_Out23,,16/10/2023,2901,,,CHEIRO DO MATO,"FABINHO TESTADO,RAPHAEL MOURA",RAÍ SAIA RODADA,,,,"LOVE FUNK,BERGER PRODUCOES",,,,0,0
Globo,MusicCueSheet_TvAberta_Outubro2023.xlsx,MusicCueSheet_TvAberta_Out23,,16/10/2023,2901,,,5 DA MANHA,"HIAGO NOBRE,KINHO CHEFÃO,RICARDUS,SAYMON MARQUES",RAÍ SAIA RODADA,,,,"A DESCOBRIR,A DESCOBRIR,A DESCOBRIR,A DESCOBRIR",,,,0,0
Globo,MusicCueSheet_TvAberta_Outubro2023.xlsx,MusicCueSheet_TvAberta_Out23,,16/10/2023,2901,,,5 DA MANHA,"HIAGO NOBRE,KINHO CHEFÃO,RICARDUS,SAYMON MARQUES",RAÍ SAIA RODADA,,,,"A DESCOBRIR,A DESCOBRIR,A DESCOBRIR,A DESCOBRIR",,,,0,0
Globo,MusicCueSheet_TvAberta_Outubro2023.xlsx,MusicCueSheet_TvAberta_Out23,,16/10/2023,55,,,MEU UNIVERSO E VOCE,"NANDO,RICARDO FEGHALI",ELENCO,,,,"UNIVERSAL MGB,UNIVERSAL MGB",,,,0,0
Globo,MusicCueSheet_TvAberta_Outubro2023.xlsx,MusicCueSheet_TvAberta_Out23,,16/10/2023,55,,,MEU UNIVERSO E VOCE,"NANDO,RICARDO FEGHALI",ELENCO,,,,"UNIVERSAL MGB,UNIVERSAL MGB",,,,0,0
Globo,MusicCueSheet_TvAberta_Outubro2023.xlsx,MusicCueSheet_TvAberta_Out23,,16/10/2023,55,,,CHEIA DE MANIAS,LUIZ CARLOS,ELENCO,,,,PEERMUSIC,,,,0,0
Globo,MusicCueSheet_TvAberta_Outubro2023.xlsx,MusicCueSheet_TvAberta_Out23,,16/10/2023,5926,,,LIKE A PRAYER,"MADONNA,PAT LEONARD,PAT LEONARD",MADONNA,,,,"WARNER CHAPPELL,ABRAMUS,SONY MUSIC PUBLISHING",WARNER RECORDS,,,0,0
Globo,MusicCueSheet_TvAberta_Outubro2023.xlsx,MusicCueSheet_TvAberta_Out23,,16/10/2023,5926,,,LIKE A PRAYER,"MADONNA,PAT LEONARD,PAT LEONARD",MADONNA,,,,"WARNER CHAPPELL,ABRAMUS,SONY MUSIC PUBLISHING",WARNER RECORDS,,,0,0
Globo,MusicCueSheet_TvAberta_Outubro2023.xlsx,MusicCueSheet_TvAberta_Out23,,16/10/2023,5926,,,PARABENS A VOCE,"LEA MAGALHAES,MILDRED J HILL,PATTY S HILL",BANDA CARA DE PAU,,,,"WARNER CHAPPELL,DP,DP",INDEPENDENTE,,,0,0
Globo,MusicCueSheet_TvAberta_Outubro2023.xlsx,MusicCueSheet_TvAberta_Out23,,16/10/2023,5926,,,LIKE A PRAYER,"MADONNA,PAT LEONARD,PAT LEONARD",MADONNA,,,,"WARNER CHAPPELL,ABRAMUS,SONY MUSIC PUBLISHING",WARNER RECORDS,,,0,0
Globo,MusicCueSheet_TvAberta_Outubro2023.xlsx,MusicCueSheet_TvAberta_Out23,,16/10/2023,O MEIER CONTRA ATACA,,,ATOLADINHA (ENTERRADINHA),"BOLA DE FOGO,MC SANDRINHO",BOLA DE FOGO,,,,"NOWA,NOWA",,,,0,0
Globo,MusicCueSheet_TvAberta_Outubro2023.xlsx,MusicCueSheet_TvAberta_Out23,,16/10/2023,O MEIER CONTRA ATACA,,,CANTINA BAND,"JOHN WILLIAMS,JOHN WILLIAMS",THE LONDON SYMPHONY ORCHESTRA,,,,"UNIVERSAL MGB,WARNER CHAPPELL",,,,0,0
Globo,MusicCueSheet_TvAberta_Outubro2023.xlsx,MusicCueSheet_TvAberta_Out23,,16/10/2023,O MEIER CONTRA ATACA,,,CRIMINAL,"MAX MARTIN,SHELLBACK,TIFFANY AMBER",BRITNEY SPEARS,,,,"ABRAMUS,ABRAMUS,UNIVERSAL MGB",,,,0,0
Globo,MusicCueSheet_TvAberta_Outubro2023.xlsx,MusicCueSheet_TvAberta_Out23,,16/10/2023,O MEIER CONTRA ATACA,,,DUEL OF THE FATES,JOHN WILLIAMS,JOHN WILLIAMS,,,,UNIVERSAL MGB,,,,0,0
Globo,MusicCueSheet_TvAberta_Outubro2023.xlsx,MusicCueSheet_TvAberta_Out23,,16/10/2023,O MEIER CONTRA ATACA,,,I KNOW YOU WANT ME,"ARMANDO CHRISTIAN PEREZ,DANIEL SERAPHINE,DAVID WOLINSKI,EDWARD BELLO,NICOLA FASANO,PATRICK GONELLA,STEFANO BOSCO",PITBULL,,,,"BMG,SONY MUSIC PUBLISHING,ABRAMUS,BMG,A DESCOBRIR,A DESCOBRIR,A DESCOBRIR",,,,0,0
Globo,MusicCueSheet_TvAberta_Outubro2023.xlsx,MusicCueSheet_TvAberta_Out23,,16/10/2023,O MEIER CONTRA ATACA,,,IMPERIAL ATTACK,"JOHN WILLIAMS,JOHN WILLIAMS",JOHN WILLIAMS,,,,"A DESCOBRIR,WARNER CHAPPELL",,,,0,0
Globo,MusicCueSheet_TvAberta_Outubro2023.xlsx,MusicCueSheet_TvAberta_Out23,,16/10/2023,O MEIER CONTRA ATACA,,,THE IMPERIAL MARCH,"JOHN WILLIAMS,JOHN WILLIAMS",LUCAS MARCIER,,,,"UNIVERSAL MGB,WARNER CHAPPELL",,,,0,0
Globo,MusicCueSheet_TvAberta_Outubro2023.xlsx,MusicCueSheet_TvAberta_Out23,,16/10/2023,O MEIER CONTRA ATACA,,,THE IMPERIAL MARCH,"JOHN WILLIAMS,JOHN WILLIAMS",JOHN WILLIAMS,,,,"UNIVERSAL MGB,WARNER CHAPPELL",,,,0,0
Globo,MusicCueSheet_TvAberta_Outubro2023.xlsx,MusicCueSheet_TvAberta_Out23,,16/10/2023,O MEIER CONTRA ATACA,,,MOS EISLEY SPACEPORT,"JOHN WILLIAMS,JOHN WILLIAMS","JOHN WILLIAMS,LONDON SYMPHONIC ORCHESTRA",,,,"UNIVERSAL MGB,WARNER CHAPPELL",,,,0,0
Globo,MusicCueSheet_TvAberta_Outubro2023.xlsx,MusicCueSheet_TvAberta_Out23,,16/10/2023,O MEIER CONTRA ATACA,,,NUNCA,LUPICINIO RODRIGUES,ADRIANA CALCANHOTO,,,,VITALE,,,,0,0
Globo,MusicCueSheet_TvAberta_Outubro2023.xlsx,MusicCueSheet_TvAberta_Out23,,16/10/2023,O MEIER CONTRA ATACA,,,ONE WAY OR ANOTHER,"DEBORAH HARRY,NIGEL HARRISON",BLONDIE,,,,"BMG,BMG",,,,0,0
Globo,MusicCueSheet_TvAberta_Outubro2023.xlsx,MusicCueSheet_TvAberta_Out23,,16/10/2023,O MEIER CONTRA ATACA,,,SOLAMENTE UNA VEZ,AGUSTIN LARA,LOS PANCHOS,,,,VITALE,,,,0,0
Globo,MusicCueSheet_TvAberta_Outubro2023.xlsx,MusicCueSheet_TvAberta_Out23,,16/10/2023,O MEIER CONTRA ATACA,,,STAR TREK MAIN THEME,"ALEXANDER COURAGE,GENE RODDENBERRY,MICHAEL GIACCHINO",THE MOONLIGHT ORCHESTRA,,,,"A DESCOBRIR,A DESCOBRIR,SONY MUSIC PUBLISHING",,,,0,0
Globo,MusicCueSheet_TvAberta_Outubro2023.xlsx,MusicCueSheet_TvAberta_Out23,,16/10/2023,O MEIER CONTRA ATACA,,,STAR WARS MAIN THEME,"JOHN WILLIAMS,JOHN WILLIAMS.",JOHN WILLIAMS,,,,"UNIVERSAL MGB,WARNER CHAPPELL",,,,0,0
Globo,MusicCueSheet_TvAberta_Outubro2023.xlsx,MusicCueSheet_TvAberta_Out23,,16/10/2023,O MEIER CONTRA ATACA,,,THE THRONE ROOM AND END TITLE,"JOHN WILLIAMS,JOHN WILLIAMS","JOHN WILLIAMS,LONDON SYMPHONIC ORCHESTRA",,,,"UNIVERSAL MGB,WARNER CHAPPELL",,,,0,0
Globo,MusicCueSheet_TvAberta_Outubro2023.xlsx,MusicCueSheet_TvAberta_Out23,,16/10/2023,O MEIER CONTRA ATACA,,,THE TRASH COMPACTOR,"JOHN WILLIAMS,JOHN WILLIAMS","JOHN WILLIAMS,LONDON SYMPHONIC ORCHESTRA",,,,"UNIVERSAL MGB,WARNER CHAPPELL",,,,0,0
Globo,MusicCueSheet_TvAberta_Outubro2023.xlsx,MusicCueSheet_TvAberta_Out23,,16/10/2023,O MEIER CONTRA ATACA,,,VICTORY CELEBRATION END TITLE,JOHN WILLIAMS,"JOHN WILLIAMS,LONDON SYMPHONIC ORCHESTRA",,,,UNIVERSAL MGB,,,,0,0
Globo,MusicCueSheet_TvAberta_Outubro2023.xlsx,MusicCueSheet_TvAberta_Out23,,16/10/2023,O MEIER CONTRA ATACA,,,YODA S THEME,"JOHN WILLIAMS,JOHN WILLIAMS",JOHN WILLIAMS,,,,"UNIVERSAL MGB,WARNER CHAPPELL",,,,0,0
Globo,MusicCueSheet_TvAberta_Outubro2023.xlsx,MusicCueSheet_TvAberta_Out23,,17/10/2023,17102023,,,LUGAR AO SOL,"CHORAO,MARCAO",RICARDO LEAO,INSTRUMENTAL,,,"SONY MUSIC PUBLISHING,SONY MUSIC PUBLISHING",GLOBO,,,0,0
Globo,MusicCueSheet_TvAberta_Outubro2023.xlsx,MusicCueSheet_TvAberta_Out23,,17/10/2023,17102023,,,QUER ANDAR DE MEIOTA,MC KEKEL,BANDA CONTRATADA,,,,IMMED SOLUTION ED MUSIC,,,,0,0
Globo,MusicCueSheet_TvAberta_Outubro2023.xlsx,MusicCueSheet_TvAberta_Out23,,17/10/2023,5927,,,TIRO AO ALVARO,"ADONIRAN BARBOSA,OSWALDO MOLES","ADONIRAN BARBOSA,ELIS REGINA",,,,"FERMATA,FERMATA",HEMISPHERE,,,0,0
Globo,MusicCueSheet_TvAberta_Outubro2023.xlsx,MusicCueSheet_TvAberta_Out23,,17/10/2023,5927,,,TIRO AO ALVARO,"ADONIRAN BARBOSA,OSWALDO MOLES","ADONIRAN BARBOSA,ELIS REGINA",,,,"FERMATA,FERMATA",HEMISPHERE,,,0,0
Globo,MusicCueSheet_TvAberta_Outubro2023.xlsx,MusicCueSheet_TvAberta_Out23,,17/10/2023,5927,,,PARABENS A VOCE,"LEA MAGALHAES,MILDRED J HILL,PATTY S HILL",BANDA CARA DE PAU,,,,"WARNER CHAPPELL,DP,DP",INDEPENDENTE,,,0,0
Globo,MusicCueSheet_TvAberta_Outubro2023.xlsx,MusicCueSheet_TvAberta_Out23,,17/10/2023,5927,,,TIRO AO ALVARO,"ADONIRAN BARBOSA,OSWALDO MOLES","ADONIRAN BARBOSA,ELIS REGINA",,,,"FERMATA,FERMATA",HEMISPHERE,,,0,0
Globo,MusicCueSheet_TvAberta_Outubro2023.xlsx,MusicCueSheet_TvAberta_Out23,,17/10/2023,MERCADO PARARELO,,,BAILE DE FAVELA,MC JOAO,MC JOAO,,,,SONY MUSIC PUBLISHING,,,,0,0
Globo,MusicCueSheet_TvAberta_Outubro2023.xlsx,MusicCueSheet_TvAberta_Out23,,17/10/2023,MERCADO PARARELO,,,DON T STOP THE ROCK,"ROWLANDS,SIMONS",FREESTYLE,,,,"WARNER CHAPPELL,WARNER CHAPPELL",,,,0,0
Globo,MusicCueSheet_TvAberta_Outubro2023.xlsx,MusicCueSheet_TvAberta_Out23,,17/10/2023,MERCADO PARARELO,,,LOVE IS IN THE AIR,"GEORGE YOUNG,HARRY VANDA",JOHN PAUL YOUNG,,,,"BMG,BMG",,,,0,0
Globo,MusicCueSheet_TvAberta_Outubro2023.xlsx,MusicCueSheet_TvAberta_Out23,,17/10/2023,MERCADO PARARELO,,,MALANDRAMENTE,MC NANDINHO,ELENCO VAI QUE COLA,,,,SONY MUSIC PUBLISHING,,,,0,0
Globo,MusicCueSheet_TvAberta_Outubro2023.xlsx,MusicCueSheet_TvAberta_Out23,,17/10/2023,MERCADO PARARELO,,,NAPOLEAO,"LICINA,LUHLI",NEY MATOGROSSO,,,,"WARNER CHAPPELL,WARNER CHAPPELL",,,,0,0
Globo,MusicCueSheet_TvAberta_Outubro2023.xlsx,MusicCueSheet_TvAberta_Out23,,17/10/2023,MERCADO PARARELO,,,O BICHO,RICARDO CHAVES,RICARDO CHAVES,,,,UNIVERSAL MGB,,,,0,0
Globo,MusicCueSheet_TvAberta_Outubro2023.xlsx,MusicCueSheet_TvAberta_Out23,,17/10/2023,MERCADO PARARELO,,,OPEN YOUR EYES,"JONNY QUINN,LIGHTBODY,NATHAN CONNOLLY,PAUL DAVID WILSON,TOM SIMPSON",SNOW PATROL,,,,"UNIVERSAL MGB,UNIVERSAL MGB,UNIVERSAL MGB,UNIVERSAL MGB,UNIVERSAL MGB",,,,0,0
Globo,MusicCueSheet_TvAberta_Outubro2023.xlsx,MusicCueSheet_TvAberta_Out23,,17/10/2023,MERCADO PARARELO,,,RUA DA PASSAGEM,"ARNALDO ANTUNES,LENINE",NEY MATOGROSSO,,,,"BOA MUSIC RIGHTS,DUETO",,,,0,0
Globo,MusicCueSheet_TvAberta_Outubro2023.xlsx,MusicCueSheet_TvAberta_Out23,,17/10/2023,MERCADO PARARELO,,,SLAVE TO LOVE,BRYAN FERRY,BRYAN FERRY,,,,BMG,,,,0,0
Globo,MusicCueSheet_TvAberta_Outubro2023.xlsx,MusicCueSheet_TvAberta_Out23,,17/10/2023,MERCADO PARARELO,,,TERESINHA,CHICO BUARQUE,MARIA BETHANIA,,,,MAROLA,,,,0,0
Globo,MusicCueSheet_TvAberta_Outubro2023.xlsx,MusicCueSheet_TvAberta_Out23,,17/10/2023,O EBO,,,AVENIR,"ANNE PEICHERT,QUENTIN CAPRON,TRISTAN SALVATI",LOUANE EMERA,,,,"UNIVERSAL MGB,A DESCOBRIR,A DESCOBRIR",,,,0,0
Globo,MusicCueSheet_TvAberta_Outubro2023.xlsx,MusicCueSheet_TvAberta_Out23,,17/10/2023,O EBO,,,DANDALUNDA,CARLINHOS BROWN,MARGARETH MENEZES,,,,SONY MUSIC PUBLISHING,,,,0,0
Globo,MusicCueSheet_TvAberta_Outubro2023.xlsx,MusicCueSheet_TvAberta_Out23,,17/10/2023,O EBO,,,FUI PEDIR AS ALMAS SANTAS,CLEMENTINA DE JESUS,GABY AMARANTOS,,,,SONY MUSIC PUBLISHING,,,,0,0
Globo,MusicCueSheet_TvAberta_Outubro2023.xlsx,MusicCueSheet_TvAberta_Out23,,17/10/2023,O EBO,,,MADAGASCAR OLODUM,REY ZULU,SAMANTHA SCHMUTZ,,,,SONY MUSIC PUBLISHING,,,,0,0
Globo,MusicCueSheet_TvAberta_Outubro2023.xlsx,MusicCueSheet_TvAberta_Out23,,17/10/2023,O EBO,,,NUNCA,LUPICINIO RODRIGUES,ADRIANA CALCANHOTTO,,,,VITALE,,,,0,0
Globo,MusicCueSheet_TvAberta_Outubro2023.xlsx,MusicCueSheet_TvAberta_Out23,,17/10/2023,O EBO,,,SANDUICHE,"ARANDAS JUNIOR,ARANDAS JUNIOR,ROBSON LIMA,RUI LIMA","CACAU PROTASIO,MARCO LUQUE,RAFAEL INFANTE",,,,"A DESCOBRIR,SONY MUSIC PUBLISHING,UNIVERSAL MGB,UNIVERSAL MGB",,,,0,0
Globo,MusicCueSheet_TvAberta_Outubro2023.xlsx,MusicCueSheet_TvAberta_Out23,,17/10/2023,O EBO,,,YAYA MASSEMBA,"CAPINAN,CAPINAN,ROBERTO MENDES",MARIA BETHANIA,,,,"ARLEQUIM,WARNER CHAPPELL,ARLEQUIM",,,,0,0
Globo,MusicCueSheet_TvAberta_Outubro2023.xlsx,MusicCueSheet_TvAberta_Out23,,17/10/2023,O EBO,,,YOU SPIN ME ROUND,"MICHAEL DAVID PERCY,PETER JOZZEPI BURNS,STEPHEN COY,TIMOTHY JOHN LEVER",DEAD OR ALIVE,,,,"A DESCOBRIR,WARNER CHAPPELL,WARNER CHAPPELL,A DESCOBRIR",,,,0,0
Globo,MusicCueSheet_TvAberta_Outubro2023.xlsx,MusicCueSheet_TvAberta_Out23,,18/10/2023,2903,,,FUZUE,"KALEW SOARES,KAUE SEGUNDEIRO,MICHEL TELO,NEWTON FONSECA,SHYLTON FERNANDES",MICHEL TELO,FULL MIX,,,"MILIONARIOS HITS,BMG,PANTTANAL,PANTTANAL,WARNER CHAPPELL",UNIVERSAL MUSIC,,,0,0
Globo,MusicCueSheet_TvAberta_Outubro2023.xlsx,MusicCueSheet_TvAberta_Out23,,18/10/2023,18102023,,,AMIGUINHA XUXA,"MESSIAS CORREA,ROGERIO ENOE",XUXA,,,,"UNIVERSAL MGB,UNIVERSAL MGB",,,,0,0
Globo,MusicCueSheet_TvAberta_Outubro2023.xlsx,MusicCueSheet_TvAberta_Out23,,18/10/2023,18102023,,,DOCE MEL (BOM ESTAR COM VOCE),"CLAUDIO RABELLO,RENATO CORREA",INSTRUMENTAL,,,,"SONY MUSIC PUBLISHING,SONY MUSIC PUBLISHING",,,,0,0
Globo,MusicCueSheet_TvAberta_Outubro2023.xlsx,MusicCueSheet_TvAberta_Out23,,18/10/2023,5928,,,PARABENS A VOCE,"LEA MAGALHAES,MILDRED J HILL,PATTY S HILL",BANDA CARA DE PAU,,,,"WARNER CHAPPELL,DP,DP",INDEPENDENTE,,,0,0
Globo,MusicCueSheet_TvAberta_Outubro2023.xlsx,MusicCueSheet_TvAberta_Out23,,18/10/2023,SEGUUURA VEADO,,,AINDA ONTEM CHOREI DE SAUDADE,MOACYR FRANCO,JOAO MINEIRO & MARCIANO,,,,PEERMUSIC,,,,0,0
Globo,MusicCueSheet_TvAberta_Outubro2023.xlsx,MusicCueSheet_TvAberta_Out23,,18/10/2023,SEGUUURA VEADO,,,AS ANDORINHAS,"ALCINO ALVES,ROSA QUADROS,ROSSI",TRIO PARADA DURA,,,,"PEERMUSIC,PEERMUSIC,PEERMUSIC",,,,0,0
Globo,MusicCueSheet_TvAberta_Outubro2023.xlsx,MusicCueSheet_TvAberta_Out23,,18/10/2023,SEGUUURA VEADO,,,CASINHA BRANCA,"GILSON,JORAN",CASCATINHA & INHANA,,,,"UNIVERSAL MGB,UNIVERSAL MGB",,,,0,0
Globo,MusicCueSheet_TvAberta_Outubro2023.xlsx,MusicCueSheet_TvAberta_Out23,,18/10/2023,SEGUUURA VEADO,,,CLIMA DE RODEIO,MARCELO KJU,DALLAS COMPANY,,,,SONY MUSIC PUBLISHING,,,,0,0
Globo,MusicCueSheet_TvAberta_Outubro2023.xlsx,MusicCueSheet_TvAberta_Out23,,18/10/2023,SEGUUURA VEADO,,,ESTRADA DA VIDA,JOSE RICO,MILIONARIO & JOSE RICO,,,,WARNER CHAPPELL,,,,0,0
Globo,MusicCueSheet_TvAberta_Outubro2023.xlsx,MusicCueSheet_TvAberta_Out23,,18/10/2023,SEGUUURA VEADO,,,EVIDENCIAS,"JOSE AUGUSTO,PAULO SERGIO VALLE","CATARINA ABDALLA,RAFAEL INFANTE,SAMANTHA SCHMUTZ",,,,"UNIVERSAL MGB,SONY MUSIC PUBLISHING",,,,0,0
Globo,MusicCueSheet_TvAberta_Outubro2023.xlsx,MusicCueSheet_TvAberta_Out23,,18/10/2023,SEGUUURA VEADO,,,EVIDENCIAS,"JOSE AUGUSTO,PAULO SERGIO VALLE",CHITAOZINHO & XORORO,FULL MIX,,,"UNIVERSAL MGB,SONY MUSIC PUBLISHING",UNIVERSAL,,,0,0
Globo,MusicCueSheet_TvAberta_Outubro2023.xlsx,MusicCueSheet_TvAberta_Out23,,18/10/2023,SEGUUURA VEADO,,,FICA LOUCA,"GUI BERTOLDO,LEKO BERTOLDO,THAEME MARIOTO,WILLIAM BORJAZZ","THAEME & THIAGO,GUSTTAVO LIMA",,,,"A DESCOBRIR,A DESCOBRIR,A DESCOBRIR,A DESCOBRIR",,,,0,0
Globo,MusicCueSheet_TvAberta_Outubro2023.xlsx,MusicCueSheet_TvAberta_Out23,,18/10/2023,SEGUUURA VEADO,,,FUSCAO PRETO,"ATILIO VERSUTTI,JECA MINEIRO",ALMIR ROGERIO,,,,"VITALE,VITALE",,,,0,0
Globo,MusicCueSheet_TvAberta_Outubro2023.xlsx,MusicCueSheet_TvAberta_Out23,,18/10/2023,SEGUUURA VEADO,,,FUSCAO PRETO,"ATILIO VERSUTTI,JECA MINEIRO",CACAU PROTASIO,,,,"VITALE,VITALE",,,,0,0
Globo,MusicCueSheet_TvAberta_Outubro2023.xlsx,MusicCueSheet_TvAberta_Out23,,18/10/2023,SEGUUURA VEADO,,,LACADOR,"CATONI,CLEMENTINA DE JESUS",CLEMENTINA DE JESUS,,,,"WARNER CHAPPELL,WARNER CHAPPELL",,,,0,0
Globo,MusicCueSheet_TvAberta_Outubro2023.xlsx,MusicCueSheet_TvAberta_Out23,,18/10/2023,SEGUUURA VEADO,,,MEU LIMAO MEU LIMOEIRO,"CARLOS IMPERIAL,JOSE CARLOS BURLE",INEZITA BARROSO,,,,"FERMATA,FERMATA",,,,0,0
Globo,MusicCueSheet_TvAberta_Outubro2023.xlsx,MusicCueSheet_TvAberta_Out23,,18/10/2023,SEGUUURA VEADO,,,NUNCA,LUPICINIO RODRIGUES,ADRIANA CALCANHOTTO,,,,VITALE,,,,0,0
Globo,MusicCueSheet_TvAberta_Outubro2023.xlsx,MusicCueSheet_TvAberta_Out23,,18/10/2023,SEGUUURA VEADO,,,NUNCA FUI EX,"LEKO BERTOLDO,RENAN AUGUSTO GRAMORELLI GOUVEA,THAEME MARIOTO",THAEME & THIAGO,,,,"A DESCOBRIR,A DESCOBRIR,A DESCOBRIR",,,,0,0
Globo,MusicCueSheet_TvAberta_Outubro2023.xlsx,MusicCueSheet_TvAberta_Out23,,18/10/2023,SEGUUURA VEADO,,,NUVEM DE LAGRIMAS,"PAULINHO REZENDE,PAULO DEBETIO",FAFA DE BELEM,,,,"UNIVERSAL MGB,UNIVERSAL MGB",,,,0,0
Globo,MusicCueSheet_TvAberta_Outubro2023.xlsx,MusicCueSheet_TvAberta_Out23,,18/10/2023,SEGUUURA VEADO,,,PAGODE,"CARREIRINHO,TIAO CARREIRO","PARDINHO,TIAO CARREIRO",,,,"FERMATA,FERMATA",,,,0,0
Globo,MusicCueSheet_TvAberta_Outubro2023.xlsx,MusicCueSheet_TvAberta_Out23,,18/10/2023,SEGUUURA VEADO,,,PANELA VELHA,"AURI SILVESTRE,MORAEZINHO",SERGIO REIS,,,,"PEERMUSIC,PEERMUSIC",,,,0,0
Globo,MusicCueSheet_TvAberta_Outubro2023.xlsx,MusicCueSheet_TvAberta_Out23,,18/10/2023,SEGUUURA VEADO,,,PANELA VELHA,"AURI SILVESTRE,MORAEZINHO",RAFAEL INFANTE,,,,"PEERMUSIC,PEERMUSIC",,,,0,0
Globo,MusicCueSheet_TvAberta_Outubro2023.xlsx,MusicCueSheet_TvAberta_Out23,,18/10/2023,SEGUUURA VEADO,,,PENSE EM MIM,"DOUGLAS MAIO,MARIO SOARES,ZE RIBEIRO",RAFAEL INFANTE,,,,"WARNER CHAPPELL,WARNER CHAPPELL,WARNER CHAPPELL",,,,0,0
Globo,MusicCueSheet_TvAberta_Outubro2023.xlsx,MusicCueSheet_TvAberta_Out23,,18/10/2023,SEGUUURA VEADO,,,PINGA NE MIM,ELIAS FILHO,TINOCO,,,,PEERMUSIC,,,,0,0
Globo,MusicCueSheet_TvAberta_Outubro2023.xlsx,MusicCueSheet_TvAberta_Out23,,18/10/2023,SEGUUURA VEADO,,,REI DO GADO,"LUIZ SCHIAVON,MARCELO BARBOSA,NIL BERNARDES",ORQUESTRA DA TERRA,FULL MIX,,,"WARNER CHAPPELL,WARNER CHAPPELL,WARNER CHAPPELL",WARNER,,,0,0
Globo,MusicCueSheet_TvAberta_Outubro2023.xlsx,MusicCueSheet_TvAberta_Out23,,18/10/2023,SEGUUURA VEADO,,,SAUDADE DA MINHA TERRA,"BELMONTE,GOIA",CHITAOZINHO & XORORO,,,,"VITALE,VITALE",,,,0,0
Globo,MusicCueSheet_TvAberta_Outubro2023.xlsx,MusicCueSheet_TvAberta_Out23,,19/10/2023,1265,,,BEM QUERER,MAURICIO MANIERI,MAURICIO MANIERI,,,,UNIVERSAL MGB,,,,0,0
Globo,MusicCueSheet_TvAberta_Outubro2023.xlsx,MusicCueSheet_TvAberta_Out23,,19/10/2023,1265,,,BEM QUERER,MAURICIO MANIERI,MAURICIO MANIERI,,,,UNIVERSAL MGB,,,,0,0
Globo,MusicCueSheet_TvAberta_Outubro2023.xlsx,MusicCueSheet_TvAberta_Out23,,19/10/2023,1265,,,CLASSIC,ADRIAN GURVITZ,MAURICIO MANIER,,,,SONY MUSIC PUBLISHING,,,,0,0
Globo,MusicCueSheet_TvAberta_Outubro2023.xlsx,MusicCueSheet_TvAberta_Out23,,19/10/2023,2904,,,A AMIZADE,"BICUDO,CLEBER AUGUSTO,DJALMA FALCAO",GRUPO FUNDO DE QUINTAL,,,,"WARNER CHAPPELL,WARNER CHAPPELL,WARNER CHAPPELL",,,,0,0
Globo,MusicCueSheet_TvAberta_Outubro2023.xlsx,MusicCueSheet_TvAberta_Out23,,19/10/2023,2904,,,EVIDENCIAS,"JOSE AUGUSTO,PAULO SERGIO VALLE",CHITAOZINHO & XORORO,FULL MIX,,,"UNIVERSAL MGB,SONY MUSIC PUBLISHING",UNIVERSAL,,,0,0
Globo,MusicCueSheet_TvAberta_Outubro2023.xlsx,MusicCueSheet_TvAberta_Out23,,19/10/2023,2904,,,EVIDENCIAS,"JOSE AUGUSTO,PAULO SERGIO VALLE","FABIO PORCHAT,PATRICIA POETA",,,,"UNIVERSAL MGB,SONY MUSIC PUBLISHING",,,,0,0
Globo,MusicCueSheet_TvAberta_Outubro2023.xlsx,MusicCueSheet_TvAberta_Out23,,19/10/2023,2904,,,O SHOW TEM QUE CONTINUAR,"ARLINDO CRUZ,LUIZ CARLOS DA VILA,SOMBRINHA",GRUPO FUNDO DE QUINTAL,,,,"WARNER CHAPPELL,UNIVERSAL MGB,WARNER CHAPPELL",,,,0,0
Globo,MusicCueSheet_TvAberta_Outubro2023.xlsx,MusicCueSheet_TvAberta_Out23,,19/10/2023,5929,,,GAROTA DE IPANEMA,"TOM JOBIM,VINICIUS DE MORAES","DJ HAALMELIM,VINÍCIUS DE MORAES",,,,"JOBIM MUSIC,UNIVERSAL MGB",IMUSICS,,,0,0
Globo,MusicCueSheet_TvAberta_Outubro2023.xlsx,MusicCueSheet_TvAberta_Out23,,19/10/2023,5929,,,O CANTO DA CIDADE,"DANIELA MERCURY,TOTE GIRA",DANIELA MERCURY,FULL MIX,,,"UNIVERSAL MGB,UNIVERSAL MGB",SONY MUSIC,,,0,0
Globo,MusicCueSheet_TvAberta_Outubro2023.xlsx,MusicCueSheet_TvAberta_Out23,,19/10/2023,5929,,,PARABENS A VOCE,"LEA MAGALHAES,MILDRED J HILL,PATTY S HILL",BANDA CARA DE PAU,,,,"WARNER CHAPPELL,DP,DP",INDEPENDENTE,,,0,0
Globo,MusicCueSheet_TvAberta_Outubro2023.xlsx,MusicCueSheet_TvAberta_Out23,,19/10/2023,PROBLEMA DE ENCOSTO,,,BACK TO BLACK,"AMY WINEHOUSE,MARK RONSON,MARK RONSON",AMY WINEHOUSE,,,,"SONY MUSIC PUBLISHING,BMG,PEERMUSIC",,,,0,0
Globo,MusicCueSheet_TvAberta_Outubro2023.xlsx,MusicCueSheet_TvAberta_Out23,,19/10/2023,PROBLEMA DE ENCOSTO,,,ESTOY AQUI,"LUIS FERNANDO OCHOA,SHAKIRA",SHAKIRA,,,,"SONY MUSIC PUBLISHING,SONY MUSIC PUBLISHING",,,,0,0
Globo,MusicCueSheet_TvAberta_Outubro2023.xlsx,MusicCueSheet_TvAberta_Out23,,19/10/2023,PROBLEMA DE ENCOSTO,,,HAJA AMOR,"CHOCOLATE DA BAHIA,LUIZ CALDAS",LUIZ CALDAS,,,,"UNIVERSAL MGB,UNIVERSAL MGB",,,,0,0
Globo,MusicCueSheet_TvAberta_Outubro2023.xlsx,MusicCueSheet_TvAberta_Out23,,19/10/2023,PROBLEMA DE ENCOSTO,,,HALLOWEEN THEME,JOHN CARPENTER,JOHN CARPENTER,,,,BMG,,,,0,0
Globo,MusicCueSheet_TvAberta_Outubro2023.xlsx,MusicCueSheet_TvAberta_Out23,,19/10/2023,PROBLEMA DE ENCOSTO,,,INTERESSE,"PEDRO LUIS,SUELY MESQUITA","NEY MATOGROSSO,PEDRO LUIS & A PAREDE",,,,"DUBAS,SETEMBRO",,,,0,0
Globo,MusicCueSheet_TvAberta_Outubro2023.xlsx,MusicCueSheet_TvAberta_Out23,,19/10/2023,PROBLEMA DE ENCOSTO,,,A LITTLE PIECE OF HEAVEN,"BRIAN HANER,JAMES SULLIVAN,JONATHAN SEWARD,MATTHEW SANDERS,ZACHARY BAKER",AVENGED SEVENFOLD,,,,"SONY MUSIC PUBLISHING,SONY MUSIC PUBLISHING,SONY MUSIC PUBLISHING,SONY MUSIC PUBLISHING,SONY MUSIC PUBLISHING",,,,0,0
Globo,MusicCueSheet_TvAberta_Outubro2023.xlsx,MusicCueSheet_TvAberta_Out23,,19/10/2023,PROBLEMA DE ENCOSTO,,,NOW THAT YOU RE GONE,SHERYL CROW,SHERYL CROW,,,,ROCKING GORILLAS,,,,0,0
Globo,MusicCueSheet_TvAberta_Outubro2023.xlsx,MusicCueSheet_TvAberta_Out23,,19/10/2023,PROBLEMA DE ENCOSTO,,,PRELUDE AND ROOFTOP,BERNARD HERRMANN,BERNARD HERRMANN,,,,SONY MUSIC PUBLISHING,,,,0,0
Globo,MusicCueSheet_TvAberta_Outubro2023.xlsx,MusicCueSheet_TvAberta_Out23,,19/10/2023,PROBLEMA DE ENCOSTO,,,PSYCHO,BERNARD HERMANN,BERNARD HERMANN,,,,SONY MUSIC PUBLISHING,,,,0,0
Globo,MusicCueSheet_TvAberta_Outubro2023.xlsx,MusicCueSheet_TvAberta_Out23,,19/10/2023,PROBLEMA DE ENCOSTO,,,SOLAMENTE UNA VEZ,AGUSTIN LARA,LOS PANCHOS,,,,VITALE,,,,0,0
Globo,MusicCueSheet_TvAberta_Outubro2023.xlsx,MusicCueSheet_TvAberta_Out23,,19/10/2023,PROBLEMA DE ENCOSTO,,,STRANGER THINGS,"KYLE DIXON,MICHAEL STEIN","KYLE DIXON,MICHAEL STEIN",,,,"BMG,BMG",,,,0,0
Globo,MusicCueSheet_TvAberta_Outubro2023.xlsx,MusicCueSheet_TvAberta_Out23,,19/10/2023,PROBLEMA DE ENCOSTO,,,UNCHAINED MELODY,"ALEX NORTH,ALEX NORTH,HY ZARET,HY ZARET",THE RIGHTEOUS BROTHERS,FULL MIX,,,"BMG,WARNER CHAPPELL,BMG,WARNER CHAPPELL",UNIVERSAL,,,0,0
Globo,MusicCueSheet_TvAberta_Outubro2023.xlsx,MusicCueSheet_TvAberta_Out23,,20/10/2023,1266,,,E PRECISO SABER VIVER,"ERASMO CARLOS,ROBERTO CARLOS",ERASMO CARLOS / ROBERTO CARLOS E WANDERLEA,,,,"FERMATA,FERMATA",,,,0,0
Globo,MusicCueSheet_TvAberta_Outubro2023.xlsx,MusicCueSheet_TvAberta_Out23,,20/10/2023,1266,,,QUERO SER LOCOMOTIVA,JORGE MAUTNER,PEDRO BIAL E WANDERLEA,,,,WARNER CHAPPELL,,,,0,0
Globo,MusicCueSheet_TvAberta_Outubro2023.xlsx,MusicCueSheet_TvAberta_Out23,,20/10/2023,1266,,,O QUE VIER EU TRACO,"ALVAIADE,ZE MARIA",WANDERLEA,,,,"VITALE,VITALE",,,,0,0
Globo,MusicCueSheet_TvAberta_Outubro2023.xlsx,MusicCueSheet_TvAberta_Out23,,20/10/2023,1266,,,MEU BEM,"JOHN LENNON,PAUL MCCARTNEY,RONNIE VON",WANDERLEA,,,,"SONY MUSIC PUBLISHING,SONY MUSIC PUBLISHING,SONY MUSIC PUBLISHING",,,,0,0
Globo,MusicCueSheet_TvAberta_Outubro2023.xlsx,MusicCueSheet_TvAberta_Out23,,20/10/2023,1266,,,FOI ASSIM,"RENATO CORREA,RONALDO CORREA",WANDERLEA,,,,"CAP MUSIC,CAP MUSIC",,,,0,0
Globo,MusicCueSheet_TvAberta_Outubro2023.xlsx,MusicCueSheet_TvAberta_Out23,,20/10/2023,1266,,,E PRECISO SABER VIVER,"ERASMO CARLOS,ROBERTO CARLOS",ERASMO CARLOS / ROBERTO CARLOS E WANDERLEA,,,,"FERMATA,FERMATA",,,,0,0
Globo,MusicCueSheet_TvAberta_Outubro2023.xlsx,MusicCueSheet_TvAberta_Out23,,20/10/2023,1266,,,PEDACINHOS DO CEU,"MIGUEL LIMA,WALDIR AZEVEDO",WANDERLEA,,,,"ADDAF,ADDAF",,,,0,0
Globo,MusicCueSheet_TvAberta_Outubro2023.xlsx,MusicCueSheet_TvAberta_Out23,,20/10/2023,2905,,,PARA TUDO,"ANDREA AMADEU,HELDER COSTA,VALTINHO JOTA",DI PROPÓSITO,,,,"SONY MUSIC PUBLISHING,PEERMUSIC,SONY MUSIC PUBLISHING",,,,0,0
Globo,MusicCueSheet_TvAberta_Outubro2023.xlsx,MusicCueSheet_TvAberta_Out23,,20/10/2023,2905,,,FAVELA CHEGOU,"ANDRE VIEIRA,ANDRE VIEIRA,BREDER,BREDER,TALLIA,TALLIA,WALLACE VIANNA,WALLACE VIANNA","ANITTA, LUDMILLA",FULL MIX,,,"UNIVERSAL MGB,WARNER CHAPPELL,UNIVERSAL MGB,WARNER CHAPPELL,UNIVERSAL MGB,WARNER CHAPPELL,UNIVERSAL MGB,WARNER CHAPPELL",WARNER,,,0,0
Globo,MusicCueSheet_TvAberta_Outubro2023.xlsx,MusicCueSheet_TvAberta_Out23,,20/10/2023,2905,,,FAVELA CHEGOU,"ANDRE VIEIRA,ANDRE VIEIRA,BREDER,BREDER,TALLIA,TALLIA,WALLACE VIANNA,WALLACE VIANNA","ANITTA, LUDMILLA",FULL MIX,,,"UNIVERSAL MGB,WARNER CHAPPELL,UNIVERSAL MGB,WARNER CHAPPELL,UNIVERSAL MGB,WARNER CHAPPELL,UNIVERSAL MGB,WARNER CHAPPELL",WARNER,,,0,0
Globo,MusicCueSheet_TvAberta_Outubro2023.xlsx,MusicCueSheet_TvAberta_Out23,,20/10/2023,2905,,,MANDA AUDIO,"BRUNO MANDIOCA,CLAUSIO DUTRA,JOAO MATHEUS,MAYKOW MELO",DI PROPÓSITO,,,,"BMG,ABRAMUS,ABRAMUS,BMG",,,,0,0
Globo,MusicCueSheet_TvAberta_Outubro2023.xlsx,MusicCueSheet_TvAberta_Out23,,20/10/2023,2905,,,PRA PRA PRA,DEAVELE SANTOS,DEAVELE SANTOS,,,,A DESCOBRIR,,,,0,0
Globo,MusicCueSheet_TvAberta_Outubro2023.xlsx,MusicCueSheet_TvAberta_Out23,,20/10/2023,2905,,,QUERENDO MAIS,"BELAROSA,KAIQUE,MATHEUSINHO",DI PROPÓSITO,,,,"A DESCOBRIR,A DESCOBRIR,A DESCOBRIR",,,,0,0
Globo,MusicCueSheet_TvAberta_Outubro2023.xlsx,MusicCueSheet_TvAberta_Out23,,20/10/2023,59,,,ALGUEM ME AVISOU,YVONNE LARA,ELENCO,TAKE 1 MONO,,,WARNER CHAPPELL,,,,0,0
Globo,MusicCueSheet_TvAberta_Outubro2023.xlsx,MusicCueSheet_TvAberta_Out23,,20/10/2023,59,,,NAO TA NEM AI,"CARLOS CAETANO,FLAVINHO SILVA,MOISES SANTIAGO",ELENCO,FULL MIX,,,"SONY MUSIC PUBLISHING,UNIVERSAL MGB,UNIVERSAL MGB",,,,0,0
Globo,MusicCueSheet_TvAberta_Outubro2023.xlsx,MusicCueSheet_TvAberta_Out23,,20/10/2023,5930,,,SEXTA FEIRA SUA LINDA,TATA JAVARONI,ALEX E RONALDO,,,,A DESCOBRIR,,,,0,0
Globo,MusicCueSheet_TvAberta_Outubro2023.xlsx,MusicCueSheet_TvAberta_Out23,,20/10/2023,5930,,,DEIXA A VIDA ME LEVAR,"ERI DO CAIS,SERGINHO MERITI",ZECA PAGODINHO,,,,"UNIVERSAL MGB,UNIVERSAL MGB",,,,0,0
Globo,MusicCueSheet_TvAberta_Outubro2023.xlsx,MusicCueSheet_TvAberta_Out23,,20/10/2023,5930,,,PARABENS A VOCE,"LEA MAGALHAES,MILDRED J HILL,PATTY S HILL",BANDA CARA DE PAU,,,,"WARNER CHAPPELL,DP,DP",INDEPENDENTE,,,0,0
Globo,MusicCueSheet_TvAberta_Outubro2023.xlsx,MusicCueSheet_TvAberta_Out23,,20/10/2023,5930,,,SEXTA FEIRA SUA LINDA,TATA JAVARONI,ALEX E RONALDO,,,,A DESCOBRIR,,,,0,0
Globo,MusicCueSheet_TvAberta_Outubro2023.xlsx,MusicCueSheet_TvAberta_Out23,,20/10/2023,QUE PAIS E ESSE,,,CRIMINAL,"MAX MARTIN,SHELLBACK,TIFFANY AMBER",BRITNEY SPEARS,,,,"ABRAMUS,ABRAMUS,UNIVERSAL MGB",,,,0,0
Globo,MusicCueSheet_TvAberta_Outubro2023.xlsx,MusicCueSheet_TvAberta_Out23,,20/10/2023,QUE PAIS E ESSE,,,LIKE A PRAYER,"MADONNA,PAT LEONARD,PAT LEONARD",MADONNA,,,,"WARNER CHAPPELL,ABRAMUS,SONY MUSIC PUBLISHING",,,,0,0
Globo,MusicCueSheet_TvAberta_Outubro2023.xlsx,MusicCueSheet_TvAberta_Out23,,20/10/2023,QUE PAIS E ESSE,,,NUNCA,LUPICINIO RODRIGUES,ADRIANA CALCANHOTO,,,,VITALE,,,,0,0
Globo,MusicCueSheet_TvAberta_Outubro2023.xlsx,MusicCueSheet_TvAberta_Out23,,20/10/2023,QUE PAIS E ESSE,,,OPINIAO,ZE KETI,SAMANTHA SCHMUTZ,,,,CORISCO,,,,0,0
Globo,MusicCueSheet_TvAberta_Outubro2023.xlsx,MusicCueSheet_TvAberta_Out23,,20/10/2023,QUE PAIS E ESSE,,,PAREDAO METRALHADORA,"ALDO REBOUCAS,TAYS REIS",BANDA VINGADORA,,,,"ALDO REBOUCAS,TAYS REIS",,,,0,0
Globo,MusicCueSheet_TvAberta_Outubro2023.xlsx,MusicCueSheet_TvAberta_Out23,,20/10/2023,QUE PAIS E ESSE,,,QUE PAIS E ESTE,RENATO RUSSO,LEGIAO URBANA,,,,SONY MUSIC PUBLISHING,,,,0,0
Globo,MusicCueSheet_TvAberta_Outubro2023.xlsx,MusicCueSheet_TvAberta_Out23,,20/10/2023,QUE PAIS E ESSE,,,RULE BRITANNIA,STEVEN JAMES BROWN,JANE EAGLEN,,,,SONY MUSIC PUBLISHING,,,,0,0
Globo,MusicCueSheet_TvAberta_Outubro2023.xlsx,MusicCueSheet_TvAberta_Out23,,20/10/2023,QUE PAIS E ESSE,,,SWEET DREAMS,"ANNIE LENNOX,DAVE STEWART",EURYTHMICS,,,,"UNIVERSAL MGB,UNIVERSAL MGB",,,,0,0
Globo,MusicCueSheet_TvAberta_Outubro2023.xlsx,MusicCueSheet_TvAberta_Out23,,20/10/2023,QUE PAIS E ESSE,,,THIS IS WHAT YOU CAME FOR,"CALVIN HARRIS,TAYLOR SWIFT,TAYLOR SWIFT","CALVIN HARRIS,RIHANNA",,,,"SONY MUSIC PUBLISHING,A DESCOBRIR,UNIVERSAL MGB",,,,0,0
Globo,MusicCueSheet_TvAberta_Outubro2023.xlsx,MusicCueSheet_TvAberta_Out23,,21/10/2023,1136,,,GAROTA NACIONAL,"CHICO AMARAL,SAMUEL ROSA",VINNY,,,,"SONY MUSIC PUBLISHING,SONY MUSIC PUBLISHING",,,,0,0
Globo,MusicCueSheet_TvAberta_Outubro2023.xlsx,MusicCueSheet_TvAberta_Out23,,21/10/2023,1136,,,GAROTA NACIONAL,"CHICO AMARAL,SAMUEL ROSA",VINNY,,,,"SONY MUSIC PUBLISHING,SONY MUSIC PUBLISHING",,,,0,0
Globo,MusicCueSheet_TvAberta_Outubro2023.xlsx,MusicCueSheet_TvAberta_Out23,,21/10/2023,1136,,,RAZOES E EMOCOES,"DI FERRERO,GEE ROCHA",NX ZERO,,,,"UNIVERSAL MGB,UNIVERSAL MGB",,,,0,0
Globo,MusicCueSheet_TvAberta_Outubro2023.xlsx,MusicCueSheet_TvAberta_Out23,,21/10/2023,1136,,,HELOISA MEXE A CADEIRA,VINNY,VINNY,,,,INDIE,,,,0,0
Globo,MusicCueSheet_TvAberta_Outubro2023.xlsx,MusicCueSheet_TvAberta_Out23,,21/10/2023,1136,,,BURGUESINHA,"GABRIEL MOURA,PRETINHO DA SERRINHA,SEU JORGE",VINNY,,,,"UNIVERSAL MGB,UNIVERSAL MGB,SONY MUSIC PUBLISHING",,,,0,0
Globo,MusicCueSheet_TvAberta_Outubro2023.xlsx,MusicCueSheet_TvAberta_Out23,,21/10/2023,1136,,,A NAMORADA,CARLINHOS BROWN,VINNY,,,,SONY MUSIC PUBLISHING,,,,0,0
Globo,MusicCueSheet_TvAberta_Outubro2023.xlsx,MusicCueSheet_TvAberta_Out23,,21/10/2023,1136,,,OH PRETTY WOMAN,"BILL DEES,ROY ORBISON","JARBAS HOMEM DE MELLO, THAIS PIZA",,,,"SONY MUSIC PUBLISHING,ABRAMUS",,,,0,0
Globo,MusicCueSheet_TvAberta_Outubro2023.xlsx,MusicCueSheet_TvAberta_Out23,,21/10/2023,1136,,,SOSSEGO,TIM MAIA,VINNY,,,,SEROMA,,,,0,0
Globo,MusicCueSheet_TvAberta_Outubro2023.xlsx,MusicCueSheet_TvAberta_Out23,,21/10/2023,1136,,,REQUEBRA,VINNY,VINNY,,,,INDIE,,,,0,0
Globo,MusicCueSheet_TvAberta_Outubro2023.xlsx,MusicCueSheet_TvAberta_Out23,,21/10/2023,1136,,,CEDO OU TARDE,"DI FERRERO,GEE ROCHA",NX ZERO,,,,"UNIVERSAL MGB,UNIVERSAL MGB",,,,0,0
Globo,MusicCueSheet_TvAberta_Outubro2023.xlsx,MusicCueSheet_TvAberta_Out23,,21/10/2023,1136,,,IVE BRUSSEL,"JORGE BENJOR,LORENZO CHERUBINI",VINNY,,,,"WARNER CHAPPELL,WARNER CHAPPELL",,,,0,0
Globo,MusicCueSheet_TvAberta_Outubro2023.xlsx,MusicCueSheet_TvAberta_Out23,,21/10/2023,1136,,,DO LEME AO PONTAL,TIM MAIA,VINNY,,,,SEROMA,,,,0,0
Globo,MusicCueSheet_TvAberta_Outubro2023.xlsx,MusicCueSheet_TvAberta_Out23,,21/10/2023,1136,,,VOCE VAI LEMBRAR DE MIM,"DI FERRERO,GEE ROCHA",NX ZERO,,,,"UNIVERSAL MGB,A DESCOBRIR",,,,0,0
Globo,MusicCueSheet_TvAberta_Outubro2023.xlsx,MusicCueSheet_TvAberta_Out23,,21/10/2023,1136,,,SHAKE BOOM,VINNY,VINNY,,,,INDIE,,,,0,0
Globo,MusicCueSheet_TvAberta_Outubro2023.xlsx,MusicCueSheet_TvAberta_Out23,,21/10/2023,1136,,,MANUEL,"FABIO FONSECA,MARCIA SEREJO",VINNY,,,,"WARNER CHAPPELL,WARNER CHAPPELL",,,,0,0
Globo,MusicCueSheet_TvAberta_Outubro2023.xlsx,MusicCueSheet_TvAberta_Out23,,21/10/2023,1136,,,JARDINS DA BABILONIA,"LEE MARCUCCI,RITA LEE",VINNY,,,,"WARNER CHAPPELL,WARNER CHAPPELL",,,,0,0
Globo,MusicCueSheet_TvAberta_Outubro2023.xlsx,MusicCueSheet_TvAberta_Out23,,21/10/2023,1136,,,JARDINS DA BABILONIA,"LEE MARCUCCI,RITA LEE",VINNY,,,,"WARNER CHAPPELL,WARNER CHAPPELL",,,,0,0
Globo,MusicCueSheet_TvAberta_Outubro2023.xlsx,MusicCueSheet_TvAberta_Out23,,21/10/2023,21102023,,,AMARGURADO,"DINO FRANCO,TIAO CARREIRO","CAIO E HENRIQUE,ZE MULATO E CASSIANO",,,,"WARNER CHAPPELL,WARNER CHAPPELL",,,,0,0
Globo,MusicCueSheet_TvAberta_Outubro2023.xlsx,MusicCueSheet_TvAberta_Out23,,21/10/2023,427,,,O BECO,"BI RIBEIRO,HERBERT VIANNA",NEY MATOGROSSO,,,,"SONY MUSIC PUBLISHING,SONY MUSIC PUBLISHING",SOM LIVRE,,,0,0
Globo,MusicCueSheet_TvAberta_Outubro2023.xlsx,MusicCueSheet_TvAberta_Out23,,21/10/2023,427,,,O BECO,"BI RIBEIRO,HERBERT VIANNA",NEY MATOGROSSO,,,,"SONY MUSIC PUBLISHING,SONY MUSIC PUBLISHING",SOM LIVRE,,,0,0
Globo,MusicCueSheet_TvAberta_Outubro2023.xlsx,MusicCueSheet_TvAberta_Out23,,21/10/2023,427,,,VOU TE AMARRAR NA MINHA CAMA,"ED WILSON,SOLANGE DI CESAR",MARCIANAS,,,,"EUTERPE,EUTERPE",,,,0,0
Globo,MusicCueSheet_TvAberta_Outubro2023.xlsx,MusicCueSheet_TvAberta_Out23,,21/10/2023,427,,,BELIEVE,"BRIAN HIGGINS,PAUL BARRY,PAUL BARRY,STEVE TORCH,STEVE TORCH",CHER,,,,"WARNER CHAPPELL,PEERMUSIC,UNIVERSAL MGB,BMG,SONY MUSIC PUBLISHING",WARNER RECORDS,,,0,0
Globo,MusicCueSheet_TvAberta_Outubro2023.xlsx,MusicCueSheet_TvAberta_Out23,,21/10/2023,427,,,VOCE VAI ESTAR NA MINHA,"LINO CRIZZ,MARISA MONTE",NEGRA LI,,,,"M AO CUBO,UNIVERSAL MGB",,,,0,0
Globo,MusicCueSheet_TvAberta_Outubro2023.xlsx,MusicCueSheet_TvAberta_Out23,,21/10/2023,427,,,VAI DAR CERTO CITACAO VAI NA FE,"ANCHIETA,DANIEL MUSY,DJ GM,JULIO RAPOSO,MARQUINHO OSOCIO,MC LIRO,PEPE SANTOS,UILIAM PIMENTA","MC LIRO, NEGRA LI",FULL MIX,,,"SONY MUSIC PUBLISHING,SIGEM,LOVE FUNK,WARNER CHAPPELL,MARQUINHO OSOCIO,LOVE FUNK,WARNER CHAPPELL,WARNER CHAPPELL",GLOBO,,,0,0
Globo,MusicCueSheet_TvAberta_Outubro2023.xlsx,MusicCueSheet_TvAberta_Out23,,21/10/2023,427,,,BELIEVE,"BRIAN HIGGINS,PAUL BARRY,PAUL BARRY,STEVE TORCH,STEVE TORCH",CHER,,,,"WARNER CHAPPELL,PEERMUSIC,UNIVERSAL MGB,BMG,SONY MUSIC PUBLISHING",WARNER RECORDS,,,0,0
Globo,MusicCueSheet_TvAberta_Outubro2023.xlsx,MusicCueSheet_TvAberta_Out23,,21/10/2023,427,,,BELIEVE,"BRIAN HIGGINS,PAUL BARRY,PAUL BARRY,STEVE TORCH,STEVE TORCH",CHER,,,,"WARNER CHAPPELL,PEERMUSIC,UNIVERSAL MGB,BMG,SONY MUSIC PUBLISHING",WARNER RECORDS,,,0,0
Globo,MusicCueSheet_TvAberta_Outubro2023.xlsx,MusicCueSheet_TvAberta_Out23,,21/10/2023,427,,,BELIEVE,"BRIAN HIGGINS,PAUL BARRY,PAUL BARRY,STEVE TORCH,STEVE TORCH",CHER,,,,"WARNER CHAPPELL,PEERMUSIC,UNIVERSAL MGB,BMG,SONY MUSIC PUBLISHING",WARNER RECORDS,,,0,0
Globo,MusicCueSheet_TvAberta_Outubro2023.xlsx,MusicCueSheet_TvAberta_Out23,,21/10/2023,427,,,BELIEVE,"BRIAN HIGGINS,PAUL BARRY,PAUL BARRY,STEVE TORCH,STEVE TORCH",CHER,,,,"WARNER CHAPPELL,PEERMUSIC,UNIVERSAL MGB,BMG,SONY MUSIC PUBLISHING",WARNER RECORDS,,,0,0
Globo,MusicCueSheet_TvAberta_Outubro2023.xlsx,MusicCueSheet_TvAberta_Out23,,21/10/2023,60,,,A VOZ DO MORRO,ZE KETI,ELENCO,FULL MIX,,,FERMATA,,,,0,0
Globo,MusicCueSheet_TvAberta_Outubro2023.xlsx,MusicCueSheet_TvAberta_Out23,,21/10/2023,60,,,A VOZ DO MORRO,ZE KETI,ELENCO,FULL MIX,,,FERMATA,,,,0,0
Globo,MusicCueSheet_TvAberta_Outubro2023.xlsx,MusicCueSheet_TvAberta_Out23,,21/10/2023,60,,,A VOZ DO MORRO,ZE KETI,ELENCO,FULL MIX,,,FERMATA,,,,0,0
Globo,MusicCueSheet_TvAberta_Outubro2023.xlsx,MusicCueSheet_TvAberta_Out23,,21/10/2023,21102023,,,POR ONDE ANDEI,NANDO REIS,NANDO REIS,,,,WARNER CHAPPELL,,,,0,0
Globo,MusicCueSheet_TvAberta_Outubro2023.xlsx,MusicCueSheet_TvAberta_Out23,,21/10/2023,21102023,,,TREM DAS ONZE,ADONIRAN BARBOSA,"FABIANO KRIEGER, GABRIELA MEDVEDOVSKI, LUCAS MARCIER",VR KEYLA KARAOKE FULL MIX,,,VITALE,RGE,,,0,0
Globo,MusicCueSheet_TvAberta_Outubro2023.xlsx,MusicCueSheet_TvAberta_Out23,,21/10/2023,21102023,,,TREM DAS ONZE,ADONIRAN BARBOSA,ADONIRAN BARBOSA,,,,VITALE,,,,0,0
Globo,MusicCueSheet_TvAberta_Outubro2023.xlsx,MusicCueSheet_TvAberta_Out23,,21/10/2023,21102023,,,TREM DAS ONZE,ADONIRAN BARBOSA,"FABIANO KRIEGER, GABRIELA MEDVEDOVSKI, LUCAS MARCIER",VR KEYLA KARAOKE FULL MIX,,,VITALE,RGE,,,0,0
Globo,MusicCueSheet_TvAberta_Outubro2023.xlsx,MusicCueSheet_TvAberta_Out23,,22/10/2023,111,,,BILLIONAIRE,"ARI LEVINE,ARI LEVINE,BRUNO MARS,PHILLIP LAURENCE,PHILLIP LAURENCE,TRAVIS MCCOY","BRUNO MARS,TRAVIE MCCOY",,,,"A DESCOBRIR,BMG,WARNER CHAPPELL,UNIVERSAL MGB,WARNER CHAPPELL,SONY MUSIC PUBLISHING",DECAYDANCE/FUELED BY RAMEN,,,0,0
Globo,MusicCueSheet_TvAberta_Outubro2023.xlsx,MusicCueSheet_TvAberta_Out23,,22/10/2023,111,,,COPO DE VINHO,"CESAR AUGUSTO,PISKA",LEANDRO & LEONARDO,,,,"WARNER CHAPPELL,WARNER CHAPPELL",RCA RECORDS LABEL,,,0,0
Globo,MusicCueSheet_TvAberta_Outubro2023.xlsx,MusicCueSheet_TvAberta_Out23,,22/10/2023,111,,,MONEY,ROGER WATERS,PINK FLOYD,,,,BMG,PINK FLOYD RECORDS,,,0,0
Globo,MusicCueSheet_TvAberta_Outubro2023.xlsx,MusicCueSheet_TvAberta_Out23,,22/10/2023,111,,,FOR THE LOVE OF MONEY,"ANTHONY JACKSON,ANTHONY JACKSON,KENNY GAMBLE,KENNY GAMBLE,LEON HUFF,LEON HUFF",THE O'JAYS,,,,"SONY MUSIC PUBLISHING,WARNER CHAPPELL,SONY MUSIC PUBLISHING,WARNER CHAPPELL,SONY MUSIC PUBLISHING,WARNER CHAPPELL","EPIC/LEGACY, WARNER CHAPPELL MUSIC",,,0,0
Globo,MusicCueSheet_TvAberta_Outubro2023.xlsx,MusicCueSheet_TvAberta_Out23,,22/10/2023,111,,,BURGUESINHA,"GABRIEL MOURA,PRETINHO DA SERRINHA,SEU JORGE",SEU JORGE,,,,"UNIVERSAL MGB,UNIVERSAL MGB,SONY MUSIC PUBLISHING",SEU JORGE,,,0,0
Globo,MusicCueSheet_TvAberta_Outubro2023.xlsx,MusicCueSheet_TvAberta_Out23,,22/10/2023,111,,,BABY DON T HURT ME,"AKIL KING,ANNE MARIE NICHOLSON,COI LERAY COLLINS,DAVID GUETTA,DEE DEE HALLIGAN,ED SHEERAN,FELI FERRARO,JHONNY MCDAID,JUNIOR TORELLO,MIKKEL COX,STEVE MAC,TOBIAS FREDERISKSEN","DAVID GUETTA,,ANNE MARIE,,COI LERAY",,,,"A DESCOBRIR,A DESCOBRIR,A DESCOBRIR,A DESCOBRIR,A DESCOBRIR,A DESCOBRIR,A DESCOBRIR,A DESCOBRIR,A DESCOBRIR,A DESCOBRIR,A DESCOBRIR,A DESCOBRIR","PARLOPHONE UK, SONY MUSIC PUBLISHING, UNIVERSAL MU",,,0,0
Globo,MusicCueSheet_TvAberta_Outubro2023.xlsx,MusicCueSheet_TvAberta_Out23,,22/10/2023,111,,,BABY DON T HURT ME,"AKIL KING,ANNE MARIE NICHOLSON,COI LERAY COLLINS,DAVID GUETTA,DEE DEE HALLIGAN,ED SHEERAN,FELI FERRARO,JHONNY MCDAID,JUNIOR TORELLO,MIKKEL COX,STEVE MAC,TOBIAS FREDERISKSEN","ANNE-MARIE,COI LERAY,DAVID GUETTA",,,,"A DESCOBRIR,A DESCOBRIR,A DESCOBRIR,A DESCOBRIR,A DESCOBRIR,A DESCOBRIR,A DESCOBRIR,A DESCOBRIR,A DESCOBRIR,A DESCOBRIR,A DESCOBRIR,A DESCOBRIR","PARLOPHONE UK, SONY MUSIC PUBLISHING, UNIVERSAL MU",,,0,0
Globo,MusicCueSheet_TvAberta_Outubro2023.xlsx,MusicCueSheet_TvAberta_Out23,,22/10/2023,111,,,MELHOR VERSAO,"GUSTAVO MIOTO,LUAN RAFAEL,THEO ANDRADE",GUSTAVO MIOTO,,,,"BOOKING MUSIC,BOOKING MUSIC,BOOKING MUSIC",,,,0,0
Globo,MusicCueSheet_TvAberta_Outubro2023.xlsx,MusicCueSheet_TvAberta_Out23,,22/10/2023,111,,,QUASE NAO NAMORO,"ELIAS MAFRA,JULIANO VALLE,LARYSSA GOULART,MARCOS SILVA DE LIMA",JULIETTE & MARINA SILVA,,,,"ONERPM,ONERPM,ONERPM,ABRAMUS",,,,0,0
Globo,MusicCueSheet_TvAberta_Outubro2023.xlsx,MusicCueSheet_TvAberta_Out23,,22/10/2023,111,,,TENGO,"CAROLZINHA,ELANA DARA,JULIETTE,RAFINHA RSQ",JULIETTE,,,,"A DESCOBRIR,WARNER CHAPPELL,WARNER CHAPPELL,WARNER CHAPPELL",,,,0,0
Globo,MusicCueSheet_TvAberta_Outubro2023.xlsx,MusicCueSheet_TvAberta_Out23,,22/10/2023,111,,,QUE TAL,"FLEEZUS,IURI RIO BRANCO,MARINA SENA",MARINA SENA,,,,"BOA MUSIC RIGHTS,BOA MUSIC RIGHTS,BOA MUSIC RIGHTS",,,,0,0
Globo,MusicCueSheet_TvAberta_Outubro2023.xlsx,MusicCueSheet_TvAberta_Out23,,22/10/2023,111,,,STOP THIS FLAME,"CELESTE EPIPHANY WAITE,JAMIE HARTMAN,MARC CHRISTOPHER KINCHEN,NINA SIMONE",CELESTE,,,,"A DESCOBRIR,ROCKING GORILLAS,A DESCOBRIR,A DESCOBRIR","POLYDOR RECORDS, RESERVOIR MEDIA MUSIC",,,0,0
Globo,MusicCueSheet_TvAberta_Outubro2023.xlsx,MusicCueSheet_TvAberta_Out23,,22/10/2023,111,,,STOP THIS FLAME,"CELESTE EPIPHANY WAITE,JAMIE HARTMAN,MARC CHRISTOPHER KINCHEN,NINA SIMONE",CELESTE,,,,"A DESCOBRIR,ROCKING GORILLAS,A DESCOBRIR,A DESCOBRIR","POLYDOR RECORDS, RESERVOIR MEDIA MUSIC",,,0,0
Globo,MusicCueSheet_TvAberta_Outubro2023.xlsx,MusicCueSheet_TvAberta_Out23,,22/10/2023,111,,,FLOWERS,"GREGORY ALDAE HEIN,MICHAEL POLLACK,MILEY CYRUS",MILEY CYRUS,,,,"PEERMUSIC,WARNER CHAPPELL,SONY MUSIC PUBLISHING",V,,,0,0
Globo,MusicCueSheet_TvAberta_Outubro2023.xlsx,MusicCueSheet_TvAberta_Out23,,22/10/2023,111,,,FLOWERS,"GREGORY ALDAE HEIN,MICHAEL POLLACK,MILEY CYRUS",MILEY CYRUS,,,,"PEERMUSIC,WARNER CHAPPELL,SONY MUSIC PUBLISHING","COLUMBIA, CONCORD MUSIC PUBLISHING, PULSE PUBLISHI",,,0,0
Globo,MusicCueSheet_TvAberta_Outubro2023.xlsx,MusicCueSheet_TvAberta_Out23,,22/10/2023,111,,,SOLTEIRO NAO TRAI,"HIAGO NOBRE,JOAO LIMA,JUJUBA,KINHO CHEFAO,ROBSON LIMA",GUSTAVO MIOTO,,,,"SONY MUSIC PUBLISHING,SONY MUSIC PUBLISHING,SONY MUSIC PUBLISHING,SONY MUSIC PUBLISHING,SONY MUSIC PUBLISHING",,,,0,0
Globo,MusicCueSheet_TvAberta_Outubro2023.xlsx,MusicCueSheet_TvAberta_Out23,,22/10/2023,111,,,EU GOSTO ASSIM,"BENICIO NETO,JUNIOR PEPATO,RAFA BORGES",GUSTAVO MIOTO,,,,"WARNER CHAPPELL,MUSICA NOSSA PRODUCOES MUSICAIS,ABRAMUS",,,,0,0
Globo,MusicCueSheet_TvAberta_Outubro2023.xlsx,MusicCueSheet_TvAberta_Out23,,22/10/2023,111,,,PIPOCO,"ANA CASTELA,CHRIS NO BEAT,GUILHERME DIAS,LEO SOUZA,MATEUS FELIX,RODOLFO BOMFIM ALESSI","ANA CASTELA, DJ CHRIS NO BEAT, MELODY",FULL MIX,,,"WARNER CHAPPELL,WARNER CHAPPELL,FUSION MUSIC,FUSION MUSIC,WARNER CHAPPELL,WARNER CHAPPELL",ANA CASTELA,,,0,0
Globo,MusicCueSheet_TvAberta_Outubro2023.xlsx,MusicCueSheet_TvAberta_Out23,,22/10/2023,111,,,SAY SAY SAY,"MICHAEL JACKSON,PAUL MCCARTNEY","KYGO,MICHAEL JACKSON,PAUL MCCARTNEY",,,,"SONY MUSIC PUBLISHING,A DESCOBRIR",KYGO/RCA RECORDS,,,0,0
Globo,MusicCueSheet_TvAberta_Outubro2023.xlsx,MusicCueSheet_TvAberta_Out23,,22/10/2023,111,,,SAY SAY SAY,"MICHAEL JACKSON,PAUL MCCARTNEY","KYGO,MICHAEL JACKSON,PAUL MCCARTNEY",,,,"SONY MUSIC PUBLISHING,A DESCOBRIR",KYGO/RCA RECORDS,,,0,0
Globo,MusicCueSheet_TvAberta_Outubro2023.xlsx,MusicCueSheet_TvAberta_Out23,,22/10/2023,111,,,CALIFORNIA DREAMIN,"JOHN PHILLIPS,MICHELLE GILLIAN",THE MAMAS & THE PAPAS,,,,"UNIVERSAL MGB,UNIVERSAL MGB",GEFFEN*,,,0,0
Globo,MusicCueSheet_TvAberta_Outubro2023.xlsx,MusicCueSheet_TvAberta_Out23,,22/10/2023,111,,,CALIFORNIA DREAMIN,"JOHN PHILLIPS,MICHELLE GILLIAN",THE MAMAS & THE PAPAS,,,,"UNIVERSAL MGB,UNIVERSAL MGB",GEFFEN*,,,0,0
Globo,MusicCueSheet_TvAberta_Outubro2023.xlsx,MusicCueSheet_TvAberta_Out23,,22/10/2023,111,,,PUMALIN,"GUSTAVO SANTAOLALLA,JUAN CRUZ LUQUI","GUSTAVO SANTAOLALLA,JUAN LUQUI",,,,"SONY MUSIC PUBLISHING,SONY MUSIC PUBLISHING",HOLLYWOOD RECORDS,,,0,0
Globo,MusicCueSheet_TvAberta_Outubro2023.xlsx,MusicCueSheet_TvAberta_Out23,,22/10/2023,111,,,OPENING SUITE,"GUSTAVO SANTAOLALLA,JUAN CRUZ LUQUI","GUSTAVO SANTAOLALLA,JUAN LUQUI",,,,"SONY MUSIC PUBLISHING,SONY MUSIC PUBLISHING",HOLLYWOOD RECORDS,,,0,0
Globo,MusicCueSheet_TvAberta_Outubro2023.xlsx,MusicCueSheet_TvAberta_Out23,,22/10/2023,111,,,SENHOR DA FLORESTA,"AUGUSTO CALHEIROS,RENE BITTENCOURT",MARIA BETHANIA,,,,"VITALE,VITALE",,,,0,0
Globo,MusicCueSheet_TvAberta_Outubro2023.xlsx,MusicCueSheet_TvAberta_Out23,,22/10/2023,111,,,AMAZONIA ETERNA VI,ARMAND AMAR,ARMAND AMARCITY OF PRAGUE PHILHARMONIC,,,,VITALE,LONG DISTANCE,,,0,0
Globo,MusicCueSheet_TvAberta_Outubro2023.xlsx,MusicCueSheet_TvAberta_Out23,,22/10/2023,111,,,RIO AMAZONAS,"DORI CAYMMI,PAULINHO PINHEIRO",DORI CAYMMI,,,,"SONY MUSIC PUBLISHING,SONY MUSIC PUBLISHING",,,,0,0
Globo,MusicCueSheet_TvAberta_Outubro2023.xlsx,MusicCueSheet_TvAberta_Out23,,22/10/2023,111,,,PUMALIN,"GUSTAVO SANTAOLALLA,JUAN CRUZ LUQUI",GUSTAVO SANTAOLALLA,,,,"SONY MUSIC PUBLISHING,SONY MUSIC PUBLISHING",,,,0,0
Globo,MusicCueSheet_TvAberta_Outubro2023.xlsx,MusicCueSheet_TvAberta_Out23,,22/10/2023,111,,,WHAT A LIFE,"GUSTAVO SANTAOLALLA,JUAN CRUZ LUQUI",GUSTAVO SANTAOLALLA,,,,"SONY MUSIC PUBLISHING,SONY MUSIC PUBLISHING",,,,0,0
Globo,MusicCueSheet_TvAberta_Outubro2023.xlsx,MusicCueSheet_TvAberta_Out23,,22/10/2023,111,,,AGAINST NATURE,"GUSTAVO SANTAOLALLA,JUAN CRUZ LUQUI",GUSTAVO SANTAOLALLA,,,,"SONY MUSIC PUBLISHING,SONY MUSIC PUBLISHING",,,,0,0
Globo,MusicCueSheet_TvAberta_Outubro2023.xlsx,MusicCueSheet_TvAberta_Out23,,22/10/2023,111,,,RETURNING,GUSTAVO SANTAOLALLA,GUSTAVO SANTAOLALLA,,,,SONY MUSIC PUBLISHING,,,,0,0
Globo,MusicCueSheet_TvAberta_Outubro2023.xlsx,MusicCueSheet_TvAberta_Out23,,22/10/2023,111,,,A LIFE WITH INTENTION,"GUSTAVO SANTAOLALLA,JUAN CRUZ LUQUI",GUSTAVO SANTAOLALLA,,,,"SONY MUSIC PUBLISHING,SONY MUSIC PUBLISHING",,,,0,0
Globo,MusicCueSheet_TvAberta_Outubro2023.xlsx,MusicCueSheet_TvAberta_Out23,,22/10/2023,111,,,A LIFE WITH INTENTION,"GUSTAVO SANTAOLALLA,JUAN CRUZ LUQUI",GUSTAVO SANTAOLALLA,,,,"SONY MUSIC PUBLISHING,SONY MUSIC PUBLISHING",,,,0,0
Globo,MusicCueSheet_TvAberta_Outubro2023.xlsx,MusicCueSheet_TvAberta_Out23,,22/10/2023,111,,,EL INVENTO,JOSE GONZALEZ,JOSE GONZALEZ,,,,KOBALT MUSIC,CITY SLANG,,,0,0
Globo,MusicCueSheet_TvAberta_Outubro2023.xlsx,MusicCueSheet_TvAberta_Out23,,22/10/2023,111,,,AMAZONIA ETERNA VI,ARMAND AMAR,ARMAND AMAR,,,,VITALE,,,,0,0
Globo,MusicCueSheet_TvAberta_Outubro2023.xlsx,MusicCueSheet_TvAberta_Out23,,22/10/2023,111,,,THE LAST OF US,GUSTAVO SANTAOLALLA,GUSTAVO SANTAOLALLA-,,,,A DESCOBRIR,,,,0,0
Globo,MusicCueSheet_TvAberta_Outubro2023.xlsx,MusicCueSheet_TvAberta_Out23,,22/10/2023,111,,,BRINCAR DE SER FELIZ,"MARIA DA PAZ,NINO","GUSTAVO MIOTO, JULIETTE & MARINA SENA",,,,"WARNER CHAPPELL,UNIVERSAL MGB",,,,0,0
Globo,MusicCueSheet_TvAberta_Outubro2023.xlsx,MusicCueSheet_TvAberta_Out23,,22/10/2023,2609,,,ADMIRAVEL GADO NOVO,ZE RAMALHO,ZE RAMALHO,,,,SONY MUSIC PUBLISHING,,,,0,0
Globo,MusicCueSheet_TvAberta_Outubro2023.xlsx,MusicCueSheet_TvAberta_Out23,,22/10/2023,2609,,,AVOHAI,ZE RAMALHO,ZE RAMALHO,,,,UNIVERSAL MGB,,,,0,0
Globo,MusicCueSheet_TvAberta_Outubro2023.xlsx,MusicCueSheet_TvAberta_Out23,,22/10/2023,2609,,,ADMIRAVEL GADO NOVO,ZE RAMALHO,ZE RAMALHO,,,,SONY MUSIC PUBLISHING,,,,0,0
Globo,MusicCueSheet_TvAberta_Outubro2023.xlsx,MusicCueSheet_TvAberta_Out23,,22/10/2023,2609,,,SINONIMOS,"CESAR AUGUSTO,CLAUDIO NOAM,PAULO SERGIO",ZE RAMALHO,,,,"WARNER CHAPPELL,SONY MUSIC PUBLISHING,WARNER CHAPPELL",,,,0,0
Globo,MusicCueSheet_TvAberta_Outubro2023.xlsx,MusicCueSheet_TvAberta_Out23,,22/10/2023,2609,,,CHAO DE GIZ,ZE RAMALHO,ZE RAMALHO,,,,SONY MUSIC PUBLISHING,,,,0,0
Globo,MusicCueSheet_TvAberta_Outubro2023.xlsx,MusicCueSheet_TvAberta_Out23,,22/10/2023,2609,,,A DANCA DAS BORBOLETAS,"ALCEU VALENCA,ZE RAMALHO",ZE RAMALHO,,,,"WARNER CHAPPELL,WARNER CHAPPELL",,,,0,0
Globo,MusicCueSheet_TvAberta_Outubro2023.xlsx,MusicCueSheet_TvAberta_Out23,,22/10/2023,2609,,,FREVO MULHER,ZE RAMALHO,ZE RAMALHO,,,,WARNER CHAPPELL,,,,0,0
Globo,MusicCueSheet_TvAberta_Outubro2023.xlsx,MusicCueSheet_TvAberta_Out23,,22/10/2023,22102023,,,1 HORA E MEIA,"DANIMAR,MARCO AURELIO,VICTOR GREGORIO",VICTOR GREGORIO E MARCO AURELIO,,,,"A DESCOBRIR,A DESCOBRIR,A DESCOBRIR",,,,0,0
Globo,MusicCueSheet_TvAberta_Outubro2023.xlsx,MusicCueSheet_TvAberta_Out23,,22/10/2023,22102023,,,AMOR AMIGO,"DONIZETE SANTOS,GOIANO",JADS E JADSON,,,,"A DESCOBRIR,WARNER CHAPPELL",,,,0,0
Globo,MusicCueSheet_TvAberta_Outubro2023.xlsx,MusicCueSheet_TvAberta_Out23,,22/10/2023,22102023,,,O PANTANAL E A PAIXAO,"CLEBER VIOLEIRO,RODRIGO GOMES,VINICIUS CARVALHO,WILLIAM RODRIGUES",TRIO RAÍZES DO MS,,,,"A DESCOBRIR,A DESCOBRIR,A DESCOBRIR,A DESCOBRIR",,,,0,0
Globo,MusicCueSheet_TvAberta_Outubro2023.xlsx,MusicCueSheet_TvAberta_Out23,,22/10/2023,22102023,,,CORACAO IDIOTA,JADSON,JADS E JADSON,,,,A DESCOBRIR,,,,0,0
Globo,MusicCueSheet_TvAberta_Outubro2023.xlsx,MusicCueSheet_TvAberta_Out23,,22/10/2023,22102023,,,O PANTANAL E A PAIXAO,"CLEBER VIOLEIRO,RODRIGO GOMES,VINICIUS CARVALHO,WILLIAM RODRIGUES",TRIO RAÍZES DO MS,,,,"A DESCOBRIR,A DESCOBRIR,A DESCOBRIR,A DESCOBRIR",,,,0,0
Globo,MusicCueSheet_TvAberta_Outubro2023.xlsx,MusicCueSheet_TvAberta_Out23,,22/10/2023,22102023,,,JEITO CARINHOSO,ALLE BARBOSA,JADS E JADSON,,,,SONY MUSIC PUBLISHING,,,,0,0
Globo,MusicCueSheet_TvAberta_Outubro2023.xlsx,MusicCueSheet_TvAberta_Out23,,22/10/2023,22102023,,,PAGODE EM BRASILIA,"LOURIVAL DOS SANTOS,TEDDY VIEIRA",JADS E JADSON,,,,"WARNER CHAPPELL,UNIVERSAL MGB",,,,0,0
Globo,MusicCueSheet_TvAberta_Outubro2023.xlsx,MusicCueSheet_TvAberta_Out23,,22/10/2023,22102023,,,PAGODE EM BRASILIA,"LOURIVAL DOS SANTOS,TEDDY VIEIRA",JADS E JADSON,,,,"WARNER CHAPPELL,UNIVERSAL MGB",,,,0,0
Globo,MusicCueSheet_TvAberta_Outubro2023.xlsx,MusicCueSheet_TvAberta_Out23,,22/10/2023,22102023,,,JOGADO NA RUA,"MARCO AURELIO,SAMUEL DEOLLI,VALERIA COSTA",BELCHIOR,,,,"EDITORA PE DE VERSO,SONY MUSIC PUBLISHING,REDE PURA",,,,0,0
Globo,MusicCueSheet_TvAberta_Outubro2023.xlsx,MusicCueSheet_TvAberta_Out23,,22/10/2023,22102023,,,FARRA PINGA E FOGUETE,"GUSTAVO PROTASIO,PAULO NETO,THALES PROTASIO",BELCHIOR,,,,"MART ENTRETENIMENTOS,MART ENTRETENIMENTOS,MART ENTRETENIMENTOS",,,,0,0
Globo,MusicCueSheet_TvAberta_Outubro2023.xlsx,MusicCueSheet_TvAberta_Out23,,22/10/2023,22102023,,,FARRA PINGA E FOGUETE,"GUSTAVO PROTASIO,PAULO NETO,THALES PROTASIO",BELCHIOR,,,,"MART ENTRETENIMENTOS,MART ENTRETENIMENTOS,MART ENTRETENIMENTOS",,,,0,0
Globo,MusicCueSheet_TvAberta_Outubro2023.xlsx,MusicCueSheet_TvAberta_Out23,,22/10/2023,22102023,,,JEITO CARINHOSO,ALLE BARBOSA,"BELCHIOR,JARDS E JADSON,VICTOR GREGORIO E MARCO AURELIO",,,,SONY MUSIC PUBLISHING,,,,0,0
Globo,MusicCueSheet_TvAberta_Outubro2023.xlsx,MusicCueSheet_TvAberta_Out23,,22/10/2023,6,,,NA BASE DO BEIJO,"ALAIM TAVARES,RITA MENDES",IVETE SANGALO,,,,"SONY MUSIC PUBLISHING,IESSI MUSIC PUBLISHING",,,,0,0
Globo,MusicCueSheet_TvAberta_Outubro2023.xlsx,MusicCueSheet_TvAberta_Out23,,22/10/2023,6,,,MEU TALISMA,"IZA,PABLO BISPO,RUXELL,SERGIO SANTOS","MARCOS OORUN,ALLEX REIS,FABINHO K",,,,"SONY MUSIC PUBLISHING,WARNER CHAPPELL,WARNER CHAPPELL,WARNER CHAPPELL",,,,0,0
Globo,MusicCueSheet_TvAberta_Outubro2023.xlsx,MusicCueSheet_TvAberta_Out23,,22/10/2023,6,,,PIPOCA DA IVETE,"IVETE SANGALO,SAMIR TRINDADE",IVETE SANGALO,,,,"IESSI MUSIC PUBLISHING,WARNER CHAPPELL",,,,0,0
Globo,MusicCueSheet_TvAberta_Outubro2023.xlsx,MusicCueSheet_TvAberta_Out23,,22/10/2023,6,,,PIPOCA DA IVETE,"IVETE SANGALO,SAMIR TRINDADE",IVETE SANGALO,,,,"IESSI MUSIC PUBLISHING,WARNER CHAPPELL",,,,0,0
Globo,MusicCueSheet_TvAberta_Outubro2023.xlsx,MusicCueSheet_TvAberta_Out23,,22/10/2023,6,,,SAMURAI,DJAVAN,MARCOS OOURUN,,,,LUANDA,,,,0,0
Globo,MusicCueSheet_TvAberta_Outubro2023.xlsx,MusicCueSheet_TvAberta_Out23,,22/10/2023,6,,,PENSANDO EM VOCE,MOSKA,FABINHO K,,,,SONY MUSIC PUBLISHING,,,,0,0
Globo,MusicCueSheet_TvAberta_Outubro2023.xlsx,MusicCueSheet_TvAberta_Out23,,22/10/2023,6,,,COISA DE PELE,"ACYR MARQUES,JORGE ARAGAO",ALLEX REIS,,,,"WARNER CHAPPELL,WARNER CHAPPELL",,,,0,0
Globo,MusicCueSheet_TvAberta_Outubro2023.xlsx,MusicCueSheet_TvAberta_Out23,,22/10/2023,6,,,PIPOCA DA IVETE,"IVETE SANGALO,SAMIR TRINDADE",IVETE SANGALO,,,,"IESSI MUSIC PUBLISHING,WARNER CHAPPELL",,,,0,0
Globo,MusicCueSheet_TvAberta_Outubro2023.xlsx,MusicCueSheet_TvAberta_Out23,,22/10/2023,6,,,PIPOCA DA IVETE,"IVETE SANGALO,SAMIR TRINDADE",IVETE SANGALO,,,,"IESSI MUSIC PUBLISHING,WARNER CHAPPELL",,,,0,0
Globo,MusicCueSheet_TvAberta_Outubro2023.xlsx,MusicCueSheet_TvAberta_Out23,,22/10/2023,6,,,BERIMBAU METALIZADO,"DORIA,DULLER,MIRO ALMERIO",IVETE SANGALO,,,,"IESSI MUSIC PUBLISHING,UNIVERSAL MGB,IESSI MUSIC PUBLISHING",,,,0,0
Globo,MusicCueSheet_TvAberta_Outubro2023.xlsx,MusicCueSheet_TvAberta_Out23,,22/10/2023,6,,,BERIMBAU METALIZADO,"DORIA,DULLER,MIRO ALMERIO",IVETE SANGALO,,,,"IESSI MUSIC PUBLISHING,UNIVERSAL MGB,IESSI MUSIC PUBLISHING",,,,0,0
Globo,MusicCueSheet_TvAberta_Outubro2023.xlsx,MusicCueSheet_TvAberta_Out23,,22/10/2023,6,,,BERIMBAU METALIZADO,"DORIA,DULLER,MIRO ALMERIO",IVETE SANGALO,,,,"IESSI MUSIC PUBLISHING,UNIVERSAL MGB,IESSI MUSIC PUBLISHING",,,,0,0
Globo,MusicCueSheet_TvAberta_Outubro2023.xlsx,MusicCueSheet_TvAberta_Out23,,22/10/2023,6,,,AINDA BEM QUE CHEGOU,VITOR BARBIERO KLEY,"VITOR KLEY,IVETE SANGALO",,,,UNIVERSAL MGB,,,,0,0
Globo,MusicCueSheet_TvAberta_Outubro2023.xlsx,MusicCueSheet_TvAberta_Out23,,22/10/2023,6,,,NAO DEIXE O SAMBA MORRER,"ALOISIO,EDSON","MANOLO,DAN OLIVEIRA,MARCIO OLIVEIRA",,,,"VITALE,VITALE",,,,0,0
Globo,MusicCueSheet_TvAberta_Outubro2023.xlsx,MusicCueSheet_TvAberta_Out23,,22/10/2023,6,,,NAO DEIXE O SAMBA MORRER,"ALOISIO,EDSON",IVETE SANGALO,,,,"VITALE,VITALE",,,,0,0
Globo,MusicCueSheet_TvAberta_Outubro2023.xlsx,MusicCueSheet_TvAberta_Out23,,22/10/2023,6,,,A LOBA,"JUNINHO PERALVA,PAULINHO REZENDE",DAN OLIVEIRA,,,,"UNIVERSAL MGB,UNIVERSAL MGB",,,,0,0
Globo,MusicCueSheet_TvAberta_Outubro2023.xlsx,MusicCueSheet_TvAberta_Out23,,22/10/2023,6,,,SE SAIA,"GIGI CERQUEIRA,IVETE SANGALO,RADAMES VENANCIO,SAMIR TRINDADE","IVETE SANGALO,CONVIDADOS",,,,"IESSI MUSIC PUBLISHING,IESSI MUSIC PUBLISHING,IESSI MUSIC PUBLISHING,IESSI MUSIC PUBLISHING",,,,0,0
Globo,MusicCueSheet_TvAberta_Outubro2023.xlsx,MusicCueSheet_TvAberta_Out23,,22/10/2023,22102023,,,EU SEGUIREI,FREI GILSON,PADRE MARCELO ROSSI,,,,A DESCOBRIR,,,,0,0
Globo,MusicCueSheet_TvAberta_Outubro2023.xlsx,MusicCueSheet_TvAberta_Out23,,22/10/2023,22102023,,,ALELUIA QUANDO ESTAMOS UNIDOS,PADRE ZECA,PADRE MARCELO ROSSI,,,,A DESCOBRIR,,,,0,0
Globo,MusicCueSheet_TvAberta_Outubro2023.xlsx,MusicCueSheet_TvAberta_Out23,,22/10/2023,22102023,,,MARIA DE NAZARE,PADRE ZEZINHO SCJ,PADRE MARCELO ROSSI,,,,COMEP - PAULINAS,,,,0,0
Globo,MusicCueSheet_TvAberta_Outubro2023.xlsx,MusicCueSheet_TvAberta_Out23,,22/10/2023,22102023,,,MEU CORACAO E PRA TI,"DP,PADRE MARCELO ROSSI",PADRE MARCELO ROSSI,,,,"DP,UNIVERSAL MGB",,,,0,0
Globo,MusicCueSheet_TvAberta_Outubro2023.xlsx,MusicCueSheet_TvAberta_Out23,,22/10/2023,22102023,,,SANTO,PADRE CLEIDIMAR MOREIRA,PADRE MARCELO ROSSI,,,,A DESCOBRIR,,,,0,0
Globo,MusicCueSheet_TvAberta_Outubro2023.xlsx,MusicCueSheet_TvAberta_Out23,,22/10/2023,22102023,,,PAI NOSSO,LUIZ CHAVES,PADRE MARCELO ROSSI,,,,UNIVERSAL MGB,,,,0,0
Globo,MusicCueSheet_TvAberta_Outubro2023.xlsx,MusicCueSheet_TvAberta_Out23,,22/10/2023,22102023,,,CORDEIRO DE DEUS,"FREI FABRETI O M F,JOSE THOMAZ FILHO",PADRE MARCELO ROSSI,,,,"COMEP - PAULINAS,COMEP - PAULINAS",,,,0,0
Globo,MusicCueSheet_TvAberta_Outubro2023.xlsx,MusicCueSheet_TvAberta_Out23,,22/10/2023,22102023,,,BONDADE DE DEUS,"BEN FIELDING,BRIAN JOHNSON,ED CASH,JASON INGRAM,JENN JOHNSON,RAFAEL ZANCUL ORTEGA",PADRE MARCELO ROSSI,,,,"ADORANDO,ADORANDO,ADORANDO,ADORANDO,ADORANDO,ADORANDO",,,,0,0
Globo,MusicCueSheet_TvAberta_Outubro2023.xlsx,MusicCueSheet_TvAberta_Out23,,22/10/2023,22102023,,,DESERTO,ANDERSON FREIRE,PADRE MARCELO ROSSI,,,,A DESCOBRIR,,,,0,0
Globo,MusicCueSheet_TvAberta_Outubro2023.xlsx,MusicCueSheet_TvAberta_Out23,,22/10/2023,22102023,,,BATISMO DE FOGO,DUNGA,PADRE MARCELO ROSSI,,,,A DESCOBRIR,,,,0,0
Globo,MusicCueSheet_TvAberta_Outubro2023.xlsx,MusicCueSheet_TvAberta_Out23,,22/10/2023,22102023,,,VERDE VINHO,"PAULO ALEXANDRE,ROBERTO LEAL",PAULO ALEXANDRE,,,,"A DESCOBRIR,A DESCOBRIR",,,,0,0
Globo,MusicCueSheet_TvAberta_Outubro2023.xlsx,MusicCueSheet_TvAberta_Out23,,22/10/2023,O GRANDE JEJUM,,,CAFE DA MANHA,"CAIO PAIVA,DOUGLAS MODA,HODARI,LUCCAS CARLOS,LUDMILLA,LUISA SONZA,VITAO","LUDMILLA,LUISA SONZA",,,,"UNIVERSAL MGB,UNIVERSAL MGB,UNIVERSAL MGB,SONY MUSIC PUBLISHING,WARNER CHAPPELL,UNIVERSAL MGB,UNIVERSAL MGB",,,,0,0
Globo,MusicCueSheet_TvAberta_Outubro2023.xlsx,MusicCueSheet_TvAberta_Out23,,22/10/2023,O GRANDE JEJUM,,,FATA MORGANA,"FRIEDMANN JOSCH,MARLON KLEIN,UVE MULLRICH",PAULINHO SERRA,,,,"A DESCOBRIR,A DESCOBRIR,A DESCOBRIR",,,,0,0
Globo,MusicCueSheet_TvAberta_Outubro2023.xlsx,MusicCueSheet_TvAberta_Out23,,22/10/2023,O GRANDE JEJUM,,,FEIJOADA COMPLETA,CHICO BUARQUE,KATIUSCIA CANORO,,,,MAROLA,,,,0,0
Globo,MusicCueSheet_TvAberta_Outubro2023.xlsx,MusicCueSheet_TvAberta_Out23,,22/10/2023,O GRANDE JEJUM,,,FEIJOADA COMPLETA,CHICO BUARQUE,CHICO BUARQUE,,,,MAROLA,,,,0,0
Globo,MusicCueSheet_TvAberta_Outubro2023.xlsx,MusicCueSheet_TvAberta_Out23,,22/10/2023,O GRANDE JEJUM,,,NO TABULEIRO DA BAIANA,ARY BARROSO,KATIUSCIA CANORO,,,,VITALE,,,,0,0
Globo,MusicCueSheet_TvAberta_Outubro2023.xlsx,MusicCueSheet_TvAberta_Out23,,22/10/2023,O GRANDE JEJUM,,,QUEM QUER PAO,"J CORREA,TUSA",KATIUSCIA CANORO,,,,"SONY MUSIC PUBLISHING,SONY MUSIC PUBLISHING",,,,0,0
Globo,MusicCueSheet_TvAberta_Outubro2023.xlsx,MusicCueSheet_TvAberta_Out23,,23/10/2023,2906,,,COLISAO,ANDERSON FREIRE,MARI BORGES,,,,MK MUSIC,,,,0,0
Globo,MusicCueSheet_TvAberta_Outubro2023.xlsx,MusicCueSheet_TvAberta_Out23,,23/10/2023,2906,,,NINGUEM EXPLICA DEUS,CLOVIS PINHO,MARI BORGES,,,,UNIVERSAL MGB,,,,0,0
Globo,MusicCueSheet_TvAberta_Outubro2023.xlsx,MusicCueSheet_TvAberta_Out23,,23/10/2023,2906,,,ESPIRITO SANTO,PRISCILLA ALCANTARA,MARI BORGES,,,,SONY MUSIC PUBLISHING,,,,0,0
Globo,MusicCueSheet_TvAberta_Outubro2023.xlsx,MusicCueSheet_TvAberta_Out23,,23/10/2023,2906,,,TA CHORANDO POR QUE,FILIPE ESCANDURRAS,MARI BORGES,,,,ABRAMUS,,,,0,0
Globo,MusicCueSheet_TvAberta_Outubro2023.xlsx,MusicCueSheet_TvAberta_Out23,,23/10/2023,2906,,,QUE AMOR E ESSE,CLAUDIA CANCAO,MARI BORGES,,,,A DESCOBRIR,,,,0,0
Globo,MusicCueSheet_TvAberta_Outubro2023.xlsx,MusicCueSheet_TvAberta_Out23,,23/10/2023,2906,,,JESUS CRISTO BASTA,"EDITH LLUVANY ABREGO MEDELLIN,STEVEN DANIEL RICHARDS","ALINE BARROS,MARI BORGES",,,,"A DESCOBRIR,A DESCOBRIR",,,,0,0
Globo,MusicCueSheet_TvAberta_Outubro2023.xlsx,MusicCueSheet_TvAberta_Out23,,23/10/2023,2906,,,JESUS CRISTO BASTA,"EDITH LLUVANY ABREGO MEDELLIN,STEVEN DANIEL RICHARDS","MARI BORGES,ALINE BARROS",,,,"A DESCOBRIR,A DESCOBRIR",,,,0,0
Globo,MusicCueSheet_TvAberta_Outubro2023.xlsx,MusicCueSheet_TvAberta_Out23,,23/10/2023,2906,,,QUE AMOR E ESSE,CLAUDIA CANCAO,MARI BORGES,,,,A DESCOBRIR,,,,0,0
Globo,MusicCueSheet_TvAberta_Outubro2023.xlsx,MusicCueSheet_TvAberta_Out23,,23/10/2023,2906,,,JESUS CRISTO BASTA,"EDITH LLUVANY ABREGO MEDELLIN,STEVEN DANIEL RICHARDS",MARI BORGES,,,,"A DESCOBRIR,A DESCOBRIR",,,,0,0
Globo,MusicCueSheet_TvAberta_Outubro2023.xlsx,MusicCueSheet_TvAberta_Out23,,23/10/2023,2906,,,TA CHORANDO POR QUE,FILIPE ESCANDURRAS,MARI BORGES,,,,ABRAMUS,,,,0,0
Globo,MusicCueSheet_TvAberta_Outubro2023.xlsx,MusicCueSheet_TvAberta_Out23,,23/10/2023,61,,,FAZ UM MILAGRE EM MIM,"JOSELITO,KELLY DANESE",ELENCO,,,,"MJC,MJC",,,,0,0
Globo,MusicCueSheet_TvAberta_Outubro2023.xlsx,MusicCueSheet_TvAberta_Out23,,23/10/2023,5931,,,PESCADOR DE ILUSOES,"A DESCOBRIR,LAURO FARIAS,MARCELO FALCAO,MARCELO LOBATO,MARCELO YUKA,XANDAO",O RAPPA,,,,"A DESCOBRIR,WARNER CHAPPELL,WARNER CHAPPELL,HUMAITA,WARNER CHAPPELL,HUMAITA",,,,0,0
Globo,MusicCueSheet_TvAberta_Outubro2023.xlsx,MusicCueSheet_TvAberta_Out23,,23/10/2023,5931,,,PESCADOR DE ILUSOES,"A DESCOBRIR,LAURO FARIAS,MARCELO FALCAO,MARCELO LOBATO,MARCELO YUKA,XANDAO",O RAPPA,,,,"A DESCOBRIR,WARNER CHAPPELL,WARNER CHAPPELL,HUMAITA,WARNER CHAPPELL,HUMAITA",,,,0,0
Globo,MusicCueSheet_TvAberta_Outubro2023.xlsx,MusicCueSheet_TvAberta_Out23,,23/10/2023,MEU CORACAO AMANHECEU PEGANDO FOGO,,,BANG,"ANITTA,JEFFERSON JUNIOR,UMBERTO TAVARES",ANITTA,FULL MIX,,,"SONY MUSIC PUBLISHING,BMG,ORB MUSIC",WARNER MUSIC,,,0,0
Globo,MusicCueSheet_TvAberta_Outubro2023.xlsx,MusicCueSheet_TvAberta_Out23,,23/10/2023,MEU CORACAO AMANHECEU PEGANDO FOGO,,,BELIEVE,"BRIAN HIGGINS,PAUL BARRY,PAUL BARRY,STEVE TORCH,STEVE TORCH",CHER,,,,"WARNER CHAPPELL,PEERMUSIC,UNIVERSAL MGB,BMG,SONY MUSIC PUBLISHING",,,,0,0
Globo,MusicCueSheet_TvAberta_Outubro2023.xlsx,MusicCueSheet_TvAberta_Out23,,23/10/2023,MEU CORACAO AMANHECEU PEGANDO FOGO,,,ME GUSTAS TU,MANU CHAO,MANU CHAO,,,,UNIVERSAL MGB,,,,0,0
Globo,MusicCueSheet_TvAberta_Outubro2023.xlsx,MusicCueSheet_TvAberta_Out23,,23/10/2023,MEU CORACAO AMANHECEU PEGANDO FOGO,,,NUNCA,LUPICINIO RODRIGUES,ADRIANA CALCANHOTTO,,,,VITALE,,,,0,0
Globo,MusicCueSheet_TvAberta_Outubro2023.xlsx,MusicCueSheet_TvAberta_Out23,,23/10/2023,MEU CORACAO AMANHECEU PEGANDO FOGO,,,RUNNIN  LOSE IT ALL,"BEYONCE KNOWLES,CARLA MARIE,DEAN MCINTOSH,JONATHAN CHARLES COFFER,JONATHAN CHARLES COFFER,SHAHID KHAN","ARROW BENJAMIN,BEYONCE,NAUGHTY BOY",,,,"SONY MUSIC PUBLISHING,SONY MUSIC PUBLISHING,SONY MUSIC PUBLISHING,ABRAMUS,PEERMUSIC,SONY MUSIC PUBLISHING",,,,0,0
Globo,MusicCueSheet_TvAberta_Outubro2023.xlsx,MusicCueSheet_TvAberta_Out23,,23/10/2023,MEU CORACAO AMANHECEU PEGANDO FOGO,,,SWEET DREAMS,"ANNIE LENNOX,DAVE STEWART",EURYTHMICS,,,,"UNIVERSAL MGB,UNIVERSAL MGB",,,,0,0
Globo,MusicCueSheet_TvAberta_Outubro2023.xlsx,MusicCueSheet_TvAberta_Out23,,23/10/2023,MEU CORACAO AMANHECEU PEGANDO FOGO,,,THIS IS WHAT YOU CAME FOR,"CALVIN HARRIS,TAYLOR SWIFT,TAYLOR SWIFT","CALVIN HARRIS,RIHANNA",,,,"SONY MUSIC PUBLISHING,A DESCOBRIR,UNIVERSAL MGB",,,,0,0
Globo,MusicCueSheet_TvAberta_Outubro2023.xlsx,MusicCueSheet_TvAberta_Out23,,24/10/2023,1268,,,LEVADA VERSAO NAUGHTY,"TIM MINCHIN,VICTOR MUHLETHALER",LUÍSA MORIBE,,,,"KOBALT MUSIC,KOBALT MUSIC",,,,0,0
Globo,MusicCueSheet_TvAberta_Outubro2023.xlsx,MusicCueSheet_TvAberta_Out23,,24/10/2023,5932,,,FARAO DIVINDADE DO EGITO,LUCIANO GOMES,MARGARETH MENEZES,,,,UNIVERSAL MGB,,,,0,0
Globo,MusicCueSheet_TvAberta_Outubro2023.xlsx,MusicCueSheet_TvAberta_Out23,,24/10/2023,5932,,,O SHOW TEM QUE CONTINUAR,"ARLINDO CRUZ,LUIZ CARLOS DA VILA,SOMBRINHA",GRUPO FUNDO DE QUINTAL,,,,"WARNER CHAPPELL,UNIVERSAL MGB,WARNER CHAPPELL",,,,0,0
Globo,MusicCueSheet_TvAberta_Outubro2023.xlsx,MusicCueSheet_TvAberta_Out23,,24/10/2023,5932,,,AMARELO,"BELCHIOR,DJ DUH,EMICIDA,FELIPE VASSAO","EMICIDA, MAJUR, PABLO VITTAR",FULL MIX,,,"CORISCO,WARNER CHAPPELL,WARNER CHAPPELL,WARNER CHAPPELL",SONY MUSIC,,,0,0
Globo,MusicCueSheet_TvAberta_Outubro2023.xlsx,MusicCueSheet_TvAberta_Out23,,24/10/2023,5932,,,ENVOLVIDAO,"NAVE,RAEL DA RIMA",RAEL DA RIMA,,,,"SONY MUSIC PUBLISHING,WARNER CHAPPELL",,,,0,0
Globo,MusicCueSheet_TvAberta_Outubro2023.xlsx,MusicCueSheet_TvAberta_Out23,,24/10/2023,5932,,,RAP DA FELICIDADE,"JULINHO RASTA,KATIA",CIDINHO E DOCA,FULL MIX,,,"NOWA,NOWA",LINK RECORDS,,,0,0
Globo,MusicCueSheet_TvAberta_Outubro2023.xlsx,MusicCueSheet_TvAberta_Out23,,24/10/2023,5932,,,PARABENS A VOCE,"LEA MAGALHAES,MILDRED J HILL,PATTY S HILL",BANDA CARA DE PAU,,,,"WARNER CHAPPELL,DP,DP",INDEPENDENTE,,,0,0
Globo,MusicCueSheet_TvAberta_Outubro2023.xlsx,MusicCueSheet_TvAberta_Out23,,24/10/2023,A VOZ DO MEIER,,,DANCIN DAYS,"NELSON CANDIDO MOTTA,RUBAN","GABY AMARANTOS,SAMANTHA SCHMUTZ",,,,"SONY MUSIC PUBLISHING,SONY MUSIC PUBLISHING",,,,0,0
Globo,MusicCueSheet_TvAberta_Outubro2023.xlsx,MusicCueSheet_TvAberta_Out23,,24/10/2023,A VOZ DO MEIER,,,DIVA,"BEYONCE KNOWLES,SEAN GARRETT,SHONDRAE CRAWFORD",PAULO GUSTAVO,,,,"SONY MUSIC PUBLISHING,UNIVERSAL MGB,PEERMUSIC",,,,0,0
Globo,MusicCueSheet_TvAberta_Outubro2023.xlsx,MusicCueSheet_TvAberta_Out23,,24/10/2023,A VOZ DO MEIER,,,DON T STOP THE MUSIC,"FANKIE STORM,MICHAEL JACKSON,MIKKEL STORLEER ERIKSEN,TOR ERIK HERMANSEN",SAMANTHA SCHMUTZ,,,,"SONY MUSIC PUBLISHING,SONY MUSIC PUBLISHING,SONY MUSIC PUBLISHING,SONY MUSIC PUBLISHING",,,,0,0
Globo,MusicCueSheet_TvAberta_Outubro2023.xlsx,MusicCueSheet_TvAberta_Out23,,24/10/2023,A VOZ DO MEIER,,,ELA TA BEBA DOIDA (BEBA DOIDA),ROMIM MATA,GABY AMARANTOS,,,,SONY MUSIC PUBLISHING,,,,0,0
Globo,MusicCueSheet_TvAberta_Outubro2023.xlsx,MusicCueSheet_TvAberta_Out23,,24/10/2023,A VOZ DO MEIER,,,EX MAI LOVE,VELOSO DIAS,GABY AMARANTOS,,,,SONY MUSIC PUBLISHING,,,,0,0
Globo,MusicCueSheet_TvAberta_Outubro2023.xlsx,MusicCueSheet_TvAberta_Out23,,24/10/2023,A VOZ DO MEIER,,,GALERA DA LAJE,"JOE BENASSI,MADERITO",GABY AMARANTOS,,,,"DECK,DECK",,,,0,0
Globo,MusicCueSheet_TvAberta_Outubro2023.xlsx,MusicCueSheet_TvAberta_Out23,,24/10/2023,A VOZ DO MEIER,,,ISSUES,"GORDON GANO,KEVIN GRIFFIN,SAMUEL HOLLANDER",VIOLENT FEMMES,,,,"ABRAMUS,ABRAMUS,PEERMUSIC",,,,0,0
Globo,MusicCueSheet_TvAberta_Outubro2023.xlsx,MusicCueSheet_TvAberta_Out23,,24/10/2023,A VOZ DO MEIER,,,OH PRETTY WOMAN,"BILL DEES,ROY ORBISON",PAULO GUSTAVO,,,,"SONY MUSIC PUBLISHING,ABRAMUS",,,,0,0
Globo,MusicCueSheet_TvAberta_Outubro2023.xlsx,MusicCueSheet_TvAberta_Out23,,24/10/2023,A VOZ DO MEIER,,,PUMP UP THE JAM,"MANUELA KAMOSI,THOMAS DE QUINCY",TECHNOTRONIC,FULL MIX,,,"UNIVERSAL MGB,UNIVERSAL MGB",UNIVERSAL,,,0,0
Globo,MusicCueSheet_TvAberta_Outubro2023.xlsx,MusicCueSheet_TvAberta_Out23,,24/10/2023,A VOZ DO MEIER,,,RHYTHM IS A DANCER,"BENITO BENITES,DURRON BUTLER,JOHN VIRGO GARRETT III","PAULO GUSTAVO,SAMANTHA SCHMUTZ",,,,"WARNER CHAPPELL,UNIVERSAL MGB,WARNER CHAPPELL",,,,0,0
Globo,MusicCueSheet_TvAberta_Outubro2023.xlsx,MusicCueSheet_TvAberta_Out23,,24/10/2023,A VOZ DO MEIER,,,TE ENSINEI CERTIN,JHAMA,LUDMILLA,,,,SONY MUSIC PUBLISHING,,,,0,0
Globo,MusicCueSheet_TvAberta_Outubro2023.xlsx,MusicCueSheet_TvAberta_Out23,,24/10/2023,A VOZ DO MEIER,,,TENHA PENA DE MIM,"BABAHU,CYRO DE SOUZA",ELZA SOARES,FULL MIX,,,"VITALE,VITALE",EMI MUSIC,,,0,0
Globo,MusicCueSheet_TvAberta_Outubro2023.xlsx,MusicCueSheet_TvAberta_Out23,,24/10/2023,A VOZ DO MEIER,,,UNICAMENTE,"ANDRES LEVIN,ANDRES LEVIN,CAMUS MARE CELLI,DEBORAH BLANDO,ERIC BAPTISTA,GORDON GRODY,REPPOLHO",DEBORAH BLANDO,,,,"BMG,SONY MUSIC PUBLISHING,BMG,SHAPTA PRODUCOES MUSICAIS,IMMED SOLUTION ED MUSIC,UNIVERSAL MGB,UNIVERSAL MGB",,,,0,0
Globo,MusicCueSheet_TvAberta_Outubro2023.xlsx,MusicCueSheet_TvAberta_Out23,,24/10/2023,A VOZ DO MEIER,,,UPTOWN FUNK,"BRUNO MARS,CHARLIE WILSON,DEVON GALLASPY,JEFF BHASKER,LONNIE SIMMONS,MARK RONSON,NICHOLAUS WILLIAMS,PHILLIP LAWRENCE,ROBERT WILSON,RONNIE WILSON,RUDY TAYLOR","BRUNO MARS,MARK RONSON",,,,"WARNER CHAPPELL,BMG,SONY MUSIC PUBLISHING,SONY MUSIC PUBLISHING,BMG,PEERMUSIC,ABRAMUS,WARNER CHAPPELL,BMG,BMG,BMG",,,,0,0
Globo,MusicCueSheet_TvAberta_Outubro2023.xlsx,MusicCueSheet_TvAberta_Out23,,24/10/2023,A VOZ DO MEIER,,,WORK FEAT DRAKE,"ALLEN RITTER,DRAKE,JAHRON BRAITHWAITE,MATTHEW SAMUELS,MONTE MOIR,MONTE MOIR,RICHARD STEPHENSON,RIHANNA,RUPERT JR THOMAS",PAULO GUSTAVO,,,,"SONY MUSIC PUBLISHING,A DESCOBRIR,WARNER CHAPPELL,SONY MUSIC PUBLISHING,A DESCOBRIR,UNIVERSAL MGB,A DESCOBRIR,SONY MUSIC PUBLISHING,SONY MUSIC PUBLISHING",,,,0,0
Globo,MusicCueSheet_TvAberta_Outubro2023.xlsx,MusicCueSheet_TvAberta_Out23,,25/10/2023,5933,,,HOMEM PRIMATA,"CIRO PESSOA,MARCELO FROMER,NANDO REIS,SERGIO BRITO",TITAS,,,,"WARNER CHAPPELL,WARNER CHAPPELL,WARNER CHAPPELL,WARNER CHAPPELL",WARNER CHAPPELL,,,0,0
Globo,MusicCueSheet_TvAberta_Outubro2023.xlsx,MusicCueSheet_TvAberta_Out23,,25/10/2023,5933,,,PARABENS A VOCE,"LEA MAGALHAES,MILDRED J HILL,PATTY S HILL",BANDA CARA DE PAU,,,,"WARNER CHAPPELL,DP,DP",INDEPENDENTE,,,0,0
Globo,MusicCueSheet_TvAberta_Outubro2023.xlsx,MusicCueSheet_TvAberta_Out23,,25/10/2023,5933,,,HOMEM PRIMATA,"CIRO PESSOA,MARCELO FROMER,NANDO REIS,SERGIO BRITO",TITAS,,,,"WARNER CHAPPELL,WARNER CHAPPELL,WARNER CHAPPELL,WARNER CHAPPELL",WARNER CHAPPELL,,,0,0
Globo,MusicCueSheet_TvAberta_Outubro2023.xlsx,MusicCueSheet_TvAberta_Out23,,25/10/2023,VIRGEM DE 40 ANOS,,,AMOR E AMIZADE,"CHARLLES ANDRE,LUIZ CLAUDIO PICOLE",EXALTASAMBA,,,,"UNIVERSAL MGB,SONY MUSIC PUBLISHING",,,,0,0
Globo,MusicCueSheet_TvAberta_Outubro2023.xlsx,MusicCueSheet_TvAberta_Out23,,25/10/2023,VIRGEM DE 40 ANOS,,,BOLA REBOLA,"ANDRE MURILO DA SILVA,ANITTA,HAILEY COLLIER,ISAAC DANIEL JUNIOR,J BALVIN,JAZELLE PARIS RODRIGUEZ,ZE GONZALES","ANITTA,J BALVIN,MC ZAAC,TROPKILLAZ",,,,"BMG,SONY MUSIC PUBLISHING,ABRAMUS,UNIVERSAL MGB,UNIVERSAL MGB,PEERMUSIC,BMG",,,,0,0
Globo,MusicCueSheet_TvAberta_Outubro2023.xlsx,MusicCueSheet_TvAberta_Out23,,25/10/2023,VIRGEM DE 40 ANOS,,,CILADA,"DELCIO LUIZ,RONALDO BARCELLOS",MOLEJO,,,,"WARNER CHAPPELL,SONY MUSIC PUBLISHING",,,,0,0
Globo,MusicCueSheet_TvAberta_Outubro2023.xlsx,MusicCueSheet_TvAberta_Out23,,25/10/2023,VIRGEM DE 40 ANOS,,,FULERAGEM,"DJ GEGE,MC WM",MC WM,,,,"WARNER CHAPPELL,WARNER CHAPPELL",,,,0,0
Globo,MusicCueSheet_TvAberta_Outubro2023.xlsx,MusicCueSheet_TvAberta_Out23,,25/10/2023,VIRGEM DE 40 ANOS,,,HOJE E DIA DE MALDADE,"JEFFERSON JUNIOR,NEGO DO BOREL,NEGO DO BOREL,UMBERTO TAVARES",NEGO DO BOREL,,,,"SONY MUSIC PUBLISHING,BMG,SONY MUSIC PUBLISHING,BMG",,,,0,0
Globo,MusicCueSheet_TvAberta_Outubro2023.xlsx,MusicCueSheet_TvAberta_Out23,,25/10/2023,VIRGEM DE 40 ANOS,,,LIKE A VIRGIN,"BILLY STEINBERG,TOM KELLY",MADONNA,,,,"SONY MUSIC PUBLISHING,SONY MUSIC PUBLISHING",,,,0,0
Globo,MusicCueSheet_TvAberta_Outubro2023.xlsx,MusicCueSheet_TvAberta_Out23,,25/10/2023,VIRGEM DE 40 ANOS,,,NEM TCHUM,"DANILO D AVILA,DIEGO SILVEIRA,JUNIOR PEPATO,JUNIOR PEPATO,RAFA BORGES",MAIARA E MARAISA,,,,"BMG,BMG,BMG,MUSICA NOSSA PRODUCOES MUSICAIS,BMG",,,,0,0
Globo,MusicCueSheet_TvAberta_Outubro2023.xlsx,MusicCueSheet_TvAberta_Out23,,25/10/2023,VIRGEM DE 40 ANOS,,,PLEASE ME,"CARDI B,JAMES FAUNTLEROY,JEREMY REEVES,JONATHAN YIP,PETER GENE HERNANDEZ,RAY CHARLES MCCULLOUGH II,RAY ROMULUS,RAY ROMULUS","BRUNO MARS,CARDI B",,,,"SONY MUSIC PUBLISHING,A DESCOBRIR,WARNER CHAPPELL,WARNER CHAPPELL,WARNER CHAPPELL,A DESCOBRIR,A DESCOBRIR,SONY MUSIC PUBLISHING",,,,0,0
Globo,MusicCueSheet_TvAberta_Outubro2023.xlsx,MusicCueSheet_TvAberta_Out23,,26/10/2023,2909,,,LOVE OF MY LIFE,FREDDIE MERCURY,LUISA SONZA,,,,SONY MUSIC PUBLISHING,,,,0,0
Globo,MusicCueSheet_TvAberta_Outubro2023.xlsx,MusicCueSheet_TvAberta_Out23,,26/10/2023,26102023,,,MARIANA,"DP,MARCOS LUPORINI",GALINHA PINTADINHA,,,,"DP,SONY MUSIC PUBLISHING",,,,0,0
Globo,MusicCueSheet_TvAberta_Outubro2023.xlsx,MusicCueSheet_TvAberta_Out23,,26/10/2023,5934,,,AMARELINHA,"ALBERTO PAZ,EDSON MENEZES,LEANDRO LEHART",ART POPULAR,,,,"ADDAF,ADDAF,ADDAF",ADDAF,,,0,0
Globo,MusicCueSheet_TvAberta_Outubro2023.xlsx,MusicCueSheet_TvAberta_Out23,,26/10/2023,5934,,,ENVOLVER,"ANITTA,CRISTIAN ANDRES SALAZAR,FREDDY MONTALVO ALICEA,JOSE CARLOS CRUZ,JULIO MANUEL GONZALE,JULIO MANUEL GONZALE",ANITTA,,,,"SONY MUSIC PUBLISHING,SONY MUSIC PUBLISHING,UNIVERSAL MGB,UNIVERSAL MGB,ABRAMUS,SONY MUSIC PUBLISHING",,,,0,0
Globo,MusicCueSheet_TvAberta_Outubro2023.xlsx,MusicCueSheet_TvAberta_Out23,,26/10/2023,5934,,,INTERESSANTE,"LINCOLN PEDROSA DE LIMA,RODRIGO OLIVEIRA",FERRUGEM,,,,"SONY MUSIC PUBLISHING,WARNER CHAPPELL",,,,0,0
Globo,MusicCueSheet_TvAberta_Outubro2023.xlsx,MusicCueSheet_TvAberta_Out23,,26/10/2023,5934,,,NOSSO GRITO,"ANDRE RENATO,RIQUINHO,SERENO",FERRUGEM,,,,"WARNER CHAPPELL,UNIVERSAL MGB,WARNER CHAPPELL",,,,0,0
Globo,MusicCueSheet_TvAberta_Outubro2023.xlsx,MusicCueSheet_TvAberta_Out23,,26/10/2023,5934,,,PARABENS A VOCE,"LEA MAGALHAES,MILDRED J HILL,PATTY S HILL",BANDA CARA DE PAU,,,,"WARNER CHAPPELL,DP,DP",,,,0,0
Globo,MusicCueSheet_TvAberta_Outubro2023.xlsx,MusicCueSheet_TvAberta_Out23,,26/10/2023,5934,,,PARABENS A VOCE,"LEA MAGALHAES,MILDRED J HILL,PATTY S HILL",BANDA CARA DE PAU,,,,"WARNER CHAPPELL,DP,DP",,,,0,0
Globo,MusicCueSheet_TvAberta_Outubro2023.xlsx,MusicCueSheet_TvAberta_Out23,,26/10/2023,5934,,,ACORDA PRA VIDA  SOU MAIS VOCE,"IRA BUSCACCIO,JORGE CARDOSO,JORGE CARDOSO",ANA MARIA BRAGA,,,,"UNIVERSAL MGB,A DESCOBRIR,SONY MUSIC PUBLISHING",,,,0,0
Globo,MusicCueSheet_TvAberta_Outubro2023.xlsx,MusicCueSheet_TvAberta_Out23,,26/10/2023,5934,,,PIRATA E TESOURO,"ANDRE RENATO,MARQUINHO INDIO",FERRUGEM,,,,"WARNER CHAPPELL,SONY MUSIC PUBLISHING",,,,0,0
Globo,MusicCueSheet_TvAberta_Outubro2023.xlsx,MusicCueSheet_TvAberta_Out23,,26/10/2023,SUBURBIO ADVENTURE,,,BANG,"ANITTA,JEFFERSON JUNIOR,UMBERTO TAVARES",ANITTA,FULL MIX,,,"SONY MUSIC PUBLISHING,BMG,ORB MUSIC",WARNER MUSIC,,,0,0
Globo,MusicCueSheet_TvAberta_Outubro2023.xlsx,MusicCueSheet_TvAberta_Out23,,26/10/2023,SUBURBIO ADVENTURE,,,BELIEVE,"BRIAN HIGGINS,PAUL BARRY,PAUL BARRY,STEVE TORCH,STEVE TORCH",CHER,,,,"WARNER CHAPPELL,PEERMUSIC,UNIVERSAL MGB,BMG,SONY MUSIC PUBLISHING",,,,0,0
Globo,MusicCueSheet_TvAberta_Outubro2023.xlsx,MusicCueSheet_TvAberta_Out23,,26/10/2023,SUBURBIO ADVENTURE,,,BIG BIG WORLD,"EMILIA,YOGI",EMILIA RYDBERG,,,,"SONY MUSIC PUBLISHING,SONY MUSIC PUBLISHING",,,,0,0
Globo,MusicCueSheet_TvAberta_Outubro2023.xlsx,MusicCueSheet_TvAberta_Out23,,26/10/2023,SUBURBIO ADVENTURE,,,FROZEN,"MADONNA,PATRICK LEONARD,PATRICK LEONARD",MADONNA,,,,"WARNER CHAPPELL,ABRAMUS,SONY MUSIC PUBLISHING",,,,0,0
Globo,MusicCueSheet_TvAberta_Outubro2023.xlsx,MusicCueSheet_TvAberta_Out23,,26/10/2023,SUBURBIO ADVENTURE,,,IF IT MAKES YOU HAPPY,"JEFF TROTT,JEFF TROTT,SHERYL CROW",SHERYL CROW,,,,"FERMATA,PEERMUSIC,WARNER CHAPPELL",,,,0,0
Globo,MusicCueSheet_TvAberta_Outubro2023.xlsx,MusicCueSheet_TvAberta_Out23,,26/10/2023,SUBURBIO ADVENTURE,,,PAREDAO METRALHADORA,"ALDO REBOUCAS,TAYS REIS",BANDA VINGADORA,,,,"ALDO REBOUCAS,TAYS REIS",,,,0,0
Globo,MusicCueSheet_TvAberta_Outubro2023.xlsx,MusicCueSheet_TvAberta_Out23,,26/10/2023,SUBURBIO ADVENTURE,,,RHAPSODY IN BLUE,GEORGE GERSHWIN,GEORGE GERSHWIN,,,,WARNER CHAPPELL,,,,0,0
Globo,MusicCueSheet_TvAberta_Outubro2023.xlsx,MusicCueSheet_TvAberta_Out23,,26/10/2023,SUBURBIO ADVENTURE,,,SATISFACTION,"KEITH RICHARDS,MICK JAGGER",DEVO,,,,"SONY MUSIC PUBLISHING,SONY MUSIC PUBLISHING",,,,0,0
Globo,MusicCueSheet_TvAberta_Outubro2023.xlsx,MusicCueSheet_TvAberta_Out23,,26/10/2023,SUBURBIO ADVENTURE,,,TARA S THEME  GONE WITH THE WIND,MAX STEINER,MAX STEINER,,,,SONY MUSIC PUBLISHING,,,,0,0
Globo,MusicCueSheet_TvAberta_Outubro2023.xlsx,MusicCueSheet_TvAberta_Out23,,26/10/2023,SUBURBIO ADVENTURE,,,TOMBEI,"KAROL CONKA,LAUDZ,ZEGON","KAROL CONKA,TROPIKILLAZ",,,,"SONY MUSIC PUBLISHING,BMG,BMG",,,,0,0
Globo,MusicCueSheet_TvAberta_Outubro2023.xlsx,MusicCueSheet_TvAberta_Out23,,27/10/2023,2910,,,TO COM SAUDADE,"LUIZ CLAUDIO PICOLE,PRATEADO",RODRIGUINHO,,,,"WARNER CHAPPELL,WARNER CHAPPELL",,,,0,0
Globo,MusicCueSheet_TvAberta_Outubro2023.xlsx,MusicCueSheet_TvAberta_Out23,,27/10/2023,2910,,,TO TE FILMANDO (SORRIA),"ARNALDO SACCOMANI,THAIS NASCIMENTO",RODRIGUINHO,,,,"SONY MUSIC PUBLISHING,DECK",,,,0,0
Globo,MusicCueSheet_TvAberta_Outubro2023.xlsx,MusicCueSheet_TvAberta_Out23,,27/10/2023,2910,,,PRESSENTIMENTO,"FABINHO RODRIGUEZ,GAAB,MC LIVINHO",RODRIGUINHO,,,,"A DESCOBRIR,WARNER CHAPPELL,SONY MUSIC PUBLISHING",,,,0,0
Globo,MusicCueSheet_TvAberta_Outubro2023.xlsx,MusicCueSheet_TvAberta_Out23,,27/10/2023,27102023,,,UMA CASA PORTUGUESA,"ARTHUR FONSECA,REINALDO FERREIRA,VASCO MATOS SEQUEIRA",TERESA JESUS,,,,"ADDAF,ADDAF,ADDAF",,,,0,0
Globo,MusicCueSheet_TvAberta_Outubro2023.xlsx,MusicCueSheet_TvAberta_Out23,,27/10/2023,27102023,,,UMA CASA PORTUGUESA,"ARTHUR FONSECA,REINALDO FERREIRA,VASCO MATOS SEQUEIRA",AMALIA RODRIGUES,,,,"ADDAF,ADDAF,ADDAF",,,,0,0
Globo,MusicCueSheet_TvAberta_Outubro2023.xlsx,MusicCueSheet_TvAberta_Out23,,27/10/2023,27102023,,,BATE O PE,"KATIA MARIA,ROBERTO LEAL",TERESA JESUS,,,,"FERMATA,FERMATA",,,,0,0
Globo,MusicCueSheet_TvAberta_Outubro2023.xlsx,MusicCueSheet_TvAberta_Out23,,27/10/2023,27102023,,,UMA CASA PORTUGUESA,"ARTHUR FONSECA,REINALDO FERREIRA,VASCO MATOS SEQUEIRA",AMALIA RODRIGUES,,,,"ADDAF,ADDAF,ADDAF",,,,0,0
Globo,MusicCueSheet_TvAberta_Outubro2023.xlsx,MusicCueSheet_TvAberta_Out23,,27/10/2023,27102023,,,UMA CASA PORTUGUESA,"ARTHUR FONSECA,REINALDO FERREIRA,VASCO MATOS SEQUEIRA",TERESA JESUS,,,,"ADDAF,ADDAF,ADDAF",,,,0,0
Globo,MusicCueSheet_TvAberta_Outubro2023.xlsx,MusicCueSheet_TvAberta_Out23,,27/10/2023,27102023,,,UMA CASA PORTUGUESA,"ARTHUR FONSECA,REINALDO FERREIRA,VASCO MATOS SEQUEIRA",AMALIA RODRIGUES,,,,"ADDAF,ADDAF,ADDAF",,,,0,0
Globo,MusicCueSheet_TvAberta_Outubro2023.xlsx,MusicCueSheet_TvAberta_Out23,,27/10/2023,27102023,,,VOU DAR DE BEBER A DOR,ALBERTO FIALHO JANES,AMALIA RODRIGUES,,,,ADDAF,,,,0,0
Globo,MusicCueSheet_TvAberta_Outubro2023.xlsx,MusicCueSheet_TvAberta_Out23,,27/10/2023,27102023,,,BATE O PE,"KATIA MARIA,ROBERTO LEAL",ROBERTO LEAL,,,,"FERMATA,FERMATA",,,,0,0
Globo,MusicCueSheet_TvAberta_Outubro2023.xlsx,MusicCueSheet_TvAberta_Out23,,27/10/2023,27102023,,,OS CAMPEOES,"MARCIA LUCIA,ROBERTO LEAL","ROBERTO LEAL,JOGADORES DA PORTUGUESA",,,,"WARNER CHAPPELL,WARNER CHAPPELL",,,,0,0
Globo,MusicCueSheet_TvAberta_Outubro2023.xlsx,MusicCueSheet_TvAberta_Out23,,27/10/2023,27102023,,,OS CAMPEOES,"MARCIA LUCIA,ROBERTO LEAL",ROBERTO LEAL,,,,"WARNER CHAPPELL,WARNER CHAPPELL",,,,0,0
Globo,MusicCueSheet_TvAberta_Outubro2023.xlsx,MusicCueSheet_TvAberta_Out23,,27/10/2023,27102023,,,ARREBITA,ROBERTO LEAL,TERESA JESUS,,,,FERMATA,,,,0,0
Globo,MusicCueSheet_TvAberta_Outubro2023.xlsx,MusicCueSheet_TvAberta_Out23,,27/10/2023,27102023,,,UMA CASA PORTUGUESA,"ARTHUR FONSECA,REINALDO FERREIRA,VASCO MATOS SEQUEIRA",TERESA JESUS,,,,"ADDAF,ADDAF,ADDAF",,,,0,0
Globo,MusicCueSheet_TvAberta_Outubro2023.xlsx,MusicCueSheet_TvAberta_Out23,,27/10/2023,5935,,,FLOR DE LIS,DJAVAN,DJAVAN,,,,LUANDA,,,,0,0
Globo,MusicCueSheet_TvAberta_Outubro2023.xlsx,MusicCueSheet_TvAberta_Out23,,27/10/2023,5935,,,SAMURAI,DJAVAN,DJAVAN,,,,LUANDA,,,,0,0
Globo,MusicCueSheet_TvAberta_Outubro2023.xlsx,MusicCueSheet_TvAberta_Out23,,27/10/2023,5935,,,OCEANO,DJAVAN,DJAVAN,,,,LUANDA,,,,0,0
Globo,MusicCueSheet_TvAberta_Outubro2023.xlsx,MusicCueSheet_TvAberta_Out23,,27/10/2023,5935,,,LILAS,DJAVAN,DJAVAN,,,,LUANDA,,,,0,0
Globo,MusicCueSheet_TvAberta_Outubro2023.xlsx,MusicCueSheet_TvAberta_Out23,,27/10/2023,5935,,,SE,DJAVAN,DJAVAN,,,,LUANDA,LUANDA,,,0,0
Globo,MusicCueSheet_TvAberta_Outubro2023.xlsx,MusicCueSheet_TvAberta_Out23,,27/10/2023,5935,,,VIDA REAL,"HAN SOME,PAUL POST,PAULO RICARDO,RUD VOERMAN",PAULO RICARDO,,,,"ROCKING GORILLAS,BMG,BMG,BMG",PR MUSIC,,,0,0
Globo,MusicCueSheet_TvAberta_Outubro2023.xlsx,MusicCueSheet_TvAberta_Out23,,27/10/2023,5935,,,VIDA REAL,"HAN SOME,PAUL POST,PAULO RICARDO,RUD VOERMAN",PAULO RICARDO,,,,"ROCKING GORILLAS,BMG,BMG,BMG",PR MUSIC,,,0,0
Globo,MusicCueSheet_TvAberta_Outubro2023.xlsx,MusicCueSheet_TvAberta_Out23,,27/10/2023,5935,,,PARABENS A VOCE,"LEA MAGALHAES,MILDRED J HILL,PATTY S HILL",BANDA CARA DE PAU,,,,"WARNER CHAPPELL,DP,DP",INDEPENDENTE,,,0,0
Globo,MusicCueSheet_TvAberta_Outubro2023.xlsx,MusicCueSheet_TvAberta_Out23,,27/10/2023,5935,,,PARABENS A VOCE,"LEA MAGALHAES,MILDRED J HILL,PATTY S HILL",BANDA CARA DE PAU,,,,"WARNER CHAPPELL,DP,DP",INDEPENDENTE,,,0,0
Globo,MusicCueSheet_TvAberta_Outubro2023.xlsx,MusicCueSheet_TvAberta_Out23,,27/10/2023,5935,,,FLOR DE LIS,DJAVAN,DJAVAN,,,,LUANDA,LUANDA,,,0,0
Globo,MusicCueSheet_TvAberta_Outubro2023.xlsx,MusicCueSheet_TvAberta_Out23,,27/10/2023,5935,,,FLOR DE LIS,DJAVAN,DJAVAN,,,,LUANDA,LUANDA,,,0,0
Globo,MusicCueSheet_TvAberta_Outubro2023.xlsx,MusicCueSheet_TvAberta_Out23,,27/10/2023,NOVELA DE EPOCA,,,CORCOVADO,TOM JOBIM,ASTRUD GILBERTO,,,,JOBIM MUSIC,,,,0,0
Globo,MusicCueSheet_TvAberta_Outubro2023.xlsx,MusicCueSheet_TvAberta_Out23,,27/10/2023,NOVELA DE EPOCA,,,FALANDO DE AMOR,TOM JOBIM,TOM JOBIM,,,,JOBIM MUSIC,,,,0,0
Globo,MusicCueSheet_TvAberta_Outubro2023.xlsx,MusicCueSheet_TvAberta_Out23,,27/10/2023,NOVELA DE EPOCA,,,LUA SOBERANA,"IVAN LINS,VITOR MARTINS",CATARINA ABDALLA,,,,"NOSSA MUSICA,MIRAMAR",,,,0,0
Globo,MusicCueSheet_TvAberta_Outubro2023.xlsx,MusicCueSheet_TvAberta_Out23,,27/10/2023,NOVELA DE EPOCA,,,MEIA LUA INTEIRA,CARLINHOS BROWN,CAETANO VELOSO,,,,WARNER CHAPPELL,,,,0,0
Globo,MusicCueSheet_TvAberta_Outubro2023.xlsx,MusicCueSheet_TvAberta_Out23,,27/10/2023,NOVELA DE EPOCA,,,NUNCA,LUPICINIO RODRIGUES,ADRIANA CALCANHOTO,,,,VITALE,,,,0,0
Globo,MusicCueSheet_TvAberta_Outubro2023.xlsx,MusicCueSheet_TvAberta_Out23,,27/10/2023,NOVELA DE EPOCA,,,PRISIONEIRA,"JOAO MELLO,PAULO CESAR PINHEIRO",ELIZABETH CARDOSO,,,,"SONY MUSIC PUBLISHING,SONY MUSIC PUBLISHING",,,,0,0
Globo,MusicCueSheet_TvAberta_Outubro2023.xlsx,MusicCueSheet_TvAberta_Out23,,27/10/2023,NOVELA DE EPOCA,,,REI DO GADO,"LUIZ SCHIAVON,MARCELO BARBOSA,NIL BERNARDES",ORQUESTRA DA TERRA,FULL MIX,,,"WARNER CHAPPELL,WARNER CHAPPELL,WARNER CHAPPELL",WARNER,,,0,0
Globo,MusicCueSheet_TvAberta_Outubro2023.xlsx,MusicCueSheet_TvAberta_Out23,,27/10/2023,NOVELA DE EPOCA,,,RETIRANTES,"DORIVAL CAYMMI,JORGE AMADO",DORIVAL CAYMMI,,,,"SONY MUSIC PUBLISHING,COPYRIGHTS",,,,0,0
Globo,MusicCueSheet_TvAberta_Outubro2023.xlsx,MusicCueSheet_TvAberta_Out23,,27/10/2023,NOVELA DE EPOCA,,,SUAVE VENENO,"ALDIR BLANC,CRISTOVAO BASTOS",NANA CAYMMI,,,,"SONY MUSIC PUBLISHING,SONY MUSIC PUBLISHING",,,,0,0
Globo,MusicCueSheet_TvAberta_Outubro2023.xlsx,MusicCueSheet_TvAberta_Out23,,27/10/2023,NOVELA DE EPOCA,,,TARA S THEME  GONE WITH THE WIND,MAX STEINER,MAX STEINER,,,,SONY MUSIC PUBLISHING,,,,0,0
Globo,MusicCueSheet_TvAberta_Outubro2023.xlsx,MusicCueSheet_TvAberta_Out23,,27/10/2023,NOVELA DE EPOCA,,,XICA DA SILVA,"JORGE BENJOR,JORGE BENJOR",JORGE BEN JOR,,,,"LDL PUBLICIDADE,VON LEHMANN 33 INC",,,,0,0
Globo,MusicCueSheet_TvAberta_Outubro2023.xlsx,MusicCueSheet_TvAberta_Out23,,27/10/2023,NOVELA DE EPOCA,,,XICA RAINHA,MARCUS VIANA,XICA DA SILVA,,,,NOWA,,,,0,0
Globo,MusicCueSheet_TvAberta_Outubro2023.xlsx,MusicCueSheet_TvAberta_Out23,,28/10/2023,1137,,,VEM QUENTE QUE EU ESTOU FERVENDO,"CARLOS IMPERIAL,EDUARDO ARAUJO",BANDA ALTAS HORAS,,,,"FERMATA,FERMATA",,,,0,0
Globo,MusicCueSheet_TvAberta_Outubro2023.xlsx,MusicCueSheet_TvAberta_Out23,,28/10/2023,1137,,,VEM QUENTE QUE EU ESTOU FERVENDO,"CARLOS IMPERIAL,EDUARDO ARAUJO",BANDA ALTAS HORAS,,,,"FERMATA,FERMATA",,,,0,0
Globo,MusicCueSheet_TvAberta_Outubro2023.xlsx,MusicCueSheet_TvAberta_Out23,,28/10/2023,1137,,,O SHOW TEM QUE CONTINUAR,"ARLINDO CRUZ,LUIZ CARLOS DA VILA,SOMBRINHA",FUNDO DE QUINTAL,,,,"WARNER CHAPPELL,UNIVERSAL MGB,WARNER CHAPPELL",,,,0,0
Globo,MusicCueSheet_TvAberta_Outubro2023.xlsx,MusicCueSheet_TvAberta_Out23,,28/10/2023,1137,,,VA SE BENZER,"DECO SIMOES,EMERSON TAQUARI,LEO REIS,SERGIO ROCHA",PRETA GIL,,,,"DECO SIMOES,EMERSON TAQUARI,LEONARDO REIS,SONY MUSIC PUBLISHING",,,,0,0
Globo,MusicCueSheet_TvAberta_Outubro2023.xlsx,MusicCueSheet_TvAberta_Out23,,28/10/2023,1137,,,FILME TRISTE,"JOHN D LOUDERMILK,ROMEU NUNES",EVINHA,,,,"SONY MUSIC PUBLISHING,SONY MUSIC PUBLISHING",,,,0,0
Globo,MusicCueSheet_TvAberta_Outubro2023.xlsx,MusicCueSheet_TvAberta_Out23,,28/10/2023,1137,,,VOU DE TAXI,"ALOYSIO REIS,ALOYSIO REIS,BIAFRA,BIAFRA,ETHIENE RODA GIL,ETHIENE RODA GIL,FRANK LANGOBOFF","BANDA ALTAS HORAS,ANGELICA",,,,"SONY MUSIC PUBLISHING,WARNER CHAPPELL,SONY MUSIC PUBLISHING,WARNER CHAPPELL,SONY MUSIC PUBLISHING,WARNER CHAPPELL,WARNER CHAPPELL",,,,0,0
Globo,MusicCueSheet_TvAberta_Outubro2023.xlsx,MusicCueSheet_TvAberta_Out23,,28/10/2023,1137,,,PE NA AREIA,"CAUIQUE,DIOGO LEITE,RODRIGO LEITE",BANDA ALTAS HORAS,,,,"OLE OLA,OLE OLA,OLE OLA",,,,0,0
Globo,MusicCueSheet_TvAberta_Outubro2023.xlsx,MusicCueSheet_TvAberta_Out23,,28/10/2023,1137,,,VOU FESTEJAR,"DIDA,JORGE ARAGAO,NEOCI DIAS",FUNDO DE QUINTAL,,,,"WARNER CHAPPELL,WARNER CHAPPELL,WARNER CHAPPELL",,,,0,0
Globo,MusicCueSheet_TvAberta_Outubro2023.xlsx,MusicCueSheet_TvAberta_Out23,,28/10/2023,1137,,,SINAIS DE FOGO,"ANA CAROLINA,TOTONHO VILLEROY","BANDA ALTAS HORAS, PRETA GIL",,,,"SONY MUSIC PUBLISHING,UNIVERSAL MGB",,,,0,0
Globo,MusicCueSheet_TvAberta_Outubro2023.xlsx,MusicCueSheet_TvAberta_Out23,,28/10/2023,1137,,,PALCO,GILBERTO GIL,"BANDA ALTAS HORAS, PRETA GIL",,,,SONY MUSIC PUBLISHING,,,,0,0
Globo,MusicCueSheet_TvAberta_Outubro2023.xlsx,MusicCueSheet_TvAberta_Out23,,28/10/2023,1137,,,A AMIZADE,"BICUDO,CLEBER AUGUSTO,DJALMA FALCAO",FUNDO DE QUINTAL,,,,"WARNER CHAPPELL,WARNER CHAPPELL,WARNER CHAPPELL",,,,0,0
Globo,MusicCueSheet_TvAberta_Outubro2023.xlsx,MusicCueSheet_TvAberta_Out23,,28/10/2023,1137,,,GANGNAM STYLE,"GUN HYUNG YOO,PSY",BANDA ALTAS HORAS,,,,"SONY MUSIC PUBLISHING,UNIVERSAL MGB",,,,0,0
Globo,MusicCueSheet_TvAberta_Outubro2023.xlsx,MusicCueSheet_TvAberta_Out23,,28/10/2023,1137,,,CHEIA DE CHARME,GUILHERME ARANTES,BANDA ALTAS HORAS,,,,SONY MUSIC PUBLISHING,,,,0,0
Globo,MusicCueSheet_TvAberta_Outubro2023.xlsx,MusicCueSheet_TvAberta_Out23,,28/10/2023,1137,,,CASACO MARROM,"DANILO CAYMMI,GUARABYRA,RENATO CORREA,RENATO CORREA",EVINHA,,,,"SONY MUSIC PUBLISHING,SONY MUSIC PUBLISHING,A DESCOBRIR,SONY MUSIC PUBLISHING",,,,0,0
Globo,MusicCueSheet_TvAberta_Outubro2023.xlsx,MusicCueSheet_TvAberta_Out23,,28/10/2023,1137,,,VARIAS QUEIXAS,"AFRO JHOW,GERMANO MENEGHEL,NARCISINHO SANTOS",BANDA ALTAS HORAS,,,,"FARO FINO,FARO FINO,FARO FINO",,,,0,0
Globo,MusicCueSheet_TvAberta_Outubro2023.xlsx,MusicCueSheet_TvAberta_Out23,,28/10/2023,1137,,,ESTUPIDO CUPIDO,"FRED JORGE,HOWARD GREENFIELD,NEIL SEDAKA",BANDA ALTAS HORAS,,,,"SONY MUSIC PUBLISHING,SONY MUSIC PUBLISHING,SONY MUSIC PUBLISHING",,,,0,0
Globo,MusicCueSheet_TvAberta_Outubro2023.xlsx,MusicCueSheet_TvAberta_Out23,,28/10/2023,1137,,,FOGO E PAIXAO,ROSE,BANDA ALTAS HORAS,,,,PEERMUSIC,,,,0,0
Globo,MusicCueSheet_TvAberta_Outubro2023.xlsx,MusicCueSheet_TvAberta_Out23,,28/10/2023,1137,,,FOGO E PAIXAO,ROSE,BANDA ALTAS HORAS,,,,PEERMUSIC,,,,0,0
Globo,MusicCueSheet_TvAberta_Outubro2023.xlsx,MusicCueSheet_TvAberta_Out23,,28/10/2023,428,,,SPRING LOVE,STEVIE B,HILLS ENTERTAINMENT,,,,BMG,HILLS ENTERTAINMENT,,,0,0
Globo,MusicCueSheet_TvAberta_Outubro2023.xlsx,MusicCueSheet_TvAberta_Out23,,28/10/2023,428,,,PAPO DE JACARE,"CARLINHOS,RIVANIL",P.O.BOX,,,,"SONY MUSIC PUBLISHING,UNIVERSAL MGB",EMI BRAZIL,,,0,0
Globo,MusicCueSheet_TvAberta_Outubro2023.xlsx,MusicCueSheet_TvAberta_Out23,,28/10/2023,428,,,PAPO DE JACARE,"CARLINHOS,RIVANIL",P.O.BOX,,,,"SONY MUSIC PUBLISHING,UNIVERSAL MGB",EMI BRAZIL,,,0,0
Globo,MusicCueSheet_TvAberta_Outubro2023.xlsx,MusicCueSheet_TvAberta_Out23,,28/10/2023,428,,,PAPO DE JACARE,"CARLINHOS,RIVANIL",P.O.BOX,,,,"SONY MUSIC PUBLISHING,UNIVERSAL MGB",EMI BRAZIL,,,0,0
Globo,MusicCueSheet_TvAberta_Outubro2023.xlsx,MusicCueSheet_TvAberta_Out23,,28/10/2023,428,,,PAPO DE JACARE,"CARLINHOS,RIVANIL",P.O.BOX,,,,"SONY MUSIC PUBLISHING,UNIVERSAL MGB",EMI BRAZIL,,,0,0
Globo,MusicCueSheet_TvAberta_Outubro2023.xlsx,MusicCueSheet_TvAberta_Out23,,28/10/2023,428,,,PAPO DE JACARE,"CARLINHOS,RIVANIL",P.O.BOX,,,,"SONY MUSIC PUBLISHING,UNIVERSAL MGB",EMI BRAZIL,,,0,0
Globo,MusicCueSheet_TvAberta_Outubro2023.xlsx,MusicCueSheet_TvAberta_Out23,,28/10/2023,428,,,PAPO DE JACARE,"CARLINHOS,RIVANIL",P.O.BOX,,,,"SONY MUSIC PUBLISHING,UNIVERSAL MGB",EMI BRAZIL,,,0,0
Globo,MusicCueSheet_TvAberta_Outubro2023.xlsx,MusicCueSheet_TvAberta_Out23,,28/10/2023,428,,,SPRING LOVE,STEVIE B,STEVIE B,,,,BMG,HILLS ENTERTAINMENT,,,0,0
Globo,MusicCueSheet_TvAberta_Outubro2023.xlsx,MusicCueSheet_TvAberta_Out23,,28/10/2023,428,,,SPRING LOVE,STEVIE B,STEVIE B,,,,BMG,HILLS ENTERTAINMENT,,,0,0
Globo,MusicCueSheet_TvAberta_Outubro2023.xlsx,MusicCueSheet_TvAberta_Out23,,28/10/2023,428,,,SPRING LOVE,STEVIE B,STEVIE B,,,,BMG,HILLS ENTERTAINMENT,,,0,0
Globo,MusicCueSheet_TvAberta_Outubro2023.xlsx,MusicCueSheet_TvAberta_Out23,,28/10/2023,428,,,SPRING LOVE,STEVIE B,STEVIE B,,,,BMG,HILLS ENTERTAINMENT,,,0,0
Globo,MusicCueSheet_TvAberta_Outubro2023.xlsx,MusicCueSheet_TvAberta_Out23,,28/10/2023,428,,,IN MY EYES,STEVEN HILL,STEVIE B,,,,BMG,RED ROOM DISTRIBUTION,,,0,0
Globo,MusicCueSheet_TvAberta_Outubro2023.xlsx,MusicCueSheet_TvAberta_Out23,,28/10/2023,428,,,BECAUSE I LOVE YOU,STEVIE B,STEVIE B,,,,A DESCOBRIR,RED ROOM DISTRIBUTION,,,0,0
Globo,MusicCueSheet_TvAberta_Outubro2023.xlsx,MusicCueSheet_TvAberta_Out23,,28/10/2023,428,,,IN MY EYES,STEVEN HILL,STEVIE B,,,,BMG,RED ROOM DISTRIBUTION,,,0,0
Globo,MusicCueSheet_TvAberta_Outubro2023.xlsx,MusicCueSheet_TvAberta_Out23,,28/10/2023,428,,,IN MY EYES,STEVEN HILL,STEVIE B,,,,BMG,RED ROOM DISTRIBUTION,,,0,0
Globo,MusicCueSheet_TvAberta_Outubro2023.xlsx,MusicCueSheet_TvAberta_Out23,,28/10/2023,428,,,SPRING LOVE,STEVIE B,STEVIE B,,,,BMG,HILLS ENTERTAINMENT,,,0,0
Globo,MusicCueSheet_TvAberta_Outubro2023.xlsx,MusicCueSheet_TvAberta_Out23,,28/10/2023,428,,,PAPO DE JACARE,"CARLINHOS,RIVANIL",P.O.BOX,,,,"SONY MUSIC PUBLISHING,UNIVERSAL MGB",EMI,,,0,0
Globo,MusicCueSheet_TvAberta_Outubro2023.xlsx,MusicCueSheet_TvAberta_Out23,,28/10/2023,428,,,SPRING LOVE,STEVIE B,STEVIE B,,,,BMG,HILLS ENTERTAINMENT,,,0,0
Globo,MusicCueSheet_TvAberta_Outubro2023.xlsx,MusicCueSheet_TvAberta_Out23,,28/10/2023,428,,,SPRING LOVE,STEVIE B,STEVIE B,,,,BMG,HILLS ENTERTAINMENT,,,0,0
Globo,MusicCueSheet_TvAberta_Outubro2023.xlsx,MusicCueSheet_TvAberta_Out23,,28/10/2023,428,,,I WANNA BE THE ONE,"DADGEL ATABAY,HILL STEVIE B,STEVE B",STEVE B,,,,"WARNER CHAPPELL,WARNER CHAPPELL,WARNER CHAPPELL",,,,0,0
Globo,MusicCueSheet_TvAberta_Outubro2023.xlsx,MusicCueSheet_TvAberta_Out23,,28/10/2023,428,,,I WANNA BE THE ONE,"DADGEL ATABAY,HILL STEVIE B,STEVE B",STEVE B,,,,"WARNER CHAPPELL,WARNER CHAPPELL,WARNER CHAPPELL",RED ROOM DISTRIBUTION,,,0,0
Globo,MusicCueSheet_TvAberta_Outubro2023.xlsx,MusicCueSheet_TvAberta_Out23,,28/10/2023,428,,,IN MY EYES,STEVEN HILL,STEVIE B,,,,BMG,RED ROOM DISTRIBUTION,,,0,0
Globo,MusicCueSheet_TvAberta_Outubro2023.xlsx,MusicCueSheet_TvAberta_Out23,,28/10/2023,428,,,SPRING LOVE,STEVIE B,STEVIE B,,,,BMG,,,,0,0
Globo,MusicCueSheet_TvAberta_Outubro2023.xlsx,MusicCueSheet_TvAberta_Out23,,28/10/2023,428,,,SPRING LOVE,STEVIE B,STEVIE B,,,,BMG,,,,0,0
Globo,MusicCueSheet_TvAberta_Outubro2023.xlsx,MusicCueSheet_TvAberta_Out23,,28/10/2023,428,,,PAPO DE JACARE,"CARLINHOS,RIVANIL",P.O.BOX,,,,"SONY MUSIC PUBLISHING,UNIVERSAL MGB",EMI,,,0,0
Globo,MusicCueSheet_TvAberta_Outubro2023.xlsx,MusicCueSheet_TvAberta_Out23,,28/10/2023,28102023,,,AI PAI PIRRACA,ALANA SARA,A DAMA,,,,A DESCOBRIR,,,,0,0
Globo,MusicCueSheet_TvAberta_Outubro2023.xlsx,MusicCueSheet_TvAberta_Out23,,28/10/2023,28102023,,,SALVE,"TASHA,TRACIE",TASHA E TRACIE,,,,"A DESCOBRIR,A DESCOBRIR",,,,0,0
Globo,MusicCueSheet_TvAberta_Outubro2023.xlsx,MusicCueSheet_TvAberta_Out23,,28/10/2023,28102023,,,COISA DE PELE,"ACYR MARQUES,JORGE ARAGAO",JORGE ARAGAO,,,,"WARNER CHAPPELL,WARNER CHAPPELL",,,,0,0
Globo,MusicCueSheet_TvAberta_Outubro2023.xlsx,MusicCueSheet_TvAberta_Out23,,28/10/2023,28102023,,,ABRE CAMINHO,DIOGO ALVARO FERREIRA MONCORVO,BACO EXU DO BLUES,,,,A DESCOBRIR,,,,0,0
Globo,MusicCueSheet_TvAberta_Outubro2023.xlsx,MusicCueSheet_TvAberta_Out23,,28/10/2023,28102023,,,PROCURA O BRINCO,"MONA STAR,TITICA",TITICA,,,,"A DESCOBRIR,A DESCOBRIR",,,,0,0
Globo,MusicCueSheet_TvAberta_Outubro2023.xlsx,MusicCueSheet_TvAberta_Out23,,28/10/2023,28102023,,,POVOADA,SUED NUNES,SUED NUNES,,,,A DESCOBRIR,,,,0,0
Globo,MusicCueSheet_TvAberta_Outubro2023.xlsx,MusicCueSheet_TvAberta_Out23,,28/10/2023,28102023,,,SEU BALANCE,"PAULINHO REZENDE,TONINHO GERAES",TONINHO GERAES,,,,"UNIVERSAL MGB,UNIVERSAL MGB",,,,0,0
Globo,MusicCueSheet_TvAberta_Outubro2023.xlsx,MusicCueSheet_TvAberta_Out23,,28/10/2023,28102023,,,SHAKE IT OFF,"MAX MARTIN,SHELLBACK,TAYLOR SWIFT,TAYLOR SWIFT",TAYLOR SWIFT,,,,"ABRAMUS,ABRAMUS,SONY MUSIC PUBLISHING,UNIVERSAL MGB",,,,0,0
Globo,MusicCueSheet_TvAberta_Outubro2023.xlsx,MusicCueSheet_TvAberta_Out23,,28/10/2023,28102023,,,READY FOR IT,"ALI PAYAMI,MAX MARTIN,SHELLBACK,TAYLOR SWIFT",TAYLOR SWIFT,,,,"WARNER CHAPPELL,ABRAMUS,ABRAMUS,SONY MUSIC PUBLISHING",UNIVERSAL,,,0,0
Globo,MusicCueSheet_TvAberta_Outubro2023.xlsx,MusicCueSheet_TvAberta_Out23,,28/10/2023,28102023,,,ME,"BRENDON URIE,JOEL LITTLE,TAYLOR SWIFT",TAYLOR SWIFT,,,,"ABRAMUS,SONY MUSIC PUBLISHING,SONY MUSIC PUBLISHING",UNIVERSAL,,,0,0
Globo,MusicCueSheet_TvAberta_Outubro2023.xlsx,MusicCueSheet_TvAberta_Out23,,28/10/2023,28102023,,,SHAKE IT OFF,"MAX MARTIN,SHELLBACK,TAYLOR SWIFT,TAYLOR SWIFT",TAYLOR SWIFT,,,,"ABRAMUS,ABRAMUS,SONY MUSIC PUBLISHING,UNIVERSAL MGB",UNIVERSAL,,,0,0
Globo,MusicCueSheet_TvAberta_Outubro2023.xlsx,MusicCueSheet_TvAberta_Out23,,28/10/2023,28102023,,,READY FOR IT,"ALI PAYAMI,MAX MARTIN,SHELLBACK,TAYLOR SWIFT",TAYLOR SWIFT,,,,"WARNER CHAPPELL,ABRAMUS,ABRAMUS,SONY MUSIC PUBLISHING",UNIVERSAL,,,0,0
Globo,MusicCueSheet_TvAberta_Outubro2023.xlsx,MusicCueSheet_TvAberta_Out23,,28/10/2023,28102023,,,SORRY,"JULIA MICHAELS,JUSTIN BIEBER,JUSTIN TRANTER,MARSHALL AUGUST GRANT,MICHAEL TUCKER,MICHAEL TUCKER,SONNY MOORE",JUSTIN BIEBER,,,,"WARNER CHAPPELL,UNIVERSAL MGB,WARNER CHAPPELL,BMG,ABRAMUS,PEERMUSIC,ABRAMUS",,,,0,0
Globo,MusicCueSheet_TvAberta_Outubro2023.xlsx,MusicCueSheet_TvAberta_Out23,,28/10/2023,28102023,,,I DID SOMETHING BAD,"MAX MARTIN,SHELLBACK,TAYLOR SWIFT",TAYLOR SWIFT,,,,"A DESCOBRIR,A DESCOBRIR,A DESCOBRIR",,,,0,0
Globo,MusicCueSheet_TvAberta_Outubro2023.xlsx,MusicCueSheet_TvAberta_Out23,,28/10/2023,MUDANCA DE HABITO,,,AQUARIUS,"GALT MACDERMOT,GEROME RAGNI,JAMES RADO",THE 5TH DIMENSION,,,,"SONY MUSIC PUBLISHING,SONY MUSIC PUBLISHING,SONY MUSIC PUBLISHING",,,,0,0
Globo,MusicCueSheet_TvAberta_Outubro2023.xlsx,MusicCueSheet_TvAberta_Out23,,28/10/2023,MUDANCA DE HABITO,,,DANCA DO CREU,MC CREU,MC CREU,,,,VRC PRODUCOES ARTISTICAS LTDA,,,,0,0
Globo,MusicCueSheet_TvAberta_Outubro2023.xlsx,MusicCueSheet_TvAberta_Out23,,28/10/2023,MUDANCA DE HABITO,,,DE LADINHO,"BOGHAN COSTA,GUSTAVO DI DALVA,LEO BIT BIT",BANDA EVA,,,,"UNIVERSAL MGB,UNIVERSAL MGB,UNIVERSAL MGB",,,,0,0
Globo,MusicCueSheet_TvAberta_Outubro2023.xlsx,MusicCueSheet_TvAberta_Out23,,28/10/2023,MUDANCA DE HABITO,,,ENERGIAS DILATADAS,"GUILHERME ROCHA,MARCO LUQUE,RICH BONADIO",MARCO LUQUE,,,,"A DESCOBRIR,A DESCOBRIR,A DESCOBRIR",,,,0,0
Globo,MusicCueSheet_TvAberta_Outubro2023.xlsx,MusicCueSheet_TvAberta_Out23,,28/10/2023,MUDANCA DE HABITO,,,ENERGIAS DILATADAS,"GUILHERME ROCHA,MARCO LUQUE,RICH BONADIO",MARCO LUQUE,,,,"A DESCOBRIR,A DESCOBRIR,A DESCOBRIR",,,,0,0
Globo,MusicCueSheet_TvAberta_Outubro2023.xlsx,MusicCueSheet_TvAberta_Out23,,28/10/2023,MUDANCA DE HABITO,,,GET UP STAND UP,"BOB MARLEY,PETER TOSH",BOB MARLEY,,,,"UNIVERSAL MGB,ROCKING GORILLAS",,,,0,0
Globo,MusicCueSheet_TvAberta_Outubro2023.xlsx,MusicCueSheet_TvAberta_Out23,,28/10/2023,MUDANCA DE HABITO,,,I SAW THE LIGHT,TODD RUNDGREN,TODD RUNDGREN,,,,SONY MUSIC PUBLISHING,,,,0,0
Globo,MusicCueSheet_TvAberta_Outubro2023.xlsx,MusicCueSheet_TvAberta_Out23,,28/10/2023,MUDANCA DE HABITO,,,JA SEI NAMORAR,"ARNALDO ANTUNES,CARLINHOS BROWN,MARISA MONTE",SAMANTHA SCHMUTZ,,,,"BOA MUSIC RIGHTS,SONY MUSIC PUBLISHING,UNIVERSAL MGB",,,,0,0
Globo,MusicCueSheet_TvAberta_Outubro2023.xlsx,MusicCueSheet_TvAberta_Out23,,28/10/2023,MUDANCA DE HABITO,,,LIBERDADE PRA DENTRO DA CABECA,ALEXANDRE CARLO CRUZ,NATIRUTS,,,,SONY MUSIC PUBLISHING,,,,0,0
Globo,MusicCueSheet_TvAberta_Outubro2023.xlsx,MusicCueSheet_TvAberta_Out23,,28/10/2023,MUDANCA DE HABITO,,,NAMORAR PELADO - BEIJO NA BOCA,MC PELE,MC PELE,,,,UNIVERSAL MGB,,,,0,0
Globo,MusicCueSheet_TvAberta_Outubro2023.xlsx,MusicCueSheet_TvAberta_Out23,,28/10/2023,MUDANCA DE HABITO,,,NOITE PRETA,"CILMARA BELDAGUE,VANGE LEONEL",VANGE LEONEL,,,,"SONY MUSIC PUBLISHING,SONY MUSIC PUBLISHING",,,,0,0
Globo,MusicCueSheet_TvAberta_Outubro2023.xlsx,MusicCueSheet_TvAberta_Out23,,28/10/2023,MUDANCA DE HABITO,,,ONE LOVE,BOB MARLEY,BOB MARLEY,,,,UNIVERSAL MGB,,,,0,0
Globo,MusicCueSheet_TvAberta_Outubro2023.xlsx,MusicCueSheet_TvAberta_Out23,,28/10/2023,MUDANCA DE HABITO,,,TUDO POR NADA,"DENNIS MORGAN,PAULO RICARDO,PAULO RICARDO,SIMON CLIMIE",PAULO RICARDO,,,,"WARNER CHAPPELL,SONY MUSIC PUBLISHING,WARNER CHAPPELL,SONY MUSIC PUBLISHING",,,,0,0
Globo,MusicCueSheet_TvAberta_Outubro2023.xlsx,MusicCueSheet_TvAberta_Out23,,28/10/2023,MUDANCA DE HABITO,,,VAI QUE COLA,MATHEUS ALEIXO PINTO,FILHOS DE JORGE,,,,UNIVERSAL MGB,,,,0,0
Globo,MusicCueSheet_TvAberta_Outubro2023.xlsx,MusicCueSheet_TvAberta_Out23,,28/10/2023,MUDANCA DE HABITO,,,YOU SPIN ME ROUND,"MICHAEL DAVID PERCY,PETER JOZZEPI BURNS,STEPHEN COY,TIMOTHY JOHN LEVER",DEAD OR ALIVE,,,,"A DESCOBRIR,WARNER CHAPPELL,WARNER CHAPPELL,A DESCOBRIR",,,,0,0
Globo,MusicCueSheet_TvAberta_Outubro2023.xlsx,MusicCueSheet_TvAberta_Out23,,29/10/2023,112,,,THRILLER,ROD TEMPERTON,MICHAEL JACKSON,,,,WARNER CHAPPELL,WARNER CHAPPELL MUSIC,,,0,0
Globo,MusicCueSheet_TvAberta_Outubro2023.xlsx,MusicCueSheet_TvAberta_Out23,,29/10/2023,112,,,GET DOWN TONIGHT,"HARRY WAYNE CASEY,RONALD FINCH","ROUGH TRADERS,MARVIN ALOYS,5&DIME",,,,"SONY MUSIC PUBLISHING,SONY MUSIC PUBLISHING",GREENMOUNTAIN,,,0,0
Globo,MusicCueSheet_TvAberta_Outubro2023.xlsx,MusicCueSheet_TvAberta_Out23,,29/10/2023,112,,,ALL AROUND THE WORLD,"ALEX CHRISTENSEN,ALEXEJ POTECHIN,PETER KOENEMANN,SERGEJ ZHUKOV","A TOUCH OF CLASS,R3HAB",,,,"SONY MUSIC PUBLISHING,A DESCOBRIR,SONY MUSIC PUBLISHING,A DESCOBRIR",VIRGIN,,,0,0
Globo,MusicCueSheet_TvAberta_Outubro2023.xlsx,MusicCueSheet_TvAberta_Out23,,29/10/2023,112,,,ALL AROUND THE WORLD,"ALEX CHRISTENSEN,ALEXEJ POTECHIN,PETER KOENEMANN,SERGEJ ZHUKOV","A TOUCH OF CLASS,R3HAB",,,,"SONY MUSIC PUBLISHING,A DESCOBRIR,SONY MUSIC PUBLISHING,A DESCOBRIR",VIRGIN,,,0,0
Globo,MusicCueSheet_TvAberta_Outubro2023.xlsx,MusicCueSheet_TvAberta_Out23,,29/10/2023,112,,,SWEET CAROLINE,NEIL DIAMOND,DIE CAMPBELLS,,,,UNIVERSAL MGB,CAMPBELL MUSIC ENTERTAINMENT,,,0,0
Globo,MusicCueSheet_TvAberta_Outubro2023.xlsx,MusicCueSheet_TvAberta_Out23,,29/10/2023,112,,,SWEET CAROLINE,NEIL DIAMOND,DIE CAMPBELLS,,,,UNIVERSAL MGB,CAMPBELL MUSIC ENTERTAINMENT,,,0,0
Globo,MusicCueSheet_TvAberta_Outubro2023.xlsx,MusicCueSheet_TvAberta_Out23,,29/10/2023,112,,,TAMANQUEIRO,"ELIZIO DE BUZIOS,RIBEIRO",ELIZIO DE BUZIOS,,,,"WARNER CHAPPELL,WARNER CHAPPELL",UNIVERSAL MUSIC LTDA,,,0,0
Globo,MusicCueSheet_TvAberta_Outubro2023.xlsx,MusicCueSheet_TvAberta_Out23,,29/10/2023,112,,,TAMANQUEIRO,"ELIZIO DE BUZIOS,RIBEIRO",ELIZIO DE BUZIOS,,,,"WARNER CHAPPELL,WARNER CHAPPELL",,,,0,0
Globo,MusicCueSheet_TvAberta_Outubro2023.xlsx,MusicCueSheet_TvAberta_Out23,,29/10/2023,112,,,O MUNDO E UM MOINHO,CARTOLA,ORQUESTRA PETROBRAS SINFÔNICA,,,,UNIVERSAL MGB,DECKDISC,,,0,0
Globo,MusicCueSheet_TvAberta_Outubro2023.xlsx,MusicCueSheet_TvAberta_Out23,,29/10/2023,112,,,TAMANQUEIRO,"ELIZIO DE BUZIOS,RIBEIRO",ELIZIO DE BUZIOS,,,,"WARNER CHAPPELL,WARNER CHAPPELL",,,,0,0
Globo,MusicCueSheet_TvAberta_Outubro2023.xlsx,MusicCueSheet_TvAberta_Out23,,29/10/2023,112,,,MALANDRO,"JORGE ARAGAO,JOTABE","JORGE ARAGAO,ELIZIO DE BUZIOS",,,,"WARNER CHAPPELL,WARNER CHAPPELL",,,,0,0
Globo,MusicCueSheet_TvAberta_Outubro2023.xlsx,MusicCueSheet_TvAberta_Out23,,29/10/2023,112,,,BODY ON MY,"ANDREW FEDYK,ANDREW ORTIZ,ARMANDO C. PEREZ,CASSIO LOPEZ,JOSEPH DEPACE,MARLON MCCLAIN JR,NICK HENRIQUES,NICK RIVERA CAMINERO","BRANDO,LOUD LUXURY,NICKY JAM,PITBULL",,,,"A DESCOBRIR,A DESCOBRIR,A DESCOBRIR,A DESCOBRIR,A DESCOBRIR,A DESCOBRIR,A DESCOBRIR,A DESCOBRIR","ULTRA INTERNATIONAL MUSIC PUBLISHING, LLC",,,0,0
Globo,MusicCueSheet_TvAberta_Outubro2023.xlsx,MusicCueSheet_TvAberta_Out23,,29/10/2023,112,,,BODY ON MY,"ANDREW FEDYK,ANDREW ORTIZ,ARMANDO C. PEREZ,CASSIO LOPEZ,JOSEPH DEPACE,MARLON MCCLAIN JR,NICK HENRIQUES,NICK RIVERA CAMINERO","BRANDO,LOUD LUXURY,NICKY JAM,PITBULL",,,,"A DESCOBRIR,A DESCOBRIR,A DESCOBRIR,A DESCOBRIR,A DESCOBRIR,A DESCOBRIR,A DESCOBRIR,A DESCOBRIR","ULTRA INTERNATIONAL MUSIC PUBLISHING, LLC",,,0,0
Globo,MusicCueSheet_TvAberta_Outubro2023.xlsx,MusicCueSheet_TvAberta_Out23,,29/10/2023,112,,,LIL BOO THANG,"AL MCKAY,MAURICE WHITE,PAUL RUSSELL,SEAN COOK",PAUL RUSSELL,,,,"SONY MUSIC PUBLISHING,SONY MUSIC PUBLISHING,A DESCOBRIR,A DESCOBRIR",ARISTA RECORDS,,,0,0
Globo,MusicCueSheet_TvAberta_Outubro2023.xlsx,MusicCueSheet_TvAberta_Out23,,29/10/2023,112,,,LIL BOO THANG,"AL MCKAY,MAURICE WHITE,PAUL RUSSELL,SEAN COOK",PAUL RUSSELL,,,,"SONY MUSIC PUBLISHING,SONY MUSIC PUBLISHING,A DESCOBRIR,A DESCOBRIR",ARISTA RECORDS,,,0,0
Globo,MusicCueSheet_TvAberta_Outubro2023.xlsx,MusicCueSheet_TvAberta_Out23,,29/10/2023,112,,,FAZER O BEM NAO IMPORTA A QUEM,"DIEGO GUIMARAES,JAIR RODRIGUES,MATEUS LADJE,WILSON SIMONINHA","JAIR RODRIGUES MELLO DE OLIVEIRA,WILSON SIMONINHA,DIEGO GUIMARAES,MATEUS LADJE",,,,"A DESCOBRIR,A DESCOBRIR,A DESCOBRIR,A DESCOBRIR",,,,0,0
Globo,MusicCueSheet_TvAberta_Outubro2023.xlsx,MusicCueSheet_TvAberta_Out23,,29/10/2023,112,,,BOLA DE MEIA BOLA DE GUDE,"FERNANDO BRANT,MILTON NASCIMENTO",14 BIS,,,,"TRES PONTAS,SONY MUSIC PUBLISHING",SONY MUSIC PUBLISHING,,,0,0
Globo,MusicCueSheet_TvAberta_Outubro2023.xlsx,MusicCueSheet_TvAberta_Out23,,29/10/2023,112,,,BOLA DE MEIA BOLA DE GUDE,"FERNANDO BRANT,MILTON NASCIMENTO",14 BIS,,,,"TRES PONTAS,SONY MUSIC PUBLISHING",SONY MUSIC PUBLISHING,,,0,0
Globo,MusicCueSheet_TvAberta_Outubro2023.xlsx,MusicCueSheet_TvAberta_Out23,,29/10/2023,112,,,BOLA DE MEIA BOLA DE GUDE,"FERNANDO BRANT,MILTON NASCIMENTO",14 BIS,,,,"TRES PONTAS,SONY MUSIC PUBLISHING",SONY MUSIC PUBLISHING,,,0,0
Globo,MusicCueSheet_TvAberta_Outubro2023.xlsx,MusicCueSheet_TvAberta_Out23,,29/10/2023,112,,,BOLA DE MEIA BOLA DE GUDE,"FERNANDO BRANT,MILTON NASCIMENTO",14 BIS,,,,"TRES PONTAS,SONY MUSIC PUBLISHING",SONY MUSIC PUBLISHING,,,0,0
Globo,MusicCueSheet_TvAberta_Outubro2023.xlsx,MusicCueSheet_TvAberta_Out23,,29/10/2023,112,,,BOLA DE MEIA BOLA DE GUDE,"FERNANDO BRANT,MILTON NASCIMENTO",14 BIS,,,,"TRES PONTAS,SONY MUSIC PUBLISHING",SONY MUSIC PUBLISHING,,,0,0
Globo,MusicCueSheet_TvAberta_Outubro2023.xlsx,MusicCueSheet_TvAberta_Out23,,29/10/2023,112,,,RODA VIVA,CHICO BUARQUE,"FRANCISCO,EL HOMBRE",,,,MAROLA,DIFUSA FRONTEIRA,,,0,0
Globo,MusicCueSheet_TvAberta_Outubro2023.xlsx,MusicCueSheet_TvAberta_Out23,,29/10/2023,112,,,RODA VIVA,CHICO BUARQUE,"FRANCISCO,EL HOMBRE",,,,MAROLA,DIFUSA FRONTEIRA,,,0,0
Globo,MusicCueSheet_TvAberta_Outubro2023.xlsx,MusicCueSheet_TvAberta_Out23,,29/10/2023,112,,,RODA VIVA,CHICO BUARQUE,"EL HOMBRE,FRANCISCO",,,,MAROLA,DIFUSA FRONTEIRA,,,0,0
Globo,MusicCueSheet_TvAberta_Outubro2023.xlsx,MusicCueSheet_TvAberta_Out23,,29/10/2023,112,,,RODA VIVA,CHICO BUARQUE,"FRANCISCO,EL HOMBRE",,,,MAROLA,DIFUSA FRONTEIRA,,,0,0
Globo,MusicCueSheet_TvAberta_Outubro2023.xlsx,MusicCueSheet_TvAberta_Out23,,29/10/2023,112,,,TUDO O QUE VOCE PODIA SER,"LO BORGES,MARCIO BORGES",MILTON NASCIMENTO,,,,"SONY MUSIC PUBLISHING,SONY MUSIC PUBLISHING",UNIVERSAL MUSIC LTDA,,,0,0
Globo,MusicCueSheet_TvAberta_Outubro2023.xlsx,MusicCueSheet_TvAberta_Out23,,29/10/2023,112,,,TUDO O QUE VOCE PODIA SER,"LO BORGES,MARCIO BORGES",MILTON NASCIMENTO,,,,"SONY MUSIC PUBLISHING,SONY MUSIC PUBLISHING",UNIVERSAL MUSIC LTDA,,,0,0
Globo,MusicCueSheet_TvAberta_Outubro2023.xlsx,MusicCueSheet_TvAberta_Out23,,29/10/2023,112,,,TUDO O QUE VOCE PODIA SER,"LO BORGES,MARCIO BORGES",MILTON NASCIMENTO,,,,"SONY MUSIC PUBLISHING,SONY MUSIC PUBLISHING",UNIVERSAL MUSIC LTDA,,,0,0
Globo,MusicCueSheet_TvAberta_Outubro2023.xlsx,MusicCueSheet_TvAberta_Out23,,29/10/2023,112,,,O SOPRO DO FOLE,ZECA VELOSO,ZECA VELOSO,,,,UNS E OUTROS,SONY MUSIC ENTERTAINMENT,,,0,0
Globo,MusicCueSheet_TvAberta_Outubro2023.xlsx,MusicCueSheet_TvAberta_Out23,,29/10/2023,112,,,O SOPRO DO FOLE,ZECA VELOSO,ZECA VELOSO,,,,UNS E OUTROS,SONY MUSIC ENTERTAINMENT,,,0,0
Globo,MusicCueSheet_TvAberta_Outubro2023.xlsx,MusicCueSheet_TvAberta_Out23,,29/10/2023,112,,,O SOPRO DO FOLE,ZECA VELOSO,ZECA VELOSO,,,,UNS E OUTROS,SONY MUSIC ENTERTAINMENT,,,0,0
Globo,MusicCueSheet_TvAberta_Outubro2023.xlsx,MusicCueSheet_TvAberta_Out23,,29/10/2023,112,,,O SOPRO DO FOLE,ZECA VELOSO,ZECA VELOSO,,,,UNS E OUTROS,SONY MUSIC ENTERTAINMENT,,,0,0
Globo,MusicCueSheet_TvAberta_Outubro2023.xlsx,MusicCueSheet_TvAberta_Out23,,29/10/2023,112,,,MINAS E LOGO ALI,"ALMIR SATER,ERIC SILVER,RENATO TEIXEIRA","ALMIR SATER,RENATO TEIXEIRA",,,,"A DESCOBRIR,A DESCOBRIR,A DESCOBRIR",UNIVERSAL MUSIC LTDA,,,0,0
Globo,MusicCueSheet_TvAberta_Outubro2023.xlsx,MusicCueSheet_TvAberta_Out23,,29/10/2023,112,,,MINAS E LOGO ALI,"ALMIR SATER,ERIC SILVER,RENATO TEIXEIRA","ALMIR SATER,RENATO TEIXEIRA",,,,"A DESCOBRIR,A DESCOBRIR,A DESCOBRIR",UNIVERSAL MUSIC LTDA,,,0,0
Globo,MusicCueSheet_TvAberta_Outubro2023.xlsx,MusicCueSheet_TvAberta_Out23,,29/10/2023,112,,,LACOS,"DUCA LEINDECKER,TIAGO IORC",TIAGO IORC,,,,"IORC PRODUCOES ARTISTICAS LTDA,SONY MUSIC PUBLISHING",UNIVERSAL MUSIC LTDA,,,0,0
Globo,MusicCueSheet_TvAberta_Outubro2023.xlsx,MusicCueSheet_TvAberta_Out23,,29/10/2023,112,,,LACOS,"DUCA LEINDECKER,TIAGO IORC",TIAGO IORC,,,,"IORC PRODUCOES ARTISTICAS LTDA,SONY MUSIC PUBLISHING",UNIVERSAL MUSIC LTDA,,,0,0
Globo,MusicCueSheet_TvAberta_Outubro2023.xlsx,MusicCueSheet_TvAberta_Out23,,29/10/2023,112,,,LACOS,"DUCA LEINDECKER,TIAGO IORC",TIAGO IORC,,,,"IORC PRODUCOES ARTISTICAS LTDA,SONY MUSIC PUBLISHING",UNIVERSAL MUSIC LTDA,,,0,0
Globo,MusicCueSheet_TvAberta_Outubro2023.xlsx,MusicCueSheet_TvAberta_Out23,,29/10/2023,112,,,ROMARIA,RENATO TEIXEIRA,RENATO TEIXEIRA,,,,WARNER CHAPPELL,SONY BMG MUSIC ENTERTAINMENT,,,0,0
Globo,MusicCueSheet_TvAberta_Outubro2023.xlsx,MusicCueSheet_TvAberta_Out23,,29/10/2023,112,,,REBELLION LIES,"HOWARD BILERMAN,REGINE CHASSAGNE,RICHARD R PARRY,TIM KINGSBURY,WIN BUTLER",ARCADE FIRE,,,,"SONY MUSIC PUBLISHING,SONY MUSIC PUBLISHING,SONY MUSIC PUBLISHING,SONY MUSIC PUBLISHING,SONY MUSIC PUBLISHING",SONY MUSIC CG,,,0,0
Globo,MusicCueSheet_TvAberta_Outubro2023.xlsx,MusicCueSheet_TvAberta_Out23,,29/10/2023,112,,,MAE,CHICO CHICO,CHICO CHICO,,,,WARNER CHAPPELL,SELIM DE MUSICA,,,0,0
Globo,MusicCueSheet_TvAberta_Outubro2023.xlsx,MusicCueSheet_TvAberta_Out23,,29/10/2023,112,,,GENTE HUMILDE,"CHICO BUARQUE,GAROTO,VINICIUS DE MORAES",MARIA BETHÂNIA,,,,"MAROLA,CARA NOVA,CARA NOVA",BISCOITO FINO,,,0,0
Globo,MusicCueSheet_TvAberta_Outubro2023.xlsx,MusicCueSheet_TvAberta_Out23,,29/10/2023,112,,,NINGUEM,"CHICO CHICO,FRAN","CHICO CHICO,FRAN",,,,"UNIVERSAL MGB,UNIVERSAL MGB",BLACKTAPE,,,0,0
Globo,MusicCueSheet_TvAberta_Outubro2023.xlsx,MusicCueSheet_TvAberta_Out23,,29/10/2023,112,,,NINGUEM,"CHICO CHICO,FRAN","CHICO CHICO,FRAN",,,,"UNIVERSAL MGB,UNIVERSAL MGB",BLACKTAPE,,,0,0
Globo,MusicCueSheet_TvAberta_Outubro2023.xlsx,MusicCueSheet_TvAberta_Out23,,29/10/2023,112,,,NINGUEM,"CHICO CHICO,FRAN","CHICO CHICO,FRAN",,,,"UNIVERSAL MGB,UNIVERSAL MGB",BLACKTAPE,,,0,0
Globo,MusicCueSheet_TvAberta_Outubro2023.xlsx,MusicCueSheet_TvAberta_Out23,,29/10/2023,112,,,NINGUEM,"CHICO CHICO,FRAN",FRAN & CHICO CHICO,,,,"UNIVERSAL MGB,UNIVERSAL MGB",BLACKTAPE,,,0,0
Globo,MusicCueSheet_TvAberta_Outubro2023.xlsx,MusicCueSheet_TvAberta_Out23,,29/10/2023,112,,,MINAS E LOGO ALI,"ALMIR SATER,ERIC SILVER,RENATO TEIXEIRA","ALMIR SATER,RENATO TEIXEIRA",,,,"A DESCOBRIR,A DESCOBRIR,A DESCOBRIR",UNIVERSAL MUSIC LTDA,,,0,0
Globo,MusicCueSheet_TvAberta_Outubro2023.xlsx,MusicCueSheet_TvAberta_Out23,,29/10/2023,112,,,MINAS E LOGO ALI,"ALMIR SATER,ERIC SILVER,RENATO TEIXEIRA","ALMIR SATER,RENATO TEIXEIRA",,,,"A DESCOBRIR,A DESCOBRIR,A DESCOBRIR",UNIVERSAL MUSIC LTDA,,,0,0
Globo,MusicCueSheet_TvAberta_Outubro2023.xlsx,MusicCueSheet_TvAberta_Out23,,29/10/2023,112,,,QUEM SABE ISSO QUER DIZER AMOR,"LO BORGES,MARCIO BORGES",MILTON NASCIMENTO,,,,"SONY MUSIC PUBLISHING,SONY MUSIC PUBLISHING",SAVOY,,,0,0
Globo,MusicCueSheet_TvAberta_Outubro2023.xlsx,MusicCueSheet_TvAberta_Out23,,29/10/2023,112,,,PRA MELHORAR,"FLOR,MARISA MONTE,SEU JORGE","FLOR,MARISA MONTE,SEU JORGE",,,,"A DESCOBRIR,UNIVERSAL MGB,SONY MUSIC PUBLISHING",SONY MUSIC ENTERTAINMENT,,,0,0
Globo,MusicCueSheet_TvAberta_Outubro2023.xlsx,MusicCueSheet_TvAberta_Out23,,29/10/2023,112,,,PRA MELHORAR,"FLOR,MARISA MONTE,SEU JORGE","FLOR,MARISA MONTE,SEU JORGE",,,,"A DESCOBRIR,UNIVERSAL MGB,SONY MUSIC PUBLISHING",SONY MUSIC ENTERTAINMENT,,,0,0
Globo,MusicCueSheet_TvAberta_Outubro2023.xlsx,MusicCueSheet_TvAberta_Out23,,29/10/2023,112,,,MARIA MARIA,"FERNANDO BRANT,MILTON NASCIMENTO",LUDMILLA,,,,"TRES PONTAS,SONY MUSIC PUBLISHING",WM BRAZIL,,,0,0
Globo,MusicCueSheet_TvAberta_Outubro2023.xlsx,MusicCueSheet_TvAberta_Out23,,29/10/2023,112,,,FAZER O BEM NAO IMPORTA A QUEM,"DIEGO GUIMARAES,JAIR RODRIGUES,MATEUS LADJE,WILSON SIMONINHA","DIEGO GUIMARAES,JAIR RODRIGUES,MATEUS LADJE,WILSON SIMONINHA",,,,"A DESCOBRIR,A DESCOBRIR,A DESCOBRIR,A DESCOBRIR",,,,0,0
Globo,MusicCueSheet_TvAberta_Outubro2023.xlsx,MusicCueSheet_TvAberta_Out23,,29/10/2023,112,,,EU E VOCE SEMPRE,"FLAVIO CARDOSO,JORGE ARAGAO",JORGE ARAGAO,,,,"NOWA,NOWA",,,,0,0
Globo,MusicCueSheet_TvAberta_Outubro2023.xlsx,MusicCueSheet_TvAberta_Out23,,29/10/2023,112,,,EU E VOCE SEMPRE,"FLAVIO CARDOSO,JORGE ARAGAO",JORGE ARAGAO,,,,"NOWA,NOWA",,,,0,0
Globo,MusicCueSheet_TvAberta_Outubro2023.xlsx,MusicCueSheet_TvAberta_Out23,,29/10/2023,112,,,EU E VOCE SEMPRE,"FLAVIO CARDOSO,JORGE ARAGAO",JORGE ARAGÃO,,,,"NOWA,NOWA",,,,0,0
Globo,MusicCueSheet_TvAberta_Outubro2023.xlsx,MusicCueSheet_TvAberta_Out23,,29/10/2023,29102023,,,PARABENS A VOCE,"LEA MAGALHAES,MILDRED J HILL,PATTY S HILL",TORCEDORA DO SANTOS,,,,"WARNER CHAPPELL,DP,DP",,,,0,0
Globo,MusicCueSheet_TvAberta_Outubro2023.xlsx,MusicCueSheet_TvAberta_Out23,,29/10/2023,29102023,,,MANTO DO TIMAO,"MC HARIEL,MC KEVIN,MC RYAN SP",MC HARIEL,,,,"A DESCOBRIR,A DESCOBRIR,A DESCOBRIR",,,,0,0
Globo,MusicCueSheet_TvAberta_Outubro2023.xlsx,MusicCueSheet_TvAberta_Out23,,29/10/2023,29102023,,,RESPEITA O MEU PEIXAO,"DANIEL MONTEIRO CRONFLI,MC BIN LADEN",MC BIN LADEN,,,,"A DESCOBRIR,A DESCOBRIR",,,,0,0
Globo,MusicCueSheet_TvAberta_Outubro2023.xlsx,MusicCueSheet_TvAberta_Out23,,29/10/2023,29102023,,,VOU BUSCAR,MC HARIEL,MC HARIEL,,,,A DESCOBRIR,,,,0,0
Globo,MusicCueSheet_TvAberta_Outubro2023.xlsx,MusicCueSheet_TvAberta_Out23,,29/10/2023,29102023,,,MINHA EX,MC BIN LADEN,MC BIN LADEN,,,,A DESCOBRIR,,,,0,0
Globo,MusicCueSheet_TvAberta_Outubro2023.xlsx,MusicCueSheet_TvAberta_Out23,,29/10/2023,29102023,,,JENIFER,"ALEEF RODRIGUES,FRED WILIAN,JOAO PALA,JUNINHO AVELAR,JUNIOR LOBO,LEO SOUSA,THALES GUI,THAWAN ALVES",REINALDO,,,,"BMG,R3 PRODUÇÕES,BMG,WARNER CHAPPELL,BMG,BMG,BMG,BMG",,,,0,0
Globo,MusicCueSheet_TvAberta_Outubro2023.xlsx,MusicCueSheet_TvAberta_Out23,,29/10/2023,2610,,,DE VOLTA PRA CASA,"BIBI,JUNIOR LIMA,MAYRA ARDUINI,THALLES HEROVITZ",JUNIOR LIMA,,,,"A DESCOBRIR,A DESCOBRIR,A DESCOBRIR,A DESCOBRIR",,,,0,0
Globo,MusicCueSheet_TvAberta_Outubro2023.xlsx,MusicCueSheet_TvAberta_Out23,,29/10/2023,2610,,,PODEROSA,NELSON KAE,THIAGUINHO,,,,WARNER CHAPPELL,,,,0,0
Globo,MusicCueSheet_TvAberta_Outubro2023.xlsx,MusicCueSheet_TvAberta_Out23,,29/10/2023,2610,,,CARACA MULEKE,"GABRIEL BARRIGA,THIAGUINHO",THIAGUINHO,,,,"SONY MUSIC PUBLISHING,SONY MUSIC PUBLISHING",,,,0,0
Globo,MusicCueSheet_TvAberta_Outubro2023.xlsx,MusicCueSheet_TvAberta_Out23,,29/10/2023,2610,,,DE VOLTA PRA CASA,"BIBI,JUNIOR LIMA,MAYRA ARDUINI,THALLES HEROVITZ",JUNIOR LIMA,,,,"A DESCOBRIR,A DESCOBRIR,A DESCOBRIR,A DESCOBRIR",,,,0,0
Globo,MusicCueSheet_TvAberta_Outubro2023.xlsx,MusicCueSheet_TvAberta_Out23,,29/10/2023,2610,,,NAO DA PRA NAO PENSAR,"JUNIOR,SANDY",SANDY E JUNIOR,,,,"UNIVERSAL MGB,UNIVERSAL MGB",,,,0,0
Globo,MusicCueSheet_TvAberta_Outubro2023.xlsx,MusicCueSheet_TvAberta_Out23,,29/10/2023,2610,,,SUPER HEROI  NAO E FACIL,"JOHN ONDRASIK,JOHN ONDRASIK,MAURICIO GAETANI,MAURICIO GAETANI",JUNIOR,,,,"ABRAMUS,SONY MUSIC PUBLISHING,ABRAMUS,SONY MUSIC PUBLISHING",,,,0,0
Globo,MusicCueSheet_TvAberta_Outubro2023.xlsx,MusicCueSheet_TvAberta_Out23,,29/10/2023,2610,,,PRO DIA NASCER FELIZ,"CAZUZA,FREJAT",JUNIOR,,,,"WARNER CHAPPELL,WARNER CHAPPELL",,,,0,0
Globo,MusicCueSheet_TvAberta_Outubro2023.xlsx,MusicCueSheet_TvAberta_Out23,,29/10/2023,2610,,,SOU,"JUNIOR LIMA,KLEBER,TONY,XORORO",JUNIOR,,,,"NDL PROMOCOES ARTISTICAS,NDL PROMOCOES ARTISTICAS,NDL PROMOCOES ARTISTICAS,NDL PROMOCOES ARTISTICAS",,,,0,0
Globo,MusicCueSheet_TvAberta_Outubro2023.xlsx,MusicCueSheet_TvAberta_Out23,,29/10/2023,2610,,,DE VOLTA PRA CASA,"BIBI,JUNIOR LIMA,MAYRA ARDUINI,THALLES HEROVITZ",JUNIOR LIMA,,,,"A DESCOBRIR,A DESCOBRIR,A DESCOBRIR,A DESCOBRIR",,,,0,0
Globo,MusicCueSheet_TvAberta_Outubro2023.xlsx,MusicCueSheet_TvAberta_Out23,,29/10/2023,2610,,,PODEROSA,NELSON KAE,THIAGUINHO,,,,WARNER CHAPPELL,,,,0,0
Globo,MusicCueSheet_TvAberta_Outubro2023.xlsx,MusicCueSheet_TvAberta_Out23,,29/10/2023,2610,,,CARACA MULEKE,"GABRIEL BARRIGA,THIAGUINHO",THIAGUINHO,,,,"SONY MUSIC PUBLISHING,SONY MUSIC PUBLISHING",,,,0,0
Globo,MusicCueSheet_TvAberta_Outubro2023.xlsx,MusicCueSheet_TvAberta_Out23,,29/10/2023,2610,,,CARACA MULEKE,"GABRIEL BARRIGA,THIAGUINHO",THIAGUINHO,,,,"SONY MUSIC PUBLISHING,SONY MUSIC PUBLISHING",,,,0,0
Globo,MusicCueSheet_TvAberta_Outubro2023.xlsx,MusicCueSheet_TvAberta_Out23,,29/10/2023,2610,,,CARACA MULEKE,"GABRIEL BARRIGA,THIAGUINHO",THIAGUINHO,,,,"SONY MUSIC PUBLISHING,SONY MUSIC PUBLISHING",,,,0,0
Globo,MusicCueSheet_TvAberta_Outubro2023.xlsx,MusicCueSheet_TvAberta_Out23,,29/10/2023,2610,,,FALTA VOCE,"CAUIQUE,DIOGO LEITE,RODRIGO LEITE",THIAGUINHO,,,,"OLE OLA,OLE OLA,OLE OLA",,,,0,0
Globo,MusicCueSheet_TvAberta_Outubro2023.xlsx,MusicCueSheet_TvAberta_Out23,,29/10/2023,2610,,,ELA E DEMAIS,ELIAS MUNIZ,THIAGUINHO,,,,PEERMUSIC,,,,0,0
Globo,MusicCueSheet_TvAberta_Outubro2023.xlsx,MusicCueSheet_TvAberta_Out23,,29/10/2023,2610,,,PODEROSA,NELSON KAE,THIAGUINHO,,,,WARNER CHAPPELL,,,,0,0
Globo,MusicCueSheet_TvAberta_Outubro2023.xlsx,MusicCueSheet_TvAberta_Out23,,29/10/2023,2610,,,A FILA ANDA,"DUDU BORGES,MR DAN,THIAGUINHO",THIAGUINHO,,,,"UNIVERSAL MGB,DECK,SONY MUSIC PUBLISHING",,,,0,0
Globo,MusicCueSheet_TvAberta_Outubro2023.xlsx,MusicCueSheet_TvAberta_Out23,,29/10/2023,2610,,,DEIXA TUDO COMO TA,"DUDU BORGES,THIAGUINHO",THIAGUINHO,,,,"UNIVERSAL MGB,SONY MUSIC PUBLISHING",,,,0,0
Globo,MusicCueSheet_TvAberta_Outubro2023.xlsx,MusicCueSheet_TvAberta_Out23,,29/10/2023,2610,,,PORQUE HOMEM NAO CHORA,RONI DOS TECLADOS,PABLO,,,,SONY MUSIC PUBLISHING,SOM LIVRE,,,0,0
Globo,MusicCueSheet_TvAberta_Outubro2023.xlsx,MusicCueSheet_TvAberta_Out23,,29/10/2023,2610,,,PORQUE HOMEM NAO CHORA,RONI DOS TECLADOS,PABLO,,,,SONY MUSIC PUBLISHING,SOM LIVRE,,,0,0
Globo,MusicCueSheet_TvAberta_Outubro2023.xlsx,MusicCueSheet_TvAberta_Out23,,29/10/2023,29102023,,,MADE IN ROCA,"DAYANE CAMARGO,EVERTON MATOS,GUSTAVO MARTINS,HENRIQUE BATISTA,LARA MENEZES,RAY ANTONIO,VICTOR GABRIEL","LOUBET,VICTOR GREGORIO E MARCO AURELIO",,,,"A DESCOBRIR,A DESCOBRIR,A DESCOBRIR,A DESCOBRIR,A DESCOBRIR,A DESCOBRIR,A DESCOBRIR",,,,0,0
Globo,MusicCueSheet_TvAberta_Outubro2023.xlsx,MusicCueSheet_TvAberta_Out23,,29/10/2023,29102023,,,SERA QUE TE PERDI,"VICTOR GREGORIO,VINICIUS","LOUBET,VICTOR GREGORIO E MARCO AURELIO",,,,"A DESCOBRIR,A DESCOBRIR",,,,0,0
Globo,MusicCueSheet_TvAberta_Outubro2023.xlsx,MusicCueSheet_TvAberta_Out23,,29/10/2023,29102023,,,PEGA A SENHA,"ALESSANDRO LOBO,CHICO VIOLA,FREDERICO,MARCO AURELIO","LOUBET,VICTOR GREGORIO E MARCO AURELIO",,,,"A DESCOBRIR,A DESCOBRIR,A DESCOBRIR,A DESCOBRIR",,,,0,0
Globo,MusicCueSheet_TvAberta_Outubro2023.xlsx,MusicCueSheet_TvAberta_Out23,,29/10/2023,29102023,,,SE QUER IR ENTAO VAI,VICTOR GREGORIO,"JOAO PAULO E DUDU,LOUBET,VICTOR GREGORIO E MARCO AURELIO",,,,A DESCOBRIR,,,,0,0
Globo,MusicCueSheet_TvAberta_Outubro2023.xlsx,MusicCueSheet_TvAberta_Out23,,29/10/2023,29102023,,,MARAVILHA DE MULHER,CARLOS DIAS,"JOAO PAULO E DUDU,VICTOR GREGORIO E MARCO AURELIO",,,,PANTTANAL,,,,0,0
Globo,MusicCueSheet_TvAberta_Outubro2023.xlsx,MusicCueSheet_TvAberta_Out23,,29/10/2023,29102023,,,PRAZER DE FAZENDEIRO,"DELINHA,DELIO","JOAO PAULO E DUDU,VICTOR GREGORIO E MARCO AURELIO",,,,"A DESCOBRIR,A DESCOBRIR",,,,0,0
Globo,MusicCueSheet_TvAberta_Outubro2023.xlsx,MusicCueSheet_TvAberta_Out23,,29/10/2023,29102023,,,O QUE ACONTECE NA ROCA FICA NA ROCA,"GABRIEL VITTOR,JOTA LENNON,RODOLFO ALESSI","LOUBET,VICTOR GREGORIO E MARCO AURELIO",,,,"EDITORA JKF,EDITORA JKF,WARNER CHAPPELL",,,,0,0
Globo,MusicCueSheet_TvAberta_Outubro2023.xlsx,MusicCueSheet_TvAberta_Out23,,29/10/2023,29102023,,,VOCE DE VOLTA,MARCO AURELIO FERREIRA,"LYANE MELLO,VICTOR GREGORIO E MARCO AURELIO",,,,REDE PURA,,,,0,0
Globo,MusicCueSheet_TvAberta_Outubro2023.xlsx,MusicCueSheet_TvAberta_Out23,,29/10/2023,7,,,FESTA,ANDERSON CUNHA,IVETE SANGALO,,,,UNIVERSAL MGB,,,,0,0
Globo,MusicCueSheet_TvAberta_Outubro2023.xlsx,MusicCueSheet_TvAberta_Out23,,29/10/2023,7,,,BELEZA RARA,ED GRANDAO,"IVETE SANGALO,FINALISTAS",,,,UNIVERSAL MGB,,,,0,0
Globo,MusicCueSheet_TvAberta_Outubro2023.xlsx,MusicCueSheet_TvAberta_Out23,,29/10/2023,7,,,PIPOCA DA IVETE,"IVETE SANGALO,SAMIR TRINDADE",IVETE SANGALO,,,,"IESSI MUSIC PUBLISHING,WARNER CHAPPELL",,,,0,0
Globo,MusicCueSheet_TvAberta_Outubro2023.xlsx,MusicCueSheet_TvAberta_Out23,,29/10/2023,7,,,PIPOCA DA IVETE,"IVETE SANGALO,SAMIR TRINDADE",IVETE SANGALO,,,,"IESSI MUSIC PUBLISHING,WARNER CHAPPELL",,,,0,0
Globo,MusicCueSheet_TvAberta_Outubro2023.xlsx,MusicCueSheet_TvAberta_Out23,,29/10/2023,7,,,GRAVETO,"EDU MOURA,MATHEUS DI PADUA,NORMANI PELEGRINI","IVETE SANGALO,PERICLES",,,,"UNIVERSAL MGB,UNIVERSAL MGB,UNIVERSAL MGB",,,,0,0
Globo,MusicCueSheet_TvAberta_Outubro2023.xlsx,MusicCueSheet_TvAberta_Out23,,29/10/2023,7,,,PIPOCA DA IVETE,"IVETE SANGALO,SAMIR TRINDADE",IVETE SANGALO,,,,"IESSI MUSIC PUBLISHING,WARNER CHAPPELL",,,,0,0
Globo,MusicCueSheet_TvAberta_Outubro2023.xlsx,MusicCueSheet_TvAberta_Out23,,29/10/2023,7,,,PIPOCA DA IVETE,"IVETE SANGALO,SAMIR TRINDADE",IVETE SANGALO,,,,"IESSI MUSIC PUBLISHING,WARNER CHAPPELL",,,,0,0
Globo,MusicCueSheet_TvAberta_Outubro2023.xlsx,MusicCueSheet_TvAberta_Out23,,29/10/2023,7,,,TA VENDO AQUELA LUA,"PEZINHO,THIAGUINHO","MARCOS OORUN,ALLEX REIS",,,,"WARNER CHAPPELL,SONY MUSIC PUBLISHING",,,,0,0
Globo,MusicCueSheet_TvAberta_Outubro2023.xlsx,MusicCueSheet_TvAberta_Out23,,29/10/2023,7,,,O MUNDO VAI,"IVETE SANGALO,NEILTON CERQUEIRA SANTOS,RADAMES VENANCIO,RAMON CRUZ,SAMIR TRINDADE,TIERRE COSTA",IVETE SANGALO,,,,"IESSI MUSIC PUBLISHING,IESSI MUSIC PUBLISHING,IESSI MUSIC PUBLISHING,IESSI MUSIC PUBLISHING,IESSI MUSIC PUBLISHING,UNIVERSAL MGB",,,,0,0
Globo,MusicCueSheet_TvAberta_Outubro2023.xlsx,MusicCueSheet_TvAberta_Out23,,29/10/2023,7,,,DEIXA A VIDA ME LEVAR,"ERI DO CAIS,SERGINHO MERITI",ALLEX REIS,,,,"UNIVERSAL MGB,UNIVERSAL MGB",,,,0,0
Globo,MusicCueSheet_TvAberta_Outubro2023.xlsx,MusicCueSheet_TvAberta_Out23,,29/10/2023,7,,,PE NA AREIA,"CAUIQUE,DIOGO LEITE,RODRIGO LEITE",MARCOS OORUN,,,,"OLE OLA,OLE OLA,OLE OLA",,,,0,0
Globo,MusicCueSheet_TvAberta_Outubro2023.xlsx,MusicCueSheet_TvAberta_Out23,,29/10/2023,7,,,DEIXA ACONTECER,"ALEX FREITAS,CARLOS CAETANO","IVETE SANGALO,PERICLES,FINALISTAS,CONVIDADOS",,,,"SONY MUSIC PUBLISHING,SONY MUSIC PUBLISHING",,,,0,0
Globo,MusicCueSheet_TvAberta_Outubro2023.xlsx,MusicCueSheet_TvAberta_Out23,,29/10/2023,7,,,DEIXA ACONTECER,"ALEX FREITAS,CARLOS CAETANO","IVETE SANGALO,PERICLES,FINALISTAS,CONVIDADOS",,,,"SONY MUSIC PUBLISHING,SONY MUSIC PUBLISHING",,,,0,0
Globo,MusicCueSheet_TvAberta_Outubro2023.xlsx,MusicCueSheet_TvAberta_Out23,,29/10/2023,29102023,,,TERRA SECA,IR SAMUEL MARIA,PADRE MARCELO ROSSI,,,,A DESCOBRIR,,,,0,0
Globo,MusicCueSheet_TvAberta_Outubro2023.xlsx,MusicCueSheet_TvAberta_Out23,,29/10/2023,29102023,,,MARIA DE NAZARE,PADRE ZEZINHO SCJ,PADRE MARCELO ROSSI,,,,COMEP - PAULINAS,,,,0,0
Globo,MusicCueSheet_TvAberta_Outubro2023.xlsx,MusicCueSheet_TvAberta_Out23,,29/10/2023,29102023,,,TUDO E DO PAI,FRED PACHECO,PADRE MARCELO ROSSI,,,,PEERMUSIC,,,,0,0
Globo,MusicCueSheet_TvAberta_Outubro2023.xlsx,MusicCueSheet_TvAberta_Out23,,29/10/2023,29102023,,,SANTO,PADRE CLEIDIMAR MOREIRA,PADRE MARCELO ROSSI,,,,A DESCOBRIR,,,,0,0
Globo,MusicCueSheet_TvAberta_Outubro2023.xlsx,MusicCueSheet_TvAberta_Out23,,29/10/2023,29102023,,,PAI NOSSO,LUIZ CHAVES,PADRE MARCELO ROSSI,,,,UNIVERSAL MGB,,,,0,0
Globo,MusicCueSheet_TvAberta_Outubro2023.xlsx,MusicCueSheet_TvAberta_Out23,,29/10/2023,29102023,,,CORDEIRO DE DEUS,"FREI FABRETI O M F,JOSE THOMAZ FILHO",PADRE MARCELO ROSSI,,,,"COMEP - PAULINAS,COMEP - PAULINAS",,,,0,0
Globo,MusicCueSheet_TvAberta_Outubro2023.xlsx,MusicCueSheet_TvAberta_Out23,,29/10/2023,29102023,,,DESERTO,ANDERSON FREIRE,PADRE MARCELO ROSSI,,,,A DESCOBRIR,,,,0,0
Globo,MusicCueSheet_TvAberta_Outubro2023.xlsx,MusicCueSheet_TvAberta_Out23,,29/10/2023,29102023,,,DESERTO,ANDERSON FREIRE,PADRE MARCELO ROSSI,,,,A DESCOBRIR,,,,0,0
Globo,MusicCueSheet_TvAberta_Outubro2023.xlsx,MusicCueSheet_TvAberta_Out23,,29/10/2023,TELEFONE SEM FIO,,,ATOLADINHA (ENTERRADINHA),"BOLA DE FOGO,MC SANDRINHO",BOLA DE FOGO,,,,"NOWA,NOWA",,,,0,0
Globo,MusicCueSheet_TvAberta_Outubro2023.xlsx,MusicCueSheet_TvAberta_Out23,,29/10/2023,TELEFONE SEM FIO,,,CARELESS WHISPER,"ANDREW RIDGELEY,GEORGE MICHAEL",GEORGE MICHAEL,,,,"WARNER CHAPPELL,WARNER CHAPPELL",,,,0,0
Globo,MusicCueSheet_TvAberta_Outubro2023.xlsx,MusicCueSheet_TvAberta_Out23,,29/10/2023,TELEFONE SEM FIO,,,GLAMOUROSA RAP DA GLAMUROSA,"MC MARCINHO,MC MARCINHO",MC MARCINHO,,,,"NOWA,SONY MUSIC PUBLISHING",,,,0,0
Globo,MusicCueSheet_TvAberta_Outubro2023.xlsx,MusicCueSheet_TvAberta_Out23,,29/10/2023,TELEFONE SEM FIO,,,HOJE EU VOU PARAR NA GAIOLA,"MC LIVINHO,PARDAL,RUAN MARCOS","DJ RENNAN DA PENHA,MC LIVINHO",,,,"SONY MUSIC PUBLISHING,GR6 MUSIC,SONY MUSIC PUBLISHING",,,,0,0
Globo,MusicCueSheet_TvAberta_Outubro2023.xlsx,MusicCueSheet_TvAberta_Out23,,29/10/2023,TELEFONE SEM FIO,,,MOVIMENTO DA SANFONINHA,"DJ PIMPA,RAFAEL CASTILHOL",ANITTA,,,,"WARNER CHAPPELL,WARNER CHAPPELL",,,,0,0
Globo,MusicCueSheet_TvAberta_Outubro2023.xlsx,MusicCueSheet_TvAberta_Out23,,29/10/2023,TELEFONE SEM FIO,,,MY WAY,"CLAUDE FRANCOIS,GILLES THIBAULT,JACQUES REVAUX,PAUL ANKA,REVAUX,REVAUX",SAMANTHA SCHMÜTZ,,,,"WARNER CHAPPELL,UNIVERSAL MGB,WARNER CHAPPELL,BECAUSE EDITIONS,A DESCOBRIR,WARNER CHAPPELL",,,,0,0
Globo,MusicCueSheet_TvAberta_Outubro2023.xlsx,MusicCueSheet_TvAberta_Out23,,29/10/2023,TELEFONE SEM FIO,,,MY WAY,"CLAUDE FRANCOIS,GILLES THIBAULT,JACQUES REVAUX,PAUL ANKA,REVAUX,REVAUX",FRANK SINATRA,,,,"WARNER CHAPPELL,UNIVERSAL MGB,WARNER CHAPPELL,BECAUSE EDITIONS,A DESCOBRIR,WARNER CHAPPELL",,,,0,0
Globo,MusicCueSheet_TvAberta_Outubro2023.xlsx,MusicCueSheet_TvAberta_Out23,,29/10/2023,TELEFONE SEM FIO,,,RUN THE WORLD  GIRLS,"ADIDJA PALMER,BEYONCE KNOWLES,BEYONCE KNOWLES,DAVE TAYLOR,NICK VAN DER WALL,TERIUS NASH,THOMAS PENTZ",BEYONCE,,,,"ROCKING GORILLAS,ROCKING GORILLAS,SONY MUSIC PUBLISHING,A DESCOBRIR,BMG,WARNER CHAPPELL,ABRAMUS",,,,0,0
Globo,MusicCueSheet_TvAberta_Outubro2023.xlsx,MusicCueSheet_TvAberta_Out23,,29/10/2023,TELEFONE SEM FIO,,,SAPEQUINHA,"ANDRE VIEIRA,ANDRE VIEIRA,LEXA,PEDRO BREDER,PEDRO BREDER,WALLACE VIANNA,WALLACE VIANNA",LEXA,,,,"UNIVERSAL MGB,WARNER CHAPPELL,SONY MUSIC PUBLISHING,UNIVERSAL MGB,WARNER CHAPPELL,UNIVERSAL MGB,WARNER CHAPPELL",,,,0,0
Globo,MusicCueSheet_TvAberta_Outubro2023.xlsx,MusicCueSheet_TvAberta_Out23,,30/10/2023,2911,,,MEU PEDACO DE PECADO,"DANIEL MENDES,JOAO GOMES",JOAO GOMES,,,,"WARNER CHAPPELL,ABRAMUS",,,,0,0
Globo,MusicCueSheet_TvAberta_Outubro2023.xlsx,MusicCueSheet_TvAberta_Out23,,30/10/2023,2911,,,DENGO,"DANIEL MENDES,DIGGO",JOÃO GOMES,,,,"WARNER CHAPPELL,WARNER CHAPPELL",,,,0,0
Globo,MusicCueSheet_TvAberta_Outubro2023.xlsx,MusicCueSheet_TvAberta_Out23,,30/10/2023,2911,,,PRA QUE FUI ME APAIXONAR,"IGUINHO MARQUES,JOÃO GOMES,LULINHA MARQUES",JOÃO GOMES,,,,"A DESCOBRIR,A DESCOBRIR,A DESCOBRIR",,,,0,0
Globo,MusicCueSheet_TvAberta_Outubro2023.xlsx,MusicCueSheet_TvAberta_Out23,,30/10/2023,5936,,,CAMA E MESA,"ERASMO CARLOS,ROBERTO CARLOS",ROBERTO CARLOS,FULL MIX,,,"SONY MUSIC PUBLISHING,SONY MUSIC PUBLISHING",SONY MUSIC,,,0,0
Globo,MusicCueSheet_TvAberta_Outubro2023.xlsx,MusicCueSheet_TvAberta_Out23,,30/10/2023,5936,,,CAMA E MESA,"ERASMO CARLOS,ROBERTO CARLOS",ROBERTO CARLOS,FULL MIX,,,"SONY MUSIC PUBLISHING,SONY MUSIC PUBLISHING",SONY MUSIC,,,0,0
Globo,MusicCueSheet_TvAberta_Outubro2023.xlsx,MusicCueSheet_TvAberta_Out23,,30/10/2023,5936,,,INTERESSANTE,"LINCOLN PEDROSA DE LIMA,RODRIGO OLIVEIRA",FERRUGEM,,,,"SONY MUSIC PUBLISHING,WARNER CHAPPELL",,,,0,0
Globo,MusicCueSheet_TvAberta_Outubro2023.xlsx,MusicCueSheet_TvAberta_Out23,,30/10/2023,5936,,,TA OK,"DENNIS DJ,KEVIN O CHRIS","DENNIS,KEVIN O CHRIS",,,,"SONY MUSIC PUBLISHING,ADDAF",,,,0,0
Globo,MusicCueSheet_TvAberta_Outubro2023.xlsx,MusicCueSheet_TvAberta_Out23,,30/10/2023,5936,,,PARABENS A VOCE,"LEA MAGALHAES,MILDRED J HILL,PATTY S HILL",BANDA CARA DE PAU,,,,"WARNER CHAPPELL,DP,DP",INDEPENDENTE,,,0,0
Globo,MusicCueSheet_TvAberta_Outubro2023.xlsx,MusicCueSheet_TvAberta_Out23,,30/10/2023,5936,,,CAMA E MESA,"ERASMO CARLOS,ROBERTO CARLOS",ROBERTO CARLOS,FULL MIX,,,"SONY MUSIC PUBLISHING,SONY MUSIC PUBLISHING",SONY MUSIC,,,0,0
Globo,MusicCueSheet_TvAberta_Outubro2023.xlsx,MusicCueSheet_TvAberta_Out23,,30/10/2023,ESPECULACAO IMOBILIARIA,,,BAILE DE FAVELA,MC JOAO,MC JOAO,,,,SONY MUSIC PUBLISHING,,,,0,0
Globo,MusicCueSheet_TvAberta_Outubro2023.xlsx,MusicCueSheet_TvAberta_Out23,,30/10/2023,ESPECULACAO IMOBILIARIA,,,BELIEVE,"BRIAN HIGGINS,PAUL BARRY,PAUL BARRY,STEVE TORCH,STEVE TORCH",CHER,,,,"WARNER CHAPPELL,PEERMUSIC,UNIVERSAL MGB,BMG,SONY MUSIC PUBLISHING",,,,0,0
Globo,MusicCueSheet_TvAberta_Outubro2023.xlsx,MusicCueSheet_TvAberta_Out23,,30/10/2023,ESPECULACAO IMOBILIARIA,,,MON DIEU,"CHARLES GASTON DUMONT,MICHEL VAUCAIRE",EDITH PIAF,,,,"PEERMUSIC,PEERMUSIC",,,,0,0
Globo,MusicCueSheet_TvAberta_Outubro2023.xlsx,MusicCueSheet_TvAberta_Out23,,30/10/2023,ESPECULACAO IMOBILIARIA,,,NUNCA,LUPICINIO RODRIGUES,ADRIANA CALCANHOTO,,,,VITALE,,,,0,0
Globo,MusicCueSheet_TvAberta_Outubro2023.xlsx,MusicCueSheet_TvAberta_Out23,,30/10/2023,ESPECULACAO IMOBILIARIA,,,O ERRO E O CONCERTO,"CARLINHOS BROWN,VEVE CALAZANS","TIMBALADA,ALCIONE",,,,"SONY MUSIC PUBLISHING,UNIVERSAL MGB",,,,0,0
Globo,MusicCueSheet_TvAberta_Outubro2023.xlsx,MusicCueSheet_TvAberta_Out23,,30/10/2023,ESPECULACAO IMOBILIARIA,,,SWEET DREAMS ARE MADE OF THIS,"ANNIE LENNOX,DAVID ALLAN STEWART",EURYTHMICS,,,,"UNIVERSAL MGB,UNIVERSAL MGB",,,,0,0
Globo,MusicCueSheet_TvAberta_Outubro2023.xlsx,MusicCueSheet_TvAberta_Out23,,30/10/2023,ESPECULACAO IMOBILIARIA,,,TAKE ON ME,"MAGS,MORTEN HARKET,PAUL WAAKTAAR",A HA,,,,"SONY MUSIC PUBLISHING,SONY MUSIC PUBLISHING,SONY MUSIC PUBLISHING",,,,0,0
Globo,MusicCueSheet_TvAberta_Outubro2023.xlsx,MusicCueSheet_TvAberta_Out23,,30/10/2023,ESPECULACAO IMOBILIARIA,,,TARA S THEME  GONE WITH THE WIND,MAX STEINER,ENOCH LIGHT & THE LIGHT BRIGADE,,,,SONY MUSIC PUBLISHING,,,,0,0
Globo,MusicCueSheet_TvAberta_Outubro2023.xlsx,MusicCueSheet_TvAberta_Out23,,30/10/2023,ESPECULACAO IMOBILIARIA,,,TEAM,"JOEL LITTLE,LORDE",LORDE,,,,"SONY MUSIC PUBLISHING,ABRAMUS",,,,0,0
Globo,MusicCueSheet_TvAberta_Outubro2023.xlsx,MusicCueSheet_TvAberta_Out23,,30/10/2023,ESPECULACAO IMOBILIARIA,,,TEARS DRY ON THEIR OWN,"AMY WINEHOUSE,NICKOLAS ASHFORD,VALERIE SIMPSON",AMY WINEHOUSE,,,,"SONY MUSIC PUBLISHING,SONY MUSIC PUBLISHING,SONY MUSIC PUBLISHING",,,,0,0
Globo,MusicCueSheet_TvAberta_Outubro2023.xlsx,MusicCueSheet_TvAberta_Out23,,31/10/2023,31102023,,,A CUCA TE PEGA,"DORI CAYMMI,GERALDO CASE",PEDRINHO DA PORTEIRA,,,,"SONY MUSIC PUBLISHING,SONY MUSIC PUBLISHING",,,,0,0
Globo,MusicCueSheet_TvAberta_Outubro2023.xlsx,MusicCueSheet_TvAberta_Out23,,31/10/2023,31102023,,,DANCA DO VAMPIRO,DURVAL LELYS,PEDRINHO DA PORTEIRA,,,,LELYS,,,,0,0
Globo,MusicCueSheet_TvAberta_Outubro2023.xlsx,MusicCueSheet_TvAberta_Out23,,31/10/2023,31102023,,,A BRUXA ESTA SOLTA,PEDRINHO DA FLOR,PEDRINHO DA PORTEIRA,,,,WARNER CHAPPELL,,,,0,0
Globo,MusicCueSheet_TvAberta_Outubro2023.xlsx,MusicCueSheet_TvAberta_Out23,,31/10/2023,31102023,,,HEY SOUL SISTER,"AMUND BJORKLUND,ESPEN LIND,PAT MONAHAN",FERRARESI,,,,"SONY MUSIC PUBLISHING,SONY MUSIC PUBLISHING,SONY MUSIC PUBLISHING",,,,0,0
Globo,MusicCueSheet_TvAberta_Outubro2023.xlsx,MusicCueSheet_TvAberta_Out23,,31/10/2023,5937,,,MISTERIOS DA MEIA NOITE,ZE RAMALHO,ZE RAMALHO,,,,SONY MUSIC PUBLISHING,SONY MUSIC,,,0,0
Globo,MusicCueSheet_TvAberta_Outubro2023.xlsx,MusicCueSheet_TvAberta_Out23,,31/10/2023,5937,,,MISTERIOS DA MEIA NOITE,ZE RAMALHO,ZE RAMALHO,,,,SONY MUSIC PUBLISHING,SONY MUSIC PUBLISHING,,,0,0
Globo,MusicCueSheet_TvAberta_Outubro2023.xlsx,MusicCueSheet_TvAberta_Out23,,31/10/2023,5937,,,MISTERIOS DA MEIA NOITE,ZE RAMALHO,ZE RAMALHO,,,,SONY MUSIC PUBLISHING,SONY MUSIC PUBLISHING,,,0,0
Globo,MusicCueSheet_TvAberta_Outubro2023.xlsx,MusicCueSheet_TvAberta_Out23,,31/10/2023,5937,,,PARABENS A VOCE,"LEA MAGALHAES,MILDRED J HILL,PATTY S HILL",BANDA CARA DE PAU,,,,"WARNER CHAPPELL,DP,DP",INDEPENDENTE,,,0,0
Globo,MusicCueSheet_TvAberta_Outubro2023.xlsx,MusicCueSheet_TvAberta_Out23,,31/10/2023,5937,,,PARABENS A VOCE,"LEA MAGALHAES,MILDRED J HILL,PATTY S HILL",BANDA CARA DE PAU,,,,"WARNER CHAPPELL,DP,DP",INDEPENDENTE,,,0,0
Globo,MusicCueSheet_TvAberta_Outubro2023.xlsx,MusicCueSheet_TvAberta_Out23,,31/10/2023,5937,,,MISTERIOS DA MEIA NOITE,ZE RAMALHO,ZE RAMALHO,,,,SONY MUSIC PUBLISHING,SONY MUSIC PUBLISHING,,,0,0
Globo,MusicCueSheet_TvAberta_Outubro2023.xlsx,MusicCueSheet_TvAberta_Out23,,31/10/2023,SEXO FORTE,,,DESCIDINHA,"FAGNER,FILIPE ESCANDURRAS",BABADO NOVO,,,,"3 SONS,3 SONS",,,,0,0
Globo,MusicCueSheet_TvAberta_Outubro2023.xlsx,MusicCueSheet_TvAberta_Out23,,31/10/2023,SEXO FORTE,,,DRUNK IN LOVE,"ANDRE PROCTOR,BEYONCE KNOWLES,BRIAN SOKO NOEL FISHER,JEROME HARMON,NOEL FISHER,RASOOL DIAZ,SHAWN CARTER,TIMOTHY MOSLEY",BEYONCE,,,,"WARNER CHAPPELL,SONY MUSIC PUBLISHING,WARNER CHAPPELL,WARNER CHAPPELL,SONY MUSIC PUBLISHING,WARNER CHAPPELL,SONY MUSIC PUBLISHING,PEERMUSIC",,,,0,0
Globo,MusicCueSheet_TvAberta_Outubro2023.xlsx,MusicCueSheet_TvAberta_Out23,,31/10/2023,SEXO FORTE,,,THE GAME OF LOVE,"GREGG ALEXANDER,RICK NOWELS,RICK NOWELS","MICHELLE BRANCH,SANTANA",,,,"BMG,ABRAMUS,WARNER CHAPPELL",,,,0,0
Globo,MusicCueSheet_TvAberta_Outubro2023.xlsx,MusicCueSheet_TvAberta_Out23,,31/10/2023,SEXO FORTE,,,GIRLS JUST WANT TO HAVE FUN,ROBERT HAZARD,CYNDI LAUPER,,,,SONY MUSIC PUBLISHING,,,,0,0
Globo,MusicCueSheet_TvAberta_Outubro2023.xlsx,MusicCueSheet_TvAberta_Out23,,31/10/2023,SEXO FORTE,,,LOVE IS ALL THERE IS,"ELIZONDO MIKE,ELIZONDO MIKE,JEFF TROTT,JEFF TROTT,SHERYL CROW",SHERYL CROW,,,,"ROCKING GORILLAS,UNIVERSAL MGB,PEERMUSIC,WARNER CHAPPELL,BMG",,,,0,0
Globo,MusicCueSheet_TvAberta_Outubro2023.xlsx,MusicCueSheet_TvAberta_Out23,,31/10/2023,SEXO FORTE,,,NAO ENCHE,CAETANO VELOSO,CAETANO VELOSO,,,,WARNER CHAPPELL,,,,0,0
Globo,MusicCueSheet_TvAberta_Outubro2023.xlsx,MusicCueSheet_TvAberta_Out23,,31/10/2023,SEXO FORTE,,,ONCE UPON A DREAM,"JACK LAWRENCE,SAMMY FAIN",LANA DEL REY,,,,"UNIVERSAL MGB,UNIVERSAL MGB",,,,0,0
Globo,MusicCueSheet_TvAberta_Outubro2023.xlsx,MusicCueSheet_TvAberta_Out23,,31/10/2023,SEXO FORTE,,,QUANDO UM HOMEM TEM UMA MANGUEIRA NO QUINTAL,VANESSA DA MATA,VANESSA DA MATA,,,,UNIVERSAL MGB,,,,0,0
Globo,MusicCueSheet_TvAberta_Outubro2023.xlsx,MusicCueSheet_TvAberta_Out23,,31/10/2023,SEXO FORTE,,,RHYTHM IS A DANCER,"BENITO BENITES,DURRON BUTLER,JOHN VIRGO GARRETT III",SNAP,,,,"WARNER CHAPPELL,UNIVERSAL MGB,WARNER CHAPPELL",,,,0,0
Globo,MusicCueSheet_TvAberta_Outubro2023.xlsx,MusicCueSheet_TvAberta_Out23,,31/10/2023,SEXO FORTE,,,SOLAMENTE UNA VEZ,AGUSTIN LARA,LOS PANCHOS,,,,VITALE,,,,0,0
Globo,MusicCueSheet_TvAberta_Outubro2023.xlsx,MusicCueSheet_TvAberta_Out23,,31/10/2023,SEXO FORTE,,,THE WAY I LIVE,"CENNETT,HATCH,HATCH,MATHEWS",BABY BOY DA PRINCE,,,,"A DESCOBRIR,A DESCOBRIR,WARNER CHAPPELL,A DESCOBRIR",,,,0,0
